Application,ProcessID,SwapChainAddress,PresentRuntime,SyncInterval,PresentFlags,AllowsTearing,PresentMode,TimeInMs,MsBetweenSimulationStart,MsBetweenPresents,MsBetweenDisplayChange,MsInPresentAPI,MsRenderPresentLatency,MsUntilDisplayed,CPUStartTimeInMs,MsBetweenAppStart,MsCPUBusy,MsCPUWait,MsGPULatency,MsGPUTime,MsGPUBusy,MsGPUWait,MsAnimationError,AnimationTime,MsFlipDelay
parkey.exe,40372,0x21C0676C560,DXGI,0,0,0,Composed: Flip,8040.7642,NA,16.51450000000000,16.68870000000000,0.24760000000000,8.72320000000000,25.9077,8024.4138,16.5980,16.3504,0.2476,16.0901,8.9835,8.9626,0.0209,0.6536,8024.4138,NA
parkey.exe,40372,0x21C0676C560,DXGI,0,0,0,Composed: Flip,8057.0966,NA,16.33240000000000,16.66990000000000,0.14260000000000,6.39720000000000,26.2452,8041.0118,16.2274,16.0848,0.1426,15.9303,6.5517,6.5314,0.0203,-0.0719,8041.0118,NA
parkey.exe,40372,0x21C0676C560,DXGI,0,0,0,Composed: Flip,8074.6466,NA,17.55000000000000,16.68590000000000,0.14550000000000,7.73330000000000,25.3811,8057.2392,17.5529,17.4074,0.1455,17.2417,7.8990,7.8747,0.0243,-0.4585,8057.2392,NA
parkey.exe,40372,0x21C0676C560,DXGI,0,0,0,Composed: Flip,8091.6192,NA,16.97260000000000,16.66840000000000,0.15280000000000,6.33640000000000,25.0769,8074.7921,16.9799,16.8271,0.1528,16.5851,6.5784,6.5564,0.0220,0.8845,8074.7921,NA
parkey.exe,40372,0x21C0676C560,DXGI,0,0,0,Composed: Flip,8107.6363,NA,16.01710000000000,16.69080000000000,0.22700000000000,7.80360000000000,25.7506,8091.7720,16.0913,15.8643,0.2270,15.6379,8.0300,8.0060,0.0240,0.2891,8091.7720,NA
parkey.exe,40372,0x21C0676C560,DXGI,0,0,0,Composed: Flip,8124.2276,NA,16.59130000000000,16.69170000000000,0.14220000000000,7.16140000000000,25.8510,8107.8633,16.5065,16.3643,0.1422,16.2123,7.3134,7.2909,0.0225,-0.6004,8107.8633,NA
parkey.exe,40372,0x21C0676C560,DXGI,0,0,0,Composed: Flip,8141.1018,NA,16.87420000000000,16.66480000000000,0.14800000000000,6.42560000000000,25.6416,8124.3698,16.8800,16.7320,0.1480,16.5765,6.5811,6.5581,0.0230,-0.1583,8124.3698,NA
parkey.exe,40372,0x21C0676C560,DXGI,0,0,0,Composed: Flip,8157.0342,NA,15.93240000000000,16.67930000000000,0.25710000000000,7.78420000000000,26.3885,8141.2498,16.0415,15.7844,0.2571,15.6018,7.9668,7.8480,0.1188,0.2007,8141.2498,NA
parkey.exe,40372,0x21C0676C560,DXGI,0,0,0,Composed: Flip,8173.4499,NA,16.41570000000000,16.67910000000000,0.12020000000000,6.35320000000000,26.6519,8157.2913,16.2788,16.1586,0.1202,16.0359,6.4759,6.4555,0.0204,-0.6376,8157.2913,NA
parkey.exe,40372,0x21C0676C560,DXGI,0,0,0,Composed: Flip,8190.5171,NA,17.06720000000000,16.67250000000000,0.14580000000000,7.86140000000000,26.2572,8173.5701,17.0928,16.9470,0.1458,16.7784,8.0300,8.0011,0.0289,-0.3937,8173.5701,NA
parkey.exe,40372,0x21C0676C560,DXGI,0,0,0,Composed: Flip,8207.3365,NA,16.81940000000000,16.69460000000000,0.13990000000000,8.92010000000000,26.1324,8190.6629,16.8135,16.6736,0.1399,16.5093,9.0844,9.0572,0.0272,0.3982,8190.6629,NA
parkey.exe,40372,0x21C0676C560,DXGI,0,0,0,Composed: Flip,8224.1431,NA,16.80660000000000,16.66950000000000,0.28040000000000,6.36070000000000,25.9953,8207.4764,16.9471,16.6667,0.2804,16.4526,6.5748,6.5456,0.0292,0.1440,8207.4764,NA
parkey.exe,40372,0x21C0676C560,DXGI,0,0,0,Composed: Flip,8240.2746,NA,16.13150000000000,16.68460000000000,0.14860000000000,7.71940000000000,26.5484,8224.4235,15.9997,15.8511,0.1486,15.7003,7.8702,7.8487,0.0215,0.2625,8224.4235,NA
parkey.exe,40372,0x21C0676C560,DXGI,0,0,0,Composed: Flip,8257.1273,NA,16.85270000000000,16.68360000000000,0.14790000000000,6.34000000000000,26.3793,8240.4232,16.8520,16.7041,0.1479,16.5545,6.4896,6.4604,0.0292,-0.6839,8240.4232,NA
parkey.exe,40372,0x21C0676C560,DXGI,0,0,0,Composed: Flip,8274.3680,NA,17.24070000000000,16.67760000000000,0.14830000000000,7.90930000000000,25.8162,8257.2752,17.2411,17.0928,0.1483,16.9561,8.0460,8.0197,0.0263,0.1744,8257.2752,NA
parkey.exe,40372,0x21C0676C560,DXGI,0,0,0,Composed: Flip,8290.4509,NA,16.08290000000000,16.68580000000000,0.14840000000000,8.87200000000000,26.4191,8274.5163,16.0830,15.9346,0.1484,15.8110,8.9956,8.9769,0.0187,0.5553,8274.5163,NA
parkey.exe,40372,0x21C0676C560,DXGI,0,0,0,Composed: Flip,8306.9556,NA,16.50470000000000,16.67750000000000,0.16630000000000,6.38500000000000,26.5919,8290.5993,16.5226,16.3563,0.1663,16.1527,6.5886,6.5675,0.0211,-0.5945,8290.5993,NA
parkey.exe,40372,0x21C0676C560,DXGI,0,0,0,Composed: Flip,8323.9737,NA,17.01810000000000,16.68930000000000,0.13180000000000,6.46740000000000,26.2631,8307.1219,16.9836,16.8518,0.1318,16.7263,6.5929,6.5681,0.0248,-0.1667,8307.1219,NA
parkey.exe,40372,0x21C0676C560,DXGI,0,0,0,Composed: Flip,8340.9615,NA,16.98780000000000,16.66400000000000,0.26150000000000,6.30970000000000,25.9393,8324.1055,17.1175,16.8560,0.2615,16.5878,6.5779,6.5555,0.0224,0.3196,8324.1055,NA
parkey.exe,40372,0x21C0676C560,DXGI,0,0,0,Composed: Flip,8356.8199,NA,15.85840000000000,16.67770000000000,0.14100000000000,7.81470000000000,26.7586,8341.2230,15.7379,15.5969,0.1410,15.4637,7.9479,7.9295,0.0184,0.4398,8341.2230,NA
parkey.exe,40372,0x21C0676C560,DXGI,0,0,0,Composed: Flip,8373.3918,NA,16.57190000000000,16.69630000000000,0.13670000000000,9.04770000000000,26.8830,8356.9609,16.5676,16.4309,0.1367,16.2991,9.1795,9.1639,0.0156,-0.9584,8356.9609,NA
parkey.exe,40372,0x21C0676C560,DXGI,0,0,0,Composed: Flip,8390.2207,NA,16.82890000000000,16.66990000000000,0.15880000000000,6.41750000000000,26.7240,8373.5285,16.8510,16.6922,0.1588,16.5392,6.5705,6.5477,0.0228,-0.1023,8373.5285,NA
parkey.exe,40372,0x21C0676C560,DXGI,0,0,0,Composed: Flip,8407.3274,NA,17.10670000000000,16.67930000000000,0.27470000000000,7.66010000000000,26.2966,8390.3795,17.2226,16.9479,0.2747,16.6776,7.9304,7.9084,0.0220,0.1717,8390.3795,NA
parkey.exe,40372,0x21C0676C560,DXGI,0,0,0,Composed: Flip,8423.5649,NA,16.23750000000000,16.67650000000000,0.13790000000000,6.53340000000000,26.7356,8407.6021,16.1007,15.9628,0.1379,15.8211,6.6751,6.6460,0.0291,0.5461,8407.6021,NA
parkey.exe,40372,0x21C0676C560,DXGI,0,0,0,Composed: Flip,8441.3814,NA,17.81650000000000,16.69420000000000,0.14360000000000,7.82390000000000,25.6133,8423.7028,17.8222,17.6786,0.1436,17.5132,7.9893,7.9669,0.0224,-0.5935,8423.7028,NA
parkey.exe,40372,0x21C0676C560,DXGI,0,0,0,Composed: Flip,8456.7373,NA,15.35590000000000,16.67210000000000,0.13790000000000,9.03340000000000,26.9295,8441.5250,15.3502,15.2123,0.1379,15.0729,9.1728,9.1525,0.0203,1.1501,8441.5250,NA
parkey.exe,40372,0x21C0676C560,DXGI,0,0,0,Composed: Flip,8473.5282,NA,16.79090000000000,16.68080000000000,0.14470000000000,6.44790000000000,26.8194,8456.8752,16.7977,16.6530,0.1447,16.5194,6.5815,6.5631,0.0184,-1.3306,8456.8752,NA
parkey.exe,40372,0x21C0676C560,DXGI,0,0,0,Composed: Flip,8490.2469,NA,16.71870000000000,16.68090000000000,0.12530000000000,7.79130000000000,26.7816,8473.6729,16.6993,16.5740,0.1253,16.4479,7.9174,7.8958,0.0216,0.1168,8473.6729,NA
parkey.exe,40372,0x21C0676C560,DXGI,0,0,0,Composed: Flip,8506.8149,NA,16.56800000000000,16.67500000000000,0.12640000000000,6.36180000000000,26.8886,8490.3722,16.5691,16.4427,0.1264,16.3127,6.4918,6.4662,0.0256,0.0243,8490.3722,NA
parkey.exe,40372,0x21C0676C560,DXGI,0,0,0,Composed: Flip,8523.6754,NA,16.86050000000000,16.67640000000000,0.15280000000000,6.42870000000000,26.7045,8506.9413,16.8869,16.7341,0.1528,16.5906,6.5722,6.5473,0.0249,-0.1073,8506.9413,NA
parkey.exe,40372,0x21C0676C560,DXGI,0,0,0,Composed: Flip,8540.0702,NA,16.39480000000000,16.68260000000000,0.14010000000000,9.08870000000000,26.9923,8523.8282,16.3821,16.2420,0.1401,16.1078,9.2229,9.2034,0.0195,0.2043,8523.8282,NA
parkey.exe,40372,0x21C0676C560,DXGI,0,0,0,Composed: Flip,8556.7961,NA,16.72590000000000,16.69050000000000,0.13640000000000,6.43610000000000,26.9569,8540.2103,16.7222,16.5858,0.1364,16.4500,6.5719,6.5505,0.0214,-0.3084,8540.2103,NA
parkey.exe,40372,0x21C0676C560,DXGI,0,0,0,Composed: Flip,8573.4516,NA,16.65550000000000,16.67560000000000,0.12050000000000,7.77100000000000,26.9770,8556.9325,16.6396,16.5191,0.1205,16.3915,7.8986,7.8773,0.0213,0.0466,8556.9325,NA
parkey.exe,40372,0x21C0676C560,DXGI,0,0,0,Composed: Flip,8590.8294,NA,17.37780000000000,16.68510000000000,0.15290000000000,6.40660000000000,26.2843,8573.5721,17.4102,17.2573,0.1529,17.1109,6.5530,6.5292,0.0238,-0.0455,8573.5721,NA
parkey.exe,40372,0x21C0676C560,DXGI,0,0,0,Composed: Flip,8606.9031,NA,16.07370000000000,16.67740000000000,0.13060000000000,7.90920000000000,26.8880,8590.9823,16.0514,15.9208,0.1306,15.7947,8.0353,8.0118,0.0235,0.7328,8590.9823,NA
parkey.exe,40372,0x21C0676C560,DXGI,0,0,0,Composed: Flip,8623.5129,NA,16.60980000000000,16.67530000000000,0.13830000000000,8.16070000000000,26.9535,8607.0337,16.6175,16.4792,0.1383,16.4731,8.1668,8.1473,0.0195,-0.6239,8607.0337,NA
parkey.exe,40372,0x21C0676C560,DXGI,0,0,0,Composed: Flip,8640.8425,NA,17.32960000000000,16.71800000000000,0.12810000000000,6.44750000000000,26.3419,8623.6512,17.3194,17.1913,0.1281,17.0533,6.5855,6.5641,0.0214,-0.1005,8623.6512,NA
parkey.exe,40372,0x21C0676C560,DXGI,0,0,0,Composed: Flip,8656.9695,NA,16.12700000000000,16.65220000000000,0.26450000000000,7.72020000000000,26.8671,8640.9706,16.2634,15.9989,0.2645,15.7441,7.9750,7.9534,0.0216,0.6672,8640.9706,NA
parkey.exe,40372,0x21C0676C560,DXGI,0,0,0,Composed: Flip,8673.6411,NA,16.67160000000000,16.66630000000000,0.13500000000000,6.32290000000000,26.8618,8657.2340,16.5421,16.4071,0.1350,16.2568,6.4732,6.4427,0.0305,-0.4029,8657.2340,NA
parkey.exe,40372,0x21C0676C560,DXGI,0,0,0,Composed: Flip,8690.1830,NA,16.54190000000000,16.68330000000000,0.14000000000000,7.82330000000000,27.0032,8673.7761,16.5469,16.4069,0.1400,16.2639,7.9663,7.9376,0.0287,-0.1412,8673.7761,NA
parkey.exe,40372,0x21C0676C560,DXGI,0,0,0,Composed: Flip,8706.9408,NA,16.75780000000000,16.69090000000000,0.13630000000000,9.01010000000000,26.9363,8690.3230,16.7541,16.6178,0.1363,16.4550,9.1729,9.1516,0.0213,-0.1440,8690.3230,NA
parkey.exe,40372,0x21C0676C560,DXGI,0,0,0,Composed: Flip,8724.9595,NA,18.01870000000000,16.67610000000000,0.15790000000000,6.39970000000000,25.5937,8707.0771,18.0403,17.8824,0.1579,17.7218,6.5603,6.5419,0.0184,0.0780,8707.0771,NA
parkey.exe,40372,0x21C0676C560,DXGI,0,0,0,Composed: Flip,8740.3829,NA,15.42340000000000,16.67610000000000,0.24090000000000,8.24660000000000,26.8464,8725.1174,15.5064,15.2655,0.2409,14.9973,8.5148,8.4896,0.0252,1.3642,8725.1174,NA
parkey.exe,40372,0x21C0676C560,DXGI,0,0,0,Composed: Flip,8757.2290,NA,16.84610000000000,16.69330000000000,0.15250000000000,9.14330000000000,26.6936,8740.6238,16.7577,16.6052,0.1525,16.4329,9.3156,9.2987,0.0169,-1.1869,8740.6238,NA
parkey.exe,40372,0x21C0676C560,DXGI,0,0,0,Composed: Flip,8773.7304,NA,16.50140000000000,16.69090000000000,0.16230000000000,7.87430000000000,26.8831,8757.3815,16.5112,16.3489,0.1623,16.1954,8.0278,8.0081,0.0197,0.0668,8757.3815,NA
parkey.exe,40372,0x21C0676C560,DXGI,0,0,0,Composed: Flip,8790.2178,NA,16.48740000000000,16.67110000000000,0.15050000000000,9.14970000000000,27.0668,8773.8927,16.4756,16.3251,0.1505,16.1748,9.3000,9.2696,0.0304,-0.1599,8773.8927,NA
parkey.exe,40372,0x21C0676C560,DXGI,0,0,0,Composed: Flip,8807.2391,NA,17.02130000000000,16.67460000000000,0.16130000000000,6.45030000000000,26.7201,8790.3683,17.0321,16.8708,0.1613,16.7111,6.6100,6.5843,0.0257,-0.1990,8790.3683,NA
parkey.exe,40372,0x21C0676C560,DXGI,0,0,0,Composed: Flip,8824.1988,NA,16.95970000000000,16.68230000000000,0.29410000000000,6.43170000000000,26.4427,8807.4004,17.0925,16.7984,0.2941,16.6243,6.6058,6.5669,0.0389,0.3498,8807.4004,NA
parkey.exe,40372,0x21C0676C560,DXGI,0,0,0,Composed: Flip,8841.5590,NA,17.36020000000000,16.67750000000000,0.16680000000000,6.31360000000000,25.7600,8824.4929,17.2329,17.0661,0.1668,16.8974,6.4823,6.4500,0.0323,0.4150,8824.4929,NA
parkey.exe,40372,0x21C0676C560,DXGI,0,0,0,Composed: Flip,8858.0133,NA,16.45430000000000,16.67830000000000,0.28110000000000,7.74680000000000,25.9840,8841.7258,16.5686,16.2875,0.2811,15.9850,8.0493,8.0275,0.0218,0.5546,8841.7258,NA
parkey.exe,40372,0x21C0676C560,DXGI,0,0,0,Composed: Flip,8873.9024,NA,15.88910000000000,16.77950000000000,0.16630000000000,9.03570000000000,26.8744,8858.2944,15.7743,15.6080,0.1663,15.4326,9.2111,9.1913,0.0198,-0.2109,8858.2944,NA
parkey.exe,40372,0x21C0676C560,DXGI,0,0,0,Composed: Flip,8890.7053,NA,16.80290000000000,16.59120000000000,0.15890000000000,7.73550000000000,26.6627,8874.0687,16.7955,16.6366,0.1589,16.4637,7.9084,7.8877,0.0207,-0.8169,8874.0687,NA
parkey.exe,40372,0x21C0676C560,DXGI,0,0,0,Composed: Flip,8907.0914,NA,16.38610000000000,16.68200000000000,0.18210000000000,8.70010000000000,26.9586,8890.8642,16.4093,16.2272,0.1821,16.0588,8.8685,8.8429,0.0256,0.1135,8890.8642,NA
parkey.exe,40372,0x21C0676C560,DXGI,0,0,0,Composed: Flip,8924.4003,NA,17.30890000000000,16.67620000000000,0.16440000000000,6.38650000000000,26.3259,8907.2735,17.2912,17.1268,0.1644,16.9347,6.5786,6.5544,0.0242,-0.2669,8907.2735,NA
parkey.exe,40372,0x21C0676C560,DXGI,0,0,0,Composed: Flip,8942.1322,NA,17.73190000000000,16.66480000000000,0.37660000000000,7.74320000000000,25.2588,8924.5647,17.9441,17.5675,0.3766,17.2505,8.0602,7.9685,0.0917,0.6264,8924.5647,NA
parkey.exe,40372,0x21C0676C560,DXGI,0,0,0,Composed: Flip,8957.1630,NA,15.03080000000000,16.73980000000000,0.16160000000000,8.99150000000000,26.9678,8942.5088,14.8158,14.6542,0.1616,14.4479,9.1978,9.1759,0.0219,1.2043,8942.5088,NA
parkey.exe,40372,0x21C0676C560,DXGI,0,0,0,Composed: Flip,8973.6997,NA,16.53670000000000,16.62380000000000,0.16200000000000,7.62320000000000,27.0549,8957.3246,16.5371,16.3751,0.1620,16.2177,7.7806,7.7611,0.0195,-1.8080,8957.3246,NA
parkey.exe,40372,0x21C0676C560,DXGI,0,0,0,Composed: Flip,8990.4931,NA,16.79340000000000,16.68960000000000,0.14810000000000,7.66640000000000,26.9511,8973.8617,16.7795,16.6314,0.1481,16.4683,7.8295,7.8073,0.0222,-0.1525,8973.8617,NA
parkey.exe,40372,0x21C0676C560,DXGI,0,0,0,Composed: Flip,9007.2068,NA,16.71370000000000,16.68020000000000,0.14320000000000,6.32160000000000,26.9176,8990.6412,16.7088,16.5656,0.1432,16.4079,6.4793,6.4613,0.0180,0.0993,8990.6412,NA
parkey.exe,40372,0x21C0676C560,DXGI,0,0,0,Composed: Flip,9023.6048,NA,16.39800000000000,16.66540000000000,0.15870000000000,6.43360000000000,27.1850,9007.3500,16.4135,16.2548,0.1587,16.1121,6.5763,6.5542,0.0221,0.0434,9007.3500,NA
parkey.exe,40372,0x21C0676C560,DXGI,0,0,0,Composed: Flip,9040.1051,NA,16.50030000000000,16.58730000000000,0.14140000000000,9.05850000000000,27.2720,9023.7635,16.4830,16.3416,0.1414,16.1970,9.2031,9.1836,0.0195,-0.1738,9023.7635,NA
parkey.exe,40372,0x21C0676C560,DXGI,0,0,0,Composed: Flip,9057.0112,NA,16.90610000000000,16.79770000000000,0.15480000000000,6.42630000000000,27.1636,9040.2465,16.9195,16.7647,0.1548,16.5996,6.5914,6.5714,0.0200,-0.3147,9040.2465,NA
parkey.exe,40372,0x21C0676C560,DXGI,0,0,0,Composed: Flip,9073.7525,NA,16.74130000000000,16.66200000000000,0.14850000000000,7.70940000000000,27.0843,9057.1660,16.7350,16.5865,0.1485,16.4256,7.8703,7.8441,0.0262,0.2575,9057.1660,NA
parkey.exe,40372,0x21C0676C560,DXGI,0,0,0,Composed: Flip,9090.6771,NA,16.92460000000000,16.68040000000000,0.28730000000000,6.15820000000000,26.8401,9073.9010,17.0634,16.7761,0.2873,16.4728,6.4615,6.4416,0.0199,0.0546,9073.9010,NA
parkey.exe,40372,0x21C0676C560,DXGI,0,0,0,Composed: Flip,9106.9232,NA,16.24610000000000,16.69140000000000,0.14910000000000,7.89070000000000,27.2854,9090.9644,16.1079,15.9588,0.1491,15.8056,8.0439,8.0262,0.0177,0.3720,9090.9644,NA
parkey.exe,40372,0x21C0676C560,DXGI,0,0,0,Composed: Flip,9123.5555,NA,16.63230000000000,16.66920000000000,0.17310000000000,8.18640000000000,27.3223,9107.0723,16.6563,16.4832,0.1731,16.3396,8.3300,8.3107,0.0193,-0.5613,9107.0723,NA
parkey.exe,40372,0x21C0676C560,DXGI,0,0,0,Composed: Flip,9140.5282,NA,16.97270000000000,16.68210000000000,0.14010000000000,7.61840000000000,27.0317,9123.7286,16.9397,16.7996,0.1401,16.6408,7.7772,7.7594,0.0178,-0.0258,9123.7286,NA
parkey.exe,40372,0x21C0676C560,DXGI,0,0,0,Composed: Flip,9157.4830,NA,16.95480000000000,16.67930000000000,0.15070000000000,7.75110000000000,26.7562,9140.6683,16.9654,16.8147,0.1507,16.6646,7.9012,7.8815,0.0197,0.2604,9140.6683,NA
parkey.exe,40372,0x21C0676C560,DXGI,0,0,0,Composed: Flip,9173.8523,NA,16.36930000000000,16.68900000000000,0.13810000000000,6.64110000000000,27.0759,9157.6337,16.3567,16.2186,0.1381,16.0763,6.7834,6.7635,0.0199,0.2764,9157.6337,NA
parkey.exe,40372,0x21C0676C560,DXGI,0,0,0,Composed: Flip,9190.9515,NA,17.09920000000000,16.66650000000000,0.24380000000000,7.64900000000000,26.6432,9173.9904,17.2049,16.9611,0.2438,16.6432,7.9669,7.9466,0.0203,-0.3098,9173.9904,NA
parkey.exe,40372,0x21C0676C560,DXGI,0,0,0,Composed: Flip,9206.8738,NA,15.92230000000000,16.67790000000000,0.15310000000000,9.06800000000000,27.3988,9191.1953,15.8316,15.6785,0.1531,15.5208,9.2257,9.2046,0.0211,0.5270,9191.1953,NA
parkey.exe,40372,0x21C0676C560,DXGI,0,0,0,Composed: Flip,9223.6565,NA,16.78270000000000,16.69100000000000,0.15890000000000,6.46290000000000,27.3071,9207.0269,16.7885,16.6296,0.1589,16.4936,6.5989,6.5750,0.0239,-0.8594,9207.0269,NA
parkey.exe,40372,0x21C0676C560,DXGI,0,0,0,Composed: Flip,9240.9898,NA,17.33330000000000,16.66850000000000,0.14950000000000,7.64560000000000,26.6423,9223.8154,17.3239,17.1744,0.1495,16.9612,7.8588,7.8364,0.0224,0.1200,9223.8154,NA
parkey.exe,40372,0x21C0676C560,DXGI,0,0,0,Composed: Flip,9256.8865,NA,15.89670000000000,16.67850000000000,0.14680000000000,6.31230000000000,27.4241,9241.1393,15.8940,15.7472,0.1468,15.6042,6.4553,6.4359,0.0194,0.6454,9241.1393,NA
parkey.exe,40372,0x21C0676C560,DXGI,0,0,0,Composed: Flip,9273.7112,NA,16.82470000000000,16.68420000000000,0.18150000000000,7.87190000000000,27.2836,9257.0333,16.8594,16.6779,0.1815,16.5173,8.0325,8.0067,0.0258,-0.7902,9257.0333,NA
parkey.exe,40372,0x21C0676C560,DXGI,0,0,0,Composed: Flip,9290.5002,NA,16.78900000000000,16.43350000000000,0.45110000000000,8.85340000000000,26.9281,9273.8927,17.0586,16.6075,0.4511,16.2461,9.2148,9.1934,0.0214,0.4259,9273.8927,NA
parkey.exe,40372,0x21C0676C560,DXGI,0,0,0,Composed: Flip,9307.2784,NA,16.77820000000000,16.93160000000000,0.25030000000000,6.35390000000000,27.0815,9290.9513,16.5774,16.3271,0.2503,16.0725,6.6085,6.5875,0.0210,0.1270,9290.9513,NA
parkey.exe,40372,0x21C0676C560,DXGI,0,0,0,Composed: Flip,9323.4714,NA,16.19300000000000,16.68180000000000,0.19020000000000,6.41510000000000,27.5703,9307.5287,16.1329,15.9427,0.1902,15.7994,6.5584,6.5404,0.0180,-0.1044,9307.5287,NA
parkey.exe,40372,0x21C0676C560,DXGI,0,0,0,Composed: Flip,9340.4461,NA,16.97470000000000,16.68520000000000,0.15860000000000,6.32470000000000,27.2808,9323.6616,16.9431,16.7845,0.1586,16.6244,6.4848,6.4649,0.0199,-0.5523,9323.6616,NA
parkey.exe,40372,0x21C0676C560,DXGI,0,0,0,Composed: Flip,9357.4685,NA,17.02240000000000,16.69230000000000,0.15610000000000,7.87980000000000,26.9507,9340.6047,17.0199,16.8638,0.1561,16.7120,8.0316,8.0092,0.0224,0.2508,9340.6047,NA
parkey.exe,40372,0x21C0676C560,DXGI,0,0,0,Composed: Flip,9373.7139,NA,16.24540000000000,16.66820000000000,0.29810000000000,8.94210000000000,27.3735,9357.6246,16.3874,16.0893,0.2981,15.8471,9.1843,9.1650,0.0193,0.3517,9357.6246,NA
parkey.exe,40372,0x21C0676C560,DXGI,0,0,0,Composed: Flip,9390.3923,NA,16.67840000000000,16.66630000000000,0.15010000000000,7.63010000000000,27.3614,9374.0120,16.5304,16.3803,0.1501,16.2214,7.7890,7.7656,0.0234,-0.2789,9374.0120,NA
parkey.exe,40372,0x21C0676C560,DXGI,0,0,0,Composed: Flip,9408.2972,NA,17.90490000000000,16.70090000000000,0.21460000000000,7.57780000000000,26.1574,9390.5424,17.9694,17.7548,0.2146,17.4858,7.8468,7.8255,0.0213,-0.1705,9390.5424,NA
parkey.exe,40372,0x21C0676C560,DXGI,0,0,0,Composed: Flip,9423.6160,NA,15.31880000000000,16.66970000000000,0.15060000000000,6.42030000000000,27.5083,9408.5118,15.2548,15.1042,0.1506,14.9550,6.5695,6.5422,0.0273,1.2997,9408.5118,NA
parkey.exe,40372,0x21C0676C560,DXGI,0,0,0,Composed: Flip,9440.1915,NA,16.57550000000000,16.68800000000000,0.15490000000000,7.76970000000000,27.6208,9423.7666,16.5798,16.4249,0.1549,16.2739,7.9207,7.9027,0.0180,-1.4332,9423.7666,NA
parkey.exe,40372,0x21C0676C560,DXGI,0,0,0,Composed: Flip,9456.8926,NA,16.70110000000000,16.66990000000000,0.15580000000000,9.01110000000000,27.5896,9440.3464,16.7020,16.5462,0.1558,16.3835,9.1738,9.1462,0.0276,-0.0901,9440.3464,NA
parkey.exe,40372,0x21C0676C560,DXGI,0,0,0,Composed: Flip,9473.4992,NA,16.60660000000000,16.69010000000000,0.15140000000000,7.66230000000000,27.6731,9457.0484,16.6022,16.4508,0.1514,16.2912,7.8219,7.8024,0.0195,0.0119,9457.0484,NA
parkey.exe,40372,0x21C0676C560,DXGI,0,0,0,Composed: Flip,9490.3798,NA,16.88060000000000,16.66730000000000,0.14810000000000,7.73710000000000,27.4598,9473.6506,16.8773,16.7292,0.1481,16.5751,7.8912,7.8704,0.0208,-0.0651,9473.6506,NA
parkey.exe,40372,0x21C0676C560,DXGI,0,0,0,Composed: Flip,9506.9202,NA,16.54040000000000,16.67870000000000,0.13860000000000,7.19950000000000,27.5981,9490.5279,16.5309,16.3923,0.1386,16.2421,7.3497,7.3350,0.0147,0.1986,9490.5279,NA
parkey.exe,40372,0x21C0676C560,DXGI,0,0,0,Composed: Flip,9524.1247,NA,17.20450000000000,16.69500000000000,0.17410000000000,6.43160000000000,27.0886,9507.0588,17.2400,17.0659,0.1741,16.9126,6.5849,6.5635,0.0214,-0.1641,9507.0588,NA
parkey.exe,40372,0x21C0676C560,DXGI,0,0,0,Composed: Flip,9541.0065,NA,16.88180000000000,16.66260000000000,0.27150000000000,9.05990000000000,26.8694,9524.2988,16.9792,16.7077,0.2715,16.4301,9.3375,9.3188,0.0187,0.5774,9524.2988,NA
parkey.exe,40372,0x21C0676C560,DXGI,0,0,0,Composed: Flip,9556.9374,NA,15.93090000000000,16.68440000000000,0.14720000000000,7.69980000000000,27.6229,9541.2780,15.8066,15.6594,0.1472,15.5153,7.8439,7.8247,0.0192,0.2948,9541.2780,NA
parkey.exe,40372,0x21C0676C560,DXGI,0,0,0,Composed: Flip,9573.5287,NA,16.59130000000000,16.68030000000000,0.13410000000000,7.82720000000000,27.7119,9557.0846,16.5782,16.4441,0.1341,16.3026,7.9687,7.9482,0.0205,-0.8737,9557.0846,NA
parkey.exe,40372,0x21C0676C560,DXGI,0,0,0,Composed: Flip,9590.9720,NA,17.44330000000000,16.67490000000000,0.16200000000000,6.31270000000000,26.9435,9573.6628,17.4712,17.3092,0.1620,17.1521,6.4698,6.4520,0.0178,-0.0967,9573.6628,NA
parkey.exe,40372,0x21C0676C560,DXGI,0,0,0,Composed: Flip,9606.7501,NA,15.77810000000000,16.68950000000000,0.14100000000000,7.89640000000000,27.8549,9591.1340,15.7571,15.6161,0.1410,15.4830,8.0295,8.0091,0.0204,0.7817,9591.1340,NA
parkey.exe,40372,0x21C0676C560,DXGI,0,0,0,Composed: Flip,9623.4478,NA,16.69770000000000,16.67620000000000,0.14660000000000,8.25980000000000,27.8334,9606.8911,16.7033,16.5567,0.1466,16.4093,8.4072,8.3886,0.0186,-0.9191,9606.8911,NA
parkey.exe,40372,0x21C0676C560,DXGI,0,0,0,Composed: Flip,9640.5080,NA,17.06020000000000,16.68530000000000,0.13350000000000,7.70130000000000,27.4585,9623.5944,17.0471,16.9136,0.1335,16.7724,7.8425,7.8227,0.0198,0.0180,9623.5944,NA
parkey.exe,40372,0x21C0676C560,DXGI,0,0,0,Composed: Flip,9656.7509,NA,16.24290000000000,16.67520000000000,0.16840000000000,7.88150000000000,27.8908,9640.6415,16.2778,16.1094,0.1684,15.9709,8.0200,7.9966,0.0234,0.3719,9640.6415,NA
parkey.exe,40372,0x21C0676C560,DXGI,0,0,0,Composed: Flip,9674.3107,NA,17.55980000000000,16.67720000000000,0.26820000000000,6.18080000000000,27.0082,9656.9193,17.6596,17.3914,0.2682,17.0913,6.4809,6.4611,0.0198,-0.3994,9656.9193,NA
parkey.exe,40372,0x21C0676C560,DXGI,0,0,0,Composed: Flip,9690.2647,NA,15.95400000000000,16.67740000000000,0.13240000000000,7.87690000000000,27.7316,9674.5789,15.8182,15.6858,0.1324,15.5425,8.0202,8.0018,0.0184,0.9822,9674.5789,NA
parkey.exe,40372,0x21C0676C560,DXGI,0,0,0,Composed: Flip,9706.9324,NA,16.66770000000000,16.70390000000000,0.14580000000000,9.04110000000000,27.7678,9690.3971,16.6811,16.5353,0.1458,16.3837,9.1927,9.1731,0.0196,-0.8857,9690.3971,NA
parkey.exe,40372,0x21C0676C560,DXGI,0,0,0,Composed: Flip,9723.9870,NA,17.05460000000000,16.73080000000000,0.32400000000000,6.29480000000000,27.4440,9707.0782,17.2328,16.9088,0.3240,16.6450,6.5586,6.5371,0.0215,-0.0497,9707.0782,NA
parkey.exe,40372,0x21C0676C560,DXGI,0,0,0,Composed: Flip,9741.1757,NA,17.18870000000000,16.61080000000000,0.38210000000000,8.11470000000000,26.8661,9724.3110,17.2468,16.8647,0.3821,16.4195,8.5599,8.5326,0.0273,0.6220,9724.3110,NA
parkey.exe,40372,0x21C0676C560,DXGI,0,0,0,Composed: Flip,9757.1056,NA,15.92990000000000,14.78400000000000,0.15390000000000,9.16300000000000,25.7202,9741.5578,15.7017,15.5478,0.1539,15.3766,9.3342,9.3097,0.0245,2.4628,9741.5578,NA
parkey.exe,40372,0x21C0676C560,DXGI,0,0,0,Composed: Flip,9773.5627,NA,16.45710000000000,18.57550000000000,0.16620000000000,8.16260000000000,27.8386,9757.2595,16.4694,16.3032,0.1662,16.1551,8.3107,8.2880,0.0227,-2.8738,9757.2595,NA
parkey.exe,40372,0x21C0676C560,DXGI,0,0,0,Composed: Flip,9790.2820,NA,16.71930000000000,16.67790000000000,0.20820000000000,9.09310000000000,27.7972,9773.7289,16.7613,16.5531,0.2082,16.3510,9.2952,9.2762,0.0190,-0.2085,9773.7289,NA
parkey.exe,40372,0x21C0676C560,DXGI,0,0,0,Composed: Flip,9807.2171,NA,16.93510000000000,16.68460000000000,0.13700000000000,7.64430000000000,27.5467,9790.4902,16.8639,16.7269,0.1370,16.5655,7.8057,7.7842,0.0215,0.0767,9790.4902,NA
parkey.exe,40372,0x21C0676C560,DXGI,0,0,0,Composed: Flip,9823.4551,NA,16.23800000000000,16.67910000000000,0.15570000000000,6.43400000000000,27.9878,9807.3541,16.2567,16.1010,0.1557,15.9564,6.5786,6.5563,0.0223,0.1848,9807.3541,NA
parkey.exe,40372,0x21C0676C560,DXGI,0,0,0,Composed: Flip,9840.6824,NA,17.22730000000000,16.68470000000000,0.15260000000000,8.45150000000000,27.4452,9823.6108,17.2242,17.0716,0.1526,16.9323,8.5908,8.5693,0.0215,-0.4280,9823.6108,NA
parkey.exe,40372,0x21C0676C560,DXGI,0,0,0,Composed: Flip,9857.8132,NA,17.13080000000000,16.67540000000000,0.13600000000000,7.78650000000000,26.9898,9840.8350,17.1142,16.9782,0.1360,16.8296,7.9351,7.9079,0.0272,0.5488,9840.8350,NA
parkey.exe,40372,0x21C0676C560,DXGI,0,0,0,Composed: Flip,9873.9520,NA,16.13880000000000,16.67650000000000,0.28370000000000,8.94070000000000,27.5275,9857.9492,16.2865,16.0028,0.2837,15.7162,9.2273,9.2110,0.0163,0.4377,9857.9492,NA
parkey.exe,40372,0x21C0676C560,DXGI,0,0,0,Composed: Flip,9890.2259,NA,16.27390000000000,16.69120000000000,0.14170000000000,7.63060000000000,27.9448,9874.2357,16.1319,15.9902,0.1417,15.8472,7.7736,7.7542,0.0194,-0.4047,9874.2357,NA
parkey.exe,40372,0x21C0676C560,DXGI,0,0,0,Composed: Flip,9906.9486,NA,16.72270000000000,16.68210000000000,0.17430000000000,7.90000000000000,27.9042,9890.3676,16.7553,16.5810,0.1743,16.4303,8.0507,8.0317,0.0190,-0.5502,9890.3676,NA
parkey.exe,40372,0x21C0676C560,DXGI,0,0,0,Composed: Flip,9923.4729,NA,16.52430000000000,16.67100000000000,0.13380000000000,6.53220000000000,28.0509,9907.1229,16.4838,16.3500,0.1338,16.2018,6.6804,6.6401,0.0403,0.0843,9907.1229,NA
parkey.exe,40372,0x21C0676C560,DXGI,0,0,0,Composed: Flip,9940.3056,NA,16.83270000000000,16.68160000000000,0.15700000000000,7.89250000000000,27.8998,9923.6067,16.8559,16.6989,0.1570,16.5402,8.0512,8.0260,0.0252,-0.1978,9923.6067,NA
parkey.exe,40372,0x21C0676C560,DXGI,0,0,0,Composed: Flip,9957.0346,NA,16.72900000000000,16.67980000000000,0.17150000000000,8.95480000000000,27.8506,9940.4626,16.7435,16.5720,0.1715,16.3704,9.1564,9.1256,0.0308,0.1761,9940.4626,NA
parkey.exe,40372,0x21C0676C560,DXGI,0,0,0,Composed: Flip,9974.7362,NA,17.70160000000000,16.68700000000000,0.15590000000000,7.77870000000000,26.8360,9957.2061,17.6860,17.5301,0.1559,17.3554,7.9534,7.9265,0.0269,0.0565,9957.2061,NA
parkey.exe,40372,0x21C0676C560,DXGI,0,0,0,Composed: Flip,9990.3076,NA,15.57140000000000,16.68510000000000,0.15980000000000,7.92450000000000,27.9497,9974.8921,15.5753,15.4155,0.1598,15.2516,8.0884,8.0652,0.0232,1.0009,9974.8921,NA
parkey.exe,40372,0x21C0676C560,DXGI,0,0,0,Composed: Flip,10007.2231,NA,16.91550000000000,16.68070000000000,0.23770000000000,6.60890000000000,27.7149,9990.4674,16.9934,16.7557,0.2377,16.5557,6.8089,6.7854,0.0235,-1.1054,9990.4674,NA
parkey.exe,40372,0x21C0676C560,DXGI,0,0,0,Composed: Flip,10023.7447,NA,16.52160000000000,16.68010000000000,0.22340000000000,6.43560000000000,27.8734,10007.4608,16.5073,16.2839,0.2234,16.1180,6.6015,6.5775,0.0240,0.3133,10007.4608,NA
parkey.exe,40372,0x21C0676C560,DXGI,0,0,0,Composed: Flip,10040.3565,NA,16.61180000000000,16.67020000000000,0.15040000000000,9.02920000000000,27.9318,10023.9681,16.5388,16.3884,0.1504,16.2387,9.1789,9.1551,0.0238,-0.1629,10023.9681,NA
parkey.exe,40372,0x21C0676C560,DXGI,0,0,0,Composed: Flip,10056.9734,NA,16.61690000000000,16.67470000000000,0.15810000000000,7.63060000000000,27.9896,10040.5069,16.6246,16.4665,0.1581,16.3075,7.7896,7.7662,0.0234,-0.1359,10040.5069,NA
parkey.exe,40372,0x21C0676C560,DXGI,0,0,0,Composed: Flip,10074.2495,NA,17.27610000000000,16.73710000000000,0.15780000000000,9.00050000000000,27.4506,10057.1315,17.2758,17.1180,0.1578,16.9451,9.1734,9.1487,0.0247,-0.1125,10057.1315,NA
parkey.exe,40372,0x21C0676C560,DXGI,0,0,0,Composed: Flip,10090.4833,NA,16.23380000000000,16.64620000000000,0.16070000000000,7.16220000000000,27.8630,10074.4073,16.2367,16.0760,0.1607,15.9076,7.3306,7.3059,0.0247,0.6296,10074.4073,NA
parkey.exe,40372,0x21C0676C560,DXGI,0,0,0,Composed: Flip,10107.4273,NA,16.94400000000000,16.66290000000000,0.29030000000000,7.87820000000000,27.5819,10090.6440,17.0736,16.7833,0.2903,16.4525,8.2090,8.1802,0.0288,-0.4262,10090.6440,NA
parkey.exe,40372,0x21C0676C560,DXGI,0,0,0,Composed: Flip,10123.6456,NA,16.21830000000000,16.69040000000000,0.19560000000000,8.21790000000000,28.0540,10107.7176,16.1236,15.9280,0.1956,15.7557,8.3902,8.3669,0.0233,0.3832,10107.7176,NA
parkey.exe,40372,0x21C0676C560,DXGI,0,0,0,Composed: Flip,10140.2101,NA,16.56450000000000,16.67640000000000,0.13880000000000,7.63270000000000,28.1659,10123.8412,16.5077,16.3689,0.1388,16.2244,7.7772,7.7588,0.0184,-0.5528,10123.8412,NA
parkey.exe,40372,0x21C0676C560,DXGI,0,0,0,Composed: Flip,10157.1221,NA,16.91200000000000,16.68300000000000,0.17390000000000,8.69130000000000,27.9369,10140.3489,16.9471,16.7732,0.1739,16.6013,8.8632,8.8310,0.0322,-0.1753,10140.3489,NA
parkey.exe,40372,0x21C0676C560,DXGI,0,0,0,Composed: Flip,10173.7998,NA,16.67770000000000,16.67000000000000,0.15360000000000,8.68220000000000,27.9292,10157.2960,16.6574,16.5038,0.1536,16.3389,8.8471,8.8256,0.0215,0.2771,10157.2960,NA
parkey.exe,40372,0x21C0676C560,DXGI,0,0,0,Composed: Flip,10190.3838,NA,16.58400000000000,16.67640000000000,0.43650000000000,7.83160000000000,28.0216,10173.9534,16.8669,16.4304,0.4365,16.2687,7.9933,7.9730,0.0203,-0.0190,10173.9534,NA
parkey.exe,40372,0x21C0676C560,DXGI,0,0,0,Composed: Flip,10208.0779,NA,17.69410000000000,16.68690000000000,0.16370000000000,9.10150000000000,27.0144,10190.8203,17.4213,17.2576,0.1637,17.0903,9.2688,9.2470,0.0218,0.1800,10190.8203,NA
parkey.exe,40372,0x21C0676C560,DXGI,0,0,0,Composed: Flip,10224.8361,NA,16.75820000000000,16.69130000000000,0.16900000000000,7.63350000000000,26.9475,10208.2416,16.7635,16.5945,0.1690,16.4049,7.8231,7.7951,0.0280,0.7300,10208.2416,NA
parkey.exe,40372,0x21C0676C560,DXGI,0,0,0,Composed: Flip,10240.4412,NA,15.60510000000000,16.66430000000000,0.15090000000000,8.18240000000000,28.0067,10225.0051,15.5870,15.4361,0.1509,15.2789,8.3396,8.3211,0.0185,0.0992,10225.0051,NA
parkey.exe,40372,0x21C0676C560,DXGI,0,0,0,Composed: Flip,10257.0977,NA,16.65650000000000,16.68410000000000,0.15200000000000,8.99390000000000,28.0343,10240.5921,16.6576,16.5056,0.1520,16.3482,9.1513,9.1294,0.0219,-1.0971,10240.5921,NA
parkey.exe,40372,0x21C0676C560,DXGI,0,0,0,Composed: Flip,10274.4009,NA,17.30320000000000,16.67650000000000,0.17210000000000,7.83780000000000,27.4076,10257.2497,17.3233,17.1512,0.1721,16.9922,7.9968,7.9734,0.0234,-0.0189,10257.2497,NA
parkey.exe,40372,0x21C0676C560,DXGI,0,0,0,Composed: Flip,10291.1974,NA,16.79650000000000,16.69470000000000,0.14340000000000,9.12520000000000,27.3058,10274.5730,16.7678,16.6244,0.1434,16.4627,9.2869,9.2635,0.0234,0.6286,10274.5730,NA
parkey.exe,40372,0x21C0676C560,DXGI,0,0,0,Composed: Flip,10306.9704,NA,15.77300000000000,16.67190000000000,0.13970000000000,7.28050000000000,28.2047,10291.3408,15.7693,15.6296,0.1397,15.4812,7.4289,7.4068,0.0221,0.0959,10291.3408,NA
parkey.exe,40372,0x21C0676C560,DXGI,0,0,0,Composed: Flip,10323.5861,NA,16.61570000000000,16.67910000000000,0.14760000000000,8.23140000000000,28.2681,10307.1101,16.6236,16.4760,0.1476,16.3193,8.3881,8.3629,0.0252,-0.9098,10307.1101,NA
parkey.exe,40372,0x21C0676C560,DXGI,0,0,0,Composed: Flip,10340.3749,NA,16.78880000000000,16.68350000000000,0.29090000000000,8.85300000000000,28.1628,10323.7337,16.9321,16.6412,0.2909,16.3373,9.1569,9.1378,0.0191,-0.0599,10323.7337,NA
parkey.exe,40372,0x21C0676C560,DXGI,0,0,0,Composed: Flip,10356.8791,NA,16.50420000000000,16.67660000000000,0.13910000000000,7.86360000000000,28.3352,10340.6658,16.3524,16.2133,0.1391,16.0636,8.0133,7.9800,0.0333,0.2555,10340.6658,NA
parkey.exe,40372,0x21C0676C560,DXGI,0,0,0,Composed: Flip,10374.0325,NA,17.15340000000000,16.68200000000000,0.18810000000000,9.13920000000000,27.8638,10357.0182,17.2024,17.0143,0.1881,16.8257,9.3278,9.3000,0.0278,-0.3296,10357.0182,NA
parkey.exe,40372,0x21C0676C560,DXGI,0,0,0,Composed: Flip,10390.4214,NA,16.38890000000000,16.67870000000000,0.16570000000000,8.46960000000000,28.1536,10374.2206,16.3665,16.2008,0.1657,16.0388,8.6316,8.6087,0.0229,0.5237,10374.2206,NA
parkey.exe,40372,0x21C0676C560,DXGI,0,0,0,Composed: Flip,10406.8940,NA,16.47260000000000,16.68770000000000,0.16950000000000,8.76330000000000,28.3687,10390.5871,16.4764,16.3069,0.1695,16.1682,8.9020,8.8666,0.0354,-0.3212,10390.5871,NA
parkey.exe,40372,0x21C0676C560,DXGI,0,0,0,Composed: Flip,10423.8074,NA,16.91340000000000,16.67190000000000,0.17060000000000,8.10620000000000,28.1272,10407.0635,16.9145,16.7439,0.1706,16.6011,8.2490,8.2284,0.0206,-0.1955,10407.0635,NA
parkey.exe,40372,0x21C0676C560,DXGI,0,0,0,Composed: Flip,10440.3306,NA,16.52320000000000,16.67740000000000,0.15320000000000,7.84600000000000,28.2814,10423.9780,16.5058,16.3526,0.1532,16.1946,8.0040,7.9856,0.0184,0.2371,10423.9780,NA
parkey.exe,40372,0x21C0676C560,DXGI,0,0,0,Composed: Flip,10456.8938,NA,16.56320000000000,16.67300000000000,0.20470000000000,9.09540000000000,28.3912,10440.4838,16.6147,16.4100,0.2047,16.2719,9.2335,9.2137,0.0198,-0.1672,10440.4838,NA
parkey.exe,40372,0x21C0676C560,DXGI,0,0,0,Composed: Flip,10473.6421,NA,16.74830000000000,16.69040000000000,0.16380000000000,7.62020000000000,28.3333,10457.0985,16.7074,16.5436,0.1638,16.3931,7.7707,7.7540,0.0167,-0.0757,10457.0985,NA
parkey.exe,40372,0x21C0676C560,DXGI,0,0,0,Composed: Flip,10490.1846,NA,16.54250000000000,16.67540000000000,0.14560000000000,8.77150000000000,28.4662,10473.8059,16.5243,16.3787,0.1456,16.2111,8.9391,8.8724,0.0667,0.0320,10473.8059,NA
parkey.exe,40372,0x21C0676C560,DXGI,0,0,0,Composed: Flip,10506.8301,NA,16.64550000000000,16.69170000000000,0.13180000000000,8.76780000000000,28.5124,10490.3302,16.6317,16.4999,0.1318,16.3537,8.9140,8.8873,0.0267,-0.1674,10490.3302,NA
parkey.exe,40372,0x21C0676C560,DXGI,0,0,0,Composed: Flip,10523.5106,NA,16.68050000000000,16.66770000000000,0.18190000000000,6.42800000000000,28.4996,10506.9619,16.7306,16.5487,0.1819,16.3971,6.5796,6.5459,0.0337,-0.0360,10506.9619,NA
parkey.exe,40372,0x21C0676C560,DXGI,0,0,0,Composed: Flip,10540.2399,NA,16.72930000000000,15.62660000000000,0.13980000000000,9.09140000000000,27.3969,10523.6925,16.6872,16.5474,0.1398,16.3868,9.2520,9.2343,0.0177,1.1040,10523.6925,NA
parkey.exe,40372,0x21C0676C560,DXGI,0,0,0,Composed: Flip,10557.5086,NA,17.26870000000000,17.73910000000000,0.14810000000000,6.44300000000000,27.8673,10540.3797,17.2770,17.1289,0.1481,16.9810,6.5909,6.5731,0.0178,-1.0519,10540.3797,NA
parkey.exe,40372,0x21C0676C560,DXGI,0,0,0,Composed: Flip,10573.7166,NA,16.20800000000000,16.67720000000000,0.22930000000000,8.55380000000000,28.3365,10557.6567,16.2892,16.0599,0.2293,15.7890,8.8247,8.7680,0.0567,0.5998,10557.6567,NA
parkey.exe,40372,0x21C0676C560,DXGI,0,0,0,Composed: Flip,10590.1569,NA,16.44030000000000,16.68220000000000,0.16680000000000,8.98650000000000,28.5784,10573.9459,16.3778,16.2110,0.1668,16.0690,9.1285,9.1110,0.0175,-0.3930,10573.9459,NA
parkey.exe,40372,0x21C0676C560,DXGI,0,0,0,Composed: Flip,10606.8190,NA,16.66210000000000,16.68030000000000,0.14220000000000,7.88920000000000,28.5966,10590.3237,16.6375,16.4953,0.1422,16.3610,8.0235,8.0047,0.0188,-0.3025,10590.3237,NA
parkey.exe,40372,0x21C0676C560,DXGI,0,0,0,Composed: Flip,10623.3539,NA,16.53490000000000,8.69890000000000,0.16650000000000,8.28790000000000,20.7606,10606.9612,16.5592,16.3927,0.1665,16.2552,8.4254,8.4035,0.0219,7.9386,10606.9612,NA
parkey.exe,40372,0x21C0676C560,DXGI,0,0,0,Composed: Flip,10640.4574,NA,17.10350000000000,20.77610000000000,0.17340000000000,9.21440000000000,24.4332,10623.5204,17.1104,16.9370,0.1734,16.7699,9.3815,9.3502,0.0313,-4.2169,10623.5204,NA
parkey.exe,40372,0x21C0676C560,DXGI,0,0,0,Composed: Flip,10656.7902,NA,16.33280000000000,20.56570000000000,0.18320000000000,8.33570000000000,28.6661,10640.6308,16.3426,16.1594,0.1832,16.0152,8.4799,8.4588,0.0211,-3.4553,10640.6308,NA
parkey.exe,40372,0x21C0676C560,DXGI,0,0,0,Composed: Flip,10673.5166,NA,16.72640000000000,14.19560000000000,0.13930000000000,9.16820000000000,26.1353,10656.9734,16.6825,16.5432,0.1393,16.3824,9.3290,9.3100,0.0190,2.1470,10656.9734,NA
parkey.exe,40372,0x21C0676C560,DXGI,0,0,0,Composed: Flip,10690.7792,NA,17.26260000000000,13.84830000000000,0.13840000000000,7.70470000000000,22.7210,10673.6559,17.2617,17.1233,0.1384,16.9636,7.8644,7.8426,0.0218,2.8342,10673.6559,NA
parkey.exe,40372,0x21C0676C560,DXGI,0,0,0,Composed: Flip,10706.8446,NA,16.06540000000000,20.87830000000000,0.13450000000000,8.75760000000000,27.5339,10690.9176,16.0615,15.9270,0.1345,15.7733,8.9113,8.8948,0.0165,-3.6166,10690.9176,NA
parkey.exe,40372,0x21C0676C560,DXGI,0,0,0,Composed: Flip,10723.6795,NA,16.83490000000000,13.85060000000000,0.17090000000000,8.49820000000000,24.5496,10706.9791,16.8713,16.7004,0.1709,16.5113,8.6873,8.6603,0.0270,2.2109,10706.9791,NA
parkey.exe,40372,0x21C0676C560,DXGI,0,0,0,Composed: Flip,10740.4382,NA,16.75870000000000,20.61920000000000,0.14570000000000,8.28170000000000,28.4101,10723.8504,16.7335,16.5878,0.1457,16.4105,8.4590,8.4406,0.0184,-3.7479,10723.8504,NA
parkey.exe,40372,0x21C0676C560,DXGI,0,0,0,Composed: Flip,10757.7068,NA,17.26860000000000,14.15050000000000,0.15130000000000,9.07870000000000,25.2920,10740.5839,17.2742,17.1229,0.1513,16.8584,9.3432,9.3237,0.0195,2.5830,10740.5839,NA
parkey.exe,40372,0x21C0676C560,DXGI,0,0,0,Composed: Flip,10773.6165,NA,15.90970000000000,13.88460000000000,0.16560000000000,7.78910000000000,23.2669,10757.8581,15.9240,15.7584,0.1656,15.5938,7.9537,7.9367,0.0170,3.3896,10757.8581,NA
parkey.exe,40372,0x21C0676C560,DXGI,0,0,0,Composed: Flip,10790.2640,NA,16.64750000000000,20.83900000000000,0.14910000000000,8.82000000000000,27.4584,10773.7821,16.6310,16.4819,0.1491,16.3279,8.9740,8.9563,0.0177,-4.9150,10773.7821,NA
parkey.exe,40372,0x21C0676C560,DXGI,0,0,0,Composed: Flip,10806.9814,NA,16.71740000000000,13.85880000000000,0.14170000000000,9.17320000000000,24.5998,10790.4131,16.7100,16.5683,0.1417,16.5887,9.1528,9.1342,0.0186,2.7722,10790.4131,NA
parkey.exe,40372,0x21C0676C560,DXGI,0,0,0,Composed: Flip,10823.4720,NA,16.49060000000000,20.67910000000000,0.16020000000000,8.28600000000000,28.7883,10807.1231,16.5091,16.3489,0.1602,16.2083,8.4266,8.4090,0.0176,-3.9691,10807.1231,NA
parkey.exe,40372,0x21C0676C560,DXGI,0,0,0,Composed: Flip,10840.4742,NA,17.00220000000000,14.04570000000000,0.17640000000000,9.07350000000000,25.8318,10823.6322,17.0184,16.8420,0.1764,16.8250,9.0905,9.0683,0.0222,2.4634,10823.6322,NA
parkey.exe,40372,0x21C0676C560,DXGI,0,0,0,Composed: Flip,10856.9684,NA,16.49420000000000,19.30970000000000,0.14450000000000,9.40210000000000,28.6473,10840.6506,16.4623,16.3178,0.1445,16.1454,9.5745,9.5530,0.0215,-2.2913,10840.6506,NA
parkey.exe,40372,0x21C0676C560,DXGI,0,0,0,Composed: Flip,10874.2814,NA,17.31300000000000,15.46400000000000,0.15530000000000,8.73190000000000,26.7983,10857.1129,17.3238,17.1685,0.1553,16.9973,8.9031,8.8848,0.0183,0.9983,10857.1129,NA
parkey.exe,40372,0x21C0676C560,DXGI,0,0,0,Composed: Flip,10890.7962,NA,16.51480000000000,13.85580000000000,0.25580000000000,7.69900000000000,24.1393,10874.4367,16.6153,16.3595,0.2558,16.0854,7.9731,7.9396,0.0335,3.4680,10874.4367,NA
parkey.exe,40372,0x21C0676C560,DXGI,0,0,0,Composed: Flip,10906.8677,NA,16.07150000000000,20.72100000000000,0.17150000000000,8.20110000000000,28.7888,10891.0520,15.9872,15.8157,0.1715,15.6673,8.3495,8.3265,0.0230,-4.1057,10891.0520,NA
parkey.exe,40372,0x21C0676C560,DXGI,0,0,0,Composed: Flip,10923.9886,NA,17.12090000000000,14.05260000000000,0.27250000000000,9.18110000000000,25.7205,10907.0392,17.2219,16.9494,0.2725,16.6850,9.4455,9.4180,0.0275,1.9346,10907.0392,NA
parkey.exe,40372,0x21C0676C560,DXGI,0,0,0,Composed: Flip,10940.1804,NA,16.19180000000000,13.83850000000000,0.13770000000000,7.85390000000000,23.3672,10924.2611,16.0570,15.9193,0.1377,15.7704,8.0028,7.9843,0.0185,3.3834,10924.2611,NA
parkey.exe,40372,0x21C0676C560,DXGI,0,0,0,Composed: Flip,10956.8438,NA,16.66340000000000,20.88320000000000,0.13490000000000,8.75150000000000,27.5870,10940.3181,16.6606,16.5257,0.1349,16.3865,8.8907,8.8721,0.0186,-4.8262,10940.3181,NA
parkey.exe,40372,0x21C0676C560,DXGI,0,0,0,Composed: Flip,10973.7863,NA,16.94250000000000,13.86350000000000,0.16500000000000,9.00030000000000,24.5080,10956.9787,16.9726,16.8076,0.1650,16.5605,9.2474,9.2162,0.0312,2.7971,10956.9787,NA
parkey.exe,40372,0x21C0676C560,DXGI,0,0,0,Composed: Flip,10990.3699,NA,16.58360000000000,20.76860000000000,0.13840000000000,8.22590000000000,28.6930,10973.9513,16.5570,16.4186,0.1384,16.2652,8.3793,8.3583,0.0210,-3.7960,10973.9513,NA
parkey.exe,40372,0x21C0676C560,DXGI,0,0,0,Composed: Flip,11006.8371,NA,16.46720000000000,13.98650000000000,0.16160000000000,9.22480000000000,26.2123,10990.5083,16.4904,16.3288,0.1616,16.1699,9.3837,9.3648,0.0189,2.5705,10990.5083,NA
parkey.exe,40372,0x21C0676C560,DXGI,0,0,0,Composed: Flip,11023.5252,NA,16.68810000000000,13.84470000000000,0.16910000000000,7.82940000000000,23.3689,11006.9987,16.6956,16.5265,0.1691,16.3758,7.9801,7.9648,0.0153,2.6457,11006.9987,NA
parkey.exe,40372,0x21C0676C560,DXGI,0,0,0,Composed: Flip,11040.2020,NA,16.67680000000000,20.87310000000000,0.15880000000000,8.69840000000000,27.5652,11023.6943,16.6665,16.5077,0.1588,16.3551,8.8510,8.8350,0.0160,-4.1775,11023.6943,NA
parkey.exe,40372,0x21C0676C560,DXGI,0,0,0,Composed: Flip,11056.9757,NA,16.77370000000000,13.88800000000000,0.13820000000000,8.79290000000000,24.6795,11040.3608,16.7531,16.6149,0.1382,16.4618,8.9460,8.9265,0.0195,2.7785,11040.3608,NA
parkey.exe,40372,0x21C0676C560,DXGI,0,0,0,Composed: Flip,11073.3579,NA,16.38220000000000,20.87560000000000,0.13080000000000,8.35260000000000,29.1729,11057.1139,16.3748,16.2440,0.1308,16.1148,8.4818,8.4627,0.0191,-4.1225,11057.1139,NA
parkey.exe,40372,0x21C0676C560,DXGI,0,0,0,Composed: Flip,11090.6173,NA,17.25940000000000,13.86080000000000,0.16740000000000,8.95560000000000,25.7743,11073.4887,17.2960,17.1286,0.1674,16.9186,9.1656,9.1436,0.0220,2.5140,11073.4887,NA
parkey.exe,40372,0x21C0676C560,DXGI,0,0,0,Composed: Flip,11106.8513,NA,16.23400000000000,13.86090000000000,0.13700000000000,8.47310000000000,23.4012,11090.7847,16.2036,16.0666,0.1370,15.9035,8.6362,8.6167,0.0195,3.4351,11090.7847,NA
parkey.exe,40372,0x21C0676C560,DXGI,0,0,0,Composed: Flip,11124.1647,NA,17.31340000000000,22.24410000000000,0.14550000000000,9.20090000000000,28.3319,11106.9883,17.3219,17.1764,0.1455,17.0307,9.3466,9.3279,0.0187,-6.0405,11106.9883,NA
parkey.exe,40372,0x21C0676C560,DXGI,0,0,0,Composed: Flip,11140.1501,NA,15.98540000000000,16.68540000000000,0.14780000000000,7.27620000000000,29.0319,11124.3102,15.9877,15.8399,0.1478,15.6939,7.4222,7.4033,0.0189,0.6365,11124.3102,NA
parkey.exe,40372,0x21C0676C560,DXGI,0,0,0,Composed: Flip,11157.1175,NA,16.96740000000000,16.62130000000000,0.16030000000000,8.72530000000000,28.6858,11140.2979,16.9799,16.8196,0.1603,16.6747,8.8702,8.8518,0.0184,-0.6336,11140.2979,NA
parkey.exe,40372,0x21C0676C560,DXGI,0,0,0,Composed: Flip,11173.5452,NA,16.42770000000000,16.73670000000000,0.13990000000000,8.76210000000000,28.9948,11157.2778,16.4073,16.2674,0.1399,16.1135,8.9160,8.8887,0.0273,0.2432,11157.2778,NA
parkey.exe,40372,0x21C0676C560,DXGI,0,0,0,Composed: Flip,11190.2421,NA,16.69690000000000,16.67980000000000,0.16270000000000,7.61360000000000,28.9777,11173.6851,16.7197,16.5570,0.1627,16.2737,7.8969,7.8781,0.0188,-0.2725,11173.6851,NA
parkey.exe,40372,0x21C0676C560,DXGI,0,0,0,Composed: Flip,11206.8418,NA,16.59970000000000,16.67770000000000,0.14480000000000,9.20900000000000,29.0557,11190.4048,16.5818,16.4370,0.1448,16.2837,9.3623,9.3426,0.0197,0.0420,11190.4048,NA
parkey.exe,40372,0x21C0676C560,DXGI,0,0,0,Composed: Flip,11223.3428,NA,16.50100000000000,16.69240000000000,0.27580000000000,6.38700000000000,29.2471,11206.9866,16.6320,16.3562,0.2758,16.1729,6.5703,6.5520,0.0183,-0.1106,11206.9866,NA
parkey.exe,40372,0x21C0676C560,DXGI,0,0,0,Composed: Flip,11240.1620,NA,16.81920000000000,16.57030000000000,0.14220000000000,8.73060000000000,28.9982,11223.6186,16.6856,16.5434,0.1422,16.3937,8.8803,8.8617,0.0186,0.0617,11223.6186,NA
parkey.exe,40372,0x21C0676C560,DXGI,0,0,0,Composed: Flip,11256.8166,NA,16.65460000000000,16.79770000000000,0.14680000000000,8.70480000000000,29.1413,11240.3042,16.6592,16.5124,0.1468,16.3394,8.8778,8.8591,0.0187,-0.1121,11240.3042,NA
parkey.exe,40372,0x21C0676C560,DXGI,0,0,0,Composed: Flip,11273.4007,NA,16.58410000000000,16.67690000000000,0.14840000000000,7.74460000000000,29.2341,11256.9634,16.5857,16.4373,0.1484,16.2942,7.8877,7.8688,0.0189,-0.0177,11256.9634,NA
parkey.exe,40372,0x21C0676C560,DXGI,0,0,0,Composed: Flip,11290.4038,NA,17.00310000000000,16.66700000000000,0.14520000000000,9.11280000000000,28.8980,11273.5491,16.9999,16.8547,0.1452,16.6878,9.2797,9.2615,0.0182,-0.0813,11273.5491,NA
parkey.exe,40372,0x21C0676C560,DXGI,0,0,0,Composed: Flip,11306.8683,NA,16.46450000000000,16.68250000000000,0.14000000000000,7.23360000000000,29.1160,11290.5490,16.4593,16.3193,0.1400,16.1625,7.3904,7.3696,0.0208,0.3174,11290.5490,NA
parkey.exe,40372,0x21C0676C560,DXGI,0,0,0,Composed: Flip,11323.9087,NA,17.04040000000000,9.62680000000000,0.12970000000000,8.34670000000000,21.7024,11307.0083,17.0301,16.9004,0.1297,16.7649,8.4822,8.4613,0.0209,6.8325,11307.0083,NA
parkey.exe,40372,0x21C0676C560,DXGI,0,0,0,Composed: Flip,11340.7229,NA,16.81420000000000,23.75390000000000,0.18060000000000,8.03380000000000,28.6421,11324.0384,16.8651,16.6845,0.1806,16.5373,8.1810,8.1595,0.0215,-6.7238,11324.0384,NA
parkey.exe,40372,0x21C0676C560,DXGI,0,0,0,Composed: Flip,11357.0272,NA,16.30430000000000,16.66530000000000,0.16020000000000,7.67210000000000,29.0031,11340.9035,16.2839,16.1237,0.1602,15.9542,7.8416,7.8221,0.0195,0.1998,11340.9035,NA
parkey.exe,40372,0x21C0676C560,DXGI,0,0,0,Composed: Flip,11373.6080,NA,16.58080000000000,16.66880000000000,0.16150000000000,9.08790000000000,29.0911,11357.1874,16.5821,16.4206,0.1615,16.2442,9.2643,9.2458,0.0185,-0.3849,11357.1874,NA
parkey.exe,40372,0x21C0676C560,DXGI,0,0,0,Composed: Flip,11390.7345,NA,17.12650000000000,16.70280000000000,0.16410000000000,7.60560000000000,28.6674,11373.7695,17.1291,16.9650,0.1641,16.8075,7.7631,7.7439,0.0192,-0.1207,11373.7695,NA
parkey.exe,40372,0x21C0676C560,DXGI,0,0,0,Composed: Flip,11406.6305,NA,15.89600000000000,16.66810000000000,0.29310000000000,8.73800000000000,29.4395,11390.8986,16.0250,15.7319,0.2931,15.5961,8.8738,8.8523,0.0215,0.4610,11390.8986,NA
parkey.exe,40372,0x21C0676C560,DXGI,0,0,0,Composed: Flip,11423.9555,NA,17.32500000000000,16.68230000000000,0.18440000000000,8.27550000000000,28.7968,11406.9236,17.2163,17.0319,0.1844,16.8476,8.4598,8.4390,0.0208,-0.6573,11406.9236,NA
parkey.exe,40372,0x21C0676C560,DXGI,0,0,0,Composed: Flip,11440.3853,NA,16.42980000000000,16.67000000000000,0.16020000000000,7.60450000000000,29.0370,11424.1399,16.4056,16.2454,0.1602,16.0800,7.7699,7.7518,0.0181,0.5463,11424.1399,NA
parkey.exe,40372,0x21C0676C560,DXGI,0,0,0,Composed: Flip,11457.6391,NA,17.25380000000000,16.67850000000000,0.15360000000000,9.03850000000000,28.4617,11440.5455,17.2472,17.0936,0.1536,16.9222,9.2099,9.1919,0.0180,-0.2729,11440.5455,NA
parkey.exe,40372,0x21C0676C560,DXGI,0,0,0,Composed: Flip,11473.9153,NA,16.27620000000000,12.26060000000000,0.16400000000000,7.32270000000000,24.4461,11457.7927,16.2866,16.1226,0.1640,15.9595,7.4858,7.4642,0.0216,4.9866,11457.7927,NA
parkey.exe,40372,0x21C0676C560,DXGI,0,0,0,Composed: Flip,11490.5833,NA,16.66800000000000,20.88840000000000,0.19100000000000,8.23860000000000,28.6665,11474.0793,16.6950,16.5040,0.1910,16.3203,8.4223,8.3974,0.0249,-4.6018,11474.0793,NA
parkey.exe,40372,0x21C0676C560,DXGI,0,0,0,Composed: Flip,11507.3579,NA,16.77460000000000,13.90170000000000,0.17990000000000,9.14110000000000,25.7936,11490.7743,16.7635,16.5836,0.1799,16.3788,9.3459,9.3142,0.0317,2.7933,11490.7743,NA
parkey.exe,40372,0x21C0676C560,DXGI,0,0,0,Composed: Flip,11524.2698,NA,16.91190000000000,13.85940000000000,0.17780000000000,8.25640000000000,22.7411,11507.5378,16.9098,16.7320,0.1778,16.5640,8.4244,8.3990,0.0254,2.9041,11507.5378,NA
parkey.exe,40372,0x21C0676C560,DXGI,0,0,0,Composed: Flip,11540.3392,NA,16.06940000000000,20.86280000000000,0.17010000000000,8.55290000000000,27.5345,11524.4476,16.0617,15.8916,0.1701,15.7059,8.7386,8.7092,0.0294,-3.9530,11524.4476,NA
parkey.exe,40372,0x21C0676C560,DXGI,0,0,0,Composed: Flip,11557.0053,NA,16.66610000000000,13.83760000000000,0.21290000000000,9.25110000000000,24.7060,11540.5093,16.7089,16.4960,0.2129,16.3313,9.4158,9.3935,0.0223,2.2241,11540.5093,NA
parkey.exe,40372,0x21C0676C560,DXGI,0,0,0,Composed: Flip,11574.3509,NA,17.34560000000000,20.87360000000000,0.14840000000000,8.69100000000000,28.2340,11557.2182,17.2811,17.1327,0.1484,16.9731,8.8506,8.8228,0.0278,-4.1647,11557.2182,NA
parkey.exe,40372,0x21C0676C560,DXGI,0,0,0,Composed: Flip,11590.6405,NA,16.28960000000000,13.90960000000000,0.17140000000000,9.15480000000000,25.8540,11574.4993,16.3126,16.1412,0.1714,15.9442,9.3518,9.3272,0.0246,3.3715,11574.4993,NA
parkey.exe,40372,0x21C0676C560,DXGI,0,0,0,Composed: Flip,11606.9555,NA,16.31500000000000,13.86070000000000,0.15050000000000,7.77140000000000,23.3997,11590.8119,16.2941,16.1436,0.1505,15.9822,7.9328,7.9093,0.0235,2.4519,11590.8119,NA
parkey.exe,40372,0x21C0676C560,DXGI,0,0,0,Composed: Flip,11623.7096,NA,16.75410000000000,20.86370000000000,0.15770000000000,8.76630000000000,27.5093,11607.1060,16.7613,16.6036,0.1577,16.4292,8.9407,8.9109,0.0298,-4.5696,11607.1060,NA
parkey.exe,40372,0x21C0676C560,DXGI,0,0,0,Composed: Flip,11640.7596,NA,17.05000000000000,18.37060000000000,0.15460000000000,8.95190000000000,28.8299,11623.8673,17.0469,16.8923,0.1546,16.7194,9.1248,9.1016,0.0232,-1.6093,11623.8673,NA
parkey.exe,40372,0x21C0676C560,DXGI,0,0,0,Composed: Flip,11656.9868,NA,16.22720000000000,16.30160000000000,0.18120000000000,8.64990000000000,28.9043,11640.9142,16.2538,16.0726,0.1812,15.9153,8.8072,8.7883,0.0189,0.7453,11640.9142,NA
parkey.exe,40372,0x21C0676C560,DXGI,0,0,0,Composed: Flip,11673.4912,NA,16.50440000000000,17.05910000000000,0.14250000000000,9.02400000000000,29.4590,11657.1680,16.4657,16.3232,0.1425,16.1781,9.1691,9.1488,0.0203,-0.8053,11657.1680,NA
parkey.exe,40372,0x21C0676C560,DXGI,0,0,0,Composed: Flip,11690.8225,NA,17.33130000000000,16.69870000000000,0.14250000000000,7.90520000000000,28.8264,11673.6337,17.3313,17.1888,0.1425,17.0264,8.0676,8.0447,0.0229,-0.2330,11673.6337,NA
parkey.exe,40372,0x21C0676C560,DXGI,0,0,0,Composed: Flip,11706.7895,NA,15.96700000000000,16.67510000000000,0.23350000000000,8.68520000000000,29.5345,11690.9650,16.0580,15.8245,0.2335,15.6376,8.8721,8.8545,0.0176,0.6562,11690.9650,NA
parkey.exe,40372,0x21C0676C560,DXGI,0,0,0,Composed: Flip,11723.6853,NA,16.89580000000000,16.66780000000000,0.18240000000000,6.40230000000000,29.3065,11707.0230,16.8447,16.6623,0.1824,16.4990,6.5656,6.5412,0.0244,-0.6098,11707.0230,NA
parkey.exe,40372,0x21C0676C560,DXGI,0,0,0,Composed: Flip,11740.3413,NA,16.65600000000000,16.25240000000000,0.14920000000000,8.63520000000000,28.9029,11723.8677,16.6228,16.4736,0.1492,16.2906,8.8182,8.7977,0.0205,0.5923,11723.8677,NA
parkey.exe,40372,0x21C0676C560,DXGI,0,0,0,Composed: Flip,11757.3097,NA,16.96840000000000,17.10840000000000,0.14250000000000,9.08630000000000,29.0429,11740.4905,16.9617,16.8192,0.1425,16.7702,9.1353,9.1160,0.0193,-0.4856,11740.4905,NA
parkey.exe,40372,0x21C0676C560,DXGI,0,0,0,Composed: Flip,11773.6849,NA,16.37520000000000,16.67970000000000,0.18040000000000,7.70230000000000,29.3474,11757.4522,16.4131,16.2327,0.1804,16.0665,7.8685,7.8477,0.0208,0.2820,11757.4522,NA
parkey.exe,40372,0x21C0676C560,DXGI,0,0,0,Composed: Flip,11790.3337,NA,16.64880000000000,16.67520000000000,0.14700000000000,9.10940000000000,29.3738,11773.8653,16.6154,16.4684,0.1470,16.3003,9.2775,9.2504,0.0271,-0.2621,11773.8653,NA
parkey.exe,40372,0x21C0676C560,DXGI,0,0,0,Composed: Flip,11807.0774,NA,16.74370000000000,16.68310000000000,0.14440000000000,7.22800000000000,29.3132,11790.4807,16.7411,16.5967,0.1444,16.4438,7.3809,7.3593,0.0216,-0.0677,11790.4807,NA
parkey.exe,40372,0x21C0676C560,DXGI,0,0,0,Composed: Flip,11823.9868,NA,16.90940000000000,9.31040000000000,0.13030000000000,8.25560000000000,21.7142,11807.2218,16.8953,16.7650,0.1303,16.6176,8.4030,8.3672,0.0358,7.4307,11807.2218,NA
parkey.exe,40372,0x21C0676C560,DXGI,0,0,0,Composed: Flip,11840.0971,NA,16.11030000000000,24.04840000000000,0.14860000000000,7.67960000000000,29.6523,11824.1171,16.1286,15.9800,0.1486,16.1346,7.5250,7.4987,0.0263,-7.1531,11824.1171,NA
parkey.exe,40372,0x21C0676C560,DXGI,0,0,0,Composed: Flip,11856.8660,NA,16.76890000000000,16.68560000000000,0.17510000000000,7.55460000000000,29.5690,11840.2457,16.7954,16.6203,0.1751,16.3559,7.8190,7.7964,0.0226,-0.5570,11840.2457,NA
parkey.exe,40372,0x21C0676C560,DXGI,0,0,0,Composed: Flip,11874.0544,NA,17.18840000000000,16.66920000000000,0.14180000000000,9.07990000000000,29.0498,11857.0411,17.1551,17.0133,0.1418,16.8546,9.2386,9.2183,0.0203,0.1262,11857.0411,NA
parkey.exe,40372,0x21C0676C560,DXGI,0,0,0,Composed: Flip,11890.1728,NA,16.11840000000000,16.68910000000000,0.14070000000000,7.34060000000000,29.6205,11874.1962,16.1173,15.9766,0.1407,15.8315,7.4857,7.4697,0.0160,0.4660,11874.1962,NA
parkey.exe,40372,0x21C0676C560,DXGI,0,0,0,Composed: Flip,11906.7660,NA,16.59320000000000,16.68960000000000,0.15190000000000,8.64480000000000,29.7169,11890.3135,16.6044,16.4525,0.1519,16.3091,8.7882,8.7707,0.0175,-0.5723,11890.3135,NA
parkey.exe,40372,0x21C0676C560,DXGI,0,0,0,Composed: Flip,11923.8850,NA,17.11900000000000,16.67020000000000,0.14870000000000,8.21810000000000,29.2681,11906.9179,17.1158,16.9671,0.1487,16.9683,8.2169,8.1952,0.0217,-0.0658,11906.9179,NA
parkey.exe,40372,0x21C0676C560,DXGI,0,0,0,Composed: Flip,11940.2227,NA,16.33770000000000,16.68590000000000,0.14230000000000,7.70940000000000,29.6163,11924.0337,16.3313,16.1890,0.1423,16.0371,7.8613,7.8333,0.0280,0.4299,11924.0337,NA
parkey.exe,40372,0x21C0676C560,DXGI,0,0,0,Composed: Flip,11957.2628,NA,17.04010000000000,16.67960000000000,0.14250000000000,9.02460000000000,29.2558,11940.3650,17.0403,16.8978,0.1425,16.7490,9.1734,9.1430,0.0304,-0.3483,11940.3650,NA
parkey.exe,40372,0x21C0676C560,DXGI,0,0,0,Composed: Flip,11973.5316,NA,16.26880000000000,16.67770000000000,0.15520000000000,7.32260000000000,29.6647,11957.4053,16.2815,16.1263,0.1552,15.9742,7.4747,7.4511,0.0236,0.3626,11957.4053,NA
parkey.exe,40372,0x21C0676C560,DXGI,0,0,0,Composed: Flip,11990.0484,NA,16.51680000000000,16.08400000000000,0.13030000000000,8.72600000000000,29.2319,11973.6868,16.4919,16.3616,0.1303,16.2158,8.8718,8.8512,0.0206,0.1975,11973.6868,NA
parkey.exe,40372,0x21C0676C560,DXGI,0,0,0,Composed: Flip,12007.2308,NA,17.18240000000000,17.27720000000000,0.13260000000000,8.75440000000000,29.3267,11990.1787,17.1847,17.0521,0.1326,16.8847,8.9218,8.8995,0.0223,-0.7853,11990.1787,NA
parkey.exe,40372,0x21C0676C560,DXGI,0,0,0,Composed: Flip,12023.4989,NA,16.26810000000000,16.68000000000000,0.16940000000000,6.42520000000000,29.7386,12007.3634,16.3049,16.1355,0.1694,15.9864,6.5743,6.5348,0.0395,0.5047,12007.3634,NA
parkey.exe,40372,0x21C0676C560,DXGI,0,0,0,Composed: Flip,12040.2043,NA,16.70540000000000,16.67500000000000,0.15330000000000,8.72210000000000,29.7082,12023.6683,16.6893,16.5360,0.1533,16.3382,8.9199,8.8999,0.0200,-0.3701,12023.6683,NA
parkey.exe,40372,0x21C0676C560,DXGI,0,0,0,Composed: Flip,12057.4614,NA,17.25710000000000,16.68710000000000,0.15520000000000,7.68420000000000,29.1382,12040.3576,17.2590,17.1038,0.1552,16.9125,7.8755,7.8591,0.0164,0.0022,12040.3576,NA
parkey.exe,40372,0x21C0676C560,DXGI,0,0,0,Composed: Flip,12073.6081,NA,16.14670000000000,16.68650000000000,0.14570000000000,8.69570000000000,29.6780,12057.6166,16.1372,15.9915,0.1457,15.8321,8.8551,8.8381,0.0170,0.5725,12057.6166,NA
parkey.exe,40372,0x21C0676C560,DXGI,0,0,0,Composed: Flip,12090.4150,NA,16.80690000000000,16.67480000000000,0.16610000000000,8.49240000000000,29.5459,12073.7538,16.8273,16.6612,0.1661,16.4699,8.6837,8.6661,0.0176,-0.5376,12073.7538,NA
parkey.exe,40372,0x21C0676C560,DXGI,0,0,0,Composed: Flip,12107.3527,NA,16.93770000000000,16.68460000000000,0.16110000000000,7.69700000000000,29.2928,12090.5811,16.9327,16.7716,0.1611,16.5721,7.8965,7.8746,0.0219,0.1427,12090.5811,NA
parkey.exe,40372,0x21C0676C560,DXGI,0,0,0,Composed: Flip,12124.2807,NA,16.92800000000000,16.66740000000000,0.18610000000000,8.24840000000000,29.0322,12107.5138,16.9530,16.7669,0.1861,16.5826,8.4327,8.4076,0.0251,0.2653,12107.5138,NA
parkey.exe,40372,0x21C0676C560,DXGI,0,0,0,Composed: Flip,12141.2503,NA,16.96960000000000,16.70120000000000,0.16440000000000,7.65390000000000,28.7638,12124.4668,16.9479,16.7835,0.1644,16.5858,7.8516,7.8307,0.0209,0.2518,12124.4668,NA
parkey.exe,40372,0x21C0676C560,DXGI,0,0,0,Composed: Flip,12157.2651,NA,16.01480000000000,16.66640000000000,0.17780000000000,8.63380000000000,29.4154,12141.4147,16.0282,15.8504,0.1778,15.6630,8.8212,8.7488,0.0724,0.2815,12141.4147,NA
parkey.exe,40372,0x21C0676C560,DXGI,0,0,0,Composed: Flip,12173.7182,NA,16.45310000000000,16.67050000000000,0.14680000000000,8.98560000000000,29.6328,12157.4429,16.4221,16.2753,0.1468,16.2083,9.0526,9.0253,0.0273,-0.6423,12157.4429,NA
parkey.exe,40372,0x21C0676C560,DXGI,0,0,0,Composed: Flip,12190.2657,NA,16.54750000000000,16.68360000000000,0.15190000000000,8.15260000000000,29.7689,12173.8650,16.5526,16.4007,0.1519,16.2401,8.3132,8.2951,0.0181,-0.2615,12173.8650,NA
parkey.exe,40372,0x21C0676C560,DXGI,0,0,0,Composed: Flip,12206.9007,NA,16.63500000000000,16.67710000000000,0.14930000000000,9.03800000000000,29.8110,12190.4176,16.6324,16.4831,0.1493,16.2828,9.2383,9.2153,0.0230,-0.1245,12190.4176,NA
parkey.exe,40372,0x21C0676C560,DXGI,0,0,0,Composed: Flip,12224.0684,NA,17.16770000000000,16.68750000000000,0.15780000000000,6.45170000000000,29.3308,12207.0500,17.1762,17.0184,0.1578,16.8654,6.6047,6.5813,0.0234,-0.0551,12207.0500,NA
parkey.exe,40372,0x21C0676C560,DXGI,0,0,0,Composed: Flip,12240.0962,NA,16.02780000000000,15.92590000000000,0.14240000000000,8.66470000000000,29.2289,12224.2262,16.0124,15.8700,0.1424,15.7243,8.8104,8.7920,0.0184,1.2503,12224.2262,NA
parkey.exe,40372,0x21C0676C560,DXGI,0,0,0,Composed: Flip,12257.3498,NA,17.25360000000000,17.42760000000000,0.14010000000000,8.64280000000000,29.4029,12240.2386,17.2513,17.1112,0.1401,16.9383,8.8157,8.7969,0.0188,-1.4152,12240.2386,NA
parkey.exe,40372,0x21C0676C560,DXGI,0,0,0,Composed: Flip,12273.4174,NA,16.06760000000000,16.68200000000000,0.15690000000000,8.12850000000000,30.0173,12257.4899,16.0844,15.9275,0.1569,15.7843,8.2717,8.2547,0.0170,0.5693,12257.4899,NA
parkey.exe,40372,0x21C0676C560,DXGI,0,0,0,Composed: Flip,12290.2547,NA,16.83730000000000,14.55470000000000,0.13780000000000,8.69830000000000,27.7347,12273.5743,16.8182,16.6804,0.1378,16.4821,8.8966,8.8779,0.0187,1.5297,12273.5743,NA
parkey.exe,40372,0x21C0676C560,DXGI,0,0,0,Composed: Flip,12306.8627,NA,16.60800000000000,13.90650000000000,0.14600000000000,9.54360000000000,25.0332,12290.3925,16.6162,16.4702,0.1460,16.3083,9.7055,9.6810,0.0245,2.9117,12290.3925,NA
parkey.exe,40372,0x21C0676C560,DXGI,0,0,0,Composed: Flip,12323.6907,NA,16.82800000000000,20.83820000000000,0.14600000000000,8.23980000000000,29.0434,12307.0087,16.8280,16.6820,0.1460,16.5245,8.3973,8.3699,0.0274,-4.2220,12307.0087,NA
parkey.exe,40372,0x21C0676C560,DXGI,0,0,0,Composed: Flip,12340.1423,NA,16.45160000000000,13.88340000000000,0.17550000000000,9.10200000000000,26.4752,12323.8367,16.4811,16.3056,0.1755,16.1495,9.2581,9.2410,0.0171,2.9446,12323.8367,NA
parkey.exe,40372,0x21C0676C560,DXGI,0,0,0,Composed: Flip,12356.7568,NA,16.61450000000000,13.84260000000000,0.13630000000000,7.74360000000000,23.7033,12340.3178,16.5753,16.4390,0.1363,16.2929,7.8897,7.8697,0.0200,2.6385,12340.3178,NA
parkey.exe,40372,0x21C0676C560,DXGI,0,0,0,Composed: Flip,12373.7642,NA,17.00740000000000,20.91280000000000,0.14170000000000,8.79440000000000,27.6087,12356.8931,17.0128,16.8711,0.1417,16.7114,8.9541,8.9377,0.0164,-4.3375,12356.8931,NA
parkey.exe,40372,0x21C0676C560,DXGI,0,0,0,Composed: Flip,12390.5565,NA,16.79230000000000,13.81410000000000,0.14410000000000,8.89100000000000,24.6305,12373.9059,16.7947,16.6506,0.1441,16.4779,9.0637,9.0425,0.0212,3.1987,12373.9059,NA
parkey.exe,40372,0x21C0676C560,DXGI,0,0,0,Composed: Flip,12406.8077,NA,16.25120000000000,13.89400000000000,0.15670000000000,8.25520000000000,22.2733,12390.7006,16.2638,16.1071,0.1567,15.9636,8.3987,8.3791,0.0196,2.9007,12390.7006,NA
parkey.exe,40372,0x21C0676C560,DXGI,0,0,0,Composed: Flip,12423.4448,NA,16.63710000000000,20.86290000000000,0.13900000000000,8.99030000000000,26.4991,12406.9644,16.6194,16.4804,0.1390,16.3827,9.0880,9.0711,0.0169,-4.5991,12406.9644,NA
parkey.exe,40372,0x21C0676C560,DXGI,0,0,0,Composed: Flip,12440.3600,NA,16.91520000000000,13.86560000000000,0.14020000000000,7.72560000000000,23.4495,12423.5838,16.9164,16.7762,0.1402,16.6115,7.8903,7.8658,0.0245,2.7538,12423.5838,NA
parkey.exe,40372,0x21C0676C560,DXGI,0,0,0,Composed: Flip,12456.7825,NA,16.42250000000000,20.87200000000000,0.23670000000000,8.75100000000000,27.8990,12440.5002,16.5190,16.2823,0.2367,16.1349,8.8984,8.8797,0.0187,-3.9556,12440.5002,NA
parkey.exe,40372,0x21C0676C560,DXGI,0,0,0,Composed: Flip,12473.3833,NA,16.60080000000000,13.86690000000000,0.16080000000000,9.67350000000000,25.1651,12457.0192,16.5249,16.3641,0.1608,16.2157,9.8219,9.7999,0.0220,2.6521,12457.0192,NA
parkey.exe,40372,0x21C0676C560,DXGI,0,0,0,Composed: Flip,12490.9630,NA,17.57970000000000,20.88140000000000,0.13910000000000,8.48500000000000,28.4668,12473.5441,17.5580,17.4189,0.1391,17.1056,8.7983,8.7713,0.0270,-4.3565,12473.5441,NA
parkey.exe,40372,0x21C0676C560,DXGI,0,0,0,Composed: Flip,12506.7550,NA,15.79200000000000,13.87370000000000,0.16440000000000,9.17070000000000,26.5485,12491.1021,15.8173,15.6529,0.1644,15.5044,9.3192,9.3014,0.0178,3.6843,12491.1021,NA
parkey.exe,40372,0x21C0676C560,DXGI,0,0,0,Composed: Flip,12523.6303,NA,16.87530000000000,13.86510000000000,0.21810000000000,7.74910000000000,23.5383,12506.9194,16.9290,16.7109,0.2181,16.5571,7.9029,7.8854,0.0175,1.9522,12506.9194,NA
parkey.exe,40372,0x21C0676C560,DXGI,0,0,0,Composed: Flip,12540.3354,NA,16.70510000000000,20.86070000000000,0.18410000000000,8.64850000000000,27.6939,12523.8484,16.6711,16.4870,0.1841,16.2139,8.9216,8.9032,0.0184,-3.9317,12523.8484,NA
parkey.exe,40372,0x21C0676C560,DXGI,0,0,0,Composed: Flip,12557.2770,NA,16.94160000000000,13.87670000000000,0.16330000000000,9.74910000000000,24.6290,12540.5195,16.9208,16.7575,0.1633,16.7041,9.8025,9.7822,0.0203,2.7944,12540.5195,NA
parkey.exe,40372,0x21C0676C560,DXGI,0,0,0,Composed: Flip,12573.6620,NA,16.38500000000000,20.87990000000000,0.15930000000000,8.24220000000000,29.1239,12557.4403,16.3810,16.2217,0.1593,16.0523,8.4116,8.3932,0.0184,-3.9591,12557.4403,NA
parkey.exe,40372,0x21C0676C560,DXGI,0,0,0,Composed: Flip,12590.2549,NA,16.59290000000000,13.86180000000000,0.16370000000000,9.11370000000000,26.3928,12573.8213,16.5973,16.4336,0.1637,16.2685,9.2788,9.2614,0.0174,2.5192,12573.8213,NA
parkey.exe,40372,0x21C0676C560,DXGI,0,0,0,Composed: Flip,12606.7133,NA,16.45840000000000,13.86170000000000,0.14280000000000,7.75840000000000,23.7961,12590.4186,16.4375,16.2947,0.1428,16.1542,7.8989,7.8824,0.0165,2.7356,12590.4186,NA
parkey.exe,40372,0x21C0676C560,DXGI,0,0,0,Composed: Flip,12623.3925,NA,16.67920000000000,20.92730000000000,0.13340000000000,8.78230000000000,28.0442,12606.8561,16.6698,16.5364,0.1334,16.3931,8.9256,8.9064,0.0192,-4.4898,12606.8561,NA
parkey.exe,40372,0x21C0676C560,DXGI,0,0,0,Composed: Flip,12640.5365,NA,17.14400000000000,13.79980000000000,0.13660000000000,9.18380000000000,24.7000,12623.5259,17.1472,17.0106,0.1366,16.8454,9.3490,9.3292,0.0198,2.8700,12623.5259,NA
parkey.exe,40372,0x21C0676C560,DXGI,0,0,0,Composed: Flip,12656.8777,NA,16.34120000000000,13.88830000000000,0.15610000000000,8.24060000000000,22.2471,12640.6731,16.3607,16.2046,0.1561,16.0510,8.3942,8.3752,0.0190,3.2589,12640.6731,NA
parkey.exe,40372,0x21C0676C560,DXGI,0,0,0,Composed: Flip,12673.4102,NA,16.53250000000000,20.87380000000000,0.14780000000000,8.99940000000000,26.5884,12657.0338,16.5242,16.3764,0.1478,16.2277,9.1481,9.1293,0.0188,-4.5131,12657.0338,NA
parkey.exe,40372,0x21C0676C560,DXGI,0,0,0,Composed: Flip,12690.4469,NA,17.03670000000000,13.85040000000000,0.13190000000000,8.28870000000000,23.4021,12673.5580,17.0208,16.8889,0.1319,16.7506,8.4270,8.4064,0.0206,2.6738,12673.5580,NA
parkey.exe,40372,0x21C0676C560,DXGI,0,0,0,Composed: Flip,12707.2159,NA,16.76900000000000,20.86560000000000,0.22410000000000,8.44170000000000,27.4987,12690.5788,16.8612,16.6371,0.2241,16.1968,8.8820,8.8614,0.0206,-3.8448,12690.5788,NA
parkey.exe,40372,0x21C0676C560,DXGI,0,0,0,Composed: Flip,12723.4812,NA,16.26530000000000,13.85830000000000,0.15290000000000,9.48070000000000,25.0917,12707.4400,16.1941,16.0412,0.1529,15.8857,9.6362,9.6135,0.0227,3.0029,12707.4400,NA
parkey.exe,40372,0x21C0676C560,DXGI,0,0,0,Composed: Flip,12739.9665,NA,16.48530000000000,13.89940000000000,0.13020000000000,8.25940000000000,22.5058,12723.6341,16.4626,16.3324,0.1302,16.2009,8.3909,8.3738,0.0171,2.2947,12723.6341,NA
parkey.exe,40372,0x21C0676C560,DXGI,0,0,0,Composed: Flip,12757.0239,NA,17.05740000000000,20.88480000000000,0.14280000000000,8.97240000000000,26.3332,12740.0967,17.0700,16.9272,0.1428,16.7635,9.1361,9.1093,0.0268,-4.4222,12740.0967,NA
parkey.exe,40372,0x21C0676C560,DXGI,0,0,0,Composed: Flip,12773.4720,NA,16.44810000000000,13.84490000000000,0.15220000000000,7.70190000000000,23.7300,12757.1667,16.4575,16.3053,0.1522,16.1377,7.8695,7.8501,0.0194,3.2251,12757.1667,NA
parkey.exe,40372,0x21C0676C560,DXGI,0,0,0,Composed: Flip,12790.3423,NA,16.87030000000000,23.31700000000000,0.14840000000000,8.66510000000000,30.1767,12773.6242,16.8665,16.7181,0.1484,16.4920,8.8912,8.8718,0.0194,-6.8595,12773.6242,NA
parkey.exe,40372,0x21C0676C560,DXGI,0,0,0,Composed: Flip,12807.0574,NA,16.71510000000000,4.56800000000000,0.15230000000000,9.21890000000000,18.0296,12790.4907,16.7190,16.5667,0.1523,16.4009,9.3847,9.3650,0.0197,12.2985,12790.4907,NA
parkey.exe,40372,0x21C0676C560,DXGI,0,0,0,Composed: Flip,12824.6013,NA,17.54390000000000,28.79320000000000,0.14750000000000,8.24970000000000,29.2789,12807.2097,17.5391,17.3916,0.1475,17.1949,8.4464,8.4266,0.0198,-12.0742,12807.2097,NA
parkey.exe,40372,0x21C0676C560,DXGI,0,0,0,Composed: Flip,12840.4773,NA,15.87600000000000,16.68330000000000,0.15780000000000,9.06330000000000,30.0862,12824.7488,15.8863,15.7285,0.1578,15.7194,9.0724,9.0526,0.0198,0.8558,12824.7488,NA
parkey.exe,40372,0x21C0676C560,DXGI,0,0,0,Composed: Flip,12856.5953,NA,16.11800000000000,16.68190000000000,0.12500000000000,8.15470000000000,30.6501,12840.6351,16.0852,15.9602,0.1250,15.8297,8.2852,8.2672,0.0180,-0.7956,12840.6351,NA
parkey.exe,40372,0x21C0676C560,DXGI,0,0,0,Composed: Flip,12873.3827,NA,16.78740000000000,16.67490000000000,0.14930000000000,8.69240000000000,30.5376,12856.7203,16.8117,16.6624,0.1493,16.5168,8.8380,8.8199,0.0181,-0.5897,12856.7203,NA
parkey.exe,40372,0x21C0676C560,DXGI,0,0,0,Composed: Flip,12890.2693,NA,16.88660000000000,16.68550000000000,0.12980000000000,8.41620000000000,30.3365,12873.5320,16.8671,16.7373,0.1298,16.5950,8.5585,8.5412,0.0173,0.1262,12873.5320,NA
parkey.exe,40372,0x21C0676C560,DXGI,0,0,0,Composed: Flip,12906.6319,NA,16.36260000000000,16.68240000000000,0.14180000000000,8.66200000000000,30.6563,12890.3991,16.3746,16.2328,0.1418,16.0938,8.8010,8.7750,0.0260,0.1847,12890.3991,NA
parkey.exe,40372,0x21C0676C560,DXGI,0,0,0,Composed: Flip,12923.5709,NA,16.93900000000000,16.67380000000000,0.14100000000000,7.66810000000000,30.3911,12906.7737,16.9382,16.7972,0.1410,16.6373,7.8280,7.8096,0.0184,-0.2992,12906.7737,NA
parkey.exe,40372,0x21C0676C560,DXGI,0,0,0,Composed: Flip,12940.1870,NA,16.61610000000000,16.68060000000000,0.13370000000000,8.25130000000000,30.4556,12923.7119,16.6088,16.4751,0.1337,16.3279,8.3985,8.3840,0.0145,0.2576,12923.7119,NA
parkey.exe,40372,0x21C0676C560,DXGI,0,0,0,Composed: Flip,12956.9163,NA,16.72930000000000,16.67910000000000,0.13100000000000,9.07750000000000,30.4054,12940.3207,16.7266,16.5956,0.1310,16.4632,9.2099,9.1879,0.0220,-0.0703,12940.3207,NA
parkey.exe,40372,0x21C0676C560,DXGI,0,0,0,Composed: Flip,12973.7118,NA,16.79550000000000,16.68540000000000,0.16140000000000,8.58850000000000,30.2953,12957.0473,16.8259,16.6645,0.1614,16.5142,8.7388,8.7007,0.0381,0.0412,12957.0473,NA
parkey.exe,40372,0x21C0676C560,DXGI,0,0,0,Composed: Flip,12990.1246,NA,16.41280000000000,16.67010000000000,0.13640000000000,8.05650000000000,30.5526,12973.8732,16.3878,16.2514,0.1364,16.0958,8.2121,8.1938,0.0183,0.1558,12973.8732,NA
parkey.exe,40372,0x21C0676C560,DXGI,0,0,0,Composed: Flip,13006.7312,NA,16.60660000000000,16.68730000000000,0.13770000000000,7.69880000000000,30.6333,12990.2610,16.6079,16.4702,0.1377,16.3259,7.8431,7.8210,0.0221,-0.2995,12990.2610,NA
parkey.exe,40372,0x21C0676C560,DXGI,0,0,0,Composed: Flip,13023.2871,NA,16.55590000000000,16.69650000000000,0.24050000000000,7.74600000000000,30.7739,13006.8689,16.6587,16.4182,0.2405,16.2614,7.9028,7.8865,0.0163,-0.0886,13006.8689,NA
parkey.exe,40372,0x21C0676C560,DXGI,0,0,0,Composed: Flip,13040.6391,NA,17.35200000000000,16.66060000000000,0.13720000000000,9.02940000000000,30.0825,13023.5276,17.2487,17.1115,0.1372,16.9370,9.2039,9.1836,0.0203,-0.0019,13023.5276,NA
parkey.exe,40372,0x21C0676C560,DXGI,0,0,0,Composed: Flip,13056.8157,NA,16.17660000000000,4.38180000000000,0.22270000000000,7.68500000000000,18.2877,13040.7763,16.2621,16.0394,0.2227,15.8824,7.8420,7.8180,0.0240,12.8669,13040.7763,NA
parkey.exe,40372,0x21C0676C560,DXGI,0,0,0,Composed: Flip,13073.2178,NA,16.40210000000000,28.97090000000000,0.12660000000000,8.66420000000000,30.8565,13057.0384,16.3060,16.1794,0.1266,16.0460,8.7976,8.7612,0.0364,-12.7088,13057.0384,NA
parkey.exe,40372,0x21C0676C560,DXGI,0,0,0,Composed: Flip,13090.5971,NA,17.37930000000000,16.70220000000000,0.15720000000000,8.73340000000000,30.1794,13073.3444,17.4099,17.2527,0.1572,17.1031,8.8830,8.8636,0.0194,-0.3962,13073.3444,NA
parkey.exe,40372,0x21C0676C560,DXGI,0,0,0,Composed: Flip,13106.7170,NA,16.11990000000000,16.66830000000000,0.22040000000000,8.11010000000000,30.7278,13090.7543,16.1831,15.9627,0.2204,15.7956,8.2772,8.2594,0.0178,0.7416,13090.7543,NA
parkey.exe,40372,0x21C0676C560,DXGI,0,0,0,Composed: Flip,13123.3830,NA,16.66600000000000,7.10510000000000,0.13600000000000,8.14850000000000,21.1669,13106.9374,16.5816,16.4456,0.1360,16.2967,8.2974,8.2762,0.0212,9.0780,13106.9374,NA
parkey.exe,40372,0x21C0676C560,DXGI,0,0,0,Composed: Flip,13140.1134,NA,16.73040000000000,20.77610000000000,0.13580000000000,9.31250000000000,25.2126,13123.5190,16.7302,16.5944,0.1358,16.4379,9.4690,9.4479,0.0211,-4.1945,13123.5190,NA
parkey.exe,40372,0x21C0676C560,DXGI,0,0,0,Composed: Flip,13156.9792,NA,16.86580000000000,13.88990000000000,0.17030000000000,8.13260000000000,22.2367,13140.2492,16.9003,16.7300,0.1703,16.5718,8.2908,8.2688,0.0220,2.8403,13140.2492,NA
parkey.exe,40372,0x21C0676C560,DXGI,0,0,0,Composed: Flip,13173.7646,NA,16.78540000000000,20.88690000000000,0.14260000000000,9.21940000000000,26.3382,13157.1495,16.7577,16.6151,0.1426,16.4622,9.3723,9.3520,0.0203,-3.9866,13157.1495,NA
parkey.exe,40372,0x21C0676C560,DXGI,0,0,0,Composed: Flip,13190.0154,NA,16.25080000000000,13.85280000000000,0.13030000000000,7.72540000000000,23.9402,13173.9072,16.2385,16.1082,0.1303,15.9677,7.8659,7.8430,0.0229,2.9049,13173.9072,NA
parkey.exe,40372,0x21C0676C560,DXGI,0,0,0,Composed: Flip,13206.9357,NA,16.92030000000000,20.85880000000000,0.19280000000000,8.78250000000000,27.8787,13190.1457,16.9828,16.7900,0.1928,16.6499,8.9226,8.9056,0.0170,-4.6203,13190.1457,NA
parkey.exe,40372,0x21C0676C560,DXGI,0,0,0,Composed: Flip,13223.8198,NA,16.88410000000000,13.85740000000000,0.16550000000000,9.61400000000000,24.8520,13207.1285,16.8568,16.6913,0.1655,16.5201,9.7852,9.7659,0.0193,3.1254,13207.1285,NA
parkey.exe,40372,0x21C0676C560,DXGI,0,0,0,Composed: Flip,13239.9906,NA,16.17080000000000,13.88860000000000,0.13100000000000,8.17200000000000,22.5698,13223.9853,16.1363,16.0053,0.1310,15.8689,8.3084,8.2886,0.0198,2.9682,13223.9853,NA
parkey.exe,40372,0x21C0676C560,DXGI,0,0,0,Composed: Flip,13256.7661,NA,16.77550000000000,20.87490000000000,0.18130000000000,9.12090000000000,26.6692,13240.1216,16.8258,16.6445,0.1813,16.6183,9.1471,9.1275,0.0196,-4.7386,13240.1216,NA
parkey.exe,40372,0x21C0676C560,DXGI,0,0,0,Composed: Flip,13273.6682,NA,16.90210000000000,13.85380000000000,0.15290000000000,7.82530000000000,23.6209,13256.9474,16.8737,16.7208,0.1529,16.5445,8.0016,7.9868,0.0148,2.9720,13256.9474,NA
parkey.exe,40372,0x21C0676C560,DXGI,0,0,0,Composed: Flip,13290.2598,NA,16.59160000000000,20.84160000000000,0.21220000000000,8.63010000000000,27.8709,13273.8211,16.6509,16.4387,0.2122,16.2877,8.7811,8.7592,0.0219,-3.9679,13273.8211,NA
parkey.exe,40372,0x21C0676C560,DXGI,0,0,0,Composed: Flip,13307.1719,NA,16.91210000000000,7.01720000000000,0.18850000000000,9.14350000000000,17.9760,13290.4720,16.8884,16.6999,0.1885,16.4230,9.4204,9.4027,0.0177,9.6337,13290.4720,NA
parkey.exe,40372,0x21C0676C560,DXGI,0,0,0,Composed: Flip,13323.4036,NA,16.23170000000000,29.13420000000000,0.13250000000000,8.28860000000000,30.8785,13307.3604,16.1757,16.0432,0.1325,15.8999,8.4319,8.4095,0.0224,-12.2458,13307.3604,NA
parkey.exe,40372,0x21C0676C560,DXGI,0,0,0,Composed: Flip,13340.4395,NA,17.03590000000000,16.68610000000000,0.16780000000000,8.95690000000000,30.5287,13323.5361,17.0712,16.9034,0.1678,16.7535,9.1068,9.0807,0.0261,-0.5104,13323.5361,NA
parkey.exe,40372,0x21C0676C560,DXGI,0,0,0,Composed: Flip,13356.8782,NA,16.43870000000000,16.71050000000000,0.13840000000000,8.49960000000000,30.8005,13340.6073,16.4093,16.2709,0.1384,16.1137,8.6568,8.6347,0.0221,0.3607,13340.6073,NA
parkey.exe,40372,0x21C0676C560,DXGI,0,0,0,Composed: Flip,13373.5630,NA,16.68480000000000,6.90840000000000,0.14880000000000,9.23780000000000,21.0241,13357.0166,16.6952,16.5464,0.1488,16.3852,9.3990,9.3735,0.0255,9.5009,13357.0166,NA
parkey.exe,40372,0x21C0676C560,DXGI,0,0,0,Composed: Flip,13390.3456,NA,16.78260000000000,13.90010000000000,0.14760000000000,8.93680000000000,18.1416,13373.7118,16.7814,16.6338,0.1476,16.5822,8.9884,8.9648,0.0236,2.7951,13373.7118,NA
parkey.exe,40372,0x21C0676C560,DXGI,0,0,0,Composed: Flip,13406.9233,NA,16.57770000000000,29.20410000000000,0.16360000000000,8.70020000000000,30.7680,13390.4932,16.5937,16.4301,0.1636,16.2296,8.9007,8.8638,0.0369,-12.4227,13390.4932,NA
parkey.exe,40372,0x21C0676C560,DXGI,0,0,0,Composed: Flip,13424.6585,NA,17.73520000000000,16.69340000000000,0.16130000000000,7.57610000000000,29.7262,13407.0869,17.7329,17.5716,0.1613,17.3786,7.7691,7.7429,0.0262,-0.0997,13407.0869,NA
parkey.exe,40372,0x21C0676C560,DXGI,0,0,0,Composed: Flip,13440.2966,NA,15.63810000000000,9.64390000000000,0.14900000000000,8.16310000000000,23.7320,13424.8198,15.6258,15.4768,0.1490,15.3151,8.3248,8.3079,0.0169,8.0890,13424.8198,NA
parkey.exe,40372,0x21C0676C560,DXGI,0,0,0,Composed: Flip,13456.8209,NA,16.52430000000000,23.70040000000000,0.14000000000000,8.83450000000000,30.9081,13440.4456,16.5153,16.3753,0.1400,16.2067,9.0031,8.9826,0.0205,-8.0746,13440.4456,NA
parkey.exe,40372,0x21C0676C560,DXGI,0,0,0,Composed: Flip,13473.5402,NA,16.71930000000000,16.68410000000000,0.17080000000000,8.89160000000000,30.8729,13456.9609,16.7501,16.5793,0.1708,16.4098,9.0611,9.0413,0.0198,-0.1688,13456.9609,NA
parkey.exe,40372,0x21C0676C560,DXGI,0,0,0,Composed: Flip,13490.1927,NA,16.65250000000000,16.67690000000000,0.14690000000000,8.58230000000000,30.8973,13473.7110,16.6286,16.4817,0.1469,16.3313,8.7327,8.7153,0.0174,0.0732,13473.7110,NA
parkey.exe,40372,0x21C0676C560,DXGI,0,0,0,Composed: Flip,13506.9911,NA,16.79840000000000,16.68020000000000,0.14400000000000,8.99840000000000,30.7791,13490.3396,16.7955,16.6515,0.1440,16.5051,9.1448,9.1232,0.0216,-0.0516,13490.3396,NA
parkey.exe,40372,0x21C0676C560,DXGI,0,0,0,Composed: Flip,13523.6107,NA,16.61960000000000,9.61840000000000,0.16210000000000,7.74760000000000,23.7779,13507.1351,16.6377,16.4756,0.1621,16.2944,7.9288,7.9122,0.0166,7.1771,13507.1351,NA
parkey.exe,40372,0x21C0676C560,DXGI,0,0,0,Composed: Flip,13540.5607,NA,16.95000000000000,23.75540000000000,0.14550000000000,8.93130000000000,30.5833,13523.7728,16.9334,16.7879,0.1455,16.6031,9.1161,9.0973,0.0188,-7.1177,13523.7728,NA
parkey.exe,40372,0x21C0676C560,DXGI,0,0,0,Composed: Flip,13557.3096,NA,16.74890000000000,16.67120000000000,0.14770000000000,7.56360000000000,30.5056,13540.7062,16.7511,16.6034,0.1477,16.4215,7.7455,7.7277,0.0178,0.2622,13540.7062,NA
parkey.exe,40372,0x21C0676C560,DXGI,0,0,0,Composed: Flip,13573.9552,NA,16.64560000000000,16.67420000000000,0.38510000000000,8.97960000000000,30.5342,13557.4573,16.8830,16.4979,0.3851,16.2729,9.2046,9.1724,0.0322,0.0769,13557.4573,NA
parkey.exe,40372,0x21C0676C560,DXGI,0,0,0,Composed: Flip,13590.4114,NA,16.45620000000000,16.68200000000000,0.17070000000000,10.11810000000000,30.7600,13574.3403,16.2418,16.0711,0.1707,15.9025,10.2867,10.2642,0.0225,0.2010,13574.3403,NA
parkey.exe,40372,0x21C0676C560,DXGI,0,0,0,Composed: Flip,13606.8426,NA,16.43120000000000,2.61840000000000,0.13630000000000,8.76970000000000,16.9472,13590.5821,16.3968,16.2605,0.1363,16.1140,8.9162,8.8983,0.0179,13.6234,13590.5821,NA
parkey.exe,40372,0x21C0676C560,DXGI,0,0,0,Composed: Flip,13623.4035,NA,16.56090000000000,30.74280000000000,0.13240000000000,8.29150000000000,31.1291,13606.9789,16.5570,16.4246,0.1324,16.2886,8.4275,8.4009,0.0266,-14.3460,13606.9789,NA
parkey.exe,40372,0x21C0676C560,DXGI,0,0,0,Composed: Flip,13639.8474,NA,16.44390000000000,16.68820000000000,0.12140000000000,7.69940000000000,31.3734,13623.5359,16.4329,16.3115,0.1214,16.1839,7.8270,7.8059,0.0211,-0.1312,13623.5359,NA
parkey.exe,40372,0x21C0676C560,DXGI,0,0,0,Composed: Flip,13656.6133,NA,16.76590000000000,16.67050000000000,0.15760000000000,8.56150000000000,31.2780,13639.9688,16.8021,16.6445,0.1576,16.4991,8.7069,8.6792,0.0277,-0.2376,13639.9688,NA
parkey.exe,40372,0x21C0676C560,DXGI,0,0,0,Composed: Flip,13673.5664,NA,16.95310000000000,16.68350000000000,0.12840000000000,9.05160000000000,31.0084,13656.7709,16.9239,16.7955,0.1284,16.6581,9.1890,9.1678,0.0212,0.1186,13656.7709,NA
parkey.exe,40372,0x21C0676C560,DXGI,0,0,0,Composed: Flip,13689.8456,NA,16.27920000000000,16.70250000000000,0.12240000000000,8.56750000000000,31.4317,13673.6948,16.2732,16.1508,0.1224,16.0235,8.6948,8.6777,0.0171,0.2214,13673.6948,NA
parkey.exe,40372,0x21C0676C560,DXGI,0,0,0,Composed: Flip,13706.5686,NA,16.72300000000000,6.69880000000000,0.11950000000000,8.76680000000000,21.4075,13689.9680,16.7201,16.6006,0.1195,16.4513,8.9161,8.8964,0.0197,9.5744,13689.9680,NA
parkey.exe,40372,0x21C0676C560,DXGI,0,0,0,Composed: Flip,13723.3558,NA,16.78720000000000,26.64200000000000,0.15020000000000,7.90710000000000,31.2623,13706.6881,16.8179,16.6677,0.1502,16.5143,8.0605,8.0422,0.0183,-9.9219,13706.6881,NA
parkey.exe,40372,0x21C0676C560,DXGI,0,0,0,Composed: Flip,13739.8742,NA,16.51840000000000,15.04330000000000,0.12190000000000,9.18400000000000,29.7872,13723.5060,16.4901,16.3682,0.1219,16.2455,9.3067,9.2874,0.0193,1.7746,13723.5060,NA
parkey.exe,40372,0x21C0676C560,DXGI,0,0,0,Composed: Flip,13756.9620,NA,17.08780000000000,18.32680000000000,0.39750000000000,9.02860000000000,31.0262,13739.9961,17.3634,16.9659,0.3975,16.8023,9.1922,9.1707,0.0215,-1.8367,13739.9961,NA
parkey.exe,40372,0x21C0676C560,DXGI,0,0,0,Composed: Flip,13774.1647,NA,17.20270000000000,16.66070000000000,0.15630000000000,8.07280000000000,30.4842,13757.3595,16.9615,16.8052,0.1563,16.6501,8.2279,8.2027,0.0252,0.7027,13757.3595,NA
parkey.exe,40372,0x21C0676C560,DXGI,0,0,0,Composed: Flip,13790.3651,NA,16.20040000000000,6.67810000000000,0.14810000000000,9.22140000000000,20.9619,13774.3210,16.1922,16.0441,0.1481,15.8513,9.4142,9.3938,0.0204,10.2834,13774.3210,NA
parkey.exe,40372,0x21C0676C560,DXGI,0,0,0,Composed: Flip,13806.8878,NA,16.52270000000000,13.91040000000000,0.15370000000000,9.34950000000000,18.3496,13790.5132,16.5283,16.3746,0.1537,16.4019,9.3222,9.2995,0.0227,2.2818,13790.5132,NA
parkey.exe,40372,0x21C0676C560,DXGI,0,0,0,Composed: Flip,13823.5281,NA,16.64030000000000,20.76110000000000,0.13820000000000,8.92340000000000,22.4704,13807.0415,16.6248,16.4866,0.1382,16.3376,9.0724,9.0494,0.0230,-4.2328,13807.0415,NA
parkey.exe,40372,0x21C0676C560,DXGI,0,0,0,Composed: Flip,13840.3850,NA,16.85690000000000,13.97130000000000,0.18420000000000,9.08650000000000,19.5848,13823.6663,16.9029,16.7187,0.1842,16.5341,9.2711,9.2536,0.0175,2.6535,13823.6663,NA
parkey.exe,40372,0x21C0676C560,DXGI,0,0,0,Composed: Flip,13857.1003,NA,16.71530000000000,13.87650000000000,0.17120000000000,9.28590000000000,16.7460,13840.5692,16.7023,16.5311,0.1712,16.3493,9.4677,9.4403,0.0274,3.0264,13840.5692,NA
parkey.exe,40372,0x21C0676C560,DXGI,0,0,0,Composed: Flip,13873.4863,NA,16.38600000000000,20.81690000000000,0.15540000000000,9.06300000000000,21.1769,13857.2715,16.3702,16.2148,0.1554,16.0569,9.2209,9.2023,0.0186,-4.1146,13857.2715,NA
parkey.exe,40372,0x21C0676C560,DXGI,0,0,0,Composed: Flip,13890.2466,NA,16.76030000000000,13.92480000000000,0.15770000000000,9.54170000000000,18.3414,13873.6417,16.7626,16.6049,0.1577,16.4429,9.7037,9.6839,0.0198,2.4454,13873.6417,NA
parkey.exe,40372,0x21C0676C560,DXGI,0,0,0,Composed: Flip,13906.8175,NA,16.57090000000000,20.82310000000000,0.15000000000000,8.85880000000000,22.5936,13890.4043,16.5632,16.4132,0.1500,16.2712,9.0008,8.9797,0.0211,-4.0605,13890.4043,NA
parkey.exe,40372,0x21C0676C560,DXGI,0,0,0,Composed: Flip,13923.5760,NA,16.75850000000000,25.36580000000000,0.13770000000000,9.01330000000000,31.2009,13906.9675,16.7462,16.6085,0.1377,16.4541,9.1677,9.1504,0.0173,-8.8026,13906.9675,NA
parkey.exe,40372,0x21C0676C560,DXGI,0,0,0,Composed: Flip,13940.3348,NA,16.75880000000000,2.40690000000000,0.13930000000000,9.10010000000000,16.8490,13923.7137,16.7604,16.6211,0.1393,16.4638,9.2574,9.2397,0.0177,14.3393,13923.7137,NA
parkey.exe,40372,0x21C0676C560,DXGI,0,0,0,Composed: Flip,13956.6901,NA,16.35530000000000,20.84290000000000,0.12710000000000,9.34120000000000,21.3366,13940.4741,16.3431,16.2160,0.1271,16.0784,9.4788,9.4539,0.0249,-4.0825,13940.4741,NA
parkey.exe,40372,0x21C0676C560,DXGI,0,0,0,Composed: Flip,13973.5915,NA,16.90140000000000,20.77160000000000,0.21950000000000,9.25920000000000,25.2068,13956.8172,16.9938,16.7743,0.2195,16.6247,9.4088,9.3892,0.0196,-4.4285,13956.8172,NA
parkey.exe,40372,0x21C0676C560,DXGI,0,0,0,Composed: Flip,13990.2485,NA,16.65700000000000,20.88790000000000,0.20500000000000,9.24080000000000,29.4377,13973.8110,16.6425,16.4375,0.2050,16.2891,9.3892,9.3693,0.0199,-3.8941,13973.8110,NA
parkey.exe,40372,0x21C0676C560,DXGI,0,0,0,Composed: Flip,14006.9636,NA,16.71510000000000,13.89030000000000,0.14270000000000,8.96880000000000,26.6129,13990.4535,16.6528,16.5101,0.1427,16.3491,9.1298,9.1072,0.0226,2.7522,13990.4535,NA
parkey.exe,40372,0x21C0676C560,DXGI,0,0,0,Composed: Flip,14023.5667,NA,16.60310000000000,13.84440000000000,0.16100000000000,7.63730000000000,23.8542,14007.1063,16.6214,16.4604,0.1610,16.3126,7.7851,7.7660,0.0191,2.8084,14007.1063,NA
parkey.exe,40372,0x21C0676C560,DXGI,0,0,0,Composed: Flip,14040.2612,NA,16.69450000000000,20.87030000000000,0.14700000000000,9.64990000000000,28.0300,14023.7277,16.6805,16.5335,0.1470,16.3480,9.8354,9.8189,0.0165,-4.2489,14023.7277,NA
parkey.exe,40372,0x21C0676C560,DXGI,0,0,0,Composed: Flip,14057.1594,NA,16.89820000000000,13.87140000000000,0.15790000000000,9.76130000000000,25.0032,14040.4082,16.9091,16.7512,0.1579,16.5773,9.9352,9.9125,0.0227,2.8091,14040.4082,NA
parkey.exe,40372,0x21C0676C560,DXGI,0,0,0,Composed: Flip,14073.4658,NA,16.30640000000000,20.85970000000000,0.15710000000000,9.17370000000000,29.5565,14057.3173,16.3056,16.1485,0.1571,15.9913,9.3309,9.2668,0.0641,-3.9506,14057.3173,NA
parkey.exe,40372,0x21C0676C560,DXGI,0,0,0,Composed: Flip,14090.4471,NA,16.98130000000000,13.89020000000000,0.16890000000000,9.42980000000000,26.4654,14073.6229,16.9931,16.8242,0.1689,16.6522,9.6018,9.5825,0.0193,2.4154,14073.6229,NA
parkey.exe,40372,0x21C0676C560,DXGI,0,0,0,Composed: Flip,14106.6971,NA,16.25000000000000,13.85330000000000,0.13060000000000,9.05120000000000,24.0687,14090.6160,16.2117,16.0811,0.1306,15.9424,9.1899,9.1605,0.0294,3.1398,14090.6160,NA
parkey.exe,40372,0x21C0676C560,DXGI,0,0,0,Composed: Flip,14123.5085,NA,16.81140000000000,20.87660000000000,0.14400000000000,8.63130000000000,28.1339,14106.8277,16.8248,16.6808,0.1440,16.5283,8.7838,8.7658,0.0180,-4.6649,14106.8277,NA
parkey.exe,40372,0x21C0676C560,DXGI,0,0,0,Composed: Flip,14140.0901,NA,16.58160000000000,13.85680000000000,0.13820000000000,9.30860000000000,25.4091,14123.6525,16.5758,16.4376,0.1382,16.2848,9.4614,9.4409,0.0205,2.9680,14123.6525,NA
parkey.exe,40372,0x21C0676C560,DXGI,0,0,0,Composed: Flip,14156.7327,NA,16.64260000000000,20.87570000000000,0.14900000000000,9.31840000000000,29.6422,14140.2283,16.6534,16.5044,0.1490,16.3507,9.4721,9.4525,0.0196,-4.2999,14140.2283,NA
parkey.exe,40372,0x21C0676C560,DXGI,0,0,0,Composed: Flip,14173.3956,NA,16.66290000000000,13.84070000000000,0.13390000000000,9.15700000000000,26.8200,14156.8817,16.6478,16.5139,0.1339,16.3646,9.3063,9.2621,0.0442,2.8127,14156.8817,NA
parkey.exe,40372,0x21C0676C560,DXGI,0,0,0,Composed: Flip,14190.3599,NA,16.96430000000000,13.90890000000000,0.16780000000000,9.17440000000000,23.7646,14173.5295,16.9982,16.8304,0.1678,16.6424,9.3624,9.3430,0.0194,2.7389,14173.5295,NA
parkey.exe,40372,0x21C0676C560,DXGI,0,0,0,Composed: Flip,14207.2846,NA,16.92470000000000,20.87220000000000,0.14990000000000,8.99800000000000,27.7121,14190.5277,16.9068,16.7569,0.1499,16.4629,9.2920,9.2754,0.0166,-3.8740,14190.5277,NA
parkey.exe,40372,0x21C0676C560,DXGI,0,0,0,Composed: Flip,14223.7535,NA,16.46890000000000,13.85740000000000,0.16420000000000,9.17820000000000,25.1006,14207.4345,16.4832,16.3190,0.1642,16.1549,9.3423,9.3114,0.0309,3.0494,14207.4345,NA
parkey.exe,40372,0x21C0676C560,DXGI,0,0,0,Composed: Flip,14239.9296,NA,16.17610000000000,20.88050000000000,0.15150000000000,9.52430000000000,29.8050,14223.9177,16.1634,16.0119,0.1515,15.8700,9.6662,9.6389,0.0273,-4.3973,14223.9177,NA
parkey.exe,40372,0x21C0676C560,DXGI,0,0,0,Composed: Flip,14256.7683,NA,16.83870000000000,13.82830000000000,0.16450000000000,9.39050000000000,26.7946,14240.0811,16.8517,16.6872,0.1645,16.5319,9.5458,9.5130,0.0328,2.3351,14240.0811,NA
parkey.exe,40372,0x21C0676C560,DXGI,0,0,0,Composed: Flip,14273.4191,NA,16.65080000000000,13.89860000000000,0.15160000000000,9.45970000000000,24.0424,14256.9328,16.6379,16.4863,0.1516,16.3295,9.6165,9.5962,0.0203,2.9531,14256.9328,NA
parkey.exe,40372,0x21C0676C560,DXGI,0,0,0,Composed: Flip,14289.9895,NA,16.57040000000000,20.87790000000000,0.13110000000000,9.19210000000000,28.3499,14273.5707,16.5499,16.4188,0.1311,16.2846,9.3263,9.3093,0.0170,-4.2400,14273.5707,NA
parkey.exe,40372,0x21C0676C560,DXGI,0,0,0,Composed: Flip,14306.7446,NA,16.75510000000000,13.84890000000000,0.13510000000000,9.15250000000000,25.4437,14290.1206,16.7591,16.6240,0.1351,16.5404,9.2361,9.2202,0.0159,2.7010,14290.1206,NA
parkey.exe,40372,0x21C0676C560,DXGI,0,0,0,Composed: Flip,14323.5941,NA,16.84950000000000,20.89040000000000,0.13670000000000,9.14450000000000,29.4846,14306.8797,16.8511,16.7144,0.1367,16.5531,9.3058,9.2768,0.0290,-4.1313,14306.8797,NA
parkey.exe,40372,0x21C0676C560,DXGI,0,0,0,Composed: Flip,14339.9419,NA,16.34780000000000,13.87780000000000,0.16580000000000,9.10080000000000,27.0146,14323.7308,16.3769,16.2111,0.1658,16.0654,9.2465,9.2264,0.0201,2.9733,14323.7308,NA
parkey.exe,40372,0x21C0676C560,DXGI,0,0,0,Composed: Flip,14356.5602,NA,16.61830000000000,13.84950000000000,0.12150000000000,9.12280000000000,24.2458,14340.1077,16.5740,16.4525,0.1215,16.3268,9.2485,9.2300,0.0185,2.5274,14340.1077,NA
parkey.exe,40372,0x21C0676C560,DXGI,0,0,0,Composed: Flip,14373.5167,NA,16.95650000000000,20.87720000000000,0.15980000000000,9.12040000000000,28.1665,14356.6817,16.9948,16.8350,0.1598,16.6693,9.2861,9.2550,0.0311,-4.3032,14356.6817,NA
parkey.exe,40372,0x21C0676C560,DXGI,0,0,0,Composed: Flip,14390.0381,NA,16.52140000000000,13.85830000000000,0.14020000000000,9.03870000000000,25.5034,14373.6765,16.5018,16.3616,0.1402,16.1870,9.2133,9.1938,0.0195,3.1365,14373.6765,NA
parkey.exe,40372,0x21C0676C560,DXGI,0,0,0,Composed: Flip,14406.6609,NA,16.62280000000000,20.88190000000000,0.15800000000000,9.41450000000000,29.7625,14390.1783,16.6406,16.4826,0.1580,16.3349,9.5622,9.5418,0.0204,-4.3801,14390.1783,NA
parkey.exe,40372,0x21C0676C560,DXGI,0,0,0,Composed: Flip,14423.4424,NA,16.78150000000000,13.87620000000000,0.13320000000000,9.10570000000000,26.8572,14406.8189,16.7567,16.6235,0.1332,16.4633,9.2659,9.2458,0.0201,2.7644,14406.8189,NA
parkey.exe,40372,0x21C0676C560,DXGI,0,0,0,Composed: Flip,14439.9096,NA,16.46720000000000,13.86100000000000,0.12570000000000,9.07630000000000,24.2510,14423.5756,16.4597,16.3340,0.1257,16.2006,9.2097,9.1908,0.0189,2.8957,14423.5756,NA
parkey.exe,40372,0x21C0676C560,DXGI,0,0,0,Composed: Flip,14456.6491,NA,16.73950000000000,20.83080000000000,0.13690000000000,9.20040000000000,28.3423,14440.0353,16.7507,16.6138,0.1369,16.4700,9.3442,9.3220,0.0222,-4.3711,14440.0353,NA
parkey.exe,40372,0x21C0676C560,DXGI,0,0,0,Composed: Flip,14473.4773,NA,16.82820000000000,7.01120000000000,0.17050000000000,9.27280000000000,18.5253,14456.7860,16.8618,16.6913,0.1705,16.5474,9.4167,9.3997,0.0170,9.7395,14456.7860,NA
parkey.exe,40372,0x21C0676C560,DXGI,0,0,0,Composed: Flip,14489.9399,NA,16.46260000000000,20.77460000000000,0.12870000000000,9.37930000000000,22.8373,14473.6478,16.4208,16.2921,0.1287,16.1520,9.5194,9.5014,0.0180,-3.9128,14473.6478,NA
parkey.exe,40372,0x21C0676C560,DXGI,0,0,0,Composed: Flip,14506.4311,NA,16.49120000000000,13.95500000000000,0.13040000000000,9.18780000000000,20.3011,14490.0686,16.4929,16.3625,0.1304,16.2333,9.3170,9.2996,0.0174,2.4658,14490.0686,NA
parkey.exe,40372,0x21C0676C560,DXGI,0,0,0,Composed: Flip,14523.1565,NA,16.72540000000000,28.59640000000000,0.16840000000000,9.12120000000000,32.1721,14506.5615,16.7634,16.5950,0.1684,16.4501,9.2661,9.2472,0.0189,-12.1035,14506.5615,NA
parkey.exe,40372,0x21C0676C560,DXGI,0,0,0,Composed: Flip,14539.9585,NA,16.80200000000000,6.14570000000000,0.12700000000000,9.25040000000000,21.5158,14523.3249,16.7606,16.6336,0.1270,16.4972,9.3868,9.3690,0.0178,10.6177,14523.3249,NA
parkey.exe,40372,0x21C0676C560,DXGI,0,0,0,Composed: Flip,14556.5206,NA,16.56210000000000,13.87110000000000,0.13350000000000,9.14130000000000,18.8248,14540.0855,16.5686,16.4351,0.1335,16.2868,9.2896,9.2718,0.0178,2.8895,14540.0855,NA
parkey.exe,40372,0x21C0676C560,DXGI,0,0,0,Composed: Flip,14573.1815,NA,16.66090000000000,20.79460000000000,0.12710000000000,9.35730000000000,22.9585,14556.6541,16.6545,16.5274,0.1271,16.4052,9.4795,9.4644,0.0151,-4.2260,14556.6541,NA
parkey.exe,40372,0x21C0676C560,DXGI,0,0,0,Composed: Flip,14590.8843,NA,17.70280000000000,13.93750000000000,0.16900000000000,8.97120000000000,19.1932,14573.3086,17.7447,17.5757,0.1690,17.4033,9.1436,9.1256,0.0180,2.7170,14573.3086,NA
parkey.exe,40372,0x21C0676C560,DXGI,0,0,0,Composed: Flip,14606.6154,NA,15.73110000000000,13.94040000000000,0.13350000000000,9.22720000000000,17.4025,14591.0533,15.6956,15.5621,0.1335,15.4377,9.3516,9.3344,0.0172,3.8043,14591.0533,NA
parkey.exe,40372,0x21C0676C560,DXGI,0,0,0,Composed: Flip,14623.6114,NA,16.99600000000000,31.33230000000000,0.19770000000000,9.08230000000000,31.7388,14606.7489,17.0602,16.8625,0.1977,16.6676,9.2772,9.2572,0.0200,-15.6367,14606.7489,NA
parkey.exe,40372,0x21C0676C560,DXGI,0,0,0,Composed: Flip,14640.9859,NA,17.37450000000000,3.35260000000000,0.18960000000000,9.12880000000000,17.7169,14623.8091,17.3664,17.1768,0.1896,16.8836,9.4220,9.3879,0.0341,13.7076,14623.8091,NA
parkey.exe,40372,0x21C0676C560,DXGI,0,0,0,Composed: Flip,14658.2656,NA,17.27970000000000,20.78080000000000,0.19970000000000,9.02850000000000,21.2180,14641.1755,17.2898,17.0901,0.1997,16.8657,9.2529,9.2295,0.0234,-3.4144,14641.1755,NA
parkey.exe,40372,0x21C0676C560,DXGI,0,0,0,Composed: Flip,14674.0103,NA,15.74470000000000,13.96430000000000,0.18450000000000,9.19350000000000,19.4376,14658.4653,15.7295,15.5450,0.1845,15.4150,9.3235,9.2995,0.0240,3.3255,14658.4653,NA
parkey.exe,40372,0x21C0676C560,DXGI,0,0,0,Composed: Flip,14690.3429,NA,16.33260000000000,13.88650000000000,0.13580000000000,9.01400000000000,16.9915,14674.1948,16.2839,16.1481,0.1358,15.9925,9.1696,9.1506,0.0190,1.8430,14674.1948,NA
parkey.exe,40372,0x21C0676C560,DXGI,0,0,0,Composed: Flip,14706.7720,NA,16.42910000000000,20.83790000000000,0.14810000000000,9.39040000000000,21.4003,14690.4787,16.4414,16.2933,0.1481,16.1434,9.5403,9.5235,0.0168,-4.5540,14690.4787,NA
parkey.exe,40372,0x21C0676C560,DXGI,0,0,0,Composed: Flip,14723.5006,NA,16.72860000000000,27.26310000000000,0.18270000000000,9.08840000000000,31.9348,14706.9201,16.7632,16.5805,0.1827,16.4105,9.2584,9.2132,0.0452,-10.8217,14706.9201,NA
parkey.exe,40372,0x21C0676C560,DXGI,0,0,0,Composed: Flip,14739.9549,NA,16.45430000000000,7.38790000000000,0.14400000000000,8.78170000000000,22.8684,14723.6833,16.4156,16.2716,0.1440,16.1406,8.9127,8.8929,0.0198,9.3753,14723.6833,NA
parkey.exe,40372,0x21C0676C560,DXGI,0,0,0,Composed: Flip,14757.1183,NA,17.16340000000000,13.98620000000000,0.18420000000000,9.49360000000000,19.6912,14740.0989,17.2036,17.0194,0.1842,16.8258,9.6872,9.6685,0.0187,2.4294,14740.0989,NA
parkey.exe,40372,0x21C0676C560,DXGI,0,0,0,Composed: Flip,14774.0454,NA,16.92710000000000,20.74310000000000,0.17760000000000,9.05660000000000,23.5072,14757.3025,16.9205,16.7429,0.1776,16.5311,9.2684,9.2400,0.0284,-3.5395,14757.3025,NA
parkey.exe,40372,0x21C0676C560,DXGI,0,0,0,Composed: Flip,14790.4061,NA,16.36070000000000,13.95020000000000,0.19720000000000,9.01670000000000,21.0967,14774.2230,16.3803,16.1831,0.1972,15.9757,9.2241,9.2051,0.0190,2.9703,14774.2230,NA
parkey.exe,40372,0x21C0676C560,DXGI,0,0,0,Composed: Flip,14807.5293,NA,17.12320000000000,20.77180000000000,0.16110000000000,9.23560000000000,24.7453,14790.6033,17.0871,16.9260,0.1611,16.7094,9.4522,9.4363,0.0159,-4.3915,14790.6033,NA
parkey.exe,40372,0x21C0676C560,DXGI,0,0,0,Composed: Flip,14823.5974,NA,16.06810000000000,20.88520000000000,0.17990000000000,9.26880000000000,29.5624,14807.6904,16.0869,15.9070,0.1799,15.7457,9.4301,9.4112,0.0189,-3.7981,14807.6904,NA
parkey.exe,40372,0x21C0676C560,DXGI,0,0,0,Composed: Flip,14840.2659,NA,16.66850000000000,13.84270000000000,0.17290000000000,9.02710000000000,26.7366,14823.7773,16.6615,16.4886,0.1729,16.3205,9.1952,9.1766,0.0186,2.2442,14823.7773,NA
parkey.exe,40372,0x21C0676C560,DXGI,0,0,0,Composed: Flip,14856.8969,NA,16.63100000000000,13.89660000000000,0.18290000000000,9.37110000000000,24.0022,14840.4388,16.6410,16.4581,0.1829,16.2882,9.5410,9.5193,0.0217,2.7649,14840.4388,NA
parkey.exe,40372,0x21C0676C560,DXGI,0,0,0,Composed: Flip,14873.6314,NA,16.73450000000000,20.88780000000000,0.15440000000000,9.26640000000000,28.1555,14857.0798,16.7060,16.5516,0.1544,16.3771,9.4409,9.4194,0.0215,-4.2468,14857.0798,NA
parkey.exe,40372,0x21C0676C560,DXGI,0,0,0,Composed: Flip,14890.5033,NA,16.87190000000000,13.85560000000000,0.17850000000000,9.19370000000000,25.1392,14873.7858,16.8960,16.7175,0.1785,16.5378,9.3734,9.3494,0.0240,2.8504,14873.7858,NA
parkey.exe,40372,0x21C0676C560,DXGI,0,0,0,Composed: Flip,14907.0348,NA,16.53150000000000,20.87110000000000,0.18690000000000,9.12800000000000,29.4788,14890.6818,16.5399,16.3530,0.1869,16.1822,9.2988,9.2749,0.0239,-3.9751,14890.6818,NA
parkey.exe,40372,0x21C0676C560,DXGI,0,0,0,Composed: Flip,14923.6081,NA,16.57330000000000,13.83640000000000,0.16030000000000,9.20310000000000,26.7419,14907.2217,16.5467,16.3864,0.1603,16.2371,9.3524,9.3264,0.0260,2.7035,14907.2217,NA
parkey.exe,40372,0x21C0676C560,DXGI,0,0,0,Composed: Flip,14940.2618,NA,16.65370000000000,13.90050000000000,0.16600000000000,9.36560000000000,23.9887,14923.7684,16.6594,16.4934,0.1660,16.3143,9.5447,9.5234,0.0213,2.6462,14923.7684,NA
parkey.exe,40372,0x21C0676C560,DXGI,0,0,0,Composed: Flip,14957.5034,NA,17.24160000000000,20.83240000000000,0.18710000000000,8.90910000000000,27.5795,14940.4278,17.2627,17.0756,0.1871,16.7781,9.2066,9.1866,0.0200,-4.1730,14940.4278,NA
parkey.exe,40372,0x21C0676C560,DXGI,0,0,0,Composed: Flip,14974.4077,NA,16.90430000000000,7.03280000000000,0.19740000000000,9.16890000000000,17.7080,14957.6905,16.9146,16.7172,0.1974,16.4872,9.3989,9.3800,0.0189,10.2299,14957.6905,NA
parkey.exe,40372,0x21C0676C560,DXGI,0,0,0,Composed: Flip,14990.7541,NA,16.34640000000000,20.76360000000000,0.18340000000000,9.07800000000000,22.1252,14974.6051,16.3324,16.1490,0.1834,15.9606,9.2664,9.2377,0.0287,-3.8490,14974.6051,NA
parkey.exe,40372,0x21C0676C560,DXGI,0,0,0,Composed: Flip,15007.7753,NA,17.02120000000000,13.95970000000000,0.33080000000000,9.19560000000000,19.0637,14990.9375,17.1686,16.8378,0.3308,16.5899,9.4435,9.4123,0.0312,2.3727,14990.9375,NA
parkey.exe,40372,0x21C0676C560,DXGI,0,0,0,Composed: Flip,15024.1562,NA,16.38090000000000,28.85150000000000,0.22360000000000,7.81600000000000,31.5343,15008.1061,16.2737,16.0501,0.2236,15.8627,8.0034,7.9833,0.0201,-11.6829,15008.1061,NA
parkey.exe,40372,0x21C0676C560,DXGI,0,0,0,Composed: Flip,15040.4247,NA,16.26850000000000,5.86420000000000,0.18330000000000,9.12310000000000,21.1300,15024.3798,16.2282,16.0449,0.1833,15.8481,9.3199,9.2985,0.0214,10.4095,15024.3798,NA
parkey.exe,40372,0x21C0676C560,DXGI,0,0,0,Composed: Flip,15057.1731,NA,16.74840000000000,13.89710000000000,0.16580000000000,9.16970000000000,18.2787,15040.6080,16.7309,16.5651,0.1658,16.4022,9.3326,9.3115,0.0211,2.3311,15040.6080,NA
parkey.exe,40372,0x21C0676C560,DXGI,0,0,0,Composed: Flip,15073.9602,NA,16.78710000000000,20.88020000000000,0.20030000000000,8.95250000000000,22.3718,15057.3389,16.8216,16.6213,0.2003,16.4345,9.1393,9.1072,0.0321,-4.1493,15057.3389,NA
parkey.exe,40372,0x21C0676C560,DXGI,0,0,0,Composed: Flip,15090.4236,NA,16.46340000000000,13.88510000000000,0.24860000000000,9.26840000000000,19.7935,15074.1605,16.5117,16.2631,0.2486,16.0865,9.4450,9.4091,0.0359,2.9365,15074.1605,NA
parkey.exe,40372,0x21C0676C560,DXGI,0,0,0,Composed: Flip,15108.3480,NA,17.92440000000000,20.73940000000000,0.41640000000000,8.82270000000000,22.6085,15090.6722,18.0922,17.6758,0.4164,17.4544,9.0441,9.0096,0.0345,-4.2277,15090.6722,NA
parkey.exe,40372,0x21C0676C560,DXGI,0,0,0,Composed: Flip,15123.9467,NA,15.59870000000000,24.79940000000000,0.20530000000000,9.40830000000000,31.8092,15108.7644,15.3876,15.1823,0.2053,14.9824,9.6082,9.5845,0.0237,-6.7072,15108.7644,NA
parkey.exe,40372,0x21C0676C560,DXGI,0,0,0,Composed: Flip,15140.4389,NA,16.49220000000000,3.06530000000000,0.20230000000000,9.06310000000000,18.3823,15124.1520,16.4892,16.2869,0.2023,16.1038,9.2462,9.2213,0.0249,12.3223,15124.1520,NA
parkey.exe,40372,0x21C0676C560,DXGI,0,0,0,Composed: Flip,15156.9613,NA,16.52240000000000,20.79790000000000,0.19570000000000,8.87120000000000,22.6578,15140.6412,16.5158,16.3201,0.1957,16.1466,9.0447,9.0154,0.0293,-4.3087,15140.6412,NA
parkey.exe,40372,0x21C0676C560,DXGI,0,0,0,Composed: Flip,15173.5334,NA,16.57210000000000,13.92350000000000,0.22390000000000,9.27630000000000,20.0092,15157.1570,16.6003,16.3764,0.2239,16.2212,9.4315,9.3891,0.0424,2.5923,15157.1570,NA
parkey.exe,40372,0x21C0676C560,DXGI,0,0,0,Composed: Flip,15190.3597,NA,16.82630000000000,13.86850000000000,0.19430000000000,9.09060000000000,17.0514,15173.7573,16.7967,16.6024,0.1943,16.4345,9.2585,9.2365,0.0220,2.7318,15173.7573,NA
parkey.exe,40372,0x21C0676C560,DXGI,0,0,0,Composed: Flip,15206.7802,NA,16.42050000000000,20.84560000000000,0.17310000000000,9.11820000000000,21.4765,15190.5540,16.3993,16.2262,0.1731,16.0722,9.2722,9.2401,0.0321,-4.0489,15190.5540,NA
parkey.exe,40372,0x21C0676C560,DXGI,0,0,0,Composed: Flip,15223.8691,NA,17.08890000000000,27.57890000000000,0.19150000000000,9.20770000000000,31.9665,15206.9533,17.1073,16.9158,0.1915,16.7462,9.3773,9.3547,0.0226,-11.1796,15206.9533,NA
parkey.exe,40372,0x21C0676C560,DXGI,0,0,0,Composed: Flip,15240.1440,NA,16.27490000000000,7.15780000000000,0.16640000000000,9.15640000000000,22.8494,15224.0606,16.2498,16.0834,0.1664,15.9290,9.3108,9.2866,0.0242,9.9495,15224.0606,NA
parkey.exe,40372,0x21C0676C560,DXGI,0,0,0,Composed: Flip,15258.1579,NA,18.01390000000000,13.88320000000000,0.16570000000000,8.96910000000000,18.7187,15240.3104,18.0132,17.8475,0.1657,17.6877,9.1289,9.1073,0.0216,2.3666,15240.3104,NA
parkey.exe,40372,0x21C0676C560,DXGI,0,0,0,Composed: Flip,15273.2626,NA,15.10470000000000,13.88390000000000,0.17480000000000,9.09630000000000,17.4979,15258.3236,15.1138,14.9390,0.1748,14.7942,9.2411,9.2211,0.0200,4.1293,15258.3236,NA
parkey.exe,40372,0x21C0676C560,DXGI,0,0,0,Composed: Flip,15290.8316,NA,17.56900000000000,20.82640000000000,0.13690000000000,8.99440000000000,20.7553,15273.4374,17.5311,17.3942,0.1369,17.1316,9.2570,9.2377,0.0193,-5.7126,15273.4374,NA
parkey.exe,40372,0x21C0676C560,DXGI,0,0,0,Composed: Flip,15306.4953,NA,15.66370000000000,13.90220000000000,0.12910000000000,9.24480000000000,18.9938,15290.9685,15.6559,15.5268,0.1291,15.3927,9.3789,9.3607,0.0182,3.6289,15290.9685,NA
parkey.exe,40372,0x21C0676C560,DXGI,0,0,0,Composed: Flip,15323.1311,NA,16.63580000000000,30.42580000000000,0.15600000000000,9.46940000000000,32.7838,15306.6244,16.6627,16.5067,0.1560,16.3554,9.6207,9.6027,0.0180,-14.7699,15306.6244,NA
parkey.exe,40372,0x21C0676C560,DXGI,0,0,0,Composed: Flip,15340.0778,NA,16.94670000000000,4.31500000000000,0.19760000000000,9.01550000000000,20.1521,15323.2871,16.9883,16.7907,0.1976,16.6002,9.2060,9.1856,0.0204,12.3477,15323.2871,NA
parkey.exe,40372,0x21C0676C560,DXGI,0,0,0,Composed: Flip,15356.7297,NA,16.65190000000000,13.87980000000000,0.13810000000000,9.07450000000000,17.3800,15340.2754,16.5924,16.4543,0.1381,16.3108,9.2180,9.1984,0.0196,3.1085,15340.2754,NA
parkey.exe,40372,0x21C0676C560,DXGI,0,0,0,Composed: Flip,15373.4781,NA,16.74840000000000,20.83980000000000,0.17910000000000,9.03560000000000,21.4714,15356.8678,16.7894,16.6103,0.1791,16.4189,9.2270,9.2079,0.0191,-4.2474,15356.8678,NA
parkey.exe,40372,0x21C0676C560,DXGI,0,0,0,Composed: Flip,15390.5255,NA,17.04740000000000,13.87960000000000,0.17430000000000,9.26010000000000,18.3036,15373.6572,17.0426,16.8683,0.1743,16.6865,9.4419,9.4064,0.0355,2.9098,15373.6572,NA
parkey.exe,40372,0x21C0676C560,DXGI,0,0,0,Composed: Flip,15406.8373,NA,16.31180000000000,20.81290000000000,0.19790000000000,9.09310000000000,22.8047,15390.6998,16.3354,16.1375,0.1979,15.9522,9.2784,9.2598,0.0186,-3.7703,15390.6998,NA
parkey.exe,40372,0x21C0676C560,DXGI,0,0,0,Composed: Flip,15423.6406,NA,16.80330000000000,26.41730000000000,0.18040000000000,9.03810000000000,32.4187,15407.0352,16.7858,16.6054,0.1804,16.4113,9.2322,9.2113,0.0209,-10.0819,15407.0352,NA
parkey.exe,40372,0x21C0676C560,DXGI,0,0,0,Composed: Flip,15439.9199,NA,16.27930000000000,1.46850000000000,0.15580000000000,9.12860000000000,17.6079,15423.8210,16.2547,16.0989,0.1558,15.9525,9.2750,9.2573,0.0177,15.3173,15423.8210,NA
parkey.exe,40372,0x21C0676C560,DXGI,0,0,0,Composed: Flip,15457.7535,NA,17.83360000000000,20.76090000000000,0.20890000000000,8.98380000000000,20.5352,15440.0757,17.8867,17.6778,0.2089,17.3801,9.2815,9.2572,0.0243,-4.5062,15440.0757,NA
parkey.exe,40372,0x21C0676C560,DXGI,0,0,0,Composed: Flip,15473.3601,NA,15.60660000000000,13.90520000000000,0.17100000000000,8.40350000000000,18.8338,15457.9624,15.5687,15.3977,0.1710,15.2537,8.5475,8.5312,0.0163,3.9815,15457.9624,NA
parkey.exe,40372,0x21C0676C560,DXGI,0,0,0,Composed: Flip,15489.9149,NA,16.55480000000000,20.75850000000000,0.18190000000000,9.33820000000000,23.0375,15473.5311,16.5657,16.3838,0.1819,16.2312,9.4908,9.4701,0.0207,-5.1898,15473.5311,NA
parkey.exe,40372,0x21C0676C560,DXGI,0,0,0,Composed: Flip,15506.4950,NA,16.58010000000000,13.96760000000000,0.15960000000000,9.08060000000000,20.4250,15490.0968,16.5578,16.3982,0.1596,16.2579,9.2209,9.2032,0.0177,2.5981,15490.0968,NA
parkey.exe,40372,0x21C0676C560,DXGI,0,0,0,Composed: Flip,15523.3950,NA,16.90000000000000,29.16040000000000,0.25840000000000,8.90690000000000,32.6854,15506.6546,16.9988,16.7404,0.2584,16.4237,9.2236,9.2037,0.0199,-12.6026,15506.6546,NA
parkey.exe,40372,0x21C0676C560,DXGI,0,0,0,Composed: Flip,15540.5334,NA,17.13840000000000,5.55500000000000,0.15270000000000,9.35970000000000,21.1020,15523.6534,17.0327,16.8800,0.1527,16.7237,9.5160,9.4965,0.0195,11.4438,15523.6534,NA
parkey.exe,40372,0x21C0676C560,DXGI,0,0,0,Composed: Flip,15556.4408,NA,15.90740000000000,13.89990000000000,0.13520000000000,9.09980000000000,19.0945,15540.6861,15.8899,15.7547,0.1352,15.6086,9.2459,9.2267,0.0192,3.1328,15540.6861,NA
parkey.exe,40372,0x21C0676C560,DXGI,0,0,0,Composed: Flip,15573.0822,NA,16.64140000000000,13.87810000000000,0.14960000000000,9.07430000000000,16.3312,15556.5760,16.6558,16.5062,0.1496,16.3723,9.2082,9.1886,0.0196,2.0118,15556.5760,NA
parkey.exe,40372,0x21C0676C560,DXGI,0,0,0,Composed: Flip,15590.8063,NA,17.72410000000000,20.84040000000000,0.17600000000000,9.15590000000000,19.4475,15573.2318,17.7505,17.5745,0.1760,17.4027,9.3277,9.3091,0.0186,-4.1846,15573.2318,NA
parkey.exe,40372,0x21C0676C560,DXGI,0,0,0,Composed: Flip,15606.4518,NA,15.64550000000000,13.90850000000000,0.14530000000000,9.12180000000000,17.7105,15590.9823,15.6148,15.4695,0.1453,15.3325,9.2588,9.2387,0.0201,3.8420,15590.9823,NA
parkey.exe,40372,0x21C0676C560,DXGI,0,0,0,Composed: Flip,15623.2278,NA,16.77600000000000,20.82100000000000,0.15130000000000,9.05130000000000,21.7555,15606.5971,16.7820,16.6307,0.1513,16.4890,9.1930,9.1688,0.0242,-5.2062,15606.5971,NA
parkey.exe,40372,0x21C0676C560,DXGI,0,0,0,Composed: Flip,15639.9468,NA,16.71900000000000,20.82390000000000,0.14770000000000,9.12800000000000,25.8604,15623.3791,16.7154,16.5677,0.1477,16.4154,9.2803,9.2575,0.0228,-4.0419,15623.3791,NA
parkey.exe,40372,0x21C0676C560,DXGI,0,0,0,Composed: Flip,15656.5928,NA,16.64600000000000,13.85790000000000,0.19310000000000,9.10290000000000,23.0723,15640.0945,16.6914,16.4983,0.1931,16.3398,9.2614,9.2393,0.0221,2.8575,15640.0945,NA
parkey.exe,40372,0x21C0676C560,DXGI,0,0,0,Composed: Flip,15673.1936,NA,16.60080000000000,20.87790000000000,0.17350000000000,9.23520000000000,27.3494,15656.7859,16.5812,16.4077,0.1735,16.2610,9.3819,9.3616,0.0203,-4.1865,15656.7859,NA
parkey.exe,40372,0x21C0676C560,DXGI,0,0,0,Composed: Flip,15690.0774,NA,16.88380000000000,13.84050000000000,0.16530000000000,9.09310000000000,24.3061,15673.3671,16.8756,16.7103,0.1653,16.5312,9.2722,9.2522,0.0200,2.7407,15673.3671,NA
parkey.exe,40372,0x21C0676C560,DXGI,0,0,0,Composed: Flip,15706.5581,NA,16.48070000000000,20.86860000000000,0.18420000000000,9.07910000000000,28.6940,15690.2427,16.4996,16.3154,0.1842,16.1532,9.2413,9.2198,0.0215,-3.9930,15690.2427,NA
parkey.exe,40372,0x21C0676C560,DXGI,0,0,0,Composed: Flip,15723.3603,NA,16.80220000000000,13.87120000000000,0.18600000000000,8.97000000000000,25.7630,15706.7423,16.8040,16.6180,0.1860,16.4618,9.1262,9.1058,0.0204,2.6284,15706.7423,NA
parkey.exe,40372,0x21C0676C560,DXGI,0,0,0,Composed: Flip,15739.9947,NA,16.63440000000000,20.87900000000000,0.15980000000000,9.30130000000000,30.0076,15723.5463,16.6082,16.4484,0.1598,16.3000,9.4497,9.4270,0.0227,-4.0750,15723.5463,NA
parkey.exe,40372,0x21C0676C560,DXGI,0,0,0,Composed: Flip,15756.9796,NA,16.98490000000000,13.92990000000000,0.19140000000000,9.15810000000000,26.9526,15740.1545,17.0165,16.8251,0.1914,16.6179,9.3653,9.3448,0.0205,2.6783,15740.1545,NA
parkey.exe,40372,0x21C0676C560,DXGI,0,0,0,Composed: Flip,15773.5571,NA,16.57750000000000,13.79410000000000,0.18360000000000,9.17820000000000,24.1692,15757.1710,16.5697,16.3861,0.1836,16.2082,9.3561,9.3269,0.0292,3.2224,15757.1710,NA
parkey.exe,40372,0x21C0676C560,DXGI,0,0,0,Composed: Flip,15790.5143,NA,16.95720000000000,20.87470000000000,0.17070000000000,9.03110000000000,28.0867,15773.7407,16.9443,16.7736,0.1707,16.5826,9.2221,9.2052,0.0169,-4.3050,15773.7407,NA
parkey.exe,40372,0x21C0676C560,DXGI,0,0,0,Composed: Flip,15806.6210,NA,16.10670000000000,13.91040000000000,0.16960000000000,9.02250000000000,25.8904,15790.6850,16.1056,15.9360,0.1696,15.7599,9.1986,9.1784,0.0202,3.0339,15790.6850,NA
parkey.exe,40372,0x21C0676C560,DXGI,0,0,0,Composed: Flip,15823.3648,NA,16.74380000000000,13.84050000000000,0.17700000000000,9.08140000000000,22.9871,15806.7906,16.7512,16.5742,0.1770,16.4079,9.2477,9.2273,0.0204,2.2651,15806.7906,NA
parkey.exe,40372,0x21C0676C560,DXGI,0,0,0,Composed: Flip,15840.0481,NA,16.68330000000000,20.87520000000000,0.19730000000000,9.17590000000000,27.1790,15823.5418,16.7036,16.5063,0.1973,16.3311,9.3511,9.3282,0.0229,-4.1240,15823.5418,NA
parkey.exe,40372,0x21C0676C560,DXGI,0,0,0,Composed: Flip,15857.0946,NA,17.04650000000000,13.85710000000000,0.18310000000000,9.14190000000000,23.9896,15840.2454,17.0323,16.8492,0.1831,16.6673,9.3238,9.3043,0.0195,2.8465,15840.2454,NA
parkey.exe,40372,0x21C0676C560,DXGI,0,0,0,Composed: Flip,15873.2247,NA,16.13010000000000,20.86690000000000,0.15210000000000,9.13030000000000,28.7264,15857.2777,16.0991,15.9470,0.1521,15.8096,9.2677,9.2513,0.0164,-3.8346,15857.2777,NA
parkey.exe,40372,0x21C0676C560,DXGI,0,0,0,Composed: Flip,15890.5318,NA,17.30710000000000,13.92020000000000,0.15070000000000,9.07040000000000,25.3395,15873.3768,17.3057,17.1550,0.1507,16.9843,9.2411,9.2247,0.0164,2.1789,15873.3768,NA
parkey.exe,40372,0x21C0676C560,DXGI,0,0,0,Composed: Flip,15906.6248,NA,16.09300000000000,13.84470000000000,0.18760000000000,9.12160000000000,23.0912,15890.6825,16.1299,15.9423,0.1876,15.7829,9.2810,9.2597,0.0213,3.4610,15890.6825,NA
parkey.exe,40372,0x21C0676C560,DXGI,0,0,0,Composed: Flip,15923.4599,NA,16.83510000000000,20.85580000000000,0.18040000000000,9.19290000000000,27.1119,15906.8124,16.8279,16.6475,0.1804,16.4622,9.3782,9.3591,0.0191,-4.7259,15906.8124,NA
parkey.exe,40372,0x21C0676C560,DXGI,0,0,0,Composed: Flip,15940.1381,NA,16.67820000000000,13.85110000000000,0.17930000000000,8.75250000000000,24.2848,15923.6403,16.6771,16.4978,0.1793,16.3148,8.9355,8.9156,0.0199,2.9768,15923.6403,NA
parkey.exe,40372,0x21C0676C560,DXGI,0,0,0,Composed: Flip,15956.6320,NA,16.49390000000000,20.88610000000000,0.17380000000000,9.25030000000000,28.6770,15940.3174,16.4884,16.3146,0.1738,16.1554,9.4095,9.3859,0.0236,-4.2090,15940.3174,NA
parkey.exe,40372,0x21C0676C560,DXGI,0,0,0,Composed: Flip,15973.3467,NA,16.71470000000000,13.89120000000000,0.19670000000000,8.99000000000000,25.8535,15956.8058,16.7376,16.5409,0.1967,16.3757,9.1552,9.1377,0.0175,2.5972,15956.8058,NA
parkey.exe,40372,0x21C0676C560,DXGI,0,0,0,Composed: Flip,15990.0564,NA,16.70970000000000,13.84460000000000,0.21230000000000,8.80410000000000,22.9884,15973.5434,16.7253,16.5130,0.2123,16.3263,8.9908,8.9719,0.0189,2.8930,15973.5434,NA
parkey.exe,40372,0x21C0676C560,DXGI,0,0,0,Composed: Flip,16006.7301,NA,16.67370000000000,20.87530000000000,0.15330000000000,9.16000000000000,27.1900,15990.2687,16.6147,16.4614,0.1533,16.3041,9.3173,9.2960,0.0213,-4.1500,15990.2687,NA
parkey.exe,40372,0x21C0676C560,DXGI,0,0,0,Composed: Flip,16023.2756,NA,16.54550000000000,13.85160000000000,0.20650000000000,8.52800000000000,24.4961,16006.8834,16.5987,16.3922,0.2065,16.1779,8.7423,8.7182,0.0241,2.7631,16006.8834,NA
parkey.exe,40372,0x21C0676C560,DXGI,0,0,0,Composed: Flip,16040.2893,NA,17.01370000000000,20.87630000000000,0.17410000000000,9.02790000000000,28.3587,16023.4821,16.9813,16.8072,0.1741,16.6394,9.1957,9.1715,0.0242,-4.2776,16023.4821,NA
parkey.exe,40372,0x21C0676C560,DXGI,0,0,0,Composed: Flip,16056.7507,NA,16.46140000000000,13.93970000000000,0.17420000000000,9.07650000000000,25.8370,16040.4634,16.4615,16.2873,0.1742,16.1045,9.2593,9.2375,0.0218,3.0416,16040.4634,NA
parkey.exe,40372,0x21C0676C560,DXGI,0,0,0,Composed: Flip,16073.6395,NA,16.88880000000000,13.80570000000000,0.18360000000000,8.80870000000000,22.7539,16056.9249,16.8982,16.7146,0.1836,16.4993,9.0240,9.0034,0.0206,2.6558,16056.9249,NA
parkey.exe,40372,0x21C0676C560,DXGI,0,0,0,Composed: Flip,16090.0323,NA,16.39280000000000,20.87120000000000,0.20500000000000,9.20880000000000,27.2323,16073.8231,16.4142,16.2092,0.2050,16.0420,9.3760,9.3547,0.0213,-3.9730,16073.8231,NA
parkey.exe,40372,0x21C0676C560,DXGI,0,0,0,Composed: Flip,16106.7565,NA,16.72420000000000,13.84960000000000,0.17800000000000,9.07770000000000,24.3577,16090.2373,16.6972,16.5192,0.1780,16.3164,9.2805,9.2638,0.0167,2.5646,16090.2373,NA
parkey.exe,40372,0x21C0676C560,DXGI,0,0,0,Composed: Flip,16123.2899,NA,16.53340000000000,25.44990000000000,0.16370000000000,8.70820000000000,33.2742,16106.9345,16.5191,16.3554,0.1637,16.1918,8.8718,8.8506,0.0212,-8.7527,16106.9345,NA
parkey.exe,40372,0x21C0676C560,DXGI,0,0,0,Composed: Flip,16139.9416,NA,16.65170000000000,2.40220000000000,0.15500000000000,8.97320000000000,19.0247,16123.4536,16.6430,16.4880,0.1550,16.3123,9.1489,9.1327,0.0162,14.1169,16123.4536,NA
parkey.exe,40372,0x21C0676C560,DXGI,0,0,0,Composed: Flip,16156.7380,NA,16.79640000000000,20.77100000000000,0.19580000000000,8.63170000000000,22.9993,16140.0966,16.8372,16.6414,0.1958,16.4105,8.8626,8.8418,0.0208,-4.1280,16140.0966,NA
parkey.exe,40372,0x21C0676C560,DXGI,0,0,0,Composed: Flip,16173.3498,NA,16.61180000000000,13.96170000000000,0.17430000000000,9.05580000000000,20.3492,16156.9338,16.5903,16.4160,0.1743,16.2261,9.2457,9.2258,0.0199,2.8755,16156.9338,NA
parkey.exe,40372,0x21C0676C560,DXGI,0,0,0,Composed: Flip,16189.7501,NA,16.40030000000000,13.90210000000000,0.14520000000000,9.28990000000000,17.8510,16173.5241,16.3712,16.2260,0.1452,16.0947,9.4212,9.3989,0.0223,2.6882,16173.5241,NA
parkey.exe,40372,0x21C0676C560,DXGI,0,0,0,Composed: Flip,16206.5298,NA,16.77970000000000,20.82370000000000,0.15360000000000,9.04410000000000,21.8950,16189.8953,16.7881,16.6345,0.1536,16.5002,9.1784,9.1568,0.0216,-4.4525,16189.8953,NA
parkey.exe,40372,0x21C0676C560,DXGI,0,0,0,Composed: Flip,16223.4593,NA,16.92950000000000,28.22290000000000,0.19840000000000,7.24830000000000,33.1884,16206.6834,16.9743,16.7759,0.1984,16.5412,7.4830,7.4554,0.0276,-11.4348,16206.6834,NA
parkey.exe,40372,0x21C0676C560,DXGI,0,0,0,Composed: Flip,16240.1286,NA,16.66930000000000,6.44420000000000,0.16750000000000,8.73590000000000,22.9633,16223.6577,16.6384,16.4709,0.1675,16.3196,8.8872,8.8689,0.0183,10.5301,16223.6577,NA
parkey.exe,40372,0x21C0676C560,DXGI,0,0,0,Composed: Flip,16256.5737,NA,16.44510000000000,13.95080000000000,0.13830000000000,9.08960000000000,20.4690,16240.2961,16.4159,16.2776,0.1383,16.1517,9.2155,9.1864,0.0291,2.6876,16240.2961,NA
parkey.exe,40372,0x21C0676C560,DXGI,0,0,0,Composed: Flip,16273.4380,NA,16.86430000000000,13.88780000000000,0.21370000000000,8.67010000000000,17.4925,16256.7120,16.9397,16.7260,0.2137,16.5224,8.8737,8.8532,0.0205,2.5281,16256.7120,NA
parkey.exe,40372,0x21C0676C560,DXGI,0,0,0,Composed: Flip,16289.8900,NA,16.45200000000000,20.83660000000000,0.15110000000000,8.97440000000000,21.8771,16273.6517,16.3894,16.2383,0.1511,16.0960,9.1167,9.0970,0.0197,-3.8969,16273.6517,NA
parkey.exe,40372,0x21C0676C560,DXGI,0,0,0,Composed: Flip,16306.5867,NA,16.69670000000000,13.87950000000000,0.13830000000000,8.78680000000000,19.0599,16290.0411,16.6839,16.5456,0.1383,16.4061,8.9263,8.9091,0.0172,2.5099,16290.0411,NA
parkey.exe,40372,0x21C0676C560,DXGI,0,0,0,Composed: Flip,16323.1269,NA,16.54020000000000,31.08370000000000,0.13090000000000,8.71430000000000,33.6034,16306.7250,16.5328,16.4019,0.1309,16.2756,8.8406,8.8136,0.0270,-14.3998,16306.7250,NA
parkey.exe,40372,0x21C0676C560,DXGI,0,0,0,Composed: Flip,16340.2602,NA,17.13330000000000,3.72200000000000,0.20520000000000,9.22360000000000,20.1921,16323.2578,17.2076,17.0024,0.2052,16.7330,9.4930,9.4630,0.0300,12.8108,16323.2578,NA
parkey.exe,40372,0x21C0676C560,DXGI,0,0,0,Composed: Flip,16356.6289,NA,16.36870000000000,13.84500000000000,0.14440000000000,8.76820000000000,17.6684,16340.4654,16.3079,16.1635,0.1444,16.0247,8.9070,8.8808,0.0262,3.3626,16340.4654,NA
parkey.exe,40372,0x21C0676C560,DXGI,0,0,0,Composed: Flip,16373.5423,NA,16.91340000000000,20.86890000000000,0.22110000000000,8.61110000000000,21.6239,16356.7733,16.9901,16.7690,0.2211,16.5531,8.8270,8.8084,0.0186,-4.5610,16356.7733,NA
parkey.exe,40372,0x21C0676C560,DXGI,0,0,0,Composed: Flip,16389.9098,NA,16.36750000000000,13.85270000000000,0.13410000000000,8.81050000000000,19.1091,16373.7634,16.2805,16.1464,0.1341,16.0157,8.9412,8.9238,0.0174,3.1374,16373.7634,NA
parkey.exe,40372,0x21C0676C560,DXGI,0,0,0,Composed: Flip,16406.6032,NA,16.69340000000000,20.77320000000000,0.18890000000000,8.77670000000000,23.1889,16390.0439,16.7482,16.5593,0.1889,16.4141,8.9219,8.9005,0.0214,-4.4927,16390.0439,NA
parkey.exe,40372,0x21C0676C560,DXGI,0,0,0,Composed: Flip,16423.4478,NA,16.84460000000000,27.02060000000000,0.19840000000000,9.09240000000000,33.3649,16406.7921,16.8541,16.6557,0.1984,16.4771,9.2710,9.2410,0.0300,-10.2724,16406.7921,NA
parkey.exe,40372,0x21C0676C560,DXGI,0,0,0,Composed: Flip,16440.1256,NA,16.67780000000000,0.82810000000000,0.18210000000000,8.95590000000000,17.5152,16423.6462,16.6615,16.4794,0.1821,16.3252,9.1101,9.0895,0.0206,16.0260,16423.6462,NA
parkey.exe,40372,0x21C0676C560,DXGI,0,0,0,Composed: Flip,16456.6081,NA,16.48250000000000,20.83860000000000,0.14800000000000,8.88660000000000,21.8713,16440.3077,16.4484,16.3004,0.1480,16.1654,9.0216,8.9988,0.0228,-4.1771,16440.3077,NA
parkey.exe,40372,0x21C0676C560,DXGI,0,0,0,Composed: Flip,16474.5030,NA,17.89490000000000,20.76790000000000,0.20620000000000,9.06790000000000,24.7443,16456.7561,17.9531,17.7469,0.2062,17.5188,9.2960,9.2748,0.0212,-4.3195,16456.7561,NA
parkey.exe,40372,0x21C0676C560,DXGI,0,0,0,Composed: Flip,16491.1358,NA,16.63280000000000,20.88920000000000,0.36430000000000,8.53390000000000,29.0007,16474.7092,16.7909,16.4266,0.3643,16.0531,8.9074,8.8655,0.0419,-2.9361,16474.7092,NA
parkey.exe,40372,0x21C0676C560,DXGI,0,0,0,Composed: Flip,16506.6928,NA,15.55700000000000,13.87640000000000,0.14650000000000,9.20380000000000,27.3201,16491.5001,15.3392,15.1927,0.1465,15.0462,9.3503,9.3317,0.0186,2.9145,16491.5001,NA
parkey.exe,40372,0x21C0676C560,DXGI,0,0,0,Composed: Flip,16523.2346,NA,16.54180000000000,13.84420000000000,0.16420000000000,8.78420000000000,24.6225,16506.8393,16.5595,16.3953,0.1642,16.2515,8.9280,8.9075,0.0205,1.4950,16506.8393,NA
parkey.exe,40372,0x21C0676C560,DXGI,0,0,0,Composed: Flip,16541.7880,NA,18.55340000000000,20.89050000000000,0.31880000000000,9.00660000000000,26.9596,16523.3988,18.7080,18.3892,0.3188,18.1179,9.2779,9.2615,0.0164,-4.3310,16523.3988,NA
parkey.exe,40372,0x21C0676C560,DXGI,0,0,0,Composed: Flip,16557.2842,NA,15.49620000000000,13.91060000000000,0.15370000000000,9.18150000000000,25.3740,16542.1068,15.3311,15.1774,0.1537,15.0362,9.3227,9.3036,0.0191,4.7974,16542.1068,NA
parkey.exe,40372,0x21C0676C560,DXGI,0,0,0,Composed: Flip,16573.2344,NA,15.95020000000000,13.80760000000000,0.13740000000000,8.58190000000000,23.2314,16557.4379,15.9339,15.7965,0.1374,15.6405,8.7379,8.7213,0.0166,1.5235,16557.4379,NA
parkey.exe,40372,0x21C0676C560,DXGI,0,0,0,Composed: Flip,16590.8931,NA,17.65870000000000,20.88410000000000,0.17230000000000,9.37940000000000,26.4568,16573.3718,17.6936,17.5213,0.1723,17.3859,9.5148,9.4969,0.0179,-4.9502,16573.3718,NA
parkey.exe,40372,0x21C0676C560,DXGI,0,0,0,Composed: Flip,16606.4847,NA,15.59160000000000,13.87340000000000,0.12870000000000,9.04680000000000,24.7386,16591.0654,15.5480,15.4193,0.1287,15.3005,9.1656,9.1420,0.0236,3.8202,16591.0654,NA
parkey.exe,40372,0x21C0676C560,DXGI,0,0,0,Composed: Flip,16624.2196,NA,17.73490000000000,20.81020000000000,0.23260000000000,9.15510000000000,27.8139,16606.6134,17.8388,17.6062,0.2326,17.4486,9.3127,9.2862,0.0265,-5.2622,16606.6134,NA
parkey.exe,40372,0x21C0676C560,DXGI,0,0,0,Composed: Flip,16640.9783,NA,16.75870000000000,7.01670000000000,0.25020000000000,8.78230000000000,18.0719,16624.4522,16.7763,16.5261,0.2502,16.3004,9.0080,8.9846,0.0234,10.8221,16624.4522,NA
parkey.exe,40372,0x21C0676C560,DXGI,0,0,0,Composed: Flip,16656.4365,NA,15.45820000000000,20.77890000000000,0.15660000000000,8.70510000000000,23.3926,16641.2285,15.3646,15.2080,0.1566,15.0763,8.8368,8.8156,0.0212,-4.0026,16641.2285,NA
parkey.exe,40372,0x21C0676C560,DXGI,0,0,0,Composed: Flip,16673.3066,NA,16.87010000000000,13.96200000000000,0.14890000000000,9.70860000000000,20.4845,16656.5931,16.8624,16.7135,0.1489,16.5677,9.8544,9.8364,0.0180,1.4026,16656.5931,NA
parkey.exe,40372,0x21C0676C560,DXGI,0,0,0,Composed: Flip,16689.7926,NA,16.48600000000000,13.88010000000000,0.12610000000000,8.77350000000000,17.8786,16673.4555,16.4632,16.3371,0.1261,16.2056,8.9050,8.8846,0.0204,2.9823,16673.4555,NA
parkey.exe,40372,0x21C0676C560,DXGI,0,0,0,Composed: Flip,16706.5357,NA,16.74310000000000,20.86750000000000,0.15500000000000,8.99800000000000,22.0030,16689.9187,16.7720,16.6170,0.1550,16.4745,9.1405,9.1218,0.0187,-4.4043,16689.9187,NA
parkey.exe,40372,0x21C0676C560,DXGI,0,0,0,Composed: Flip,16723.2773,NA,16.74160000000000,28.53520000000000,0.16220000000000,8.89030000000000,33.7966,16706.6907,16.7488,16.5866,0.1622,16.4233,9.0536,9.0316,0.0220,-11.7632,16706.6907,NA
parkey.exe,40372,0x21C0676C560,DXGI,0,0,0,Composed: Flip,16740.1723,NA,16.89500000000000,6.11500000000000,0.18620000000000,8.89650000000000,23.0166,16723.4395,16.9190,16.7328,0.1862,16.5606,9.0687,9.0489,0.0198,10.6338,16723.4395,NA
parkey.exe,40372,0x21C0676C560,DXGI,0,0,0,Composed: Flip,16757.5704,NA,17.39810000000000,13.96160000000000,0.34410000000000,8.83640000000000,19.5801,16740.3585,17.5560,17.2119,0.3441,16.8325,9.2158,9.1927,0.0231,2.9574,16740.3585,NA
parkey.exe,40372,0x21C0676C560,DXGI,0,0,0,Composed: Flip,16774.6586,NA,17.08820000000000,20.79930000000000,0.31350000000000,9.06950000000000,23.2912,16757.9145,17.0576,16.7441,0.3135,16.5071,9.3065,9.2752,0.0313,-3.2433,16757.9145,NA
parkey.exe,40372,0x21C0676C560,DXGI,0,0,0,Composed: Flip,16789.7057,NA,15.04710000000000,13.95590000000000,0.13410000000000,8.68740000000000,22.2000,16774.9721,14.8677,14.7336,0.1341,14.6096,8.8114,8.7905,0.0209,3.1017,16774.9721,NA
parkey.exe,40372,0x21C0676C560,DXGI,0,0,0,Composed: Flip,16806.8624,NA,17.15670000000000,13.87430000000000,0.13730000000000,8.85720000000000,18.9176,16789.8398,17.1599,17.0226,0.1373,16.8700,9.0098,8.9913,0.0185,0.9934,16789.8398,NA
parkey.exe,40372,0x21C0676C560,DXGI,0,0,0,Composed: Flip,16824.3820,NA,17.51960000000000,31.36300000000000,0.17630000000000,9.01390000000000,32.7610,16806.9997,17.5586,17.3823,0.1763,17.1889,9.2073,9.1421,0.0652,-14.2031,16806.9997,NA
parkey.exe,40372,0x21C0676C560,DXGI,0,0,0,Composed: Flip,16839.7020,NA,15.32000000000000,3.35140000000000,0.15560000000000,8.95570000000000,20.7924,16824.5583,15.2993,15.1437,0.1556,15.0129,9.0865,9.0697,0.0168,14.2072,16824.5583,NA
parkey.exe,40372,0x21C0676C560,DXGI,0,0,0,Composed: Flip,16856.6841,NA,16.98210000000000,13.88490000000000,0.15150000000000,8.74640000000000,17.6952,16839.8576,16.9780,16.8265,0.1515,16.6723,8.9006,8.8728,0.0278,1.4144,16839.8576,NA
parkey.exe,40372,0x21C0676C560,DXGI,0,0,0,Composed: Flip,16873.1188,NA,16.43470000000000,20.86630000000000,0.13080000000000,8.90810000000000,22.1268,16856.8356,16.4140,16.2832,0.1308,16.1432,9.0481,9.0060,0.0421,-3.8883,16856.8356,NA
parkey.exe,40372,0x21C0676C560,DXGI,0,0,0,Composed: Flip,16890.7259,NA,17.60710000000000,13.85700000000000,0.17180000000000,9.09550000000000,18.3767,16873.2496,17.6481,17.4763,0.1718,17.3206,9.2512,9.2282,0.0230,2.5570,16873.2496,NA
parkey.exe,40372,0x21C0676C560,DXGI,0,0,0,Composed: Flip,16907.5470,NA,16.82110000000000,20.82270000000000,0.30160000000000,8.65380000000000,22.3783,16890.8977,16.9509,16.6493,0.3016,16.3860,8.9171,8.8968,0.0203,-3.1746,16890.8977,NA
parkey.exe,40372,0x21C0676C560,DXGI,0,0,0,Composed: Flip,16923.2768,NA,15.72980000000000,27.30620000000000,0.15140000000000,8.64190000000000,33.9547,16907.8486,15.5796,15.4282,0.1514,15.2960,8.7741,8.7560,0.0181,-10.3553,16907.8486,NA
parkey.exe,40372,0x21C0676C560,DXGI,0,0,0,Composed: Flip,16941.6247,NA,18.34790000000000,0.53450000000000,0.27290000000000,8.58850000000000,16.1413,16923.4282,18.4694,18.1965,0.2729,17.9329,8.8521,8.8305,0.0216,15.0451,16923.4282,NA
parkey.exe,40372,0x21C0676C560,DXGI,0,0,0,Composed: Flip,16957.3310,NA,15.70630000000000,20.77990000000000,0.26540000000000,8.57110000000000,21.2149,16941.8976,15.6988,15.4334,0.2654,15.1206,8.8839,8.8556,0.0283,-2.3105,16941.8976,NA
parkey.exe,40372,0x21C0676C560,DXGI,0,0,0,Composed: Flip,16973.1467,NA,15.81570000000000,13.91260000000000,0.14430000000000,8.81370000000000,19.3118,16957.5964,15.6946,15.5503,0.1443,15.4119,8.9521,8.9218,0.0303,1.7862,16957.5964,NA
parkey.exe,40372,0x21C0676C560,DXGI,0,0,0,Composed: Flip,16990.2161,NA,17.06940000000000,20.76070000000000,0.13780000000000,8.77340000000000,23.0031,16973.2910,17.0629,16.9251,0.1378,16.7882,8.9103,8.8908,0.0195,-5.0661,16973.2910,NA
parkey.exe,40372,0x21C0676C560,DXGI,0,0,0,Composed: Flip,17006.4618,NA,16.24570000000000,13.95520000000000,0.14870000000000,9.27640000000000,20.7126,16990.3539,16.2566,16.1079,0.1487,15.9761,9.4082,9.3887,0.0195,3.1077,16990.3539,NA
parkey.exe,40372,0x21C0676C560,DXGI,0,0,0,Composed: Flip,17023.2072,NA,16.74540000000000,30.11820000000000,0.16790000000000,8.79330000000000,34.0854,17006.6105,16.7646,16.5967,0.1679,16.4511,8.9389,8.9195,0.0194,-13.8616,17006.6105,NA
parkey.exe,40372,0x21C0676C560,DXGI,0,0,0,Composed: Flip,17040.8311,NA,17.62390000000000,4.67130000000000,0.16850000000000,9.33420000000000,21.1328,17023.3751,17.6245,17.4560,0.1685,17.3162,9.4740,9.4554,0.0186,12.0933,17023.3751,NA
parkey.exe,40372,0x21C0676C560,DXGI,0,0,0,Composed: Flip,17057.0497,NA,16.21860000000000,13.82110000000000,0.14940000000000,8.84180000000000,18.7353,17040.9996,16.1995,16.0501,0.1494,15.9216,8.9703,8.9436,0.0267,3.8034,17040.9996,NA
parkey.exe,40372,0x21C0676C560,DXGI,0,0,0,Composed: Flip,17074.3705,NA,17.32080000000000,20.77710000000000,0.26130000000000,8.83650000000000,22.1916,17057.1991,17.4327,17.1714,0.2613,16.8805,9.1274,9.0977,0.0297,-4.5776,17057.1991,NA
parkey.exe,40372,0x21C0676C560,DXGI,0,0,0,Composed: Flip,17089.7786,NA,15.40810000000000,13.99200000000000,0.15120000000000,9.35750000000000,20.7755,17074.6318,15.2980,15.1468,0.1512,14.9873,9.5170,9.4942,0.0228,3.4407,17074.6318,NA
parkey.exe,40372,0x21C0676C560,DXGI,0,0,0,Composed: Flip,17106.4211,NA,16.64250000000000,13.87180000000000,0.14590000000000,8.76830000000000,18.0048,17089.9298,16.6372,16.4913,0.1459,16.3315,8.9281,8.9068,0.0213,1.4262,17089.9298,NA
parkey.exe,40372,0x21C0676C560,DXGI,0,0,0,Composed: Flip,17124.2814,NA,17.86030000000000,32.96160000000000,0.21580000000000,9.24140000000000,33.1061,17106.5670,17.9302,17.7144,0.2158,17.5514,9.4044,9.3855,0.0189,-16.3244,17106.5670,NA
parkey.exe,40372,0x21C0676C560,DXGI,0,0,0,Composed: Flip,17141.0013,NA,16.71990000000000,1.80640000000000,0.21840000000000,9.06790000000000,18.1926,17124.4972,16.7225,16.5041,0.2184,16.3313,9.2407,9.2158,0.0249,16.1238,17124.4972,NA
parkey.exe,40372,0x21C0676C560,DXGI,0,0,0,Composed: Flip,17156.5426,NA,15.54130000000000,13.82970000000000,0.17830000000000,8.60060000000000,16.4810,17141.2197,15.5012,15.3229,0.1783,15.1871,8.7364,8.7147,0.0217,2.8928,17141.2197,NA
parkey.exe,40372,0x21C0676C560,DXGI,0,0,0,Composed: Flip,17173.3657,NA,16.82310000000000,20.83630000000000,0.13460000000000,8.76750000000000,20.4942,17156.7209,16.7794,16.6448,0.1346,16.5080,8.9043,8.8794,0.0249,-5.3351,17156.7209,NA
parkey.exe,40372,0x21C0676C560,DXGI,0,0,0,Composed: Flip,17190.3937,NA,17.02800000000000,13.94400000000000,0.12080000000000,8.81190000000000,17.4102,17173.5003,17.0142,16.8934,0.1208,16.7707,8.9346,8.9120,0.0226,2.8354,17173.5003,NA
parkey.exe,40372,0x21C0676C560,DXGI,0,0,0,Composed: Flip,17207.7119,NA,17.31820000000000,20.83020000000000,0.27170000000000,9.00110000000000,20.9222,17190.5145,17.4691,17.1974,0.2717,16.9356,9.2629,9.2409,0.0220,-3.8160,17190.5145,NA
parkey.exe,40372,0x21C0676C560,DXGI,0,0,0,Composed: Flip,17223.1359,NA,15.42400000000000,28.83290000000000,0.14080000000000,8.76290000000000,34.3311,17207.9836,15.2931,15.1523,0.1408,15.0242,8.8910,8.8711,0.0199,-11.3638,17207.9836,NA
parkey.exe,40372,0x21C0676C560,DXGI,0,0,0,Composed: Flip,17240.1590,NA,17.02310000000000,5.89390000000000,0.12650000000000,8.89850000000000,23.2019,17223.2767,17.0088,16.8823,0.1265,16.7557,9.0251,9.0030,0.0221,9.3992,17223.2767,NA
parkey.exe,40372,0x21C0676C560,DXGI,0,0,0,Composed: Flip,17257.0078,NA,16.84880000000000,13.84150000000000,0.15450000000000,8.98360000000000,20.1946,17240.2855,16.8768,16.7223,0.1545,16.5127,9.1932,9.1652,0.0280,3.1673,17240.2855,NA
parkey.exe,40372,0x21C0676C560,DXGI,0,0,0,Composed: Flip,17273.6221,NA,16.61430000000000,13.92910000000000,0.28830000000000,8.76560000000000,17.5094,17257.1623,16.7481,16.4598,0.2883,16.2117,9.0137,8.9959,0.0178,2.9477,17257.1623,NA
parkey.exe,40372,0x21C0676C560,DXGI,0,0,0,Composed: Flip,17290.7923,NA,17.17020000000000,20.79820000000000,0.19690000000000,9.10530000000000,21.1374,17273.9104,17.0788,16.8819,0.1969,16.6715,9.3157,9.2938,0.0219,-4.0501,17273.9104,NA
parkey.exe,40372,0x21C0676C560,DXGI,0,0,0,Composed: Flip,17306.6767,NA,15.88440000000000,13.90160000000000,0.13260000000000,8.79490000000000,19.1546,17290.9892,15.8201,15.6875,0.1326,15.5466,8.9358,8.9162,0.0196,3.1772,17290.9892,NA
parkey.exe,40372,0x21C0676C560,DXGI,0,0,0,Composed: Flip,17322.9915,NA,16.31480000000000,31.73420000000000,0.14690000000000,8.67450000000000,34.5740,17306.8093,16.3291,16.1822,0.1469,16.0332,8.8235,8.8065,0.0170,-15.9141,17306.8093,NA
parkey.exe,40372,0x21C0676C560,DXGI,0,0,0,Composed: Flip,17339.6886,NA,16.69710000000000,3.05080000000000,0.15940000000000,8.85500000000000,20.9277,17323.1384,16.7096,16.5502,0.1594,16.3850,9.0202,8.7264,0.2938,13.2783,17323.1384,NA
parkey.exe,40372,0x21C0676C560,DXGI,0,0,0,Composed: Flip,17357.9977,NA,18.30910000000000,20.80930000000000,0.31350000000000,8.70310000000000,23.4279,17339.8480,18.4632,18.1497,0.3135,17.8282,9.0246,8.9964,0.0282,-4.0997,17339.8480,NA
parkey.exe,40372,0x21C0676C560,DXGI,0,0,0,Composed: Flip,17373.4354,NA,15.43770000000000,13.91800000000000,0.14550000000000,8.77680000000000,21.9082,17358.3112,15.2697,15.1242,0.1455,14.9637,8.9373,8.8348,0.1025,4.5452,17358.3112,NA
parkey.exe,40372,0x21C0676C560,DXGI,0,0,0,Composed: Flip,17390.1520,NA,16.71660000000000,13.83890000000000,0.20200000000000,8.67810000000000,19.0305,17373.5809,16.7731,16.5711,0.2020,16.2807,8.9685,8.9493,0.0192,1.4308,17373.5809,NA
parkey.exe,40372,0x21C0676C560,DXGI,0,0,0,Composed: Flip,17406.8431,NA,16.69110000000000,13.88330000000000,0.19020000000000,8.72010000000000,16.2227,17390.3540,16.6793,16.4891,0.1902,16.3360,8.8732,8.8516,0.0216,2.8898,17390.3540,NA
parkey.exe,40372,0x21C0676C560,DXGI,0,0,0,Composed: Flip,17424.0165,NA,17.17340000000000,34.58930000000000,0.15850000000000,8.79360000000000,33.6386,17407.0333,17.1417,16.9832,0.1585,16.8225,8.9543,8.9222,0.0321,-17.9100,17407.0333,NA
parkey.exe,40372,0x21C0676C560,DXGI,0,0,0,Composed: Flip,17441.6330,NA,17.61650000000000,0.22540000000000,0.28230000000000,8.54530000000000,16.2475,17424.1750,17.7403,17.4580,0.2823,17.1650,8.8383,8.8140,0.0243,16.9163,17424.1750,NA
parkey.exe,40372,0x21C0676C560,DXGI,0,0,0,Composed: Flip,17456.5719,NA,14.93890000000000,20.80350000000000,0.14400000000000,8.70810000000000,22.1121,17441.9153,14.8006,14.6566,0.1440,14.5256,8.8391,8.8168,0.0223,-3.0632,17441.9153,NA
parkey.exe,40372,0x21C0676C560,DXGI,0,0,0,Composed: Flip,17473.1315,NA,16.55960000000000,13.84590000000000,0.15450000000000,8.95860000000000,19.3984,17456.7159,16.5701,16.4156,0.1545,16.2796,9.0946,9.0612,0.0334,0.9547,17456.7159,NA
parkey.exe,40372,0x21C0676C560,DXGI,0,0,0,Composed: Flip,17490.5676,NA,17.43610000000000,20.78730000000000,0.12490000000000,8.63690000000000,22.7496,17473.2860,17.4065,17.2816,0.1249,17.1541,8.7644,8.7457,0.0187,-4.2172,17473.2860,NA
parkey.exe,40372,0x21C0676C560,DXGI,0,0,0,Composed: Flip,17506.5080,NA,15.94040000000000,13.96160000000000,0.17740000000000,9.44220000000000,20.7708,17490.6925,15.9929,15.8155,0.1774,15.6717,9.5860,9.5670,0.0190,3.4449,17490.6925,NA
parkey.exe,40372,0x21C0676C560,DXGI,0,0,0,Composed: Flip,17523.0621,NA,16.55410000000000,30.42840000000000,0.14610000000000,7.72310000000000,34.6451,17506.6854,16.5228,16.3767,0.1461,16.2442,7.8556,7.8368,0.0188,-14.4355,17506.6854,NA
parkey.exe,40372,0x21C0676C560,DXGI,0,0,0,Composed: Flip,17539.7972,NA,16.73510000000000,4.29980000000000,0.12820000000000,8.79970000000000,22.2098,17523.2082,16.7172,16.5890,0.1282,16.4669,8.9218,8.9042,0.0176,12.2230,17523.2082,NA
parkey.exe,40372,0x21C0676C560,DXGI,0,0,0,Composed: Flip,17557.1742,NA,17.37700000000000,13.92180000000000,0.13400000000000,8.83990000000000,18.7546,17539.9254,17.3828,17.2488,0.1340,17.1102,8.9785,8.9502,0.0283,2.7954,17539.9254,NA
parkey.exe,40372,0x21C0676C560,DXGI,0,0,0,Composed: Flip,17573.9987,NA,16.82450000000000,20.74650000000000,0.22290000000000,8.64120000000000,22.6766,17557.3082,16.9134,16.6905,0.2229,16.4258,8.9059,8.8738,0.0321,-3.3637,17557.3082,NA
parkey.exe,40372,0x21C0676C560,DXGI,0,0,0,Composed: Flip,17589.7365,NA,15.73780000000000,13.93640000000000,0.14490000000000,9.34390000000000,20.8752,17574.2216,15.6598,15.5149,0.1449,15.3653,9.4935,9.4697,0.0238,2.9770,17574.2216,NA
parkey.exe,40372,0x21C0676C560,DXGI,0,0,0,Composed: Flip,17607.0433,NA,17.30680000000000,13.91870000000000,0.16460000000000,8.55230000000000,17.4871,17589.8814,17.3265,17.1619,0.1646,16.9965,8.7177,8.6942,0.0235,1.7411,17589.8814,NA
parkey.exe,40372,0x21C0676C560,DXGI,0,0,0,Composed: Flip,17625.1721,NA,18.12880000000000,33.25410000000000,0.22090000000000,9.13510000000000,32.6124,17607.2079,18.1851,17.9642,0.2209,17.6481,9.4512,9.4274,0.0238,-15.9276,17607.2079,NA
parkey.exe,40372,0x21C0676C560,DXGI,0,0,0,Composed: Flip,17639.7679,NA,14.59580000000000,1.43420000000000,0.13300000000000,8.24990000000000,19.4508,17625.3930,14.5079,14.3749,0.1330,14.2501,8.3747,8.3562,0.0185,16.7509,17625.3930,NA
parkey.exe,40372,0x21C0676C560,DXGI,0,0,0,Composed: Flip,17656.2949,NA,16.52700000000000,13.89300000000000,0.15120000000000,8.56850000000000,16.8168,17639.9009,16.5452,16.3940,0.1512,16.2362,8.7263,8.7063,0.0200,0.6149,17639.9009,NA
parkey.exe,40372,0x21C0676C560,DXGI,0,0,0,Composed: Flip,17673.0360,NA,16.74110000000000,20.83380000000000,0.16460000000000,8.99680000000000,20.9095,17656.4461,16.7545,16.5899,0.1646,16.4753,9.1114,9.0617,0.0497,-4.2886,17656.4461,NA
parkey.exe,40372,0x21C0676C560,DXGI,0,0,0,Composed: Flip,17690.8282,NA,17.79220000000000,13.93560000000000,0.19340000000000,8.68930000000000,17.0529,17673.2006,17.8210,17.6276,0.1934,17.3969,8.9200,8.8964,0.0236,2.8189,17673.2006,NA
parkey.exe,40372,0x21C0676C560,DXGI,0,0,0,Composed: Flip,17706.4321,NA,15.60390000000000,20.84540000000000,0.14550000000000,8.81740000000000,22.2944,17691.0216,15.5560,15.4105,0.1455,15.2684,8.9595,8.9387,0.0208,-3.0244,17691.0216,NA
parkey.exe,40372,0x21C0676C560,DXGI,0,0,0,Composed: Flip,17723.1416,NA,16.70950000000000,NA,0.14240000000000,8.75410000000000,NA,17706.5776,16.7064,16.5640,0.1424,16.4209,8.8972,8.8801,0.0171,NA,NA,NA
parkey.exe,40372,0x21C0676C560,DXGI,0,0,0,Composed: Flip,17739.7016,NA,16.56000000000000,27.73000000000000,0.22600000000000,8.15930000000000,16.7549,17723.2840,16.6436,16.4176,0.2260,16.2297,8.3472,8.3208,0.0264,4.5324,17723.2840,NA
parkey.exe,40372,0x21C0676C560,DXGI,0,0,0,Composed: Flip,17756.6216,NA,16.92000000000000,20.95060000000000,0.18620000000000,8.80160000000000,20.7855,17739.9276,16.8802,16.6940,0.1862,16.5474,8.9482,8.9312,0.0170,-4.3070,17739.9276,NA
parkey.exe,40372,0x21C0676C560,DXGI,0,0,0,Composed: Flip,17773.2028,NA,16.58120000000000,13.79220000000000,0.16110000000000,8.22410000000000,17.9965,17756.8078,16.5561,16.3950,0.1611,16.2544,8.3647,8.3453,0.0194,3.0880,17756.8078,NA
parkey.exe,40372,0x21C0676C560,DXGI,0,0,0,Composed: Flip,17790.2505,NA,17.04770000000000,20.84160000000000,0.14670000000000,8.80280000000000,21.7904,17773.3639,17.0333,16.8866,0.1467,16.7292,8.9602,8.9380,0.0222,-4.2855,17773.3639,NA
parkey.exe,40372,0x21C0676C560,DXGI,0,0,0,Composed: Flip,17806.6829,NA,16.43240000000000,13.87200000000000,0.13080000000000,8.74270000000000,19.2300,17790.3972,16.4165,16.2857,0.1308,16.1434,8.8850,8.8664,0.0186,3.1613,17790.3972,NA
parkey.exe,40372,0x21C0676C560,DXGI,0,0,0,Composed: Flip,17822.9929,NA,16.31000000000000,32.03880000000000,0.12450000000000,8.14720000000000,34.9588,17806.8137,16.3037,16.1792,0.1245,16.0540,8.2724,8.2500,0.0224,-15.6223,17806.8137,NA
parkey.exe,40372,0x21C0676C560,DXGI,0,0,0,Composed: Flip,17840.3187,NA,17.32580000000000,2.69110000000000,0.16220000000000,8.68670000000000,20.3241,17823.1174,17.3635,17.2013,0.1622,17.0656,8.8224,8.7997,0.0227,13.6126,17823.1174,NA
parkey.exe,40372,0x21C0676C560,DXGI,0,0,0,Composed: Flip,17857.3323,NA,17.01360000000000,13.89380000000000,0.12730000000000,8.78350000000000,17.2043,17840.4809,16.9787,16.8514,0.1273,16.7021,8.9328,8.9098,0.0230,3.4697,17840.4809,NA
parkey.exe,40372,0x21C0676C560,DXGI,0,0,0,Composed: Flip,17873.0499,NA,15.71760000000000,20.84080000000000,0.12890000000000,8.71860000000000,22.3275,17857.4596,15.7192,15.5903,0.1289,15.4629,8.8460,8.8270,0.0190,-3.8621,17857.4596,NA
parkey.exe,40372,0x21C0676C560,DXGI,0,0,0,Composed: Flip,17889.6566,NA,16.60670000000000,13.87890000000000,0.12260000000000,8.20700000000000,19.5997,17873.1788,16.6004,16.4778,0.1226,16.3546,8.3302,8.3078,0.0224,1.8403,17873.1788,NA
parkey.exe,40372,0x21C0676C560,DXGI,0,0,0,Composed: Flip,17907.6347,NA,17.97810000000000,20.83420000000000,0.23970000000000,8.84040000000000,22.4558,17889.7792,18.0952,17.8555,0.2397,17.6252,9.0707,9.0467,0.0240,-4.2338,17889.7792,NA
parkey.exe,40372,0x21C0676C560,DXGI,0,0,0,Composed: Flip,17922.9345,NA,15.29980000000000,NA,0.12090000000000,8.25000000000000,NA,17907.8744,15.1810,15.0601,0.1209,14.9342,8.3759,8.2296,0.1463,NA,NA,NA
parkey.exe,40372,0x21C0676C560,DXGI,0,0,0,Composed: Flip,17939.6781,NA,16.74360000000000,27.77450000000000,0.14240000000000,8.20680000000000,18.1869,17923.0554,16.7651,16.6227,0.1424,16.4745,8.3550,8.3413,0.0137,5.5017,17923.0554,NA
parkey.exe,40372,0x21C0676C560,DXGI,0,0,0,Composed: Flip,17956.3178,NA,16.63970000000000,20.86900000000000,0.13820000000000,8.68760000000000,22.4162,17939.8205,16.6355,16.4973,0.1382,16.3321,8.8528,8.8142,0.0386,-4.1039,17939.8205,NA
parkey.exe,40372,0x21C0676C560,DXGI,0,0,0,Composed: Flip,17973.3133,NA,16.99550000000000,13.86990000000000,0.15680000000000,8.41290000000000,19.2906,17956.4560,17.0141,16.8573,0.1568,16.7059,8.5643,8.5444,0.0199,2.7656,17956.4560,NA
parkey.exe,40372,0x21C0676C560,DXGI,0,0,0,Composed: Flip,17989.7594,NA,16.44610000000000,13.88820000000000,0.13400000000000,9.03080000000000,16.7327,17973.4701,16.4233,16.2893,0.1340,16.1646,9.1555,9.1354,0.0201,3.1259,17973.4701,NA
parkey.exe,40372,0x21C0676C560,DXGI,0,0,0,Composed: Flip,18006.2358,NA,16.47640000000000,20.85040000000000,0.12900000000000,8.35250000000000,21.1067,17989.8934,16.4714,16.3424,0.1290,16.2269,8.4680,8.4452,0.0228,-4.4271,17989.8934,NA
parkey.exe,40372,0x21C0676C560,DXGI,0,0,0,Composed: Flip,18023.0780,NA,16.84220000000000,30.77130000000000,0.14990000000000,8.72870000000000,35.0358,18006.3648,16.8631,16.7132,0.1499,16.5801,8.8618,8.8432,0.0186,-14.2999,18006.3648,NA
parkey.exe,40372,0x21C0676C560,DXGI,0,0,0,Composed: Flip,18040.0718,NA,16.99380000000000,3.97170000000000,0.16690000000000,8.59560000000000,22.0137,18023.2279,17.0108,16.8439,0.1669,16.5153,8.9242,8.9050,0.0192,12.8914,18023.2279,NA
parkey.exe,40372,0x21C0676C560,DXGI,0,0,0,Composed: Flip,18056.9069,NA,16.83510000000000,13.90750000000000,0.15000000000000,8.72730000000000,19.0861,18040.2387,16.8182,16.6682,0.1500,16.5030,8.8925,8.8762,0.0163,3.1033,18040.2387,NA
parkey.exe,40372,0x21C0676C560,DXGI,0,0,0,Composed: Flip,18074.5074,NA,17.60050000000000,20.80490000000000,0.15190000000000,8.82170000000000,22.2905,18057.0569,17.6024,17.4505,0.1519,17.2134,9.0588,9.0394,0.0194,-3.9867,18057.0569,NA
parkey.exe,40372,0x21C0676C560,DXGI,0,0,0,Composed: Flip,18089.7037,NA,15.19630000000000,13.88550000000000,0.18650000000000,9.10820000000000,20.9797,18074.6593,15.2309,15.0444,0.1865,14.8803,9.2723,9.2494,0.0229,3.7169,18074.6593,NA
parkey.exe,40372,0x21C0676C560,DXGI,0,0,0,Composed: Flip,18106.3469,NA,16.64320000000000,13.89720000000000,0.13700000000000,8.72450000000000,18.2337,18089.8902,16.5937,16.4567,0.1370,16.3320,8.8492,8.8304,0.0188,1.3337,18089.8902,NA
parkey.exe,40372,0x21C0676C560,DXGI,0,0,0,Composed: Flip,18123.1340,NA,16.78710000000000,33.61570000000000,0.14160000000000,8.72940000000000,35.0623,18106.4839,16.7917,16.6501,0.1416,16.5225,8.8570,8.8375,0.0195,-17.0220,18106.4839,NA
parkey.exe,40372,0x21C0676C560,DXGI,0,0,0,Composed: Flip,18139.6905,NA,16.55650000000000,1.11020000000000,0.11460000000000,8.31560000000000,19.6160,18123.2756,16.5295,16.4149,0.1146,16.2969,8.4336,8.4141,0.0195,15.6815,18123.2756,NA
parkey.exe,40372,0x21C0676C560,DXGI,0,0,0,Composed: Flip,18156.3869,NA,16.69640000000000,13.88840000000000,0.15970000000000,8.76200000000000,16.8080,18139.8051,16.7415,16.5818,0.1597,16.4510,8.8928,8.8611,0.0317,2.6411,18139.8051,NA
parkey.exe,40372,0x21C0676C560,DXGI,0,0,0,Composed: Flip,18172.9968,NA,16.60990000000000,20.82810000000000,0.13720000000000,8.72210000000000,21.0262,18156.5466,16.5874,16.4502,0.1372,16.3270,8.8453,8.8200,0.0253,-4.0866,18156.5466,NA
parkey.exe,40372,0x21C0676C560,DXGI,0,0,0,Composed: Flip,18189.8186,NA,16.82180000000000,13.89670000000000,0.14250000000000,8.66760000000000,18.1011,18173.1340,16.8271,16.6846,0.1425,16.5342,8.8180,8.7998,0.0182,2.6907,18173.1340,NA
parkey.exe,40372,0x21C0676C560,DXGI,0,0,0,Composed: Flip,18206.4047,NA,16.58610000000000,20.85590000000000,0.12940000000000,8.94130000000000,22.3709,18189.9611,16.5730,16.4436,0.1294,16.3241,9.0608,9.0407,0.0201,-4.0288,18189.9611,NA
parkey.exe,40372,0x21C0676C560,DXGI,0,0,0,Composed: Flip,18222.9540,NA,16.54930000000000,NA,0.13970000000000,7.51160000000000,NA,18206.5341,16.5596,16.4199,0.1397,16.2905,7.6410,7.6174,0.0236,NA,NA,NA
parkey.exe,40372,0x21C0676C560,DXGI,0,0,0,Composed: Flip,18239.6653,NA,16.71130000000000,27.78610000000000,0.13720000000000,8.43430000000000,16.8964,18223.0937,16.7088,16.5716,0.1372,16.4321,8.5738,8.5555,0.0183,5.3465,18223.0937,NA
parkey.exe,40372,0x21C0676C560,DXGI,0,0,0,Composed: Flip,18256.5024,NA,16.83710000000000,20.82530000000000,0.16420000000000,8.75650000000000,20.8846,18239.8025,16.8641,16.6999,0.1642,16.5637,8.8927,8.8733,0.0194,-4.1165,18239.8025,NA
parkey.exe,40372,0x21C0676C560,DXGI,0,0,0,Composed: Flip,18273.0176,NA,16.51520000000000,13.87600000000000,0.13930000000000,8.35520000000000,18.2454,18256.6666,16.4903,16.3510,0.1393,16.2230,8.4832,8.4621,0.0211,2.9881,18256.6666,NA
parkey.exe,40372,0x21C0676C560,DXGI,0,0,0,Composed: Flip,18290.0953,NA,17.07770000000000,20.85490000000000,0.14580000000000,8.78520000000000,22.0226,18273.1569,17.0842,16.9384,0.1458,16.7905,8.9331,8.9135,0.0196,-4.3646,18273.1569,NA
parkey.exe,40372,0x21C0676C560,DXGI,0,0,0,Composed: Flip,18306.3914,NA,16.29610000000000,13.88340000000000,0.14700000000000,8.20580000000000,19.6099,18290.2411,16.2973,16.1503,0.1470,16.0166,8.3395,8.3190,0.0205,3.2008,18290.2411,NA
parkey.exe,40372,0x21C0676C560,DXGI,0,0,0,Composed: Flip,18322.8103,NA,16.41890000000000,32.35000000000000,0.11340000000000,8.21260000000000,35.5410,18306.5384,16.3853,16.2719,0.1134,16.1628,8.3217,8.3023,0.0194,-16.0527,18306.5384,NA
parkey.exe,40372,0x21C0676C560,DXGI,0,0,0,Composed: Flip,18339.7517,NA,16.94140000000000,2.37580000000000,0.14510000000000,8.76460000000000,20.9754,18322.9237,16.9731,16.8280,0.1451,16.6849,8.9077,8.8907,0.0170,14.0095,18322.9237,NA
parkey.exe,40372,0x21C0676C560,DXGI,0,0,0,Composed: Flip,18356.2763,NA,16.52460000000000,13.89530000000000,0.12960000000000,8.92180000000000,18.3461,18339.8968,16.5091,16.3795,0.1296,16.2615,9.0398,8.7699,0.2699,3.0778,18339.8968,NA
parkey.exe,40372,0x21C0676C560,DXGI,0,0,0,Composed: Flip,18373.1454,NA,16.86910000000000,20.83520000000000,0.12740000000000,8.77680000000000,22.3122,18356.4059,16.8669,16.7395,0.1274,16.5988,8.9175,8.8989,0.0186,-4.3261,18356.4059,NA
parkey.exe,40372,0x21C0676C560,DXGI,0,0,0,Composed: Flip,18389.7771,NA,16.63170000000000,13.90410000000000,0.19360000000000,8.22280000000000,19.5846,18373.2728,16.6979,16.5043,0.1936,16.3284,8.3987,8.3826,0.0161,2.9628,18373.2728,NA
parkey.exe,40372,0x21C0676C560,DXGI,0,0,0,Composed: Flip,18406.3534,NA,16.57630000000000,13.86980000000000,0.15960000000000,8.26150000000000,16.8781,18389.9707,16.5423,16.3827,0.1596,16.2541,8.3901,8.3715,0.0186,2.8281,18389.9707,NA
parkey.exe,40372,0x21C0676C560,DXGI,0,0,0,Composed: Flip,18422.9438,NA,16.59040000000000,NA,0.12000000000000,8.13110000000000,NA,18406.5130,16.5508,16.4308,0.1200,16.3116,8.2503,8.2324,0.0179,NA,NA,NA
parkey.exe,40372,0x21C0676C560,DXGI,0,0,0,Composed: Flip,18439.6463,NA,16.70250000000000,34.72050000000000,0.13510000000000,8.19020000000000,18.3057,18423.0638,16.7176,16.5825,0.1351,16.4515,8.3212,8.2945,0.0267,-1.6274,18423.0638,NA
parkey.exe,40372,0x21C0676C560,DXGI,0,0,0,Composed: Flip,18456.3221,NA,16.67580000000000,20.86030000000000,0.14060000000000,8.70550000000000,22.4902,18439.7814,16.6813,16.5407,0.1406,16.4093,8.8369,8.8158,0.0211,-4.1427,18439.7814,NA
parkey.exe,40372,0x21C0676C560,DXGI,0,0,0,Composed: Flip,18473.0859,NA,16.76380000000000,13.90170000000000,0.15470000000000,8.12530000000000,19.6281,18456.4627,16.7779,16.6232,0.1547,16.4899,8.2586,8.2361,0.0225,2.7796,18456.4627,NA
parkey.exe,40372,0x21C0676C560,DXGI,0,0,0,Composed: Flip,18489.9593,NA,16.87340000000000,20.84620000000000,0.14980000000000,8.86840000000000,23.6009,18473.2406,16.8685,16.7187,0.1498,16.5639,9.0232,9.0024,0.0208,-4.0683,18473.2406,NA
parkey.exe,40372,0x21C0676C560,DXGI,0,0,0,Composed: Flip,18506.3775,NA,16.41820000000000,13.85900000000000,0.14020000000000,9.21830000000000,21.0417,18490.1091,16.4086,16.2684,0.1402,16.1380,9.3487,9.3292,0.0195,3.0095,18490.1091,NA
parkey.exe,40372,0x21C0676C560,DXGI,0,0,0,Composed: Flip,18523.0089,NA,16.63140000000000,31.09850000000000,0.15850000000000,8.18280000000000,35.5088,18506.5177,16.6497,16.4912,0.1585,16.3631,8.3109,8.2911,0.0198,-14.6899,18506.5177,NA
parkey.exe,40372,0x21C0676C560,DXGI,0,0,0,Composed: Flip,18539.6985,NA,16.68960000000000,3.66370000000000,0.13270000000000,8.78350000000000,22.4829,18523.1674,16.6638,16.5311,0.1327,16.3922,8.9224,8.9030,0.0194,12.9860,18523.1674,NA
parkey.exe,40372,0x21C0676C560,DXGI,0,0,0,Composed: Flip,18557.7006,NA,18.00210000000000,13.89190000000000,0.22010000000000,8.73340000000000,18.3727,18539.8312,18.0895,17.8694,0.2201,17.6347,8.9681,8.9488,0.0193,2.7719,18539.8312,NA
parkey.exe,40372,0x21C0676C560,DXGI,0,0,0,Composed: Flip,18572.9217,NA,15.22110000000000,13.86430000000000,0.13220000000000,8.24260000000000,17.0159,18557.9207,15.1332,15.0010,0.1322,14.8827,8.3609,8.3420,0.0189,4.2252,18557.9207,NA
parkey.exe,40372,0x21C0676C560,DXGI,0,0,0,Composed: Flip,18589.6403,NA,16.71860000000000,20.88520000000000,0.16980000000000,8.99010000000000,21.1825,18573.0539,16.7562,16.5864,0.1698,16.4562,9.1203,9.1000,0.0203,-5.7520,18573.0539,NA
parkey.exe,40372,0x21C0676C560,DXGI,0,0,0,Composed: Flip,18606.3314,NA,16.69110000000000,13.83000000000000,0.13620000000000,8.40750000000000,18.3214,18589.8101,16.6575,16.5213,0.1362,16.3744,8.5544,8.5357,0.0187,2.9262,18589.8101,NA
parkey.exe,40372,0x21C0676C560,DXGI,0,0,0,Composed: Flip,18623.1848,NA,16.85340000000000,33.94370000000000,0.13010000000000,8.70310000000000,35.4117,18606.4676,16.8473,16.7172,0.1301,16.5723,8.8480,8.8247,0.0233,-17.2862,18606.4676,NA
parkey.exe,40372,0x21C0676C560,DXGI,0,0,0,Composed: Flip,18640.1914,NA,17.00660000000000,0.79160000000000,0.13350000000000,8.76300000000000,19.1967,18623.3149,17.0100,16.8765,0.1335,16.7423,8.8972,8.8774,0.0198,16.0557,18623.3149,NA
parkey.exe,40372,0x21C0676C560,DXGI,0,0,0,Composed: Flip,18656.2122,NA,16.02080000000000,13.90330000000000,0.15070000000000,8.18780000000000,17.0792,18640.3249,16.0380,15.8873,0.1507,15.7632,8.3119,8.2920,0.0199,3.1067,18640.3249,NA
parkey.exe,40372,0x21C0676C560,DXGI,0,0,0,Composed: Flip,18673.0209,NA,16.80870000000000,20.81680000000000,0.12500000000000,8.27210000000000,21.0873,18656.3629,16.7830,16.6580,0.1250,16.5305,8.3996,8.3838,0.0158,-4.7788,18656.3629,NA
parkey.exe,40372,0x21C0676C560,DXGI,0,0,0,Composed: Flip,18689.6556,NA,16.63470000000000,13.90460000000000,0.13890000000000,8.18130000000000,18.3572,18673.1459,16.6486,16.5097,0.1389,16.3624,8.3286,8.3111,0.0175,2.8784,18673.1459,NA
parkey.exe,40372,0x21C0676C560,DXGI,0,0,0,Composed: Flip,18706.2235,NA,16.56790000000000,17.30760000000000,0.12960000000000,7.86700000000000,19.0969,18689.7945,16.5586,16.4290,0.1296,16.3242,7.9718,7.9525,0.0193,-0.6590,18689.7945,NA
parkey.exe,40372,0x21C0676C560,DXGI,0,0,0,Composed: Flip,18724.3453,NA,18.12180000000000,16.67890000000000,0.26020000000000,7.89050000000000,17.6540,18706.3531,18.2524,17.9922,0.2602,17.7375,8.1452,8.1268,0.0184,-0.1203,18706.3531,NA
parkey.exe,40372,0x21C0676C560,DXGI,0,0,0,Composed: Flip,18739.7058,NA,15.36050000000000,16.67310000000000,0.13940000000000,8.62190000000000,18.9666,18724.6055,15.2397,15.1003,0.1394,14.9591,8.7631,8.7461,0.0170,1.5793,18724.6055,NA
parkey.exe,40372,0x21C0676C560,DXGI,0,0,0,Composed: Flip,18756.5319,NA,16.82610000000000,NA,0.19160000000000,8.55220000000000,NA,18739.8452,16.8783,16.6867,0.1916,16.5479,8.6910,8.6735,0.0175,NA,NA,NA
parkey.exe,40372,0x21C0676C560,DXGI,0,0,0,Composed: Flip,18772.9807,NA,16.44880000000000,32.67640000000000,0.13270000000000,8.33580000000000,18.3681,18756.7235,16.3899,16.2572,0.1327,16.1377,8.4553,8.4345,0.0208,-0.5584,18756.7235,NA
parkey.exe,40372,0x21C0676C560,DXGI,0,0,0,Composed: Flip,18789.8245,NA,16.84380000000000,20.87590000000000,0.15100000000000,8.87850000000000,22.4002,18773.1134,16.8621,16.7111,0.1510,16.5428,9.0468,9.0269,0.0199,-4.4860,18773.1134,NA
parkey.exe,40372,0x21C0676C560,DXGI,0,0,0,Composed: Flip,18806.7229,NA,16.89840000000000,13.89630000000000,0.15810000000000,8.00480000000000,19.3981,18789.9755,16.9055,16.7474,0.1581,16.5869,8.1653,8.1457,0.0196,2.9658,18789.9755,NA
parkey.exe,40372,0x21C0676C560,DXGI,0,0,0,Composed: Flip,18823.2000,NA,16.47710000000000,32.66440000000000,0.13600000000000,8.26420000000000,35.5854,18806.8810,16.4550,16.3190,0.1360,16.1778,8.4054,8.3876,0.0178,-15.7589,18806.8810,NA
parkey.exe,40372,0x21C0676C560,DXGI,0,0,0,Composed: Flip,18839.6980,NA,16.49800000000000,2.03760000000000,0.16680000000000,8.14670000000000,21.1250,18823.3360,16.5288,16.3620,0.1668,16.2262,8.2825,8.2646,0.0179,14.4174,18823.3360,NA
parkey.exe,40372,0x21C0676C560,DXGI,0,0,0,Composed: Flip,18856.3903,NA,16.69230000000000,13.88550000000000,0.13590000000000,8.19440000000000,18.3182,18839.8648,16.6614,16.5255,0.1359,16.3827,8.3372,8.3156,0.0216,2.6433,18839.8648,NA
parkey.exe,40372,0x21C0676C560,DXGI,0,0,0,Composed: Flip,18873.2230,NA,16.83270000000000,20.85190000000000,0.14460000000000,8.78490000000000,22.3374,18856.5262,16.8414,16.6968,0.1446,16.5581,8.9236,8.8773,0.0463,-4.1905,18856.5262,NA
parkey.exe,40372,0x21C0676C560,DXGI,0,0,0,Composed: Flip,18889.6938,NA,16.47080000000000,13.87610000000000,0.12310000000000,7.76510000000000,19.7427,18873.3676,16.4493,16.3262,0.1231,16.1875,7.9038,7.8774,0.0264,2.9653,18873.3676,NA
parkey.exe,40372,0x21C0676C560,DXGI,0,0,0,Composed: Flip,18906.3759,NA,16.68210000000000,13.88930000000000,0.15460000000000,8.21140000000000,16.9499,18889.8169,16.7136,16.5590,0.1546,16.4312,8.3392,8.3111,0.0281,2.5600,18889.8169,NA
parkey.exe,40372,0x21C0676C560,DXGI,0,0,0,Composed: Flip,18922.9961,NA,16.62020000000000,NA,0.12230000000000,7.68620000000000,NA,18906.5305,16.5879,16.4656,0.1223,16.3386,7.8132,7.7903,0.0229,NA,NA,NA
parkey.exe,40372,0x21C0676C560,DXGI,0,0,0,Composed: Flip,18939.9803,NA,16.98420000000000,34.75130000000000,0.17800000000000,8.13530000000000,18.0968,18923.1184,17.0399,16.8619,0.1780,16.6933,8.3039,8.2793,0.0246,-1.4498,18923.1184,NA
parkey.exe,40372,0x21C0676C560,DXGI,0,0,0,Composed: Flip,18956.7556,NA,16.77530000000000,17.44740000000000,0.18080000000000,8.11730000000000,18.7689,18940.1583,16.7781,16.5973,0.1808,16.4204,8.2942,8.2667,0.0275,-0.4075,18940.1583,NA
parkey.exe,40372,0x21C0676C560,DXGI,0,0,0,Composed: Flip,18973.6847,NA,16.92910000000000,16.70160000000000,0.17140000000000,9.22460000000000,18.5414,18956.9364,16.9197,16.7483,0.1714,16.5735,9.3994,9.3764,0.0230,0.0765,18956.9364,NA
parkey.exe,40372,0x21C0676C560,DXGI,0,0,0,Composed: Flip,18990.3232,NA,16.63850000000000,16.66570000000000,0.16970000000000,8.19530000000000,18.5686,18973.8561,16.6368,16.4671,0.1697,16.2933,8.3691,8.3481,0.0210,0.2540,18973.8561,NA
parkey.exe,40372,0x21C0676C560,DXGI,0,0,0,Composed: Flip,19007.6085,NA,17.28530000000000,18.70240000000000,0.16710000000000,8.72940000000000,19.9857,18990.4929,17.2827,17.1156,0.1671,16.9237,8.9213,8.8954,0.0259,-2.0656,18990.4929,NA
parkey.exe,40372,0x21C0676C560,DXGI,0,0,0,Composed: Flip,19023.3680,NA,15.75950000000000,31.34600000000000,0.19930000000000,7.68740000000000,35.5722,19007.7756,15.7917,15.5924,0.1993,15.4146,7.8652,7.8384,0.0268,-14.0633,19007.7756,NA
parkey.exe,40372,0x21C0676C560,DXGI,0,0,0,Composed: Flip,19040.0619,NA,16.69390000000000,3.32700000000000,0.19330000000000,8.75460000000000,22.2053,19023.5673,16.6879,16.4946,0.1933,16.3100,8.9392,8.9155,0.0237,12.4647,19023.5673,NA
parkey.exe,40372,0x21C0676C560,DXGI,0,0,0,Composed: Flip,19056.7711,NA,16.70920000000000,13.89920000000000,0.28370000000000,8.55730000000000,19.3953,19040.2552,16.7996,16.5159,0.2837,16.3094,8.7638,8.7406,0.0232,2.7887,19040.2552,NA
parkey.exe,40372,0x21C0676C560,DXGI,0,0,0,Composed: Flip,19073.4589,NA,16.68780000000000,13.89180000000000,0.16420000000000,8.17050000000000,16.5993,19057.0548,16.5683,16.4041,0.1642,16.2310,8.3436,8.3216,0.0220,2.9078,19057.0548,NA
parkey.exe,40372,0x21C0676C560,DXGI,0,0,0,Composed: Flip,19090.1685,NA,16.70960000000000,20.92030000000000,0.23090000000000,8.06010000000000,20.8100,19073.6231,16.7763,16.5454,0.2309,16.2616,8.3439,8.2957,0.0482,-4.3520,19073.6231,NA
parkey.exe,40372,0x21C0676C560,DXGI,0,0,0,Composed: Flip,19106.5661,NA,16.39760000000000,13.77510000000000,0.13950000000000,8.44610000000000,18.1875,19090.3994,16.3062,16.1667,0.1395,16.0130,8.5998,8.5770,0.0228,3.0012,19090.3994,NA
parkey.exe,40372,0x21C0676C560,DXGI,0,0,0,Composed: Flip,19123.2363,NA,16.67020000000000,17.57390000000000,0.14220000000000,7.73610000000000,19.0912,19106.7056,16.6729,16.5307,0.1422,16.3758,7.8910,7.8668,0.0242,-1.2677,19106.7056,NA
parkey.exe,40372,0x21C0676C560,DXGI,0,0,0,Composed: Flip,19139.9794,NA,16.74310000000000,16.67480000000000,0.18380000000000,8.18450000000000,19.0229,19123.3785,16.7847,16.6009,0.1838,16.4387,8.3467,8.3294,0.0173,-0.0019,19123.3785,NA
parkey.exe,40372,0x21C0676C560,DXGI,0,0,0,Composed: Flip,19156.3510,NA,16.37160000000000,16.67890000000000,0.17370000000000,7.78240000000000,19.3302,19140.1632,16.3615,16.1878,0.1737,16.0525,7.9177,7.8993,0.0184,0.1058,19140.1632,NA
parkey.exe,40372,0x21C0676C560,DXGI,0,0,0,Composed: Flip,19173.7599,NA,17.40890000000000,18.54260000000000,0.21510000000000,8.23210000000000,20.4639,19156.5247,17.4503,17.2352,0.2151,17.0257,8.4416,8.4217,0.0199,-2.1811,19156.5247,NA
parkey.exe,40372,0x21C0676C560,DXGI,0,0,0,Composed: Flip,19189.5605,NA,15.80060000000000,13.88140000000000,0.12330000000000,8.22400000000000,18.5447,19173.9750,15.7088,15.5855,0.1233,15.4582,8.3513,8.3323,0.0190,3.5689,19173.9750,NA
parkey.exe,40372,0x21C0676C560,DXGI,0,0,0,Composed: Flip,19206.3879,NA,16.82740000000000,17.61990000000000,0.14130000000000,8.27730000000000,19.3372,19189.6838,16.8454,16.7041,0.1413,16.5698,8.4116,8.3935,0.0181,-1.9111,19189.6838,NA
parkey.exe,40372,0x21C0676C560,DXGI,0,0,0,Composed: Flip,19223.2580,NA,16.87010000000000,16.68010000000000,0.15150000000000,7.66050000000000,19.1472,19206.5292,16.8803,16.7288,0.1515,16.5671,7.8222,7.8037,0.0185,0.1653,19206.5292,NA
parkey.exe,40372,0x21C0676C560,DXGI,0,0,0,Composed: Flip,19239.8474,NA,16.58940000000000,16.67720000000000,0.16140000000000,8.22790000000000,19.2350,19223.4095,16.5993,16.4379,0.1614,16.3040,8.3618,8.3443,0.0175,0.2031,19223.4095,NA
parkey.exe,40372,0x21C0676C560,DXGI,0,0,0,Composed: Flip,19256.3406,NA,16.49320000000000,NA,0.13560000000000,7.87080000000000,NA,19240.0088,16.4674,16.3318,0.1356,16.2085,7.9941,7.9720,0.0221,NA,NA,NA
parkey.exe,40372,0x21C0676C560,DXGI,0,0,0,Composed: Flip,19272.9127,NA,16.57210000000000,32.36820000000000,0.15720000000000,8.25840000000000,18.5379,19256.4762,16.5937,16.4365,0.1572,16.3193,8.3756,8.3596,0.0160,0.6985,19256.4762,NA
parkey.exe,40372,0x21C0676C560,DXGI,0,0,0,Composed: Flip,19290.0422,NA,17.12950000000000,17.66930000000000,0.13230000000000,8.25160000000000,19.0777,19273.0699,17.1046,16.9723,0.1323,16.8415,8.3824,8.3645,0.0179,-1.0756,19273.0699,NA
parkey.exe,40372,0x21C0676C560,DXGI,0,0,0,Composed: Flip,19306.4322,NA,16.39000000000000,16.68820000000000,0.12420000000000,8.19180000000000,19.3759,19290.1745,16.3819,16.2577,0.1242,16.1299,8.3196,8.3027,0.0169,0.4164,19290.1745,NA
parkey.exe,40372,0x21C0676C560,DXGI,0,0,0,Composed: Flip,19322.9340,NA,16.50180000000000,16.69470000000000,0.12540000000000,7.76880000000000,19.5688,19306.5564,16.5030,16.3776,0.1254,16.2574,7.8890,7.8676,0.0214,-0.3128,19306.5564,NA
parkey.exe,40372,0x21C0676C560,DXGI,0,0,0,Composed: Flip,19339.7068,NA,16.77280000000000,18.42770000000000,0.27420000000000,8.37080000000000,21.2237,19323.0594,16.9216,16.6474,0.2742,16.4939,8.5243,8.5062,0.0181,-1.9247,19323.0594,NA
parkey.exe,40372,0x21C0676C560,DXGI,0,0,0,Composed: Flip,19356.5642,NA,16.85740000000000,13.86580000000000,0.13880000000000,8.16380000000000,18.2321,19339.9810,16.7220,16.5832,0.1388,16.4392,8.3078,8.2894,0.0184,3.0558,19339.9810,NA
parkey.exe,40372,0x21C0676C560,DXGI,0,0,0,Composed: Flip,19373.3935,NA,16.82930000000000,17.73000000000000,0.14750000000000,8.23600000000000,19.1328,19356.7030,16.8380,16.6905,0.1475,16.4856,8.4409,8.4230,0.0179,-1.0080,19356.7030,NA
parkey.exe,40372,0x21C0676C560,DXGI,0,0,0,Composed: Flip,19390.0508,NA,16.65730000000000,16.75000000000000,0.14770000000000,8.09890000000000,19.2255,19373.5410,16.6575,16.5098,0.1477,16.3509,8.2578,8.2349,0.0229,0.0880,19373.5410,NA
parkey.exe,40372,0x21C0676C560,DXGI,0,0,0,Composed: Flip,19406.4328,NA,16.38200000000000,16.61670000000000,0.16800000000000,7.74720000000000,19.4602,19390.1985,16.4023,16.2343,0.1680,16.0947,7.8868,7.8664,0.0204,0.0408,19390.1985,NA
parkey.exe,40372,0x21C0676C560,DXGI,0,0,0,Composed: Flip,19423.0776,NA,16.64480000000000,16.67550000000000,0.12990000000000,7.68900000000000,19.4909,19406.6008,16.6067,16.4768,0.1299,16.3488,7.8170,7.7956,0.0214,-0.2732,19406.6008,NA
parkey.exe,40372,0x21C0676C560,DXGI,0,0,0,Composed: Flip,19439.8347,NA,16.75710000000000,16.68040000000000,0.13300000000000,7.80820000000000,19.4142,19423.2075,16.7602,16.6272,0.1330,16.4797,7.9557,7.9313,0.0244,-0.0737,19423.2075,NA
parkey.exe,40372,0x21C0676C560,DXGI,0,0,0,Composed: Flip,19456.5523,NA,16.71760000000000,16.67470000000000,0.14830000000000,8.10610000000000,19.3713,19439.9677,16.7329,16.5846,0.1483,16.3246,8.3661,8.3479,0.0182,0.0855,19439.9677,NA
parkey.exe,40372,0x21C0676C560,DXGI,0,0,0,Composed: Flip,19473.1199,NA,16.56760000000000,16.68620000000000,0.14960000000000,8.22710000000000,19.4899,19456.7006,16.5689,16.4193,0.1496,16.2848,8.3616,8.3442,0.0174,0.0467,19456.7006,NA
parkey.exe,40372,0x21C0676C560,DXGI,0,0,0,Composed: Flip,19489.7133,NA,16.59340000000000,16.67460000000000,0.13740000000000,7.69840000000000,19.5711,19473.2695,16.5812,16.4438,0.1374,16.3021,7.8401,7.8228,0.0173,-0.1057,19473.2695,NA
parkey.exe,40372,0x21C0676C560,DXGI,0,0,0,Composed: Flip,19506.3963,NA,16.68300000000000,33.36360000000000,0.12610000000000,7.70600000000000,36.2517,19489.8507,16.6717,16.5456,0.1261,16.4096,7.8420,7.8172,0.0248,-16.7824,19489.8507,NA
parkey.exe,40372,0x21C0676C560,DXGI,0,0,0,Composed: Flip,19524.4332,NA,18.03690000000000,NA,0.15110000000000,8.29850000000000,NA,19506.5224,18.0619,17.9108,0.1511,17.7151,8.4942,8.4705,0.0237,NA,NA,NA
parkey.exe,40372,0x21C0676C560,DXGI,0,0,0,Composed: Flip,19539.8723,NA,15.43910000000000,16.68140000000000,0.12700000000000,8.32860000000000,19.4571,19524.5843,15.4150,15.2880,0.1270,15.1589,8.4577,8.4358,0.0219,18.0522,19524.5843,NA
parkey.exe,40372,0x21C0676C560,DXGI,0,0,0,Composed: Flip,19557.4139,NA,17.54160000000000,16.69020000000000,0.21320000000000,8.73170000000000,18.6057,19539.9993,17.6278,17.4146,0.2132,17.1926,8.9537,8.9292,0.0245,-1.2752,19539.9993,NA
parkey.exe,40372,0x21C0676C560,DXGI,0,0,0,Composed: Flip,19573.0476,NA,15.63370000000000,16.66750000000000,0.14340000000000,7.69460000000000,19.6395,19557.6271,15.5639,15.4205,0.1434,15.2659,7.8492,7.8257,0.0235,0.9603,19557.6271,NA
parkey.exe,40372,0x21C0676C560,DXGI,0,0,0,Composed: Flip,19589.8899,NA,16.84230000000000,NA,0.15690000000000,7.72100000000000,NA,19573.1910,16.8558,16.6989,0.1569,16.5728,7.8471,7.8306,0.0165,NA,NA,NA
parkey.exe,40372,0x21C0676C560,DXGI,0,0,0,Composed: Flip,19607.2114,NA,17.32150000000000,32.15970000000000,0.13590000000000,8.43460000000000,17.6354,19590.0468,17.3005,17.1646,0.1359,17.0058,8.5934,8.5704,0.0230,0.2600,19590.0468,NA
parkey.exe,40372,0x21C0676C560,DXGI,0,0,0,Composed: Flip,19624.0632,NA,16.85180000000000,20.83450000000000,0.23470000000000,8.31500000000000,21.6181,19607.3473,16.9506,16.7159,0.2347,16.4770,8.5539,8.5271,0.0268,-3.5340,19607.3473,NA
parkey.exe,40372,0x21C0676C560,DXGI,0,0,0,Composed: Flip,19640.2400,NA,16.17680000000000,13.95780000000000,0.24880000000000,8.11980000000000,19.3991,19624.2979,16.1909,15.9421,0.2488,15.6353,8.4266,8.4107,0.0159,2.9928,19624.2979,NA
parkey.exe,40372,0x21C0676C560,DXGI,0,0,0,Composed: Flip,19656.3495,NA,16.10950000000000,13.82770000000000,0.15810000000000,8.23450000000000,17.1173,19640.4888,16.0188,15.8607,0.1581,15.7281,8.3671,8.3434,0.0237,2.3632,19640.4888,NA
parkey.exe,40372,0x21C0676C560,DXGI,0,0,0,Composed: Flip,19673.1450,NA,16.79550000000000,NA,0.13250000000000,7.39060000000000,NA,19656.5076,16.7699,16.6374,0.1325,16.4889,7.5391,7.5148,0.0243,NA,NA,NA
parkey.exe,40372,0x21C0676C560,DXGI,0,0,0,Composed: Flip,19690.7410,NA,17.59600000000000,34.71650000000000,0.12710000000000,8.39880000000000,17.4423,19673.2775,17.5906,17.4635,0.1271,17.3374,8.5249,8.4978,0.0271,-1.9278,19673.2775,NA
parkey.exe,40372,0x21C0676C560,DXGI,0,0,0,Composed: Flip,19707.5592,NA,16.81820000000000,34.63160000000000,0.19650000000000,7.73790000000000,35.2557,19690.8681,16.8876,16.6911,0.1965,16.4677,7.9613,7.9411,0.0202,-17.0410,19690.8681,NA
parkey.exe,40372,0x21C0676C560,DXGI,0,0,0,Composed: Flip,19723.3706,NA,15.81140000000000,0.19390000000000,0.14360000000000,8.34880000000000,19.6382,19707.7557,15.7585,15.6149,0.1436,15.4735,8.4902,8.4741,0.0161,16.6937,19707.7557,NA
parkey.exe,40372,0x21C0676C560,DXGI,0,0,0,Composed: Flip,19739.8434,NA,16.47280000000000,20.74220000000000,0.14420000000000,9.02860000000000,23.9076,19723.5142,16.4734,16.3292,0.1442,16.1643,9.1935,9.1683,0.0252,-4.9837,19723.5142,NA
parkey.exe,40372,0x21C0676C560,DXGI,0,0,0,Composed: Flip,19756.8114,NA,16.96800000000000,13.89080000000000,0.25180000000000,9.05330000000000,20.8304,19739.9876,17.0756,16.8238,0.2518,16.5594,9.3177,9.2992,0.0185,2.5826,19739.9876,NA
parkey.exe,40372,0x21C0676C560,DXGI,0,0,0,Composed: Flip,19773.0221,NA,16.21070000000000,NA,0.13490000000000,7.91690000000000,NA,19757.0632,16.0938,15.9589,0.1349,15.8297,8.0461,8.0284,0.0177,NA,NA,NA
parkey.exe,40372,0x21C0676C560,DXGI,0,0,0,Composed: Flip,19789.6582,NA,16.63610000000000,31.90550000000000,0.16600000000000,7.72160000000000,19.8891,19773.1570,16.6672,16.5012,0.1660,16.3617,7.8611,7.8419,0.0192,1.2639,19773.1570,NA
parkey.exe,40372,0x21C0676C560,DXGI,0,0,0,Composed: Flip,19807.3579,NA,17.69970000000000,16.68300000000000,0.12560000000000,7.90740000000000,18.8724,19789.8242,17.6593,17.5337,0.1256,17.4103,8.0308,8.0101,0.0207,-0.0158,19789.8242,NA
parkey.exe,40372,0x21C0676C560,DXGI,0,0,0,Composed: Flip,19823.0075,NA,15.64960000000000,16.66560000000000,0.13430000000000,7.75380000000000,19.8884,19807.4835,15.6583,15.5240,0.1343,15.3910,7.8868,7.8688,0.0180,0.9937,19807.4835,NA
parkey.exe,40372,0x21C0676C560,DXGI,0,0,0,Composed: Flip,19839.6887,NA,16.68120000000000,16.67710000000000,0.14290000000000,7.31370000000000,19.8843,19823.1418,16.6898,16.5469,0.1429,16.4068,7.4538,7.4312,0.0226,-1.0188,19823.1418,NA
parkey.exe,40372,0x21C0676C560,DXGI,0,0,0,Composed: Flip,19856.1164,NA,16.42770000000000,16.67550000000000,0.13670000000000,7.72750000000000,20.1321,19839.8316,16.4215,16.2848,0.1367,16.1765,7.8358,7.7998,0.0360,0.0143,19839.8316,NA
parkey.exe,40372,0x21C0676C560,DXGI,0,0,0,Composed: Flip,19873.7995,NA,17.68310000000000,16.68670000000000,0.21970000000000,7.55120000000000,19.1357,19856.2531,17.7661,17.5464,0.2197,17.2915,7.8061,7.7862,0.0199,-0.2652,19856.2531,NA
parkey.exe,40372,0x21C0676C560,DXGI,0,0,0,Composed: Flip,19889.5697,NA,15.77020000000000,16.78910000000000,0.16380000000000,7.90080000000000,20.1546,19874.0192,15.7143,15.5505,0.1638,15.4231,8.0282,8.0090,0.0192,0.9770,19874.0192,NA
parkey.exe,40372,0x21C0676C560,DXGI,0,0,0,Composed: Flip,19906.3900,NA,16.82030000000000,16.56780000000000,0.13630000000000,7.70290000000000,19.9021,19889.7335,16.7928,16.6565,0.1363,16.5200,7.8394,7.8202,0.0192,-0.8535,19889.7335,NA
parkey.exe,40372,0x21C0676C560,DXGI,0,0,0,Composed: Flip,19922.9281,NA,16.53810000000000,16.68030000000000,0.14540000000000,7.75510000000000,20.0443,19906.5263,16.5472,16.4018,0.1454,16.2770,7.8799,7.8593,0.0206,0.1125,19906.5263,NA
parkey.exe,40372,0x21C0676C560,DXGI,0,0,0,Composed: Flip,19941.3662,NA,18.43810000000000,16.69050000000000,0.13970000000000,8.61460000000000,18.2967,19923.0735,18.4324,18.2927,0.1397,18.1378,8.7695,8.7487,0.0208,-0.1433,19923.0735,NA
parkey.exe,40372,0x21C0676C560,DXGI,0,0,0,Composed: Flip,19956.3769,NA,15.01070000000000,16.66840000000000,0.13070000000000,7.80800000000000,19.9544,19941.5059,15.0017,14.8710,0.1307,14.7503,7.9287,7.9081,0.0206,1.7640,19941.5059,NA
parkey.exe,40372,0x21C0676C560,DXGI,0,0,0,Composed: Flip,19973.7314,NA,17.35450000000000,16.67860000000000,0.13290000000000,7.75770000000000,19.2785,19956.5076,17.3567,17.2238,0.1329,17.0937,7.8878,7.8645,0.0233,-1.6769,19956.5076,NA
parkey.exe,40372,0x21C0676C560,DXGI,0,0,0,Composed: Flip,19990.7833,NA,17.05190000000000,16.69010000000000,0.14830000000000,7.85740000000000,18.9167,19973.8643,17.0673,16.9190,0.1483,16.7863,7.9901,7.9683,0.0218,0.6666,19973.8643,NA
parkey.exe,40372,0x21C0676C560,DXGI,0,0,0,Composed: Flip,20007.0874,NA,16.30410000000000,16.69840000000000,0.22550000000000,8.14860000000000,19.3110,19990.9316,16.3813,16.1558,0.2255,15.9528,8.3516,8.3340,0.0176,0.3689,19990.9316,NA
parkey.exe,40372,0x21C0676C560,DXGI,0,0,0,Composed: Flip,20023.8638,NA,16.77640000000000,16.65180000000000,0.14140000000000,8.19790000000000,19.1864,20007.3129,16.6923,16.5509,0.1414,16.3926,8.3562,8.3267,0.0295,-0.2705,20007.3129,NA
parkey.exe,40372,0x21C0676C560,DXGI,0,0,0,Composed: Flip,20039.9881,NA,16.12430000000000,16.69790000000000,0.16880000000000,8.36250000000000,19.7600,20024.0052,16.1517,15.9829,0.1688,15.8226,8.5228,8.5007,0.0221,-0.0056,20024.0052,NA
parkey.exe,40372,0x21C0676C560,DXGI,0,0,0,Composed: Flip,20057.9933,NA,18.00520000000000,16.67110000000000,0.22690000000000,7.72280000000000,18.4259,20040.1569,18.0633,17.8364,0.2269,17.5503,8.0089,7.9848,0.0241,-0.5194,20040.1569,NA
parkey.exe,40372,0x21C0676C560,DXGI,0,0,0,Composed: Flip,20073.0748,NA,15.08150000000000,16.69450000000000,0.13350000000000,7.33950000000000,20.0389,20058.2202,14.9881,14.8546,0.1335,14.7237,7.4704,7.4487,0.0217,1.3688,20058.2202,NA
parkey.exe,40372,0x21C0676C560,DXGI,0,0,0,Composed: Flip,20089.7170,NA,16.64220000000000,16.66300000000000,0.13340000000000,7.76200000000000,20.0597,20073.2083,16.6421,16.5087,0.1334,16.3666,7.9041,7.8898,0.0143,-1.6749,20073.2083,NA
parkey.exe,40372,0x21C0676C560,DXGI,0,0,0,Composed: Flip,20106.6331,NA,16.91610000000000,16.67500000000000,0.14820000000000,7.72290000000000,19.8186,20089.8504,16.9309,16.7827,0.1482,16.6533,7.8523,7.8335,0.0188,-0.0329,20089.8504,NA
parkey.exe,40372,0x21C0676C560,DXGI,0,0,0,Composed: Flip,20122.9590,NA,16.32590000000000,16.69480000000000,0.13030000000000,7.78600000000000,20.1875,20106.7813,16.3080,16.1777,0.1303,16.0291,7.9346,7.9169,0.0177,0.2361,20106.7813,NA
parkey.exe,40372,0x21C0676C560,DXGI,0,0,0,Composed: Flip,20139.8695,NA,16.91050000000000,16.67260000000000,0.14190000000000,7.65790000000000,19.9496,20123.0893,16.9221,16.7802,0.1419,16.6368,7.8013,7.7843,0.0170,-0.3646,20123.0893,NA
parkey.exe,40372,0x21C0676C560,DXGI,0,0,0,Composed: Flip,20156.4615,NA,16.59200000000000,16.67430000000000,0.14390000000000,7.87600000000000,20.0319,20140.0114,16.5940,16.4501,0.1439,16.2993,8.0268,8.0072,0.0196,0.2478,20140.0114,NA
parkey.exe,40372,0x21C0676C560,DXGI,0,0,0,Composed: Flip,20173.6052,NA,17.14370000000000,16.71180000000000,0.13770000000000,6.38720000000000,19.6000,20156.6054,17.1375,16.9998,0.1377,16.7760,6.6110,6.5839,0.0271,-0.1178,20156.6054,NA
parkey.exe,40372,0x21C0676C560,DXGI,0,0,0,Composed: Flip,20189.4473,NA,15.84210000000000,16.65970000000000,0.13200000000000,7.73070000000000,20.4176,20173.7429,15.8364,15.7044,0.1320,15.5850,7.8501,7.8330,0.0171,0.4778,20173.7429,NA
parkey.exe,40372,0x21C0676C560,DXGI,0,0,0,Composed: Flip,20206.3354,NA,16.88810000000000,16.68030000000000,0.13740000000000,7.36900000000000,20.2098,20189.5793,16.8935,16.7561,0.1374,16.6185,7.5066,7.4917,0.0149,-0.8439,20189.5793,NA
parkey.exe,40372,0x21C0676C560,DXGI,0,0,0,Composed: Flip,20223.0755,NA,16.74010000000000,16.66670000000000,0.12680000000000,7.74590000000000,20.1364,20206.4728,16.7295,16.6027,0.1268,16.4691,7.8795,7.8599,0.0196,0.2268,20206.4728,NA
parkey.exe,40372,0x21C0676C560,DXGI,0,0,0,Composed: Flip,20240.3351,NA,17.25960000000000,16.70010000000000,0.13810000000000,7.85500000000000,19.5769,20223.2023,17.2709,17.1328,0.1381,17.0113,7.9765,7.9568,0.0197,0.0294,20223.2023,NA
parkey.exe,40372,0x21C0676C560,DXGI,0,0,0,Composed: Flip,20256.3891,NA,16.05400000000000,16.67730000000000,0.15230000000000,7.38450000000000,20.2002,20240.4732,16.0682,15.9159,0.1523,15.7629,7.5375,7.5215,0.0160,0.5936,20240.4732,NA
parkey.exe,40372,0x21C0676C560,DXGI,0,0,0,Composed: Flip,20273.0407,NA,16.65160000000000,16.66850000000000,0.12870000000000,6.43960000000000,20.2171,20256.5414,16.6280,16.4993,0.1287,16.3682,6.5707,6.5497,0.0210,-0.6003,20256.5414,NA
parkey.exe,40372,0x21C0676C560,DXGI,0,0,0,Composed: Flip,20289.8664,NA,16.82570000000000,16.68140000000000,0.16250000000000,7.71450000000000,20.0728,20273.1694,16.8595,16.6970,0.1625,16.5715,7.8400,7.8248,0.0152,-0.0534,20273.1694,NA
parkey.exe,40372,0x21C0676C560,DXGI,0,0,0,Composed: Flip,20307.2835,NA,17.41710000000000,16.67480000000000,0.13570000000000,8.26230000000000,19.3305,20290.0289,17.3903,17.2546,0.1357,17.0469,8.4700,8.4414,0.0286,0.1847,20290.0289,NA
parkey.exe,40372,0x21C0676C560,DXGI,0,0,0,Composed: Flip,20322.9592,NA,15.67570000000000,16.68380000000000,0.12900000000000,7.75060000000000,20.3386,20307.4192,15.6690,15.5400,0.1290,15.4077,7.8829,7.8630,0.0199,0.7065,20307.4192,NA
parkey.exe,40372,0x21C0676C560,DXGI,0,0,0,Composed: Flip,20339.6533,NA,16.69410000000000,16.68120000000000,0.14120000000000,7.68810000000000,20.3257,20323.0882,16.7063,16.5651,0.1412,16.4193,7.8339,7.8077,0.0262,-1.0122,20323.0882,NA
parkey.exe,40372,0x21C0676C560,DXGI,0,0,0,Composed: Flip,20356.4059,NA,16.75260000000000,16.69450000000000,0.13750000000000,7.71410000000000,20.2676,20339.7945,16.7489,16.6114,0.1375,16.4888,7.8367,7.8151,0.0216,0.0118,20339.7945,NA
parkey.exe,40372,0x21C0676C560,DXGI,0,0,0,Composed: Flip,20372.9332,NA,16.52730000000000,16.68270000000000,0.11720000000000,7.40890000000000,20.4230,20356.5434,16.5070,16.3898,0.1172,16.2618,7.5369,7.5219,0.0150,0.0662,20356.5434,NA
parkey.exe,40372,0x21C0676C560,DXGI,0,0,0,Composed: Flip,20389.6449,NA,16.71170000000000,16.65460000000000,0.14720000000000,7.66490000000000,20.3659,20373.0504,16.7417,16.5945,0.1472,16.4238,7.8356,7.8139,0.0217,-0.1476,20373.0504,NA
parkey.exe,40372,0x21C0676C560,DXGI,0,0,0,Composed: Flip,20406.2794,NA,16.63450000000000,16.68900000000000,0.13500000000000,7.73780000000000,20.4204,20389.7921,16.6223,16.4873,0.1350,16.3645,7.8606,7.8388,0.0218,0.0527,20389.7921,NA
parkey.exe,40372,0x21C0676C560,DXGI,0,0,0,Composed: Flip,20422.8914,NA,16.61200000000000,16.68910000000000,0.14200000000000,7.82740000000000,20.4975,20406.4144,16.6190,16.4770,0.1420,16.3474,7.9570,7.9373,0.0197,-0.0668,20406.4144,NA
parkey.exe,40372,0x21C0676C560,DXGI,0,0,0,Composed: Flip,20440.3988,NA,17.50740000000000,16.67690000000000,0.24790000000000,8.16310000000000,19.6670,20423.0334,17.6133,17.3654,0.2479,17.0966,8.4319,8.4139,0.0180,-0.0579,20423.0334,NA
parkey.exe,40372,0x21C0676C560,DXGI,0,0,0,Composed: Flip,20456.3141,NA,15.91530000000000,16.67260000000000,0.13360000000000,7.67750000000000,20.4243,20440.6467,15.8010,15.6674,0.1336,15.5394,7.8055,7.7885,0.0170,0.9407,20440.6467,NA
parkey.exe,40372,0x21C0676C560,DXGI,0,0,0,Composed: Flip,20473.3643,NA,17.05020000000000,16.67920000000000,0.12550000000000,6.44760000000000,20.0533,20456.4477,17.0421,16.9166,0.1255,16.7866,6.5776,6.5577,0.0199,-0.8782,20456.4477,NA
parkey.exe,40372,0x21C0676C560,DXGI,0,0,0,Composed: Flip,20490.2150,NA,16.85070000000000,16.69550000000000,0.14320000000000,7.87110000000000,19.8981,20473.4898,16.8684,16.7252,0.1432,16.6113,7.9850,7.9678,0.0172,0.3466,20473.4898,NA
parkey.exe,40372,0x21C0676C560,DXGI,0,0,0,Composed: Flip,20506.3060,NA,16.09100000000000,16.67250000000000,0.14100000000000,7.78260000000000,20.4796,20490.3582,16.0888,15.9478,0.1410,15.8098,7.9206,7.9029,0.0177,0.1959,20490.3582,NA
parkey.exe,40372,0x21C0676C560,DXGI,0,0,0,Composed: Flip,20523.1758,NA,16.86980000000000,16.66880000000000,0.12970000000000,7.32010000000000,20.2786,20506.4470,16.8585,16.7288,0.1297,16.5896,7.4593,7.4346,0.0247,-0.5800,20506.4470,NA
parkey.exe,40372,0x21C0676C560,DXGI,0,0,0,Composed: Flip,20540.1849,NA,17.00910000000000,16.68770000000000,0.15640000000000,7.71430000000000,19.9572,20523.3055,17.0358,16.8794,0.1564,16.7401,7.8536,7.8375,0.0161,0.1708,20523.3055,NA
parkey.exe,40372,0x21C0676C560,DXGI,0,0,0,Composed: Flip,20556.5617,NA,16.37680000000000,16.68530000000000,0.23110000000000,7.62060000000000,20.2657,20540.3413,16.4515,16.2204,0.2311,15.9858,7.8552,7.8364,0.0188,0.3505,20540.3413,NA
parkey.exe,40372,0x21C0676C560,DXGI,0,0,0,Composed: Flip,20573.0355,NA,16.47380000000000,16.67520000000000,0.13930000000000,7.29690000000000,20.4671,20556.7928,16.3820,16.2427,0.1393,16.1124,7.4272,7.4102,0.0170,-0.2237,20556.7928,NA
parkey.exe,40372,0x21C0676C560,DXGI,0,0,0,Composed: Flip,20590.5168,NA,17.48130000000000,16.69690000000000,0.13810000000000,7.72390000000000,19.6827,20573.1748,17.4801,17.3420,0.1381,17.2088,7.8571,7.8346,0.0225,-0.3149,20573.1748,NA
parkey.exe,40372,0x21C0676C560,DXGI,0,0,0,Composed: Flip,20606.5458,NA,16.02900000000000,16.66290000000000,0.23590000000000,7.64370000000000,20.3166,20590.6549,16.1268,15.8909,0.2359,15.7000,7.8346,7.8181,0.0165,0.8172,20590.6549,NA
parkey.exe,40372,0x21C0676C560,DXGI,0,0,0,Composed: Flip,20622.8214,NA,16.27560000000000,16.68420000000000,0.11950000000000,7.74730000000000,20.7252,20606.7817,16.1592,16.0397,0.1195,15.9202,7.8668,7.8475,0.0193,-0.5574,20606.7817,NA
parkey.exe,40372,0x21C0676C560,DXGI,0,0,0,Composed: Flip,20639.5904,NA,16.76900000000000,16.67310000000000,0.14460000000000,7.30720000000000,20.6293,20622.9409,16.7941,16.6495,0.1446,16.4957,7.4610,7.4390,0.0220,-0.5139,20622.9409,NA
parkey.exe,40372,0x21C0676C560,DXGI,0,0,0,Composed: Flip,20657.0995,NA,17.50910000000000,16.68040000000000,0.13270000000000,7.67610000000000,19.8006,20639.7350,17.4972,17.3645,0.1327,17.2237,7.8169,7.7959,0.0210,0.1137,20639.7350,NA
parkey.exe,40372,0x21C0676C560,DXGI,0,0,0,Composed: Flip,20673.8452,NA,16.74570000000000,16.69830000000000,0.14000000000000,7.28720000000000,19.7532,20657.2322,16.7530,16.6130,0.1400,16.4927,7.4075,7.3844,0.0231,0.7989,20657.2322,NA
parkey.exe,40372,0x21C0676C560,DXGI,0,0,0,Composed: Flip,20689.5499,NA,15.70470000000000,16.67630000000000,0.12660000000000,7.42590000000000,20.7248,20673.9852,15.6913,15.5647,0.1266,15.4343,7.5563,7.5379,0.0184,0.0767,20673.9852,NA
parkey.exe,40372,0x21C0676C560,DXGI,0,0,0,Composed: Flip,20706.3385,NA,16.78860000000000,16.67190000000000,0.14600000000000,7.37880000000000,20.6081,20689.6765,16.8080,16.6620,0.1460,16.5183,7.5225,7.5034,0.0191,-0.9806,20689.6765,NA
parkey.exe,40372,0x21C0676C560,DXGI,0,0,0,Composed: Flip,20723.1420,NA,16.80350000000000,16.67320000000000,0.14590000000000,7.73730000000000,20.4778,20706.4845,16.8034,16.6575,0.1459,16.5151,7.8797,7.8579,0.0218,0.1348,20706.4845,NA
parkey.exe,40372,0x21C0676C560,DXGI,0,0,0,Composed: Flip,20739.5947,NA,16.45270000000000,16.70270000000000,0.17000000000000,7.68210000000000,20.7278,20723.2879,16.4768,16.3068,0.1700,16.1682,7.8207,7.8039,0.0168,0.1007,20723.2879,NA
parkey.exe,40372,0x21C0676C560,DXGI,0,0,0,Composed: Flip,20756.5093,NA,16.91460000000000,17.52770000000000,0.15290000000000,8.72890000000000,21.3409,20739.7647,16.8975,16.7446,0.1529,16.5876,8.8859,8.8646,0.0213,-1.0509,20739.7647,NA
parkey.exe,40372,0x21C0676C560,DXGI,0,0,0,Composed: Flip,20773.0081,NA,16.49880000000000,NA,0.14030000000000,7.68240000000000,NA,20756.6622,16.4862,16.3459,0.1403,16.2082,7.8201,7.7891,0.0310,NA,NA,NA
parkey.exe,40372,0x21C0676C560,DXGI,0,0,0,Composed: Flip,20789.6731,NA,16.66500000000000,32.49650000000000,0.18130000000000,7.29150000000000,20.6736,20773.1484,16.7060,16.5247,0.1813,16.3670,7.4492,7.4281,0.0211,0.8872,20773.1484,NA
parkey.exe,40372,0x21C0676C560,DXGI,0,0,0,Composed: Flip,20806.4676,NA,16.79450000000000,16.67950000000000,0.15190000000000,7.79940000000000,20.5586,20789.8544,16.7651,16.6132,0.1519,16.4681,7.9445,7.9287,0.0158,0.0265,20789.8544,NA
parkey.exe,40372,0x21C0676C560,DXGI,0,0,0,Composed: Flip,20823.1028,NA,16.63520000000000,16.68380000000000,0.14160000000000,7.42050000000000,20.6072,20806.6195,16.6249,16.4833,0.1416,16.3393,7.5645,7.5367,0.0278,0.0813,20806.6195,NA
parkey.exe,40372,0x21C0676C560,DXGI,0,0,0,Composed: Flip,20839.5989,NA,16.49610000000000,16.67920000000000,0.13730000000000,7.34150000000000,20.7903,20823.2444,16.4918,16.3545,0.1373,16.2160,7.4800,7.4574,0.0226,-0.0543,20823.2444,NA
parkey.exe,40372,0x21C0676C560,DXGI,0,0,0,Composed: Flip,20857.0289,NA,17.43000000000000,16.68390000000000,0.15600000000000,7.67760000000000,20.0442,20839.7362,17.4487,17.2927,0.1560,17.1490,7.8213,7.7975,0.0238,-0.1921,20839.7362,NA
parkey.exe,40372,0x21C0676C560,DXGI,0,0,0,Composed: Flip,20872.9187,NA,15.88980000000000,16.67980000000000,0.11930000000000,6.80940000000000,20.8342,20857.1849,15.8531,15.7338,0.1193,15.5985,6.9447,6.9229,0.0218,0.7689,20857.1849,NA
parkey.exe,40372,0x21C0676C560,DXGI,0,0,0,Composed: Flip,20890.1143,NA,17.19560000000000,16.66530000000000,0.16480000000000,7.68830000000000,20.3039,20873.0380,17.2411,17.0763,0.1648,16.8996,7.8650,7.8455,0.0195,-0.8122,20873.0380,NA
parkey.exe,40372,0x21C0676C560,DXGI,0,0,0,Composed: Flip,20907.6506,NA,17.53630000000000,16.68510000000000,0.13720000000000,7.83590000000000,19.4527,20890.2791,17.5087,17.3715,0.1372,17.2376,7.9698,7.9440,0.0258,0.5560,20890.2791,NA
parkey.exe,40372,0x21C0676C560,DXGI,0,0,0,Composed: Flip,20923.0470,NA,15.39640000000000,16.70470000000000,0.15720000000000,7.39380000000000,20.7610,20907.7878,15.4164,15.2592,0.1572,15.1165,7.5365,7.4982,0.0383,0.8040,20907.7878,NA
parkey.exe,40372,0x21C0676C560,DXGI,0,0,0,Composed: Flip,20939.7813,NA,16.73430000000000,16.65650000000000,0.15210000000000,7.72530000000000,20.6832,20923.2042,16.7292,16.5771,0.1521,16.4142,7.8882,7.8692,0.0190,-1.2401,20923.2042,NA
parkey.exe,40372,0x21C0676C560,DXGI,0,0,0,Composed: Flip,20956.4186,NA,16.63730000000000,16.68520000000000,0.14400000000000,7.31910000000000,20.7311,20939.9334,16.6292,16.4852,0.1440,16.3448,7.4595,7.4428,0.0167,0.0440,20939.9334,NA
parkey.exe,40372,0x21C0676C560,DXGI,0,0,0,Composed: Flip,20973.5390,NA,17.12040000000000,16.67450000000000,0.24760000000000,7.21640000000000,20.2852,20956.5626,17.2240,16.9764,0.2476,16.7340,7.4588,7.4405,0.0183,-0.0453,20956.5626,NA
parkey.exe,40372,0x21C0676C560,DXGI,0,0,0,Composed: Flip,20989.5949,NA,16.05590000000000,16.69130000000000,0.15930000000000,7.37880000000000,20.9206,20973.7866,15.9676,15.8083,0.1593,15.6656,7.5215,7.5019,0.0196,0.5327,20973.7866,NA
parkey.exe,40372,0x21C0676C560,DXGI,0,0,0,Composed: Flip,21006.2280,NA,16.63310000000000,16.68760000000000,0.13690000000000,7.40570000000000,20.9751,20989.7542,16.6107,16.4738,0.1369,16.3461,7.5334,7.4955,0.0379,-0.7200,20989.7542,NA
parkey.exe,40372,0x21C0676C560,DXGI,0,0,0,Composed: Flip,21022.9718,NA,16.74380000000000,16.66770000000000,0.12950000000000,7.38130000000000,20.8990,21006.3649,16.7364,16.6069,0.1295,16.4701,7.5181,7.4970,0.0211,-0.0570,21006.3649,NA
parkey.exe,40372,0x21C0676C560,DXGI,0,0,0,Composed: Flip,21040.5446,NA,17.57280000000000,16.67640000000000,0.14740000000000,7.69630000000000,20.0026,21023.1013,17.5907,17.4433,0.1474,17.3052,7.8344,7.8178,0.0166,0.0600,21023.1013,NA
parkey.exe,40372,0x21C0676C560,DXGI,0,0,0,Composed: Flip,21056.3503,NA,15.80570000000000,16.68080000000000,0.15070000000000,7.31080000000000,20.8777,21040.6920,15.8090,15.6583,0.1507,15.5157,7.4534,7.4365,0.0169,0.9099,21040.6920,NA
parkey.exe,40372,0x21C0676C560,DXGI,0,0,0,Composed: Flip,21072.9927,NA,16.64240000000000,16.68330000000000,0.12760000000000,7.34260000000000,20.9186,21056.5010,16.6193,16.4917,0.1276,16.3639,7.4704,7.4506,0.0198,-0.8743,21056.5010,NA
parkey.exe,40372,0x21C0676C560,DXGI,0,0,0,Composed: Flip,21089.9822,NA,16.98950000000000,16.67900000000000,0.13750000000000,7.73700000000000,20.6081,21073.1203,16.9994,16.8619,0.1375,16.7309,7.8680,7.8480,0.0200,-0.0597,21073.1203,NA
parkey.exe,40372,0x21C0676C560,DXGI,0,0,0,Composed: Flip,21106.2936,NA,16.31140000000000,16.68810000000000,0.14080000000000,7.34420000000000,20.9848,21090.1197,16.3147,16.1739,0.1408,16.0440,7.4741,7.4544,0.0197,0.3113,21090.1197,NA
parkey.exe,40372,0x21C0676C560,DXGI,0,0,0,Composed: Flip,21123.0109,NA,16.71730000000000,16.67190000000000,0.12600000000000,7.41000000000000,20.9394,21106.4344,16.7025,16.5765,0.1260,16.4450,7.5415,7.5205,0.0210,-0.3572,21106.4344,NA
parkey.exe,40372,0x21C0676C560,DXGI,0,0,0,Composed: Flip,21140.2883,NA,17.27740000000000,16.67510000000000,0.14170000000000,7.34700000000000,20.3371,21123.1369,17.2931,17.1514,0.1417,17.0045,7.4939,7.4762,0.0177,0.0274,21123.1369,NA
parkey.exe,40372,0x21C0676C560,DXGI,0,0,0,Composed: Flip,21156.8447,NA,16.55640000000000,16.68140000000000,0.15160000000000,7.66620000000000,20.4621,21140.4300,16.5663,16.4147,0.1516,16.2437,7.8372,7.8175,0.0197,0.6117,21140.4300,NA
parkey.exe,40372,0x21C0676C560,DXGI,0,0,0,Composed: Flip,21173.3404,NA,16.49570000000000,16.69720000000000,0.24670000000000,7.30970000000000,20.6636,21156.9963,16.5908,16.3441,0.2467,16.1201,7.5337,7.5158,0.0179,-0.1309,21156.9963,NA
parkey.exe,40372,0x21C0676C560,DXGI,0,0,0,Composed: Flip,21189.5470,NA,16.20660000000000,16.66410000000000,0.13990000000000,6.80850000000000,21.1211,21173.5871,16.0998,15.9599,0.1399,15.8256,6.9428,6.9244,0.0184,-0.0733,21173.5871,NA
parkey.exe,40372,0x21C0676C560,DXGI,0,0,0,Composed: Flip,21206.8578,NA,17.31080000000000,16.68430000000000,0.12280000000000,7.71620000000000,20.4946,21189.6869,17.2937,17.1709,0.1228,17.0404,7.8467,7.8293,0.0174,-0.5845,21189.6869,NA
parkey.exe,40372,0x21C0676C560,DXGI,0,0,0,Composed: Flip,21223.8111,NA,16.95330000000000,16.67080000000000,0.22430000000000,7.65670000000000,20.2121,21206.9806,17.0548,16.8305,0.2243,16.6076,7.8796,7.8644,0.0152,0.6229,21206.9806,NA
parkey.exe,40372,0x21C0676C560,DXGI,0,0,0,Composed: Flip,21239.8659,NA,16.05480000000000,16.68320000000000,0.27860000000000,6.91190000000000,20.8405,21224.0354,16.1091,15.8305,0.2786,15.5759,7.1665,7.1323,0.0342,0.3716,21224.0354,NA
parkey.exe,40372,0x21C0676C560,DXGI,0,0,0,Composed: Flip,21256.2766,NA,16.41070000000000,16.68680000000000,0.13340000000000,7.34340000000000,21.1166,21240.1445,16.2655,16.1321,0.1334,16.0065,7.4690,7.4507,0.0183,-0.5777,21240.1445,NA
parkey.exe,40372,0x21C0676C560,DXGI,0,0,0,Composed: Flip,21273.9780,NA,17.70140000000000,16.67930000000000,0.13050000000000,7.39460000000000,20.0945,21256.4100,17.6985,17.5680,0.1305,17.4235,7.5391,7.5183,0.0208,-0.4138,21256.4100,NA
parkey.exe,40372,0x21C0676C560,DXGI,0,0,0,Composed: Flip,21289.7336,NA,15.75560000000000,16.67560000000000,0.24690000000000,7.27730000000000,21.0145,21274.1085,15.8720,15.6251,0.2469,15.3828,7.5196,7.5021,0.0175,1.0229,21274.1085,NA
parkey.exe,40372,0x21C0676C560,DXGI,0,0,0,Composed: Flip,21306.2993,NA,16.56570000000000,16.68110000000000,0.14170000000000,7.05200000000000,21.1299,21289.9805,16.4605,16.3188,0.1417,16.1840,7.1868,7.1525,0.0343,-0.8091,21289.9805,NA
parkey.exe,40372,0x21C0676C560,DXGI,0,0,0,Composed: Flip,21323.0753,NA,16.77600000000000,16.68300000000000,0.14470000000000,7.34500000000000,21.0369,21306.4410,16.7790,16.6343,0.1447,16.4866,7.4927,7.4724,0.0203,-0.2225,21306.4410,NA
parkey.exe,40372,0x21C0676C560,DXGI,0,0,0,Composed: Flip,21340.2869,NA,17.21160000000000,16.71190000000000,0.23210000000000,7.21860000000000,20.5372,21323.2200,17.2990,17.0669,0.2321,16.8313,7.4542,7.4347,0.0195,0.0671,21323.2200,NA
parkey.exe,40372,0x21C0676C560,DXGI,0,0,0,Composed: Flip,21356.3828,NA,16.09590000000000,16.65850000000000,0.18280000000000,6.41610000000000,21.0998,21340.5190,16.0466,15.8638,0.1828,15.7054,6.5745,6.5512,0.0233,0.6405,21340.5190,NA
parkey.exe,40372,0x21C0676C560,DXGI,0,0,0,Composed: Flip,21373.7875,NA,17.40470000000000,16.67940000000000,0.15290000000000,7.33060000000000,20.3745,21356.5656,17.3748,17.2219,0.1529,17.0334,7.5191,7.4968,0.0223,-0.6328,21356.5656,NA
parkey.exe,40372,0x21C0676C560,DXGI,0,0,0,Composed: Flip,21390.6872,NA,16.89970000000000,16.66600000000000,0.29990000000000,7.48710000000000,20.1408,21373.9404,17.0467,16.7468,0.2999,16.3706,7.8633,7.8463,0.0170,0.7088,21373.9404,NA
parkey.exe,40372,0x21C0676C560,DXGI,0,0,0,Composed: Flip,21406.3323,NA,15.64510000000000,16.68300000000000,0.14510000000000,7.30440000000000,21.1787,21390.9871,15.4903,15.3452,0.1451,15.2019,7.4477,7.4336,0.0141,0.3637,21390.9871,NA
parkey.exe,40372,0x21C0676C560,DXGI,0,0,0,Composed: Flip,21423.0483,NA,16.71600000000000,16.68690000000000,0.15810000000000,6.46540000000000,21.1496,21406.4774,16.7290,16.5709,0.1581,16.4302,6.6061,6.5818,0.0243,-1.1966,21406.4774,NA
parkey.exe,40372,0x21C0676C560,DXGI,0,0,0,Composed: Flip,21440.1030,NA,17.05470000000000,16.67090000000000,0.13600000000000,7.44370000000000,20.7658,21423.2064,17.0326,16.8966,0.1360,16.7519,7.5884,7.5633,0.0251,0.0581,21423.2064,NA
parkey.exe,40372,0x21C0676C560,DXGI,0,0,0,Composed: Flip,21457.3592,NA,17.25620000000000,16.69000000000000,0.13330000000000,7.70680000000000,20.1996,21440.2390,17.2535,17.1202,0.1333,16.9784,7.8486,7.8249,0.0237,0.3426,21440.2390,NA
parkey.exe,40372,0x21C0676C560,DXGI,0,0,0,Composed: Flip,21472.9959,NA,15.63670000000000,16.67180000000000,0.14030000000000,7.04910000000000,21.2347,21457.4925,15.6437,15.5034,0.1403,15.3758,7.1767,7.1583,0.0184,0.5817,21457.4925,NA
parkey.exe,40372,0x21C0676C560,DXGI,0,0,0,Composed: Flip,21489.5620,NA,16.56610000000000,16.67680000000000,0.16290000000000,6.81100000000000,21.3454,21473.1362,16.5887,16.4258,0.1629,16.2981,6.9387,6.9191,0.0196,-1.0331,21473.1362,NA
parkey.exe,40372,0x21C0676C560,DXGI,0,0,0,Composed: Flip,21506.2921,NA,16.73010000000000,16.68620000000000,0.12720000000000,7.01320000000000,21.3015,21489.7249,16.6944,16.5672,0.1272,16.4468,7.1336,7.1104,0.0232,-0.0975,21489.7249,NA
parkey.exe,40372,0x21C0676C560,DXGI,0,0,0,Composed: Flip,21523.5520,NA,17.25990000000000,16.67770000000000,0.14260000000000,7.67070000000000,20.7193,21506.4193,17.2753,17.1327,0.1426,16.9751,7.8283,7.7989,0.0294,0.0167,21506.4193,NA
parkey.exe,40372,0x21C0676C560,DXGI,0,0,0,Composed: Flip,21540.2052,NA,16.65320000000000,16.69390000000000,0.15110000000000,7.31910000000000,20.7600,21523.6946,16.6617,16.5106,0.1511,16.3698,7.4599,7.4397,0.0202,0.5814,21523.6946,NA
parkey.exe,40372,0x21C0676C560,DXGI,0,0,0,Composed: Flip,21556.4211,NA,16.21590000000000,16.66260000000000,0.13890000000000,6.96930000000000,21.2067,21540.3563,16.2037,16.0648,0.1389,15.9356,7.0985,7.0775,0.0210,-0.0009,21540.3563,NA
parkey.exe,40372,0x21C0676C560,DXGI,0,0,0,Composed: Flip,21573.9491,NA,17.52800000000000,16.68400000000000,0.24520000000000,7.18070000000000,20.3627,21556.5600,17.6343,17.3891,0.2452,17.1253,7.4445,7.4279,0.0166,-0.4803,21556.5600,NA
parkey.exe,40372,0x21C0676C560,DXGI,0,0,0,Composed: Flip,21589.6198,NA,15.67070000000000,16.69130000000000,0.13890000000000,7.32230000000000,21.3833,21574.1943,15.5644,15.4255,0.1389,15.2849,7.4629,7.4432,0.0197,0.9430,21574.1943,NA
parkey.exe,40372,0x21C0676C560,DXGI,0,0,0,Composed: Flip,21606.2809,NA,16.66110000000000,16.67120000000000,0.14940000000000,7.37460000000000,21.3934,21589.7587,16.6716,16.5222,0.1494,16.3910,7.5058,7.4876,0.0182,-1.1068,21589.7587,NA
parkey.exe,40372,0x21C0676C560,DXGI,0,0,0,Composed: Flip,21623.2782,NA,16.99730000000000,16.68200000000000,0.12740000000000,7.48680000000000,21.0781,21606.4303,16.9753,16.8479,0.1274,16.7173,7.6174,7.5956,0.0218,-0.0104,21606.4303,NA
parkey.exe,40372,0x21C0676C560,DXGI,0,0,0,Composed: Flip,21639.7848,NA,16.50660000000000,16.67870000000000,0.22090000000000,7.25560000000000,21.2502,21623.4056,16.6001,16.3792,0.2209,16.1173,7.5175,7.4864,0.0311,0.2966,21623.4056,NA
parkey.exe,40372,0x21C0676C560,DXGI,0,0,0,Composed: Flip,21656.5048,NA,16.72000000000000,16.69760000000000,0.33730000000000,7.41740000000000,21.2278,21640.0057,16.8364,16.4991,0.3373,16.3512,7.5653,7.5437,0.0216,-0.0975,21640.0057,NA
parkey.exe,40372,0x21C0676C560,DXGI,0,0,0,Composed: Flip,21673.0767,NA,16.57190000000000,16.66570000000000,0.14460000000000,7.03400000000000,21.3216,21656.8421,16.3792,16.2346,0.1446,16.0995,7.1691,7.1398,0.0293,0.1707,21656.8421,NA
parkey.exe,40372,0x21C0676C560,DXGI,0,0,0,Composed: Flip,21690.1355,NA,17.05880000000000,16.68370000000000,0.13250000000000,7.37150000000000,20.9465,21673.2213,17.0467,16.9142,0.1325,16.7931,7.4926,7.4790,0.0136,-0.3045,21673.2213,NA
parkey.exe,40372,0x21C0676C560,DXGI,0,0,0,Composed: Flip,21706.2792,NA,16.14370000000000,16.68300000000000,0.14140000000000,7.00000000000000,21.4858,21690.2680,16.1526,16.0112,0.1414,15.8788,7.1324,7.1172,0.0152,0.3637,21690.2680,NA
parkey.exe,40372,0x21C0676C560,DXGI,0,0,0,Composed: Flip,21722.9636,NA,16.68440000000000,16.66870000000000,0.12620000000000,6.45480000000000,21.4701,21706.4206,16.6692,16.5430,0.1262,16.4167,6.5811,6.5613,0.0198,-0.5161,21706.4206,NA
parkey.exe,40372,0x21C0676C560,DXGI,0,0,0,Composed: Flip,21739.6009,NA,16.63730000000000,16.68300000000000,0.16840000000000,6.79880000000000,21.5158,21723.0898,16.6795,16.5111,0.1684,16.3725,6.9374,6.9174,0.0200,-0.0138,21723.0898,NA
parkey.exe,40372,0x21C0676C560,DXGI,0,0,0,Composed: Flip,21757.3764,NA,17.77550000000000,16.92120000000000,0.15250000000000,9.27290000000000,20.6615,21739.7693,17.7596,17.6071,0.1525,17.4215,9.4585,9.4333,0.0252,-0.2417,21739.7693,NA
parkey.exe,40372,0x21C0676C560,DXGI,0,0,0,Composed: Flip,21773.1750,NA,15.79860000000000,NA,0.22230000000000,7.59860000000000,NA,21757.5289,15.8684,15.6461,0.2223,15.4069,7.8378,7.8118,0.0260,NA,NA,NA
parkey.exe,40372,0x21C0676C560,DXGI,0,0,0,Composed: Flip,21789.9865,NA,16.81150000000000,33.12290000000000,0.24280000000000,7.28330000000000,21.1743,21773.3973,16.8320,16.5892,0.2428,16.3527,7.5198,7.4957,0.0241,0.5051,21773.3973,NA
parkey.exe,40372,0x21C0676C560,DXGI,0,0,0,Composed: Flip,21807.2850,NA,17.29850000000000,16.66560000000000,0.24650000000000,7.17360000000000,20.5414,21790.2293,17.3022,17.0557,0.2465,16.7531,7.4762,7.4618,0.0144,0.1664,21790.2293,NA
parkey.exe,40372,0x21C0676C560,DXGI,0,0,0,Composed: Flip,21822.8811,NA,15.59610000000000,16.69290000000000,0.12890000000000,6.86110000000000,21.6382,21807.5315,15.4785,15.3496,0.1289,15.2194,6.9913,6.9649,0.0264,0.6093,21807.5315,NA
parkey.exe,40372,0x21C0676C560,DXGI,0,0,0,Composed: Flip,21839.6236,NA,16.74250000000000,16.69560000000000,0.14040000000000,6.82830000000000,21.5913,21823.0100,16.7540,16.6136,0.1404,16.4698,6.9721,6.9524,0.0197,-1.2171,21823.0100,NA
parkey.exe,40372,0x21C0676C560,DXGI,0,0,0,Composed: Flip,21856.5495,NA,16.92590000000000,16.67560000000000,0.15200000000000,7.53120000000000,21.3410,21839.7640,16.9375,16.7855,0.1520,16.6432,7.6735,7.6574,0.0161,0.0784,21839.7640,NA
parkey.exe,40372,0x21C0676C560,DXGI,0,0,0,Composed: Flip,21872.9377,NA,16.38820000000000,16.67050000000000,0.12390000000000,6.82630000000000,21.6233,21856.7015,16.3601,16.2362,0.1239,16.0999,6.9626,6.9255,0.0371,0.2670,21856.7015,NA
parkey.exe,40372,0x21C0676C560,DXGI,0,0,0,Composed: Flip,21890.3226,NA,17.38490000000000,16.67040000000000,0.12400000000000,7.44170000000000,20.9088,21873.0616,17.3850,17.2610,0.1240,17.0971,7.6056,7.5908,0.0148,-0.3103,21873.0616,NA
parkey.exe,40372,0x21C0676C560,DXGI,0,0,0,Composed: Flip,21906.4536,NA,16.13100000000000,16.68550000000000,0.22490000000000,6.41920000000000,21.4633,21890.4466,16.2319,16.0070,0.2249,15.7226,6.7036,6.5750,0.1286,0.6995,21890.4466,NA
parkey.exe,40372,0x21C0676C560,DXGI,0,0,0,Composed: Flip,21923.5024,NA,17.04880000000000,16.67990000000000,0.14940000000000,6.46880000000000,21.0944,21906.6785,16.9733,16.8239,0.1494,16.6825,6.6102,6.5788,0.0314,-0.4480,21906.6785,NA
parkey.exe,40372,0x21C0676C560,DXGI,0,0,0,Composed: Flip,21940.5770,NA,17.07460000000000,16.68240000000000,0.13180000000000,7.31360000000000,20.7022,21923.6518,17.0570,16.9252,0.1318,16.7842,7.4546,7.4317,0.0229,0.2909,21923.6518,NA
parkey.exe,40372,0x21C0676C560,DXGI,0,0,0,Composed: Flip,21956.5900,NA,16.01300000000000,16.67980000000000,0.21800000000000,7.22380000000000,21.3690,21940.7088,16.0992,15.8812,0.2180,15.6466,7.4584,7.4414,0.0170,0.3772,21940.7088,NA
parkey.exe,40372,0x21C0676C560,DXGI,0,0,0,Composed: Flip,21972.9105,NA,16.32050000000000,16.70170000000000,0.12770000000000,6.83220000000000,21.7502,21956.8080,16.2302,16.1025,0.1277,15.9667,6.9680,6.9391,0.0289,-0.6025,21956.8080,NA
parkey.exe,40372,0x21C0676C560,DXGI,0,0,0,Composed: Flip,21989.9468,NA,17.03630000000000,16.65730000000000,0.14670000000000,6.45040000000000,21.3712,21973.0382,17.0553,16.9086,0.1467,16.7691,6.5899,6.5659,0.0240,-0.4271,21973.0382,NA
parkey.exe,40372,0x21C0676C560,DXGI,0,0,0,Composed: Flip,22006.2921,NA,16.34530000000000,16.79620000000000,0.14130000000000,7.79530000000000,21.8221,21990.0935,16.3399,16.1986,0.1413,16.0625,7.9314,7.9115,0.0199,0.2591,21990.0935,NA
parkey.exe,40372,0x21C0676C560,DXGI,0,0,0,Composed: Flip,22023.1298,NA,16.83770000000000,16.57940000000000,0.14040000000000,7.15790000000000,21.5638,22006.4334,16.8368,16.6964,0.1404,16.5395,7.3148,7.2910,0.0238,-0.2395,22006.4334,NA
parkey.exe,40372,0x21C0676C560,DXGI,0,0,0,Composed: Flip,22039.7778,NA,16.64800000000000,16.66950000000000,0.16950000000000,6.44110000000000,21.5853,22023.2702,16.6771,16.5076,0.1695,16.3442,6.6045,6.5834,0.0211,0.1673,22023.2702,NA
parkey.exe,40372,0x21C0676C560,DXGI,0,0,0,Composed: Flip,22057.5209,NA,17.74310000000000,16.67350000000000,0.17090000000000,7.30800000000000,20.5157,22039.9473,17.7445,17.5736,0.1709,17.4105,7.4711,7.4549,0.0162,0.0036,22039.9473,NA
parkey.exe,40372,0x21C0676C560,DXGI,0,0,0,Composed: Flip,22073.9062,NA,16.38530000000000,16.68250000000000,0.13480000000000,7.37860000000000,20.8129,22057.6918,16.3492,16.2144,0.1348,16.0728,7.5202,7.4988,0.0214,1.0620,22057.6918,NA
parkey.exe,40372,0x21C0676C560,DXGI,0,0,0,Composed: Flip,22089.6871,NA,15.78090000000000,16.73480000000000,0.13190000000000,7.06990000000000,21.7668,22074.0410,15.7780,15.6461,0.1319,15.5033,7.2127,7.1803,0.0324,-0.3856,22074.0410,NA
parkey.exe,40372,0x21C0676C560,DXGI,0,0,0,Composed: Flip,22107.1021,NA,17.41500000000000,16.62740000000000,0.16660000000000,7.24060000000000,20.9792,22089.8190,17.4497,17.2831,0.1666,17.0648,7.4589,7.4367,0.0222,-0.8494,22089.8190,NA
parkey.exe,40372,0x21C0676C560,DXGI,0,0,0,Composed: Flip,22123.8367,NA,16.73460000000000,16.67910000000000,0.13320000000000,7.37330000000000,20.9237,22107.2687,16.7012,16.5680,0.1332,16.4284,7.5129,7.4978,0.0151,0.7706,22107.2687,NA
parkey.exe,40372,0x21C0676C560,DXGI,0,0,0,Composed: Flip,22139.7528,NA,15.91610000000000,16.67470000000000,0.15510000000000,6.79670000000000,21.6823,22123.9699,15.9380,15.7829,0.1551,15.6272,6.9524,6.9303,0.0221,0.0265,22123.9699,NA
parkey.exe,40372,0x21C0676C560,DXGI,0,0,0,Composed: Flip,22156.4092,NA,16.65640000000000,16.69390000000000,0.21300000000000,6.41560000000000,21.7198,22139.9079,16.7143,16.5013,0.2130,16.3242,6.5927,6.5703,0.0224,-0.7559,22139.9079,NA
parkey.exe,40372,0x21C0676C560,DXGI,0,0,0,Composed: Flip,22173.2914,NA,16.88220000000000,16.66640000000000,0.16280000000000,6.42950000000000,21.5040,22156.6222,16.8320,16.6692,0.1628,16.5296,6.5691,6.5377,0.0314,0.0479,22156.6222,NA
parkey.exe,40372,0x21C0676C560,DXGI,0,0,0,Composed: Flip,22189.6368,NA,16.34540000000000,16.68400000000000,0.24030000000000,6.35290000000000,21.8426,22173.4542,16.4229,16.1826,0.2403,15.9314,6.6041,6.5836,0.0205,0.1480,22173.4542,NA
parkey.exe,40372,0x21C0676C560,DXGI,0,0,0,Composed: Flip,22206.1079,NA,16.47110000000000,16.68760000000000,0.13450000000000,6.47220000000000,22.0591,22189.8771,16.3653,16.2308,0.1345,16.1084,6.5946,6.5735,0.0211,-0.2647,22189.8771,NA
parkey.exe,40372,0x21C0676C560,DXGI,0,0,0,Composed: Flip,22222.8348,NA,16.72690000000000,16.68040000000000,0.13470000000000,6.47110000000000,22.0126,22206.2424,16.7271,16.5924,0.1347,16.4655,6.5980,6.5744,0.0236,-0.3151,22206.2424,NA
parkey.exe,40372,0x21C0676C560,DXGI,0,0,0,Composed: Flip,22239.6918,NA,16.85700000000000,16.67640000000000,0.16620000000000,6.44010000000000,21.8320,22222.9695,16.8885,16.7223,0.1662,16.5668,6.5956,6.5595,0.0361,0.0507,22222.9695,NA
parkey.exe,40372,0x21C0676C560,DXGI,0,0,0,Composed: Flip,22256.3019,NA,16.61010000000000,9.61050000000000,0.14210000000000,6.44490000000000,14.8324,22239.8580,16.5860,16.4439,0.1421,16.2982,6.5906,6.5659,0.0247,7.2780,22239.8580,NA
parkey.exe,40372,0x21C0676C560,DXGI,0,0,0,Composed: Flip,22272.8623,NA,16.56040000000000,23.76380000000000,0.12060000000000,6.49430000000000,22.0358,22256.4440,16.5389,16.4183,0.1206,16.2884,6.6242,6.6009,0.0233,-7.1778,22256.4440,NA
parkey.exe,40372,0x21C0676C560,DXGI,0,0,0,Composed: Flip,22289.5283,NA,16.66600000000000,16.66070000000000,0.16130000000000,6.47630000000000,22.0305,22272.9829,16.7067,16.5454,0.1613,16.4245,6.5972,6.5632,0.0340,-0.1218,22272.9829,NA
parkey.exe,40372,0x21C0676C560,DXGI,0,0,0,Composed: Flip,22306.6031,NA,17.07480000000000,16.67450000000000,0.12510000000000,6.86220000000000,21.6302,22289.6896,17.0386,16.9135,0.1251,16.7778,6.9979,6.9296,0.0683,0.0322,22289.6896,NA
parkey.exe,40372,0x21C0676C560,DXGI,0,0,0,Composed: Flip,22322.9428,NA,16.33970000000000,16.69150000000000,0.13850000000000,6.45000000000000,21.9820,22306.7282,16.3531,16.2146,0.1385,16.0771,6.5875,6.5662,0.0213,0.3471,22306.7282,NA
parkey.exe,40372,0x21C0676C560,DXGI,0,0,0,Composed: Flip,22339.4630,NA,16.52020000000000,16.68240000000000,0.13640000000000,6.44110000000000,22.1442,22323.0813,16.5181,16.3817,0.1364,16.2531,6.5697,6.5450,0.0247,-0.3293,22323.0813,NA
parkey.exe,40372,0x21C0676C560,DXGI,0,0,0,Composed: Flip,22356.5666,NA,17.10360000000000,16.67570000000000,0.15030000000000,6.44480000000000,21.7163,22339.5994,17.1175,16.9672,0.1503,16.8199,6.5921,6.5699,0.0222,-0.1576,22339.5994,NA
parkey.exe,40372,0x21C0676C560,DXGI,0,0,0,Composed: Flip,22373.0778,NA,16.51120000000000,16.69040000000000,0.12820000000000,6.45520000000000,21.8955,22356.7169,16.4891,16.3609,0.1282,16.1998,6.6163,6.6000,0.0163,0.4271,22356.7169,NA
parkey.exe,40372,0x21C0676C560,DXGI,0,0,0,Composed: Flip,22389.4996,NA,16.42180000000000,16.66380000000000,0.13850000000000,6.47450000000000,22.1375,22373.2060,16.4321,16.2936,0.1385,16.1537,6.6144,6.5912,0.0232,-0.1747,22373.2060,NA
parkey.exe,40372,0x21C0676C560,DXGI,0,0,0,Composed: Flip,22406.2910,NA,16.79140000000000,16.70290000000000,0.14690000000000,6.44330000000000,22.0490,22389.6381,16.7998,16.6529,0.1469,16.5039,6.5923,6.5700,0.0223,-0.2708,22389.6381,NA
parkey.exe,40372,0x21C0676C560,DXGI,0,0,0,Composed: Flip,22422.9465,NA,16.65550000000000,16.66870000000000,0.17020000000000,6.46350000000000,22.0622,22406.4379,16.6788,16.5086,0.1702,16.3638,6.6083,6.5846,0.0237,0.1311,22406.4379,NA
parkey.exe,40372,0x21C0676C560,DXGI,0,0,0,Composed: Flip,22440.3669,NA,17.42040000000000,16.67410000000000,0.21660000000000,6.67620000000000,21.3159,22423.1167,17.4668,17.2502,0.2166,16.9840,6.9424,6.9221,0.0203,0.0047,22423.1167,NA
parkey.exe,40372,0x21C0676C560,DXGI,0,0,0,Composed: Flip,22456.2517,NA,15.88480000000000,16.67940000000000,0.13770000000000,6.45060000000000,22.1105,22440.5835,15.8059,15.6682,0.1377,15.5362,6.5826,6.5622,0.0204,0.7874,22440.5835,NA
parkey.exe,40372,0x21C0676C560,DXGI,0,0,0,Composed: Flip,22472.8834,NA,16.63170000000000,16.68620000000000,0.12100000000000,6.44660000000000,22.1650,22456.3894,16.6150,16.4940,0.1210,16.3680,6.5726,6.5427,0.0299,-0.8803,22456.3894,NA
parkey.exe,40372,0x21C0676C560,DXGI,0,0,0,Composed: Flip,22489.5276,NA,16.64420000000000,16.67540000000000,0.16080000000000,6.44770000000000,22.1962,22473.0044,16.6840,16.5232,0.1608,16.3903,6.5806,6.5323,0.0483,-0.0604,22473.0044,NA
parkey.exe,40372,0x21C0676C560,DXGI,0,0,0,Composed: Flip,22506.9842,NA,17.45660000000000,16.68980000000000,0.14760000000000,6.94500000000000,21.4294,22489.6884,17.4434,17.2958,0.1476,17.1288,7.1120,7.0938,0.0182,-0.0058,22489.6884,NA
parkey.exe,40372,0x21C0676C560,DXGI,0,0,0,Composed: Flip,22522.8998,NA,15.91560000000000,16.68300000000000,0.12880000000000,6.46890000000000,22.1968,22507.1318,15.8968,15.7680,0.1288,15.6333,6.6036,6.5729,0.0307,0.7604,22507.1318,NA
parkey.exe,40372,0x21C0676C560,DXGI,0,0,0,Composed: Flip,22539.6651,NA,16.76530000000000,16.68890000000000,0.16440000000000,6.43550000000000,22.1204,22523.0286,16.8009,16.6365,0.1644,16.4844,6.5876,6.5551,0.0325,-0.7921,22523.0286,NA
parkey.exe,40372,0x21C0676C560,DXGI,0,0,0,Composed: Flip,22557.0627,NA,17.39760000000000,16.65940000000000,0.14150000000000,7.32040000000000,21.3822,22539.8295,17.3747,17.2332,0.1415,17.0871,7.4665,7.4499,0.0166,0.1415,22539.8295,NA
parkey.exe,40372,0x21C0676C560,DXGI,0,0,0,Composed: Flip,22573.2727,NA,16.21000000000000,16.68320000000000,0.21850000000000,6.32160000000000,21.8554,22557.2042,16.2870,16.0685,0.2185,15.8304,6.5597,6.5358,0.0239,0.6915,22557.2042,NA
parkey.exe,40372,0x21C0676C560,DXGI,0,0,0,Composed: Flip,22589.3357,NA,16.06300000000000,16.68970000000000,0.12810000000000,6.45880000000000,22.4821,22573.4912,15.9726,15.8445,0.1281,15.7319,6.5714,6.5503,0.0211,-0.4027,22573.4912,NA
parkey.exe,40372,0x21C0676C560,DXGI,0,0,0,Composed: Flip,22606.5677,NA,17.23200000000000,16.67430000000000,0.18700000000000,6.44600000000000,21.9244,22589.4638,17.2909,17.1039,0.1870,16.9478,6.6021,6.5763,0.0258,-0.7017,22589.4638,NA
parkey.exe,40372,0x21C0676C560,DXGI,0,0,0,Composed: Flip,22623.6434,NA,17.07570000000000,16.67890000000000,0.14880000000000,6.70430000000000,21.5276,22606.7547,17.0375,16.8887,0.1488,16.6253,6.9677,6.9460,0.0217,0.6120,22606.7547,NA
parkey.exe,40372,0x21C0676C560,DXGI,0,0,0,Composed: Flip,22639.5637,NA,15.92030000000000,16.68750000000000,0.15520000000000,6.41410000000000,22.2948,22623.7922,15.9267,15.7715,0.1552,15.6316,6.5540,6.5339,0.0201,0.3500,22623.7922,NA
parkey.exe,40372,0x21C0676C560,DXGI,0,0,0,Composed: Flip,22656.4526,NA,16.88890000000000,16.66890000000000,0.14060000000000,6.42880000000000,22.0748,22639.7189,16.8743,16.7337,0.1406,16.5975,6.5650,6.5372,0.0278,-0.7422,22639.7189,NA
parkey.exe,40372,0x21C0676C560,DXGI,0,0,0,Composed: Flip,22673.3784,NA,16.92580000000000,16.67760000000000,0.16110000000000,6.42960000000000,21.8266,22656.5932,16.9463,16.7852,0.1611,16.6208,6.5940,6.5672,0.0268,0.1967,22656.5932,NA
parkey.exe,40372,0x21C0676C560,DXGI,0,0,0,Composed: Flip,22689.3505,NA,15.97210000000000,16.68160000000000,0.13310000000000,6.48290000000000,22.5361,22673.5395,15.9441,15.8110,0.1331,15.6953,6.5986,6.5705,0.0281,0.2647,22673.5395,NA
parkey.exe,40372,0x21C0676C560,DXGI,0,0,0,Composed: Flip,22706.1693,NA,16.81880000000000,16.68980000000000,0.13870000000000,6.45700000000000,22.4071,22689.4836,16.8244,16.6857,0.1387,16.5539,6.5888,6.5705,0.0183,-0.7457,22689.4836,NA
parkey.exe,40372,0x21C0676C560,DXGI,0,0,0,Composed: Flip,22723.1693,NA,17.00000000000000,16.67090000000000,0.15910000000000,6.45000000000000,22.0780,22706.3080,17.0204,16.8613,0.1591,16.6975,6.6138,6.5816,0.0322,0.1535,22706.3080,NA
parkey.exe,40372,0x21C0676C560,DXGI,0,0,0,Composed: Flip,22740.3307,NA,17.16140000000000,16.68590000000000,0.16190000000000,6.39530000000000,21.6025,22723.3284,17.1642,17.0023,0.1619,16.8406,6.5570,6.5343,0.0227,0.3345,22723.3284,NA
parkey.exe,40372,0x21C0676C560,DXGI,0,0,0,Composed: Flip,22757.2315,NA,16.90080000000000,16.68190000000000,0.20820000000000,7.34210000000000,21.3836,22740.4926,16.9471,16.7389,0.2082,16.5730,7.5080,7.4882,0.0198,0.4823,22740.4926,NA
parkey.exe,40372,0x21C0676C560,DXGI,0,0,0,Composed: Flip,22773.0862,NA,15.85470000000000,16.68360000000000,0.13540000000000,8.37910000000000,22.2125,22757.4397,15.7819,15.6465,0.1354,15.4882,8.5374,8.5142,0.0232,0.2635,22757.4397,NA
parkey.exe,40372,0x21C0676C560,DXGI,0,0,0,Composed: Flip,22789.7151,NA,16.62890000000000,16.67720000000000,0.14510000000000,6.46810000000000,22.2608,22773.2216,16.6386,16.4935,0.1451,16.3614,6.6002,6.5717,0.0285,-0.8953,22773.2216,NA
parkey.exe,40372,0x21C0676C560,DXGI,0,0,0,Composed: Flip,22807.0043,NA,17.28920000000000,16.67420000000000,0.13450000000000,6.44280000000000,21.6458,22789.8602,17.2786,17.1441,0.1345,17.0054,6.5815,6.5624,0.0191,-0.0356,22789.8602,NA
parkey.exe,40372,0x21C0676C560,DXGI,0,0,0,Composed: Flip,22823.1455,NA,16.14120000000000,16.68400000000000,0.14050000000000,6.45940000000000,22.1886,22807.1388,16.1472,16.0067,0.1405,15.8662,6.5999,6.5734,0.0265,0.5946,22807.1388,NA
parkey.exe,40372,0x21C0676C560,DXGI,0,0,0,Composed: Flip,22839.8217,NA,16.67620000000000,16.67530000000000,0.16990000000000,6.41670000000000,22.1877,22823.2860,16.7056,16.5357,0.1699,16.3682,6.5842,6.5580,0.0262,-0.5281,22823.2860,NA
parkey.exe,40372,0x21C0676C560,DXGI,0,0,0,Composed: Flip,22856.5735,NA,16.75180000000000,16.68840000000000,0.18150000000000,6.39060000000000,22.1243,22839.9916,16.7634,16.5819,0.1815,16.4160,6.5565,6.5305,0.0260,0.0172,22839.9916,NA
parkey.exe,40372,0x21C0676C560,DXGI,0,0,0,Composed: Flip,22872.9802,NA,16.40670000000000,16.67450000000000,0.14160000000000,6.44330000000000,22.3921,22856.7550,16.3668,16.2252,0.1416,16.0819,6.5866,6.5418,0.0448,0.0889,22856.7550,NA
parkey.exe,40372,0x21C0676C560,DXGI,0,0,0,Composed: Flip,22889.5055,NA,16.52530000000000,16.68140000000000,0.14350000000000,6.42450000000000,22.5482,22873.1218,16.5272,16.3837,0.1435,16.2502,6.5580,6.5359,0.0221,-0.3146,22873.1218,NA
parkey.exe,40372,0x21C0676C560,DXGI,0,0,0,Composed: Flip,22906.3369,NA,16.83140000000000,16.73860000000000,0.15250000000000,6.44970000000000,22.4554,22889.6490,16.8404,16.6879,0.1525,16.5346,6.6030,6.5713,0.0317,-0.2114,22889.6490,NA
parkey.exe,40372,0x21C0676C560,DXGI,0,0,0,Composed: Flip,22923.5080,NA,17.17110000000000,16.61820000000000,0.14370000000000,6.49640000000000,21.9025,22906.4894,17.1623,17.0186,0.1437,16.8830,6.6320,6.5969,0.0351,0.2222,22906.4894,NA
parkey.exe,40372,0x21C0676C560,DXGI,0,0,0,Composed: Flip,22939.7466,NA,16.23860000000000,16.68010000000000,0.14220000000000,6.43230000000000,22.3440,22923.6517,16.2371,16.0949,0.1422,15.9187,6.6085,6.5712,0.0373,0.4822,22923.6517,NA
parkey.exe,40372,0x21C0676C560,DXGI,0,0,0,Composed: Flip,22956.2078,NA,16.46120000000000,16.68340000000000,0.13810000000000,6.47490000000000,22.5662,22939.8888,16.4571,16.3190,0.1381,16.1863,6.6076,6.5593,0.0483,-0.4463,22939.8888,NA
parkey.exe,40372,0x21C0676C560,DXGI,0,0,0,Composed: Flip,22973.2481,NA,17.04030000000000,16.67690000000000,0.12810000000000,6.42720000000000,22.2028,22956.3459,17.0303,16.9022,0.1281,16.7585,6.5709,6.5493,0.0216,-0.2198,22956.3459,NA
parkey.exe,40372,0x21C0676C560,DXGI,0,0,0,Composed: Flip,22989.4909,NA,16.24280000000000,16.68560000000000,0.15990000000000,6.44470000000000,22.6456,22973.3762,16.2746,16.1147,0.1599,15.9829,6.5765,6.5460,0.0305,0.3447,22973.3762,NA
parkey.exe,40372,0x21C0676C560,DXGI,0,0,0,Composed: Flip,23006.1609,NA,16.67000000000000,16.66750000000000,0.14640000000000,6.49480000000000,22.6431,22989.6508,16.6565,16.5101,0.1464,16.3804,6.6245,6.5871,0.0374,-0.3929,22989.6508,NA
parkey.exe,40372,0x21C0676C560,DXGI,0,0,0,Composed: Flip,23022.9284,NA,16.76750000000000,16.69250000000000,0.13020000000000,6.80240000000000,22.5681,23006.3073,16.7513,16.6211,0.1302,16.4775,6.9460,6.9225,0.0235,-0.0360,23006.3073,NA
parkey.exe,40372,0x21C0676C560,DXGI,0,0,0,Composed: Flip,23040.2788,NA,17.35040000000000,16.67990000000000,0.15310000000000,6.45880000000000,21.8976,23023.0586,17.3733,17.2202,0.1531,17.0743,6.6047,6.5758,0.0289,0.0714,23023.0586,NA
parkey.exe,40372,0x21C0676C560,DXGI,0,0,0,Composed: Flip,23056.7403,NA,16.46150000000000,16.67490000000000,0.24850000000000,6.29250000000000,22.1110,23040.4319,16.5569,16.3084,0.2485,16.0194,6.5815,6.5536,0.0279,0.6984,23040.4319,NA
parkey.exe,40372,0x21C0676C560,DXGI,0,0,0,Composed: Flip,23072.9114,NA,16.17110000000000,16.68600000000000,0.13100000000000,6.45020000000000,22.6259,23056.9888,16.0536,15.9226,0.1310,15.7894,6.5834,6.5499,0.0335,-0.1291,23056.9888,NA
parkey.exe,40372,0x21C0676C560,DXGI,0,0,0,Composed: Flip,23089.5126,NA,16.60120000000000,16.67500000000000,0.14180000000000,6.45830000000000,22.6997,23073.0424,16.6120,16.4702,0.1418,16.3408,6.5877,6.5512,0.0365,-0.6214,23073.0424,NA
parkey.exe,40372,0x21C0676C560,DXGI,0,0,0,Composed: Flip,23106.6009,NA,17.08830000000000,16.68040000000000,0.15400000000000,6.41810000000000,22.2918,23089.6544,17.1005,16.9465,0.1540,16.7958,6.5688,6.5481,0.0207,-0.0684,23089.6544,NA
parkey.exe,40372,0x21C0676C560,DXGI,0,0,0,Composed: Flip,23123.0856,NA,16.48470000000000,16.70310000000000,0.14670000000000,6.44510000000000,22.5102,23106.7549,16.4774,16.3307,0.1467,16.1809,6.5949,6.5694,0.0255,0.3974,23106.7549,NA
parkey.exe,40372,0x21C0676C560,DXGI,0,0,0,Composed: Flip,23139.5141,NA,16.42850000000000,16.65650000000000,0.12810000000000,6.45930000000000,22.7382,23123.2323,16.4099,16.2818,0.1281,16.1542,6.5869,6.5251,0.0618,-0.1791,23123.2323,NA
parkey.exe,40372,0x21C0676C560,DXGI,0,0,0,Composed: Flip,23156.2966,NA,16.78250000000000,16.68310000000000,0.14130000000000,6.45500000000000,22.6388,23139.6422,16.7957,16.6544,0.1413,16.5083,6.6011,6.5704,0.0307,-0.2732,23139.6422,NA
parkey.exe,40372,0x21C0676C560,DXGI,0,0,0,Composed: Flip,23172.7934,NA,16.49680000000000,16.67800000000000,0.14290000000000,6.44980000000000,22.8200,23156.4379,16.4984,16.3555,0.1429,16.2056,6.5997,6.5279,0.0718,0.1177,23156.4379,NA
parkey.exe,40372,0x21C0676C560,DXGI,0,0,0,Composed: Flip,23189.5703,NA,16.77690000000000,16.68950000000000,0.16430000000000,6.49150000000000,22.7326,23172.9363,16.7983,16.6340,0.1643,16.4864,6.6391,6.6098,0.0293,-0.1911,23172.9363,NA
parkey.exe,40372,0x21C0676C560,DXGI,0,0,0,Composed: Flip,23206.2463,NA,16.67600000000000,16.67210000000000,0.14390000000000,6.48600000000000,22.7287,23189.7346,16.6556,16.5117,0.1439,16.3705,6.6272,6.6009,0.0263,0.1262,23189.7346,NA
parkey.exe,40372,0x21C0676C560,DXGI,0,0,0,Composed: Flip,23223.3828,NA,17.13650000000000,16.67330000000000,0.13580000000000,6.51980000000000,22.2655,23206.3902,17.1284,16.9926,0.1358,16.8565,6.6559,6.5708,0.0851,-0.0177,23206.3902,NA
parkey.exe,40372,0x21C0676C560,DXGI,0,0,0,Composed: Flip,23239.4932,NA,16.11040000000000,16.68190000000000,0.16090000000000,6.44280000000000,22.8370,23223.5186,16.1355,15.9746,0.1609,15.8404,6.5770,6.5234,0.0536,0.4465,23223.5186,NA
parkey.exe,40372,0x21C0676C560,DXGI,0,0,0,Composed: Flip,23256.1083,NA,16.61510000000000,16.67670000000000,0.15120000000000,6.43060000000000,22.8986,23239.6541,16.6054,16.4542,0.1512,16.3250,6.5598,6.5392,0.0206,-0.5412,23239.6541,NA
parkey.exe,40372,0x21C0676C560,DXGI,0,0,0,Composed: Flip,23272.8268,NA,16.71850000000000,16.70220000000000,0.12650000000000,6.49380000000000,22.8823,23256.2595,16.6938,16.5673,0.1265,16.4356,6.6255,6.5655,0.0600,-0.0968,23256.2595,NA
parkey.exe,40372,0x21C0676C560,DXGI,0,0,0,Composed: Flip,23289.6892,NA,16.86240000000000,16.67840000000000,0.16650000000000,6.41140000000000,22.6983,23272.9533,16.9024,16.7359,0.1665,16.5844,6.5629,6.5361,0.0268,0.0154,23272.9533,NA
parkey.exe,40372,0x21C0676C560,DXGI,0,0,0,Composed: Flip,23306.2962,NA,16.60700000000000,16.68410000000000,0.20960000000000,6.39960000000000,22.7754,23289.8557,16.6501,16.4405,0.2096,16.1876,6.6525,6.5795,0.0730,0.2183,23289.8557,NA
parkey.exe,40372,0x21C0676C560,DXGI,0,0,0,Composed: Flip,23322.9853,NA,16.68910000000000,16.66760000000000,0.13130000000000,6.47730000000000,22.7539,23306.5058,16.6108,16.4795,0.1313,16.3325,6.6243,6.5529,0.0714,-0.0175,23306.5058,NA
parkey.exe,40372,0x21C0676C560,DXGI,0,0,0,Composed: Flip,23340.4013,NA,17.41600000000000,16.67520000000000,0.14610000000000,6.42760000000000,22.0131,23323.1166,17.4308,17.2847,0.1461,17.1335,6.5788,6.5547,0.0241,-0.0644,23323.1166,NA
parkey.exe,40372,0x21C0676C560,DXGI,0,0,0,Composed: Flip,23356.1760,NA,15.77470000000000,16.71460000000000,0.14510000000000,6.40380000000000,22.9530,23340.5474,15.7737,15.6286,0.1451,15.5036,6.5288,6.5067,0.0221,0.7162,23340.5474,NA
parkey.exe,40372,0x21C0676C560,DXGI,0,0,0,Composed: Flip,23373.0004,NA,16.82440000000000,16.65810000000000,0.14340000000000,6.46110000000000,22.7867,23356.3211,16.8227,16.6793,0.1434,16.5309,6.6095,6.5602,0.0493,-0.8844,23356.3211,NA
parkey.exe,40372,0x21C0676C560,DXGI,0,0,0,Composed: Flip,23390.2867,NA,17.28630000000000,16.67200000000000,0.15510000000000,6.40880000000000,22.1724,23373.1438,17.2980,17.1429,0.1551,16.9829,6.5688,6.5373,0.0315,0.1507,23373.1438,NA
parkey.exe,40372,0x21C0676C560,DXGI,0,0,0,Composed: Flip,23406.5610,NA,16.27430000000000,16.68090000000000,0.16990000000000,6.40640000000000,22.5790,23390.4418,16.2891,16.1192,0.1699,15.9402,6.5854,6.5546,0.0308,0.6171,23390.4418,NA
parkey.exe,40372,0x21C0676C560,DXGI,0,0,0,Composed: Flip,23423.1790,NA,16.61800000000000,16.67810000000000,0.15880000000000,6.43220000000000,22.6391,23406.7309,16.6069,16.4481,0.1588,16.2708,6.6095,6.5837,0.0258,-0.3890,23406.7309,NA
parkey.exe,40372,0x21C0676C560,DXGI,0,0,0,Composed: Flip,23439.5458,NA,16.36680000000000,16.68340000000000,0.13030000000000,6.42840000000000,22.9557,23423.3378,16.3383,16.2080,0.1303,16.0682,6.5682,6.5476,0.0206,-0.0765,23423.3378,NA
parkey.exe,40372,0x21C0676C560,DXGI,0,0,0,Composed: Flip,23456.3126,NA,16.76680000000000,16.68490000000000,0.14680000000000,6.41870000000000,22.8738,23439.6761,16.7833,16.6365,0.1468,16.4894,6.5658,6.5442,0.0216,-0.3466,23439.6761,NA
parkey.exe,40372,0x21C0676C560,DXGI,0,0,0,Composed: Flip,23472.8946,NA,16.58200000000000,16.68360000000000,0.14310000000000,6.42170000000000,22.9754,23456.4594,16.5783,16.4352,0.1431,16.2911,6.5658,6.5449,0.0209,0.0997,23456.4594,NA
parkey.exe,40372,0x21C0676C560,DXGI,0,0,0,Composed: Flip,23489.4120,NA,16.51740000000000,16.67460000000000,0.17240000000000,6.44650000000000,23.1326,23473.0377,16.5467,16.3743,0.1724,16.2505,6.5703,6.5483,0.0220,-0.0963,23473.0377,NA
parkey.exe,40372,0x21C0676C560,DXGI,0,0,0,Composed: Flip,23506.3169,NA,16.90490000000000,16.67220000000000,0.14750000000000,6.44320000000000,22.8999,23489.5844,16.8800,16.7325,0.1475,16.5893,6.5864,6.5628,0.0236,-0.1255,23489.5844,NA
parkey.exe,40372,0x21C0676C560,DXGI,0,0,0,Composed: Flip,23523.3153,NA,16.99840000000000,16.70980000000000,0.13480000000000,6.44570000000000,22.6113,23506.4644,16.9857,16.8509,0.1348,16.7122,6.5844,6.5590,0.0254,0.1702,23506.4644,NA
parkey.exe,40372,0x21C0676C560,DXGI,0,0,0,Composed: Flip,23539.4889,NA,16.17360000000000,16.64910000000000,0.14980000000000,6.41800000000000,23.0868,23523.4501,16.1886,16.0388,0.1498,15.9170,6.5398,6.5186,0.0212,0.3366,23523.4501,NA
parkey.exe,40372,0x21C0676C560,DXGI,0,0,0,Composed: Flip,23556.2538,NA,16.76490000000000,16.68830000000000,0.15010000000000,6.41610000000000,23.0102,23539.6387,16.7652,16.6151,0.1501,16.4709,6.5603,6.5403,0.0200,-0.4997,23539.6387,NA
parkey.exe,40372,0x21C0676C560,DXGI,0,0,0,Composed: Flip,23572.7438,NA,16.49000000000000,16.67930000000000,0.12300000000000,6.44680000000000,23.1995,23556.4039,16.4629,16.3399,0.1230,16.2144,6.5723,6.5497,0.0226,0.0859,23556.4039,NA
parkey.exe,40372,0x21C0676C560,DXGI,0,0,0,Composed: Flip,23589.4564,NA,16.71260000000000,16.66810000000000,0.14160000000000,6.48180000000000,23.1550,23572.8668,16.7312,16.5896,0.1416,16.4616,6.6098,6.5843,0.0255,-0.2052,23572.8668,NA
parkey.exe,40372,0x21C0676C560,DXGI,0,0,0,Composed: Flip,23606.1748,NA,16.71840000000000,16.68550000000000,0.14890000000000,6.51250000000000,23.1221,23589.5980,16.7257,16.5768,0.1489,16.4447,6.6446,6.6223,0.0223,0.0457,23589.5980,NA
parkey.exe,40372,0x21C0676C560,DXGI,0,0,0,Composed: Flip,23623.1239,NA,16.94910000000000,16.71250000000000,0.14370000000000,6.47010000000000,22.8855,23606.3237,16.9439,16.8002,0.1437,16.6465,6.6238,6.5621,0.0617,0.0132,23606.3237,NA
parkey.exe,40372,0x21C0676C560,DXGI,0,0,0,Composed: Flip,23639.6531,NA,16.52920000000000,16.64270000000000,0.13320000000000,7.76340000000000,22.9990,23623.2676,16.5187,16.3855,0.1332,16.2476,7.9013,7.8778,0.0235,0.3012,23623.2676,NA
parkey.exe,40372,0x21C0676C560,DXGI,0,0,0,Composed: Flip,23656.3000,NA,16.64690000000000,16.68340000000000,0.14570000000000,6.39580000000000,23.0355,23639.7863,16.6594,16.5137,0.1457,16.3739,6.5356,6.5150,0.0206,-0.1647,23639.7863,NA
parkey.exe,40372,0x21C0676C560,DXGI,0,0,0,Composed: Flip,23672.8174,NA,16.51740000000000,16.68680000000000,0.14770000000000,6.41630000000000,23.2049,23656.4457,16.5194,16.3717,0.1477,16.2433,6.5447,6.5239,0.0208,-0.0274,23656.4457,NA
parkey.exe,40372,0x21C0676C560,DXGI,0,0,0,Composed: Flip,23690.1540,NA,17.33660000000000,16.67530000000000,0.15400000000000,6.42240000000000,22.5436,23672.9651,17.3429,17.1889,0.1540,17.0184,6.5929,6.5656,0.0273,-0.1559,23672.9651,NA
parkey.exe,40372,0x21C0676C560,DXGI,0,0,0,Composed: Flip,23706.1576,NA,16.00360000000000,16.68210000000000,0.14070000000000,6.47420000000000,23.2221,23690.3080,15.9903,15.8496,0.1407,15.7134,6.6104,6.5881,0.0223,0.6608,23690.3080,NA
parkey.exe,40372,0x21C0676C560,DXGI,0,0,0,Composed: Flip,23723.5085,NA,17.35090000000000,16.68370000000000,0.23110000000000,7.49560000000000,22.5549,23706.2983,17.4413,17.2102,0.2311,16.8766,7.8292,7.8020,0.0272,-0.6934,23706.2983,NA
parkey.exe,40372,0x21C0676C560,DXGI,0,0,0,Composed: Flip,23740.0601,NA,16.55160000000000,16.68200000000000,0.23150000000000,7.10910000000000,22.6853,23723.7396,16.5520,16.3205,0.2315,16.0142,7.4154,7.3942,0.0212,0.7593,23723.7396,NA
parkey.exe,40372,0x21C0676C560,DXGI,0,0,0,Composed: Flip,23757.0703,NA,17.01020000000000,16.69570000000000,0.16240000000000,6.39780000000000,22.3708,23740.2916,16.9411,16.7787,0.1624,16.6133,6.5632,6.5331,0.0301,-0.1437,23740.2916,NA
parkey.exe,40372,0x21C0676C560,DXGI,0,0,0,Composed: Flip,23773.3344,NA,16.26410000000000,16.68410000000000,0.13440000000000,6.42890000000000,22.7908,23757.2327,16.2361,16.1017,0.1344,15.9466,6.5840,6.5372,0.0468,0.2570,23757.2327,NA
parkey.exe,40372,0x21C0676C560,DXGI,0,0,0,Composed: Flip,23789.7021,NA,16.36770000000000,16.65870000000000,0.28420000000000,6.40750000000000,23.0818,23773.4688,16.5175,16.2333,0.2842,16.0336,6.6072,6.5865,0.0207,-0.4226,23773.4688,NA
parkey.exe,40372,0x21C0676C560,DXGI,0,0,0,Composed: Flip,23806.4049,NA,16.70280000000000,16.68240000000000,0.15660000000000,7.80860000000000,23.0614,23789.9863,16.5752,16.4186,0.1566,16.2583,7.9689,7.9436,0.0253,-0.1649,23789.9863,NA
parkey.exe,40372,0x21C0676C560,DXGI,0,0,0,Composed: Flip,23823.1457,NA,16.74080000000000,16.68340000000000,0.20710000000000,9.42830000000000,23.0040,23806.5615,16.7913,16.5842,0.2071,16.4154,9.5971,9.5486,0.0485,-0.1082,23806.5615,NA
parkey.exe,40372,0x21C0676C560,DXGI,0,0,0,Composed: Flip,23840.3180,NA,17.17230000000000,16.66660000000000,0.15730000000000,8.78180000000000,22.4983,23823.3528,17.1225,16.9652,0.1573,16.8037,8.9433,8.9209,0.0224,0.1247,23823.3528,NA
parkey.exe,40372,0x21C0676C560,DXGI,0,0,0,Composed: Flip,23856.3729,NA,16.05490000000000,16.69980000000000,0.17050000000000,8.64970000000000,23.1432,23840.4753,16.0681,15.8976,0.1705,15.7502,8.7971,8.7800,0.0171,0.4227,23840.4753,NA
parkey.exe,40372,0x21C0676C560,DXGI,0,0,0,Composed: Flip,23872.9610,NA,16.58810000000000,16.67450000000000,0.13310000000000,6.42770000000000,23.2296,23856.5434,16.5507,16.4176,0.1331,16.2720,6.5733,6.5483,0.0250,-0.6064,23856.5434,NA
parkey.exe,40372,0x21C0676C560,DXGI,0,0,0,Composed: Flip,23890.0825,NA,17.12150000000000,16.68220000000000,0.15390000000000,8.31940000000000,22.7903,23873.0941,17.1423,16.9884,0.1539,16.8357,8.4721,8.4474,0.0247,-0.1315,23873.0941,NA
parkey.exe,40372,0x21C0676C560,DXGI,0,0,0,Composed: Flip,23906.8195,NA,16.73700000000000,16.68410000000000,0.13850000000000,6.47140000000000,22.7374,23890.2364,16.7216,16.5831,0.1385,16.4319,6.6226,6.5849,0.0377,0.4582,23890.2364,NA
parkey.exe,40372,0x21C0676C560,DXGI,0,0,0,Composed: Flip,23922.7988,NA,15.97930000000000,16.66870000000000,0.20230000000000,6.45350000000000,23.4268,23906.9580,16.0431,15.8408,0.2023,15.7094,6.5849,6.5633,0.0216,0.0529,23906.9580,NA
parkey.exe,40372,0x21C0676C560,DXGI,0,0,0,Composed: Flip,23939.6349,NA,16.83610000000000,16.67050000000000,0.13180000000000,6.52220000000000,23.2612,23923.0011,16.7656,16.6338,0.1318,16.4631,6.6929,6.6705,0.0224,-0.6274,23923.0011,NA
parkey.exe,40372,0x21C0676C560,DXGI,0,0,0,Composed: Flip,23956.2161,NA,16.58120000000000,16.69000000000000,0.13750000000000,6.44370000000000,23.3700,23939.7667,16.5869,16.4494,0.1375,16.3216,6.5715,6.5467,0.0248,0.0756,23939.7667,NA
parkey.exe,40372,0x21C0676C560,DXGI,0,0,0,Composed: Flip,23972.8958,NA,16.67970000000000,16.67680000000000,0.13800000000000,6.36190000000000,23.3671,23956.3536,16.6802,16.5422,0.1380,16.3455,6.5586,6.5372,0.0214,-0.0899,23956.3536,NA
parkey.exe,40372,0x21C0676C560,DXGI,0,0,0,Composed: Flip,23989.5848,NA,16.68900000000000,16.67780000000000,0.14840000000000,6.43900000000000,23.3559,23973.0338,16.6994,16.5510,0.1484,16.4099,6.5801,6.5574,0.0227,0.0024,23973.0338,NA
parkey.exe,40372,0x21C0676C560,DXGI,0,0,0,Composed: Flip,24006.2529,NA,16.66810000000000,16.69460000000000,0.13320000000000,6.42270000000000,23.3824,23989.7332,16.6529,16.5197,0.1332,16.3810,6.5614,6.5366,0.0248,0.0048,23989.7332,NA
parkey.exe,40372,0x21C0676C560,DXGI,0,0,0,Composed: Flip,24023.0368,NA,16.78390000000000,16.68450000000000,0.14560000000000,6.31010000000000,23.2830,24006.3861,16.7963,16.6507,0.1456,16.4892,6.4716,6.4450,0.0266,-0.0316,24006.3861,NA
parkey.exe,40372,0x21C0676C560,DXGI,0,0,0,Composed: Flip,24039.7655,NA,16.72870000000000,16.66240000000000,0.16760000000000,6.88120000000000,23.2167,24023.1824,16.7507,16.5831,0.1676,16.4211,7.0432,6.9933,0.0499,0.1339,24023.1824,NA
parkey.exe,40372,0x21C0676C560,DXGI,0,0,0,Composed: Flip,24056.4048,NA,16.63930000000000,16.68300000000000,0.17480000000000,6.38950000000000,23.2604,24039.9331,16.6465,16.4717,0.1748,16.3048,6.5564,6.5369,0.0195,0.0677,24039.9331,NA
parkey.exe,40372,0x21C0676C560,DXGI,0,0,0,Composed: Flip,24073.3342,NA,16.92940000000000,16.68860000000000,0.13780000000000,6.42450000000000,23.0196,24056.5796,16.8924,16.7546,0.1378,16.6079,6.5712,6.5513,0.0199,-0.0421,24056.5796,NA
parkey.exe,40372,0x21C0676C560,DXGI,0,0,0,Composed: Flip,24089.6246,NA,16.29040000000000,16.67050000000000,0.15850000000000,6.39380000000000,23.3997,24073.4720,16.3111,16.1526,0.1585,15.9988,6.5476,6.5267,0.0209,0.2219,24073.4720,NA
parkey.exe,40372,0x21C0676C560,DXGI,0,0,0,Composed: Flip,24106.2928,NA,16.66820000000000,16.68040000000000,0.17880000000000,6.32250000000000,23.4119,24089.7831,16.6885,16.5097,0.1788,16.3565,6.4757,6.4548,0.0209,-0.3693,24089.7831,NA
parkey.exe,40372,0x21C0676C560,DXGI,0,0,0,Composed: Flip,24122.7146,NA,16.42180000000000,16.67480000000000,0.12300000000000,6.49430000000000,23.6649,24106.4716,16.3660,16.2430,0.1230,16.1234,6.6139,6.5870,0.0269,0.0137,24106.4716,NA
parkey.exe,40372,0x21C0676C560,DXGI,0,0,0,Composed: Flip,24139.7007,NA,16.98610000000000,16.68370000000000,0.14170000000000,6.39620000000000,23.3625,24122.8376,17.0048,16.8631,0.1417,16.7065,6.5528,6.5357,0.0171,-0.3177,24122.8376,NA
parkey.exe,40372,0x21C0676C560,DXGI,0,0,0,Composed: Flip,24156.1571,NA,16.45640000000000,16.68770000000000,0.15370000000000,6.42070000000000,23.5938,24139.8424,16.4684,16.3147,0.1537,16.1803,6.5551,6.5338,0.0213,0.3171,24139.8424,NA
parkey.exe,40372,0x21C0676C560,DXGI,0,0,0,Composed: Flip,24172.9173,NA,16.76020000000000,16.67020000000000,0.15010000000000,6.44050000000000,23.5038,24156.3108,16.7566,16.6065,0.1501,16.4480,6.5990,6.5734,0.0256,-0.2018,24156.3108,NA
parkey.exe,40372,0x21C0676C560,DXGI,0,0,0,Composed: Flip,24189.6045,NA,16.68720000000000,16.68840000000000,0.20670000000000,6.32390000000000,23.5050,24173.0674,16.7438,16.5371,0.2067,16.2954,6.5656,6.5438,0.0218,0.0682,24173.0674,NA
parkey.exe,40372,0x21C0676C560,DXGI,0,0,0,Composed: Flip,24206.0325,NA,16.42800000000000,9.75800000000000,0.14150000000000,6.45300000000000,16.8350,24189.8112,16.3628,16.2213,0.1415,16.0968,6.5775,6.5477,0.0298,6.9858,24189.8112,NA
parkey.exe,40372,0x21C0676C560,DXGI,0,0,0,Composed: Flip,24222.9268,NA,16.89430000000000,23.59700000000000,0.13090000000000,6.40700000000000,23.5377,24206.1740,16.8837,16.7528,0.1309,16.5422,6.6176,6.5951,0.0225,-7.2342,24206.1740,NA
parkey.exe,40372,0x21C0676C560,DXGI,0,0,0,Composed: Flip,24239.6114,NA,16.68460000000000,16.70470000000000,0.21070000000000,6.39580000000000,23.5578,24223.0577,16.7644,16.5537,0.2107,16.3674,6.5821,6.5579,0.0242,0.1790,24223.0577,NA
parkey.exe,40372,0x21C0676C560,DXGI,0,0,0,Composed: Flip,24256.3992,NA,16.78780000000000,16.65700000000000,0.13260000000000,6.44860000000000,23.4270,24239.8221,16.7097,16.5771,0.1326,16.4362,6.5895,6.5691,0.0204,0.1074,24239.8221,NA
parkey.exe,40372,0x21C0676C560,DXGI,0,0,0,Composed: Flip,24273.1125,NA,16.71330000000000,16.68600000000000,0.20300000000000,6.34530000000000,23.3997,24256.5318,16.7837,16.5807,0.2030,16.3379,6.5881,6.5675,0.0206,0.0237,24256.5318,NA
parkey.exe,40372,0x21C0676C560,DXGI,0,0,0,Composed: Flip,24289.4970,NA,16.38450000000000,9.70460000000000,0.17070000000000,6.42260000000000,16.7198,24273.3155,16.3522,16.1815,0.1707,16.0435,6.5606,6.5395,0.0211,7.0791,24273.3155,NA
parkey.exe,40372,0x21C0676C560,DXGI,0,0,0,Composed: Flip,24306.0953,NA,16.59830000000000,23.64490000000000,0.17950000000000,6.45150000000000,23.7664,24289.6677,16.6071,16.4276,0.1795,16.2981,6.5810,6.5602,0.0208,-7.2927,24289.6677,NA
parkey.exe,40372,0x21C0676C560,DXGI,0,0,0,Composed: Flip,24322.8343,NA,16.73900000000000,16.68200000000000,0.14210000000000,6.43820000000000,23.7094,24306.2748,16.7016,16.5595,0.1421,16.4191,6.5786,6.5576,0.0210,-0.0749,24306.2748,NA
parkey.exe,40372,0x21C0676C560,DXGI,0,0,0,Composed: Flip,24339.5667,NA,16.73240000000000,16.68190000000000,0.14570000000000,6.42310000000000,23.6589,24322.9764,16.7360,16.5903,0.1457,16.4461,6.5673,6.5464,0.0209,0.0197,24322.9764,NA
parkey.exe,40372,0x21C0676C560,DXGI,0,0,0,Composed: Flip,24356.1099,NA,16.54320000000000,16.69200000000000,0.14400000000000,6.36020000000000,23.8077,24339.7124,16.5415,16.3975,0.1440,16.2784,6.4793,6.4285,0.0508,0.0440,24339.7124,NA
parkey.exe,40372,0x21C0676C560,DXGI,0,0,0,Composed: Flip,24372.8006,NA,16.69070000000000,16.65980000000000,0.12320000000000,6.42740000000000,23.7768,24356.2539,16.6699,16.5467,0.1232,16.4092,6.5649,6.5447,0.0202,-0.1183,24356.2539,NA
parkey.exe,40372,0x21C0676C560,DXGI,0,0,0,Composed: Flip,24389.8737,NA,17.07310000000000,16.68560000000000,0.14220000000000,6.45650000000000,23.3893,24372.9238,17.0921,16.9499,0.1422,16.8003,6.6061,6.5862,0.0199,-0.0157,24372.9238,NA
parkey.exe,40372,0x21C0676C560,DXGI,0,0,0,Composed: Flip,24406.1914,NA,16.31770000000000,16.68810000000000,0.14090000000000,6.40320000000000,23.7597,24390.0159,16.3164,16.1755,0.1409,16.0184,6.5603,6.5433,0.0170,0.4040,24390.0159,NA
parkey.exe,40372,0x21C0676C560,DXGI,0,0,0,Composed: Flip,24422.8597,NA,16.66830000000000,16.66920000000000,0.14330000000000,6.45210000000000,23.7606,24406.3323,16.6707,16.5274,0.1433,16.3899,6.5896,6.5683,0.0213,-0.3528,24406.3323,NA
parkey.exe,40372,0x21C0676C560,DXGI,0,0,0,Composed: Flip,24439.7426,NA,16.88290000000000,16.69400000000000,0.13890000000000,6.42270000000000,23.5717,24423.0030,16.8785,16.7396,0.1389,16.5805,6.5818,6.5596,0.0222,-0.0233,24423.0030,NA
parkey.exe,40372,0x21C0676C560,DXGI,0,0,0,Composed: Flip,24456.5177,NA,16.77510000000000,16.67450000000000,0.12980000000000,6.41870000000000,23.4711,24439.8815,16.7660,16.6362,0.1298,16.4799,6.5750,6.5535,0.0215,0.2040,24439.8815,NA
parkey.exe,40372,0x21C0676C560,DXGI,0,0,0,Composed: Flip,24472.8008,NA,16.28310000000000,16.67970000000000,0.14050000000000,7.73440000000000,23.8677,24456.6475,16.2938,16.1533,0.1405,15.9975,7.8902,7.8645,0.0257,0.0863,24456.6475,NA
parkey.exe,40372,0x21C0676C560,DXGI,0,0,0,Composed: Flip,24489.4252,NA,16.62440000000000,16.67530000000000,0.15900000000000,6.45590000000000,23.9186,24472.9413,16.6429,16.4839,0.1590,16.3605,6.5793,6.5522,0.0271,-0.3815,24472.9413,NA
parkey.exe,40372,0x21C0676C560,DXGI,0,0,0,Composed: Flip,24506.3835,NA,16.95830000000000,16.68150000000000,0.13540000000000,6.48010000000000,23.6418,24489.5842,16.9347,16.7993,0.1354,16.6518,6.6276,6.6054,0.0222,-0.0386,24489.5842,NA
parkey.exe,40372,0x21C0676C560,DXGI,0,0,0,Composed: Flip,24522.7660,NA,16.38250000000000,16.68210000000000,0.12710000000000,6.30990000000000,23.9414,24506.5189,16.3742,16.2471,0.1271,16.1133,6.4437,6.4223,0.0214,0.2526,24506.5189,NA
parkey.exe,40372,0x21C0676C560,DXGI,0,0,0,Composed: Flip,24539.5998,NA,16.83380000000000,16.68740000000000,0.16350000000000,6.39930000000000,23.7950,24522.8931,16.8702,16.7067,0.1635,16.5490,6.5570,6.5369,0.0201,-0.3132,24522.8931,NA
parkey.exe,40372,0x21C0676C560,DXGI,0,0,0,Composed: Flip,24556.2786,NA,16.67880000000000,16.67520000000000,0.14470000000000,7.74120000000000,23.7914,24539.7633,16.6600,16.5153,0.1447,16.3726,7.8839,7.8607,0.0232,0.1950,24539.7633,NA
parkey.exe,40372,0x21C0676C560,DXGI,0,0,0,Composed: Flip,24573.2600,NA,16.98140000000000,16.68300000000000,0.14410000000000,6.41360000000000,23.4930,24556.4233,16.9808,16.8367,0.1441,16.6856,6.5647,6.5438,0.0209,-0.0230,24556.4233,NA
parkey.exe,40372,0x21C0676C560,DXGI,0,0,0,Composed: Flip,24589.4900,NA,16.23000000000000,16.68170000000000,0.14370000000000,6.44060000000000,23.9447,24573.4041,16.2296,16.0859,0.1437,15.9433,6.5832,6.5634,0.0198,0.2991,24573.4041,NA
parkey.exe,40372,0x21C0676C560,DXGI,0,0,0,Composed: Flip,24606.5066,NA,17.01660000000000,16.68840000000000,0.14930000000000,6.46920000000000,23.6165,24589.6337,17.0222,16.8729,0.1493,16.7212,6.6209,6.6044,0.0165,-0.4588,24589.6337,NA
parkey.exe,40372,0x21C0676C560,DXGI,0,0,0,Composed: Flip,24622.9372,NA,16.43060000000000,9.48840000000000,0.12640000000000,6.45580000000000,16.6743,24606.6559,16.4077,16.2813,0.1264,16.1493,6.5878,6.5664,0.0214,7.5338,24606.6559,NA
parkey.exe,40372,0x21C0676C560,DXGI,0,0,0,Composed: Flip,24639.4977,NA,16.56050000000000,23.86540000000000,0.17040000000000,6.41440000000000,23.9792,24623.0636,16.6045,16.4341,0.1704,16.2961,6.5524,6.5312,0.0212,-7.4577,24623.0636,NA
parkey.exe,40372,0x21C0676C560,DXGI,0,0,0,Composed: Flip,24656.3073,NA,16.80960000000000,16.67730000000000,0.14380000000000,6.42550000000000,23.8469,24639.6681,16.7830,16.6392,0.1438,16.4970,6.5677,6.5504,0.0173,-0.0728,24639.6681,NA
parkey.exe,40372,0x21C0676C560,DXGI,0,0,0,Composed: Flip,24672.7046,NA,16.39730000000000,16.67150000000000,0.14010000000000,6.44190000000000,24.1211,24656.4511,16.3936,16.2535,0.1401,16.1337,6.5617,6.5364,0.0253,0.1115,24656.4511,NA
parkey.exe,40372,0x21C0676C560,DXGI,0,0,0,Composed: Flip,24689.8979,NA,17.19330000000000,16.68750000000000,0.13970000000000,6.44430000000000,23.6153,24672.8447,17.1929,17.0532,0.1397,16.9022,6.5953,6.5741,0.0212,-0.2939,24672.8447,NA
parkey.exe,40372,0x21C0676C560,DXGI,0,0,0,Composed: Flip,24706.5301,NA,16.63220000000000,9.43070000000000,0.20040000000000,6.32690000000000,16.4138,24690.0376,16.6929,16.4925,0.2004,16.2384,6.5810,6.5605,0.0205,7.7622,24690.0376,NA
parkey.exe,40372,0x21C0676C560,DXGI,0,0,0,Composed: Flip,24722.8688,NA,16.33870000000000,23.92990000000000,0.16870000000000,6.47240000000000,24.0050,24706.7305,16.3070,16.1383,0.1687,16.0067,6.6040,6.5762,0.0278,-7.2370,24706.7305,NA
parkey.exe,40372,0x21C0676C560,DXGI,0,0,0,Composed: Flip,24739.6485,NA,16.77970000000000,16.67340000000000,0.17180000000000,9.00150000000000,23.8987,24723.0375,16.7828,16.6110,0.1718,16.4484,9.1641,9.1424,0.0217,-0.3664,24723.0375,NA
parkey.exe,40372,0x21C0676C560,DXGI,0,0,0,Composed: Flip,24756.6206,NA,16.97210000000000,16.67900000000000,0.14850000000000,6.39930000000000,23.6056,24739.8203,16.9488,16.8003,0.1485,16.6442,6.5554,6.5348,0.0206,0.1038,24739.8203,NA
parkey.exe,40372,0x21C0676C560,DXGI,0,0,0,Composed: Flip,24772.8191,NA,16.19850000000000,16.69070000000000,0.12470000000000,6.35060000000000,24.0978,24756.7691,16.1747,16.0500,0.1247,15.9230,6.4776,6.4564,0.0212,0.2581,24756.7691,NA
parkey.exe,40372,0x21C0676C560,DXGI,0,0,0,Composed: Flip,24789.6053,NA,16.78620000000000,16.68250000000000,0.17340000000000,6.40410000000000,23.9941,24772.9438,16.8349,16.6615,0.1734,16.5086,6.5570,6.5350,0.0220,-0.5078,24772.9438,NA
parkey.exe,40372,0x21C0676C560,DXGI,0,0,0,Composed: Flip,24806.5220,NA,16.91670000000000,16.67770000000000,0.13580000000000,7.77020000000000,23.7551,24789.7787,16.8791,16.7433,0.1358,16.5950,7.9185,7.8985,0.0200,0.1572,24789.7787,NA
parkey.exe,40372,0x21C0676C560,DXGI,0,0,0,Composed: Flip,24822.9047,NA,16.38270000000000,16.67350000000000,0.17110000000000,6.44100000000000,24.0459,24806.6578,16.4180,16.2469,0.1711,16.1085,6.5794,6.5568,0.0226,0.2056,24806.6578,NA
parkey.exe,40372,0x21C0676C560,DXGI,0,0,0,Composed: Flip,24839.5480,NA,16.64330000000000,16.67980000000000,0.14080000000000,6.42630000000000,24.0824,24823.0758,16.6130,16.4722,0.1408,16.3180,6.5805,6.5592,0.0213,-0.2618,24823.0758,NA
parkey.exe,40372,0x21C0676C560,DXGI,0,0,0,Composed: Flip,24856.3938,NA,16.84580000000000,16.68620000000000,0.13930000000000,6.50150000000000,23.9228,24839.6888,16.8443,16.7050,0.1393,16.5797,6.6268,6.6048,0.0220,-0.0732,24839.6888,NA
parkey.exe,40372,0x21C0676C560,DXGI,0,0,0,Composed: Flip,24872.8538,NA,16.46000000000000,16.67190000000000,0.12530000000000,6.46160000000000,24.1347,24856.5331,16.4460,16.3207,0.1253,16.1873,6.5950,6.5724,0.0226,0.1724,24856.5331,NA
parkey.exe,40372,0x21C0676C560,DXGI,0,0,0,Composed: Flip,24889.5185,NA,16.66470000000000,16.68110000000000,0.15700000000000,6.47630000000000,24.1511,24872.9791,16.6964,16.5394,0.1570,16.4108,6.6049,6.5806,0.0243,-0.2351,24872.9791,NA
parkey.exe,40372,0x21C0676C560,DXGI,0,0,0,Composed: Flip,24906.0760,NA,16.55750000000000,16.68910000000000,0.14160000000000,6.45500000000000,24.2827,24889.6755,16.5421,16.4005,0.1416,16.2680,6.5875,6.5639,0.0236,0.0073,24889.6755,NA
parkey.exe,40372,0x21C0676C560,DXGI,0,0,0,Composed: Flip,24922.8199,NA,16.74390000000000,16.67640000000000,0.13920000000000,6.45270000000000,24.2152,24906.2176,16.7415,16.6023,0.1392,16.4708,6.5842,6.5619,0.0223,-0.1343,24906.2176,NA
parkey.exe,40372,0x21C0676C560,DXGI,0,0,0,Composed: Flip,24940.0738,NA,17.25390000000000,16.67800000000000,0.13510000000000,6.41450000000000,23.6393,24922.9591,17.2498,17.1147,0.1351,16.9469,6.5823,6.5594,0.0229,0.0635,24922.9591,NA
parkey.exe,40372,0x21C0676C560,DXGI,0,0,0,Composed: Flip,24956.3691,NA,16.29530000000000,16.68260000000000,0.12320000000000,6.43980000000000,24.0266,24940.2089,16.2834,16.1602,0.1232,16.0308,6.5692,6.5499,0.0193,0.5672,24940.2089,NA
parkey.exe,40372,0x21C0676C560,DXGI,0,0,0,Composed: Flip,24972.8888,NA,16.51970000000000,16.67750000000000,0.14260000000000,7.67400000000000,24.1844,24956.4923,16.5391,16.3965,0.1426,16.2580,7.8125,7.7916,0.0209,-0.3941,24956.4923,NA
parkey.exe,40372,0x21C0676C560,DXGI,0,0,0,Composed: Flip,24989.9757,NA,17.08690000000000,16.68180000000000,0.18360000000000,6.41370000000000,23.7793,24973.0314,17.1279,16.9443,0.1836,16.7842,6.5738,6.5538,0.0200,-0.1427,24973.0314,NA
parkey.exe,40372,0x21C0676C560,DXGI,0,0,0,Composed: Flip,25006.5329,NA,16.55720000000000,16.67410000000000,0.14770000000000,6.44410000000000,23.8962,24990.1593,16.5213,16.3736,0.1477,16.2256,6.5921,6.5712,0.0209,0.4538,24990.1593,NA
parkey.exe,40372,0x21C0676C560,DXGI,0,0,0,Composed: Flip,25022.9046,NA,16.37170000000000,16.68920000000000,0.13420000000000,6.30070000000000,24.2137,25006.6806,16.3582,16.2240,0.1342,16.0831,6.4416,6.4200,0.0216,-0.1679,25006.6806,NA
parkey.exe,40372,0x21C0676C560,DXGI,0,0,0,Composed: Flip,25039.5765,NA,16.67190000000000,16.67820000000000,0.16580000000000,6.41880000000000,24.2200,25023.0388,16.7035,16.5377,0.1658,16.3884,6.5681,6.5395,0.0286,-0.3200,25023.0388,NA
parkey.exe,40372,0x21C0676C560,DXGI,0,0,0,Composed: Flip,25056.5882,NA,17.01170000000000,16.68320000000000,0.15220000000000,7.77120000000000,23.8915,25039.7423,16.9981,16.8459,0.1522,16.6860,7.9311,7.8936,0.0375,0.0203,25039.7423,NA
parkey.exe,40372,0x21C0676C560,DXGI,0,0,0,Composed: Flip,25072.9147,NA,16.32650000000000,16.67600000000000,0.12990000000000,6.45190000000000,24.2410,25056.7404,16.3042,16.1743,0.1299,16.0251,6.6011,6.5655,0.0356,0.3221,25056.7404,NA
parkey.exe,40372,0x21C0676C560,DXGI,0,0,0,Composed: Flip,25089.5808,NA,16.66610000000000,16.67960000000000,0.14340000000000,6.42550000000000,24.2545,25073.0446,16.6796,16.5362,0.1434,16.3911,6.5706,6.5501,0.0205,-0.3754,25073.0446,NA
parkey.exe,40372,0x21C0676C560,DXGI,0,0,0,Composed: Flip,25106.2693,NA,16.68850000000000,16.68400000000000,0.13520000000000,6.32260000000000,24.2500,25089.7242,16.6803,16.5451,0.1352,16.4270,6.4407,6.4175,0.0232,-0.0044,25089.7242,NA
parkey.exe,40372,0x21C0676C560,DXGI,0,0,0,Composed: Flip,25123.1301,NA,16.86080000000000,16.68430000000000,0.15470000000000,6.89420000000000,24.0735,25106.4045,16.8803,16.7256,0.1547,16.5579,7.0619,7.0391,0.0228,-0.0040,25106.4045,NA
parkey.exe,40372,0x21C0676C560,DXGI,0,0,0,Composed: Flip,25139.4349,NA,16.30480000000000,16.67440000000000,0.14530000000000,8.63960000000000,24.4431,25123.2848,16.2954,16.1501,0.1453,16.0187,8.7710,8.7459,0.0251,0.2059,25123.2848,NA
parkey.exe,40372,0x21C0676C560,DXGI,0,0,0,Composed: Flip,25156.5077,NA,17.07280000000000,16.67940000000000,0.15810000000000,6.44480000000000,24.0497,25139.5802,17.0856,16.9275,0.1581,16.7601,6.6122,6.5856,0.0266,-0.3840,25139.5802,NA
parkey.exe,40372,0x21C0676C560,DXGI,0,0,0,Composed: Flip,25173.3048,NA,16.79710000000000,16.68620000000000,0.15620000000000,6.44680000000000,23.9388,25156.6658,16.7952,16.6390,0.1562,16.4951,6.5907,6.5690,0.0217,0.3994,25156.6658,NA
parkey.exe,40372,0x21C0676C560,DXGI,0,0,0,Composed: Flip,25189.7977,NA,16.49290000000000,16.67380000000000,0.13940000000000,6.42500000000000,24.1197,25173.4610,16.4761,16.3367,0.1394,16.1951,6.5666,6.5457,0.0209,0.1214,25173.4610,NA
parkey.exe,40372,0x21C0676C560,DXGI,0,0,0,Composed: Flip,25206.1131,NA,16.31540000000000,16.68090000000000,0.13120000000000,6.46490000000000,24.4852,25189.9371,16.3072,16.1760,0.1312,16.0304,6.6105,6.5896,0.0209,-0.2048,25189.9371,NA
parkey.exe,40372,0x21C0676C560,DXGI,0,0,0,Composed: Flip,25222.9455,NA,16.83240000000000,16.68480000000000,0.16410000000000,7.76850000000000,24.3376,25206.2443,16.8653,16.7012,0.1641,16.5482,7.9215,7.9038,0.0177,-0.3776,25206.2443,NA
parkey.exe,40372,0x21C0676C560,DXGI,0,0,0,Composed: Flip,25239.7207,NA,16.77520000000000,16.67440000000000,0.15280000000000,6.46710000000000,24.2368,25223.1096,16.7639,16.6111,0.1528,16.4641,6.6141,6.5909,0.0232,0.1909,25223.1096,NA
parkey.exe,40372,0x21C0676C560,DXGI,0,0,0,Composed: Flip,25256.1248,NA,16.40410000000000,16.68030000000000,0.14090000000000,6.45290000000000,24.5130,25239.8735,16.3922,16.2513,0.1409,16.1230,6.5812,6.5593,0.0219,0.0836,25239.8735,NA
parkey.exe,40372,0x21C0676C560,DXGI,0,0,0,Composed: Flip,25272.7311,NA,16.60630000000000,16.68130000000000,0.12360000000000,6.33840000000000,24.5880,25256.2657,16.5890,16.4654,0.1236,16.3343,6.4695,6.4491,0.0204,-0.2891,25256.2657,NA
parkey.exe,40372,0x21C0676C560,DXGI,0,0,0,Composed: Flip,25289.4461,NA,16.71500000000000,16.70030000000000,0.16240000000000,6.45190000000000,24.5733,25272.8547,16.7538,16.5914,0.1624,16.4581,6.5852,6.5638,0.0214,-0.1113,25272.8547,NA
parkey.exe,40372,0x21C0676C560,DXGI,0,0,0,Composed: Flip,25306.3467,NA,16.90060000000000,16.66660000000000,0.14370000000000,7.67200000000000,24.3393,25289.6085,16.8819,16.7382,0.1437,16.5927,7.8175,7.7959,0.0216,0.0872,25289.6085,NA
parkey.exe,40372,0x21C0676C560,DXGI,0,0,0,Composed: Flip,25322.8449,NA,16.49820000000000,16.66980000000000,0.12880000000000,6.42370000000000,24.5109,25306.4904,16.4833,16.3545,0.1288,16.2171,6.5611,6.5414,0.0197,0.2121,25306.4904,NA
parkey.exe,40372,0x21C0676C560,DXGI,0,0,0,Composed: Flip,25339.6372,NA,16.79230000000000,16.71040000000000,0.15710000000000,6.39030000000000,24.4290,25322.9737,16.8206,16.6635,0.1571,16.4958,6.5580,6.5377,0.0203,-0.2271,25322.9737,NA
parkey.exe,40372,0x21C0676C560,DXGI,0,0,0,Composed: Flip,25357.3905,NA,17.75330000000000,16.65220000000000,0.21730000000000,6.35910000000000,23.3279,25339.7943,17.8135,17.5962,0.2173,17.3463,6.6090,6.5770,0.0320,0.1684,25339.7943,NA
parkey.exe,40372,0x21C0676C560,DXGI,0,0,0,Composed: Flip,25373.1207,NA,15.73020000000000,16.67670000000000,0.16450000000000,6.41650000000000,24.2744,25357.6078,15.6774,15.5129,0.1645,15.3392,6.5902,6.5665,0.0237,1.1368,25357.6078,NA
parkey.exe,40372,0x21C0676C560,DXGI,0,0,0,Composed: Flip,25389.6994,NA,16.57870000000000,16.68460000000000,0.19040000000000,6.38280000000000,24.3803,25373.2852,16.6046,16.4142,0.1904,16.1947,6.6023,6.5805,0.0218,-1.0072,25373.2852,NA
parkey.exe,40372,0x21C0676C560,DXGI,0,0,0,Composed: Flip,25406.3014,NA,16.60200000000000,16.68130000000000,0.13710000000000,6.45100000000000,24.4596,25389.8898,16.5487,16.4116,0.1371,16.2776,6.5850,6.5654,0.0196,-0.0767,25389.8898,NA
parkey.exe,40372,0x21C0676C560,DXGI,0,0,0,Composed: Flip,25422.8115,NA,16.51010000000000,16.67870000000000,0.14600000000000,6.46980000000000,24.6282,25406.4385,16.5190,16.3730,0.1460,16.2445,6.5983,6.5777,0.0206,-0.1300,25406.4385,NA
parkey.exe,40372,0x21C0676C560,DXGI,0,0,0,Composed: Flip,25439.5251,NA,16.71360000000000,16.69160000000000,0.13620000000000,6.31060000000000,24.6062,25422.9575,16.7038,16.5676,0.1362,16.4163,6.4619,6.4435,0.0184,-0.1726,25422.9575,NA
parkey.exe,40372,0x21C0676C560,DXGI,0,0,0,Composed: Flip,25456.0324,NA,16.50730000000000,8.96320000000000,0.13380000000000,6.40470000000000,17.0621,25439.6613,16.5049,16.3711,0.1338,16.2233,6.5525,6.5306,0.0219,7.7406,25439.6613,NA
parkey.exe,40372,0x21C0676C560,DXGI,0,0,0,Composed: Flip,25472.7838,NA,16.75140000000000,24.38540000000000,0.14280000000000,6.44310000000000,24.6961,25456.1662,16.7604,16.6176,0.1428,16.4844,6.5763,6.5552,0.0211,-7.8805,25456.1662,NA
parkey.exe,40372,0x21C0676C560,DXGI,0,0,0,Composed: Flip,25489.3264,NA,16.54260000000000,16.68370000000000,0.13540000000000,6.44750000000000,24.8372,25472.9266,16.5352,16.3998,0.1354,16.2796,6.5677,6.5466,0.0211,0.0767,25472.9266,NA
parkey.exe,40372,0x21C0676C560,DXGI,0,0,0,Composed: Flip,25506.0798,NA,16.75340000000000,16.67530000000000,0.13820000000000,6.46730000000000,24.7591,25489.4618,16.7562,16.6180,0.1382,16.4846,6.6007,6.5791,0.0216,-0.1401,25489.4618,NA
parkey.exe,40372,0x21C0676C560,DXGI,0,0,0,Composed: Flip,25522.7616,NA,16.68180000000000,16.69460000000000,0.13520000000000,6.42910000000000,24.7719,25506.2180,16.6788,16.5436,0.1352,16.4092,6.5635,6.5424,0.0211,0.0616,25506.2180,NA
parkey.exe,40372,0x21C0676C560,DXGI,0,0,0,Composed: Flip,25539.4331,NA,16.67150000000000,16.66910000000000,0.15410000000000,6.44510000000000,24.7695,25522.8968,16.6904,16.5363,0.1541,16.4075,6.5739,6.5529,0.0210,0.0097,25522.8968,NA
parkey.exe,40372,0x21C0676C560,DXGI,0,0,0,Composed: Flip,25556.2115,NA,16.77840000000000,16.67510000000000,0.14250000000000,7.74650000000000,24.6662,25539.5872,16.7668,16.6243,0.1425,16.4802,7.8906,7.8705,0.0201,0.0153,25539.5872,NA
parkey.exe,40372,0x21C0676C560,DXGI,0,0,0,Composed: Flip,25572.8257,NA,16.61420000000000,16.68120000000000,0.12800000000000,6.42470000000000,24.7332,25556.3540,16.5997,16.4717,0.1280,16.3319,6.5645,6.5450,0.0195,0.0856,25556.3540,NA
parkey.exe,40372,0x21C0676C560,DXGI,0,0,0,Composed: Flip,25589.2818,NA,16.45610000000000,16.68740000000000,0.12970000000000,6.47310000000000,24.9645,25572.9537,16.4578,16.3281,0.1297,16.2142,6.5870,6.5597,0.0273,-0.0877,25572.9537,NA
parkey.exe,40372,0x21C0676C560,DXGI,0,0,0,Composed: Flip,25606.0268,NA,16.74500000000000,16.67390000000000,0.14260000000000,6.51950000000000,24.8934,25589.4115,16.7579,16.6153,0.1426,16.4779,6.6569,6.6359,0.0210,-0.2161,25589.4115,NA
parkey.exe,40372,0x21C0676C560,DXGI,0,0,0,Composed: Flip,25622.6859,NA,16.65910000000000,16.68520000000000,0.13390000000000,6.48320000000000,24.9195,25606.1694,16.6504,16.5165,0.1339,16.3811,6.6186,6.5988,0.0198,0.0727,25606.1694,NA
parkey.exe,40372,0x21C0676C560,DXGI,0,0,0,Composed: Flip,25639.3873,NA,16.70140000000000,16.67700000000000,0.13850000000000,7.73270000000000,24.8951,25622.8198,16.7060,16.5675,0.1385,16.4292,7.8710,7.8203,0.0507,-0.0266,25622.8198,NA
parkey.exe,40372,0x21C0676C560,DXGI,0,0,0,Composed: Flip,25656.5017,NA,17.11440000000000,16.67830000000000,0.15430000000000,6.39370000000000,24.4590,25639.5258,17.1302,16.9759,0.1543,16.8079,6.5617,6.5389,0.0228,0.0277,25639.5258,NA
parkey.exe,40372,0x21C0676C560,DXGI,0,0,0,Composed: Flip,25673.2240,NA,16.72230000000000,16.68180000000000,0.17030000000000,6.41330000000000,24.4185,25656.6560,16.7383,16.5680,0.1703,16.4040,6.5773,6.5578,0.0195,0.4484,25656.6560,NA
parkey.exe,40372,0x21C0676C560,DXGI,0,0,0,Composed: Flip,25689.6432,NA,16.41920000000000,16.68220000000000,0.13440000000000,6.46650000000000,24.6815,25673.3943,16.3833,16.2489,0.1344,16.1023,6.6131,6.5939,0.0192,0.0561,25673.3943,NA
parkey.exe,40372,0x21C0676C560,DXGI,0,0,0,Composed: Flip,25706.1143,NA,16.47110000000000,16.67910000000000,0.15720000000000,6.43210000000000,24.8895,25689.7776,16.4939,16.3367,0.1572,16.1838,6.5850,6.5631,0.0219,-0.2958,25689.7776,NA
parkey.exe,40372,0x21C0676C560,DXGI,0,0,0,Composed: Flip,25722.9173,NA,16.80300000000000,16.67810000000000,0.13300000000000,7.74660000000000,24.7646,25706.2715,16.7788,16.6458,0.1330,16.5072,7.8852,7.8672,0.0180,-0.1842,25706.2715,NA
parkey.exe,40372,0x21C0676C560,DXGI,0,0,0,Composed: Flip,25739.3966,NA,16.47930000000000,16.68450000000000,0.14680000000000,6.43310000000000,24.9698,25723.0503,16.4931,16.3463,0.1468,16.2044,6.5750,6.5534,0.0216,0.0943,25723.0503,NA
parkey.exe,40372,0x21C0676C560,DXGI,0,0,0,Composed: Flip,25756.1817,NA,16.78510000000000,16.68340000000000,0.14860000000000,7.89540000000000,24.8681,25739.5434,16.7869,16.6383,0.1486,16.4702,8.0635,8.0443,0.0192,-0.1903,25739.5434,NA
parkey.exe,40372,0x21C0676C560,DXGI,0,0,0,Composed: Flip,25772.8246,NA,16.64290000000000,16.68080000000000,0.13150000000000,6.42080000000000,24.9060,25756.3303,16.6258,16.4943,0.1315,16.3449,6.5702,6.5478,0.0224,0.1061,25756.3303,NA
parkey.exe,40372,0x21C0676C560,DXGI,0,0,0,Composed: Flip,25789.2841,NA,16.45950000000000,8.74340000000000,0.15250000000000,6.41450000000000,17.1899,25772.9561,16.4805,16.3280,0.1525,16.2049,6.5376,6.5152,0.0224,7.8824,25772.9561,NA
parkey.exe,40372,0x21C0676C560,DXGI,0,0,0,Composed: Flip,25805.9984,NA,16.71430000000000,24.61000000000000,0.14250000000000,6.46740000000000,25.0856,25789.4366,16.7043,16.5618,0.1425,16.4337,6.5955,6.5694,0.0261,-8.1295,25789.4366,NA
parkey.exe,40372,0x21C0676C560,DXGI,0,0,0,Composed: Flip,25822.6401,NA,16.64170000000000,16.67910000000000,0.11840000000000,6.50790000000000,25.1230,25806.1409,16.6176,16.4992,0.1184,16.3813,6.6258,6.6091,0.0167,0.0252,25806.1409,NA
parkey.exe,40372,0x21C0676C560,DXGI,0,0,0,Composed: Flip,25839.4779,NA,16.83780000000000,16.67740000000000,0.14920000000000,6.42740000000000,24.9626,25822.7585,16.8686,16.7194,0.1492,16.5767,6.5701,6.5489,0.0212,-0.0598,25822.7585,NA
parkey.exe,40372,0x21C0676C560,DXGI,0,0,0,Composed: Flip,25855.9542,NA,16.47630000000000,16.69600000000000,0.14700000000000,6.68640000000000,25.1823,25839.6271,16.4741,16.3271,0.1470,16.2136,6.7999,6.7780,0.0219,0.1726,25839.6271,NA
parkey.exe,40372,0x21C0676C560,DXGI,0,0,0,Composed: Flip,25872.5087,NA,16.55450000000000,16.66840000000000,0.12010000000000,6.46560000000000,25.2962,25856.1012,16.5276,16.4075,0.1201,16.2948,6.5783,6.5574,0.0209,-0.1943,25856.1012,NA
parkey.exe,40372,0x21C0676C560,DXGI,0,0,0,Composed: Flip,25889.2547,NA,16.74600000000000,16.68300000000000,0.13010000000000,6.47070000000000,25.2332,25872.6288,16.7560,16.6259,0.1301,16.4976,6.5990,6.5745,0.0245,-0.1554,25872.6288,NA
parkey.exe,40372,0x21C0676C560,DXGI,0,0,0,Composed: Flip,25906.0660,NA,16.81130000000000,16.68200000000000,0.12630000000000,6.42270000000000,25.1039,25889.3848,16.8075,16.6812,0.1263,16.5420,6.5619,6.5403,0.0216,0.0740,25889.3848,NA
parkey.exe,40372,0x21C0676C560,DXGI,0,0,0,Composed: Flip,25922.9897,NA,16.92370000000000,16.67640000000000,0.17440000000000,6.46690000000000,24.8566,25906.1923,16.9718,16.7974,0.1744,16.6365,6.6278,6.6042,0.0236,0.1311,25906.1923,NA
parkey.exe,40372,0x21C0676C560,DXGI,0,0,0,Composed: Flip,25939.7452,NA,16.75550000000000,16.68050000000000,0.15220000000000,6.31970000000000,24.7816,25923.1641,16.7333,16.5811,0.1522,16.3939,6.5069,6.4838,0.0231,0.2913,25923.1641,NA
parkey.exe,40372,0x21C0676C560,DXGI,0,0,0,Composed: Flip,25956.2706,NA,16.52540000000000,16.67420000000000,0.14540000000000,6.44540000000000,24.9304,25939.8974,16.5186,16.3732,0.1454,16.2359,6.5827,6.5565,0.0262,0.0591,25939.8974,NA
parkey.exe,40372,0x21C0676C560,DXGI,0,0,0,Composed: Flip,25972.6095,NA,16.33890000000000,16.68660000000000,0.13340000000000,7.82420000000000,25.2781,25956.4160,16.3269,16.1935,0.1334,16.0510,7.9667,7.8500,0.1167,-0.1680,25956.4160,NA
parkey.exe,40372,0x21C0676C560,DXGI,0,0,0,Composed: Flip,25989.3186,NA,16.70910000000000,16.67800000000000,0.13910000000000,6.44820000000000,25.2470,25972.7429,16.7148,16.5757,0.1391,16.4455,6.5784,6.5577,0.0207,-0.3511,25972.7429,NA
parkey.exe,40372,0x21C0676C560,DXGI,0,0,0,Composed: Flip,26006.0323,NA,16.71370000000000,16.68600000000000,0.13730000000000,6.47080000000000,25.2193,25989.4577,16.7119,16.5746,0.1373,16.4418,6.6036,6.5828,0.0208,0.0288,25989.4577,NA
parkey.exe,40372,0x21C0676C560,DXGI,0,0,0,Composed: Flip,26022.8041,NA,16.77180000000000,16.67840000000000,0.14280000000000,6.64630000000000,25.1259,26006.1696,16.7773,16.6345,0.1428,16.4616,6.8192,6.7992,0.0200,0.0335,26006.1696,NA
parkey.exe,40372,0x21C0676C560,DXGI,0,0,0,Composed: Flip,26039.2943,NA,16.49020000000000,16.67530000000000,0.16580000000000,6.43880000000000,25.3110,26022.9469,16.5132,16.3474,0.1658,16.2219,6.5643,6.5459,0.0184,0.1020,26022.9469,NA
parkey.exe,40372,0x21C0676C560,DXGI,0,0,0,Composed: Flip,26056.3950,NA,17.10070000000000,16.69210000000000,0.14870000000000,7.68770000000000,24.9024,26039.4601,17.0836,16.9349,0.1487,16.7762,7.8464,7.8280,0.0184,-0.1789,26039.4601,NA
parkey.exe,40372,0x21C0676C560,DXGI,0,0,0,Composed: Flip,26072.9494,NA,16.55440000000000,16.67830000000000,0.14830000000000,6.38470000000000,25.0263,26056.5437,16.5540,16.4057,0.1483,16.2390,6.5514,6.5279,0.0235,0.4053,26056.5437,NA
parkey.exe,40372,0x21C0676C560,DXGI,0,0,0,Composed: Flip,26089.3591,NA,16.40970000000000,16.67150000000000,0.14350000000000,6.43170000000000,25.2881,26073.0977,16.4049,16.2614,0.1435,16.1309,6.5622,6.5437,0.0185,-0.1175,26073.0977,NA
parkey.exe,40372,0x21C0676C560,DXGI,0,0,0,Composed: Flip,26105.9692,NA,16.61010000000000,16.68130000000000,0.14950000000000,6.68960000000000,25.3593,26089.5026,16.6161,16.4666,0.1495,16.3375,6.8187,6.7971,0.0216,-0.2764,26089.5026,NA
parkey.exe,40372,0x21C0676C560,DXGI,0,0,0,Composed: Flip,26122.5077,NA,16.53850000000000,16.68170000000000,0.12840000000000,6.49830000000000,25.5025,26106.1187,16.5174,16.3890,0.1284,16.2756,6.6117,6.5886,0.0231,-0.0656,26106.1187,NA
parkey.exe,40372,0x21C0676C560,DXGI,0,0,0,Composed: Flip,26139.3451,NA,16.83740000000000,16.67680000000000,0.21540000000000,7.80230000000000,25.3419,26122.6361,16.9244,16.7090,0.2154,16.5792,7.9321,7.8494,0.0827,-0.1594,26122.6361,NA
parkey.exe,40372,0x21C0676C560,DXGI,0,0,0,Composed: Flip,26156.1933,NA,16.84820000000000,16.68540000000000,0.12500000000000,6.48270000000000,25.1791,26139.5605,16.7578,16.6328,0.1250,16.4935,6.6220,6.6013,0.0207,0.2390,26139.5605,NA
parkey.exe,40372,0x21C0676C560,DXGI,0,0,0,Composed: Flip,26172.6893,NA,16.49600000000000,16.67790000000000,0.13130000000000,6.47680000000000,25.3610,26156.3183,16.5023,16.3710,0.1313,16.2618,6.5860,6.5631,0.0229,0.0799,26156.3183,NA
parkey.exe,40372,0x21C0676C560,DXGI,0,0,0,Composed: Flip,26189.4130,NA,16.72370000000000,16.68150000000000,0.13210000000000,6.45130000000000,25.3188,26172.8206,16.7245,16.5924,0.1321,16.4442,6.5995,6.5774,0.0221,-0.1792,26172.8206,NA
parkey.exe,40372,0x21C0676C560,DXGI,0,0,0,Composed: Flip,26206.2155,NA,16.80250000000000,16.67210000000000,0.14570000000000,6.41350000000000,25.1884,26189.5451,16.8161,16.6704,0.1457,16.5000,6.5839,6.5597,0.0242,0.0524,26189.5451,NA
parkey.exe,40372,0x21C0676C560,DXGI,0,0,0,Composed: Flip,26222.6010,NA,16.38550000000000,16.68520000000000,0.11650000000000,7.88710000000000,25.4881,26206.3612,16.3563,16.2398,0.1165,16.1134,8.0135,7.8954,0.1181,0.1309,26206.3612,NA
parkey.exe,40372,0x21C0676C560,DXGI,0,0,0,Composed: Flip,26239.3509,NA,16.74990000000000,16.68740000000000,0.13140000000000,6.44810000000000,25.4256,26222.7175,16.7648,16.6334,0.1314,16.4990,6.5825,6.5613,0.0212,-0.3311,26222.7175,NA
parkey.exe,40372,0x21C0676C560,DXGI,0,0,0,Composed: Flip,26256.2060,NA,16.85510000000000,16.67550000000000,0.15900000000000,6.42100000000000,25.2460,26239.4823,16.8827,16.7237,0.1590,16.5714,6.5733,6.5523,0.0210,0.0893,26239.4823,NA
parkey.exe,40372,0x21C0676C560,DXGI,0,0,0,Composed: Flip,26272.7234,NA,16.51740000000000,16.67730000000000,0.12510000000000,6.70860000000000,25.4059,26256.3650,16.4835,16.3584,0.1251,16.2276,6.8394,6.8184,0.0210,0.2054,26256.3650,NA
parkey.exe,40372,0x21C0676C560,DXGI,0,0,0,Composed: Flip,26289.0684,NA,16.34500000000000,16.67550000000000,0.14260000000000,6.45800000000000,25.7364,26272.8485,16.3625,16.2199,0.1426,16.1168,6.5611,6.5394,0.0217,-0.1920,26272.8485,NA
parkey.exe,40372,0x21C0676C560,DXGI,0,0,0,Composed: Flip,26305.9278,NA,16.85940000000000,16.68680000000000,0.12800000000000,7.89600000000000,25.5638,26289.2110,16.8448,16.7168,0.1280,16.6032,8.0096,7.9378,0.0718,-0.3243,26289.2110,NA
parkey.exe,40372,0x21C0676C560,DXGI,0,0,0,Composed: Flip,26322.6259,NA,16.69810000000000,16.69860000000000,0.11910000000000,6.33530000000000,25.5643,26306.0558,16.6892,16.5701,0.1191,16.4464,6.4590,6.4412,0.0178,0.1462,26306.0558,NA
parkey.exe,40372,0x21C0676C560,DXGI,0,0,0,Composed: Flip,26339.4163,NA,16.79040000000000,16.66700000000000,0.14110000000000,6.43530000000000,25.4409,26322.7450,16.8124,16.6713,0.1411,16.5324,6.5742,6.5519,0.0223,0.0222,26322.7450,NA
parkey.exe,40372,0x21C0676C560,DXGI,0,0,0,Composed: Flip,26355.9951,NA,16.57880000000000,16.67710000000000,0.15040000000000,6.68140000000000,25.5392,26339.5574,16.5881,16.4377,0.1504,16.3157,6.8034,6.7810,0.0224,0.1353,26339.5574,NA
parkey.exe,40372,0x21C0676C560,DXGI,0,0,0,Composed: Flip,26372.6852,NA,16.69010000000000,16.67560000000000,0.12110000000000,6.42600000000000,25.5247,26356.1455,16.6608,16.5397,0.1211,16.4078,6.5579,6.5351,0.0228,-0.0875,26356.1455,NA
parkey.exe,40372,0x21C0676C560,DXGI,0,0,0,Composed: Flip,26389.5555,NA,16.87030000000000,16.68280000000000,0.13540000000000,6.41120000000000,25.3372,26372.8063,16.8846,16.7492,0.1354,16.6032,6.5572,6.5352,0.0220,-0.0220,26372.8063,NA
parkey.exe,40372,0x21C0676C560,DXGI,0,0,0,Composed: Flip,26406.1713,NA,16.61580000000000,9.75380000000000,0.12680000000000,6.45350000000000,18.4752,26389.6909,16.6072,16.4804,0.1268,16.3543,6.5796,6.5601,0.0195,7.1308,26389.6909,NA
parkey.exe,40372,0x21C0676C560,DXGI,0,0,0,Composed: Flip,26422.6512,NA,16.47990000000000,23.60610000000000,0.14540000000000,6.46360000000000,25.6014,26406.2981,16.4985,16.3531,0.1454,16.2258,6.5909,6.5695,0.0214,-6.9989,26406.2981,NA
parkey.exe,40372,0x21C0676C560,DXGI,0,0,0,Composed: Flip,26439.3498,NA,16.69860000000000,16.68100000000000,0.13780000000000,6.73950000000000,25.5838,26422.7966,16.6910,16.5532,0.1378,16.4324,6.8603,6.8386,0.0217,-0.1825,26422.7966,NA
parkey.exe,40372,0x21C0676C560,DXGI,0,0,0,Composed: Flip,26455.9553,NA,16.60550000000000,16.67320000000000,0.14550000000000,6.38830000000000,25.6515,26439.4876,16.6132,16.4677,0.1455,16.3157,6.5403,6.5166,0.0237,0.0178,26439.4876,NA
parkey.exe,40372,0x21C0676C560,DXGI,0,0,0,Composed: Flip,26472.6102,NA,16.65490000000000,16.68460000000000,0.12360000000000,7.72990000000000,25.6812,26456.1008,16.6330,16.5094,0.1236,16.3715,7.8678,7.8387,0.0291,-0.0714,26456.1008,NA
parkey.exe,40372,0x21C0676C560,DXGI,0,0,0,Composed: Flip,26489.3569,NA,16.74670000000000,9.70530000000000,0.13690000000000,6.44750000000000,18.6398,26472.7338,16.7600,16.6231,0.1369,16.5023,6.5683,6.5448,0.0235,6.9277,26472.7338,NA
parkey.exe,40372,0x21C0676C560,DXGI,0,0,0,Composed: Flip,26505.9494,NA,16.59250000000000,23.66100000000000,0.13000000000000,6.44390000000000,25.7083,26489.4938,16.5856,16.4556,0.1300,16.3235,6.5760,6.5521,0.0239,-6.9010,26489.4938,NA
parkey.exe,40372,0x21C0676C560,DXGI,0,0,0,Composed: Flip,26522.6858,NA,16.73640000000000,16.67740000000000,0.12830000000000,6.78330000000000,25.6493,26506.0794,16.7347,16.6064,0.1283,16.4752,6.9145,6.8813,0.0332,-0.0918,26506.0794,NA
parkey.exe,40372,0x21C0676C560,DXGI,0,0,0,Composed: Flip,26539.2106,NA,16.52480000000000,16.67710000000000,0.14830000000000,6.44450000000000,25.8016,26522.8141,16.5448,16.3965,0.1483,16.2770,6.5640,6.5444,0.0196,0.0576,26522.8141,NA
parkey.exe,40372,0x21C0676C560,DXGI,0,0,0,Composed: Flip,26556.1227,NA,16.91210000000000,16.68080000000000,0.14590000000000,7.81610000000000,25.5703,26539.3589,16.9097,16.7638,0.1459,16.6239,7.9560,7.8942,0.0618,-0.1360,26539.3589,NA
parkey.exe,40372,0x21C0676C560,DXGI,0,0,0,Composed: Flip,26572.5715,NA,16.44880000000000,16.67980000000000,0.11220000000000,6.53860000000000,25.8013,26556.2686,16.4151,16.3029,0.1122,16.1907,6.6508,6.6286,0.0222,0.2299,26556.2686,NA
parkey.exe,40372,0x21C0676C560,DXGI,0,0,0,Composed: Flip,26589.2834,NA,16.71190000000000,16.68210000000000,0.13020000000000,6.44770000000000,25.7715,26572.6837,16.7299,16.5997,0.1302,16.4773,6.5701,6.5477,0.0224,-0.2670,26572.6837,NA
parkey.exe,40372,0x21C0676C560,DXGI,0,0,0,Composed: Flip,26606.0436,NA,16.76020000000000,16.69850000000000,0.13960000000000,6.72780000000000,25.7098,26589.4136,16.7696,16.6300,0.1396,16.5115,6.8463,6.8241,0.0222,0.0314,26589.4136,NA
parkey.exe,40372,0x21C0676C560,DXGI,0,0,0,Composed: Flip,26622.6601,NA,16.61650000000000,16.65570000000000,0.15580000000000,6.47050000000000,25.7490,26606.1832,16.6327,16.4769,0.1558,16.3531,6.5943,6.5726,0.0217,0.1139,26606.1832,NA
parkey.exe,40372,0x21C0676C560,DXGI,0,0,0,Composed: Flip,26639.2733,NA,16.61320000000000,16.68580000000000,0.12910000000000,7.75980000000000,25.8216,26622.8159,16.5865,16.4574,0.1291,16.3403,7.8769,7.8578,0.0191,-0.0531,26622.8159,NA
parkey.exe,40372,0x21C0676C560,DXGI,0,0,0,Composed: Flip,26655.8891,NA,16.61580000000000,9.59120000000000,0.11860000000000,6.34180000000000,18.7970,26639.4024,16.6053,16.4867,0.1186,16.3680,6.4605,6.4392,0.0213,6.9953,26639.4024,NA
parkey.exe,40372,0x21C0676C560,DXGI,0,0,0,Composed: Flip,26672.5554,NA,16.66630000000000,23.78850000000000,0.14790000000000,6.45220000000000,25.9192,26656.0077,16.6956,16.5477,0.1479,16.4273,6.5726,6.5507,0.0219,-7.1832,26656.0077,NA
parkey.exe,40372,0x21C0676C560,DXGI,0,0,0,Composed: Flip,26689.2111,NA,16.65570000000000,16.65160000000000,0.11460000000000,6.47750000000000,25.9151,26672.7033,16.6224,16.5078,0.1146,16.4009,6.5844,6.5635,0.0209,0.0440,26672.7033,NA
parkey.exe,40372,0x21C0676C560,DXGI,0,0,0,Composed: Flip,26706.0204,NA,16.80930000000000,16.68500000000000,0.12980000000000,6.45760000000000,25.7908,26689.3257,16.8245,16.6947,0.1298,16.5656,6.5867,6.5617,0.0250,-0.0626,26689.3257,NA
parkey.exe,40372,0x21C0676C560,DXGI,0,0,0,Composed: Flip,26722.9958,NA,16.97540000000000,16.69140000000000,0.13140000000000,7.75480000000000,25.5068,26706.1502,16.9770,16.8456,0.1314,16.6735,7.9269,7.9049,0.0220,0.1331,26706.1502,NA
parkey.exe,40372,0x21C0676C560,DXGI,0,0,0,Composed: Flip,26739.3286,NA,16.33280000000000,9.52560000000000,0.13740000000000,6.54130000000000,18.6996,26723.1272,16.3388,16.2014,0.1374,16.0808,6.6619,6.6438,0.0181,7.4514,26723.1272,NA
parkey.exe,40372,0x21C0676C560,DXGI,0,0,0,Composed: Flip,26756.1935,NA,16.86490000000000,23.82920000000000,0.14280000000000,6.42660000000000,25.6639,26739.4660,16.8703,16.7275,0.1428,16.5797,6.5744,6.5485,0.0259,-7.4904,26739.4660,NA
parkey.exe,40372,0x21C0676C560,DXGI,0,0,0,Composed: Flip,26772.6901,NA,16.49660000000000,16.69070000000000,0.12960000000000,6.78600000000000,25.8580,26756.3363,16.4834,16.3538,0.1296,16.1829,6.9569,6.9344,0.0225,0.1796,26756.3363,NA
parkey.exe,40372,0x21C0676C560,DXGI,0,0,0,Composed: Flip,26789.4046,NA,16.71450000000000,16.74150000000000,0.15920000000000,6.42970000000000,25.8850,26772.8197,16.7441,16.5849,0.1592,16.4518,6.5628,6.5437,0.0191,-0.2581,26772.8197,NA
parkey.exe,40372,0x21C0676C560,DXGI,0,0,0,Composed: Flip,26806.2217,NA,16.81710000000000,16.61890000000000,0.14060000000000,7.98700000000000,25.6868,26789.5638,16.7985,16.6579,0.1406,16.5074,8.1375,7.9199,0.2176,0.1252,26789.5638,NA
parkey.exe,40372,0x21C0676C560,DXGI,0,0,0,Composed: Flip,26823.7656,NA,17.54390000000000,16.75730000000000,0.20240000000000,6.33730000000000,24.9002,26806.3623,17.6057,17.4033,0.2024,17.1607,6.5799,6.5537,0.0262,0.0412,26806.3623,NA
parkey.exe,40372,0x21C0676C560,DXGI,0,0,0,Composed: Flip,26840.3057,NA,16.54010000000000,16.58850000000000,0.19090000000000,7.81660000000000,24.9486,26823.9680,16.5286,16.3377,0.1909,16.1263,8.0280,7.9812,0.0468,1.0172,26823.9680,NA
parkey.exe,40372,0x21C0676C560,DXGI,0,0,0,Composed: Flip,26856.4925,NA,16.18680000000000,16.68650000000000,0.16060000000000,6.37740000000000,25.4483,26840.4966,16.1565,15.9959,0.1606,15.8250,6.5483,6.5240,0.0243,-0.1579,26840.4966,NA
parkey.exe,40372,0x21C0676C560,DXGI,0,0,0,Composed: Flip,26872.7778,NA,16.28530000000000,16.67860000000000,0.13890000000000,6.47100000000000,25.8416,26856.6531,16.2636,16.1247,0.1389,15.9942,6.6015,6.5783,0.0232,-0.5221,26856.6531,NA
parkey.exe,40372,0x21C0676C560,DXGI,0,0,0,Composed: Flip,26889.4837,NA,16.70590000000000,16.68000000000000,0.13820000000000,6.43360000000000,25.8157,26872.9167,16.7052,16.5670,0.1382,16.4370,6.5636,6.5389,0.0247,-0.4164,26872.9167,NA
parkey.exe,40372,0x21C0676C560,DXGI,0,0,0,Composed: Flip,26906.0887,NA,16.60500000000000,9.43010000000000,0.13160000000000,6.34790000000000,18.6408,26889.6219,16.5984,16.4668,0.1316,16.3224,6.4923,6.4698,0.0225,7.2751,26889.6219,NA
parkey.exe,40372,0x21C0676C560,DXGI,0,0,0,Composed: Flip,26922.4767,NA,16.38800000000000,23.93030000000000,0.13660000000000,6.46600000000000,26.1831,26906.2203,16.3930,16.2564,0.1366,16.1470,6.5754,6.5530,0.0224,-7.3319,26906.2203,NA
parkey.exe,40372,0x21C0676C560,DXGI,0,0,0,Composed: Flip,26939.3700,NA,16.89330000000000,16.67860000000000,0.13980000000000,7.08280000000000,25.9684,26922.6133,16.8965,16.7567,0.1398,16.5454,7.2941,7.2720,0.0221,-0.2856,26922.6133,NA
parkey.exe,40372,0x21C0676C560,DXGI,0,0,0,Composed: Flip,26955.9419,NA,16.57190000000000,16.70510000000000,0.13480000000000,6.43940000000000,26.1016,26939.5098,16.5669,16.4321,0.1348,16.3049,6.5666,6.5453,0.0213,0.1914,26939.5098,NA
parkey.exe,40372,0x21C0676C560,DXGI,0,0,0,Composed: Flip,26972.5256,NA,16.58370000000000,16.66120000000000,0.12650000000000,7.73250000000000,26.1791,26956.0767,16.5754,16.4489,0.1265,16.3337,7.8477,7.8274,0.0203,-0.0943,26956.0767,NA
parkey.exe,40372,0x21C0676C560,DXGI,0,0,0,Composed: Flip,26989.2946,NA,16.76900000000000,9.37870000000000,0.14130000000000,6.45600000000000,18.7888,26972.6521,16.7838,16.6425,0.1413,16.4990,6.5995,6.5773,0.0222,7.1967,26972.6521,NA
parkey.exe,40372,0x21C0676C560,DXGI,0,0,0,Composed: Flip,27005.8476,NA,16.55300000000000,23.97720000000000,0.12680000000000,6.43380000000000,26.2130,26989.4359,16.5385,16.4117,0.1268,16.2934,6.5521,6.5276,0.0245,-7.1934,26989.4359,NA
parkey.exe,40372,0x21C0676C560,DXGI,0,0,0,Composed: Flip,27022.5863,NA,16.73870000000000,16.68290000000000,0.12410000000000,7.14870000000000,26.1572,27005.9744,16.7360,16.6119,0.1241,16.4465,7.3141,7.2911,0.0230,-0.1444,27005.9744,NA
parkey.exe,40372,0x21C0676C560,DXGI,0,0,0,Composed: Flip,27039.2596,NA,16.67330000000000,16.67090000000000,0.15660000000000,6.40980000000000,26.1548,27022.7104,16.7058,16.5492,0.1566,16.4221,6.5369,6.5180,0.0189,0.0651,27022.7104,NA
parkey.exe,40372,0x21C0676C560,DXGI,0,0,0,Composed: Flip,27056.0701,NA,16.81050000000000,16.69110000000000,0.14020000000000,8.58460000000000,26.0354,27039.4162,16.7941,16.6539,0.1402,16.5174,8.7211,8.6985,0.0226,0.0147,27039.4162,NA
parkey.exe,40372,0x21C0676C560,DXGI,0,0,0,Composed: Flip,27072.7712,NA,16.70110000000000,16.68440000000000,0.13780000000000,7.16030000000000,26.0187,27056.2103,16.6987,16.5609,0.1378,16.3783,7.3429,7.3215,0.0214,0.1097,27056.2103,NA
parkey.exe,40372,0x21C0676C560,DXGI,0,0,0,Composed: Flip,27089.1475,NA,16.37630000000000,16.67380000000000,0.12920000000000,6.46670000000000,26.3162,27072.9090,16.3677,16.2385,0.1292,16.1258,6.5794,6.5579,0.0215,0.0249,27072.9090,NA
parkey.exe,40372,0x21C0676C560,DXGI,0,0,0,Composed: Flip,27107.1680,NA,18.02050000000000,16.68460000000000,0.16030000000000,6.40040000000000,24.9803,27089.2767,18.0516,17.8913,0.1603,17.7153,6.5764,6.5541,0.0223,-0.3169,27089.2767,NA
parkey.exe,40372,0x21C0676C560,DXGI,0,0,0,Composed: Flip,27123.5972,NA,16.42920000000000,16.67240000000000,0.16390000000000,6.43000000000000,25.2235,27107.3283,16.4328,16.2689,0.1639,16.0924,6.6065,6.5832,0.0233,1.3792,27107.3283,NA
parkey.exe,40372,0x21C0676C560,DXGI,0,0,0,Composed: Flip,27139.8367,NA,16.23950000000000,16.68460000000000,0.21510000000000,7.67440000000000,25.6686,27123.7611,16.2907,16.0756,0.2151,15.8924,7.8576,7.8355,0.0221,-0.2518,27123.7611,NA
parkey.exe,40372,0x21C0676C560,DXGI,0,0,0,Composed: Flip,27156.8256,NA,16.98890000000000,16.67080000000000,0.15980000000000,6.25370000000000,25.3505,27140.0518,16.9336,16.7738,0.1598,16.5776,6.4499,6.4250,0.0249,-0.3801,27140.0518,NA
parkey.exe,40372,0x21C0676C560,DXGI,0,0,0,Composed: Flip,27173.0946,NA,16.26900000000000,16.68320000000000,0.17900000000000,7.82220000000000,25.7647,27156.9854,16.2882,16.1092,0.1790,15.9456,7.9858,7.9621,0.0237,0.2504,27156.9854,NA
parkey.exe,40372,0x21C0676C560,DXGI,0,0,0,Composed: Flip,27189.3256,NA,16.23100000000000,16.69200000000000,0.14690000000000,6.44750000000000,26.2257,27173.2736,16.1989,16.0520,0.1469,15.9225,6.5770,6.5562,0.0208,-0.4038,27173.2736,NA
parkey.exe,40372,0x21C0676C560,DXGI,0,0,0,Composed: Flip,27206.2937,NA,16.96810000000000,16.67280000000000,0.15650000000000,6.43960000000000,25.9304,27189.4725,16.9777,16.8212,0.1565,16.6600,6.6008,6.5785,0.0223,-0.4739,27189.4725,NA
parkey.exe,40372,0x21C0676C560,DXGI,0,0,0,Composed: Flip,27223.0131,NA,16.71940000000000,16.68470000000000,0.14630000000000,7.72550000000000,25.8957,27206.4502,16.7092,16.5629,0.1463,16.3991,7.8893,7.8630,0.0263,0.2930,27206.4502,NA
parkey.exe,40372,0x21C0676C560,DXGI,0,0,0,Composed: Flip,27239.3897,NA,16.37660000000000,9.21390000000000,0.14890000000000,6.31770000000000,18.7330,27223.1594,16.3792,16.2303,0.1489,16.0799,6.4681,6.4454,0.0227,7.4953,27223.1594,NA
parkey.exe,40372,0x21C0676C560,DXGI,0,0,0,Composed: Flip,27255.9549,NA,16.56520000000000,24.13700000000000,0.13830000000000,6.44240000000000,26.3048,27239.5386,16.5546,16.4163,0.1383,16.2923,6.5664,6.5417,0.0247,-7.7578,27239.5386,NA
parkey.exe,40372,0x21C0676C560,DXGI,0,0,0,Composed: Flip,27272.9593,NA,17.00440000000000,16.68800000000000,0.14560000000000,6.68220000000000,25.9884,27256.0932,17.0117,16.8661,0.1456,16.6994,6.8489,6.8247,0.0242,-0.1334,27256.0932,NA
parkey.exe,40372,0x21C0676C560,DXGI,0,0,0,Composed: Flip,27289.3565,NA,16.39720000000000,16.67230000000000,0.15490000000000,6.42000000000000,26.2635,27273.1049,16.4065,16.2516,0.1549,16.1147,6.5569,6.5351,0.0218,0.3394,27273.1049,NA
parkey.exe,40372,0x21C0676C560,DXGI,0,0,0,Composed: Flip,27306.1410,NA,16.78450000000000,16.69170000000000,0.14260000000000,7.73560000000000,26.1707,27289.5114,16.7722,16.6296,0.1426,16.4958,7.8694,7.8492,0.0202,-0.2852,27289.5114,NA
parkey.exe,40372,0x21C0676C560,DXGI,0,0,0,Composed: Flip,27322.8397,NA,16.69870000000000,16.68720000000000,0.12960000000000,6.31870000000000,26.1592,27306.2836,16.6857,16.5561,0.1296,16.4175,6.4573,6.4364,0.0209,0.0850,27306.2836,NA
parkey.exe,40372,0x21C0676C560,DXGI,0,0,0,Composed: Flip,27339.5026,NA,16.66290000000000,16.66610000000000,0.13300000000000,7.89680000000000,26.1624,27322.9693,16.6663,16.5333,0.1330,16.3933,8.0368,8.0146,0.0222,0.0196,27322.9693,NA
parkey.exe,40372,0x21C0676C560,DXGI,0,0,0,Composed: Flip,27356.2527,NA,16.75010000000000,16.69130000000000,0.18940000000000,6.68520000000000,26.1036,27339.6356,16.8065,16.6171,0.1894,16.4337,6.8686,6.8447,0.0239,-0.0250,27339.6356,NA
parkey.exe,40372,0x21C0676C560,DXGI,0,0,0,Composed: Flip,27372.9722,NA,16.71950000000000,16.67580000000000,0.15780000000000,6.39100000000000,26.0599,27356.4421,16.6879,16.5301,0.1578,16.3585,6.5626,6.5417,0.0209,0.1307,27356.4421,NA
parkey.exe,40372,0x21C0676C560,DXGI,0,0,0,Composed: Flip,27389.8951,NA,16.92290000000000,16.67350000000000,0.18060000000000,6.38140000000000,25.8105,27373.1300,16.9457,16.7651,0.1806,16.5936,6.5529,6.5297,0.0232,0.0144,27373.1300,NA
parkey.exe,40372,0x21C0676C560,DXGI,0,0,0,Composed: Flip,27406.2050,NA,16.30990000000000,9.10840000000000,0.13780000000000,6.37230000000000,18.6090,27390.0757,16.2671,16.1293,0.1378,15.9914,6.5102,6.4893,0.0209,7.8373,27390.0757,NA
parkey.exe,40372,0x21C0676C560,DXGI,0,0,0,Composed: Flip,27422.8091,NA,16.60410000000000,24.25890000000000,0.15710000000000,6.43570000000000,26.2638,27406.3428,16.6234,16.4663,0.1571,16.3305,6.5715,6.5491,0.0224,-7.9918,27406.3428,NA
parkey.exe,40372,0x21C0676C560,DXGI,0,0,0,Composed: Flip,27439.4866,NA,16.67750000000000,16.67690000000000,0.15150000000000,7.14720000000000,26.2632,27422.9662,16.6719,16.5204,0.1515,16.3250,7.3426,7.3192,0.0234,-0.0535,27422.9662,NA
parkey.exe,40372,0x21C0676C560,DXGI,0,0,0,Composed: Flip,27456.0843,NA,16.59770000000000,16.67200000000000,0.14880000000000,6.42050000000000,26.3375,27439.6381,16.5950,16.4462,0.1488,16.2900,6.5767,6.5543,0.0224,-0.0001,27439.6381,NA
parkey.exe,40372,0x21C0676C560,DXGI,0,0,0,Composed: Flip,27472.7689,NA,16.68460000000000,16.68840000000000,0.12940000000000,7.70830000000000,26.3413,27456.2331,16.6652,16.5358,0.1294,16.3791,7.8650,7.8396,0.0254,-0.0934,27456.2331,NA
parkey.exe,40372,0x21C0676C560,DXGI,0,0,0,Composed: Flip,27489.3202,NA,16.55130000000000,9.05220000000000,0.14070000000000,6.45730000000000,18.8422,27472.8983,16.5626,16.4219,0.1407,16.3076,6.5716,6.5477,0.0239,7.6130,27472.8983,NA
parkey.exe,40372,0x21C0676C560,DXGI,0,0,0,Composed: Flip,27505.9969,NA,16.67670000000000,24.30080000000000,0.13900000000000,6.46950000000000,26.4663,27489.4609,16.6750,16.5360,0.1390,16.4052,6.6003,6.5805,0.0198,-7.7382,27489.4609,NA
parkey.exe,40372,0x21C0676C560,DXGI,0,0,0,Composed: Flip,27522.6285,NA,16.63160000000000,16.68140000000000,0.13850000000000,9.04330000000000,26.5161,27506.1359,16.6311,16.4926,0.1385,16.3603,9.1756,9.1565,0.0191,-0.0064,27506.1359,NA
parkey.exe,40372,0x21C0676C560,DXGI,0,0,0,Composed: Flip,27539.3616,NA,16.73310000000000,16.67870000000000,0.15950000000000,6.45000000000000,26.4617,27522.7670,16.7541,16.5946,0.1595,16.4624,6.5822,6.5602,0.0220,-0.0476,27522.7670,NA
parkey.exe,40372,0x21C0676C560,DXGI,0,0,0,Composed: Flip,27555.9805,NA,16.61890000000000,16.68890000000000,0.13870000000000,7.77130000000000,26.5317,27539.5211,16.5981,16.4594,0.1387,16.3370,7.8937,7.8631,0.0306,0.0652,27539.5211,NA
parkey.exe,40372,0x21C0676C560,DXGI,0,0,0,Composed: Flip,27572.8173,NA,16.83680000000000,16.67490000000000,0.17020000000000,6.32150000000000,26.3698,27556.1192,16.8683,16.6981,0.1702,16.5448,6.4748,6.4529,0.0219,-0.0768,27556.1192,NA
parkey.exe,40372,0x21C0676C560,DXGI,0,0,0,Composed: Flip,27589.3674,NA,16.55010000000000,16.67710000000000,0.13960000000000,6.43380000000000,26.4968,27572.9875,16.5195,16.3799,0.1396,16.2500,6.5637,6.5423,0.0214,0.1912,27572.9875,NA
parkey.exe,40372,0x21C0676C560,DXGI,0,0,0,Composed: Flip,27606.0497,NA,16.68230000000000,16.68480000000000,0.17230000000000,9.05850000000000,26.4993,27589.5070,16.7150,16.5427,0.1723,16.6198,8.9814,8.9615,0.0199,-0.1653,27589.5070,NA
parkey.exe,40372,0x21C0676C560,DXGI,0,0,0,Composed: Flip,27622.6265,NA,16.57680000000000,16.68010000000000,0.12200000000000,6.45850000000000,26.6026,27606.2220,16.5265,16.4045,0.1220,16.2863,6.5767,6.5560,0.0207,0.0349,27606.2220,NA
parkey.exe,40372,0x21C0676C560,DXGI,0,0,0,Composed: Flip,27639.3355,NA,16.70900000000000,16.71110000000000,0.13650000000000,7.75420000000000,26.6047,27622.7485,16.7235,16.5870,0.1365,16.4444,7.8968,7.8747,0.0221,-0.1846,27622.7485,NA
parkey.exe,40372,0x21C0676C560,DXGI,0,0,0,Composed: Flip,27656.1501,NA,16.81460000000000,16.65490000000000,0.12960000000000,6.48710000000000,26.4450,27639.4720,16.8077,16.6781,0.1296,16.5448,6.6204,6.5998,0.0206,0.0686,27639.4720,NA
parkey.exe,40372,0x21C0676C560,DXGI,0,0,0,Composed: Flip,27672.6999,NA,16.54980000000000,16.67520000000000,0.18020000000000,7.90590000000000,26.5704,27656.2797,16.6004,16.4202,0.1802,16.2932,8.0329,8.0097,0.0232,0.1325,27656.2797,NA
parkey.exe,40372,0x21C0676C560,DXGI,0,0,0,Composed: Flip,27689.3862,NA,16.68630000000000,16.68670000000000,0.14530000000000,8.15190000000000,26.5708,27672.8801,16.6514,16.5061,0.1453,16.3361,8.3219,8.2892,0.0327,-0.0863,27672.8801,NA
parkey.exe,40372,0x21C0676C560,DXGI,0,0,0,Composed: Flip,27706.1416,NA,16.75540000000000,16.68420000000000,0.13360000000000,6.47030000000000,26.4996,27689.5315,16.7437,16.6101,0.1336,16.4786,6.6018,6.5766,0.0252,-0.0328,27689.5315,NA
parkey.exe,40372,0x21C0676C560,DXGI,0,0,0,Composed: Flip,27722.6878,NA,16.54620000000000,16.67070000000000,0.14280000000000,7.75660000000000,26.6241,27706.2752,16.5554,16.4126,0.1428,16.2770,7.8922,7.8679,0.0243,0.0730,27706.2752,NA
parkey.exe,40372,0x21C0676C560,DXGI,0,0,0,Composed: Flip,27739.6505,NA,16.96270000000000,8.90280000000000,0.16990000000000,6.28290000000000,18.5642,27722.8306,16.9898,16.8199,0.1699,16.6598,6.4430,6.4229,0.0201,7.6526,27722.8306,NA
parkey.exe,40372,0x21C0676C560,DXGI,0,0,0,Composed: Flip,27756.3766,NA,16.72610000000000,24.45250000000000,0.15530000000000,8.08470000000000,26.2906,27739.8204,16.7115,16.5562,0.1553,16.3825,8.2584,8.2389,0.0195,-7.4627,27739.8204,NA
parkey.exe,40372,0x21C0676C560,DXGI,0,0,0,Composed: Flip,27772.7271,NA,16.35050000000000,16.68990000000000,0.15120000000000,9.04820000000000,26.6300,27756.5319,16.3464,16.1952,0.1512,16.0393,9.2041,9.1873,0.0168,0.0216,27756.5319,NA
parkey.exe,40372,0x21C0676C560,DXGI,0,0,0,Composed: Flip,27789.8044,NA,17.07730000000000,16.67600000000000,0.15420000000000,6.44320000000000,26.2287,27772.8783,17.0803,16.9261,0.1542,16.7932,6.5761,6.5525,0.0236,-0.3296,27772.8783,NA
parkey.exe,40372,0x21C0676C560,DXGI,0,0,0,Composed: Flip,27806.4771,NA,16.67270000000000,16.68280000000000,0.14850000000000,7.71190000000000,26.2388,27789.9586,16.6670,16.5185,0.1485,16.3428,7.8876,7.8266,0.0610,0.3975,27789.9586,NA
parkey.exe,40372,0x21C0676C560,DXGI,0,0,0,Composed: Flip,27822.9747,NA,16.49760000000000,16.67590000000000,0.17860000000000,6.29580000000000,26.4171,27806.6256,16.5277,16.3491,0.1786,16.1889,6.4560,6.4355,0.0205,-0.0089,27806.6256,NA
parkey.exe,40372,0x21C0676C560,DXGI,0,0,0,Composed: Flip,27839.5162,NA,16.54150000000000,16.67530000000000,0.14510000000000,7.81370000000000,26.5509,27823.1533,16.5080,16.3629,0.1451,16.2161,7.9605,7.9355,0.0250,-0.1476,27823.1533,NA
parkey.exe,40372,0x21C0676C560,DXGI,0,0,0,Composed: Flip,27856.0708,NA,16.55460000000000,16.69420000000000,0.21320000000000,8.92250000000000,26.6905,27839.6613,16.6227,16.4095,0.2132,16.2602,9.0718,9.0526,0.0192,-0.1862,27839.6613,NA
parkey.exe,40372,0x21C0676C560,DXGI,0,0,0,Composed: Flip,27872.8073,NA,16.73650000000000,16.70220000000000,0.14110000000000,6.41710000000000,26.6562,27856.2840,16.6644,16.5233,0.1411,16.3770,6.5634,6.5428,0.0206,-0.0795,27856.2840,NA
parkey.exe,40372,0x21C0676C560,DXGI,0,0,0,Composed: Flip,27889.4232,NA,16.61590000000000,16.65480000000000,0.13070000000000,6.43400000000000,26.6951,27872.9484,16.6055,16.4748,0.1307,16.3403,6.5685,6.5483,0.0202,0.0096,27872.9484,NA
parkey.exe,40372,0x21C0676C560,DXGI,0,0,0,Composed: Flip,27906.1648,NA,16.74160000000000,16.68070000000000,0.14350000000000,6.32420000000000,26.6342,27889.5539,16.7544,16.6109,0.1435,16.4581,6.4770,6.4599,0.0171,-0.0752,27889.5539,NA
parkey.exe,40372,0x21C0676C560,DXGI,0,0,0,Composed: Flip,27922.9122,NA,16.74740000000000,16.68510000000000,0.15430000000000,7.84700000000000,26.5719,27906.3083,16.7582,16.6039,0.1543,16.4500,8.0009,7.9760,0.0249,0.0693,27906.3083,NA
parkey.exe,40372,0x21C0676C560,DXGI,0,0,0,Composed: Flip,27939.6527,NA,16.74050000000000,16.67350000000000,0.16890000000000,9.05660000000000,26.5049,27923.0665,16.7551,16.5862,0.1689,16.4160,9.2268,9.2036,0.0232,0.0847,27923.0665,NA
parkey.exe,40372,0x21C0676C560,DXGI,0,0,0,Composed: Flip,27956.2756,NA,16.62290000000000,16.67970000000000,0.14230000000000,6.32000000000000,26.5617,27939.8216,16.5963,16.4540,0.1423,16.3054,6.4686,6.4441,0.0245,0.0754,27939.8216,NA
