Application,ProcessID,SwapChainAddress,PresentRuntime,SyncInterval,PresentFlags,AllowsTearing,PresentMode,TimeInMs,MsBetweenSimulationStart,MsBetweenPresents,MsBetweenDisplayChange,MsInPresentAPI,MsRenderPresentLatency,MsUntilDisplayed,CPUStartTimeInMs,MsBetweenAppStart,MsCPUBusy,MsCPUWait,MsGPULatency,MsGPUTime,MsGPUBusy,MsGPUWait,MsAnimationError,AnimationTime,MsFlipDelay
parkey.exe,33280,0x1FE6D6D9E00,DXGI,0,0,0,Composed: Flip,8021.9172,NA,8.51660000000000,20.71280000000000,0.12330000000000,8.22470000000000,17.5789,8013.5445,8.4960,8.3727,0.1233,8.0970,8.5004,8.4794,0.0210,4.0818,8013.5445,NA
parkey.exe,33280,0x1FE6D6D9E00,DXGI,0,0,0,Composed: Flip,8029.7691,NA,7.85190000000000,13.91030000000000,0.11590000000000,9.37410000000000,23.6373,8022.0405,7.8445,7.7286,0.1159,8.1330,8.9697,8.9354,0.0343,-5.4143,8022.0405,NA
parkey.exe,33280,0x1FE6D6D9E00,DXGI,0,0,0,Composed: Flip,8038.2394,NA,8.47030000000000,NA,0.14130000000000,9.14340000000000,NA,8029.8850,8.4957,8.3544,0.1413,9.2582,8.2396,8.2136,0.0260,NA,NA,NA
parkey.exe,33280,0x1FE6D6D9E00,DXGI,0,0,0,Composed: Flip,8046.2958,NA,8.05640000000000,13.88280000000000,0.10170000000000,9.92540000000000,20.9934,8038.3807,8.0168,7.9151,0.1017,9.0021,8.8384,8.8172,0.0212,2.4574,8038.3807,NA
parkey.exe,33280,0x1FE6D6D9E00,DXGI,0,0,0,Composed: Flip,8054.9241,NA,8.62830000000000,NA,0.12050000000000,8.69620000000000,NA,8046.3975,8.6471,8.5266,0.1205,9.8237,7.3991,7.3806,0.0185,NA,NA,NA
parkey.exe,33280,0x1FE6D6D9E00,DXGI,0,0,0,Composed: Flip,8063.4567,NA,8.53260000000000,13.88550000000000,0.12720000000000,8.11320000000000,17.7180,8055.0446,8.5393,8.4121,0.1272,8.6248,7.9005,7.8758,0.0247,2.7784,8055.0446,NA
parkey.exe,33280,0x1FE6D6D9E00,DXGI,0,0,0,Composed: Flip,8071.6347,NA,8.17800000000000,13.84620000000000,0.14350000000000,8.28670000000000,23.3862,8063.5839,8.1943,8.0508,0.1435,7.9860,8.3515,8.3196,0.0319,-5.3069,8063.5839,NA
parkey.exe,33280,0x1FE6D6D9E00,DXGI,0,0,0,Composed: Flip,8079.9754,NA,8.34070000000000,13.94490000000000,0.12520000000000,9.38480000000000,28.9904,8071.7782,8.3224,8.1972,0.1252,8.1722,9.4098,9.3715,0.0383,-5.7506,8071.7782,NA
parkey.exe,33280,0x1FE6D6D9E00,DXGI,0,0,0,Composed: Flip,8088.4922,NA,8.51680000000000,6.88830000000000,0.13290000000000,9.98480000000000,27.3619,8080.1006,8.5245,8.3916,0.1329,9.2596,9.1168,9.0881,0.0287,1.4341,8080.1006,NA
parkey.exe,33280,0x1FE6D6D9E00,DXGI,0,0,0,Composed: Flip,8096.7525,NA,8.26030000000000,6.96670000000000,0.11390000000000,10.72360000000000,26.0683,8088.6251,8.2413,8.1274,0.1139,9.8519,8.9991,8.9729,0.0262,1.5578,8088.6251,NA
parkey.exe,33280,0x1FE6D6D9E00,DXGI,0,0,0,Composed: Flip,8105.0171,NA,8.26460000000000,13.86860000000000,0.13120000000000,12.35320000000000,31.6723,8096.8664,8.2819,8.1507,0.1312,10.6097,9.8942,9.8743,0.0199,-5.6273,8096.8664,NA
parkey.exe,33280,0x1FE6D6D9E00,DXGI,0,0,0,Composed: Flip,8113.1697,NA,8.15260000000000,6.94600000000000,0.10330000000000,13.61900000000000,30.4657,8105.1483,8.1247,8.0214,0.1033,12.2220,9.4184,9.3812,0.0372,1.3359,8105.1483,NA
parkey.exe,33280,0x1FE6D6D9E00,DXGI,0,0,0,Composed: Flip,8121.5461,NA,8.37640000000000,7.01720000000000,0.14790000000000,15.13620000000000,29.1065,8113.2730,8.4210,8.2731,0.1479,13.5157,9.8936,9.8675,0.0261,1.1075,8113.2730,NA
parkey.exe,33280,0x1FE6D6D9E00,DXGI,0,0,0,Composed: Flip,8129.8641,NA,8.31800000000000,13.81970000000000,0.13500000000000,17.44670000000000,34.6082,8121.6940,8.3051,8.1701,0.1350,14.9883,10.6285,10.6066,0.0219,-5.3987,8121.6940,NA
parkey.exe,33280,0x1FE6D6D9E00,DXGI,0,0,0,Composed: Flip,8138.1368,NA,8.27270000000000,6.98800000000000,0.11100000000000,18.27270000000000,33.3235,8129.9991,8.2487,8.1377,0.1110,17.3117,9.0987,9.0717,0.0270,1.3171,8129.9991,NA
parkey.exe,33280,0x1FE6D6D9E00,DXGI,0,0,0,Composed: Flip,8147.9253,NA,9.78850000000000,13.90360000000000,0.10320000000000,18.83640000000000,37.4386,8138.2478,9.7807,9.6775,0.1032,18.1617,10.3522,10.3268,0.0254,-5.6549,8138.2478,NA
parkey.exe,33280,0x1FE6D6D9E00,DXGI,0,0,0,Composed: Flip,8157.3118,NA,9.38650000000000,6.90940000000000,0.12160000000000,18.46870000000000,34.9615,8148.0285,9.4049,9.2833,0.1216,18.7332,9.0188,8.9944,0.0244,2.8713,8148.0285,NA
parkey.exe,33280,0x1FE6D6D9E00,DXGI,0,0,0,Composed: Flip,8167.5279,NA,10.21610000000000,6.97570000000000,0.12940000000000,17.84880000000000,31.7211,8157.4334,10.2239,10.0945,0.1294,18.3471,9.5962,9.5689,0.0273,2.4292,8157.4334,NA
parkey.exe,33280,0x1FE6D6D9E00,DXGI,0,0,0,Composed: Flip,8176.3590,NA,8.83110000000000,13.83050000000000,0.09950000000000,18.02890000000000,36.7205,8167.6573,8.8012,8.7017,0.0995,17.7194,9.0112,8.9854,0.0258,-3.6066,8167.6573,NA
parkey.exe,33280,0x1FE6D6D9E00,DXGI,0,0,0,Composed: Flip,8185.6954,NA,9.33640000000000,6.94940000000000,0.10260000000000,18.76220000000000,34.3335,8176.4585,9.3395,9.2369,0.1026,17.9294,10.0697,9.9011,0.1686,1.8518,8176.4585,NA
parkey.exe,33280,0x1FE6D6D9E00,DXGI,0,0,0,Composed: Flip,8195.1706,NA,9.47520000000000,13.94530000000000,0.12810000000000,18.20930000000000,38.8036,8185.7980,9.5007,9.3726,0.1281,18.6596,8.9223,8.8930,0.0293,-4.6058,8185.7980,NA
parkey.exe,33280,0x1FE6D6D9E00,DXGI,0,0,0,Composed: Flip,8204.8528,NA,9.68220000000000,6.89280000000000,0.09470000000000,17.52430000000000,36.0142,8195.2987,9.6488,9.5541,0.0947,18.0812,8.9972,8.9665,0.0307,2.6079,8195.2987,NA
parkey.exe,33280,0x1FE6D6D9E00,DXGI,0,0,0,Composed: Flip,8213.8659,NA,9.01310000000000,6.94670000000000,0.09280000000000,18.17400000000000,33.9478,8204.9475,9.0112,8.9184,0.0928,17.4296,9.6628,9.6356,0.0272,2.7021,8204.9475,NA
parkey.exe,33280,0x1FE6D6D9E00,DXGI,0,0,0,Composed: Flip,8223.2433,NA,9.37740000000000,6.99880000000000,0.11880000000000,17.50940000000000,31.5692,8213.9587,9.4034,9.2846,0.1188,18.0812,8.7128,8.6834,0.0294,2.0124,8213.9587,NA
parkey.exe,33280,0x1FE6D6D9E00,DXGI,0,0,0,Composed: Flip,8232.4073,NA,9.16400000000000,13.87310000000000,0.09270000000000,17.14330000000000,36.2783,8223.3621,9.1379,9.0452,0.0927,17.3906,8.7979,8.7686,0.0293,-4.4697,8223.3621,NA
parkey.exe,33280,0x1FE6D6D9E00,DXGI,0,0,0,Composed: Flip,8241.2747,NA,8.86740000000000,6.93400000000000,0.13510000000000,17.15200000000000,34.3449,8232.5000,8.9098,8.7747,0.1351,17.0506,8.8761,8.8534,0.0227,2.2039,8232.5000,NA
parkey.exe,33280,0x1FE6D6D9E00,DXGI,0,0,0,Composed: Flip,8249.7934,NA,8.51870000000000,6.92050000000000,0.10220000000000,18.12640000000000,32.7467,8241.4098,8.4858,8.3836,0.1022,17.0169,9.4931,9.4712,0.0219,1.9893,8241.4098,NA
parkey.exe,33280,0x1FE6D6D9E00,DXGI,0,0,0,Composed: Flip,8259.2095,NA,9.41610000000000,13.95850000000000,0.09850000000000,17.16650000000000,37.2891,8249.8956,9.4124,9.3139,0.0985,18.0242,8.4562,8.4169,0.0393,-5.4727,8249.8956,NA
parkey.exe,33280,0x1FE6D6D9E00,DXGI,0,0,0,Composed: Flip,8268.3070,NA,9.09750000000000,6.96080000000000,0.11180000000000,16.87370000000000,35.1524,8259.3080,9.1108,8.9990,0.1118,17.0680,8.8047,8.7801,0.0246,2.4516,8259.3080,NA
parkey.exe,33280,0x1FE6D6D9E00,DXGI,0,0,0,Composed: Flip,8276.9146,NA,8.60760000000000,6.85950000000000,0.09650000000000,17.74710000000000,33.4043,8268.4188,8.5923,8.4958,0.0965,16.7619,9.4810,9.4527,0.0283,2.2513,8268.4188,NA
parkey.exe,33280,0x1FE6D6D9E00,DXGI,0,0,0,Composed: Flip,8285.4852,NA,8.57060000000000,13.95610000000000,0.09980000000000,18.19410000000000,38.7898,8277.0111,8.5739,8.4741,0.0998,17.6506,9.0176,8.9857,0.0319,-5.3638,8277.0111,NA
parkey.exe,33280,0x1FE6D6D9E00,DXGI,0,0,0,Composed: Flip,8294.8681,NA,9.38290000000000,6.88340000000000,0.08230000000000,18.42860000000000,36.2903,8285.5850,9.3654,9.2831,0.0823,18.0943,9.6174,9.5963,0.0211,1.6905,8285.5850,NA
parkey.exe,33280,0x1FE6D6D9E00,DXGI,0,0,0,Composed: Flip,8304.1816,NA,9.31350000000000,6.99600000000000,0.08480000000000,18.35880000000000,33.9728,8294.9504,9.3160,9.2312,0.0848,18.3463,9.2437,9.2233,0.0204,2.3694,8294.9504,NA
parkey.exe,33280,0x1FE6D6D9E00,DXGI,0,0,0,Composed: Flip,8313.6388,NA,9.45720000000000,13.88580000000000,0.11720000000000,18.42650000000000,38.4014,8304.2664,9.4896,9.3724,0.1172,18.2740,9.5249,9.5003,0.0246,-4.5698,8304.2664,NA
parkey.exe,33280,0x1FE6D6D9E00,DXGI,0,0,0,Composed: Flip,8322.9024,NA,9.26360000000000,6.91360000000000,0.08870000000000,19.29450000000000,36.0514,8313.7560,9.2351,9.1464,0.0887,18.3093,10.1316,10.1050,0.0266,2.5760,8313.7560,NA
parkey.exe,33280,0x1FE6D6D9E00,DXGI,0,0,0,Composed: Flip,8332.4591,NA,9.55670000000000,6.97810000000000,0.08380000000000,18.72450000000000,33.4728,8322.9911,9.5518,9.4680,0.0838,19.2058,8.9867,8.9624,0.0243,2.2570,8322.9911,NA
parkey.exe,33280,0x1FE6D6D9E00,DXGI,0,0,0,Composed: Flip,8342.3128,NA,9.85370000000000,13.90300000000000,0.09530000000000,18.14610000000000,37.5221,8332.5429,9.8652,9.7699,0.0953,18.6407,9.2753,9.2476,0.0277,-4.3512,8332.5429,NA
parkey.exe,33280,0x1FE6D6D9E00,DXGI,0,0,0,Composed: Flip,8351.6868,NA,9.37400000000000,6.88790000000000,0.12970000000000,18.01960000000000,35.0360,8342.4081,9.4084,9.2787,0.1297,18.0508,9.2475,9.2251,0.0224,2.9773,8342.4081,NA
parkey.exe,33280,0x1FE6D6D9E00,DXGI,0,0,0,Composed: Flip,8360.7448,NA,9.05800000000000,7.00500000000000,0.10660000000000,18.67610000000000,32.9830,8351.8165,9.0349,8.9283,0.1066,17.8899,9.7145,9.6908,0.0237,2.4034,8351.8165,NA
parkey.exe,33280,0x1FE6D6D9E00,DXGI,0,0,0,Composed: Flip,8370.0244,NA,9.27960000000000,13.90140000000000,0.10370000000000,18.33560000000000,37.6048,8360.8514,9.2767,9.1730,0.1037,18.5695,8.9391,8.9139,0.0252,-4.8665,8360.8514,NA
parkey.exe,33280,0x1FE6D6D9E00,DXGI,0,0,0,Composed: Flip,8380.1122,NA,10.08780000000000,6.87810000000000,0.13230000000000,17.41250000000000,34.3951,8370.1281,10.1164,9.9841,0.1323,18.2319,9.1647,9.1401,0.0246,2.3986,8370.1281,NA
parkey.exe,33280,0x1FE6D6D9E00,DXGI,0,0,0,Composed: Flip,8388.9100,NA,8.79780000000000,6.99650000000000,0.09320000000000,17.93980000000000,32.5938,8380.2445,8.7587,8.6655,0.0932,17.2802,9.3251,9.3003,0.0248,3.1199,8380.2445,NA
parkey.exe,33280,0x1FE6D6D9E00,DXGI,0,0,0,Composed: Flip,8397.9269,NA,9.01690000000000,13.94310000000000,0.10280000000000,18.45710000000000,37.5200,8389.0032,9.0265,8.9237,0.1028,17.8466,9.5342,9.5116,0.0226,-5.1844,8389.0032,NA
parkey.exe,33280,0x1FE6D6D9E00,DXGI,0,0,0,Composed: Flip,8407.4185,NA,9.49160000000000,6.84480000000000,0.10870000000000,17.41760000000000,34.8732,8398.0297,9.4975,9.3888,0.1087,18.3543,8.4521,8.4275,0.0246,2.1817,8398.0297,NA
parkey.exe,33280,0x1FE6D6D9E00,DXGI,0,0,0,Composed: Flip,8416.7299,NA,9.31140000000000,7.00050000000000,0.08390000000000,17.78440000000000,32.5623,8407.5272,9.2866,9.2027,0.0839,17.3089,9.6782,9.6515,0.0267,2.4970,8407.5272,NA
parkey.exe,33280,0x1FE6D6D9E00,DXGI,0,0,0,Composed: Flip,8425.5334,NA,8.80350000000000,13.89230000000000,0.09880000000000,17.92470000000000,37.6511,8416.8138,8.8184,8.7196,0.0988,17.7005,8.9438,8.9136,0.0302,-4.6057,8416.8138,NA
parkey.exe,33280,0x1FE6D6D9E00,DXGI,0,0,0,Composed: Flip,8435.1085,NA,9.57510000000000,6.95390000000000,0.11050000000000,17.08080000000000,35.0299,8425.6322,9.5868,9.4763,0.1105,17.8259,8.7312,8.7056,0.0256,1.8645,8425.6322,NA
parkey.exe,33280,0x1FE6D6D9E00,DXGI,0,0,0,Composed: Flip,8444.0210,NA,8.91250000000000,6.88390000000000,0.12760000000000,16.89490000000000,33.0013,8435.2190,8.9296,8.8020,0.1276,16.9703,8.7266,8.7001,0.0265,2.7029,8435.2190,NA
parkey.exe,33280,0x1FE6D6D9E00,DXGI,0,0,0,Composed: Flip,8452.4820,NA,8.46100000000000,6.94100000000000,0.08950000000000,16.91230000000000,31.4813,8444.1486,8.4229,8.3334,0.0895,16.7673,8.4784,8.4561,0.0223,1.9886,8444.1486,NA
parkey.exe,33280,0x1FE6D6D9E00,DXGI,0,0,0,Composed: Flip,8461.2756,NA,8.79360000000000,13.94660000000000,0.08170000000000,16.61760000000000,36.6343,8452.5715,8.7858,8.7041,0.0817,16.8228,8.4989,8.4698,0.0291,-5.5237,8452.5715,NA
parkey.exe,33280,0x1FE6D6D9E00,DXGI,0,0,0,Composed: Flip,8469.7306,NA,8.45500000000000,6.93390000000000,0.11420000000000,17.16210000000000,35.1132,8461.3573,8.4875,8.3733,0.1142,16.5359,8.9995,8.9786,0.0209,1.8519,8461.3573,NA
parkey.exe,33280,0x1FE6D6D9E00,DXGI,0,0,0,Composed: Flip,8478.8222,NA,9.09160000000000,6.96130000000000,0.11140000000000,17.19040000000000,32.9829,8469.8448,9.0888,8.9774,0.1114,17.0479,9.1199,9.0920,0.0279,1.5262,8469.8448,NA
parkey.exe,33280,0x1FE6D6D9E00,DXGI,0,0,0,Composed: Flip,8487.1778,NA,8.35560000000000,13.95790000000000,0.09590000000000,18.17860000000000,38.5852,8478.9336,8.3401,8.2442,0.0959,17.0790,9.3438,9.3133,0.0305,-4.8691,8478.9336,NA
parkey.exe,33280,0x1FE6D6D9E00,DXGI,0,0,0,Composed: Flip,8496.3947,NA,9.21690000000000,6.86930000000000,0.08060000000000,17.93090000000000,36.2376,8487.2737,9.2016,9.1210,0.0806,18.0827,8.9692,8.9453,0.0239,1.4708,8487.2737,NA
parkey.exe,33280,0x1FE6D6D9E00,DXGI,0,0,0,Composed: Flip,8504.7420,NA,8.34730000000000,6.90010000000000,0.14030000000000,18.54750000000000,34.7904,8496.4753,8.4070,8.2667,0.1403,17.8503,8.9639,8.9375,0.0264,2.3015,8496.4753,NA
parkey.exe,33280,0x1FE6D6D9E00,DXGI,0,0,0,Composed: Flip,8514.7797,NA,10.03770000000000,13.92880000000000,0.09240000000000,17.86400000000000,38.6815,8504.8823,9.9898,9.8974,0.0924,18.4072,9.3542,9.3234,0.0308,-5.5218,8504.8823,NA
parkey.exe,33280,0x1FE6D6D9E00,DXGI,0,0,0,Composed: Flip,8523.9217,NA,9.14200000000000,6.95310000000000,0.10270000000000,17.75240000000000,36.4926,8514.8721,9.1523,9.0496,0.1027,17.7716,9.0304,9.0057,0.0247,3.0367,8514.8721,NA
parkey.exe,33280,0x1FE6D6D9E00,DXGI,0,0,0,Composed: Flip,8532.9233,NA,9.00160000000000,6.89840000000000,0.11960000000000,17.89050000000000,34.3894,8524.0244,9.0185,8.8989,0.1196,17.6497,9.1397,9.1120,0.0277,2.2539,8524.0244,NA
parkey.exe,33280,0x1FE6D6D9E00,DXGI,0,0,0,Composed: Flip,8541.9677,NA,9.04440000000000,7.00690000000000,0.10430000000000,18.23450000000000,32.3519,8533.0429,9.0291,8.9248,0.1043,17.7709,9.3884,9.3611,0.0273,2.0116,8533.0429,NA
parkey.exe,33280,0x1FE6D6D9E00,DXGI,0,0,0,Composed: Flip,8551.2347,NA,9.26700000000000,NA,0.10170000000000,17.49440000000000,NA,8542.0720,9.2644,9.1627,0.1017,18.1302,8.5269,8.4977,0.0292,NA,NA,NA
parkey.exe,33280,0x1FE6D6D9E00,DXGI,0,0,0,Composed: Flip,8560.1383,NA,8.90360000000000,13.87440000000000,0.10450000000000,18.27780000000000,28.0557,8551.3364,8.9064,8.8019,0.1045,17.3927,9.6870,9.6606,0.0264,4.4191,8551.3364,NA
parkey.exe,33280,0x1FE6D6D9E00,DXGI,0,0,0,Composed: Flip,8569.2201,NA,9.08180000000000,13.89910000000000,0.11150000000000,17.74640000000000,32.8730,8560.2428,9.0888,8.9773,0.1115,18.1733,8.5504,8.5244,0.0260,-4.9927,8560.2428,NA
parkey.exe,33280,0x1FE6D6D9E00,DXGI,0,0,0,Composed: Flip,8579.0042,NA,9.78410000000000,NA,0.11350000000000,17.58740000000000,NA,8569.3316,9.7861,9.6726,0.1135,17.6349,9.6251,9.3467,0.2784,NA,NA,NA
parkey.exe,33280,0x1FE6D6D9E00,DXGI,0,0,0,Composed: Flip,8587.6783,NA,8.67410000000000,13.89390000000000,0.10290000000000,18.08260000000000,28.3087,8579.1177,8.6635,8.5606,0.1029,17.4739,9.1693,9.1494,0.0199,4.9810,8579.1177,NA
parkey.exe,33280,0x1FE6D6D9E00,DXGI,0,0,0,Composed: Flip,8597.3294,NA,9.65110000000000,NA,0.10610000000000,16.98350000000000,NA,8587.7812,9.6543,9.5482,0.1061,17.9797,8.5520,8.5212,0.0308,NA,NA,NA
parkey.exe,33280,0x1FE6D6D9E00,DXGI,0,0,0,Composed: Flip,8606.3964,NA,9.06700000000000,NA,0.10440000000000,17.02070000000000,NA,8597.4355,9.0653,8.9609,0.1044,16.8774,9.1042,9.0811,0.0231,NA,NA,NA
parkey.exe,33280,0x1FE6D6D9E00,DXGI,0,0,0,Composed: Flip,8614.9504,NA,8.55400000000000,27.78080000000000,0.09530000000000,16.66220000000000,28.8174,8606.5008,8.5449,8.4496,0.0953,16.9163,8.1955,8.1723,0.0232,-0.3977,8606.5008,NA
parkey.exe,33280,0x1FE6D6D9E00,DXGI,0,0,0,Composed: Flip,8623.5178,NA,8.56740000000000,NA,0.11560000000000,16.28260000000000,NA,8615.0457,8.5877,8.4721,0.1156,16.5669,8.1878,8.1669,0.0209,NA,NA,NA
parkey.exe,33280,0x1FE6D6D9E00,DXGI,0,0,0,Composed: Flip,8632.1334,NA,8.61560000000000,NA,0.10830000000000,16.51900000000000,NA,8623.6334,8.6083,8.5000,0.1083,16.1670,8.8520,8.8307,0.0213,NA,NA,NA
parkey.exe,33280,0x1FE6D6D9E00,DXGI,0,0,0,Composed: Flip,8640.7889,NA,8.65550000000000,20.78150000000000,0.11190000000000,16.69930000000000,23.7604,8632.2417,8.6591,8.5472,0.1119,16.4107,8.8358,8.8075,0.0283,4.9594,8632.2417,NA
parkey.exe,33280,0x1FE6D6D9E00,DXGI,0,0,0,Composed: Flip,8649.0045,NA,8.21560000000000,13.95180000000000,0.08750000000000,16.67890000000000,29.4966,8640.9008,8.1912,8.1037,0.0875,16.5874,8.1952,8.1649,0.0303,-5.2927,8640.9008,NA
parkey.exe,33280,0x1FE6D6D9E00,DXGI,0,0,0,Composed: Flip,8658.1693,NA,9.16480000000000,NA,0.11200000000000,15.68490000000000,NA,8649.0920,9.1893,9.0773,0.1120,16.5914,8.1708,8.1459,0.0249,NA,NA,NA
parkey.exe,33280,0x1FE6D6D9E00,DXGI,0,0,0,Composed: Flip,8666.1399,NA,7.97060000000000,13.88370000000000,0.09920000000000,16.57100000000000,26.2449,8658.2813,7.9578,7.8586,0.0992,15.5729,8.8567,8.8292,0.0275,3.4968,8658.2813,NA
parkey.exe,33280,0x1FE6D6D9E00,DXGI,0,0,0,Composed: Flip,8674.7575,NA,8.61760000000000,13.84810000000000,0.11320000000000,16.08180000000000,31.4754,8666.2391,8.6316,8.5184,0.1132,16.4718,8.1284,8.0994,0.0290,-5.8903,8666.2391,NA
parkey.exe,33280,0x1FE6D6D9E00,DXGI,0,0,0,Composed: Flip,8683.1229,NA,8.36540000000000,13.92090000000000,0.09860000000000,16.66420000000000,37.0309,8674.8707,8.3508,8.2522,0.0986,15.9686,8.9478,8.9230,0.0248,-5.2893,8674.8707,NA
parkey.exe,33280,0x1FE6D6D9E00,DXGI,0,0,0,Composed: Flip,8691.7436,NA,8.62070000000000,NA,0.13080000000000,16.60850000000000,NA,8683.2215,8.6529,8.5221,0.1308,16.5656,8.5650,8.5432,0.0218,NA,NA,NA
parkey.exe,33280,0x1FE6D6D9E00,DXGI,0,0,0,Composed: Flip,8700.1102,NA,8.36660000000000,6.95240000000000,0.10310000000000,17.03620000000000,26.9960,8691.8744,8.3389,8.2358,0.1031,16.4777,8.7943,8.7731,0.0212,10.0513,8691.8744,NA
parkey.exe,33280,0x1FE6D6D9E00,DXGI,0,0,0,Composed: Flip,8709.0078,NA,8.89760000000000,13.84380000000000,0.10660000000000,16.34780000000000,31.9422,8700.2133,8.9011,8.7945,0.1066,16.9331,8.2092,8.1827,0.0265,-5.5049,8700.2133,NA
parkey.exe,33280,0x1FE6D6D9E00,DXGI,0,0,0,Composed: Flip,8717.5733,NA,8.56550000000000,NA,0.09140000000000,16.82150000000000,NA,8709.1144,8.5503,8.4589,0.0914,16.2412,9.0392,9.0170,0.0222,NA,NA,NA
parkey.exe,33280,0x1FE6D6D9E00,DXGI,0,0,0,Composed: Flip,8726.2936,NA,8.72030000000000,13.95770000000000,0.10990000000000,16.90360000000000,28.6141,8717.6647,8.7388,8.6289,0.1099,16.7301,8.8024,8.7725,0.0299,3.4937,8717.6647,NA
parkey.exe,33280,0x1FE6D6D9E00,DXGI,0,0,0,Composed: Flip,8734.5149,NA,8.22130000000000,13.83050000000000,0.11110000000000,16.83940000000000,34.2233,8726.4035,8.2225,8.1114,0.1111,16.7937,8.1571,8.1302,0.0269,-5.0917,8726.4035,NA
parkey.exe,33280,0x1FE6D6D9E00,DXGI,0,0,0,Composed: Flip,8743.3686,NA,8.85370000000000,NA,0.11370000000000,16.37330000000000,NA,8734.6260,8.8563,8.7426,0.1137,16.7283,8.3876,8.3657,0.0219,NA,NA,NA
parkey.exe,33280,0x1FE6D6D9E00,DXGI,0,0,0,Composed: Flip,8751.8670,NA,8.49840000000000,7.01290000000000,0.10970000000000,15.44440000000000,23.8841,8743.4823,8.4944,8.3847,0.1097,16.2596,7.5695,7.5452,0.0243,10.0659,8743.4823,NA
parkey.exe,33280,0x1FE6D6D9E00,DXGI,0,0,0,Composed: Flip,8760.3826,NA,8.51560000000000,13.87420000000000,0.10540000000000,15.38230000000000,29.2427,8751.9767,8.5113,8.4059,0.1054,15.3552,8.4330,8.4118,0.0212,-5.3798,8751.9767,NA
parkey.exe,33280,0x1FE6D6D9E00,DXGI,0,0,0,Composed: Flip,8768.0679,NA,7.68530000000000,NA,0.08750000000000,15.62270000000000,NA,8760.4880,7.6674,7.5799,0.0875,15.2769,7.9257,7.8983,0.0274,NA,NA,NA
parkey.exe,33280,0x1FE6D6D9E00,DXGI,0,0,0,Composed: Flip,8775.8179,NA,7.75000000000000,13.92180000000000,0.10570000000000,16.46630000000000,27.7292,8768.1554,7.7682,7.6625,0.1057,15.5352,8.5936,8.5706,0.0230,2.2569,8768.1554,NA
parkey.exe,33280,0x1FE6D6D9E00,DXGI,0,0,0,Composed: Flip,8784.4353,NA,8.61740000000000,NA,0.09820000000000,15.42390000000000,NA,8775.9236,8.6099,8.5117,0.0982,16.3606,7.5750,7.5517,0.0233,NA,NA,NA
parkey.exe,33280,0x1FE6D6D9E00,DXGI,0,0,0,Composed: Flip,8793.2805,NA,8.84520000000000,NA,0.10950000000000,14.07340000000000,NA,8784.5335,8.8565,8.7470,0.1095,15.3548,7.4656,7.4378,0.0278,NA,NA,NA
parkey.exe,33280,0x1FE6D6D9E00,DXGI,0,0,0,Composed: Flip,8800.7311,NA,7.45060000000000,20.81880000000000,0.09990000000000,13.58570000000000,23.6348,8793.3900,7.4410,7.3411,0.0999,13.9639,6.9629,6.9413,0.0216,4.4158,8793.3900,NA
parkey.exe,33280,0x1FE6D6D9E00,DXGI,0,0,0,Composed: Flip,8808.0796,NA,7.34850000000000,NA,0.10500000000000,12.88540000000000,NA,8800.8310,7.3536,7.2486,0.1050,13.5227,6.6113,6.5808,0.0305,NA,NA,NA
parkey.exe,33280,0x1FE6D6D9E00,DXGI,0,0,0,Composed: Flip,8815.2578,NA,7.17820000000000,13.90950000000000,0.11790000000000,14.07800000000000,23.0176,8808.1846,7.1911,7.0732,0.1179,12.7804,8.3708,8.3482,0.0226,0.8851,8808.1846,NA
parkey.exe,33280,0x1FE6D6D9E00,DXGI,0,0,0,Composed: Flip,8822.0507,NA,6.79290000000000,NA,0.10480000000000,14.39620000000000,NA,8815.3757,6.7798,6.6750,0.1048,13.9601,7.1111,7.0909,0.0202,NA,NA,NA
parkey.exe,33280,0x1FE6D6D9E00,DXGI,0,0,0,Composed: Flip,8830.0153,NA,7.96460000000000,NA,0.11110000000000,15.02490000000000,NA,8822.1555,7.9709,7.8598,0.1111,14.3141,8.5706,8.5378,0.0328,NA,NA,NA
parkey.exe,33280,0x1FE6D6D9E00,DXGI,0,0,0,Composed: Flip,8837.2982,NA,7.28290000000000,20.79680000000000,0.12570000000000,13.28800000000000,21.7740,8830.1264,7.2975,7.1718,0.1257,14.9138,5.5460,5.5220,0.0240,1.1450,8830.1264,NA
parkey.exe,33280,0x1FE6D6D9E00,DXGI,0,0,0,Composed: Flip,8845.8338,NA,8.53560000000000,NA,0.11120000000000,12.88740000000000,NA,8837.4239,8.5211,8.4099,0.1112,13.1923,8.1050,8.0852,0.0198,NA,NA,NA
parkey.exe,33280,0x1FE6D6D9E00,DXGI,0,0,0,Composed: Flip,8851.7066,NA,5.87280000000000,NA,0.09260000000000,12.91840000000000,NA,8845.9450,5.8542,5.7616,0.0926,12.7762,5.9038,5.8790,0.0248,NA,NA,NA
parkey.exe,33280,0x1FE6D6D9E00,DXGI,0,0,0,Composed: Flip,8860.5637,NA,8.85710000000000,NA,0.12040000000000,10.46650000000000,NA,8851.7992,8.8849,8.7645,0.1204,12.8565,6.3745,6.3520,0.0225,NA,NA,NA
parkey.exe,33280,0x1FE6D6D9E00,DXGI,0,0,0,Composed: Flip,8868.4352,NA,7.87150000000000,27.80090000000000,0.09400000000000,9.66470000000000,18.4379,8860.6841,7.8451,7.7511,0.0940,10.3461,7.0697,7.0420,0.0277,2.7568,8860.6841,NA
parkey.exe,33280,0x1FE6D6D9E00,DXGI,0,0,0,Composed: Flip,8877.1168,NA,8.68160000000000,NA,0.14130000000000,7.55120000000000,NA,8868.5292,8.7289,8.5876,0.1413,9.6028,6.5360,6.5129,0.0231,NA,NA,NA
parkey.exe,33280,0x1FE6D6D9E00,DXGI,0,0,0,Composed: Flip,8885.0934,NA,7.97660000000000,13.90080000000000,0.12400000000000,8.06430000000000,15.6805,8877.2581,7.9593,7.8353,0.1240,7.7144,8.1852,8.1637,0.0215,2.6732,8877.2581,NA
parkey.exe,33280,0x1FE6D6D9E00,DXGI,0,0,0,Composed: Flip,8894.2718,NA,9.17840000000000,13.90090000000000,0.13520000000000,6.49900000000000,20.4030,8885.2174,9.1896,9.0544,0.1352,8.8165,6.7369,6.7190,0.0179,-5.9416,8885.2174,NA
parkey.exe,33280,0x1FE6D6D9E00,DXGI,0,0,0,Composed: Flip,8902.0409,NA,7.76910000000000,13.86300000000000,0.10490000000000,8.07690000000000,26.4969,8894.4070,7.7388,7.6339,0.1049,7.5272,8.1836,8.1551,0.0285,-4.6734,8894.4070,NA
parkey.exe,33280,0x1FE6D6D9E00,DXGI,0,0,0,Composed: Flip,8910.7998,NA,8.75890000000000,6.95510000000000,0.15540000000000,7.67290000000000,24.6931,8902.1458,8.8094,8.6540,0.1554,8.4725,7.8544,7.8337,0.0207,0.7837,8902.1458,NA
parkey.exe,33280,0x1FE6D6D9E00,DXGI,0,0,0,Composed: Flip,8918.8549,NA,8.05510000000000,6.89860000000000,0.12600000000000,7.94590000000000,23.5366,8910.9552,8.0257,7.8997,0.1260,7.7913,8.0543,8.0319,0.0224,1.9108,8910.9552,NA
parkey.exe,33280,0x1FE6D6D9E00,DXGI,0,0,0,Composed: Flip,8927.4113,NA,8.55640000000000,6.99620000000000,0.14470000000000,7.42130000000000,21.9764,8918.9809,8.5751,8.4304,0.1447,8.2570,7.5947,7.5702,0.0245,1.0295,8918.9809,NA
parkey.exe,33280,0x1FE6D6D9E00,DXGI,0,0,0,Composed: Flip,8935.4056,NA,7.99430000000000,13.89020000000000,0.17290000000000,8.22120000000000,27.8723,8927.5560,8.0225,7.8496,0.1729,7.7480,8.3228,8.2862,0.0366,-5.3151,8927.5560,NA
parkey.exe,33280,0x1FE6D6D9E00,DXGI,0,0,0,Composed: Flip,8944.0954,NA,8.68980000000000,6.94340000000000,0.18050000000000,8.30700000000000,26.1259,8935.5785,8.6974,8.5169,0.1805,8.3615,8.4624,8.4432,0.0192,1.0791,8935.5785,NA
parkey.exe,33280,0x1FE6D6D9E00,DXGI,0,0,0,Composed: Flip,8952.2812,NA,8.18580000000000,6.95920000000000,0.09970000000000,8.71170000000000,24.8993,8944.2759,8.1050,8.0053,0.0997,8.1265,8.5905,8.5611,0.0294,1.7382,8944.2759,NA
parkey.exe,33280,0x1FE6D6D9E00,DXGI,0,0,0,Composed: Flip,8960.7885,NA,8.50730000000000,6.87190000000000,0.14850000000000,8.25870000000000,23.2639,8952.3809,8.5561,8.4076,0.1485,8.6120,8.0543,8.0351,0.0192,1.2331,8952.3809,NA
parkey.exe,33280,0x1FE6D6D9E00,DXGI,0,0,0,Composed: Flip,8968.7691,NA,7.98060000000000,13.95310000000000,0.10220000000000,8.88670000000000,29.2364,8960.9370,7.9343,7.8321,0.1022,8.1102,8.6086,8.5867,0.0219,-5.3970,8960.9370,NA
parkey.exe,33280,0x1FE6D6D9E00,DXGI,0,0,0,Composed: Flip,8977.5442,NA,8.77510000000000,6.94290000000000,0.16530000000000,8.05390000000000,27.4042,8968.8713,8.8382,8.6729,0.1653,8.7845,7.9423,7.9108,0.0315,0.9914,8968.8713,NA
parkey.exe,33280,0x1FE6D6D9E00,DXGI,0,0,0,Composed: Flip,8985.8338,NA,8.28960000000000,6.95730000000000,0.13850000000000,8.84900000000000,26.0719,8977.7095,8.2628,8.1243,0.1385,7.9726,9.0007,8.9796,0.0211,1.8809,8977.7095,NA
parkey.exe,33280,0x1FE6D6D9E00,DXGI,0,0,0,Composed: Flip,8994.1682,NA,8.33440000000000,6.88170000000000,0.14630000000000,8.69330000000000,24.6192,8985.9723,8.3422,8.1959,0.1463,8.7105,8.1787,8.1555,0.0232,1.3811,8985.9723,NA
parkey.exe,33280,0x1FE6D6D9E00,DXGI,0,0,0,Composed: Flip,9002.3890,NA,8.22080000000000,6.93730000000000,0.14000000000000,9.05330000000000,23.3357,8994.3145,8.2145,8.0745,0.1400,8.5470,8.5808,8.5588,0.0220,1.4049,8994.3145,NA
parkey.exe,33280,0x1FE6D6D9E00,DXGI,0,0,0,Composed: Flip,9010.7150,NA,8.32600000000000,13.95480000000000,0.14170000000000,8.63500000000000,28.9645,9002.5290,8.3277,8.1860,0.1417,8.9133,7.9077,7.8807,0.0270,-5.7403,9002.5290,NA
parkey.exe,33280,0x1FE6D6D9E00,DXGI,0,0,0,Composed: Flip,9018.9209,NA,8.20590000000000,6.93410000000000,0.11580000000000,8.09260000000000,27.6927,9010.8567,8.1800,8.0642,0.1158,8.4933,7.6635,7.6481,0.0154,1.3936,9010.8567,NA
parkey.exe,33280,0x1FE6D6D9E00,DXGI,0,0,0,Composed: Flip,9027.3669,NA,8.44600000000000,6.98110000000000,0.13750000000000,7.59960000000000,26.2278,9019.0367,8.4677,8.3302,0.1375,8.1768,7.7530,7.7326,0.0204,1.1989,9019.0367,NA
parkey.exe,33280,0x1FE6D6D9E00,DXGI,0,0,0,Composed: Flip,9035.8108,NA,8.44390000000000,6.91950000000000,0.10430000000000,7.85720000000000,24.7034,9027.5044,8.4107,8.3064,0.1043,8.1196,8.0440,8.0084,0.0356,1.5482,9027.5044,NA
parkey.exe,33280,0x1FE6D6D9E00,DXGI,0,0,0,Composed: Flip,9043.8518,NA,8.04100000000000,6.88240000000000,0.12020000000000,7.94210000000000,23.5448,9035.9151,8.0569,7.9367,0.1202,7.8101,8.0687,8.0387,0.0300,1.5283,9035.9151,NA
parkey.exe,33280,0x1FE6D6D9E00,DXGI,0,0,0,Composed: Flip,9052.0217,NA,8.16990000000000,7.00120000000000,0.12210000000000,7.47070000000000,22.3761,9043.9720,8.1718,8.0497,0.1221,7.9476,7.5728,7.5530,0.0198,1.0557,9043.9720,NA
parkey.exe,33280,0x1FE6D6D9E00,DXGI,0,0,0,Composed: Flip,9060.4075,NA,8.38580000000000,13.83610000000000,0.20540000000000,7.39570000000000,27.8264,9052.1438,8.4691,8.2637,0.2054,8.1504,7.5090,7.4904,0.0186,-5.6643,9052.1438,NA
parkey.exe,33280,0x1FE6D6D9E00,DXGI,0,0,0,Composed: Flip,9068.6855,NA,8.27800000000000,NA,0.13810000000000,8.50290000000000,NA,9060.6129,8.2107,8.0726,0.1381,7.9546,8.6209,8.5998,0.0211,NA,NA,NA
parkey.exe,33280,0x1FE6D6D9E00,DXGI,0,0,0,Composed: Flip,9077.4300,NA,8.74450000000000,6.99130000000000,0.12210000000000,7.31630000000000,17.7952,9068.8236,8.7285,8.6064,0.1221,8.3824,7.5403,7.5177,0.0226,9.6885,9068.8236,NA
parkey.exe,33280,0x1FE6D6D9E00,DXGI,0,0,0,Composed: Flip,9085.4280,NA,7.99800000000000,NA,0.12510000000000,7.53730000000000,NA,9077.5521,8.0010,7.8759,0.1251,7.7085,7.7047,7.5886,0.1161,NA,NA,NA
parkey.exe,33280,0x1FE6D6D9E00,DXGI,0,0,0,Composed: Flip,9094.0508,NA,8.62280000000000,13.88670000000000,0.17590000000000,7.54370000000000,15.0611,9085.5531,8.6736,8.4977,0.1759,8.2860,7.7554,7.7358,0.0196,2.8428,9085.5531,NA
parkey.exe,33280,0x1FE6D6D9E00,DXGI,0,0,0,Composed: Flip,9102.0136,NA,7.96280000000000,13.93520000000000,0.14250000000000,8.14940000000000,21.0335,9094.2267,7.9294,7.7869,0.1425,7.6709,8.2654,8.2424,0.0230,-5.2616,9094.2267,NA
parkey.exe,33280,0x1FE6D6D9E00,DXGI,0,0,0,Composed: Flip,9110.7503,NA,8.73670000000000,NA,0.13900000000000,7.26260000000000,NA,9102.1561,8.7332,8.5942,0.1390,8.4206,7.4362,7.4125,0.0237,NA,NA,NA
parkey.exe,33280,0x1FE6D6D9E00,DXGI,0,0,0,Composed: Flip,9118.6706,NA,7.92030000000000,13.90250000000000,0.11380000000000,8.08360000000000,18.2790,9110.8893,7.8951,7.7813,0.1138,7.6779,8.1870,8.1583,0.0287,2.7601,9110.8893,NA
parkey.exe,33280,0x1FE6D6D9E00,DXGI,0,0,0,Composed: Flip,9127.3942,NA,8.72360000000000,NA,0.16910000000000,7.71800000000000,NA,9118.7844,8.7789,8.6098,0.1691,8.4480,7.8798,7.8545,0.0253,NA,NA,NA
parkey.exe,33280,0x1FE6D6D9E00,DXGI,0,0,0,Composed: Flip,9135.4403,NA,8.04610000000000,13.80870000000000,0.13430000000000,8.04990000000000,15.3180,9127.5633,8.0113,7.8770,0.1343,7.7604,8.1665,8.1445,0.0220,2.8653,9127.5633,NA
parkey.exe,33280,0x1FE6D6D9E00,DXGI,0,0,0,Composed: Flip,9144.1766,NA,8.73630000000000,13.93590000000000,0.14060000000000,7.50840000000000,20.5176,9135.5746,8.7426,8.6020,0.1406,8.4369,7.6735,7.6499,0.0236,-5.9246,9135.5746,NA
parkey.exe,33280,0x1FE6D6D9E00,DXGI,0,0,0,Composed: Flip,9151.9940,NA,7.81740000000000,NA,0.11640000000000,7.70460000000000,NA,9144.3172,7.7932,7.6768,0.1164,7.5694,7.8120,7.7862,0.0258,NA,NA,NA
parkey.exe,33280,0x1FE6D6D9E00,DXGI,0,0,0,Composed: Flip,9161.0557,NA,9.06170000000000,13.89000000000000,0.14490000000000,7.35630000000000,17.5285,9152.1104,9.0902,8.9453,0.1449,8.7687,7.5329,7.5094,0.0235,2.6458,9152.1104,NA
parkey.exe,33280,0x1FE6D6D9E00,DXGI,0,0,0,Composed: Flip,9168.7681,NA,7.71240000000000,13.84520000000000,0.10670000000000,8.15810000000000,23.6613,9161.2006,7.6742,7.5675,0.1067,7.4312,8.2944,8.2708,0.0236,-4.7550,9161.2006,NA
parkey.exe,33280,0x1FE6D6D9E00,DXGI,0,0,0,Composed: Flip,9177.9818,NA,9.21370000000000,6.93630000000000,0.17410000000000,7.56920000000000,21.3839,9168.8748,9.2811,9.1070,0.1741,8.8212,7.8550,7.8012,0.0538,0.7379,9168.8748,NA
parkey.exe,33280,0x1FE6D6D9E00,DXGI,0,0,0,Composed: Flip,9186.5467,NA,8.56490000000000,NA,0.20870000000000,8.38400000000000,NA,9178.1559,8.5995,8.3908,0.2087,8.1628,8.6120,8.5514,0.0606,NA,NA,NA
parkey.exe,33280,0x1FE6D6D9E00,DXGI,0,0,0,Composed: Flip,9194.4623,NA,7.91560000000000,13.95440000000000,0.15500000000000,7.79440000000000,18.8578,9186.7554,7.8619,7.7069,0.1550,8.1753,7.3260,7.3033,0.0227,3.9262,9186.7554,NA
parkey.exe,33280,0x1FE6D6D9E00,DXGI,0,0,0,Composed: Flip,9202.1770,NA,7.71470000000000,NA,0.28540000000000,7.63240000000000,NA,9194.6173,7.8451,7.5597,0.2854,7.6902,7.5019,7.4778,0.0241,NA,NA,NA
parkey.exe,33280,0x1FE6D6D9E00,DXGI,0,0,0,Composed: Flip,9210.8724,NA,8.69540000000000,13.87510000000000,0.14880000000000,7.06360000000000,16.3228,9202.4624,8.5588,8.4100,0.1488,8.2434,7.2302,7.2097,0.0205,1.8319,9202.4624,NA
parkey.exe,33280,0x1FE6D6D9E00,DXGI,0,0,0,Composed: Flip,9219.1617,NA,8.28930000000000,13.84940000000000,0.14510000000000,7.11050000000000,21.8829,9211.0212,8.2856,8.1405,0.1451,7.9358,7.3152,7.2856,0.0296,-5.2906,9211.0212,NA
parkey.exe,33280,0x1FE6D6D9E00,DXGI,0,0,0,Composed: Flip,9227.5420,NA,8.38030000000000,NA,0.17000000000000,6.55300000000000,NA,9219.3068,8.4052,8.2352,0.1700,8.0809,6.7073,6.6784,0.0289,NA,NA,NA
parkey.exe,33280,0x1FE6D6D9E00,DXGI,0,0,0,Composed: Flip,9236.3384,NA,8.79640000000000,NA,0.18590000000000,5.86430000000000,NA,9227.7120,8.8123,8.6264,0.1859,8.4537,6.0370,6.0115,0.0255,NA,NA,NA
parkey.exe,33280,0x1FE6D6D9E00,DXGI,0,0,0,Composed: Flip,9244.1180,NA,7.77960000000000,NA,0.18250000000000,4.96640000000000,NA,9236.5243,7.7762,7.5937,0.1825,7.4303,5.1298,5.1011,0.0287,NA,NA,NA
parkey.exe,33280,0x1FE6D6D9E00,DXGI,0,0,0,Composed: Flip,9252.0936,NA,7.97560000000000,27.85040000000000,0.17360000000000,7.31060000000000,16.8014,9244.3005,7.9667,7.7931,0.1736,7.6674,7.4363,7.4114,0.0249,5.4289,9244.3005,NA
parkey.exe,33280,0x1FE6D6D9E00,DXGI,0,0,0,Composed: Flip,9260.9139,NA,8.82030000000000,NA,0.16160000000000,6.19700000000000,NA,9252.2672,8.8083,8.6467,0.1616,8.4867,6.3570,6.3334,0.0236,NA,NA,NA
parkey.exe,33280,0x1FE6D6D9E00,DXGI,0,0,0,Composed: Flip,9269.0304,NA,8.11650000000000,NA,0.13160000000000,7.26260000000000,NA,9261.0755,8.0865,7.9549,0.1316,7.8297,7.3878,7.3483,0.0395,NA,NA,NA
parkey.exe,33280,0x1FE6D6D9E00,DXGI,0,0,0,Composed: Flip,9277.3719,NA,8.34150000000000,20.82690000000000,0.17260000000000,4.96480000000000,12.3500,9269.1620,8.3825,8.2099,0.1726,8.0530,5.1217,5.0895,0.0322,4.0346,9269.1620,NA
parkey.exe,33280,0x1FE6D6D9E00,DXGI,0,0,0,Composed: Flip,9285.9813,NA,8.60940000000000,13.89800000000000,0.16690000000000,7.22950000000000,17.6386,9277.5445,8.6037,8.4368,0.1669,8.2647,7.4016,7.3532,0.0484,-5.5155,9277.5445,NA
parkey.exe,33280,0x1FE6D6D9E00,DXGI,0,0,0,Composed: Flip,9294.3254,NA,8.34410000000000,NA,0.16560000000000,5.73180000000000,NA,9286.1482,8.3428,8.1772,0.1656,8.0106,5.8984,5.8667,0.0317,NA,NA,NA
parkey.exe,33280,0x1FE6D6D9E00,DXGI,0,0,0,Composed: Flip,9302.3966,NA,8.07120000000000,13.87930000000000,0.16850000000000,7.28160000000000,15.1026,9294.4910,8.0741,7.9056,0.1685,7.7216,7.4656,7.4362,0.0294,3.0672,9294.4910,NA
parkey.exe,33280,0x1FE6D6D9E00,DXGI,0,0,0,Composed: Flip,9311.1663,NA,8.76970000000000,NA,0.16530000000000,6.15210000000000,NA,9302.5651,8.7665,8.6012,0.1653,8.4107,6.3426,6.3209,0.0217,NA,NA,NA
parkey.exe,33280,0x1FE6D6D9E00,DXGI,0,0,0,Composed: Flip,9318.9736,NA,7.80730000000000,20.85470000000000,0.19720000000000,7.23610000000000,19.3803,9311.3316,7.8392,7.6420,0.1972,7.4602,7.4179,7.3891,0.0288,-4.0141,9311.3316,NA
parkey.exe,33280,0x1FE6D6D9E00,DXGI,0,0,0,Composed: Flip,9327.6581,NA,8.68450000000000,NA,0.19730000000000,5.31120000000000,NA,9319.1708,8.6846,8.4873,0.1973,8.2884,5.5101,5.4644,0.0457,NA,NA,NA
parkey.exe,33280,0x1FE6D6D9E00,DXGI,0,0,0,Composed: Flip,9335.7614,NA,8.10330000000000,NA,0.13340000000000,5.89620000000000,NA,9327.8554,8.0394,7.9060,0.1334,7.7396,6.0626,6.0324,0.0302,NA,NA,NA
parkey.exe,33280,0x1FE6D6D9E00,DXGI,0,0,0,Composed: Flip,9344.2590,NA,8.49760000000000,NA,0.17920000000000,4.94640000000000,NA,9335.8948,8.5434,8.3642,0.1792,8.1867,5.1239,5.0982,0.0257,NA,NA,NA
parkey.exe,33280,0x1FE6D6D9E00,DXGI,0,0,0,Composed: Flip,9352.2149,NA,7.95590000000000,NA,0.11760000000000,7.30720000000000,NA,9344.4382,7.8943,7.7767,0.1176,7.6574,7.4265,7.3905,0.0360,NA,NA,NA
parkey.exe,33280,0x1FE6D6D9E00,DXGI,0,0,0,Composed: Flip,9360.9676,NA,8.75270000000000,34.71550000000000,0.16550000000000,4.96200000000000,12.1018,9352.3325,8.8006,8.6351,0.1655,8.4603,5.1368,5.1170,0.0198,6.2854,9352.3325,NA
parkey.exe,33280,0x1FE6D6D9E00,DXGI,0,0,0,Composed: Flip,9368.8034,NA,7.83580000000000,13.88440000000000,0.13790000000000,7.35610000000000,18.1504,9361.1331,7.8082,7.6703,0.1379,7.5601,7.4663,7.4375,0.0288,-5.0838,9361.1331,NA
parkey.exe,33280,0x1FE6D6D9E00,DXGI,0,0,0,Composed: Flip,9377.6298,NA,8.82640000000000,NA,0.20530000000000,5.70910000000000,NA,9368.9413,8.8938,8.6885,0.2053,8.4967,5.9009,5.8750,0.0259,NA,NA,NA
parkey.exe,33280,0x1FE6D6D9E00,DXGI,0,0,0,Composed: Flip,9385.4439,NA,7.81410000000000,13.91660000000000,0.12230000000000,7.28600000000000,15.4265,9377.8351,7.7311,7.6088,0.1223,7.4777,7.4171,7.3985,0.0186,2.7854,9377.8351,NA
parkey.exe,33280,0x1FE6D6D9E00,DXGI,0,0,0,Composed: Flip,9394.1530,NA,8.70910000000000,NA,0.18280000000000,6.17070000000000,NA,9385.5662,8.7696,8.5868,0.1828,8.4113,6.3462,6.3180,0.0282,NA,NA,NA
parkey.exe,33280,0x1FE6D6D9E00,DXGI,0,0,0,Composed: Flip,9402.4274,NA,8.27440000000000,20.82960000000000,0.13620000000000,7.27090000000000,19.2726,9394.3358,8.2278,8.0916,0.1362,7.9629,7.3996,7.3780,0.0216,-4.3289,9394.3358,NA
parkey.exe,33280,0x1FE6D6D9E00,DXGI,0,0,0,Composed: Flip,9410.9029,NA,8.47550000000000,NA,0.18280000000000,5.39680000000000,NA,9402.5636,8.5221,8.3393,0.1828,8.1390,5.5971,5.5791,0.0180,NA,NA,NA
parkey.exe,33280,0x1FE6D6D9E00,DXGI,0,0,0,Composed: Flip,9418.9808,NA,8.07790000000000,NA,0.13620000000000,8.82410000000000,NA,9411.0857,8.0313,7.8951,0.1362,7.7733,8.9459,8.9257,0.0202,NA,NA,NA
parkey.exe,33280,0x1FE6D6D9E00,DXGI,0,0,0,Composed: Flip,9427.6021,NA,8.62130000000000,20.84490000000000,0.13490000000000,6.72380000000000,14.9428,9419.1170,8.6200,8.4851,0.1349,8.6879,6.5210,6.4950,0.0260,3.9363,9419.1170,NA
parkey.exe,33280,0x1FE6D6D9E00,DXGI,0,0,0,Composed: Flip,9435.5705,NA,7.96840000000000,NA,0.12740000000000,8.50490000000000,NA,9427.7370,7.9609,7.8335,0.1274,7.6597,8.6787,8.6394,0.0393,NA,NA,NA
parkey.exe,33280,0x1FE6D6D9E00,DXGI,0,0,0,Composed: Flip,9444.3288,NA,8.75830000000000,NA,0.19370000000000,5.77610000000000,NA,9435.6979,8.8246,8.6309,0.1937,8.4391,5.9679,5.9499,0.0180,NA,NA,NA
parkey.exe,33280,0x1FE6D6D9E00,DXGI,0,0,0,Composed: Flip,9452.1056,NA,7.77680000000000,27.77500000000000,0.13050000000000,8.39710000000000,18.2143,9444.5225,7.7136,7.5831,0.1305,7.3990,8.5812,8.5550,0.0262,-2.3695,9444.5225,NA
parkey.exe,33280,0x1FE6D6D9E00,DXGI,0,0,0,Composed: Flip,9460.8640,NA,8.75840000000000,NA,0.15380000000000,6.76410000000000,NA,9452.2361,8.7817,8.6279,0.1538,8.4617,6.9303,6.9059,0.0244,NA,NA,NA
parkey.exe,33280,0x1FE6D6D9E00,DXGI,0,0,0,Composed: Flip,9468.9025,NA,8.03850000000000,20.83120000000000,0.13630000000000,8.69660000000000,22.2486,9461.0178,8.0210,7.8847,0.1363,7.6177,8.9636,8.9333,0.0303,-4.3359,9461.0178,NA
parkey.exe,33280,0x1FE6D6D9E00,DXGI,0,0,0,Composed: Flip,9477.8396,NA,8.93710000000000,NA,0.16510000000000,6.71500000000000,NA,9469.0388,8.9659,8.8008,0.1651,8.6129,6.9029,6.8838,0.0191,NA,NA,NA
parkey.exe,33280,0x1FE6D6D9E00,DXGI,0,0,0,Composed: Flip,9486.0426,NA,8.20300000000000,13.91810000000000,0.12300000000000,8.61210000000000,19.0266,9478.0047,8.1609,8.0379,0.1230,7.7706,8.8794,8.8521,0.0273,3.0688,9478.0047,NA
parkey.exe,33280,0x1FE6D6D9E00,DXGI,0,0,0,Composed: Flip,9494.5030,NA,8.46040000000000,NA,0.18240000000000,7.18450000000000,NA,9486.1656,8.5198,8.3374,0.1824,8.5622,6.9597,6.9423,0.0174,NA,NA,NA
parkey.exe,33280,0x1FE6D6D9E00,DXGI,0,0,0,Composed: Flip,9502.5934,NA,8.09040000000000,13.85580000000000,0.16030000000000,8.29800000000000,16.3316,9494.6854,8.0683,7.9080,0.1603,7.6771,8.5289,8.5034,0.0255,2.8249,9494.6854,NA
parkey.exe,33280,0x1FE6D6D9E00,DXGI,0,0,0,Composed: Flip,9511.0272,NA,8.43380000000000,NA,0.18430000000000,7.20380000000000,NA,9502.7537,8.4578,8.2735,0.1843,8.1902,7.2871,7.2634,0.0237,NA,NA,NA
parkey.exe,33280,0x1FE6D6D9E00,DXGI,0,0,0,Composed: Flip,9519.1217,NA,8.09450000000000,20.86140000000000,0.14090000000000,9.17590000000000,20.6647,9511.2115,8.0511,7.9102,0.1409,7.6547,9.4314,9.4088,0.0226,-4.3353,9511.2115,NA
parkey.exe,33280,0x1FE6D6D9E00,DXGI,0,0,0,Composed: Flip,9527.7060,NA,8.58430000000000,NA,0.14210000000000,7.86130000000000,NA,9519.2626,8.5855,8.4434,0.1421,9.0350,7.2697,7.2470,0.0227,NA,NA,NA
parkey.exe,33280,0x1FE6D6D9E00,DXGI,0,0,0,Composed: Flip,9535.7449,NA,8.03890000000000,NA,0.13220000000000,8.35580000000000,NA,9527.8481,8.0290,7.8968,0.1322,7.7658,8.4868,8.4605,0.0263,NA,NA,NA
parkey.exe,33280,0x1FE6D6D9E00,DXGI,0,0,0,Composed: Flip,9544.3660,NA,8.62110000000000,NA,0.13550000000000,5.79690000000000,NA,9535.8771,8.6244,8.4889,0.1355,8.2597,6.0261,6.0091,0.0170,NA,NA,NA
parkey.exe,33280,0x1FE6D6D9E00,DXGI,0,0,0,Composed: Flip,9552.3118,NA,7.94580000000000,34.71750000000000,0.15290000000000,9.13900000000000,22.1921,9544.5015,7.9632,7.8103,0.1529,7.6635,9.2858,9.2338,0.0520,-1.4275,9544.5015,NA
parkey.exe,33280,0x1FE6D6D9E00,DXGI,0,0,0,Composed: Flip,9560.9778,NA,8.66600000000000,NA,0.17250000000000,6.64850000000000,NA,9552.4647,8.6856,8.5131,0.1725,8.9861,6.1755,6.1506,0.0249,NA,NA,NA
parkey.exe,33280,0x1FE6D6D9E00,DXGI,0,0,0,Composed: Flip,9568.9839,NA,8.00610000000000,13.90480000000000,0.13190000000000,9.55060000000000,19.4248,9561.1503,7.9655,7.8336,0.1319,7.6426,9.7416,9.7167,0.0249,2.7440,9561.1503,NA
parkey.exe,33280,0x1FE6D6D9E00,DXGI,0,0,0,Composed: Flip,9577.8086,NA,8.82470000000000,13.86400000000000,0.16790000000000,8.13100000000000,24.4641,9569.1158,8.8607,8.6928,0.1679,9.4187,7.4051,7.3665,0.0386,-5.8985,9569.1158,NA
parkey.exe,33280,0x1FE6D6D9E00,DXGI,0,0,0,Composed: Flip,9585.7995,NA,7.99090000000000,NA,0.15910000000000,9.73690000000000,NA,9577.9765,7.9821,7.8230,0.1591,8.0114,9.5485,9.5156,0.0329,NA,NA,NA
parkey.exe,33280,0x1FE6D6D9E00,DXGI,0,0,0,Composed: Flip,9594.4796,NA,8.68010000000000,NA,0.13220000000000,8.25870000000000,NA,9585.9586,8.6532,8.5210,0.1322,9.5778,7.2019,7.1800,0.0219,NA,NA,NA
parkey.exe,33280,0x1FE6D6D9E00,DXGI,0,0,0,Composed: Flip,9601.9737,NA,7.49410000000000,20.87570000000000,0.11790000000000,9.54070000000000,21.1747,9594.6118,7.4798,7.3619,0.1179,8.1580,8.7446,8.7165,0.0281,4.6203,9594.6118,NA
parkey.exe,33280,0x1FE6D6D9E00,DXGI,0,0,0,Composed: Flip,9610.8578,NA,8.88410000000000,NA,0.13620000000000,7.53160000000000,NA,9602.0916,8.9024,8.7662,0.1362,9.4479,6.8499,6.8314,0.0185,NA,NA,NA
parkey.exe,33280,0x1FE6D6D9E00,DXGI,0,0,0,Composed: Flip,9618.8846,NA,8.02680000000000,13.84240000000000,0.09820000000000,8.66950000000000,18.1062,9610.9940,7.9888,7.8906,0.0982,7.5323,9.0278,8.9383,0.0895,2.5398,9610.9940,NA
parkey.exe,33280,0x1FE6D6D9E00,DXGI,0,0,0,Composed: Flip,9627.6680,NA,8.78340000000000,NA,0.14200000000000,7.78630000000000,NA,9618.9828,8.8272,8.6852,0.1420,8.5713,7.9002,7.8614,0.0388,NA,NA,NA
parkey.exe,33280,0x1FE6D6D9E00,DXGI,0,0,0,Composed: Flip,9635.4017,NA,7.73370000000000,NA,0.11600000000000,8.53270000000000,NA,9627.8100,7.7077,7.5917,0.1160,7.6958,8.4286,8.4068,0.0218,NA,NA,NA
parkey.exe,33280,0x1FE6D6D9E00,DXGI,0,0,0,Composed: Flip,9644.1164,NA,8.71470000000000,NA,0.12540000000000,5.98660000000000,NA,9635.5177,8.7241,8.5987,0.1254,8.4651,6.1202,6.0910,0.0292,NA,NA,NA
parkey.exe,33280,0x1FE6D6D9E00,DXGI,0,0,0,Composed: Flip,9652.0169,NA,7.90050000000000,34.75620000000000,0.09790000000000,8.51810000000000,19.7301,9644.2418,7.8730,7.7751,0.0979,7.6453,8.6479,8.6250,0.0229,-1.5084,9644.2418,NA
parkey.exe,33280,0x1FE6D6D9E00,DXGI,0,0,0,Composed: Flip,9660.7307,NA,8.71380000000000,NA,0.15870000000000,6.76520000000000,NA,9652.1148,8.7746,8.6159,0.1587,8.4810,6.9001,6.8844,0.0157,NA,NA,NA
parkey.exe,33280,0x1FE6D6D9E00,DXGI,0,0,0,Composed: Flip,9668.5645,NA,7.83380000000000,NA,0.11660000000000,8.81840000000000,NA,9660.8894,7.7917,7.6751,0.1166,7.4952,8.9983,8.9744,0.0239,NA,NA,NA
parkey.exe,33280,0x1FE6D6D9E00,DXGI,0,0,0,Composed: Flip,9677.4094,NA,8.84490000000000,20.85980000000000,0.36280000000000,6.55550000000000,15.1974,9668.6811,9.0911,8.7283,0.3628,8.7018,6.5820,6.5564,0.0256,3.5795,9668.6811,NA
parkey.exe,33280,0x1FE6D6D9E00,DXGI,0,0,0,Composed: Flip,9685.1342,NA,7.72480000000000,13.84970000000000,0.10260000000000,9.39360000000000,21.3223,9677.7722,7.4646,7.3620,0.1026,7.2202,9.5354,9.5070,0.0284,-4.7586,9677.7722,NA
parkey.exe,33280,0x1FE6D6D9E00,DXGI,0,0,0,Composed: Flip,9694.1183,NA,8.98410000000000,NA,0.15490000000000,9.35160000000000,NA,9685.2368,9.0364,8.8815,0.1549,9.2910,8.9421,8.9152,0.0269,NA,NA,NA
parkey.exe,33280,0x1FE6D6D9E00,DXGI,0,0,0,Composed: Flip,9701.8191,NA,7.70080000000000,13.96230000000000,0.11300000000000,11.12960000000000,18.5997,9694.2732,7.6589,7.5459,0.1130,9.1967,9.4788,9.4563,0.0225,2.5387,9694.2732,NA
parkey.exe,33280,0x1FE6D6D9E00,DXGI,0,0,0,Composed: Flip,9710.4602,NA,8.64110000000000,NA,0.11450000000000,9.74140000000000,NA,9701.9321,8.6426,8.5281,0.1145,11.0166,7.2529,7.2317,0.0212,NA,NA,NA
parkey.exe,33280,0x1FE6D6D9E00,DXGI,0,0,0,Composed: Flip,9718.3271,NA,7.86690000000000,20.76610000000000,0.09730000000000,11.57000000000000,22.8578,9710.5747,7.8497,7.7524,0.0973,9.8689,9.4535,9.4315,0.0220,-4.4646,9710.5747,NA
parkey.exe,33280,0x1FE6D6D9E00,DXGI,0,0,0,Composed: Flip,9727.1344,NA,8.80730000000000,13.89120000000000,0.10490000000000,9.82910000000000,27.9417,9718.4244,8.8149,8.7100,0.1049,11.4727,7.0664,7.0457,0.0207,-6.0415,9718.4244,NA
parkey.exe,33280,0x1FE6D6D9E00,DXGI,0,0,0,Composed: Flip,9734.9657,NA,7.83130000000000,6.89690000000000,0.09740000000000,11.37340000000000,27.0073,9727.2393,7.8238,7.7264,0.0974,9.7521,9.3477,9.3222,0.0255,1.9180,9727.2393,NA
parkey.exe,33280,0x1FE6D6D9E00,DXGI,0,0,0,Composed: Flip,9744.0586,NA,9.09290000000000,13.97110000000000,0.11340000000000,11.77250000000000,31.8855,9735.0631,9.1089,8.9955,0.1134,11.2760,9.4920,9.4661,0.0259,-6.1473,9735.0631,NA
parkey.exe,33280,0x1FE6D6D9E00,DXGI,0,0,0,Composed: Flip,9751.8093,NA,7.75070000000000,6.96330000000000,0.11070000000000,13.09750000000000,31.0981,9744.1720,7.7480,7.6373,0.1107,11.6591,9.0757,9.0523,0.0234,2.1456,9744.1720,NA
parkey.exe,33280,0x1FE6D6D9E00,DXGI,0,0,0,Composed: Flip,9760.7119,NA,8.90260000000000,6.85350000000000,0.12750000000000,12.89690000000000,29.0490,9751.9200,8.9194,8.7919,0.1275,12.9868,8.7020,8.6631,0.0389,0.8945,9751.9200,NA
parkey.exe,33280,0x1FE6D6D9E00,DXGI,0,0,0,Composed: Flip,9768.6111,NA,7.89920000000000,13.94230000000000,0.10460000000000,14.58990000000000,35.0921,9760.8394,7.8763,7.7717,0.1046,12.7694,9.5922,9.5512,0.0410,-5.0229,9760.8394,NA
parkey.exe,33280,0x1FE6D6D9E00,DXGI,0,0,0,Composed: Flip,9777.4227,NA,8.81160000000000,6.95940000000000,0.11500000000000,14.68490000000000,33.2399,9768.7157,8.8220,8.7070,0.1150,14.4853,8.9066,8.8852,0.0214,0.9169,9768.7157,NA
parkey.exe,33280,0x1FE6D6D9E00,DXGI,0,0,0,Composed: Flip,9785.5130,NA,8.09030000000000,6.86670000000000,0.11460000000000,15.29770000000000,32.0163,9777.5377,8.0899,7.9753,0.1146,14.5699,8.7031,8.6713,0.0318,1.9553,9777.5377,NA
parkey.exe,33280,0x1FE6D6D9E00,DXGI,0,0,0,Composed: Flip,9794.0872,NA,8.57420000000000,6.94780000000000,0.12210000000000,16.31080000000000,30.3899,9785.6276,8.5817,8.4596,0.1221,15.1831,9.5873,9.5644,0.0229,1.1421,9785.6276,NA
parkey.exe,33280,0x1FE6D6D9E00,DXGI,0,0,0,Composed: Flip,9801.8775,NA,7.79030000000000,13.95200000000000,0.09200000000000,17.14030000000000,36.5516,9794.2093,7.7602,7.6682,0.0920,16.1887,8.6198,8.5984,0.0214,-5.3703,9794.2093,NA
parkey.exe,33280,0x1FE6D6D9E00,DXGI,0,0,0,Composed: Flip,9811.3077,NA,9.43020000000000,6.95650000000000,0.11470000000000,16.28820000000000,34.0779,9801.9695,9.4529,9.3382,0.1147,17.0483,8.5781,8.5556,0.0225,0.8037,9801.9695,NA
parkey.exe,33280,0x1FE6D6D9E00,DXGI,0,0,0,Composed: Flip,9819.3733,NA,8.06560000000000,6.88100000000000,0.11420000000000,16.84710000000000,32.8933,9811.4224,8.0651,7.9509,0.1142,16.1735,8.6245,8.5900,0.0345,2.5719,9811.4224,NA
parkey.exe,33280,0x1FE6D6D9E00,DXGI,0,0,0,Composed: Flip,9828.5522,NA,9.17890000000000,13.95540000000000,0.12750000000000,17.26370000000000,37.6698,9819.4875,9.1922,9.0647,0.1275,16.7329,9.5955,9.5745,0.0210,-5.8903,9819.4875,NA
parkey.exe,33280,0x1FE6D6D9E00,DXGI,0,0,0,Composed: Flip,9837.0623,NA,8.51010000000000,6.94710000000000,0.11430000000000,17.36950000000000,36.1068,9828.6797,8.4969,8.3826,0.1143,17.1362,8.6159,8.5933,0.0226,2.2451,9828.6797,NA
parkey.exe,33280,0x1FE6D6D9E00,DXGI,0,0,0,Composed: Flip,9846.4069,NA,9.34460000000000,6.87700000000000,0.10560000000000,17.50550000000000,33.6392,9837.1766,9.3359,9.2303,0.1056,17.2552,9.4806,9.4623,0.0183,1.6199,9837.1766,NA
parkey.exe,33280,0x1FE6D6D9E00,DXGI,0,0,0,Composed: Flip,9854.8447,NA,8.43780000000000,13.94280000000000,0.09850000000000,18.61020000000000,39.1442,9846.5125,8.4307,8.3322,0.0985,17.3999,9.5425,9.5158,0.0267,-4.6069,9846.5125,NA
parkey.exe,33280,0x1FE6D6D9E00,DXGI,0,0,0,Composed: Flip,9864.6314,NA,9.78670000000000,6.95980000000000,0.11020000000000,17.65110000000000,36.3173,9854.9432,9.7984,9.6882,0.1102,18.5117,8.8276,8.7898,0.0378,1.4709,9854.9432,NA
parkey.exe,33280,0x1FE6D6D9E00,DXGI,0,0,0,Composed: Flip,9873.6021,NA,8.97070000000000,6.95580000000000,0.12180000000000,17.52210000000000,34.3024,9864.7416,8.9823,8.8605,0.1218,17.5409,8.8417,8.8193,0.0224,2.8426,9864.7416,NA
parkey.exe,33280,0x1FE6D6D9E00,DXGI,0,0,0,Composed: Flip,9883.9392,NA,10.33710000000000,6.92990000000000,0.36840000000000,16.72010000000000,30.8952,9873.7239,10.5837,10.2153,0.3684,17.4003,9.5351,9.5075,0.0276,2.0524,9873.7239,NA
parkey.exe,33280,0x1FE6D6D9E00,DXGI,0,0,0,Composed: Flip,9892.3774,NA,8.43820000000000,13.89660000000000,0.12910000000000,18.14730000000000,36.3536,9884.3076,8.1989,8.0698,0.1291,16.3517,9.8654,9.8381,0.0273,-3.3129,9884.3076,NA
parkey.exe,33280,0x1FE6D6D9E00,DXGI,0,0,0,Composed: Flip,9901.8676,NA,9.49020000000000,6.95380000000000,0.14320000000000,17.33790000000000,33.8172,9892.5065,9.5043,9.3611,0.1432,18.0182,8.6808,8.6556,0.0252,1.2451,9892.5065,NA
parkey.exe,33280,0x1FE6D6D9E00,DXGI,0,0,0,Composed: Flip,9911.6659,NA,9.79830000000000,6.87640000000000,0.13250000000000,16.12470000000000,30.8953,9902.0108,9.7876,9.6551,0.1325,17.1947,8.5851,8.5571,0.0280,2.6279,9902.0108,NA
parkey.exe,33280,0x1FE6D6D9E00,DXGI,0,0,0,Composed: Flip,9920.1139,NA,8.44800000000000,13.97390000000000,0.10720000000000,17.20150000000000,36.4212,9911.7984,8.4227,8.3155,0.1072,15.9922,9.5248,9.4942,0.0306,-4.1863,9911.7984,NA
parkey.exe,33280,0x1FE6D6D9E00,DXGI,0,0,0,Composed: Flip,9928.9155,NA,8.80160000000000,6.85450000000000,0.12480000000000,16.86720000000000,34.4741,9920.2211,8.8192,8.6944,0.1248,17.0943,8.4673,8.4416,0.0257,1.5682,9920.2211,NA
parkey.exe,33280,0x1FE6D6D9E00,DXGI,0,0,0,Composed: Flip,9938.1015,NA,9.18600000000000,6.97800000000000,0.13220000000000,16.39610000000000,32.2661,9929.0403,9.1934,9.0612,0.1322,16.7424,8.7149,8.6900,0.0249,1.8412,9929.0403,NA
parkey.exe,33280,0x1FE6D6D9E00,DXGI,0,0,0,Composed: Flip,9946.7596,NA,8.65810000000000,13.92180000000000,0.12120000000000,16.84540000000000,37.5298,9938.2337,8.6471,8.5259,0.1212,16.2639,9.1074,9.0593,0.0481,-4.7284,9938.2337,NA
parkey.exe,33280,0x1FE6D6D9E00,DXGI,0,0,0,Composed: Flip,9955.6679,NA,8.90830000000000,6.96870000000000,0.13740000000000,16.74210000000000,35.5902,9946.8808,8.9245,8.7871,0.1374,16.7242,8.8050,8.7525,0.0525,1.6784,9946.8808,NA
parkey.exe,33280,0x1FE6D6D9E00,DXGI,0,0,0,Composed: Flip,9964.4727,NA,8.80480000000000,6.86510000000000,0.11360000000000,17.59510000000000,33.6505,9955.8053,8.7810,8.6674,0.1136,16.6047,9.6578,9.6275,0.0303,2.0594,9955.8053,NA
parkey.exe,33280,0x1FE6D6D9E00,DXGI,0,0,0,Composed: Flip,9974.0379,NA,9.56520000000000,6.94030000000000,0.14280000000000,16.76900000000000,31.0256,9964.5863,9.5944,9.4516,0.1428,17.4815,8.7391,8.6687,0.0704,1.8407,9964.5863,NA
parkey.exe,33280,0x1FE6D6D9E00,DXGI,0,0,0,Composed: Flip,9983.0976,NA,9.05970000000000,13.96390000000000,0.12290000000000,16.08880000000000,35.9298,9974.1807,9.0398,8.9169,0.1229,16.6262,8.3795,8.3524,0.0271,-4.3695,9974.1807,NA
parkey.exe,33280,0x1FE6D6D9E00,DXGI,0,0,0,Composed: Flip,9993.9108,NA,10.81320000000000,6.96920000000000,0.13750000000000,14.52470000000000,32.0858,9983.2205,10.8278,10.6903,0.1375,15.9659,9.2491,9.2245,0.0246,2.0706,9983.2205,NA
parkey.exe,33280,0x1FE6D6D9E00,DXGI,0,0,0,Composed: Flip,10000.3433,NA,6.43250000000000,6.85090000000000,0.13240000000000,17.37430000000000,32.5042,9994.0483,6.4274,6.2950,0.1324,14.3872,9.2821,9.2517,0.0304,3.9769,9994.0483,NA
parkey.exe,33280,0x1FE6D6D9E00,DXGI,0,0,0,Composed: Flip,10009.4682,NA,9.12490000000000,13.94220000000000,0.13110000000000,17.30100000000000,37.3215,10000.4757,9.1236,8.9925,0.1311,17.2419,9.0516,9.0251,0.0265,-7.5148,10000.4757,NA
parkey.exe,33280,0x1FE6D6D9E00,DXGI,0,0,0,Composed: Flip,10018.8272,NA,9.35900000000000,6.93400000000000,0.12960000000000,16.38710000000000,34.8965,10009.5993,9.3575,9.2279,0.1296,17.1699,8.4451,8.4204,0.0247,2.1896,10009.5993,NA
parkey.exe,33280,0x1FE6D6D9E00,DXGI,0,0,0,Composed: Flip,10027.2631,NA,8.43590000000000,6.96550000000000,0.14370000000000,16.22850000000000,33.4261,10018.9568,8.4500,8.3063,0.1437,16.2575,8.2773,8.2492,0.0281,2.3920,10018.9568,NA
parkey.exe,33280,0x1FE6D6D9E00,DXGI,0,0,0,Composed: Flip,10036.0336,NA,8.77050000000000,6.90350000000000,0.10660000000000,16.26110000000000,31.5591,10027.4068,8.7334,8.6268,0.1066,16.0848,8.8031,8.7776,0.0255,1.5465,10027.4068,NA
parkey.exe,33280,0x1FE6D6D9E00,DXGI,0,0,0,Composed: Flip,10044.1722,NA,8.13860000000000,6.97120000000000,0.10770000000000,16.32300000000000,30.3917,10036.1402,8.1397,8.0320,0.1077,16.1545,8.2005,8.1731,0.0274,1.7622,10036.1402,NA
parkey.exe,33280,0x1FE6D6D9E00,DXGI,0,0,0,Composed: Flip,10052.9932,NA,8.82100000000000,13.89310000000000,0.10770000000000,16.35580000000000,35.4638,10044.2799,8.8210,8.7133,0.1077,16.2153,8.8538,8.8248,0.0290,-5.7534,10044.2799,NA
parkey.exe,33280,0x1FE6D6D9E00,DXGI,0,0,0,Composed: Flip,10061.4141,NA,8.42090000000000,6.98190000000000,0.12090000000000,16.95330000000000,34.0248,10053.1009,8.4341,8.3132,0.1209,16.2481,9.0184,8.9940,0.0244,1.8391,10053.1009,NA
parkey.exe,33280,0x1FE6D6D9E00,DXGI,0,0,0,Composed: Flip,10070.0167,NA,8.60260000000000,6.85960000000000,0.10800000000000,16.70400000000000,32.2818,10061.5350,8.5897,8.4817,0.1080,16.8324,8.3533,8.3252,0.0281,1.5745,10061.5350,NA
parkey.exe,33280,0x1FE6D6D9E00,DXGI,0,0,0,Composed: Flip,10079.6411,NA,9.62440000000000,13.93730000000000,0.11450000000000,15.93800000000000,36.5947,10070.1247,9.6309,9.5164,0.1145,16.5960,8.8584,8.8344,0.0240,-5.3476,10070.1247,NA
parkey.exe,33280,0x1FE6D6D9E00,DXGI,0,0,0,Composed: Flip,10087.3807,NA,7.73960000000000,6.97710000000000,0.09760000000000,16.45300000000000,35.8322,10079.7556,7.7227,7.6251,0.0976,15.8235,8.2546,8.2266,0.0280,2.6538,10079.7556,NA
parkey.exe,33280,0x1FE6D6D9E00,DXGI,0,0,0,Composed: Flip,10095.8126,NA,8.43190000000000,6.93670000000000,0.16000000000000,17.03790000000000,34.3370,10087.4783,8.4943,8.3343,0.1600,16.3554,9.0168,8.9910,0.0258,0.7860,10087.4783,NA
parkey.exe,33280,0x1FE6D6D9E00,DXGI,0,0,0,Composed: Flip,10104.4404,NA,8.62780000000000,6.87810000000000,0.09100000000000,16.81530000000000,32.5873,10095.9726,8.5588,8.4678,0.0910,16.8779,8.4052,8.3778,0.0274,1.6162,10095.9726,NA
parkey.exe,33280,0x1FE6D6D9E00,DXGI,0,0,0,Composed: Flip,10113.7382,NA,9.29780000000000,6.94460000000000,0.10860000000000,16.42620000000000,30.2341,10104.5314,9.3154,9.2068,0.1086,16.7243,8.9087,8.8836,0.0251,1.6142,10104.5314,NA
parkey.exe,33280,0x1FE6D6D9E00,DXGI,0,0,0,Composed: Flip,10121.8712,NA,8.13300000000000,13.95370000000000,0.09110000000000,16.42260000000000,36.0548,10113.8468,8.1155,8.0244,0.0911,16.3176,8.1294,8.1005,0.0289,-4.6383,10113.8468,NA
parkey.exe,33280,0x1FE6D6D9E00,DXGI,0,0,0,Composed: Flip,10130.9104,NA,9.03920000000000,6.94740000000000,0.12060000000000,16.32160000000000,33.9630,10121.9623,9.0687,8.9481,0.1206,16.3315,8.9382,8.9154,0.0228,1.1681,10121.9623,NA
parkey.exe,33280,0x1FE6D6D9E00,DXGI,0,0,0,Composed: Flip,10138.9716,NA,8.06120000000000,6.88010000000000,0.13590000000000,16.98940000000000,32.7819,10131.0310,8.0765,7.9406,0.1359,16.2010,8.7290,8.7022,0.0268,2.1886,10131.0310,NA
parkey.exe,33280,0x1FE6D6D9E00,DXGI,0,0,0,Composed: Flip,10147.6775,NA,8.70590000000000,7.00770000000000,0.09530000000000,17.21190000000000,31.0837,10139.1075,8.6653,8.5700,0.0953,16.8535,8.9284,8.9009,0.0275,1.0688,10139.1075,NA
parkey.exe,33280,0x1FE6D6D9E00,DXGI,0,0,0,Composed: Flip,10156.6396,NA,8.96210000000000,13.89030000000000,0.10120000000000,16.68670000000000,36.0119,10147.7728,8.9680,8.8668,0.1012,17.1166,8.4369,8.4198,0.0171,-5.2250,10147.7728,NA
parkey.exe,33280,0x1FE6D6D9E00,DXGI,0,0,0,Composed: Flip,10165.4506,NA,8.81100000000000,6.94780000000000,0.08990000000000,16.63760000000000,34.1487,10156.7408,8.7997,8.7098,0.0899,16.5855,8.7619,8.7362,0.0257,2.0202,10156.7408,NA
parkey.exe,33280,0x1FE6D6D9E00,DXGI,0,0,0,Composed: Flip,10173.9585,NA,8.50790000000000,6.95260000000000,0.10830000000000,16.31400000000000,32.5934,10165.5405,8.5263,8.4180,0.1083,16.5477,8.1843,8.1601,0.0242,1.8471,10165.5405,NA
parkey.exe,33280,0x1FE6D6D9E00,DXGI,0,0,0,Composed: Flip,10182.6633,NA,8.70480000000000,6.93970000000000,0.09360000000000,16.31540000000000,30.8283,10174.0668,8.6901,8.5965,0.0936,16.2057,8.7062,8.6844,0.0218,1.5866,10174.0668,NA
parkey.exe,33280,0x1FE6D6D9E00,DXGI,0,0,0,Composed: Flip,10191.6123,NA,8.94900000000000,13.89030000000000,0.14750000000000,16.58070000000000,35.7696,10182.7569,9.0029,8.8554,0.1475,16.2218,9.2143,9.1928,0.0215,-5.2002,10182.7569,NA
parkey.exe,33280,0x1FE6D6D9E00,DXGI,0,0,0,Composed: Flip,10199.7495,NA,8.13720000000000,6.90400000000000,0.11770000000000,16.55070000000000,34.5364,10191.7598,8.1074,7.9897,0.1177,16.4332,8.1072,8.0845,0.0227,2.0989,10191.7598,NA
parkey.exe,33280,0x1FE6D6D9E00,DXGI,0,0,0,Composed: Flip,10209.0138,NA,9.26430000000000,6.98480000000000,0.11200000000000,15.31850000000000,32.2569,10199.8672,9.2586,9.1466,0.1120,16.4330,8.0321,7.9933,0.0388,1.1226,10199.8672,NA
parkey.exe,33280,0x1FE6D6D9E00,DXGI,0,0,0,Composed: Flip,10216.7124,NA,7.69860000000000,6.89400000000000,0.09840000000000,16.28580000000000,31.4523,10209.1258,7.6850,7.5866,0.0984,15.2065,8.6659,8.6413,0.0246,2.3646,10209.1258,NA
parkey.exe,33280,0x1FE6D6D9E00,DXGI,0,0,0,Composed: Flip,10225.4786,NA,8.76620000000000,6.94570000000000,0.14000000000000,16.10910000000000,29.6318,10216.8108,8.8078,8.6678,0.1400,16.1874,8.5895,8.5648,0.0247,0.7393,10216.8108,NA
parkey.exe,33280,0x1FE6D6D9E00,DXGI,0,0,0,Composed: Flip,10234.0784,NA,8.59980000000000,13.88560000000000,0.13730000000000,15.72920000000000,34.9176,10225.6186,8.5971,8.4598,0.1373,15.9691,8.2199,8.1974,0.0225,-5.0778,10225.6186,NA
parkey.exe,33280,0x1FE6D6D9E00,DXGI,0,0,0,Composed: Flip,10242.5892,NA,8.51080000000000,NA,0.11510000000000,15.77390000000000,NA,10234.2157,8.4886,8.3735,0.1151,15.5919,8.5555,8.5328,0.0227,NA,NA,NA
parkey.exe,33280,0x1FE6D6D9E00,DXGI,0,0,0,Composed: Flip,10251.2216,NA,8.63240000000000,NA,0.17410000000000,15.83420000000000,NA,10242.7043,8.6914,8.5173,0.1741,15.6588,8.6927,8.6697,0.0230,NA,NA,NA
parkey.exe,33280,0x1FE6D6D9E00,DXGI,0,0,0,Composed: Flip,10259.1542,NA,7.93260000000000,20.84310000000000,0.13130000000000,16.59460000000000,30.6849,10251.3957,7.8898,7.7585,0.1313,15.6601,8.6930,8.6672,0.0258,4.9340,10251.3957,NA
parkey.exe,33280,0x1FE6D6D9E00,DXGI,0,0,0,Composed: Flip,10267.6990,NA,8.54480000000000,13.88110000000000,0.10230000000000,16.26820000000000,36.0212,10259.2855,8.5158,8.4135,0.1023,16.4633,8.2184,8.1888,0.0296,-5.9913,10259.2855,NA
parkey.exe,33280,0x1FE6D6D9E00,DXGI,0,0,0,Composed: Flip,10276.6561,NA,8.95710000000000,NA,0.11430000000000,15.74100000000000,NA,10267.8013,8.9691,8.8548,0.1143,16.1659,8.4299,8.4021,0.0278,NA,NA,NA
parkey.exe,33280,0x1FE6D6D9E00,DXGI,0,0,0,Composed: Flip,10284.8370,NA,8.18090000000000,NA,0.11170000000000,16.42740000000000,NA,10276.7704,8.1783,8.0666,0.1117,15.6267,8.8673,8.8400,0.0273,NA,NA,NA
parkey.exe,33280,0x1FE6D6D9E00,DXGI,0,0,0,Composed: Flip,10293.4845,NA,8.64750000000000,13.89560000000000,0.12110000000000,16.34810000000000,24.1313,10284.9487,8.6569,8.5358,0.1211,16.3157,8.5682,8.5359,0.0323,11.7676,10284.9487,NA
parkey.exe,33280,0x1FE6D6D9E00,DXGI,0,0,0,Composed: Flip,10301.8290,NA,8.34450000000000,NA,0.09740000000000,16.64560000000000,NA,10293.6056,8.3208,8.2234,0.0974,16.2270,8.6420,8.6073,0.0347,NA,NA,NA
parkey.exe,33280,0x1FE6D6D9E00,DXGI,0,0,0,Composed: Flip,10312.1835,NA,10.35450000000000,20.89410000000000,0.48890000000000,14.81560000000000,26.3264,10301.9264,10.7460,10.2571,0.4889,16.5482,8.5245,8.5024,0.0221,-3.9164,10301.9264,NA
parkey.exe,33280,0x1FE6D6D9E00,DXGI,0,0,0,Composed: Flip,10319.3077,NA,7.12420000000000,NA,0.09740000000000,15.79410000000000,NA,10312.6724,6.7327,6.6353,0.0974,14.3267,8.1027,8.0828,0.0199,NA,NA,NA
parkey.exe,33280,0x1FE6D6D9E00,DXGI,0,0,0,Composed: Flip,10327.8140,NA,8.50630000000000,NA,0.10710000000000,15.96630000000000,NA,10319.4051,8.5160,8.4089,0.1071,15.6967,8.6785,8.6516,0.0269,NA,NA,NA
parkey.exe,33280,0x1FE6D6D9E00,DXGI,0,0,0,Composed: Flip,10335.7121,NA,7.89810000000000,20.77950000000000,0.09090000000000,16.21680000000000,23.5773,10327.9211,7.8819,7.7910,0.0909,15.8592,8.1486,8.1227,0.0259,5.2152,10327.9211,NA
parkey.exe,33280,0x1FE6D6D9E00,DXGI,0,0,0,Composed: Flip,10344.7285,NA,9.01640000000000,NA,0.10950000000000,15.84580000000000,NA,10335.8030,9.0350,8.9255,0.1095,16.1259,8.6454,8.6206,0.0248,NA,NA,NA
parkey.exe,33280,0x1FE6D6D9E00,DXGI,0,0,0,Composed: Flip,10352.5798,NA,7.85130000000000,20.91560000000000,0.12730000000000,16.10470000000000,27.6252,10344.8380,7.8691,7.7418,0.1273,15.7363,8.1102,8.0883,0.0219,-3.9987,10344.8380,NA
parkey.exe,33280,0x1FE6D6D9E00,DXGI,0,0,0,Composed: Flip,10361.3148,NA,8.73500000000000,NA,0.11900000000000,16.27460000000000,NA,10352.7071,8.7267,8.6077,0.1190,15.9774,8.9049,8.8803,0.0246,NA,NA,NA
parkey.exe,33280,0x1FE6D6D9E00,DXGI,0,0,0,Composed: Flip,10369.2932,NA,7.97840000000000,13.86720000000000,0.09650000000000,16.48280000000000,24.7790,10361.4338,7.9559,7.8594,0.0965,16.1556,8.1866,8.1631,0.0235,2.7286,10361.4338,NA
parkey.exe,33280,0x1FE6D6D9E00,DXGI,0,0,0,Composed: Flip,10378.3377,NA,9.04450000000000,13.89600000000000,0.12840000000000,16.29710000000000,29.6305,10369.3897,9.0764,8.9480,0.1284,16.3863,8.8588,8.8361,0.0227,-5.9401,10369.3897,NA
parkey.exe,33280,0x1FE6D6D9E00,DXGI,0,0,0,Composed: Flip,10386.2248,NA,7.88710000000000,NA,0.09660000000000,16.49860000000000,NA,10378.4661,7.8553,7.7587,0.0966,16.1687,8.0886,8.0571,0.0315,NA,NA,NA
parkey.exe,33280,0x1FE6D6D9E00,DXGI,0,0,0,Composed: Flip,10395.0915,NA,8.86670000000000,NA,0.12040000000000,16.31430000000000,NA,10386.3214,8.8905,8.7701,0.1204,16.4020,8.6824,8.6524,0.0300,NA,NA,NA
parkey.exe,33280,0x1FE6D6D9E00,DXGI,0,0,0,Composed: Flip,10403.4242,NA,8.33270000000000,20.83600000000000,0.09320000000000,16.01420000000000,25.3800,10395.2119,8.3055,8.2123,0.0932,16.1939,8.0326,8.0072,0.0254,4.9862,10395.2119,NA
parkey.exe,33280,0x1FE6D6D9E00,DXGI,0,0,0,Composed: Flip,10412.4299,NA,9.00570000000000,NA,0.11500000000000,14.53790000000000,NA,10403.5174,9.0275,8.9125,0.1150,15.9210,7.5294,7.5061,0.0233,NA,NA,NA
parkey.exe,33280,0x1FE6D6D9E00,DXGI,0,0,0,Composed: Flip,10420.0928,NA,7.66290000000000,13.88170000000000,0.09100000000000,15.09070000000000,22.5931,10412.5449,7.6389,7.5479,0.0910,14.4229,8.2157,8.1874,0.0283,3.4513,10412.5449,NA
parkey.exe,33280,0x1FE6D6D9E00,DXGI,0,0,0,Composed: Flip,10428.0572,NA,7.96440000000000,NA,0.12630000000000,15.28280000000000,NA,10420.1838,7.9997,7.8734,0.1263,14.9997,8.1565,8.1321,0.0244,NA,NA,NA
parkey.exe,33280,0x1FE6D6D9E00,DXGI,0,0,0,Composed: Flip,10435.8152,NA,7.75800000000000,13.89870000000000,0.10620000000000,13.77250000000000,20.7694,10428.1835,7.7379,7.6317,0.1062,15.1565,6.2477,6.2197,0.0280,1.7399,10428.1835,NA
parkey.exe,33280,0x1FE6D6D9E00,DXGI,0,0,0,Composed: Flip,10443.6639,NA,7.84870000000000,NA,0.14300000000000,14.18970000000000,NA,10435.9214,7.8855,7.7425,0.1430,13.7094,8.2228,8.1964,0.0264,NA,NA,NA
parkey.exe,33280,0x1FE6D6D9E00,DXGI,0,0,0,Composed: Flip,10450.6651,NA,7.00120000000000,13.87200000000000,0.10250000000000,12.57920000000000,19.7915,10443.8069,6.9607,6.8582,0.1025,14.0467,5.3907,5.3630,0.0277,1.7514,10443.8069,NA
parkey.exe,33280,0x1FE6D6D9E00,DXGI,0,0,0,Composed: Flip,10458.6354,NA,7.97030000000000,NA,0.11310000000000,11.25910000000000,NA,10450.7676,7.9809,7.8678,0.1131,12.5045,6.6224,6.5839,0.0385,NA,NA,NA
parkey.exe,33280,0x1FE6D6D9E00,DXGI,0,0,0,Composed: Flip,10464.1814,NA,5.54600000000000,NA,0.11080000000000,13.90430000000000,NA,10458.7485,5.5437,5.4329,0.1108,11.1709,8.1663,8.1371,0.0292,NA,NA,NA
parkey.exe,33280,0x1FE6D6D9E00,DXGI,0,0,0,Composed: Flip,10470.7084,NA,6.52700000000000,20.87420000000000,0.08610000000000,13.09910000000000,20.6224,10464.2922,6.5023,6.4162,0.0861,13.7935,5.7218,5.6966,0.0252,-0.3889,10464.2922,NA
parkey.exe,33280,0x1FE6D6D9E00,DXGI,0,0,0,Composed: Flip,10479.0633,NA,8.35490000000000,NA,0.12700000000000,13.06030000000000,NA,10470.7945,8.3958,8.2688,0.1270,13.0670,8.2621,8.1961,0.0660,NA,NA,NA
parkey.exe,33280,0x1FE6D6D9E00,DXGI,0,0,0,Composed: Flip,10487.0368,NA,7.97350000000000,13.86970000000000,0.11300000000000,10.53220000000000,18.1637,10479.1903,7.9595,7.8465,0.1130,12.9333,5.4454,5.4163,0.0291,1.0284,10479.1903,NA
parkey.exe,33280,0x1FE6D6D9E00,DXGI,0,0,0,Composed: Flip,10495.5002,NA,8.46340000000000,NA,0.12270000000000,8.78690000000000,NA,10487.1498,8.4731,8.3504,0.1227,10.4533,6.6840,6.6593,0.0247,NA,NA,NA
parkey.exe,33280,0x1FE6D6D9E00,DXGI,0,0,0,Composed: Flip,10503.6408,NA,8.14060000000000,13.88610000000000,0.12790000000000,8.31050000000000,15.4458,10495.6229,8.1458,8.0179,0.1279,8.6869,7.6415,7.6197,0.0218,2.5465,10495.6229,NA
parkey.exe,33280,0x1FE6D6D9E00,DXGI,0,0,0,Composed: Flip,10512.3086,NA,8.66780000000000,NA,0.12740000000000,6.36990000000000,NA,10503.7687,8.6673,8.5399,0.1274,8.3189,6.5909,6.5639,0.0270,NA,NA,NA
parkey.exe,33280,0x1FE6D6D9E00,DXGI,0,0,0,Composed: Flip,10520.4001,NA,8.09150000000000,20.84150000000000,0.11920000000000,8.02320000000000,19.5280,10512.4360,8.0833,7.9641,0.1192,7.8584,8.1289,8.1031,0.0258,-4.0284,10512.4360,NA
parkey.exe,33280,0x1FE6D6D9E00,DXGI,0,0,0,Composed: Flip,10529.1227,NA,8.72260000000000,NA,0.12040000000000,5.56730000000000,NA,10520.5193,8.7238,8.6034,0.1204,8.3833,5.7874,5.7656,0.0218,NA,NA,NA
parkey.exe,33280,0x1FE6D6D9E00,DXGI,0,0,0,Composed: Flip,10537.6482,NA,8.52550000000000,NA,0.13930000000000,6.04600000000000,NA,10529.2431,8.5444,8.4051,0.1393,8.2693,6.1818,6.1546,0.0272,NA,NA,NA
parkey.exe,33280,0x1FE6D6D9E00,DXGI,0,0,0,Composed: Flip,10545.5088,NA,7.86060000000000,NA,0.14030000000000,5.14390000000000,NA,10537.7875,7.8616,7.7213,0.1403,7.5810,5.2842,5.2587,0.0255,NA,NA,NA
parkey.exe,33280,0x1FE6D6D9E00,DXGI,0,0,0,Composed: Flip,10553.4536,NA,7.94480000000000,NA,0.10690000000000,7.59230000000000,NA,10545.6491,7.9114,7.8045,0.1069,7.6821,7.7147,7.6961,0.0186,NA,NA,NA
parkey.exe,33280,0x1FE6D6D9E00,DXGI,0,0,0,Composed: Flip,10562.1402,NA,8.68660000000000,34.73150000000000,0.13170000000000,5.19900000000000,12.5194,10553.5605,8.7114,8.5797,0.1317,8.4579,5.3208,5.2965,0.0243,6.3930,10553.5605,NA
parkey.exe,33280,0x1FE6D6D9E00,DXGI,0,0,0,Composed: Flip,10570.1210,NA,7.98080000000000,20.94590000000000,0.09490000000000,7.57320000000000,25.4845,10562.2719,7.9440,7.8491,0.0949,7.7563,7.6660,7.6415,0.0245,-12.2345,10562.2719,NA
parkey.exe,33280,0x1FE6D6D9E00,DXGI,0,0,0,Composed: Flip,10579.1061,NA,8.98510000000000,6.78120000000000,0.15210000000000,7.25470000000000,23.2806,10570.2159,9.0423,8.8902,0.1521,8.7244,7.4205,7.3969,0.0236,1.1628,10570.2159,NA
parkey.exe,33280,0x1FE6D6D9E00,DXGI,0,0,0,Composed: Flip,10586.9543,NA,7.84820000000000,7.04130000000000,0.12390000000000,8.15670000000000,22.4737,10579.2582,7.8200,7.6961,0.1239,7.5851,8.2677,8.2218,0.0459,2.0010,10579.2582,NA
parkey.exe,33280,0x1FE6D6D9E00,DXGI,0,0,0,Composed: Flip,10596.8996,NA,9.94530000000000,13.86060000000000,0.15410000000000,7.41630000000000,26.3890,10587.0782,9.9755,9.8214,0.1541,9.6510,7.5867,7.3023,0.2844,-6.0406,10587.0782,NA
parkey.exe,33280,0x1FE6D6D9E00,DXGI,0,0,0,Composed: Flip,10603.5985,NA,6.69890000000000,6.92270000000000,0.09190000000000,9.46180000000000,26.6128,10597.0537,6.6367,6.5448,0.0919,7.2622,8.7444,8.7246,0.0198,3.0528,10597.0537,NA
parkey.exe,33280,0x1FE6D6D9E00,DXGI,0,0,0,Composed: Flip,10612.2304,NA,8.63190000000000,6.95570000000000,0.13390000000000,8.84480000000000,24.9366,10603.6904,8.6739,8.5400,0.1339,9.3699,8.0149,7.9920,0.0229,-0.3190,10603.6904,NA
parkey.exe,33280,0x1FE6D6D9E00,DXGI,0,0,0,Composed: Flip,10620.0621,NA,7.83170000000000,6.89830000000000,0.10270000000000,9.60940000000000,24.0032,10612.3643,7.8005,7.6978,0.1027,8.7109,8.5963,8.5691,0.0272,1.7756,10612.3643,NA
parkey.exe,33280,0x1FE6D6D9E00,DXGI,0,0,0,Composed: Flip,10629.1111,NA,9.04900000000000,13.93260000000000,0.13920000000000,8.56450000000000,28.8868,10620.1648,9.0855,8.9463,0.1392,9.5067,8.0041,7.9774,0.0267,-6.1321,10620.1648,NA
parkey.exe,33280,0x1FE6D6D9E00,DXGI,0,0,0,Composed: Flip,10636.8450,NA,7.73390000000000,6.95660000000000,0.08620000000000,8.91900000000000,28.1095,10629.2503,7.6809,7.5947,0.0862,8.4253,8.0884,8.0684,0.0200,2.1289,10629.2503,NA
parkey.exe,33280,0x1FE6D6D9E00,DXGI,0,0,0,Composed: Flip,10645.7082,NA,8.86320000000000,6.94310000000000,0.14540000000000,8.60170000000000,26.1894,10636.9312,8.9224,8.7770,0.1454,8.8328,8.5459,8.5227,0.0232,0.7378,10636.9312,NA
parkey.exe,33280,0x1FE6D6D9E00,DXGI,0,0,0,Composed: Flip,10653.5545,NA,7.84630000000000,6.96500000000000,0.08530000000000,9.29720000000000,25.3081,10645.8536,7.7862,7.7009,0.0853,8.4563,8.5418,8.5176,0.0242,1.9574,10645.8536,NA
parkey.exe,33280,0x1FE6D6D9E00,DXGI,0,0,0,Composed: Flip,10662.4343,NA,8.87980000000000,6.88300000000000,0.12880000000000,8.44900000000000,23.3113,10653.6398,8.9233,8.7945,0.1288,9.2119,8.0316,8.0075,0.0241,0.9032,10653.6398,NA
parkey.exe,33280,0x1FE6D6D9E00,DXGI,0,0,0,Composed: Flip,10670.1159,NA,7.68160000000000,13.94120000000000,0.10180000000000,9.29780000000000,29.5709,10662.5631,7.6546,7.5528,0.1018,8.3202,8.5304,8.5065,0.0239,-5.0179,10662.5631,NA
parkey.exe,33280,0x1FE6D6D9E00,DXGI,0,0,0,Composed: Flip,10679.0774,NA,8.96150000000000,6.94860000000000,0.13020000000000,8.27310000000000,27.5580,10670.2177,8.9899,8.8597,0.1302,9.1960,7.9368,7.9100,0.0268,0.7060,10670.2177,NA
parkey.exe,33280,0x1FE6D6D9E00,DXGI,0,0,0,Composed: Flip,10687.0353,NA,7.95790000000000,6.92590000000000,0.11460000000000,9.46180000000000,26.5260,10679.2076,7.9423,7.8277,0.1146,8.1429,9.1466,9.1238,0.0228,2.0640,10679.2076,NA
parkey.exe,33280,0x1FE6D6D9E00,DXGI,0,0,0,Composed: Flip,10695.8663,NA,8.83100000000000,6.95770000000000,0.13250000000000,8.56140000000000,24.6527,10687.1499,8.8489,8.7164,0.1325,9.3472,7.9306,7.9056,0.0250,0.9846,10687.1499,NA
parkey.exe,33280,0x1FE6D6D9E00,DXGI,0,0,0,Composed: Flip,10703.6519,NA,7.78560000000000,6.91130000000000,0.08890000000000,9.34380000000000,23.7784,10695.9988,7.7420,7.6531,0.0889,8.4289,8.5680,8.5459,0.0221,1.9376,10695.9988,NA
parkey.exe,33280,0x1FE6D6D9E00,DXGI,0,0,0,Composed: Flip,10712.0497,NA,8.39780000000000,13.86690000000000,0.13580000000000,8.92760000000000,29.2475,10703.7408,8.4447,8.3089,0.1358,9.2549,7.9816,7.9514,0.0302,-6.1249,10703.7408,NA
parkey.exe,33280,0x1FE6D6D9E00,DXGI,0,0,0,Composed: Flip,10720.1555,NA,8.10580000000000,6.99400000000000,0.14310000000000,8.74310000000000,28.1357,10712.1855,8.1131,7.9700,0.1431,8.7918,7.9213,7.8978,0.0235,1.4507,10712.1855,NA
parkey.exe,33280,0x1FE6D6D9E00,DXGI,0,0,0,Composed: Flip,10728.7151,NA,8.55960000000000,6.90090000000000,0.10390000000000,8.67440000000000,26.4770,10720.2986,8.5204,8.4165,0.1039,8.6000,8.4909,8.4655,0.0254,1.2122,10720.2986,NA
parkey.exe,33280,0x1FE6D6D9E00,DXGI,0,0,0,Composed: Flip,10736.9706,NA,8.25550000000000,NA,0.10460000000000,9.35040000000000,NA,10728.8190,8.2562,8.1516,0.1046,8.5705,8.9315,8.9116,0.0199,NA,NA,NA
parkey.exe,33280,0x1FE6D6D9E00,DXGI,0,0,0,Composed: Flip,10745.3581,NA,8.38750000000000,6.99240000000000,0.11360000000000,9.19140000000000,16.8264,10737.0752,8.3965,8.2829,0.1136,9.2458,8.2285,8.2093,0.0192,9.7842,10737.0752,NA
parkey.exe,33280,0x1FE6D6D9E00,DXGI,0,0,0,Composed: Flip,10753.6958,NA,8.33770000000000,NA,0.11550000000000,9.76820000000000,NA,10745.4717,8.3396,8.2241,0.1155,9.0778,8.9145,8.7974,0.1171,NA,NA,NA
parkey.exe,33280,0x1FE6D6D9E00,DXGI,0,0,0,Composed: Flip,10762.4120,NA,8.71620000000000,20.83760000000000,0.12120000000000,9.07670000000000,20.6101,10753.8113,8.7219,8.6007,0.1212,9.6527,8.0247,7.9972,0.0275,-4.1015,10753.8113,NA
parkey.exe,33280,0x1FE6D6D9E00,DXGI,0,0,0,Composed: Flip,10770.1692,NA,7.75720000000000,NA,0.09240000000000,9.89750000000000,NA,10762.5332,7.7284,7.6360,0.0924,8.9555,8.5780,8.5511,0.0269,NA,NA,NA
parkey.exe,33280,0x1FE6D6D9E00,DXGI,0,0,0,Composed: Flip,10778.9400,NA,8.77080000000000,13.91980000000000,0.13270000000000,9.13390000000000,18.0019,10770.2616,8.8111,8.6784,0.1327,9.8051,8.0072,7.9824,0.0248,2.5305,10770.2616,NA
parkey.exe,33280,0x1FE6D6D9E00,DXGI,0,0,0,Composed: Flip,10786.8781,NA,7.93810000000000,NA,0.09990000000000,10.23490000000000,NA,10779.0727,7.9053,7.8054,0.0999,9.0012,9.0391,9.0163,0.0228,NA,NA,NA
parkey.exe,33280,0x1FE6D6D9E00,DXGI,0,0,0,Composed: Flip,10795.6239,NA,8.74580000000000,20.82340000000000,0.14260000000000,9.58790000000000,22.1414,10786.9780,8.7885,8.6459,0.1426,10.1350,8.0988,8.0799,0.0189,-4.1070,10786.9780,NA
parkey.exe,33280,0x1FE6D6D9E00,DXGI,0,0,0,Composed: Flip,10803.8683,NA,8.24440000000000,NA,0.10560000000000,10.16900000000000,NA,10795.7665,8.2074,8.1018,0.1056,9.4453,8.8255,8.7811,0.0444,NA,NA,NA
parkey.exe,33280,0x1FE6D6D9E00,DXGI,0,0,0,Composed: Flip,10812.4827,NA,8.61440000000000,NA,0.12780000000000,8.79190000000000,NA,10803.9739,8.6366,8.5088,0.1278,10.0634,7.2373,7.2171,0.0202,NA,NA,NA
parkey.exe,33280,0x1FE6D6D9E00,DXGI,0,0,0,Composed: Flip,10820.4749,NA,7.99220000000000,20.85320000000000,0.10720000000000,8.85230000000000,18.1436,10812.6105,7.9716,7.8644,0.1072,8.6641,8.0526,8.0175,0.0351,4.7793,10812.6105,NA
parkey.exe,33280,0x1FE6D6D9E00,DXGI,0,0,0,Composed: Flip,10829.1913,NA,8.71640000000000,NA,0.14800000000000,7.52350000000000,NA,10820.5821,8.7572,8.6092,0.1480,8.7451,7.3876,7.3703,0.0173,NA,NA,NA
parkey.exe,33280,0x1FE6D6D9E00,DXGI,0,0,0,Composed: Flip,10837.0428,NA,7.85150000000000,13.81430000000000,0.11640000000000,7.89120000000000,15.3900,10829.3393,7.8199,7.7035,0.1164,7.5873,8.0074,7.9756,0.0318,2.9145,10829.3393,NA
parkey.exe,33280,0x1FE6D6D9E00,DXGI,0,0,0,Composed: Flip,10846.2070,NA,9.16420000000000,13.95520000000000,0.12580000000000,7.12620000000000,20.1810,10837.1592,9.1736,9.0478,0.1258,8.7585,7.4155,7.3949,0.0206,-6.1353,10837.1592,NA
parkey.exe,33280,0x1FE6D6D9E00,DXGI,0,0,0,Composed: Flip,10853.6630,NA,7.45600000000000,13.89160000000000,0.10910000000000,7.70210000000000,26.6166,10846.3328,7.4393,7.3302,0.1091,7.2223,7.8100,7.7679,0.0421,-4.7180,10846.3328,NA
parkey.exe,33280,0x1FE6D6D9E00,DXGI,0,0,0,Composed: Flip,10862.3922,NA,8.72920000000000,6.93870000000000,0.13920000000000,7.32870000000000,24.8261,10853.7721,8.7593,8.6201,0.1392,8.4561,7.4927,7.4727,0.0200,0.5006,10853.7721,NA
parkey.exe,33280,0x1FE6D6D9E00,DXGI,0,0,0,Composed: Flip,10870.1849,NA,7.79270000000000,6.88860000000000,0.10680000000000,7.42780000000000,23.9220,10862.5314,7.7603,7.6535,0.1068,7.5540,7.5273,7.5023,0.0250,1.8707,10862.5314,NA
parkey.exe,33280,0x1FE6D6D9E00,DXGI,0,0,0,Composed: Flip,10879.1528,NA,8.96790000000000,NA,0.17360000000000,6.89810000000000,NA,10870.2917,9.0347,8.8611,0.1736,8.7006,7.0586,7.0348,0.0238,NA,NA,NA
parkey.exe,33280,0x1FE6D6D9E00,DXGI,0,0,0,Composed: Flip,10886.9823,NA,7.82950000000000,NA,0.11560000000000,6.07410000000000,NA,10879.3264,7.7715,7.6559,0.1156,7.5437,6.1863,6.1580,0.0283,NA,NA,NA
parkey.exe,33280,0x1FE6D6D9E00,DXGI,0,0,0,Composed: Flip,10895.8766,NA,8.89430000000000,NA,0.15770000000000,5.06210000000000,NA,10887.0979,8.9364,8.7787,0.1577,8.6248,5.2160,5.1944,0.0216,NA,NA,NA
parkey.exe,33280,0x1FE6D6D9E00,DXGI,0,0,0,Composed: Flip,10903.5546,NA,7.67800000000000,27.85260000000000,0.10900000000000,7.39040000000000,18.4049,10896.0343,7.6293,7.5203,0.1090,7.3791,7.5316,7.5001,0.0315,5.6503,10896.0343,NA
parkey.exe,33280,0x1FE6D6D9E00,DXGI,0,0,0,Composed: Flip,10912.3326,NA,8.77800000000000,NA,0.13870000000000,5.84620000000000,NA,10903.6636,8.8077,8.6690,0.1387,8.5129,6.0023,5.9729,0.0294,NA,NA,NA
parkey.exe,33280,0x1FE6D6D9E00,DXGI,0,0,0,Composed: Flip,10920.2048,NA,7.87220000000000,13.88370000000000,0.12130000000000,7.42950000000000,15.6384,10912.4713,7.8548,7.7335,0.1213,7.6228,7.5402,7.5122,0.0280,2.5533,10912.4713,NA
parkey.exe,33280,0x1FE6D6D9E00,DXGI,0,0,0,Composed: Flip,10929.1302,NA,8.92540000000000,NA,0.15250000000000,6.30240000000000,NA,10920.3261,8.9566,8.8041,0.1525,8.6183,6.4882,6.4662,0.0220,NA,NA,NA
parkey.exe,33280,0x1FE6D6D9E00,DXGI,0,0,0,Composed: Flip,10936.9485,NA,7.81830000000000,20.86650000000000,0.14720000000000,7.45210000000000,19.7612,10929.2827,7.8130,7.6658,0.1472,7.5590,7.5589,7.5300,0.0289,-4.0551,10929.2827,NA
parkey.exe,33280,0x1FE6D6D9E00,DXGI,0,0,0,Composed: Flip,10945.9149,NA,8.96640000000000,NA,0.14530000000000,5.90750000000000,NA,10937.0957,8.9645,8.8192,0.1453,8.6729,6.0538,6.0334,0.0204,NA,NA,NA
parkey.exe,33280,0x1FE6D6D9E00,DXGI,0,0,0,Composed: Flip,10953.6386,NA,7.72370000000000,13.86540000000000,0.13460000000000,7.41950000000000,16.9365,10946.0602,7.7130,7.5784,0.1346,7.4593,7.5386,7.5150,0.0236,2.9121,10946.0602,NA
parkey.exe,33280,0x1FE6D6D9E00,DXGI,0,0,0,Composed: Flip,10962.2619,NA,8.62330000000000,NA,0.14160000000000,6.13340000000000,NA,10953.7732,8.6303,8.4887,0.1416,8.3424,6.2797,6.2567,0.0230,NA,NA,NA
parkey.exe,33280,0x1FE6D6D9E00,DXGI,0,0,0,Composed: Flip,10970.2579,NA,7.99600000000000,NA,0.12710000000000,7.56450000000000,NA,10962.4035,7.9815,7.8544,0.1271,7.7476,7.6713,7.6494,0.0219,NA,NA,NA
parkey.exe,33280,0x1FE6D6D9E00,DXGI,0,0,0,Composed: Flip,10978.9980,NA,8.74010000000000,20.84900000000000,0.14510000000000,5.01920000000000,12.4261,10970.3850,8.7581,8.6130,0.1451,8.4593,5.1729,5.1487,0.0242,3.4758,10970.3850,NA
parkey.exe,33280,0x1FE6D6D9E00,DXGI,0,0,0,Composed: Flip,10987.4874,NA,8.48940000000000,NA,0.15940000000000,7.24590000000000,NA,10979.1431,8.5037,8.3443,0.1594,8.1667,7.4235,7.3983,0.0252,NA,NA,NA
parkey.exe,33280,0x1FE6D6D9E00,DXGI,0,0,0,Composed: Flip,10996.0152,NA,8.52780000000000,NA,0.17160000000000,5.02000000000000,NA,10987.6468,8.5400,8.3684,0.1716,8.1888,5.1996,5.1758,0.0238,NA,NA,NA
parkey.exe,33280,0x1FE6D6D9E00,DXGI,0,0,0,Composed: Flip,11004.0064,NA,7.99120000000000,27.77780000000000,0.17500000000000,7.73950000000000,15.1955,10996.1868,7.9946,7.8196,0.1750,7.6819,7.8772,7.8544,0.0228,-1.9760,10996.1868,NA
parkey.exe,33280,0x1FE6D6D9E00,DXGI,0,0,0,Composed: Flip,11012.5819,NA,8.57550000000000,NA,0.15680000000000,6.61670000000000,NA,11004.1814,8.5573,8.4005,0.1568,8.2366,6.7806,6.7546,0.0260,NA,NA,NA
parkey.exe,33280,0x1FE6D6D9E00,DXGI,0,0,0,Composed: Flip,11020.4276,NA,7.84570000000000,20.87030000000000,0.11880000000000,7.88040000000000,19.6446,11012.7387,7.8077,7.6889,0.1188,7.5735,7.9958,7.9734,0.0224,-4.3184,11012.7387,NA
parkey.exe,33280,0x1FE6D6D9E00,DXGI,0,0,0,Composed: Flip,11029.1356,NA,8.70800000000000,NA,0.14460000000000,6.28320000000000,NA,11020.5464,8.7338,8.5892,0.1446,8.4325,6.4399,6.4173,0.0226,NA,NA,NA
parkey.exe,33280,0x1FE6D6D9E00,DXGI,0,0,0,Composed: Flip,11036.9449,NA,7.80930000000000,13.84850000000000,0.12020000000000,8.29600000000000,16.9758,11029.2802,7.7849,7.6647,0.1202,7.5553,8.4054,8.3836,0.0218,2.6930,11029.2802,NA
parkey.exe,33280,0x1FE6D6D9E00,DXGI,0,0,0,Composed: Flip,11045.9250,NA,8.98010000000000,NA,0.16060000000000,6.66500000000000,NA,11037.0651,9.0205,8.8599,0.1606,8.6859,6.8390,6.8182,0.0208,NA,NA,NA
parkey.exe,33280,0x1FE6D6D9E00,DXGI,0,0,0,Composed: Flip,11053.9786,NA,8.05360000000000,20.84040000000000,0.13500000000000,8.16390000000000,20.7825,11046.0856,8.0280,7.8930,0.1350,7.6883,8.3686,8.3491,0.0195,-4.0350,11046.0856,NA
parkey.exe,33280,0x1FE6D6D9E00,DXGI,0,0,0,Composed: Flip,11062.4783,NA,8.49970000000000,NA,0.16440000000000,5.77070000000000,NA,11054.1136,8.5291,8.3647,0.1644,8.1792,5.9562,5.9358,0.0204,NA,NA,NA
parkey.exe,33280,0x1FE6D6D9E00,DXGI,0,0,0,Composed: Flip,11070.6427,NA,8.16440000000000,13.94110000000000,0.14970000000000,8.20330000000000,18.0595,11062.6427,8.1497,8.0000,0.1497,7.8486,8.3547,8.3317,0.0230,2.6160,11062.6427,NA
parkey.exe,33280,0x1FE6D6D9E00,DXGI,0,0,0,Composed: Flip,11079.1832,NA,8.54050000000000,NA,0.16360000000000,6.97290000000000,NA,11070.7924,8.5544,8.3908,0.1636,8.2126,7.1511,7.1189,0.0322,NA,NA,NA
parkey.exe,33280,0x1FE6D6D9E00,DXGI,0,0,0,Composed: Flip,11087.1696,NA,7.98640000000000,NA,0.13130000000000,7.67390000000000,NA,11079.3468,7.9541,7.8228,0.1313,7.6883,7.8084,7.7858,0.0226,NA,NA,NA
parkey.exe,33280,0x1FE6D6D9E00,DXGI,0,0,0,Composed: Flip,11095.8686,NA,8.69900000000000,NA,0.17020000000000,5.42230000000000,NA,11087.3009,8.7379,8.5677,0.1702,8.3900,5.6000,5.5739,0.0261,NA,NA,NA
parkey.exe,33280,0x1FE6D6D9E00,DXGI,0,0,0,Composed: Flip,11103.8919,NA,8.02330000000000,34.68810000000000,0.14020000000000,8.38490000000000,19.4984,11096.0388,7.9933,7.8531,0.1402,7.7308,8.5072,8.4852,0.0220,-1.2920,11096.0388,NA
parkey.exe,33280,0x1FE6D6D9E00,DXGI,0,0,0,Composed: Flip,11112.5562,NA,8.66430000000000,NA,0.13720000000000,6.32440000000000,NA,11104.0321,8.6613,8.5241,0.1372,8.2748,6.5737,6.5492,0.0245,NA,NA,NA
parkey.exe,33280,0x1FE6D6D9E00,DXGI,0,0,0,Composed: Flip,11120.5671,NA,8.01090000000000,13.86620000000000,0.11200000000000,8.13800000000000,16.6894,11112.6934,7.9857,7.8737,0.1120,7.6865,8.3252,8.3001,0.0251,2.7884,11112.6934,NA
parkey.exe,33280,0x1FE6D6D9E00,DXGI,0,0,0,Composed: Flip,11129.3500,NA,8.78290000000000,NA,0.16670000000000,6.59440000000000,NA,11120.6791,8.8376,8.6709,0.1667,8.4421,6.8232,6.7898,0.0334,NA,NA,NA
parkey.exe,33280,0x1FE6D6D9E00,DXGI,0,0,0,Composed: Flip,11137.4462,NA,8.09620000000000,20.86340000000000,0.20260000000000,8.62450000000000,20.6737,11129.5167,8.1321,7.9295,0.2026,7.7788,8.7752,8.7518,0.0234,-4.0401,11129.5167,NA
parkey.exe,33280,0x1FE6D6D9E00,DXGI,0,0,0,Composed: Flip,11145.7754,NA,8.32920000000000,NA,0.12530000000000,6.03330000000000,NA,11137.6488,8.2519,8.1266,0.1253,8.4219,5.7380,5.7139,0.0241,NA,NA,NA
parkey.exe,33280,0x1FE6D6D9E00,DXGI,0,0,0,Composed: Flip,11153.7574,NA,7.98200000000000,13.89300000000000,0.11270000000000,8.28580000000000,18.2555,11145.9007,7.9694,7.8567,0.1127,7.7066,8.4359,8.4136,0.0223,2.4910,11145.9007,NA
parkey.exe,33280,0x1FE6D6D9E00,DXGI,0,0,0,Composed: Flip,11162.7154,NA,8.95800000000000,NA,0.11880000000000,6.26150000000000,NA,11153.8701,8.9641,8.8453,0.1188,8.6116,6.4952,6.4581,0.0371,NA,NA,NA
parkey.exe,33280,0x1FE6D6D9E00,DXGI,0,0,0,Composed: Flip,11170.3973,NA,7.68190000000000,13.85600000000000,0.13090000000000,8.16910000000000,15.4716,11162.8342,7.6940,7.5631,0.1309,7.4166,8.3156,8.2698,0.0458,3.0775,11162.8342,NA
parkey.exe,33280,0x1FE6D6D9E00,DXGI,0,0,0,Composed: Flip,11179.0570,NA,8.65970000000000,NA,0.12870000000000,6.55380000000000,NA,11170.5282,8.6575,8.5288,0.1287,8.2761,6.8065,6.7765,0.0300,NA,NA,NA
parkey.exe,33280,0x1FE6D6D9E00,DXGI,0,0,0,Composed: Flip,11187.0065,NA,7.94950000000000,NA,0.12670000000000,7.68070000000000,NA,11179.1857,7.9475,7.8208,0.1267,7.6688,7.8327,7.8082,0.0245,NA,NA,NA
parkey.exe,33280,0x1FE6D6D9E00,DXGI,0,0,0,Composed: Flip,11195.9532,NA,8.94670000000000,NA,0.11560000000000,5.39500000000000,NA,11187.1332,8.9356,8.8200,0.1156,8.6150,5.6000,5.5811,0.0189,NA,NA,NA
parkey.exe,33280,0x1FE6D6D9E00,DXGI,0,0,0,Composed: Flip,11203.6103,NA,7.65710000000000,34.74220000000000,0.13430000000000,8.26180000000000,17.0008,11196.0688,7.6758,7.5415,0.1343,7.3952,8.4081,8.3854,0.0227,-1.5076,11196.0688,NA
parkey.exe,33280,0x1FE6D6D9E00,DXGI,0,0,0,Composed: Flip,11212.3007,NA,8.69040000000000,NA,0.13530000000000,7.17830000000000,NA,11203.7446,8.6914,8.5561,0.1353,8.3884,7.3460,7.2995,0.0465,NA,NA,NA
parkey.exe,33280,0x1FE6D6D9E00,DXGI,0,0,0,Composed: Flip,11220.2464,NA,7.94570000000000,20.83470000000000,0.13270000000000,8.91160000000000,21.1994,11212.4360,7.9431,7.8104,0.1327,7.7002,9.0218,8.9941,0.0277,-4.4675,11212.4360,NA
parkey.exe,33280,0x1FE6D6D9E00,DXGI,0,0,0,Composed: Flip,11228.8757,NA,8.62930000000000,NA,0.12580000000000,7.27540000000000,NA,11220.3791,8.6224,8.4966,0.1258,8.7789,6.9931,6.9606,0.0325,NA,NA,NA
parkey.exe,33280,0x1FE6D6D9E00,DXGI,0,0,0,Composed: Flip,11237.3489,NA,8.47320000000000,13.96470000000000,0.12260000000000,8.70710000000000,18.0616,11229.0015,8.4700,8.3474,0.1226,8.1400,8.9145,8.8895,0.0250,2.6008,11229.0015,NA
parkey.exe,33280,0x1FE6D6D9E00,DXGI,0,0,0,Composed: Flip,11245.8739,NA,8.52500000000000,13.82010000000000,0.16820000000000,7.98690000000000,23.3567,11237.4715,8.5706,8.4024,0.1682,8.5845,7.8048,7.7847,0.0201,-5.3501,11237.4715,NA
parkey.exe,33280,0x1FE6D6D9E00,DXGI,0,0,0,Composed: Flip,11253.7682,NA,7.89430000000000,NA,0.14450000000000,8.67200000000000,NA,11246.0421,7.8706,7.7261,0.1445,7.8453,8.5528,8.5302,0.0226,NA,NA,NA
parkey.exe,33280,0x1FE6D6D9E00,DXGI,0,0,0,Composed: Flip,11262.1026,NA,8.33440000000000,NA,0.11090000000000,7.64080000000000,NA,11253.9127,8.3008,8.1899,0.1109,8.5715,7.2592,7.2384,0.0208,NA,NA,NA
parkey.exe,33280,0x1FE6D6D9E00,DXGI,0,0,0,Composed: Flip,11270.3128,NA,8.21020000000000,20.84570000000000,0.12530000000000,8.88650000000000,19.7635,11262.2135,8.2246,8.0993,0.1253,7.9786,9.0072,8.9901,0.0171,3.8963,11262.2135,NA
parkey.exe,33280,0x1FE6D6D9E00,DXGI,0,0,0,Composed: Flip,11278.8283,NA,8.51550000000000,NA,0.13840000000000,7.77330000000000,NA,11270.4381,8.5286,8.3902,0.1384,8.7612,7.4023,7.3805,0.0218,NA,NA,NA
parkey.exe,33280,0x1FE6D6D9E00,DXGI,0,0,0,Composed: Flip,11286.9829,NA,8.15460000000000,NA,0.11340000000000,8.26120000000000,NA,11278.9667,8.1296,8.0162,0.1134,7.9041,8.3733,8.3535,0.0198,NA,NA,NA
parkey.exe,33280,0x1FE6D6D9E00,DXGI,0,0,0,Composed: Flip,11295.5581,NA,8.57520000000000,NA,0.14540000000000,5.77920000000000,NA,11287.0963,8.6072,8.4618,0.1454,8.2432,5.9978,5.9678,0.0300,NA,NA,NA
parkey.exe,33280,0x1FE6D6D9E00,DXGI,0,0,0,Composed: Flip,11303.6545,NA,8.09640000000000,34.72910000000000,0.11320000000000,8.79400000000000,21.1509,11295.7035,8.0642,7.9510,0.1132,7.8425,8.9025,8.8773,0.0252,-1.2391,11295.7035,NA
parkey.exe,33280,0x1FE6D6D9E00,DXGI,0,0,0,Composed: Flip,11312.2915,NA,8.63700000000000,NA,0.15360000000000,7.18530000000000,NA,11303.7677,8.6774,8.5238,0.1536,8.6808,7.0283,7.0091,0.0192,NA,NA,NA
parkey.exe,33280,0x1FE6D6D9E00,DXGI,0,0,0,Composed: Flip,11320.1226,NA,7.83110000000000,13.88300000000000,0.10160000000000,8.83070000000000,18.5658,11312.4451,7.7791,7.6775,0.1016,7.5347,8.9735,8.9431,0.0304,2.8586,11312.4451,NA
parkey.exe,33280,0x1FE6D6D9E00,DXGI,0,0,0,Composed: Flip,11329.1616,NA,9.03900000000000,NA,0.16780000000000,7.62810000000000,NA,11320.2242,9.1052,8.9374,0.1678,8.7640,7.8015,7.7760,0.0255,NA,NA,NA
parkey.exe,33280,0x1FE6D6D9E00,DXGI,0,0,0,Composed: Flip,11337.0969,NA,7.93530000000000,NA,0.12350000000000,8.84850000000000,NA,11329.3294,7.8910,7.7675,0.1235,7.6534,8.9626,8.9423,0.0203,NA,NA,NA
parkey.exe,33280,0x1FE6D6D9E00,DXGI,0,0,0,Composed: Flip,11345.6472,NA,8.55030000000000,20.83300000000000,0.12550000000000,6.81860000000000,13.8742,11337.2204,8.5523,8.4268,0.1255,8.7250,6.5204,6.4959,0.0245,3.9423,11337.2204,NA
parkey.exe,33280,0x1FE6D6D9E00,DXGI,0,0,0,Composed: Flip,11353.5489,NA,7.90170000000000,13.89940000000000,0.14930000000000,9.60730000000000,19.8719,11345.7727,7.9255,7.7762,0.1493,7.6702,9.7133,9.6872,0.0261,-5.3471,11345.7727,NA
parkey.exe,33280,0x1FE6D6D9E00,DXGI,0,0,0,Composed: Flip,11362.3185,NA,8.76960000000000,NA,0.13940000000000,7.97090000000000,NA,11353.6982,8.7597,8.6203,0.1394,9.4580,7.1332,7.1120,0.0212,NA,NA,NA
parkey.exe,33280,0x1FE6D6D9E00,DXGI,0,0,0,Composed: Flip,11370.1886,NA,7.87010000000000,13.87100000000000,0.10980000000000,9.13700000000000,17.1032,11362.4579,7.8405,7.7307,0.1098,7.8614,9.0063,8.9790,0.0273,2.8142,11362.4579,NA
parkey.exe,33280,0x1FE6D6D9E00,DXGI,0,0,0,Composed: Flip,11379.0000,NA,8.81140000000000,NA,0.14840000000000,8.16360000000000,NA,11370.2984,8.8500,8.7016,0.1484,9.0272,7.8380,7.8093,0.0287,NA,NA,NA
parkey.exe,33280,0x1FE6D6D9E00,DXGI,0,0,0,Composed: Flip,11386.7974,NA,7.79740000000000,NA,0.11160000000000,8.80130000000000,NA,11379.1484,7.7606,7.6490,0.1116,8.0453,8.4050,8.3794,0.0256,NA,NA,NA
parkey.exe,33280,0x1FE6D6D9E00,DXGI,0,0,0,Composed: Flip,11395.6893,NA,8.89190000000000,27.80820000000000,0.11700000000000,5.96210000000000,19.4107,11386.9090,8.8973,8.7803,0.1170,8.7320,6.0104,5.9881,0.0223,-3.3571,11386.9090,NA
parkey.exe,33280,0x1FE6D6D9E00,DXGI,0,0,0,Composed: Flip,11403.4309,NA,7.74160000000000,13.84680000000000,0.08800000000000,8.87660000000000,25.5159,11395.8063,7.7126,7.6246,0.0880,7.5139,8.9873,8.9571,0.0302,-4.9495,11395.8063,NA
parkey.exe,33280,0x1FE6D6D9E00,DXGI,0,0,0,Composed: Flip,11412.3278,NA,8.89690000000000,6.98310000000000,0.13730000000000,8.62260000000000,23.6021,11403.5189,8.9462,8.8089,0.1373,8.7886,8.6429,8.6235,0.0194,0.7295,11403.5189,NA
parkey.exe,33280,0x1FE6D6D9E00,DXGI,0,0,0,Composed: Flip,11420.2055,NA,7.87770000000000,13.83110000000000,0.10770000000000,10.05220000000000,29.5555,11412.4651,7.8481,7.7404,0.1077,8.4853,9.3073,9.2847,0.0226,-4.8849,11412.4651,NA
parkey.exe,33280,0x1FE6D6D9E00,DXGI,0,0,0,Composed: Flip,11429.0913,NA,8.88580000000000,7.09390000000000,0.11920000000000,9.98060000000000,27.7636,11420.3132,8.8973,8.7781,0.1192,9.9445,8.8142,8.7929,0.0213,0.7542,11420.3132,NA
parkey.exe,33280,0x1FE6D6D9E00,DXGI,0,0,0,Composed: Flip,11436.9556,NA,7.86430000000000,6.79880000000000,0.11890000000000,10.52040000000000,26.6981,11429.2105,7.8640,7.7451,0.1189,9.8614,8.4041,8.3797,0.0244,2.0985,11429.2105,NA
parkey.exe,33280,0x1FE6D6D9E00,DXGI,0,0,0,Composed: Flip,11445.2992,NA,8.34360000000000,13.96260000000000,0.09950000000000,11.60840000000000,32.3171,11437.0745,8.3242,8.2247,0.0995,10.4015,9.4316,9.4060,0.0256,-6.0986,11437.0745,NA
parkey.exe,33280,0x1FE6D6D9E00,DXGI,0,0,0,Composed: Flip,11454.2043,NA,8.90510000000000,6.91280000000000,0.09600000000000,11.59110000000000,30.3248,11445.3987,8.9016,8.8056,0.0960,11.5581,8.8386,8.8161,0.0225,1.4114,11445.3987,NA
parkey.exe,33280,0x1FE6D6D9E00,DXGI,0,0,0,Composed: Flip,11462.2999,NA,8.09560000000000,6.96500000000000,0.11950000000000,12.12880000000000,29.1942,11454.3003,8.1191,7.9996,0.1195,11.4951,8.6333,8.6092,0.0241,1.9366,11454.3003,NA
parkey.exe,33280,0x1FE6D6D9E00,DXGI,0,0,0,Composed: Flip,11470.0948,NA,7.79490000000000,6.93760000000000,0.11540000000000,13.63010000000000,28.3369,11462.4194,7.7908,7.6754,0.1154,12.0093,9.2962,9.2746,0.0216,1.1815,11462.4194,NA
parkey.exe,33280,0x1FE6D6D9E00,DXGI,0,0,0,Composed: Flip,11478.7862,NA,8.69140000000000,13.91710000000000,0.11070000000000,14.62330000000000,33.5626,11470.2102,8.6867,8.5760,0.1107,13.5147,9.6846,9.6542,0.0304,-6.1263,11470.2102,NA
parkey.exe,33280,0x1FE6D6D9E00,DXGI,0,0,0,Composed: Flip,11486.8071,NA,8.02090000000000,6.87650000000000,0.09340000000000,15.32810000000000,32.4182,11478.8969,8.0036,7.9102,0.0934,14.5126,8.7257,8.7060,0.0197,1.8102,11478.8969,NA
parkey.exe,33280,0x1FE6D6D9E00,DXGI,0,0,0,Composed: Flip,11495.2042,NA,8.39710000000000,6.93950000000000,0.11890000000000,15.82930000000000,30.9606,11486.9005,8.4226,8.3037,0.1189,15.2347,8.8983,8.8710,0.0273,1.0641,11486.9005,NA
parkey.exe,33280,0x1FE6D6D9E00,DXGI,0,0,0,Composed: Flip,11503.6156,NA,8.41140000000000,13.93680000000000,0.12950000000000,16.72310000000000,36.4860,11495.3231,8.4220,8.2925,0.1295,15.7104,9.3052,9.2787,0.0265,-5.5142,11495.3231,NA
parkey.exe,33280,0x1FE6D6D9E00,DXGI,0,0,0,Composed: Flip,11512.1329,NA,8.51730000000000,6.91190000000000,0.10960000000000,17.17990000000000,34.8806,11503.7451,8.4974,8.3878,0.1096,16.5936,8.9741,8.9516,0.0225,1.5101,11503.7451,NA
parkey.exe,33280,0x1FE6D6D9E00,DXGI,0,0,0,Composed: Flip,11520.8951,NA,8.76220000000000,6.93050000000000,0.10010000000000,17.66170000000000,33.0489,11512.2425,8.7527,8.6526,0.1001,17.0703,9.2440,9.2193,0.0247,1.5669,11512.2425,NA
parkey.exe,33280,0x1FE6D6D9E00,DXGI,0,0,0,Composed: Flip,11529.9034,NA,9.00830000000000,13.95700000000000,0.11460000000000,17.26350000000000,37.9976,11520.9952,9.0228,8.9082,0.1146,17.5616,8.6101,8.5872,0.0229,-5.2043,11520.9952,NA
parkey.exe,33280,0x1FE6D6D9E00,DXGI,0,0,0,Composed: Flip,11538.8154,NA,8.91200000000000,6.94510000000000,0.11650000000000,18.00760000000000,36.0307,11530.0180,8.9139,8.7974,0.1165,17.1489,9.6561,9.6364,0.0197,2.0777,11530.0180,NA
parkey.exe,33280,0x1FE6D6D9E00,DXGI,0,0,0,Composed: Flip,11547.6899,NA,8.87450000000000,6.88370000000000,0.11480000000000,17.92250000000000,34.0399,11538.9319,8.8728,8.7580,0.1148,17.8911,8.7894,8.7653,0.0241,2.0302,11538.9319,NA
parkey.exe,33280,0x1FE6D6D9E00,DXGI,0,0,0,Composed: Flip,11556.9148,NA,9.22490000000000,7.00390000000000,0.08490000000000,17.28680000000000,31.8189,11547.8047,9.1950,9.1101,0.0849,17.8077,8.5892,8.5678,0.0214,1.8689,11547.8047,NA
parkey.exe,33280,0x1FE6D6D9E00,DXGI,0,0,0,Composed: Flip,11566.1548,NA,9.24000000000000,13.88380000000000,0.15770000000000,17.81590000000000,36.4627,11556.9997,9.3128,9.1551,0.1577,17.2019,9.7691,9.7446,0.0245,-4.6888,11556.9997,NA
parkey.exe,33280,0x1FE6D6D9E00,DXGI,0,0,0,Composed: Flip,11574.9317,NA,8.77690000000000,6.95110000000000,0.12780000000000,17.56390000000000,34.6369,11566.3125,8.7470,8.6192,0.1278,17.6582,8.5249,8.5027,0.0222,2.3617,11566.3125,NA
parkey.exe,33280,0x1FE6D6D9E00,DXGI,0,0,0,Composed: Flip,11584.2930,NA,9.36130000000000,6.93140000000000,0.10180000000000,17.48120000000000,32.2070,11575.0595,9.3353,9.2335,0.1018,17.4361,9.2786,9.2551,0.0235,1.8156,11575.0595,NA
parkey.exe,33280,0x1FE6D6D9E00,DXGI,0,0,0,Composed: Flip,11593.1991,NA,8.90610000000000,13.89600000000000,0.10210000000000,18.26680000000000,37.1969,11584.3948,8.9064,8.8043,0.1021,17.3794,9.6917,9.6694,0.0223,-4.5607,11584.3948,NA
parkey.exe,33280,0x1FE6D6D9E00,DXGI,0,0,0,Composed: Flip,11602.3946,NA,9.19550000000000,6.89290000000000,0.08570000000000,18.21870000000000,34.8943,11593.3012,9.1791,9.0934,0.0857,18.1647,9.1474,9.1260,0.0214,2.0135,11593.3012,NA
parkey.exe,33280,0x1FE6D6D9E00,DXGI,0,0,0,Composed: Flip,11612.0586,NA,9.66400000000000,6.94970000000000,0.09800000000000,17.04210000000000,32.1800,11602.4803,9.6763,9.5783,0.0980,18.1330,8.4874,8.4612,0.0262,2.2294,11602.4803,NA
parkey.exe,33280,0x1FE6D6D9E00,DXGI,0,0,0,Composed: Flip,11621.3035,NA,9.24490000000000,13.95040000000000,0.10170000000000,16.75170000000000,36.8855,11612.1566,9.2486,9.1469,0.1017,16.9441,8.9545,8.8898,0.0647,-4.2741,11612.1566,NA
parkey.exe,33280,0x1FE6D6D9E00,DXGI,0,0,0,Composed: Flip,11629.9905,NA,8.68700000000000,6.92800000000000,0.13000000000000,16.34110000000000,35.1265,11621.4052,8.7153,8.5853,0.1300,16.6500,8.2764,8.2535,0.0229,2.3206,11621.4052,NA
parkey.exe,33280,0x1FE6D6D9E00,DXGI,0,0,0,Composed: Flip,11638.7592,NA,8.76870000000000,6.96440000000000,0.09320000000000,16.61630000000000,33.3222,11630.1205,8.7319,8.6387,0.0932,16.2111,9.0439,9.0202,0.0237,1.7509,11630.1205,NA
parkey.exe,33280,0x1FE6D6D9E00,DXGI,0,0,0,Composed: Flip,11646.6558,NA,7.89660000000000,6.88490000000000,0.09910000000000,17.08610000000000,32.3105,11638.8524,7.9025,7.8034,0.0991,16.5231,8.3664,8.3401,0.0263,1.8470,11638.8524,NA
parkey.exe,33280,0x1FE6D6D9E00,DXGI,0,0,0,Composed: Flip,11655.5845,NA,8.92870000000000,13.94000000000000,0.11820000000000,17.38090000000000,37.3218,11646.7549,8.9478,8.8296,0.1182,16.9870,9.2235,9.1043,0.1192,-6.0375,11646.7549,NA
parkey.exe,33280,0x1FE6D6D9E00,DXGI,0,0,0,Composed: Flip,11664.3725,NA,8.78800000000000,6.93360000000000,0.09630000000000,16.76740000000000,35.4674,11655.7027,8.7661,8.6698,0.0963,17.2627,8.1745,8.1539,0.0206,2.0142,11655.7027,NA
parkey.exe,33280,0x1FE6D6D9E00,DXGI,0,0,0,Composed: Flip,11673.3896,NA,9.01710000000000,6.95550000000000,0.09810000000000,16.55270000000000,33.4058,11664.4688,9.0189,8.9208,0.0981,16.6711,8.8024,8.7746,0.0278,1.8106,11664.4688,NA
parkey.exe,33280,0x1FE6D6D9E00,DXGI,0,0,0,Composed: Flip,11681.6837,NA,8.29410000000000,6.89460000000000,0.09090000000000,17.14960000000000,32.0063,11673.4877,8.2869,8.1960,0.0909,16.4546,8.8910,8.8666,0.0244,2.1243,11673.4877,NA
parkey.exe,33280,0x1FE6D6D9E00,DXGI,0,0,0,Composed: Flip,11690.7324,NA,9.04870000000000,13.96710000000000,0.12120000000000,17.11380000000000,36.9247,11681.7746,9.0790,8.9578,0.1212,17.0587,9.0129,8.9671,0.0458,-5.6802,11681.7746,NA
parkey.exe,33280,0x1FE6D6D9E00,DXGI,0,0,0,Composed: Flip,11699.2402,NA,8.50780000000000,6.93050000000000,0.09640000000000,17.03850000000000,35.3474,11690.8536,8.4830,8.3866,0.0964,16.9926,8.4325,8.4084,0.0241,2.1485,11690.8536,NA
parkey.exe,33280,0x1FE6D6D9E00,DXGI,0,0,0,Composed: Flip,11707.6608,NA,8.42060000000000,6.89110000000000,0.11920000000000,17.01970000000000,33.8179,11699.3366,8.4434,8.3242,0.1192,16.9421,8.4018,8.3767,0.0251,1.5919,11699.3366,NA
parkey.exe,33280,0x1FE6D6D9E00,DXGI,0,0,0,Composed: Flip,11716.6394,NA,8.97860000000000,6.94660000000000,0.09250000000000,16.87230000000000,31.7859,11707.7800,8.9519,8.8594,0.0925,16.9005,8.8312,8.8108,0.0204,1.4968,11707.7800,NA
parkey.exe,33280,0x1FE6D6D9E00,DXGI,0,0,0,Composed: Flip,11725.3737,NA,8.73430000000000,13.93880000000000,0.13360000000000,16.34150000000000,36.9904,11716.7319,8.7754,8.6418,0.1336,16.7798,8.2035,8.1827,0.0208,-4.9869,11716.7319,NA
parkey.exe,33280,0x1FE6D6D9E00,DXGI,0,0,0,Composed: Flip,11734.1219,NA,8.74820000000000,6.94570000000000,0.09960000000000,16.70630000000000,35.1879,11725.5073,8.7142,8.6146,0.0996,16.2079,9.1130,9.0912,0.0218,1.8297,11725.5073,NA
parkey.exe,33280,0x1FE6D6D9E00,DXGI,0,0,0,Composed: Flip,11742.4569,NA,8.33500000000000,6.95980000000000,0.11980000000000,16.77180000000000,33.8127,11734.2215,8.3552,8.2354,0.1198,16.6067,8.4005,8.3778,0.0227,1.7544,11734.2215,NA
parkey.exe,33280,0x1FE6D6D9E00,DXGI,0,0,0,Composed: Flip,11751.0670,NA,8.61010000000000,6.89190000000000,0.11160000000000,16.42720000000000,32.0945,11742.5767,8.6019,8.4903,0.1116,16.6520,8.2655,8.2377,0.0278,1.4633,11742.5767,NA
parkey.exe,33280,0x1FE6D6D9E00,DXGI,0,0,0,Composed: Flip,11759.4393,NA,8.37230000000000,6.98490000000000,0.08110000000000,16.51860000000000,30.7071,11751.1786,8.3418,8.2607,0.0811,16.3156,8.4637,8.4340,0.0297,1.6170,11751.1786,NA
parkey.exe,33280,0x1FE6D6D9E00,DXGI,0,0,0,Composed: Flip,11767.8247,NA,8.38540000000000,13.90800000000000,0.09120000000000,17.05570000000000,36.2297,11759.5204,8.3955,8.3043,0.0912,16.4375,8.9225,8.8904,0.0321,-5.5662,11759.5204,NA
parkey.exe,33280,0x1FE6D6D9E00,DXGI,0,0,0,Composed: Flip,11776.8610,NA,9.03630000000000,6.93700000000000,0.12910000000000,16.30760000000000,34.1304,11767.9159,9.0742,8.9451,0.1291,16.9645,8.2882,8.2641,0.0241,1.4585,11767.9159,NA
parkey.exe,33280,0x1FE6D6D9E00,DXGI,0,0,0,Composed: Flip,11785.2983,NA,8.43730000000000,6.88470000000000,0.08980000000000,16.66100000000000,32.5778,11776.9901,8.3980,8.3082,0.0898,16.1785,8.7907,8.7624,0.0283,2.1895,11776.9901,NA
parkey.exe,33280,0x1FE6D6D9E00,DXGI,0,0,0,Composed: Flip,11793.6345,NA,8.33620000000000,6.94860000000000,0.09950000000000,17.24610000000000,31.1902,11785.3881,8.3459,8.2464,0.0995,16.5712,8.9213,8.8808,0.0405,1.4494,11785.3881,NA
parkey.exe,33280,0x1FE6D6D9E00,DXGI,0,0,0,Composed: Flip,11802.5514,NA,8.91690000000000,13.94300000000000,0.10230000000000,16.19150000000000,36.2163,11793.7340,8.9197,8.8174,0.1023,17.1466,7.8623,7.8339,0.0284,-5.5971,11793.7340,NA
parkey.exe,33280,0x1FE6D6D9E00,DXGI,0,0,0,Composed: Flip,11811.4209,NA,8.86950000000000,6.95160000000000,0.12420000000000,16.14820000000000,34.2984,11802.6537,8.8914,8.7672,0.1242,16.0892,8.8262,8.8052,0.0210,1.9681,11802.6537,NA
parkey.exe,33280,0x1FE6D6D9E00,DXGI,0,0,0,Composed: Flip,11819.3200,NA,7.89910000000000,6.95090000000000,0.10960000000000,16.27180000000000,33.3502,11811.5451,7.8845,7.7749,0.1096,16.0240,8.0227,7.9956,0.0271,1.9405,11811.5451,NA
parkey.exe,33280,0x1FE6D6D9E00,DXGI,0,0,0,Composed: Flip,11828.0407,NA,8.72070000000000,6.88210000000000,0.09940000000000,15.52490000000000,31.5116,11819.4296,8.7105,8.6111,0.0994,16.1622,7.9738,7.9488,0.0250,1.0024,11819.4296,NA
parkey.exe,33280,0x1FE6D6D9E00,DXGI,0,0,0,Composed: Flip,11835.9434,NA,7.90270000000000,6.99320000000000,0.08170000000000,16.21390000000000,30.6021,11828.1401,7.8850,7.8033,0.0817,15.4255,8.5917,8.5671,0.0246,1.7173,11828.1401,NA
parkey.exe,33280,0x1FE6D6D9E00,DXGI,0,0,0,Composed: Flip,11844.0159,NA,8.07250000000000,13.90250000000000,0.09550000000000,16.49470000000000,36.4321,11836.0251,8.0863,7.9908,0.0955,16.1322,8.3533,8.3312,0.0221,-6.0175,11836.0251,NA
parkey.exe,33280,0x1FE6D6D9E00,DXGI,0,0,0,Composed: Flip,11852.6908,NA,8.67490000000000,6.92440000000000,0.10490000000000,16.16160000000000,34.6816,11844.1114,8.6843,8.5794,0.1049,16.3992,8.3418,8.3222,0.0196,1.1619,11844.1114,NA
parkey.exe,33280,0x1FE6D6D9E00,DXGI,0,0,0,Composed: Flip,11861.0737,NA,8.38290000000000,6.99070000000000,0.09850000000000,16.32080000000000,33.2894,11852.7957,8.3765,8.2780,0.0985,16.0567,8.5421,8.5189,0.0232,1.6936,11852.7957,NA
parkey.exe,33280,0x1FE6D6D9E00,DXGI,0,0,0,Composed: Flip,11868.8998,NA,7.82610000000000,6.85850000000000,0.08310000000000,16.73290000000000,32.3218,11861.1722,7.8107,7.7276,0.0831,16.2223,8.2382,8.2110,0.0272,1.5180,11861.1722,NA
parkey.exe,33280,0x1FE6D6D9E00,DXGI,0,0,0,Composed: Flip,11877.7797,NA,8.87990000000000,7.01580000000000,0.12500000000000,15.75010000000000,30.4577,11868.9829,8.9218,8.7968,0.1250,16.6498,7.8971,7.8570,0.0401,0.7949,11868.9829,NA
parkey.exe,33280,0x1FE6D6D9E00,DXGI,0,0,0,Composed: Flip,11885.9803,NA,8.20060000000000,NA,0.08220000000000,16.36990000000000,NA,11877.9047,8.1578,8.0756,0.0822,15.6251,8.8204,8.7982,0.0222,NA,NA,NA
parkey.exe,33280,0x1FE6D6D9E00,DXGI,0,0,0,Composed: Flip,11894.1056,NA,8.12530000000000,NA,0.10190000000000,17.32380000000000,NA,11886.0625,8.1450,8.0431,0.1019,16.2877,9.0792,9.0564,0.0228,NA,NA,NA
parkey.exe,33280,0x1FE6D6D9E00,DXGI,0,0,0,Composed: Flip,11902.6498,NA,8.54420000000000,20.83030000000000,0.10460000000000,16.89120000000000,26.4179,11894.2075,8.5469,8.4423,0.1046,17.2219,8.1116,8.0888,0.0228,4.3943,11894.2075,NA
parkey.exe,33280,0x1FE6D6D9E00,DXGI,0,0,0,Composed: Flip,11912.1991,NA,9.54930000000000,13.84170000000000,0.11420000000000,15.22680000000000,30.7103,11902.7544,9.5589,9.4447,0.1142,16.7866,7.8849,7.7466,0.1383,-5.2948,11902.7544,NA
parkey.exe,33280,0x1FE6D6D9E00,DXGI,0,0,0,Composed: Flip,11920.0770,NA,7.87790000000000,NA,0.10200000000000,16.12130000000000,NA,11912.3133,7.8657,7.7637,0.1020,15.1126,8.7724,8.7374,0.0350,NA,NA,NA
parkey.exe,33280,0x1FE6D6D9E00,DXGI,0,0,0,Composed: Flip,11928.5139,NA,8.43690000000000,NA,0.11680000000000,16.36460000000000,NA,11920.1790,8.4517,8.3349,0.1168,16.0193,8.6802,8.6599,0.0203,NA,NA,NA
parkey.exe,33280,0x1FE6D6D9E00,DXGI,0,0,0,Composed: Flip,11936.9730,NA,8.45910000000000,20.87300000000000,0.12640000000000,16.15270000000000,26.8094,11928.6307,8.4687,8.3423,0.1264,16.2478,8.2472,8.2245,0.0227,5.0033,11928.6307,NA
parkey.exe,33280,0x1FE6D6D9E00,DXGI,0,0,0,Composed: Flip,11945.1003,NA,8.12730000000000,NA,0.11200000000000,16.09270000000000,NA,11937.0994,8.1129,8.0009,0.1120,16.0263,8.0673,8.0411,0.0262,NA,NA,NA
parkey.exe,33280,0x1FE6D6D9E00,DXGI,0,0,0,Composed: Flip,11953.5759,NA,8.47560000000000,13.90010000000000,0.10390000000000,16.53540000000000,24.1066,11945.2123,8.4675,8.3636,0.1039,15.9807,8.9183,8.8938,0.0245,2.6815,11945.2123,NA
parkey.exe,33280,0x1FE6D6D9E00,DXGI,0,0,0,Composed: Flip,11962.0813,NA,8.50540000000000,NA,0.10590000000000,16.69680000000000,NA,11953.6798,8.5074,8.4015,0.1059,16.4315,8.6668,8.6390,0.0278,NA,NA,NA
parkey.exe,33280,0x1FE6D6D9E00,DXGI,0,0,0,Composed: Flip,11970.4822,NA,8.40090000000000,NA,0.10280000000000,16.59840000000000,NA,11962.1872,8.3978,8.2950,0.1028,16.5909,8.3025,8.2692,0.0333,NA,NA,NA
parkey.exe,33280,0x1FE6D6D9E00,DXGI,0,0,0,Composed: Flip,11979.0083,NA,8.52610000000000,27.78210000000000,0.11130000000000,16.80110000000000,26.4563,11970.5850,8.5346,8.4233,0.1113,16.4956,8.7288,8.7035,0.0253,-2.4094,11970.5850,NA
parkey.exe,33280,0x1FE6D6D9E00,DXGI,0,0,0,Composed: Flip,11987.6372,NA,8.62890000000000,13.83360000000000,0.12310000000000,16.41640000000000,31.6610,11979.1196,8.6407,8.5176,0.1231,16.6898,8.2442,8.2219,0.0223,-5.2990,11979.1196,NA
parkey.exe,33280,0x1FE6D6D9E00,DXGI,0,0,0,Composed: Flip,11996.7134,NA,9.07620000000000,NA,0.10990000000000,16.10850000000000,NA,11987.7603,9.0630,8.9531,0.1099,16.2933,8.7683,8.7418,0.0265,NA,NA,NA
parkey.exe,33280,0x1FE6D6D9E00,DXGI,0,0,0,Composed: Flip,12004.7927,NA,8.07930000000000,NA,0.13020000000000,15.52980000000000,NA,11996.8233,8.0996,7.9694,0.1302,15.9986,7.5006,7.4742,0.0264,NA,NA,NA
parkey.exe,33280,0x1FE6D6D9E00,DXGI,0,0,0,Composed: Flip,12013.7401,NA,8.94740000000000,20.89820000000000,0.12630000000000,14.79970000000000,26.4563,12004.9229,8.9435,8.8172,0.1263,15.3996,8.2173,8.1932,0.0241,4.9051,12004.9229,NA
parkey.exe,33280,0x1FE6D6D9E00,DXGI,0,0,0,Composed: Flip,12020.7781,NA,7.03800000000000,NA,0.08750000000000,15.31980000000000,NA,12013.8664,6.9992,6.9117,0.0875,14.6734,7.5581,7.5219,0.0362,NA,NA,NA
parkey.exe,33280,0x1FE6D6D9E00,DXGI,0,0,0,Composed: Flip,12029.3339,NA,8.55580000000000,13.86210000000000,0.10930000000000,14.71490000000000,24.7246,12020.8656,8.5776,8.4683,0.1093,15.2323,7.9509,7.9277,0.0232,2.0806,12020.8656,NA
parkey.exe,33280,0x1FE6D6D9E00,DXGI,0,0,0,Composed: Flip,12036.4577,NA,7.12380000000000,NA,0.08660000000000,15.24470000000000,NA,12029.4432,7.1011,7.0145,0.0866,14.6056,7.6536,7.6283,0.0253,NA,NA,NA
parkey.exe,33280,0x1FE6D6D9E00,DXGI,0,0,0,Composed: Flip,12044.9313,NA,8.47360000000000,13.91210000000000,0.11070000000000,15.14890000000000,23.0393,12036.5443,8.4977,8.3870,0.1107,15.1581,8.3778,8.2966,0.0812,1.7666,12036.5443,NA
parkey.exe,33280,0x1FE6D6D9E00,DXGI,0,0,0,Composed: Flip,12052.1843,NA,7.25300000000000,13.84220000000000,0.08620000000000,15.46620000000000,29.6285,12045.0420,7.2285,7.1423,0.0862,15.0382,7.5703,7.5431,0.0272,-5.3445,12045.0420,NA
parkey.exe,33280,0x1FE6D6D9E00,DXGI,0,0,0,Composed: Flip,12061.2112,NA,9.02690000000000,NA,0.11830000000000,14.41990000000000,NA,12052.2705,9.0590,8.9407,0.1183,15.3800,7.9806,7.9546,0.0260,NA,NA,NA
parkey.exe,33280,0x1FE6D6D9E00,DXGI,0,0,0,Composed: Flip,12068.2002,NA,6.98900000000000,13.89380000000000,0.11920000000000,14.99640000000000,27.5064,12061.3295,6.9899,6.8707,0.1192,14.3016,7.5655,7.5485,0.0170,2.3937,12061.3295,NA
parkey.exe,33280,0x1FE6D6D9E00,DXGI,0,0,0,Composed: Flip,12076.8137,NA,8.61350000000000,NA,0.11670000000000,12.15170000000000,NA,12068.3194,8.6110,8.4943,0.1167,14.8772,5.7688,5.7401,0.0287,NA,NA,NA
parkey.exe,33280,0x1FE6D6D9E00,DXGI,0,0,0,Composed: Flip,12083.6605,NA,6.84680000000000,NA,0.10480000000000,13.33220000000000,NA,12076.9304,6.8349,6.7301,0.1048,12.0718,7.9905,7.9633,0.0272,NA,NA,NA
parkey.exe,33280,0x1FE6D6D9E00,DXGI,0,0,0,Composed: Flip,12090.1058,NA,6.44530000000000,20.89030000000000,0.11210000000000,14.31800000000000,26.4911,12083.7653,6.4526,6.3405,0.1121,13.2274,7.4311,7.4071,0.0240,1.5455,12083.7653,NA
parkey.exe,33280,0x1FE6D6D9E00,DXGI,0,0,0,Composed: Flip,12097.2715,NA,7.16570000000000,NA,0.10600000000000,14.82960000000000,NA,12090.2179,7.1596,7.0536,0.1060,14.2464,7.6368,7.6123,0.0245,NA,NA,NA
parkey.exe,33280,0x1FE6D6D9E00,DXGI,0,0,0,Composed: Flip,12105.0279,NA,7.75640000000000,NA,0.08220000000000,14.19140000000000,NA,12097.3775,7.7326,7.6504,0.0822,14.7236,7.1182,7.0906,0.0276,NA,NA,NA
parkey.exe,33280,0x1FE6D6D9E00,DXGI,0,0,0,Composed: Flip,12113.6376,NA,8.60970000000000,20.83110000000000,0.11120000000000,12.72040000000000,23.7904,12105.1101,8.6387,8.5275,0.1112,14.1580,7.0899,7.0631,0.0268,0.5137,12105.1101,NA
parkey.exe,33280,0x1FE6D6D9E00,DXGI,0,0,0,Composed: Flip,12121.5209,NA,7.88330000000000,NA,0.09890000000000,11.09080000000000,NA,12113.7488,7.8710,7.7721,0.0989,12.6092,6.2537,6.2319,0.0218,NA,NA,NA
parkey.exe,33280,0x1FE6D6D9E00,DXGI,0,0,0,Composed: Flip,12130.0630,NA,8.54210000000000,NA,0.12800000000000,7.77720000000000,NA,12121.6198,8.5712,8.4432,0.1280,10.9919,5.2285,5.2008,0.0277,NA,NA,NA
parkey.exe,33280,0x1FE6D6D9E00,DXGI,0,0,0,Composed: Flip,12138.2230,NA,8.16000000000000,20.86430000000000,0.09730000000000,7.54600000000000,20.0693,12130.1910,8.1293,8.0320,0.0973,7.8730,7.7050,7.6824,0.0226,4.2166,12130.1910,NA
parkey.exe,33280,0x1FE6D6D9E00,DXGI,0,0,0,Composed: Flip,12146.9301,NA,8.70710000000000,NA,0.12670000000000,5.52860000000000,NA,12138.3203,8.7365,8.6098,0.1267,8.4752,5.6632,5.6214,0.0418,NA,NA,NA
parkey.exe,33280,0x1FE6D6D9E00,DXGI,0,0,0,Composed: Flip,12154.8548,NA,7.92470000000000,13.87350000000000,0.08730000000000,8.02040000000000,17.3110,12147.0568,7.8853,7.7980,0.0873,7.6602,8.1582,8.1378,0.0204,2.9923,12147.0568,NA
parkey.exe,33280,0x1FE6D6D9E00,DXGI,0,0,0,Composed: Flip,12163.5049,NA,8.65010000000000,13.87510000000000,0.12560000000000,6.24950000000000,22.5360,12154.9421,8.6884,8.5628,0.1256,8.4333,6.3790,6.3575,0.0215,-5.9898,12154.9421,NA
parkey.exe,33280,0x1FE6D6D9E00,DXGI,0,0,0,Composed: Flip,12171.4584,NA,7.95350000000000,NA,0.10510000000000,7.62730000000000,NA,12163.6305,7.9330,7.8279,0.1051,7.7208,7.7344,7.7113,0.0231,NA,NA,NA
parkey.exe,33280,0x1FE6D6D9E00,DXGI,0,0,0,Composed: Flip,12180.1540,NA,8.69560000000000,NA,0.14350000000000,5.60050000000000,NA,12171.5635,8.7340,8.5905,0.1435,8.4567,5.7343,5.7085,0.0258,NA,NA,NA
parkey.exe,33280,0x1FE6D6D9E00,DXGI,0,0,0,Composed: Flip,12188.1658,NA,8.01180000000000,20.86550000000000,0.12930000000000,7.61640000000000,18.7406,12180.2975,7.9976,7.8683,0.1293,7.7602,7.7245,7.7042,0.0203,4.4899,12180.2975,NA
parkey.exe,33280,0x1FE6D6D9E00,DXGI,0,0,0,Composed: Flip,12196.7923,NA,8.62650000000000,NA,0.12560000000000,5.93850000000000,NA,12188.2951,8.6228,8.4972,0.1256,8.3601,6.0756,6.0569,0.0187,NA,NA,NA
parkey.exe,33280,0x1FE6D6D9E00,DXGI,0,0,0,Composed: Flip,12204.7425,NA,7.95020000000000,NA,0.10820000000000,7.51460000000000,NA,12196.9179,7.9328,7.8246,0.1082,7.7296,7.6096,7.5876,0.0220,NA,NA,NA
parkey.exe,33280,0x1FE6D6D9E00,DXGI,0,0,0,Composed: Flip,12213.5752,NA,8.83270000000000,NA,0.12360000000000,5.17020000000000,NA,12204.8507,8.8481,8.7245,0.1236,8.5948,5.2999,5.2730,0.0269,NA,NA,NA
parkey.exe,33280,0x1FE6D6D9E00,DXGI,0,0,0,Composed: Flip,12221.5661,NA,7.99090000000000,34.73260000000001,0.11100000000000,8.10830000000000,20.0729,12213.6988,7.9783,7.8673,0.1110,7.7567,8.2189,8.1993,0.0196,-1.3313,12213.6988,NA
parkey.exe,33280,0x1FE6D6D9E00,DXGI,0,0,0,Composed: Flip,12230.2136,NA,8.64750000000000,13.86900000000000,0.12870000000000,5.51890000000000,25.2944,12221.6771,8.6652,8.5365,0.1287,8.3996,5.6558,5.6351,0.0207,-5.8907,12221.6771,NA
parkey.exe,33280,0x1FE6D6D9E00,DXGI,0,0,0,Composed: Flip,12238.2435,NA,8.02990000000000,6.96670000000000,0.11310000000000,8.13040000000000,24.2312,12230.3423,8.0143,7.9012,0.1131,7.7919,8.2397,8.2169,0.0228,1.6985,12230.3423,NA
parkey.exe,33280,0x1FE6D6D9E00,DXGI,0,0,0,Composed: Flip,12247.0007,NA,8.75720000000000,6.89060000000000,0.14870000000000,7.04770000000000,22.3646,12238.3566,8.7928,8.6441,0.1487,8.4888,7.2030,7.1826,0.0204,1.1237,12238.3566,NA
parkey.exe,33280,0x1FE6D6D9E00,DXGI,0,0,0,Composed: Flip,12254.8753,NA,7.87460000000000,13.92660000000000,0.11620000000000,8.08340000000000,28.4166,12247.1494,7.8421,7.7259,0.1162,7.6321,8.1772,8.1553,0.0219,-5.1338,12247.1494,NA
parkey.exe,33280,0x1FE6D6D9E00,DXGI,0,0,0,Composed: Flip,12263.7136,NA,8.83830000000000,6.95270000000000,0.16390000000000,7.75030000000000,26.5310,12254.9915,8.8860,8.7221,0.1639,8.7231,7.7493,7.7240,0.0253,0.8894,12254.9915,NA
parkey.exe,33280,0x1FE6D6D9E00,DXGI,0,0,0,Composed: Flip,12271.7587,NA,8.04510000000000,6.93650000000000,0.10280000000000,8.24500000000000,25.4224,12263.8775,7.9840,7.8812,0.1028,7.7831,8.3431,8.3213,0.0218,1.9495,12263.8775,NA
parkey.exe,33280,0x1FE6D6D9E00,DXGI,0,0,0,Composed: Flip,12280.5240,NA,8.76530000000000,6.89480000000000,0.17550000000000,7.28880000000000,23.5519,12271.8615,8.8380,8.6625,0.1755,8.4587,7.4926,7.4750,0.0176,1.0892,12271.8615,NA
parkey.exe,33280,0x1FE6D6D9E00,DXGI,0,0,0,Composed: Flip,12288.2542,NA,7.73020000000000,6.94600000000000,0.10040000000000,8.38750000000000,22.7677,12280.6995,7.6551,7.5547,0.1004,7.4427,8.4995,8.4804,0.0191,1.8920,12280.6995,NA
parkey.exe,33280,0x1FE6D6D9E00,DXGI,0,0,0,Composed: Flip,12296.9731,NA,8.71890000000000,13.96890000000000,0.13270000000000,7.81660000000000,28.0177,12288.3546,8.7512,8.6185,0.1327,8.4771,7.9580,7.9404,0.0176,-6.3138,12288.3546,NA
parkey.exe,33280,0x1FE6D6D9E00,DXGI,0,0,0,Composed: Flip,12304.8404,NA,7.86730000000000,6.91070000000000,0.10520000000000,8.00420000000000,27.0611,12297.1058,7.8398,7.7346,0.1052,7.6839,8.0549,8.0327,0.0222,1.8405,12297.1058,NA
parkey.exe,33280,0x1FE6D6D9E00,DXGI,0,0,0,Composed: Flip,12313.8203,NA,8.97990000000000,6.94440000000000,0.13410000000000,8.33500000000000,25.0256,12304.9456,9.0088,8.8747,0.1341,8.6672,8.5425,8.5255,0.0170,0.8954,12304.9456,NA
parkey.exe,33280,0x1FE6D6D9E00,DXGI,0,0,0,Composed: Flip,12321.4655,NA,7.64520000000000,6.92160000000000,0.10410000000000,8.57830000000000,24.3020,12313.9544,7.6152,7.5111,0.1041,8.2009,7.8885,7.8643,0.0242,2.0872,12313.9544,NA
parkey.exe,33280,0x1FE6D6D9E00,DXGI,0,0,0,Composed: Flip,12330.5333,NA,9.06780000000000,6.92540000000000,0.11420000000000,7.92780000000000,22.1596,12321.5696,9.0779,8.9637,0.1142,8.7409,8.1506,8.1310,0.0196,0.6898,12321.5696,NA
parkey.exe,33280,0x1FE6D6D9E00,DXGI,0,0,0,Composed: Flip,12338.2292,NA,7.69590000000000,13.97400000000000,0.10550000000000,7.82920000000000,28.4377,12330.6475,7.6872,7.5817,0.1055,7.8136,7.5973,7.5484,0.0489,-4.8961,12330.6475,NA
parkey.exe,33280,0x1FE6D6D9E00,DXGI,0,0,0,Composed: Flip,12347.2181,NA,8.98890000000000,6.95680000000000,0.11980000000000,7.64210000000000,26.4056,12338.3347,9.0032,8.8834,0.1198,8.6508,7.8747,7.8545,0.0202,0.7304,12338.3347,NA
parkey.exe,33280,0x1FE6D6D9E00,DXGI,0,0,0,Composed: Flip,12354.9638,NA,7.74570000000000,6.93340000000000,0.11200000000000,8.48810000000000,25.5933,12347.3379,7.7379,7.6259,0.1120,7.5223,8.5917,8.5673,0.0244,2.0698,12347.3379,NA
parkey.exe,33280,0x1FE6D6D9E00,DXGI,0,0,0,Composed: Flip,12363.8740,NA,8.91020000000000,6.89530000000000,0.15450000000000,7.82810000000000,23.5784,12355.0758,8.9527,8.7982,0.1545,8.6287,7.9976,7.9760,0.0216,0.8426,12355.0758,NA
parkey.exe,33280,0x1FE6D6D9E00,DXGI,0,0,0,Composed: Flip,12372.0414,NA,8.16740000000000,6.96140000000000,0.13890000000000,7.51260000000000,22.3724,12364.0285,8.1518,8.0129,0.1389,7.8739,7.6516,7.6253,0.0263,1.9913,12364.0285,NA
parkey.exe,33280,0x1FE6D6D9E00,DXGI,0,0,0,Composed: Flip,12380.4758,NA,8.43440000000000,13.91360000000000,0.19980000000000,8.73740000000000,27.8516,12372.1803,8.4953,8.2955,0.1998,8.1406,8.8923,8.8740,0.0183,-5.7618,12372.1803,NA
parkey.exe,33280,0x1FE6D6D9E00,DXGI,0,0,0,Composed: Flip,12388.4257,NA,7.94990000000000,6.95690000000000,0.10030000000000,9.52970000000000,26.8586,12380.6756,7.8504,7.7501,0.1003,8.5376,8.7422,8.7194,0.0228,1.5384,12380.6756,NA
parkey.exe,33280,0x1FE6D6D9E00,DXGI,0,0,0,Composed: Flip,12396.8437,NA,8.41800000000000,6.88290000000000,0.12290000000000,8.68240000000000,25.3235,12388.5260,8.4406,8.3177,0.1229,9.4294,7.5707,7.5464,0.0243,0.9675,12388.5260,NA
parkey.exe,33280,0x1FE6D6D9E00,DXGI,0,0,0,Composed: Flip,12405.0969,NA,8.25320000000000,NA,0.13710000000000,8.35500000000000,NA,12396.9666,8.2674,8.1303,0.1371,8.5595,7.9258,7.9070,0.0188,NA,NA,NA
parkey.exe,33280,0x1FE6D6D9E00,DXGI,0,0,0,Composed: Flip,12413.6531,NA,8.55620000000000,6.96880000000000,0.13740000000000,7.95230000000000,15.4829,12405.2340,8.5565,8.4191,0.1374,8.2455,8.1259,8.0931,0.0328,9.7392,12405.2340,NA
parkey.exe,33280,0x1FE6D6D9E00,DXGI,0,0,0,Composed: Flip,12421.9682,NA,8.31510000000000,NA,0.12340000000000,7.17660000000000,NA,12413.7905,8.3011,8.1777,0.1234,7.9219,7.4324,7.4000,0.0324,NA,NA,NA
parkey.exe,33280,0x1FE6D6D9E00,DXGI,0,0,0,Composed: Flip,12430.6071,NA,8.63890000000000,20.86120000000000,0.15040000000000,7.80980000000000,19.3901,12422.0916,8.6659,8.5155,0.1504,8.2512,8.0741,7.9655,0.1086,-4.0036,12422.0916,NA
parkey.exe,33280,0x1FE6D6D9E00,DXGI,0,0,0,Composed: Flip,12438.6681,NA,8.06100000000000,NA,0.14750000000000,8.01490000000000,NA,12430.7575,8.0581,7.9106,0.1475,7.7495,8.1760,8.1471,0.0289,NA,NA,NA
parkey.exe,33280,0x1FE6D6D9E00,DXGI,0,0,0,Composed: Flip,12447.0349,NA,8.36680000000000,13.88180000000000,0.14320000000000,7.26340000000000,16.8441,12438.8156,8.3625,8.2193,0.1432,8.0778,7.4049,7.3805,0.0244,2.8422,12438.8156,NA
parkey.exe,33280,0x1FE6D6D9E00,DXGI,0,0,0,Composed: Flip,12455.1516,NA,8.11670000000000,13.92390000000000,0.14190000000000,7.46390000000000,22.6513,12447.1781,8.1154,7.9735,0.1419,7.8302,7.6072,7.5879,0.0193,-5.5614,12447.1781,NA
parkey.exe,33280,0x1FE6D6D9E00,DXGI,0,0,0,Composed: Flip,12463.8255,NA,8.67390000000000,13.80400000000000,0.16530000000000,7.36490000000000,27.7814,12455.2935,8.6973,8.5320,0.1653,8.3607,7.5362,7.5124,0.0238,-5.6886,12455.2935,NA
parkey.exe,33280,0x1FE6D6D9E00,DXGI,0,0,0,Composed: Flip,12471.8306,NA,8.00510000000000,NA,0.13520000000000,8.28690000000000,NA,12463.9908,7.9750,7.8398,0.1352,7.7719,8.3548,8.3287,0.0261,NA,NA,NA
parkey.exe,33280,0x1FE6D6D9E00,DXGI,0,0,0,Composed: Flip,12480.4791,NA,8.64850000000000,7.01360000000000,0.14480000000000,7.41060000000000,18.1414,12471.9658,8.6581,8.5133,0.1448,8.3605,7.5634,7.5474,0.0160,9.6587,12471.9658,NA
parkey.exe,33280,0x1FE6D6D9E00,DXGI,0,0,0,Composed: Flip,12488.3941,NA,7.91500000000000,NA,0.11500000000000,7.72390000000000,NA,12480.6239,7.8852,7.7702,0.1150,7.6740,7.8201,7.7764,0.0437,NA,NA,NA
parkey.exe,33280,0x1FE6D6D9E00,DXGI,0,0,0,Composed: Flip,12497.3026,NA,8.90850000000000,13.91760000000000,0.15830000000000,7.59830000000000,15.2355,12488.5091,8.9518,8.7935,0.1583,8.6438,7.7480,7.7325,0.0155,2.6257,12488.5091,NA
parkey.exe,33280,0x1FE6D6D9E00,DXGI,0,0,0,Composed: Flip,12504.9536,NA,7.65100000000000,13.85830000000000,0.11840000000000,8.50610000000000,21.4428,12497.4609,7.6111,7.4927,0.1184,7.4400,8.5588,8.5184,0.0404,-4.9065,12497.4609,NA
parkey.exe,33280,0x1FE6D6D9E00,DXGI,0,0,0,Composed: Flip,12514.0135,NA,9.05990000000000,NA,0.12330000000000,7.39070000000000,NA,12505.0720,9.0648,8.9415,0.1233,8.6876,7.6446,7.5738,0.0708,NA,NA,NA
parkey.exe,33280,0x1FE6D6D9E00,DXGI,0,0,0,Composed: Flip,12521.8045,NA,7.79100000000000,13.91130000000000,0.11010000000000,8.11640000000000,18.5032,12514.1368,7.7778,7.6677,0.1101,7.7394,8.0447,8.0183,0.0264,2.7646,12514.1368,NA
parkey.exe,33280,0x1FE6D6D9E00,DXGI,0,0,0,Composed: Flip,12530.6103,NA,8.80580000000000,13.80590000000000,0.14760000000000,7.21350000000000,23.5033,12521.9146,8.8433,8.6957,0.1476,8.5149,7.3943,7.3683,0.0260,-6.0281,12521.9146,NA
parkey.exe,33280,0x1FE6D6D9E00,DXGI,0,0,0,Composed: Flip,12538.2504,NA,7.64010000000000,NA,0.10640000000000,7.69400000000000,NA,12530.7579,7.5989,7.4925,0.1064,7.3545,7.8320,7.8122,0.0198,NA,NA,NA
parkey.exe,33280,0x1FE6D6D9E00,DXGI,0,0,0,Composed: Flip,12546.9939,NA,8.74350000000000,NA,0.14660000000000,5.08990000000000,NA,12538.3568,8.7837,8.6371,0.1466,8.4823,5.2447,5.2218,0.0229,NA,NA,NA
parkey.exe,33280,0x1FE6D6D9E00,DXGI,0,0,0,Composed: Flip,12554.8272,NA,7.83330000000000,20.93510000000000,0.11390000000000,7.64110000000000,20.2215,12547.1405,7.8006,7.6867,0.1139,7.5964,7.7314,7.7083,0.0231,4.2908,12547.1405,NA
parkey.exe,33280,0x1FE6D6D9E00,DXGI,0,0,0,Composed: Flip,12563.8280,NA,9.00080000000000,NA,0.15990000000000,5.48780000000000,NA,12554.9411,9.0468,8.8869,0.1599,8.7124,5.6623,5.6224,0.0399,NA,NA,NA
parkey.exe,33280,0x1FE6D6D9E00,DXGI,0,0,0,Composed: Flip,12571.6600,NA,7.83200000000000,13.86680000000000,0.12180000000000,7.67440000000000,17.2555,12563.9879,7.7939,7.6721,0.1218,7.5461,7.8004,7.7710,0.0294,2.9806,12563.9879,NA
parkey.exe,33280,0x1FE6D6D9E00,DXGI,0,0,0,Composed: Flip,12580.4385,NA,8.77850000000000,13.91310000000000,0.14400000000000,6.27510000000000,22.3901,12571.7818,8.8007,8.6567,0.1440,8.4997,6.4321,6.4080,0.0241,-6.1192,12571.7818,NA
parkey.exe,33280,0x1FE6D6D9E00,DXGI,0,0,0,Composed: Flip,12588.3172,NA,7.87870000000000,NA,0.22710000000000,7.64600000000000,NA,12580.5825,7.9618,7.7347,0.2271,7.5766,7.8041,7.7732,0.0309,NA,NA,NA
parkey.exe,33280,0x1FE6D6D9E00,DXGI,0,0,0,Composed: Flip,12597.2494,NA,8.93220000000000,NA,0.14780000000000,5.93000000000000,NA,12588.5443,8.8529,8.7051,0.1478,8.5287,6.1064,6.0247,0.0817,NA,NA,NA
parkey.exe,33280,0x1FE6D6D9E00,DXGI,0,0,0,Composed: Flip,12605.0589,NA,7.80950000000000,20.84060000000000,0.11840000000000,7.64090000000000,18.6103,12597.3972,7.7801,7.6617,0.1184,7.5493,7.7533,7.7323,0.0210,4.7748,12597.3972,NA
parkey.exe,33280,0x1FE6D6D9E00,DXGI,0,0,0,Composed: Flip,12613.7075,NA,8.64860000000000,NA,0.14440000000000,6.00670000000000,NA,12605.1773,8.6746,8.5302,0.1444,8.3800,6.1569,6.1295,0.0274,NA,NA,NA
parkey.exe,33280,0x1FE6D6D9E00,DXGI,0,0,0,Composed: Flip,12621.7502,NA,8.04270000000000,13.84910000000000,0.13520000000000,8.08230000000000,15.7681,12613.8519,8.0335,7.8983,0.1352,7.7710,8.2096,8.1884,0.0212,2.6056,12613.8519,NA
parkey.exe,33280,0x1FE6D6D9E00,DXGI,0,0,0,Composed: Flip,12630.3921,NA,8.64190000000000,NA,0.16030000000000,6.49530000000000,NA,12621.8854,8.6670,8.5067,0.1603,8.3462,6.6558,6.6330,0.0228,NA,NA,NA
parkey.exe,33280,0x1FE6D6D9E00,DXGI,0,0,0,Composed: Flip,12638.4516,NA,8.05950000000000,NA,0.12840000000000,6.27570000000000,NA,12630.5524,8.0276,7.8992,0.1284,7.7729,6.4020,6.3559,0.0461,NA,NA,NA
parkey.exe,33280,0x1FE6D6D9E00,DXGI,0,0,0,Composed: Flip,12646.9756,NA,8.52400000000000,NA,0.16210000000000,5.18090000000000,NA,12638.5800,8.5577,8.3956,0.1621,8.2494,5.3271,5.3070,0.0201,NA,NA,NA
parkey.exe,33280,0x1FE6D6D9E00,DXGI,0,0,0,Composed: Flip,12654.9900,NA,8.01440000000000,34.74460000000000,0.14280000000000,7.69970000000000,17.2729,12647.1377,7.9951,7.8523,0.1428,7.7362,7.8158,7.7925,0.0233,-1.4588,12647.1377,NA
parkey.exe,33280,0x1FE6D6D9E00,DXGI,0,0,0,Composed: Flip,12663.9115,NA,8.92150000000000,NA,0.14260000000000,6.54200000000000,NA,12655.1328,8.9213,8.7787,0.1426,8.6286,6.6921,6.6715,0.0206,NA,NA,NA
parkey.exe,33280,0x1FE6D6D9E00,DXGI,0,0,0,Composed: Flip,12671.6914,NA,7.77990000000000,20.83210000000000,0.13190000000000,7.92700000000000,21.4036,12664.0541,7.7692,7.6373,0.1319,7.5091,8.0552,8.0293,0.0259,-3.9157,12664.0541,NA
parkey.exe,33280,0x1FE6D6D9E00,DXGI,0,0,0,Composed: Flip,12680.4458,NA,8.75440000000000,NA,0.14230000000000,5.85030000000000,NA,12671.8233,8.7648,8.6225,0.1423,8.4700,6.0028,5.9749,0.0279,NA,NA,NA
parkey.exe,33280,0x1FE6D6D9E00,DXGI,0,0,0,Composed: Flip,12688.6235,NA,8.17770000000000,13.91320000000000,0.15420000000000,8.65030000000000,18.3847,12680.5881,8.1896,8.0354,0.1542,7.9018,8.7839,8.7554,0.0285,2.6208,12680.5881,NA
parkey.exe,33280,0x1FE6D6D9E00,DXGI,0,0,0,Composed: Flip,12697.2160,NA,8.59250000000000,NA,0.22040000000000,6.44990000000000,NA,12688.7777,8.6587,8.4383,0.2204,8.4961,6.3921,6.3745,0.0176,NA,NA,NA
parkey.exe,33280,0x1FE6D6D9E00,DXGI,0,0,0,Composed: Flip,12705.0935,NA,7.87750000000000,13.86220000000000,0.11390000000000,7.56870000000000,15.7769,12697.4364,7.7710,7.6571,0.1139,7.5037,7.7221,7.7005,0.0216,2.9861,12697.4364,NA
parkey.exe,33280,0x1FE6D6D9E00,DXGI,0,0,0,Composed: Flip,12713.9441,NA,8.85060000000000,NA,0.12120000000000,6.52470000000000,NA,12705.2074,8.8579,8.7367,0.1212,8.5075,6.7539,6.7284,0.0255,NA,NA,NA
parkey.exe,33280,0x1FE6D6D9E00,DXGI,0,0,0,Composed: Flip,12721.9009,NA,7.95680000000000,20.88840000000000,0.12540000000000,8.25730000000000,19.8579,12714.0653,7.9610,7.8356,0.1254,7.6930,8.3999,8.3782,0.0217,-4.2595,12714.0653,NA
parkey.exe,33280,0x1FE6D6D9E00,DXGI,0,0,0,Composed: Flip,12730.5457,NA,8.64480000000000,NA,0.14880000000000,5.50840000000000,NA,12722.0263,8.6682,8.5194,0.1488,8.3555,5.6723,5.6561,0.0162,NA,NA,NA
parkey.exe,33280,0x1FE6D6D9E00,DXGI,0,0,0,Composed: Flip,12738.3337,NA,7.78800000000000,NA,0.12350000000000,7.50600000000000,NA,12730.6945,7.7627,7.6392,0.1235,7.5273,7.6179,7.5850,0.0329,NA,NA,NA
parkey.exe,33280,0x1FE6D6D9E00,DXGI,0,0,0,Composed: Flip,12747.1034,NA,8.76970000000000,NA,0.14620000000000,5.16840000000000,NA,12738.4572,8.7924,8.6462,0.1462,8.4812,5.3334,5.3114,0.0220,NA,NA,NA
parkey.exe,33280,0x1FE6D6D9E00,DXGI,0,0,0,Composed: Flip,12754.7937,NA,7.69030000000000,NA,0.12210000000000,7.63990000000000,NA,12747.2496,7.6662,7.5441,0.1221,7.4485,7.7355,7.7098,0.0257,NA,NA,NA
parkey.exe,33280,0x1FE6D6D9E00,DXGI,0,0,0,Composed: Flip,12763.8598,NA,9.06610000000000,34.69170000000000,0.14540000000000,5.17450000000000,12.5907,12754.9158,9.0894,8.9440,0.1454,8.7910,5.3275,5.3057,0.0218,6.1588,12754.9158,NA
parkey.exe,33280,0x1FE6D6D9E00,DXGI,0,0,0,Composed: Flip,12771.5522,NA,7.69240000000000,13.89760000000000,0.10260000000000,8.10460000000000,18.7959,12764.0052,7.6496,7.5470,0.1026,7.4443,8.2073,8.1873,0.0200,-4.8082,12764.0052,NA
parkey.exe,33280,0x1FE6D6D9E00,DXGI,0,0,0,Composed: Flip,12780.4381,NA,8.88590000000000,NA,0.14230000000000,5.97210000000000,NA,12771.6548,8.9256,8.7833,0.1423,8.6245,6.1309,6.1141,0.0168,NA,NA,NA
parkey.exe,33280,0x1FE6D6D9E00,DXGI,0,0,0,Composed: Flip,12788.4339,NA,7.99580000000000,13.86090000000000,0.13940000000000,7.97310000000000,15.7751,12780.5804,7.9929,7.8535,0.1394,7.7176,8.1090,8.0796,0.0294,2.7143,12780.5804,NA
parkey.exe,33280,0x1FE6D6D9E00,DXGI,0,0,0,Composed: Flip,12797.2038,NA,8.76990000000000,NA,0.16010000000000,6.51840000000000,NA,12788.5733,8.7906,8.6305,0.1601,8.4256,6.7233,6.6900,0.0333,NA,NA,NA
parkey.exe,33280,0x1FE6D6D9E00,DXGI,0,0,0,Composed: Flip,12804.7844,NA,7.58060000000000,20.86850000000000,0.10890000000000,7.69380000000000,20.2931,12797.3639,7.5294,7.4205,0.1089,7.3177,7.7966,7.7674,0.0292,-4.0850,12797.3639,NA
parkey.exe,33280,0x1FE6D6D9E00,DXGI,0,0,0,Composed: Flip,12813.5757,NA,8.79130000000000,NA,0.14790000000000,6.64840000000000,NA,12804.8933,8.8303,8.6824,0.1479,8.5504,6.7804,6.7641,0.0163,NA,NA,NA
parkey.exe,33280,0x1FE6D6D9E00,DXGI,0,0,0,Composed: Flip,12821.6050,NA,8.02930000000000,NA,0.10730000000000,9.32930000000000,NA,12813.7236,7.9887,7.8814,0.1073,7.7792,9.4315,9.4080,0.0235,NA,NA,NA
parkey.exe,33280,0x1FE6D6D9E00,DXGI,0,0,0,Composed: Flip,12830.3781,NA,8.77310000000000,20.81840000000000,0.10940000000000,7.39650000000000,15.5178,12821.7123,8.7752,8.6658,0.1094,9.2220,6.8403,6.8196,0.0207,3.5300,12821.7123,NA
parkey.exe,33280,0x1FE6D6D9E00,DXGI,0,0,0,Composed: Flip,12838.1121,NA,7.73400000000000,NA,0.10990000000000,8.68270000000000,NA,12830.4875,7.7345,7.6246,0.1099,7.5213,8.7860,8.7522,0.0338,NA,NA,NA
parkey.exe,33280,0x1FE6D6D9E00,DXGI,0,0,0,Composed: Flip,12846.9557,NA,8.84360000000000,NA,0.13260000000000,6.31890000000000,NA,12838.2220,8.8663,8.7337,0.1326,8.5921,6.4605,6.4388,0.0217,NA,NA,NA
parkey.exe,33280,0x1FE6D6D9E00,DXGI,0,0,0,Composed: Flip,12854.8779,NA,7.92220000000000,27.79010000000000,0.09230000000000,8.64370000000000,18.8081,12847.0883,7.8819,7.7896,0.0923,7.6448,8.7885,8.7681,0.0204,-2.4141,12847.0883,NA
parkey.exe,33280,0x1FE6D6D9E00,DXGI,0,0,0,Composed: Flip,12863.7262,NA,8.84830000000000,NA,0.14340000000000,7.12460000000000,NA,12854.9702,8.8994,8.7560,0.1434,8.6067,7.2739,7.2570,0.0169,NA,NA,NA
parkey.exe,33280,0x1FE6D6D9E00,DXGI,0,0,0,Composed: Flip,12871.4599,NA,7.73370000000000,13.84100000000000,0.09840000000000,8.69640000000000,16.0671,12863.8696,7.6887,7.5903,0.0984,7.4848,8.8019,8.7804,0.0215,2.9403,12863.8696,NA
parkey.exe,33280,0x1FE6D6D9E00,DXGI,0,0,0,Composed: Flip,12880.4306,NA,8.97070000000000,NA,0.15580000000000,7.90610000000000,NA,12871.5583,9.0281,8.8723,0.1558,8.7138,8.0646,8.0455,0.0191,NA,NA,NA
parkey.exe,33280,0x1FE6D6D9E00,DXGI,0,0,0,Composed: Flip,12888.3131,NA,7.88250000000000,20.93870000000000,0.11010000000000,8.89030000000000,20.1526,12880.5864,7.8368,7.7267,0.1101,7.8063,8.8107,8.7885,0.0222,-4.2219,12880.5864,NA
parkey.exe,33280,0x1FE6D6D9E00,DXGI,0,0,0,Composed: Flip,12896.9502,NA,8.63710000000000,NA,0.13450000000000,7.99200000000000,NA,12888.4232,8.6615,8.5270,0.1345,8.7802,7.7388,7.7189,0.0199,NA,NA,NA
parkey.exe,33280,0x1FE6D6D9E00,DXGI,0,0,0,Composed: Flip,12904.9593,NA,8.00910000000000,NA,0.09800000000000,8.91590000000000,NA,12897.0847,7.9726,7.8746,0.0980,7.8575,8.9330,8.9073,0.0257,NA,NA,NA
parkey.exe,33280,0x1FE6D6D9E00,DXGI,0,0,0,Composed: Flip,12913.7763,NA,8.81700000000000,20.79980000000000,0.11180000000000,6.53780000000000,15.4892,12905.0573,8.8308,8.7190,0.1118,8.8179,6.4389,6.4196,0.0193,3.6711,12905.0573,NA
parkey.exe,33280,0x1FE6D6D9E00,DXGI,0,0,0,Composed: Flip,12921.4838,NA,7.70750000000000,NA,0.09390000000000,9.12750000000000,NA,12913.8881,7.6896,7.5957,0.0939,7.4856,9.2376,9.2133,0.0243,NA,NA,NA
parkey.exe,33280,0x1FE6D6D9E00,DXGI,0,0,0,Composed: Flip,12930.3886,NA,8.90480000000000,20.82530000000000,0.15870000000000,7.90900000000000,19.7022,12921.5777,8.9696,8.8109,0.1587,9.0336,7.6863,7.6671,0.0192,-4.3049,12921.5777,NA
parkey.exe,33280,0x1FE6D6D9E00,DXGI,0,0,0,Composed: Flip,12938.1489,NA,7.76030000000000,13.84720000000000,0.13240000000000,8.19720000000000,25.7891,12930.5473,7.7340,7.6016,0.1324,7.7858,8.0130,7.9898,0.0232,-4.8776,12930.5473,NA
parkey.exe,33280,0x1FE6D6D9E00,DXGI,0,0,0,Composed: Flip,12947.7555,NA,9.60660000000000,6.92790000000000,0.22660000000000,7.53650000000000,23.1104,12938.2813,9.7008,9.4742,0.2266,9.2662,7.7445,7.7154,0.0291,0.8061,12938.2813,NA
parkey.exe,33280,0x1FE6D6D9E00,DXGI,0,0,0,Composed: Flip,12956.1001,NA,8.34460000000000,NA,0.81020000000000,9.02000000000000,NA,12947.9821,8.9282,8.1180,0.8102,7.9302,9.2078,9.1335,0.0743,NA,NA,NA
parkey.exe,33280,0x1FE6D6D9E00,DXGI,0,0,0,Composed: Flip,12964.1345,NA,8.03440000000000,NA,0.36600000000000,9.53390000000000,NA,12956.9103,7.5902,7.2242,0.3660,8.2098,8.5483,8.5284,0.0199,NA,NA,NA
parkey.exe,33280,0x1FE6D6D9E00,DXGI,0,0,0,Composed: Flip,12971.9146,NA,7.78010000000000,20.89750000000000,0.12130000000000,10.95660000000000,19.8488,12964.5005,7.5354,7.4141,0.1213,9.1679,9.2028,9.1796,0.0232,5.3217,12964.5005,NA
parkey.exe,33280,0x1FE6D6D9E00,DXGI,0,0,0,Composed: Flip,12980.8460,NA,8.93140000000000,13.88090000000000,0.13770000000000,11.51360000000000,24.7983,12972.0359,8.9478,8.8101,0.1377,10.8353,9.4884,9.4609,0.0275,-6.3455,12972.0359,NA
parkey.exe,33280,0x1FE6D6D9E00,DXGI,0,0,0,Composed: Flip,12988.3982,NA,7.55220000000000,13.83980000000000,0.11680000000000,12.49230000000000,31.0859,12980.9837,7.5313,7.4145,0.1168,11.3759,8.5309,8.5030,0.0279,-4.8920,12980.9837,NA
parkey.exe,33280,0x1FE6D6D9E00,DXGI,0,0,0,Composed: Flip,12997.1773,NA,8.77910000000000,NA,0.14210000000000,12.45990000000000,NA,12988.5150,8.8044,8.6623,0.1421,12.3755,8.7467,8.7179,0.0288,NA,NA,NA
parkey.exe,33280,0x1FE6D6D9E00,DXGI,0,0,0,Composed: Flip,13004.9090,NA,7.73170000000000,6.96580000000000,0.11200000000000,14.29680000000000,21.5409,12997.3194,7.7016,7.5896,0.1120,12.3178,9.5686,9.5406,0.0280,9.3699,12997.3194,NA
parkey.exe,33280,0x1FE6D6D9E00,DXGI,0,0,0,Composed: Flip,13013.9081,NA,8.99910000000000,13.98090000000000,0.12450000000000,14.48170000000000,26.5227,13005.0210,9.0116,8.8871,0.1245,14.1848,9.1840,9.1591,0.0249,-6.2793,13005.0210,NA
parkey.exe,33280,0x1FE6D6D9E00,DXGI,0,0,0,Composed: Flip,13021.5869,NA,7.67880000000000,NA,0.10720000000000,15.34480000000000,NA,13014.0326,7.6615,7.5543,0.1072,14.3572,8.5419,8.5199,0.0220,NA,NA,NA
parkey.exe,33280,0x1FE6D6D9E00,DXGI,0,0,0,Composed: Flip,13030.3348,NA,8.74790000000000,20.72460000000000,0.16980000000000,15.80640000000000,30.8206,13021.6941,8.8105,8.6407,0.1698,15.2376,9.2095,9.1854,0.0241,-4.0515,13021.6941,NA
parkey.exe,33280,0x1FE6D6D9E00,DXGI,0,0,0,Composed: Flip,13038.3261,NA,7.99130000000000,NA,0.09900000000000,16.31310000000000,NA,13030.5046,7.9205,7.8215,0.0990,15.6366,8.4980,8.4749,0.0231,NA,NA,NA
parkey.exe,33280,0x1FE6D6D9E00,DXGI,0,0,0,Composed: Flip,13047.0116,NA,8.68550000000000,13.97420000000000,0.11250000000000,16.88230000000000,28.1180,13038.4251,8.6990,8.5865,0.1125,16.2141,9.2547,9.2349,0.0198,2.7568,13038.4251,NA
parkey.exe,33280,0x1FE6D6D9E00,DXGI,0,0,0,Composed: Flip,13054.9925,NA,7.98090000000000,NA,0.13930000000000,17.62760000000000,NA,13047.1241,8.0077,7.8684,0.1393,16.7698,8.7262,8.6987,0.0275,NA,NA,NA
parkey.exe,33280,0x1FE6D6D9E00,DXGI,0,0,0,Composed: Flip,13064.1412,NA,9.14870000000000,13.81120000000000,0.14610000000000,17.69130000000000,24.7996,13055.1318,9.1555,9.0094,0.1461,17.4883,9.2124,9.1864,0.0260,2.8955,13055.1318,NA
parkey.exe,33280,0x1FE6D6D9E00,DXGI,0,0,0,Composed: Flip,13073.2474,NA,9.10620000000000,NA,0.10690000000000,17.13980000000000,NA,13064.2873,9.0670,8.9601,0.1069,17.5452,8.5547,8.5311,0.0236,NA,NA,NA
parkey.exe,33280,0x1FE6D6D9E00,DXGI,0,0,0,Composed: Flip,13082.9153,NA,9.66790000000000,20.91200000000000,0.15490000000000,16.42460000000000,26.9375,13073.3543,9.7159,9.5610,0.1549,17.0329,8.9527,8.9104,0.0423,-2.6895,13073.3543,NA
parkey.exe,33280,0x1FE6D6D9E00,DXGI,0,0,0,Composed: Flip,13091.0501,NA,8.13480000000000,13.82240000000000,0.16390000000000,17.59820000000000,32.6251,13083.0702,8.1438,7.9799,0.1639,16.2697,9.3084,9.2728,0.0356,-4.1065,13083.0702,NA
parkey.exe,33280,0x1FE6D6D9E00,DXGI,0,0,0,Composed: Flip,13100.3732,NA,9.32310000000000,13.88450000000000,0.13570000000000,16.75470000000000,37.1865,13091.2140,9.2949,9.1592,0.1357,17.4343,8.4796,8.4561,0.0235,-5.7407,13091.2140,NA
parkey.exe,33280,0x1FE6D6D9E00,DXGI,0,0,0,Composed: Flip,13109.3854,NA,9.01220000000000,NA,0.13540000000000,16.68760000000000,NA,13100.5089,9.0119,8.8765,0.1354,16.6190,8.9451,8.9206,0.0245,NA,NA,NA
parkey.exe,33280,0x1FE6D6D9E00,DXGI,0,0,0,Composed: Flip,13118.3811,NA,8.99570000000000,13.88980000000000,0.12970000000000,16.80950000000000,33.0684,13109.5208,8.9900,8.8603,0.1297,16.5522,9.1176,9.0815,0.0361,4.4170,13109.5208,NA
parkey.exe,33280,0x1FE6D6D9E00,DXGI,0,0,0,Composed: Flip,13127.3982,NA,9.01710000000000,NA,0.15760000000000,17.18290000000000,NA,13118.5108,9.0450,8.8874,0.1576,16.6798,9.3905,9.3675,0.0230,NA,NA,NA
parkey.exe,33280,0x1FE6D6D9E00,DXGI,0,0,0,Composed: Flip,13135.9154,NA,8.51720000000000,13.97100000000000,0.10120000000000,17.18430000000000,29.5051,13127.5558,8.4608,8.3596,0.1012,17.0253,8.5186,8.4974,0.0212,4.0640,13127.5558,NA
parkey.exe,33280,0x1FE6D6D9E00,DXGI,0,0,0,Composed: Flip,13145.2242,NA,9.30880000000000,13.81560000000000,0.10490000000000,16.72890000000000,34.0119,13136.0166,9.3125,9.2076,0.1049,17.0831,8.8534,8.8230,0.0304,-5.3548,13136.0166,NA
parkey.exe,33280,0x1FE6D6D9E00,DXGI,0,0,0,Composed: Flip,13153.7539,NA,8.52970000000000,6.94340000000000,0.11120000000000,17.38150000000000,32.4256,13145.3291,8.5360,8.4248,0.1112,16.6240,9.1823,9.1579,0.0244,2.3691,13145.3291,NA
parkey.exe,33280,0x1FE6D6D9E00,DXGI,0,0,0,Composed: Flip,13163.0104,NA,9.25650000000000,13.95640000000000,0.13220000000000,17.23210000000000,37.1255,13153.8651,9.2775,9.1453,0.1322,17.2703,9.1071,9.0730,0.0341,-5.4204,13153.8651,NA
parkey.exe,33280,0x1FE6D6D9E00,DXGI,0,0,0,Composed: Flip,13172.0058,NA,8.99540000000000,6.87990000000000,0.11730000000000,17.01650000000000,35.0100,13163.1426,8.9805,8.8632,0.1173,17.0999,8.7798,8.7359,0.0439,2.3976,13163.1426,NA
parkey.exe,33280,0x1FE6D6D9E00,DXGI,0,0,0,Composed: Flip,13181.5812,NA,9.57540000000000,NA,0.40210000000000,16.60480000000000,NA,13172.1231,9.8602,9.4581,0.4021,16.8992,9.1637,9.1324,0.0313,NA,NA,NA
parkey.exe,33280,0x1FE6D6D9E00,DXGI,0,0,0,Composed: Flip,13190.3267,NA,8.74550000000000,NA,0.16900000000000,16.88680000000000,NA,13181.9833,8.5124,8.3434,0.1690,16.2027,9.0275,9.0034,0.0241,NA,NA,NA
parkey.exe,33280,0x1FE6D6D9E00,DXGI,0,0,0,Composed: Flip,13199.0714,NA,8.74470000000000,20.87610000000000,0.13260000000000,17.55460000000000,28.8205,13190.4957,8.7083,8.5757,0.1326,16.7178,9.4125,9.3858,0.0267,6.4770,13190.4957,NA
parkey.exe,33280,0x1FE6D6D9E00,DXGI,0,0,0,Composed: Flip,13208.3032,NA,9.23180000000000,13.90920000000000,0.14480000000000,16.59130000000000,33.4979,13199.2040,9.2440,9.0992,0.1448,17.4220,8.2685,8.2450,0.0235,-5.2009,13199.2040,NA
parkey.exe,33280,0x1FE6D6D9E00,DXGI,0,0,0,Composed: Flip,13217.4297,NA,9.12650000000000,6.90140000000000,0.11240000000000,16.17930000000000,31.2728,13208.4480,9.0941,8.9817,0.1124,16.4465,8.7145,8.6915,0.0230,2.3426,13208.4480,NA
parkey.exe,33280,0x1FE6D6D9E00,DXGI,0,0,0,Composed: Flip,13225.4675,NA,8.03780000000000,13.94980000000000,0.12390000000000,17.05750000000000,37.1848,13217.5421,8.0493,7.9254,0.1239,16.0669,8.9160,8.8932,0.0228,-4.8557,13217.5421,NA
parkey.exe,33280,0x1FE6D6D9E00,DXGI,0,0,0,Composed: Flip,13234.4495,NA,8.98200000000000,6.95670000000000,0.12030000000000,16.23580000000000,35.1595,13225.5914,8.9784,8.8581,0.1203,16.9336,8.1603,8.1349,0.0254,1.0926,13225.5914,NA
parkey.exe,33280,0x1FE6D6D9E00,DXGI,0,0,0,Composed: Flip,13242.8133,NA,8.36380000000000,6.95220000000000,0.11720000000000,16.08220000000000,33.7479,13234.5698,8.3607,8.2435,0.1172,16.1155,8.2102,8.1818,0.0284,2.0262,13234.5698,NA
parkey.exe,33280,0x1FE6D6D9E00,DXGI,0,0,0,Composed: Flip,13251.4086,NA,8.59530000000000,6.84390000000000,0.11260000000000,16.06850000000000,31.9965,13242.9305,8.5907,8.4781,0.1126,15.9650,8.5816,8.5587,0.0229,1.5168,13242.9305,NA
parkey.exe,33280,0x1FE6D6D9E00,DXGI,0,0,0,Composed: Flip,13259.8986,NA,8.49000000000000,6.96210000000000,0.10360000000000,15.71540000000000,30.4686,13251.5212,8.4810,8.3774,0.1036,15.9559,8.1369,8.1128,0.0241,1.6286,13251.5212,NA
parkey.exe,33280,0x1FE6D6D9E00,DXGI,0,0,0,Composed: Flip,13267.7881,NA,7.88950000000000,13.94050000000000,0.08910000000000,16.71100000000000,36.5196,13260.0022,7.8750,7.7859,0.0891,15.6118,8.8851,8.8614,0.0237,-5.4595,13260.0022,NA
parkey.exe,33280,0x1FE6D6D9E00,DXGI,0,0,0,Composed: Flip,13276.8614,NA,9.07330000000000,6.96740000000000,0.12710000000000,15.79240000000000,34.4137,13267.8772,9.1113,8.9842,0.1271,16.6219,8.1547,8.1226,0.0321,0.9076,13267.8772,NA
parkey.exe,33280,0x1FE6D6D9E00,DXGI,0,0,0,Composed: Flip,13284.9698,NA,8.10840000000000,6.87640000000000,0.09330000000000,16.53430000000000,33.1817,13276.9885,8.0746,7.9813,0.0933,15.6653,8.8503,8.8250,0.0253,2.2349,13276.9885,NA
parkey.exe,33280,0x1FE6D6D9E00,DXGI,0,0,0,Composed: Flip,13293.5745,NA,8.60470000000000,6.93610000000000,0.12850000000000,15.94810000000000,31.5131,13285.0631,8.6399,8.5114,0.1285,16.4410,8.0185,7.9864,0.0321,1.1385,13285.0631,NA
parkey.exe,33280,0x1FE6D6D9E00,DXGI,0,0,0,Composed: Flip,13301.9576,NA,8.38310000000000,NA,0.09460000000000,16.36650000000000,NA,13293.7030,8.3492,8.2546,0.0946,15.8196,8.8015,8.7696,0.0319,NA,NA,NA
parkey.exe,33280,0x1FE6D6D9E00,DXGI,0,0,0,Composed: Flip,13310.4694,NA,8.51180000000000,NA,0.13650000000000,16.86830000000000,NA,13302.0522,8.5537,8.4172,0.1365,16.2719,9.0136,8.9814,0.0322,NA,NA,NA
parkey.exe,33280,0x1FE6D6D9E00,DXGI,0,0,0,Composed: Flip,13319.0330,NA,8.56360000000000,20.89580000000000,0.12400000000000,16.55470000000000,26.9504,13310.6059,8.5511,8.4271,0.1240,16.7318,8.2500,8.2272,0.0228,4.6470,13310.6059,NA
parkey.exe,33280,0x1FE6D6D9E00,DXGI,0,0,0,Composed: Flip,13327.4832,NA,8.45020000000000,NA,0.13200000000000,16.38900000000000,NA,13319.1570,8.4582,8.3262,0.1320,16.4307,8.2845,8.2564,0.0281,NA,NA,NA
parkey.exe,33280,0x1FE6D6D9E00,DXGI,0,0,0,Composed: Flip,13336.7156,NA,9.23240000000000,13.82750000000000,0.14700000000000,16.16990000000000,23.0953,13327.6152,9.2474,9.1004,0.1470,16.2570,9.0133,8.9782,0.0351,3.1818,13327.6152,NA
parkey.exe,33280,0x1FE6D6D9E00,DXGI,0,0,0,Composed: Flip,13344.8807,NA,8.16510000000000,20.89900000000000,0.11620000000000,16.31650000000000,35.8292,13336.8626,8.1343,8.0181,0.1162,16.0229,8.3117,8.2920,0.0197,-11.6516,13336.8626,NA
parkey.exe,33280,0x1FE6D6D9E00,DXGI,0,0,0,Composed: Flip,13354.3118,NA,9.43110000000000,6.93690000000000,0.13780000000000,15.32590000000000,33.3350,13344.9969,9.4527,9.3149,0.1378,16.2003,8.4405,8.4202,0.0203,1.1974,13344.9969,NA
parkey.exe,33280,0x1FE6D6D9E00,DXGI,0,0,0,Composed: Flip,13361.9971,NA,7.68530000000000,6.97420000000000,0.11100000000000,16.15190000000000,32.6239,13354.4496,7.6585,7.5475,0.1110,15.1881,8.5113,8.4870,0.0243,2.4785,13354.4496,NA
parkey.exe,33280,0x1FE6D6D9E00,DXGI,0,0,0,Composed: Flip,13370.1282,NA,8.13110000000000,6.87300000000000,0.09960000000000,16.11540000000000,31.3658,13362.1081,8.1197,8.0201,0.0996,16.0409,8.0946,8.0671,0.0275,0.7855,13362.1081,NA
parkey.exe,33280,0x1FE6D6D9E00,DXGI,0,0,0,Composed: Flip,13378.8372,NA,8.70900000000000,6.99280000000000,0.11650000000000,15.51910000000000,29.6496,13370.2278,8.7259,8.6094,0.1165,16.0158,8.1127,8.0893,0.0234,1.1269,13370.2278,NA
parkey.exe,33280,0x1FE6D6D9E00,DXGI,0,0,0,Composed: Flip,13386.7381,NA,7.90090000000000,13.91830000000000,0.10250000000000,16.36310000000000,35.6670,13378.9537,7.8869,7.7844,0.1025,15.4026,8.7449,8.7191,0.0258,-5.1924,13378.9537,NA
parkey.exe,33280,0x1FE6D6D9E00,DXGI,0,0,0,Composed: Flip,13395.0308,NA,8.29270000000000,6.93570000000000,0.10400000000000,16.12730000000000,34.3100,13386.8406,8.2942,8.1902,0.1040,16.2606,8.0569,8.0360,0.0209,0.9512,13386.8406,NA
parkey.exe,33280,0x1FE6D6D9E00,DXGI,0,0,0,Composed: Flip,13403.7092,NA,8.67840000000000,6.93000000000000,0.10740000000000,15.92850000000000,32.5616,13395.1348,8.6818,8.5744,0.1074,16.0233,8.4796,8.4522,0.0274,1.3642,13395.1348,NA
parkey.exe,33280,0x1FE6D6D9E00,DXGI,0,0,0,Composed: Flip,13411.8796,NA,8.17040000000000,6.88780000000000,0.10430000000000,15.40870000000000,31.2790,13403.8166,8.1673,8.0630,0.1043,15.8211,7.6506,7.6271,0.0235,1.7940,13403.8166,NA
parkey.exe,33280,0x1FE6D6D9E00,DXGI,0,0,0,Composed: Flip,13420.6642,NA,8.78460000000000,6.95490000000000,0.11860000000000,15.19840000000000,29.4493,13411.9839,8.7989,8.6803,0.1186,15.3044,8.5743,8.5470,0.0273,1.2124,13411.9839,NA
parkey.exe,33280,0x1FE6D6D9E00,DXGI,0,0,0,Composed: Flip,13428.1636,NA,7.49940000000000,NA,0.11700000000000,15.30810000000000,NA,13420.7828,7.4978,7.3808,0.1170,15.0798,7.6091,7.5844,0.0247,NA,NA,NA
parkey.exe,33280,0x1FE6D6D9E00,DXGI,0,0,0,Composed: Flip,13435.7730,NA,7.60940000000000,13.93760000000000,0.09530000000000,16.47030000000000,28.2781,13428.2806,7.5877,7.4924,0.0953,15.1911,8.7716,8.7479,0.0237,2.3591,13428.2806,NA
parkey.exe,33280,0x1FE6D6D9E00,DXGI,0,0,0,Composed: Flip,13444.1450,NA,8.37200000000000,NA,0.12270000000000,15.68770000000000,NA,13435.8683,8.3994,8.2767,0.1227,16.3750,7.5894,7.5629,0.0265,NA,NA,NA
parkey.exe,33280,0x1FE6D6D9E00,DXGI,0,0,0,Composed: Flip,13453.0143,NA,8.86930000000000,NA,0.12200000000000,15.54730000000000,NA,13444.2677,8.8686,8.7466,0.1220,15.5650,8.7289,8.6998,0.0291,NA,NA,NA
parkey.exe,33280,0x1FE6D6D9E00,DXGI,0,0,0,Composed: Flip,13461.1175,NA,8.10320000000000,20.84260000000000,0.13190000000000,16.12010000000000,23.7762,13453.1363,8.1131,7.9812,0.1319,15.4253,8.6760,8.6501,0.0259,4.0131,13453.1363,NA
parkey.exe,33280,0x1FE6D6D9E00,DXGI,0,0,0,Composed: Flip,13469.0373,NA,7.91980000000000,13.89560000000000,0.09700000000000,16.01470000000000,29.7520,13461.2494,7.8849,7.7879,0.0970,15.9882,7.8144,7.7914,0.0230,-5.7825,13461.2494,NA
parkey.exe,33280,0x1FE6D6D9E00,DXGI,0,0,0,Composed: Flip,13478.4580,NA,9.42070000000000,NA,0.17450000000000,15.50020000000000,NA,13469.1343,9.4982,9.3237,0.1745,15.9177,8.9062,8.8697,0.0365,NA,NA,NA
parkey.exe,33280,0x1FE6D6D9E00,DXGI,0,0,0,Composed: Flip,13485.6055,NA,7.14750000000000,13.89150000000000,0.10490000000000,16.50190000000000,27.0753,13478.6325,7.0779,6.9730,0.1049,15.3257,8.1492,8.1282,0.0210,3.4916,13478.6325,NA
parkey.exe,33280,0x1FE6D6D9E00,DXGI,0,0,0,Composed: Flip,13495.0843,NA,9.47880000000000,NA,0.11700000000000,14.71140000000000,NA,13485.7104,9.4909,9.3739,0.1170,16.3970,7.6883,7.6587,0.0296,NA,NA,NA
parkey.exe,33280,0x1FE6D6D9E00,DXGI,0,0,0,Composed: Flip,13502.6647,NA,7.58040000000000,NA,0.14230000000000,15.81150000000000,NA,13495.2013,7.6057,7.4634,0.1423,14.5944,8.6805,8.6600,0.0205,NA,NA,NA
parkey.exe,33280,0x1FE6D6D9E00,DXGI,0,0,0,Composed: Flip,13510.8619,NA,8.19720000000000,27.73230000000000,0.14690000000000,16.32090000000000,29.5512,13502.8070,8.2018,8.0549,0.1469,15.6692,8.7066,8.6726,0.0340,-3.5578,13502.8070,NA
parkey.exe,33280,0x1FE6D6D9E00,DXGI,0,0,0,Composed: Flip,13519.0721,NA,8.21020000000000,13.87640000000000,0.09890000000000,15.76080000000000,35.2174,13511.0088,8.1622,8.0633,0.0989,16.1740,7.6501,7.6319,0.0182,-5.6746,13511.0088,NA
parkey.exe,33280,0x1FE6D6D9E00,DXGI,0,0,0,Composed: Flip,13528.0575,NA,8.98540000000000,NA,0.11200000000000,14.80620000000000,NA,13519.1710,8.9985,8.8865,0.1120,15.6619,8.0308,8.0096,0.0212,NA,NA,NA
parkey.exe,33280,0x1FE6D6D9E00,DXGI,0,0,0,Composed: Flip,13535.3375,NA,7.28000000000000,NA,0.10450000000000,16.25720000000000,NA,13528.1695,7.2725,7.1680,0.1045,14.6942,8.7310,8.7069,0.0241,NA,NA,NA
parkey.exe,33280,0x1FE6D6D9E00,DXGI,0,0,0,Composed: Flip,13543.9414,NA,8.60390000000000,13.94890000000000,0.11440000000000,16.70640000000000,24.2970,13535.4420,8.6138,8.4994,0.1144,16.1527,9.0531,9.0330,0.0201,10.4843,13535.4420,NA
parkey.exe,33280,0x1FE6D6D9E00,DXGI,0,0,0,Composed: Flip,13552.0468,NA,8.10540000000000,NA,0.09310000000000,16.59090000000000,NA,13544.0558,8.0841,7.9910,0.0931,16.5920,7.9899,7.9687,0.0212,NA,NA,NA
parkey.exe,33280,0x1FE6D6D9E00,DXGI,0,0,0,Composed: Flip,13561.4653,NA,9.41850000000000,20.83300000000000,0.13980000000000,15.89650000000000,27.6061,13552.1399,9.4652,9.3254,0.1398,16.4978,8.7241,8.6819,0.0422,-4.1351,13552.1399,NA
parkey.exe,33280,0x1FE6D6D9E00,DXGI,0,0,0,Composed: Flip,13569.0474,NA,7.58210000000000,13.84090000000000,0.10810000000000,16.30790000000000,33.8649,13561.6051,7.5504,7.4423,0.1081,15.7567,7.9935,7.9677,0.0258,-4.3757,13561.6051,NA
parkey.exe,33280,0x1FE6D6D9E00,DXGI,0,0,0,Composed: Flip,13578.3831,NA,9.33570000000000,NA,0.13070000000000,14.66910000000000,NA,13569.1555,9.3583,9.2276,0.1307,16.1998,7.6969,7.6707,0.0262,NA,NA,NA
parkey.exe,33280,0x1FE6D6D9E00,DXGI,0,0,0,Composed: Flip,13585.8009,NA,7.41780000000000,7.02190000000000,0.08850000000000,15.78390000000000,24.1333,13578.5138,7.3756,7.2871,0.0885,14.5384,8.5326,8.5065,0.0261,9.8868,13578.5138,NA
parkey.exe,33280,0x1FE6D6D9E00,DXGI,0,0,0,Composed: Flip,13594.1867,NA,8.38580000000000,13.84460000000000,0.12080000000000,15.41170000000000,29.5921,13585.8894,8.4181,8.2973,0.1208,15.6954,8.0136,7.9806,0.0330,-6.4690,13585.8894,NA
parkey.exe,33280,0x1FE6D6D9E00,DXGI,0,0,0,Composed: Flip,13602.2439,NA,8.05720000000000,NA,0.11140000000000,15.51730000000000,NA,13594.3075,8.0478,7.9364,0.1114,15.2909,8.1628,8.1323,0.0305,NA,NA,NA
parkey.exe,33280,0x1FE6D6D9E00,DXGI,0,0,0,Composed: Flip,13610.8440,NA,8.60010000000000,NA,0.11540000000000,15.14300000000000,NA,13602.3553,8.6041,8.4887,0.1154,15.4059,8.2258,8.1892,0.0366,NA,NA,NA
parkey.exe,33280,0x1FE6D6D9E00,DXGI,0,0,0,Composed: Flip,13618.8289,NA,7.98490000000000,20.87660000000000,0.13200000000000,14.48370000000000,25.8265,13610.9594,8.0015,7.8695,0.1320,15.0276,7.3256,7.2973,0.0283,4.1934,13610.9594,NA
parkey.exe,33280,0x1FE6D6D9E00,DXGI,0,0,0,Composed: Flip,13627.0165,NA,8.18760000000000,NA,0.14110000000000,13.79300000000000,NA,13618.9609,8.1967,8.0556,0.1411,14.3517,7.4969,7.4751,0.0218,NA,NA,NA
parkey.exe,33280,0x1FE6D6D9E00,DXGI,0,0,0,Composed: Flip,13634.1541,NA,7.13760000000000,13.93470000000000,0.17350000000000,14.90370000000000,24.4360,13627.1576,7.1700,6.9965,0.1735,13.6519,8.2483,8.2152,0.0331,2.2635,13627.1576,NA
parkey.exe,33280,0x1FE6D6D9E00,DXGI,0,0,0,Composed: Flip,13641.7324,NA,7.57830000000000,NA,0.20460000000000,14.46430000000000,NA,13634.3276,7.6094,7.4048,0.2046,14.7302,7.1389,7.1086,0.0303,NA,NA,NA
parkey.exe,33280,0x1FE6D6D9E00,DXGI,0,0,0,Composed: Flip,13650.2852,NA,8.55280000000000,13.80030000000000,0.12550000000000,13.79840000000000,22.1052,13641.9370,8.4737,8.3482,0.1255,14.2597,7.8869,7.8593,0.0276,0.9791,13641.9370,NA
parkey.exe,33280,0x1FE6D6D9E00,DXGI,0,0,0,Composed: Flip,13657.0799,NA,6.79470000000000,13.96770000000000,0.11060000000000,14.10040000000000,29.2782,13650.4107,6.7798,6.6692,0.1106,13.6729,7.0967,7.0602,0.0365,-5.4940,13650.4107,NA
parkey.exe,33280,0x1FE6D6D9E00,DXGI,0,0,0,Composed: Flip,13665.2535,NA,8.17360000000000,6.86240000000000,0.14150000000000,13.22130000000000,27.9670,13657.1905,8.2045,8.0630,0.1415,13.9898,7.2945,7.2730,0.0215,-0.0826,13657.1905,NA
parkey.exe,33280,0x1FE6D6D9E00,DXGI,0,0,0,Composed: Flip,13672.3008,NA,7.04730000000000,6.93440000000000,0.14660000000000,14.07250000000000,27.8541,13665.3950,7.0524,6.9058,0.1466,13.0798,7.8985,7.8642,0.0343,1.2701,13665.3950,NA
parkey.exe,33280,0x1FE6D6D9E00,DXGI,0,0,0,Composed: Flip,13679.7019,NA,7.40110000000000,13.95550000000000,0.12890000000000,13.81010000000000,34.4085,13672.4474,7.3834,7.2545,0.1289,13.9259,7.1387,7.0764,0.0623,-6.9031,13672.4474,NA
parkey.exe,33280,0x1FE6D6D9E00,DXGI,0,0,0,Composed: Flip,13687.6593,NA,7.95740000000000,6.95150000000000,0.18970000000000,13.72030000000000,33.4026,13679.8308,8.0182,7.8285,0.1897,13.6812,7.8676,7.8397,0.0279,0.4319,13679.8308,NA
parkey.exe,33280,0x1FE6D6D9E00,DXGI,0,0,0,Composed: Flip,13695.9045,NA,8.24520000000000,6.93920000000000,0.12510000000000,12.81670000000000,32.0966,13687.8490,8.1806,8.0555,0.1251,13.5306,7.3416,7.3135,0.0281,1.0790,13687.8490,NA
parkey.exe,33280,0x1FE6D6D9E00,DXGI,0,0,0,Composed: Flip,13703.8722,NA,7.96770000000000,6.94770000000000,0.11840000000000,12.97060000000000,31.0766,13696.0296,7.9610,7.8426,0.1184,12.6916,8.1216,8.0976,0.0240,1.2329,13696.0296,NA
parkey.exe,33280,0x1FE6D6D9E00,DXGI,0,0,0,Composed: Flip,13712.5007,NA,8.62850000000000,6.93580000000000,0.13980000000000,11.69270000000000,29.3839,13703.9906,8.6499,8.5101,0.1398,12.8522,7.3506,7.3267,0.0239,1.0252,13703.9906,NA
parkey.exe,33280,0x1FE6D6D9E00,DXGI,0,0,0,Composed: Flip,13720.5714,NA,8.07070000000000,6.95600000000000,0.11150000000000,10.99890000000000,28.2692,13712.6405,8.0424,7.9309,0.1115,11.5529,7.3769,7.3558,0.0211,1.6939,13712.6405,NA
parkey.exe,33280,0x1FE6D6D9E00,DXGI,0,0,0,Composed: Flip,13729.1746,NA,8.60320000000000,6.93340000000000,0.15480000000000,10.38490000000000,26.5994,13720.6829,8.6465,8.4917,0.1548,10.8874,7.9892,7.9653,0.0239,1.1090,13720.6829,NA
parkey.exe,33280,0x1FE6D6D9E00,DXGI,0,0,0,Composed: Flip,13737.2146,NA,8.04000000000000,6.88750000000000,0.10560000000000,9.77770000000000,25.4469,13729.3294,7.9908,7.8852,0.1056,10.2301,7.4328,7.4068,0.0260,1.7590,13729.3294,NA
parkey.exe,33280,0x1FE6D6D9E00,DXGI,0,0,0,Composed: Flip,13746.0591,NA,8.84450000000000,6.96370000000000,0.12630000000000,8.77890000000000,23.5661,13737.3202,8.8652,8.7389,0.1263,9.6721,7.8457,7.8216,0.0241,1.0271,13737.3202,NA
parkey.exe,33280,0x1FE6D6D9E00,DXGI,0,0,0,Composed: Flip,13753.6841,NA,7.62500000000000,13.94290000000000,0.12210000000000,9.02970000000000,29.8840,13746.1854,7.6208,7.4987,0.1221,8.6526,7.8758,7.8495,0.0263,-5.0777,13746.1854,NA
parkey.exe,33280,0x1FE6D6D9E00,DXGI,0,0,0,Composed: Flip,13762.3094,NA,8.62530000000000,6.95810000000000,0.12330000000000,7.66180000000000,28.2168,13753.8062,8.6265,8.5032,0.1233,8.9076,7.2574,7.2362,0.0212,0.6627,13753.8062,NA
parkey.exe,33280,0x1FE6D6D9E00,DXGI,0,0,0,Composed: Flip,13770.5540,NA,8.24460000000000,6.95990000000000,0.15410000000000,6.97480000000000,26.9321,13762.4327,8.2754,8.1213,0.1541,7.9735,7.1226,7.1039,0.0187,1.6666,13762.4327,NA
parkey.exe,33280,0x1FE6D6D9E00,DXGI,0,0,0,Composed: Flip,13779.2119,NA,8.65790000000000,6.93530000000000,0.13870000000000,7.18150000000000,25.2095,13770.7081,8.6425,8.5038,0.1387,8.2601,7.4252,7.3998,0.0254,1.3401,13770.7081,NA
parkey.exe,33280,0x1FE6D6D9E00,DXGI,0,0,0,Composed: Flip,13787.1003,NA,7.88840000000000,6.93440000000000,0.12970000000000,7.03690000000000,24.2555,13779.3506,7.8794,7.7497,0.1297,7.6185,7.1681,7.1403,0.0278,1.7081,13779.3506,NA
parkey.exe,33280,0x1FE6D6D9E00,DXGI,0,0,0,Composed: Flip,13795.7148,NA,8.61450000000000,6.87510000000000,0.16530000000000,7.09110000000000,22.5161,13787.2300,8.6501,8.4848,0.1653,8.3299,7.2460,7.2190,0.0270,1.0043,13787.2300,NA
parkey.exe,33280,0x1FE6D6D9E00,DXGI,0,0,0,Composed: Flip,13804.0432,NA,8.32840000000000,7.03650000000000,0.12850000000000,6.99830000000000,21.2242,13795.8801,8.2916,8.1631,0.1285,8.0068,7.1546,7.1330,0.0216,1.6136,13795.8801,NA
parkey.exe,33280,0x1FE6D6D9E00,DXGI,0,0,0,Composed: Flip,13812.6456,NA,8.60240000000000,13.88550000000000,0.19060000000000,6.86980000000000,26.5073,13804.1717,8.6645,8.4739,0.1906,8.2685,7.0752,7.0507,0.0245,-5.5939,13804.1717,NA
parkey.exe,33280,0x1FE6D6D9E00,DXGI,0,0,0,Composed: Flip,13820.6275,NA,7.98190000000000,6.92930000000000,0.13120000000000,7.01010000000000,25.4547,13812.8362,7.9225,7.7913,0.1312,7.6587,7.1427,6.8737,0.2690,1.7352,13812.8362,NA
parkey.exe,33280,0x1FE6D6D9E00,DXGI,0,0,0,Composed: Flip,13829.2188,NA,8.59130000000000,6.89100000000000,0.14710000000000,6.87200000000000,23.7544,13820.7587,8.6072,8.4601,0.1471,8.2917,7.0404,7.0163,0.0241,1.0315,13820.7587,NA
parkey.exe,33280,0x1FE6D6D9E00,DXGI,0,0,0,Composed: Flip,13837.0983,NA,7.87950000000000,6.92710000000000,0.12340000000000,6.82030000000000,22.8020,13829.3659,7.8558,7.7324,0.1234,7.5971,6.9556,6.9320,0.0236,1.6801,13829.3659,NA
parkey.exe,33280,0x1FE6D6D9E00,DXGI,0,0,0,Composed: Flip,13846.0070,NA,8.90870000000000,6.99680000000000,0.17910000000000,6.95210000000000,20.8901,13837.2217,8.9644,8.7853,0.1791,8.6201,7.1173,7.0923,0.0250,0.8590,13837.2217,NA
parkey.exe,33280,0x1FE6D6D9E00,DXGI,0,0,0,Composed: Flip,13853.9405,NA,7.93350000000000,NA,0.12270000000000,7.43500000000000,NA,13846.1861,7.8771,7.7544,0.1227,7.6322,7.5572,7.5259,0.0313,NA,NA,NA
parkey.exe,33280,0x1FE6D6D9E00,DXGI,0,0,0,Composed: Flip,13862.4239,NA,8.48340000000000,13.92120000000000,0.14050000000000,6.96390000000000,18.3944,13854.0632,8.5012,8.3607,0.1405,8.2037,7.1209,7.0980,0.0229,2.9203,13854.0632,NA
parkey.exe,33280,0x1FE6D6D9E00,DXGI,0,0,0,Composed: Flip,13870.4915,NA,8.06760000000000,13.81100000000000,0.11950000000000,5.88410000000000,24.1378,13862.5644,8.0466,7.9271,0.1195,7.8032,6.0080,5.9806,0.0274,-5.3098,13862.5644,NA
parkey.exe,33280,0x1FE6D6D9E00,DXGI,0,0,0,Composed: Flip,13879.2142,NA,8.72270000000000,NA,0.15550000000000,5.96410000000000,NA,13870.6110,8.7587,8.6032,0.1555,8.4471,6.1202,6.1007,0.0195,NA,NA,NA
parkey.exe,33280,0x1FE6D6D9E00,DXGI,0,0,0,Composed: Flip,13887.1402,NA,7.92600000000000,6.99960000000000,0.12620000000000,6.50010000000000,14.4887,13879.3697,7.8967,7.7705,0.1262,7.6517,6.6189,6.5947,0.0242,9.8057,13879.3697,NA
parkey.exe,33280,0x1FE6D6D9E00,DXGI,0,0,0,Composed: Flip,13895.8250,NA,8.68480000000000,NA,0.17260000000000,5.10660000000000,NA,13887.2664,8.7312,8.5586,0.1726,8.4045,5.2607,5.2377,0.0230,NA,NA,NA
parkey.exe,33280,0x1FE6D6D9E00,DXGI,0,0,0,Composed: Flip,13904.0657,NA,8.24070000000000,20.84930000000000,0.13580000000000,6.68370000000000,18.4125,13895.9976,8.2039,8.0681,0.1358,7.9440,6.8078,6.7885,0.0193,-4.2214,13895.9976,NA
parkey.exe,33280,0x1FE6D6D9E00,DXGI,0,0,0,Composed: Flip,13912.5073,NA,8.44160000000000,13.88390000000000,0.14800000000000,5.48800000000000,23.8548,13904.2015,8.4538,8.3058,0.1480,8.1452,5.6486,5.6223,0.0263,-5.6800,13904.2015,NA
parkey.exe,33280,0x1FE6D6D9E00,DXGI,0,0,0,Composed: Flip,13920.5367,NA,8.02940000000000,6.88790000000000,0.13520000000000,5.85290000000000,22.7133,13912.6553,8.0166,7.8814,0.1352,7.7530,5.9813,5.9564,0.0249,1.5659,13912.6553,NA
parkey.exe,33280,0x1FE6D6D9E00,DXGI,0,0,0,Composed: Flip,13929.1651,NA,8.62840000000000,7.04800000000000,0.15520000000000,6.04220000000000,21.1329,13920.6719,8.6484,8.4932,0.1552,8.3264,6.2090,6.1930,0.0160,0.9686,13920.6719,NA
parkey.exe,33280,0x1FE6D6D9E00,DXGI,0,0,0,Composed: Flip,13937.1644,NA,7.99930000000000,13.85620000000000,0.15180000000000,7.36200000000000,26.9898,13929.3203,7.9959,7.8441,0.1518,7.6978,7.5083,7.4407,0.0676,-5.2078,13929.3203,NA
parkey.exe,33280,0x1FE6D6D9E00,DXGI,0,0,0,Composed: Flip,13945.8087,NA,8.64430000000000,6.97580000000000,0.14540000000000,4.82090000000000,25.3213,13937.3162,8.6379,8.4925,0.1454,8.3435,4.9699,4.9047,0.0652,1.0201,13937.3162,NA
parkey.exe,33280,0x1FE6D6D9E00,DXGI,0,0,0,Composed: Flip,13953.7795,NA,7.97080000000000,6.91160000000000,0.11550000000000,6.15240000000000,24.2621,13945.9541,7.9409,7.8254,0.1155,7.7120,6.2658,6.2362,0.0296,1.7263,13945.9541,NA
parkey.exe,33280,0x1FE6D6D9E00,DXGI,0,0,0,Composed: Flip,13962.4977,NA,8.71820000000000,6.97770000000000,0.14100000000000,6.14530000000000,22.5216,13953.8950,8.7437,8.6027,0.1410,8.4439,6.3041,6.2797,0.0244,0.9632,13953.8950,NA
parkey.exe,33280,0x1FE6D6D9E00,DXGI,0,0,0,Composed: Flip,13970.6602,NA,8.16250000000000,6.94660000000000,0.13620000000000,6.41810000000000,21.3057,13962.6387,8.1577,8.0215,0.1362,7.8853,6.5543,6.5291,0.0252,1.7971,13962.6387,NA
parkey.exe,33280,0x1FE6D6D9E00,DXGI,0,0,0,Composed: Flip,13979.1127,NA,8.45250000000000,13.88390000000000,0.16980000000000,6.27790000000000,26.7371,13970.7964,8.4861,8.3163,0.1698,8.1460,6.4482,6.4193,0.0289,-5.7262,13970.7964,NA
parkey.exe,33280,0x1FE6D6D9E00,DXGI,0,0,0,Composed: Flip,13987.5666,NA,8.45390000000000,6.91770000000000,0.14970000000000,5.72850000000000,25.2009,13979.2825,8.4338,8.2841,0.1497,8.1049,5.9077,5.8561,0.0516,1.5684,13979.2825,NA
parkey.exe,33280,0x1FE6D6D9E00,DXGI,0,0,0,Composed: Flip,13996.9234,NA,9.35680000000000,6.90440000000000,0.16650000000000,5.80600000000000,22.7485,13987.7163,9.3736,9.2071,0.1665,8.9893,6.0238,5.9979,0.0259,1.5294,13987.7163,NA
parkey.exe,33280,0x1FE6D6D9E00,DXGI,0,0,0,Composed: Flip,14004.2142,NA,7.29080000000000,6.93980000000000,0.18580000000000,7.31680000000000,22.3975,13997.0899,7.3101,7.1243,0.1858,6.9508,7.4903,7.4425,0.0478,2.4338,13997.0899,NA
parkey.exe,33280,0x1FE6D6D9E00,DXGI,0,0,0,Composed: Flip,14013.0454,NA,8.83120000000000,NA,0.20080000000000,7.14620000000000,NA,14004.4000,8.8462,8.6454,0.2008,8.3885,7.4031,7.3335,0.0696,NA,NA,NA
parkey.exe,33280,0x1FE6D6D9E00,DXGI,0,0,0,Composed: Flip,14020.7232,NA,7.67780000000000,13.94800000000000,0.11760000000000,7.08580000000000,19.8365,14013.2462,7.5946,7.4770,0.1176,7.2828,7.2800,7.2569,0.0231,2.2083,14013.2462,NA
parkey.exe,33280,0x1FE6D6D9E00,DXGI,0,0,0,Composed: Flip,14029.3439,NA,8.62070000000000,NA,0.12150000000000,6.03050000000000,NA,14020.8408,8.6246,8.5031,0.1215,8.2313,6.3023,6.2689,0.0334,NA,NA,NA
parkey.exe,33280,0x1FE6D6D9E00,DXGI,0,0,0,Composed: Flip,14037.0884,NA,7.74450000000000,NA,0.11180000000000,6.24660000000000,NA,14029.4654,7.7348,7.6230,0.1118,7.4567,6.4129,6.3903,0.0226,NA,NA,NA
parkey.exe,33280,0x1FE6D6D9E00,DXGI,0,0,0,Composed: Flip,14046.0465,NA,8.95810000000000,NA,0.14870000000000,5.25370000000000,NA,14037.2002,8.9950,8.8463,0.1487,8.6771,5.4229,5.3975,0.0254,NA,NA,NA
parkey.exe,33280,0x1FE6D6D9E00,DXGI,0,0,0,Composed: Flip,14054.0020,NA,7.95550000000000,27.76360000000000,0.14880000000000,7.21440000000000,14.3213,14046.1952,7.9556,7.8068,0.1488,7.6627,7.3585,7.3379,0.0206,5.1854,14046.1952,NA
parkey.exe,33280,0x1FE6D6D9E00,DXGI,0,0,0,Composed: Flip,14069.2078,NA,15.20580000000000,NA,16.73150000000000,8.49180000000000,NA,14054.1508,31.7885,15.0570,16.7315,14.8935,8.6553,8.6289,0.0264,NA,NA,NA
parkey.exe,33280,0x1FE6D6D9E00,DXGI,0,0,0,Composed: Flip,14088.1130,NA,18.90520000000000,39.21590000000000,0.29840000000000,6.68870000000000,19.4262,14085.9393,2.4721,2.1737,0.2984,2.0048,6.8576,6.8371,0.0205,0.5282,14085.9393,NA
parkey.exe,33280,0x1FE6D6D9E00,DXGI,0,0,0,Composed: Flip,14099.6759,NA,11.56290000000000,16.30290000000000,0.31650000000000,7.80220000000000,24.1662,14088.4114,11.5810,11.2645,0.3165,11.0849,7.9818,7.9582,0.0236,-13.8308,14088.4114,NA
parkey.exe,33280,0x1FE6D6D9E00,DXGI,0,0,0,Composed: Flip,14189.2786,NA,89.60270000000000,83.77370000000001,0.22970000000000,7.27690000000000,18.3372,14099.9924,89.5159,89.2862,0.2297,89.0963,7.4668,7.4403,0.0265,-72.1927,14099.9924,NA
parkey.exe,33280,0x1FE6D6D9E00,DXGI,0,0,0,Composed: Flip,14195.6158,NA,6.33720000000000,13.53520000000000,0.17610000000000,9.36790000000000,25.5352,14189.5083,6.2836,6.1075,0.1761,7.0472,8.4282,8.4023,0.0259,75.9807,14189.5083,NA
parkey.exe,33280,0x1FE6D6D9E00,DXGI,0,0,0,Composed: Flip,14206.4051,NA,10.78930000000000,13.90370000000000,0.16650000000000,8.07800000000000,28.6496,14195.7919,10.7797,10.6132,0.1665,10.3475,8.3437,8.3205,0.0232,-7.6201,14195.7919,NA
parkey.exe,33280,0x1FE6D6D9E00,DXGI,0,0,0,Composed: Flip,14217.3079,NA,10.90280000000000,6.86920000000000,0.32230000000000,7.56360000000000,24.6160,14206.5716,11.0586,10.7363,0.3223,10.4861,7.8138,7.7881,0.0257,3.9105,14206.5716,NA
parkey.exe,33280,0x1FE6D6D9E00,DXGI,0,0,0,Composed: Flip,14230.1762,NA,12.86830000000000,NA,0.32110000000000,9.26260000000000,NA,14217.6302,12.8671,12.5460,0.3211,12.3389,9.4697,9.4395,0.0302,NA,NA,NA
parkey.exe,33280,0x1FE6D6D9E00,DXGI,0,0,0,Composed: Flip,14239.0226,NA,8.84640000000000,13.99800000000000,0.15730000000000,9.68660000000000,16.8993,14230.4973,8.6826,8.5253,0.1573,8.9415,9.2704,9.2433,0.0271,9.9277,14230.4973,NA
parkey.exe,33280,0x1FE6D6D9E00,DXGI,0,0,0,Composed: Flip,14246.4816,NA,7.45900000000000,18.43260000000000,0.31560000000000,10.23970000000000,27.8729,14239.1799,7.6173,7.3017,0.3156,9.5868,7.9546,7.9211,0.0335,-9.7500,14239.1799,NA
parkey.exe,33280,0x1FE6D6D9E00,DXGI,0,0,0,Composed: Flip,14266.4953,NA,20.01370000000000,NA,0.22430000000000,0.28020000000000,NA,14246.7972,19.9224,19.6981,0.2243,10.2915,9.6868,6.9054,2.7814,NA,NA,NA
parkey.exe,33280,0x1FE6D6D9E00,DXGI,0,0,0,Composed: Flip,14268.2354,NA,1.74010000000000,9.25410000000000,0.34250000000000,8.09570000000000,15.3732,14266.7196,1.8583,1.5158,0.3425,1.3677,8.2438,8.2059,0.0379,18.2856,14266.7196,NA
parkey.exe,33280,0x1FE6D6D9E00,DXGI,0,0,0,Composed: Flip,14276.0254,NA,7.79000000000000,24.09330000000000,0.27600000000000,9.61860000000000,31.6765,14268.5779,7.7235,7.4475,0.2760,7.8605,9.2056,9.1688,0.0368,-22.2350,14268.5779,NA
parkey.exe,33280,0x1FE6D6D9E00,DXGI,0,0,0,Composed: Flip,14283.2856,NA,7.26020000000000,NA,0.57890000000000,12.02100000000000,NA,14276.3014,7.5631,6.9842,0.5789,9.3426,9.6626,9.6387,0.0239,NA,NA,NA
parkey.exe,33280,0x1FE6D6D9E00,DXGI,0,0,0,Composed: Flip,14292.1588,NA,8.87320000000000,16.67100000000000,0.60390000000000,13.26180000000000,32.2141,14283.8645,8.8982,8.2943,0.6039,11.4421,10.1140,10.0757,0.0383,-1.3844,14283.8645,NA
parkey.exe,33280,0x1FE6D6D9E00,DXGI,0,0,0,Composed: Flip,14298.9962,NA,6.83740000000000,0.98630000000000,0.20730000000000,15.76980000000000,26.3630,14292.7627,6.4408,6.2335,0.2073,12.6579,9.3454,9.3095,0.0359,7.9119,14292.7627,NA
parkey.exe,33280,0x1FE6D6D9E00,DXGI,0,0,0,Composed: Flip,14308.1832,NA,9.18700000000000,15.71230000000000,0.26080000000000,16.20950000000000,32.8883,14299.2035,9.2405,8.9797,0.2608,15.5625,9.6267,9.5949,0.0318,-9.2715,14299.2035,NA
parkey.exe,33280,0x1FE6D6D9E00,DXGI,0,0,0,Composed: Flip,14317.7157,NA,9.53250000000000,5.10660000000000,0.23290000000000,16.25210000000000,28.4624,14308.4440,9.5046,9.2717,0.2329,15.9487,9.5751,9.5497,0.0254,4.1339,14308.4440,NA
parkey.exe,33280,0x1FE6D6D9E00,DXGI,0,0,0,Composed: Flip,14327.6937,NA,9.97800000000000,11.55130000000000,0.18760000000000,15.84770000000000,30.0357,14317.9486,9.9327,9.7451,0.1876,16.0192,9.5736,9.5418,0.0318,-2.0467,14317.9486,NA
parkey.exe,33280,0x1FE6D6D9E00,DXGI,0,0,0,Composed: Flip,14335.2461,NA,7.55240000000000,16.68860000000000,0.19990000000000,19.33430000000000,39.1719,14327.8813,7.5647,7.3648,0.1999,15.6601,11.0390,10.9932,0.0458,-6.7559,14327.8813,NA
parkey.exe,33280,0x1FE6D6D9E00,DXGI,0,0,0,Composed: Flip,14355.6533,NA,20.40720000000000,6.42700000000000,0.74080000000000,9.18180000000000,25.1917,14335.4460,20.9481,20.2073,0.7408,19.9212,9.4679,9.4356,0.0323,1.1377,14335.4460,NA
parkey.exe,33280,0x1FE6D6D9E00,DXGI,0,0,0,Composed: Flip,14361.0278,NA,5.37450000000000,13.89310000000000,0.25880000000000,13.56070000000000,33.7103,14356.3941,4.8925,4.6337,0.2588,8.4410,9.7534,9.7204,0.0330,7.0550,14356.3941,NA
parkey.exe,33280,0x1FE6D6D9E00,DXGI,0,0,0,Composed: Flip,14366.9916,NA,5.96380000000000,6.93910000000000,0.24530000000000,16.90880000000000,34.6856,14361.2866,5.9503,5.7050,0.2453,13.3019,9.3119,9.2736,0.0383,-2.0466,14361.2866,NA
parkey.exe,33280,0x1FE6D6D9E00,DXGI,0,0,0,Composed: Flip,14376.8065,NA,9.81490000000000,6.10850000000000,0.16310000000000,16.51760000000000,30.9792,14367.2369,9.7327,9.5696,0.1631,16.6635,9.4237,9.3983,0.0254,-0.1582,14367.2369,NA
parkey.exe,33280,0x1FE6D6D9E00,DXGI,0,0,0,Composed: Flip,14385.6371,NA,8.83060000000000,16.69200000000000,0.31500000000000,17.14600000000000,38.8406,14376.9696,8.9825,8.6675,0.3150,16.3545,9.4590,9.4329,0.0261,-6.9593,14376.9696,NA
parkey.exe,33280,0x1FE6D6D9E00,DXGI,0,0,0,Composed: Flip,14394.9928,NA,9.35570000000000,4.96760000000000,0.29900000000000,17.11790000000000,34.4525,14385.9521,9.3397,9.0407,0.2990,16.8310,9.3276,9.2943,0.0333,4.0149,14385.9521,NA
parkey.exe,33280,0x1FE6D6D9E00,DXGI,0,0,0,Composed: Flip,14404.8800,NA,9.88720000000000,6.96640000000000,0.15160000000000,16.39850000000000,31.5317,14395.2918,9.7398,9.5882,0.1516,16.8189,9.1678,9.1363,0.0315,2.3733,14395.2918,NA
parkey.exe,33280,0x1FE6D6D9E00,DXGI,0,0,0,Composed: Flip,14413.3267,NA,8.44670000000000,13.92040000000000,0.54650000000000,17.19350000000000,37.0054,14405.0316,8.8416,8.2951,0.5465,16.2469,9.2417,9.2156,0.0261,-4.1806,14405.0316,NA
parkey.exe,33280,0x1FE6D6D9E00,DXGI,0,0,0,Composed: Flip,14422.7119,NA,9.38520000000000,7.03610000000000,0.18470000000000,16.92680000000000,34.6563,14413.8732,9.0234,8.8387,0.1847,16.6470,9.1185,9.0943,0.0242,1.8055,14413.8732,NA
parkey.exe,33280,0x1FE6D6D9E00,DXGI,0,0,0,Composed: Flip,14431.7901,NA,9.07820000000000,6.81020000000000,0.13230000000000,17.49880000000000,32.3883,14422.8966,9.0258,8.8935,0.1323,16.7421,9.6502,9.6270,0.0232,2.2132,14422.8966,NA
parkey.exe,33280,0x1FE6D6D9E00,DXGI,0,0,0,Composed: Flip,14458.1015,NA,26.31140000000000,20.84560000000000,0.19340000000000,8.98440000000000,26.9225,14431.9224,26.3725,26.1791,0.1934,25.9053,9.2582,9.2354,0.0228,-11.8198,14431.9224,NA
parkey.exe,33280,0x1FE6D6D9E00,DXGI,0,0,0,Composed: Flip,14459.4304,NA,1.32890000000000,6.15560000000000,0.12180000000000,16.94210000000000,31.7492,14458.2949,1.2573,1.1355,0.1218,8.7910,9.2866,9.2662,0.0204,20.2169,14458.2949,NA
parkey.exe,33280,0x1FE6D6D9E00,DXGI,0,0,0,Composed: Flip,14479.9443,NA,20.51390000000000,14.74010000000000,0.14650000000000,8.85600000000000,25.9754,14459.5522,20.5386,20.3921,0.1465,20.0954,9.1527,9.1287,0.0240,-13.4828,14459.5522,NA
parkey.exe,33280,0x1FE6D6D9E00,DXGI,0,0,0,Composed: Flip,14481.5560,NA,1.61170000000000,6.95170000000000,0.10310000000000,16.51110000000000,31.3154,14480.0908,1.5683,1.4652,0.1031,8.7095,9.2668,9.2486,0.0182,13.5869,14480.0908,NA
parkey.exe,33280,0x1FE6D6D9E00,DXGI,0,0,0,Composed: Flip,14502.4706,NA,20.91460000000000,11.67480000000000,0.12440000000000,8.74730000000000,22.0756,14481.6591,20.9359,20.8115,0.1244,20.5685,8.9903,8.9670,0.0233,-10.1065,14481.6591,NA
parkey.exe,33280,0x1FE6D6D9E00,DXGI,0,0,0,Composed: Flip,14504.4725,NA,2.00190000000000,16.03280000000000,0.10930000000000,15.92930000000000,36.1065,14502.5950,1.9868,1.8775,0.1093,8.6229,9.1839,9.1630,0.0209,4.9031,14502.5950,NA
parkey.exe,33280,0x1FE6D6D9E00,DXGI,0,0,0,Composed: Flip,14524.1703,NA,19.69780000000000,7.01600000000000,0.13530000000000,8.58890000000000,23.4247,14504.5818,19.7238,19.5885,0.1353,19.3561,8.8213,8.7923,0.0290,-5.0292,14504.5818,NA
parkey.exe,33280,0x1FE6D6D9E00,DXGI,0,0,0,Composed: Flip,14525.6331,NA,1.46280000000000,13.82480000000000,0.11460000000000,16.37390000000000,35.7867,14524.3056,1.4421,1.3275,0.1146,8.4536,9.2478,9.2302,0.0176,5.8990,14524.3056,NA
parkey.exe,33280,0x1FE6D6D9E00,DXGI,0,0,0,Composed: Flip,14545.5795,NA,19.94640000000000,13.15470000000000,0.16210000000000,9.06540000000000,28.9950,14525.7477,19.9939,19.8318,0.1621,19.5296,9.3676,9.3398,0.0278,-11.7126,14525.7477,NA
parkey.exe,33280,0x1FE6D6D9E00,DXGI,0,0,0,Composed: Flip,14549.7531,NA,4.17360000000000,7.73920000000000,17.07960000000000,14.12140000000000,32.5606,14545.7416,21.0911,4.0115,17.0796,8.9033,9.2296,9.1988,0.0308,12.2547,14545.7416,NA
parkey.exe,33280,0x1FE6D6D9E00,DXGI,0,0,0,Composed: Flip,14569.0805,NA,19.32740000000000,13.83630000000000,0.14150000000000,8.76510000000000,27.0695,14566.8327,2.3893,2.2478,0.1415,1.9692,9.0437,9.0185,0.0252,7.2548,14566.8327,NA
parkey.exe,33280,0x1FE6D6D9E00,DXGI,0,0,0,Composed: Flip,14570.3217,NA,1.24120000000000,6.94220000000000,0.10790000000000,16.77680000000000,32.7705,14569.2220,1.2076,1.0997,0.1079,8.6236,9.2529,9.2226,0.0303,-4.5529,14569.2220,NA
parkey.exe,33280,0x1FE6D6D9E00,DXGI,0,0,0,Composed: Flip,14591.0532,NA,20.73150000000000,13.95220000000000,0.26580000000000,8.87340000000000,25.9912,14570.4296,20.8894,20.6236,0.2658,20.5784,8.9186,8.8885,0.0301,-12.7446,14570.4296,NA
parkey.exe,33280,0x1FE6D6D9E00,DXGI,0,0,0,Composed: Flip,14592.7116,NA,1.65840000000000,6.93320000000000,0.16700000000000,16.42650000000000,31.2660,14591.3190,1.5596,1.3926,0.1670,8.6076,9.2115,9.1814,0.0301,13.9562,14591.3190,NA
parkey.exe,33280,0x1FE6D6D9E00,DXGI,0,0,0,Composed: Flip,14612.6189,NA,19.90730000000000,13.84080000000000,0.16430000000000,9.05520000000000,25.1995,14592.8786,19.9046,19.7403,0.1643,19.5031,9.2924,9.2606,0.0318,-12.2812,14592.8786,NA
parkey.exe,33280,0x1FE6D6D9E00,DXGI,0,0,0,Composed: Flip,14613.8130,NA,1.19410000000000,13.89570000000000,0.09370000000000,17.19140000000000,37.9011,14612.7832,1.1235,1.0298,0.0937,8.8909,9.3303,9.3033,0.0270,6.0089,14612.7832,NA
parkey.exe,33280,0x1FE6D6D9E00,DXGI,0,0,0,Composed: Flip,14627.7689,NA,13.95590000000000,6.26470000000000,0.14100000000000,12.61310000000000,30.2099,14613.9067,14.0032,13.8622,0.1410,17.0977,9.3776,9.3578,0.0198,-5.1412,14613.9067,NA
parkey.exe,33280,0x1FE6D6D9E00,DXGI,0,0,0,Composed: Flip,14644.2490,NA,16.48010000000000,14.58480000000000,0.22640000000000,9.02130000000000,28.3146,14627.9099,16.5655,16.3391,0.2264,16.1884,9.1720,9.1534,0.0186,-0.5816,14627.9099,NA
parkey.exe,33280,0x1FE6D6D9E00,DXGI,0,0,0,Composed: Flip,14645.3298,NA,1.08080000000000,7.00630000000000,0.10090000000000,17.30450000000000,34.2401,14644.4754,0.9553,0.8544,0.1009,8.7949,9.3640,9.3393,0.0247,9.5592,14644.4754,NA
parkey.exe,33280,0x1FE6D6D9E00,DXGI,0,0,0,Composed: Flip,14666.7191,NA,21.38930000000000,11.77110000000000,0.17670000000000,8.92420000000000,24.6219,14645.4307,21.4651,21.2884,0.1767,21.0289,9.1837,9.1537,0.0300,-10.8158,14645.4307,NA
parkey.exe,33280,0x1FE6D6D9E00,DXGI,0,0,0,Composed: Flip,14668.1698,NA,1.45070000000000,9.03870000000000,0.11410000000000,16.89160000000000,32.2099,14666.8958,1.3881,1.2740,0.1141,8.7475,9.4181,9.3907,0.0274,12.4264,14666.8958,NA
parkey.exe,33280,0x1FE6D6D9E00,DXGI,0,0,0,Composed: Flip,14690.3468,NA,22.17700000000000,13.92760000000000,0.12520000000000,8.92130000000000,23.9605,14668.2839,22.1881,22.0629,0.1252,21.8106,9.1736,9.1476,0.0260,-12.5395,14668.2839,NA
parkey.exe,33280,0x1FE6D6D9E00,DXGI,0,0,0,Composed: Flip,14691.3508,NA,1.00400000000000,10.38740000000000,0.09230000000000,17.33650000000000,33.3439,14690.4720,0.9711,0.8788,0.0923,8.7961,9.4192,9.3993,0.0199,11.8007,14690.4720,NA
parkey.exe,33280,0x1FE6D6D9E00,DXGI,0,0,0,Composed: Flip,14713.0191,NA,21.66830000000000,16.68160000000000,0.18860000000000,8.82550000000000,28.3572,14691.4431,21.7646,21.5760,0.1886,21.2478,9.1537,9.1264,0.0273,-15.7105,14691.4431,NA
parkey.exe,33280,0x1FE6D6D9E00,DXGI,0,0,0,Composed: Flip,14714.2178,NA,1.19870000000000,7.63990000000000,0.17560000000000,17.01220000000000,34.7984,14713.2077,1.1857,1.0101,0.1756,8.6369,9.3854,9.3652,0.0202,14.1247,14713.2077,NA
parkey.exe,33280,0x1FE6D6D9E00,DXGI,0,0,0,Composed: Flip,14736.0144,NA,21.79660000000000,13.82900000000000,0.13460000000000,8.93420000000000,26.8308,14714.3934,21.7556,21.6210,0.1346,21.3412,9.2140,9.1924,0.0216,-12.6433,14714.3934,NA
parkey.exe,33280,0x1FE6D6D9E00,DXGI,0,0,0,Composed: Flip,14737.3163,NA,1.30190000000000,6.98740000000000,0.10010000000000,16.97110000000000,32.5163,14736.1490,1.2674,1.1673,0.1001,8.7996,9.3388,9.3145,0.0243,14.7682,14736.1490,NA
parkey.exe,33280,0x1FE6D6D9E00,DXGI,0,0,0,Composed: Flip,14757.4113,NA,20.09500000000000,13.89900000000000,11.29470000000000,9.23740000000000,26.3203,14737.4164,31.2896,19.9949,11.2947,19.7458,9.4865,9.4579,0.0286,-12.6316,14737.4164,NA
parkey.exe,33280,0x1FE6D6D9E00,DXGI,0,0,0,Composed: Flip,14771.3415,NA,13.93020000000000,13.90660000000000,0.17210000000000,8.97180000000000,26.2967,14768.7060,2.8076,2.6355,0.1721,2.3663,9.2410,9.2105,0.0305,17.3830,14768.7060,NA
parkey.exe,33280,0x1FE6D6D9E00,DXGI,0,0,0,Composed: Flip,14784.2910,NA,12.94950000000000,10.47120000000000,0.15610000000000,8.96100000000000,23.8184,14771.5136,12.9335,12.7774,0.1561,12.6118,9.1266,9.1015,0.0251,-7.6636,14771.5136,NA
parkey.exe,33280,0x1FE6D6D9E00,DXGI,0,0,0,Composed: Flip,14785.8835,NA,1.59250000000000,10.30010000000000,18.19730000000000,16.82260000000000,32.5260,14784.4471,19.6337,1.4364,18.1973,8.8049,9.4541,9.4328,0.0213,2.6334,14784.4471,NA
parkey.exe,33280,0x1FE6D6D9E00,DXGI,0,0,0,Composed: Flip,14806.4633,NA,20.57980000000000,13.90240000000000,0.13400000000000,9.16810000000000,25.8486,14804.0808,2.5165,2.3825,0.1340,2.0966,9.4540,9.4214,0.0326,5.7313,14804.0808,NA
parkey.exe,33280,0x1FE6D6D9E00,DXGI,0,0,0,Composed: Flip,14807.7913,NA,1.32800000000000,6.93710000000000,0.12230000000000,17.24440000000000,31.4577,14806.5973,1.3163,1.1940,0.1223,9.0341,9.4043,9.3772,0.0271,-4.4206,14806.5973,NA
parkey.exe,33280,0x1FE6D6D9E00,DXGI,0,0,0,Composed: Flip,14816.6464,NA,8.85510000000000,13.88690000000000,0.14810000000000,17.63250000000000,36.4895,14807.9136,8.8809,8.7328,0.1481,17.1221,9.2432,9.2129,0.0303,-12.5706,14807.9136,NA
parkey.exe,33280,0x1FE6D6D9E00,DXGI,0,0,0,Composed: Flip,14825.8815,NA,9.23510000000000,4.98830000000000,0.14880000000000,17.75150000000000,32.2427,14816.7945,9.2358,9.0870,0.1488,17.4844,9.3541,9.3263,0.0278,3.8926,14816.7945,NA
parkey.exe,33280,0x1FE6D6D9E00,DXGI,0,0,0,Composed: Flip,14835.4157,NA,9.53420000000000,15.93090000000000,0.15520000000000,17.51010000000000,38.6394,14826.0303,9.5406,9.3854,0.1552,17.6027,9.2928,9.2613,0.0315,-6.6951,14826.0303,NA
parkey.exe,33280,0x1FE6D6D9E00,DXGI,0,0,0,Composed: Flip,14844.7598,NA,9.34410000000000,6.90210000000000,0.12800000000000,17.52600000000000,36.1974,14835.5709,9.3169,9.1889,0.1280,17.3549,9.3600,9.3397,0.0203,2.6385,14835.5709,NA
parkey.exe,33280,0x1FE6D6D9E00,DXGI,0,0,0,Composed: Flip,14853.7119,NA,8.95210000000000,6.90820000000000,0.12250000000000,18.00050000000000,34.1535,14844.8878,8.9466,8.8241,0.1225,17.3980,9.4266,9.4064,0.0202,2.4087,14844.8878,NA
parkey.exe,33280,0x1FE6D6D9E00,DXGI,0,0,0,Composed: Flip,14862.9546,NA,9.24270000000000,13.90810000000000,0.10120000000000,18.34450000000000,38.8189,14853.8344,9.2214,9.1202,0.1012,17.8780,9.5867,9.5508,0.0359,-4.9615,14853.8344,NA
parkey.exe,33280,0x1FE6D6D9E00,DXGI,0,0,0,Composed: Flip,14872.5679,NA,9.61330000000000,6.40790000000000,0.13830000000000,18.10750000000000,35.6135,14863.0558,9.6504,9.5121,0.1383,18.2433,9.3763,9.3578,0.0185,2.8135,14863.0558,NA
parkey.exe,33280,0x1FE6D6D9E00,DXGI,0,0,0,Composed: Flip,14882.4043,NA,9.83640000000000,14.46880000000000,0.12920000000000,17.58570000000000,40.2459,14872.7062,9.8273,9.6981,0.1292,17.9692,9.3146,9.2907,0.0239,-4.8184,14872.7062,NA
parkey.exe,33280,0x1FE6D6D9E00,DXGI,0,0,0,Composed: Flip,14891.4539,NA,9.04960000000000,6.94050000000000,0.15970000000000,17.80070000000000,38.1368,14882.5335,9.0801,8.9204,0.1597,17.4565,9.2646,9.2358,0.0288,2.8868,14882.5335,NA
parkey.exe,33280,0x1FE6D6D9E00,DXGI,0,0,0,Composed: Flip,14900.6392,NA,9.18530000000000,6.90150000000000,0.10270000000000,17.97490000000000,35.8530,14891.6136,9.1283,9.0256,0.1027,17.6410,9.3595,9.3392,0.0203,2.1786,14891.6136,NA
parkey.exe,33280,0x1FE6D6D9E00,DXGI,0,0,0,Composed: Flip,14910.0414,NA,9.40220000000000,5.04830000000000,0.11660000000000,18.03160000000000,31.4991,14900.7419,9.4161,9.2995,0.1166,17.8722,9.4589,9.4320,0.0269,4.0800,14900.7419,NA
parkey.exe,33280,0x1FE6D6D9E00,DXGI,0,0,0,Composed: Flip,14919.2761,NA,9.23470000000000,15.78130000000000,0.10660000000000,17.99220000000000,38.0457,14910.1580,9.2247,9.1181,0.1066,17.9150,9.1953,9.1579,0.0374,-6.3652,14910.1580,NA
parkey.exe,33280,0x1FE6D6D9E00,DXGI,0,0,0,Composed: Flip,14928.7264,NA,9.45030000000000,6.93680000000000,0.10940000000000,17.81430000000000,35.5322,14919.3827,9.4531,9.3437,0.1094,17.8856,9.2724,9.2522,0.0202,2.2879,14919.3827,NA
parkey.exe,33280,0x1FE6D6D9E00,DXGI,0,0,0,Composed: Flip,14938.5845,NA,9.85810000000000,6.96060000000000,0.12370000000000,17.29740000000000,32.6347,14928.8358,9.8724,9.7487,0.1237,17.7049,9.3412,9.3217,0.0195,2.4925,14928.8358,NA
parkey.exe,33280,0x1FE6D6D9E00,DXGI,0,0,0,Composed: Flip,14947.3037,NA,8.71920000000000,13.91050000000000,0.10740000000000,17.92210000000000,37.8260,14938.7082,8.7029,8.5955,0.1074,17.1737,9.3439,9.2828,0.0611,-4.0381,14938.7082,NA
parkey.exe,33280,0x1FE6D6D9E00,DXGI,0,0,0,Composed: Flip,14956.5393,NA,9.23560000000000,6.45460000000000,0.14750000000000,18.16980000000000,35.0450,14947.4111,9.2757,9.1282,0.1475,17.8147,9.4833,9.4643,0.0190,2.2483,14947.4111,NA
parkey.exe,33280,0x1FE6D6D9E00,DXGI,0,0,0,Composed: Flip,14965.7399,NA,9.20060000000000,14.35920000000000,0.10320000000000,18.13640000000000,40.2036,14956.6868,9.1563,9.0531,0.1032,18.0223,9.1672,9.1484,0.0188,-5.0835,14956.6868,NA
parkey.exe,33280,0x1FE6D6D9E00,DXGI,0,0,0,Composed: Flip,14975.2791,NA,9.53920000000000,6.98190000000000,0.10020000000000,17.76130000000000,37.6463,14965.8431,9.5362,9.4360,0.1002,18.0332,9.1641,9.1391,0.0250,2.1744,14965.8431,NA
parkey.exe,33280,0x1FE6D6D9E00,DXGI,0,0,0,Composed: Flip,14984.5573,NA,9.27820000000000,6.90300000000000,0.11310000000000,17.84140000000000,35.2711,14975.3793,9.2911,9.1780,0.1131,17.6611,9.3583,9.3324,0.0259,2.6332,14975.3793,NA
parkey.exe,33280,0x1FE6D6D9E00,DXGI,0,0,0,Composed: Flip,14993.5345,NA,8.97720000000000,5.10920000000000,0.11120000000000,18.50830000000000,31.4031,14984.6704,8.9753,8.8641,0.1112,17.7283,9.6441,9.6128,0.0313,4.1819,14984.6704,NA
parkey.exe,33280,0x1FE6D6D9E00,DXGI,0,0,0,Composed: Flip,15003.1700,NA,9.63550000000000,16.69650000000000,0.11000000000000,17.83210000000000,38.4641,14993.6457,9.6343,9.5243,0.1100,18.3971,8.9593,8.9307,0.0286,-7.7212,14993.6457,NA
parkey.exe,33280,0x1FE6D6D9E00,DXGI,0,0,0,Composed: Flip,15012.4686,NA,9.29860000000000,NA,0.11540000000000,17.28850000000000,NA,15003.2800,9.3040,9.1886,0.1154,17.7221,8.7550,8.7380,0.0170,NA,NA,NA
parkey.exe,33280,0x1FE6D6D9E00,DXGI,0,0,0,Composed: Flip,15021.5335,NA,9.06490000000000,6.05220000000000,0.11490000000000,17.19340000000000,26.1528,15012.5840,9.0644,8.9495,0.1149,17.1731,8.9698,8.9391,0.0307,12.8861,15012.5840,NA
parkey.exe,33280,0x1FE6D6D9E00,DXGI,0,0,0,Composed: Flip,15030.2163,NA,8.68280000000000,13.83710000000000,0.09720000000000,17.84000000000000,31.3071,15021.6484,8.6651,8.5679,0.0972,17.0785,9.3294,9.2937,0.0357,-4.7727,15021.6484,NA
parkey.exe,33280,0x1FE6D6D9E00,DXGI,0,0,0,Composed: Flip,15039.2311,NA,9.01480000000000,13.47030000000000,0.11120000000000,17.88210000000000,35.7626,15030.3135,9.0288,8.9176,0.1112,17.7428,9.0569,9.0248,0.0321,-4.8052,15030.3135,NA
parkey.exe,33280,0x1FE6D6D9E00,DXGI,0,0,0,Composed: Flip,15049.0195,NA,9.78840000000000,NA,0.11780000000000,17.01400000000000,NA,15039.3423,9.7950,9.6772,0.1178,17.7709,8.9203,8.8820,0.0383,NA,NA,NA
parkey.exe,33280,0x1FE6D6D9E00,DXGI,0,0,0,Composed: Flip,15057.7992,NA,8.77970000000000,7.34850000000000,0.10040000000000,17.25100000000000,24.5430,15049.1373,8.7623,8.6619,0.1004,16.8962,9.0167,8.9961,0.0206,11.4753,15049.1373,NA
parkey.exe,33280,0x1FE6D6D9E00,DXGI,0,0,0,Composed: Flip,15067.4277,NA,9.62850000000000,13.96200000000000,0.18490000000000,16.90110000000000,28.8765,15057.8996,9.7130,9.5281,0.1849,17.1506,9.2786,9.2543,0.0243,-5.1997,15057.8996,NA
parkey.exe,33280,0x1FE6D6D9E00,DXGI,0,0,0,Composed: Flip,15075.8888,NA,8.46110000000000,12.03500000000000,0.14210000000000,17.19680000000000,32.4504,15067.6126,8.4183,8.2762,0.1421,16.7162,8.7568,8.7287,0.0281,-2.3220,15067.6126,NA
parkey.exe,33280,0x1FE6D6D9E00,DXGI,0,0,0,Composed: Flip,15084.7164,NA,8.82760000000000,8.72670000000000,0.11160000000000,17.29630000000000,32.3495,15076.0309,8.7971,8.6855,0.1116,17.0547,8.9271,8.9067,0.0204,-0.3084,15076.0309,NA
parkey.exe,33280,0x1FE6D6D9E00,DXGI,0,0,0,Composed: Flip,15093.9287,NA,9.21230000000000,13.90350000000000,0.10750000000000,16.94820000000000,37.0407,15084.8280,9.2082,9.1007,0.1075,17.1847,8.8642,8.8469,0.0173,-5.1064,15084.8280,NA
parkey.exe,33280,0x1FE6D6D9E00,DXGI,0,0,0,Composed: Flip,15102.3820,NA,8.45330000000000,NA,0.09270000000000,17.43270000000000,NA,15094.0362,8.4385,8.3458,0.0927,16.8407,8.9378,8.9109,0.0269,NA,NA,NA
parkey.exe,33280,0x1FE6D6D9E00,DXGI,0,0,0,Composed: Flip,15111.4316,NA,9.04960000000000,10.72800000000000,0.09880000000000,17.38750000000000,30.2658,15102.4747,9.0557,8.9569,0.0988,17.3400,9.0044,8.9617,0.0427,6.9187,15102.4747,NA
parkey.exe,33280,0x1FE6D6D9E00,DXGI,0,0,0,Composed: Flip,15120.2096,NA,8.77800000000000,16.69160000000000,0.11520000000000,17.70200000000000,38.1794,15111.5304,8.7944,8.6792,0.1152,17.2887,9.0925,9.0702,0.0223,-7.6359,15111.5304,NA
parkey.exe,33280,0x1FE6D6D9E00,DXGI,0,0,0,Composed: Flip,15129.5195,NA,9.30990000000000,NA,0.10690000000000,17.28400000000000,NA,15120.3248,9.3016,9.1947,0.1069,17.5868,8.8919,8.8720,0.0199,NA,NA,NA
parkey.exe,33280,0x1FE6D6D9E00,DXGI,0,0,0,Composed: Flip,15138.4179,NA,8.89840000000000,16.67270000000000,0.10670000000000,17.33490000000000,36.6438,15129.6264,8.8982,8.7915,0.1067,17.1771,8.9493,8.9204,0.0289,1.4233,15129.6264,NA
parkey.exe,33280,0x1FE6D6D9E00,DXGI,0,0,0,Composed: Flip,15147.4630,NA,9.04510000000000,NA,0.13460000000000,17.47190000000000,NA,15138.5246,9.0730,8.9384,0.1346,17.2282,9.1821,9.1602,0.0219,NA,NA,NA
parkey.exe,33280,0x1FE6D6D9E00,DXGI,0,0,0,Composed: Flip,15156.1190,NA,8.65600000000000,16.67910000000000,0.09260000000000,17.79730000000000,35.6218,15147.5976,8.6140,8.5214,0.0926,17.3373,8.9814,8.9489,0.0325,1.2921,15147.5976,NA
parkey.exe,33280,0x1FE6D6D9E00,DXGI,0,0,0,Composed: Flip,15165.3524,NA,9.23340000000000,NA,0.11920000000000,17.41140000000000,NA,15156.2116,9.2600,9.1408,0.1192,17.7047,8.8475,8.8251,0.0224,NA,NA,NA
parkey.exe,33280,0x1FE6D6D9E00,DXGI,0,0,0,Composed: Flip,15174.6525,NA,9.30010000000000,8.67990000000000,0.09470000000000,17.03070000000000,25.7682,15165.4716,9.2756,9.1809,0.0947,17.2922,8.9194,8.8982,0.0212,9.1941,15165.4716,NA
parkey.exe,33280,0x1FE6D6D9E00,DXGI,0,0,0,Composed: Flip,15183.4253,NA,8.77280000000000,NA,0.10670000000000,17.27310000000000,NA,15174.7472,8.7848,8.6781,0.1067,16.9360,9.0152,8.9866,0.0286,NA,NA,NA
parkey.exe,33280,0x1FE6D6D9E00,DXGI,0,0,0,Composed: Flip,15192.1129,NA,8.68760000000000,24.67100000000000,0.11000000000000,17.63270000000000,32.9788,15183.5320,8.6909,8.5809,0.1100,17.1664,9.0472,9.0159,0.0313,-6.6106,15183.5320,NA
parkey.exe,33280,0x1FE6D6D9E00,DXGI,0,0,0,Composed: Flip,15201.6784,NA,9.56550000000000,10.04910000000000,0.15680000000000,16.65030000000000,33.4624,15192.2229,9.6123,9.4555,0.1568,17.5227,8.5831,8.5607,0.0224,-1.3582,15192.2229,NA
parkey.exe,33280,0x1FE6D6D9E00,DXGI,0,0,0,Composed: Flip,15210.2340,NA,8.55560000000000,6.63860000000000,0.10470000000000,17.58620000000000,31.5454,15201.8352,8.5035,8.3988,0.1047,16.4935,9.4915,9.4694,0.0221,2.9737,15201.8352,NA
parkey.exe,33280,0x1FE6D6D9E00,DXGI,0,0,0,Composed: Flip,15218.9180,NA,8.68400000000000,14.20140000000000,0.10510000000000,17.64750000000000,37.0628,15210.3387,8.6844,8.5793,0.1051,17.4815,8.7453,8.7214,0.0239,-5.6979,15210.3387,NA
parkey.exe,33280,0x1FE6D6D9E00,DXGI,0,0,0,Composed: Flip,15228.4642,NA,9.54620000000000,7.00520000000000,0.12370000000000,16.67370000000000,34.5218,15219.0231,9.5648,9.4411,0.1237,17.5424,8.5724,8.5457,0.0267,1.6792,15219.0231,NA
parkey.exe,33280,0x1FE6D6D9E00,DXGI,0,0,0,Composed: Flip,15237.2247,NA,8.76050000000000,6.88860000000000,0.09760000000000,16.58300000000000,32.6499,15228.5879,8.7344,8.6368,0.0976,16.5500,8.6698,8.6369,0.0329,2.6762,15228.5879,NA
parkey.exe,33280,0x1FE6D6D9E00,DXGI,0,0,0,Composed: Flip,15246.0429,NA,8.81820000000000,5.28130000000000,0.11450000000000,16.48880000000000,29.1130,15237.3223,8.8351,8.7206,0.1145,16.4854,8.7240,8.7035,0.0205,3.4531,15237.3223,NA
parkey.exe,33280,0x1FE6D6D9E00,DXGI,0,0,0,Composed: Flip,15254.4347,NA,8.39180000000000,15.55660000000000,0.10580000000000,16.63000000000000,36.2778,15246.1574,8.3831,8.2773,0.1058,16.3743,8.5330,8.4985,0.0345,-6.7215,15246.1574,NA
parkey.exe,33280,0x1FE6D6D9E00,DXGI,0,0,0,Composed: Flip,15263.2914,NA,8.85670000000000,6.99150000000000,0.12450000000000,16.38510000000000,34.4126,15254.5405,8.8754,8.7509,0.1245,16.5242,8.6118,8.5904,0.0214,1.3916,15254.5405,NA
parkey.exe,33280,0x1FE6D6D9E00,DXGI,0,0,0,Composed: Flip,15271.7557,NA,8.46430000000000,6.90420000000000,0.12160000000000,16.55880000000000,32.8525,15263.4159,8.4614,8.3398,0.1216,16.2606,8.6380,8.6178,0.0202,1.9712,15263.4159,NA
parkey.exe,33280,0x1FE6D6D9E00,DXGI,0,0,0,Composed: Flip,15280.6852,NA,8.92950000000000,3.89720000000000,0.12000000000000,16.22270000000000,27.8202,15271.8773,8.9279,8.8079,0.1200,16.4372,8.5934,8.5518,0.0416,4.5642,15271.8773,NA
parkey.exe,33280,0x1FE6D6D9E00,DXGI,0,0,0,Composed: Flip,15289.0724,NA,8.38720000000000,16.68150000000000,0.10780000000000,16.25190000000000,36.1145,15280.8052,8.3750,8.2672,0.1078,16.1027,8.4164,8.3861,0.0303,-7.7536,15280.8052,NA
parkey.exe,33280,0x1FE6D6D9E00,DXGI,0,0,0,Composed: Flip,15298.0552,NA,8.98280000000000,7.26940000000000,0.16670000000000,16.02930000000000,34.4011,15289.1802,9.0417,8.8750,0.1667,16.1441,8.7602,8.7385,0.0217,1.1056,15289.1802,NA
parkey.exe,33280,0x1FE6D6D9E00,DXGI,0,0,0,Composed: Flip,15306.6461,NA,8.59090000000000,6.88070000000000,0.13510000000000,16.06930000000000,32.6909,15298.2219,8.5593,8.4242,0.1351,15.8626,8.6309,8.5965,0.0344,2.1610,15298.2219,NA
parkey.exe,33280,0x1FE6D6D9E00,DXGI,0,0,0,Composed: Flip,15314.8125,NA,8.16640000000000,6.93990000000000,0.09980000000000,16.54630000000000,31.4644,15306.7812,8.1311,8.0313,0.0998,15.9342,8.6434,8.6094,0.0340,1.6194,15306.7812,NA
parkey.exe,33280,0x1FE6D6D9E00,DXGI,0,0,0,Composed: Flip,15323.8127,NA,9.00020000000000,12.26360000000000,0.11270000000000,16.23550000000000,34.7278,15314.9123,9.0131,8.9004,0.1127,16.4465,8.6894,8.6551,0.0343,-4.1325,15314.9123,NA
parkey.exe,33280,0x1FE6D6D9E00,DXGI,0,0,0,Composed: Flip,15332.1199,NA,8.30720000000000,8.61620000000000,0.15400000000000,16.53570000000000,35.0368,15323.9254,8.3485,8.1945,0.1540,16.1228,8.6074,8.5871,0.0203,0.3969,15323.9254,NA
parkey.exe,33280,0x1FE6D6D9E00,DXGI,0,0,0,Composed: Flip,15341.3024,NA,9.18250000000000,6.90720000000000,0.13020000000000,15.96420000000000,32.7615,15332.2739,9.1587,9.0285,0.1302,16.3817,8.6110,8.5917,0.0193,1.4413,15332.2739,NA
parkey.exe,33280,0x1FE6D6D9E00,DXGI,0,0,0,Composed: Flip,15349.7252,NA,8.42280000000000,6.93890000000000,0.10620000000000,16.53630000000000,31.2776,15341.4326,8.3988,8.2926,0.1062,15.8340,8.9949,8.9678,0.0271,2.2198,15341.4326,NA
parkey.exe,33280,0x1FE6D6D9E00,DXGI,0,0,0,Composed: Flip,15357.8405,NA,8.11530000000000,10.89540000000000,0.12040000000000,17.43460000000000,34.0577,15349.8314,8.1295,8.0091,0.1204,16.4301,9.0136,8.9918,0.0218,-2.4966,15349.8314,NA
parkey.exe,33280,0x1FE6D6D9E00,DXGI,0,0,0,Composed: Flip,15366.7689,NA,8.92840000000000,NA,0.09650000000000,17.00450000000000,NA,15357.9609,8.9045,8.8080,0.0965,17.3142,8.4983,8.4759,0.0224,NA,NA,NA
parkey.exe,33280,0x1FE6D6D9E00,DXGI,0,0,0,Composed: Flip,15376.0599,NA,9.29100000000000,16.68710000000000,0.11310000000000,16.40100000000000,32.5254,15366.8654,9.3076,9.1945,0.1131,16.9080,8.6875,8.6608,0.0267,0.3469,15366.8654,NA
parkey.exe,33280,0x1FE6D6D9E00,DXGI,0,0,0,Composed: Flip,15384.6743,NA,8.61440000000000,16.68690000000000,0.18400000000000,16.61040000000000,40.5979,15376.1730,8.6853,8.5013,0.1840,16.2879,8.8238,8.7909,0.0329,-7.3793,15376.1730,NA
parkey.exe,33280,0x1FE6D6D9E00,DXGI,0,0,0,Composed: Flip,15393.1087,NA,8.43440000000000,NA,0.12270000000000,16.75110000000000,NA,15384.8583,8.3731,8.2504,0.1227,16.4264,8.5751,8.5538,0.0213,NA,NA,NA
parkey.exe,33280,0x1FE6D6D9E00,DXGI,0,0,0,Composed: Flip,15401.9838,NA,8.87510000000000,NA,0.12000000000000,16.57150000000000,NA,15393.2314,8.8724,8.7524,0.1200,16.6284,8.6955,8.6538,0.0417,NA,NA,NA
parkey.exe,33280,0x1FE6D6D9E00,DXGI,0,0,0,Composed: Flip,15410.3922,NA,8.40840000000000,16.67420000000000,0.10020000000000,16.36620000000000,31.5542,15402.1038,8.3886,8.2884,0.1002,16.4515,8.2031,8.1697,0.0334,9.2566,15402.1038,NA
parkey.exe,33280,0x1FE6D6D9E00,DXGI,0,0,0,Composed: Flip,15419.2458,NA,8.85360000000000,NA,0.09860000000000,15.75230000000000,NA,15410.4924,8.8520,8.7534,0.0986,16.2660,8.2397,8.2036,0.0361,NA,NA,NA
parkey.exe,33280,0x1FE6D6D9E00,DXGI,0,0,0,Composed: Flip,15427.4783,NA,8.23250000000000,15.45950000000000,0.09860000000000,15.74340000000000,29.9276,15419.3444,8.2325,8.1339,0.0986,15.6537,8.2236,8.1998,0.0238,1.7811,15419.3444,NA
parkey.exe,33280,0x1FE6D6D9E00,DXGI,0,0,0,Composed: Flip,15435.8688,NA,8.39050000000000,NA,0.12420000000000,15.75380000000000,NA,15427.5769,8.4161,8.2919,0.1242,15.6448,8.4009,8.3715,0.0294,NA,NA,NA
parkey.exe,33280,0x1FE6D6D9E00,DXGI,0,0,0,Composed: Flip,15444.3508,NA,8.48200000000000,17.90920000000000,0.11210000000000,15.47770000000000,30.9643,15435.9930,8.4699,8.3578,0.1121,15.6296,8.2059,8.1735,0.0324,-1.2606,15435.9930,NA
parkey.exe,33280,0x1FE6D6D9E00,DXGI,0,0,0,Composed: Flip,15452.5028,NA,8.15200000000000,9.87880000000000,0.13250000000000,15.45450000000000,32.6911,15444.4629,8.1724,8.0399,0.1325,15.3656,8.1288,8.1010,0.0278,-1.4089,15444.4629,NA
parkey.exe,33280,0x1FE6D6D9E00,DXGI,0,0,0,Composed: Flip,15460.5651,NA,8.06230000000000,6.78530000000000,0.12920000000000,15.61880000000000,31.4141,15452.6353,8.0590,7.9298,0.1292,15.3220,8.2266,8.1655,0.0611,1.3871,15452.6353,NA
parkey.exe,33280,0x1FE6D6D9E00,DXGI,0,0,0,Composed: Flip,15468.7679,NA,8.20280000000000,7.10260000000000,0.10860000000000,15.90130000000000,30.3139,15460.6943,8.1822,8.0736,0.1086,15.4896,8.4853,8.4585,0.0268,0.9564,15460.6943,NA
parkey.exe,33280,0x1FE6D6D9E00,DXGI,0,0,0,Composed: Flip,15477.3984,NA,8.63050000000000,NA,0.11150000000000,15.47750000000000,NA,15468.8765,8.6334,8.5219,0.1115,15.7927,8.2067,8.1210,0.0857,NA,NA,NA
parkey.exe,33280,0x1FE6D6D9E00,DXGI,0,0,0,Composed: Flip,15485.5386,NA,8.14020000000000,13.98610000000000,0.12690000000000,15.49690000000000,27.5293,15477.5099,8.1556,8.0287,0.1269,15.3660,8.1596,8.1372,0.0224,2.8295,15477.5099,NA
parkey.exe,33280,0x1FE6D6D9E00,DXGI,0,0,0,Composed: Flip,15494.1311,NA,8.59250000000000,12.30150000000000,0.13640000000000,15.33300000000000,31.2383,15485.6655,8.6020,8.4656,0.1364,15.3700,8.4286,8.3330,0.0956,-4.1459,15485.6655,NA
parkey.exe,33280,0x1FE6D6D9E00,DXGI,0,0,0,Composed: Flip,15501.8914,NA,7.76030000000000,NA,0.11060000000000,15.80950000000000,NA,15494.2675,7.7345,7.6239,0.1106,15.1966,8.2368,8.2181,0.0187,NA,NA,NA
parkey.exe,33280,0x1FE6D6D9E00,DXGI,0,0,0,Composed: Flip,15510.2860,NA,8.39460000000000,8.44350000000000,0.11530000000000,15.65090000000000,23.5269,15502.0020,8.3993,8.2840,0.1153,15.6989,8.2360,8.2084,0.0276,7.8930,15502.0020,NA
parkey.exe,33280,0x1FE6D6D9E00,DXGI,0,0,0,Composed: Flip,15518.5441,NA,8.25810000000000,NA,0.13240000000000,15.61680000000000,NA,15510.4013,8.2752,8.1428,0.1324,15.5356,8.2240,8.1948,0.0292,NA,NA,NA
parkey.exe,33280,0x1FE6D6D9E00,DXGI,0,0,0,Composed: Flip,15526.8172,NA,8.27310000000000,24.89620000000000,0.12390000000000,15.65780000000000,31.8919,15518.6765,8.2646,8.1407,0.1239,15.4844,8.3141,8.2880,0.0261,-8.2217,15518.6765,NA
parkey.exe,33280,0x1FE6D6D9E00,DXGI,0,0,0,Composed: Flip,15534.9370,NA,8.11980000000000,NA,0.10560000000000,15.59240000000000,NA,15526.9411,8.1015,7.9959,0.1056,15.5339,8.0544,8.0347,0.0197,NA,NA,NA
parkey.exe,33280,0x1FE6D6D9E00,DXGI,0,0,0,Composed: Flip,15543.1213,NA,8.18430000000000,16.68180000000000,0.12280000000000,15.94550000000000,32.2696,15535.0426,8.2015,8.0787,0.1228,15.4868,8.5374,8.5040,0.0334,-0.3157,15535.0426,NA
parkey.exe,33280,0x1FE6D6D9E00,DXGI,0,0,0,Composed: Flip,15551.1315,NA,8.01020000000000,7.04040000000000,0.11360000000000,16.09760000000000,31.2998,15543.2441,8.0010,7.8874,0.1136,15.8227,8.1623,8.1427,0.0196,1.1611,15543.2441,NA
parkey.exe,33280,0x1FE6D6D9E00,DXGI,0,0,0,Composed: Flip,15559.8206,NA,8.68910000000000,NA,0.11740000000000,15.81500000000000,NA,15551.2451,8.6929,8.5755,0.1174,15.9840,8.4065,8.3861,0.0204,NA,NA,NA
parkey.exe,33280,0x1FE6D6D9E00,DXGI,0,0,0,Composed: Flip,15567.9811,NA,8.16050000000000,13.95320000000000,0.11410000000000,15.87180000000000,28.4034,15559.9380,8.1572,8.0431,0.1141,15.6976,8.2173,8.1876,0.0297,2.7407,15559.9380,NA
parkey.exe,33280,0x1FE6D6D9E00,DXGI,0,0,0,Composed: Flip,15576.1723,NA,8.19120000000000,12.35770000000000,0.15500000000000,15.92460000000000,32.5699,15568.0952,8.2321,8.0771,0.1550,15.7577,8.2440,8.2178,0.0262,-4.2005,15568.0952,NA
parkey.exe,33280,0x1FE6D6D9E00,DXGI,0,0,0,Composed: Flip,15584.6684,NA,8.49610000000000,NA,0.12350000000000,15.53280000000000,NA,15576.3273,8.4646,8.3411,0.1235,15.7696,8.1043,8.0845,0.0198,NA,NA,NA
parkey.exe,33280,0x1FE6D6D9E00,DXGI,0,0,0,Composed: Flip,15592.8573,NA,8.18890000000000,8.49860000000000,0.14200000000000,15.49160000000000,24.3835,15584.7919,8.2074,8.0654,0.1420,15.4093,8.1477,8.1219,0.0258,8.1981,15584.7919,NA
parkey.exe,33280,0x1FE6D6D9E00,DXGI,0,0,0,Composed: Flip,15601.1497,NA,8.29240000000000,13.86390000000000,0.11330000000000,15.39570000000000,29.9550,15592.9993,8.2637,8.1504,0.1133,15.3496,8.1965,8.1696,0.0269,-5.6565,15592.9993,NA
parkey.exe,33280,0x1FE6D6D9E00,DXGI,0,0,0,Composed: Flip,15609.0430,NA,7.89330000000000,11.00810000000000,0.13180000000000,15.13990000000000,33.0698,15601.2630,7.9118,7.7800,0.1318,15.2824,7.6375,7.6192,0.0183,-2.7444,15601.2630,NA
parkey.exe,33280,0x1FE6D6D9E00,DXGI,0,0,0,Composed: Flip,15617.6455,NA,8.60250000000000,NA,0.13500000000000,14.61330000000000,NA,15609.1748,8.6057,8.4707,0.1350,15.0536,8.0304,8.0041,0.0263,NA,NA,NA
parkey.exe,33280,0x1FE6D6D9E00,DXGI,0,0,0,Composed: Flip,15625.2414,NA,7.59590000000000,16.67180000000000,0.12210000000000,15.09280000000000,33.5432,15617.7805,7.5830,7.4609,0.1221,14.4783,8.0754,8.0461,0.0293,-0.1543,15617.7805,NA
parkey.exe,33280,0x1FE6D6D9E00,DXGI,0,0,0,Composed: Flip,15633.5558,NA,8.31440000000000,NA,0.12120000000000,14.94010000000000,NA,15625.3635,8.3135,8.1923,0.1212,14.9707,8.1617,8.1233,0.0384,NA,NA,NA
parkey.exe,33280,0x1FE6D6D9E00,DXGI,0,0,0,Composed: Flip,15640.7900,NA,7.23420000000000,13.94270000000000,0.11890000000000,15.37620000000000,31.9373,15633.6770,7.2319,7.1130,0.1189,14.8189,7.6703,7.6291,0.0412,1.9538,15633.6770,NA
parkey.exe,33280,0x1FE6D6D9E00,DXGI,0,0,0,Composed: Flip,15649.4605,NA,8.67050000000000,NA,0.11780000000000,13.49520000000000,NA,15640.9089,8.6694,8.5516,0.1178,15.2573,6.7895,6.7701,0.0194,NA,NA,NA
parkey.exe,33280,0x1FE6D6D9E00,DXGI,0,0,0,Composed: Flip,15656.8300,NA,7.36950000000000,NA,0.11470000000000,14.32290000000000,NA,15649.5783,7.3664,7.2517,0.1147,13.3774,8.1972,8.1750,0.0222,NA,NA,NA
parkey.exe,33280,0x1FE6D6D9E00,DXGI,0,0,0,Composed: Flip,15663.8562,NA,7.02620000000000,19.41160000000000,0.11730000000000,12.64800000000000,28.2827,15656.9447,7.0288,6.9115,0.1173,14.2082,5.3513,5.3207,0.0306,3.8561,15656.9447,NA
parkey.exe,33280,0x1FE6D6D9E00,DXGI,0,0,0,Composed: Flip,15671.7429,NA,7.88670000000000,NA,0.10630000000000,12.80990000000000,NA,15663.9735,7.8757,7.7694,0.1063,12.5969,7.9824,7.9607,0.0217,NA,NA,NA
parkey.exe,33280,0x1FE6D6D9E00,DXGI,0,0,0,Composed: Flip,15677.8131,NA,6.07020000000000,8.40720000000000,0.23080000000000,14.25980000000000,22.7330,15671.8492,6.1947,5.9639,0.2308,12.7036,7.5201,7.5028,0.0173,6.4973,15671.8492,NA
parkey.exe,33280,0x1FE6D6D9E00,DXGI,0,0,0,Composed: Flip,15685.8333,NA,8.02020000000000,13.84680000000000,0.10700000000000,13.70790000000000,28.5596,15678.0439,7.8964,7.7894,0.1070,14.1313,7.3660,7.3414,0.0246,-7.6521,15678.0439,NA
parkey.exe,33280,0x1FE6D6D9E00,DXGI,0,0,0,Composed: Flip,15694.5340,NA,8.70070000000000,11.11570000000000,0.13900000000000,13.38400000000000,30.9746,15685.9403,8.7327,8.5937,0.1390,13.6009,8.3768,8.3591,0.0177,-3.2193,15685.9403,NA
parkey.exe,33280,0x1FE6D6D9E00,DXGI,0,0,0,Composed: Flip,15702.8553,NA,8.32130000000000,9.72600000000000,0.17240000000000,13.14120000000000,32.3793,15694.6730,8.3547,8.1823,0.1724,13.2450,8.0785,8.0415,0.0370,-0.9933,15694.6730,NA
parkey.exe,33280,0x1FE6D6D9E00,DXGI,0,0,0,Composed: Flip,15711.1923,NA,8.33700000000000,6.95630000000000,0.11150000000000,12.92520000000000,30.9986,15703.0277,8.2761,8.1646,0.1115,12.9688,8.1210,8.0931,0.0279,1.3984,15703.0277,NA
parkey.exe,33280,0x1FE6D6D9E00,DXGI,0,0,0,Composed: Flip,15719.3367,NA,8.14440000000000,NA,0.10880000000000,12.87830000000000,NA,15711.3038,8.1417,8.0329,0.1088,12.8137,8.0975,8.0763,0.0212,NA,NA,NA
parkey.exe,33280,0x1FE6D6D9E00,DXGI,0,0,0,Composed: Flip,15727.9546,NA,8.61790000000000,6.98550000000000,0.11970000000000,12.48650000000000,21.2218,15719.4455,8.6288,8.5091,0.1197,12.7695,8.2261,8.2008,0.0253,9.4323,15719.4455,NA
parkey.exe,33280,0x1FE6D6D9E00,DXGI,0,0,0,Composed: Flip,15735.9320,NA,7.97740000000000,NA,0.11530000000000,11.75840000000000,NA,15728.0743,7.9730,7.8577,0.1153,12.3668,7.2493,7.2269,0.0224,NA,NA,NA
parkey.exe,33280,0x1FE6D6D9E00,DXGI,0,0,0,Composed: Flip,15744.5984,NA,8.66640000000000,13.90760000000000,0.11180000000000,11.22420000000000,18.4856,15736.0473,8.6629,8.5511,0.1118,11.6431,8.1322,8.1103,0.0219,2.6942,15736.0473,NA
parkey.exe,33280,0x1FE6D6D9E00,DXGI,0,0,0,Composed: Flip,15752.4663,NA,7.86790000000000,NA,0.11180000000000,10.99380000000000,NA,15744.7102,7.8679,7.7561,0.1118,11.1124,7.6375,7.5457,0.0918,NA,NA,NA
parkey.exe,33280,0x1FE6D6D9E00,DXGI,0,0,0,Composed: Flip,15761.2016,NA,8.73530000000000,NA,0.12510000000000,9.37140000000000,NA,15752.5781,8.7486,8.6235,0.1251,10.9471,7.0478,7.0267,0.0211,NA,NA,NA
parkey.exe,33280,0x1FE6D6D9E00,DXGI,0,0,0,Composed: Flip,15769.2428,NA,8.04120000000000,29.13670000000000,0.13120000000000,6.78480000000000,22.9779,15761.3267,8.0473,7.9161,0.1312,9.2787,5.4222,5.3926,0.0296,-3.8573,15761.3267,NA
parkey.exe,33280,0x1FE6D6D9E00,DXGI,0,0,0,Composed: Flip,15777.6863,NA,8.44350000000000,5.59750000000000,0.14180000000000,7.83220000000000,20.1319,15769.3740,8.4541,8.3123,0.1418,8.1236,8.0209,7.9697,0.0512,2.4498,15769.3740,NA
parkey.exe,33280,0x1FE6D6D9E00,DXGI,0,0,0,Composed: Flip,15786.3606,NA,8.67430000000000,11.08310000000000,0.12710000000000,5.19850000000000,22.5407,15777.8281,8.6596,8.5325,0.1271,8.3214,5.4096,5.3896,0.0200,-2.6290,15777.8281,NA
parkey.exe,33280,0x1FE6D6D9E00,DXGI,0,0,0,Composed: Flip,15794.6360,NA,8.27540000000000,NA,0.14000000000000,6.81100000000000,NA,15786.4877,8.2883,8.1483,0.1400,7.9217,7.0376,6.9948,0.0428,NA,NA,NA
parkey.exe,33280,0x1FE6D6D9E00,DXGI,0,0,0,Composed: Flip,15802.5839,NA,7.94790000000000,NA,0.12680000000000,5.27150000000000,NA,15794.7760,7.9347,7.8079,0.1268,7.6707,5.4087,5.3820,0.0267,NA,NA,NA
parkey.exe,33280,0x1FE6D6D9E00,DXGI,0,0,0,Composed: Flip,15811.0896,NA,8.50570000000000,16.73610000000000,0.13620000000000,7.31620000000000,14.5478,15802.7107,8.5151,8.3789,0.1362,8.2091,7.4860,7.4479,0.0381,8.1465,15802.7107,NA
parkey.exe,33280,0x1FE6D6D9E00,DXGI,0,0,0,Composed: Flip,15819.3462,NA,8.25660000000000,NA,0.12240000000000,6.63680000000000,NA,15811.2258,8.2428,8.1204,0.1224,8.0035,6.7537,6.6799,0.0738,NA,NA,NA
parkey.exe,33280,0x1FE6D6D9E00,DXGI,0,0,0,Composed: Flip,15827.6143,NA,8.26810000000000,20.77740000000000,0.13830000000000,7.41050000000000,18.8005,15819.4686,8.2840,8.1457,0.1383,7.9523,7.6039,7.5554,0.0485,-4.0195,15819.4686,NA
parkey.exe,33280,0x1FE6D6D9E00,DXGI,0,0,0,Composed: Flip,15835.6986,NA,8.08430000000000,12.53340000000000,0.11150000000000,6.01600000000000,23.2496,15827.7526,8.0575,7.9460,0.1115,7.8415,6.1205,6.0961,0.0244,-4.2494,15827.7526,NA
parkey.exe,33280,0x1FE6D6D9E00,DXGI,0,0,0,Composed: Flip,15843.9650,NA,8.26640000000000,1.36420000000000,0.11050000000000,7.61600000000000,16.3474,15835.8101,8.2654,8.1549,0.1105,8.0451,7.7258,7.6966,0.0292,6.6933,15835.8101,NA
parkey.exe,33280,0x1FE6D6D9E00,DXGI,0,0,0,Composed: Flip,15852.4365,NA,8.47150000000000,15.30910000000000,0.12770000000000,7.76130000000000,23.1850,15844.0755,8.4887,8.3610,0.1277,8.2493,7.8730,7.8503,0.0227,-7.0437,15844.0755,NA
parkey.exe,33280,0x1FE6D6D9E00,DXGI,0,0,0,Composed: Flip,15860.8823,NA,8.44580000000000,NA,0.11780000000000,6.87160000000000,NA,15852.5642,8.4359,8.3181,0.1178,8.2060,6.9837,6.9674,0.0163,NA,NA,NA
parkey.exe,33280,0x1FE6D6D9E00,DXGI,0,0,0,Composed: Flip,15868.9580,NA,8.07570000000000,16.69460000000000,0.11650000000000,5.14560000000000,23.3581,15861.0001,8.0744,7.9579,0.1165,7.8571,5.2464,5.2257,0.0207,0.2300,15861.0001,NA
parkey.exe,33280,0x1FE6D6D9E00,DXGI,0,0,0,Composed: Flip,15878.2486,NA,9.29060000000000,2.72430000000000,0.16000000000000,7.49270000000000,16.7918,15869.0745,9.3341,9.1741,0.1600,8.9948,7.6720,7.6505,0.0215,5.3501,15869.0745,NA
parkey.exe,33280,0x1FE6D6D9E00,DXGI,0,0,0,Composed: Flip,15886.0517,NA,7.80310000000000,13.83140000000000,0.12520000000000,8.07290000000000,22.8201,15878.4086,7.7683,7.6431,0.1252,7.4676,8.2484,8.2092,0.0392,-4.4973,15878.4086,NA
parkey.exe,33280,0x1FE6D6D9E00,DXGI,0,0,0,Composed: Flip,15894.5051,NA,8.45340000000000,13.89180000000000,0.16220000000000,8.04410000000000,28.2585,15886.1769,8.4904,8.3282,0.1622,8.1841,8.1882,8.1633,0.0249,-6.1235,15886.1769,NA
parkey.exe,33280,0x1FE6D6D9E00,DXGI,0,0,0,Composed: Flip,15902.7565,NA,8.25140000000000,7.01400000000000,0.13020000000000,8.27570000000000,27.0211,15894.6673,8.2194,8.0892,0.1302,7.8990,8.4659,8.4365,0.0294,1.4764,15894.6673,NA
parkey.exe,33280,0x1FE6D6D9E00,DXGI,0,0,0,Composed: Flip,15911.6680,NA,8.91150000000000,6.88910000000000,0.13930000000000,7.39650000000000,24.9987,15902.8867,8.9206,8.7813,0.1393,8.6367,7.5411,7.5141,0.0270,1.3303,15902.8867,NA
parkey.exe,33280,0x1FE6D6D9E00,DXGI,0,0,0,Composed: Flip,15919.4413,NA,7.77330000000000,5.67700000000000,0.13860000000000,8.12750000000000,22.9024,15911.8073,7.7726,7.6340,0.1386,7.4849,8.2766,8.1913,0.0853,3.2436,15911.8073,NA
parkey.exe,33280,0x1FE6D6D9E00,DXGI,0,0,0,Composed: Flip,15928.2099,NA,8.76860000000000,8.20740000000000,0.11250000000000,7.83820000000000,22.3412,15919.5799,8.7425,8.6300,0.1125,8.3906,8.0776,8.0510,0.0266,-0.4348,15919.5799,NA
parkey.exe,33280,0x1FE6D6D9E00,DXGI,0,0,0,Composed: Flip,15936.0692,NA,7.85930000000000,13.96090000000000,0.11130000000000,8.59890000000000,28.4428,15928.3224,7.8581,7.7468,0.1113,7.7257,8.6200,8.5895,0.0305,-5.2184,15928.3224,NA
parkey.exe,33280,0x1FE6D6D9E00,DXGI,0,0,0,Composed: Flip,15944.4713,NA,8.40210000000000,6.87240000000000,0.12630000000000,8.65650000000000,26.9131,15936.1805,8.4171,8.2908,0.1263,8.4876,8.4597,8.4342,0.0255,0.9857,15936.1805,NA
parkey.exe,33280,0x1FE6D6D9E00,DXGI,0,0,0,Composed: Flip,15952.6606,NA,8.18930000000000,4.32550000000000,0.10560000000000,8.92140000000000,23.0493,15944.5976,8.1686,8.0630,0.1056,8.5302,8.4542,8.4281,0.0261,4.0916,15944.5976,NA
parkey.exe,33280,0x1FE6D6D9E00,DXGI,0,0,0,Composed: Flip,15961.0988,NA,8.43820000000000,9.58500000000000,0.12550000000000,8.36280000000000,24.1961,15952.7662,8.4581,8.3326,0.1255,8.8158,7.8796,7.8565,0.0231,-1.4164,15952.7662,NA
parkey.exe,33280,0x1FE6D6D9E00,DXGI,0,0,0,Composed: Flip,15969.3064,NA,8.20760000000000,6.92470000000000,0.12670000000000,8.72780000000000,22.9132,15961.2243,8.2088,8.0821,0.1267,8.2373,8.5726,8.5207,0.0519,1.5334,15961.2243,NA
parkey.exe,33280,0x1FE6D6D9E00,DXGI,0,0,0,Composed: Flip,15978.1105,NA,8.80410000000000,13.94870000000000,0.12320000000000,8.39040000000000,28.0578,15969.4331,8.8006,8.6774,0.1232,8.6011,8.4667,8.4376,0.0291,-5.7399,15969.4331,NA
parkey.exe,33280,0x1FE6D6D9E00,DXGI,0,0,0,Composed: Flip,15986.2305,NA,8.12000000000000,6.94680000000000,0.15660000000000,8.73440000000000,26.8846,15978.2337,8.1534,7.9968,0.1566,8.2672,8.4640,8.4467,0.0173,1.8538,15978.2337,NA
parkey.exe,33280,0x1FE6D6D9E00,DXGI,0,0,0,Composed: Flip,15994.5970,NA,8.36650000000000,6.89520000000000,0.12520000000000,8.69620000000000,25.4133,15986.3871,8.3351,8.2099,0.1252,8.5778,8.3283,8.3054,0.0229,1.2582,15986.3871,NA
parkey.exe,33280,0x1FE6D6D9E00,DXGI,0,0,0,Composed: Flip,16002.9303,NA,8.33330000000000,5.74140000000000,0.12210000000000,8.35710000000000,22.8214,15994.7222,8.3302,8.2081,0.1221,8.5710,7.9942,7.9645,0.0297,2.5937,15994.7222,NA
parkey.exe,33280,0x1FE6D6D9E00,DXGI,0,0,0,Composed: Flip,16011.7873,NA,8.85700000000000,8.20040000000000,0.10920000000000,7.95340000000000,22.1648,16003.0524,8.8441,8.7349,0.1092,8.5444,8.1439,8.1172,0.0267,0.1298,16003.0524,NA
parkey.exe,33280,0x1FE6D6D9E00,DXGI,0,0,0,Composed: Flip,16019.1305,NA,7.34320000000000,13.89890000000000,0.17530000000000,8.94050000000000,28.7205,16011.8965,7.4093,7.2340,0.1753,7.8442,8.3303,8.3101,0.0202,-5.0548,16011.8965,NA
parkey.exe,33280,0x1FE6D6D9E00,DXGI,0,0,0,Composed: Flip,16027.6852,NA,8.55470000000000,6.87460000000000,0.11640000000000,9.44160000000000,27.0404,16019.3058,8.4958,8.3794,0.1164,8.7652,9.0558,9.0346,0.0212,0.5347,16019.3058,NA
parkey.exe,33280,0x1FE6D6D9E00,DXGI,0,0,0,Composed: Flip,16036.3549,NA,8.66970000000000,4.38120000000000,0.10750000000000,8.79970000000000,22.7519,16027.8016,8.6608,8.5533,0.1075,9.3252,8.0278,7.9898,0.0380,4.1146,16027.8016,NA
parkey.exe,33280,0x1FE6D6D9E00,DXGI,0,0,0,Composed: Flip,16044.2646,NA,7.90970000000000,9.53480000000000,0.14430000000000,9.42720000000000,24.3770,16036.4624,7.9465,7.8022,0.1443,8.6922,8.5372,8.5105,0.0267,-0.8740,16036.4624,NA
parkey.exe,33280,0x1FE6D6D9E00,DXGI,0,0,0,Composed: Flip,16052.7409,NA,8.47630000000000,13.93320000000000,0.12430000000000,9.42780000000000,29.8339,16044.4089,8.4563,8.3320,0.1243,9.2829,8.4769,8.4596,0.0173,-5.9867,16044.4089,NA
parkey.exe,33280,0x1FE6D6D9E00,DXGI,0,0,0,Composed: Flip,16060.7330,NA,7.99210000000000,6.93490000000000,0.09610000000000,10.14770000000000,28.7767,16052.8652,7.9639,7.8678,0.0961,9.3035,8.7120,8.6918,0.0202,1.5214,16052.8652,NA
parkey.exe,33280,0x1FE6D6D9E00,DXGI,0,0,0,Composed: Flip,16069.6333,NA,8.90030000000000,6.95480000000000,0.13480000000000,9.68980000000000,26.8312,16060.8291,8.9390,8.8042,0.1348,10.0516,8.4424,8.4084,0.0340,1.0091,16060.8291,NA
parkey.exe,33280,0x1FE6D6D9E00,DXGI,0,0,0,Composed: Flip,16077.7787,NA,8.14540000000000,6.88510000000000,0.12750000000000,10.01550000000000,25.5709,16069.7681,8.1381,8.0106,0.1275,9.5550,8.4711,8.4500,0.0211,2.0539,16069.7681,NA
parkey.exe,33280,0x1FE6D6D9E00,DXGI,0,0,0,Composed: Flip,16085.9778,NA,8.19910000000000,5.79480000000000,0.10530000000000,10.21850000000000,23.1666,16077.9062,8.1769,8.0716,0.1053,9.8880,8.4021,8.3841,0.0180,2.3433,16077.9062,NA
parkey.exe,33280,0x1FE6D6D9E00,DXGI,0,0,0,Composed: Flip,16094.1217,NA,8.14390000000000,15.08680000000000,0.10070000000000,10.49350000000000,30.1095,16086.0831,8.1393,8.0386,0.1007,10.1132,8.4189,8.3976,0.0213,-6.9099,16086.0831,NA
parkey.exe,33280,0x1FE6D6D9E00,DXGI,0,0,0,Composed: Flip,16102.5476,NA,8.42590000000000,6.95530000000000,0.12350000000000,10.57180000000000,28.6389,16094.2224,8.4487,8.3252,0.1235,10.3928,8.5042,8.4845,0.0197,1.1840,16094.2224,NA
parkey.exe,33280,0x1FE6D6D9E00,DXGI,0,0,0,Composed: Flip,16110.8236,NA,8.27600000000000,6.88540000000000,0.09730000000000,10.76290000000000,27.2483,16102.6711,8.2498,8.1525,0.0973,10.4483,8.4671,8.4490,0.0181,1.5633,16102.6711,NA
parkey.exe,33280,0x1FE6D6D9E00,DXGI,0,0,0,Composed: Flip,16119.1098,NA,8.28620000000000,4.43820000000000,0.10140000000000,10.90120000000000,23.4003,16110.9209,8.2903,8.1889,0.1014,10.6656,8.4245,8.4036,0.0209,3.8116,16110.9209,NA
parkey.exe,33280,0x1FE6D6D9E00,DXGI,0,0,0,Composed: Flip,16127.4714,NA,8.36160000000000,16.45000000000000,0.09930000000000,10.83110000000000,31.4887,16119.2112,8.3595,8.2602,0.0993,10.7998,8.2915,8.2680,0.0235,-8.1597,16119.2112,NA
parkey.exe,33280,0x1FE6D6D9E00,DXGI,0,0,0,Composed: Flip,16136.0712,NA,8.59980000000000,6.96830000000000,0.11720000000000,10.64280000000000,29.8572,16127.5707,8.6177,8.5005,0.1172,10.7318,8.4115,8.3824,0.0291,1.3912,16127.5707,NA
parkey.exe,33280,0x1FE6D6D9E00,DXGI,0,0,0,Composed: Flip,16144.0410,NA,7.96980000000000,6.92550000000000,0.13280000000000,11.07540000000000,28.8129,16136.1884,7.9854,7.8526,0.1328,10.5256,8.4024,8.3756,0.0268,1.6922,16136.1884,NA
parkey.exe,33280,0x1FE6D6D9E00,DXGI,0,0,0,Composed: Flip,16152.4468,NA,8.40580000000000,6.95710000000000,0.12730000000000,10.92340000000000,27.3642,16144.1738,8.4003,8.2730,0.1273,10.9426,8.2538,8.2331,0.0207,1.0283,16144.1738,NA
parkey.exe,33280,0x1FE6D6D9E00,DXGI,0,0,0,Composed: Flip,16160.9336,NA,8.48680000000000,6.88710000000000,0.12190000000000,10.99290000000000,25.7645,16152.5741,8.4814,8.3595,0.1219,10.7961,8.5563,8.5222,0.0341,1.5132,16152.5741,NA
parkey.exe,33280,0x1FE6D6D9E00,DXGI,0,0,0,Composed: Flip,16169.0415,NA,8.10790000000000,13.94790000000000,0.09370000000000,11.29410000000000,31.6045,16161.0555,8.0797,7.9860,0.0937,10.8710,8.4091,8.3865,0.0226,-5.4665,16161.0555,NA
parkey.exe,33280,0x1FE6D6D9E00,DXGI,0,0,0,Composed: Flip,16177.3351,NA,8.29360000000000,6.94540000000000,0.09030000000000,11.43240000000000,30.2563,16169.1352,8.2902,8.1999,0.0903,11.2004,8.4319,8.4131,0.0188,1.1343,16169.1352,NA
parkey.exe,33280,0x1FE6D6D9E00,DXGI,0,0,0,Composed: Flip,16185.9729,NA,8.63780000000000,6.95250000000000,0.10820000000000,11.33610000000000,28.5710,16177.4254,8.6557,8.5475,0.1082,11.3421,8.5415,8.5171,0.0244,1.3377,16177.4254,NA
parkey.exe,33280,0x1FE6D6D9E00,DXGI,0,0,0,Composed: Flip,16193.9999,NA,8.02700000000000,6.89420000000000,0.09910000000000,11.87050000000000,27.4382,16186.0811,8.0179,7.9188,0.0991,11.2279,8.5614,8.5353,0.0261,1.7615,16186.0811,NA
parkey.exe,33280,0x1FE6D6D9E00,DXGI,0,0,0,Composed: Flip,16202.5191,NA,8.51920000000000,4.47270000000000,0.12580000000000,11.68430000000000,23.3917,16194.0990,8.5459,8.4201,0.1258,11.7714,8.3330,8.3137,0.0193,3.5452,16194.0990,NA
parkey.exe,33280,0x1FE6D6D9E00,DXGI,0,0,0,Composed: Flip,16210.6993,NA,8.18020000000000,16.68670000000000,0.17430000000000,11.22260000000000,31.8982,16202.6449,8.2287,8.0544,0.1743,11.5585,7.7185,7.6957,0.0228,-8.1408,16202.6449,NA
parkey.exe,33280,0x1FE6D6D9E00,DXGI,0,0,0,Composed: Flip,16220.0641,NA,9.36480000000000,NA,0.13170000000000,9.59890000000000,NA,16210.8736,9.3222,9.1905,0.1317,11.0483,7.7411,7.7243,0.0168,NA,NA,NA
parkey.exe,33280,0x1FE6D6D9E00,DXGI,0,0,0,Composed: Flip,16228.3232,NA,8.25910000000000,6.67660000000000,0.16770000000000,9.25610000000000,20.9509,16220.1958,8.2951,8.1274,0.1677,9.4672,7.9163,7.8146,0.1017,10.8743,16220.1958,NA
parkey.exe,33280,0x1FE6D6D9E00,DXGI,0,0,0,Composed: Flip,16236.4229,NA,8.09970000000000,NA,0.15000000000000,8.94150000000000,NA,16228.4909,8.0820,7.9320,0.1500,9.0884,7.7851,7.7560,0.0291,NA,NA,NA
parkey.exe,33280,0x1FE6D6D9E00,DXGI,0,0,0,Composed: Flip,16244.9244,NA,8.50150000000000,13.89290000000000,0.13120000000000,8.13940000000000,18.2426,16236.5729,8.4827,8.3515,0.1312,8.7915,7.6994,7.6809,0.0185,2.4842,16236.5729,NA
parkey.exe,33280,0x1FE6D6D9E00,DXGI,0,0,0,Composed: Flip,16252.6300,NA,7.70560000000000,12.79190000000000,0.14440000000000,8.54270000000000,23.3289,16245.0556,7.7188,7.5744,0.1444,8.0082,8.1089,8.0887,0.0202,-4.3092,16245.0556,NA
parkey.exe,33280,0x1FE6D6D9E00,DXGI,0,0,0,Composed: Flip,16261.0280,NA,8.39800000000000,1.07180000000000,0.12690000000000,7.89430000000000,16.0027,16252.7744,8.3805,8.2536,0.1269,8.3983,7.7496,7.7276,0.0220,6.6470,16252.7744,NA
parkey.exe,33280,0x1FE6D6D9E00,DXGI,0,0,0,Composed: Flip,16269.4890,NA,8.46100000000000,15.59890000000000,0.14940000000000,7.40480000000000,23.1406,16261.1549,8.4835,8.3341,0.1494,8.1706,7.5683,7.5435,0.0248,-7.2184,16261.1549,NA
parkey.exe,33280,0x1FE6D6D9E00,DXGI,0,0,0,Composed: Flip,16278.1009,NA,8.61190000000000,NA,0.12030000000000,7.86010000000000,NA,16269.6384,8.5828,8.4625,0.1203,8.2307,8.0919,7.7558,0.3361,NA,NA,NA
parkey.exe,33280,0x1FE6D6D9E00,DXGI,0,0,0,Composed: Flip,16286.4031,NA,8.30220000000000,16.69030000000000,0.13760000000000,7.53300000000000,22.9168,16278.2212,8.3195,8.1819,0.1376,8.0367,7.6782,7.6416,0.0366,0.3760,16278.2212,NA
parkey.exe,33280,0x1FE6D6D9E00,DXGI,0,0,0,Composed: Flip,16294.6732,NA,8.27010000000000,NA,0.13340000000000,7.25310000000000,NA,16286.5407,8.2659,8.1325,0.1334,7.9733,7.4123,7.3923,0.0200,NA,NA,NA
parkey.exe,33280,0x1FE6D6D9E00,DXGI,0,0,0,Composed: Flip,16302.6229,NA,7.94970000000000,9.38060000000000,0.12930000000000,7.66860000000000,16.0776,16294.8066,7.9456,7.8163,0.1293,7.6875,7.7974,7.7666,0.0308,7.2048,16294.8066,NA
parkey.exe,33280,0x1FE6D6D9E00,DXGI,0,0,0,Composed: Flip,16311.0682,NA,8.44530000000000,23.98470000000000,0.12430000000000,7.50040000000000,31.6170,16302.7522,8.4403,8.3160,0.1243,8.1723,7.6441,7.6138,0.0303,-16.0391,16302.7522,NA
parkey.exe,33280,0x1FE6D6D9E00,DXGI,0,0,0,Composed: Flip,16319.2636,NA,8.19540000000000,NA,0.13660000000000,7.41750000000000,NA,16311.1925,8.2077,8.0711,0.1366,8.0506,7.4380,7.4157,0.0223,NA,NA,NA
parkey.exe,33280,0x1FE6D6D9E00,DXGI,0,0,0,Composed: Flip,16327.4729,NA,8.20930000000000,3.84900000000000,0.13370000000000,7.31160000000000,19.0613,16319.4002,8.2064,8.0727,0.1337,7.9550,7.4293,7.4086,0.0207,12.7990,16319.4002,NA
parkey.exe,33280,0x1FE6D6D9E00,DXGI,0,0,0,Composed: Flip,16335.7525,NA,8.27960000000000,12.81690000000000,0.15310000000000,7.47630000000000,23.5986,16327.6066,8.2990,8.1459,0.1531,8.0026,7.6196,7.5994,0.0202,-4.6105,16327.6066,NA
parkey.exe,33280,0x1FE6D6D9E00,DXGI,0,0,0,Composed: Flip,16344.8064,NA,9.05390000000000,NA,0.14130000000000,7.26280000000000,NA,16335.9056,9.0421,8.9008,0.1413,8.7293,7.4343,7.4077,0.0266,NA,NA,NA
parkey.exe,33280,0x1FE6D6D9E00,DXGI,0,0,0,Composed: Flip,16352.7769,NA,7.97050000000000,7.94000000000000,0.15250000000000,7.55970000000000,14.5142,16344.9477,7.9817,7.8292,0.1525,7.8108,7.5781,7.5498,0.0283,9.4011,16344.9477,NA
parkey.exe,33280,0x1FE6D6D9E00,DXGI,0,0,0,Composed: Flip,16360.9734,NA,8.19650000000000,13.96430000000000,0.15090000000000,7.53260000000000,20.2820,16352.9294,8.1949,8.0440,0.1509,7.9175,7.6591,7.6395,0.0196,-5.9826,16352.9294,NA
parkey.exe,33280,0x1FE6D6D9E00,DXGI,0,0,0,Composed: Flip,16369.4699,NA,8.49650000000000,11.45890000000000,0.14430000000000,7.05650000000000,23.2444,16361.1243,8.4899,8.3456,0.1443,8.1865,7.2156,7.1826,0.0330,-3.2640,16361.1243,NA
parkey.exe,33280,0x1FE6D6D9E00,DXGI,0,0,0,Composed: Flip,16377.6997,NA,8.22980000000000,NA,0.12500000000000,7.48540000000000,NA,16369.6142,8.2105,8.0855,0.1250,7.9533,7.6176,7.5949,0.0227,NA,NA,NA
parkey.exe,33280,0x1FE6D6D9E00,DXGI,0,0,0,Composed: Flip,16386.1741,NA,8.47440000000000,9.47890000000000,0.13340000000000,6.70670000000000,16.0191,16377.8247,8.4828,8.3494,0.1334,8.2119,6.8442,6.8089,0.0353,7.2215,16377.8247,NA
parkey.exe,33280,0x1FE6D6D9E00,DXGI,0,0,0,Composed: Flip,16394.2258,NA,8.05170000000000,NA,0.14540000000000,7.01090000000000,NA,16386.3075,8.0637,7.9183,0.1454,7.7546,7.1746,7.1571,0.0175,NA,NA,NA
parkey.exe,33280,0x1FE6D6D9E00,DXGI,0,0,0,Composed: Flip,16402.8474,NA,8.62160000000000,13.75930000000000,0.13680000000000,5.25330000000000,13.1051,16394.3712,8.6130,8.4762,0.1368,8.2804,5.4491,5.4261,0.0230,2.7872,16394.3712,NA
parkey.exe,33280,0x1FE6D6D9E00,DXGI,0,0,0,Composed: Flip,16410.8923,NA,8.04490000000000,13.91010000000000,0.12520000000000,6.86310000000000,18.9703,16402.9842,8.0333,7.9081,0.1252,7.7684,7.0028,6.9828,0.0200,-5.2971,16402.9842,NA
parkey.exe,33280,0x1FE6D6D9E00,DXGI,0,0,0,Composed: Flip,16419.3416,NA,8.44930000000000,12.91240000000000,0.13340000000000,5.62660000000000,23.4334,16411.0175,8.4575,8.3241,0.1334,8.1998,5.7509,5.7350,0.0159,-4.8791,16411.0175,NA
parkey.exe,33280,0x1FE6D6D9E00,DXGI,0,0,0,Composed: Flip,16427.4901,NA,8.14850000000000,NA,0.13980000000000,5.91930000000000,NA,16419.4750,8.1549,8.0151,0.1398,7.8869,6.0475,6.0230,0.0245,NA,NA,NA
parkey.exe,33280,0x1FE6D6D9E00,DXGI,0,0,0,Composed: Flip,16435.8968,NA,8.40670000000000,16.65800000000000,0.13250000000000,4.84710000000000,23.5362,16427.6299,8.3994,8.2669,0.1325,8.1408,4.9732,4.9505,0.0227,-0.0456,16427.6299,NA
parkey.exe,33280,0x1FE6D6D9E00,DXGI,0,0,0,Composed: Flip,16444.3174,NA,8.42060000000000,5.18630000000000,0.15180000000000,6.94730000000000,20.3019,16436.0293,8.4399,8.2881,0.1518,8.1373,7.0981,7.0636,0.0345,3.2131,16436.0293,NA
parkey.exe,33280,0x1FE6D6D9E00,DXGI,0,0,0,Composed: Flip,16452.7322,NA,8.41480000000000,11.49280000000000,0.14710000000000,4.84190000000000,23.3799,16444.4692,8.4101,8.2630,0.1471,8.1411,4.9638,4.9413,0.0225,-3.0529,16444.4692,NA
parkey.exe,33280,0x1FE6D6D9E00,DXGI,0,0,0,Composed: Flip,16461.2502,NA,8.51800000000000,NA,0.13910000000000,6.34190000000000,NA,16452.8793,8.5100,8.3709,0.1391,8.1949,6.5179,6.4967,0.0212,NA,NA,NA
parkey.exe,33280,0x1FE6D6D9E00,DXGI,0,0,0,Composed: Flip,16469.4883,NA,8.23810000000000,NA,0.14560000000000,4.83770000000000,NA,16461.3893,8.2446,8.0990,0.1456,7.9628,4.9739,4.9549,0.0190,NA,NA,NA
parkey.exe,33280,0x1FE6D6D9E00,DXGI,0,0,0,Composed: Flip,16477.6176,NA,8.12930000000000,16.24850000000000,0.13010000000000,6.96480000000000,14.7430,16469.6339,8.1138,7.9837,0.1301,7.8511,7.0974,7.0778,0.0196,8.9162,16469.6339,NA
parkey.exe,33280,0x1FE6D6D9E00,DXGI,0,0,0,Composed: Flip,16485.8523,NA,8.23470000000000,17.11940000000000,0.11550000000000,6.11480000000000,23.6277,16477.7477,8.2201,8.1046,0.1155,7.9882,6.2312,6.2051,0.0261,-9.0056,16477.7477,NA
parkey.exe,33280,0x1FE6D6D9E00,DXGI,0,0,0,Composed: Flip,16494.3625,NA,8.51020000000000,NA,0.12240000000000,6.05310000000000,NA,16485.9678,8.5171,8.3947,0.1224,8.2682,6.1796,6.1599,0.0197,NA,NA,NA
parkey.exe,33280,0x1FE6D6D9E00,DXGI,0,0,0,Composed: Flip,16502.4347,NA,8.07220000000000,16.67320000000000,0.11720000000000,4.85250000000000,23.7185,16494.4849,8.0670,7.9498,0.1172,7.8370,4.9653,4.9446,0.0207,0.0640,16494.4849,NA
parkey.exe,33280,0x1FE6D6D9E00,DXGI,0,0,0,Composed: Flip,16511.5576,NA,9.12290000000000,NA,0.15100000000000,6.90990000000000,NA,16502.5519,9.1567,9.0057,0.1510,8.8174,7.0982,7.0800,0.0182,NA,NA,NA
parkey.exe,33280,0x1FE6D6D9E00,DXGI,0,0,0,Composed: Flip,16519.3868,NA,7.82920000000000,16.70160000000000,0.14650000000000,6.48910000000000,23.4680,16511.7086,7.8247,7.6782,0.1465,7.5187,6.6486,6.6213,0.0273,0.5221,16511.7086,NA
parkey.exe,33280,0x1FE6D6D9E00,DXGI,0,0,0,Composed: Flip,16527.9140,NA,8.52720000000000,NA,0.14180000000000,6.80360000000000,NA,16519.5333,8.5225,8.3807,0.1418,8.1840,7.0003,6.9744,0.0259,NA,NA,NA
parkey.exe,33280,0x1FE6D6D9E00,DXGI,0,0,0,Composed: Flip,16536.0205,NA,8.10650000000000,16.66430000000000,0.12300000000000,4.88800000000000,23.4986,16528.0558,8.0877,7.9647,0.1230,7.8529,4.9998,4.9775,0.0223,-0.3171,16528.0558,NA
parkey.exe,33280,0x1FE6D6D9E00,DXGI,0,0,0,Composed: Flip,16544.1813,NA,8.16080000000000,2.30850000000000,0.12440000000000,6.89600000000000,17.6463,16536.1435,8.1622,8.0378,0.1244,7.8953,7.0385,7.0209,0.0176,5.7792,16536.1435,NA
parkey.exe,33280,0x1FE6D6D9E00,DXGI,0,0,0,Composed: Flip,16552.4459,NA,8.26460000000000,NA,0.11840000000000,6.01830000000000,NA,16544.3057,8.2586,8.1402,0.1184,8.0373,6.1212,6.1061,0.0151,NA,NA,NA
parkey.exe,33280,0x1FE6D6D9E00,DXGI,0,0,0,Composed: Flip,16560.9489,NA,8.50300000000000,13.87030000000000,0.12280000000000,6.98350000000000,14.7490,16552.5643,8.5074,8.3846,0.1228,8.2540,7.1141,7.0871,0.0270,2.5505,16552.5643,NA
parkey.exe,33280,0x1FE6D6D9E00,DXGI,0,0,0,Composed: Flip,16569.1295,NA,8.18060000000000,17.17980000000000,0.13080000000000,6.08780000000000,23.7482,16561.0717,8.1886,8.0578,0.1308,7.9395,6.2061,6.1885,0.0176,-8.6724,16561.0717,NA
parkey.exe,33280,0x1FE6D6D9E00,DXGI,0,0,0,Composed: Flip,16577.6781,NA,8.54860000000000,NA,0.18770000000000,6.89140000000000,NA,16569.2603,8.6055,8.4178,0.1877,8.2680,7.0412,7.0202,0.0210,NA,NA,NA
parkey.exe,33280,0x1FE6D6D9E00,DXGI,0,0,0,Composed: Flip,16586.1355,NA,8.45740000000000,16.67310000000000,0.12680000000000,4.83440000000000,23.4153,16577.8658,8.3965,8.2697,0.1268,8.1158,4.9883,4.9609,0.0274,0.1210,16577.8658,NA
parkey.exe,33280,0x1FE6D6D9E00,DXGI,0,0,0,Composed: Flip,16594.6050,NA,8.46950000000000,NA,0.19170000000000,6.75430000000000,NA,16586.2623,8.5344,8.3427,0.1917,8.1988,6.8982,6.8639,0.0343,NA,NA,NA
parkey.exe,33280,0x1FE6D6D9E00,DXGI,0,0,0,Composed: Flip,16602.9023,NA,8.29730000000000,16.69200000000000,0.15040000000000,4.80410000000000,23.3405,16594.7967,8.2560,8.1056,0.1504,7.9466,4.9631,4.9425,0.0206,0.2389,16594.7967,NA
parkey.exe,33280,0x1FE6D6D9E00,DXGI,0,0,0,Composed: Flip,16611.2710,NA,8.36870000000000,NA,0.15560000000000,7.86070000000000,NA,16603.0527,8.3739,8.2183,0.1556,7.9607,8.1183,7.8021,0.3162,NA,NA,NA
parkey.exe,33280,0x1FE6D6D9E00,DXGI,0,0,0,Composed: Flip,16619.4028,NA,8.13180000000000,16.67980000000000,0.12540000000000,6.83000000000000,23.5198,16611.4266,8.1016,7.9762,0.1254,7.7496,7.0566,7.0165,0.0401,-0.0499,16611.4266,NA
parkey.exe,33280,0x1FE6D6D9E00,DXGI,0,0,0,Composed: Flip,16627.5819,NA,8.17910000000000,NA,0.11740000000000,8.33830000000000,NA,16619.5282,8.1711,8.0537,0.1174,7.8586,8.5334,8.5141,0.0193,NA,NA,NA
parkey.exe,33280,0x1FE6D6D9E00,DXGI,0,0,0,Composed: Flip,16635.9497,NA,8.36780000000000,16.77800000000000,0.11780000000000,6.31890000000000,23.7509,16627.6993,8.3682,8.2504,0.1178,8.2209,6.3484,6.3296,0.0188,-0.5053,16627.6993,NA
parkey.exe,33280,0x1FE6D6D9E00,DXGI,0,0,0,Composed: Flip,16644.1366,NA,8.18690000000000,NA,0.12200000000000,8.30360000000000,NA,16636.0675,8.1911,8.0691,0.1220,7.9016,8.4711,8.4433,0.0278,NA,NA,NA
parkey.exe,33280,0x1FE6D6D9E00,DXGI,0,0,0,Composed: Flip,16652.4704,NA,8.33380000000000,6.32900000000000,0.12170000000000,6.40310000000000,13.5592,16644.2586,8.3335,8.2118,0.1217,8.1816,6.4333,6.4163,0.0170,10.2303,16644.2586,NA
parkey.exe,33280,0x1FE6D6D9E00,DXGI,0,0,0,Composed: Flip,16661.1741,NA,8.70370000000000,NA,0.13090000000000,7.55720000000000,NA,16652.5921,8.7129,8.5820,0.1309,8.3884,7.7508,7.7242,0.0266,NA,NA,NA
parkey.exe,33280,0x1FE6D6D9E00,DXGI,0,0,0,Composed: Flip,16669.4720,NA,8.29790000000000,26.96190000000000,0.11990000000000,5.72650000000000,23.5195,16661.3050,8.2869,8.1670,0.1199,7.9745,5.9190,5.8940,0.0250,-9.9155,16661.3050,NA
parkey.exe,33280,0x1FE6D6D9E00,DXGI,0,0,0,Composed: Flip,16677.7527,NA,8.28070000000000,NA,0.15590000000000,8.46040000000000,NA,16669.5919,8.3167,8.1608,0.1559,8.0023,8.6189,8.5973,0.0216,NA,NA,NA
parkey.exe,33280,0x1FE6D6D9E00,DXGI,0,0,0,Composed: Flip,16686.1660,NA,8.41330000000000,14.69680000000000,0.11570000000000,8.78830000000000,21.5223,16677.9086,8.3731,8.2574,0.1157,8.3045,8.7412,8.7026,0.0386,1.9068,16677.9086,NA
parkey.exe,33280,0x1FE6D6D9E00,DXGI,0,0,0,Composed: Flip,16694.4764,NA,8.31040000000000,13.82440000000000,0.14480000000000,9.51540000000000,27.0363,16686.2817,8.3395,8.1947,0.1448,8.6726,9.0375,9.0038,0.0337,-5.4513,16686.2817,NA
parkey.exe,33280,0x1FE6D6D9E00,DXGI,0,0,0,Composed: Flip,16702.8852,NA,8.40880000000000,4.80580000000000,0.16860000000000,9.62750000000000,23.4333,16694.6212,8.4326,8.2640,0.1686,9.3706,8.5209,8.4910,0.0299,3.5337,16694.6212,NA
parkey.exe,33280,0x1FE6D6D9E00,DXGI,0,0,0,Composed: Flip,16711.2620,NA,8.37680000000000,9.10150000000000,0.11400000000000,9.80110000000000,24.1580,16703.0538,8.3222,8.2082,0.1140,9.4589,8.5504,8.5211,0.0293,-0.6689,16703.0538,NA
parkey.exe,33280,0x1FE6D6D9E00,DXGI,0,0,0,Composed: Flip,16719.3201,NA,8.05810000000000,NA,0.11970000000000,10.14160000000000,NA,16711.3760,8.0638,7.9441,0.1197,9.6871,8.3986,8.3674,0.0312,NA,NA,NA
parkey.exe,33280,0x1FE6D6D9E00,DXGI,0,0,0,Composed: Flip,16727.5950,NA,8.27490000000000,24.26830000000000,0.12400000000000,10.26420000000000,32.0933,16719.4398,8.2792,8.1552,0.1240,10.0219,8.3975,8.3745,0.0230,-7.8823,16719.4398,NA
parkey.exe,33280,0x1FE6D6D9E00,DXGI,0,0,0,Composed: Flip,16735.8962,NA,8.30120000000000,NA,0.16380000000000,9.14370000000000,NA,16727.7190,8.3410,8.1772,0.1638,10.1402,7.1807,7.1518,0.0289,NA,NA,NA
parkey.exe,33280,0x1FE6D6D9E00,DXGI,0,0,0,Composed: Flip,16744.5126,NA,8.61640000000000,3.55410000000000,0.12170000000000,8.95140000000000,18.7298,16736.0600,8.5743,8.4526,0.1217,8.9799,8.4241,8.4012,0.0229,13.0661,16736.0600,NA
parkey.exe,33280,0x1FE6D6D9E00,DXGI,0,0,0,Composed: Flip,16752.7410,NA,8.22840000000000,13.11020000000000,0.11840000000000,8.00830000000000,23.6116,16744.6343,8.2251,8.1067,0.1184,8.8567,7.2583,7.2351,0.0232,-4.5359,16744.6343,NA
parkey.exe,33280,0x1FE6D6D9E00,DXGI,0,0,0,Composed: Flip,16760.9904,NA,8.24940000000000,7.67330000000000,0.13150000000000,8.45340000000000,23.0355,16752.8594,8.2625,8.1310,0.1315,7.9424,8.6420,8.6188,0.0232,0.5518,16752.8594,NA
parkey.exe,33280,0x1FE6D6D9E00,DXGI,0,0,0,Composed: Flip,16769.2172,NA,8.22680000000000,NA,0.15250000000000,7.98570000000000,NA,16761.1219,8.2478,8.0953,0.1525,8.3219,7.7591,7.7400,0.0191,NA,NA,NA
parkey.exe,33280,0x1FE6D6D9E00,DXGI,0,0,0,Composed: Flip,16777.4797,NA,8.26250000000000,NA,0.11100000000000,8.41730000000000,NA,16769.3697,8.2210,8.1100,0.1110,7.9327,8.5946,8.5762,0.0184,NA,NA,NA
parkey.exe,33280,0x1FE6D6D9E00,DXGI,0,0,0,Composed: Flip,16785.6475,NA,8.16780000000000,25.69270000000000,0.09810000000000,7.93250000000000,24.0711,16777.5907,8.1549,8.0568,0.0981,8.3063,7.6830,7.6508,0.0322,-0.9614,16777.5907,NA
parkey.exe,33280,0x1FE6D6D9E00,DXGI,0,0,0,Composed: Flip,16794.3115,NA,8.66400000000000,NA,0.14220000000000,8.36990000000000,NA,16785.7456,8.7081,8.5659,0.1422,8.4080,8.5278,8.5111,0.0167,NA,NA,NA
parkey.exe,33280,0x1FE6D6D9E00,DXGI,0,0,0,Composed: Flip,16802.4154,NA,8.10390000000000,9.04790000000000,0.11830000000000,9.00830000000000,16.3511,16794.4537,8.0800,7.9617,0.1183,8.2277,8.7423,8.7079,0.0344,7.8151,16794.4537,NA
parkey.exe,33280,0x1FE6D6D9E00,DXGI,0,0,0,Composed: Flip,16810.7147,NA,8.29930000000000,NA,0.13710000000000,9.22550000000000,NA,16802.5337,8.3181,8.1810,0.1371,8.8900,8.5165,8.4931,0.0234,NA,NA,NA
parkey.exe,33280,0x1FE6D6D9E00,DXGI,0,0,0,Composed: Flip,16819.1612,NA,8.44650000000000,24.30970000000000,0.10110000000000,9.43000000000000,23.9150,16810.8518,8.4105,8.3094,0.1011,9.0884,8.6510,8.6349,0.0161,-7.9116,16810.8518,NA
parkey.exe,33280,0x1FE6D6D9E00,DXGI,0,0,0,Composed: Flip,16827.3429,NA,8.18170000000000,NA,0.11550000000000,9.79830000000000,NA,16819.2623,8.1961,8.0806,0.1155,9.3289,8.5500,8.5266,0.0234,NA,NA,NA
parkey.exe,33280,0x1FE6D6D9E00,DXGI,0,0,0,Composed: Flip,16836.0680,NA,8.72510000000000,16.68580000000000,0.13350000000000,9.91540000000000,23.6940,16827.4584,8.7431,8.6096,0.1335,9.6828,8.8422,8.8211,0.0211,-0.0792,16827.4584,NA
parkey.exe,33280,0x1FE6D6D9E00,DXGI,0,0,0,Composed: Flip,16844.1727,NA,8.10470000000000,16.68100000000000,0.11870000000000,10.37620000000000,32.2703,16836.2015,8.0899,7.9712,0.1187,9.7819,8.5655,8.5415,0.0240,-7.9379,16836.2015,NA
parkey.exe,33280,0x1FE6D6D9E00,DXGI,0,0,0,Composed: Flip,16852.6470,NA,8.47430000000000,NA,0.13530000000000,7.99920000000000,NA,16844.2914,8.4909,8.3556,0.1353,10.2575,6.0973,6.0713,0.0260,NA,NA,NA
parkey.exe,33280,0x1FE6D6D9E00,DXGI,0,0,0,Composed: Flip,16860.8217,NA,8.17470000000000,NA,0.14590000000000,8.65880000000000,NA,16852.7823,8.1853,8.0394,0.1459,7.9048,8.7934,8.7696,0.0238,NA,NA,NA
parkey.exe,33280,0x1FE6D6D9E00,DXGI,0,0,0,Composed: Flip,16869.4256,NA,8.60390000000000,16.67500000000000,0.11300000000000,7.92470000000000,23.6924,16860.9676,8.5710,8.4580,0.1130,8.5129,7.8698,7.8470,0.0228,8.0911,16860.9676,NA
parkey.exe,33280,0x1FE6D6D9E00,DXGI,0,0,0,Composed: Flip,16877.7131,NA,8.28750000000000,NA,0.11870000000000,8.39320000000000,NA,16869.5386,8.2932,8.1745,0.1187,7.9855,8.5822,8.5627,0.0195,NA,NA,NA
parkey.exe,33280,0x1FE6D6D9E00,DXGI,0,0,0,Composed: Flip,16885.7977,NA,8.08460000000000,9.02830000000000,0.10450000000000,8.01940000000000,16.3486,16877.8318,8.0704,7.9659,0.1045,8.2745,7.7108,7.6785,0.0323,7.8359,16877.8318,NA
parkey.exe,33280,0x1FE6D6D9E00,DXGI,0,0,0,Composed: Flip,16893.9643,NA,8.16660000000000,NA,0.13270000000000,8.36990000000000,NA,16885.9022,8.1948,8.0621,0.1327,7.9957,8.4363,8.4054,0.0309,NA,NA,NA
parkey.exe,33280,0x1FE6D6D9E00,DXGI,0,0,0,Composed: Flip,16902.6080,NA,8.64370000000000,24.33440000000000,0.13660000000000,7.84900000000000,23.8727,16894.0970,8.6476,8.5110,0.1366,8.3811,7.9789,7.9499,0.0290,-8.0692,16894.0970,NA
parkey.exe,33280,0x1FE6D6D9E00,DXGI,0,0,0,Composed: Flip,16910.5979,NA,7.98990000000000,NA,0.13880000000000,8.20670000000000,NA,16902.7446,7.9921,7.8533,0.1388,7.7588,8.3012,8.2823,0.0189,NA,NA,NA
parkey.exe,33280,0x1FE6D6D9E00,DXGI,0,0,0,Composed: Flip,16919.2770,NA,8.67910000000000,16.68100000000000,0.10650000000000,8.34420000000000,23.8847,16910.7367,8.6468,8.5403,0.1065,8.2541,8.6304,8.6004,0.0300,-0.0413,16910.7367,NA
parkey.exe,33280,0x1FE6D6D9E00,DXGI,0,0,0,Composed: Flip,16927.3722,NA,8.09520000000000,16.67530000000000,0.12560000000000,8.59570000000000,32.4648,16919.3835,8.1143,7.9887,0.1256,8.2377,8.3467,8.3267,0.0200,-8.0285,16919.3835,NA
parkey.exe,33280,0x1FE6D6D9E00,DXGI,0,0,0,Composed: Flip,16935.8603,NA,8.48810000000000,NA,0.10210000000000,8.72380000000000,NA,16927.4978,8.4646,8.3625,0.1021,8.4701,8.6162,8.5625,0.0537,NA,NA,NA
parkey.exe,33280,0x1FE6D6D9E00,DXGI,0,0,0,Composed: Flip,16943.8114,NA,7.95110000000000,4.83480000000000,0.09930000000000,9.58100000000000,20.8604,16935.9624,7.9483,7.8490,0.0993,8.6217,8.8083,8.7789,0.0294,11.7441,16935.9624,NA
parkey.exe,33280,0x1FE6D6D9E00,DXGI,0,0,0,Composed: Flip,16952.1805,NA,8.36910000000000,11.85970000000000,0.12050000000000,8.57700000000000,24.3510,16943.9107,8.3903,8.2698,0.1205,9.4817,7.3651,7.3383,0.0268,-3.9114,16943.9107,NA
parkey.exe,33280,0x1FE6D6D9E00,DXGI,0,0,0,Composed: Flip,16960.5587,NA,8.37820000000000,2.02650000000000,0.11000000000000,8.82920000000000,17.9993,16952.3010,8.3677,8.2577,0.1100,8.5281,8.5588,8.5400,0.0188,6.3638,16952.3010,NA
parkey.exe,33280,0x1FE6D6D9E00,DXGI,0,0,0,Composed: Flip,16968.8910,NA,8.33230000000000,14.65940000000000,0.10350000000000,7.95030000000000,24.3264,16960.6687,8.3258,8.2223,0.1035,8.7192,7.4534,7.4197,0.0337,-6.2917,16960.6687,NA
parkey.exe,33280,0x1FE6D6D9E00,DXGI,0,0,0,Composed: Flip,16977.1643,NA,8.27330000000000,NA,0.09310000000000,8.29710000000000,NA,16968.9945,8.2629,8.1698,0.0931,8.0239,8.4430,8.4225,0.0205,NA,NA,NA
parkey.exe,33280,0x1FE6D6D9E00,DXGI,0,0,0,Composed: Flip,16985.5528,NA,8.38850000000000,16.66840000000000,0.11560000000000,7.96370000000000,24.3330,16977.2574,8.4110,8.2954,0.1156,8.2040,8.0551,7.9790,0.0761,-0.0797,16977.2574,NA
parkey.exe,33280,0x1FE6D6D9E00,DXGI,0,0,0,Composed: Flip,16993.9060,NA,8.35320000000000,NA,0.10880000000000,8.18260000000000,NA,16985.6684,8.3464,8.2376,0.1088,8.1408,8.2794,8.2639,0.0155,NA,NA,NA
parkey.exe,33280,0x1FE6D6D9E00,DXGI,0,0,0,Composed: Flip,17002.1709,NA,8.26490000000000,16.66600000000000,0.09100000000000,8.32540000000000,24.3809,16994.0148,8.2471,8.1561,0.0910,8.0738,8.4077,8.3772,0.0305,0.0914,16994.0148,NA
parkey.exe,33280,0x1FE6D6D9E00,DXGI,0,0,0,Composed: Flip,17010.3932,NA,8.22230000000000,NA,0.11310000000000,8.55970000000000,NA,17002.2619,8.2444,8.1313,0.1131,8.3009,8.3901,8.3742,0.0159,NA,NA,NA
parkey.exe,33280,0x1FE6D6D9E00,DXGI,0,0,0,Composed: Flip,17018.8686,NA,8.47540000000000,14.45840000000000,0.12820000000000,8.00090000000000,22.1416,17010.5063,8.4905,8.3623,0.1282,8.4466,7.9166,7.8993,0.0173,2.0331,17010.5063,NA
parkey.exe,33280,0x1FE6D6D9E00,DXGI,0,0,0,Composed: Flip,17027.3462,NA,8.47760000000000,NA,0.10630000000000,7.88910000000000,NA,17018.9968,8.4557,8.3494,0.1063,8.1269,8.1116,8.0942,0.0174,NA,NA,NA
parkey.exe,33280,0x1FE6D6D9E00,DXGI,0,0,0,Composed: Flip,17035.5961,NA,8.24990000000000,18.90320000000000,0.15040000000000,6.93430000000000,24.3173,17027.4525,8.2940,8.1436,0.1504,8.0225,7.0554,7.0269,0.0285,-1.9570,17027.4525,NA
parkey.exe,33280,0x1FE6D6D9E00,DXGI,0,0,0,Composed: Flip,17043.8620,NA,8.26590000000000,NA,0.10290000000000,7.99380000000000,NA,17035.7465,8.2184,8.1155,0.1029,7.9645,8.1448,8.1291,0.0157,NA,NA,NA
parkey.exe,33280,0x1FE6D6D9E00,DXGI,0,0,0,Composed: Flip,17052.3587,NA,8.49670000000000,8.93810000000000,0.09890000000000,7.24000000000000,16.4928,17043.9649,8.4927,8.3938,0.0989,8.2192,7.4146,7.3950,0.0196,7.5743,17043.9649,NA
parkey.exe,33280,0x1FE6D6D9E00,DXGI,0,0,0,Composed: Flip,17060.3601,NA,8.00140000000000,NA,0.09350000000000,7.98960000000000,NA,17052.4576,7.9960,7.9025,0.0935,7.7924,8.0997,8.0813,0.0184,NA,NA,NA
parkey.exe,33280,0x1FE6D6D9E00,DXGI,0,0,0,Composed: Flip,17069.0078,NA,8.64770000000000,24.41890000000000,0.13020000000000,8.14610000000000,24.2626,17060.4536,8.6844,8.5542,0.1302,8.6088,8.0915,8.0735,0.0180,-7.9302,17060.4536,NA
parkey.exe,33280,0x1FE6D6D9E00,DXGI,0,0,0,Composed: Flip,17077.1704,NA,8.16260000000000,NA,0.12050000000000,8.12120000000000,NA,17069.1380,8.1529,8.0324,0.1205,8.0159,8.1377,8.1241,0.0136,NA,NA,NA
parkey.exe,33280,0x1FE6D6D9E00,DXGI,0,0,0,Composed: Flip,17085.5855,NA,8.41510000000000,16.68430000000000,0.09940000000000,7.80530000000000,24.3692,17077.2909,8.3940,8.2946,0.0994,8.0819,8.0180,7.9918,0.0262,0.1530,17077.2909,NA
parkey.exe,33280,0x1FE6D6D9E00,DXGI,0,0,0,Composed: Flip,17093.6568,NA,8.07130000000000,7.45830000000000,0.09170000000000,8.05660000000000,23.7562,17085.6849,8.0636,7.9719,0.0917,7.8846,8.1439,8.1253,0.0186,0.9357,17085.6849,NA
parkey.exe,33280,0x1FE6D6D9E00,DXGI,0,0,0,Composed: Flip,17102.4991,NA,8.84230000000000,NA,0.10940000000000,8.03300000000000,NA,17093.7485,8.8600,8.7506,0.1094,8.5780,8.2056,8.1812,0.0244,NA,NA,NA
parkey.exe,33280,0x1FE6D6D9E00,DXGI,0,0,0,Composed: Flip,17110.3825,NA,7.88340000000000,NA,0.11430000000000,8.23980000000000,NA,17102.6085,7.8883,7.7740,0.1143,7.9236,8.0902,8.0704,0.0198,NA,NA,NA
parkey.exe,33280,0x1FE6D6D9E00,DXGI,0,0,0,Composed: Flip,17119.2545,NA,8.87200000000000,25.90500000000000,0.09900000000000,7.64900000000000,24.0635,17110.4968,8.8567,8.7577,0.0990,8.5891,7.8176,7.7989,0.0187,-1.0931,17110.4968,NA
parkey.exe,33280,0x1FE6D6D9E00,DXGI,0,0,0,Composed: Flip,17127.0029,NA,7.74840000000000,NA,0.10330000000000,6.48610000000000,NA,17119.3535,7.7527,7.6494,0.1033,7.6088,6.5267,6.5087,0.0180,NA,NA,NA
parkey.exe,33280,0x1FE6D6D9E00,DXGI,0,0,0,Composed: Flip,17135.4488,NA,8.44590000000000,NA,0.09750000000000,5.52100000000000,NA,17127.1062,8.4401,8.3426,0.0975,8.1942,5.6694,5.6454,0.0240,NA,NA,NA
parkey.exe,33280,0x1FE6D6D9E00,DXGI,0,0,0,Composed: Flip,17143.6682,NA,8.21940000000000,15.83920000000000,0.10500000000000,8.01500000000000,15.4890,17135.5463,8.2269,8.1219,0.1050,8.0052,8.1317,8.1084,0.0233,9.2103,17135.5463,NA
parkey.exe,33280,0x1FE6D6D9E00,DXGI,0,0,0,Composed: Flip,17152.5760,NA,8.90780000000000,17.52400000000000,0.15830000000000,6.75330000000000,24.1052,17143.7732,8.9611,8.8028,0.1583,8.6573,6.8988,6.8767,0.0221,-9.2971,17143.7732,NA
parkey.exe,33280,0x1FE6D6D9E00,DXGI,0,0,0,Composed: Flip,17161.1743,NA,8.59830000000000,3.32480000000000,0.18410000000000,8.13940000000000,18.8317,17152.7343,8.6241,8.4400,0.1841,8.2476,8.3318,8.3058,0.0260,5.6363,17152.7343,NA
parkey.exe,33280,0x1FE6D6D9E00,DXGI,0,0,0,Composed: Flip,17169.6438,NA,8.46950000000000,13.36140000000000,0.12810000000000,7.94560000000000,23.7236,17161.3584,8.4135,8.2854,0.1281,7.9952,8.2358,8.2051,0.0307,-4.7373,17161.3584,NA
parkey.exe,33280,0x1FE6D6D9E00,DXGI,0,0,0,Composed: Flip,17178.2599,NA,8.61610000000000,NA,0.11790000000000,7.87310000000000,NA,17169.7719,8.6059,8.4880,0.1179,8.2481,8.1130,8.0869,0.0261,NA,NA,NA
parkey.exe,33280,0x1FE6D6D9E00,DXGI,0,0,0,Composed: Flip,17186.2795,NA,8.01960000000000,7.40400000000000,0.16290000000000,7.26570000000000,14.4919,17178.3778,8.0646,7.9017,0.1629,7.7552,7.4122,7.3919,0.0203,9.6154,17178.3778,NA
parkey.exe,33280,0x1FE6D6D9E00,DXGI,0,0,0,Composed: Flip,17194.6440,NA,8.36450000000000,NA,0.13400000000000,7.89930000000000,NA,17186.4424,8.3356,8.2016,0.1340,7.9283,8.1726,8.1544,0.0182,NA,NA,NA
parkey.exe,33280,0x1FE6D6D9E00,DXGI,0,0,0,Composed: Flip,17202.8181,NA,8.17410000000000,25.95800000000000,0.15320000000000,7.30620000000000,23.9113,17194.7780,8.1933,8.0401,0.1532,7.8223,7.5240,7.4986,0.0254,-9.5578,17194.7780,NA
parkey.exe,33280,0x1FE6D6D9E00,DXGI,0,0,0,Composed: Flip,17211.3411,NA,8.52300000000000,NA,0.18860000000000,7.74280000000000,NA,17202.9713,8.5584,8.3698,0.1886,8.1642,7.9484,7.9230,0.0254,NA,NA,NA
parkey.exe,33280,0x1FE6D6D9E00,DXGI,0,0,0,Composed: Flip,17219.6084,NA,8.26730000000000,8.85150000000000,0.15800000000000,7.77400000000000,15.9725,17211.5297,8.2367,8.0787,0.1580,7.9122,7.9405,7.9127,0.0278,7.9002,17211.5297,NA
parkey.exe,33280,0x1FE6D6D9E00,DXGI,0,0,0,Composed: Flip,17227.8793,NA,8.27090000000000,NA,0.16490000000000,7.62810000000000,NA,17219.7664,8.2778,8.1129,0.1649,7.9457,7.7953,7.7742,0.0211,NA,NA,NA
parkey.exe,33280,0x1FE6D6D9E00,DXGI,0,0,0,Composed: Flip,17235.8430,NA,7.96370000000000,24.50030000000000,0.12140000000000,5.45370000000000,24.2382,17228.0442,7.9202,7.7988,0.1214,7.6049,5.6476,5.6237,0.0239,-7.9858,17228.0442,NA
parkey.exe,33280,0x1FE6D6D9E00,DXGI,0,0,0,Composed: Flip,17244.4219,NA,8.57890000000000,3.26590000000000,0.17620000000000,7.97100000000000,18.9252,17235.9644,8.6337,8.4575,0.1762,8.2822,8.1463,8.1228,0.0235,4.6543,17235.9644,NA
parkey.exe,33280,0x1FE6D6D9E00,DXGI,0,0,0,Composed: Flip,17252.5417,NA,8.11980000000000,13.43840000000000,0.18240000000000,6.92120000000000,24.2438,17244.5981,8.1260,7.9436,0.1824,7.8226,7.0422,7.0207,0.0215,-4.8047,17244.5981,NA
parkey.exe,33280,0x1FE6D6D9E00,DXGI,0,0,0,Composed: Flip,17260.7619,NA,8.22020000000000,NA,0.14420000000000,7.96920000000000,NA,17252.7241,8.1820,8.0378,0.1442,7.8844,8.1226,8.1024,0.0202,NA,NA,NA
parkey.exe,33280,0x1FE6D6D9E00,DXGI,0,0,0,Composed: Flip,17269.2517,NA,8.48980000000000,7.34970000000000,0.14140000000000,7.21980000000000,14.8835,17260.9061,8.4870,8.3456,0.1414,8.2153,7.3501,7.3253,0.0248,8.9583,17260.9061,NA
parkey.exe,33280,0x1FE6D6D9E00,DXGI,0,0,0,Composed: Flip,17278.0017,NA,8.75000000000000,13.95560000000000,0.15410000000000,7.92490000000000,20.0891,17269.3931,8.7627,8.6086,0.1541,8.3209,8.2126,8.1966,0.0160,-5.4686,17269.3931,NA
parkey.exe,33280,0x1FE6D6D9E00,DXGI,0,0,0,Composed: Flip,17286.3821,NA,8.38040000000000,12.03140000000000,0.20650000000000,7.64810000000000,23.7401,17278.1558,8.4328,8.2263,0.2065,8.0379,7.8365,7.8005,0.0360,-3.2687,17278.1558,NA
parkey.exe,33280,0x1FE6D6D9E00,DXGI,0,0,0,Composed: Flip,17294.7176,NA,8.33550000000000,1.88030000000000,0.14140000000000,7.87920000000000,17.2849,17286.5886,8.2704,8.1290,0.1414,7.8725,8.1357,8.0889,0.0468,6.5525,17286.5886,NA
parkey.exe,33280,0x1FE6D6D9E00,DXGI,0,0,0,Composed: Flip,17303.3532,NA,8.63560000000000,14.80440000000000,0.14940000000000,6.65500000000000,23.4537,17294.8590,8.6436,8.4942,0.1494,8.2205,6.9287,6.9042,0.0245,-6.5340,17294.8590,NA
parkey.exe,33280,0x1FE6D6D9E00,DXGI,0,0,0,Composed: Flip,17311.4187,NA,8.06550000000000,NA,0.16870000000000,7.86940000000000,NA,17303.5026,8.0848,7.9161,0.1687,7.6534,8.1321,8.1026,0.0295,NA,NA,NA
parkey.exe,33280,0x1FE6D6D9E00,DXGI,0,0,0,Composed: Flip,17319.7204,NA,8.30170000000000,16.67970000000000,0.19170000000000,7.56160000000000,23.7662,17311.5874,8.3247,8.1330,0.1917,7.9548,7.7398,7.7104,0.0294,0.0487,17311.5874,NA
parkey.exe,33280,0x1FE6D6D9E00,DXGI,0,0,0,Composed: Flip,17328.0741,NA,8.35370000000000,NA,0.25320000000000,5.49910000000000,NA,17319.9121,8.4152,8.1620,0.2532,7.9699,5.6912,5.6650,0.0262,NA,NA,NA
parkey.exe,33280,0x1FE6D6D9E00,DXGI,0,0,0,Composed: Flip,17336.2450,NA,8.17090000000000,16.68440000000000,0.16400000000000,5.49010000000000,23.9260,17328.3273,8.0817,7.9177,0.1640,7.7578,5.6500,5.6289,0.0211,0.0555,17328.3273,NA
parkey.exe,33280,0x1FE6D6D9E00,DXGI,0,0,0,Composed: Flip,17344.2918,NA,8.04680000000000,0.40260000000000,0.16410000000000,7.96330000000000,16.2818,17336.4090,8.0469,7.8828,0.1641,7.7252,8.1209,8.0936,0.0273,7.6791,17336.4090,NA
parkey.exe,33280,0x1FE6D6D9E00,DXGI,0,0,0,Composed: Flip,17352.9390,NA,8.64720000000000,16.28320000000000,0.16450000000000,6.75050000000000,23.9178,17344.4559,8.6476,8.4831,0.1645,8.3033,6.9303,6.9068,0.0235,-8.2363,17344.4559,NA
parkey.exe,33280,0x1FE6D6D9E00,DXGI,0,0,0,Composed: Flip,17361.3496,NA,8.41060000000000,4.56010000000000,0.19660000000000,8.12220000000000,20.0673,17353.1035,8.4427,8.2461,0.1966,8.0307,8.3376,8.3094,0.0282,4.0875,17353.1035,NA
parkey.exe,33280,0x1FE6D6D9E00,DXGI,0,0,0,Composed: Flip,17369.6220,NA,8.27240000000000,12.11990000000000,0.13160000000000,8.12300000000000,23.9148,17361.5462,8.2074,8.0758,0.1316,7.9256,8.2732,8.2304,0.0428,-3.6772,17361.5462,NA
parkey.exe,33280,0x1FE6D6D9E00,DXGI,0,0,0,Composed: Flip,17377.5830,NA,7.96100000000000,NA,0.13250000000000,8.41650000000000,NA,17369.7536,7.9619,7.8294,0.1325,7.9914,8.2545,8.2157,0.0388,NA,NA,NA
parkey.exe,33280,0x1FE6D6D9E00,DXGI,0,0,0,Composed: Flip,17385.9554,NA,8.37240000000000,8.73600000000000,0.11160000000000,6.62760000000000,16.3174,17377.7155,8.3515,8.2399,0.1116,8.2840,6.5835,6.5620,0.0215,7.4333,17377.7155,NA
parkey.exe,33280,0x1FE6D6D9E00,DXGI,0,0,0,Composed: Flip,17393.9237,NA,7.96830000000000,13.87860000000000,0.17270000000000,7.97940000000000,22.2277,17386.0670,8.0294,7.8567,0.1727,7.7383,8.0978,8.0736,0.0242,-5.5271,17386.0670,NA
parkey.exe,33280,0x1FE6D6D9E00,DXGI,0,0,0,Composed: Flip,17402.7575,NA,8.83380000000000,10.75200000000000,0.13500000000000,6.58640000000000,24.1459,17394.0964,8.7961,8.6611,0.1350,8.4977,6.7498,6.7286,0.0212,-2.7226,17394.0964,NA
parkey.exe,33280,0x1FE6D6D9E00,DXGI,0,0,0,Composed: Flip,17410.5857,NA,7.82820000000000,NA,0.13200000000000,8.50550000000000,NA,17402.8925,7.8252,7.6932,0.1320,7.5692,8.6295,8.6100,0.0195,NA,NA,NA
parkey.exe,33280,0x1FE6D6D9E00,DXGI,0,0,0,Composed: Flip,17419.2305,NA,8.64480000000000,16.66250000000000,0.10650000000000,7.61100000000000,24.3354,17410.7177,8.6193,8.5128,0.1065,8.3735,7.7503,7.7189,0.0314,-0.0412,17410.7177,NA
parkey.exe,33280,0x1FE6D6D9E00,DXGI,0,0,0,Composed: Flip,17427.6074,NA,8.37690000000000,NA,0.19840000000000,8.37440000000000,NA,17419.3370,8.4688,8.2704,0.1984,8.0759,8.5689,8.5487,0.0202,NA,NA,NA
parkey.exe,33280,0x1FE6D6D9E00,DXGI,0,0,0,Composed: Flip,17435.7488,NA,8.14140000000000,16.67690000000000,0.17650000000000,7.97310000000000,24.4940,17427.8058,8.1195,7.9430,0.1765,8.1760,7.7401,7.7170,0.0231,0.4112,17427.8058,NA
parkey.exe,33280,0x1FE6D6D9E00,DXGI,0,0,0,Composed: Flip,17443.9255,NA,8.17670000000000,4.51860000000000,0.12270000000000,8.29420000000000,20.8359,17435.9253,8.1229,8.0002,0.1227,7.8474,8.4470,8.4288,0.0182,3.6009,17435.9253,NA
parkey.exe,33280,0x1FE6D6D9E00,DXGI,0,0,0,Composed: Flip,17452.1998,NA,8.27430000000000,12.15900000000000,0.12720000000000,7.26290000000000,24.7206,17444.0482,8.2788,8.1516,0.1272,8.1715,7.2430,7.2245,0.0185,-4.0361,17444.0482,NA
parkey.exe,33280,0x1FE6D6D9E00,DXGI,0,0,0,Composed: Flip,17460.5340,NA,8.33420000000000,1.73850000000000,0.10360000000000,8.28670000000000,18.1249,17452.3270,8.3106,8.2070,0.1036,8.0534,8.4403,8.4214,0.0189,6.5403,17452.3270,NA
parkey.exe,33280,0x1FE6D6D9E00,DXGI,0,0,0,Composed: Flip,17468.9528,NA,8.41880000000000,14.94350000000000,0.14090000000000,7.50800000000000,24.6496,17460.6376,8.4561,8.3152,0.1409,8.1977,7.6255,7.6050,0.0205,-6.6329,17460.6376,NA
parkey.exe,33280,0x1FE6D6D9E00,DXGI,0,0,0,Composed: Flip,17477.0413,NA,8.08850000000000,5.90310000000000,0.10560000000000,8.28190000000000,22.4642,17469.0937,8.0532,7.9476,0.1056,7.8514,8.3781,8.3538,0.0243,2.5530,17469.0937,NA
parkey.exe,33280,0x1FE6D6D9E00,DXGI,0,0,0,Composed: Flip,17485.6766,NA,8.63530000000000,10.77770000000000,0.11920000000000,8.58340000000000,24.6066,17477.1469,8.6489,8.5297,0.1192,8.4153,8.6978,8.6754,0.0224,-2.7245,17477.1469,NA
parkey.exe,33280,0x1FE6D6D9E00,DXGI,0,0,0,Composed: Flip,17493.9131,NA,8.23650000000000,NA,0.11010000000000,8.77240000000000,NA,17485.7958,8.2274,8.1173,0.1101,8.4642,8.4255,8.4069,0.0186,NA,NA,NA
parkey.exe,33280,0x1FE6D6D9E00,DXGI,0,0,0,Composed: Flip,17502.2431,NA,8.33000000000000,16.68820000000000,0.11700000000000,8.51410000000000,24.7283,17494.0232,8.3369,8.2199,0.1170,8.6623,8.0717,8.0425,0.0292,0.1881,17494.0232,NA
parkey.exe,33280,0x1FE6D6D9E00,DXGI,0,0,0,Composed: Flip,17510.4378,NA,8.19470000000000,16.67220000000000,0.10840000000000,8.76730000000000,33.2058,17502.3601,8.1861,8.0777,0.1084,8.4446,8.4004,8.3829,0.0175,-8.3353,17502.3601,NA
parkey.exe,33280,0x1FE6D6D9E00,DXGI,0,0,0,Composed: Flip,17519.0030,NA,8.56520000000000,NA,0.19070000000000,8.94780000000000,NA,17510.5462,8.6475,8.4568,0.1907,8.6589,8.7457,8.7159,0.0298,NA,NA,NA
parkey.exe,33280,0x1FE6D6D9E00,DXGI,0,0,0,Composed: Flip,17527.2681,NA,8.26510000000000,4.47730000000000,0.13770000000000,9.13620000000000,20.8528,17519.1937,8.2121,8.0744,0.1377,8.7571,8.4535,8.4306,0.0229,12.3563,17519.1937,NA
parkey.exe,33280,0x1FE6D6D9E00,DXGI,0,0,0,Composed: Flip,17535.6771,NA,8.40900000000000,12.20210000000000,0.09110000000000,8.49410000000000,24.6459,17527.4058,8.3624,8.2713,0.0911,8.9985,7.7669,7.7348,0.0321,-3.9900,17527.4058,NA
parkey.exe,33280,0x1FE6D6D9E00,DXGI,0,0,0,Composed: Flip,17543.7421,NA,8.06500000000000,NA,0.10000000000000,9.01050000000000,NA,17535.7682,8.0739,7.9739,0.1000,8.4485,8.5359,8.5115,0.0244,NA,NA,NA
parkey.exe,33280,0x1FE6D6D9E00,DXGI,0,0,0,Composed: Flip,17552.3592,NA,8.61710000000000,8.60930000000000,0.09720000000000,7.87460000000000,16.5731,17543.8421,8.6143,8.5171,0.0972,8.9105,7.4812,7.4597,0.0215,7.8270,17543.8421,NA
parkey.exe,33280,0x1FE6D6D9E00,DXGI,0,0,0,Composed: Flip,17560.6123,NA,8.25310000000000,NA,0.10200000000000,8.33250000000000,NA,17552.4564,8.2579,8.1559,0.1020,8.0164,8.4720,8.3961,0.0759,NA,NA,NA
parkey.exe,33280,0x1FE6D6D9E00,DXGI,0,0,0,Composed: Flip,17569.0548,NA,8.44250000000000,24.76130000000000,0.12060000000000,8.47810000000000,24.6388,17560.7143,8.4611,8.3405,0.1206,8.2305,8.5881,8.5733,0.0148,-7.8891,17560.7143,NA
parkey.exe,33280,0x1FE6D6D9E00,DXGI,0,0,0,Composed: Flip,17577.1450,NA,8.09020000000000,NA,0.10380000000000,8.93810000000000,NA,17569.1754,8.0734,7.9696,0.1038,8.3575,8.5502,8.5330,0.0172,NA,NA,NA
parkey.exe,33280,0x1FE6D6D9E00,DXGI,0,0,0,Composed: Flip,17585.6199,NA,8.47490000000000,16.66860000000000,0.14360000000000,9.14190000000000,24.7423,17577.2488,8.5147,8.3711,0.1436,8.8343,8.6787,8.6507,0.0280,-0.1341,17577.2488,NA
parkey.exe,33280,0x1FE6D6D9E00,DXGI,0,0,0,Composed: Flip,17593.8598,NA,8.23990000000000,16.68250000000000,0.10190000000000,9.46170000000000,33.1849,17585.7635,8.1982,8.0963,0.1019,8.9983,8.5597,8.5367,0.0230,-8.1678,17585.7635,NA
parkey.exe,33280,0x1FE6D6D9E00,DXGI,0,0,0,Composed: Flip,17602.4770,NA,8.61720000000000,NA,0.10890000000000,9.47010000000000,NA,17593.9617,8.6242,8.5153,0.1089,9.3598,8.6256,8.6003,0.0253,NA,NA,NA
parkey.exe,33280,0x1FE6D6D9E00,DXGI,0,0,0,Composed: Flip,17610.4527,NA,7.97570000000000,4.38910000000000,0.09730000000000,10.07410000000000,20.9811,17602.5859,7.9641,7.8668,0.0973,9.3612,8.5797,8.5590,0.0207,12.4333,17602.5859,NA
parkey.exe,33280,0x1FE6D6D9E00,DXGI,0,0,0,Composed: Flip,17618.9954,NA,8.54270000000000,12.28570000000000,0.09590000000000,9.79930000000000,24.7241,17610.5500,8.5413,8.4454,0.0959,9.9768,8.2679,8.2319,0.0360,-4.3216,17610.5500,NA
parkey.exe,33280,0x1FE6D6D9E00,DXGI,0,0,0,Composed: Flip,17627.0971,NA,8.10170000000000,NA,0.08320000000000,10.21610000000000,NA,17619.0913,8.0890,8.0058,0.0832,9.7034,8.5185,8.4941,0.0244,NA,NA,NA
parkey.exe,33280,0x1FE6D6D9E00,DXGI,0,0,0,Composed: Flip,17635.7385,NA,8.64140000000000,8.56090000000000,0.10750000000000,8.15370000000000,16.5419,17627.1803,8.6657,8.5582,0.1075,10.1329,6.5790,6.5558,0.0232,8.0694,17627.1803,NA
parkey.exe,33280,0x1FE6D6D9E00,DXGI,0,0,0,Composed: Flip,17643.6833,NA,7.94480000000000,NA,0.11940000000000,8.28870000000000,NA,17635.8460,7.9567,7.8373,0.1194,8.0845,8.0415,8.0195,0.0220,NA,NA,NA
parkey.exe,33280,0x1FE6D6D9E00,DXGI,0,0,0,Composed: Flip,17652.1585,NA,8.47520000000000,24.81020000000000,0.13250000000000,7.64130000000000,24.9321,17643.8027,8.4883,8.3558,0.1325,8.2553,7.7418,7.7070,0.0348,-8.1878,17643.8027,NA
parkey.exe,33280,0x1FE6D6D9E00,DXGI,0,0,0,Composed: Flip,17660.7925,NA,8.63400000000000,NA,0.10040000000000,7.83530000000000,NA,17652.2910,8.6019,8.5015,0.1004,8.3428,7.9940,7.9790,0.0150,NA,NA,NA
parkey.exe,33280,0x1FE6D6D9E00,DXGI,0,0,0,Composed: Flip,17668.9854,NA,8.19290000000000,16.66990000000000,0.15350000000000,8.11980000000000,24.7751,17660.8929,8.2460,8.0925,0.1535,7.9805,8.2318,8.2101,0.0217,0.4203,17660.8929,NA
parkey.exe,33280,0x1FE6D6D9E00,DXGI,0,0,0,Composed: Flip,17677.1995,NA,8.21410000000000,7.13870000000000,0.10730000000000,8.37510000000000,23.6997,17669.1389,8.1679,8.0606,0.1073,7.9663,8.4694,8.4459,0.0235,1.1073,17669.1389,NA
parkey.exe,33280,0x1FE6D6D9E00,DXGI,0,0,0,Composed: Flip,17685.5211,NA,8.32160000000000,13.84140000000000,0.10870000000000,8.56710000000000,29.2195,17677.3068,8.3230,8.2143,0.1087,8.2678,8.5136,8.4933,0.0203,-5.6735,17677.3068,NA
parkey.exe,33280,0x1FE6D6D9E00,DXGI,0,0,0,Composed: Flip,17693.9471,NA,8.42600000000000,NA,0.13680000000000,8.36180000000000,NA,17685.6298,8.4541,8.3173,0.1368,8.4584,8.2207,8.2016,0.0191,NA,NA,NA
parkey.exe,33280,0x1FE6D6D9E00,DXGI,0,0,0,Composed: Flip,17702.3742,NA,8.42710000000000,12.38830000000000,0.09230000000000,8.26240000000000,24.7547,17694.0839,8.3826,8.2903,0.0923,8.2250,8.3277,8.3095,0.0182,4.3888,17694.0839,NA
parkey.exe,33280,0x1FE6D6D9E00,DXGI,0,0,0,Composed: Flip,17710.5047,NA,8.13050000000000,NA,0.11070000000000,8.43550000000000,NA,17702.4665,8.1489,8.0382,0.1107,8.1701,8.3036,8.2772,0.0264,NA,NA,NA
parkey.exe,33280,0x1FE6D6D9E00,DXGI,0,0,0,Composed: Flip,17719.2244,NA,8.71970000000000,15.39390000000000,0.12110000000000,8.24750000000000,23.2984,17710.6154,8.7301,8.6090,0.1211,8.4677,8.3888,8.3707,0.0181,1.1376,17710.6154,NA
parkey.exe,33280,0x1FE6D6D9E00,DXGI,0,0,0,Composed: Flip,17727.0602,NA,7.83580000000000,NA,0.13550000000000,8.64070000000000,NA,17719.3455,7.8502,7.7147,0.1355,8.1264,8.2290,8.2090,0.0200,NA,NA,NA
parkey.exe,33280,0x1FE6D6D9E00,DXGI,0,0,0,Composed: Flip,17735.4966,NA,8.43640000000000,17.97080000000000,0.16990000000000,7.98750000000000,24.9970,17727.1957,8.4708,8.3009,0.1699,8.5052,7.7832,7.7582,0.0250,-1.3905,17727.1957,NA
parkey.exe,33280,0x1FE6D6D9E00,DXGI,0,0,0,Composed: Flip,17743.8558,NA,8.35920000000000,2.91370000000000,0.10500000000000,8.02120000000000,19.5515,17735.6665,8.2943,8.1893,0.1050,8.0375,8.1730,8.1545,0.0185,5.5571,17735.6665,NA
parkey.exe,33280,0x1FE6D6D9E00,DXGI,0,0,0,Composed: Flip,17752.2198,NA,8.36400000000000,13.77020000000000,0.09550000000000,6.41410000000000,24.9577,17743.9608,8.3545,8.2590,0.0955,8.1645,6.5086,6.4907,0.0179,-5.4759,17743.9608,NA
parkey.exe,33280,0x1FE6D6D9E00,DXGI,0,0,0,Composed: Flip,17760.3789,NA,8.15910000000000,0.13380000000000,0.08040000000000,8.01930000000000,16.9324,17752.3153,8.1440,8.0636,0.0804,7.9410,8.1419,8.1225,0.0194,8.2207,17752.3153,NA
parkey.exe,33280,0x1FE6D6D9E00,DXGI,0,0,0,Composed: Flip,17768.9870,NA,8.60810000000000,16.53140000000000,0.11750000000000,6.84790000000000,24.8557,17760.4593,8.6452,8.5277,0.1175,8.4204,6.9552,6.9309,0.0243,-8.3874,17760.4593,NA
parkey.exe,33280,0x1FE6D6D9E00,DXGI,0,0,0,Composed: Flip,17777.0802,NA,8.09320000000000,4.31040000000000,0.10950000000000,8.06390000000000,21.0729,17769.1045,8.0852,7.9757,0.1095,7.8861,8.1535,8.1370,0.0165,4.3348,17769.1045,NA
parkey.exe,33280,0x1FE6D6D9E00,DXGI,0,0,0,Composed: Flip,17785.9210,NA,8.84080000000000,12.38610000000000,0.12080000000000,6.81880000000000,24.6182,17777.1897,8.8521,8.7313,0.1208,8.5991,6.9510,6.9100,0.0410,-4.3009,17777.1897,NA
parkey.exe,33280,0x1FE6D6D9E00,DXGI,0,0,0,Composed: Flip,17793.7290,NA,7.80800000000000,NA,0.09870000000000,8.25700000000000,NA,17786.0418,7.7859,7.6872,0.0987,7.5711,8.3731,8.3580,0.0151,NA,NA,NA
parkey.exe,33280,0x1FE6D6D9E00,DXGI,0,0,0,Composed: Flip,17802.2660,NA,8.53700000000000,8.44230000000000,0.10830000000000,7.21210000000000,16.7155,17793.8277,8.5466,8.4383,0.1083,8.2739,7.3765,7.3554,0.0211,8.1957,17793.8277,NA
parkey.exe,33280,0x1FE6D6D9E00,DXGI,0,0,0,Composed: Flip,17810.3630,NA,8.09700000000000,NA,0.08420000000000,7.93180000000000,NA,17802.3743,8.0729,7.9887,0.0842,7.9052,8.0153,7.9968,0.0185,NA,NA,NA
parkey.exe,33280,0x1FE6D6D9E00,DXGI,0,0,0,Composed: Flip,17819.1815,NA,8.81850000000000,NA,0.15300000000000,7.82720000000000,NA,17810.4472,8.8873,8.7343,0.1530,8.5985,7.9630,7.9457,0.0173,NA,NA,NA
parkey.exe,33280,0x1FE6D6D9E00,DXGI,0,0,0,Composed: Flip,17827.2390,NA,8.05750000000000,24.90630000000000,0.11180000000000,5.56700000000000,16.6488,17819.3345,8.0163,7.9045,0.1118,7.7754,5.6961,5.6743,0.0218,0.6005,17819.3345,NA
parkey.exe,33280,0x1FE6D6D9E00,DXGI,0,0,0,Composed: Flip,17835.6116,NA,8.37260000000000,16.67290000000000,0.13000000000000,5.48640000000000,24.9491,17827.3508,8.3908,8.2608,0.1300,8.1574,5.5898,5.5678,0.0220,-8.6566,17827.3508,NA
parkey.exe,33280,0x1FE6D6D9E00,DXGI,0,0,0,Composed: Flip,17843.6409,NA,8.02930000000000,0.09850000000000,0.10000000000000,7.63070000000000,17.0183,17835.7416,7.9993,7.8993,0.1000,7.7900,7.7400,7.7132,0.0268,8.2923,17835.7416,NA
parkey.exe,33280,0x1FE6D6D9E00,DXGI,0,0,0,Composed: Flip,17852.2678,NA,8.62690000000000,16.59250000000000,0.11800000000000,7.14250000000000,24.9839,17843.7409,8.6449,8.5269,0.1180,8.4047,7.2647,7.2466,0.0181,-8.5932,17843.7409,NA
parkey.exe,33280,0x1FE6D6D9E00,DXGI,0,0,0,Composed: Flip,17860.3212,NA,8.05340000000000,4.25610000000000,0.10270000000000,7.99120000000000,21.1866,17852.3858,8.0381,7.9354,0.1027,7.8400,8.0866,8.0222,0.0644,4.3888,17852.3858,NA
parkey.exe,33280,0x1FE6D6D9E00,DXGI,0,0,0,Composed: Flip,17869.0901,NA,8.76890000000000,12.41650000000000,0.10800000000000,5.53260000000000,24.8342,17860.4239,8.7742,8.6662,0.1080,8.5548,5.6440,5.6244,0.0196,-4.3784,17860.4239,NA
parkey.exe,33280,0x1FE6D6D9E00,DXGI,0,0,0,Composed: Flip,17877.0445,NA,7.95440000000000,1.45110000000000,0.11320000000000,7.62340000000000,18.3309,17869.1981,7.9596,7.8464,0.1132,7.7561,7.7137,7.6946,0.0191,7.3231,17869.1981,NA
parkey.exe,33280,0x1FE6D6D9E00,DXGI,0,0,0,Composed: Flip,17885.7995,NA,8.75500000000000,NA,0.13950000000000,7.45640000000000,NA,17877.1577,8.7813,8.6418,0.1395,8.5082,7.5900,7.5634,0.0266,NA,NA,NA
parkey.exe,33280,0x1FE6D6D9E00,DXGI,0,0,0,Composed: Flip,17893.7735,NA,7.97400000000000,13.87850000000000,0.12470000000000,7.97590000000000,15.4804,17885.9390,7.9592,7.8345,0.1247,7.7379,8.0725,8.0507,0.0218,2.8624,17885.9390,NA
parkey.exe,33280,0x1FE6D6D9E00,DXGI,0,0,0,Composed: Flip,17902.2725,NA,8.49900000000000,18.02970000000000,0.09770000000000,6.75220000000000,25.0111,17893.8982,8.4720,8.3743,0.0977,8.2730,6.8535,6.8260,0.0275,-10.0705,17893.8982,NA
parkey.exe,33280,0x1FE6D6D9E00,DXGI,0,0,0,Composed: Flip,17910.3621,NA,8.08960000000000,2.82250000000000,0.08810000000000,8.00480000000000,19.7440,17902.3702,8.0800,7.9919,0.0881,7.9068,8.0899,8.0718,0.0181,5.6495,17902.3702,NA
parkey.exe,33280,0x1FE6D6D9E00,DXGI,0,0,0,Composed: Flip,17918.9233,NA,8.56120000000000,13.85460000000000,0.12320000000000,7.55470000000000,25.0374,17910.4502,8.5963,8.4731,0.1232,8.3039,7.7239,7.7004,0.0235,-5.7746,17910.4502,NA
parkey.exe,33280,0x1FE6D6D9E00,DXGI,0,0,0,Composed: Flip,17927.1708,NA,8.24750000000000,NA,0.10140000000000,7.52300000000000,NA,17919.0465,8.2257,8.1243,0.1014,8.0002,7.6471,7.6279,0.0192,NA,NA,NA
parkey.exe,33280,0x1FE6D6D9E00,DXGI,0,0,0,Composed: Flip,17935.8041,NA,8.63330000000000,16.69800000000000,0.10750000000000,5.46730000000000,24.8546,17927.2722,8.6394,8.5319,0.1075,8.4161,5.5831,5.5639,0.0192,0.1240,17927.2722,NA
parkey.exe,33280,0x1FE6D6D9E00,DXGI,0,0,0,Composed: Flip,17943.6869,NA,7.88280000000000,NA,0.10470000000000,8.00990000000000,NA,17935.9116,7.8800,7.7753,0.1047,7.6828,8.1024,8.0805,0.0219,NA,NA,NA
parkey.exe,33280,0x1FE6D6D9E00,DXGI,0,0,0,Composed: Flip,17952.0679,NA,8.38100000000000,4.19280000000000,0.10860000000000,5.49900000000000,12.7836,17943.7916,8.3849,8.2763,0.1086,8.1759,5.5994,5.5798,0.0196,12.3266,17943.7916,NA
parkey.exe,33280,0x1FE6D6D9E00,DXGI,0,0,0,Composed: Flip,17960.4828,NA,8.41490000000000,13.87650000000000,0.11700000000000,7.91260000000000,18.2452,17952.1765,8.4233,8.3063,0.1170,8.1922,8.0267,8.0050,0.0217,-5.4916,17952.1765,NA
parkey.exe,33280,0x1FE6D6D9E00,DXGI,0,0,0,Composed: Flip,17969.1659,NA,8.68310000000000,15.27560000000000,0.12450000000000,6.71020000000000,24.8377,17960.5998,8.6906,8.5661,0.1245,8.4337,6.8426,6.8159,0.0267,-6.8523,17960.5998,NA
parkey.exe,33280,0x1FE6D6D9E00,DXGI,0,0,0,Composed: Flip,17977.0664,NA,7.90050000000000,NA,0.10320000000000,7.78780000000000,NA,17969.2904,7.8792,7.7760,0.1032,7.6790,7.8848,7.8626,0.0222,NA,NA,NA
parkey.exe,33280,0x1FE6D6D9E00,DXGI,0,0,0,Composed: Flip,17985.9665,NA,8.90010000000000,5.57200000000000,0.14260000000000,5.80140000000000,13.6091,17977.1696,8.9395,8.7969,0.1426,8.6157,5.9826,5.9618,0.0208,10.9978,17977.1696,NA
parkey.exe,33280,0x1FE6D6D9E00,DXGI,0,0,0,Composed: Flip,17993.9334,NA,7.96690000000000,13.89400000000000,0.12800000000000,7.94100000000000,19.5362,17986.1091,7.9523,7.8243,0.1280,7.7053,8.0600,8.0428,0.0172,-4.9545,17986.1091,NA
parkey.exe,33280,0x1FE6D6D9E00,DXGI,0,0,0,Composed: Flip,18002.2974,NA,8.36400000000000,13.91260000000000,0.12090000000000,6.32830000000000,25.0848,17994.0614,8.3569,8.2360,0.1209,8.1223,6.4420,6.4175,0.0245,-5.9603,17994.0614,NA
parkey.exe,33280,0x1FE6D6D9E00,DXGI,0,0,0,Composed: Flip,18010.8280,NA,8.53060000000000,NA,0.14780000000000,8.00730000000000,NA,18002.4183,8.5575,8.4097,0.1478,8.2807,8.1363,8.1199,0.0164,NA,NA,NA
parkey.exe,33280,0x1FE6D6D9E00,DXGI,0,0,0,Composed: Flip,18018.9669,NA,8.13890000000000,6.91230000000000,0.12800000000000,6.72660000000000,15.3276,18010.9758,8.1191,7.9911,0.1280,7.8870,6.8307,6.8067,0.0240,10.0021,18010.9758,NA
parkey.exe,33280,0x1FE6D6D9E00,DXGI,0,0,0,Composed: Flip,18027.0230,NA,8.05610000000000,NA,0.08850000000000,8.31260000000000,NA,18019.0949,8.0166,7.9281,0.0885,7.8248,8.4159,8.3975,0.0184,NA,NA,NA
parkey.exe,33280,0x1FE6D6D9E00,DXGI,0,0,0,Composed: Flip,18035.7184,NA,8.69540000000000,26.43780000000000,0.13090000000000,7.14260000000000,25.0139,18027.1115,8.7378,8.6069,0.1309,8.4752,7.2743,7.2564,0.0179,-10.3021,18027.1115,NA
parkey.exe,33280,0x1FE6D6D9E00,DXGI,0,0,0,Composed: Flip,18043.6381,NA,7.91970000000000,1.34360000000000,0.09960000000000,7.98920000000000,18.4378,18035.8493,7.8884,7.7888,0.0996,7.6975,8.0805,8.0604,0.0201,7.3942,18035.8493,NA
parkey.exe,33280,0x1FE6D6D9E00,DXGI,0,0,0,Composed: Flip,18052.2936,NA,8.65550000000000,15.33610000000000,0.10380000000000,7.43800000000000,25.1184,18043.7377,8.6597,8.5559,0.1038,8.4266,7.5673,7.5459,0.0214,-7.4477,18043.7377,NA
parkey.exe,33280,0x1FE6D6D9E00,DXGI,0,0,0,Composed: Flip,18060.4589,NA,8.16530000000000,NA,0.08630000000000,8.37840000000000,NA,18052.3974,8.1478,8.0615,0.0863,7.9767,8.4632,8.4372,0.0260,NA,NA,NA
parkey.exe,33280,0x1FE6D6D9E00,DXGI,0,0,0,Composed: Flip,18068.9272,NA,8.46830000000000,5.69790000000000,0.10690000000000,6.31780000000000,14.1827,18060.5452,8.4889,8.3820,0.1069,8.2921,6.4077,6.3894,0.0183,11.1096,18060.5452,NA
parkey.exe,33280,0x1FE6D6D9E00,DXGI,0,0,0,Composed: Flip,18077.1413,NA,8.21410000000000,NA,0.10820000000000,8.40370000000000,NA,18069.0341,8.2154,8.1072,0.1082,8.0075,8.5034,8.4804,0.0230,NA,NA,NA
parkey.exe,33280,0x1FE6D6D9E00,DXGI,0,0,0,Composed: Flip,18085.9088,NA,8.76750000000000,20.64120000000000,0.18370000000000,7.57270000000000,17.8423,18077.2495,8.8430,8.6593,0.1837,8.5185,7.7135,7.6886,0.0249,-3.9369,18077.2495,NA
parkey.exe,33280,0x1FE6D6D9E00,DXGI,0,0,0,Composed: Flip,18093.9380,NA,8.02920000000000,NA,0.10000000000000,8.00050000000000,NA,18086.0925,7.9455,7.8455,0.1000,7.7482,8.0978,8.0722,0.0256,NA,NA,NA
parkey.exe,33280,0x1FE6D6D9E00,DXGI,0,0,0,Composed: Flip,18102.4983,NA,8.56030000000000,20.84290000000000,0.12420000000000,8.29340000000000,22.0957,18094.0380,8.5845,8.4603,0.1242,8.2843,8.4694,8.4477,0.0217,-4.0544,18094.0380,NA
parkey.exe,33280,0x1FE6D6D9E00,DXGI,0,0,0,Composed: Flip,18110.6786,NA,8.18030000000000,NA,0.09430000000000,8.70110000000000,NA,18102.6225,8.1504,8.0561,0.0943,8.1692,8.5880,8.5658,0.0222,NA,NA,NA
parkey.exe,33280,0x1FE6D6D9E00,DXGI,0,0,0,Composed: Flip,18119.2787,NA,8.60010000000000,19.53700000000000,0.16260000000000,8.73570000000000,24.8523,18110.7729,8.6684,8.5058,0.1626,8.6068,8.6347,8.6111,0.0236,-2.8021,18110.7729,NA
parkey.exe,33280,0x1FE6D6D9E00,DXGI,0,0,0,Composed: Flip,18127.0824,NA,7.80370000000000,NA,0.08810000000000,8.65450000000000,NA,18119.4413,7.7292,7.6411,0.0881,8.5731,7.7225,7.7047,0.0178,NA,NA,NA
parkey.exe,33280,0x1FE6D6D9E00,DXGI,0,0,0,Composed: Flip,18135.7415,NA,8.65910000000000,16.68440000000000,0.10860000000000,7.23920000000000,25.0739,18127.1705,8.6796,8.5710,0.1086,8.5664,7.2438,7.2160,0.0278,-0.2868,18127.1705,NA
parkey.exe,33280,0x1FE6D6D9E00,DXGI,0,0,0,Composed: Flip,18143.8513,NA,8.10980000000000,5.46270000000000,0.12310000000000,8.16370000000000,22.4268,18135.8501,8.1243,8.0012,0.1231,7.9015,8.2634,8.2442,0.0192,3.2169,18135.8501,NA
parkey.exe,33280,0x1FE6D6D9E00,DXGI,0,0,0,Composed: Flip,18152.4122,NA,8.56090000000000,11.21120000000000,0.10660000000000,7.71230000000000,25.0771,18143.9744,8.5444,8.4378,0.1066,8.2555,7.8946,7.8731,0.0215,-3.0869,18143.9744,NA
parkey.exe,33280,0x1FE6D6D9E00,DXGI,0,0,0,Composed: Flip,18160.4287,NA,8.01650000000000,NA,0.10470000000000,8.36850000000000,NA,18152.5188,8.0146,7.9099,0.1047,7.8175,8.4609,8.4402,0.0207,NA,NA,NA
parkey.exe,33280,0x1FE6D6D9E00,DXGI,0,0,0,Composed: Flip,18168.9838,NA,8.55510000000000,9.60760000000000,0.11280000000000,7.80140000000000,18.1131,18160.5334,8.5632,8.4504,0.1128,8.3344,7.9174,7.8999,0.0175,6.9514,18160.5334,NA
parkey.exe,33280,0x1FE6D6D9E00,DXGI,0,0,0,Composed: Flip,18177.0608,NA,8.07700000000000,NA,0.08480000000000,8.06120000000000,NA,18169.0966,8.0490,7.9642,0.0848,7.8234,8.2020,8.1664,0.0356,NA,NA,NA
parkey.exe,33280,0x1FE6D6D9E00,DXGI,0,0,0,Composed: Flip,18185.6391,NA,8.57830000000000,23.75800000000000,0.09730000000000,8.27940000000000,25.2158,18177.1456,8.5908,8.4935,0.0973,8.3097,8.4632,8.4354,0.0278,-7.1458,18177.1456,NA
parkey.exe,33280,0x1FE6D6D9E00,DXGI,0,0,0,Composed: Flip,18193.7017,NA,8.06260000000000,NA,0.09190000000000,8.78780000000000,NA,18185.7364,8.0572,7.9653,0.0919,8.1821,8.5710,8.5511,0.0199,NA,NA,NA
parkey.exe,33280,0x1FE6D6D9E00,DXGI,0,0,0,Composed: Flip,18202.1805,NA,8.47880000000000,16.68960000000000,0.13220000000000,8.52000000000000,25.3640,18193.7936,8.5191,8.3869,0.1322,8.6959,8.2110,8.1935,0.0175,-0.0416,18193.7936,NA
parkey.exe,33280,0x1FE6D6D9E00,DXGI,0,0,0,Composed: Flip,18210.3867,NA,8.20620000000000,NA,0.09980000000000,8.67240000000000,NA,18202.3127,8.1738,8.0740,0.0998,8.4180,8.3284,8.3106,0.0178,NA,NA,NA
parkey.exe,33280,0x1FE6D6D9E00,DXGI,0,0,0,Composed: Flip,18218.9979,NA,8.61120000000000,8.20620000000000,0.11150000000000,8.54340000000000,16.7528,18210.4865,8.6229,8.5114,0.1115,8.5726,8.4822,8.4617,0.0205,8.4867,18210.4865,NA
parkey.exe,33280,0x1FE6D6D9E00,DXGI,0,0,0,Composed: Flip,18227.0998,NA,8.10190000000000,NA,0.08350000000000,9.21710000000000,NA,18219.1094,8.0739,7.9904,0.0835,8.4319,8.7756,8.7469,0.0287,NA,NA,NA
parkey.exe,33280,0x1FE6D6D9E00,DXGI,0,0,0,Composed: Flip,18235.7703,NA,8.67050000000000,25.14100000000000,0.11710000000000,8.51110000000000,25.1214,18227.1833,8.7041,8.5870,0.1171,9.1336,7.9645,7.9232,0.0413,-8.4442,18227.1833,NA
parkey.exe,33280,0x1FE6D6D9E00,DXGI,0,0,0,Composed: Flip,18243.6823,NA,7.91200000000000,2.61840000000000,0.08380000000000,8.91820000000000,19.8278,18235.8874,7.8787,7.7949,0.0838,8.3940,8.3191,8.3038,0.0153,6.0857,18235.8874,NA
parkey.exe,33280,0x1FE6D6D9E00,DXGI,0,0,0,Composed: Flip,18252.2419,NA,8.55960000000000,NA,0.09220000000000,7.63180000000000,NA,18243.7661,8.5680,8.4758,0.0922,8.8344,7.2732,7.2508,0.0224,NA,NA,NA
parkey.exe,33280,0x1FE6D6D9E00,DXGI,0,0,0,Composed: Flip,18260.3124,NA,8.07050000000000,13.88020000000000,0.10880000000000,7.87960000000000,17.0779,18252.3341,8.0871,7.9783,0.1088,7.8876,7.9703,7.9521,0.0182,2.5665,18252.3341,NA
parkey.exe,33280,0x1FE6D6D9E00,DXGI,0,0,0,Composed: Flip,18268.9645,NA,8.65210000000000,16.85960000000000,0.11670000000000,7.00460000000000,25.2854,18260.4212,8.6600,8.5433,0.1167,8.3829,7.1650,7.1402,0.0248,-8.7725,18260.4212,NA
parkey.exe,33280,0x1FE6D6D9E00,DXGI,0,0,0,Composed: Flip,18276.9772,NA,8.01270000000000,3.99380000000000,0.08800000000000,8.26200000000000,21.2665,18269.0812,7.9840,7.8960,0.0880,7.8106,8.3474,8.3210,0.0264,4.6662,18269.0812,NA
parkey.exe,33280,0x1FE6D6D9E00,DXGI,0,0,0,Composed: Flip,18285.5955,NA,8.61830000000000,12.69080000000000,0.13920000000000,7.94820000000000,25.3390,18277.0652,8.6695,8.5303,0.1392,8.4135,8.0650,8.0315,0.0335,-4.7068,18277.0652,NA
parkey.exe,33280,0x1FE6D6D9E00,DXGI,0,0,0,Composed: Flip,18293.6487,NA,8.05320000000000,NA,0.08950000000000,8.11880000000000,NA,18285.7347,8.0035,7.9140,0.0895,7.8377,8.1951,8.1780,0.0171,NA,NA,NA
parkey.exe,33280,0x1FE6D6D9E00,DXGI,0,0,0,Composed: Flip,18302.3102,NA,8.66150000000000,8.22140000000000,0.12550000000000,6.88950000000000,16.8457,18293.7382,8.6975,8.5720,0.1255,8.4318,7.0297,7.0093,0.0204,8.4516,18293.7382,NA
parkey.exe,33280,0x1FE6D6D9E00,DXGI,0,0,0,Composed: Flip,18310.4086,NA,8.09840000000000,NA,0.10200000000000,7.85540000000000,NA,18302.4357,8.0749,7.9729,0.1020,7.8790,7.9493,7.9215,0.0278,NA,NA,NA
parkey.exe,33280,0x1FE6D6D9E00,DXGI,0,0,0,Composed: Flip,18319.0066,NA,8.59800000000000,25.14160000000000,0.16070000000000,8.21620000000000,25.2909,18310.5106,8.6567,8.4960,0.1607,8.4672,8.2450,8.2213,0.0237,-8.3692,18310.5106,NA
parkey.exe,33280,0x1FE6D6D9E00,DXGI,0,0,0,Composed: Flip,18327.1016,NA,8.09500000000000,NA,0.07920000000000,8.56280000000000,NA,18319.1673,8.0135,7.9343,0.0792,8.0555,8.4416,8.4211,0.0205,NA,NA,NA
parkey.exe,33280,0x1FE6D6D9E00,DXGI,0,0,0,Composed: Flip,18336.1985,NA,9.09690000000000,16.67960000000000,0.14230000000000,7.75370000000000,24.7786,18327.1808,9.1600,9.0177,0.1423,8.8171,7.9543,7.9319,0.0224,-0.0094,18327.1808,NA
parkey.exe,33280,0x1FE6D6D9E00,DXGI,0,0,0,Composed: Flip,18343.8592,NA,7.66070000000000,NA,0.11610000000000,8.13670000000000,NA,18336.3408,7.6345,7.5184,0.1161,7.6411,8.0140,7.9905,0.0235,NA,NA,NA
parkey.exe,33280,0x1FE6D6D9E00,DXGI,0,0,0,Composed: Flip,18353.0196,NA,9.16040000000000,6.72540000000000,0.14540000000000,6.33780000000000,14.6829,18343.9753,9.1897,9.0443,0.1454,8.7784,6.6037,6.5843,0.0194,10.0691,18343.9753,NA
parkey.exe,33280,0x1FE6D6D9E00,DXGI,0,0,0,Composed: Flip,18361.3524,NA,8.33280000000000,NA,0.15240000000000,8.05430000000000,NA,18353.1650,8.3398,8.1874,0.1524,7.9224,8.3193,8.2930,0.0263,NA,NA,NA
parkey.exe,33280,0x1FE6D6D9E00,DXGI,0,0,0,Composed: Flip,18369.4582,NA,8.10580000000000,26.63330000000000,0.11170000000000,8.49210000000000,24.8776,18361.5048,8.0651,7.9534,0.1117,7.9019,8.5436,8.5242,0.0194,-9.1038,18361.5048,NA
parkey.exe,33280,0x1FE6D6D9E00,DXGI,0,0,0,Composed: Flip,18377.3899,NA,7.93170000000000,NA,0.08940000000000,8.87370000000000,NA,18369.5699,7.9094,7.8200,0.0894,8.3804,8.3133,8.2942,0.0191,NA,NA,NA
parkey.exe,33280,0x1FE6D6D9E00,DXGI,0,0,0,Composed: Flip,18385.6195,NA,8.22960000000000,8.09040000000000,0.10850000000000,8.74950000000000,16.8067,18377.4793,8.2487,8.1402,0.1085,8.7843,8.1054,8.0845,0.0209,7.8841,18377.4793,NA
parkey.exe,33280,0x1FE6D6D9E00,DXGI,0,0,0,Composed: Flip,18393.7755,NA,8.15600000000000,NA,0.11610000000000,8.91210000000000,NA,18385.7280,8.1636,8.0475,0.1161,8.6909,8.2687,8.2444,0.0243,NA,NA,NA
parkey.exe,33280,0x1FE6D6D9E00,DXGI,0,0,0,Composed: Flip,18402.3389,NA,8.56340000000000,25.26540000000000,0.13550000000000,9.08110000000000,25.3527,18393.8916,8.5828,8.4473,0.1355,8.7960,8.7324,8.7169,0.0155,-8.8531,18393.8916,NA
parkey.exe,33280,0x1FE6D6D9E00,DXGI,0,0,0,Composed: Flip,18410.5972,NA,8.25830000000000,NA,0.09740000000000,9.28680000000000,NA,18402.4744,8.2202,8.1228,0.0974,8.9456,8.4640,8.4458,0.0182,NA,NA,NA
parkey.exe,33280,0x1FE6D6D9E00,DXGI,0,0,0,Composed: Flip,18419.0394,NA,8.44220000000000,9.44440000000000,0.09810000000000,9.40970000000000,18.0966,18410.6946,8.4429,8.3448,0.0981,9.1894,8.5651,8.5422,0.0229,7.3586,18410.6946,NA
parkey.exe,33280,0x1FE6D6D9E00,DXGI,0,0,0,Composed: Flip,18427.2219,NA,8.18250000000000,23.92340000000000,0.09480000000000,9.42780000000000,33.8375,18419.1375,8.1792,8.0844,0.0948,9.3116,8.2006,8.1728,0.0278,-15.4805,18419.1375,NA
parkey.exe,33280,0x1FE6D6D9E00,DXGI,0,0,0,Composed: Flip,18435.7096,NA,8.48770000000000,NA,0.10770000000000,9.20220000000000,NA,18427.3167,8.5006,8.3929,0.1077,9.3330,8.2621,8.2398,0.0223,NA,NA,NA
parkey.exe,33280,0x1FE6D6D9E00,DXGI,0,0,0,Composed: Flip,18443.8838,NA,8.17420000000000,3.87350000000000,0.09640000000000,9.14160000000000,21.0491,18435.8173,8.1629,8.0665,0.0964,9.0945,8.1136,8.0940,0.0196,12.8063,18435.8173,NA
parkey.exe,33280,0x1FE6D6D9E00,DXGI,0,0,0,Composed: Flip,18452.1091,NA,8.22530000000000,12.80780000000000,0.10330000000000,7.46490000000000,25.6316,18443.9802,8.2322,8.1289,0.1033,9.0740,6.5198,6.4996,0.0202,-4.6449,18443.9802,NA
parkey.exe,33280,0x1FE6D6D9E00,DXGI,0,0,0,Composed: Flip,18460.4976,NA,8.38850000000000,NA,0.10480000000000,7.67400000000000,NA,18452.2124,8.3900,8.2852,0.1048,8.1709,7.7883,7.7704,0.0179,NA,NA,NA
parkey.exe,33280,0x1FE6D6D9E00,DXGI,0,0,0,Composed: Flip,18468.9003,NA,8.40270000000000,8.02550000000000,0.09300000000000,7.11060000000000,16.8659,18460.6024,8.3909,8.2979,0.0930,8.1389,7.2696,7.2416,0.0280,8.5967,18460.6024,NA
parkey.exe,33280,0x1FE6D6D9E00,DXGI,0,0,0,Composed: Flip,18477.5640,NA,8.66370000000000,NA,0.14180000000000,7.78600000000000,NA,18468.9933,8.7125,8.5707,0.1418,8.4144,7.9423,7.9202,0.0221,NA,NA,NA
parkey.exe,33280,0x1FE6D6D9E00,DXGI,0,0,0,Composed: Flip,18485.8497,NA,8.28570000000000,25.32520000000000,0.15220000000000,7.74160000000000,25.2417,18477.7058,8.2961,8.1439,0.1522,8.1911,7.6944,7.6683,0.0261,-8.2218,18477.7058,NA
parkey.exe,33280,0x1FE6D6D9E00,DXGI,0,0,0,Composed: Flip,18494.0348,NA,8.18510000000000,NA,0.10340000000000,7.64700000000000,NA,18486.0019,8.1363,8.0329,0.1034,7.8655,7.8144,7.7911,0.0233,NA,NA,NA
parkey.exe,33280,0x1FE6D6D9E00,DXGI,0,0,0,Composed: Flip,18502.3999,NA,8.36510000000000,9.39310000000000,0.11020000000000,7.11630000000000,18.0846,18494.1382,8.3719,8.2617,0.1102,8.1046,7.2734,7.2518,0.0216,7.0393,18494.1382,NA
parkey.exe,33280,0x1FE6D6D9E00,DXGI,0,0,0,Composed: Flip,18510.5517,NA,8.15180000000000,NA,0.08210000000000,7.60750000000000,NA,18502.5101,8.1237,8.0416,0.0821,7.9243,7.7248,7.7055,0.0193,NA,NA,NA
parkey.exe,33280,0x1FE6D6D9E00,DXGI,0,0,0,Composed: Flip,18519.2524,NA,8.70070000000000,13.88270000000000,0.14490000000000,7.91660000000000,15.1148,18510.6338,8.7635,8.6186,0.1449,8.4539,8.0813,8.0661,0.0152,2.6129,18510.6338,NA
parkey.exe,33280,0x1FE6D6D9E00,DXGI,0,0,0,Composed: Flip,18527.0418,NA,7.78940000000000,NA,0.09080000000000,8.19190000000000,NA,18519.3973,7.7353,7.6445,0.0908,7.7717,8.0647,8.0431,0.0216,NA,NA,NA
parkey.exe,33280,0x1FE6D6D9E00,DXGI,0,0,0,Composed: Flip,18536.0333,NA,8.99150000000000,26.76430000000000,0.10620000000000,5.42520000000000,25.0982,18527.1326,9.0069,8.9007,0.1062,8.6563,5.6696,5.6476,0.0220,-10.2655,18527.1326,NA
parkey.exe,33280,0x1FE6D6D9E00,DXGI,0,0,0,Composed: Flip,18543.7745,NA,7.74120000000000,1.03260000000000,0.09620000000000,7.68230000000000,18.3896,18536.1395,7.7312,7.6350,0.0962,7.5061,7.8112,7.7923,0.0189,7.9743,18536.1395,NA
parkey.exe,33280,0x1FE6D6D9E00,DXGI,0,0,0,Composed: Flip,18552.5161,NA,8.74160000000000,NA,0.11730000000000,6.75930000000000,NA,18543.8707,8.7627,8.6454,0.1173,8.5125,6.8922,6.8711,0.0211,NA,NA,NA
parkey.exe,33280,0x1FE6D6D9E00,DXGI,0,0,0,Composed: Flip,18560.3281,NA,7.81200000000000,13.88570000000000,0.10220000000000,7.52260000000000,15.7217,18552.6334,7.7969,7.6947,0.1022,7.6043,7.6130,7.5932,0.0198,2.6082,18552.6334,NA
parkey.exe,33280,0x1FE6D6D9E00,DXGI,0,0,0,Composed: Flip,18568.8575,NA,8.52940000000000,18.44310000000000,0.11190000000000,6.76310000000000,25.6354,18560.4303,8.5391,8.4272,0.1119,8.3165,6.8738,6.8566,0.0172,-10.6462,18560.4303,NA
parkey.exe,33280,0x1FE6D6D9E00,DXGI,0,0,0,Composed: Flip,18577.0242,NA,8.16670000000000,2.41510000000000,0.09670000000000,7.67160000000000,19.8838,18568.9694,8.1515,8.0548,0.0967,7.9666,7.7598,7.7389,0.0209,6.1240,18568.9694,NA
parkey.exe,33280,0x1FE6D6D9E00,DXGI,0,0,0,Composed: Flip,18585.6464,NA,8.62220000000000,14.26240000000000,0.13290000000000,8.03010000000000,25.5240,18577.1209,8.6584,8.5255,0.1329,8.3873,8.1683,8.1426,0.0257,-6.1109,18577.1209,NA
parkey.exe,33280,0x1FE6D6D9E00,DXGI,0,0,0,Composed: Flip,18593.6734,NA,8.02700000000000,NA,0.08760000000000,8.77330000000000,NA,18585.7793,7.9817,7.8941,0.0876,7.8972,8.7702,8.7485,0.0217,NA,NA,NA
parkey.exe,33280,0x1FE6D6D9E00,DXGI,0,0,0,Composed: Flip,18602.2923,NA,8.61890000000000,6.55540000000000,0.11780000000000,6.72060000000000,15.4335,18593.7610,8.6491,8.5313,0.1178,8.6857,6.5662,6.5445,0.0217,10.0847,18593.7610,NA
parkey.exe,33280,0x1FE6D6D9E00,DXGI,0,0,0,Composed: Flip,18610.2650,NA,7.97270000000000,13.90500000000000,0.09500000000000,7.94770000000000,21.3658,18602.4101,7.9499,7.8549,0.0950,7.7593,8.0433,8.0244,0.0189,-5.2559,18602.4101,NA
parkey.exe,33280,0x1FE6D6D9E00,DXGI,0,0,0,Composed: Flip,18618.9714,NA,8.70640000000000,12.91230000000000,0.10560000000000,6.79730000000000,25.5717,18610.3600,8.7170,8.6114,0.1056,8.4246,6.9841,6.9655,0.0186,-4.9624,18610.3600,NA
parkey.exe,33280,0x1FE6D6D9E00,DXGI,0,0,0,Composed: Flip,18627.0550,NA,8.08360000000000,NA,0.08720000000000,7.30590000000000,NA,18619.0770,8.0652,7.9780,0.0872,7.8922,7.3917,7.3764,0.0153,NA,NA,NA
parkey.exe,33280,0x1FE6D6D9E00,DXGI,0,0,0,Composed: Flip,18635.7595,NA,8.70450000000000,NA,0.11670000000000,5.54490000000000,NA,18627.1422,8.7340,8.6173,0.1167,8.4953,5.6669,5.6466,0.0203,NA,NA,NA
parkey.exe,33280,0x1FE6D6D9E00,DXGI,0,0,0,Composed: Flip,18643.7140,NA,7.95450000000000,14.84900000000000,0.10540000000000,7.93780000000000,15.6781,18635.8762,7.9432,7.8378,0.1054,7.7528,8.0228,8.0028,0.0200,10.6672,18635.8762,NA
parkey.exe,33280,0x1FE6D6D9E00,DXGI,0,0,0,Composed: Flip,18652.1756,NA,8.46160000000000,18.50570000000000,0.09090000000000,6.80220000000000,25.7222,18643.8194,8.4471,8.3562,0.0909,8.2578,6.9006,6.8770,0.0236,-10.5625,18643.8194,NA
parkey.exe,33280,0x1FE6D6D9E00,DXGI,0,0,0,Composed: Flip,18660.3381,NA,8.16250000000000,2.34230000000000,0.09710000000000,7.70730000000000,19.9020,18652.2665,8.1687,8.0716,0.0971,7.9827,7.7962,7.7784,0.0178,6.1048,18652.2665,NA
parkey.exe,33280,0x1FE6D6D9E00,DXGI,0,0,0,Composed: Flip,18668.9166,NA,8.57850000000000,14.34240000000000,0.10090000000000,6.41530000000000,25.6659,18660.4352,8.5823,8.4814,0.1009,8.3836,6.5131,6.4881,0.0250,-6.1737,18660.4352,NA
parkey.exe,33280,0x1FE6D6D9E00,DXGI,0,0,0,Composed: Flip,18677.0232,NA,8.10660000000000,NA,0.08820000000000,7.66120000000000,NA,18669.0175,8.0939,8.0057,0.0882,7.9212,7.7457,7.7296,0.0161,NA,NA,NA
parkey.exe,33280,0x1FE6D6D9E00,DXGI,0,0,0,Composed: Flip,18685.6496,NA,8.62640000000000,6.48700000000000,0.10810000000000,6.76110000000000,15.4199,18677.1114,8.6463,8.5382,0.1081,8.4187,6.8806,6.8596,0.0210,10.1892,18677.1114,NA
parkey.exe,33280,0x1FE6D6D9E00,DXGI,0,0,0,Composed: Flip,18693.8129,NA,8.16330000000000,13.90190000000000,0.09920000000000,7.83290000000000,21.1585,18685.7577,8.1544,8.0552,0.0992,7.9517,7.9364,7.9171,0.0193,-5.2556,18685.7577,NA
parkey.exe,33280,0x1FE6D6D9E00,DXGI,0,0,0,Composed: Flip,18702.2321,NA,8.41920000000000,12.96690000000000,0.12210000000000,7.79260000000000,25.7062,18693.9121,8.4421,8.3200,0.1221,8.2198,7.8928,7.8674,0.0254,-4.8125,18693.9121,NA
parkey.exe,33280,0x1FE6D6D9E00,DXGI,0,0,0,Composed: Flip,18710.4958,NA,8.26370000000000,0.92030000000000,0.10900000000000,7.69790000000000,18.3628,18702.3542,8.2506,8.1416,0.1090,8.0411,7.7984,7.7814,0.0170,7.5218,18702.3542,NA
parkey.exe,33280,0x1FE6D6D9E00,DXGI,0,0,0,Composed: Flip,18718.8810,NA,8.38520000000000,15.77230000000000,0.10190000000000,7.14390000000000,25.7499,18710.6048,8.3781,8.2762,0.1019,8.1522,7.2679,7.2437,0.0242,-7.5217,18710.6048,NA
parkey.exe,33280,0x1FE6D6D9E00,DXGI,0,0,0,Composed: Flip,18727.0747,NA,8.19370000000000,NA,0.09190000000000,7.71110000000000,NA,18718.9829,8.1837,8.0918,0.0919,8.0113,7.7916,7.7708,0.0208,NA,NA,NA
parkey.exe,33280,0x1FE6D6D9E00,DXGI,0,0,0,Composed: Flip,18735.9714,NA,8.89670000000000,16.66600000000000,0.11680000000000,5.56960000000000,25.3255,18727.1666,8.9216,8.8048,0.1168,8.6836,5.6908,5.6705,0.0203,-0.1042,18727.1666,NA
parkey.exe,33280,0x1FE6D6D9E00,DXGI,0,0,0,Composed: Flip,18743.6154,NA,7.64400000000000,NA,0.08870000000000,7.95120000000000,NA,18736.0882,7.6159,7.5272,0.0887,7.4436,8.0348,8.0147,0.0201,NA,NA,NA
parkey.exe,33280,0x1FE6D6D9E00,DXGI,0,0,0,Composed: Flip,18752.2161,NA,8.60070000000000,9.24630000000000,0.10850000000000,6.77710000000000,18.3271,18743.7041,8.6205,8.5120,0.1085,8.3977,6.8914,6.8666,0.0248,7.2912,18743.7041,NA
parkey.exe,33280,0x1FE6D6D9E00,DXGI,0,0,0,Composed: Flip,18760.2958,NA,8.07970000000000,NA,0.08420000000000,7.69280000000000,NA,18752.3246,8.0554,7.9712,0.0842,7.8908,7.7732,7.7565,0.0167,NA,NA,NA
parkey.exe,33280,0x1FE6D6D9E00,DXGI,0,0,0,Composed: Flip,18768.9255,NA,8.62970000000000,13.87600000000000,0.15180000000000,7.17630000000000,15.4937,18760.3800,8.6973,8.5455,0.1518,8.3835,7.3383,7.3129,0.0254,2.7999,18760.3800,NA
parkey.exe,33280,0x1FE6D6D9E00,DXGI,0,0,0,Composed: Flip,18777.1142,NA,8.18870000000000,13.90240000000000,0.08330000000000,7.98630000000000,21.2074,18769.0773,8.1202,8.0369,0.0833,7.9516,8.0716,8.0490,0.0226,-5.2051,18769.0773,NA
parkey.exe,33280,0x1FE6D6D9E00,DXGI,0,0,0,Composed: Flip,18785.8101,NA,8.69590000000000,13.00830000000000,0.11960000000000,7.94260000000000,25.5198,18777.1975,8.7322,8.6126,0.1196,8.4662,8.0890,8.0651,0.0239,-4.8881,18777.1975,NA
parkey.exe,33280,0x1FE6D6D9E00,DXGI,0,0,0,Composed: Flip,18793.7766,NA,7.96650000000000,NA,0.09380000000000,8.27810000000000,NA,18785.9297,7.9407,7.8469,0.0938,7.8230,8.3020,8.2833,0.0187,NA,NA,NA
parkey.exe,33280,0x1FE6D6D9E00,DXGI,0,0,0,Composed: Flip,18802.3379,NA,8.56130000000000,7.81990000000000,0.11100000000000,7.92560000000000,16.8119,18793.8704,8.5785,8.4675,0.1110,8.3341,8.0590,8.0360,0.0230,8.8530,18793.8704,NA
parkey.exe,33280,0x1FE6D6D9E00,DXGI,0,0,0,Composed: Flip,18810.4405,NA,8.10260000000000,13.91500000000000,0.08330000000000,8.25140000000000,22.6243,18802.4489,8.0749,7.9916,0.0833,7.8989,8.3441,8.3215,0.0226,-5.3365,18802.4489,NA
parkey.exe,33280,0x1FE6D6D9E00,DXGI,0,0,0,Composed: Flip,18819.0896,NA,8.64910000000000,11.63810000000000,0.15630000000000,9.06040000000000,25.6133,18810.5238,8.7221,8.5658,0.1563,8.4360,9.1902,9.1628,0.0274,-3.5632,18810.5238,NA
parkey.exe,33280,0x1FE6D6D9E00,DXGI,0,0,0,Composed: Flip,18826.9841,NA,7.89450000000000,NA,0.07980000000000,9.73670000000000,NA,18819.2459,7.8180,7.7382,0.0798,8.9041,8.5708,8.5390,0.0318,NA,NA,NA
parkey.exe,33280,0x1FE6D6D9E00,DXGI,0,0,0,Composed: Flip,18835.7396,NA,8.75550000000000,16.69600000000000,0.16850000000000,9.08780000000000,25.6593,18827.0639,8.8442,8.6757,0.1685,9.6569,8.1066,8.0800,0.0266,-0.1559,18827.0639,NA
parkey.exe,33280,0x1FE6D6D9E00,DXGI,0,0,0,Composed: Flip,18843.7427,NA,8.00310000000000,6.39200000000000,0.08920000000000,9.66440000000000,24.0482,18835.9081,7.9238,7.8346,0.0892,8.9582,8.5408,8.5189,0.0219,2.4522,18835.9081,NA
parkey.exe,33280,0x1FE6D6D9E00,DXGI,0,0,0,Composed: Flip,18852.5156,NA,8.77290000000000,NA,0.10740000000000,9.87240000000000,NA,18843.8319,8.7911,8.6837,0.1074,9.5752,8.9809,8.9502,0.0307,NA,NA,NA
parkey.exe,33280,0x1FE6D6D9E00,DXGI,0,0,0,Composed: Flip,18860.4573,NA,7.94170000000000,13.89240000000000,0.08770000000000,10.69030000000000,21.2260,18852.6230,7.9220,7.8343,0.0877,9.7650,8.7596,8.7380,0.0216,2.8225,18852.6230,NA
parkey.exe,33280,0x1FE6D6D9E00,DXGI,0,0,0,Composed: Flip,18869.1197,NA,8.66240000000000,13.05920000000000,0.12790000000000,10.92940000000000,25.6228,18860.5450,8.7026,8.5747,0.1279,10.6026,8.9015,8.8749,0.0266,-5.1372,18860.5450,NA
parkey.exe,33280,0x1FE6D6D9E00,DXGI,0,0,0,Composed: Flip,18877.0888,NA,7.96910000000000,7.75360000000000,0.08970000000000,11.63860000000000,25.4073,18869.2476,7.9309,7.8412,0.0897,10.8015,8.6783,8.6489,0.0294,0.9490,18869.2476,NA
parkey.exe,33280,0x1FE6D6D9E00,DXGI,0,0,0,Composed: Flip,18885.9029,NA,8.81410000000000,NA,0.09470000000000,11.45460000000000,NA,18877.1785,8.8191,8.7244,0.0947,11.5489,8.6301,8.6023,0.0278,NA,NA,NA
parkey.exe,33280,0x1FE6D6D9E00,DXGI,0,0,0,Composed: Flip,18893.8215,NA,7.91860000000000,13.91300000000000,0.11000000000000,12.23970000000000,22.5876,18885.9976,7.9339,7.8239,0.1100,11.3599,8.7037,8.6693,0.0344,2.8370,18885.9976,NA
parkey.exe,33280,0x1FE6D6D9E00,DXGI,0,0,0,Composed: Flip,18902.1472,NA,8.32570000000000,11.69550000000000,0.09060000000000,12.59200000000000,25.9574,18893.9315,8.3063,8.2157,0.0906,12.1297,8.6780,8.6545,0.0235,-3.7616,18893.9315,NA
parkey.exe,33280,0x1FE6D6D9E00,DXGI,0,0,0,Composed: Flip,18910.3532,NA,8.20600000000000,16.68070000000000,0.09620000000000,13.06730000000000,34.4321,18902.2378,8.2116,8.1154,0.0962,12.5014,8.6813,8.6560,0.0253,-8.3744,18902.2378,NA
parkey.exe,33280,0x1FE6D6D9E00,DXGI,0,0,0,Composed: Flip,18918.8853,NA,8.53210000000000,NA,0.10360000000000,13.20620000000000,NA,18910.4494,8.5395,8.4359,0.1036,12.9711,8.6710,8.6491,0.0219,NA,NA,NA
parkey.exe,33280,0x1FE6D6D9E00,DXGI,0,0,0,Composed: Flip,18927.1875,NA,8.30220000000000,6.33970000000000,0.11000000000000,13.88700000000000,23.9375,18918.9889,8.3086,8.1986,0.1100,13.1026,8.9830,8.9226,0.0604,10.4114,18918.9889,NA
parkey.exe,33280,0x1FE6D6D9E00,DXGI,0,0,0,Composed: Flip,18935.7503,NA,8.56280000000000,NA,0.10830000000000,13.28020000000000,NA,18927.2975,8.5611,8.4528,0.1083,13.7770,7.9560,7.9331,0.0229,NA,NA,NA
parkey.exe,33280,0x1FE6D6D9E00,DXGI,0,0,0,Composed: Flip,18943.6937,NA,7.94340000000000,13.90680000000000,0.09860000000000,13.65990000000000,21.3381,18935.8586,7.9337,7.8351,0.0986,13.1719,8.3231,8.3001,0.0230,2.9629,18935.8586,NA
parkey.exe,33280,0x1FE6D6D9E00,DXGI,0,0,0,Composed: Flip,18952.0803,NA,8.38660000000000,NA,0.10190000000000,13.89170000000000,NA,18943.7923,8.3899,8.2880,0.1019,13.6074,8.5723,8.5474,0.0249,NA,NA,NA
parkey.exe,33280,0x1FE6D6D9E00,DXGI,0,0,0,Composed: Flip,18960.3452,NA,8.26490000000000,20.83910000000000,0.09490000000000,13.46200000000000,25.5257,18952.1822,8.2579,8.1630,0.0949,13.7898,7.8352,7.8131,0.0221,-4.5155,18952.1822,NA
parkey.exe,33280,0x1FE6D6D9E00,DXGI,0,0,0,Composed: Flip,18968.7603,NA,8.41510000000000,NA,0.10050000000000,12.27210000000000,NA,18960.4401,8.4207,8.3202,0.1005,13.3912,7.2011,7.1787,0.0224,NA,NA,NA
parkey.exe,33280,0x1FE6D6D9E00,DXGI,0,0,0,Composed: Flip,18977.0004,NA,8.24010000000000,NA,0.09590000000000,12.82710000000000,NA,18968.8608,8.2355,8.1396,0.0959,12.1716,8.7951,8.7694,0.0257,NA,NA,NA
parkey.exe,33280,0x1FE6D6D9E00,DXGI,0,0,0,Composed: Flip,18985.9402,NA,8.93980000000000,25.63070000000000,0.10100000000000,12.15570000000000,25.5614,18977.0963,8.9449,8.8439,0.1010,12.7312,8.2684,8.2476,0.0208,-0.7166,18977.0963,NA
parkey.exe,33280,0x1FE6D6D9E00,DXGI,0,0,0,Composed: Flip,18993.6770,NA,7.73680000000000,NA,0.09590000000000,13.09510000000000,NA,18986.0412,7.7317,7.6358,0.0959,12.0547,8.6762,8.6547,0.0215,NA,NA,NA
parkey.exe,33280,0x1FE6D6D9E00,DXGI,0,0,0,Composed: Flip,19002.2374,NA,8.56040000000000,16.01870000000000,0.09670000000000,13.20850000000000,25.2829,18993.7729,8.5612,8.4645,0.0967,12.9992,8.6738,8.5754,0.0984,0.6579,18993.7729,NA
parkey.exe,33280,0x1FE6D6D9E00,DXGI,0,0,0,Composed: Flip,19010.4802,NA,8.24280000000000,NA,0.09440000000000,13.38050000000000,NA,19002.3341,8.2405,8.1461,0.0944,13.1118,8.4148,8.3915,0.0233,NA,NA,NA
parkey.exe,33280,0x1FE6D6D9E00,DXGI,0,0,0,Composed: Flip,19018.8934,NA,8.41320000000000,17.34790000000000,0.11830000000000,13.23600000000000,25.9748,19010.5746,8.4371,8.3188,0.1183,13.2861,8.2687,8.2497,0.0190,-0.5462,19010.5746,NA
parkey.exe,33280,0x1FE6D6D9E00,DXGI,0,0,0,Composed: Flip,19026.9367,NA,8.04330000000000,NA,0.07990000000000,12.53970000000000,NA,19019.0117,8.0049,7.9250,0.0799,13.1177,7.3470,7.3173,0.0297,NA,NA,NA
parkey.exe,33280,0x1FE6D6D9E00,DXGI,0,0,0,Composed: Flip,19035.5525,NA,8.61580000000000,16.67250000000000,0.09720000000000,10.92400000000000,25.9882,19027.0166,8.6331,8.5359,0.0972,12.4598,7.0001,6.9708,0.0293,-0.2305,19027.0166,NA
parkey.exe,33280,0x1FE6D6D9E00,DXGI,0,0,0,Composed: Flip,19043.6435,NA,8.09100000000000,NA,0.10870000000000,11.17640000000000,NA,19035.6497,8.1025,7.9938,0.1087,10.8268,8.3434,8.3222,0.0212,NA,NA,NA
parkey.exe,33280,0x1FE6D6D9E00,DXGI,0,0,0,Composed: Flip,19052.4693,NA,8.82580000000000,7.68080000000000,0.11250000000000,9.41730000000000,16.7522,19043.7522,8.8296,8.7171,0.1125,11.0677,7.0667,7.0226,0.0441,9.0548,19043.7522,NA
parkey.exe,33280,0x1FE6D6D9E00,DXGI,0,0,0,Composed: Flip,19060.4525,NA,7.98320000000000,NA,0.09390000000000,9.58070000000000,NA,19052.5818,7.9646,7.8707,0.0939,9.3688,8.0826,8.0218,0.0608,NA,NA,NA
parkey.exe,33280,0x1FE6D6D9E00,DXGI,0,0,0,Composed: Flip,19069.2720,NA,8.81950000000000,25.67850000000000,0.09730000000000,9.07450000000000,25.6280,19060.5464,8.8229,8.7256,0.0973,9.4868,8.3133,8.2918,0.0215,-8.8843,19060.5464,NA
parkey.exe,33280,0x1FE6D6D9E00,DXGI,0,0,0,Composed: Flip,19076.9661,NA,7.69410000000000,NA,0.08190000000000,9.65670000000000,NA,19069.3693,7.6787,7.5968,0.0819,8.9772,8.2763,8.2550,0.0213,NA,NA,NA
parkey.exe,33280,0x1FE6D6D9E00,DXGI,0,0,0,Composed: Flip,19085.4403,NA,8.47420000000000,9.01740000000000,0.12130000000000,8.92700000000000,18.4771,19077.0480,8.5136,8.3923,0.1213,9.5748,7.7445,7.7224,0.0221,7.4842,19077.0480,NA
parkey.exe,33280,0x1FE6D6D9E00,DXGI,0,0,0,Composed: Flip,19093.6525,NA,8.21220000000000,NA,0.10360000000000,8.51300000000000,NA,19085.5616,8.1945,8.0909,0.1036,8.8261,7.7778,7.7552,0.0226,NA,NA,NA
parkey.exe,33280,0x1FE6D6D9E00,DXGI,0,0,0,Composed: Flip,19102.2740,NA,8.62150000000000,24.34880000000000,0.12280000000000,8.49500000000000,25.9922,19093.7561,8.6407,8.5179,0.1228,8.4094,8.6035,8.5810,0.0225,-7.6407,19093.7561,NA
parkey.exe,33280,0x1FE6D6D9E00,DXGI,0,0,0,Composed: Flip,19110.3970,NA,8.12300000000000,NA,0.08670000000000,8.87030000000000,NA,19102.3968,8.0869,8.0002,0.0867,8.3722,8.4983,8.4715,0.0268,NA,NA,NA
parkey.exe,33280,0x1FE6D6D9E00,DXGI,0,0,0,Composed: Flip,19118.8840,NA,8.48700000000000,16.67790000000000,0.09790000000000,8.66060000000000,26.0601,19110.4837,8.4982,8.4003,0.0979,8.7836,8.2773,8.2541,0.0232,0.0497,19110.4837,NA
parkey.exe,33280,0x1FE6D6D9E00,DXGI,0,0,0,Composed: Flip,19127.1407,NA,8.25670000000000,NA,0.09890000000000,7.86500000000000,NA,19118.9819,8.2577,8.1588,0.0989,8.5627,7.4611,7.4442,0.0169,NA,NA,NA
parkey.exe,33280,0x1FE6D6D9E00,DXGI,0,0,0,Composed: Flip,19135.4351,NA,8.29440000000000,NA,0.10870000000000,6.36820000000000,NA,19127.2396,8.3042,8.1955,0.1087,8.0973,6.4664,6.4424,0.0240,NA,NA,NA
parkey.exe,33280,0x1FE6D6D9E00,DXGI,0,0,0,Composed: Flip,19143.6807,NA,8.24560000000000,14.53460000000000,0.10240000000000,7.24920000000000,15.7980,19135.5438,8.2393,8.1369,0.1024,8.0084,7.3777,7.3550,0.0227,10.5255,19135.5438,NA
parkey.exe,33280,0x1FE6D6D9E00,DXGI,0,0,0,Composed: Flip,19152.2188,NA,8.53810000000000,18.82600000000000,0.09390000000000,6.86150000000000,26.0859,19143.7831,8.5296,8.4357,0.0939,8.3409,6.9563,6.9328,0.0235,-10.5867,19143.7831,NA
parkey.exe,33280,0x1FE6D6D9E00,DXGI,0,0,0,Composed: Flip,19160.4321,NA,8.21330000000000,NA,0.09160000000000,7.63550000000000,NA,19152.3127,8.2110,8.1194,0.0916,8.0309,7.7240,7.7023,0.0217,NA,NA,NA
parkey.exe,33280,0x1FE6D6D9E00,DXGI,0,0,0,Composed: Flip,19168.9060,NA,8.47390000000000,8.95040000000000,0.10760000000000,7.46610000000000,18.3491,19160.5237,8.4899,8.3823,0.1076,8.1979,7.6505,7.6311,0.0194,7.7902,19160.5237,NA
parkey.exe,33280,0x1FE6D6D9E00,DXGI,0,0,0,Composed: Flip,19176.9633,NA,8.05730000000000,NA,0.09100000000000,7.26780000000000,NA,19169.0136,8.0407,7.9497,0.0910,7.8585,7.3590,7.3408,0.0182,NA,NA,NA
parkey.exe,33280,0x1FE6D6D9E00,DXGI,0,0,0,Composed: Flip,19185.6295,NA,8.66620000000000,13.92270000000000,0.10850000000000,7.69000000000000,15.5483,19177.0543,8.6837,8.5752,0.1085,8.4569,7.8083,7.7853,0.0230,2.6079,19177.0543,NA
parkey.exe,33280,0x1FE6D6D9E00,DXGI,0,0,0,Composed: Flip,19193.6596,NA,8.03010000000000,NA,0.08440000000000,8.20110000000000,NA,19185.7380,8.0060,7.9216,0.0844,7.7927,8.3300,8.2134,0.1166,NA,NA,NA
parkey.exe,33280,0x1FE6D6D9E00,DXGI,0,0,0,Composed: Flip,19202.2105,NA,8.55090000000000,27.16910000000000,0.14780000000000,7.32810000000000,26.1364,19193.7440,8.6143,8.4665,0.1478,8.3393,7.4553,7.4322,0.0231,-10.4794,19193.7440,NA
parkey.exe,33280,0x1FE6D6D9E00,DXGI,0,0,0,Composed: Flip,19210.3201,NA,8.10960000000000,NA,0.09350000000000,7.63520000000000,NA,19202.3583,8.0553,7.9618,0.0935,7.8809,7.7161,7.6997,0.0164,NA,NA,NA
parkey.exe,33280,0x1FE6D6D9E00,DXGI,0,0,0,Composed: Flip,19218.8755,NA,8.55540000000000,7.53330000000000,0.09310000000000,7.34460000000000,17.0047,19210.4136,8.5550,8.4619,0.0931,8.3028,7.5037,7.4833,0.0204,9.1363,19210.4136,NA
parkey.exe,33280,0x1FE6D6D9E00,DXGI,0,0,0,Composed: Flip,19227.0361,NA,8.16060000000000,NA,0.08470000000000,7.10800000000000,NA,19218.9686,8.1522,8.0675,0.0847,7.9628,7.2127,7.1893,0.0234,NA,NA,NA
parkey.exe,33280,0x1FE6D6D9E00,DXGI,0,0,0,Composed: Flip,19235.6141,NA,8.57800000000000,25.82650000000000,0.11910000000000,5.51110000000000,26.0926,19227.1208,8.6124,8.4933,0.1191,8.3695,5.6349,5.6131,0.0218,-9.1193,19227.1208,NA
parkey.exe,33280,0x1FE6D6D9E00,DXGI,0,0,0,Composed: Flip,19243.6034,NA,7.98930000000000,2.00110000000000,0.08630000000000,6.85080000000000,20.1044,19235.7332,7.9565,7.8702,0.0863,7.7866,6.9344,6.9147,0.0197,6.6113,19235.7332,NA
parkey.exe,33280,0x1FE6D6D9E00,DXGI,0,0,0,Composed: Flip,19252.3921,NA,8.78870000000000,NA,0.12510000000000,6.35660000000000,NA,19243.6897,8.8275,8.7024,0.1251,8.5722,6.4868,6.4673,0.0195,NA,NA,NA
parkey.exe,33280,0x1FE6D6D9E00,DXGI,0,0,0,Composed: Flip,19260.5265,NA,8.13440000000000,13.85930000000000,0.11180000000000,7.19900000000000,17.0406,19252.5172,8.1211,8.0093,0.1118,7.9024,7.3059,7.2885,0.0174,2.9247,19252.5172,NA
parkey.exe,33280,0x1FE6D6D9E00,DXGI,0,0,0,Composed: Flip,19269.0500,NA,8.52350000000000,NA,0.12850000000000,6.78470000000000,NA,19260.6383,8.5402,8.4117,0.1285,8.2951,6.9013,6.8777,0.0236,NA,NA,NA
parkey.exe,33280,0x1FE6D6D9E00,DXGI,0,0,0,Composed: Flip,19276.9592,NA,7.90920000000000,17.49450000000000,0.08820000000000,7.26650000000000,18.1024,19269.1785,7.8689,7.7807,0.0882,7.6949,7.3523,7.3294,0.0229,-0.8332,19269.1785,NA
parkey.exe,33280,0x1FE6D6D9E00,DXGI,0,0,0,Composed: Flip,19285.7796,NA,8.82040000000000,16.68970000000000,0.12870000000000,7.56810000000000,25.9717,19277.0474,8.8609,8.7322,0.1287,8.5864,7.7139,7.6914,0.0225,-8.8208,19277.0474,NA
parkey.exe,33280,0x1FE6D6D9E00,DXGI,0,0,0,Composed: Flip,19293.7600,NA,7.98040000000000,0.58440000000000,0.08780000000000,7.17400000000000,18.5757,19285.9083,7.9395,7.8517,0.0878,7.7206,7.3051,7.2868,0.0183,8.2765,19285.9083,NA
parkey.exe,33280,0x1FE6D6D9E00,DXGI,0,0,0,Composed: Flip,19302.6295,NA,8.86950000000000,NA,0.11560000000000,6.66520000000000,NA,19293.8478,8.8973,8.7817,0.1156,8.5798,6.8671,6.8439,0.0232,NA,NA,NA
parkey.exe,33280,0x1FE6D6D9E00,DXGI,0,0,0,Composed: Flip,19310.5391,NA,7.90960000000000,13.86170000000000,0.09100000000000,7.16550000000000,15.6583,19302.7451,7.8850,7.7940,0.0910,7.6562,7.3033,7.2629,0.0404,2.9751,19302.7451,NA
parkey.exe,33280,0x1FE6D6D9E00,DXGI,0,0,0,Composed: Flip,19319.3348,NA,8.79570000000000,18.91370000000000,0.13710000000000,6.71880000000000,25.7763,19310.6301,8.8418,8.7047,0.1371,8.5669,6.8566,6.8292,0.0274,-11.0287,19310.6301,NA
parkey.exe,33280,0x1FE6D6D9E00,DXGI,0,0,0,Composed: Flip,19327.5841,NA,8.24930000000000,NA,0.15700000000000,7.52490000000000,NA,19319.4719,8.2692,8.1122,0.1570,7.9658,7.6713,7.6533,0.0180,NA,NA,NA
parkey.exe,33280,0x1FE6D6D9E00,DXGI,0,0,0,Composed: Flip,19335.5409,NA,7.95680000000000,NA,0.11170000000000,5.48690000000000,NA,19327.7411,7.9115,7.7998,0.1117,7.6866,5.6001,5.5770,0.0231,NA,NA,NA
parkey.exe,33280,0x1FE6D6D9E00,DXGI,0,0,0,Composed: Flip,19343.7686,NA,8.22770000000000,15.82180000000000,0.11190000000000,7.21660000000000,17.1643,19335.6526,8.2279,8.1160,0.1119,8.0192,7.3134,7.2974,0.0160,9.2007,19335.6526,NA
parkey.exe,33280,0x1FE6D6D9E00,DXGI,0,0,0,Composed: Flip,19352.2263,NA,8.45770000000000,NA,0.10890000000000,7.11380000000000,NA,19343.8805,8.4547,8.3458,0.1089,8.2320,7.2276,7.2083,0.0193,NA,NA,NA
parkey.exe,33280,0x1FE6D6D9E00,DXGI,0,0,0,Composed: Flip,19360.7085,NA,8.48220000000000,17.52780000000000,0.12880000000000,6.82710000000000,17.7522,19352.3352,8.5021,8.3733,0.1288,8.2216,6.9788,6.9597,0.0191,-0.8452,19352.3352,NA
parkey.exe,33280,0x1FE6D6D9E00,DXGI,0,0,0,Composed: Flip,19369.0754,NA,8.36690000000000,16.68450000000000,0.12300000000000,7.61320000000000,26.0698,19360.8373,8.3611,8.2381,0.1230,8.1050,7.7463,7.7315,0.0148,-8.1824,19360.8373,NA
parkey.exe,33280,0x1FE6D6D9E00,DXGI,0,0,0,Composed: Flip,19377.0858,NA,8.01040000000000,0.50750000000000,0.08830000000000,7.01450000000000,18.5669,19369.1984,7.9757,7.8874,0.0883,7.7516,7.1503,7.1330,0.0173,7.8536,19369.1984,NA
parkey.exe,33280,0x1FE6D6D9E00,DXGI,0,0,0,Composed: Flip,19385.6078,NA,8.52200000000000,NA,0.09330000000000,7.04240000000000,NA,19377.1741,8.5270,8.4337,0.0933,8.2733,7.2028,7.1783,0.0245,NA,NA,NA
parkey.exe,33280,0x1FE6D6D9E00,DXGI,0,0,0,Composed: Flip,19393.7894,NA,8.18160000000000,13.88570000000000,0.11970000000000,7.12870000000000,15.7490,19385.7011,8.2080,8.0883,0.1197,7.9548,7.2622,7.2433,0.0189,2.6170,19385.7011,NA
parkey.exe,33280,0x1FE6D6D9E00,DXGI,0,0,0,Composed: Flip,19402.2437,NA,8.45430000000000,18.97050000000000,0.10460000000000,6.71630000000000,26.2652,19393.9091,8.4392,8.3346,0.1046,8.2224,6.8285,6.8076,0.0209,-10.7625,19393.9091,NA
parkey.exe,33280,0x1FE6D6D9E00,DXGI,0,0,0,Composed: Flip,19410.4054,NA,8.16170000000000,NA,0.10540000000000,7.69950000000000,NA,19402.3483,8.1625,8.0571,0.1054,7.9598,7.7968,7.7772,0.0196,NA,NA,NA
parkey.exe,33280,0x1FE6D6D9E00,DXGI,0,0,0,Composed: Flip,19418.7848,NA,8.37940000000000,8.80600000000000,0.13840000000000,8.12630000000000,18.5301,19410.5108,8.4124,8.2740,0.1384,8.1561,8.2442,8.2196,0.0246,7.7957,19410.5108,NA
parkey.exe,33280,0x1FE6D6D9E00,DXGI,0,0,0,Composed: Flip,19427.1546,NA,8.36980000000000,NA,0.10120000000000,7.66250000000000,NA,19418.9232,8.3326,8.2314,0.1012,8.0797,7.8142,7.7971,0.0171,NA,NA,NA
parkey.exe,33280,0x1FE6D6D9E00,DXGI,0,0,0,Composed: Flip,19435.7430,NA,8.58840000000000,24.57010000000000,0.10220000000000,7.48010000000000,26.1420,19427.2558,8.5894,8.4872,0.1022,8.3038,7.6635,7.6446,0.0189,-7.8251,19427.2558,NA
parkey.exe,33280,0x1FE6D6D9E00,DXGI,0,0,0,Composed: Flip,19443.6444,NA,7.90140000000000,NA,0.08130000000000,7.84520000000000,NA,19435.8452,7.8805,7.7992,0.0813,7.6861,7.9583,7.9364,0.0219,NA,NA,NA
parkey.exe,33280,0x1FE6D6D9E00,DXGI,0,0,0,Composed: Flip,19452.2123,NA,8.56790000000000,16.66850000000000,0.12660000000000,7.74080000000000,26.3412,19443.7257,8.6132,8.4866,0.1266,8.3674,7.8600,7.8373,0.0227,-0.1986,19443.7257,NA
parkey.exe,33280,0x1FE6D6D9E00,DXGI,0,0,0,Composed: Flip,19460.3168,NA,8.10450000000000,NA,0.09670000000000,7.64870000000000,NA,19452.3389,8.0746,7.9779,0.0967,7.8431,7.7835,7.7673,0.0162,NA,NA,NA
parkey.exe,33280,0x1FE6D6D9E00,DXGI,0,0,0,Composed: Flip,19469.0537,NA,8.73690000000000,7.42160000000000,0.10120000000000,8.35670000000000,16.9214,19460.4135,8.7414,8.6402,0.1012,8.4716,8.5253,8.5019,0.0234,9.2662,19460.4135,NA
parkey.exe,33280,0x1FE6D6D9E00,DXGI,0,0,0,Composed: Flip,19476.9384,NA,7.88470000000000,NA,0.09970000000000,8.68580000000000,NA,19469.1549,7.8832,7.7835,0.0997,8.2839,8.1854,8.1656,0.0198,NA,NA,NA
parkey.exe,33280,0x1FE6D6D9E00,DXGI,0,0,0,Composed: Flip,19486.0597,NA,9.12130000000000,25.93120000000000,0.12810000000000,8.25450000000000,25.8466,19477.0381,9.1497,9.0216,0.1281,8.6975,8.5786,8.5555,0.0231,-9.3066,19477.0381,NA
parkey.exe,33280,0x1FE6D6D9E00,DXGI,0,0,0,Composed: Flip,19493.9529,NA,7.89320000000000,NA,0.10770000000000,8.60520000000000,NA,19486.1878,7.8728,7.7651,0.1077,8.1264,8.2439,8.2269,0.0170,NA,NA,NA
parkey.exe,33280,0x1FE6D6D9E00,DXGI,0,0,0,Composed: Flip,19502.4194,NA,8.46650000000000,8.75960000000000,0.12310000000000,8.64820000000000,18.2465,19494.0606,8.4819,8.3588,0.1231,8.4975,8.5095,8.4833,0.0262,8.2629,19494.0606,NA
parkey.exe,33280,0x1FE6D6D9E00,DXGI,0,0,0,Composed: Flip,19510.3583,NA,7.93890000000000,NA,0.10520000000000,8.95390000000000,NA,19502.5425,7.9210,7.8158,0.1052,8.5543,8.2154,8.1795,0.0359,NA,NA,NA
parkey.exe,33280,0x1FE6D6D9E00,DXGI,0,0,0,Composed: Flip,19518.9529,NA,8.59460000000000,24.59050000000000,0.13320000000000,9.29780000000000,26.3035,19510.4635,8.6226,8.4894,0.1332,8.8487,8.9385,8.9121,0.0264,-8.1876,19510.4635,NA
parkey.exe,33280,0x1FE6D6D9E00,DXGI,0,0,0,Composed: Flip,19527.3520,NA,8.39910000000000,NA,0.10530000000000,9.55780000000000,NA,19519.0861,8.3712,8.2659,0.1053,9.1646,8.6591,8.6410,0.0181,NA,NA,NA
parkey.exe,33280,0x1FE6D6D9E00,DXGI,0,0,0,Composed: Flip,19535.4150,NA,8.06300000000000,16.69670000000000,0.11330000000000,9.29050000000000,26.5381,19527.4573,8.0710,7.9577,0.1133,9.4525,7.7957,7.7754,0.0203,0.2971,19527.4573,NA
parkey.exe,33280,0x1FE6D6D9E00,DXGI,0,0,0,Composed: Flip,19543.8734,NA,8.45840000000000,NA,0.08210000000000,9.07390000000000,NA,19535.5283,8.4272,8.3451,0.0821,9.1950,8.2240,8.2021,0.0219,NA,NA,NA
parkey.exe,33280,0x1FE6D6D9E00,DXGI,0,0,0,Composed: Flip,19552.1676,NA,8.29420000000000,7.32290000000000,0.09900000000000,8.11260000000000,17.1084,19543.9555,8.3111,8.2121,0.0990,8.9918,7.3329,7.3140,0.0189,9.1753,19543.9555,NA
parkey.exe,33280,0x1FE6D6D9E00,DXGI,0,0,0,Composed: Flip,19560.3558,NA,8.18820000000000,NA,0.09310000000000,7.77290000000000,NA,19552.2666,8.1823,8.0892,0.0931,8.0518,7.8103,7.7888,0.0215,NA,NA,NA
parkey.exe,33280,0x1FE6D6D9E00,DXGI,0,0,0,Composed: Flip,19568.6845,NA,8.32870000000000,26.03050000000000,0.10490000000000,8.17290000000000,26.6220,19560.4489,8.3405,8.2356,0.1049,8.1328,8.2757,8.2535,0.0222,-9.5371,19560.4489,NA
parkey.exe,33280,0x1FE6D6D9E00,DXGI,0,0,0,Composed: Flip,19577.0007,NA,8.31620000000000,NA,0.10870000000000,7.82440000000000,NA,19568.7894,8.3200,8.2113,0.1087,8.1179,7.9178,7.8995,0.0183,NA,NA,NA
parkey.exe,33280,0x1FE6D6D9E00,DXGI,0,0,0,Composed: Flip,19585.5330,NA,8.53230000000000,8.69790000000000,0.09400000000000,8.54710000000000,18.4714,19577.1094,8.5176,8.4236,0.0940,8.2609,8.7098,8.6873,0.0225,7.9626,19577.1094,NA
parkey.exe,33280,0x1FE6D6D9E00,DXGI,0,0,0,Composed: Flip,19593.6050,NA,8.07200000000000,13.88810000000000,0.10250000000000,9.10990000000000,24.2875,19585.6270,8.0805,7.9780,0.1025,8.4531,8.6348,8.6097,0.0251,-5.3705,19585.6270,NA
parkey.exe,33280,0x1FE6D6D9E00,DXGI,0,0,0,Composed: Flip,19601.9919,NA,8.38690000000000,10.76870000000000,0.10440000000000,9.03150000000000,26.6693,19593.7075,8.3888,8.2844,0.1044,9.0074,8.3085,8.2853,0.0232,-2.6882,19593.7075,NA
parkey.exe,33280,0x1FE6D6D9E00,DXGI,0,0,0,Composed: Flip,19610.2330,NA,8.24110000000000,NA,0.09360000000000,9.13770000000000,NA,19602.0963,8.2303,8.1367,0.0936,8.9738,8.3006,8.2745,0.0261,NA,NA,NA
parkey.exe,33280,0x1FE6D6D9E00,DXGI,0,0,0,Composed: Flip,19618.6864,NA,8.45340000000000,16.69110000000000,0.09690000000000,8.51790000000000,26.6659,19610.3266,8.4567,8.3598,0.0969,9.0441,7.8336,7.8091,0.0245,-0.0720,19610.3266,NA
parkey.exe,33280,0x1FE6D6D9E00,DXGI,0,0,0,Composed: Flip,19626.9660,NA,8.27960000000000,NA,0.07950000000000,7.80210000000000,NA,19618.7833,8.2622,8.1827,0.0795,8.4451,7.5397,7.5226,0.0171,NA,NA,NA
parkey.exe,33280,0x1FE6D6D9E00,DXGI,0,0,0,Composed: Flip,19635.6561,NA,8.69010000000000,NA,0.12740000000000,7.76590000000000,NA,19627.0455,8.7380,8.6106,0.1274,8.4753,7.9012,7.8802,0.0210,NA,NA,NA
parkey.exe,33280,0x1FE6D6D9E00,DXGI,0,0,0,Composed: Flip,19643.6012,NA,7.94510000000000,14.24950000000000,0.10250000000000,7.46090000000000,16.0006,19635.7835,7.9202,7.8177,0.1025,7.7339,7.5447,7.5267,0.0180,11.2074,19635.7835,NA
parkey.exe,33280,0x1FE6D6D9E00,DXGI,0,0,0,Composed: Flip,19652.2678,NA,8.66660000000000,19.10800000000000,0.09630000000000,7.80820000000000,26.4420,19643.7037,8.6604,8.5641,0.0963,8.3789,7.9934,7.9480,0.0454,-11.1878,19643.7037,NA
parkey.exe,33280,0x1FE6D6D9E00,DXGI,0,0,0,Composed: Flip,19660.9740,NA,8.70620000000000,1.70920000000000,0.11920000000000,7.79990000000000,19.4450,19652.3641,8.7291,8.6099,0.1192,8.4220,7.9878,7.9688,0.0190,6.9512,19652.3641,NA
parkey.exe,33280,0x1FE6D6D9E00,DXGI,0,0,0,Composed: Flip,19669.4272,NA,8.45320000000000,14.96800000000000,0.14840000000000,8.31170000000000,25.9598,19661.0932,8.4824,8.3340,0.1484,8.1757,8.4700,8.4536,0.0164,-6.2389,19661.0932,NA
parkey.exe,33280,0x1FE6D6D9E00,DXGI,0,0,0,Composed: Flip,19677.2966,NA,7.86940000000000,5.87160000000000,0.10810000000000,8.89460000000000,23.9620,19669.5756,7.8291,7.7210,0.1081,8.1633,8.4523,8.4288,0.0235,2.6108,19669.5756,NA
parkey.exe,33280,0x1FE6D6D9E00,DXGI,0,0,0,Composed: Flip,19685.7949,NA,8.49830000000000,10.81430000000000,0.12760000000000,8.67400000000000,26.2780,19677.4047,8.5178,8.3902,0.1276,8.7865,8.2777,8.2548,0.0229,-2.9852,19677.4047,NA
parkey.exe,33280,0x1FE6D6D9E00,DXGI,0,0,0,Composed: Flip,19693.7933,NA,7.99840000000000,NA,0.08000000000000,9.27190000000000,NA,19685.9225,7.9508,7.8708,0.0800,8.5742,8.5685,8.5452,0.0233,NA,NA,NA
parkey.exe,33280,0x1FE6D6D9E00,DXGI,0,0,0,Composed: Flip,19702.4163,NA,8.62300000000000,16.68200000000000,0.14520000000000,9.05330000000000,26.3386,19693.8733,8.6882,8.5430,0.1452,9.1919,8.4044,8.3781,0.0263,-0.2134,19693.8733,NA
parkey.exe,33280,0x1FE6D6D9E00,DXGI,0,0,0,Composed: Flip,19710.4667,NA,8.05040000000000,NA,0.10210000000000,8.91890000000000,NA,19702.5615,8.0073,7.9052,0.1021,8.9404,7.8837,7.8607,0.0230,NA,NA,NA
parkey.exe,33280,0x1FE6D6D9E00,DXGI,0,0,0,Composed: Flip,19718.8501,NA,8.38340000000000,7.23820000000000,0.10200000000000,9.13140000000000,17.1430,19710.5688,8.3833,8.2813,0.1020,8.8168,8.5959,8.5738,0.0221,9.4573,19710.5688,NA
parkey.exe,33280,0x1FE6D6D9E00,DXGI,0,0,0,Composed: Flip,19727.0493,NA,8.19920000000000,NA,0.07640000000000,8.98930000000000,NA,19718.9521,8.1736,8.0972,0.0764,9.0294,8.0571,8.0218,0.0353,NA,NA,NA
parkey.exe,33280,0x1FE6D6D9E00,DXGI,0,0,0,Composed: Flip,19736.2250,NA,9.17570000000000,26.12140000000000,0.11710000000000,7.63290000000000,25.8895,19727.1257,9.2164,9.0993,0.1171,8.9129,7.8193,7.7929,0.0264,-9.5645,19727.1257,NA
parkey.exe,33280,0x1FE6D6D9E00,DXGI,0,0,0,Composed: Flip,19743.8280,NA,7.60300000000000,1.65190000000000,0.09780000000000,7.85820000000000,19.9384,19736.3421,7.5837,7.4859,0.0978,7.5495,7.7946,7.7737,0.0209,7.5645,19736.3421,NA
parkey.exe,33280,0x1FE6D6D9E00,DXGI,0,0,0,Composed: Flip,19752.1584,NA,8.33040000000000,NA,0.09620000000000,7.46040000000000,NA,19743.9258,8.3288,8.2326,0.0962,8.1308,7.5622,7.5342,0.0280,NA,NA,NA
parkey.exe,33280,0x1FE6D6D9E00,DXGI,0,0,0,Composed: Flip,19760.4964,NA,8.33800000000000,13.88850000000000,0.08580000000000,7.45670000000000,17.1585,19752.2546,8.3276,8.2418,0.0858,8.1092,7.5893,7.5727,0.0166,2.0240,19752.2546,NA
parkey.exe,33280,0x1FE6D6D9E00,DXGI,0,0,0,Composed: Flip,19768.7906,NA,8.29420000000000,NA,0.12950000000000,7.06400000000000,NA,19760.5822,8.3379,8.2084,0.1295,8.1128,7.1596,7.1413,0.0183,NA,NA,NA
parkey.exe,33280,0x1FE6D6D9E00,DXGI,0,0,0,Composed: Flip,19776.9520,NA,8.16140000000000,17.82520000000000,0.09960000000000,7.59760000000000,18.5281,19768.9201,8.1315,8.0319,0.0996,7.9421,7.6874,7.6623,0.0251,-1.1597,19768.9201,NA
parkey.exe,33280,0x1FE6D6D9E00,DXGI,0,0,0,Composed: Flip,19785.4214,NA,8.46940000000000,16.66730000000000,0.10730000000000,8.18660000000000,26.7260,19777.0516,8.4771,8.3698,0.1073,8.2543,8.3021,8.2750,0.0271,-8.5358,19777.0516,NA
parkey.exe,33280,0x1FE6D6D9E00,DXGI,0,0,0,Composed: Flip,19793.6490,NA,8.22760000000000,0.24130000000000,0.09380000000000,7.49970000000000,18.7397,19785.5287,8.2141,8.1203,0.0938,8.0793,7.5407,7.5257,0.0150,8.2358,19785.5287,NA
parkey.exe,33280,0x1FE6D6D9E00,DXGI,0,0,0,Composed: Flip,19802.0698,NA,8.42080000000000,NA,0.09860000000000,6.70980000000000,NA,19793.7428,8.4256,8.3270,0.0986,8.2299,6.8069,6.7886,0.0183,NA,NA,NA
parkey.exe,33280,0x1FE6D6D9E00,DXGI,0,0,0,Composed: Flip,19810.3615,NA,8.29170000000000,13.88670000000000,0.10500000000000,7.53570000000000,15.9139,19802.1684,8.2981,8.1931,0.1050,8.0995,7.6293,7.6107,0.0186,2.7530,19802.1684,NA
parkey.exe,33280,0x1FE6D6D9E00,DXGI,0,0,0,Composed: Flip,19818.7464,NA,8.38490000000000,19.24090000000000,0.09970000000000,6.68320000000000,26.7699,19810.4665,8.3796,8.2799,0.0997,8.1773,6.7858,6.7627,0.0231,-10.9428,19810.4665,NA
parkey.exe,33280,0x1FE6D6D9E00,DXGI,0,0,0,Composed: Flip,19827.0562,NA,8.30980000000000,NA,0.10690000000000,7.31630000000000,NA,19818.8461,8.3170,8.2101,0.1069,8.1112,7.4152,7.1483,0.2669,NA,NA,NA
parkey.exe,33280,0x1FE6D6D9E00,DXGI,0,0,0,Composed: Flip,19835.4112,NA,8.35500000000000,NA,0.13070000000000,5.47210000000000,NA,19827.1631,8.3788,8.2481,0.1307,8.1459,5.5743,5.5501,0.0242,NA,NA,NA
parkey.exe,33280,0x1FE6D6D9E00,DXGI,0,0,0,Composed: Flip,19843.6068,NA,8.19560000000000,15.46980000000000,0.09870000000000,7.23290000000000,17.3793,19835.5419,8.1636,8.0649,0.0987,7.9766,7.3212,7.3043,0.0169,9.6056,19835.5419,NA
parkey.exe,33280,0x1FE6D6D9E00,DXGI,0,0,0,Composed: Flip,19852.2066,NA,8.59980000000000,NA,0.10180000000000,6.79860000000000,NA,19843.7055,8.6029,8.5011,0.1018,8.4087,6.8910,6.8725,0.0185,NA,NA,NA
parkey.exe,33280,0x1FE6D6D9E00,DXGI,0,0,0,Composed: Flip,19860.2386,NA,8.03200000000000,17.88930000000000,0.08530000000000,7.29100000000000,18.6368,19852.3084,8.0155,7.9302,0.0853,7.8297,7.3915,7.3755,0.0160,-1.1228,19852.3084,NA
parkey.exe,33280,0x1FE6D6D9E00,DXGI,0,0,0,Composed: Flip,19868.9275,NA,8.68890000000000,16.68010000000000,0.12760000000000,7.95730000000000,26.6280,19860.3239,8.7312,8.6036,0.1276,8.4681,8.0928,8.0704,0.0224,-8.6646,19860.3239,NA
parkey.exe,33280,0x1FE6D6D9E00,DXGI,0,0,0,Composed: Flip,19877.1948,NA,8.26730000000000,0.19200000000000,0.10370000000000,7.07320000000000,18.5527,19869.0551,8.2434,8.1397,0.1037,8.0418,7.1711,7.1475,0.0236,8.5392,19869.0551,NA
parkey.exe,33280,0x1FE6D6D9E00,DXGI,0,0,0,Composed: Flip,19885.7751,NA,8.58030000000000,NA,0.11420000000000,6.36600000000000,NA,19877.2985,8.5908,8.4766,0.1142,8.3578,6.4848,6.4671,0.0177,NA,NA,NA
parkey.exe,33280,0x1FE6D6D9E00,DXGI,0,0,0,Composed: Flip,19893.5889,NA,7.81380000000000,13.87090000000000,0.12880000000000,7.19740000000000,16.0295,19885.8893,7.8284,7.6996,0.1288,7.6062,7.2908,7.2743,0.0165,2.9633,19885.8893,NA
parkey.exe,33280,0x1FE6D6D9E00,DXGI,0,0,0,Composed: Flip,19902.0956,NA,8.50670000000000,19.29630000000000,0.10490000000000,6.73800000000000,26.8191,19893.7177,8.4828,8.3779,0.1049,8.2734,6.8425,6.8181,0.0244,-11.4679,19893.7177,NA
parkey.exe,33280,0x1FE6D6D9E00,DXGI,0,0,0,Composed: Flip,19910.3039,NA,8.20830000000000,1.55240000000000,0.10210000000000,7.19390000000000,20.1632,19902.2005,8.2055,8.1034,0.1021,8.0120,7.2853,7.2597,0.0256,6.9304,19902.2005,NA
parkey.exe,33280,0x1FE6D6D9E00,DXGI,0,0,0,Composed: Flip,19919.0844,NA,8.78050000000000,15.14130000000000,0.12930000000000,6.32190000000000,26.5240,19910.4060,8.8077,8.6784,0.1293,8.5551,6.4452,6.4191,0.0261,-6.9358,19910.4060,NA
parkey.exe,33280,0x1FE6D6D9E00,DXGI,0,0,0,Composed: Flip,19926.9424,NA,7.85800000000000,NA,0.09900000000000,6.75280000000000,NA,19919.2137,7.8277,7.7287,0.0990,7.6428,6.8387,6.8083,0.0304,NA,NA,NA
parkey.exe,33280,0x1FE6D6D9E00,DXGI,0,0,0,Composed: Flip,19935.4310,NA,8.48860000000000,NA,0.12060000000000,5.48300000000000,NA,19927.0414,8.5102,8.3896,0.1206,8.2631,5.6095,5.5851,0.0244,NA,NA,NA
parkey.exe,33280,0x1FE6D6D9E00,DXGI,0,0,0,Composed: Flip,19943.6081,NA,8.17710000000000,16.66510000000000,0.08160000000000,6.87860000000000,18.6654,19935.5516,8.1381,8.0565,0.0816,7.9734,6.9617,6.9445,0.0172,8.4805,19935.5516,NA
parkey.exe,33280,0x1FE6D6D9E00,DXGI,0,0,0,Composed: Flip,19952.1695,NA,8.56140000000000,16.68310000000000,0.13250000000000,7.74870000000000,26.7871,19943.6897,8.6123,8.4798,0.1325,8.2892,7.9393,7.9218,0.0175,-8.5450,19943.6897,NA
parkey.exe,33280,0x1FE6D6D9E00,DXGI,0,0,0,Composed: Flip,19960.3645,NA,8.19500000000000,0.14120000000000,0.09730000000000,7.24370000000000,18.7333,19952.3020,8.1598,8.0625,0.0973,7.9653,7.3409,7.3262,0.0147,8.4711,19952.3020,NA
parkey.exe,33280,0x1FE6D6D9E00,DXGI,0,0,0,Composed: Flip,19968.7254,NA,8.36090000000000,NA,0.10890000000000,6.37900000000000,NA,19960.4618,8.3725,8.2636,0.1089,8.1572,6.4854,6.4686,0.0168,NA,NA,NA
parkey.exe,33280,0x1FE6D6D9E00,DXGI,0,0,0,Composed: Flip,19977.0243,NA,8.29890000000000,13.87540000000000,0.10460000000000,7.18460000000000,15.9489,19968.8343,8.2946,8.1900,0.1046,8.1052,7.2694,7.2502,0.0192,2.6569,19968.8343,NA
parkey.exe,33280,0x1FE6D6D9E00,DXGI,0,0,0,Composed: Flip,19985.4836,NA,8.45930000000000,19.47970000000000,0.11180000000000,6.71200000000000,26.9693,19977.1289,8.4665,8.3547,0.1118,8.2376,6.8291,6.8008,0.0283,-11.1851,19977.1289,NA
parkey.exe,33280,0x1FE6D6D9E00,DXGI,0,0,0,Composed: Flip,19994.0578,NA,8.57420000000000,1.36510000000000,0.11930000000000,7.31450000000000,19.7602,19985.5954,8.5817,8.4624,0.1193,8.3410,7.4359,7.4171,0.0188,7.1014,19985.5954,NA
parkey.exe,33280,0x1FE6D6D9E00,DXGI,0,0,0,Composed: Flip,20002.2223,NA,8.16450000000000,15.17960000000000,0.10500000000000,8.10610000000000,26.7753,19994.1771,8.1502,8.0452,0.1050,7.9406,8.2107,8.1929,0.0178,-6.5979,19994.1771,NA
parkey.exe,33280,0x1FE6D6D9E00,DXGI,0,0,0,Composed: Flip,20010.6294,NA,8.40710000000000,NA,0.13420000000000,8.06170000000000,NA,20002.3273,8.4363,8.3021,0.1342,8.1854,8.1784,8.1623,0.0161,NA,NA,NA
parkey.exe,33280,0x1FE6D6D9E00,DXGI,0,0,0,Composed: Flip,20018.9416,NA,8.31220000000000,5.65470000000000,0.14470000000000,8.12520000000000,15.7107,20010.7636,8.3227,8.1780,0.1447,8.0258,8.2774,8.2562,0.0212,10.9318,20010.7636,NA
parkey.exe,33280,0x1FE6D6D9E00,DXGI,0,0,0,Composed: Flip,20027.0488,NA,8.10720000000000,NA,0.10650000000000,8.67910000000000,NA,20019.0863,8.0690,7.9625,0.1065,8.0099,8.6317,8.6130,0.0187,NA,NA,NA
parkey.exe,33280,0x1FE6D6D9E00,DXGI,0,0,0,Composed: Flip,20035.3527,NA,8.30390000000000,27.72090000000000,0.12160000000000,8.49500000000000,27.0205,20027.1553,8.3190,8.1974,0.1216,8.5726,8.1198,8.0999,0.0199,-11.3292,20027.1553,NA
parkey.exe,33280,0x1FE6D6D9E00,DXGI,0,0,0,Composed: Flip,20043.6903,NA,8.33760000000000,NA,0.08190000000000,8.03100000000000,NA,20035.4743,8.2979,8.2160,0.0819,8.3982,7.8488,7.8337,0.0151,NA,NA,NA
parkey.exe,33280,0x1FE6D6D9E00,DXGI,0,0,0,Composed: Flip,20051.9714,NA,8.28110000000000,6.99750000000000,0.10150000000000,7.22400000000000,17.3993,20043.7722,8.3007,8.1992,0.1015,8.0667,7.3565,7.3302,0.0263,9.6194,20043.7722,NA
parkey.exe,33280,0x1FE6D6D9E00,DXGI,0,0,0,Composed: Flip,20060.4353,NA,8.46390000000000,NA,0.10120000000000,7.71670000000000,NA,20052.0729,8.4636,8.3624,0.1012,8.2278,7.8513,7.8295,0.0218,NA,NA,NA
parkey.exe,33280,0x1FE6D6D9E00,DXGI,0,0,0,Composed: Flip,20068.8034,NA,8.36810000000000,26.34110000000000,0.11350000000000,8.75960000000000,26.9084,20060.5365,8.3804,8.2669,0.1135,8.1516,8.8749,8.8522,0.0227,-9.5768,20060.5365,NA
parkey.exe,33280,0x1FE6D6D9E00,DXGI,0,0,0,Composed: Flip,20077.1117,NA,8.30830000000000,NA,0.09570000000000,8.80050000000000,NA,20068.9169,8.2905,8.1948,0.0957,8.6461,8.3492,8.3302,0.0190,NA,NA,NA
parkey.exe,33280,0x1FE6D6D9E00,DXGI,0,0,0,Composed: Flip,20085.5904,NA,8.47870000000000,8.36820000000000,0.13540000000000,9.04910000000000,18.4896,20077.2074,8.5184,8.3830,0.1354,8.7048,8.7273,8.7002,0.0271,8.3027,20077.2074,NA
parkey.exe,33280,0x1FE6D6D9E00,DXGI,0,0,0,Composed: Flip,20093.6989,NA,8.10850000000000,NA,0.09450000000000,9.84370000000000,NA,20085.7258,8.0676,7.9731,0.0945,8.9137,8.9031,8.8803,0.0228,NA,NA,NA
parkey.exe,33280,0x1FE6D6D9E00,DXGI,0,0,0,Composed: Flip,20102.0748,NA,8.37590000000000,24.99970000000000,0.11770000000000,9.88170000000000,27.0049,20093.7934,8.3991,8.2814,0.1177,9.7492,8.4139,8.3935,0.0204,-8.4137,20093.7934,NA
parkey.exe,33280,0x1FE6D6D9E00,DXGI,0,0,0,Composed: Flip,20110.2563,NA,8.18150000000000,NA,0.08840000000000,9.99800000000000,NA,20102.1925,8.1522,8.0638,0.0884,9.7927,8.2691,8.2479,0.0212,NA,NA,NA
parkey.exe,33280,0x1FE6D6D9E00,DXGI,0,0,0,Composed: Flip,20118.9212,NA,8.66490000000000,16.64110000000000,0.10990000000000,10.15430000000000,26.7996,20110.3447,8.6864,8.5765,0.1099,9.9096,8.8212,8.8003,0.0209,-0.0898,20110.3447,NA
parkey.exe,33280,0x1FE6D6D9E00,DXGI,0,0,0,Composed: Flip,20127.0102,NA,8.08900000000000,16.71950000000000,0.09420000000000,10.81590000000000,35.4301,20119.0311,8.0733,7.9791,0.0942,10.0444,8.7506,8.7253,0.0253,-8.0331,20119.0311,NA
parkey.exe,33280,0x1FE6D6D9E00,DXGI,0,0,0,Composed: Flip,20135.4844,NA,8.47420000000000,NA,0.10370000000000,11.27900000000000,NA,20127.1044,8.4837,8.3800,0.1037,10.7217,8.9373,8.8958,0.0415,NA,NA,NA
parkey.exe,33280,0x1FE6D6D9E00,DXGI,0,0,0,Composed: Flip,20143.7197,NA,8.23530000000000,4.17810000000000,0.13140000000000,12.00400000000000,22.8987,20135.5881,8.2630,8.1316,0.1314,11.1753,8.9603,8.9381,0.0222,12.3789,20135.5881,NA
parkey.exe,33280,0x1FE6D6D9E00,DXGI,0,0,0,Composed: Flip,20152.1411,NA,8.42140000000000,12.49550000000000,0.10340000000000,10.86690000000000,26.9728,20143.8511,8.3934,8.2900,0.1034,11.8726,7.2843,7.2624,0.0219,-4.2325,20143.8511,NA
parkey.exe,33280,0x1FE6D6D9E00,DXGI,0,0,0,Composed: Flip,20160.2214,NA,8.08030000000000,NA,0.09390000000000,11.51580000000000,NA,20152.2445,8.0708,7.9769,0.0939,10.8166,8.6761,8.6542,0.0219,NA,NA,NA
parkey.exe,33280,0x1FE6D6D9E00,DXGI,0,0,0,Composed: Flip,20168.8010,NA,8.57960000000000,8.32900000000000,0.09210000000000,9.94690000000000,18.6419,20160.3153,8.5778,8.4857,0.0921,11.4219,7.0107,6.9884,0.0223,8.1352,20160.3153,NA
parkey.exe,33280,0x1FE6D6D9E00,DXGI,0,0,0,Composed: Flip,20176.9520,NA,8.15100000000000,NA,0.08080000000000,10.27590000000000,NA,20168.8931,8.1397,8.0589,0.0808,9.8815,8.4533,8.4306,0.0227,NA,NA,NA
parkey.exe,33280,0x1FE6D6D9E00,DXGI,0,0,0,Composed: Flip,20185.6527,NA,8.70070000000000,25.03910000000000,0.10670000000000,10.70730000000000,26.8293,20177.0328,8.7266,8.6199,0.1067,10.1951,9.1321,9.1134,0.0187,-8.3216,20177.0328,NA
parkey.exe,33280,0x1FE6D6D9E00,DXGI,0,0,0,Composed: Flip,20193.9320,NA,8.27930000000000,NA,0.10370000000000,11.45310000000000,NA,20185.7594,8.2763,8.1726,0.1037,10.6006,9.0251,9.0021,0.0230,NA,NA,NA
parkey.exe,33280,0x1FE6D6D9E00,DXGI,0,0,0,Composed: Flip,20202.5149,NA,8.58290000000000,9.70710000000000,0.12960000000000,11.81890000000000,19.6742,20194.0357,8.6088,8.4792,0.1296,11.3494,8.9487,8.9275,0.0212,7.2958,20194.0357,NA
parkey.exe,33280,0x1FE6D6D9E00,DXGI,0,0,0,Composed: Flip,20210.9574,NA,8.44250000000000,23.64280000000000,0.09930000000000,12.02150000000000,34.8745,20202.6445,8.4122,8.3129,0.0993,11.6893,8.6451,8.5586,0.0865,-15.0340,20202.6445,NA
parkey.exe,33280,0x1FE6D6D9E00,DXGI,0,0,0,Composed: Flip,20218.9193,NA,7.96190000000000,NA,0.10310000000000,12.77740000000000,NA,20211.0567,7.9657,7.8626,0.1031,11.9222,8.7178,8.6951,0.0227,NA,NA,NA
parkey.exe,33280,0x1FE6D6D9E00,DXGI,0,0,0,Composed: Flip,20227.0753,NA,8.15600000000000,4.13180000000000,0.08390000000000,13.12110000000000,22.8884,20219.0224,8.1368,8.0529,0.0839,12.6743,8.4997,8.4719,0.0278,12.2461,20219.0224,NA
parkey.exe,33280,0x1FE6D6D9E00,DXGI,0,0,0,Composed: Flip,20235.5796,NA,8.50430000000000,12.57530000000000,0.09990000000000,12.14980000000000,26.9594,20227.1592,8.5203,8.4204,0.0999,13.0372,7.5330,7.4942,0.0388,-4.4385,20227.1592,NA
parkey.exe,33280,0x1FE6D6D9E00,DXGI,0,0,0,Composed: Flip,20243.6977,NA,8.11810000000000,NA,0.08250000000000,12.47550000000000,NA,20235.6795,8.1007,8.0182,0.0825,12.0499,8.4438,8.3973,0.0465,NA,NA,NA
parkey.exe,33280,0x1FE6D6D9E00,DXGI,0,0,0,Composed: Flip,20252.1193,NA,8.42160000000000,16.65400000000000,0.08420000000000,10.40160000000000,27.0737,20243.7802,8.4233,8.3391,0.0842,12.3930,6.3477,6.3235,0.0242,-0.0330,20243.7802,NA
parkey.exe,33280,0x1FE6D6D9E00,DXGI,0,0,0,Composed: Flip,20260.3935,NA,8.27420000000000,NA,0.10080000000000,10.55080000000000,NA,20252.2035,8.2908,8.1900,0.1008,10.3743,8.3665,8.3453,0.0212,NA,NA,NA
parkey.exe,33280,0x1FE6D6D9E00,DXGI,0,0,0,Composed: Flip,20268.8168,NA,8.42330000000000,16.68090000000000,0.12440000000000,10.09140000000000,27.0571,20260.4943,8.4469,8.3225,0.1244,10.4500,7.9639,7.9448,0.0191,0.0332,20260.4943,NA
parkey.exe,33280,0x1FE6D6D9E00,DXGI,0,0,0,Composed: Flip,20277.1014,NA,8.28460000000000,NA,0.09120000000000,9.85530000000000,NA,20268.9412,8.2514,8.1602,0.0912,9.9897,8.0258,8.0057,0.0201,NA,NA,NA
parkey.exe,33280,0x1FE6D6D9E00,DXGI,0,0,0,Composed: Flip,20285.3646,NA,8.26320000000000,9.65580000000000,0.18130000000000,9.65510000000000,20.1651,20277.1926,8.3533,8.1720,0.1813,9.7641,8.0630,8.0395,0.0235,7.0425,20277.1926,NA
parkey.exe,33280,0x1FE6D6D9E00,DXGI,0,0,0,Composed: Flip,20293.6781,NA,8.31350000000000,NA,0.09480000000000,9.35410000000000,NA,20285.5459,8.2270,8.1322,0.0948,9.5215,7.9648,7.9380,0.0268,NA,NA,NA
parkey.exe,33280,0x1FE6D6D9E00,DXGI,0,0,0,Composed: Flip,20302.0861,NA,8.40800000000000,13.89640000000000,0.09850000000000,9.10490000000000,17.3400,20293.7729,8.4117,8.3132,0.0985,9.2593,8.1588,8.1355,0.0233,2.6839,20293.7729,NA
parkey.exe,33280,0x1FE6D6D9E00,DXGI,0,0,0,Composed: Flip,20310.2631,NA,8.17700000000000,NA,0.07680000000000,8.93510000000000,NA,20302.1846,8.1553,8.0785,0.0768,9.0296,7.9840,7.9678,0.0162,NA,NA,NA
parkey.exe,33280,0x1FE6D6D9E00,DXGI,0,0,0,Composed: Flip,20319.0182,NA,8.75510000000000,26.49340000000000,0.11370000000000,8.74420000000000,26.9013,20310.3399,8.7920,8.6783,0.1137,8.8583,8.5642,8.5449,0.0193,-9.9264,20310.3399,NA
parkey.exe,33280,0x1FE6D6D9E00,DXGI,0,0,0,Composed: Flip,20327.5830,NA,8.56480000000000,NA,0.16420000000000,7.96620000000000,NA,20319.1319,8.6153,8.4511,0.1642,8.6305,7.7868,7.7684,0.0184,NA,NA,NA
parkey.exe,33280,0x1FE6D6D9E00,DXGI,0,0,0,Composed: Flip,20335.6113,NA,8.02830000000000,NA,0.11160000000000,8.06290000000000,NA,20327.7472,7.9757,7.8641,0.1116,7.8020,8.1250,8.0989,0.0261,NA,NA,NA
parkey.exe,33280,0x1FE6D6D9E00,DXGI,0,0,0,Composed: Flip,20343.6993,NA,8.08800000000000,15.16490000000000,0.09990000000000,7.36170000000000,17.3851,20335.7229,8.0763,7.9764,0.0999,7.9812,7.3569,7.3421,0.0148,10.2181,20335.7229,NA
parkey.exe,33280,0x1FE6D6D9E00,DXGI,0,0,0,Composed: Flip,20352.3143,NA,8.61500000000000,NA,0.10780000000000,7.00350000000000,NA,20343.7992,8.6229,8.5151,0.1078,8.3465,7.1721,7.1484,0.0237,NA,NA,NA
parkey.exe,33280,0x1FE6D6D9E00,DXGI,0,0,0,Composed: Flip,20360.3488,NA,8.03450000000000,18.19480000000000,0.09740000000000,7.04290000000000,18.9304,20352.4221,8.0241,7.9267,0.0974,7.7755,7.1941,7.1732,0.0209,-1.4956,20352.4221,NA
parkey.exe,33280,0x1FE6D6D9E00,DXGI,0,0,0,Composed: Flip,20368.7406,NA,8.39180000000000,NA,0.12560000000000,8.32840000000000,NA,20360.4462,8.4200,8.2944,0.1256,8.3282,8.2946,8.2745,0.0201,NA,NA,NA
parkey.exe,33280,0x1FE6D6D9E00,DXGI,0,0,0,Composed: Flip,20376.9973,NA,8.25670000000000,16.55140000000000,0.08510000000000,7.42100000000000,18.8333,20368.8662,8.2162,8.1311,0.0851,8.2028,7.3493,7.3282,0.0211,-0.1073,20368.8662,NA
parkey.exe,33280,0x1FE6D6D9E00,DXGI,0,0,0,Composed: Flip,20385.7128,NA,8.71550000000000,NA,0.12480000000000,6.65920000000000,NA,20377.0824,8.7552,8.6304,0.1248,8.4790,6.8106,6.7930,0.0176,NA,NA,NA
parkey.exe,33280,0x1FE6D6D9E00,DXGI,0,0,0,Composed: Flip,20393.7662,NA,8.05340000000000,13.87520000000000,0.12720000000000,7.44850000000000,15.9396,20385.8376,8.0558,7.9286,0.1272,7.8436,7.5335,7.5135,0.0200,3.0962,20385.8376,NA
parkey.exe,33280,0x1FE6D6D9E00,DXGI,0,0,0,Composed: Flip,20402.1572,NA,8.39100000000000,19.61120000000000,0.10880000000000,6.97930000000000,27.1598,20393.8934,8.3726,8.2638,0.1088,8.1548,7.0883,7.0666,0.0217,-11.5554,20393.8934,NA
parkey.exe,33280,0x1FE6D6D9E00,DXGI,0,0,0,Composed: Flip,20410.3831,NA,8.22590000000000,NA,0.10270000000000,7.58460000000000,NA,20402.2660,8.2198,8.1171,0.1027,8.0259,7.6758,7.6544,0.0214,NA,NA,NA
parkey.exe,33280,0x1FE6D6D9E00,DXGI,0,0,0,Composed: Flip,20418.8313,NA,8.44820000000000,8.17450000000000,0.10590000000000,7.26550000000000,18.6602,20410.4858,8.4514,8.3455,0.1059,8.2336,7.3774,7.3569,0.0205,8.4179,20410.4858,NA
parkey.exe,33280,0x1FE6D6D9E00,DXGI,0,0,0,Composed: Flip,20427.1290,NA,8.29770000000000,NA,0.08940000000000,6.84010000000000,NA,20418.9372,8.2812,8.1918,0.0894,8.1054,6.9265,6.9086,0.0179,NA,NA,NA
parkey.exe,33280,0x1FE6D6D9E00,DXGI,0,0,0,Composed: Flip,20435.6532,NA,8.52420000000000,NA,0.10250000000000,5.55800000000000,NA,20427.2184,8.5373,8.4348,0.1025,8.3213,5.6715,5.6493,0.0222,NA,NA,NA
parkey.exe,33280,0x1FE6D6D9E00,DXGI,0,0,0,Composed: Flip,20443.5982,NA,7.94500000000000,25.20040000000000,0.09100000000000,6.91440000000000,19.0937,20435.7557,7.9335,7.8425,0.0910,7.7582,6.9987,6.9800,0.0187,0.0695,20435.7557,NA
parkey.exe,33280,0x1FE6D6D9E00,DXGI,0,0,0,Composed: Flip,20452.1607,NA,8.56250000000000,NA,0.12720000000000,7.96370000000000,NA,20443.6892,8.5987,8.4715,0.1272,8.4082,8.0270,8.0109,0.0161,NA,NA,NA
parkey.exe,33280,0x1FE6D6D9E00,DXGI,0,0,0,Composed: Flip,20460.2509,NA,8.09020000000000,16.45690000000000,0.10440000000000,6.97930000000000,18.8979,20452.2879,8.0674,7.9630,0.1044,7.8698,7.0725,7.0504,0.0221,0.0753,20452.2879,NA
parkey.exe,33280,0x1FE6D6D9E00,DXGI,0,0,0,Composed: Flip,20468.7553,NA,8.50440000000000,NA,0.10240000000000,6.83460000000000,NA,20460.3553,8.5024,8.4000,0.1024,8.2881,6.9465,6.9310,0.0155,NA,NA,NA
parkey.exe,33280,0x1FE6D6D9E00,DXGI,0,0,0,Composed: Flip,20476.9131,NA,8.15780000000000,13.89930000000000,0.10540000000000,7.26660000000000,16.1350,20468.8577,8.1608,8.0554,0.1054,7.9637,7.3583,7.3396,0.0187,2.6705,20468.8577,NA
parkey.exe,33280,0x1FE6D6D9E00,DXGI,0,0,0,Composed: Flip,20485.2350,NA,8.32190000000000,19.67110000000000,0.09150000000000,6.81500000000000,27.4842,20477.0185,8.3080,8.2165,0.0915,8.1271,6.9044,6.8826,0.0218,-11.5103,20477.0185,NA
parkey.exe,33280,0x1FE6D6D9E00,DXGI,0,0,0,Composed: Flip,20493.6393,NA,8.40430000000000,1.17660000000000,0.09420000000000,7.03180000000000,20.2565,20485.3265,8.4070,8.3128,0.0942,8.2292,7.1154,7.0976,0.0178,7.1314,20485.3265,NA
parkey.exe,33280,0x1FE6D6D9E00,DXGI,0,0,0,Composed: Flip,20501.9892,NA,8.34990000000000,NA,0.09320000000000,6.06310000000000,NA,20493.7335,8.3489,8.2557,0.0932,8.1145,6.2043,6.1857,0.0186,NA,NA,NA
parkey.exe,33280,0x1FE6D6D9E00,DXGI,0,0,0,Composed: Flip,20510.2019,NA,8.21270000000000,13.88340000000000,0.09760000000000,7.05030000000000,17.5773,20502.0824,8.2171,8.1195,0.0976,8.0320,7.1378,7.1204,0.0174,2.8725,20502.0824,NA
parkey.exe,33280,0x1FE6D6D9E00,DXGI,0,0,0,Composed: Flip,20518.7475,NA,8.54560000000000,NA,0.12380000000000,6.78840000000000,NA,20510.2995,8.5718,8.4480,0.1238,8.3431,6.8933,6.8601,0.0332,NA,NA,NA
parkey.exe,33280,0x1FE6D6D9E00,DXGI,0,0,0,Composed: Flip,20526.9461,NA,8.19860000000000,18.30180000000000,0.10150000000000,6.57330000000000,19.1349,20518.8713,8.1763,8.0748,0.1015,7.9803,6.6678,6.6437,0.0241,-1.5129,20518.8713,NA
parkey.exe,33280,0x1FE6D6D9E00,DXGI,0,0,0,Composed: Flip,20535.6284,NA,8.68230000000000,NA,0.13580000000000,6.89920000000000,NA,20527.0476,8.7166,8.5808,0.1358,8.4372,7.0428,7.0201,0.0227,NA,NA,NA
parkey.exe,33280,0x1FE6D6D9E00,DXGI,0,0,0,Composed: Flip,20543.6082,NA,7.97980000000000,16.43030000000000,0.09600000000000,6.88730000000000,18.9031,20535.7642,7.9400,7.8440,0.0960,7.7500,6.9813,6.9606,0.0207,0.4626,20535.7642,NA
parkey.exe,33280,0x1FE6D6D9E00,DXGI,0,0,0,Composed: Flip,20552.1197,NA,8.51150000000000,NA,0.10010000000000,6.49200000000000,NA,20543.7042,8.5156,8.4155,0.1001,8.3112,6.5963,6.5771,0.0192,NA,NA,NA
parkey.exe,33280,0x1FE6D6D9E00,DXGI,0,0,0,Composed: Flip,20560.3082,NA,8.18850000000000,13.88910000000000,0.09920000000000,7.24580000000000,16.0922,20552.2198,8.1876,8.0884,0.0992,7.9982,7.3360,7.3176,0.0184,2.5665,20552.2198,NA
parkey.exe,33280,0x1FE6D6D9E00,DXGI,0,0,0,Composed: Flip,20568.6679,NA,8.35970000000000,19.72150000000000,0.10510000000000,6.75680000000000,27.4540,20560.4074,8.3656,8.2605,0.1051,8.1509,6.8664,6.8461,0.0203,-11.5339,20560.4074,NA
parkey.exe,33280,0x1FE6D6D9E00,DXGI,0,0,0,Composed: Flip,20576.9216,NA,8.25370000000000,1.11370000000000,0.09520000000000,6.97660000000000,20.3140,20568.7730,8.2438,8.1486,0.0952,8.0692,7.0560,7.0402,0.0158,7.2519,20568.7730,NA
parkey.exe,33280,0x1FE6D6D9E00,DXGI,0,0,0,Composed: Flip,20585.4509,NA,8.52930000000000,NA,0.13650000000000,6.44310000000000,NA,20577.0168,8.5706,8.4341,0.1365,8.3173,6.5599,6.5361,0.0238,NA,NA,NA
parkey.exe,33280,0x1FE6D6D9E00,DXGI,0,0,0,Composed: Flip,20593.5158,NA,8.06490000000000,13.88910000000000,0.10030000000000,7.07460000000000,17.6089,20585.5874,8.0287,7.9284,0.1003,7.8419,7.1611,7.1462,0.0149,2.9253,20585.5874,NA
parkey.exe,33280,0x1FE6D6D9E00,DXGI,0,0,0,Composed: Flip,20601.9691,NA,8.45330000000000,NA,0.10600000000000,6.74130000000000,NA,20593.6161,8.4590,8.3530,0.1060,8.2512,6.8431,6.8255,0.0176,NA,NA,NA
parkey.exe,33280,0x1FE6D6D9E00,DXGI,0,0,0,Composed: Flip,20610.2000,NA,8.23090000000000,18.35800000000000,0.11210000000000,7.29830000000000,19.2827,20602.0751,8.2370,8.1249,0.1121,8.0308,7.3924,7.3729,0.0195,-1.8703,20602.0751,NA
parkey.exe,33280,0x1FE6D6D9E00,DXGI,0,0,0,Composed: Flip,20618.6816,NA,8.48160000000000,16.67890000000000,0.11270000000000,8.55920000000000,27.4800,20610.3121,8.4822,8.3695,0.1127,8.2280,8.7007,8.6771,0.0236,-8.4419,20610.3121,NA
parkey.exe,33280,0x1FE6D6D9E00,DXGI,0,0,0,Composed: Flip,20627.0631,NA,8.38150000000000,NA,0.09270000000000,8.46890000000000,NA,20618.7943,8.3615,8.2688,0.0927,8.4465,8.2912,8.2721,0.0191,NA,NA,NA
parkey.exe,33280,0x1FE6D6D9E00,DXGI,0,0,0,Composed: Flip,20635.4225,NA,8.35940000000000,16.68470000000000,0.11900000000000,7.23860000000000,27.4238,20627.1558,8.3857,8.2667,0.1190,8.3762,7.1291,7.1078,0.0213,0.1590,20627.1558,NA
parkey.exe,33280,0x1FE6D6D9E00,DXGI,0,0,0,Composed: Flip,20643.7568,NA,8.33430000000000,3.86240000000000,0.14180000000000,7.77410000000000,22.9519,20635.5415,8.3571,8.2153,0.1418,8.0566,7.9328,7.9158,0.0170,4.5233,20635.5415,NA
parkey.exe,33280,0x1FE6D6D9E00,DXGI,0,0,0,Composed: Flip,20652.1119,NA,8.35510000000000,12.81570000000000,0.09780000000000,8.46330000000000,27.4125,20643.8986,8.3111,8.2133,0.0978,8.0341,8.6425,8.6237,0.0188,-4.4586,20643.8986,NA
parkey.exe,33280,0x1FE6D6D9E00,DXGI,0,0,0,Composed: Flip,20660.3538,NA,8.24190000000000,NA,0.14690000000000,8.68690000000000,NA,20652.2097,8.2910,8.1441,0.1469,8.3655,8.4655,8.4398,0.0257,NA,NA,NA
parkey.exe,33280,0x1FE6D6D9E00,DXGI,0,0,0,Composed: Flip,20668.9160,NA,8.56220000000000,8.03520000000000,0.10230000000000,8.99030000000000,18.6436,20660.5007,8.5176,8.4153,0.1023,8.5400,8.8656,8.8409,0.0247,8.5669,20660.5007,NA
parkey.exe,33280,0x1FE6D6D9E00,DXGI,0,0,0,Composed: Flip,20676.8879,NA,7.97190000000000,NA,0.08370000000000,9.02530000000000,NA,20669.0183,7.9533,7.8696,0.0837,8.9386,7.9563,7.9367,0.0196,NA,NA,NA
parkey.exe,33280,0x1FE6D6D9E00,DXGI,0,0,0,Composed: Flip,20685.4130,NA,8.52510000000000,25.32340000000000,0.10600000000000,9.38220000000000,27.4700,20676.9716,8.5474,8.4414,0.1060,8.9416,8.8820,8.8592,0.0228,-8.8525,20676.9716,NA
parkey.exe,33280,0x1FE6D6D9E00,DXGI,0,0,0,Composed: Flip,20693.7929,NA,8.37990000000000,NA,0.09050000000000,9.98500000000000,NA,20685.5190,8.3644,8.2739,0.0905,9.2762,8.9827,8.9608,0.0219,NA,NA,NA
parkey.exe,33280,0x1FE6D6D9E00,DXGI,0,0,0,Composed: Flip,20702.5410,NA,8.74810000000000,9.37070000000000,0.12290000000000,10.46330000000000,19.7127,20693.8834,8.7805,8.6576,0.1229,9.8945,9.2264,9.2069,0.0195,7.5411,20693.8834,NA
parkey.exe,33280,0x1FE6D6D9E00,DXGI,0,0,0,Composed: Flip,20710.3505,NA,7.80950000000000,23.99500000000000,0.09480000000000,11.53210000000000,35.8982,20702.6639,7.7814,7.6866,0.0948,10.3404,8.8783,8.8522,0.0261,-15.2145,20702.6639,NA
parkey.exe,33280,0x1FE6D6D9E00,DXGI,0,0,0,Composed: Flip,20718.7099,NA,8.35940000000000,NA,0.09050000000000,12.20650000000000,NA,20710.4453,8.3551,8.2646,0.0905,11.4373,9.0338,9.0035,0.0303,NA,NA,NA
parkey.exe,33280,0x1FE6D6D9E00,DXGI,0,0,0,Composed: Flip,20726.9700,NA,8.26010000000000,3.82310000000000,0.12670000000000,12.96040000000000,23.1018,20718.8004,8.2963,8.1696,0.1267,12.1160,9.0140,8.9884,0.0256,12.3134,20718.8004,NA
parkey.exe,33280,0x1FE6D6D9E00,DXGI,0,0,0,Composed: Flip,20735.6034,NA,8.63340000000000,12.84880000000000,0.10210000000000,12.13910000000000,27.3172,20727.0967,8.6088,8.5067,0.1021,12.8337,7.8121,7.7869,0.0252,-4.5525,20727.0967,NA
parkey.exe,33280,0x1FE6D6D9E00,DXGI,0,0,0,Composed: Flip,20743.5468,NA,7.94340000000000,7.91560000000000,0.08310000000000,13.40250000000000,27.2894,20735.7055,7.9244,7.8413,0.0831,12.0370,9.2068,9.1841,0.0227,0.6932,20735.7055,NA
parkey.exe,33280,0x1FE6D6D9E00,DXGI,0,0,0,Composed: Flip,20752.2998,NA,8.75300000000000,NA,0.09380000000000,12.22750000000000,NA,20743.6299,8.7637,8.6699,0.0938,13.3194,7.5780,7.5529,0.0251,NA,NA,NA
parkey.exe,33280,0x1FE6D6D9E00,DXGI,0,0,0,Composed: Flip,20760.2543,NA,7.95450000000000,NA,0.09100000000000,13.30690000000000,NA,20752.3936,7.9517,7.8607,0.0910,12.1337,9.0339,9.0113,0.0226,NA,NA,NA
parkey.exe,33280,0x1FE6D6D9E00,DXGI,0,0,0,Composed: Flip,20768.9543,NA,8.70000000000000,25.46370000000000,0.11320000000000,13.50110000000000,27.3456,20760.3453,8.7222,8.6090,0.1132,13.2159,8.8942,8.8717,0.0225,-0.8239,20760.3453,NA
parkey.exe,33280,0x1FE6D6D9E00,DXGI,0,0,0,Composed: Flip,20776.9444,NA,7.99010000000000,16.67570000000000,0.08210000000000,14.42940000000000,36.0312,20769.0675,7.9590,7.8769,0.0821,13.3879,8.9184,8.8953,0.0231,-7.9535,20769.0675,NA
parkey.exe,33280,0x1FE6D6D9E00,DXGI,0,0,0,Composed: Flip,20785.7832,NA,8.83880000000000,NA,0.10850000000000,14.26740000000000,NA,20777.0265,8.8652,8.7567,0.1085,14.3473,8.6768,8.6556,0.0212,NA,NA,NA
parkey.exe,33280,0x1FE6D6D9E00,DXGI,0,0,0,Composed: Flip,20793.5716,NA,7.78840000000000,6.53470000000000,0.08260000000000,15.50740000000000,25.9387,20785.8917,7.7625,7.6799,0.0826,14.1589,9.0284,9.0041,0.0243,10.2895,20785.8917,NA
parkey.exe,33280,0x1FE6D6D9E00,DXGI,0,0,0,Composed: Flip,20802.1254,NA,8.55380000000000,NA,0.10580000000000,15.87090000000000,NA,20793.6542,8.5770,8.4712,0.1058,15.4248,8.9173,8.8948,0.0225,NA,NA,NA
parkey.exe,33280,0x1FE6D6D9E00,DXGI,0,0,0,Composed: Flip,20810.2796,NA,8.15420000000000,26.81360000000000,0.08900000000000,16.44770000000000,36.0443,20802.2312,8.1374,8.0484,0.0890,15.7651,8.7310,8.7079,0.0231,-10.4741,20802.2312,NA
parkey.exe,33280,0x1FE6D6D9E00,DXGI,0,0,0,Composed: Flip,20818.9257,NA,8.64610000000000,NA,0.09060000000000,15.71120000000000,NA,20810.3686,8.6477,8.5571,0.0906,16.3587,7.9096,7.8764,0.0332,NA,NA,NA
parkey.exe,33280,0x1FE6D6D9E00,DXGI,0,0,0,Composed: Flip,20827.0881,NA,8.16240000000000,16.68340000000000,0.08310000000000,15.82500000000000,35.9192,20819.0163,8.1549,8.0718,0.0831,15.6206,8.2762,8.2530,0.0232,0.1017,20819.0163,NA
parkey.exe,33280,0x1FE6D6D9E00,DXGI,0,0,0,Composed: Flip,20835.3491,NA,8.26100000000000,NA,0.10840000000000,15.02250000000000,NA,20827.1712,8.2863,8.1779,0.1084,15.7724,7.4280,7.4028,0.0252,NA,NA,NA
parkey.exe,33280,0x1FE6D6D9E00,DXGI,0,0,0,Composed: Flip,20843.6636,NA,8.31450000000000,5.11020000000000,0.07770000000000,15.37240000000000,24.4539,20835.4575,8.2838,8.2061,0.0777,14.9141,8.6644,8.6447,0.0197,11.3310,20835.4575,NA
parkey.exe,33280,0x1FE6D6D9E00,DXGI,0,0,0,Composed: Flip,20852.1440,NA,8.48040000000000,11.56780000000000,0.10330000000000,14.94350000000000,27.5413,20843.7413,8.5060,8.4027,0.1033,15.2947,8.0515,8.0288,0.0227,-3.2840,20843.7413,NA
parkey.exe,33280,0x1FE6D6D9E00,DXGI,0,0,0,Composed: Flip,20860.3405,NA,8.19650000000000,9.27950000000000,0.10010000000000,15.60210000000000,28.6243,20852.2473,8.1933,8.0932,0.1001,14.8402,8.8551,8.8143,0.0408,-0.7735,20852.2473,NA
parkey.exe,33280,0x1FE6D6D9E00,DXGI,0,0,0,Composed: Flip,20868.7075,NA,8.36700000000000,NA,0.09740000000000,15.75840000000000,NA,20860.4406,8.3643,8.2669,0.0974,15.5020,8.5233,8.5012,0.0221,NA,NA,NA
parkey.exe,33280,0x1FE6D6D9E00,DXGI,0,0,0,Composed: Flip,20877.1449,NA,8.43740000000000,24.09290000000000,0.08460000000000,16.19620000000000,35.9128,20868.8049,8.4246,8.3400,0.0846,15.6610,8.8752,8.8494,0.0258,-7.5353,20868.8049,NA
parkey.exe,33280,0x1FE6D6D9E00,DXGI,0,0,0,Composed: Flip,20885.4959,NA,8.35100000000000,3.69570000000000,0.10410000000000,16.72880000000000,31.2575,20877.2295,8.3705,8.2664,0.1041,16.1116,8.8836,8.8573,0.0263,4.7289,20877.2295,NA
parkey.exe,33280,0x1FE6D6D9E00,DXGI,0,0,0,Composed: Flip,20893.6838,NA,8.18790000000000,12.96780000000000,0.10810000000000,17.36620000000000,36.0374,20885.6000,8.1919,8.0838,0.1081,16.6247,8.8253,8.7998,0.0255,-4.5973,20885.6000,NA
parkey.exe,33280,0x1FE6D6D9E00,DXGI,0,0,0,Composed: Flip,20903.0363,NA,9.35250000000000,NA,0.11320000000000,16.93900000000000,NA,20893.7919,9.3576,9.2444,0.1132,17.2581,8.9253,8.9040,0.0213,NA,NA,NA
parkey.exe,33280,0x1FE6D6D9E00,DXGI,0,0,0,Composed: Flip,20911.6964,NA,8.66010000000000,7.86620000000000,0.09000000000000,17.12620000000000,25.8910,20903.1495,8.6369,8.5469,0.0900,16.8258,8.8473,8.8230,0.0243,9.6833,20903.1495,NA
parkey.exe,33280,0x1FE6D6D9E00,DXGI,0,0,0,Composed: Flip,20920.5924,NA,8.89600000000000,NA,0.09580000000000,17.00530000000000,NA,20911.7864,8.9018,8.8060,0.0958,17.0362,8.7751,8.7541,0.0210,NA,NA,NA
parkey.exe,33280,0x1FE6D6D9E00,DXGI,0,0,0,Composed: Flip,20929.0491,NA,8.45670000000000,NA,0.09660000000000,14.64330000000000,NA,20920.6882,8.4575,8.3609,0.0966,16.9095,6.0947,6.0703,0.0244,NA,NA,NA
parkey.exe,33280,0x1FE6D6D9E00,DXGI,0,0,0,Composed: Flip,20937.8005,NA,8.75140000000000,25.50210000000000,0.09870000000000,13.41000000000000,25.2890,20929.1457,8.7535,8.6548,0.0987,14.5757,7.4891,7.4658,0.0233,0.4941,20929.1457,NA
parkey.exe,33280,0x1FE6D6D9E00,DXGI,0,0,0,Composed: Flip,20944.6472,NA,6.84670000000000,9.22930000000000,0.09780000000000,15.51500000000000,27.6716,20937.8992,6.8458,6.7480,0.0978,13.3113,8.9517,8.9288,0.0229,-0.4758,20937.8992,NA
parkey.exe,33280,0x1FE6D6D9E00,DXGI,0,0,0,Composed: Flip,20952.1471,NA,7.49990000000000,NA,0.08520000000000,15.71610000000000,NA,20944.7450,7.4873,7.4021,0.0852,15.4172,7.7010,7.6777,0.0233,NA,NA,NA
parkey.exe,33280,0x1FE6D6D9E00,DXGI,0,0,0,Composed: Flip,20960.3925,NA,8.24540000000000,24.13070000000000,0.10160000000000,16.27280000000000,36.0570,20952.2323,8.2618,8.1602,0.1016,15.6309,8.8021,8.7799,0.0222,-9.7976,20952.2323,NA
parkey.exe,33280,0x1FE6D6D9E00,DXGI,0,0,0,Composed: Flip,20968.8257,NA,8.43320000000000,3.64970000000000,0.09090000000000,16.40650000000000,31.2735,20960.4941,8.4225,8.3316,0.0909,16.1712,8.5669,8.5455,0.0214,4.6121,20960.4941,NA
parkey.exe,33280,0x1FE6D6D9E00,DXGI,0,0,0,Composed: Flip,20976.9456,NA,8.11990000000000,13.02800000000000,0.07820000000000,17.01260000000000,36.1816,20968.9166,8.1072,8.0290,0.0782,16.3156,8.7260,8.7006,0.0254,-4.6055,20968.9166,NA
parkey.exe,33280,0x1FE6D6D9E00,DXGI,0,0,0,Composed: Flip,20986.1544,NA,9.20880000000000,NA,0.09580000000000,16.50990000000000,NA,20977.0238,9.2264,9.1306,0.0958,16.9344,8.7061,8.6829,0.0232,NA,NA,NA
parkey.exe,33280,0x1FE6D6D9E00,DXGI,0,0,0,Composed: Flip,20994.3615,NA,8.20710000000000,7.79500000000000,0.08480000000000,16.95520000000000,26.5607,20986.2502,8.1961,8.1113,0.0848,16.4141,8.6524,8.5734,0.0790,9.5386,20986.2502,NA
parkey.exe,33280,0x1FE6D6D9E00,DXGI,0,0,0,Composed: Flip,21003.1069,NA,8.74540000000000,NA,0.08820000000000,16.53240000000000,NA,20994.4463,8.7488,8.6606,0.0882,16.8704,8.3226,8.2976,0.0250,NA,NA,NA
parkey.exe,33280,0x1FE6D6D9E00,DXGI,0,0,0,Composed: Flip,21011.7755,NA,8.66860000000000,25.56530000000000,0.09040000000000,16.12660000000000,34.7120,21003.1951,8.6708,8.5804,0.0904,16.4442,8.2628,8.2389,0.0239,-8.6204,21003.1951,NA
parkey.exe,33280,0x1FE6D6D9E00,DXGI,0,0,0,Composed: Flip,21020.1892,NA,8.41370000000000,NA,0.10220000000000,14.78860000000000,NA,21011.8659,8.4255,8.3233,0.1022,16.0362,7.0757,7.0503,0.0254,NA,NA,NA
parkey.exe,33280,0x1FE6D6D9E00,DXGI,0,0,0,Composed: Flip,21028.2584,NA,8.06920000000000,16.70030000000000,0.08670000000000,14.86550000000000,34.9294,21020.2914,8.0537,7.9670,0.0867,14.7129,8.1196,8.0925,0.0271,0.3960,21020.2914,NA
parkey.exe,33280,0x1FE6D6D9E00,DXGI,0,0,0,Composed: Flip,21036.0146,NA,7.75620000000000,NA,0.08760000000000,14.17100000000000,NA,21028.3451,7.7571,7.6695,0.0876,14.7788,7.0617,7.0370,0.0247,NA,NA,NA
parkey.exe,33280,0x1FE6D6D9E00,DXGI,0,0,0,Composed: Flip,21043.6019,NA,7.58730000000000,6.37340000000000,0.09020000000000,15.01600000000000,25.9593,21036.1022,7.5899,7.4997,0.0902,14.0834,8.4323,8.4085,0.0238,9.4374,21036.1022,NA
parkey.exe,33280,0x1FE6D6D9E00,DXGI,0,0,0,Composed: Flip,21052.0967,NA,8.49480000000000,NA,0.09970000000000,14.03760000000000,NA,21043.6921,8.5043,8.4046,0.0997,14.9258,7.5164,7.4911,0.0253,NA,NA,NA
parkey.exe,33280,0x1FE6D6D9E00,DXGI,0,0,0,Composed: Flip,21060.2439,NA,8.14720000000000,13.87000000000000,0.09160000000000,14.43190000000000,23.1873,21052.1964,8.1391,8.0475,0.0916,13.9379,8.5415,8.5139,0.0276,2.2242,21052.1964,NA
parkey.exe,33280,0x1FE6D6D9E00,DXGI,0,0,0,Composed: Flip,21069.3259,NA,9.08200000000000,13.09760000000000,0.12840000000000,13.73110000000000,27.2029,21060.3355,9.1188,8.9904,0.1284,14.3403,8.3812,8.3579,0.0233,-4.9585,21060.3355,NA
parkey.exe,33280,0x1FE6D6D9E00,DXGI,0,0,0,Composed: Flip,21077.1287,NA,7.80280000000000,NA,0.10960000000000,14.22790000000000,NA,21069.4543,7.7840,7.6744,0.1096,13.6027,8.2996,8.2745,0.0251,NA,NA,NA
parkey.exe,33280,0x1FE6D6D9E00,DXGI,0,0,0,Composed: Flip,21085.6984,NA,8.56970000000000,7.68850000000000,0.12370000000000,11.47420000000000,18.5189,21077.2383,8.5838,8.4601,0.1237,14.1183,5.8160,5.7760,0.0400,9.2143,21077.2383,NA
parkey.exe,33280,0x1FE6D6D9E00,DXGI,0,0,0,Composed: Flip,21093.6916,NA,7.99320000000000,NA,0.08140000000000,11.65160000000000,NA,21085.8221,7.9509,7.8695,0.0814,11.3857,8.1354,8.1120,0.0234,NA,NA,NA
parkey.exe,33280,0x1FE6D6D9E00,DXGI,0,0,0,Composed: Flip,21102.1266,NA,8.43500000000000,25.66600000000000,0.10540000000000,10.92850000000000,27.7567,21093.7730,8.4590,8.3536,0.1054,11.5702,7.7119,7.6903,0.0216,-9.1313,21093.7730,NA
parkey.exe,33280,0x1FE6D6D9E00,DXGI,0,0,0,Composed: Flip,21110.2921,NA,8.16550000000000,NA,0.10280000000000,10.89210000000000,NA,21102.2320,8.1629,8.0601,0.1028,10.8459,8.1063,8.0863,0.0200,NA,NA,NA
parkey.exe,33280,0x1FE6D6D9E00,DXGI,0,0,0,Composed: Flip,21118.7163,NA,8.42420000000000,9.11670000000000,0.09660000000000,10.27030000000000,20.2837,21110.3949,8.4180,8.3214,0.0966,10.7893,7.8024,7.7803,0.0221,7.5052,21110.3949,NA
parkey.exe,33280,0x1FE6D6D9E00,DXGI,0,0,0,Composed: Flip,21126.8640,NA,8.14770000000000,NA,0.08850000000000,9.48010000000000,NA,21118.8129,8.1396,8.0511,0.0885,10.1952,7.3360,7.3130,0.0230,NA,NA,NA
parkey.exe,33280,0x1FE6D6D9E00,DXGI,0,0,0,Composed: Flip,21135.4073,NA,8.54330000000000,24.26140000000000,0.09860000000000,9.28910000000000,27.8541,21126.9525,8.5534,8.4548,0.0986,9.3916,8.3523,8.3280,0.0243,-7.7038,21126.9525,NA
parkey.exe,33280,0x1FE6D6D9E00,DXGI,0,0,0,Composed: Flip,21143.5104,NA,8.10310000000000,NA,0.11280000000000,9.10740000000000,NA,21135.5059,8.1173,8.0045,0.1128,9.1905,7.9214,7.8967,0.0247,NA,NA,NA
parkey.exe,33280,0x1FE6D6D9E00,DXGI,0,0,0,Composed: Flip,21152.1036,NA,8.59320000000000,3.52430000000000,0.15300000000000,7.09520000000000,14.6821,21143.6232,8.6334,8.4804,0.1530,8.9946,6.5810,6.5573,0.0237,13.1464,21143.6232,NA
parkey.exe,33280,0x1FE6D6D9E00,DXGI,0,0,0,Composed: Flip,21160.3985,NA,8.29490000000000,NA,0.10640000000000,8.00150000000000,NA,21152.2566,8.2483,8.1419,0.1064,7.9892,8.1542,8.1295,0.0247,NA,NA,NA
parkey.exe,33280,0x1FE6D6D9E00,DXGI,0,0,0,Composed: Flip,21168.7015,NA,8.30300000000000,20.84140000000000,0.08380000000000,7.08810000000000,18.9256,21160.5049,8.2804,8.1966,0.0838,8.0706,7.2141,7.1898,0.0243,-3.9597,21160.5049,NA
parkey.exe,33280,0x1FE6D6D9E00,DXGI,0,0,0,Composed: Flip,21176.8311,NA,8.12960000000000,13.83230000000000,0.10360000000000,6.85730000000000,24.6283,21168.7853,8.1494,8.0458,0.1036,7.9609,6.9422,6.9207,0.0215,-5.5519,21168.7853,NA
parkey.exe,33280,0x1FE6D6D9E00,DXGI,0,0,0,Composed: Flip,21185.6601,NA,8.82900000000000,NA,0.12880000000000,7.90280000000000,NA,21176.9347,8.8542,8.7254,0.1288,8.5720,8.0562,8.0340,0.0222,NA,NA,NA
parkey.exe,33280,0x1FE6D6D9E00,DXGI,0,0,0,Composed: Flip,21193.5892,NA,7.92910000000000,11.82710000000000,0.10360000000000,7.42620000000000,19.6973,21185.7889,7.9039,7.8003,0.1036,7.7740,7.4525,7.4345,0.0180,5.1765,21185.7889,NA
parkey.exe,33280,0x1FE6D6D9E00,DXGI,0,0,0,Composed: Flip,21202.3198,NA,8.73060000000000,NA,0.12360000000000,8.07410000000000,NA,21193.6928,8.7506,8.6270,0.1236,8.5185,8.1826,8.1632,0.0194,NA,NA,NA
parkey.exe,33280,0x1FE6D6D9E00,DXGI,0,0,0,Composed: Flip,21210.3815,NA,8.06170000000000,16.00570000000000,0.12030000000000,6.75370000000000,18.9107,21202.4434,8.0584,7.9381,0.1203,7.9505,6.7413,6.7166,0.0247,0.6488,21202.4434,NA
parkey.exe,33280,0x1FE6D6D9E00,DXGI,0,0,0,Composed: Flip,21218.7438,NA,8.36230000000000,NA,0.10380000000000,6.24710000000000,NA,21210.5018,8.3458,8.2420,0.1038,8.0860,6.4031,6.3866,0.0165,NA,NA,NA
parkey.exe,33280,0x1FE6D6D9E00,DXGI,0,0,0,Composed: Flip,21226.8793,NA,8.13550000000000,17.36700000000000,0.07820000000000,6.32580000000000,19.7799,21218.8476,8.1099,8.0317,0.0782,7.9218,6.4357,6.4201,0.0156,-0.9628,21218.8476,NA
parkey.exe,33280,0x1FE6D6D9E00,DXGI,0,0,0,Composed: Flip,21235.2976,NA,8.41830000000000,16.66920000000000,0.11640000000000,7.07030000000000,28.0308,21226.9575,8.4565,8.3401,0.1164,8.2364,7.1740,7.1491,0.0249,-8.5593,21226.9575,NA
parkey.exe,33280,0x1FE6D6D9E00,DXGI,0,0,0,Composed: Flip,21243.6160,NA,8.31840000000000,0.69920000000000,0.08510000000000,6.77660000000000,20.4116,21235.4140,8.2871,8.2020,0.0851,8.1030,6.8756,6.8599,0.0157,7.7573,21235.4140,NA
parkey.exe,33280,0x1FE6D6D9E00,DXGI,0,0,0,Composed: Flip,21252.1208,NA,8.50480000000000,NA,0.10910000000000,6.61450000000000,NA,21243.7011,8.5288,8.4197,0.1091,8.2852,6.7490,6.7239,0.0251,NA,NA,NA
parkey.exe,33280,0x1FE6D6D9E00,DXGI,0,0,0,Composed: Flip,21260.1471,NA,8.02630000000000,13.89380000000000,0.09490000000000,6.72870000000000,17.7743,21252.2299,8.0121,7.9172,0.0949,7.8280,6.8179,6.8024,0.0155,2.9221,21252.2299,NA
parkey.exe,33280,0x1FE6D6D9E00,DXGI,0,0,0,Composed: Flip,21268.9001,NA,8.75300000000000,NA,0.14610000000000,6.63270000000000,NA,21260.2420,8.8042,8.6581,0.1461,8.5460,6.7448,6.7114,0.0334,NA,NA,NA
parkey.exe,33280,0x1FE6D6D9E00,DXGI,0,0,0,Composed: Flip,21276.9050,NA,8.00490000000000,18.77620000000000,0.08510000000000,6.70090000000000,19.7926,21269.0462,7.9439,7.8588,0.0851,7.7698,6.7899,6.7692,0.0207,-1.9599,21269.0462,NA
parkey.exe,33280,0x1FE6D6D9E00,DXGI,0,0,0,Composed: Flip,21285.6553,NA,8.75030000000000,NA,0.12730000000000,7.73660000000000,NA,21276.9901,8.7925,8.6652,0.1273,8.5831,7.8187,7.7990,0.0197,NA,NA,NA
parkey.exe,33280,0x1FE6D6D9E00,DXGI,0,0,0,Composed: Flip,21293.6806,NA,8.02530000000000,15.96240000000000,0.11060000000000,6.88680000000000,18.9794,21285.7826,8.0086,7.8980,0.1106,7.7975,6.9873,6.9692,0.0181,0.7740,21285.7826,NA
parkey.exe,33280,0x1FE6D6D9E00,DXGI,0,0,0,Composed: Flip,21302.5526,NA,8.87200000000000,NA,0.13780000000000,6.27590000000000,NA,21293.7912,8.8992,8.7614,0.1378,8.6248,6.4125,6.3902,0.0223,NA,NA,NA
parkey.exe,33280,0x1FE6D6D9E00,DXGI,0,0,0,Composed: Flip,21310.3241,NA,7.77150000000000,17.38800000000000,0.10170000000000,6.80920000000000,19.7239,21302.6904,7.7354,7.6337,0.1017,7.5474,6.8955,6.8753,0.0202,-0.4802,21302.6904,NA
parkey.exe,33280,0x1FE6D6D9E00,DXGI,0,0,0,Composed: Flip,21319.1523,NA,8.82820000000000,NA,0.14680000000000,7.40650000000000,NA,21310.4258,8.8733,8.7265,0.1468,8.5774,7.5556,7.5348,0.0208,NA,NA,NA
parkey.exe,33280,0x1FE6D6D9E00,DXGI,0,0,0,Composed: Flip,21326.9989,NA,7.84660000000000,16.68230000000000,0.09730000000000,5.50510000000000,19.7314,21319.2991,7.7971,7.6998,0.0973,7.6101,5.5948,5.5741,0.0207,-0.0736,21319.2991,NA
parkey.exe,33280,0x1FE6D6D9E00,DXGI,0,0,0,Composed: Flip,21335.3300,NA,8.33110000000000,NA,0.12610000000000,5.42320000000000,NA,21327.0962,8.3599,8.2338,0.1261,8.1139,5.5431,5.4953,0.0478,NA,NA,NA
parkey.exe,33280,0x1FE6D6D9E00,DXGI,0,0,0,Composed: Flip,21343.7488,NA,8.41880000000000,14.54700000000000,0.10690000000000,6.69770000000000,17.5285,21335.4561,8.3996,8.2927,0.1069,8.1790,6.8114,6.7946,0.0168,1.6100,21335.4561,NA
parkey.exe,33280,0x1FE6D6D9E00,DXGI,0,0,0,Composed: Flip,21352.6367,NA,8.88790000000000,NA,0.15160000000000,6.57490000000000,NA,21343.8557,8.9326,8.7810,0.1516,8.6255,6.7304,6.7040,0.0264,NA,NA,NA
parkey.exe,33280,0x1FE6D6D9E00,DXGI,0,0,0,Composed: Flip,21360.7593,NA,8.12260000000000,18.81360000000000,0.14830000000000,6.63240000000000,19.3316,21352.7883,8.1193,7.9710,0.1483,7.8249,6.7785,6.7579,0.0206,-1.4814,21352.7883,NA
parkey.exe,33280,0x1FE6D6D9E00,DXGI,0,0,0,Composed: Flip,21368.8105,NA,8.05120000000000,NA,0.12660000000000,7.82850000000000,NA,21360.9076,8.0295,7.9029,0.1266,7.7899,7.9415,7.9219,0.0196,NA,NA,NA
parkey.exe,33280,0x1FE6D6D9E00,DXGI,0,0,0,Composed: Flip,21377.0941,NA,8.28360000000000,15.90400000000000,0.10700000000000,6.67090000000000,18.9008,21368.9371,8.2640,8.1570,0.1070,8.0321,6.7958,6.7704,0.0254,0.2448,21368.9371,NA
parkey.exe,33280,0x1FE6D6D9E00,DXGI,0,0,0,Composed: Flip,21385.3467,NA,8.25260000000000,NA,0.11120000000000,6.31470000000000,NA,21377.2011,8.2568,8.1456,0.1112,8.0391,6.4212,6.4049,0.0163,NA,NA,NA
parkey.exe,33280,0x1FE6D6D9E00,DXGI,0,0,0,Composed: Flip,21393.5942,NA,8.24750000000000,17.45160000000000,0.11660000000000,6.70990000000000,19.8523,21385.4579,8.2529,8.1363,0.1166,8.0503,6.7959,6.7770,0.0189,-0.9308,21385.4579,NA
parkey.exe,33280,0x1FE6D6D9E00,DXGI,0,0,0,Composed: Flip,21401.9347,NA,8.34050000000000,16.68720000000000,0.14730000000000,7.45450000000000,28.1990,21393.7108,8.3712,8.2239,0.1473,8.0998,7.5786,7.5566,0.0220,-8.4343,21393.7108,NA
parkey.exe,33280,0x1FE6D6D9E00,DXGI,0,0,0,Composed: Flip,21410.9447,NA,9.01000000000000,NA,0.15660000000000,7.28000000000000,NA,21402.0820,9.0193,8.8627,0.1566,8.7062,7.4365,7.3991,0.0374,NA,NA,NA
parkey.exe,33280,0x1FE6D6D9E00,DXGI,0,0,0,Composed: Flip,21419.0418,NA,8.09710000000000,7.54170000000000,0.12210000000000,8.24840000000000,18.6336,21411.1013,8.0626,7.9405,0.1221,7.8460,8.3429,8.3237,0.0192,9.8488,21411.1013,NA
parkey.exe,33280,0x1FE6D6D9E00,DXGI,0,0,0,Composed: Flip,21426.8948,NA,7.85300000000000,NA,0.08360000000000,7.91860000000000,NA,21419.1639,7.8145,7.7309,0.0836,8.1730,7.4765,7.4587,0.0178,NA,NA,NA
parkey.exe,33280,0x1FE6D6D9E00,DXGI,0,0,0,Composed: Flip,21435.6553,NA,8.76050000000000,NA,0.11590000000000,7.96020000000000,NA,21426.9784,8.7928,8.6769,0.1159,8.5888,8.0483,8.0270,0.0213,NA,NA,NA
parkey.exe,33280,0x1FE6D6D9E00,DXGI,0,0,0,Composed: Flip,21443.7172,NA,8.06190000000000,25.82560000000000,0.09810000000000,7.41410000000000,19.7838,21435.7712,8.0441,7.9460,0.0981,7.8722,7.4879,7.4699,0.0180,-1.1557,21435.7712,NA
parkey.exe,33280,0x1FE6D6D9E00,DXGI,0,0,0,Composed: Flip,21452.1067,NA,8.38950000000000,16.67160000000000,0.12770000000000,8.51100000000000,28.0659,21443.8153,8.4191,8.2914,0.1277,8.1218,8.6806,8.6618,0.0188,-8.6275,21443.8153,NA
parkey.exe,33280,0x1FE6D6D9E00,DXGI,0,0,0,Composed: Flip,21460.2283,NA,8.12160000000000,NA,0.09800000000000,8.15600000000000,NA,21452.2344,8.0919,7.9939,0.0980,8.3833,7.7666,7.7486,0.0180,NA,NA,NA
parkey.exe,33280,0x1FE6D6D9E00,DXGI,0,0,0,Composed: Flip,21468.7806,NA,8.55230000000000,6.11590000000000,0.09240000000000,8.02420000000000,17.5079,21460.3263,8.5467,8.4543,0.0924,8.2592,8.2193,8.2006,0.0187,10.3951,21460.3263,NA
parkey.exe,33280,0x1FE6D6D9E00,DXGI,0,0,0,Composed: Flip,21476.9503,NA,8.16970000000000,10.56550000000000,0.09310000000000,8.04120000000000,19.9037,21468.8730,8.1704,8.0773,0.0931,7.9810,8.1375,8.1164,0.0211,-2.0188,21468.8730,NA
parkey.exe,33280,0x1FE6D6D9E00,DXGI,0,0,0,Composed: Flip,21485.5270,NA,8.57670000000000,16.67550000000000,0.10800000000000,8.76360000000000,28.0025,21477.0434,8.5916,8.4836,0.1080,8.2970,8.9502,8.9206,0.0296,-8.5051,21477.0434,NA
parkey.exe,33280,0x1FE6D6D9E00,DXGI,0,0,0,Composed: Flip,21493.5245,NA,7.99750000000000,NA,0.10250000000000,9.25240000000000,NA,21485.6350,7.9920,7.8895,0.1025,8.6556,8.4863,8.4663,0.0200,NA,NA,NA
parkey.exe,33280,0x1FE6D6D9E00,DXGI,0,0,0,Composed: Flip,21502.1560,NA,8.63150000000000,7.47750000000000,0.11020000000000,9.46740000000000,18.8510,21493.6270,8.6392,8.5290,0.1102,9.1499,8.8465,8.7266,0.1199,9.1061,21493.6270,NA
parkey.exe,33280,0x1FE6D6D9E00,DXGI,0,0,0,Composed: Flip,21510.2023,NA,8.04630000000000,NA,0.09200000000000,10.16870000000000,NA,21502.2662,8.0281,7.9361,0.0920,9.3572,8.7476,8.7255,0.0221,NA,NA,NA
parkey.exe,33280,0x1FE6D6D9E00,DXGI,0,0,0,Composed: Flip,21518.7651,NA,8.56280000000000,25.88830000000000,0.12710000000000,10.04720000000000,28.1302,21510.2943,8.5979,8.4708,0.1271,10.0767,8.4413,8.4234,0.0179,-9.2210,21510.2943,NA
parkey.exe,33280,0x1FE6D6D9E00,DXGI,0,0,0,Composed: Flip,21526.8350,NA,8.06990000000000,NA,0.07900000000000,9.93500000000000,NA,21518.8922,8.0218,7.9428,0.0790,9.9493,7.9285,7.9116,0.0169,NA,NA,NA
parkey.exe,33280,0x1FE6D6D9E00,DXGI,0,0,0,Composed: Flip,21535.5219,NA,8.68690000000000,16.68140000000000,0.11320000000000,9.63130000000000,28.0548,21526.9140,8.7211,8.6079,0.1132,9.8560,8.3832,8.3620,0.0212,-0.0617,21526.9140,NA
parkey.exe,33280,0x1FE6D6D9E00,DXGI,0,0,0,Composed: Flip,21543.7482,NA,8.22630000000000,NA,0.08560000000000,9.32650000000000,NA,21535.6351,8.1987,8.1131,0.0856,9.5421,7.8975,7.8733,0.0242,NA,NA,NA
parkey.exe,33280,0x1FE6D6D9E00,DXGI,0,0,0,Composed: Flip,21552.0978,NA,8.34960000000000,6.06710000000000,0.10740000000000,9.70850000000000,17.5460,21543.8338,8.3714,8.2640,0.1074,9.2409,8.7316,8.6743,0.0573,10.8527,21543.8338,NA
parkey.exe,33280,0x1FE6D6D9E00,DXGI,0,0,0,Composed: Flip,21560.5566,NA,8.45880000000000,NA,0.16730000000000,10.04780000000000,NA,21552.2052,8.5187,8.3514,0.1673,9.6011,8.7981,8.7727,0.0254,NA,NA,NA
parkey.exe,33280,0x1FE6D6D9E00,DXGI,0,0,0,Composed: Flip,21568.8728,NA,8.31620000000000,27.29220000000000,0.10810000000000,10.54310000000000,28.0632,21560.7239,8.2570,8.1489,0.1081,9.8805,8.8115,8.7891,0.0224,-10.4021,21560.7239,NA
parkey.exe,33280,0x1FE6D6D9E00,DXGI,0,0,0,Composed: Flip,21577.1156,NA,8.24280000000000,NA,0.10880000000000,10.78020000000000,NA,21568.9809,8.2435,8.1347,0.1088,10.4350,8.4799,8.4586,0.0213,NA,NA,NA
parkey.exe,33280,0x1FE6D6D9E00,DXGI,0,0,0,Composed: Flip,21585.6667,NA,8.55110000000000,16.69260000000000,0.12450000000000,11.03470000000000,27.9619,21577.2244,8.5668,8.4423,0.1245,10.6714,8.8056,8.7835,0.0221,-0.1921,21577.2244,NA
parkey.exe,33280,0x1FE6D6D9E00,DXGI,0,0,0,Composed: Flip,21593.5879,NA,7.92120000000000,4.63490000000000,0.10570000000000,11.95750000000000,24.6756,21585.7912,7.9024,7.7967,0.1057,10.9102,8.8440,8.8174,0.0266,3.9319,21585.7912,NA
parkey.exe,33280,0x1FE6D6D9E00,DXGI,0,0,0,Composed: Flip,21602.2050,NA,8.61710000000000,12.02920000000000,0.10340000000000,12.16910000000000,28.0877,21593.6936,8.6148,8.5114,0.1034,11.8518,8.8287,8.8085,0.0202,-4.1268,21593.6936,NA
parkey.exe,33280,0x1FE6D6D9E00,DXGI,0,0,0,Composed: Flip,21610.3741,NA,8.16910000000000,1.84260000000000,0.09300000000000,12.27600000000000,21.7612,21602.3084,8.1587,8.0657,0.0930,12.0657,8.2760,8.2485,0.0275,6.7722,21602.3084,NA
parkey.exe,33280,0x1FE6D6D9E00,DXGI,0,0,0,Composed: Flip,21618.7476,NA,8.37350000000000,14.83890000000000,0.10800000000000,12.48400000000000,28.2266,21610.4671,8.3885,8.2805,0.1080,12.1830,8.5815,8.5595,0.0220,-6.6802,21610.4671,NA
parkey.exe,33280,0x1FE6D6D9E00,DXGI,0,0,0,Composed: Flip,21626.9067,NA,8.15910000000000,6.02870000000000,0.09940000000000,12.71510000000000,26.0962,21618.8556,8.1505,8.0511,0.0994,12.3760,8.3902,8.3653,0.0249,2.3598,21618.8556,NA
parkey.exe,33280,0x1FE6D6D9E00,DXGI,0,0,0,Composed: Flip,21635.3662,NA,8.45950000000000,10.64840000000000,0.09380000000000,12.39940000000000,28.2851,21627.0061,8.4539,8.3601,0.0938,12.6157,8.1438,8.0787,0.0651,-2.4979,21627.0061,NA
parkey.exe,33280,0x1FE6D6D9E00,DXGI,0,0,0,Composed: Flip,21643.6248,NA,8.25860000000000,NA,0.11550000000000,12.56130000000000,NA,21635.4600,8.2803,8.1648,0.1155,12.3056,8.4205,8.3966,0.0239,NA,NA,NA
parkey.exe,33280,0x1FE6D6D9E00,DXGI,0,0,0,Composed: Flip,21652.0743,NA,8.44950000000000,16.68440000000000,0.10120000000000,12.11380000000000,28.2614,21643.7403,8.4352,8.3340,0.1012,12.4458,8.0020,7.9529,0.0491,0.0498,21643.7403,NA
parkey.exe,33280,0x1FE6D6D9E00,DXGI,0,0,0,Composed: Flip,21660.2393,NA,8.16500000000000,7.33200000000000,0.09330000000000,12.46700000000000,27.4284,21652.1755,8.1571,8.0638,0.0933,12.0834,8.4474,8.4224,0.0250,1.1032,21652.1755,NA
parkey.exe,33280,0x1FE6D6D9E00,DXGI,0,0,0,Composed: Flip,21669.0883,NA,8.84900000000000,NA,0.10210000000000,12.28920000000000,NA,21660.3326,8.8578,8.7557,0.1021,12.3737,8.6712,8.6349,0.0363,NA,NA,NA
parkey.exe,33280,0x1FE6D6D9E00,DXGI,0,0,0,Composed: Flip,21676.9302,NA,7.84190000000000,NA,0.08180000000000,12.80930000000000,NA,21669.1904,7.8216,7.7398,0.0818,12.1871,8.3620,8.3360,0.0260,NA,NA,NA
parkey.exe,33280,0x1FE6D6D9E00,DXGI,0,0,0,Composed: Flip,21685.7025,NA,8.77230000000000,26.02950000000000,0.11880000000000,12.63570000000000,27.9947,21677.0120,8.8093,8.6905,0.1188,12.7275,8.5987,8.5676,0.0311,-1.1930,21677.0120,NA
parkey.exe,33280,0x1FE6D6D9E00,DXGI,0,0,0,Composed: Flip,21693.6573,NA,7.95480000000000,16.67740000000000,0.11660000000000,13.34620000000000,36.7173,21685.8213,7.9526,7.8360,0.1166,12.5169,8.6653,8.6435,0.0218,-7.8681,21685.8213,NA
parkey.exe,33280,0x1FE6D6D9E00,DXGI,0,0,0,Composed: Flip,21702.1661,NA,8.50880000000000,NA,0.10740000000000,13.42090000000000,NA,21693.7739,8.4996,8.3922,0.1074,13.2296,8.5835,8.5639,0.0196,NA,NA,NA
parkey.exe,33280,0x1FE6D6D9E00,DXGI,0,0,0,Composed: Flip,21710.3857,NA,8.21960000000000,5.95630000000000,0.09390000000000,13.84730000000000,25.9452,21702.2735,8.2061,8.1122,0.0939,13.3135,8.6460,8.6250,0.0210,10.4959,21702.2735,NA
parkey.exe,33280,0x1FE6D6D9E00,DXGI,0,0,0,Composed: Flip,21718.8782,NA,8.49250000000000,10.72550000000000,0.10880000000000,13.96390000000000,28.1782,21710.4796,8.5074,8.3986,0.1088,13.7534,8.6091,8.5888,0.0203,-2.5194,21710.4796,NA
parkey.exe,33280,0x1FE6D6D9E00,DXGI,0,0,0,Composed: Flip,21726.9577,NA,8.07950000000000,NA,0.08300000000000,14.38980000000000,NA,21718.9870,8.0537,7.9707,0.0830,13.8551,8.5054,8.4798,0.0256,NA,NA,NA
parkey.exe,33280,0x1FE6D6D9E00,DXGI,0,0,0,Composed: Flip,21735.3758,NA,8.41810000000000,16.68270000000000,0.10160000000000,14.55060000000000,28.3633,21727.0407,8.4367,8.3351,0.1016,14.3068,8.5789,8.5617,0.0172,-0.1216,21727.0407,NA
parkey.exe,33280,0x1FE6D6D9E00,DXGI,0,0,0,Composed: Flip,21743.6582,NA,8.28240000000000,16.68020000000000,0.09850000000000,14.79670000000000,36.7611,21735.4774,8.2793,8.1808,0.0985,14.4490,8.5285,8.5047,0.0238,-8.2435,21735.4774,NA
parkey.exe,33280,0x1FE6D6D9E00,DXGI,0,0,0,Composed: Flip,21752.1213,NA,8.46310000000000,NA,0.08930000000000,15.12040000000000,NA,21743.7567,8.4539,8.3646,0.0893,14.6982,8.7868,8.7639,0.0229,NA,NA,NA
parkey.exe,33280,0x1FE6D6D9E00,DXGI,0,0,0,Composed: Flip,21760.3543,NA,8.23300000000000,4.51930000000000,0.08700000000000,15.47480000000000,24.5843,21752.2106,8.2307,8.1437,0.0870,15.0311,8.5874,8.5668,0.0206,12.2139,21752.2106,NA
parkey.exe,33280,0x1FE6D6D9E00,DXGI,0,0,0,Composed: Flip,21768.7177,NA,8.36340000000000,12.16410000000000,0.10750000000000,15.63510000000000,28.3850,21760.4413,8.3839,8.2764,0.1075,15.3878,8.5237,8.5005,0.0232,-3.9334,21760.4413,NA
parkey.exe,33280,0x1FE6D6D9E00,DXGI,0,0,0,Composed: Flip,21776.9555,NA,8.23780000000000,8.67740000000000,0.08390000000000,16.07660000000000,28.8246,21768.8252,8.2142,8.1303,0.0839,15.5276,8.6793,8.6557,0.0236,-0.2935,21768.8252,NA
parkey.exe,33280,0x1FE6D6D9E00,DXGI,0,0,0,Composed: Flip,21785.3455,NA,8.39000000000000,NA,0.09080000000000,16.06790000000000,NA,21777.0394,8.3969,8.3061,0.0908,15.9927,8.3813,8.3587,0.0226,NA,NA,NA
parkey.exe,33280,0x1FE6D6D9E00,DXGI,0,0,0,Composed: Flip,21793.7325,NA,8.38700000000000,NA,0.08380000000000,16.52740000000000,NA,21785.4363,8.3800,8.2962,0.0838,15.9771,8.8465,8.8230,0.0235,NA,NA,NA
parkey.exe,33280,0x1FE6D6D9E00,DXGI,0,0,0,Composed: Flip,21802.0221,NA,8.28960000000000,24.67570000000000,0.10010000000000,16.65730000000000,28.4337,21793.8163,8.3059,8.2058,0.1001,16.4436,8.4195,8.3952,0.0243,0.3154,21793.8163,NA
parkey.exe,33280,0x1FE6D6D9E00,DXGI,0,0,0,Composed: Flip,21810.6389,NA,8.61680000000000,16.67660000000000,0.07870000000000,15.98850000000000,36.4935,21802.1222,8.5954,8.5167,0.0787,16.5572,7.9480,7.9250,0.0230,-8.3707,21802.1222,NA
parkey.exe,33280,0x1FE6D6D9E00,DXGI,0,0,0,Composed: Flip,21819.4101,NA,8.77120000000000,NA,0.10160000000000,15.91740000000000,NA,21810.7176,8.7941,8.6925,0.1016,15.9098,8.7001,8.6792,0.0209,NA,NA,NA
parkey.exe,33280,0x1FE6D6D9E00,DXGI,0,0,0,Composed: Flip,21826.9757,NA,7.56560000000000,7.28130000000000,0.08010000000000,16.51880000000000,27.4380,21819.5117,7.5441,7.4640,0.0801,15.8158,8.1670,8.1430,0.0240,10.1082,21819.5117,NA
parkey.exe,33280,0x1FE6D6D9E00,DXGI,0,0,0,Composed: Flip,21835.9712,NA,8.99550000000000,NA,0.13680000000000,14.36530000000000,NA,21827.0558,9.0522,8.9154,0.1368,16.4387,6.8420,6.8218,0.0202,NA,NA,NA
parkey.exe,33280,0x1FE6D6D9E00,DXGI,0,0,0,Composed: Flip,21844.0060,NA,8.03480000000000,NA,0.10110000000000,14.61510000000000,NA,21836.1080,7.9991,7.8980,0.1011,14.2285,8.2846,8.2608,0.0238,NA,NA,NA
parkey.exe,33280,0x1FE6D6D9E00,DXGI,0,0,0,Composed: Flip,21852.1706,NA,8.16460000000000,26.08190000000000,0.09610000000000,13.36830000000000,28.3250,21844.1071,8.1596,8.0635,0.0961,14.5140,6.9178,6.8942,0.0236,-1.4865,21844.1071,NA
parkey.exe,33280,0x1FE6D6D9E00,DXGI,0,0,0,Composed: Flip,21860.2564,NA,8.08580000000000,NA,0.09380000000000,13.40800000000000,NA,21852.2667,8.0835,7.9897,0.0938,13.2722,8.1255,8.0988,0.0267,NA,NA,NA
parkey.exe,33280,0x1FE6D6D9E00,DXGI,0,0,0,Composed: Flip,21868.8423,NA,8.58590000000000,8.64120000000000,0.11780000000000,12.70910000000000,20.2945,21860.3502,8.6099,8.4921,0.1178,13.3142,7.8870,7.8624,0.0246,7.6019,21860.3502,NA
parkey.exe,33280,0x1FE6D6D9E00,DXGI,0,0,0,Composed: Flip,21877.0007,NA,8.15840000000000,NA,0.08610000000000,12.82850000000000,NA,21868.9601,8.1267,8.0406,0.0861,12.6338,8.2353,8.2136,0.0217,NA,NA,NA
parkey.exe,33280,0x1FE6D6D9E00,DXGI,0,0,0,Composed: Flip,21885.4901,NA,8.48940000000000,24.71610000000000,0.10630000000000,12.54230000000000,28.3628,21877.0868,8.5096,8.4033,0.1063,12.7424,8.2032,8.1727,0.0305,-7.9795,21877.0868,NA
parkey.exe,33280,0x1FE6D6D9E00,DXGI,0,0,0,Composed: Flip,21893.5137,NA,8.02360000000000,NA,0.10110000000000,12.65930000000000,NA,21885.5964,8.0184,7.9173,0.1011,12.4360,8.1406,8.1158,0.0248,NA,NA,NA
parkey.exe,33280,0x1FE6D6D9E00,DXGI,0,0,0,Composed: Flip,21902.0096,NA,8.49590000000000,16.69320000000000,0.09450000000000,11.83850000000000,28.5365,21893.6148,8.4893,8.3948,0.0945,12.5582,7.6751,7.6577,0.0174,-0.1652,21893.6148,NA
parkey.exe,33280,0x1FE6D6D9E00,DXGI,0,0,0,Composed: Flip,21910.1406,NA,8.13100000000000,NA,0.08720000000000,11.92920000000000,NA,21902.1041,8.1237,8.0365,0.0872,11.7852,8.1805,8.1538,0.0267,NA,NA,NA
parkey.exe,33280,0x1FE6D6D9E00,DXGI,0,0,0,Composed: Flip,21919.1701,NA,9.02950000000000,16.66380000000000,0.11670000000000,11.13580000000000,28.0398,21910.2278,9.0590,8.9423,0.1167,11.8420,8.2361,8.2106,0.0255,-0.0508,21910.2278,NA
parkey.exe,33280,0x1FE6D6D9E00,DXGI,0,0,0,Composed: Flip,21926.9719,NA,7.80180000000000,NA,0.10660000000000,11.52680000000000,NA,21919.2868,7.7917,7.6851,0.1066,11.0191,8.1928,8.1583,0.0345,NA,NA,NA
parkey.exe,33280,0x1FE6D6D9E00,DXGI,0,0,0,Composed: Flip,21935.4117,NA,8.43980000000000,16.68780000000000,0.10660000000000,11.30420000000000,28.4860,21927.0785,8.4398,8.3332,0.1066,11.4202,8.2172,8.1957,0.0215,0.1629,21927.0785,NA
parkey.exe,33280,0x1FE6D6D9E00,DXGI,0,0,0,Composed: Flip,21943.5652,NA,8.15350000000000,NA,0.08300000000000,11.02210000000000,NA,21935.5183,8.1299,8.0469,0.0830,11.1976,7.8714,7.8529,0.0185,NA,NA,NA
parkey.exe,33280,0x1FE6D6D9E00,DXGI,0,0,0,Composed: Flip,21952.0192,NA,8.45400000000000,8.59140000000000,0.10260000000000,9.47170000000000,20.4699,21943.6482,8.4736,8.3710,0.1026,10.9391,6.9036,6.8817,0.0219,7.9783,21943.6482,NA
parkey.exe,33280,0x1FE6D6D9E00,DXGI,0,0,0,Composed: Flip,21960.2916,NA,8.27240000000000,NA,0.09320000000000,8.54630000000000,NA,21952.1218,8.2630,8.1698,0.0932,9.4015,7.3146,7.2934,0.0212,NA,NA,NA
parkey.exe,33280,0x1FE6D6D9E00,DXGI,0,0,0,Composed: Flip,21968.8345,NA,8.54290000000000,13.89760000000000,0.09380000000000,8.21490000000000,17.5522,21960.3848,8.5435,8.4497,0.0938,8.4531,8.2115,8.1910,0.0205,2.8390,21960.3848,NA
parkey.exe,33280,0x1FE6D6D9E00,DXGI,0,0,0,Composed: Flip,21976.9350,NA,8.10050000000000,10.87180000000000,0.08860000000000,7.33100000000000,20.3235,21968.9283,8.0953,8.0067,0.0886,8.1211,7.2166,7.2005,0.0161,-2.3283,21968.9283,NA
parkey.exe,33280,0x1FE6D6D9E00,DXGI,0,0,0,Composed: Flip,21985.6906,NA,8.75560000000000,NA,0.12250000000000,7.48210000000000,NA,21977.0236,8.7895,8.6670,0.1225,8.4993,7.6498,7.6322,0.0176,NA,NA,NA
parkey.exe,33280,0x1FE6D6D9E00,DXGI,0,0,0,Composed: Flip,21993.8640,NA,8.17340000000000,16.67970000000000,0.10490000000000,6.33960000000000,20.0742,21985.8131,8.1558,8.0509,0.1049,7.8793,6.5112,6.4939,0.0173,0.2051,21985.8131,NA
parkey.exe,33280,0x1FE6D6D9E00,DXGI,0,0,0,Composed: Flip,22002.1895,NA,8.32550000000000,NA,0.10530000000000,5.81070000000000,NA,21993.9689,8.3259,8.2206,0.1053,8.1114,5.9199,5.9001,0.0198,NA,NA,NA
parkey.exe,33280,0x1FE6D6D9E00,DXGI,0,0,0,Composed: Flip,22010.6188,NA,8.42930000000000,14.10110000000000,0.13100000000000,6.57420000000000,17.4205,22002.2948,8.4550,8.3240,0.1310,8.1970,6.7012,6.6796,0.0216,2.3806,22002.2948,NA
parkey.exe,33280,0x1FE6D6D9E00,DXGI,0,0,0,Composed: Flip,22018.8142,NA,8.19540000000000,NA,0.12660000000000,6.51920000000000,NA,22010.7498,8.1910,8.0644,0.1266,7.9614,6.6222,6.5995,0.0227,NA,NA,NA
parkey.exe,33280,0x1FE6D6D9E00,DXGI,0,0,0,Composed: Flip,22026.9825,NA,8.16830000000000,19.25880000000000,0.09240000000000,5.37210000000000,20.3156,22018.9408,8.1341,8.0417,0.0924,7.9511,5.4627,5.4443,0.0184,-2.6128,22018.9408,NA
parkey.exe,33280,0x1FE6D6D9E00,DXGI,0,0,0,Composed: Flip,22035.5552,NA,8.57270000000000,NA,0.11480000000000,7.06490000000000,NA,22027.0749,8.5951,8.4803,0.1148,8.5913,6.9539,6.9307,0.0232,NA,NA,NA
parkey.exe,33280,0x1FE6D6D9E00,DXGI,0,0,0,Composed: Flip,22043.5034,NA,7.94820000000000,15.47820000000000,0.09790000000000,6.37350000000000,19.2729,22035.6700,7.9313,7.8334,0.0979,7.7427,6.4642,6.4497,0.0145,1.2510,22035.6700,NA
parkey.exe,33280,0x1FE6D6D9E00,DXGI,0,0,0,Composed: Flip,22051.9930,NA,8.48960000000000,NA,0.09640000000000,6.22310000000000,NA,22043.6013,8.4881,8.3917,0.0964,8.2714,6.3434,6.3256,0.0178,NA,NA,NA
parkey.exe,33280,0x1FE6D6D9E00,DXGI,0,0,0,Composed: Flip,22060.2336,NA,8.24060000000000,17.88040000000000,0.10070000000000,6.25020000000000,20.4231,22052.0894,8.2449,8.1442,0.1007,8.0559,6.3385,6.3187,0.0198,-1.4610,22052.0894,NA
parkey.exe,33280,0x1FE6D6D9E00,DXGI,0,0,0,Composed: Flip,22068.8881,NA,8.65450000000000,NA,0.13950000000000,7.27810000000000,NA,22060.3343,8.6933,8.5538,0.1395,8.3190,7.5129,7.4930,0.0199,NA,NA,NA
parkey.exe,33280,0x1FE6D6D9E00,DXGI,0,0,0,Composed: Flip,22077.0692,NA,8.18110000000000,16.68440000000000,0.12680000000000,5.84710000000000,20.2719,22069.0276,8.1684,8.0416,0.1268,7.9059,5.9828,5.9561,0.0267,0.2538,22069.0276,NA
parkey.exe,33280,0x1FE6D6D9E00,DXGI,0,0,0,Composed: Flip,22085.5108,NA,8.44160000000000,NA,0.11580000000000,5.67140000000000,NA,22077.1960,8.4306,8.3148,0.1158,8.2060,5.7802,5.7557,0.0245,NA,NA,NA
parkey.exe,33280,0x1FE6D6D9E00,DXGI,0,0,0,Composed: Flip,22093.6315,NA,8.12070000000000,14.04690000000000,0.09920000000000,6.62420000000000,17.7565,22085.6266,8.1041,8.0049,0.0992,7.9083,6.7208,6.6924,0.0284,2.5521,22085.6266,NA
parkey.exe,33280,0x1FE6D6D9E00,DXGI,0,0,0,Composed: Flip,22102.1157,NA,8.48420000000000,NA,0.11250000000000,6.50150000000000,NA,22093.7307,8.4975,8.3850,0.1125,8.2762,6.6103,6.5873,0.0230,NA,NA,NA
parkey.exe,33280,0x1FE6D6D9E00,DXGI,0,0,0,Composed: Flip,22110.2365,NA,8.12080000000000,19.31260000000000,0.10040000000000,6.25860000000000,20.4641,22102.2282,8.1087,8.0083,0.1004,7.9172,6.3497,6.3341,0.0156,-2.7110,22102.2282,NA
parkey.exe,33280,0x1FE6D6D9E00,DXGI,0,0,0,Composed: Flip,22118.6876,NA,8.45110000000000,16.67180000000000,0.11830000000000,7.83690000000000,28.6848,22110.3369,8.4690,8.3507,0.1183,8.2367,7.9509,7.9307,0.0202,-8.5631,22110.3369,NA
parkey.exe,33280,0x1FE6D6D9E00,DXGI,0,0,0,Composed: Flip,22126.8974,NA,8.20980000000000,NA,0.09740000000000,6.24490000000000,NA,22118.8059,8.1889,8.0915,0.0974,8.0006,6.3358,6.3084,0.0274,NA,NA,NA
parkey.exe,33280,0x1FE6D6D9E00,DXGI,0,0,0,Composed: Flip,22135.3182,NA,8.42080000000000,NA,0.09890000000000,5.36820000000000,NA,22126.9948,8.4223,8.3234,0.0989,8.2043,5.4873,5.4642,0.0231,NA,NA,NA
parkey.exe,33280,0x1FE6D6D9E00,DXGI,0,0,0,Composed: Flip,22143.4965,NA,8.17830000000000,16.69140000000000,0.11560000000000,6.22880000000000,20.5673,22135.4171,8.1950,8.0794,0.1156,7.9922,6.3160,6.2952,0.0208,8.3888,22135.4171,NA
parkey.exe,33280,0x1FE6D6D9E00,DXGI,0,0,0,Composed: Flip,22151.9402,NA,8.44370000000000,NA,0.10850000000000,7.38750000000000,NA,22143.6121,8.4366,8.3281,0.1085,8.2271,7.4885,7.4683,0.0202,NA,NA,NA
parkey.exe,33280,0x1FE6D6D9E00,DXGI,0,0,0,Composed: Flip,22160.1232,NA,8.18300000000000,16.67930000000000,0.11440000000000,5.76560000000000,20.6199,22152.0487,8.1889,8.0745,0.1144,7.9837,5.8564,5.8289,0.0275,-0.0477,22152.0487,NA
parkey.exe,33280,0x1FE6D6D9E00,DXGI,0,0,0,Composed: Flip,22168.9700,NA,8.84680000000000,NA,0.12000000000000,5.67170000000000,NA,22160.2376,8.8524,8.7324,0.1200,8.6146,5.7895,5.7671,0.0224,NA,NA,NA
parkey.exe,33280,0x1FE6D6D9E00,DXGI,0,0,0,Composed: Flip,22176.9670,NA,7.99700000000000,13.99360000000000,0.09970000000000,6.61840000000000,17.7697,22169.0900,7.9767,7.8770,0.0997,7.7890,6.7064,6.6882,0.0182,3.0477,22169.0900,NA
parkey.exe,33280,0x1FE6D6D9E00,DXGI,0,0,0,Composed: Flip,22185.2772,NA,8.31020000000000,NA,0.11240000000000,6.57490000000000,NA,22177.0667,8.3229,8.2105,0.1124,8.1138,6.6716,6.6533,0.0183,NA,NA,NA
parkey.exe,33280,0x1FE6D6D9E00,DXGI,0,0,0,Composed: Flip,22193.6315,NA,8.35430000000000,19.36380000000000,0.09260000000000,6.25210000000000,20.4690,22185.3896,8.3345,8.2419,0.0926,8.1548,6.3392,6.3196,0.0196,-3.0642,22185.3896,NA
parkey.exe,33280,0x1FE6D6D9E00,DXGI,0,0,0,Composed: Flip,22201.8690,NA,8.23750000000000,NA,0.10840000000000,7.80110000000000,NA,22193.7241,8.2533,8.1449,0.1084,8.0448,7.9012,7.8856,0.0156,NA,NA,NA
parkey.exe,33280,0x1FE6D6D9E00,DXGI,0,0,0,Composed: Flip,22210.1767,NA,8.30770000000000,15.37560000000000,0.12600000000000,7.08680000000000,19.2994,22201.9774,8.3253,8.1993,0.1260,8.1035,7.1826,7.1597,0.0229,1.2122,22201.9774,NA
parkey.exe,33280,0x1FE6D6D9E00,DXGI,0,0,0,Composed: Flip,22218.6742,NA,8.49750000000000,NA,0.10370000000000,7.99250000000000,NA,22210.3027,8.4752,8.3715,0.1037,8.2487,8.1153,8.0988,0.0165,NA,NA,NA
parkey.exe,33280,0x1FE6D6D9E00,DXGI,0,0,0,Composed: Flip,22227.0300,NA,8.35580000000000,17.99450000000000,0.09860000000000,6.96190000000000,20.4406,22218.7779,8.3507,8.2521,0.0986,8.1049,7.1091,7.0876,0.0215,-1.1940,22218.7779,NA
parkey.exe,33280,0x1FE6D6D9E00,DXGI,0,0,0,Composed: Flip,22235.2304,NA,8.20040000000000,NA,0.10320000000000,7.91080000000000,NA,22227.1286,8.2050,8.1018,0.1032,7.9635,8.0491,8.0237,0.0254,NA,NA,NA
parkey.exe,33280,0x1FE6D6D9E00,DXGI,0,0,0,Composed: Flip,22243.6380,NA,8.40760000000000,16.79420000000000,0.09590000000000,7.37540000000000,20.6268,22235.3336,8.4003,8.3044,0.0959,8.1617,7.5181,7.4660,0.0521,-0.2385,22235.3336,NA
parkey.exe,33280,0x1FE6D6D9E00,DXGI,0,0,0,Composed: Flip,22251.8769,NA,8.23890000000000,NA,0.08990000000000,8.31950000000000,NA,22243.7339,8.2329,8.1430,0.0899,8.0273,8.4352,8.4046,0.0306,NA,NA,NA
parkey.exe,33280,0x1FE6D6D9E00,DXGI,0,0,0,Composed: Flip,22260.4101,NA,8.53320000000000,13.82110000000000,0.09890000000000,7.31210000000000,17.6758,22251.9668,8.5422,8.4433,0.0989,8.2684,7.4870,7.4711,0.0159,2.8121,22251.9668,NA
parkey.exe,33280,0x1FE6D6D9E00,DXGI,0,0,0,Composed: Flip,22269.0061,NA,8.59600000000000,NA,0.12390000000000,7.40430000000000,NA,22260.5090,8.6210,8.4971,0.1239,8.3155,7.5859,7.5658,0.0201,NA,NA,NA
parkey.exe,33280,0x1FE6D6D9E00,DXGI,0,0,0,Composed: Flip,22277.0543,NA,8.04820000000000,19.42100000000000,0.09380000000000,6.49590000000000,20.4526,22269.1300,8.0181,7.9243,0.0938,7.7949,6.6253,6.6026,0.0227,-2.2578,22269.1300,NA
parkey.exe,33280,0x1FE6D6D9E00,DXGI,0,0,0,Composed: Flip,22285.8330,NA,8.77870000000000,16.74260000000000,0.15330000000000,8.79760000000000,28.4165,22277.1481,8.8382,8.6849,0.1533,8.6208,8.8617,8.8386,0.0231,-8.7245,22277.1481,NA
parkey.exe,33280,0x1FE6D6D9E00,DXGI,0,0,0,Composed: Flip,22293.6351,NA,7.80210000000000,NA,0.08870000000000,9.21230000000000,NA,22285.9863,7.7375,7.6488,0.0887,8.6443,8.2168,8.1993,0.0175,NA,NA,NA
parkey.exe,33280,0x1FE6D6D9E00,DXGI,0,0,0,Composed: Flip,22302.3273,NA,8.69220000000000,5.52230000000000,0.10360000000000,9.03460000000000,17.4445,22293.7238,8.7071,8.6035,0.1036,9.1236,8.5145,8.4950,0.0195,11.0534,22293.7238,NA
parkey.exe,33280,0x1FE6D6D9E00,DXGI,0,0,0,Composed: Flip,22310.1343,NA,7.80700000000000,NA,0.10110000000000,10.05670000000000,NA,22302.4309,7.8045,7.7034,0.1011,8.9500,8.8101,8.7887,0.0214,NA,NA,NA
parkey.exe,33280,0x1FE6D6D9E00,DXGI,0,0,0,Composed: Flip,22318.5870,NA,8.45270000000000,20.82930000000000,0.10100000000000,10.15040000000000,22.0141,22310.2354,8.4526,8.3516,0.1010,9.9556,8.5464,8.5235,0.0229,-4.3177,22310.2354,NA
parkey.exe,33280,0x1FE6D6D9E00,DXGI,0,0,0,Composed: Flip,22326.8932,NA,8.30620000000000,NA,0.09310000000000,9.95050000000000,NA,22318.6880,8.2983,8.2052,0.0931,10.0787,8.0770,8.0512,0.0258,NA,NA,NA
parkey.exe,33280,0x1FE6D6D9E00,DXGI,0,0,0,Composed: Flip,22335.3883,NA,8.49510000000000,23.65220000000000,0.12580000000000,10.63530000000000,28.8650,22326.9863,8.5278,8.4020,0.1258,9.8574,9.1799,9.1524,0.0275,-6.9013,22326.9863,NA
parkey.exe,33280,0x1FE6D6D9E00,DXGI,0,0,0,Composed: Flip,22343.6582,NA,8.26990000000000,NA,0.09390000000000,10.94330000000000,NA,22335.5141,8.2380,8.1441,0.0939,10.5095,8.5779,8.5572,0.0207,NA,NA,NA
parkey.exe,33280,0x1FE6D6D9E00,DXGI,0,0,0,Composed: Flip,22352.2033,NA,8.54510000000000,16.64750000000000,0.10750000000000,10.87040000000000,28.6975,22343.7521,8.5587,8.4512,0.1075,10.8494,8.4722,8.4529,0.0193,0.1183,22343.7521,NA
parkey.exe,33280,0x1FE6D6D9E00,DXGI,0,0,0,Composed: Flip,22360.2115,NA,8.00820000000000,NA,0.10040000000000,10.99700000000000,NA,22352.3108,8.0011,7.9007,0.1004,10.7857,8.1120,8.0869,0.0251,NA,NA,NA
parkey.exe,33280,0x1FE6D6D9E00,DXGI,0,0,0,Composed: Flip,22369.2302,NA,9.01870000000000,8.31850000000000,0.12980000000000,11.05480000000000,19.9891,22360.3119,9.0481,8.9183,0.1298,10.8966,9.0765,9.0466,0.0299,8.2413,22360.3119,NA
parkey.exe,33280,0x1FE6D6D9E00,DXGI,0,0,0,Composed: Flip,22377.0291,NA,7.79890000000000,NA,0.08330000000000,12.41930000000000,NA,22369.3600,7.7524,7.6691,0.0833,10.9250,9.1634,9.1417,0.0217,NA,NA,NA
parkey.exe,33280,0x1FE6D6D9E00,DXGI,0,0,0,Composed: Flip,22385.4067,NA,8.37760000000000,25.05290000000000,0.10020000000000,13.18760000000000,28.8655,22377.1124,8.3945,8.2943,0.1002,12.3360,9.1459,9.1165,0.0294,-8.2524,22377.1124,NA
parkey.exe,33280,0x1FE6D6D9E00,DXGI,0,0,0,Composed: Flip,22393.4642,NA,8.05750000000000,NA,0.09850000000000,14.01630000000000,NA,22385.5069,8.0558,7.9573,0.0985,13.0874,8.8862,8.8641,0.0221,NA,NA,NA
parkey.exe,33280,0x1FE6D6D9E00,DXGI,0,0,0,Composed: Flip,22402.0826,NA,8.61840000000000,16.57020000000000,0.10540000000000,14.30750000000000,28.7598,22393.5627,8.6253,8.5199,0.1054,13.9178,8.9096,8.8884,0.0212,-0.1199,22393.5627,NA
parkey.exe,33280,0x1FE6D6D9E00,DXGI,0,0,0,Composed: Flip,22410.1768,NA,8.09420000000000,16.77760000000000,0.10210000000000,15.15090000000000,37.4432,22402.1880,8.0909,7.9888,0.1021,14.2021,8.9376,8.9077,0.0299,-8.1523,22402.1880,NA
parkey.exe,33280,0x1FE6D6D9E00,DXGI,0,0,0,Composed: Flip,22418.9541,NA,8.77730000000000,NA,0.09540000000000,15.17140000000000,NA,22410.2789,8.7706,8.6752,0.0954,15.0488,8.7978,8.7765,0.0213,NA,NA,NA
parkey.exe,33280,0x1FE6D6D9E00,DXGI,0,0,0,Composed: Flip,22426.9971,NA,8.04300000000000,4.12400000000000,0.08490000000000,15.83930000000000,24.7469,22419.0495,8.0325,7.9476,0.0849,15.0760,8.7109,8.6795,0.0314,12.7375,22419.0495,NA
parkey.exe,33280,0x1FE6D6D9E00,DXGI,0,0,0,Composed: Flip,22435.6008,NA,8.60370000000000,NA,0.11450000000000,16.22240000000000,NA,22427.0820,8.6333,8.5188,0.1145,15.7544,8.9868,8.9661,0.0207,NA,NA,NA
parkey.exe,33280,0x1FE6D6D9E00,DXGI,0,0,0,Composed: Flip,22443.6302,NA,8.02940000000000,20.82990000000000,0.08360000000000,17.00810000000000,28.9437,22435.7153,7.9985,7.9149,0.0836,16.1079,8.8151,8.7940,0.0211,-4.1641,22435.7153,NA
parkey.exe,33280,0x1FE6D6D9E00,DXGI,0,0,0,Composed: Flip,22452.0575,NA,8.42730000000000,NA,0.13040000000000,17.53600000000000,NA,22443.7138,8.4741,8.3437,0.1304,16.9245,8.9552,8.9268,0.0284,NA,NA,NA
parkey.exe,33280,0x1FE6D6D9E00,DXGI,0,0,0,Composed: Flip,22461.0418,NA,8.98430000000000,25.10580000000000,0.09390000000000,17.41250000000000,36.6379,22452.1879,8.9478,8.8539,0.0939,17.4056,8.8608,8.8345,0.0263,-8.6332,22452.1879,NA
parkey.exe,33280,0x1FE6D6D9E00,DXGI,0,0,0,Composed: Flip,22470.0984,NA,9.05660000000000,NA,0.08950000000000,17.14040000000000,NA,22461.1357,9.0522,8.9627,0.0895,17.3186,8.7845,8.7456,0.0389,NA,NA,NA
parkey.exe,33280,0x1FE6D6D9E00,DXGI,0,0,0,Composed: Flip,22478.8448,NA,8.74640000000000,16.66020000000000,0.09320000000000,17.20760000000000,35.4951,22470.1879,8.7501,8.6569,0.0932,17.0509,8.8136,8.7933,0.0203,1.3398,22470.1879,NA
parkey.exe,33280,0x1FE6D6D9E00,DXGI,0,0,0,Composed: Flip,22487.8088,NA,8.96400000000000,NA,0.09270000000000,16.99630000000000,NA,22478.9380,8.9635,8.8708,0.0927,17.1144,8.7527,8.7078,0.0449,NA,NA,NA
parkey.exe,33280,0x1FE6D6D9E00,DXGI,0,0,0,Composed: Flip,22496.5299,NA,8.72110000000000,6.85120000000000,0.09870000000000,17.25100000000000,24.6612,22487.9015,8.7271,8.6284,0.0987,16.9036,8.9758,8.9509,0.0249,10.8624,22487.9015,NA
parkey.exe,33280,0x1FE6D6D9E00,DXGI,0,0,0,Composed: Flip,22505.4373,NA,8.90740000000000,NA,0.10260000000000,17.11020000000000,NA,22496.6286,8.9113,8.8087,0.1026,17.1523,8.7666,8.7445,0.0221,NA,NA,NA
parkey.exe,33280,0x1FE6D6D9E00,DXGI,0,0,0,Composed: Flip,22514.1244,NA,8.68710000000000,26.50730000000000,0.08320000000000,16.30360000000000,33.5740,22505.5399,8.6677,8.5845,0.0832,17.0076,7.8805,7.8557,0.0248,-8.8689,22505.5399,NA
parkey.exe,33280,0x1FE6D6D9E00,DXGI,0,0,0,Composed: Flip,22522.9921,NA,8.86770000000000,NA,0.10850000000000,15.80870000000000,NA,22514.2076,8.8930,8.7845,0.1085,16.2540,8.3392,8.3149,0.0243,NA,NA,NA
parkey.exe,33280,0x1FE6D6D9E00,DXGI,0,0,0,Composed: Flip,22531.2424,NA,8.25030000000000,16.68560000000000,0.09920000000000,15.79820000000000,33.1416,22523.1006,8.2410,8.1418,0.0992,15.7002,8.2398,8.2181,0.0217,0.8751,22523.1006,NA
parkey.exe,33280,0x1FE6D6D9E00,DXGI,0,0,0,Composed: Flip,22539.2604,NA,8.01800000000000,NA,0.10220000000000,16.27890000000000,NA,22531.3416,8.0210,7.9188,0.1022,15.7249,8.4728,8.4484,0.0244,NA,NA,NA
parkey.exe,33280,0x1FE6D6D9E00,DXGI,0,0,0,Composed: Flip,22547.7437,NA,8.48330000000000,5.44940000000000,0.07880000000000,14.85980000000000,22.0897,22539.3626,8.4599,8.3811,0.0788,16.1767,7.0642,7.0414,0.0228,10.8126,22539.3626,NA
parkey.exe,33280,0x1FE6D6D9E00,DXGI,0,0,0,Composed: Flip,22556.0322,NA,8.28850000000000,NA,0.09920000000000,15.67710000000000,NA,22547.8225,8.3089,8.2097,0.0992,14.8094,9.0774,9.0565,0.0209,NA,NA,NA
parkey.exe,33280,0x1FE6D6D9E00,DXGI,0,0,0,Composed: Flip,22563.5137,NA,7.48150000000000,20.82160000000000,0.10210000000000,16.95930000000000,27.1413,22556.1314,7.4844,7.3823,0.1021,15.5779,8.7637,8.7376,0.0261,-4.0528,22556.1314,NA
parkey.exe,33280,0x1FE6D6D9E00,DXGI,0,0,0,Composed: Flip,22572.0889,NA,8.57520000000000,23.77140000000000,0.09500000000000,16.81410000000000,42.3375,22563.6158,8.5681,8.4731,0.0950,16.8572,8.4300,8.4073,0.0227,-16.2870,22563.6158,NA
parkey.exe,33280,0x1FE6D6D9E00,DXGI,0,0,0,Composed: Flip,22580.9205,NA,8.83160000000000,NA,0.09770000000000,16.89820000000000,NA,22572.1839,8.8343,8.7366,0.0977,16.7191,8.9157,8.8916,0.0241,NA,NA,NA
parkey.exe,33280,0x1FE6D6D9E00,DXGI,0,0,0,Composed: Flip,22589.4737,NA,8.55320000000000,4.01790000000000,0.11840000000000,17.22010000000000,28.9706,22581.0182,8.5739,8.4555,0.1184,16.8005,8.8751,8.8531,0.0220,13.3845,22581.0182,NA
parkey.exe,33280,0x1FE6D6D9E00,DXGI,0,0,0,Composed: Flip,22598.3185,NA,8.84480000000000,12.66460000000000,0.10840000000000,17.06020000000000,32.7904,22589.5921,8.8348,8.7264,0.1084,17.1017,8.6849,8.6565,0.0284,-4.0907,22589.5921,NA
parkey.exe,33280,0x1FE6D6D9E00,DXGI,0,0,0,Composed: Flip,22607.0645,NA,8.74600000000000,8.10580000000000,0.08260000000000,17.12300000000000,32.1502,22598.4269,8.7202,8.6376,0.0826,16.9518,8.8088,8.7823,0.0265,0.7290,22598.4269,NA
parkey.exe,33280,0x1FE6D6D9E00,DXGI,0,0,0,Composed: Flip,22615.8917,NA,8.82720000000000,NA,0.09430000000000,16.51410000000000,NA,22607.1471,8.8389,8.7446,0.0943,17.0404,8.2183,8.1950,0.0233,NA,NA,NA
parkey.exe,33280,0x1FE6D6D9E00,DXGI,0,0,0,Composed: Flip,22624.5433,NA,8.65160000000000,NA,0.09390000000000,16.26770000000000,NA,22615.9860,8.6512,8.5573,0.0939,16.4456,8.3794,8.3560,0.0234,NA,NA,NA
parkey.exe,33280,0x1FE6D6D9E00,DXGI,0,0,0,Composed: Flip,22633.2751,NA,8.73180000000000,25.26970000000000,0.09170000000000,15.14890000000000,31.2093,22624.6372,8.7296,8.6379,0.0917,16.1738,7.6130,7.5852,0.0278,0.9406,22624.6372,NA
parkey.exe,33280,0x1FE6D6D9E00,DXGI,0,0,0,Composed: Flip,22641.1028,NA,7.82770000000000,2.57140000000000,0.11550000000000,15.74410000000000,25.9530,22633.3668,7.8515,7.7360,0.1155,15.0885,8.3916,8.3714,0.0202,6.1582,22633.3668,NA
parkey.exe,33280,0x1FE6D6D9E00,DXGI,0,0,0,Composed: Flip,22649.2814,NA,8.17860000000000,NA,0.08620000000000,15.14040000000000,NA,22641.2183,8.1493,8.0631,0.0862,15.6286,7.5749,7.5499,0.0250,NA,NA,NA
parkey.exe,33280,0x1FE6D6D9E00,DXGI,0,0,0,Composed: Flip,22656.9649,NA,7.68350000000000,13.88030000000000,0.11660000000000,16.08780000000000,23.9712,22649.3676,7.7139,7.5973,0.1166,15.1318,8.5533,8.5285,0.0248,2.1205,22649.3676,NA
parkey.exe,33280,0x1FE6D6D9E00,DXGI,0,0,0,Composed: Flip,22665.2940,NA,8.32910000000000,16.89530000000000,0.09090000000000,14.98520000000000,32.5374,22657.0815,8.3034,8.2125,0.0909,15.9712,7.2265,7.2037,0.0228,-9.1814,22657.0815,NA
parkey.exe,33280,0x1FE6D6D9E00,DXGI,0,0,0,Composed: Flip,22673.4303,NA,8.13630000000000,NA,0.09600000000000,15.27140000000000,NA,22665.3849,8.1414,8.0454,0.0960,14.9277,8.3891,8.3283,0.0608,NA,NA,NA
parkey.exe,33280,0x1FE6D6D9E00,DXGI,0,0,0,Composed: Flip,22681.2248,NA,7.79450000000000,16.67570000000000,0.09980000000000,16.05080000000000,33.2823,22673.5263,7.7983,7.6985,0.0998,15.1754,8.5739,8.5540,0.0199,-0.2309,22673.5263,NA
parkey.exe,33280,0x1FE6D6D9E00,DXGI,0,0,0,Composed: Flip,22689.3616,NA,8.13680000000000,NA,0.09640000000000,15.98910000000000,NA,22681.3246,8.1334,8.0370,0.0964,15.9510,8.0751,8.0500,0.0251,NA,NA,NA
parkey.exe,33280,0x1FE6D6D9E00,DXGI,0,0,0,Composed: Flip,22697.7793,NA,8.41770000000000,8.10530000000000,0.11420000000000,15.70240000000000,24.8331,22689.4580,8.4355,8.3213,0.1142,15.8927,8.1310,8.1041,0.0269,7.8264,22689.4580,NA
parkey.exe,33280,0x1FE6D6D9E00,DXGI,0,0,0,Composed: Flip,22705.6389,NA,7.85960000000000,NA,0.11010000000000,15.69700000000000,NA,22697.8935,7.8555,7.7454,0.1101,15.6225,7.8199,7.7917,0.0282,NA,NA,NA
parkey.exe,33280,0x1FE6D6D9E00,DXGI,0,0,0,Composed: Flip,22714.3091,NA,8.67020000000000,25.25510000000000,0.09160000000000,15.67450000000000,33.5584,22705.7490,8.6517,8.5601,0.0916,15.5869,8.6477,8.6239,0.0238,-8.9641,22705.7490,NA
parkey.exe,33280,0x1FE6D6D9E00,DXGI,0,0,0,Composed: Flip,22722.0052,NA,7.69610000000000,NA,0.11130000000000,15.52390000000000,NA,22714.4007,7.7158,7.6045,0.1113,15.5829,7.5455,7.5244,0.0211,NA,NA,NA
parkey.exe,33280,0x1FE6D6D9E00,DXGI,0,0,0,Composed: Flip,22730.3266,NA,8.32140000000000,16.67900000000000,0.07950000000000,15.36880000000000,34.2199,22722.1165,8.2896,8.2101,0.0795,15.4126,8.1663,8.1390,0.0273,-0.3115,22722.1165,NA
parkey.exe,33280,0x1FE6D6D9E00,DXGI,0,0,0,Composed: Flip,22738.3873,NA,8.06070000000000,NA,0.09230000000000,14.57190000000000,NA,22730.4061,8.0735,7.9812,0.0923,15.3421,7.2110,7.1900,0.0210,NA,NA,NA
parkey.exe,33280,0x1FE6D6D9E00,DXGI,0,0,0,Composed: Flip,22746.4827,NA,8.09540000000000,6.68430000000000,0.08020000000000,15.01340000000000,24.7481,22738.4796,8.0833,8.0031,0.0802,14.4796,8.5369,8.5096,0.0273,9.6788,22738.4796,NA
parkey.exe,33280,0x1FE6D6D9E00,DXGI,0,0,0,Composed: Flip,22753.3066,NA,6.82390000000000,NA,0.08800000000000,15.71260000000000,NA,22746.5629,6.8317,6.7437,0.0880,14.9332,7.5231,7.4923,0.0308,NA,NA,NA
parkey.exe,33280,0x1FE6D6D9E00,DXGI,0,0,0,Composed: Flip,22761.9244,NA,8.61780000000000,13.84420000000000,0.09740000000000,15.68590000000000,23.1506,22753.3946,8.6272,8.5298,0.0974,15.6246,8.5911,8.5686,0.0225,1.0708,22753.3946,NA
parkey.exe,33280,0x1FE6D6D9E00,DXGI,0,0,0,Composed: Flip,22769.6360,NA,7.71160000000000,NA,0.11420000000000,16.69700000000000,NA,22762.0218,7.7284,7.6142,0.1142,15.5885,8.7227,8.6995,0.0232,NA,NA,NA
parkey.exe,33280,0x1FE6D6D9E00,DXGI,0,0,0,Composed: Flip,22777.9478,NA,8.31180000000000,20.88120000000000,0.10040000000000,16.93430000000000,28.0084,22769.7502,8.2980,8.1976,0.1004,16.5828,8.5491,8.5254,0.0237,-4.5256,22769.7502,NA
parkey.exe,33280,0x1FE6D6D9E00,DXGI,0,0,0,Composed: Flip,22786.9728,NA,9.02500000000000,NA,0.09920000000000,16.23100000000000,NA,22778.0482,9.0238,8.9246,0.0992,16.8339,8.3217,8.2957,0.0260,NA,NA,NA
parkey.exe,33280,0x1FE6D6D9E00,DXGI,0,0,0,Composed: Flip,22795.3420,NA,8.36920000000000,25.31530000000000,0.09290000000000,16.43370000000000,35.9295,22787.0720,8.3629,8.2700,0.0929,16.1318,8.5719,8.5452,0.0267,-7.9935,22787.0720,NA
parkey.exe,33280,0x1FE6D6D9E00,DXGI,0,0,0,Composed: Flip,22803.6970,NA,8.35500000000000,NA,0.09790000000000,16.53390000000000,NA,22795.4349,8.3600,8.2621,0.0979,16.3408,8.4552,8.4297,0.0255,NA,NA,NA
parkey.exe,33280,0x1FE6D6D9E00,DXGI,0,0,0,Composed: Flip,22812.0654,NA,8.36840000000000,16.30580000000000,0.10610000000000,16.15010000000000,35.5119,22803.7949,8.3766,8.2705,0.1061,16.4360,7.9846,7.9565,0.0281,0.4171,22803.7949,NA
parkey.exe,33280,0x1FE6D6D9E00,DXGI,0,0,0,Composed: Flip,22820.6996,NA,8.63420000000000,NA,0.10110000000000,14.39720000000000,NA,22812.1715,8.6292,8.5281,0.1011,16.0440,6.8813,6.8580,0.0233,NA,NA,NA
parkey.exe,33280,0x1FE6D6D9E00,DXGI,0,0,0,Composed: Flip,22828.5521,NA,7.85250000000000,17.04770000000000,0.10140000000000,14.65010000000000,36.0729,22820.8007,7.8528,7.7514,0.1014,14.2961,8.1054,8.0836,0.0218,-0.0419,22820.8007,NA
parkey.exe,33280,0x1FE6D6D9E00,DXGI,0,0,0,Composed: Flip,22835.6929,NA,7.14080000000000,NA,0.09870000000000,14.85860000000000,NA,22828.6535,7.1381,7.0394,0.0987,14.5487,7.3493,7.3300,0.0193,NA,NA,NA
parkey.exe,33280,0x1FE6D6D9E00,DXGI,0,0,0,Composed: Flip,22843.5968,NA,7.90390000000000,3.85930000000000,0.07780000000000,14.24580000000000,24.8875,22835.7916,7.8830,7.8052,0.0778,14.7599,7.2911,7.2676,0.0235,11.1316,22835.7916,NA
parkey.exe,33280,0x1FE6D6D9E00,DXGI,0,0,0,Composed: Flip,22851.9130,NA,8.31620000000000,12.82410000000000,0.08350000000000,12.35540000000000,29.3954,22843.6746,8.3219,8.2384,0.0835,14.1905,6.4033,6.3779,0.0254,-4.9411,22843.6746,NA
parkey.exe,33280,0x1FE6D6D9E00,DXGI,0,0,0,Composed: Flip,22860.1317,NA,8.21870000000000,NA,0.08570000000000,11.91090000000000,NA,22851.9965,8.2209,8.1352,0.0857,12.3232,7.7229,7.7000,0.0229,NA,NA,NA
parkey.exe,33280,0x1FE6D6D9E00,DXGI,0,0,0,Composed: Flip,22868.6820,NA,8.55030000000000,7.99840000000000,0.10150000000000,11.11920000000000,20.6248,22860.2174,8.5661,8.4646,0.1015,11.8252,7.7586,7.7364,0.0222,8.5444,22860.2174,NA
parkey.exe,33280,0x1FE6D6D9E00,DXGI,0,0,0,Composed: Flip,22876.9195,NA,8.23750000000000,NA,0.08900000000000,10.11510000000000,NA,22868.7835,8.2250,8.1360,0.0890,11.0489,7.2022,7.1765,0.0257,NA,NA,NA
parkey.exe,33280,0x1FE6D6D9E00,DXGI,0,0,0,Composed: Flip,22885.3945,NA,8.47500000000000,13.90410000000000,0.10470000000000,9.81900000000000,17.8164,22877.0085,8.4907,8.3860,0.1047,10.0261,8.1789,8.1594,0.0195,2.8870,22877.0085,NA
parkey.exe,33280,0x1FE6D6D9E00,DXGI,0,0,0,Composed: Flip,22893.6105,NA,8.21600000000000,NA,0.09390000000000,9.76620000000000,NA,22885.4992,8.2052,8.1113,0.0939,9.7143,8.1632,8.1417,0.0215,NA,NA,NA
parkey.exe,33280,0x1FE6D6D9E00,DXGI,0,0,0,Composed: Flip,22901.9654,NA,8.35490000000000,20.81900000000000,0.10020000000000,9.51820000000000,22.0645,22893.7044,8.3612,8.2610,0.1002,9.6723,8.1069,8.0833,0.0236,-4.1231,22893.7044,NA
parkey.exe,33280,0x1FE6D6D9E00,DXGI,0,0,0,Composed: Flip,22910.2465,NA,8.28110000000000,NA,0.08630000000000,9.31930000000000,NA,22902.0656,8.2672,8.1809,0.0863,9.4180,8.0822,8.0628,0.0194,NA,NA,NA
parkey.exe,33280,0x1FE6D6D9E00,DXGI,0,0,0,Composed: Flip,22918.5699,NA,8.32340000000000,13.90190000000000,0.08500000000000,9.31540000000000,19.3619,22910.3328,8.3221,8.2371,0.0850,9.2330,8.3195,8.2986,0.0209,2.7265,22910.3328,NA
parkey.exe,33280,0x1FE6D6D9E00,DXGI,0,0,0,Composed: Flip,22926.8962,NA,8.32630000000000,NA,0.08840000000000,9.14260000000000,NA,22918.6549,8.3297,8.2413,0.0884,9.2304,8.1535,8.1208,0.0327,NA,NA,NA
parkey.exe,33280,0x1FE6D6D9E00,DXGI,0,0,0,Composed: Flip,22935.7605,NA,8.86430000000000,NA,0.10220000000000,7.64270000000000,NA,22926.9846,8.8781,8.7759,0.1022,9.0542,7.3644,7.3310,0.0334,NA,NA,NA
parkey.exe,33280,0x1FE6D6D9E00,DXGI,0,0,0,Composed: Flip,22943.5664,NA,7.80590000000000,26.77910000000000,0.09380000000000,5.37820000000000,21.1445,22935.8627,7.7975,7.7037,0.0938,7.5667,5.5152,5.4893,0.0259,-1.2492,22935.8627,NA
parkey.exe,33280,0x1FE6D6D9E00,DXGI,0,0,0,Composed: Flip,22952.0911,NA,8.52470000000000,NA,0.13910000000000,7.79820000000000,NA,22943.6602,8.5700,8.4309,0.1391,8.3074,7.9217,7.9018,0.0199,NA,NA,NA
parkey.exe,33280,0x1FE6D6D9E00,DXGI,0,0,0,Composed: Flip,22960.3266,NA,8.23550000000000,14.89490000000000,0.08500000000000,5.40240000000000,19.2792,22952.2302,8.1814,8.0964,0.0850,7.9586,5.5402,5.5176,0.0226,1.4726,22952.2302,NA
parkey.exe,33280,0x1FE6D6D9E00,DXGI,0,0,0,Composed: Flip,22968.5590,NA,8.23240000000000,NA,0.10620000000000,6.65080000000000,NA,22960.4116,8.2536,8.1474,0.1062,8.0071,6.7911,6.7704,0.0207,NA,NA,NA
parkey.exe,33280,0x1FE6D6D9E00,DXGI,0,0,0,Composed: Flip,22976.8816,NA,8.32260000000000,18.46720000000000,0.10240000000000,5.47470000000000,21.1914,22968.6652,8.3188,8.2164,0.1024,8.1236,5.5675,5.5265,0.0410,-2.0322,22968.6652,NA
parkey.exe,33280,0x1FE6D6D9E00,DXGI,0,0,0,Composed: Flip,22985.1302,NA,8.24860000000000,NA,0.44380000000000,7.48950000000000,NA,22976.9840,8.5900,8.1462,0.4438,8.0474,7.5883,7.5659,0.0224,NA,NA,NA
parkey.exe,33280,0x1FE6D6D9E00,DXGI,0,0,0,Composed: Flip,22993.5782,NA,8.44800000000000,9.30800000000000,0.09290000000000,5.43790000000000,13.8028,22985.5740,8.0971,8.0042,0.0929,7.9136,5.5285,5.5058,0.0227,7.6008,22985.5740,NA
parkey.exe,33280,0x1FE6D6D9E00,DXGI,0,0,0,Composed: Flip,23002.0726,NA,8.49440000000000,NA,0.11200000000000,5.40720000000000,NA,22993.6711,8.5135,8.4015,0.1120,8.2849,5.5238,5.5049,0.0189,NA,NA,NA
parkey.exe,33280,0x1FE6D6D9E00,DXGI,0,0,0,Composed: Flip,23010.1440,NA,8.07140000000000,20.83380000000000,0.10320000000000,6.31560000000000,18.0708,23002.1846,8.0626,7.9594,0.1032,7.8533,6.4217,6.4047,0.0170,-4.2232,23002.1846,NA
parkey.exe,33280,0x1FE6D6D9E00,DXGI,0,0,0,Composed: Flip,23018.5206,NA,8.37660000000000,NA,0.12660000000000,6.60630000000000,NA,23010.2472,8.4000,8.2734,0.1266,8.1780,6.7017,6.6848,0.0169,NA,NA,NA
parkey.exe,33280,0x1FE6D6D9E00,DXGI,0,0,0,Composed: Flip,23026.8716,NA,8.35100000000000,19.90210000000000,0.08460000000000,5.46240000000000,21.2453,23018.6472,8.3090,8.2244,0.0846,8.1430,5.5438,5.5132,0.0306,-3.4395,23018.6472,NA
parkey.exe,33280,0x1FE6D6D9E00,DXGI,0,0,0,Composed: Flip,23035.1005,NA,8.22890000000000,NA,0.10280000000000,7.04800000000000,NA,23026.9562,8.2471,8.1443,0.1028,8.0506,7.1417,7.1225,0.0192,NA,NA,NA
parkey.exe,33280,0x1FE6D6D9E00,DXGI,0,0,0,Composed: Flip,23043.4102,NA,8.30970000000000,16.67390000000000,0.09540000000000,5.41610000000000,21.3806,23035.2033,8.3023,8.2069,0.0954,8.1124,5.5106,5.4903,0.0203,-0.1178,23035.2033,NA
parkey.exe,33280,0x1FE6D6D9E00,DXGI,0,0,0,Composed: Flip,23052.1453,NA,8.73510000000000,NA,0.12390000000000,6.31330000000000,NA,23043.5056,8.7636,8.6397,0.1239,8.5194,6.4336,6.4152,0.0184,NA,NA,NA
parkey.exe,33280,0x1FE6D6D9E00,DXGI,0,0,0,Composed: Flip,23060.1938,NA,8.04850000000000,16.68970000000000,0.09710000000000,5.43980000000000,21.2867,23052.2692,8.0217,7.9246,0.0971,7.8407,5.5237,5.4975,0.0262,0.3762,23052.2692,NA
parkey.exe,33280,0x1FE6D6D9E00,DXGI,0,0,0,Composed: Flip,23068.5589,NA,8.36510000000000,NA,0.11010000000000,7.43690000000000,NA,23060.2909,8.3781,8.2680,0.1101,8.1666,7.5383,7.5172,0.0211,NA,NA,NA
parkey.exe,33280,0x1FE6D6D9E00,DXGI,0,0,0,Composed: Flip,23076.8386,NA,8.27970000000000,9.24820000000000,0.11920000000000,5.39380000000000,13.8901,23068.6690,8.2888,8.1696,0.1192,8.0235,5.5399,5.5145,0.0254,7.1516,23068.6690,NA
parkey.exe,33280,0x1FE6D6D9E00,DXGI,0,0,0,Composed: Flip,23085.3754,NA,8.53680000000000,NA,0.10830000000000,5.42060000000000,NA,23076.9578,8.5259,8.4176,0.1083,8.3116,5.5266,5.5017,0.0249,NA,NA,NA
parkey.exe,33280,0x1FE6D6D9E00,DXGI,0,0,0,Composed: Flip,23093.4209,NA,8.04550000000000,20.82650000000000,0.09750000000000,6.30190000000000,18.1343,23085.4837,8.0347,7.9372,0.0975,7.8470,6.3921,6.3789,0.0132,-4.0118,23085.4837,NA
parkey.exe,33280,0x1FE6D6D9E00,DXGI,0,0,0,Composed: Flip,23102.0095,NA,8.58860000000000,NA,0.11680000000000,6.62190000000000,NA,23093.5184,8.6079,8.4911,0.1168,8.3753,6.7377,6.7145,0.0232,NA,NA,NA
parkey.exe,33280,0x1FE6D6D9E00,DXGI,0,0,0,Composed: Flip,23110.2546,NA,8.24510000000000,19.95440000000000,0.10210000000000,5.44200000000000,21.2550,23102.1263,8.2304,8.1283,0.1021,8.0355,5.5348,5.4989,0.0359,-3.3118,23102.1263,NA
parkey.exe,33280,0x1FE6D6D9E00,DXGI,0,0,0,Composed: Flip,23118.5887,NA,8.33410000000000,NA,0.11290000000000,7.87440000000000,NA,23110.3567,8.3449,8.2320,0.1129,8.1193,7.9871,7.9658,0.0213,NA,NA,NA
parkey.exe,33280,0x1FE6D6D9E00,DXGI,0,0,0,Composed: Flip,23126.8191,NA,8.23040000000000,16.67950000000000,0.09880000000000,5.42990000000000,21.3700,23118.7016,8.2163,8.1175,0.0988,8.0265,5.5209,5.5033,0.0176,-0.1042,23118.7016,NA
parkey.exe,33280,0x1FE6D6D9E00,DXGI,0,0,0,Composed: Flip,23135.1689,NA,8.34980000000000,NA,0.10120000000000,5.41080000000000,NA,23126.9179,8.3522,8.2510,0.1012,8.1345,5.5273,5.5049,0.0224,NA,NA,NA
parkey.exe,33280,0x1FE6D6D9E00,DXGI,0,0,0,Composed: Flip,23143.4287,NA,8.25980000000000,16.68110000000000,0.11490000000000,5.44150000000000,21.4415,23135.2701,8.2735,8.1586,0.1149,8.0574,5.5427,5.5190,0.0237,-0.1126,23135.2701,NA
parkey.exe,33280,0x1FE6D6D9E00,DXGI,0,0,0,Composed: Flip,23151.7752,NA,8.34650000000000,NA,0.09980000000000,7.44540000000000,NA,23143.5436,8.3314,8.2316,0.0998,8.1390,7.5380,7.5132,0.0248,NA,NA,NA
parkey.exe,33280,0x1FE6D6D9E00,DXGI,0,0,0,Composed: Flip,23160.2620,NA,8.48680000000000,9.19850000000000,0.08550000000000,5.38270000000000,13.8067,23151.8750,8.4725,8.3870,0.0855,8.2520,5.5177,5.4971,0.0206,7.4064,23151.8750,NA
parkey.exe,33280,0x1FE6D6D9E00,DXGI,0,0,0,Composed: Flip,23168.6475,NA,8.38550000000000,NA,0.10440000000000,5.46040000000000,NA,23160.3475,8.4044,8.3000,0.1044,8.1893,5.5711,5.5500,0.0211,NA,NA,NA
parkey.exe,33280,0x1FE6D6D9E00,DXGI,0,0,0,Composed: Flip,23176.8915,NA,8.24400000000000,20.85240000000000,0.11890000000000,6.31700000000000,18.0296,23168.7519,8.2585,8.1396,0.1189,8.0464,6.4102,6.3909,0.0193,-3.9755,23168.7519,NA
parkey.exe,33280,0x1FE6D6D9E00,DXGI,0,0,0,Composed: Flip,23185.2011,NA,8.30960000000000,NA,0.09900000000000,6.65000000000000,NA,23177.0104,8.2897,8.1907,0.0990,8.0960,6.7447,6.7269,0.0178,NA,NA,NA
parkey.exe,33280,0x1FE6D6D9E00,DXGI,0,0,0,Composed: Flip,23193.7394,NA,8.53830000000000,19.99610000000000,0.11150000000000,5.43830000000000,21.1778,23185.3001,8.5508,8.4393,0.1115,8.3320,5.5456,5.5207,0.0249,-3.4479,23185.3001,NA
parkey.exe,33280,0x1FE6D6D9E00,DXGI,0,0,0,Composed: Flip,23201.9069,NA,8.16750000000000,NA,0.11140000000000,7.91600000000000,NA,23193.8509,8.1674,8.0560,0.1114,7.9571,8.0149,7.9959,0.0190,NA,NA,NA
parkey.exe,33280,0x1FE6D6D9E00,DXGI,0,0,0,Composed: Flip,23210.1690,NA,8.26210000000000,14.73730000000000,0.13160000000000,6.52280000000000,19.4855,23202.0183,8.2823,8.1507,0.1316,8.0531,6.6204,6.6008,0.0196,1.9809,23202.0183,NA
parkey.exe,33280,0x1FE6D6D9E00,DXGI,0,0,0,Composed: Flip,23218.7646,NA,8.59560000000000,NA,0.10990000000000,7.27270000000000,NA,23210.3006,8.5739,8.4640,0.1099,8.3322,7.4045,7.3780,0.0265,NA,NA,NA
parkey.exe,33280,0x1FE6D6D9E00,DXGI,0,0,0,Composed: Flip,23226.9586,NA,8.19400000000000,18.62470000000000,0.10200000000000,6.38270000000000,21.3206,23218.8745,8.1861,8.0841,0.1020,7.9926,6.4742,6.4550,0.0192,-1.7685,23218.8745,NA
parkey.exe,33280,0x1FE6D6D9E00,DXGI,0,0,0,Composed: Flip,23235.1685,NA,8.20990000000000,NA,0.09970000000000,8.21060000000000,NA,23227.0606,8.2076,8.1079,0.0997,8.0177,8.3008,8.2768,0.0240,NA,NA,NA
parkey.exe,33280,0x1FE6D6D9E00,DXGI,0,0,0,Composed: Flip,23243.5473,NA,8.37880000000000,16.09330000000000,0.09390000000000,7.21650000000000,20.8252,23235.2682,8.3730,8.2791,0.0939,8.1403,7.3553,7.3349,0.0204,0.3004,23235.2682,NA
parkey.exe,33280,0x1FE6D6D9E00,DXGI,0,0,0,Composed: Flip,23252.1687,NA,8.62140000000000,17.26330000000000,0.08980000000000,8.02090000000000,29.4671,23243.6412,8.6173,8.5275,0.0898,8.3789,8.1695,8.1519,0.0176,-8.8903,23243.6412,NA
parkey.exe,33280,0x1FE6D6D9E00,DXGI,0,0,0,Composed: Flip,23260.0936,NA,7.92490000000000,NA,0.10070000000000,7.86460000000000,NA,23252.2585,7.9358,7.8351,0.1007,7.9582,7.7415,7.7196,0.0219,NA,NA,NA
parkey.exe,33280,0x1FE6D6D9E00,DXGI,0,0,0,Composed: Flip,23268.9926,NA,8.89900000000000,3.62230000000000,0.12620000000000,8.04640000000000,16.2655,23260.1943,8.9245,8.7983,0.1262,8.6038,8.2409,8.2190,0.0219,12.9308,23260.1943,NA
parkey.exe,33280,0x1FE6D6D9E00,DXGI,0,0,0,Composed: Flip,23276.9197,NA,7.92710000000000,NA,0.13290000000000,9.26470000000000,NA,23269.1188,7.9338,7.8009,0.1329,7.9470,9.1186,8.9677,0.1509,NA,NA,NA
parkey.exe,33280,0x1FE6D6D9E00,DXGI,0,0,0,Composed: Flip,23285.4977,NA,8.57800000000000,20.81870000000000,0.14040000000000,9.78920000000000,20.5791,23277.0526,8.5855,8.4451,0.1404,9.1318,9.1025,9.0786,0.0239,-3.9604,23277.0526,NA
parkey.exe,33280,0x1FE6D6D9E00,DXGI,0,0,0,Composed: Flip,23293.6192,NA,8.12150000000000,NA,0.08430000000000,10.45740000000000,NA,23285.6381,8.0654,7.9811,0.0843,9.6488,8.7897,8.7477,0.0420,NA,NA,NA
parkey.exe,33280,0x1FE6D6D9E00,DXGI,0,0,0,Composed: Flip,23302.1504,NA,8.53120000000000,25.61350000000000,0.11700000000000,11.24090000000000,29.5399,23293.7035,8.5639,8.4469,0.1170,10.3731,9.3147,9.2911,0.0236,-8.9626,23293.7035,NA
parkey.exe,33280,0x1FE6D6D9E00,DXGI,0,0,0,Composed: Flip,23310.6237,NA,8.47330000000000,NA,0.11790000000000,11.74450000000000,NA,23302.2674,8.4742,8.3563,0.1179,11.1239,8.9769,8.9387,0.0382,NA,NA,NA
parkey.exe,33280,0x1FE6D6D9E00,DXGI,0,0,0,Composed: Flip,23318.8339,NA,8.21020000000000,9.08590000000000,0.09830000000000,13.02880000000000,21.9423,23310.7416,8.1906,8.0923,0.0983,11.6266,9.4945,9.4732,0.0213,7.9522,23310.7416,NA
parkey.exe,33280,0x1FE6D6D9E00,DXGI,0,0,0,Composed: Flip,23327.3127,NA,8.47880000000000,NA,0.23820000000000,13.27920000000000,NA,23318.9322,8.6187,8.3805,0.2382,12.9305,8.7292,8.7033,0.0259,NA,NA,NA
parkey.exe,33280,0x1FE6D6D9E00,DXGI,0,0,0,Composed: Flip,23335.9125,NA,8.59980000000000,24.26420000000000,0.11270000000000,13.58030000000000,29.1279,23327.5509,8.4743,8.3616,0.1127,13.0410,8.9009,8.8709,0.0300,-7.4549,23327.5509,NA
parkey.exe,33280,0x1FE6D6D9E00,DXGI,0,0,0,Composed: Flip,23343.7791,NA,7.86660000000000,NA,0.09360000000000,15.16050000000000,NA,23336.0252,7.8475,7.7539,0.0936,13.5157,9.3987,9.3700,0.0287,NA,NA,NA
parkey.exe,33280,0x1FE6D6D9E00,DXGI,0,0,0,Composed: Flip,23352.0587,NA,8.27960000000000,16.68110000000000,0.11030000000000,16.21200000000000,29.6628,23343.8727,8.2963,8.1860,0.1103,15.0669,9.3311,9.3082,0.0229,-0.3593,23343.8727,NA
parkey.exe,33280,0x1FE6D6D9E00,DXGI,0,0,0,Composed: Flip,23360.5190,NA,8.46030000000000,16.67370000000000,0.11480000000000,16.87040000000000,37.8762,23352.1690,8.4648,8.3500,0.1148,16.1017,9.1187,9.0959,0.0228,-8.3774,23352.1690,NA
parkey.exe,33280,0x1FE6D6D9E00,DXGI,0,0,0,Composed: Flip,23368.6012,NA,8.08220000000000,NA,0.10290000000000,16.68660000000000,NA,23360.6338,8.0703,7.9674,0.1029,16.7556,7.8984,7.8793,0.0191,NA,NA,NA
parkey.exe,33280,0x1FE6D6D9E00,DXGI,0,0,0,Composed: Flip,23377.6992,NA,9.09800000000000,4.91060000000000,0.11430000000000,16.88860000000000,25.6066,23368.7041,9.1094,8.9951,0.1143,16.5837,9.3000,9.2773,0.0227,11.6245,23368.7041,NA
parkey.exe,33280,0x1FE6D6D9E00,DXGI,0,0,0,Composed: Flip,23385.7834,NA,8.08420000000000,NA,0.10000000000000,17.62090000000000,NA,23377.8135,8.0699,7.9699,0.1000,16.7743,8.8165,8.7921,0.0244,NA,NA,NA
parkey.exe,33280,0x1FE6D6D9E00,DXGI,0,0,0,Composed: Flip,23394.8701,NA,9.08670000000000,20.82480000000000,0.11990000000000,17.80200000000000,29.2605,23385.8834,9.1066,8.9867,0.1199,17.5209,9.2678,9.2473,0.0205,-3.6455,23385.8834,NA
parkey.exe,33280,0x1FE6D6D9E00,DXGI,0,0,0,Composed: Flip,23403.7604,NA,8.89030000000000,NA,0.10890000000000,17.65100000000000,NA,23394.9900,8.8793,8.7704,0.1089,17.6821,8.7393,8.7081,0.0312,NA,NA,NA
parkey.exe,33280,0x1FE6D6D9E00,DXGI,0,0,0,Composed: Flip,23413.0381,NA,9.27770000000000,NA,0.09440000000000,17.72820000000000,NA,23403.8693,9.2632,9.1688,0.0944,17.5421,9.3549,9.3318,0.0231,NA,NA,NA
parkey.exe,33280,0x1FE6D6D9E00,DXGI,0,0,0,Composed: Flip,23421.9653,NA,8.92720000000000,24.32110000000000,0.09660000000000,15.53230000000000,26.4864,23413.1325,8.9294,8.8328,0.0966,17.6338,6.7313,6.7083,0.0230,2.9280,23413.1325,NA
parkey.exe,33280,0x1FE6D6D9E00,DXGI,0,0,0,Composed: Flip,23431.1416,NA,9.17630000000000,16.66290000000000,0.09730000000000,15.32960000000000,33.9730,23422.0619,9.1770,9.0797,0.0973,15.4610,8.9483,8.9251,0.0232,-7.7335,23422.0619,NA
parkey.exe,33280,0x1FE6D6D9E00,DXGI,0,0,0,Composed: Flip,23438.3796,NA,7.23800000000000,NA,0.11690000000000,16.55620000000000,NA,23431.2389,7.2576,7.1407,0.1169,15.2323,8.4646,8.4443,0.0203,NA,NA,NA
parkey.exe,33280,0x1FE6D6D9E00,DXGI,0,0,0,Composed: Flip,23446.7401,NA,8.36050000000000,7.62440000000000,0.08310000000000,16.85370000000000,25.9989,23438.4965,8.3267,8.2436,0.0831,16.4393,8.6580,8.6321,0.0259,8.8102,23438.4965,NA
parkey.exe,33280,0x1FE6D6D9E00,DXGI,0,0,0,Composed: Flip,23455.8318,NA,9.09170000000000,NA,0.14030000000000,15.86410000000000,NA,23446.8232,9.1489,9.0086,0.1403,16.8064,8.0663,8.0420,0.0243,NA,NA,NA
parkey.exe,33280,0x1FE6D6D9E00,DXGI,0,0,0,Composed: Flip,23464.4529,NA,8.62110000000000,25.75040000000000,0.10580000000000,15.94710000000000,34.0365,23455.9721,8.5866,8.4808,0.1058,15.7238,8.7041,8.6776,0.0265,-8.2748,23455.9721,NA
parkey.exe,33280,0x1FE6D6D9E00,DXGI,0,0,0,Composed: Flip,23472.3266,NA,7.87370000000000,NA,0.10690000000000,16.15060000000000,NA,23464.5587,7.8748,7.7679,0.1069,15.8632,8.0553,8.0330,0.0223,NA,NA,NA
parkey.exe,33280,0x1FE6D6D9E00,DXGI,0,0,0,Composed: Flip,23481.2125,NA,8.88590000000000,15.87670000000000,0.07660000000000,16.41570000000000,33.1536,23472.4335,8.8556,8.7790,0.0766,16.0437,9.1510,9.1298,0.0212,0.5847,23472.4335,NA
parkey.exe,33280,0x1FE6D6D9E00,DXGI,0,0,0,Composed: Flip,23488.9553,NA,7.74280000000000,NA,0.09130000000000,17.52520000000000,NA,23481.2891,7.7575,7.6662,0.0913,16.3391,8.8523,8.8240,0.0283,NA,NA,NA
parkey.exe,33280,0x1FE6D6D9E00,DXGI,0,0,0,Composed: Flip,23497.7337,NA,8.77840000000000,17.47230000000000,0.11320000000000,17.85470000000000,34.1047,23489.0466,8.8003,8.6871,0.1132,17.4339,9.1079,9.0798,0.0281,-0.8592,23489.0466,NA
parkey.exe,33280,0x1FE6D6D9E00,DXGI,0,0,0,Composed: Flip,23507.1910,NA,9.45730000000000,NA,0.09500000000000,17.34190000000000,NA,23497.8469,9.4391,9.3441,0.0950,17.7415,8.9445,8.9239,0.0206,NA,NA,NA
parkey.exe,33280,0x1FE6D6D9E00,DXGI,0,0,0,Composed: Flip,23516.0254,NA,8.83440000000000,16.68490000000000,0.13330000000000,17.97830000000000,32.4979,23507.2860,8.8727,8.7394,0.1333,17.2469,9.4708,9.4484,0.0224,1.5545,23507.2860,NA
parkey.exe,33280,0x1FE6D6D9E00,DXGI,0,0,0,Composed: Flip,23524.9000,NA,8.87460000000000,16.69040000000000,0.11190000000000,17.80450000000000,40.3137,23516.1587,8.8532,8.7413,0.1119,17.8450,8.7008,8.6766,0.0242,-7.8177,23516.1587,NA
parkey.exe,33280,0x1FE6D6D9E00,DXGI,0,0,0,Composed: Flip,23534.1105,NA,9.21050000000000,NA,0.08630000000000,15.43440000000000,NA,23525.0119,9.1849,9.0986,0.0863,17.6926,6.8404,6.7725,0.0679,NA,NA,NA
parkey.exe,33280,0x1FE6D6D9E00,DXGI,0,0,0,Composed: Flip,23542.9878,NA,8.87730000000000,4.78620000000000,0.09120000000000,15.76880000000000,27.0121,23534.1968,8.8822,8.7910,0.0912,15.5150,9.0448,9.0216,0.0232,13.2519,23534.1968,NA
parkey.exe,33280,0x1FE6D6D9E00,DXGI,0,0,0,Composed: Flip,23550.4010,NA,7.41320000000000,11.88080000000000,0.08930000000000,16.99960000000000,31.4797,23543.0790,7.4113,7.3220,0.0893,15.6776,8.6440,8.6193,0.0247,-2.9986,23543.0790,NA
parkey.exe,33280,0x1FE6D6D9E00,DXGI,0,0,0,Composed: Flip,23559.0673,NA,8.66630000000000,8.93220000000000,0.09380000000000,17.27260000000000,31.7456,23550.4903,8.6708,8.5770,0.0938,16.9103,8.9393,8.8994,0.0399,-1.5209,23550.4903,NA
parkey.exe,33280,0x1FE6D6D9E00,DXGI,0,0,0,Composed: Flip,23567.8061,NA,8.73880000000000,NA,0.08990000000000,17.79660000000000,NA,23559.1611,8.7349,8.6450,0.0899,17.1788,9.2628,9.2397,0.0231,NA,NA,NA
parkey.exe,33280,0x1FE6D6D9E00,DXGI,0,0,0,Composed: Flip,23576.8733,NA,9.06720000000000,13.90130000000000,0.33270000000000,17.79580000000000,27.8409,23567.8960,9.3100,8.9773,0.3327,17.7067,9.0664,9.0436,0.0228,3.5044,23567.8960,NA
parkey.exe,33280,0x1FE6D6D9E00,DXGI,0,0,0,Composed: Flip,23586.0095,NA,9.13620000000000,10.52400000000000,0.10940000000000,17.28830000000000,29.2287,23577.2060,8.9129,8.8035,0.1094,17.4631,8.6287,8.6034,0.0253,-1.2140,23577.2060,NA
parkey.exe,33280,0x1FE6D6D9E00,DXGI,0,0,0,Composed: Flip,23594.9392,NA,8.92970000000000,16.68130000000000,0.09570000000000,17.43620000000000,36.9803,23586.1189,8.9160,8.8203,0.0957,17.1789,9.0776,9.0054,0.0722,-7.7684,23586.1189,NA
parkey.exe,33280,0x1FE6D6D9E00,DXGI,0,0,0,Composed: Flip,23603.7402,NA,8.80100000000000,NA,0.08490000000000,17.12950000000000,NA,23595.0349,8.7902,8.7053,0.0849,17.3405,8.4943,8.4694,0.0249,NA,NA,NA
parkey.exe,33280,0x1FE6D6D9E00,DXGI,0,0,0,Composed: Flip,23612.9417,NA,9.20150000000000,7.52880000000000,0.10550000000000,16.95260000000000,26.5066,23603.8251,9.2221,9.1166,0.1055,17.0446,9.0246,8.9983,0.0263,10.1774,23603.8251,NA
parkey.exe,33280,0x1FE6D6D9E00,DXGI,0,0,0,Composed: Flip,23621.5249,NA,8.58320000000000,NA,0.09670000000000,16.16310000000000,NA,23613.0472,8.5744,8.4777,0.0967,16.8471,7.7937,7.7675,0.0262,NA,NA,NA
parkey.exe,33280,0x1FE6D6D9E00,DXGI,0,0,0,Composed: Flip,23630.1317,NA,8.60680000000000,25.83280000000000,0.09580000000000,15.95840000000000,35.1494,23621.6216,8.6059,8.5101,0.0958,16.0664,8.4021,8.3755,0.0266,-8.0363,23621.6216,NA
parkey.exe,33280,0x1FE6D6D9E00,DXGI,0,0,0,Composed: Flip,23638.2110,NA,8.07930000000000,NA,0.09170000000000,15.31200000000000,NA,23630.2275,8.0752,7.9835,0.0917,15.8914,7.4041,7.3778,0.0263,NA,NA,NA
parkey.exe,33280,0x1FE6D6D9E00,DXGI,0,0,0,Composed: Flip,23646.6176,NA,8.40660000000000,8.88770000000000,0.10680000000000,15.65420000000000,27.5512,23638.3027,8.4217,8.3149,0.1068,15.2203,8.7488,8.7201,0.0287,7.7934,23638.3027,NA
parkey.exe,33280,0x1FE6D6D9E00,DXGI,0,0,0,Composed: Flip,23654.0493,NA,7.43170000000000,NA,0.09580000000000,15.48990000000000,NA,23646.7244,7.4207,7.3249,0.0958,15.5474,7.2674,7.2447,0.0227,NA,NA,NA
parkey.exe,33280,0x1FE6D6D9E00,DXGI,0,0,0,Composed: Flip,23662.6245,NA,8.57520000000000,NA,0.08630000000000,15.60800000000000,NA,23654.1451,8.5657,8.4794,0.0863,15.3941,8.6933,8.6694,0.0239,NA,NA,NA
parkey.exe,33280,0x1FE6D6D9E00,DXGI,0,0,0,Composed: Flip,23669.9903,NA,7.36580000000000,24.48720000000000,0.10060000000000,16.99770000000000,28.6657,23662.7108,7.3801,7.2795,0.1006,15.5217,8.7555,8.7326,0.0229,-0.0791,23662.7108,NA
parkey.exe,33280,0x1FE6D6D9E00,DXGI,0,0,0,Composed: Flip,23678.6091,NA,8.61880000000000,16.66030000000000,0.09670000000000,16.96160000000000,36.7072,23670.0909,8.6149,8.5182,0.0967,16.8971,8.5827,8.5578,0.0249,-9.2802,23670.0909,NA
parkey.exe,33280,0x1FE6D6D9E00,DXGI,0,0,0,Composed: Flip,23687.4571,NA,8.84800000000000,0.50990000000000,0.09290000000000,16.88480000000000,28.3691,23678.7058,8.8442,8.7513,0.0929,16.8649,8.7712,8.7474,0.0238,8.1050,23678.7058,NA
parkey.exe,33280,0x1FE6D6D9E00,DXGI,0,0,0,Composed: Flip,23695.9956,NA,8.53850000000000,16.17690000000000,0.08780000000000,17.10800000000000,36.0075,23687.5500,8.5334,8.4456,0.0878,16.7919,8.7617,8.7344,0.0273,-7.3327,23687.5500,NA
parkey.exe,33280,0x1FE6D6D9E00,DXGI,0,0,0,Composed: Flip,23704.9396,NA,8.94400000000000,4.68030000000000,0.11290000000000,16.85900000000000,31.7438,23696.0834,8.9691,8.8562,0.1129,17.0202,8.6950,8.6719,0.0231,3.8531,23696.0834,NA
parkey.exe,33280,0x1FE6D6D9E00,DXGI,0,0,0,Composed: Flip,23713.3952,NA,8.45560000000000,11.99020000000000,0.09750000000000,17.26500000000000,35.2784,23705.0525,8.4402,8.3427,0.0975,16.7461,8.8616,8.8416,0.0200,-3.0211,23705.0525,NA
parkey.exe,33280,0x1FE6D6D9E00,DXGI,0,0,0,Composed: Flip,23722.2801,NA,8.88490000000000,NA,0.08820000000000,17.11090000000000,NA,23713.4927,8.8756,8.7874,0.0882,17.1675,8.7308,8.7091,0.0217,NA,NA,NA
parkey.exe,33280,0x1FE6D6D9E00,DXGI,0,0,0,Composed: Flip,23730.9681,NA,8.68800000000000,8.82650000000000,0.11050000000000,17.03350000000000,26.5320,23722.3683,8.7103,8.5998,0.1105,17.0227,8.6106,8.5857,0.0249,8.4893,23722.3683,NA
parkey.exe,33280,0x1FE6D6D9E00,DXGI,0,0,0,Composed: Flip,23739.5082,NA,8.54010000000000,NA,0.10810000000000,16.64420000000000,NA,23731.0786,8.5377,8.4296,0.1081,16.9230,8.1508,8.1241,0.0267,NA,NA,NA
parkey.exe,33280,0x1FE6D6D9E00,DXGI,0,0,0,Composed: Flip,23748.2780,NA,8.76980000000000,24.54480000000000,0.09340000000000,16.78760000000000,33.7669,23739.6163,8.7551,8.6617,0.0934,16.5361,8.9132,8.8912,0.0220,-7.2968,23739.6163,NA
parkey.exe,33280,0x1FE6D6D9E00,DXGI,0,0,0,Composed: Flip,23756.5986,NA,8.32060000000000,NA,0.09370000000000,17.28710000000000,NA,23748.3714,8.3209,8.2272,0.0937,16.6942,8.8201,8.7979,0.0222,NA,NA,NA
parkey.exe,33280,0x1FE6D6D9E00,DXGI,0,0,0,Composed: Flip,23765.2447,NA,8.64610000000000,16.67760000000000,0.09980000000000,17.38800000000000,33.4778,23756.6923,8.6522,8.5524,0.0998,17.1934,8.7470,8.7223,0.0247,0.3984,23756.6923,NA
parkey.exe,33280,0x1FE6D6D9E00,DXGI,0,0,0,Composed: Flip,23774.3110,NA,9.06630000000000,16.67160000000000,0.09170000000000,17.19010000000000,41.0831,23765.3445,9.0582,8.9665,0.0917,17.2882,8.8684,8.8436,0.0248,-8.0194,23765.3445,NA
parkey.exe,33280,0x1FE6D6D9E00,DXGI,0,0,0,Composed: Flip,23783.0434,NA,8.73240000000000,NA,0.10000000000000,17.18110000000000,NA,23774.4027,8.7407,8.6407,0.1000,17.0984,8.7234,8.6908,0.0326,NA,NA,NA
parkey.exe,33280,0x1FE6D6D9E00,DXGI,0,0,0,Composed: Flip,23792.0600,NA,9.01660000000000,4.64360000000000,0.08470000000000,17.02510000000000,27.9777,23783.1434,9.0013,8.9166,0.0847,17.0811,8.8606,8.8340,0.0266,13.1553,23783.1434,NA
parkey.exe,33280,0x1FE6D6D9E00,DXGI,0,0,0,Composed: Flip,23800.6828,NA,8.62280000000000,12.03760000000000,0.09180000000000,15.44030000000000,31.3925,23792.1447,8.6299,8.5381,0.0918,16.9404,7.0380,7.0213,0.0167,-3.0363,23792.1447,NA
parkey.exe,33280,0x1FE6D6D9E00,DXGI,0,0,0,Composed: Flip,23809.4556,NA,8.77280000000000,NA,0.09810000000000,14.88210000000000,NA,23800.7746,8.7791,8.6810,0.0981,15.3870,8.1761,8.1500,0.0261,NA,NA,NA
parkey.exe,33280,0x1FE6D6D9E00,DXGI,0,0,0,Composed: Flip,23816.9530,NA,7.49740000000000,8.78170000000000,0.09300000000000,14.81640000000000,23.9040,23809.5537,7.4923,7.3993,0.0930,14.7840,7.4317,7.4035,0.0282,8.6273,23809.5537,NA
parkey.exe,33280,0x1FE6D6D9E00,DXGI,0,0,0,Composed: Flip,23824.7074,NA,7.75440000000000,NA,0.08340000000000,14.88690000000000,NA,23817.0460,7.7448,7.6614,0.0834,14.7500,7.7983,7.7744,0.0239,NA,NA,NA
parkey.exe,33280,0x1FE6D6D9E00,DXGI,0,0,0,Composed: Flip,23832.5275,NA,7.82010000000000,24.59570000000000,0.11730000000000,14.96650000000000,32.9252,23824.7908,7.8540,7.7367,0.1173,14.8035,7.8997,7.8728,0.0269,-9.3586,23824.7908,NA
parkey.exe,33280,0x1FE6D6D9E00,DXGI,0,0,0,Composed: Flip,23840.2265,NA,7.69900000000000,NA,0.08970000000000,14.56030000000000,NA,23832.6448,7.6714,7.5817,0.0897,14.8781,7.2639,7.2396,0.0243,NA,NA,NA
parkey.exe,33280,0x1FE6D6D9E00,DXGI,0,0,0,Composed: Flip,23848.3046,NA,8.07810000000000,16.66600000000000,0.07710000000000,14.65410000000000,33.8141,23840.3162,8.0655,7.9884,0.0771,14.4976,8.1449,8.1223,0.0226,-1.1406,23840.3162,NA
parkey.exe,33280,0x1FE6D6D9E00,DXGI,0,0,0,Composed: Flip,23855.7458,NA,7.44120000000000,NA,0.09950000000000,14.29200000000000,NA,23848.3817,7.4636,7.3641,0.0995,14.5770,7.0791,7.0555,0.0236,NA,NA,NA
parkey.exe,33280,0x1FE6D6D9E00,DXGI,0,0,0,Composed: Flip,23863.2277,NA,7.48190000000000,7.37120000000000,0.07700000000000,15.12020000000000,26.2622,23855.8453,7.4594,7.3824,0.0770,14.1925,8.3101,8.2829,0.0272,8.1579,23855.8453,NA
parkey.exe,33280,0x1FE6D6D9E00,DXGI,0,0,0,Composed: Flip,23870.6182,NA,7.39050000000000,NA,0.09840000000000,14.88230000000000,NA,23863.3047,7.4119,7.3135,0.0984,15.0432,7.1526,7.1300,0.0226,NA,NA,NA
parkey.exe,33280,0x1FE6D6D9E00,DXGI,0,0,0,Composed: Flip,23878.6749,NA,8.05670000000000,NA,0.09740000000000,15.10840000000000,NA,23870.7166,8.0557,7.9583,0.0974,14.7839,8.2828,8.2622,0.0206,NA,NA,NA
parkey.exe,33280,0x1FE6D6D9E00,DXGI,0,0,0,Composed: Flip,23885.8962,NA,7.22130000000000,26.00350000000000,0.09170000000000,15.31550000000000,29.5972,23878.7723,7.2156,7.1239,0.0917,15.0110,7.4284,7.4064,0.0220,-3.0765,23878.7723,NA
parkey.exe,33280,0x1FE6D6D9E00,DXGI,0,0,0,Composed: Flip,23893.9934,NA,8.09720000000000,NA,0.10990000000000,14.70800000000000,NA,23885.9879,8.1154,8.0055,0.1099,15.2238,7.4897,7.4676,0.0221,NA,NA,NA
parkey.exe,33280,0x1FE6D6D9E00,DXGI,0,0,0,Composed: Flip,23901.3998,NA,7.40640000000000,16.66090000000000,0.08190000000000,13.91500000000000,30.7545,23894.1033,7.3784,7.2965,0.0819,14.5981,6.6134,6.5884,0.0250,-1.3299,23894.1033,NA
parkey.exe,33280,0x1FE6D6D9E00,DXGI,0,0,0,Composed: Flip,23909.3822,NA,7.98240000000000,NA,0.08120000000000,13.72620000000000,NA,23901.4817,7.9817,7.9005,0.0812,13.8597,7.7670,7.7395,0.0275,NA,NA,NA
parkey.exe,33280,0x1FE6D6D9E00,DXGI,0,0,0,Composed: Flip,23917.7803,NA,8.39810000000000,NA,0.11210000000000,13.60320000000000,NA,23909.4634,8.4290,8.3169,0.1121,13.6450,8.2751,8.2513,0.0238,NA,NA,NA
parkey.exe,33280,0x1FE6D6D9E00,DXGI,0,0,0,Composed: Flip,23926.1819,NA,8.40160000000000,16.70090000000000,0.10120000000000,11.71650000000000,22.6733,23917.8924,8.3907,8.2895,0.1012,13.4911,6.5149,6.4919,0.0230,7.0882,23917.8924,NA
parkey.exe,33280,0x1FE6D6D9E00,DXGI,0,0,0,Composed: Flip,23934.4536,NA,8.27170000000000,16.66670000000000,0.09280000000000,11.55290000000000,31.0683,23926.2831,8.2633,8.1705,0.0928,11.6392,8.0842,8.0556,0.0286,-8.2760,23926.2831,NA
parkey.exe,33280,0x1FE6D6D9E00,DXGI,0,0,0,Composed: Flip,23942.6938,NA,8.24020000000000,NA,0.09600000000000,10.42180000000000,NA,23934.5464,8.2434,8.1474,0.0960,11.4601,7.1091,7.0866,0.0225,NA,NA,NA
parkey.exe,33280,0x1FE6D6D9E00,DXGI,0,0,0,Composed: Flip,23951.0130,NA,8.31920000000000,7.32410000000000,0.08600000000000,9.63610000000000,21.8330,23942.7898,8.3092,8.2232,0.0860,10.3258,7.5335,7.5115,0.0220,9.1826,23942.7898,NA
parkey.exe,33280,0x1FE6D6D9E00,DXGI,0,0,0,Composed: Flip,23959.2299,NA,8.21690000000000,NA,0.11010000000000,7.47490000000000,NA,23951.0990,8.2410,8.1309,0.1101,9.5719,6.0339,6.0018,0.0321,NA,NA,NA
parkey.exe,33280,0x1FE6D6D9E00,DXGI,0,0,0,Composed: Flip,23968.0651,NA,8.83520000000000,13.88830000000000,0.12270000000000,7.52140000000000,18.6692,23959.3400,8.8478,8.7251,0.1227,8.5554,7.6911,7.6707,0.0204,2.6619,23959.3400,NA
parkey.exe,33280,0x1FE6D6D9E00,DXGI,0,0,0,Composed: Flip,23976.3459,NA,8.28080000000000,12.14370000000000,0.10080000000000,6.42360000000000,22.5321,23968.1878,8.2589,8.1581,0.1008,7.9920,6.5897,6.5582,0.0315,-3.2959,23968.1878,NA
parkey.exe,33280,0x1FE6D6D9E00,DXGI,0,0,0,Composed: Flip,23984.5329,NA,8.18700000000000,1.76360000000000,0.11310000000000,8.15950000000000,16.1087,23976.4467,8.1993,8.0862,0.1131,7.9727,8.2730,8.2536,0.0194,6.4953,23976.4467,NA
parkey.exe,33280,0x1FE6D6D9E00,DXGI,0,0,0,Composed: Flip,23992.9719,NA,8.43900000000000,14.91400000000000,0.12990000000000,6.81500000000000,22.5837,23984.6460,8.4558,8.3259,0.1299,8.1964,6.9445,6.9075,0.0370,-6.7147,23984.6460,NA
parkey.exe,33280,0x1FE6D6D9E00,DXGI,0,0,0,Composed: Flip,24001.2510,NA,8.27910000000000,NA,0.12390000000000,8.00080000000000,NA,23993.1018,8.2731,8.1492,0.1239,8.0029,8.1471,8.1191,0.0280,NA,NA,NA
parkey.exe,33280,0x1FE6D6D9E00,DXGI,0,0,0,Composed: Flip,24009.5646,NA,8.31360000000000,16.68310000000000,0.12000000000000,6.83310000000000,22.6741,24001.3749,8.3097,8.1897,0.1200,8.0974,6.9254,6.9097,0.0157,0.0458,24001.3749,NA
parkey.exe,33280,0x1FE6D6D9E00,DXGI,0,0,0,Composed: Flip,24018.1919,NA,8.62730000000000,NA,0.14160000000000,7.05800000000000,NA,24009.6846,8.6489,8.5073,0.1416,8.3686,7.1967,7.1721,0.0246,NA,NA,NA
parkey.exe,33280,0x1FE6D6D9E00,DXGI,0,0,0,Composed: Flip,24026.1253,NA,7.93340000000000,16.68160000000000,0.09800000000000,5.44970000000000,22.7950,24018.3335,7.8898,7.7918,0.0980,7.6634,5.5781,5.5573,0.0208,0.2770,24018.3335,NA
parkey.exe,33280,0x1FE6D6D9E00,DXGI,0,0,0,Composed: Flip,24034.4144,NA,8.28910000000000,NA,0.10020000000000,7.12270000000000,NA,24026.2233,8.2913,8.1911,0.1002,8.0890,7.2248,7.1289,0.0959,NA,NA,NA
parkey.exe,33280,0x1FE6D6D9E00,DXGI,0,0,0,Composed: Flip,24042.6844,NA,8.27000000000000,16.67930000000000,0.09090000000000,5.43710000000000,22.9152,24034.5146,8.2607,8.1698,0.0909,8.0877,5.5192,5.4957,0.0235,-0.4982,24034.5146,NA
parkey.exe,33280,0x1FE6D6D9E00,DXGI,0,0,0,Composed: Flip,24051.1790,NA,8.49460000000000,NA,0.09990000000000,7.96500000000000,NA,24042.7753,8.5036,8.4037,0.0999,8.2916,8.0771,8.0582,0.0189,NA,NA,NA
parkey.exe,33280,0x1FE6D6D9E00,DXGI,0,0,0,Composed: Flip,24059.2527,NA,8.07370000000000,16.68000000000000,0.10360000000000,6.77640000000000,23.0269,24051.2789,8.0774,7.9738,0.1036,7.8796,6.8706,6.8528,0.0178,0.0843,24051.2789,NA
parkey.exe,33280,0x1FE6D6D9E00,DXGI,0,0,0,Composed: Flip,24067.7088,NA,8.45610000000000,1.70670000000000,0.09910000000000,7.99940000000000,16.2775,24059.3563,8.4516,8.3525,0.0991,8.2198,8.1321,8.1130,0.0191,6.3707,24059.3563,NA
parkey.exe,33280,0x1FE6D6D9E00,DXGI,0,0,0,Composed: Flip,24076.0193,NA,8.31050000000000,14.96840000000000,0.10310000000000,6.76760000000000,22.9354,24067.8079,8.3145,8.2114,0.1031,8.1155,6.8635,6.8351,0.0284,-6.5168,24067.8079,NA
parkey.exe,33280,0x1FE6D6D9E00,DXGI,0,0,0,Composed: Flip,24084.4301,NA,8.41080000000000,NA,0.11430000000000,7.55210000000000,NA,24076.1224,8.4220,8.3077,0.1143,8.2134,7.6464,7.6306,0.0158,NA,NA,NA
parkey.exe,33280,0x1FE6D6D9E00,DXGI,0,0,0,Composed: Flip,24092.9147,NA,8.48460000000000,16.68080000000000,0.09010000000000,5.43630000000000,22.7208,24084.5444,8.4604,8.3703,0.0901,8.2853,5.5213,5.4970,0.0243,0.0557,24084.5444,NA
parkey.exe,33280,0x1FE6D6D9E00,DXGI,0,0,0,Composed: Flip,24100.9956,NA,8.08090000000000,NA,0.09680000000000,7.13320000000000,NA,24093.0048,8.0876,7.9908,0.0968,7.8910,7.2330,7.2174,0.0156,NA,NA,NA
parkey.exe,33280,0x1FE6D6D9E00,DXGI,0,0,0,Composed: Flip,24109.2217,NA,8.22610000000000,16.68500000000000,0.10250000000000,5.45290000000000,23.0988,24101.0924,8.2318,8.1293,0.1025,8.0398,5.5424,5.5215,0.0209,-0.1370,24101.0924,NA
parkey.exe,33280,0x1FE6D6D9E00,DXGI,0,0,0,Composed: Flip,24117.6763,NA,8.45460000000000,NA,0.09780000000000,7.85200000000000,NA,24109.3242,8.4499,8.3521,0.0978,8.2328,7.9713,7.9548,0.0165,NA,NA,NA
parkey.exe,33280,0x1FE6D6D9E00,DXGI,0,0,0,Composed: Flip,24126.1503,NA,8.47400000000000,7.19360000000000,0.10450000000000,5.16500000000000,13.3638,24117.7741,8.4807,8.3762,0.1045,8.0170,5.5242,5.5023,0.0219,9.4881,24117.7741,NA
parkey.exe,33280,0x1FE6D6D9E00,DXGI,0,0,0,Composed: Flip,24134.2879,NA,8.13760000000000,NA,0.09540000000000,5.46390000000000,NA,24126.2548,8.1285,8.0331,0.0954,7.9395,5.5575,5.5027,0.0548,NA,NA,NA
parkey.exe,33280,0x1FE6D6D9E00,DXGI,0,0,0,Composed: Flip,24142.4821,NA,8.19420000000000,26.16980000000000,0.11420000000000,5.46540000000000,23.2018,24134.3833,8.2130,8.0988,0.1142,8.0170,5.5472,5.5250,0.0222,-9.5606,24134.3833,NA
parkey.exe,33280,0x1FE6D6D9E00,DXGI,0,0,0,Composed: Flip,24150.9439,NA,8.46180000000000,NA,0.10660000000000,7.50400000000000,NA,24142.5963,8.4542,8.3476,0.1066,8.2453,7.6063,7.5896,0.0167,NA,NA,NA
parkey.exe,33280,0x1FE6D6D9E00,DXGI,0,0,0,Composed: Flip,24159.2763,NA,8.33240000000000,16.67650000000000,0.09610000000000,5.42100000000000,23.0841,24151.0505,8.3219,8.2258,0.0961,8.1146,5.5322,5.5108,0.0214,-0.0093,24151.0505,NA
parkey.exe,33280,0x1FE6D6D9E00,DXGI,0,0,0,Composed: Flip,24168.0670,NA,8.79070000000000,5.79840000000000,0.12580000000000,7.61960000000000,20.0918,24159.3724,8.8204,8.6946,0.1258,8.2798,8.0344,8.0118,0.0226,2.5235,24159.3724,NA
parkey.exe,33280,0x1FE6D6D9E00,DXGI,0,0,0,Composed: Flip,24175.9131,NA,7.84610000000000,10.88140000000000,0.08260000000000,5.40840000000000,23.1271,24168.1928,7.8029,7.7203,0.0826,7.5906,5.5381,5.5169,0.0212,-2.0610,24168.1928,NA
parkey.exe,33280,0x1FE6D6D9E00,DXGI,0,0,0,Composed: Flip,24184.5493,NA,8.63620000000000,NA,0.09770000000000,7.02210000000000,NA,24175.9957,8.6513,8.5536,0.0977,8.3758,7.1999,7.1809,0.0190,NA,NA,NA
parkey.exe,33280,0x1FE6D6D9E00,DXGI,0,0,0,Composed: Flip,24193.1531,NA,8.60380000000000,16.69400000000000,0.10100000000000,5.38910000000000,22.5811,24184.6470,8.6071,8.5061,0.1010,8.3703,5.5249,5.5035,0.0214,-0.2398,24184.6470,NA
parkey.exe,33280,0x1FE6D6D9E00,DXGI,0,0,0,Composed: Flip,24201.0449,NA,7.89180000000000,NA,0.09910000000000,7.51190000000000,NA,24193.2541,7.8899,7.7908,0.0991,7.6754,7.6273,7.6062,0.0211,NA,NA,NA
parkey.exe,33280,0x1FE6D6D9E00,DXGI,0,0,0,Composed: Flip,24209.3008,NA,8.25590000000000,16.69360000000000,0.12110000000000,5.83740000000000,23.1270,24201.1440,8.2779,8.1568,0.1211,8.0602,5.9340,5.9100,0.0240,-0.1966,24201.1440,NA
parkey.exe,33280,0x1FE6D6D9E00,DXGI,0,0,0,Composed: Flip,24218.1963,NA,8.89550000000000,4.34800000000000,0.13060000000000,8.16970000000000,18.5795,24209.4219,8.9050,8.7744,0.1306,8.6054,8.3387,8.3169,0.0218,3.9299,24209.4219,NA
parkey.exe,33280,0x1FE6D6D9E00,DXGI,0,0,0,Composed: Flip,24226.4256,NA,8.22930000000000,12.30460000000000,0.13440000000000,7.09180000000000,22.6548,24218.3269,8.2331,8.0987,0.1344,8.0653,7.1252,7.1022,0.0230,-3.3996,24218.3269,NA
parkey.exe,33280,0x1FE6D6D9E00,DXGI,0,0,0,Composed: Flip,24234.9141,NA,8.48850000000000,NA,0.12280000000000,7.34430000000000,NA,24226.5600,8.4769,8.3541,0.1228,8.1489,7.5495,7.5268,0.0227,NA,NA,NA
parkey.exe,33280,0x1FE6D6D9E00,DXGI,0,0,0,Composed: Flip,24242.7820,NA,7.86790000000000,16.68470000000000,0.11720000000000,5.91800000000000,22.9831,24235.0369,7.8623,7.7451,0.1172,7.5799,6.0832,6.0621,0.0211,0.0253,24235.0369,NA
parkey.exe,33280,0x1FE6D6D9E00,DXGI,0,0,0,Composed: Flip,24251.1552,NA,8.37320000000000,NA,0.10370000000000,8.65090000000000,NA,24242.8992,8.3597,8.2560,0.1037,8.1504,8.7565,8.7347,0.0218,NA,NA,NA
parkey.exe,33280,0x1FE6D6D9E00,DXGI,0,0,0,Composed: Flip,24259.4205,NA,8.26530000000000,16.68080000000000,0.08930000000000,6.43910000000000,23.0254,24251.2589,8.2509,8.1616,0.0893,8.5472,6.0535,6.0296,0.0239,-0.4588,24251.2589,NA
parkey.exe,33280,0x1FE6D6D9E00,DXGI,0,0,0,Composed: Flip,24267.8031,NA,8.38260000000000,NA,0.10440000000000,8.04170000000000,NA,24259.5098,8.3977,8.2933,0.1044,8.1182,8.2168,8.1992,0.0176,NA,NA,NA
parkey.exe,33280,0x1FE6D6D9E00,DXGI,0,0,0,Composed: Flip,24276.0316,NA,8.22850000000000,16.69010000000000,0.13480000000000,7.34110000000000,23.1044,24267.9075,8.2589,8.1241,0.1348,7.9955,7.4697,7.4400,0.0297,-0.0415,24267.9075,NA
parkey.exe,33280,0x1FE6D6D9E00,DXGI,0,0,0,Composed: Flip,24284.3568,NA,8.32520000000000,16.67400000000000,0.09900000000000,8.56650000000000,31.4532,24276.1664,8.2894,8.1904,0.0990,8.0648,8.6921,8.6749,0.0172,-8.4151,24276.1664,NA
parkey.exe,33280,0x1FE6D6D9E00,DXGI,0,0,0,Composed: Flip,24292.6710,NA,8.31420000000000,NA,0.09420000000000,8.52860000000000,NA,24284.4558,8.3094,8.2152,0.0942,8.4675,8.2763,8.2575,0.0188,NA,NA,NA
parkey.exe,33280,0x1FE6D6D9E00,DXGI,0,0,0,Composed: Flip,24301.0659,NA,8.39490000000000,4.30840000000000,0.14190000000000,9.08880000000000,19.0525,24292.7652,8.4426,8.3007,0.1419,8.4344,8.9551,8.9294,0.0257,12.2904,24292.7652,NA
parkey.exe,33280,0x1FE6D6D9E00,DXGI,0,0,0,Composed: Flip,24309.2445,NA,8.17860000000000,12.37010000000000,0.09350000000000,8.88110000000000,23.2440,24301.2078,8.1302,8.0367,0.0935,8.9469,7.9709,7.9452,0.0257,-3.9275,24301.2078,NA
parkey.exe,33280,0x1FE6D6D9E00,DXGI,0,0,0,Composed: Flip,24317.7322,NA,8.48770000000000,NA,0.09050000000000,9.55540000000000,NA,24309.3380,8.4847,8.3942,0.0905,8.7876,9.1620,9.1425,0.0195,NA,NA,NA
parkey.exe,33280,0x1FE6D6D9E00,DXGI,0,0,0,Composed: Flip,24325.9032,NA,8.17100000000000,8.46630000000000,0.09260000000000,7.99960000000000,15.0516,24317.8227,8.1731,8.0805,0.0926,9.4649,6.6152,6.5933,0.0219,8.1486,24317.8227,NA
parkey.exe,33280,0x1FE6D6D9E00,DXGI,0,0,0,Composed: Flip,24334.2934,NA,8.39020000000000,NA,0.11140000000000,8.50040000000000,NA,24325.9958,8.4090,8.2976,0.1114,8.1656,8.6324,8.6094,0.0230,NA,NA,NA
parkey.exe,33280,0x1FE6D6D9E00,DXGI,0,0,0,Composed: Flip,24342.7610,NA,8.46760000000000,24.90910000000000,0.09510000000000,6.08450000000000,23.1029,24334.4048,8.4513,8.3562,0.0951,8.3890,6.0517,6.0270,0.0247,-8.3270,24334.4048,NA
parkey.exe,33280,0x1FE6D6D9E00,DXGI,0,0,0,Composed: Flip,24350.9309,NA,8.16990000000000,NA,0.08400000000000,7.78330000000000,NA,24342.8561,8.1588,8.0748,0.0840,7.9401,7.9180,7.8988,0.0192,NA,NA,NA
parkey.exe,33280,0x1FE6D6D9E00,DXGI,0,0,0,Composed: Flip,24360.0509,NA,9.12000000000000,16.66880000000000,0.14510000000000,5.83050000000000,22.4818,24351.0149,9.1811,9.0360,0.1451,8.8052,6.0613,6.0403,0.0210,-0.0587,24351.0149,NA
parkey.exe,33280,0x1FE6D6D9E00,DXGI,0,0,0,Composed: Flip,24368.5438,NA,8.49290000000000,16.67800000000000,0.14850000000000,8.20380000000000,30.6669,24360.1960,8.4963,8.3478,0.1485,8.1714,8.3802,8.3578,0.0224,-7.4969,24360.1960,NA
parkey.exe,33280,0x1FE6D6D9E00,DXGI,0,0,0,Composed: Flip,24376.5478,NA,8.00400000000000,NA,0.10260000000000,8.51620000000000,NA,24368.6923,7.9581,7.8555,0.1026,8.1000,8.2717,8.2480,0.0237,NA,NA,NA
parkey.exe,33280,0x1FE6D6D9E00,DXGI,0,0,0,Composed: Flip,24384.4289,NA,7.88110000000000,4.26600000000000,0.11630000000000,8.88350000000000,19.0478,24376.6504,7.8948,7.7785,0.1163,8.4136,8.2484,8.2279,0.0205,12.1884,24376.6504,NA
parkey.exe,33280,0x1FE6D6D9E00,DXGI,0,0,0,Composed: Flip,24393.1314,NA,8.70250000000000,12.40970000000000,0.12320000000000,7.71170000000000,22.7550,24384.5452,8.7094,8.5862,0.1232,8.7868,7.5111,7.4942,0.0169,-4.5149,24384.5452,NA
parkey.exe,33280,0x1FE6D6D9E00,DXGI,0,0,0,Composed: Flip,24401.0137,NA,7.88230000000000,1.48550000000000,0.10160000000000,8.88010000000000,16.3582,24393.2546,7.8607,7.7591,0.1016,7.6247,9.0145,8.9925,0.0220,7.2239,24393.2546,NA
parkey.exe,33280,0x1FE6D6D9E00,DXGI,0,0,0,Composed: Flip,24409.2017,NA,8.18800000000000,NA,0.09710000000000,8.79370000000000,NA,24401.1153,8.1835,8.0864,0.0971,8.7785,8.1016,8.0729,0.0287,NA,NA,NA
parkey.exe,33280,0x1FE6D6D9E00,DXGI,0,0,0,Composed: Flip,24417.7865,NA,8.58480000000000,20.84760000000000,0.11750000000000,9.01600000000000,20.4330,24409.2988,8.6052,8.4877,0.1175,8.6966,8.8071,8.7815,0.0256,-4.8034,24409.2988,NA
parkey.exe,33280,0x1FE6D6D9E00,DXGI,0,0,0,Composed: Flip,24425.9380,NA,8.15150000000000,11.02910000000000,0.08250000000000,8.84380000000000,23.3106,24417.9040,8.1165,8.0340,0.0825,8.8985,7.9793,7.9551,0.0242,-2.4239,24417.9040,NA
parkey.exe,33280,0x1FE6D6D9E00,DXGI,0,0,0,Composed: Flip,24434.4849,NA,8.54690000000000,NA,0.09540000000000,8.82320000000000,NA,24426.0205,8.5598,8.4644,0.0954,8.7613,8.5263,8.4973,0.0290,NA,NA,NA
parkey.exe,33280,0x1FE6D6D9E00,DXGI,0,0,0,Composed: Flip,24443.1388,NA,8.65390000000000,16.69180000000000,0.09860000000000,6.31310000000000,22.8016,24434.5803,8.6571,8.5585,0.0986,8.7769,6.0947,6.0722,0.0225,-0.0155,24434.5803,NA
parkey.exe,33280,0x1FE6D6D9E00,DXGI,0,0,0,Composed: Flip,24450.9869,NA,7.84810000000000,6.98880000000000,0.09980000000000,9.11420000000000,21.9423,24443.2374,7.8493,7.7495,0.0998,7.6394,9.2243,9.1973,0.0270,1.6683,24443.2374,NA
parkey.exe,33280,0x1FE6D6D9E00,DXGI,0,0,0,Composed: Flip,24459.1821,NA,8.19520000000000,NA,0.12130000000000,8.34940000000000,NA,24451.0867,8.2167,8.0954,0.1213,9.0144,7.4304,7.4082,0.0222,NA,NA,NA
parkey.exe,33280,0x1FE6D6D9E00,DXGI,0,0,0,Composed: Flip,24467.9092,NA,8.72710000000000,13.90290000000000,0.09760000000000,8.51630000000000,18.9229,24459.3034,8.7034,8.6058,0.0976,8.4211,8.7010,8.6743,0.0267,2.1631,24459.3034,NA
parkey.exe,33280,0x1FE6D6D9E00,DXGI,0,0,0,Composed: Flip,24475.9015,NA,7.99230000000000,12.45950000000000,0.10060000000000,9.43990000000000,23.3901,24468.0068,7.9953,7.8947,0.1006,8.4187,8.9159,8.8643,0.0516,-3.7561,24468.0068,NA
parkey.exe,33280,0x1FE6D6D9E00,DXGI,0,0,0,Composed: Flip,24484.8039,NA,8.90240000000000,8.31190000000000,0.13320000000000,9.37160000000000,22.7996,24476.0021,8.9350,8.8018,0.1332,9.3393,8.8341,8.8134,0.0207,-0.3166,24476.0021,NA
parkey.exe,33280,0x1FE6D6D9E00,DXGI,0,0,0,Composed: Flip,24493.0063,NA,8.20240000000000,NA,0.09570000000000,8.15950000000000,NA,24484.9371,8.1649,8.0692,0.0957,9.2384,6.9903,6.9661,0.0242,NA,NA,NA
parkey.exe,33280,0x1FE6D6D9E00,DXGI,0,0,0,Composed: Flip,24501.2051,NA,8.19880000000000,NA,0.12120000000000,8.69220000000000,NA,24493.1020,8.2243,8.1031,0.1212,8.0638,8.7315,8.7164,0.0151,NA,NA,NA
parkey.exe,33280,0x1FE6D6D9E00,DXGI,0,0,0,Composed: Flip,24509.3410,NA,8.13590000000000,25.06270000000000,0.09540000000000,9.40080000000000,23.3252,24501.3263,8.1101,8.0147,0.0954,8.5710,8.8445,8.8253,0.0192,0.2615,24501.3263,NA
parkey.exe,33280,0x1FE6D6D9E00,DXGI,0,0,0,Composed: Flip,24517.8368,NA,8.49580000000000,NA,0.10570000000000,9.86260000000000,NA,24509.4364,8.5061,8.4004,0.1057,9.3054,8.9576,8.9371,0.0205,NA,NA,NA
parkey.exe,33280,0x1FE6D6D9E00,DXGI,0,0,0,Composed: Flip,24526.2603,NA,8.42350000000000,16.64520000000000,0.10250000000000,10.40660000000000,23.0511,24517.9425,8.4203,8.3178,0.1025,9.7569,8.9675,8.9432,0.0243,-0.0290,24517.9425,NA
parkey.exe,33280,0x1FE6D6D9E00,DXGI,0,0,0,Composed: Flip,24534.3855,NA,8.12520000000000,16.70070000000000,0.08950000000000,11.07820000000000,31.6266,24526.3628,8.1122,8.0227,0.0895,10.3041,8.7968,8.7712,0.0256,-8.2804,24526.3628,NA
parkey.exe,33280,0x1FE6D6D9E00,DXGI,0,0,0,Composed: Flip,24542.6357,NA,8.25020000000000,NA,0.10400000000000,11.56080000000000,NA,24534.4750,8.2647,8.1607,0.1040,10.9887,8.7328,8.7088,0.0240,NA,NA,NA
parkey.exe,33280,0x1FE6D6D9E00,DXGI,0,0,0,Composed: Flip,24551.1541,NA,8.51840000000000,4.10040000000000,0.08960000000000,11.79490000000000,18.9584,24542.7397,8.5040,8.4144,0.0896,11.4568,8.7525,8.7289,0.0236,12.2765,24542.7397,NA
parkey.exe,33280,0x1FE6D6D9E00,DXGI,0,0,0,Composed: Flip,24559.3105,NA,8.15640000000000,NA,0.09760000000000,12.39890000000000,NA,24551.2437,8.1644,8.0668,0.0976,11.7053,8.7604,8.7345,0.0259,NA,NA,NA
parkey.exe,33280,0x1FE6D6D9E00,DXGI,0,0,0,Composed: Flip,24567.6749,NA,8.36440000000000,21.05530000000000,0.08700000000000,12.83300000000000,23.4929,24559.4081,8.3538,8.2668,0.0870,12.3013,8.7985,8.7730,0.0255,-4.3869,24559.4081,NA
parkey.exe,33280,0x1FE6D6D9E00,DXGI,0,0,0,Composed: Flip,24576.0321,NA,8.35720000000000,NA,0.09750000000000,13.51050000000000,NA,24567.7619,8.3677,8.2702,0.0975,12.7460,9.0347,8.9765,0.0582,NA,NA,NA
parkey.exe,33280,0x1FE6D6D9E00,DXGI,0,0,0,Composed: Flip,24584.2888,NA,8.25670000000000,24.89090000000000,0.10890000000000,14.07820000000000,31.7699,24576.1296,8.2681,8.1592,0.1089,13.4130,8.8244,8.7521,0.0723,-8.1694,24576.1296,NA
parkey.exe,33280,0x1FE6D6D9E00,DXGI,0,0,0,Composed: Flip,24595.1749,NA,10.88610000000000,NA,0.34200000000000,10.71760000000000,NA,24584.3977,11.1192,10.7772,0.3420,13.9693,7.5255,7.5040,0.0215,NA,NA,NA
parkey.exe,33280,0x1FE6D6D9E00,DXGI,0,0,0,Composed: Flip,24601.9964,NA,6.82150000000000,16.55410000000000,0.13850000000000,12.53740000000000,30.6164,24595.5169,6.6180,6.4795,0.1385,10.3756,8.6413,8.6206,0.0207,2.8332,24595.5169,NA
parkey.exe,33280,0x1FE6D6D9E00,DXGI,0,0,0,Composed: Flip,24609.7007,NA,7.70430000000000,NA,0.11170000000000,13.58300000000000,NA,24602.1349,7.6775,7.5658,0.1117,12.3989,8.7499,8.7230,0.0269,NA,NA,NA
parkey.exe,33280,0x1FE6D6D9E00,DXGI,0,0,0,Composed: Flip,24617.9821,NA,8.28140000000000,16.80610000000000,0.12130000000000,13.87270000000000,31.4368,24609.8124,8.2910,8.1697,0.1213,13.4713,8.5711,8.5468,0.0243,-2.5106,24609.8124,NA
parkey.exe,33280,0x1FE6D6D9E00,DXGI,0,0,0,Composed: Flip,24626.1512,NA,8.16910000000000,NA,0.10410000000000,14.01280000000000,NA,24618.1034,8.1519,8.0478,0.1041,13.7514,8.3092,8.2795,0.0297,NA,NA,NA
parkey.exe,33280,0x1FE6D6D9E00,DXGI,0,0,0,Composed: Flip,24634.4168,NA,8.26560000000000,16.68510000000000,0.09260000000000,12.66850000000000,31.6872,24626.2553,8.2541,8.1615,0.0926,13.9617,6.8683,6.8522,0.0161,-0.2422,24626.2553,NA
parkey.exe,33280,0x1FE6D6D9E00,DXGI,0,0,0,Composed: Flip,24642.5189,NA,8.10210000000000,NA,0.11120000000000,11.87060000000000,NA,24634.5094,8.1207,8.0095,0.1112,12.5980,7.2821,7.2571,0.0250,NA,NA,NA
parkey.exe,33280,0x1FE6D6D9E00,DXGI,0,0,0,Composed: Flip,24651.0811,NA,8.56220000000000,8.24700000000000,0.08620000000000,11.98100000000000,23.2699,24642.6301,8.5372,8.4510,0.0862,11.7594,8.6726,8.6445,0.0281,8.1278,24642.6301,NA
parkey.exe,33280,0x1FE6D6D9E00,DXGI,0,0,0,Composed: Flip,24659.2919,NA,8.21080000000000,NA,0.09100000000000,11.06680000000000,NA,24651.1673,8.2156,8.1246,0.0910,11.8948,7.2966,7.2719,0.0247,NA,NA,NA
parkey.exe,33280,0x1FE6D6D9E00,DXGI,0,0,0,Composed: Flip,24668.3173,NA,9.02540000000000,13.86090000000000,0.11580000000000,10.62580000000000,19.8946,24659.3829,9.0502,8.9344,0.1158,10.9758,8.5844,8.5610,0.0234,2.8919,24659.3829,NA
parkey.exe,33280,0x1FE6D6D9E00,DXGI,0,0,0,Composed: Flip,24676.5094,NA,8.19210000000000,11.25390000000000,0.11640000000000,10.92410000000000,22.9564,24668.4331,8.1927,8.0763,0.1164,10.5100,8.4904,8.4670,0.0234,-2.2037,24668.4331,NA
parkey.exe,33280,0x1FE6D6D9E00,DXGI,0,0,0,Composed: Flip,24684.8480,NA,8.33860000000000,9.61320000000000,0.11010000000000,11.18290000000000,24.2310,24676.6258,8.3323,8.2222,0.1101,10.8077,8.5974,8.5686,0.0288,-1.4205,24676.6258,NA
parkey.exe,33280,0x1FE6D6D9E00,DXGI,0,0,0,Composed: Flip,24692.7263,NA,7.87830000000000,NA,0.11600000000000,12.03050000000000,NA,24684.9581,7.8842,7.7682,0.1160,11.0728,8.7259,8.7007,0.0252,NA,NA,NA
parkey.exe,33280,0x1FE6D6D9E00,DXGI,0,0,0,Composed: Flip,24701.1636,NA,8.43730000000000,13.87470000000000,0.09530000000000,12.32180000000000,21.7901,24692.8423,8.4166,8.3213,0.0953,11.9145,8.7286,8.7014,0.0272,2.3418,24692.8423,NA
parkey.exe,33280,0x1FE6D6D9E00,DXGI,0,0,0,Composed: Flip,24709.7340,NA,8.57040000000000,NA,0.11150000000000,12.30570000000000,NA,24701.2589,8.5866,8.4751,0.1115,12.2265,8.5543,8.5233,0.0310,NA,NA,NA
parkey.exe,33280,0x1FE6D6D9E00,DXGI,0,0,0,Composed: Flip,24717.7426,NA,8.00860000000000,26.54010000000000,0.09530000000000,12.90250000000000,31.7512,24709.8455,7.9924,7.8971,0.0953,12.1942,8.6054,8.5744,0.0310,-9.5369,24709.8455,NA
parkey.exe,33280,0x1FE6D6D9E00,DXGI,0,0,0,Composed: Flip,24726.1399,NA,8.39730000000000,NA,0.08950000000000,13.00980000000000,NA,24717.8379,8.3915,8.3020,0.0895,12.8072,8.5046,8.4836,0.0210,NA,NA,NA
parkey.exe,33280,0x1FE6D6D9E00,DXGI,0,0,0,Composed: Flip,24734.3673,NA,8.22740000000000,15.09040000000000,0.08800000000000,13.44810000000000,30.2169,24726.2294,8.2259,8.1379,0.0880,12.9203,8.6657,8.6422,0.0235,1.2935,24726.2294,NA
parkey.exe,33280,0x1FE6D6D9E00,DXGI,0,0,0,Composed: Flip,24743.2294,NA,8.86210000000000,NA,0.10110000000000,12.93260000000000,NA,24734.4553,8.8752,8.7741,0.1011,13.3601,8.3466,8.3010,0.0456,NA,NA,NA
parkey.exe,33280,0x1FE6D6D9E00,DXGI,0,0,0,Composed: Flip,24750.9163,NA,7.68690000000000,18.27410000000000,0.09200000000000,13.89660000000000,31.9420,24743.3305,7.6778,7.5858,0.0920,12.8315,8.6509,8.6276,0.0233,-1.1730,24743.3305,NA
parkey.exe,33280,0x1FE6D6D9E00,DXGI,0,0,0,Composed: Flip,24759.2479,NA,8.33160000000000,NA,0.08310000000000,12.75280000000000,NA,24751.0083,8.3227,8.2396,0.0831,13.8046,7.1878,7.1664,0.0214,NA,NA,NA
parkey.exe,33280,0x1FE6D6D9E00,DXGI,0,0,0,Composed: Flip,24767.5962,NA,8.34830000000000,16.67190000000000,0.10240000000000,12.95350000000000,31.9340,24759.3310,8.3676,8.2652,0.1024,12.6972,8.5215,8.4933,0.0282,-0.6714,24759.3310,NA
parkey.exe,33280,0x1FE6D6D9E00,DXGI,0,0,0,Composed: Flip,24776.3631,NA,8.76690000000000,NA,0.10010000000000,13.41830000000000,NA,24767.6986,8.7646,8.6645,0.1001,12.8511,9.2317,9.2086,0.0231,NA,NA,NA
parkey.exe,33280,0x1FE6D6D9E00,DXGI,0,0,0,Composed: Flip,24784.4695,NA,8.10640000000000,6.74430000000000,0.10250000000000,14.09730000000000,21.8050,24776.4632,8.1088,8.0063,0.1025,13.3182,8.7854,8.7613,0.0241,10.3879,24776.4632,NA
parkey.exe,33280,0x1FE6D6D9E00,DXGI,0,0,0,Composed: Flip,24792.9965,NA,8.52700000000000,13.94420000000000,0.09910000000000,14.30560000000000,27.2222,24784.5720,8.5236,8.4245,0.0991,13.9948,8.7353,8.7063,0.0290,-5.8354,24784.5720,NA
parkey.exe,33280,0x1FE6D6D9E00,DXGI,0,0,0,Composed: Flip,24801.3256,NA,8.32910000000000,12.67290000000000,0.09990000000000,14.64740000000000,31.5660,24793.0956,8.3299,8.2300,0.0999,14.2065,8.6709,8.6508,0.0201,-4.1493,24793.0956,NA
parkey.exe,33280,0x1FE6D6D9E00,DXGI,0,0,0,Composed: Flip,24809.5148,NA,8.18920000000000,1.20930000000000,0.10480000000000,14.59540000000000,24.5861,24801.4255,8.1941,8.0893,0.1048,14.5475,8.1372,8.1152,0.0220,7.1206,24801.4255,NA
parkey.exe,33280,0x1FE6D6D9E00,DXGI,0,0,0,Composed: Flip,24817.8291,NA,8.31430000000000,15.46900000000000,0.12810000000000,14.56640000000000,31.7408,24809.6196,8.3376,8.2095,0.1281,14.4906,8.2853,8.2600,0.0253,-7.2749,24809.6196,NA
parkey.exe,33280,0x1FE6D6D9E00,DXGI,0,0,0,Composed: Flip,24826.1776,NA,8.34850000000000,5.37440000000000,0.09200000000000,14.60460000000000,28.7667,24817.9572,8.3124,8.2204,0.0920,14.4383,8.3867,8.3562,0.0305,2.9632,24817.9572,NA
parkey.exe,33280,0x1FE6D6D9E00,DXGI,0,0,0,Composed: Flip,24834.4283,NA,8.25070000000000,11.30430000000000,0.13920000000000,14.74490000000000,31.8203,24826.2696,8.2979,8.1587,0.1392,14.5126,8.3910,8.3678,0.0232,-2.9919,24826.2696,NA
parkey.exe,33280,0x1FE6D6D9E00,DXGI,0,0,0,Composed: Flip,24842.8095,NA,8.38120000000000,NA,0.08990000000000,14.51140000000000,NA,24834.5675,8.3319,8.2420,0.0899,14.6057,8.1477,8.1233,0.0244,NA,NA,NA
parkey.exe,33280,0x1FE6D6D9E00,DXGI,0,0,0,Composed: Flip,24851.0220,NA,8.21250000000000,9.51900000000000,0.09320000000000,14.52930000000000,24.7456,24842.8994,8.2158,8.1226,0.0932,14.4215,8.2304,8.2040,0.0264,7.1108,24842.8994,NA
parkey.exe,33280,0x1FE6D6D9E00,DXGI,0,0,0,Composed: Flip,24859.5180,NA,8.49600000000000,NA,0.09490000000000,14.19440000000000,NA,24851.1152,8.4977,8.4028,0.0949,14.4361,8.1611,8.1340,0.0271,NA,NA,NA
parkey.exe,33280,0x1FE6D6D9E00,DXGI,0,0,0,Composed: Flip,24867.7408,NA,8.22280000000000,23.84300000000000,0.10040000000000,14.19540000000000,31.8698,24859.6129,8.2283,8.1279,0.1004,14.0995,8.2238,8.2035,0.0203,-7.1295,24859.6129,NA
parkey.exe,33280,0x1FE6D6D9E00,DXGI,0,0,0,Composed: Flip,24876.0498,NA,8.30900000000000,3.94900000000000,0.11720000000000,14.19530000000000,27.5098,24867.8412,8.3258,8.2086,0.1172,14.0950,8.3089,8.2830,0.0259,4.2793,24867.8412,NA
parkey.exe,33280,0x1FE6D6D9E00,DXGI,0,0,0,Composed: Flip,24884.3971,NA,8.34730000000000,12.73810000000000,0.09220000000000,14.02630000000000,31.9006,24876.1670,8.3223,8.2301,0.0922,14.0781,8.1783,8.1366,0.0417,-4.4123,24876.1670,NA
parkey.exe,33280,0x1FE6D6D9E00,DXGI,0,0,0,Composed: Flip,24892.5657,NA,8.16860000000000,NA,0.12190000000000,14.24160000000000,NA,24884.4893,8.1983,8.0764,0.1219,13.9341,8.3839,8.3629,0.0210,NA,NA,NA
parkey.exe,33280,0x1FE6D6D9E00,DXGI,0,0,0,Composed: Flip,24901.0851,NA,8.51940000000000,8.07400000000000,0.09270000000000,14.01530000000000,23.2866,24892.6876,8.4902,8.3975,0.0927,14.1197,8.2931,8.2693,0.0238,8.4466,24892.6876,NA
parkey.exe,33280,0x1FE6D6D9E00,DXGI,0,0,0,Composed: Flip,24909.3149,NA,8.22980000000000,13.84860000000000,0.09820000000000,13.95210000000000,28.9054,24901.1778,8.2353,8.1371,0.0982,13.9226,8.1666,8.1303,0.0363,-5.3584,24901.1778,NA
parkey.exe,33280,0x1FE6D6D9E00,DXGI,0,0,0,Composed: Flip,24917.9654,NA,8.65050000000000,11.42800000000000,0.10210000000000,13.65670000000000,31.6829,24909.4131,8.6544,8.5523,0.1021,13.8539,8.3551,8.3320,0.0231,-3.1927,24909.4131,NA
parkey.exe,33280,0x1FE6D6D9E00,DXGI,0,0,0,Composed: Flip,24925.9866,NA,8.02120000000000,NA,0.08840000000000,14.37500000000000,NA,24918.0675,8.0075,7.9191,0.0884,13.5546,8.7395,8.7158,0.0237,NA,NA,NA
parkey.exe,33280,0x1FE6D6D9E00,DXGI,0,0,0,Composed: Flip,24934.6574,NA,8.67080000000000,9.46650000000000,0.15740000000000,13.92960000000000,24.4574,24926.0750,8.7398,8.5824,0.1574,14.2866,8.2254,8.1971,0.0283,7.1954,24926.0750,NA
parkey.exe,33280,0x1FE6D6D9E00,DXGI,0,0,0,Composed: Flip,24942.9869,NA,8.32950000000000,NA,0.12430000000000,13.76820000000000,NA,24934.8148,8.2964,8.1721,0.1243,13.7722,8.1681,8.1414,0.0267,NA,NA,NA
parkey.exe,33280,0x1FE6D6D9E00,DXGI,0,0,0,Composed: Flip,24950.9836,NA,7.99670000000000,23.90970000000000,0.10490000000000,14.02350000000000,32.0409,24943.1112,7.9773,7.8724,0.1049,13.6439,8.2520,8.2278,0.0242,-6.8735,24943.1112,NA
parkey.exe,33280,0x1FE6D6D9E00,DXGI,0,0,0,Composed: Flip,24959.4135,NA,8.42990000000000,NA,0.11190000000000,13.79290000000000,NA,24951.0885,8.4369,8.3250,0.1119,13.9186,8.1993,8.1722,0.0271,NA,NA,NA
parkey.exe,33280,0x1FE6D6D9E00,DXGI,0,0,0,Composed: Flip,24967.7141,NA,8.30060000000000,16.67180000000000,0.09630000000000,13.72450000000000,31.9822,24959.5254,8.2850,8.1887,0.0963,13.6810,8.2322,8.2051,0.0271,-0.2576,24959.5254,NA
parkey.exe,33280,0x1FE6D6D9E00,DXGI,0,0,0,Composed: Flip,24976.0236,NA,8.30950000000000,NA,0.08960000000000,13.64640000000000,NA,24967.8104,8.3028,8.2132,0.0896,13.6282,8.2314,8.2083,0.0231,NA,NA,NA
parkey.exe,33280,0x1FE6D6D9E00,DXGI,0,0,0,Composed: Flip,24984.3103,NA,8.28670000000000,8.03830000000000,0.08830000000000,13.49580000000000,23.4243,24976.1132,8.2854,8.1971,0.0883,13.5568,8.1361,8.1134,0.0227,8.5495,24976.1132,NA
parkey.exe,33280,0x1FE6D6D9E00,DXGI,0,0,0,Composed: Flip,24992.8536,NA,8.54330000000000,13.84110000000000,0.11120000000000,13.12160000000000,28.7221,24984.3986,8.5662,8.4550,0.1112,13.4075,8.1691,8.1281,0.0410,-5.5557,24984.3986,NA
parkey.exe,33280,0x1FE6D6D9E00,DXGI,0,0,0,Composed: Flip,25001.1885,NA,8.33490000000000,11.48040000000000,0.11580000000000,12.84470000000000,31.8676,24992.9648,8.3395,8.2237,0.1158,13.0104,8.0580,8.0341,0.0239,-2.9142,24992.9648,NA
parkey.exe,33280,0x1FE6D6D9E00,DXGI,0,0,0,Composed: Flip,25009.4948,NA,8.30630000000000,NA,0.10200000000000,12.63520000000000,NA,25001.3043,8.2925,8.1905,0.1020,12.7289,8.0968,8.0710,0.0258,NA,NA,NA
parkey.exe,33280,0x1FE6D6D9E00,DXGI,0,0,0,Composed: Flip,25017.5623,NA,8.06750000000000,16.30520000000000,0.10230000000000,12.79300000000000,31.7990,25009.5968,8.0678,7.9655,0.1023,12.5332,8.2253,8.2001,0.0252,0.3268,25009.5968,NA
parkey.exe,33280,0x1FE6D6D9E00,DXGI,0,0,0,Composed: Flip,25026.2089,NA,8.64660000000000,NA,0.10410000000000,12.14270000000000,NA,25017.6646,8.6484,8.5443,0.1041,12.6907,7.9963,7.9716,0.0247,NA,NA,NA
parkey.exe,33280,0x1FE6D6D9E00,DXGI,0,0,0,Composed: Flip,25034.2980,NA,8.08910000000000,17.07790000000000,0.09070000000000,12.08770000000000,32.1412,25026.3130,8.0757,7.9850,0.0907,12.0386,8.0341,8.0119,0.0222,-0.3617,25026.3130,NA
parkey.exe,33280,0x1FE6D6D9E00,DXGI,0,0,0,Composed: Flip,25042.9201,NA,8.62210000000000,NA,0.11130000000000,11.71590000000000,NA,25034.3887,8.6427,8.5314,0.1113,11.9970,8.2503,8.2280,0.0223,NA,NA,NA
parkey.exe,33280,0x1FE6D6D9E00,DXGI,0,0,0,Composed: Flip,25051.1564,NA,8.23630000000000,3.76570000000000,0.19490000000000,11.64570000000000,19.0485,25043.0314,8.3199,8.1250,0.1949,11.6046,8.1661,8.1402,0.0259,12.9527,25043.0314,NA
parkey.exe,33280,0x1FE6D6D9E00,DXGI,0,0,0,Composed: Flip,25059.4199,NA,8.26350000000000,NA,0.09980000000000,11.41580000000000,NA,25051.3513,8.1684,8.0686,0.0998,11.4508,8.0336,8.0093,0.0243,NA,NA,NA
parkey.exe,33280,0x1FE6D6D9E00,DXGI,0,0,0,Composed: Flip,25067.9644,NA,8.54450000000000,20.87400000000000,0.09440000000000,10.94170000000000,23.1145,25059.5197,8.5391,8.4447,0.0944,11.3160,8.0704,8.0488,0.0216,-4.3857,25059.5197,NA
parkey.exe,33280,0x1FE6D6D9E00,DXGI,0,0,0,Composed: Flip,25076.0139,NA,8.04950000000000,NA,0.09510000000000,10.91000000000000,NA,25068.0588,8.0502,7.9551,0.0951,10.8473,8.0178,7.9983,0.0195,NA,NA,NA
parkey.exe,33280,0x1FE6D6D9E00,DXGI,0,0,0,Composed: Flip,25084.1714,NA,8.15750000000000,13.89270000000000,0.11510000000000,10.76920000000000,20.8002,25076.1090,8.1775,8.0624,0.1151,10.8149,8.0167,7.9968,0.0199,2.6966,25076.1090,NA
parkey.exe,33280,0x1FE6D6D9E00,DXGI,0,0,0,Composed: Flip,25092.5990,NA,8.42760000000000,11.49950000000000,0.08270000000000,10.59890000000000,23.8721,25084.2865,8.3952,8.3125,0.0827,10.6541,8.2573,8.2356,0.0217,-3.3220,25084.2865,NA
parkey.exe,33280,0x1FE6D6D9E00,DXGI,0,0,0,Composed: Flip,25101.1254,NA,8.52640000000000,16.66530000000000,0.10010000000000,10.07560000000000,32.0110,25092.6817,8.5438,8.4437,0.1001,10.5162,8.0031,7.9762,0.0269,-8.2701,25092.6817,NA
parkey.exe,33280,0x1FE6D6D9E00,DXGI,0,0,0,Composed: Flip,25109.3340,NA,8.20860000000000,NA,0.09730000000000,9.91900000000000,NA,25101.2255,8.2058,8.1085,0.0973,9.9755,8.0520,8.0281,0.0239,NA,NA,NA
parkey.exe,33280,0x1FE6D6D9E00,DXGI,0,0,0,Composed: Flip,25117.8046,NA,8.47060000000000,6.56230000000000,0.09340000000000,9.44770000000000,21.8941,25109.4313,8.4667,8.3733,0.0934,9.8217,7.9993,7.9769,0.0224,10.1873,25109.4313,NA
parkey.exe,33280,0x1FE6D6D9E00,DXGI,0,0,0,Composed: Flip,25126.0223,NA,8.21770000000000,NA,0.09610000000000,9.43540000000000,NA,25117.8980,8.2204,8.1243,0.0961,9.3543,8.2054,8.1807,0.0247,NA,NA,NA
parkey.exe,33280,0x1FE6D6D9E00,DXGI,0,0,0,Composed: Flip,25134.3033,NA,8.28100000000000,13.90440000000000,0.09560000000000,9.26570000000000,19.2998,25126.1184,8.2805,8.1849,0.0956,9.3393,8.1113,8.0850,0.0263,2.7827,25126.1184,NA
parkey.exe,33280,0x1FE6D6D9E00,DXGI,0,0,0,Composed: Flip,25142.5173,NA,8.21400000000000,12.91220000000000,0.11290000000000,9.25070000000000,23.9980,25134.3989,8.2313,8.1184,0.1129,9.1701,8.1990,8.1730,0.0260,-4.6317,25134.3989,NA
parkey.exe,33280,0x1FE6D6D9E00,DXGI,0,0,0,Composed: Flip,25151.0582,NA,8.54090000000000,16.65630000000000,0.10180000000000,8.94610000000000,32.1134,25142.6302,8.5298,8.4280,0.1018,9.1378,8.2363,8.1913,0.0450,-8.4250,25142.6302,NA
parkey.exe,33280,0x1FE6D6D9E00,DXGI,0,0,0,Composed: Flip,25159.3543,NA,8.29610000000000,NA,0.16710000000000,8.74330000000000,NA,25151.1600,8.3614,8.1943,0.1671,8.8443,8.0933,8.0647,0.0286,NA,NA,NA
parkey.exe,33280,0x1FE6D6D9E00,DXGI,0,0,0,Composed: Flip,25167.7298,NA,8.37550000000000,5.16420000000000,0.09610000000000,8.32630000000000,20.6060,25159.5214,8.3045,8.2084,0.0961,8.5762,7.9585,7.9324,0.0261,11.7270,25159.5214,NA
parkey.exe,33280,0x1FE6D6D9E00,DXGI,0,0,0,Composed: Flip,25176.2291,NA,8.49930000000000,11.53130000000000,0.10660000000000,7.70180000000000,23.6380,25167.8259,8.5098,8.4032,0.1066,8.2896,7.8154,7.7855,0.0299,-3.2268,25167.8259,NA
parkey.exe,33280,0x1FE6D6D9E00,DXGI,0,0,0,Composed: Flip,25184.2109,NA,7.98180000000000,9.22980000000000,0.09320000000000,7.60980000000000,24.8860,25176.3357,7.9684,7.8752,0.0932,7.7833,7.7017,7.6843,0.0174,-0.7200,25176.3357,NA
parkey.exe,33280,0x1FE6D6D9E00,DXGI,0,0,0,Composed: Flip,25192.9916,NA,8.78070000000000,NA,0.10390000000000,6.86150000000000,NA,25184.3041,8.7914,8.6875,0.1039,8.4884,7.0606,7.0419,0.0187,NA,NA,NA
parkey.exe,33280,0x1FE6D6D9E00,DXGI,0,0,0,Composed: Flip,25201.0760,NA,8.08440000000000,7.00090000000000,0.09870000000000,7.74560000000000,15.0218,25193.0955,8.0792,7.9805,0.0987,7.8346,7.8915,7.8708,0.0207,9.7589,25193.0955,NA
parkey.exe,33280,0x1FE6D6D9E00,DXGI,0,0,0,Composed: Flip,25209.2978,NA,8.22180000000000,17.11480000000000,0.13080000000000,6.50560000000000,23.9148,25201.1747,8.2539,8.1231,0.1308,8.0255,6.6032,6.5793,0.0239,-9.0356,25201.1747,NA
parkey.exe,33280,0x1FE6D6D9E00,DXGI,0,0,0,Composed: Flip,25217.6164,NA,8.31860000000000,3.72700000000000,0.10800000000000,7.43620000000000,19.3232,25209.4286,8.2958,8.1878,0.1080,8.1263,7.4977,7.4735,0.0242,4.5269,25209.4286,NA
parkey.exe,33280,0x1FE6D6D9E00,DXGI,0,0,0,Composed: Flip,25226.0372,NA,8.42080000000000,12.95270000000000,0.09800000000000,6.03280000000000,23.8551,25217.7244,8.4108,8.3128,0.0980,8.2210,6.1246,6.1067,0.0179,-4.6569,25217.7244,NA
parkey.exe,33280,0x1FE6D6D9E00,DXGI,0,0,0,Composed: Flip,25234.2609,NA,8.22370000000000,NA,0.09650000000000,6.47610000000000,NA,25226.1352,8.2222,8.1257,0.0965,8.0277,6.5741,6.5518,0.0223,NA,NA,NA
parkey.exe,33280,0x1FE6D6D9E00,DXGI,0,0,0,Composed: Flip,25242.7885,NA,8.52760000000000,16.67680000000000,0.10650000000000,5.17710000000000,23.7806,25234.3574,8.5376,8.4311,0.1065,8.3313,5.2769,5.2530,0.0239,-0.0438,25234.3574,NA
parkey.exe,33280,0x1FE6D6D9E00,DXGI,0,0,0,Composed: Flip,25250.8271,NA,8.03860000000000,NA,0.09260000000000,7.37110000000000,NA,25242.8950,8.0247,7.9321,0.0926,7.9035,7.3997,7.3765,0.0232,NA,NA,NA
parkey.exe,33280,0x1FE6D6D9E00,DXGI,0,0,0,Composed: Flip,25259.2892,NA,8.46210000000000,5.12420000000000,0.09160000000000,5.18130000000000,12.4041,25250.9197,8.4611,8.3695,0.0916,8.2802,5.2706,5.2492,0.0214,11.4381,25250.9197,NA
parkey.exe,33280,0x1FE6D6D9E00,DXGI,0,0,0,Composed: Flip,25268.0023,NA,8.71310000000000,13.88620000000000,0.25530000000000,7.30270000000000,17.5772,25259.3808,8.8768,8.6215,0.2553,8.4854,7.4388,7.4150,0.0238,-5.4251,25259.3808,NA
parkey.exe,33280,0x1FE6D6D9E00,DXGI,0,0,0,Composed: Flip,25276.4114,NA,8.40910000000000,14.35480000000000,0.12670000000000,6.35910000000000,23.5229,25268.2576,8.2805,8.1538,0.1267,8.0543,6.4586,6.4353,0.0233,-5.4780,25268.2576,NA
parkey.exe,33280,0x1FE6D6D9E00,DXGI,0,0,0,Composed: Flip,25284.5691,NA,8.15770000000000,NA,0.13790000000000,8.03460000000000,NA,25276.5381,8.1689,8.0310,0.1379,7.8904,8.1752,8.1531,0.0221,NA,NA,NA
parkey.exe,33280,0x1FE6D6D9E00,DXGI,0,0,0,Composed: Flip,25292.9529,NA,8.38380000000000,6.47010000000000,0.14240000000000,6.06060000000000,13.4515,25284.7070,8.3883,8.2459,0.1424,8.1290,6.1775,6.1554,0.0221,9.9793,25284.7070,NA
parkey.exe,33280,0x1FE6D6D9E00,DXGI,0,0,0,Composed: Flip,25301.0078,NA,8.05490000000000,13.89680000000000,0.11180000000000,7.55030000000000,19.2934,25293.0953,8.0243,7.9125,0.1118,7.8005,7.6623,7.6415,0.0208,-5.5085,25293.0953,NA
parkey.exe,33280,0x1FE6D6D9E00,DXGI,0,0,0,Composed: Flip,25309.5802,NA,8.57240000000000,13.00050000000000,0.11630000000000,6.02770000000000,23.7215,25301.1196,8.5769,8.4606,0.1163,8.3478,6.1405,6.1168,0.0237,-4.9762,25301.1196,NA
parkey.exe,33280,0x1FE6D6D9E00,DXGI,0,0,0,Composed: Flip,25317.8117,NA,8.23150000000000,NA,0.12110000000000,7.35630000000000,NA,25309.6965,8.2363,8.1152,0.1211,8.0042,7.4673,7.4432,0.0241,NA,NA,NA
parkey.exe,33280,0x1FE6D6D9E00,DXGI,0,0,0,Composed: Flip,25326.0542,NA,8.24250000000000,7.87540000000000,0.11870000000000,6.10930000000000,15.1229,25317.9328,8.2401,8.1214,0.1187,8.0057,6.2250,6.1994,0.0256,8.9378,25317.9328,NA
parkey.exe,33280,0x1FE6D6D9E00,DXGI,0,0,0,Composed: Flip,25335.2235,NA,9.16930000000000,NA,0.25580000000000,7.27710000000000,NA,25326.1729,9.3064,9.0506,0.2558,8.8534,7.4743,7.4477,0.0266,NA,NA,NA
parkey.exe,33280,0x1FE6D6D9E00,DXGI,0,0,0,Composed: Flip,25343.5711,NA,8.34760000000000,25.48340000000000,0.16300000000000,5.15590000000000,23.0894,25335.4793,8.2548,8.0918,0.1630,7.9345,5.3132,5.2648,0.0484,-7.9369,25335.4793,NA
parkey.exe,33280,0x1FE6D6D9E00,DXGI,0,0,0,Composed: Flip,25351.2428,NA,7.67170000000000,NA,0.13400000000000,7.33460000000000,NA,25343.7341,7.6427,7.5087,0.1340,7.3895,7.4538,7.4345,0.0193,NA,NA,NA
parkey.exe,33280,0x1FE6D6D9E00,DXGI,0,0,0,Composed: Flip,25359.4705,NA,8.22770000000000,9.19050000000000,0.10430000000000,6.13090000000000,16.3805,25351.3768,8.1980,8.0937,0.1043,7.9916,6.2330,6.2099,0.0231,6.7070,25351.3768,NA
parkey.exe,33280,0x1FE6D6D9E00,DXGI,0,0,0,Composed: Flip,25367.8435,NA,8.37300000000000,24.16620000000000,0.13450000000000,7.43080000000000,32.1737,25359.5748,8.4032,8.2687,0.1345,8.1337,7.5658,7.5461,0.0197,-15.9682,25359.5748,NA
parkey.exe,33280,0x1FE6D6D9E00,DXGI,0,0,0,Composed: Flip,25376.1604,NA,8.31690000000000,NA,0.13570000000000,7.62670000000000,NA,25367.9780,8.3181,8.1824,0.1357,8.0931,7.7160,7.6974,0.0186,NA,NA,NA
parkey.exe,33280,0x1FE6D6D9E00,DXGI,0,0,0,Composed: Flip,25384.4569,NA,8.29650000000000,3.62530000000000,0.11950000000000,7.60340000000000,19.1856,25376.2961,8.2803,8.1608,0.1195,8.0459,7.7183,7.7011,0.0172,13.0960,25376.2961,NA
parkey.exe,33280,0x1FE6D6D9E00,DXGI,0,0,0,Composed: Flip,25392.7287,NA,8.27180000000000,13.05740000000000,0.13550000000000,6.01060000000000,23.9712,25384.5764,8.2878,8.1523,0.1355,8.0589,6.1040,6.0889,0.0151,-4.7771,25384.5764,NA
parkey.exe,33280,0x1FE6D6D9E00,DXGI,0,0,0,Composed: Flip,25400.9723,NA,8.24360000000000,0.84470000000000,0.10370000000000,7.52950000000000,16.5723,25392.8642,8.2118,8.1081,0.1037,8.0042,7.6334,7.6110,0.0224,7.4431,25392.8642,NA
parkey.exe,33280,0x1FE6D6D9E00,DXGI,0,0,0,Composed: Flip,25409.3463,NA,8.37400000000000,15.83880000000000,0.08770000000000,7.15250000000000,24.0371,25401.0760,8.3580,8.2703,0.0877,8.1848,7.2380,7.2182,0.0198,-7.6270,25401.0760,NA
parkey.exe,33280,0x1FE6D6D9E00,DXGI,0,0,0,Composed: Flip,25417.8719,NA,8.52560000000000,4.99830000000000,0.13890000000000,8.94060000000000,20.5098,25409.4340,8.5768,8.4379,0.1389,8.3207,9.0578,9.0382,0.0196,3.3597,25409.4340,NA
parkey.exe,33280,0x1FE6D6D9E00,DXGI,0,0,0,Composed: Flip,25426.2559,NA,8.38400000000000,11.68350000000000,0.09250000000000,8.25590000000000,23.8093,25418.0108,8.3376,8.2451,0.0925,8.8017,7.6993,7.6826,0.0167,-3.1067,25418.0108,NA
parkey.exe,33280,0x1FE6D6D9E00,DXGI,0,0,0,Composed: Flip,25434.5222,NA,8.26630000000000,NA,0.12500000000000,8.35080000000000,NA,25426.3484,8.2988,8.1738,0.1250,8.2005,8.3241,8.2910,0.0331,NA,NA,NA
parkey.exe,33280,0x1FE6D6D9E00,DXGI,0,0,0,Composed: Flip,25443.2084,NA,8.68620000000000,16.68220000000000,0.10900000000000,5.76520000000000,23.5390,25434.6472,8.6702,8.5612,0.1090,8.4471,5.8793,5.8535,0.0258,-0.0458,25434.6472,NA
parkey.exe,33280,0x1FE6D6D9E00,DXGI,0,0,0,Composed: Flip,25450.9604,NA,7.75200000000000,6.38230000000000,0.10550000000000,8.41350000000000,22.1693,25443.3174,7.7485,7.6430,0.1055,7.4897,8.5668,8.5505,0.0163,2.2879,25443.3174,NA
parkey.exe,33280,0x1FE6D6D9E00,DXGI,0,0,0,Composed: Flip,25459.3783,NA,8.41790000000000,NA,0.12670000000000,8.41140000000000,NA,25451.0659,8.4391,8.3124,0.1267,8.3080,8.4158,8.3914,0.0244,NA,NA,NA
parkey.exe,33280,0x1FE6D6D9E00,DXGI,0,0,0,Composed: Flip,25468.0300,NA,8.65170000000000,NA,0.09200000000000,8.30000000000000,NA,25459.5050,8.6170,8.5250,0.0920,8.3741,8.4509,8.4291,0.0218,NA,NA,NA
parkey.exe,33280,0x1FE6D6D9E00,DXGI,0,0,0,Composed: Flip,25475.9544,NA,7.92440000000000,26.97600000000000,0.10480000000000,7.57170000000000,24.1513,25468.1220,7.9372,7.8324,0.1048,8.2080,7.1961,7.1734,0.0227,-2.1714,25468.1220,NA
parkey.exe,33280,0x1FE6D6D9E00,DXGI,0,0,0,Composed: Flip,25484.5554,NA,8.60100000000000,14.61390000000000,0.08960000000000,8.21700000000000,30.1642,25476.0592,8.5858,8.4962,0.0896,8.3490,8.3642,8.3452,0.0190,-6.6767,25476.0592,NA
parkey.exe,33280,0x1FE6D6D9E00,DXGI,0,0,0,Composed: Flip,25492.8433,NA,8.28790000000000,NA,0.08850000000000,8.67080000000000,NA,25484.6450,8.2868,8.1983,0.0885,8.1274,8.7417,8.7086,0.0331,NA,NA,NA
parkey.exe,33280,0x1FE6D6D9E00,DXGI,0,0,0,Composed: Flip,25500.9748,NA,8.13150000000000,NA,0.11850000000000,9.03560000000000,NA,25492.9318,8.1615,8.0430,0.1185,8.5823,8.4963,8.4788,0.0175,NA,NA,NA
parkey.exe,33280,0x1FE6D6D9E00,DXGI,0,0,0,Composed: Flip,25509.6543,NA,8.67950000000000,18.74770000000000,0.12890000000000,8.89950000000000,23.8130,25501.0933,8.6899,8.5610,0.1289,8.9171,8.5434,8.5167,0.0267,6.2864,25501.0933,NA
parkey.exe,33280,0x1FE6D6D9E00,DXGI,0,0,0,Composed: Flip,25517.6652,NA,8.01090000000000,9.02880000000000,0.12870000000000,9.56300000000000,24.8309,25509.7832,8.0107,7.8820,0.1287,8.7706,8.6744,8.6474,0.0270,-0.3389,25509.7832,NA
parkey.exe,33280,0x1FE6D6D9E00,DXGI,0,0,0,Composed: Flip,25526.2105,NA,8.54530000000000,NA,0.09360000000000,9.53990000000000,NA,25517.7939,8.5102,8.4166,0.0936,9.4343,8.5222,8.5033,0.0189,NA,NA,NA
parkey.exe,33280,0x1FE6D6D9E00,DXGI,0,0,0,Composed: Flip,25534.2286,NA,8.01810000000000,NA,0.09270000000000,10.00360000000000,NA,25526.3041,8.0172,7.9245,0.0927,9.4463,8.4818,8.4618,0.0200,NA,NA,NA
parkey.exe,33280,0x1FE6D6D9E00,DXGI,0,0,0,Composed: Flip,25542.8398,NA,8.61120000000000,24.35790000000000,0.09990000000000,9.83920000000000,24.0142,25534.3213,8.6184,8.5185,0.0999,9.9109,8.4468,8.4249,0.0219,0.1802,25534.3213,NA
parkey.exe,33280,0x1FE6D6D9E00,DXGI,0,0,0,Composed: Flip,25550.8346,NA,7.99480000000000,NA,0.08220000000000,9.17190000000000,NA,25542.9397,7.9771,7.8949,0.0822,9.7393,7.3275,7.3109,0.0166,NA,NA,NA
parkey.exe,33280,0x1FE6D6D9E00,DXGI,0,0,0,Composed: Flip,25559.2991,NA,8.46450000000000,16.64640000000000,0.09690000000000,7.91600000000000,24.2013,25550.9168,8.4792,8.3823,0.0969,9.0897,7.2086,7.1630,0.0456,-0.0509,25550.9168,NA
parkey.exe,33280,0x1FE6D6D9E00,DXGI,0,0,0,Composed: Flip,25567.6135,NA,8.31440000000000,NA,0.10930000000000,8.17350000000000,NA,25559.3960,8.3268,8.2175,0.1093,8.0739,8.3171,8.2990,0.0181,NA,NA,NA
parkey.exe,33280,0x1FE6D6D9E00,DXGI,0,0,0,Composed: Flip,25576.2289,NA,8.61540000000000,7.68910000000000,0.10540000000000,7.39440000000000,14.9606,25567.7228,8.6115,8.5061,0.1054,8.3747,7.5258,7.5036,0.0222,9.1169,25567.7228,NA
parkey.exe,33280,0x1FE6D6D9E00,DXGI,0,0,0,Composed: Flip,25584.2227,NA,7.99380000000000,NA,0.12130000000000,8.16230000000000,NA,25576.3343,8.0097,7.8884,0.1213,7.7635,8.2872,8.2680,0.0192,NA,NA,NA
parkey.exe,33280,0x1FE6D6D9E00,DXGI,0,0,0,Composed: Flip,25592.6334,NA,8.41070000000000,25.68540000000000,0.10680000000000,7.35280000000000,24.2415,25584.3440,8.3962,8.2894,0.1068,8.1495,7.4927,7.4705,0.0222,-9.0642,25584.3440,NA
parkey.exe,33280,0x1FE6D6D9E00,DXGI,0,0,0,Composed: Flip,25601.1554,NA,8.52200000000000,NA,0.12100000000000,8.20550000000000,NA,25592.7402,8.5362,8.4152,0.1210,8.3109,8.3098,8.2542,0.0556,NA,NA,NA
parkey.exe,33280,0x1FE6D6D9E00,DXGI,0,0,0,Composed: Flip,25609.4100,NA,8.25460000000000,9.02640000000000,0.10190000000000,8.69230000000000,16.4913,25601.2764,8.2355,8.1336,0.1019,8.0845,8.7414,8.7130,0.0284,7.9060,25601.2764,NA
parkey.exe,33280,0x1FE6D6D9E00,DXGI,0,0,0,Composed: Flip,25617.7894,NA,8.37940000000000,NA,0.11810000000000,8.79750000000000,NA,25609.5119,8.3956,8.2775,0.1181,8.5904,8.4846,8.4612,0.0234,NA,NA,NA
parkey.exe,33280,0x1FE6D6D9E00,DXGI,0,0,0,Composed: Flip,25626.1641,NA,8.37470000000000,24.31100000000000,0.10270000000000,8.78930000000000,24.0482,25617.9075,8.3593,8.2566,0.1027,8.6794,8.3665,8.3452,0.0213,-7.6799,25617.9075,NA
parkey.exe,33280,0x1FE6D6D9E00,DXGI,0,0,0,Composed: Flip,25634.2777,NA,8.11360000000000,NA,0.10160000000000,7.37790000000000,NA,25626.2668,8.1125,8.0109,0.1016,8.6866,6.7022,6.6789,0.0233,NA,NA,NA
parkey.exe,33280,0x1FE6D6D9E00,DXGI,0,0,0,Composed: Flip,25642.5515,NA,8.27380000000000,16.68300000000000,0.10280000000000,5.90470000000000,24.3438,25634.3793,8.2750,8.1722,0.1028,8.0771,5.9998,5.9769,0.0229,-0.2112,25634.3793,NA
parkey.exe,33280,0x1FE6D6D9E00,DXGI,0,0,0,Composed: Flip,25650.9216,NA,8.37010000000000,0.69630000000000,0.10410000000000,8.00860000000000,16.6700,25642.6543,8.3714,8.2673,0.1041,8.1333,8.1426,8.1257,0.0169,7.5787,25642.6543,NA
parkey.exe,33280,0x1FE6D6D9E00,DXGI,0,0,0,Composed: Flip,25659.4274,NA,8.50580000000000,15.98650000000000,0.09780000000000,6.84650000000000,24.1507,25651.0257,8.4995,8.4017,0.0978,8.2951,6.9531,6.9299,0.0232,-7.6151,25651.0257,NA
parkey.exe,33280,0x1FE6D6D9E00,DXGI,0,0,0,Composed: Flip,25667.6488,NA,8.22140000000000,4.84820000000000,0.11030000000000,8.21910000000000,20.7775,25659.5252,8.2339,8.1236,0.1103,7.9069,8.4358,8.4160,0.0198,3.6513,25659.5252,NA
parkey.exe,33280,0x1FE6D6D9E00,DXGI,0,0,0,Composed: Flip,25676.1732,NA,8.52440000000000,11.84760000000000,0.10250000000000,7.77190000000000,24.1007,25667.7591,8.5166,8.4141,0.1025,8.3097,7.8763,7.8598,0.0165,-3.6137,25667.7591,NA
parkey.exe,33280,0x1FE6D6D9E00,DXGI,0,0,0,Composed: Flip,25684.1805,NA,8.00730000000000,NA,0.09270000000000,8.22530000000000,NA,25676.2757,7.9975,7.9048,0.0927,7.7697,8.3604,8.3344,0.0260,NA,NA,NA
parkey.exe,33280,0x1FE6D6D9E00,DXGI,0,0,0,Composed: Flip,25693.1067,NA,8.92620000000000,8.97880000000000,0.10000000000000,7.15720000000000,16.1460,25684.2732,8.9335,8.8335,0.1000,8.6488,7.3419,7.3224,0.0195,7.5353,25684.2732,NA
parkey.exe,33280,0x1FE6D6D9E00,DXGI,0,0,0,Composed: Flip,25700.9505,NA,7.84380000000000,NA,0.11470000000000,8.14780000000000,NA,25693.2067,7.8585,7.7438,0.1147,7.6057,8.2859,8.2633,0.0226,NA,NA,NA
parkey.exe,33280,0x1FE6D6D9E00,DXGI,0,0,0,Composed: Flip,25709.5910,NA,8.64050000000000,24.37780000000000,0.14500000000000,8.25110000000000,24.0395,25701.0652,8.6708,8.5258,0.1450,8.6294,8.1475,8.1170,0.0305,-7.5858,25701.0652,NA
parkey.exe,33280,0x1FE6D6D9E00,DXGI,0,0,0,Composed: Flip,25717.5448,NA,7.95380000000000,NA,0.09250000000000,8.60030000000000,NA,25709.7360,7.9013,7.8088,0.0925,8.1061,8.3030,8.2832,0.0198,NA,NA,NA
parkey.exe,33280,0x1FE6D6D9E00,DXGI,0,0,0,Composed: Flip,25725.9467,NA,8.40190000000000,16.66580000000000,0.09900000000000,7.99630000000000,24.3496,25717.6373,8.4084,8.3094,0.0990,8.5078,7.7979,7.7688,0.0291,-0.0937,25717.6373,NA
parkey.exe,33280,0x1FE6D6D9E00,DXGI,0,0,0,Composed: Flip,25734.2544,NA,8.30770000000000,NA,0.09760000000000,8.01550000000000,NA,25726.0457,8.3063,8.2087,0.0976,8.0671,8.1571,8.1402,0.0169,NA,NA,NA
parkey.exe,33280,0x1FE6D6D9E00,DXGI,0,0,0,Composed: Flip,25742.8572,NA,8.60280000000000,16.68020000000000,0.10860000000000,6.02180000000000,24.1193,25734.3520,8.6138,8.5052,0.1086,8.3906,6.1364,6.1117,0.0247,0.0345,25734.3520,NA
parkey.exe,33280,0x1FE6D6D9E00,DXGI,0,0,0,Composed: Flip,25750.8691,NA,8.01190000000000,4.80510000000000,0.12500000000000,8.08580000000000,20.9125,25742.9658,8.0283,7.9033,0.1250,7.7541,8.2350,8.2163,0.0187,3.8087,25742.9658,NA
parkey.exe,33280,0x1FE6D6D9E00,DXGI,0,0,0,Composed: Flip,25759.4551,NA,8.58600000000000,11.88350000000000,0.11620000000000,7.37960000000000,24.2100,25750.9941,8.5772,8.4610,0.1162,8.3502,7.4904,7.4682,0.0222,-3.8552,25750.9941,NA
parkey.exe,33280,0x1FE6D6D9E00,DXGI,0,0,0,Composed: Flip,25767.5995,NA,8.14440000000000,NA,0.13110000000000,8.09710000000000,NA,25759.5713,8.1593,8.0282,0.1311,7.9189,8.2064,8.1838,0.0226,NA,NA,NA
parkey.exe,33280,0x1FE6D6D9E00,DXGI,0,0,0,Composed: Flip,25776.1056,NA,8.50610000000000,8.92690000000000,0.13180000000000,7.24670000000000,16.4864,25767.7306,8.5068,8.3750,0.1318,8.2764,7.3453,7.3238,0.0215,7.8096,25767.7306,NA
parkey.exe,33280,0x1FE6D6D9E00,DXGI,0,0,0,Composed: Flip,25784.2807,NA,8.17510000000000,13.90360000000000,0.08990000000000,7.96630000000000,22.2149,25776.2374,8.1332,8.0433,0.0899,7.9320,8.0776,8.0582,0.0194,-5.3968,25776.2374,NA
parkey.exe,33280,0x1FE6D6D9E00,DXGI,0,0,0,Composed: Flip,25792.9388,NA,8.65810000000000,10.53700000000000,0.09420000000000,7.26830000000000,24.0938,25784.3706,8.6624,8.5682,0.0942,8.5877,7.2488,7.2280,0.0208,-2.4038,25784.3706,NA
parkey.exe,33280,0x1FE6D6D9E00,DXGI,0,0,0,Composed: Flip,25800.8423,NA,7.90350000000000,NA,0.09370000000000,8.20290000000000,NA,25793.0330,7.9030,7.8093,0.0937,7.6928,8.3194,8.3041,0.0153,NA,NA,NA
parkey.exe,33280,0x1FE6D6D9E00,DXGI,0,0,0,Composed: Flip,25809.3316,NA,8.48930000000000,16.68300000000000,0.09510000000000,7.14760000000000,24.3840,25800.9360,8.4907,8.3956,0.0951,8.2973,7.2459,7.2293,0.0166,-0.1176,25800.9360,NA
parkey.exe,33280,0x1FE6D6D9E00,DXGI,0,0,0,Composed: Flip,25817.5620,NA,8.23040000000000,7.50390000000000,0.11190000000000,8.04370000000000,23.6575,25809.4267,8.2472,8.1353,0.1119,8.0384,8.1406,8.1205,0.0201,0.9868,25809.4267,NA
parkey.exe,33280,0x1FE6D6D9E00,DXGI,0,0,0,Composed: Flip,25826.0264,NA,8.46440000000000,NA,0.11080000000000,8.30290000000000,NA,25817.6739,8.4633,8.3525,0.1108,8.2334,8.4220,8.4025,0.0195,NA,NA,NA
parkey.exe,33280,0x1FE6D6D9E00,DXGI,0,0,0,Composed: Flip,25834.3523,NA,8.32590000000000,NA,0.11620000000000,8.01860000000000,NA,25826.1372,8.3313,8.2151,0.1162,8.1921,8.0416,8.0169,0.0247,NA,NA,NA
parkey.exe,33280,0x1FE6D6D9E00,DXGI,0,0,0,Composed: Flip,25842.5793,NA,8.22700000000000,25.83970000000000,0.07990000000000,5.58610000000000,24.4799,25834.4685,8.1907,8.1108,0.0799,7.9994,5.6975,5.6728,0.0247,-0.7979,25834.4685,NA
parkey.exe,33280,0x1FE6D6D9E00,DXGI,0,0,0,Composed: Flip,25850.8622,NA,8.28290000000000,1.93760000000000,0.10610000000000,7.99490000000000,18.1346,25842.6592,8.3091,8.2030,0.1061,8.0712,8.1267,8.0981,0.0286,6.2531,25842.6592,NA
parkey.exe,33280,0x1FE6D6D9E00,DXGI,0,0,0,Composed: Flip,25859.2199,NA,8.35770000000000,14.74150000000000,0.08950000000000,6.90110000000000,24.5184,25850.9683,8.3411,8.2516,0.0895,8.1644,6.9883,6.9636,0.0247,-6.4324,25850.9683,NA
parkey.exe,33280,0x1FE6D6D9E00,DXGI,0,0,0,Composed: Flip,25867.4744,NA,8.25450000000000,NA,0.09130000000000,8.01260000000000,NA,25859.3094,8.2563,8.1650,0.0913,8.0753,8.1023,8.0799,0.0224,NA,NA,NA
parkey.exe,33280,0x1FE6D6D9E00,DXGI,0,0,0,Composed: Flip,25876.3089,NA,8.83450000000000,6.10560000000000,0.11480000000000,5.91610000000000,13.5350,25867.5657,8.8580,8.7432,0.1148,8.6177,6.0416,6.0172,0.0244,10.4918,25867.5657,NA
parkey.exe,33280,0x1FE6D6D9E00,DXGI,0,0,0,Composed: Flip,25884.2486,NA,7.93970000000000,NA,0.11310000000000,8.20810000000000,NA,25876.4237,7.9380,7.8249,0.1131,7.7075,8.3255,8.3053,0.0202,NA,NA,NA
parkey.exe,33280,0x1FE6D6D9E00,DXGI,0,0,0,Composed: Flip,25892.8899,NA,8.64130000000000,27.25480000000000,0.13530000000000,7.53820000000000,24.2088,25884.3617,8.6635,8.5282,0.1353,8.4104,7.6560,7.6372,0.0188,-10.4588,25884.3617,NA
parkey.exe,33280,0x1FE6D6D9E00,DXGI,0,0,0,Composed: Flip,25900.8137,NA,7.92380000000000,NA,0.10790000000000,8.24410000000000,NA,25893.0252,7.8964,7.7885,0.1079,7.6934,8.3392,8.3224,0.0168,NA,NA,NA
parkey.exe,33280,0x1FE6D6D9E00,DXGI,0,0,0,Composed: Flip,25909.4535,NA,8.63980000000000,16.70030000000000,0.12060000000000,8.15650000000000,24.3455,25900.9216,8.6525,8.5319,0.1206,8.4103,8.2781,8.2568,0.0213,-0.1404,25900.9216,NA
parkey.exe,33280,0x1FE6D6D9E00,DXGI,0,0,0,Composed: Flip,25917.5001,NA,8.04660000000000,NA,0.10730000000000,8.69960000000000,NA,25909.5741,8.0333,7.9260,0.1073,8.0359,8.5897,8.5687,0.0210,NA,NA,NA
parkey.exe,33280,0x1FE6D6D9E00,DXGI,0,0,0,Composed: Flip,25926.0060,NA,8.50590000000000,16.66710000000000,0.09760000000000,8.02840000000000,24.4601,25917.6074,8.4962,8.3986,0.0976,8.5923,7.8347,7.8132,0.0215,0.0187,25917.6074,NA
parkey.exe,33280,0x1FE6D6D9E00,DXGI,0,0,0,Composed: Flip,25934.1291,NA,8.12310000000000,NA,0.09820000000000,8.05800000000000,NA,25926.1036,8.1237,8.0255,0.0982,7.9800,8.1035,8.0856,0.0179,NA,NA,NA
parkey.exe,33280,0x1FE6D6D9E00,DXGI,0,0,0,Composed: Flip,25942.7985,NA,8.66940000000000,16.67330000000000,0.12100000000000,5.93620000000000,24.3409,25934.2273,8.6922,8.5712,0.1210,8.4558,6.0516,6.0241,0.0275,-0.0534,25934.2273,NA
parkey.exe,33280,0x1FE6D6D9E00,DXGI,0,0,0,Composed: Flip,25950.8972,NA,8.09870000000000,NA,0.10370000000000,8.21270000000000,NA,25942.9195,8.0814,7.9777,0.1037,7.8342,8.3562,8.3340,0.0222,NA,NA,NA
parkey.exe,33280,0x1FE6D6D9E00,DXGI,0,0,0,Composed: Flip,25959.4099,NA,8.51270000000000,6.06420000000000,0.13260000000000,6.29640000000000,13.7937,25951.0009,8.5416,8.4090,0.1326,8.2757,6.4297,6.4109,0.0188,10.7094,25951.0009,NA
parkey.exe,33280,0x1FE6D6D9E00,DXGI,0,0,0,Composed: Flip,25967.5968,NA,8.18690000000000,13.90190000000000,0.09520000000000,8.03020000000000,19.5087,25959.5425,8.1495,8.0543,0.0952,7.9312,8.1533,8.1302,0.0231,-5.3603,25959.5425,NA
parkey.exe,33280,0x1FE6D6D9E00,DXGI,0,0,0,Composed: Flip,25976.6625,NA,9.06570000000000,13.39750000000000,0.15560000000000,6.45140000000000,23.8405,25967.6920,9.1261,8.9705,0.1556,8.7903,6.6316,6.6072,0.0244,-5.2480,25967.6920,NA
parkey.exe,33280,0x1FE6D6D9E00,DXGI,0,0,0,Composed: Flip,25984.8408,NA,8.17830000000000,NA,0.14750000000000,8.03200000000000,NA,25976.8181,8.1702,8.0227,0.1475,7.8648,8.1899,8.1674,0.0225,NA,NA,NA
parkey.exe,33280,0x1FE6D6D9E00,DXGI,0,0,0,Composed: Flip,25993.2571,NA,8.41630000000000,7.41930000000000,0.12340000000000,7.16740000000000,14.6652,25984.9883,8.3922,8.2688,0.1234,8.1353,7.3009,7.2830,0.0179,9.8770,25984.9883,NA
parkey.exe,33280,0x1FE6D6D9E00,DXGI,0,0,0,Composed: Flip,26001.0718,NA,7.81470000000000,NA,0.11100000000000,8.13590000000000,NA,25993.3805,7.8023,7.6913,0.1110,7.5774,8.2498,8.2120,0.0378,NA,NA,NA
parkey.exe,33280,0x1FE6D6D9E00,DXGI,0,0,0,Composed: Flip,26009.6122,NA,8.54040000000000,25.94200000000000,0.11610000000000,7.88860000000000,24.2521,26001.1828,8.5455,8.4294,0.1161,8.3110,8.0070,7.9874,0.0196,-9.7475,26001.1828,NA
parkey.exe,33280,0x1FE6D6D9E00,DXGI,0,0,0,Composed: Flip,26017.8701,NA,8.25790000000000,NA,0.13300000000000,8.37350000000000,NA,26009.7283,8.2748,8.1418,0.1330,7.9651,8.5502,8.5323,0.0179,NA,NA,NA
parkey.exe,33280,0x1FE6D6D9E00,DXGI,0,0,0,Composed: Flip,26026.1167,NA,8.24660000000000,8.78130000000000,0.11090000000000,8.26820000000000,16.5289,26018.0031,8.2245,8.1136,0.1109,8.2405,8.1413,8.1150,0.0263,8.0390,26018.0031,NA
parkey.exe,33280,0x1FE6D6D9E00,DXGI,0,0,0,Composed: Flip,26034.4938,NA,8.37710000000000,NA,0.10310000000000,8.23060000000000,NA,26026.2276,8.3693,8.2662,0.1031,8.2290,8.2678,8.2486,0.0192,NA,NA,NA
parkey.exe,33280,0x1FE6D6D9E00,DXGI,0,0,0,Composed: Flip,26042.7816,NA,8.28780000000000,24.58270000000000,0.11510000000000,7.92480000000000,24.4467,26034.5969,8.2998,8.1847,0.1151,8.1275,7.9820,7.9612,0.0208,-7.9889,26034.5969,NA
parkey.exe,33280,0x1FE6D6D9E00,DXGI,0,0,0,Composed: Flip,26050.9023,NA,8.12070000000000,NA,0.10980000000000,8.30790000000000,NA,26042.8967,8.1154,8.0056,0.1098,7.8974,8.4161,8.3992,0.0169,NA,NA,NA
parkey.exe,33280,0x1FE6D6D9E00,DXGI,0,0,0,Composed: Flip,26059.3685,NA,8.46620000000000,16.68190000000000,0.08810000000000,7.40780000000000,24.5417,26051.0121,8.4445,8.3564,0.0881,8.2110,7.5532,7.5338,0.0194,-0.2667,26051.0121,NA
parkey.exe,33280,0x1FE6D6D9E00,DXGI,0,0,0,Composed: Flip,26067.7173,NA,8.34880000000000,NA,0.10320000000000,8.20680000000000,NA,26059.4566,8.3639,8.2607,0.1032,8.1084,8.3591,8.3415,0.0176,NA,NA,NA
parkey.exe,33280,0x1FE6D6D9E00,DXGI,0,0,0,Composed: Flip,26075.9753,NA,8.25800000000000,14.24470000000000,0.10410000000000,7.99930000000000,22.1796,26067.8205,8.2589,8.1548,0.1041,8.1036,8.0505,8.0250,0.0255,2.5637,26067.8205,NA
parkey.exe,33280,0x1FE6D6D9E00,DXGI,0,0,0,Composed: Flip,26084.2028,NA,8.22750000000000,NA,0.16610000000000,8.16580000000000,NA,26076.0794,8.2895,8.1234,0.1661,7.9862,8.3030,8.2844,0.0186,NA,NA,NA
parkey.exe,33280,0x1FE6D6D9E00,DXGI,0,0,0,Composed: Flip,26092.7127,NA,8.50990000000000,19.11480000000000,0.10670000000000,7.78850000000000,24.5570,26084.3689,8.4505,8.3438,0.1067,8.1901,7.9422,7.9207,0.0215,-2.5664,26084.3689,NA
parkey.exe,33280,0x1FE6D6D9E00,DXGI,0,0,0,Composed: Flip,26100.9036,NA,8.19090000000000,NA,0.10540000000000,8.43680000000000,NA,26092.8194,8.1896,8.0842,0.1054,7.9901,8.5309,8.5147,0.0162,NA,NA,NA
parkey.exe,33280,0x1FE6D6D9E00,DXGI,0,0,0,Composed: Flip,26109.6717,NA,8.76810000000000,8.71680000000000,0.11240000000000,8.36610000000000,16.3148,26101.0090,8.7751,8.6627,0.1124,8.4668,8.5620,8.4988,0.0632,7.9233,26101.0090,NA
parkey.exe,33280,0x1FE6D6D9E00,DXGI,0,0,0,Composed: Flip,26117.6248,NA,7.95310000000000,NA,0.12740000000000,8.65670000000000,NA,26109.7841,7.9681,7.8407,0.1274,8.2537,8.2437,8.2201,0.0236,NA,NA,NA
parkey.exe,33280,0x1FE6D6D9E00,DXGI,0,0,0,Composed: Flip,26126.1542,NA,8.52940000000000,24.63660000000000,0.10510000000000,8.69330000000000,24.4689,26117.7522,8.5071,8.4020,0.1051,8.5293,8.5660,8.5352,0.0308,-7.8934,26117.7522,NA
parkey.exe,33280,0x1FE6D6D9E00,DXGI,0,0,0,Composed: Flip,26134.2928,NA,8.13860000000000,NA,0.08940000000000,8.43230000000000,NA,26126.2593,8.1229,8.0335,0.0894,8.5882,7.8776,7.8620,0.0156,NA,NA,NA
parkey.exe,33280,0x1FE6D6D9E00,DXGI,0,0,0,Composed: Flip,26142.6752,NA,8.38240000000000,16.68190000000000,0.11640000000000,7.63620000000000,24.6298,26134.3822,8.4094,8.2930,0.1164,8.3429,7.5863,7.5630,0.0233,-0.0519,26134.3822,NA
parkey.exe,33280,0x1FE6D6D9E00,DXGI,0,0,0,Composed: Flip,26150.8314,NA,8.15620000000000,NA,0.09740000000000,8.21460000000000,NA,26142.7916,8.1372,8.0398,0.0974,7.9499,8.3045,8.2835,0.0210,NA,NA,NA
parkey.exe,33280,0x1FE6D6D9E00,DXGI,0,0,0,Composed: Flip,26159.4983,NA,8.66690000000000,7.32200000000000,0.09530000000000,6.06940000000000,15.1287,26150.9288,8.6648,8.5695,0.0953,8.4166,6.2223,6.2008,0.0215,9.2246,26150.9288,NA
parkey.exe,33280,0x1FE6D6D9E00,DXGI,0,0,0,Composed: Flip,26167.4517,NA,7.95340000000000,NA,0.11310000000000,8.20010000000000,NA,26159.5936,7.9712,7.8581,0.1131,7.7620,8.2962,8.2752,0.0210,NA,NA,NA
parkey.exe,33280,0x1FE6D6D9E00,DXGI,0,0,0,Composed: Flip,26176.1620,NA,8.71030000000000,26.03760000000000,0.10710000000000,7.59770000000000,24.5026,26167.5648,8.7043,8.5972,0.1071,8.4864,7.7085,7.6770,0.0315,-9.4016,26167.5648,NA
parkey.exe,33280,0x1FE6D6D9E00,DXGI,0,0,0,Composed: Flip,26184.1440,NA,7.98200000000000,NA,0.10510000000000,8.51180000000000,NA,26176.2691,7.9800,7.8749,0.1051,7.7658,8.6209,8.6034,0.0175,NA,NA,NA
parkey.exe,33280,0x1FE6D6D9E00,DXGI,0,0,0,Composed: Flip,26192.8290,NA,8.68500000000000,8.67010000000000,0.18290000000000,8.31730000000000,16.5057,26184.2491,8.7628,8.5799,0.1829,8.4632,8.4340,8.4105,0.0235,8.0142,26184.2491,NA
parkey.exe,33280,0x1FE6D6D9E00,DXGI,0,0,0,Composed: Flip,26201.0750,NA,8.24600000000000,NA,0.10950000000000,8.50510000000000,NA,26193.0119,8.1726,8.0631,0.1095,8.1344,8.4338,8.4076,0.0262,NA,NA,NA
parkey.exe,33280,0x1FE6D6D9E00,DXGI,0,0,0,Composed: Flip,26209.5299,NA,8.45490000000000,24.69150000000000,0.12190000000000,8.61320000000000,24.4963,26201.1845,8.4673,8.3454,0.1219,8.3956,8.5630,8.5200,0.0430,-7.7561,26201.1845,NA
parkey.exe,33280,0x1FE6D6D9E00,DXGI,0,0,0,Composed: Flip,26217.7714,NA,8.24150000000000,NA,0.10350000000000,8.59820000000000,NA,26209.6518,8.2231,8.1196,0.1035,8.4913,8.2265,8.2000,0.0265,NA,NA,NA
parkey.exe,33280,0x1FE6D6D9E00,DXGI,0,0,0,Composed: Flip,26226.2290,NA,8.45760000000000,16.67750000000000,0.10270000000000,8.35090000000000,24.4747,26217.8749,8.4568,8.3541,0.1027,8.4947,8.2103,8.1941,0.0162,0.0129,26217.8749,NA
parkey.exe,33280,0x1FE6D6D9E00,DXGI,0,0,0,Composed: Flip,26234.3152,NA,8.08620000000000,NA,0.10850000000000,8.42010000000000,NA,26226.3317,8.0920,7.9835,0.1085,8.2482,8.1554,8.1376,0.0178,NA,NA,NA
parkey.exe,33280,0x1FE6D6D9E00,DXGI,0,0,0,Composed: Flip,26242.6595,NA,8.34430000000000,16.67950000000000,0.12910000000000,7.66770000000000,24.7237,26234.4237,8.3649,8.2358,0.1291,8.3116,7.5919,7.5671,0.0248,-0.1307,26234.4237,NA
parkey.exe,33280,0x1FE6D6D9E00,DXGI,0,0,0,Composed: Flip,26251.0963,NA,8.43680000000000,4.47500000000000,0.09680000000000,7.98520000000000,20.7619,26242.7886,8.4045,8.3077,0.0968,8.2107,8.0822,8.0628,0.0194,3.8899,26242.7886,NA
parkey.exe,33280,0x1FE6D6D9E00,DXGI,0,0,0,Composed: Flip,26259.3692,NA,8.27290000000000,12.22100000000000,0.09840000000000,6.13200000000000,24.7100,26251.1931,8.2745,8.1761,0.0984,8.0307,6.2774,6.2582,0.0192,-3.8165,26251.1931,NA
parkey.exe,33280,0x1FE6D6D9E00,DXGI,0,0,0,Composed: Flip,26267.5205,NA,8.15130000000000,NA,0.12630000000000,7.96450000000000,NA,26259.4676,8.1792,8.0529,0.1263,7.9338,8.0836,8.0628,0.0208,NA,NA,NA
parkey.exe,33280,0x1FE6D6D9E00,DXGI,0,0,0,Composed: Flip,26276.0525,NA,8.53200000000000,8.67340000000000,0.11070000000000,6.79820000000000,16.7001,26267.6468,8.5164,8.4057,0.1107,8.3011,6.9028,6.8830,0.0198,7.7803,26267.6468,NA
parkey.exe,33280,0x1FE6D6D9E00,DXGI,0,0,0,Composed: Flip,26284.3348,NA,8.28230000000000,NA,0.11470000000000,7.53120000000000,NA,26276.1632,8.2863,8.1716,0.1147,8.0503,7.6525,7.6331,0.0194,NA,NA,NA
parkey.exe,33280,0x1FE6D6D9E00,DXGI,0,0,0,Composed: Flip,26292.9278,NA,8.59300000000000,24.67870000000000,0.13030000000000,7.89060000000000,24.5035,26284.4495,8.6086,8.4783,0.1303,8.3201,8.0488,8.0329,0.0159,-7.8760,26284.4495,NA
parkey.exe,33280,0x1FE6D6D9E00,DXGI,0,0,0,Composed: Flip,26300.9484,NA,8.02060000000000,NA,0.13000000000000,7.95860000000000,NA,26293.0581,8.0203,7.8903,0.1300,7.7799,8.0690,8.0514,0.0176,NA,NA,NA
parkey.exe,33280,0x1FE6D6D9E00,DXGI,0,0,0,Composed: Flip,26309.4731,NA,8.52470000000000,16.67190000000000,0.13430000000000,7.51270000000000,24.6301,26301.0784,8.5290,8.3947,0.1343,8.2573,7.6501,7.6252,0.0249,-0.0430,26301.0784,NA
parkey.exe,33280,0x1FE6D6D9E00,DXGI,0,0,0,Composed: Flip,26317.7589,NA,8.28580000000000,NA,0.11340000000000,7.89960000000000,NA,26309.6074,8.2649,8.1515,0.1134,8.0134,8.0377,8.0086,0.0291,NA,NA,NA
parkey.exe,33280,0x1FE6D6D9E00,DXGI,0,0,0,Composed: Flip,26326.1172,NA,8.35830000000000,7.19750000000000,0.10770000000000,8.06430000000000,15.1835,26317.8723,8.3526,8.2449,0.1077,8.1286,8.1806,8.1544,0.0262,9.5964,26317.8723,NA
parkey.exe,33280,0x1FE6D6D9E00,DXGI,0,0,0,Composed: Flip,26334.2203,NA,8.10310000000000,NA,0.12630000000000,8.10340000000000,NA,26326.2249,8.1217,7.9954,0.1263,7.9566,8.1422,8.1197,0.0225,NA,NA,NA
parkey.exe,33280,0x1FE6D6D9E00,DXGI,0,0,0,Composed: Flip,26342.5725,NA,8.35220000000000,26.17640000000000,0.09430000000000,5.48630000000000,24.9046,26334.3466,8.3202,8.2259,0.0943,8.1265,5.5857,5.5612,0.0245,-9.7021,26334.3466,NA
parkey.exe,33280,0x1FE6D6D9E00,DXGI,0,0,0,Composed: Flip,26350.9330,NA,8.36050000000000,NA,0.10320000000000,8.00400000000000,NA,26342.6668,8.3694,8.2662,0.1032,8.1756,8.0946,8.0560,0.0386,NA,NA,NA
parkey.exe,33280,0x1FE6D6D9E00,DXGI,0,0,0,Composed: Flip,26359.6243,NA,8.69130000000000,8.63760000000000,0.12000000000000,6.73130000000000,16.4904,26351.0362,8.7081,8.5881,0.1200,8.4546,6.8648,6.8424,0.0224,8.0520,26351.0362,NA
parkey.exe,33280,0x1FE6D6D9E00,DXGI,0,0,0,Composed: Flip,26367.7159,NA,8.09160000000000,NA,0.10770000000000,7.68140000000000,NA,26359.7443,8.0793,7.9716,0.1077,7.8620,7.7910,7.7685,0.0225,NA,NA,NA
parkey.exe,33280,0x1FE6D6D9E00,DXGI,0,0,0,Composed: Flip,26376.2974,NA,8.58150000000000,24.71510000000000,0.13070000000000,8.12010000000000,24.5324,26367.8236,8.6045,8.4738,0.1307,8.3529,8.2410,8.2176,0.0234,-7.9277,26367.8236,NA
parkey.exe,33280,0x1FE6D6D9E00,DXGI,0,0,0,Composed: Flip,26384.1627,NA,7.86530000000000,NA,0.08010000000000,8.19300000000000,NA,26376.4281,7.8147,7.7346,0.0801,7.9894,7.9382,7.9223,0.0159,NA,NA,NA
parkey.exe,33280,0x1FE6D6D9E00,DXGI,0,0,0,Composed: Flip,26392.6690,NA,8.50630000000000,16.67970000000000,0.10510000000000,7.77340000000000,24.8405,26384.2428,8.5313,8.4262,0.1051,8.2663,7.9333,7.9116,0.0217,-0.2605,26384.2428,NA
parkey.exe,33280,0x1FE6D6D9E00,DXGI,0,0,0,Composed: Flip,26400.8688,NA,8.19980000000000,NA,0.08630000000000,7.51650000000000,NA,26392.7741,8.1810,8.0947,0.0863,7.9243,7.6869,7.6686,0.0183,NA,NA,NA
parkey.exe,33280,0x1FE6D6D9E00,DXGI,0,0,0,Composed: Flip,26409.4648,NA,8.59600000000000,7.14520000000000,0.10590000000000,5.84640000000000,15.1899,26400.9551,8.6156,8.5097,0.1059,8.3795,5.9766,5.9552,0.0214,9.5671,26400.9551,NA
parkey.exe,33280,0x1FE6D6D9E00,DXGI,0,0,0,Composed: Flip,26417.6189,NA,8.15410000000000,NA,0.10900000000000,7.94890000000000,NA,26409.5707,8.1572,8.0482,0.1090,7.9356,8.0615,8.0353,0.0262,NA,NA,NA
parkey.exe,33280,0x1FE6D6D9E00,DXGI,0,0,0,Composed: Flip,26426.0494,NA,8.43050000000000,26.21710000000000,0.10260000000000,7.55250000000000,24.8224,26417.7279,8.4241,8.3215,0.1026,8.1812,7.6928,7.6762,0.0166,-9.4443,26417.7279,NA
parkey.exe,33280,0x1FE6D6D9E00,DXGI,0,0,0,Composed: Flip,26434.1246,NA,8.07520000000000,NA,0.08480000000000,8.00920000000000,NA,26426.1520,8.0574,7.9726,0.0848,7.8829,8.0989,8.0831,0.0158,NA,NA,NA
parkey.exe,33280,0x1FE6D6D9E00,DXGI,0,0,0,Composed: Flip,26442.5928,NA,8.46820000000000,NA,0.11030000000000,6.01420000000000,NA,26434.2094,8.4937,8.3834,0.1103,8.2718,6.1258,6.1034,0.0224,NA,NA,NA
parkey.exe,33280,0x1FE6D6D9E00,DXGI,0,0,0,Composed: Flip,26450.8166,NA,8.22380000000000,15.44390000000000,0.10750000000000,8.04330000000000,15.4991,26442.7031,8.2210,8.1135,0.1075,8.0228,8.1340,8.1053,0.0287,9.5313,26442.7031,NA
parkey.exe,33280,0x1FE6D6D9E00,DXGI,0,0,0,Composed: Flip,26459.3785,NA,8.56190000000000,17.91230000000000,0.12640000000000,6.71480000000000,24.8495,26450.9241,8.5808,8.4544,0.1264,8.3424,6.8268,6.8044,0.0224,-9.6913,26450.9241,NA
parkey.exe,33280,0x1FE6D6D9E00,DXGI,0,0,0,Composed: Flip,26467.4594,NA,8.08090000000000,2.93920000000000,0.08370000000000,7.61560000000000,19.7078,26459.5049,8.0382,7.9545,0.0837,7.8744,7.6957,7.6711,0.0246,5.6416,26459.5049,NA
parkey.exe,33280,0x1FE6D6D9E00,DXGI,0,0,0,Composed: Flip,26476.1172,NA,8.65780000000000,13.74200000000000,0.11750000000000,7.19000000000000,24.7920,26467.5431,8.6916,8.5741,0.1175,8.4548,7.3093,7.2888,0.0205,-5.7038,26467.5431,NA
parkey.exe,33280,0x1FE6D6D9E00,DXGI,0,0,0,Composed: Flip,26484.2889,NA,8.17170000000000,NA,0.08970000000000,7.74390000000000,NA,26476.2347,8.1439,8.0542,0.0897,7.9359,7.8622,7.8428,0.0194,NA,NA,NA
parkey.exe,33280,0x1FE6D6D9E00,DXGI,0,0,0,Composed: Flip,26492.7519,NA,8.46300000000000,7.10180000000000,0.11430000000000,6.33990000000000,15.2591,26484.3786,8.4876,8.3733,0.1143,8.2605,6.4527,6.4324,0.0203,9.7337,26484.3786,NA
parkey.exe,33280,0x1FE6D6D9E00,DXGI,0,0,0,Composed: Flip,26500.8959,NA,8.14400000000000,NA,0.10530000000000,7.93070000000000,NA,26492.8662,8.1350,8.0297,0.1053,7.9315,8.0289,7.9772,0.0517,NA,NA,NA
parkey.exe,33280,0x1FE6D6D9E00,DXGI,0,0,0,Composed: Flip,26509.4811,NA,8.58520000000000,26.26710000000000,0.11050000000000,7.48550000000000,24.7970,26501.0012,8.5904,8.4799,0.1105,8.3407,7.6247,7.6044,0.0203,-9.6445,26501.0012,NA
parkey.exe,33280,0x1FE6D6D9E00,DXGI,0,0,0,Composed: Flip,26517.5834,NA,8.10230000000000,NA,0.12230000000000,7.99510000000000,NA,26509.5916,8.1141,7.9918,0.1223,7.8996,8.0873,8.0593,0.0280,NA,NA,NA
parkey.exe,33280,0x1FE6D6D9E00,DXGI,0,0,0,Composed: Flip,26526.3048,NA,8.72140000000000,8.46520000000000,0.14450000000000,7.85630000000000,16.4385,26517.7057,8.7436,8.5991,0.1445,8.4404,8.0150,7.9924,0.0226,8.2393,26517.7057,NA
parkey.exe,33280,0x1FE6D6D9E00,DXGI,0,0,0,Composed: Flip,26534.7600,NA,8.45520000000000,NA,0.17240000000000,7.49960000000000,NA,26526.4493,8.4831,8.3107,0.1724,8.1548,7.6555,7.6364,0.0191,NA,NA,NA
parkey.exe,33280,0x1FE6D6D9E00,DXGI,0,0,0,Composed: Flip,26543.1207,NA,8.36070000000000,24.88520000000000,0.15450000000000,7.42140000000000,24.5078,26534.9324,8.3428,8.1883,0.1545,8.1282,7.4815,7.4563,0.0252,-7.6585,26534.9324,NA
parkey.exe,33280,0x1FE6D6D9E00,DXGI,0,0,0,Composed: Flip,26551.1298,NA,8.00910000000000,NA,0.12200000000000,7.85100000000000,NA,26543.2752,7.9766,7.8546,0.1220,7.7339,7.9717,7.9472,0.0245,NA,NA,NA
parkey.exe,33280,0x1FE6D6D9E00,DXGI,0,0,0,Composed: Flip,26559.9762,NA,8.84640000000000,16.68360000000000,0.15040000000000,6.66990000000000,24.3359,26551.2518,8.8748,8.7244,0.1504,8.5343,6.8600,6.8401,0.0199,-0.3642,26551.2518,NA
parkey.exe,33280,0x1FE6D6D9E00,DXGI,0,0,0,Composed: Flip,26567.7389,NA,7.76270000000000,NA,0.10620000000000,7.58720000000000,NA,26560.1266,7.7185,7.6123,0.1062,7.5106,7.6889,7.6687,0.0202,NA,NA,NA
parkey.exe,33280,0x1FE6D6D9E00,DXGI,0,0,0,Composed: Flip,26576.1197,NA,8.38080000000000,7.03600000000000,0.11310000000000,6.37010000000000,15.2284,26567.8451,8.3877,8.2746,0.1131,8.1524,6.4923,6.4723,0.0200,9.5573,26567.8451,NA
parkey.exe,33280,0x1FE6D6D9E00,DXGI,0,0,0,Composed: Flip,26584.1067,NA,7.98700000000000,13.90170000000000,0.12010000000000,7.92480000000000,21.1431,26576.2328,7.9940,7.8739,0.1201,7.7887,8.0100,7.9920,0.0180,-5.5140,26576.2328,NA
parkey.exe,33280,0x1FE6D6D9E00,DXGI,0,0,0,Composed: Flip,26592.9138,NA,8.80710000000000,12.42230000000000,0.11990000000000,7.28670000000000,24.7583,26584.2268,8.8069,8.6870,0.1199,8.5721,7.4016,7.3784,0.0232,-4.4283,26584.2268,NA
parkey.exe,33280,0x1FE6D6D9E00,DXGI,0,0,0,Composed: Flip,26600.7698,NA,7.85600000000000,1.46260000000000,0.09520000000000,7.88730000000000,18.3649,26593.0337,7.8313,7.7361,0.0952,7.6541,7.9693,7.9517,0.0176,7.3443,26593.0337,NA
parkey.exe,33280,0x1FE6D6D9E00,DXGI,0,0,0,Composed: Flip,26609.5499,NA,8.78010000000000,15.22710000000000,0.18580000000000,7.63650000000000,24.8119,26600.8650,8.8707,8.6849,0.1858,8.5541,7.7673,7.7435,0.0238,-7.3958,26600.8650,NA
parkey.exe,33280,0x1FE6D6D9E00,DXGI,0,0,0,Composed: Flip,26617.5081,NA,7.95820000000000,NA,0.09570000000000,7.81170000000000,NA,26609.7357,7.8681,7.7724,0.0957,7.6328,7.9513,7.9208,0.0305,NA,NA,NA
parkey.exe,33280,0x1FE6D6D9E00,DXGI,0,0,0,Composed: Flip,26626.1168,NA,8.60870000000000,5.61850000000000,0.13420000000000,6.49020000000000,13.8635,26617.6038,8.6472,8.5130,0.1342,8.3432,6.6600,6.6374,0.0226,11.1203,26617.6038,NA
parkey.exe,33280,0x1FE6D6D9E00,DXGI,0,0,0,Composed: Flip,26634.2508,NA,8.13400000000000,NA,0.17330000000000,7.91130000000000,NA,26626.2510,8.1731,7.9998,0.1733,7.8536,8.0575,8.0371,0.0204,NA,NA,NA
parkey.exe,33280,0x1FE6D6D9E00,DXGI,0,0,0,Composed: Flip,26642.9536,NA,8.70280000000000,27.72220000000000,0.14240000000000,5.73810000000000,24.7489,26634.4241,8.6719,8.5295,0.1424,8.4138,5.8538,5.8311,0.0227,-10.9019,26634.4241,NA
parkey.exe,33280,0x1FE6D6D9E00,DXGI,0,0,0,Composed: Flip,26650.7947,NA,7.84110000000000,NA,0.09190000000000,8.06770000000000,NA,26643.0960,7.7906,7.6987,0.0919,7.6136,8.1528,8.1346,0.0182,NA,NA,NA
parkey.exe,33280,0x1FE6D6D9E00,DXGI,0,0,0,Composed: Flip,26659.3573,NA,8.56260000000000,7.02460000000000,0.10580000000000,7.35350000000000,15.3698,26650.8866,8.5765,8.4707,0.1058,8.3562,7.4680,7.4481,0.0199,9.4379,26650.8866,NA
parkey.exe,33280,0x1FE6D6D9E00,DXGI,0,0,0,Composed: Flip,26667.4744,NA,8.11710000000000,13.88190000000000,0.10470000000000,8.21360000000000,21.1346,26659.4631,8.1160,8.0113,0.1047,7.9127,8.3122,8.2871,0.0251,-5.3054,26659.4631,NA
parkey.exe,33280,0x1FE6D6D9E00,DXGI,0,0,0,Composed: Flip,26676.1712,NA,8.69680000000000,12.46400000000000,0.11810000000000,8.24110000000000,24.9018,26667.5791,8.7102,8.5921,0.1181,8.4778,8.3554,8.3389,0.0165,-4.3480,26667.5791,NA
parkey.exe,33280,0x1FE6D6D9E00,DXGI,0,0,0,Composed: Flip,26684.2697,NA,8.09850000000000,NA,0.09050000000000,8.51850000000000,NA,26676.2893,8.0709,7.9804,0.0905,8.1230,8.3759,8.3501,0.0258,NA,NA,NA
parkey.exe,33280,0x1FE6D6D9E00,DXGI,0,0,0,Composed: Flip,26692.9683,NA,8.69860000000000,16.68120000000000,0.11250000000000,8.40120000000000,24.7859,26684.3602,8.7206,8.6081,0.1125,8.4280,8.5813,8.5566,0.0247,0.0999,26684.3602,NA
parkey.exe,33280,0x1FE6D6D9E00,DXGI,0,0,0,Composed: Flip,26700.8110,NA,7.84270000000000,5.58440000000000,0.10420000000000,9.02870000000000,22.5276,26693.0808,7.8344,7.7302,0.1042,8.2887,8.4702,8.4525,0.0177,3.1362,26693.0808,NA
parkey.exe,33280,0x1FE6D6D9E00,DXGI,0,0,0,Composed: Flip,26709.2739,NA,8.46290000000000,11.11750000000000,0.12480000000000,9.23270000000000,25.1822,26700.9152,8.4835,8.3587,0.1248,8.9245,8.6669,8.6453,0.0216,-3.2831,26700.9152,NA
parkey.exe,33280,0x1FE6D6D9E00,DXGI,0,0,0,Composed: Flip,26717.6071,NA,8.33320000000000,NA,0.09550000000000,9.58460000000000,NA,26709.3987,8.3039,8.2084,0.0955,9.1079,8.6851,8.6610,0.0241,NA,NA,NA
parkey.exe,33280,0x1FE6D6D9E00,DXGI,0,0,0,Composed: Flip,26726.1225,NA,8.51540000000000,16.67960000000000,0.09400000000000,9.62120000000000,25.0132,26717.7026,8.5139,8.4199,0.0940,9.4891,8.5520,8.5221,0.0299,0.1078,26717.7026,NA
parkey.exe,33280,0x1FE6D6D9E00,DXGI,0,0,0,Composed: Flip,26734.2007,NA,8.07820000000000,6.93130000000000,0.09710000000000,10.04000000000000,23.8663,26726.2165,8.0813,7.9842,0.0971,9.5272,8.4970,8.4681,0.0289,1.5826,26726.2165,NA
parkey.exe,33280,0x1FE6D6D9E00,DXGI,0,0,0,Composed: Flip,26742.5982,NA,8.39750000000000,NA,0.10720000000000,8.78070000000000,NA,26734.2978,8.4076,8.3004,0.1072,9.9429,7.1382,7.1051,0.0331,NA,NA,NA
parkey.exe,33280,0x1FE6D6D9E00,DXGI,0,0,0,Composed: Flip,26750.8961,NA,8.29790000000000,NA,0.10180000000000,9.06290000000000,NA,26742.7054,8.2925,8.1907,0.1018,8.7369,8.5167,8.4985,0.0182,NA,NA,NA
parkey.exe,33280,0x1FE6D6D9E00,DXGI,0,0,0,Composed: Flip,26759.5916,NA,8.69550000000000,26.40660000000000,0.09910000000000,8.62360000000000,24.8820,26750.9979,8.6928,8.5937,0.0991,8.9611,8.2562,8.2361,0.0201,-1.6252,26750.9979,NA
parkey.exe,33280,0x1FE6D6D9E00,DXGI,0,0,0,Composed: Flip,26767.5553,NA,7.96370000000000,NA,0.11640000000000,9.02780000000000,NA,26759.6907,7.9810,7.8646,0.1164,8.5560,8.3364,8.3216,0.0148,NA,NA,NA
parkey.exe,33280,0x1FE6D6D9E00,DXGI,0,0,0,Composed: Flip,26776.1243,NA,8.56900000000000,8.31290000000000,0.09890000000000,8.51380000000000,16.6622,26767.6717,8.5515,8.4526,0.0989,8.9114,8.0550,8.0313,0.0237,8.3609,26767.6717,NA
parkey.exe,33280,0x1FE6D6D9E00,DXGI,0,0,0,Composed: Flip,26784.1762,NA,8.05190000000000,NA,0.09570000000000,9.05760000000000,NA,26776.2232,8.0487,7.9530,0.0957,8.4561,8.5545,8.5373,0.0172,NA,NA,NA
parkey.exe,33280,0x1FE6D6D9E00,DXGI,0,0,0,Composed: Flip,26792.9635,NA,8.78730000000000,25.06570000000000,0.11020000000000,7.59330000000000,24.8887,26784.2719,8.8018,8.6916,0.1102,8.9619,7.3230,7.2859,0.0371,-8.4655,26784.2719,NA
parkey.exe,33280,0x1FE6D6D9E00,DXGI,0,0,0,Composed: Flip,26801.1814,NA,8.21790000000000,NA,0.12500000000000,7.93430000000000,NA,26793.0737,8.2327,8.1077,0.1250,7.8225,8.2195,8.1909,0.0286,NA,NA,NA
parkey.exe,33280,0x1FE6D6D9E00,DXGI,0,0,0,Composed: Flip,26809.5780,NA,8.39660000000000,9.63420000000000,0.11580000000000,8.63600000000000,17.9084,26801.3064,8.3874,8.2716,0.1158,8.1393,8.7683,8.7513,0.0170,7.4003,26801.3064,NA
parkey.exe,33280,0x1FE6D6D9E00,DXGI,0,0,0,Composed: Flip,26817.5483,NA,7.97030000000000,13.89250000000000,0.09720000000000,9.11080000000000,23.8306,26809.6938,7.9517,7.8545,0.0972,8.5202,8.4451,8.4268,0.0183,-5.5051,26809.6938,NA
parkey.exe,33280,0x1FE6D6D9E00,DXGI,0,0,0,Composed: Flip,26825.9887,NA,8.44040000000000,NA,0.10130000000000,8.53920000000000,NA,26817.6455,8.4445,8.3432,0.1013,9.0136,7.8688,7.8505,0.0183,NA,NA,NA
parkey.exe,33280,0x1FE6D6D9E00,DXGI,0,0,0,Composed: Flip,26834.2118,NA,8.22310000000000,NA,0.09690000000000,8.45710000000000,NA,26826.0900,8.2187,8.1218,0.0969,8.4757,8.1032,8.0794,0.0238,NA,NA,NA
parkey.exe,33280,0x1FE6D6D9E00,DXGI,0,0,0,Composed: Flip,26842.7139,NA,8.50210000000000,26.50370000000000,0.09830000000000,5.62120000000000,25.1687,26834.3087,8.5035,8.4052,0.0983,8.3602,5.6662,5.6451,0.0211,-1.8888,26834.3087,NA
parkey.exe,33280,0x1FE6D6D9E00,DXGI,0,0,0,Composed: Flip,26850.7191,NA,8.00520000000000,1.30660000000000,0.09590000000000,7.74860000000000,18.4701,26842.8122,8.0028,7.9069,0.0959,7.8248,7.8307,7.8130,0.0177,7.1969,26842.8122,NA
parkey.exe,33280,0x1FE6D6D9E00,DXGI,0,0,0,Composed: Flip,26859.8227,NA,9.10360000000000,15.36570000000000,0.12010000000000,7.04310000000000,24.7322,26850.8150,9.1278,9.0077,0.1201,8.7734,7.2774,7.2590,0.0184,-7.3629,26850.8150,NA
parkey.exe,33280,0x1FE6D6D9E00,DXGI,0,0,0,Composed: Flip,26868.0699,NA,8.24720000000000,NA,0.15270000000000,7.57220000000000,NA,26859.9428,8.2798,8.1271,0.1527,7.9750,7.7243,7.7022,0.0221,NA,NA,NA
parkey.exe,33280,0x1FE6D6D9E00,DXGI,0,0,0,Composed: Flip,26876.5607,NA,8.49080000000000,5.46210000000000,0.15360000000000,6.04020000000000,13.4563,26868.2226,8.4917,8.3381,0.1536,8.1633,6.2150,6.1901,0.0249,11.9455,26868.2226,NA
parkey.exe,33280,0x1FE6D6D9E00,DXGI,0,0,0,Composed: Flip,26884.5469,NA,7.98620000000000,13.87560000000000,0.10520000000000,7.72100000000000,19.3457,26876.7143,7.9378,7.8326,0.1052,7.7379,7.8157,7.7938,0.0219,-5.3839,26876.7143,NA
parkey.exe,33280,0x1FE6D6D9E00,DXGI,0,0,0,Composed: Flip,26892.8922,NA,8.34530000000000,NA,0.13230000000000,6.56250000000000,NA,26884.6521,8.3724,8.2401,0.1323,8.1308,6.6718,6.6552,0.0166,NA,NA,NA
parkey.exe,33280,0x1FE6D6D9E00,DXGI,0,0,0,Composed: Flip,26900.9272,NA,8.03500000000000,13.89440000000000,0.11270000000000,7.69200000000000,16.8598,26893.0245,8.0154,7.9027,0.1127,7.8048,7.7899,7.7710,0.0189,2.4158,26893.0245,NA
parkey.exe,33280,0x1FE6D6D9E00,DXGI,0,0,0,Composed: Flip,26909.2703,NA,8.34310000000000,16.80570000000000,0.11100000000000,6.83680000000000,25.3224,26901.0399,8.3414,8.2304,0.1110,8.1235,6.9437,6.9225,0.0212,-8.7903,26901.0399,NA
parkey.exe,33280,0x1FE6D6D9E00,DXGI,0,0,0,Composed: Flip,26917.6075,NA,8.33720000000000,4.04090000000000,0.10650000000000,8.23270000000000,21.0261,26909.3813,8.3327,8.2262,0.1065,8.1268,8.3321,8.3140,0.0181,4.3005,26909.3813,NA
parkey.exe,33280,0x1FE6D6D9E00,DXGI,0,0,0,Composed: Flip,26925.9721,NA,8.36460000000000,12.65970000000000,0.11660000000000,7.75590000000000,25.3212,26917.7140,8.3747,8.2581,0.1166,8.1413,7.8727,7.8481,0.0246,-4.3270,26917.7140,NA
parkey.exe,33280,0x1FE6D6D9E00,DXGI,0,0,0,Composed: Flip,26934.1837,NA,8.21160000000000,NA,0.08900000000000,7.63190000000000,NA,26926.0887,8.1840,8.0950,0.0890,7.9817,7.7452,7.7269,0.0183,NA,NA,NA
parkey.exe,33280,0x1FE6D6D9E00,DXGI,0,0,0,Composed: Flip,26942.6169,NA,8.43320000000000,16.66850000000000,0.10300000000000,5.55720000000000,25.3449,26934.2727,8.4472,8.3442,0.1030,8.2450,5.6564,5.6327,0.0237,-0.1098,26934.2727,NA
parkey.exe,33280,0x1FE6D6D9E00,DXGI,0,0,0,Composed: Flip,26951.4020,NA,8.78510000000000,5.41310000000000,0.18860000000000,7.64060000000000,21.9729,26942.7199,8.8707,8.6821,0.1886,8.5043,7.8184,7.7990,0.0194,3.0341,26942.7199,NA
parkey.exe,33280,0x1FE6D6D9E00,DXGI,0,0,0,Composed: Flip,26959.6039,NA,8.20190000000000,11.25850000000000,0.13750000000000,7.91710000000000,25.0295,26951.5906,8.1508,8.0133,0.1375,7.8823,8.0481,8.0275,0.0206,-2.3878,26951.5906,NA
parkey.exe,33280,0x1FE6D6D9E00,DXGI,0,0,0,Composed: Flip,26967.6420,NA,8.03810000000000,NA,0.11490000000000,8.20590000000000,NA,26959.7414,8.0155,7.9006,0.1149,7.7992,8.3073,8.2848,0.0225,NA,NA,NA
parkey.exe,33280,0x1FE6D6D9E00,DXGI,0,0,0,Composed: Flip,26976.3106,NA,8.66860000000000,9.56080000000000,0.18430000000000,8.04580000000000,17.8836,26967.7569,8.7380,8.5537,0.1843,8.6026,7.9969,7.9703,0.0266,6.6055,26967.7569,NA
parkey.exe,33280,0x1FE6D6D9E00,DXGI,0,0,0,Composed: Flip,26984.3609,NA,8.05030000000000,13.88150000000000,0.08750000000000,8.42170000000000,23.7148,26976.4949,7.9535,7.8660,0.0875,7.8615,8.4262,8.3904,0.0358,-5.1435,26976.4949,NA
parkey.exe,33280,0x1FE6D6D9E00,DXGI,0,0,0,Composed: Flip,26993.6797,NA,9.31880000000000,NA,0.11610000000000,7.82240000000000,NA,26984.4484,9.3474,9.2313,0.1161,9.0239,8.0298,8.0118,0.0180,NA,NA,NA
parkey.exe,33280,0x1FE6D6D9E00,DXGI,0,0,0,Composed: Flip,27001.1196,NA,7.43990000000000,NA,0.12400000000000,8.43810000000000,NA,26993.7958,7.4478,7.3238,0.1240,7.7063,8.0556,8.0349,0.0207,NA,NA,NA
parkey.exe,33280,0x1FE6D6D9E00,DXGI,0,0,0,Composed: Flip,27009.5138,NA,8.39420000000000,26.60030000000000,0.12530000000000,8.25090000000000,25.1622,27001.2436,8.3955,8.2702,0.1253,8.3141,8.2070,8.1851,0.0219,-1.8516,27001.2436,NA
parkey.exe,33280,0x1FE6D6D9E00,DXGI,0,0,0,Composed: Flip,27017.8154,NA,8.30160000000000,NA,0.16570000000000,7.71040000000000,NA,27009.6391,8.3420,8.1763,0.1657,8.1256,7.7611,7.7414,0.0197,NA,NA,NA
parkey.exe,33280,0x1FE6D6D9E00,DXGI,0,0,0,Composed: Flip,27026.3868,NA,8.57140000000000,8.14110000000000,0.10650000000000,8.51460000000000,16.4303,27017.9811,8.5122,8.4057,0.1065,8.2135,8.7068,8.6863,0.0205,8.5964,27017.9811,NA
parkey.exe,33280,0x1FE6D6D9E00,DXGI,0,0,0,Composed: Flip,27034.3076,NA,7.92080000000000,NA,0.08090000000000,8.96080000000000,NA,27026.4933,7.8952,7.8143,0.0809,8.4431,8.3320,8.3098,0.0222,NA,NA,NA
parkey.exe,33280,0x1FE6D6D9E00,DXGI,0,0,0,Composed: Flip,27042.8816,NA,8.57400000000000,25.22990000000000,0.11720000000000,6.19240000000000,25.1654,27034.3885,8.6103,8.4931,0.1172,8.8799,5.8056,5.7817,0.0239,-8.8225,27034.3885,NA
parkey.exe,33280,0x1FE6D6D9E00,DXGI,0,0,0,Composed: Flip,27050.9174,NA,8.03580000000000,NA,0.12260000000000,8.17190000000000,NA,27042.9988,8.0412,7.9186,0.1226,7.8212,8.2693,8.2471,0.0222,NA,NA,NA
parkey.exe,33280,0x1FE6D6D9E00,DXGI,0,0,0,Composed: Flip,27059.7443,NA,8.82690000000000,9.49390000000000,0.11200000000000,7.19140000000000,17.7966,27051.0400,8.8163,8.7043,0.1120,8.4415,7.4542,7.4295,0.0247,7.1576,27051.0400,NA
parkey.exe,33280,0x1FE6D6D9E00,DXGI,0,0,0,Composed: Flip,27067.4724,NA,7.72810000000000,NA,0.09730000000000,7.84830000000000,NA,27059.8563,7.7134,7.6161,0.0973,7.5097,7.9547,7.9333,0.0214,NA,NA,NA
parkey.exe,33280,0x1FE6D6D9E00,DXGI,0,0,0,Composed: Flip,27076.6219,NA,9.14950000000000,14.11700000000000,0.15090000000000,6.47600000000000,15.0360,27067.5697,9.2031,9.0522,0.1509,8.8894,6.6388,6.6144,0.0244,2.4127,27067.5697,NA
parkey.exe,33280,0x1FE6D6D9E00,DXGI,0,0,0,Composed: Flip,27084.5756,NA,7.95370000000000,13.67430000000000,0.13370000000000,8.20640000000000,20.7566,27076.7728,7.9365,7.8028,0.1337,7.6878,8.3214,8.2971,0.0243,-4.4712,27076.7728,NA
parkey.exe,33280,0x1FE6D6D9E00,DXGI,0,0,0,Composed: Flip,27093.5452,NA,8.96960000000000,12.75570000000000,0.17690000000000,7.26040000000000,24.5427,27084.7093,9.0128,8.8359,0.1769,8.6470,7.4493,7.4270,0.0223,-4.8192,27084.7093,NA
parkey.exe,33280,0x1FE6D6D9E00,DXGI,0,0,0,Composed: Flip,27101.2914,NA,7.74620000000000,NA,0.12460000000000,7.92910000000000,NA,27093.7221,7.6939,7.5693,0.1246,7.4528,8.0456,8.0109,0.0347,NA,NA,NA
parkey.exe,33280,0x1FE6D6D9E00,DXGI,0,0,0,Composed: Flip,27109.8740,NA,8.58260000000000,8.07620000000000,0.13760000000000,7.20500000000000,16.2901,27101.4160,8.5956,8.4580,0.1376,8.3092,7.3538,7.3334,0.0204,8.6305,27101.4160,NA
parkey.exe,33280,0x1FE6D6D9E00,DXGI,0,0,0,Composed: Flip,27117.8830,NA,8.00900000000000,NA,0.11080000000000,7.82590000000000,NA,27110.0116,7.9822,7.8714,0.1108,7.7646,7.9327,7.9087,0.0240,NA,NA,NA
parkey.exe,33280,0x1FE6D6D9E00,DXGI,0,0,0,Composed: Flip,27126.6635,NA,8.78050000000000,25.28490000000000,0.13820000000000,8.24340000000000,24.7855,27117.9938,8.8079,8.6697,0.1382,8.4855,8.4276,8.4088,0.0188,-8.7071,27117.9938,NA
parkey.exe,33280,0x1FE6D6D9E00,DXGI,0,0,0,Composed: Flip,27134.7296,NA,8.06610000000000,NA,0.13770000000000,6.51330000000000,NA,27126.8017,8.0656,7.9279,0.1377,8.1052,6.3360,6.3158,0.0202,NA,NA,NA
parkey.exe,33280,0x1FE6D6D9E00,DXGI,0,0,0,Composed: Flip,27142.9961,NA,8.26650000000000,NA,0.12770000000000,5.67050000000000,NA,27134.8673,8.2565,8.1288,0.1277,7.9498,5.8495,5.8299,0.0196,NA,NA,NA
parkey.exe,33280,0x1FE6D6D9E00,DXGI,0,0,0,Composed: Flip,27151.2948,NA,8.29870000000000,16.39080000000000,0.13220000000000,7.82060000000000,16.5450,27143.1238,8.3032,8.1710,0.1322,7.9972,7.9944,7.9743,0.0201,8.7392,27143.1238,NA
parkey.exe,33280,0x1FE6D6D9E00,DXGI,0,0,0,Composed: Flip,27159.8329,NA,8.53810000000000,16.96380000000000,0.14810000000000,7.00450000000000,24.9707,27151.4270,8.5540,8.4059,0.1481,8.2502,7.1602,7.1362,0.0240,-8.6606,27151.4270,NA
parkey.exe,33280,0x1FE6D6D9E00,DXGI,0,0,0,Composed: Flip,27168.0125,NA,8.17960000000000,NA,0.12200000000000,8.27880000000000,NA,27159.9810,8.1535,8.0315,0.1220,7.9161,8.3942,8.3694,0.0248,NA,NA,NA
parkey.exe,33280,0x1FE6D6D9E00,DXGI,0,0,0,Composed: Flip,27176.1885,NA,8.17600000000000,16.67640000000000,0.11130000000000,7.77140000000000,25.2915,27168.1345,8.1653,8.0540,0.1113,8.1568,7.6686,7.6470,0.0216,0.0311,27168.1345,NA
parkey.exe,33280,0x1FE6D6D9E00,DXGI,0,0,0,Composed: Flip,27184.1524,NA,7.96390000000000,NA,0.09620000000000,8.11920000000000,NA,27176.2998,7.9488,7.8526,0.0962,7.7621,8.2097,8.1850,0.0247,NA,NA,NA
parkey.exe,33280,0x1FE6D6D9E00,DXGI,0,0,0,Composed: Flip,27192.8208,NA,8.66840000000000,8.03230000000000,0.13160000000000,8.29380000000000,16.6915,27184.2486,8.7038,8.5722,0.1316,8.4137,8.4523,8.4299,0.0224,8.0818,27184.2486,NA
parkey.exe,33280,0x1FE6D6D9E00,DXGI,0,0,0,Composed: Flip,27200.9788,NA,8.15800000000000,NA,0.10030000000000,8.29120000000000,NA,27192.9524,8.1267,8.0264,0.1003,8.2101,8.1075,8.0830,0.0245,NA,NA,NA
parkey.exe,33280,0x1FE6D6D9E00,DXGI,0,0,0,Composed: Flip,27209.5764,NA,8.59760000000000,25.32750000000000,0.11280000000000,7.92380000000000,25.2634,27201.0791,8.6101,8.4973,0.1128,8.2634,8.1577,8.1383,0.0194,-8.4970,27201.0791,NA
parkey.exe,33280,0x1FE6D6D9E00,DXGI,0,0,0,Composed: Flip,27217.5283,NA,7.95190000000000,NA,0.08550000000000,8.11680000000000,NA,27209.6892,7.9246,7.8391,0.0855,7.8443,8.1116,8.0867,0.0249,NA,NA,NA
parkey.exe,33280,0x1FE6D6D9E00,DXGI,0,0,0,Composed: Flip,27226.2280,NA,8.69970000000000,9.40420000000000,0.13390000000000,8.36320000000000,18.0160,27217.6138,8.7481,8.6142,0.1339,8.6061,8.3713,8.3540,0.0173,7.1305,27217.6138,NA
parkey.exe,33280,0x1FE6D6D9E00,DXGI,0,0,0,Composed: Flip,27234.1261,NA,7.89810000000000,NA,0.09980000000000,8.48720000000000,NA,27226.3619,7.8640,7.7642,0.0998,8.2293,8.0221,8.0019,0.0202,NA,NA,NA
parkey.exe,33280,0x1FE6D6D9E00,DXGI,0,0,0,Composed: Flip,27242.9088,NA,8.78270000000000,23.95780000000000,0.11110000000000,7.99280000000000,25.2930,27234.2259,8.7940,8.6829,0.1111,8.4938,8.1819,8.1638,0.0181,-7.3457,27234.2259,NA
parkey.exe,33280,0x1FE6D6D9E00,DXGI,0,0,0,Composed: Flip,27250.8147,NA,7.90590000000000,3.86380000000000,0.09870000000000,8.63230000000000,21.2509,27243.0199,7.8935,7.7948,0.0987,7.9317,8.4954,8.4762,0.0192,4.9302,27243.0199,NA
parkey.exe,33280,0x1FE6D6D9E00,DXGI,0,0,0,Composed: Flip,27259.4012,NA,8.58650000000000,12.82820000000000,0.11770000000000,7.29020000000000,25.4926,27250.9134,8.6055,8.4878,0.1177,8.5336,7.2444,7.2264,0.0180,-4.9347,27250.9134,NA
parkey.exe,33280,0x1FE6D6D9E00,DXGI,0,0,0,Composed: Flip,27267.4387,NA,8.03750000000000,1.04400000000000,0.11140000000000,7.51380000000000,18.4991,27259.5189,8.0312,7.9198,0.1114,7.8342,7.5994,7.5789,0.0205,7.5615,27259.5189,NA
parkey.exe,33280,0x1FE6D6D9E00,DXGI,0,0,0,Composed: Flip,27276.6461,NA,9.20740000000000,15.64800000000000,0.12380000000000,7.06480000000000,24.9397,27267.5501,9.2198,9.0960,0.1238,8.8702,7.2906,7.2661,0.0245,-7.6168,27267.5501,NA
parkey.exe,33280,0x1FE6D6D9E00,DXGI,0,0,0,Composed: Flip,27284.6771,NA,8.03100000000000,5.20680000000000,0.16820000000000,7.84030000000000,22.1155,27276.7699,8.0754,7.9072,0.1682,7.7117,8.0358,8.0084,0.0274,4.0130,27276.7699,NA
parkey.exe,33280,0x1FE6D6D9E00,DXGI,0,0,0,Composed: Flip,27293.4371,NA,8.76000000000000,11.46070000000000,0.16600000000000,6.51820000000000,24.8162,27284.8453,8.7578,8.5918,0.1660,8.3982,6.7118,6.6866,0.0252,-3.3853,27284.8453,NA
parkey.exe,33280,0x1FE6D6D9E00,DXGI,0,0,0,Composed: Flip,27301.6768,NA,8.23970000000000,NA,0.18960000000000,7.96970000000000,NA,27293.6031,8.2633,8.0737,0.1896,7.8542,8.1892,8.1644,0.0248,NA,NA,NA
parkey.exe,33280,0x1FE6D6D9E00,DXGI,0,0,0,Composed: Flip,27310.0448,NA,8.36800000000000,9.34810000000000,0.16610000000000,7.68650000000000,17.5566,27301.8664,8.3445,8.1784,0.1661,7.9858,7.8791,7.8535,0.0256,7.6730,27301.8664,NA
parkey.exe,33280,0x1FE6D6D9E00,DXGI,0,0,0,Composed: Flip,27317.9878,NA,7.94300000000000,NA,0.12550000000000,7.89430000000000,NA,27310.2109,7.9024,7.7769,0.1255,7.5868,8.0844,8.0563,0.0281,NA,NA,NA
parkey.exe,33280,0x1FE6D6D9E00,DXGI,0,0,0,Composed: Flip,27326.8727,NA,8.88490000000000,20.84290000000000,0.15110000000000,8.25790000000000,21.5716,27318.1133,8.9105,8.7594,0.1511,8.5649,8.4524,8.4322,0.0202,-4.5960,27318.1133,NA
parkey.exe,33280,0x1FE6D6D9E00,DXGI,0,0,0,Composed: Flip,27335.0588,NA,8.18610000000000,NA,0.32120000000000,8.63610000000000,NA,27327.0238,8.3562,8.0350,0.3212,8.1068,8.5643,8.5464,0.0179,NA,NA,NA
parkey.exe,33280,0x1FE6D6D9E00,DXGI,0,0,0,Composed: Flip,27343.2343,NA,8.17550000000000,19.84340000000000,0.16700000000000,8.50300000000000,25.0534,27335.3800,8.0213,7.8543,0.1670,8.3149,8.0424,8.0166,0.0258,-2.5767,27335.3800,NA
parkey.exe,33280,0x1FE6D6D9E00,DXGI,0,0,0,Composed: Flip,27351.3077,NA,8.07340000000000,NA,0.11940000000000,8.63180000000000,NA,27343.4013,8.0258,7.9064,0.1194,8.4007,8.1375,8.1186,0.0189,NA,NA,NA
parkey.exe,33280,0x1FE6D6D9E00,DXGI,0,0,0,Composed: Flip,27359.8360,NA,8.52830000000000,7.92300000000000,0.17600000000000,7.36260000000000,16.3747,27351.4271,8.5849,8.4089,0.1760,8.5124,7.2591,7.2365,0.0226,8.1241,27351.4271,NA
parkey.exe,33280,0x1FE6D6D9E00,DXGI,0,0,0,Composed: Flip,27367.8089,NA,7.97290000000000,NA,0.11600000000000,7.94890000000000,NA,27360.0120,7.9129,7.7969,0.1160,7.6893,8.0565,8.0325,0.0240,NA,NA,NA
parkey.exe,33280,0x1FE6D6D9E00,DXGI,0,0,0,Composed: Flip,27376.5168,NA,8.70790000000000,25.43440000000000,0.12750000000000,8.55300000000000,25.1283,27367.9249,8.7194,8.5919,0.1275,8.4960,8.6489,8.6320,0.0169,-8.9366,27367.9249,NA
parkey.exe,33280,0x1FE6D6D9E00,DXGI,0,0,0,Composed: Flip,27384.2603,NA,7.74350000000000,NA,0.09360000000000,9.43410000000000,NA,27376.6443,7.7096,7.6160,0.0936,8.4255,8.6246,8.5985,0.0261,NA,NA,NA
parkey.exe,33280,0x1FE6D6D9E00,DXGI,0,0,0,Composed: Flip,27393.0097,NA,8.74940000000000,9.28230000000000,0.14300000000000,9.23540000000000,17.9177,27384.3539,8.7988,8.6558,0.1430,9.3405,8.5507,8.5249,0.0258,7.1467,27384.3539,NA
parkey.exe,33280,0x1FE6D6D9E00,DXGI,0,0,0,Composed: Flip,27400.9395,NA,7.92980000000000,24.09470000000000,0.10890000000000,10.19970000000000,34.0826,27393.1527,7.8957,7.7868,0.1089,9.0924,8.8941,8.8711,0.0230,-15.2959,27393.1527,NA
parkey.exe,33280,0x1FE6D6D9E00,DXGI,0,0,0,Composed: Flip,27409.6584,NA,8.71890000000000,NA,0.11270000000000,9.84150000000000,NA,27401.0484,8.7227,8.6100,0.1127,10.0908,8.3607,8.3253,0.0354,NA,NA,NA
parkey.exe,33280,0x1FE6D6D9E00,DXGI,0,0,0,Composed: Flip,27417.6534,NA,7.99500000000000,3.73080000000000,0.10830000000000,9.84910000000000,21.0995,27409.7711,7.9906,7.8823,0.1083,9.7288,8.0026,7.9841,0.0185,12.8876,27409.7711,NA
parkey.exe,33280,0x1FE6D6D9E00,DXGI,0,0,0,Composed: Flip,27426.6726,NA,9.01920000000000,12.93870000000000,0.13470000000000,8.71210000000000,25.0190,27417.7617,9.0456,8.9109,0.1347,9.7408,7.8822,7.8078,0.0744,-4.9481,27417.7617,NA
parkey.exe,33280,0x1FE6D6D9E00,DXGI,0,0,0,Composed: Flip,27434.7660,NA,8.09340000000000,NA,0.14730000000000,8.28250000000000,NA,27426.8073,8.1060,7.9587,0.1473,8.6347,7.6065,7.5841,0.0224,NA,NA,NA
parkey.exe,33280,0x1FE6D6D9E00,DXGI,0,0,0,Composed: Flip,27443.3151,NA,8.54910000000000,16.67260000000000,0.17770000000000,7.72700000000000,25.0491,27434.9133,8.5795,8.4018,0.1777,8.2185,7.9103,7.8839,0.0264,0.4790,27434.9133,NA
parkey.exe,33280,0x1FE6D6D9E00,DXGI,0,0,0,Composed: Flip,27451.6540,NA,8.33890000000000,NA,0.19380000000000,7.53810000000000,NA,27443.4928,8.3550,8.1612,0.1938,7.9691,7.7302,7.7030,0.0272,NA,NA,NA
parkey.exe,33280,0x1FE6D6D9E00,DXGI,0,0,0,Composed: Flip,27460.1811,NA,8.52710000000000,5.12870000000000,0.15090000000000,5.79870000000000,13.3118,27451.8478,8.4842,8.3333,0.1509,8.0828,6.0492,6.0253,0.0239,11.8058,27451.8478,NA
parkey.exe,33280,0x1FE6D6D9E00,DXGI,0,0,0,Composed: Flip,27468.2706,NA,8.08950000000000,13.88880000000000,0.13210000000000,7.59230000000000,19.1111,27460.3320,8.0707,7.9386,0.1321,7.7300,7.8009,7.7774,0.0235,-5.4046,27460.3320,NA
parkey.exe,33280,0x1FE6D6D9E00,DXGI,0,0,0,Composed: Flip,27476.6228,NA,8.35220000000000,14.34040000000000,0.15570000000000,6.44980000000000,25.0993,27468.4027,8.3758,8.2201,0.1557,8.0665,6.6034,6.5805,0.0229,-6.2697,27468.4027,NA
parkey.exe,33280,0x1FE6D6D9E00,DXGI,0,0,0,Composed: Flip,27484.8370,NA,8.21420000000000,NA,0.16170000000000,7.80750000000000,NA,27476.7785,8.2202,8.0585,0.1617,7.8978,7.9682,7.9468,0.0214,NA,NA,NA
parkey.exe,33280,0x1FE6D6D9E00,DXGI,0,0,0,Composed: Flip,27493.2260,NA,8.38900000000000,6.46810000000000,0.13130000000000,6.69870000000000,14.9642,27484.9987,8.3586,8.2273,0.1313,8.0788,6.8472,6.8261,0.0211,10.1279,27484.9987,NA
parkey.exe,33280,0x1FE6D6D9E00,DXGI,0,0,0,Composed: Flip,27501.1386,NA,7.91260000000000,13.87420000000000,0.09600000000000,8.02350000000000,20.9258,27493.3573,7.8773,7.7813,0.0960,7.6816,8.1232,8.1035,0.0197,-5.5156,27493.3573,NA
parkey.exe,33280,0x1FE6D6D9E00,DXGI,0,0,0,Composed: Flip,27509.5212,NA,8.38260000000000,13.02170000000000,0.12630000000000,7.69460000000000,25.5649,27501.2346,8.4129,8.2866,0.1263,8.1787,7.8025,7.7802,0.0223,-5.1444,27501.2346,NA
parkey.exe,33280,0x1FE6D6D9E00,DXGI,0,0,0,Composed: Flip,27517.7093,NA,8.18810000000000,NA,0.11510000000000,8.09580000000000,NA,27509.6475,8.1769,8.0618,0.1151,7.9631,8.1945,8.1763,0.0182,NA,NA,NA
parkey.exe,33280,0x1FE6D6D9E00,DXGI,0,0,0,Composed: Flip,27526.2561,NA,8.54680000000000,7.82110000000000,0.12140000000000,6.74020000000000,16.6511,27517.8244,8.5531,8.4317,0.1214,8.3078,6.8641,6.8371,0.0270,8.7687,27517.8244,NA
parkey.exe,33280,0x1FE6D6D9E00,DXGI,0,0,0,Composed: Flip,27534.3198,NA,8.06370000000000,NA,0.10050000000000,7.63130000000000,NA,27526.3775,8.0428,7.9423,0.1005,7.8492,7.7244,7.7053,0.0191,NA,NA,NA
parkey.exe,33280,0x1FE6D6D9E00,DXGI,0,0,0,Composed: Flip,27543.1414,NA,8.82160000000000,25.53820000000000,0.12170000000000,5.89090000000000,25.3040,27534.4203,8.8428,8.7211,0.1217,8.5744,6.0376,6.0154,0.0222,-8.9423,27534.4203,NA
parkey.exe,33280,0x1FE6D6D9E00,DXGI,0,0,0,Composed: Flip,27550.9698,NA,7.82840000000000,NA,0.10130000000000,7.70650000000000,NA,27543.2631,7.8080,7.7067,0.1013,7.6137,7.7995,7.7752,0.0243,NA,NA,NA
parkey.exe,33280,0x1FE6D6D9E00,DXGI,0,0,0,Composed: Flip,27559.5020,NA,8.53220000000000,9.16950000000000,0.11750000000000,7.26430000000000,18.1129,27551.0711,8.5484,8.4309,0.1175,8.2524,7.4428,7.4229,0.0199,7.4813,27551.0711,NA
parkey.exe,33280,0x1FE6D6D9E00,DXGI,0,0,0,Composed: Flip,27567.4698,NA,7.96780000000000,NA,0.10770000000000,7.61420000000000,NA,27559.6195,7.9580,7.8503,0.1077,7.7338,7.7307,7.7054,0.0253,NA,NA,NA
parkey.exe,33280,0x1FE6D6D9E00,DXGI,0,0,0,Composed: Flip,27575.9887,NA,8.51890000000000,13.89770000000000,0.14310000000000,7.92750000000000,15.5239,27567.5775,8.5543,8.4112,0.1431,8.2850,8.0537,8.0235,0.0302,2.6087,27567.5775,NA
parkey.exe,33280,0x1FE6D6D9E00,DXGI,0,0,0,Composed: Flip,27584.3920,NA,8.40330000000000,NA,0.11390000000000,7.97570000000000,NA,27576.1318,8.3741,8.2602,0.1139,8.1702,8.0657,8.0242,0.0415,NA,NA,NA
parkey.exe,33280,0x1FE6D6D9E00,DXGI,0,0,0,Composed: Flip,27592.5105,NA,8.11850000000000,26.97590000000000,0.14000000000000,7.25380000000000,25.9780,27584.5059,8.1446,8.0046,0.1400,7.8999,7.3585,7.3397,0.0188,-10.0475,27584.5059,NA
parkey.exe,33280,0x1FE6D6D9E00,DXGI,0,0,0,Composed: Flip,27600.7620,NA,8.25150000000000,NA,0.10230000000000,7.15080000000000,NA,27592.6505,8.2138,8.1115,0.1023,8.0255,7.2368,7.2184,0.0184,NA,NA,NA
parkey.exe,33280,0x1FE6D6D9E00,DXGI,0,0,0,Composed: Flip,27609.9373,NA,9.17530000000000,16.68810000000000,0.11750000000000,8.02370000000000,25.2393,27600.8643,9.1905,9.0730,0.1175,8.9311,8.1656,8.1437,0.0219,-0.3297,27600.8643,NA
parkey.exe,33280,0x1FE6D6D9E00,DXGI,0,0,0,Composed: Flip,27617.5622,NA,7.62490000000000,4.97050000000000,0.10250000000000,8.80220000000000,22.5849,27610.0548,7.6099,7.5074,0.1025,7.9062,8.4034,8.3804,0.0230,4.2200,27610.0548,NA
parkey.exe,33280,0x1FE6D6D9E00,DXGI,0,0,0,Composed: Flip,27626.0330,NA,8.47080000000000,11.70160000000000,0.10800000000000,9.02640000000000,25.8157,27617.6647,8.4763,8.3683,0.1080,8.6997,8.6950,8.6711,0.0239,-4.0917,27617.6647,NA
parkey.exe,33280,0x1FE6D6D9E00,DXGI,0,0,0,Composed: Flip,27634.0853,NA,8.05230000000000,NA,0.10210000000000,9.43200000000000,NA,27626.1410,8.0464,7.9443,0.1021,8.9184,8.4579,8.4305,0.0274,NA,NA,NA
parkey.exe,33280,0x1FE6D6D9E00,DXGI,0,0,0,Composed: Flip,27642.7098,NA,8.62450000000000,9.11770000000000,0.12280000000000,7.97090000000000,18.2566,27634.1874,8.6452,8.5224,0.1228,9.3299,7.1634,7.1392,0.0242,7.4050,27634.1874,NA
parkey.exe,33280,0x1FE6D6D9E00,DXGI,0,0,0,Composed: Flip,27650.7950,NA,8.08520000000000,NA,0.09200000000000,7.92630000000000,NA,27642.8326,8.0544,7.9624,0.0920,7.8779,8.0108,7.9936,0.0172,NA,NA,NA
parkey.exe,33280,0x1FE6D6D9E00,DXGI,0,0,0,Composed: Flip,27659.3075,NA,8.51250000000000,13.91270000000000,0.11810000000000,7.79890000000000,15.5716,27650.8870,8.5386,8.4205,0.1181,8.3011,7.9183,7.9005,0.0178,2.7869,27650.8870,NA
parkey.exe,33280,0x1FE6D6D9E00,DXGI,0,0,0,Composed: Flip,27667.3765,NA,8.06900000000000,NA,0.09730000000000,8.21510000000000,NA,27659.4256,8.0482,7.9509,0.0973,7.8570,8.3090,8.2909,0.0181,NA,NA,NA
parkey.exe,33280,0x1FE6D6D9E00,DXGI,0,0,0,Composed: Flip,27676.1786,NA,8.80210000000000,27.01080000000000,0.10330000000000,7.66820000000000,25.7113,27667.4738,8.8081,8.7048,0.1033,8.5242,7.8488,7.8293,0.0195,-10.4240,27667.4738,NA
parkey.exe,33280,0x1FE6D6D9E00,DXGI,0,0,0,Composed: Flip,27684.0490,NA,7.87040000000000,NA,0.08320000000000,8.14010000000000,NA,27676.2819,7.8503,7.7671,0.0832,7.6874,8.2198,8.2016,0.0182,NA,NA,NA
parkey.exe,33280,0x1FE6D6D9E00,DXGI,0,0,0,Composed: Flip,27693.0366,NA,8.98760000000000,7.69930000000000,0.11990000000000,8.20160000000000,16.5526,27684.1322,9.0243,8.9044,0.1199,8.6764,8.4296,8.4096,0.0200,8.9591,27684.1322,NA
parkey.exe,33280,0x1FE6D6D9E00,DXGI,0,0,0,Composed: Flip,27700.7537,NA,7.71710000000000,NA,0.09810000000000,8.91360000000000,NA,27693.1565,7.6953,7.5972,0.0981,8.0817,8.4291,8.4024,0.0267,NA,NA,NA
parkey.exe,33280,0x1FE6D6D9E00,DXGI,0,0,0,Composed: Flip,27709.4822,NA,8.72850000000000,25.67500000000000,0.15880000000000,8.80340000000000,25.7820,27700.8518,8.7892,8.6304,0.1588,8.8155,8.6183,8.5967,0.0216,-8.9554,27700.8518,NA
parkey.exe,33280,0x1FE6D6D9E00,DXGI,0,0,0,Composed: Flip,27717.5769,NA,8.09470000000000,NA,0.08860000000000,9.40830000000000,NA,27709.6410,8.0245,7.9359,0.0886,8.6446,8.6996,8.6774,0.0222,NA,NA,NA
parkey.exe,33280,0x1FE6D6D9E00,DXGI,0,0,0,Composed: Flip,27726.2013,NA,8.62440000000000,9.06380000000000,0.10790000000000,9.45880000000000,18.1267,27717.6655,8.6437,8.5358,0.1079,9.3197,8.6749,8.6568,0.0181,7.7499,27717.6655,NA
parkey.exe,33280,0x1FE6D6D9E00,DXGI,0,0,0,Composed: Flip,27734.3107,NA,8.10940000000000,NA,0.09470000000000,9.77960000000000,NA,27726.3092,8.0962,8.0015,0.0947,9.3509,8.4302,8.4059,0.0243,NA,NA,NA
parkey.exe,33280,0x1FE6D6D9E00,DXGI,0,0,0,Composed: Flip,27742.7444,NA,8.43370000000000,24.28350000000000,0.11170000000000,9.52170000000000,25.8671,27734.4054,8.4507,8.3390,0.1117,9.6849,8.1758,8.1517,0.0241,-7.5436,27734.4054,NA
parkey.exe,33280,0x1FE6D6D9E00,DXGI,0,0,0,Composed: Flip,27750.8579,NA,8.11350000000000,3.51270000000000,0.08990000000000,9.82710000000000,21.2663,27742.8561,8.0917,8.0018,0.0899,9.4414,8.3875,8.3670,0.0205,4.9380,27742.8561,NA
parkey.exe,33280,0x1FE6D6D9E00,DXGI,0,0,0,Composed: Flip,27759.2900,NA,8.43210000000000,13.17070000000000,0.10310000000000,8.08590000000000,26.0049,27750.9478,8.4453,8.3422,0.1031,9.7372,6.6909,6.6758,0.0151,-5.0790,27750.9478,NA
parkey.exe,33280,0x1FE6D6D9E00,DXGI,0,0,0,Composed: Flip,27767.5174,NA,8.22740000000000,0.71310000000000,0.11340000000000,7.41410000000000,18.4906,27759.3931,8.2377,8.1243,0.1134,8.0112,7.5272,7.5118,0.0154,7.7322,27759.3931,NA
parkey.exe,33280,0x1FE6D6D9E00,DXGI,0,0,0,Composed: Flip,27776.1265,NA,8.60910000000000,NA,0.10800000000000,6.69130000000000,NA,27767.6308,8.6037,8.4957,0.1080,8.3809,6.8061,6.7879,0.0182,NA,NA,NA
parkey.exe,33280,0x1FE6D6D9E00,DXGI,0,0,0,Composed: Flip,27784.2194,NA,8.09290000000000,13.89520000000000,0.08360000000000,7.75680000000000,15.6838,27776.2345,8.0685,7.9849,0.0836,7.8601,7.8816,7.8629,0.0187,2.9462,27776.2345,NA
parkey.exe,33280,0x1FE6D6D9E00,DXGI,0,0,0,Composed: Flip,27792.9708,NA,8.75140000000000,18.74430000000000,0.10760000000000,6.92970000000000,25.6767,27784.3030,8.7754,8.6678,0.1076,8.5266,7.0709,7.0487,0.0222,-10.6758,27784.3030,NA
parkey.exe,33280,0x1FE6D6D9E00,DXGI,0,0,0,Composed: Flip,27800.7826,NA,7.81180000000000,2.08700000000000,0.09740000000000,7.47670000000000,19.9519,27793.0784,7.8016,7.7042,0.0974,7.6144,7.5665,7.5448,0.0217,6.6884,27793.0784,NA
parkey.exe,33280,0x1FE6D6D9E00,DXGI,0,0,0,Composed: Flip,27809.3019,NA,8.51930000000000,NA,0.09570000000000,6.63380000000000,NA,27800.8800,8.5176,8.4219,0.0957,8.2974,6.7583,6.7385,0.0198,NA,NA,NA
parkey.exe,33280,0x1FE6D6D9E00,DXGI,0,0,0,Composed: Flip,27817.3686,NA,8.06670000000000,13.87700000000000,0.08750000000000,7.31140000000000,17.2429,27809.3976,8.0585,7.9710,0.0875,7.8820,7.4004,7.3792,0.0212,2.4422,27809.3976,NA
parkey.exe,33280,0x1FE6D6D9E00,DXGI,0,0,0,Composed: Flip,27826.1389,NA,8.77030000000000,NA,0.11190000000000,6.80630000000000,NA,27817.4561,8.7947,8.6828,0.1119,8.5445,6.9446,6.9211,0.0235,NA,NA,NA
parkey.exe,33280,0x1FE6D6D9E00,DXGI,0,0,0,Composed: Flip,27834.1132,NA,7.97430000000000,17.39700000000000,0.10420000000000,6.80330000000000,17.8953,27826.2508,7.9666,7.8624,0.1042,7.7746,6.8911,6.8706,0.0205,-0.5438,27826.2508,NA
parkey.exe,33280,0x1FE6D6D9E00,DXGI,0,0,0,Composed: Flip,27842.7509,NA,8.63770000000000,16.68070000000000,0.10480000000000,5.98050000000000,25.9383,27834.2174,8.6383,8.5335,0.1048,8.4195,6.0945,6.0494,0.0451,-8.7141,27834.2174,NA
parkey.exe,33280,0x1FE6D6D9E00,DXGI,0,0,0,Composed: Flip,27850.7066,NA,7.95570000000000,0.66770000000000,0.10240000000000,7.91940000000000,18.6503,27842.8557,7.9533,7.8509,0.1024,7.7644,8.0059,7.9913,0.0146,7.9706,27842.8557,NA
parkey.exe,33280,0x1FE6D6D9E00,DXGI,0,0,0,Composed: Flip,27859.3116,NA,8.60500000000000,NA,0.10770000000000,7.66590000000000,NA,27850.8090,8.6103,8.5026,0.1077,8.3946,7.7739,7.7544,0.0195,NA,NA,NA
parkey.exe,33280,0x1FE6D6D9E00,DXGI,0,0,0,Composed: Flip,27867.4084,NA,8.09680000000000,13.87220000000000,0.08420000000000,7.46440000000000,15.8207,27859.4193,8.0733,7.9891,0.0842,7.9068,7.5467,7.5303,0.0164,2.6914,27859.4193,NA
parkey.exe,33280,0x1FE6D6D9E00,DXGI,0,0,0,Composed: Flip,27876.2274,NA,8.81900000000000,18.82310000000000,0.12520000000000,6.79910000000000,25.8248,27867.4926,8.8600,8.7348,0.1252,8.6012,6.9327,6.9099,0.0228,-10.7498,27867.4926,NA
parkey.exe,33280,0x1FE6D6D9E00,DXGI,0,0,0,Composed: Flip,27884.2184,NA,7.99100000000000,2.01650000000000,0.09020000000000,7.59650000000000,19.8503,27876.3526,7.9560,7.8658,0.0902,7.7681,7.6942,7.6762,0.0180,6.8435,27876.3526,NA
parkey.exe,33280,0x1FE6D6D9E00,DXGI,0,0,0,Composed: Flip,27892.7551,NA,8.53670000000000,NA,0.12390000000000,6.99480000000000,NA,27884.3086,8.5704,8.4465,0.1239,8.3126,7.1287,7.1110,0.0177,NA,NA,NA
parkey.exe,33280,0x1FE6D6D9E00,DXGI,0,0,0,Composed: Flip,27901.0009,NA,8.24580000000000,13.87830000000000,0.10870000000000,7.08550000000000,16.9461,27892.8790,8.2306,8.1219,0.1087,8.0271,7.1803,7.1627,0.0176,2.6481,27892.8790,NA
parkey.exe,33280,0x1FE6D6D9E00,DXGI,0,0,0,Composed: Flip,27909.4916,NA,8.49070000000000,NA,0.11030000000000,7.30650000000000,NA,27901.1096,8.4923,8.3820,0.1103,8.2598,7.4287,7.4068,0.0219,NA,NA,NA
parkey.exe,33280,0x1FE6D6D9E00,DXGI,0,0,0,Composed: Flip,27917.5204,NA,8.02880000000000,17.46480000000000,0.09850000000000,6.93800000000000,17.8914,27909.6019,8.0170,7.9185,0.0985,7.8188,7.0377,7.0138,0.0239,-0.7419,27909.6019,NA
parkey.exe,33280,0x1FE6D6D9E00,DXGI,0,0,0,Composed: Flip,27926.0480,NA,8.52760000000000,16.69760000000000,0.11230000000000,7.67310000000000,26.0614,27917.6189,8.5414,8.4291,0.1123,8.3148,7.7874,7.7630,0.0244,-8.6806,27917.6189,NA
parkey.exe,33280,0x1FE6D6D9E00,DXGI,0,0,0,Composed: Flip,27934.1640,NA,8.11600000000000,NA,0.08280000000000,7.29980000000000,NA,27926.1603,8.0865,8.0037,0.0828,7.9190,7.3845,7.3692,0.0153,NA,NA,NA
parkey.exe,33280,0x1FE6D6D9E00,DXGI,0,0,0,Composed: Flip,27942.8246,NA,8.66060000000000,NA,0.11240000000000,5.52220000000000,NA,27934.2468,8.6902,8.5778,0.1124,8.4499,5.6501,5.6259,0.0242,NA,NA,NA
parkey.exe,33280,0x1FE6D6D9E00,DXGI,0,0,0,Composed: Flip,27950.7536,NA,7.92900000000000,14.49290000000000,0.09830000000000,7.30300000000000,15.8487,27942.9370,7.9149,7.8166,0.0983,7.7058,7.4138,7.3928,0.0210,10.8252,27942.9370,NA
parkey.exe,33280,0x1FE6D6D9E00,DXGI,0,0,0,Composed: Flip,27959.3212,NA,8.56760000000000,18.85570000000000,0.11980000000000,6.79150000000000,26.1368,27950.8519,8.5891,8.4693,0.1198,8.3556,6.9052,6.8830,0.0222,-10.9408,27950.8519,NA
parkey.exe,33280,0x1FE6D6D9E00,DXGI,0,0,0,Composed: Flip,27967.6393,NA,8.31810000000000,1.96870000000000,0.12320000000000,8.05150000000000,19.7874,27959.4410,8.3215,8.1983,0.1232,8.1054,8.1444,8.1251,0.0193,6.6204,27959.4410,NA
parkey.exe,33280,0x1FE6D6D9E00,DXGI,0,0,0,Composed: Flip,27976.0472,NA,8.40790000000000,NA,0.10410000000000,7.35480000000000,NA,27967.7625,8.3888,8.2847,0.1041,8.1806,7.4589,7.4305,0.0284,NA,NA,NA
parkey.exe,33280,0x1FE6D6D9E00,DXGI,0,0,0,Composed: Flip,27984.2922,NA,8.24500000000000,13.87630000000000,0.08820000000000,7.24760000000000,17.0108,27976.1513,8.2291,8.1409,0.0882,8.0436,7.3449,7.3283,0.0166,2.8340,27976.1513,NA
parkey.exe,33280,0x1FE6D6D9E00,DXGI,0,0,0,Composed: Flip,27993.0929,NA,8.80070000000000,NA,0.10740000000000,6.87700000000000,NA,27984.3804,8.8199,8.7125,0.1074,8.6061,6.9834,6.9650,0.0184,NA,NA,NA
