Application,ProcessID,SwapChainAddress,PresentRuntime,SyncInterval,PresentFlags,AllowsTearing,PresentMode,TimeInMs,MsBetweenSimulationStart,MsBetweenPresents,MsBetweenDisplayChange,MsInPresentAPI,MsRenderPresentLatency,MsUntilDisplayed,CPUStartTimeInMs,MsBetweenAppStart,MsCPUBusy,MsCPUWait,MsGPULatency,MsGPUTime,MsGPUBusy,MsGPUWait,MsAnimationError,AnimationTime,MsFlipDelay
parkey.exe,25772,0x2D7110A5280,DXGI,1,0,0,Composed: Flip,8033.6005,NA,13.81300000000000,16.68380000000000,0.16500000000000,0.38810000000000,32.2594,8019.9686,13.7969,13.6319,0.1650,0.5586,13.4614,8.5786,4.8828,4.3131,8019.9686,NA
parkey.exe,25772,0x2D7110A5280,DXGI,1,0,0,Composed: Flip,8054.4126,NA,20.81210000000000,16.68190000000000,0.14150000000000,0.38340000000000,28.1292,8033.7655,20.7886,20.6471,0.1415,0.2890,20.7415,8.3508,12.3907,-2.8850,8033.7655,NA
parkey.exe,25772,0x2D7110A5280,DXGI,1,0,0,Composed: Flip,8068.4724,NA,14.05980000000000,16.68760000000000,0.15710000000000,0.39510000000000,30.7570,8054.5541,14.0754,13.9183,0.1571,0.2791,14.0343,8.7354,5.2989,4.1010,8054.5541,NA
parkey.exe,25772,0x2D7110A5280,DXGI,1,0,0,Composed: Flip,8082.2164,NA,13.74400000000000,16.68800000000000,0.15340000000000,0.78910000000000,33.7010,8068.6295,13.7403,13.5869,0.1534,0.2716,14.1044,9.0384,5.0660,-2.6126,8068.6295,NA
parkey.exe,25772,0x2D7110A5280,DXGI,1,0,0,Composed: Flip,8103.1582,NA,20.94180000000000,16.67380000000000,0.13970000000000,0.40220000000000,29.4330,8082.3698,20.9281,20.7884,0.1397,0.6357,20.5549,9.2490,11.3059,-2.9335,8082.3698,NA
parkey.exe,25772,0x2D7110A5280,DXGI,1,0,0,Composed: Flip,8116.9820,NA,13.82380000000000,16.68630000000000,0.18170000000000,0.37280000000000,32.2955,8103.2979,13.8658,13.6841,0.1817,0.3563,13.7006,8.7222,4.9784,4.2418,8103.2979,NA
parkey.exe,25772,0x2D7110A5280,DXGI,1,0,0,Composed: Flip,8137.9635,NA,20.98150000000000,16.66200000000000,0.22890000000000,0.40050000000000,27.9760,8117.1637,21.0287,20.7998,0.2289,0.2520,20.9483,8.7336,12.2147,-2.7962,8117.1637,NA
parkey.exe,25772,0x2D7110A5280,DXGI,1,0,0,Composed: Flip,8151.7707,NA,13.80720000000000,16.67680000000000,0.22950000000000,0.28150000000000,30.8456,8138.1924,13.8078,13.5783,0.2295,0.2542,13.6056,8.2053,5.4003,4.3519,8138.1924,NA
parkey.exe,25772,0x2D7110A5280,DXGI,1,0,0,Composed: Flip,8165.6649,NA,13.89420000000000,16.68450000000000,0.15700000000000,0.42530000000000,33.6359,8152.0002,13.8217,13.6647,0.1570,0.1088,13.9812,8.7731,5.2081,-2.8767,8152.0002,NA
parkey.exe,25772,0x2D7110A5280,DXGI,1,0,0,Composed: Flip,8186.4454,NA,20.78050000000000,16.67540000000000,0.12810000000000,0.38650000000000,29.5308,8165.8219,20.7516,20.6235,0.1281,0.3277,20.6823,9.0211,11.6612,-2.8537,8165.8219,NA
parkey.exe,25772,0x2D7110A5280,DXGI,1,0,0,Composed: Flip,8200.2930,NA,13.84760000000000,16.67730000000000,0.19270000000000,0.81800000000000,32.3605,8186.5735,13.9122,13.7195,0.1927,0.3193,14.2182,9.2165,5.0017,4.0743,8186.5735,NA
parkey.exe,25772,0x2D7110A5280,DXGI,1,0,0,Composed: Flip,8221.1590,NA,20.86600000000000,16.68600000000000,0.13550000000000,0.42060000000000,28.1805,8200.4857,20.8088,20.6733,0.1355,0.6253,20.4686,8.7497,11.7189,-2.7738,8200.4857,NA
parkey.exe,25772,0x2D7110A5280,DXGI,1,0,0,Composed: Flip,8235.0192,NA,13.86020000000000,16.67880000000000,0.17460000000000,0.38460000000000,30.9991,8221.2945,13.8993,13.7247,0.1746,0.5834,13.5259,8.6050,4.9209,4.1300,8221.2945,NA
parkey.exe,25772,0x2D7110A5280,DXGI,1,0,0,Composed: Flip,8255.8397,NA,20.82050000000000,16.68160000000000,0.14410000000000,0.40710000000000,26.8602,8235.1938,20.7900,20.6459,0.1441,0.2649,20.7881,8.5281,12.2600,-2.7823,8235.1938,NA
parkey.exe,25772,0x2D7110A5280,DXGI,1,0,0,Composed: Flip,8269.7546,NA,13.91490000000000,16.67170000000000,0.16060000000000,0.39340000000000,29.6170,8255.9838,13.9314,13.7708,0.1606,0.2905,13.8737,8.5928,5.2809,4.1183,8255.9838,NA
parkey.exe,25772,0x2D7110A5280,DXGI,1,0,0,Composed: Flip,8283.5995,NA,13.84490000000000,16.68170000000000,0.15750000000000,0.40380000000000,32.4538,8269.9152,13.8418,13.6843,0.1575,0.2706,13.8175,8.7060,5.1115,-2.7503,8269.9152,NA
parkey.exe,25772,0x2D7110A5280,DXGI,1,0,0,Composed: Flip,8304.5308,NA,20.93130000000000,16.73070000000000,0.14760000000000,0.78360000000000,28.2532,8283.7570,20.9214,20.7738,0.1476,0.5849,20.9725,9.2394,11.7331,-2.8889,8283.7570,NA
parkey.exe,25772,0x2D7110A5280,DXGI,1,0,0,Composed: Flip,8318.4362,NA,13.90540000000000,16.63070000000000,0.19540000000000,0.71680000000000,30.9785,8304.6784,13.9532,13.7578,0.1954,0.6360,13.8386,9.1015,4.7371,4.2907,8304.6784,NA
parkey.exe,25772,0x2D7110A5280,DXGI,1,0,0,Composed: Flip,8339.2368,NA,20.80060000000000,16.70160000000000,0.17110000000000,0.40310000000000,26.8795,8318.6316,20.7763,20.6052,0.1711,0.5214,20.4869,8.8912,11.5957,-2.7484,8318.6316,NA
parkey.exe,25772,0x2D7110A5280,DXGI,1,0,0,Composed: Flip,8353.0234,NA,13.78660000000000,16.66100000000000,0.13510000000000,0.39720000000000,29.7539,8339.4079,13.7506,13.6155,0.1351,0.3793,13.6334,8.2466,5.3868,4.1153,8339.4079,NA
parkey.exe,25772,0x2D7110A5280,DXGI,1,0,0,Composed: Flip,8367.0994,NA,14.07600000000000,16.68270000000000,0.17470000000000,0.40510000000000,32.3606,8353.1585,14.1156,13.9409,0.1747,0.2973,14.0487,8.7007,5.3480,-2.9321,8353.1585,NA
parkey.exe,25772,0x2D7110A5280,DXGI,1,0,0,Composed: Flip,8387.8874,NA,20.78800000000000,16.69360000000000,0.14530000000000,0.39950000000000,28.2662,8367.2741,20.7586,20.6133,0.1453,0.2880,20.7248,8.7010,12.0238,-2.5780,8367.2741,NA
parkey.exe,25772,0x2D7110A5280,DXGI,1,0,0,Composed: Flip,8401.6554,NA,13.76800000000000,16.66560000000000,0.17290000000000,0.40640000000000,31.1638,8388.0327,13.7956,13.6227,0.1729,0.2886,13.7405,8.6850,5.0555,4.0930,8388.0327,NA
parkey.exe,25772,0x2D7110A5280,DXGI,1,0,0,Composed: Flip,8422.6189,NA,20.96350000000000,16.69660000000000,0.14900000000000,0.40560000000000,26.8969,8401.8283,20.9396,20.7906,0.1490,0.4002,20.7960,8.8595,11.9365,-2.9010,8401.8283,NA
parkey.exe,25772,0x2D7110A5280,DXGI,1,0,0,Composed: Flip,8436.6467,NA,14.02780000000000,16.73350000000000,0.26670000000000,0.36480000000000,29.6026,8422.7679,14.1455,13.8788,0.2667,0.3203,13.9233,8.6933,5.2300,4.2061,8422.7679,NA
parkey.exe,25772,0x2D7110A5280,DXGI,1,0,0,Composed: Flip,8450.3725,NA,13.72580000000000,16.61600000000000,0.18180000000000,0.40270000000000,32.4928,8436.9134,13.6409,13.4591,0.1818,0.1548,13.7070,8.4375,5.2695,-2.4705,8436.9134,NA
parkey.exe,25772,0x2D7110A5280,DXGI,1,0,0,Composed: Flip,8471.3072,NA,20.93470000000000,16.67750000000000,0.20490000000000,0.39230000000000,28.2356,8450.5543,20.9578,20.7529,0.2049,0.2569,20.8883,8.7332,12.1551,-3.0366,8450.5543,NA
parkey.exe,25772,0x2D7110A5280,DXGI,1,0,0,Composed: Flip,8485.1299,NA,13.82270000000000,16.67910000000000,0.18340000000000,0.80870000000000,31.0920,8471.5121,13.8012,13.6178,0.1834,0.2364,14.1901,9.0785,5.1116,4.2787,8471.5121,NA
parkey.exe,25772,0x2D7110A5280,DXGI,1,0,0,Composed: Flip,8506.4619,NA,21.33200000000000,16.69130000000000,0.32660000000000,0.47370000000000,26.4513,8485.3133,21.4752,21.1486,0.3266,0.6253,20.9970,9.1459,11.8511,-2.8901,8485.3133,NA
parkey.exe,25772,0x2D7110A5280,DXGI,1,0,0,Composed: Flip,8519.7975,NA,13.33560000000000,14.48090000000000,0.14650000000000,0.81800000000000,27.5966,8506.7885,13.1555,13.0090,0.1465,0.2294,13.5976,9.1310,4.4666,6.9943,8506.7885,NA
parkey.exe,25772,0x2D7110A5280,DXGI,1,0,0,Composed: Flip,8533.7766,NA,13.97910000000000,18.87640000000000,0.19050000000000,0.39920000000000,32.4939,8519.9440,14.0231,13.8326,0.1905,0.6715,13.5603,8.6366,4.9237,-5.7209,8519.9440,NA
parkey.exe,25772,0x2D7110A5280,DXGI,1,0,0,Composed: Flip,8554.7396,NA,20.96300000000000,16.68720000000000,0.16960000000000,0.38590000000000,28.2181,8533.9671,20.9421,20.7725,0.1696,0.2508,20.9076,8.4106,12.4970,-2.6641,8533.9671,NA
parkey.exe,25772,0x2D7110A5280,DXGI,1,0,0,Composed: Flip,8568.4782,NA,13.73860000000000,16.65780000000000,0.17210000000000,0.72570000000000,31.1373,8554.9092,13.7411,13.5690,0.1721,0.2772,14.0175,9.1087,4.9088,4.2843,8554.9092,NA
parkey.exe,25772,0x2D7110A5280,DXGI,1,0,0,Composed: Flip,8589.2552,NA,20.77700000000000,16.69360000000000,0.16100000000000,0.39510000000000,27.0539,8568.6503,20.7659,20.6049,0.1610,0.5536,20.4464,8.9193,11.5271,-2.9525,8568.6503,NA
parkey.exe,25772,0x2D7110A5280,DXGI,1,0,0,Composed: Flip,8603.0397,NA,13.78450000000000,16.67670000000000,0.12670000000000,0.59770000000000,29.9461,8589.4162,13.7502,13.6235,0.1267,0.3685,13.8527,8.7802,5.0725,4.0892,8589.4162,NA
parkey.exe,25772,0x2D7110A5280,DXGI,1,0,0,Composed: Flip,8617.1042,NA,14.06450000000000,16.67570000000000,0.18970000000000,0.38020000000000,32.5573,8603.1664,14.1275,13.9378,0.1897,0.4710,13.8470,8.7961,5.0509,-2.9255,8603.1664,NA
parkey.exe,25772,0x2D7110A5280,DXGI,1,0,0,Composed: Flip,8638.4841,NA,21.37990000000000,16.68840000000000,0.42120000000000,0.48790000000000,27.8658,8617.2939,21.6114,21.1902,0.4212,0.2675,21.4106,9.1581,12.2525,-2.5609,8617.2939,NA
parkey.exe,25772,0x2D7110A5280,DXGI,1,0,0,Composed: Flip,8651.6621,NA,13.17800000000000,16.66740000000000,0.13770000000000,0.82340000000000,31.3552,8638.9053,12.8945,12.7568,0.1377,0.1419,13.4383,8.7553,4.6830,4.9440,8638.9053,NA
parkey.exe,25772,0x2D7110A5280,DXGI,1,0,0,Composed: Flip,8672.5866,NA,20.92450000000000,16.69610000000000,0.12900000000000,0.75070000000000,27.1268,8651.7998,20.9158,20.7868,0.1290,0.6857,20.8518,8.8726,11.9792,-3.8016,8651.7998,NA
parkey.exe,25772,0x2D7110A5280,DXGI,1,0,0,Composed: Flip,8686.4017,NA,13.81510000000000,16.66950000000000,0.30640000000000,0.40340000000000,29.9812,8672.7156,13.9925,13.6861,0.3064,0.6217,13.4678,8.9195,4.5483,4.2463,8672.7156,NA
parkey.exe,25772,0x2D7110A5280,DXGI,1,0,0,Composed: Flip,8700.5211,NA,14.11940000000000,16.68470000000000,0.19540000000000,0.40280000000000,32.5465,8686.7081,14.0084,13.8130,0.1954,0.1654,14.0504,8.8562,5.1942,-2.6922,8686.7081,NA
parkey.exe,25772,0x2D7110A5280,DXGI,1,0,0,Composed: Flip,8721.4063,NA,20.88520000000000,16.67610000000000,0.21130000000000,0.42250000000000,28.3374,8700.7165,20.9011,20.6898,0.2113,0.2666,20.8457,8.7365,12.1092,-2.6677,8700.7165,NA
parkey.exe,25772,0x2D7110A5280,DXGI,1,0,0,Composed: Flip,8735.1755,NA,13.76920000000000,16.68030000000000,0.20040000000000,0.37500000000000,31.2485,8721.6176,13.7583,13.5579,0.2004,0.2473,13.6856,8.7050,4.9806,4.2208,8721.6176,NA
parkey.exe,25772,0x2D7110A5280,DXGI,1,0,0,Composed: Flip,8755.8820,NA,20.70650000000000,16.67020000000000,0.14870000000000,0.39080000000000,27.2122,8735.3759,20.6548,20.5061,0.1487,0.2165,20.6804,8.7037,11.9767,-2.9119,8735.3759,NA
parkey.exe,25772,0x2D7110A5280,DXGI,1,0,0,Composed: Flip,8769.8238,NA,13.94180000000000,16.68590000000000,0.13610000000000,0.40220000000000,29.9563,8756.0307,13.9292,13.7931,0.1361,0.2769,13.9184,8.7629,5.1555,3.9689,8756.0307,NA
parkey.exe,25772,0x2D7110A5280,DXGI,1,0,0,Composed: Flip,8783.7132,NA,13.88940000000000,16.68850000000000,0.21280000000000,0.41190000000000,32.7554,8769.9599,13.9661,13.7533,0.2128,0.3192,13.8460,8.8106,5.0354,-2.7593,8769.9599,NA
parkey.exe,25772,0x2D7110A5280,DXGI,1,0,0,Composed: Flip,8804.6673,NA,20.95410000000000,16.68080000000000,0.22880000000000,0.41810000000000,28.4821,8783.9260,20.9701,20.7413,0.2288,0.2617,20.8977,8.7418,12.1559,-2.7147,8783.9260,NA
parkey.exe,25772,0x2D7110A5280,DXGI,1,0,0,Composed: Flip,8818.4552,NA,13.78790000000000,16.67810000000000,0.12510000000000,0.70110000000000,31.3723,8804.8961,13.6842,13.5591,0.1251,0.5143,13.7459,8.8574,4.8885,4.2920,8804.8961,NA
parkey.exe,25772,0x2D7110A5280,DXGI,1,0,0,Composed: Flip,8839.3467,NA,20.89150000000000,16.68030000000000,0.18090000000000,0.78550000000000,27.1611,8818.5803,20.9473,20.7664,0.1809,0.5760,20.9759,9.3257,11.6502,-2.9961,8818.5803,NA
parkey.exe,25772,0x2D7110A5280,DXGI,1,0,0,Composed: Flip,8853.0834,NA,13.73670000000000,16.67770000000000,0.12770000000000,0.39870000000000,30.1021,8839.5276,13.6835,13.5558,0.1277,0.6046,13.3499,7.5653,5.7846,4.2696,8839.5276,NA
parkey.exe,25772,0x2D7110A5280,DXGI,1,0,0,Composed: Flip,8867.0642,NA,13.98080000000000,16.68280000000000,0.14230000000000,0.76010000000000,32.8041,8853.2111,13.9954,13.8531,0.1423,0.3046,14.3086,9.1320,5.1766,-2.9993,8853.2111,NA
parkey.exe,25772,0x2D7110A5280,DXGI,1,0,0,Composed: Flip,8887.9309,NA,20.86670000000000,16.69260000000000,0.14080000000000,0.75890000000000,28.6300,8867.2065,20.8652,20.7244,0.1408,0.6178,20.8655,9.2508,11.6147,-2.6972,8867.2065,NA
parkey.exe,25772,0x2D7110A5280,DXGI,1,0,0,Composed: Flip,8901.7932,NA,13.86230000000000,16.67630000000000,0.17820000000000,0.79700000000000,31.4440,8888.0717,13.8997,13.7215,0.1782,0.6181,13.9004,9.2535,4.6469,4.1889,8888.0717,NA
parkey.exe,25772,0x2D7110A5280,DXGI,1,0,0,Composed: Flip,8922.7077,NA,20.91450000000000,16.67510000000000,0.16770000000000,0.39160000000000,27.2046,8901.9714,20.9040,20.7363,0.1677,0.6188,20.5091,8.9200,11.5891,-2.7754,8901.9714,NA
parkey.exe,25772,0x2D7110A5280,DXGI,1,0,0,Composed: Flip,8936.5427,NA,13.83500000000000,16.66780000000000,0.18130000000000,0.38110000000000,30.0374,8922.8754,13.8486,13.6673,0.1813,0.2770,13.7714,8.6749,5.0965,4.2362,8922.8754,NA
parkey.exe,25772,0x2D7110A5280,DXGI,1,0,0,Composed: Flip,8950.3505,NA,13.80780000000000,16.70410000000000,0.13490000000000,0.39850000000000,32.9337,8936.7240,13.7614,13.6265,0.1349,0.2562,13.7688,8.4406,5.3282,-2.8555,8936.7240,NA
parkey.exe,25772,0x2D7110A5280,DXGI,1,0,0,Composed: Flip,8971.2631,NA,20.91260000000000,16.65720000000000,0.15740000000000,0.41380000000000,28.6783,8950.4854,20.9351,20.7777,0.1574,0.2966,20.8949,8.9665,11.9284,-2.8958,8950.4854,NA
parkey.exe,25772,0x2D7110A5280,DXGI,1,0,0,Composed: Flip,8985.1000,NA,13.83690000000000,16.68030000000000,0.17300000000000,0.79200000000000,31.5217,8971.4205,13.8525,13.6795,0.1730,0.2871,14.1844,9.0835,5.1009,4.2548,8971.4205,NA
parkey.exe,25772,0x2D7110A5280,DXGI,1,0,0,Composed: Flip,9005.9132,NA,20.81320000000000,16.68630000000000,0.12320000000000,0.42180000000000,27.3948,8985.2730,20.7634,20.6402,0.1232,0.6190,20.4430,8.8848,11.5582,-2.8338,8985.2730,NA
parkey.exe,25772,0x2D7110A5280,DXGI,1,0,0,Composed: Flip,9019.9139,NA,14.00070000000000,16.68260000000000,0.13450000000000,0.40080000000000,30.0767,9006.0364,14.0120,13.8775,0.1345,0.3302,13.9481,8.7064,5.2417,4.0808,9006.0364,NA
parkey.exe,25772,0x2D7110A5280,DXGI,1,0,0,Composed: Flip,9033.7118,NA,13.79790000000000,16.68860000000000,0.18140000000000,0.38370000000000,32.9674,9020.0484,13.8448,13.6634,0.1814,0.3153,13.7318,8.3916,5.3402,-2.6766,9020.0484,NA
parkey.exe,25772,0x2D7110A5280,DXGI,1,0,0,Composed: Flip,9054.5287,NA,20.81690000000000,16.66730000000000,0.12160000000000,0.40130000000000,28.8178,9033.8932,20.7571,20.6355,0.1216,0.2687,20.7681,8.4324,12.3357,-2.8225,9033.8932,NA
parkey.exe,25772,0x2D7110A5280,DXGI,1,0,0,Composed: Flip,9068.5745,NA,14.04580000000000,16.67770000000000,0.18130000000000,0.67590000000000,31.4497,9054.6503,14.1055,13.9242,0.1813,0.3129,14.2872,8.9964,5.2908,4.0794,9054.6503,NA
parkey.exe,25772,0x2D7110A5280,DXGI,1,0,0,Composed: Flip,9089.2780,NA,20.70350000000000,16.68210000000000,0.15990000000000,0.39800000000000,27.4283,9068.7558,20.6821,20.5222,0.1599,0.4946,20.4256,8.8776,11.5480,-2.5766,9068.7558,NA
parkey.exe,25772,0x2D7110A5280,DXGI,1,0,0,Composed: Flip,9103.2138,NA,13.93580000000000,16.67660000000000,0.11740000000000,0.41880000000000,30.1691,9089.4379,13.8933,13.7759,0.1174,0.2617,13.9330,8.7417,5.1913,4.0055,9089.4379,NA
parkey.exe,25772,0x2D7110A5280,DXGI,1,0,0,Composed: Flip,9117.1408,NA,13.92700000000000,16.68290000000000,0.15530000000000,0.39620000000000,32.9250,9103.3312,13.9649,13.8096,0.1553,0.3375,13.8683,8.7157,5.1526,-2.7896,9103.3312,NA
parkey.exe,25772,0x2D7110A5280,DXGI,1,0,0,Composed: Flip,9137.9650,NA,20.82420000000000,16.67190000000000,0.23740000000000,0.38710000000000,28.7727,9117.2961,20.9063,20.6689,0.2374,0.3094,20.7466,8.9360,11.8106,-2.7070,9117.2961,NA
parkey.exe,25772,0x2D7110A5280,DXGI,1,0,0,Composed: Flip,9151.7270,NA,13.76200000000000,16.68710000000000,0.12900000000000,0.82820000000000,31.6978,9138.2024,13.6536,13.5246,0.1290,0.1887,14.1641,8.7958,5.3683,4.2192,9138.2024,NA
parkey.exe,25772,0x2D7110A5280,DXGI,1,0,0,Composed: Flip,9172.6400,NA,20.91300000000000,16.69190000000000,0.13190000000000,0.39450000000000,27.4767,9151.8560,20.9159,20.7840,0.1319,0.6992,20.4793,8.6730,11.8063,-3.0383,9151.8560,NA
parkey.exe,25772,0x2D7110A5280,DXGI,1,0,0,Composed: Flip,9186.6492,NA,14.00920000000000,16.67210000000000,0.15250000000000,0.38920000000000,30.1396,9172.7719,14.0298,13.8773,0.1525,0.2968,13.9697,8.7814,5.1883,4.2438,9172.7719,NA
parkey.exe,25772,0x2D7110A5280,DXGI,1,0,0,Composed: Flip,9200.3956,NA,13.74640000000000,16.68270000000000,0.14510000000000,0.40650000000000,33.0759,9186.8017,13.7390,13.5939,0.1451,0.2679,13.7325,8.3420,5.3905,-2.6529,9186.8017,NA
parkey.exe,25772,0x2D7110A5280,DXGI,1,0,0,Composed: Flip,9221.3220,NA,20.92640000000000,16.67560000000000,0.16160000000000,0.41720000000000,28.8251,9200.5407,20.9429,20.7813,0.1616,0.3201,20.8784,8.7805,12.0979,-2.9366,9200.5407,NA
parkey.exe,25772,0x2D7110A5280,DXGI,1,0,0,Composed: Flip,9235.1812,NA,13.85920000000000,16.67780000000000,0.15030000000000,0.38650000000000,31.6437,9221.4836,13.8479,13.6976,0.1503,0.2903,13.7938,8.6973,5.0965,4.2651,9221.4836,NA
parkey.exe,25772,0x2D7110A5280,DXGI,1,0,0,Composed: Flip,9255.9701,NA,20.78890000000000,16.68740000000000,0.13780000000000,0.38380000000000,27.5422,9235.3315,20.7764,20.6386,0.1378,0.2629,20.7595,8.3955,12.3640,-2.8395,9235.3315,NA
parkey.exe,25772,0x2D7110A5280,DXGI,1,0,0,Composed: Flip,9269.8972,NA,13.92710000000000,16.67450000000000,0.13260000000000,0.40280000000000,30.2896,9256.1079,13.9219,13.7893,0.1326,0.2980,13.8941,8.7473,5.1468,4.1019,9256.1079,NA
parkey.exe,25772,0x2D7110A5280,DXGI,1,0,0,Composed: Flip,9283.7978,NA,13.90060000000000,16.68430000000000,0.15610000000000,0.39830000000000,33.0733,9270.0298,13.9241,13.7680,0.1561,0.2985,13.8678,8.7746,5.0932,-2.7624,9270.0298,NA
parkey.exe,25772,0x2D7110A5280,DXGI,1,0,0,Composed: Flip,9304.6399,NA,20.84210000000000,16.69480000000000,0.11680000000000,0.40470000000000,28.9260,9283.9539,20.8028,20.6860,0.1168,0.2965,20.7942,8.9468,11.8474,-2.7707,9283.9539,NA
parkey.exe,25772,0x2D7110A5280,DXGI,1,0,0,Composed: Flip,9318.4832,NA,13.84330000000000,16.66790000000000,0.12670000000000,0.72440000000000,31.7506,9304.7567,13.8532,13.7265,0.1267,0.3170,14.1339,9.0114,5.1225,4.1349,9304.7567,NA
parkey.exe,25772,0x2D7110A5280,DXGI,1,0,0,Composed: Flip,9339.3465,NA,20.86330000000000,9.78210000000000,0.13710000000000,0.42430000000000,20.6694,9318.6099,20.8737,20.7366,0.1371,0.5977,20.5632,8.8949,11.6683,4.0711,9318.6099,NA
parkey.exe,25772,0x2D7110A5280,DXGI,1,0,0,Composed: Flip,9353.1890,NA,13.84250000000000,23.57930000000000,0.12480000000000,0.75320000000000,30.4062,9339.4836,13.8302,13.7054,0.1248,0.3199,14.1387,8.7749,5.3638,-2.7056,9339.4836,NA
parkey.exe,25772,0x2D7110A5280,DXGI,1,0,0,Composed: Flip,9367.0928,NA,13.90380000000000,16.67710000000000,0.14990000000000,0.78080000000000,33.1795,9353.3138,13.9289,13.7790,0.1499,0.6284,13.9314,9.3460,4.5854,-2.8469,9353.3138,NA
parkey.exe,25772,0x2D7110A5280,DXGI,1,0,0,Composed: Flip,9388.0199,NA,20.92710000000000,16.67800000000000,0.12350000000000,0.76020000000000,28.9304,9367.2427,20.9007,20.7772,0.1235,0.6309,20.9065,9.4832,11.4233,-2.7491,9367.2427,NA
parkey.exe,25772,0x2D7110A5280,DXGI,1,0,0,Composed: Flip,9401.8849,NA,13.86500000000000,16.67540000000000,0.17750000000000,0.83450000000000,31.7408,9388.1434,13.9190,13.7415,0.1775,0.6367,13.9393,9.2850,4.6543,4.2253,9388.1434,NA
parkey.exe,25772,0x2D7110A5280,DXGI,1,0,0,Composed: Flip,9422.7403,NA,20.85540000000000,16.70670000000000,0.13180000000000,0.76600000000000,27.5921,9402.0624,20.8097,20.6779,0.1318,0.6570,20.7869,9.2751,11.5118,-2.7877,9402.0624,NA
parkey.exe,25772,0x2D7110A5280,DXGI,1,0,0,Composed: Flip,9436.5384,NA,13.79810000000000,16.65390000000000,0.12370000000000,0.74140000000000,30.4479,9422.8721,13.7900,13.6663,0.1237,0.6342,13.7735,9.1836,4.5899,4.1558,9422.8721,NA
parkey.exe,25772,0x2D7110A5280,DXGI,1,0,0,Composed: Flip,9450.3851,NA,13.84670000000000,16.68490000000000,0.11280000000000,0.75540000000000,33.2861,9436.6621,13.8358,13.7230,0.1128,0.6177,13.8607,7.9224,5.9383,-2.8949,9436.6621,NA
parkey.exe,25772,0x2D7110A5280,DXGI,1,0,0,Composed: Flip,9471.3350,NA,20.94990000000000,16.68530000000000,0.14880000000000,0.75750000000000,29.0215,9450.4979,20.9859,20.8371,0.1488,0.6426,20.9520,9.4668,11.4852,-2.8495,9450.4979,NA
parkey.exe,25772,0x2D7110A5280,DXGI,1,0,0,Composed: Flip,9485.1715,NA,13.83650000000000,16.67370000000000,0.11330000000000,0.85240000000000,31.8587,9471.4838,13.8010,13.6877,0.1133,0.6087,13.9314,9.2816,4.6498,4.3122,9471.4838,NA
parkey.exe,25772,0x2D7110A5280,DXGI,1,0,0,Composed: Flip,9506.0519,NA,20.88040000000000,9.62180000000000,0.12040000000000,0.76530000000000,20.6001,9485.2848,20.8875,20.7671,0.1204,0.7391,20.7933,9.2770,11.5163,4.1792,9485.2848,NA
parkey.exe,25772,0x2D7110A5280,DXGI,1,0,0,Composed: Flip,9519.8684,NA,13.81650000000000,23.75870000000000,0.10880000000000,0.43920000000000,30.5423,9506.1723,13.8049,13.6961,0.1088,0.6449,13.4904,8.9347,4.5557,-2.8712,9506.1723,NA
parkey.exe,25772,0x2D7110A5280,DXGI,1,0,0,Composed: Flip,9533.7918,NA,13.92340000000000,16.68450000000000,0.18290000000000,0.81710000000000,33.3034,9519.9772,13.9975,13.8146,0.1829,0.3553,14.2764,9.1358,5.1406,-2.8796,9519.9772,NA
parkey.exe,25772,0x2D7110A5280,DXGI,1,0,0,Composed: Flip,9554.6700,NA,20.87820000000000,16.66930000000000,0.14580000000000,0.38410000000000,29.0945,9533.9747,20.8411,20.6953,0.1458,0.6342,20.4452,7.9871,12.4581,-2.6718,9533.9747,NA
parkey.exe,25772,0x2D7110A5280,DXGI,1,0,0,Composed: Flip,9568.7277,NA,14.05770000000000,16.68060000000000,0.17590000000000,0.81500000000000,31.7174,9554.8158,14.0878,13.9119,0.1759,0.2952,14.4317,9.1826,5.2491,4.1605,9554.8158,NA
parkey.exe,25772,0x2D7110A5280,DXGI,1,0,0,Composed: Flip,9589.5646,NA,20.83690000000000,9.57060000000000,0.21310000000000,0.37770000000000,20.4511,9568.9036,20.8741,20.6610,0.2131,0.6391,20.3996,8.9082,11.4914,4.5172,9568.9036,NA
parkey.exe,25772,0x2D7110A5280,DXGI,1,0,0,Composed: Flip,9603.3207,NA,13.75610000000000,13.89190000000000,0.15850000000000,0.39820000000000,20.5869,9589.7777,13.7015,13.5430,0.1585,0.2250,13.7162,8.7629,4.9533,6.9822,9589.7777,NA
parkey.exe,25772,0x2D7110A5280,DXGI,1,0,0,Composed: Flip,9617.3061,NA,13.98540000000000,26.57170000000000,0.22110000000000,0.41110000000000,33.1732,9603.4792,14.0480,13.8269,0.2211,0.2904,13.9476,8.7792,5.1684,-12.8702,9603.4792,NA
parkey.exe,25772,0x2D7110A5280,DXGI,1,0,0,Composed: Flip,9638.1202,NA,20.81410000000000,16.68470000000000,0.13920000000000,0.38830000000000,29.0438,9617.5272,20.7322,20.5930,0.1392,0.2496,20.7317,8.8178,11.9139,-2.6367,9617.5272,NA
parkey.exe,25772,0x2D7110A5280,DXGI,1,0,0,Composed: Flip,9651.9637,NA,13.84350000000000,16.67600000000000,0.21790000000000,0.37840000000000,31.8763,9638.2594,13.9222,13.7043,0.2179,0.3083,13.7744,8.7465,5.0279,4.0562,9638.2594,NA
parkey.exe,25772,0x2D7110A5280,DXGI,1,0,0,Composed: Flip,9672.8968,NA,20.93310000000000,9.57490000000000,0.13840000000000,0.39610000000000,20.5181,9652.1816,20.8536,20.7152,0.1384,0.2065,20.9048,8.8186,12.0862,4.3473,9652.1816,NA
parkey.exe,25772,0x2D7110A5280,DXGI,1,0,0,Composed: Flip,9686.6498,NA,13.75300000000000,20.83430000000000,0.13160000000000,0.75710000000000,27.5994,9673.0352,13.7462,13.6146,0.1316,0.2944,14.0773,9.0192,5.0581,0.0193,9673.0352,NA
parkey.exe,25772,0x2D7110A5280,DXGI,1,0,0,Composed: Flip,9700.6800,NA,14.03020000000000,19.62790000000000,0.19810000000000,0.39990000000000,33.1971,9686.7814,14.0967,13.8986,0.1981,0.6255,13.6730,8.9464,4.7266,-5.8817,9686.7814,NA
parkey.exe,25772,0x2D7110A5280,DXGI,1,0,0,Composed: Flip,9721.4391,NA,20.75910000000000,15.09320000000000,0.15430000000000,0.40320000000000,27.5312,9700.8781,20.7153,20.5610,0.1543,0.2479,20.7163,8.7271,11.9892,-0.9965,9700.8781,NA
parkey.exe,25772,0x2D7110A5280,DXGI,1,0,0,Composed: Flip,9735.3053,NA,13.86620000000000,18.26190000000000,0.13340000000000,0.38190000000000,31.9269,9721.5934,13.8453,13.7119,0.1334,0.2909,13.8029,8.7607,5.0422,2.4534,9721.5934,NA
parkey.exe,25772,0x2D7110A5280,DXGI,1,0,0,Composed: Flip,9756.1444,NA,20.83910000000000,16.51690000000000,0.13970000000000,0.38140000000000,27.6047,9735.4387,20.8454,20.7057,0.1397,0.2997,20.7874,8.7289,12.0585,-2.6716,9735.4387,NA
parkey.exe,25772,0x2D7110A5280,DXGI,1,0,0,Composed: Flip,9770.0406,NA,13.89620000000000,13.85540000000000,0.39450000000000,0.40860000000000,27.5639,9756.2841,14.1510,13.7565,0.3945,0.2983,13.8668,8.7664,5.1004,6.9900,9756.2841,NA
parkey.exe,25772,0x2D7110A5280,DXGI,1,0,0,Composed: Flip,9784.1017,NA,14.06110000000000,19.67360000000000,0.27720000000000,0.40830000000000,33.1764,9770.4351,13.9438,13.6666,0.2772,0.0519,14.0230,8.7910,5.2320,-5.5226,9770.4351,NA
parkey.exe,25772,0x2D7110A5280,DXGI,1,0,0,Composed: Flip,9804.8535,NA,20.75180000000000,15.05770000000000,0.14790000000000,0.30150000000000,27.4823,9784.3789,20.6225,20.4746,0.1479,0.2143,20.5618,8.9678,11.5940,-1.1139,9784.3789,NA
parkey.exe,25772,0x2D7110A5280,DXGI,1,0,0,Composed: Flip,9818.6889,NA,13.83540000000000,18.29490000000000,0.17330000000000,0.42250000000000,31.9418,9805.0014,13.8608,13.6875,0.1733,0.1872,13.9228,8.6093,5.3135,2.3276,9805.0014,NA
parkey.exe,25772,0x2D7110A5280,DXGI,1,0,0,Composed: Flip,9839.5092,NA,20.82030000000000,16.41450000000000,0.14350000000000,0.41180000000000,27.5360,9818.8622,20.7905,20.6470,0.1435,0.2871,20.7717,8.7585,12.0132,-2.5537,9818.8622,NA
parkey.exe,25772,0x2D7110A5280,DXGI,1,0,0,Composed: Flip,9853.3801,NA,13.87090000000000,13.88590000000000,0.14060000000000,0.39080000000000,27.5510,9839.6527,13.8680,13.7274,0.1406,0.2994,13.8188,8.4376,5.3812,6.9046,9839.6527,NA
parkey.exe,25772,0x2D7110A5280,DXGI,1,0,0,Composed: Flip,9867.2764,NA,13.89630000000000,19.74230000000000,0.14540000000000,0.39670000000000,33.3970,9853.5207,13.9011,13.7557,0.1454,0.3075,13.8449,8.8841,4.9608,-5.8743,9853.5207,NA
parkey.exe,25772,0x2D7110A5280,DXGI,1,0,0,Composed: Flip,9888.0653,NA,20.78890000000000,14.98520000000000,0.13010000000000,0.37630000000000,27.5933,9867.4218,20.7736,20.6435,0.1301,0.2882,20.7316,8.8842,11.8474,-1.0841,9867.4218,NA
parkey.exe,25772,0x2D7110A5280,DXGI,1,0,0,Composed: Flip,9901.9466,NA,13.88130000000000,18.37130000000000,0.14850000000000,0.41850000000000,32.0833,9888.1954,13.8997,13.7512,0.1485,0.3012,13.8685,8.7945,5.0740,2.4023,9888.1954,NA
parkey.exe,25772,0x2D7110A5280,DXGI,1,0,0,Composed: Flip,9922.8592,NA,20.91260000000000,16.35910000000000,0.14920000000000,0.45370000000000,27.5298,9902.0951,20.9133,20.7641,0.1492,0.3057,20.9121,8.8608,12.0513,-2.4594,9902.0951,NA
parkey.exe,25772,0x2D7110A5280,DXGI,1,0,0,Composed: Flip,9936.6577,NA,13.79850000000000,13.87720000000000,0.15590000000000,0.39880000000000,27.6085,9923.0084,13.8052,13.6493,0.1559,0.3562,13.6919,8.7535,4.9384,7.0361,9923.0084,NA
parkey.exe,25772,0x2D7110A5280,DXGI,1,0,0,Composed: Flip,9950.5472,NA,13.88950000000000,19.81320000000000,0.11410000000000,0.38900000000000,33.5322,9936.8136,13.8477,13.7336,0.1141,0.2738,13.8488,8.7985,5.0503,-6.0080,9936.8136,NA
parkey.exe,25772,0x2D7110A5280,DXGI,1,0,0,Composed: Flip,9971.4035,NA,20.85630000000000,14.93600000000000,0.13440000000000,0.42370000000000,27.6119,9950.6613,20.8766,20.7422,0.1344,0.3422,20.8237,8.8638,11.9599,-1.0883,9950.6613,NA
parkey.exe,25772,0x2D7110A5280,DXGI,1,0,0,Composed: Flip,9985.2745,NA,13.87100000000000,18.42240000000000,0.11510000000000,0.41100000000000,32.1633,9971.5379,13.8517,13.7366,0.1151,0.3229,13.8247,8.7994,5.0253,2.4542,9971.5379,NA
parkey.exe,25772,0x2D7110A5280,DXGI,1,0,0,Composed: Flip,10006.1774,NA,20.90290000000000,16.30990000000000,0.16130000000000,0.40080000000000,27.5703,9985.3896,20.9491,20.7878,0.1613,0.3233,20.8653,8.6344,12.2309,-2.4582,9985.3896,NA
parkey.exe,25772,0x2D7110A5280,DXGI,1,0,0,Composed: Flip,10020.0243,NA,13.84690000000000,13.90000000000000,0.14180000000000,0.42900000000000,27.6234,10006.3387,13.8274,13.6856,0.1418,0.2980,13.8166,8.8452,4.9714,7.0491,10006.3387,NA
parkey.exe,25772,0x2D7110A5280,DXGI,1,0,0,Composed: Flip,10034.0141,NA,13.98980000000000,19.83590000000000,0.21420000000000,0.40720000000000,33.4695,10020.1661,14.0622,13.8480,0.2142,0.3194,13.9358,8.7674,5.1684,-6.0085,10020.1661,NA
parkey.exe,25772,0x2D7110A5280,DXGI,1,0,0,Composed: Flip,10054.9136,NA,20.89950000000000,14.88760000000000,0.17040000000000,0.38580000000000,27.4576,10034.2283,20.8557,20.6853,0.1704,0.2304,20.8407,8.8706,11.9701,-0.8254,10034.2283,NA
parkey.exe,25772,0x2D7110A5280,DXGI,1,0,0,Composed: Flip,10068.7324,NA,13.81880000000000,18.46960000000000,0.16850000000000,0.40160000000000,32.1084,10055.0840,13.8169,13.6484,0.1685,0.2521,13.7979,8.7990,4.9989,2.3861,10055.0840,NA
parkey.exe,25772,0x2D7110A5280,DXGI,1,0,0,Composed: Flip,10089.5983,NA,20.86590000000000,16.26760000000000,0.27190000000000,0.37270000000000,27.5101,10068.9009,20.9693,20.6974,0.2719,0.2667,20.8034,8.7551,12.0483,-2.4507,10068.9009,NA
parkey.exe,25772,0x2D7110A5280,DXGI,1,0,0,Composed: Flip,10103.5716,NA,13.97330000000000,13.91060000000000,0.15830000000000,0.70940000000000,27.4474,10089.8702,13.8597,13.7014,0.1583,0.1602,14.2506,8.7423,5.5083,7.0587,10089.8702,NA
parkey.exe,25772,0x2D7110A5280,DXGI,1,0,0,Composed: Flip,10117.3582,NA,13.78660000000000,19.87800000000000,0.18170000000000,0.39710000000000,33.5388,10103.7299,13.8100,13.6283,0.1817,0.5511,13.4743,8.8808,4.5935,-6.0183,10103.7299,NA
parkey.exe,25772,0x2D7110A5280,DXGI,1,0,0,Composed: Flip,10138.3239,NA,20.96570000000000,14.87060000000000,0.21650000000000,0.39160000000000,27.4437,10117.5399,21.0005,20.7840,0.2165,0.2625,20.9131,8.6842,12.2289,-1.0606,10117.5399,NA
parkey.exe,25772,0x2D7110A5280,DXGI,1,0,0,Composed: Flip,10152.1908,NA,13.86690000000000,18.49710000000000,0.22440000000000,0.24150000000000,32.0739,10138.5404,13.8748,13.6504,0.2244,0.2253,13.6666,8.2998,5.3668,2.5034,10138.5404,NA
parkey.exe,25772,0x2D7110A5280,DXGI,1,0,0,Composed: Flip,10172.9489,NA,20.75810000000000,16.18550000000000,0.15350000000000,0.37590000000000,27.5013,10152.4152,20.6872,20.5337,0.1535,0.0545,20.8551,8.9573,11.8978,-2.3107,10152.4152,NA
parkey.exe,25772,0x2D7110A5280,DXGI,1,0,0,Composed: Flip,10186.8693,NA,13.92040000000000,13.87380000000000,0.16490000000000,0.39690000000000,27.4547,10173.1024,13.9318,13.7669,0.1649,0.2775,13.8863,8.4627,5.4236,6.8134,10173.1024,NA
parkey.exe,25772,0x2D7110A5280,DXGI,1,0,0,Composed: Flip,10200.6921,NA,13.82280000000000,19.97090000000000,0.14520000000000,0.41640000000000,33.6028,10187.0342,13.8031,13.6579,0.1452,0.2708,13.8035,8.6822,5.1213,-6.0391,10187.0342,NA
parkey.exe,25772,0x2D7110A5280,DXGI,1,0,0,Composed: Flip,10221.5371,NA,20.84500000000000,14.80500000000000,0.16480000000000,0.41120000000000,27.5628,10200.8373,20.8646,20.6998,0.1648,0.3078,20.8032,8.6789,12.1243,-1.0019,10200.8373,NA
parkey.exe,25772,0x2D7110A5280,DXGI,1,0,0,Composed: Flip,10235.4346,NA,13.89750000000000,18.55630000000000,0.32310000000000,0.38720000000000,32.2216,10221.7019,14.0558,13.7327,0.3231,0.2927,13.8272,8.7629,5.0643,2.3083,10221.7019,NA
parkey.exe,25772,0x2D7110A5280,DXGI,1,0,0,Composed: Flip,10256.2584,NA,20.82380000000000,16.13830000000000,0.13400000000000,0.38310000000000,27.5361,10235.7577,20.6347,20.5007,0.1340,0.1321,20.7517,8.7659,11.9858,-2.0825,10235.7577,NA
parkey.exe,25772,0x2D7110A5280,DXGI,1,0,0,Composed: Flip,10270.1400,NA,13.88160000000000,13.89580000000000,0.15900000000000,0.39330000000000,27.5503,10256.3924,13.9066,13.7476,0.1590,0.3057,13.8352,8.7761,5.0591,6.7389,10256.3924,NA
parkey.exe,25772,0x2D7110A5280,DXGI,1,0,0,Composed: Flip,10284.0215,NA,13.88150000000000,20.00040000000000,0.16260000000000,0.41310000000000,33.6692,10270.2990,13.8851,13.7225,0.1626,0.3029,13.8327,8.7779,5.0548,-6.0938,10270.2990,NA
parkey.exe,25772,0x2D7110A5280,DXGI,1,0,0,Composed: Flip,10304.9498,NA,20.92830000000000,14.72210000000000,0.16780000000000,0.41710000000000,27.4630,10284.1841,20.9335,20.7657,0.1678,0.3080,20.8748,8.7129,12.1619,-0.8370,10284.1841,NA
parkey.exe,25772,0x2D7110A5280,DXGI,1,0,0,Composed: Flip,10318.7613,NA,13.81150000000000,18.63040000000000,0.15110000000000,0.40040000000000,32.2819,10305.1176,13.7948,13.6437,0.1511,0.2925,13.7516,8.4208,5.3308,2.3031,10305.1176,NA
parkey.exe,25772,0x2D7110A5280,DXGI,1,0,0,Composed: Flip,10339.5857,NA,20.82440000000000,16.10040000000000,0.18010000000000,0.41160000000000,27.5579,10318.9124,20.8534,20.6733,0.1801,0.2867,20.7982,8.6963,12.1019,-2.3056,10318.9124,NA
parkey.exe,25772,0x2D7110A5280,DXGI,1,0,0,Composed: Flip,10353.4889,NA,13.90320000000000,13.89050000000000,0.15430000000000,0.38540000000000,27.5452,10339.7658,13.8774,13.7231,0.1543,0.2649,13.8436,8.8152,5.0284,6.9629,10339.7658,NA
parkey.exe,25772,0x2D7110A5280,DXGI,1,0,0,Composed: Flip,10367.4018,NA,13.91290000000000,20.06410000000000,0.22010000000000,0.40890000000000,33.6964,10353.6432,13.9787,13.7586,0.2201,0.3450,13.8225,8.7422,5.0803,-6.1867,10353.6432,NA
parkey.exe,25772,0x2D7110A5280,DXGI,1,0,0,Composed: Flip,10388.2647,NA,20.86290000000000,14.65730000000000,0.16020000000000,0.38680000000000,27.4908,10367.6219,20.8030,20.6428,0.1602,0.2760,20.7536,8.7678,11.9858,-0.6786,10367.6219,NA
parkey.exe,25772,0x2D7110A5280,DXGI,1,0,0,Composed: Flip,10402.1391,NA,13.87440000000000,18.69350000000000,0.18970000000000,0.40860000000000,32.3099,10388.4249,13.9039,13.7142,0.1897,0.2682,13.8546,8.7891,5.0655,2.1095,10388.4249,NA
parkey.exe,25772,0x2D7110A5280,DXGI,1,0,0,Composed: Flip,10422.9436,NA,20.80450000000000,16.02920000000000,0.15390000000000,0.40340000000000,27.5346,10402.3288,20.7687,20.6148,0.1539,0.2789,20.7393,8.6716,12.0677,-2.1253,10402.3288,NA
parkey.exe,25772,0x2D7110A5280,DXGI,1,0,0,Composed: Flip,10436.8755,NA,13.93190000000000,17.33340000000000,0.17020000000000,0.37790000000000,30.9361,10423.0975,13.9482,13.7780,0.1702,0.3052,13.8507,8.7326,5.1181,3.4353,10423.0975,NA
parkey.exe,25772,0x2D7110A5280,DXGI,1,0,0,Composed: Flip,10457.6569,NA,20.78140000000000,16.67960000000000,0.14140000000000,0.40830000000000,26.8343,10437.0457,20.7526,20.6112,0.1414,0.2684,20.7511,8.7364,12.0147,-2.7314,10437.0457,NA
parkey.exe,25772,0x2D7110A5280,DXGI,1,0,0,Composed: Flip,10471.5602,NA,13.90330000000000,14.61060000000000,0.17480000000000,0.39300000000000,27.5416,10457.7983,13.9367,13.7619,0.1748,0.3042,13.8507,8.7059,5.1448,6.1420,10457.7983,NA
parkey.exe,25772,0x2D7110A5280,DXGI,1,0,0,Composed: Flip,10485.4618,NA,13.90160000000000,18.74630000000000,0.15630000000000,0.41700000000000,32.3863,10471.7350,13.8831,13.7268,0.1563,0.2724,13.8714,8.8281,5.0433,-4.8096,10471.7350,NA
parkey.exe,25772,0x2D7110A5280,DXGI,1,0,0,Composed: Flip,10506.3104,NA,20.84860000000000,15.98800000000000,0.15100000000000,0.41890000000000,27.5257,10485.6181,20.8433,20.6923,0.1510,0.2993,20.8119,8.7064,12.1055,-2.1049,10485.6181,NA
parkey.exe,25772,0x2D7110A5280,DXGI,1,0,0,Composed: Flip,10520.1603,NA,13.84990000000000,17.36660000000000,0.14120000000000,0.42130000000000,31.0424,10506.4614,13.8401,13.6989,0.1412,0.3083,13.8119,8.8094,5.0025,3.4767,10506.4614,NA
parkey.exe,25772,0x2D7110A5280,DXGI,1,0,0,Composed: Flip,10541.0162,NA,20.85590000000000,16.68740000000000,0.17600000000000,0.41230000000000,26.8739,10520.3015,20.8907,20.7147,0.1760,0.3116,20.8154,8.7430,12.0724,-2.8473,10520.3015,NA
parkey.exe,25772,0x2D7110A5280,DXGI,1,0,0,Composed: Flip,10554.8898,NA,13.87360000000000,16.68290000000000,0.17650000000000,0.38510000000000,29.6832,10541.1922,13.8741,13.6976,0.1765,0.2720,13.8107,8.7190,5.0917,4.2078,10541.1922,NA
parkey.exe,25772,0x2D7110A5280,DXGI,1,0,0,Composed: Flip,10568.6973,NA,13.80750000000000,16.67900000000000,0.13810000000000,0.40860000000000,32.5547,10555.0663,13.7691,13.6310,0.1381,0.2692,13.7704,8.3766,5.3938,-2.8049,10555.0663,NA
parkey.exe,25772,0x2D7110A5280,DXGI,1,0,0,Composed: Flip,10589.5616,NA,20.86430000000000,16.69270000000000,0.16560000000000,0.77890000000000,28.3831,10568.8354,20.8918,20.7262,0.1656,0.3145,21.1906,8.8118,12.3788,-2.9236,10568.8354,NA
parkey.exe,25772,0x2D7110A5280,DXGI,1,0,0,Composed: Flip,10603.3912,NA,13.82960000000000,16.65870000000000,0.15690000000000,0.39900000000000,31.2122,10589.7272,13.8209,13.6640,0.1569,0.6133,13.4497,7.5702,5.8795,4.2331,10589.7272,NA
parkey.exe,25772,0x2D7110A5280,DXGI,1,0,0,Composed: Flip,10624.2791,NA,20.88790000000000,16.68960000000000,0.15400000000000,0.79350000000000,27.0139,10603.5481,20.8850,20.7310,0.1540,0.3909,21.1336,8.6572,12.4764,-2.8687,10603.5481,NA
parkey.exe,25772,0x2D7110A5280,DXGI,1,0,0,Composed: Flip,10638.1207,NA,13.84160000000000,16.70950000000000,0.12760000000000,0.75840000000000,29.8818,10624.4331,13.8152,13.6876,0.1276,0.6395,13.8065,8.3651,5.4414,4.1755,10624.4331,NA
parkey.exe,25772,0x2D7110A5280,DXGI,1,0,0,Composed: Flip,10652.0125,NA,13.89180000000000,16.65920000000000,0.13670000000000,0.74410000000000,32.6492,10638.2483,13.9009,13.7642,0.1367,0.6308,13.8775,7.8858,5.9917,-2.8440,10638.2483,NA
parkey.exe,25772,0x2D7110A5280,DXGI,1,0,0,Composed: Flip,10672.9695,NA,20.95700000000000,8.92390000000000,0.20580000000000,0.41630000000000,20.6161,10652.1492,21.0261,20.8203,0.2058,0.6074,20.6292,7.5998,13.0294,4.9770,10652.1492,NA
parkey.exe,25772,0x2D7110A5280,DXGI,1,0,0,Composed: Flip,10686.8257,NA,13.85620000000000,24.42260000000000,0.13090000000000,0.38480000000000,31.1825,10673.1753,13.7813,13.6504,0.1309,0.2696,13.7656,8.4556,5.3100,-3.3965,10673.1753,NA
parkey.exe,25772,0x2D7110A5280,DXGI,1,0,0,Composed: Flip,10707.6229,NA,20.79720000000000,16.69150000000000,0.14090000000000,0.77350000000000,27.0768,10686.9566,20.8072,20.6663,0.1409,0.3091,21.1307,9.2870,11.8437,-2.9102,10686.9566,NA
parkey.exe,25772,0x2D7110A5280,DXGI,1,0,0,Composed: Flip,10721.4767,NA,13.85380000000000,16.66750000000000,0.13400000000000,0.77740000000000,29.8905,10707.7638,13.8469,13.7129,0.1340,0.6326,13.8577,7.9440,5.9137,4.1397,10707.7638,NA
parkey.exe,25772,0x2D7110A5280,DXGI,1,0,0,Composed: Flip,10735.3624,NA,13.88570000000000,16.68360000000000,0.14900000000000,0.75290000000000,32.6884,10721.6107,13.9007,13.7517,0.1490,0.6434,13.8612,7.8961,5.9651,-2.8367,10721.6107,NA
parkey.exe,25772,0x2D7110A5280,DXGI,1,0,0,Composed: Flip,10756.3097,NA,20.94730000000000,16.68530000000000,0.30270000000000,0.38830000000000,28.4264,10735.5114,21.1010,20.7983,0.3027,0.6039,20.5827,7.5423,13.0404,-2.7846,10735.5114,NA
parkey.exe,25772,0x2D7110A5280,DXGI,1,0,0,Composed: Flip,10770.0563,NA,13.74660000000000,16.66710000000000,0.11630000000000,0.39800000000000,31.3469,10756.6124,13.5602,13.4439,0.1163,0.2477,13.5942,8.3015,5.2927,4.4339,10756.6124,NA
parkey.exe,25772,0x2D7110A5280,DXGI,1,0,0,Composed: Flip,10790.9397,NA,20.88340000000000,16.69580000000000,0.16220000000000,0.77410000000000,27.1593,10770.1726,20.9293,20.7671,0.1622,0.3111,21.2301,8.7483,12.4818,-3.1356,10770.1726,NA
parkey.exe,25772,0x2D7110A5280,DXGI,1,0,0,Composed: Flip,10804.7820,NA,13.84230000000000,16.67520000000000,0.11840000000000,0.78430000000000,29.9922,10791.1019,13.7985,13.6801,0.1184,0.6119,13.8525,7.9316,5.9209,4.2541,10791.1019,NA
parkey.exe,25772,0x2D7110A5280,DXGI,1,0,0,Composed: Flip,10818.7418,NA,13.95980000000000,16.67210000000000,0.14780000000000,0.40230000000000,32.7045,10804.9004,13.9892,13.8414,0.1478,0.6659,13.5778,7.5400,6.0378,-2.8736,10804.9004,NA
parkey.exe,25772,0x2D7110A5280,DXGI,1,0,0,Composed: Flip,10839.5807,NA,20.83890000000000,16.67750000000000,0.14830000000000,0.64510000000000,28.5431,10818.8896,20.8394,20.6911,0.1483,0.4080,20.9282,8.5160,12.4122,-2.6883,10818.8896,NA
parkey.exe,25772,0x2D7110A5280,DXGI,1,0,0,Composed: Flip,10853.4102,NA,13.82950000000000,16.68560000000000,0.14250000000000,0.74670000000000,31.3992,10839.7290,13.8237,13.6812,0.1425,0.4968,13.9311,8.3358,5.5953,4.1538,10839.7290,NA
parkey.exe,25772,0x2D7110A5280,DXGI,1,0,0,Composed: Flip,10874.2443,NA,20.83410000000000,16.67500000000000,0.10730000000000,0.77130000000000,27.2401,10853.5527,20.7989,20.6916,0.1073,0.6042,20.8587,7.9676,12.8911,-2.8513,10853.5527,NA
parkey.exe,25772,0x2D7110A5280,DXGI,1,0,0,Composed: Flip,10888.1721,NA,13.92780000000000,16.68510000000000,0.11610000000000,0.75250000000000,29.9974,10874.3516,13.9366,13.8205,0.1161,0.6640,13.9090,7.9165,5.9925,4.1138,10874.3516,NA
parkey.exe,25772,0x2D7110A5280,DXGI,1,0,0,Composed: Flip,10902.0274,NA,13.85530000000000,16.67820000000000,0.11210000000000,0.76740000000000,32.8203,10888.2882,13.8513,13.7392,0.1121,0.6364,13.8702,7.9126,5.9576,-2.7416,10888.2882,NA
parkey.exe,25772,0x2D7110A5280,DXGI,1,0,0,Composed: Flip,10922.8799,NA,20.85250000000000,16.67750000000000,0.14610000000000,0.77650000000000,28.6453,10902.1395,20.8865,20.7404,0.1461,0.6553,20.8616,7.9495,12.9121,-2.8262,10902.1395,NA
parkey.exe,25772,0x2D7110A5280,DXGI,1,0,0,Composed: Flip,10936.7390,NA,13.85910000000000,16.68310000000000,0.10080000000000,0.75040000000000,31.4693,10923.0260,13.8138,13.7130,0.1008,0.6304,13.8330,7.9031,5.9299,4.2034,10923.0260,NA
parkey.exe,25772,0x2D7110A5280,DXGI,1,0,0,Composed: Flip,10957.6012,NA,20.86220000000000,16.68070000000000,0.11490000000000,0.75200000000000,27.2878,10936.8398,20.8763,20.7614,0.1149,0.6496,20.8638,7.9079,12.9559,-2.8669,10936.8398,NA
parkey.exe,25772,0x2D7110A5280,DXGI,1,0,0,Composed: Flip,10971.5081,NA,13.90690000000000,16.67820000000000,0.12500000000000,0.76720000000000,30.0591,10957.7161,13.9170,13.7920,0.1250,0.6371,13.9221,7.9248,5.9973,4.1981,10957.7161,NA
parkey.exe,25772,0x2D7110A5280,DXGI,1,0,0,Composed: Flip,10985.3720,NA,13.86390000000000,16.68040000000000,0.12940000000000,0.76500000000000,32.8756,10971.6331,13.8683,13.7389,0.1294,0.6422,13.8617,7.8998,5.9619,-2.7634,10971.6331,NA
parkey.exe,25772,0x2D7110A5280,DXGI,1,0,0,Composed: Flip,11006.2022,NA,20.83020000000000,16.67880000000000,0.10600000000000,0.76850000000000,28.7242,10985.5014,20.8068,20.7008,0.1060,0.6356,20.8337,7.9195,12.9142,-2.8105,10985.5014,NA
parkey.exe,25772,0x2D7110A5280,DXGI,1,0,0,Composed: Flip,11020.0932,NA,13.89100000000000,16.68670000000000,0.10190000000000,0.76840000000000,31.5199,11006.3082,13.8869,13.7850,0.1019,0.6625,13.8909,7.9088,5.9821,4.1201,11006.3082,NA
parkey.exe,25772,0x2D7110A5280,DXGI,1,0,0,Composed: Flip,11040.9670,NA,20.87380000000000,16.67180000000000,0.13530000000000,0.78270000000000,27.3179,11020.1951,20.9072,20.7719,0.1353,0.6665,20.8881,7.9255,12.9626,-2.7849,11020.1951,NA
parkey.exe,25772,0x2D7110A5280,DXGI,1,0,0,Composed: Flip,11054.8660,NA,13.89900000000000,16.68640000000000,0.16520000000000,0.88180000000000,30.1053,11041.1023,13.9289,13.7637,0.1652,0.6474,13.9981,7.9207,6.0774,4.2208,11041.1023,NA
parkey.exe,25772,0x2D7110A5280,DXGI,1,0,0,Composed: Flip,11068.7155,NA,13.84950000000000,16.67720000000000,0.10570000000000,0.74450000000000,32.9330,11055.0312,13.7900,13.6843,0.1057,0.7166,13.7122,7.9223,5.7899,-2.7483,11055.0312,NA
parkey.exe,25772,0x2D7110A5280,DXGI,1,0,0,Composed: Flip,11089.5735,NA,20.85800000000000,16.69370000000000,0.11610000000000,0.76630000000000,28.7687,11068.8212,20.8684,20.7523,0.1161,0.6388,20.8798,7.9232,12.9566,-2.9037,11068.8212,NA
parkey.exe,25772,0x2D7110A5280,DXGI,1,0,0,Composed: Flip,11103.4488,NA,13.87530000000000,16.67210000000000,0.11220000000000,0.76840000000000,31.5655,11089.6896,13.8714,13.7592,0.1122,0.6502,13.8774,7.9204,5.9570,4.1963,11089.6896,NA
parkey.exe,25772,0x2D7110A5280,DXGI,1,0,0,Composed: Flip,11124.2863,NA,20.83750000000000,16.67150000000000,0.10710000000000,0.77730000000000,27.3995,11103.5610,20.8324,20.7253,0.1071,0.6562,20.8464,7.9445,12.9019,-2.8001,11103.5610,NA
parkey.exe,25772,0x2D7110A5280,DXGI,1,0,0,Composed: Flip,11138.1473,NA,13.86100000000000,16.67980000000000,0.08470000000000,0.79570000000000,30.2183,11124.3934,13.8386,13.7539,0.0847,0.6702,13.8794,7.9420,5.9374,4.1526,11124.3934,NA
parkey.exe,25772,0x2D7110A5280,DXGI,1,0,0,Composed: Flip,11152.0522,NA,13.90490000000000,16.68770000000000,0.10600000000000,0.74470000000000,33.0011,11138.2320,13.9262,13.8202,0.1060,0.7110,13.8539,7.8983,5.9556,-2.8491,11138.2320,NA
parkey.exe,25772,0x2D7110A5280,DXGI,1,0,0,Composed: Flip,11172.8941,NA,20.84190000000000,16.67040000000000,0.12980000000000,0.77170000000000,28.8296,11152.1582,20.8657,20.7359,0.1298,0.6387,20.8689,7.9067,12.9622,-2.7442,11152.1582,NA
parkey.exe,25772,0x2D7110A5280,DXGI,1,0,0,Composed: Flip,11186.7835,NA,13.88940000000000,16.68300000000000,0.09100000000000,0.76450000000000,31.6232,11173.0239,13.8506,13.7596,0.0910,0.6419,13.8822,7.9078,5.9744,4.1827,11173.0239,NA
parkey.exe,25772,0x2D7110A5280,DXGI,1,0,0,Composed: Flip,11207.6160,NA,20.83250000000000,16.68290000000000,0.10630000000000,0.76850000000000,27.4736,11186.8745,20.8478,20.7415,0.1063,0.6735,20.8365,7.8949,12.9416,-2.8323,11186.8745,NA
parkey.exe,25772,0x2D7110A5280,DXGI,1,0,0,Composed: Flip,11221.5529,NA,13.93690000000000,16.68020000000000,0.11690000000000,0.40600000000000,30.2169,11207.7223,13.9475,13.8306,0.1169,0.6622,13.5744,8.8418,4.7326,4.1676,11207.7223,NA
parkey.exe,25772,0x2D7110A5280,DXGI,1,0,0,Composed: Flip,11235.4666,NA,13.91370000000000,16.68140000000000,0.12860000000000,0.75140000000000,32.9846,11221.6698,13.9254,13.7968,0.1286,0.4396,14.1086,8.8908,5.2178,-2.7339,11221.6698,NA
parkey.exe,25772,0x2D7110A5280,DXGI,1,0,0,Composed: Flip,11256.2398,NA,20.77320000000000,16.67700000000000,0.09500000000000,0.75050000000000,28.8884,11235.5952,20.7396,20.6446,0.0950,0.6228,20.7723,7.9125,12.8598,-2.7516,11235.5952,NA
parkey.exe,25772,0x2D7110A5280,DXGI,1,0,0,Composed: Flip,11270.1394,NA,13.89960000000000,16.67880000000000,0.10700000000000,0.74660000000000,31.6676,11256.3348,13.9116,13.8046,0.1070,0.6555,13.8957,7.8944,6.0013,4.0608,11256.3348,NA
parkey.exe,25772,0x2D7110A5280,DXGI,1,0,0,Composed: Flip,11290.9969,NA,20.85750000000000,16.68630000000000,0.13330000000000,0.76390000000000,27.4964,11270.2464,20.8838,20.7505,0.1333,0.6396,20.8748,7.8990,12.9758,-2.7747,11270.2464,NA
parkey.exe,25772,0x2D7110A5280,DXGI,1,0,0,Composed: Flip,11304.8646,NA,13.86770000000000,16.67890000000000,0.09380000000000,0.76760000000000,30.3076,11291.1302,13.8282,13.7344,0.0938,0.6306,13.8714,7.9378,5.9336,4.2049,11291.1302,NA
parkey.exe,25772,0x2D7110A5280,DXGI,1,0,0,Composed: Flip,11318.7783,NA,13.91370000000000,16.68440000000000,0.11810000000000,0.77580000000000,33.0783,11304.9584,13.9380,13.8199,0.1181,0.6738,13.9219,7.9402,5.9817,-2.8562,11304.9584,NA
parkey.exe,25772,0x2D7110A5280,DXGI,1,0,0,Composed: Flip,11339.6094,NA,20.83110000000000,16.66830000000000,0.11590000000000,0.76890000000000,28.9155,11318.8964,20.8289,20.7130,0.1159,0.6577,20.8242,7.8947,12.9295,-2.7303,11318.8964,NA
parkey.exe,25772,0x2D7110A5280,DXGI,1,0,0,Composed: Flip,11353.4862,NA,13.87680000000000,16.69490000000000,0.13140000000000,0.74970000000000,31.7336,11339.7253,13.8923,13.7609,0.1314,0.6530,13.8576,7.8965,5.9611,4.1340,11339.7253,NA
parkey.exe,25772,0x2D7110A5280,DXGI,1,0,0,Composed: Flip,11374.3145,NA,20.82830000000000,16.68120000000000,0.16780000000000,0.77110000000000,27.5865,11353.6176,20.8647,20.6969,0.1678,0.6183,20.8497,7.9279,12.9218,-2.7889,11353.6176,NA
parkey.exe,25772,0x2D7110A5280,DXGI,1,0,0,Composed: Flip,11388.2784,NA,13.96390000000000,16.67440000000000,0.14510000000000,0.76500000000000,30.2970,11374.4823,13.9412,13.7961,0.1451,0.6033,13.9578,7.9276,6.0302,4.1903,11374.4823,NA
parkey.exe,25772,0x2D7110A5280,DXGI,1,0,0,Composed: Flip,11402.4796,NA,14.20120000000000,16.67770000000000,0.15520000000000,0.76470000000000,32.7735,11388.4235,14.2113,14.0561,0.1552,0.6199,14.2009,8.3807,5.8202,-2.7365,11388.4235,NA
parkey.exe,25772,0x2D7110A5280,DXGI,1,0,0,Composed: Flip,11423.0376,NA,20.55800000000000,16.68120000000000,0.16080000000000,0.41330000000000,28.8967,11402.6348,20.5636,20.4028,0.1608,0.6095,20.2066,7.5880,12.6186,-2.4699,11402.6348,NA
parkey.exe,25772,0x2D7110A5280,DXGI,1,0,0,Composed: Flip,11436.8817,NA,13.84410000000000,16.67920000000000,0.10280000000000,0.60400000000000,31.7318,11423.1984,13.7861,13.6833,0.1028,0.2979,13.9894,8.9854,5.0040,3.8844,11423.1984,NA
parkey.exe,25772,0x2D7110A5280,DXGI,1,0,0,Composed: Flip,11457.6845,NA,20.80280000000000,16.69270000000000,0.11490000000000,0.74810000000000,27.6217,11436.9845,20.8149,20.7000,0.1149,0.5012,20.9469,8.3551,12.5918,-2.9066,11436.9845,NA
parkey.exe,25772,0x2D7110A5280,DXGI,1,0,0,Composed: Flip,11471.5958,NA,13.91130000000000,16.67400000000000,0.12550000000000,0.75180000000000,30.3844,11457.7994,13.9219,13.7964,0.1255,0.6332,13.9150,7.9391,5.9759,4.1409,11457.7994,NA
parkey.exe,25772,0x2D7110A5280,DXGI,1,0,0,Composed: Flip,11485.6080,NA,14.01220000000000,16.67550000000000,0.20480000000000,0.40410000000000,33.0477,11471.7213,14.0915,13.8867,0.2048,0.6263,13.6645,7.5354,6.1291,-2.7536,11471.7213,NA
parkey.exe,25772,0x2D7110A5280,DXGI,1,0,0,Composed: Flip,11506.3666,NA,20.75860000000000,8.34520000000000,0.14710000000000,0.79320000000000,20.6343,11485.8128,20.7009,20.5538,0.1471,0.2511,21.0959,8.7398,12.3561,5.7463,11485.8128,NA
parkey.exe,25772,0x2D7110A5280,DXGI,1,0,0,Composed: Flip,11520.2087,NA,13.84210000000000,25.01180000000000,0.11170000000000,0.42010000000000,31.8040,11506.5137,13.8067,13.6950,0.1117,0.6461,13.4690,9.0285,4.4405,-4.3109,11506.5137,NA
parkey.exe,25772,0x2D7110A5280,DXGI,1,0,0,Composed: Flip,11541.0487,NA,20.84000000000000,16.69350000000000,0.14480000000000,0.77540000000000,27.6575,11520.3204,20.8731,20.7283,0.1448,0.3361,21.1676,8.9719,12.1957,-2.8868,11520.3204,NA
parkey.exe,25772,0x2D7110A5280,DXGI,1,0,0,Composed: Flip,11555.1236,NA,14.07490000000000,16.66720000000000,0.20640000000000,0.39220000000000,30.2498,11541.1935,14.1365,13.9301,0.2064,0.6306,13.6917,7.6193,6.0724,4.2059,11541.1935,NA
parkey.exe,25772,0x2D7110A5280,DXGI,1,0,0,Composed: Flip,11568.8622,NA,13.73860000000000,16.68720000000000,0.13520000000000,0.80560000000000,33.1984,11555.3300,13.6674,13.5322,0.1352,0.2378,14.1000,8.8246,5.2754,-2.5507,11555.3300,NA
parkey.exe,25772,0x2D7110A5280,DXGI,1,0,0,Composed: Flip,11589.6942,NA,20.83200000000000,16.67820000000000,0.13980000000000,0.62230000000000,29.0446,11568.9974,20.8366,20.6968,0.1398,0.6704,20.6487,8.1504,12.4983,-3.0108,11568.9974,NA
parkey.exe,25772,0x2D7110A5280,DXGI,1,0,0,Composed: Flip,11603.5194,NA,13.82520000000000,16.68140000000000,0.12050000000000,0.76900000000000,31.9008,11589.8340,13.8059,13.6854,0.1205,0.4825,13.9719,8.3992,5.5727,4.1552,11589.8340,NA
parkey.exe,25772,0x2D7110A5280,DXGI,1,0,0,Composed: Flip,11624.4169,NA,20.89750000000000,16.68570000000000,0.12980000000000,0.77380000000000,27.6890,11603.6399,20.9068,20.7770,0.1298,0.6485,20.9023,7.9125,12.9898,-2.8798,11603.6399,NA
parkey.exe,25772,0x2D7110A5280,DXGI,1,0,0,Composed: Flip,11638.2745,NA,13.85760000000000,16.66800000000000,0.11890000000000,0.78470000000000,30.4994,11624.5467,13.8467,13.7278,0.1189,0.6440,13.8685,7.9290,5.9395,4.2388,11624.5467,NA
parkey.exe,25772,0x2D7110A5280,DXGI,1,0,0,Composed: Flip,11652.1581,NA,13.88360000000000,16.68120000000000,0.11140000000000,0.76350000000000,33.2970,11638.3934,13.8761,13.7647,0.1114,0.6658,13.8624,7.9196,5.9428,-2.8345,11638.3934,NA
parkey.exe,25772,0x2D7110A5280,DXGI,1,0,0,Composed: Flip,11673.0465,NA,20.88840000000000,16.67970000000000,0.17050000000000,0.61920000000000,29.0883,11652.2695,20.9475,20.7770,0.1705,0.6521,20.7441,7.7516,12.9925,-2.8036,11652.2695,NA
parkey.exe,25772,0x2D7110A5280,DXGI,1,0,0,Composed: Flip,11686.8777,NA,13.83120000000000,16.68090000000000,0.10850000000000,0.76010000000000,31.9380,11673.2170,13.7692,13.6607,0.1085,0.4487,13.9721,8.3367,5.6354,4.2666,11673.2170,NA
parkey.exe,25772,0x2D7110A5280,DXGI,1,0,0,Composed: Flip,11707.7261,NA,20.84840000000000,16.67360000000000,0.11470000000000,0.76280000000000,27.7632,11686.9862,20.8546,20.7399,0.1147,0.6516,20.8511,7.9381,12.9130,-2.9044,11686.9862,NA
parkey.exe,25772,0x2D7110A5280,DXGI,1,0,0,Composed: Flip,11721.6071,NA,13.88100000000000,16.69120000000000,0.10650000000000,0.77070000000000,30.5734,11707.8408,13.8728,13.7663,0.1065,0.6481,13.8889,7.9711,5.9178,4.1634,11707.8408,NA
parkey.exe,25772,0x2D7110A5280,DXGI,1,0,0,Composed: Flip,11735.5035,NA,13.89640000000000,16.67610000000000,0.11290000000000,0.75350000000000,33.3531,11721.7136,13.9028,13.7899,0.1129,0.6642,13.8792,7.9059,5.9733,-2.8033,11721.7136,NA
parkey.exe,25772,0x2D7110A5280,DXGI,1,0,0,Composed: Flip,11756.4068,NA,20.90330000000000,16.67870000000000,0.12340000000000,0.75300000000000,29.1285,11735.6164,20.9138,20.7904,0.1234,0.6406,20.9028,8.6341,12.2687,-2.7759,11735.6164,NA
parkey.exe,25772,0x2D7110A5280,DXGI,1,0,0,Composed: Flip,11770.2076,NA,13.80080000000000,16.68120000000000,0.08930000000000,0.77900000000000,32.0089,11756.5302,13.7667,13.6774,0.0893,0.6296,13.8268,7.9248,5.9020,4.2326,11756.5302,NA
parkey.exe,25772,0x2D7110A5280,DXGI,1,0,0,Composed: Flip,11791.1273,NA,20.91970000000000,16.66230000000000,0.15080000000000,0.77930000000000,27.7515,11770.2969,20.9812,20.8304,0.1508,0.6897,20.9200,8.5854,12.3346,-2.8956,11770.2969,NA
parkey.exe,25772,0x2D7110A5280,DXGI,1,0,0,Composed: Flip,11804.9823,NA,13.85500000000000,16.71070000000000,0.10790000000000,0.29310000000000,30.6072,11791.2781,13.8121,13.7042,0.1079,0.6285,13.3688,7.4468,5.9220,4.2705,11791.2781,NA
parkey.exe,25772,0x2D7110A5280,DXGI,1,0,0,Composed: Flip,11818.8302,NA,13.84790000000000,16.67410000000000,0.10410000000000,0.75720000000000,33.4334,11805.0902,13.8441,13.7400,0.1041,0.2461,14.2511,8.8535,5.3976,-2.8620,11805.0902,NA
parkey.exe,25772,0x2D7110A5280,DXGI,1,0,0,Composed: Flip,11839.7202,NA,20.89000000000000,16.67580000000000,0.12090000000000,0.77050000000000,29.2192,11818.9343,20.9068,20.7859,0.1209,0.6531,20.9033,7.9372,12.9661,-2.8317,11818.9343,NA
parkey.exe,25772,0x2D7110A5280,DXGI,1,0,0,Composed: Flip,11853.5954,NA,13.87520000000000,16.68460000000000,0.14350000000000,0.77590000000000,32.0286,11839.8411,13.8978,13.7543,0.1435,0.6496,13.8806,7.9283,5.9523,4.2222,11839.8411,NA
parkey.exe,25772,0x2D7110A5280,DXGI,1,0,0,Composed: Flip,11874.4493,NA,20.85390000000000,16.67660000000000,0.12310000000000,0.74820000000000,27.8513,11853.7389,20.8335,20.7104,0.1231,0.6324,20.8262,8.3107,12.5155,-2.7788,11853.7389,NA
parkey.exe,25772,0x2D7110A5280,DXGI,1,0,0,Composed: Flip,11888.3424,NA,13.89310000000000,16.69070000000000,0.12330000000000,0.75370000000000,30.6489,11874.5724,13.8933,13.7700,0.1233,0.6251,13.8986,7.9229,5.9757,4.1428,11874.5724,NA
parkey.exe,25772,0x2D7110A5280,DXGI,1,0,0,Composed: Flip,11902.1984,NA,13.85600000000000,16.67240000000000,0.14630000000000,0.77120000000000,33.4653,11888.4657,13.8790,13.7327,0.1463,0.6304,13.8735,7.9243,5.9492,-2.7791,11888.4657,NA
parkey.exe,25772,0x2D7110A5280,DXGI,1,0,0,Composed: Flip,11923.1652,NA,20.96680000000000,8.15000000000000,0.19400000000000,0.84310000000000,20.6485,11902.3447,21.0145,20.8205,0.1940,0.6249,21.0387,8.0106,13.0281,5.7290,11902.3447,NA
parkey.exe,25772,0x2D7110A5280,DXGI,1,0,0,Composed: Flip,11936.9852,NA,13.82000000000000,25.20540000000000,0.13240000000000,0.76620000000000,32.0339,11923.3592,13.7584,13.6260,0.1324,0.6491,13.7431,9.7490,3.9941,-4.1909,11923.3592,NA
parkey.exe,25772,0x2D7110A5280,DXGI,1,0,0,Composed: Flip,11957.8569,NA,20.87170000000000,16.69600000000000,0.18790000000000,0.40600000000000,27.8582,11937.1176,20.9272,20.7393,0.1879,0.6338,20.5115,8.9480,11.5635,-2.9376,11937.1176,NA
parkey.exe,25772,0x2D7110A5280,DXGI,1,0,0,Composed: Flip,11971.6565,NA,13.79960000000000,16.66850000000000,0.15250000000000,0.75200000000000,30.7271,11958.0448,13.7642,13.6117,0.1525,0.5688,13.7949,8.6011,5.1938,4.2587,11958.0448,NA
parkey.exe,25772,0x2D7110A5280,DXGI,1,0,0,Composed: Flip,11985.6328,NA,13.97630000000000,16.67960000000000,0.17860000000000,0.42090000000000,33.4304,11971.8090,14.0024,13.8238,0.1786,0.5995,13.6452,7.6011,6.0441,-2.9154,11971.8090,NA
parkey.exe,25772,0x2D7110A5280,DXGI,1,0,0,Composed: Flip,12006.4840,NA,20.85120000000000,16.68020000000000,0.16680000000000,0.77960000000000,29.2594,11985.8114,20.8394,20.6726,0.1668,0.5522,20.9000,8.6199,12.2801,-2.6778,11985.8114,NA
parkey.exe,25772,0x2D7110A5280,DXGI,1,0,0,Composed: Flip,12020.3018,NA,13.81780000000000,16.67860000000000,0.12430000000000,0.78460000000000,32.1202,12006.6508,13.7753,13.6510,0.1243,0.6128,13.8228,8.4217,5.4011,4.1608,12006.6508,NA
parkey.exe,25772,0x2D7110A5280,DXGI,1,0,0,Composed: Flip,12041.1752,NA,20.87340000000000,16.69680000000000,0.17450000000000,0.63430000000000,27.9436,12020.4261,20.9236,20.7491,0.1745,0.6603,20.7231,8.2597,12.4634,-2.9215,12020.4261,NA
parkey.exe,25772,0x2D7110A5280,DXGI,1,0,0,Composed: Flip,12055.0027,NA,13.82750000000000,16.66330000000000,0.10820000000000,0.77450000000000,30.7794,12041.3497,13.7612,13.6530,0.1082,0.4598,13.9677,8.3694,5.5983,4.2603,12041.3497,NA
parkey.exe,25772,0x2D7110A5280,DXGI,1,0,0,Composed: Flip,12068.9955,NA,13.99280000000000,16.68540000000000,0.20570000000000,0.40440000000000,33.4720,12055.1109,14.0903,13.8846,0.2057,0.6663,13.6227,7.5479,6.0748,-2.9242,12055.1109,NA
parkey.exe,25772,0x2D7110A5280,DXGI,1,0,0,Composed: Flip,12089.8946,NA,20.89910000000000,16.67560000000000,0.14350000000000,0.74340000000000,29.2485,12069.2012,20.8369,20.6934,0.1435,0.5173,20.9195,8.6663,12.2532,-2.5853,12069.2012,NA
parkey.exe,25772,0x2D7110A5280,DXGI,1,0,0,Composed: Flip,12103.6165,NA,13.72190000000000,16.68270000000000,0.13330000000000,0.78030000000000,32.2093,12090.0381,13.7117,13.5784,0.1333,0.5999,13.7588,7.9281,5.8307,4.1542,12090.0381,NA
parkey.exe,25772,0x2D7110A5280,DXGI,1,0,0,Composed: Flip,12124.4726,NA,20.85610000000000,16.69480000000000,0.11230000000000,0.76400000000000,28.0480,12103.7498,20.8351,20.7228,0.1123,0.6470,20.8398,7.9234,12.9164,-2.9831,12103.7498,NA
parkey.exe,25772,0x2D7110A5280,DXGI,1,0,0,Composed: Flip,12138.4348,NA,13.96220000000000,16.66620000000000,0.15290000000000,0.80320000000000,30.7520,12124.5849,14.0028,13.8499,0.1529,0.6517,14.0014,7.9572,6.0442,4.1689,12124.5849,NA
parkey.exe,25772,0x2D7110A5280,DXGI,1,0,0,Composed: Flip,12152.3466,NA,13.91180000000000,16.67720000000000,0.17680000000000,0.39430000000000,33.5174,12138.5877,13.9357,13.7589,0.1768,0.6503,13.5029,7.9239,5.5790,-2.6744,12138.5877,NA
parkey.exe,25772,0x2D7110A5280,DXGI,1,0,0,Composed: Flip,12173.2478,NA,20.90120000000000,16.68060000000000,0.16160000000000,0.76710000000000,29.2968,12152.5234,20.8860,20.7244,0.1616,0.2553,21.2362,8.8417,12.3945,-2.7449,12152.5234,NA
parkey.exe,25772,0x2D7110A5280,DXGI,1,0,0,Composed: Flip,12187.0287,NA,13.78090000000000,16.68430000000000,0.14720000000000,0.80460000000000,32.2002,12173.4094,13.7665,13.6193,0.1472,0.6055,13.8184,7.9542,5.8642,4.2017,12173.4094,NA
parkey.exe,25772,0x2D7110A5280,DXGI,1,0,0,Composed: Flip,12207.9015,NA,20.87280000000000,16.67640000000000,0.15140000000000,0.40660000000000,28.0038,12187.1759,20.8770,20.7256,0.1514,0.6574,20.4748,7.9807,12.4941,-2.9099,12187.1759,NA
parkey.exe,25772,0x2D7110A5280,DXGI,1,0,0,Composed: Flip,12221.7055,NA,13.80400000000000,16.68150000000000,0.11230000000000,0.78090000000000,30.8813,12208.0529,13.7649,13.6526,0.1123,0.6222,13.8113,8.3587,5.4526,4.1955,12208.0529,NA
parkey.exe,25772,0x2D7110A5280,DXGI,1,0,0,Composed: Flip,12235.6551,NA,13.94960000000000,16.67770000000000,0.15690000000000,0.37860000000000,33.6094,12221.8178,13.9942,13.8373,0.1569,0.6686,13.5473,7.5389,6.0084,-2.9128,12221.8178,NA
parkey.exe,25772,0x2D7110A5280,DXGI,1,0,0,Composed: Flip,12256.6001,NA,20.94500000000000,16.71310000000000,0.14540000000000,0.75050000000000,29.3775,12235.8120,20.9335,20.7881,0.1454,0.2703,21.2683,8.8232,12.4451,-2.7189,12235.8120,NA
parkey.exe,25772,0x2D7110A5280,DXGI,1,0,0,Composed: Flip,12270.3363,NA,13.73620000000000,16.64790000000000,0.11800000000000,0.74930000000000,32.2892,12256.7455,13.7088,13.5908,0.1180,0.6051,13.7350,7.9107,5.8243,4.2856,12256.7455,NA
parkey.exe,25772,0x2D7110A5280,DXGI,1,0,0,Composed: Flip,12291.2417,NA,20.90540000000000,16.68010000000000,0.18250000000000,0.77700000000000,28.0639,12270.4543,20.9699,20.7874,0.1825,0.6313,20.9331,7.9345,12.9986,-2.9713,12270.4543,NA
parkey.exe,25772,0x2D7110A5280,DXGI,1,0,0,Composed: Flip,12305.0502,NA,13.80850000000000,16.67760000000000,0.11830000000000,0.76620000000000,30.9330,12291.4242,13.7443,13.6260,0.1183,0.5945,13.7977,7.9215,5.8762,4.2923,12291.4242,NA
parkey.exe,25772,0x2D7110A5280,DXGI,1,0,0,Composed: Flip,12318.9469,NA,13.89670000000000,16.70370000000000,0.11600000000000,0.76940000000000,33.7400,12305.1685,13.8944,13.7784,0.1160,0.6479,13.8999,7.9341,5.9658,-2.9594,12305.1685,NA
parkey.exe,25772,0x2D7110A5280,DXGI,1,0,0,Composed: Flip,12339.7742,NA,20.82730000000000,16.65640000000000,0.10320000000000,0.77120000000000,29.5691,12319.0629,20.8145,20.7113,0.1032,0.6534,20.8291,7.9106,12.9185,-2.7620,12319.0629,NA
parkey.exe,25772,0x2D7110A5280,DXGI,1,0,0,Composed: Flip,12353.8677,NA,14.09350000000000,16.68100000000000,0.16370000000000,0.29710000000000,32.1566,12339.8774,14.1540,13.9903,0.1637,0.6680,13.6194,7.4351,6.1843,4.1335,12339.8774,NA
parkey.exe,25772,0x2D7110A5280,DXGI,1,0,0,Composed: Flip,12374.5240,NA,20.65630000000000,16.69330000000000,0.12240000000000,0.77380000000000,28.1936,12354.0314,20.6150,20.4926,0.1224,0.1651,21.1013,9.0300,12.0713,-2.5393,12354.0314,NA
parkey.exe,25772,0x2D7110A5280,DXGI,1,0,0,Composed: Flip,12388.4061,NA,13.88210000000000,16.67270000000000,0.11000000000000,0.75770000000000,30.9842,12374.6464,13.8697,13.7597,0.1100,0.6514,13.8660,7.9223,5.9437,3.9423,12374.6464,NA
parkey.exe,25772,0x2D7110A5280,DXGI,1,0,0,Composed: Flip,12402.3695,NA,13.96340000000000,16.67640000000000,0.15170000000000,0.81450000000000,33.6972,12388.5161,14.0051,13.8534,0.1517,0.6477,14.0202,7.9628,6.0574,-2.8067,12388.5161,NA
parkey.exe,25772,0x2D7110A5280,DXGI,1,0,0,Composed: Flip,12423.2831,NA,20.91360000000000,16.68560000000000,0.16410000000000,0.78020000000000,29.4692,12402.5212,20.9260,20.7619,0.1641,0.6628,20.8793,8.3882,12.4911,-2.6805,12402.5212,NA
parkey.exe,25772,0x2D7110A5280,DXGI,1,0,0,Composed: Flip,12437.0210,NA,13.73790000000000,16.67440000000000,0.10460000000000,0.75650000000000,32.4057,12423.4472,13.6784,13.5738,0.1046,0.6161,13.7142,7.9167,5.7975,4.2516,12423.4472,NA
parkey.exe,25772,0x2D7110A5280,DXGI,1,0,0,Composed: Flip,12457.8611,NA,20.84010000000000,16.71450000000000,0.11240000000000,0.77790000000000,28.2801,12437.1256,20.8479,20.7355,0.1124,0.6519,20.8615,7.9215,12.9400,-3.0361,12437.1256,NA
parkey.exe,25772,0x2D7110A5280,DXGI,1,0,0,Composed: Flip,12471.7281,NA,13.86700000000000,16.65240000000000,0.11380000000000,0.74670000000000,31.0655,12457.9735,13.8684,13.7546,0.1138,0.6655,13.8358,7.9181,5.9177,4.1955,12457.9735,NA
parkey.exe,25772,0x2D7110A5280,DXGI,1,0,0,Composed: Flip,12485.6348,NA,13.90670000000000,16.67070000000000,0.16710000000000,0.80780000000000,33.8295,12471.8419,13.9600,13.7929,0.1671,0.6329,13.9678,7.9738,5.9940,-2.8023,12471.8419,NA
parkey.exe,25772,0x2D7110A5280,DXGI,1,0,0,Composed: Flip,12506.4966,NA,20.86180000000000,16.67740000000000,0.11240000000000,0.77490000000000,29.6451,12485.8019,20.8071,20.6947,0.1124,0.6407,20.8289,7.9175,12.9114,-2.7174,12485.8019,NA
parkey.exe,25772,0x2D7110A5280,DXGI,1,0,0,Composed: Flip,12520.3630,NA,13.86640000000000,16.68640000000000,0.11400000000000,0.77910000000000,32.4651,12506.6090,13.8680,13.7540,0.1140,0.6625,13.8706,7.9758,5.8948,4.1207,12506.6090,NA
parkey.exe,25772,0x2D7110A5280,DXGI,1,0,0,Composed: Flip,12541.2622,NA,20.89920000000000,16.67720000000000,0.13350000000000,0.42070000000000,28.2431,12520.4770,20.9187,20.7852,0.1335,0.6651,20.5408,8.9269,11.6139,-2.8092,12520.4770,NA
parkey.exe,25772,0x2D7110A5280,DXGI,1,0,0,Composed: Flip,12555.0887,NA,13.82650000000000,16.68260000000000,0.10860000000000,0.77070000000000,31.0992,12541.3957,13.8016,13.6930,0.1086,0.3201,14.1436,8.7970,5.3466,4.2361,12541.3957,NA
parkey.exe,25772,0x2D7110A5280,DXGI,1,0,0,Composed: Flip,12568.9828,NA,13.89410000000000,16.68120000000000,0.10880000000000,0.77630000000000,33.8863,12555.1973,13.8943,13.7855,0.1088,0.6621,13.8997,7.9550,5.9447,-2.8796,12555.1973,NA
parkey.exe,25772,0x2D7110A5280,DXGI,1,0,0,Composed: Flip,12589.8132,NA,20.83040000000000,16.67730000000000,0.10840000000000,0.76540000000000,29.7332,12569.0916,20.8300,20.7216,0.1084,0.6675,20.8195,7.9701,12.8494,-2.7830,12569.0916,NA
parkey.exe,25772,0x2D7110A5280,DXGI,1,0,0,Composed: Flip,12603.7005,NA,13.88730000000000,16.71190000000000,0.13210000000000,0.76910000000000,32.5578,12589.9216,13.9110,13.7789,0.1321,0.6570,13.8910,7.9343,5.9567,4.1181,12589.9216,NA
parkey.exe,25772,0x2D7110A5280,DXGI,1,0,0,Composed: Flip,12624.5258,NA,20.82530000000000,16.65750000000000,0.08450000000000,0.77230000000000,28.3900,12603.8326,20.7777,20.6932,0.0845,0.6370,20.8285,7.8923,12.9362,-2.7465,12603.8326,NA
parkey.exe,25772,0x2D7110A5280,DXGI,1,0,0,Composed: Flip,12638.5502,NA,14.02440000000000,16.67190000000000,0.16460000000000,0.41460000000000,31.0375,12624.6103,14.1045,13.9399,0.1646,0.6878,13.6667,7.6074,6.0593,4.1058,12624.6103,NA
parkey.exe,25772,0x2D7110A5280,DXGI,1,0,0,Composed: Flip,12659.4253,NA,20.87510000000000,16.68330000000000,0.14680000000000,0.77810000000000,26.8457,12638.7148,20.8573,20.7105,0.1468,0.2834,21.2052,9.2628,11.9424,-2.5788,12638.7148,NA
parkey.exe,25772,0x2D7110A5280,DXGI,1,0,0,Composed: Flip,12673.2223,NA,13.79700000000000,16.69180000000000,0.16700000000000,0.38410000000000,29.7405,12659.5721,13.8172,13.6502,0.1670,0.6313,13.4030,8.8480,4.5550,4.1655,12659.5721,NA
parkey.exe,25772,0x2D7110A5280,DXGI,1,0,0,Composed: Flip,12687.1333,NA,13.91100000000000,16.68650000000000,0.20030000000000,0.75160000000000,32.5160,12673.3893,13.9443,13.7440,0.2003,0.2740,14.2216,9.1938,5.0278,-2.8693,12673.3893,NA
parkey.exe,25772,0x2D7110A5280,DXGI,1,0,0,Composed: Flip,12707.9346,NA,20.80130000000000,16.65500000000000,0.13240000000000,0.77370000000000,28.3697,12687.3336,20.7334,20.6010,0.1324,0.5513,20.8234,7.9487,12.8747,-2.7107,12687.3336,NA
parkey.exe,25772,0x2D7110A5280,DXGI,1,0,0,Composed: Flip,12721.7784,NA,13.84380000000000,16.68430000000000,0.10790000000000,0.77410000000000,31.2102,12708.0670,13.8193,13.7114,0.1079,0.6413,13.8442,7.9517,5.8925,4.0491,12708.0670,NA
parkey.exe,25772,0x2D7110A5280,DXGI,1,0,0,Composed: Flip,12742.6420,NA,20.86360000000000,16.68670000000000,0.14330000000000,0.77210000000000,27.0333,12721.8863,20.8990,20.7557,0.1433,0.6662,20.8616,7.9218,12.9398,-2.8674,12721.8863,NA
parkey.exe,25772,0x2D7110A5280,DXGI,1,0,0,Composed: Flip,12756.5301,NA,13.88810000000000,16.67400000000000,0.11850000000000,0.74580000000000,29.8192,12742.7853,13.8633,13.7448,0.1185,0.6288,13.8618,7.8986,5.9632,4.2250,12742.7853,NA
parkey.exe,25772,0x2D7110A5280,DXGI,1,0,0,Composed: Flip,12770.4148,NA,13.88470000000000,16.68170000000000,0.11160000000000,0.74140000000000,32.6162,12756.6486,13.8778,13.7662,0.1116,0.6273,13.8803,7.8778,6.0025,-2.8184,12756.6486,NA
parkey.exe,25772,0x2D7110A5280,DXGI,1,0,0,Composed: Flip,12791.2509,NA,20.83610000000000,16.68080000000000,0.11230000000000,0.75080000000000,28.4609,12770.5264,20.8368,20.7245,0.1123,0.6298,20.8455,7.8687,12.9768,-2.8030,12770.5264,NA
parkey.exe,25772,0x2D7110A5280,DXGI,1,0,0,Composed: Flip,12805.1381,NA,13.88720000000000,16.68680000000000,0.13540000000000,0.76890000000000,31.2605,12791.3632,13.9103,13.7749,0.1354,0.6385,13.9053,7.9194,5.9859,4.1500,12791.3632,NA
parkey.exe,25772,0x2D7110A5280,DXGI,1,0,0,Composed: Flip,12825.9908,NA,20.85270000000000,16.67870000000000,0.11530000000000,0.77670000000000,27.0865,12805.2735,20.8326,20.7173,0.1153,0.6335,20.8605,7.9153,12.9452,-2.7684,12805.2735,NA
parkey.exe,25772,0x2D7110A5280,DXGI,1,0,0,Composed: Flip,12839.9621,NA,13.97130000000000,16.67390000000000,0.17010000000000,0.79560000000000,29.7891,12826.1061,14.0261,13.8560,0.1701,0.6614,13.9902,7.9539,6.0363,4.1587,12826.1061,NA
parkey.exe,25772,0x2D7110A5280,DXGI,1,0,0,Composed: Flip,12853.8892,NA,13.92710000000000,16.68120000000000,0.19030000000000,0.40950000000000,32.5432,12840.1322,13.9473,13.7570,0.1903,0.6255,13.5410,7.9807,5.5603,-2.6551,12840.1322,NA
parkey.exe,25772,0x2D7110A5280,DXGI,1,0,0,Composed: Flip,12874.7520,NA,20.86280000000000,8.92330000000000,0.15300000000000,0.75010000000000,20.6037,12854.0795,20.8255,20.6725,0.1530,0.2830,21.1396,9.1370,12.0026,5.0240,12854.0795,NA
parkey.exe,25772,0x2D7110A5280,DXGI,1,0,0,Composed: Flip,12888.5224,NA,13.77040000000000,24.43450000000000,0.13450000000000,0.76110000000000,31.2678,12874.9050,13.7519,13.6174,0.1345,0.5971,13.7814,9.2848,4.4966,-3.6090,12874.9050,NA
parkey.exe,25772,0x2D7110A5280,DXGI,1,0,0,Composed: Flip,12909.3478,NA,20.82540000000000,16.68290000000000,0.29950000000000,0.77200000000000,27.1253,12888.6569,20.9904,20.6909,0.2995,0.6266,20.8363,9.2292,11.6071,-2.9310,12888.6569,NA
parkey.exe,25772,0x2D7110A5280,DXGI,1,0,0,Composed: Flip,12923.2246,NA,13.87680000000000,16.68260000000000,0.11780000000000,0.85720000000000,29.9311,12909.6473,13.6951,13.5773,0.1178,0.4725,13.9620,8.0311,5.9309,4.3078,12909.6473,NA
parkey.exe,25772,0x2D7110A5280,DXGI,1,0,0,Composed: Flip,12937.1487,NA,13.92410000000000,16.67850000000000,0.14240000000000,0.75140000000000,32.6855,12923.3424,13.9487,13.8063,0.1424,0.7394,13.8183,7.9227,5.8956,-2.9834,12923.3424,NA
parkey.exe,25772,0x2D7110A5280,DXGI,1,0,0,Composed: Flip,12957.9537,NA,20.80500000000000,16.70790000000000,0.11640000000000,0.77770000000000,28.5884,12937.2911,20.7790,20.6626,0.1164,0.6090,20.8313,7.9183,12.9130,-2.7592,12937.2911,NA
parkey.exe,25772,0x2D7110A5280,DXGI,1,0,0,Composed: Flip,12971.8469,NA,13.89320000000000,16.65350000000000,0.11780000000000,0.75060000000000,31.3487,12958.0701,13.8946,13.7768,0.1178,0.6613,13.8661,7.9191,5.9470,4.1255,12958.0701,NA
parkey.exe,25772,0x2D7110A5280,DXGI,1,0,0,Composed: Flip,12992.7458,NA,20.89890000000000,16.68500000000000,0.18390000000000,0.76370000000000,27.1348,12971.9647,20.9650,20.7811,0.1839,0.6328,20.9120,7.8976,13.0144,-2.7904,12971.9647,NA
parkey.exe,25772,0x2D7110A5280,DXGI,1,0,0,Composed: Flip,13006.6123,NA,13.86650000000000,16.67930000000000,0.13410000000000,0.79120000000000,29.9476,12992.9297,13.8167,13.6826,0.1341,0.5798,13.8940,8.3699,5.5241,4.2857,12992.9297,NA
parkey.exe,25772,0x2D7110A5280,DXGI,1,0,0,Composed: Flip,13020.4902,NA,13.87790000000000,16.67490000000000,0.13290000000000,0.62660000000000,32.7446,13006.7464,13.8767,13.7438,0.1329,0.6571,13.7133,8.1999,5.5134,-2.8582,13006.7464,NA
parkey.exe,25772,0x2D7110A5280,DXGI,1,0,0,Composed: Flip,13041.4023,NA,20.91210000000000,16.67510000000000,0.18370000000000,0.83320000000000,28.5076,13020.6231,20.9629,20.7792,0.1837,0.4937,21.1187,8.4780,12.6407,-2.7984,13020.6231,NA
parkey.exe,25772,0x2D7110A5280,DXGI,1,0,0,Composed: Flip,13055.1879,NA,13.78560000000000,16.69760000000000,0.14430000000000,0.76860000000000,31.4196,13041.5860,13.7462,13.6019,0.1443,0.6495,13.7210,8.3600,5.3610,4.2653,13041.5860,NA
parkey.exe,25772,0x2D7110A5280,DXGI,1,0,0,Composed: Flip,13076.1039,NA,20.91600000000000,16.66920000000000,0.14150000000000,0.75570000000000,27.1728,13055.3322,20.9132,20.7717,0.1415,0.6243,20.9031,7.8885,13.0146,-2.9230,13055.3322,NA
parkey.exe,25772,0x2D7110A5280,DXGI,1,0,0,Composed: Flip,13089.9956,NA,13.89170000000000,7.39440000000000,0.15440000000000,0.39610000000000,20.6755,13076.2454,13.9046,13.7502,0.1544,0.6142,13.5321,7.5542,5.9779,13.5188,13076.2454,NA
parkey.exe,25772,0x2D7110A5280,DXGI,1,0,0,Composed: Flip,13103.8663,NA,13.87070000000000,25.96390000000000,0.16920000000000,0.77920000000000,32.7687,13090.1500,13.8855,13.7163,0.1692,0.2915,14.2040,9.5212,4.6828,-12.0593,13090.1500,NA
parkey.exe,25772,0x2D7110A5280,DXGI,1,0,0,Composed: Flip,13124.6451,NA,20.77880000000000,16.67480000000000,0.13200000000000,0.77100000000000,28.6647,13104.0355,20.7416,20.6096,0.1320,0.6100,20.7706,9.2930,11.4776,-2.7893,13104.0355,NA
parkey.exe,25772,0x2D7110A5280,DXGI,1,0,0,Composed: Flip,13138.5612,NA,13.91610000000000,16.69530000000000,0.12630000000000,0.79180000000000,31.4439,13124.7771,13.9104,13.7841,0.1263,0.6390,13.9369,7.9696,5.9673,4.0463,13124.7771,NA
parkey.exe,25772,0x2D7110A5280,DXGI,1,0,0,Composed: Flip,13159.4232,NA,20.86200000000000,16.68180000000000,0.14470000000000,0.80810000000000,27.2637,13138.6875,20.8804,20.7357,0.1447,0.6655,20.8783,7.9681,12.9102,-2.7714,13138.6875,NA
parkey.exe,25772,0x2D7110A5280,DXGI,1,0,0,Composed: Flip,13173.2764,NA,13.85320000000000,16.66870000000000,0.12560000000000,0.75140000000000,30.0792,13159.5679,13.8341,13.7085,0.1256,0.6634,13.7965,7.9142,5.8823,4.2117,13159.5679,NA
parkey.exe,25772,0x2D7110A5280,DXGI,1,0,0,Composed: Flip,13187.1730,NA,13.89660000000000,16.68440000000000,0.13650000000000,0.73890000000000,32.8670,13173.4020,13.9075,13.7710,0.1365,0.6258,13.8841,7.8805,6.0036,-2.8503,13173.4020,NA
parkey.exe,25772,0x2D7110A5280,DXGI,1,0,0,Composed: Flip,13208.0135,NA,20.84050000000000,16.67590000000000,0.12090000000000,0.77260000000000,28.7024,13187.3095,20.8249,20.7040,0.1209,0.6024,20.8742,7.9224,12.9518,-2.7684,13187.3095,NA
parkey.exe,25772,0x2D7110A5280,DXGI,1,0,0,Composed: Flip,13221.9247,NA,13.91120000000000,16.68280000000000,0.13800000000000,0.79890000000000,31.4740,13208.1344,13.9283,13.7903,0.1380,0.6517,13.9375,7.9576,5.9799,4.1421,13208.1344,NA
parkey.exe,25772,0x2D7110A5280,DXGI,1,0,0,Composed: Flip,13242.7750,NA,20.85030000000000,16.68600000000000,0.16960000000000,0.79010000000000,27.3097,13222.0627,20.8819,20.7123,0.1696,0.6609,20.8415,8.3903,12.4512,-2.7577,13222.0627,NA
parkey.exe,25772,0x2D7110A5280,DXGI,1,0,0,Composed: Flip,13256.6722,NA,13.89720000000000,16.66750000000000,0.14980000000000,0.39150000000000,30.0800,13242.9446,13.8774,13.7276,0.1498,0.6205,13.4986,8.0191,5.4795,4.2144,13242.9446,NA
parkey.exe,25772,0x2D7110A5280,DXGI,1,0,0,Composed: Flip,13270.5015,NA,13.82930000000000,16.69240000000000,0.11440000000000,0.38190000000000,32.9431,13256.8220,13.7939,13.6795,0.1144,0.5359,13.5255,8.2565,5.2690,-2.8150,13256.8220,NA
parkey.exe,25772,0x2D7110A5280,DXGI,1,0,0,Composed: Flip,13291.3453,NA,20.84380000000000,16.67780000000000,0.10720000000000,0.77450000000000,28.7771,13270.6159,20.8366,20.7294,0.1072,0.4161,21.0878,8.6821,12.4057,-2.8839,13270.6159,NA
parkey.exe,25772,0x2D7110A5280,DXGI,1,0,0,Composed: Flip,13305.3024,NA,13.95710000000000,16.67340000000000,0.17950000000000,0.82990000000000,31.4934,13291.4525,14.0294,13.8499,0.1795,0.6673,14.0125,7.9980,6.0145,4.1632,13291.4525,NA
parkey.exe,25772,0x2D7110A5280,DXGI,1,0,0,Composed: Flip,13326.2630,NA,20.96060000000000,16.69070000000000,0.14390000000000,0.76810000000000,27.2235,13305.4819,20.9250,20.7811,0.1439,0.6504,20.8988,8.2874,12.6114,-2.6613,13305.4819,NA
parkey.exe,25772,0x2D7110A5280,DXGI,1,0,0,Composed: Flip,13339.9547,NA,13.69170000000000,16.67090000000000,0.11520000000000,0.76980000000000,30.2027,13326.4069,13.6630,13.5478,0.1152,0.6242,13.6934,7.9322,5.7612,4.2541,13326.4069,NA
parkey.exe,25772,0x2D7110A5280,DXGI,1,0,0,Composed: Flip,13353.9138,NA,13.95910000000000,16.68530000000000,0.16560000000000,0.38540000000000,32.9289,13340.0699,14.0095,13.8439,0.1656,0.6546,13.5747,7.5739,6.0008,-3.0223,13340.0699,NA
parkey.exe,25772,0x2D7110A5280,DXGI,1,0,0,Composed: Flip,13374.8204,NA,20.90660000000000,16.68320000000000,0.14670000000000,0.74780000000000,28.7055,13354.0794,20.8877,20.7410,0.1467,0.5611,20.9277,8.6419,12.2858,-2.6737,13354.0794,NA
parkey.exe,25772,0x2D7110A5280,DXGI,1,0,0,Composed: Flip,13388.5739,NA,13.75350000000000,16.68890000000000,0.11890000000000,0.74830000000000,31.6409,13374.9671,13.7257,13.6068,0.1189,0.6011,13.7540,7.8989,5.8551,4.1988,13374.9671,NA
parkey.exe,25772,0x2D7110A5280,DXGI,1,0,0,Composed: Flip,13409.4511,NA,20.87720000000000,16.66330000000000,0.13740000000000,0.76530000000000,27.4270,13388.6928,20.8957,20.7583,0.1374,0.6294,20.8942,7.9146,12.9796,-2.9376,13388.6928,NA
parkey.exe,25772,0x2D7110A5280,DXGI,1,0,0,Composed: Flip,13423.3958,NA,13.94470000000000,16.68760000000000,0.14060000000000,0.40050000000000,30.1699,13409.5885,13.9479,13.8073,0.1406,0.6279,13.5799,7.5481,6.0318,4.2081,13409.5885,NA
parkey.exe,25772,0x2D7110A5280,DXGI,1,0,0,Composed: Flip,13437.2105,NA,13.81470000000000,16.67850000000000,0.13660000000000,0.74830000000000,33.0337,13423.5364,13.8107,13.6741,0.1366,0.3234,14.0990,8.7945,5.3045,-2.7306,13423.5364,NA
parkey.exe,25772,0x2D7110A5280,DXGI,1,0,0,Composed: Flip,13458.1178,NA,20.90730000000000,8.54290000000000,0.15640000000000,0.78670000000000,20.6693,13437.3471,20.9271,20.7707,0.1564,0.6117,20.9457,7.9394,13.0063,5.2678,13437.3471,NA
parkey.exe,25772,0x2D7110A5280,DXGI,1,0,0,Composed: Flip,13471.9826,NA,13.86480000000000,24.82710000000000,0.12950000000000,0.76360000000000,31.6316,13458.2742,13.8379,13.7084,0.1295,0.6303,13.8417,9.2694,4.5723,-3.9000,13458.2742,NA
parkey.exe,25772,0x2D7110A5280,DXGI,1,0,0,Composed: Flip,13492.7838,NA,20.80120000000000,16.68000000000000,0.15880000000000,0.77510000000000,27.5104,13472.1121,20.8305,20.6717,0.1588,0.6341,20.8127,9.3456,11.4671,-2.8421,13472.1121,NA
parkey.exe,25772,0x2D7110A5280,DXGI,1,0,0,Composed: Flip,13506.7156,NA,13.93180000000000,7.06630000000000,0.15100000000000,0.79020000000000,20.6449,13492.9426,13.9240,13.7730,0.1510,0.6163,13.9469,8.3845,5.5624,13.7642,13492.9426,NA
parkey.exe,25772,0x2D7110A5280,DXGI,1,0,0,Composed: Flip,13520.6331,NA,13.91750000000000,26.28060000000000,0.14520000000000,0.41700000000000,33.0080,13506.8666,13.9117,13.7665,0.1452,0.6392,13.5443,8.0327,5.5116,-12.3566,13506.8666,NA
parkey.exe,25772,0x2D7110A5280,DXGI,1,0,0,Composed: Flip,13541.4274,NA,20.79430000000000,16.67730000000000,0.14540000000000,0.77280000000000,28.8910,13520.7783,20.7945,20.6491,0.1454,0.3013,21.1206,9.0835,12.0371,-2.7656,13520.7783,NA
parkey.exe,25772,0x2D7110A5280,DXGI,1,0,0,Composed: Flip,13555.2566,NA,13.82920000000000,16.68630000000000,0.12180000000000,0.77530000000000,31.7481,13541.5728,13.8056,13.6838,0.1218,0.6274,13.8317,7.9783,5.8534,4.1082,13541.5728,NA
parkey.exe,25772,0x2D7110A5280,DXGI,1,0,0,Composed: Flip,13576.1080,NA,20.85140000000000,16.67570000000000,0.11050000000000,0.76980000000000,27.5724,13555.3784,20.8401,20.7296,0.1105,0.6535,20.8459,7.9700,12.8759,-2.8701,13555.3784,NA
parkey.exe,25772,0x2D7110A5280,DXGI,1,0,0,Composed: Flip,13590.0378,NA,13.92980000000000,16.68420000000000,0.12310000000000,0.43700000000000,30.3268,13576.2185,13.9424,13.8193,0.1231,0.6593,13.5970,7.5993,5.9977,4.1559,13576.2185,NA
parkey.exe,25772,0x2D7110A5280,DXGI,1,0,0,Composed: Flip,13603.9441,NA,13.90630000000000,16.69070000000000,0.12540000000000,0.76740000000000,33.1112,13590.1609,13.9086,13.7832,0.1254,0.3845,14.1661,7.9102,6.2559,-2.7483,13590.1609,NA
parkey.exe,25772,0x2D7110A5280,DXGI,1,0,0,Composed: Flip,13624.8522,NA,20.90810000000000,8.42680000000000,0.19690000000000,0.40630000000000,20.6299,13604.0695,20.9796,20.7827,0.1969,0.6420,20.5470,7.5671,12.9799,5.4818,13604.0695,NA
parkey.exe,25772,0x2D7110A5280,DXGI,1,0,0,Composed: Flip,13638.6611,NA,13.80890000000000,24.92410000000000,0.12280000000000,0.78470000000000,31.7451,13625.0491,13.7348,13.6120,0.1228,0.5270,13.8697,9.0203,4.8494,-3.9445,13625.0491,NA
parkey.exe,25772,0x2D7110A5280,DXGI,1,0,0,Composed: Flip,13659.4768,NA,20.81570000000000,16.69540000000000,0.12820000000000,0.77550000000000,27.6248,13638.7839,20.8211,20.6929,0.1282,0.6619,20.8065,9.3064,11.5001,-2.9606,13638.7839,NA
parkey.exe,25772,0x2D7110A5280,DXGI,1,0,0,Composed: Flip,13673.3501,NA,13.87330000000000,16.65800000000000,0.11970000000000,0.75430000000000,30.4095,13659.6050,13.8648,13.7451,0.1197,0.6473,13.8521,7.9620,5.8901,4.1631,13659.6050,NA
parkey.exe,25772,0x2D7110A5280,DXGI,1,0,0,Composed: Flip,13687.4484,NA,14.09830000000000,16.68860000000000,0.14180000000000,0.74390000000000,32.9998,13673.4698,14.1204,13.9786,0.1418,0.6346,14.0879,7.9056,6.1823,-2.8238,13673.4698,NA
parkey.exe,25772,0x2D7110A5280,DXGI,1,0,0,Composed: Flip,13708.1198,NA,20.67140000000000,16.68300000000000,0.13210000000000,0.80310000000000,29.0114,13687.5902,20.6617,20.5296,0.1321,0.6021,20.7306,7.9134,12.8172,-2.5626,13687.5902,NA
parkey.exe,25772,0x2D7110A5280,DXGI,1,0,0,Composed: Flip,13722.0293,NA,13.90950000000000,16.68180000000000,0.14710000000000,0.77520000000000,31.7837,13708.2519,13.9245,13.7774,0.1471,0.6710,13.8816,7.9017,5.9799,3.9799,13708.2519,NA
parkey.exe,25772,0x2D7110A5280,DXGI,1,0,0,Composed: Flip,13742.9288,NA,20.89950000000000,9.73670000000000,0.18900000000000,0.41050000000000,20.6209,13722.1764,20.9414,20.7524,0.1890,0.6281,20.5348,8.0348,12.5000,4.1878,13722.1764,NA
parkey.exe,25772,0x2D7110A5280,DXGI,1,0,0,Composed: Flip,13756.9253,NA,13.99650000000000,23.63870000000000,0.22110000000000,0.36900000000000,30.2631,13743.1178,14.0286,13.8075,0.2211,0.2760,13.9005,8.4971,5.4034,-2.6973,13743.1178,NA
parkey.exe,25772,0x2D7110A5280,DXGI,1,0,0,Composed: Flip,13770.8541,NA,13.92880000000000,16.66540000000000,0.28800000000000,0.38250000000000,32.9997,13757.1464,13.9957,13.7077,0.2880,0.2077,13.8825,8.6969,5.1856,-2.6368,13757.1464,NA
parkey.exe,25772,0x2D7110A5280,DXGI,1,0,0,Composed: Flip,13791.6571,NA,20.80300000000000,16.68070000000000,0.24060000000000,0.40700000000000,28.8774,13771.1421,20.7556,20.5150,0.2406,0.1548,20.7672,8.3804,12.3868,-2.6850,13771.1421,NA
parkey.exe,25772,0x2D7110A5280,DXGI,1,0,0,Composed: Flip,13805.5414,NA,13.88430000000000,16.72350000000000,0.26100000000000,0.41890000000000,31.7166,13791.8977,13.9047,13.6437,0.2610,0.2325,13.8301,8.8237,5.0064,4.0321,13791.8977,NA
parkey.exe,25772,0x2D7110A5280,DXGI,1,0,0,Composed: Flip,13826.4597,NA,20.91830000000000,16.65470000000000,0.23130000000000,0.41100000000000,27.4530,13805.8024,20.8886,20.6573,0.2313,0.2185,20.8498,8.4385,12.4113,-2.7500,13805.8024,NA
parkey.exe,25772,0x2D7110A5280,DXGI,1,0,0,Composed: Flip,13840.4366,NA,13.97690000000000,16.65370000000000,0.41510000000000,0.50630000000000,30.1298,13826.6910,14.1607,13.7456,0.4151,0.2375,14.0144,8.5071,5.5073,4.2349,13826.6910,NA
parkey.exe,25772,0x2D7110A5280,DXGI,1,0,0,Composed: Flip,13854.1372,NA,13.70060000000000,16.67970000000000,0.20470000000000,0.38690000000000,33.1089,13840.8517,13.4902,13.2855,0.2047,0.1577,13.5147,8.3656,5.1491,-2.5190,13840.8517,NA
parkey.exe,25772,0x2D7110A5280,DXGI,1,0,0,Composed: Flip,13874.9388,NA,20.80160000000000,16.68130000000000,0.15940000000000,0.75110000000000,28.9886,13854.3419,20.7563,20.5969,0.1594,0.2379,21.1101,9.1112,11.9989,-3.1911,13854.3419,NA
parkey.exe,25772,0x2D7110A5280,DXGI,1,0,0,Composed: Flip,13888.6613,NA,13.72250000000000,16.68110000000000,0.09610000000000,0.74700000000000,31.9472,13875.0982,13.6592,13.5631,0.0961,0.5917,13.7184,7.8962,5.8222,4.0752,13875.0982,NA
parkey.exe,25772,0x2D7110A5280,DXGI,1,0,0,Composed: Flip,13909.5290,NA,20.86770000000000,16.67690000000000,0.12670000000000,0.77450000000000,27.7564,13888.7574,20.8983,20.7716,0.1267,0.6509,20.8952,7.9381,12.9571,-3.0177,13888.7574,NA
parkey.exe,25772,0x2D7110A5280,DXGI,1,0,0,Composed: Flip,13923.4012,NA,13.87220000000000,16.68730000000000,0.11680000000000,0.77220000000000,30.5715,13909.6557,13.8623,13.7455,0.1168,0.6478,13.8699,7.9662,5.9037,4.2110,13909.6557,NA
parkey.exe,25772,0x2D7110A5280,DXGI,1,0,0,Composed: Flip,13937.2996,NA,13.89840000000000,16.69080000000000,0.13410000000000,0.83280000000000,33.3639,13923.5180,13.9157,13.7816,0.1341,0.6554,13.9590,7.9939,5.9651,-2.8285,13923.5180,NA
parkey.exe,25772,0x2D7110A5280,DXGI,1,0,0,Composed: Flip,13958.2304,NA,20.93080000000000,16.66450000000000,0.16390000000000,0.78720000000000,29.0976,13937.4337,20.9606,20.7967,0.1639,0.6987,20.8852,7.9428,12.9424,-2.7488,13937.4337,NA
parkey.exe,25772,0x2D7110A5280,DXGI,1,0,0,Composed: Flip,13972.1257,NA,13.89530000000000,16.68110000000000,0.15540000000000,0.39580000000000,31.8834,13958.3943,13.8868,13.7314,0.1554,0.6233,13.5039,8.0821,5.4218,4.2795,13958.3943,NA
parkey.exe,25772,0x2D7110A5280,DXGI,1,0,0,Composed: Flip,13992.9756,NA,20.84990000000000,16.67800000000000,0.16640000000000,0.75800000000000,27.7115,13972.2811,20.8609,20.6945,0.1664,0.3133,21.1392,8.7184,12.4208,-2.7912,13972.2811,NA
parkey.exe,25772,0x2D7110A5280,DXGI,1,0,0,Composed: Flip,14006.7390,NA,13.76340000000000,16.70100000000000,0.12570000000000,0.75160000000000,30.6491,13993.1420,13.7227,13.5970,0.1257,0.5916,13.7570,7.9100,5.8470,4.1599,13993.1420,NA
parkey.exe,25772,0x2D7110A5280,DXGI,1,0,0,Composed: Flip,14020.7045,NA,13.96550000000000,16.66340000000000,0.13940000000000,0.77440000000000,33.3470,14006.8647,13.9792,13.8398,0.1394,0.6259,13.9883,7.9214,6.0669,-2.9407,14006.8647,NA
parkey.exe,25772,0x2D7110A5280,DXGI,1,0,0,Composed: Flip,14041.5781,NA,20.87360000000000,8.17500000000000,0.15290000000000,0.40640000000000,20.6484,14020.8439,20.8871,20.7342,0.1529,0.6350,20.5056,7.5844,12.9212,5.8042,14020.8439,NA
parkey.exe,25772,0x2D7110A5280,DXGI,1,0,0,Composed: Flip,14055.4034,NA,13.82530000000000,25.17980000000000,0.13860000000000,0.76050000000000,32.0029,14041.7310,13.8110,13.6724,0.1386,0.3228,14.1101,9.5076,4.6025,-4.2927,14041.7310,NA
parkey.exe,25772,0x2D7110A5280,DXGI,1,0,0,Composed: Flip,14076.2162,NA,20.81280000000000,16.68140000000000,0.10690000000000,0.75280000000000,27.8715,14055.5420,20.7811,20.6742,0.1069,0.6219,20.8051,9.2225,11.5826,-2.8704,14055.5420,NA
parkey.exe,25772,0x2D7110A5280,DXGI,1,0,0,Composed: Flip,14090.1011,NA,13.88490000000000,16.68310000000000,0.11230000000000,0.75620000000000,30.6697,14076.3231,13.8903,13.7780,0.1123,0.6459,13.8883,7.9168,5.9715,4.0980,14076.3231,NA
parkey.exe,25772,0x2D7110A5280,DXGI,1,0,0,Composed: Flip,14103.9841,NA,13.88300000000000,16.69900000000000,0.14990000000000,0.78780000000000,33.4857,14090.2134,13.9206,13.7707,0.1499,0.6439,13.9146,7.9540,5.9606,-2.8087,14090.2134,NA
parkey.exe,25772,0x2D7110A5280,DXGI,1,0,0,Composed: Flip,14124.9176,NA,20.93350000000000,16.65880000000000,0.17810000000000,0.77230000000000,29.2110,14104.1340,20.9617,20.7836,0.1781,0.6379,20.9180,7.9340,12.9840,-2.7382,14104.1340,NA
parkey.exe,25772,0x2D7110A5280,DXGI,1,0,0,Composed: Flip,14138.7912,NA,13.87360000000000,16.68100000000000,0.14930000000000,0.40690000000000,32.0184,14125.0957,13.8448,13.6955,0.1493,0.5942,13.5082,7.5749,5.9333,4.2807,14125.0957,NA
parkey.exe,25772,0x2D7110A5280,DXGI,1,0,0,Composed: Flip,14159.7011,NA,20.90990000000000,16.67780000000000,0.14960000000000,0.76480000000000,27.7863,14138.9405,20.9102,20.7606,0.1496,0.3253,21.2001,8.8843,12.3158,-2.8330,14138.9405,NA
parkey.exe,25772,0x2D7110A5280,DXGI,1,0,0,Composed: Flip,14173.4407,NA,13.73960000000000,16.68270000000000,0.12320000000000,0.74400000000000,30.7294,14159.8507,13.7132,13.5900,0.1232,0.6152,13.7188,7.8900,5.8288,4.2275,14159.8507,NA
parkey.exe,25772,0x2D7110A5280,DXGI,1,0,0,Composed: Flip,14187.3338,NA,13.89310000000000,16.68540000000000,0.13580000000000,0.76980000000000,33.5217,14173.5639,13.9057,13.7699,0.1358,0.6208,13.9189,7.9060,6.0129,-2.9722,14173.5639,NA
parkey.exe,25772,0x2D7110A5280,DXGI,1,0,0,Composed: Flip,14208.1932,NA,20.85940000000000,16.67880000000000,0.12890000000000,0.77490000000000,29.3411,14187.4696,20.8525,20.7236,0.1289,0.6340,20.8645,7.9084,12.9561,-2.7731,14187.4696,NA
parkey.exe,25772,0x2D7110A5280,DXGI,1,0,0,Composed: Flip,14222.0632,NA,13.87000000000000,16.67910000000000,0.12150000000000,0.78010000000000,32.1502,14208.3221,13.8626,13.7411,0.1215,0.6460,13.8752,7.9496,5.9256,4.1734,14208.3221,NA
parkey.exe,25772,0x2D7110A5280,DXGI,1,0,0,Composed: Flip,14242.9813,NA,20.91810000000000,16.67550000000000,0.18640000000000,0.84060000000000,27.9076,14222.1847,20.9830,20.7966,0.1864,0.6586,20.9786,8.0062,12.9724,-2.8129,14222.1847,NA
parkey.exe,25772,0x2D7110A5280,DXGI,1,0,0,Composed: Flip,14256.8568,NA,13.87550000000000,16.69290000000000,0.14510000000000,0.37330000000000,30.7250,14243.1677,13.8342,13.6891,0.1451,0.6542,13.4082,8.1312,5.2770,4.2901,14243.1677,NA
parkey.exe,25772,0x2D7110A5280,DXGI,1,0,0,Composed: Flip,14270.6748,NA,13.81800000000000,16.67310000000000,0.11440000000000,0.75010000000000,33.5801,14257.0019,13.7873,13.6729,0.1144,0.3751,14.0479,8.6544,5.3935,-2.8389,14257.0019,NA
parkey.exe,25772,0x2D7110A5280,DXGI,1,0,0,Composed: Flip,14291.5309,NA,20.85610000000000,16.67510000000000,0.12260000000000,0.76960000000000,29.3991,14270.7892,20.8643,20.7417,0.1226,0.6357,20.8756,7.9303,12.9453,-2.8878,14270.7892,NA
parkey.exe,25772,0x2D7110A5280,DXGI,1,0,0,Composed: Flip,14305.3941,NA,13.86320000000000,16.68590000000000,0.11980000000000,0.77320000000000,32.2218,14291.6535,13.8604,13.7406,0.1198,0.6470,13.8668,7.9440,5.9228,4.1784,14291.6535,NA
parkey.exe,25772,0x2D7110A5280,DXGI,1,0,0,Composed: Flip,14326.2319,NA,20.83780000000000,16.68070000000000,0.11840000000000,0.77480000000000,28.0647,14305.5139,20.8364,20.7180,0.1184,0.6534,20.8394,7.9357,12.9037,-2.8203,14305.5139,NA
parkey.exe,25772,0x2D7110A5280,DXGI,1,0,0,Composed: Flip,14340.2208,NA,13.98890000000000,6.59440000000000,0.18450000000000,0.40990000000000,20.6702,14326.3503,14.0550,13.8705,0.1845,0.6564,13.6240,7.5624,6.0616,14.2420,14326.3503,NA
parkey.exe,25772,0x2D7110A5280,DXGI,1,0,0,Composed: Flip,14354.1140,NA,13.89320000000000,26.76530000000000,0.13920000000000,0.77390000000000,33.5423,14340.4053,13.8479,13.7087,0.1392,0.2949,14.1877,8.8473,5.3404,-12.7103,14340.4053,NA
parkey.exe,25772,0x2D7110A5280,DXGI,1,0,0,Composed: Flip,14374.9075,NA,20.79350000000000,16.67480000000000,0.15860000000000,0.76450000000000,29.4236,14354.2532,20.8129,20.6543,0.1586,0.6347,20.7841,9.3093,11.4748,-2.8269,14354.2532,NA
parkey.exe,25772,0x2D7110A5280,DXGI,1,0,0,Composed: Flip,14388.7283,NA,13.82080000000000,16.68210000000000,0.09520000000000,0.75020000000000,32.2849,14375.0661,13.7574,13.6622,0.0952,0.6059,13.8065,7.8955,5.9110,4.1308,14375.0661,NA
parkey.exe,25772,0x2D7110A5280,DXGI,1,0,0,Composed: Flip,14409.6062,NA,20.87790000000000,16.67490000000000,0.12160000000000,0.77120000000000,28.0819,14388.8235,20.9043,20.7827,0.1216,0.6550,20.8989,7.9415,12.9574,-2.9175,14388.8235,NA
parkey.exe,25772,0x2D7110A5280,DXGI,1,0,0,Composed: Flip,14423.4797,NA,13.87350000000000,16.68950000000000,0.12010000000000,0.77700000000000,30.8979,14409.7278,13.8720,13.7519,0.1201,0.6496,13.8793,7.9122,5.9671,4.2148,14409.7278,NA
parkey.exe,25772,0x2D7110A5280,DXGI,1,0,0,Composed: Flip,14437.3727,NA,13.89300000000000,16.67660000000000,0.13710000000000,0.79430000000000,33.6815,14423.5998,13.9100,13.7729,0.1371,0.6569,13.9103,7.9512,5.9591,-2.8046,14423.5998,NA
parkey.exe,25772,0x2D7110A5280,DXGI,1,0,0,Composed: Flip,14458.3156,NA,20.94290000000000,7.91070000000000,0.15870000000000,0.79990000000000,20.6493,14437.5098,20.9645,20.8058,0.1587,0.6572,20.9485,7.9717,12.9768,5.9993,14437.5098,NA
parkey.exe,25772,0x2D7110A5280,DXGI,1,0,0,Composed: Flip,14472.1775,NA,13.86190000000000,25.44960000000000,0.13620000000000,0.77040000000000,32.2370,14458.4743,13.8394,13.7032,0.1362,0.6412,13.8324,9.3374,4.4950,-4.4851,14458.4743,NA
parkey.exe,25772,0x2D7110A5280,DXGI,1,0,0,Composed: Flip,14492.9721,NA,20.79460000000000,16.69320000000000,0.15850000000000,0.74860000000000,28.1356,14472.3137,20.8169,20.6584,0.1585,0.6342,20.7728,9.2100,11.5628,-2.8538,14472.3137,NA
parkey.exe,25772,0x2D7110A5280,DXGI,1,0,0,Composed: Flip,14506.8469,NA,13.87480000000000,6.42350000000000,0.12530000000000,0.74390000000000,20.6843,14493.1306,13.8416,13.7163,0.1253,0.5901,13.8701,7.9319,5.9382,14.3934,14493.1306,NA
parkey.exe,25772,0x2D7110A5280,DXGI,1,0,0,Composed: Flip,14520.7211,NA,13.87420000000000,26.92280000000000,0.11840000000000,0.40630000000000,33.7329,14506.9722,13.8673,13.7489,0.1184,0.6186,13.5366,8.3078,5.2288,-13.0812,14506.9722,NA
parkey.exe,25772,0x2D7110A5280,DXGI,1,0,0,Composed: Flip,14541.8332,NA,21.11210000000000,16.68380000000000,0.13910000000000,0.78700000000000,29.3046,14520.8395,21.1328,20.9937,0.1391,0.3470,21.4337,9.0676,12.3661,-2.8165,14520.8395,NA
parkey.exe,25772,0x2D7110A5280,DXGI,1,0,0,Composed: Flip,14555.4561,NA,13.62290000000000,16.68170000000000,0.14760000000000,0.74230000000000,32.3634,14541.9723,13.6314,13.4838,0.1476,0.6479,13.5782,7.9178,5.6604,4.4511,14541.9723,NA
parkey.exe,25772,0x2D7110A5280,DXGI,1,0,0,Composed: Flip,14576.3829,NA,20.92680000000000,16.69090000000000,0.16520000000000,0.42620000000000,28.1275,14555.6037,20.9444,20.7792,0.1652,0.5947,20.6107,7.6384,12.9723,-3.0595,14555.6037,NA
parkey.exe,25772,0x2D7110A5280,DXGI,1,0,0,Composed: Flip,14590.2029,NA,13.82000000000000,16.66390000000000,0.12650000000000,0.60370000000000,30.9714,14576.5481,13.7813,13.6548,0.1265,0.2959,13.9626,8.7033,5.2593,4.2805,14576.5481,NA
parkey.exe,25772,0x2D7110A5280,DXGI,1,0,0,Composed: Flip,14604.0924,NA,13.88950000000000,16.71120000000000,0.14260000000000,0.83970000000000,33.7931,14590.3294,13.9056,13.7630,0.1426,0.4772,14.1255,8.3812,5.7443,-2.9299,14590.3294,NA
parkey.exe,25772,0x2D7110A5280,DXGI,1,0,0,Composed: Flip,14624.9463,NA,20.85390000000000,16.65250000000000,0.19410000000000,0.77720000000000,29.5917,14604.2350,20.9054,20.7113,0.1941,0.6971,20.7914,8.5446,12.2468,-2.7469,14604.2350,NA
parkey.exe,25772,0x2D7110A5280,DXGI,1,0,0,Composed: Flip,14638.9224,NA,13.97610000000000,16.68370000000000,0.16710000000000,0.42420000000000,32.2993,14625.1404,13.9491,13.7820,0.1671,0.5831,13.6231,7.5645,6.0586,4.2217,14625.1404,NA
parkey.exe,25772,0x2D7110A5280,DXGI,1,0,0,Composed: Flip,14659.6874,NA,20.76500000000000,16.68720000000000,0.14330000000000,0.80160000000000,28.2215,14639.0895,20.7412,20.5979,0.1433,0.2916,21.1079,8.7874,12.3205,-2.7381,14639.0895,NA
parkey.exe,25772,0x2D7110A5280,DXGI,1,0,0,Composed: Flip,14673.6051,NA,13.91770000000000,6.41140000000000,0.16220000000000,0.40210000000000,20.7152,14659.8307,13.9366,13.7744,0.1622,0.6583,13.5182,7.9787,5.5395,14.3298,14659.8307,NA
parkey.exe,25772,0x2D7110A5280,DXGI,1,0,0,Composed: Flip,14687.5639,NA,13.95880000000000,26.93470000000000,0.17390000000000,0.77050000000000,33.6911,14673.7673,13.9705,13.7966,0.1739,0.2765,14.2906,9.4430,4.8476,-12.9981,14673.7673,NA
parkey.exe,25772,0x2D7110A5280,DXGI,1,0,0,Composed: Flip,14708.4240,NA,20.86010000000000,16.68130000000000,0.16100000000000,0.74770000000000,29.5123,14687.7378,20.8472,20.6862,0.1610,0.5966,20.8373,9.2757,11.5616,-2.7108,14687.7378,NA
parkey.exe,25772,0x2D7110A5280,DXGI,1,0,0,Composed: Flip,14722.1649,NA,13.74090000000000,16.67900000000000,0.12660000000000,0.79340000000000,32.4504,14708.5850,13.7065,13.5799,0.1266,0.5867,13.7866,7.9762,5.8104,4.1682,14708.5850,NA
parkey.exe,25772,0x2D7110A5280,DXGI,1,0,0,Composed: Flip,14743.0019,NA,20.83700000000000,16.67890000000000,0.15310000000000,0.77180000000000,28.2923,14722.2915,20.8635,20.7104,0.1531,0.6668,20.8154,7.9502,12.8652,-2.9724,14722.2915,NA
parkey.exe,25772,0x2D7110A5280,DXGI,1,0,0,Composed: Flip,14756.8582,NA,13.85630000000000,16.67980000000000,0.10000000000000,0.77300000000000,31.1158,14743.1550,13.8032,13.7032,0.1000,0.6187,13.8575,7.9164,5.9411,4.1837,14743.1550,NA
parkey.exe,25772,0x2D7110A5280,DXGI,1,0,0,Composed: Flip,14770.7602,NA,13.90200000000000,16.69330000000000,0.11310000000000,0.75100000000000,33.9071,14756.9582,13.9151,13.8020,0.1131,0.6730,13.8800,7.8971,5.9829,-2.8901,14756.9582,NA
parkey.exe,25772,0x2D7110A5280,DXGI,1,0,0,Composed: Flip,14791.6571,NA,20.89690000000000,16.67150000000000,0.12650000000000,0.77560000000000,29.6817,14770.8733,20.9103,20.7838,0.1265,0.6379,20.9215,7.9400,12.9815,-2.7564,14770.8733,NA
parkey.exe,25772,0x2D7110A5280,DXGI,1,0,0,Composed: Flip,14805.4802,NA,13.82310000000000,16.67930000000000,0.11860000000000,0.77260000000000,32.5379,14791.7836,13.8152,13.6966,0.1186,0.6491,13.8201,7.9412,5.8789,4.2310,14791.7836,NA
parkey.exe,25772,0x2D7110A5280,DXGI,1,0,0,Composed: Flip,14826.4082,NA,20.92800000000000,16.67910000000000,0.16030000000000,0.79670000000000,28.2890,14805.5988,20.9697,20.8094,0.1603,0.6540,20.9521,8.9695,11.9826,-2.8639,14805.5988,NA
parkey.exe,25772,0x2D7110A5280,DXGI,1,0,0,Composed: Flip,14840.2881,NA,13.87990000000000,16.68170000000000,0.14940000000000,0.79450000000000,31.0908,14826.5685,13.8690,13.7196,0.1494,0.6364,13.8777,8.3765,5.5012,4.2880,14826.5685,NA
parkey.exe,25772,0x2D7110A5280,DXGI,1,0,0,Composed: Flip,14861.0794,NA,20.79130000000000,16.68960000000000,0.12920000000000,0.77220000000000,26.9891,14840.4375,20.7711,20.6419,0.1292,0.6451,20.7690,8.3561,12.4129,-2.8206,14840.4375,NA
parkey.exe,25772,0x2D7110A5280,DXGI,1,0,0,Composed: Flip,14875.2399,NA,14.16050000000000,7.62800000000000,0.15050000000000,0.74790000000000,20.4566,14861.2086,14.1818,14.0313,0.1505,0.6430,14.1362,7.9046,6.2316,13.1431,14861.2086,NA
parkey.exe,25772,0x2D7110A5280,DXGI,1,0,0,Composed: Flip,14888.9153,NA,13.67540000000000,25.72560000000000,0.14760000000000,0.75580000000000,32.5068,14875.3904,13.6725,13.5249,0.1476,0.5974,13.6833,9.2835,4.3998,-11.5438,14875.3904,NA
parkey.exe,25772,0x2D7110A5280,DXGI,1,0,0,Composed: Flip,14909.7584,NA,20.84310000000000,16.67650000000000,0.14990000000000,0.42420000000000,28.3402,14889.0629,20.8454,20.6955,0.1499,0.6082,20.5115,8.9195,11.5920,-3.0040,14889.0629,NA
parkey.exe,25772,0x2D7110A5280,DXGI,1,0,0,Composed: Flip,14923.6296,NA,13.87120000000000,16.67690000000000,0.15450000000000,0.43510000000000,31.1459,14909.9083,13.8758,13.7213,0.1545,0.6060,13.5504,8.0391,5.5113,4.1685,14909.9083,NA
parkey.exe,25772,0x2D7110A5280,DXGI,1,0,0,Composed: Flip,14944.5034,NA,20.87380000000000,16.68540000000000,0.14990000000000,0.38680000000000,26.9575,14923.7841,20.8692,20.7193,0.1499,0.5977,20.5084,8.1993,12.3091,-2.8096,14923.7841,NA
parkey.exe,25772,0x2D7110A5280,DXGI,1,0,0,Composed: Flip,14958.3866,NA,13.88320000000000,16.67670000000000,0.12860000000000,0.78280000000000,29.7510,14944.6533,13.8619,13.7333,0.1286,0.5674,13.9487,9.0163,4.9324,4.1925,14944.6533,NA
parkey.exe,25772,0x2D7110A5280,DXGI,1,0,0,Composed: Flip,14972.2068,NA,13.82020000000000,16.68010000000000,0.12360000000000,0.73960000000000,32.6109,14958.5152,13.8152,13.6916,0.1236,0.6542,13.7770,7.8876,5.8894,-2.8182,14958.5152,NA
parkey.exe,25772,0x2D7110A5280,DXGI,1,0,0,Composed: Flip,14993.0403,NA,20.83350000000000,16.67420000000000,0.14860000000000,0.77080000000000,28.4516,14972.3304,20.8585,20.7099,0.1486,0.6160,20.8647,7.9453,12.9194,-2.8590,14972.3304,NA
parkey.exe,25772,0x2D7110A5280,DXGI,1,0,0,Composed: Flip,15006.9139,NA,13.87360000000000,16.68450000000000,0.10880000000000,0.75590000000000,31.2625,14993.1889,13.8338,13.7250,0.1088,0.6222,13.8587,7.9378,5.9209,4.1740,14993.1889,NA
parkey.exe,25772,0x2D7110A5280,DXGI,1,0,0,Composed: Flip,15027.7674,NA,20.85350000000000,16.69100000000000,0.11510000000000,0.77170000000000,27.1000,15007.0227,20.8598,20.7447,0.1151,0.6471,20.8693,7.9283,12.9410,-2.8572,15007.0227,NA
parkey.exe,25772,0x2D7110A5280,DXGI,1,0,0,Composed: Flip,15041.6244,NA,13.85700000000000,16.67710000000000,0.11120000000000,0.77310000000000,29.9201,15027.8825,13.8531,13.7419,0.1112,0.6566,13.8584,7.9483,5.9101,4.1827,15027.8825,NA
parkey.exe,25772,0x2D7110A5280,DXGI,1,0,0,Composed: Flip,15055.5448,NA,13.92040000000000,16.67580000000000,0.13850000000000,0.74960000000000,32.6755,15041.7356,13.9477,13.8092,0.1385,0.6619,13.8969,7.8945,6.0024,-2.8227,15041.7356,NA
parkey.exe,25772,0x2D7110A5280,DXGI,1,0,0,Composed: Flip,15076.4028,NA,20.85800000000000,16.67800000000000,0.11880000000000,0.77870000000000,28.4955,15055.6833,20.8383,20.7195,0.1188,0.6111,20.8871,7.9248,12.9623,-2.7303,15055.6833,NA
parkey.exe,25772,0x2D7110A5280,DXGI,1,0,0,Composed: Flip,15090.2622,NA,13.85940000000000,16.68050000000000,0.11530000000000,0.74690000000000,31.3166,15076.5216,13.8559,13.7406,0.1153,0.6599,13.8276,8.2960,5.5316,4.1578,15076.5216,NA
parkey.exe,25772,0x2D7110A5280,DXGI,1,0,0,Composed: Flip,15111.1187,NA,20.85650000000000,16.68740000000000,0.13550000000000,0.77560000000000,27.1475,15090.3775,20.8767,20.7412,0.1355,0.6316,20.8852,7.9301,12.9551,-2.8315,15090.3775,NA
parkey.exe,25772,0x2D7110A5280,DXGI,1,0,0,Composed: Flip,15124.9935,NA,13.87480000000000,16.67810000000000,0.13450000000000,0.76940000000000,29.9508,15111.2542,13.8738,13.7393,0.1345,0.6401,13.8686,7.9084,5.9602,4.1986,15111.2542,NA
parkey.exe,25772,0x2D7110A5280,DXGI,1,0,0,Composed: Flip,15138.8858,NA,13.89230000000000,16.68410000000000,0.09180000000000,0.77130000000000,32.7426,15125.1280,13.8496,13.7578,0.0918,0.6349,13.8942,7.9150,5.9792,-2.8103,15125.1280,NA
parkey.exe,25772,0x2D7110A5280,DXGI,1,0,0,Composed: Flip,15159.7439,NA,20.85810000000000,16.67360000000000,0.11920000000000,0.78020000000000,28.5581,15138.9776,20.8855,20.7663,0.1192,0.6795,20.8670,7.9159,12.9511,-2.8240,15138.9776,NA
parkey.exe,25772,0x2D7110A5280,DXGI,1,0,0,Composed: Flip,15173.6844,NA,13.94050000000000,16.68110000000000,0.14550000000000,0.37530000000000,31.2987,15159.8631,13.9668,13.8213,0.1455,0.6610,13.5356,7.5372,5.9984,4.2044,15159.8631,NA
parkey.exe,25772,0x2D7110A5280,DXGI,1,0,0,Composed: Flip,15194.5533,NA,20.86890000000000,16.67990000000000,0.20870000000000,0.38790000000000,27.1097,15173.8299,20.9321,20.7234,0.2087,0.2852,20.8261,8.4943,12.3318,-2.7131,15173.8299,NA
parkey.exe,25772,0x2D7110A5280,DXGI,1,0,0,Composed: Flip,15208.3606,NA,13.80730000000000,16.67670000000000,0.12720000000000,0.77480000000000,29.9791,15194.7620,13.7258,13.5986,0.1272,0.2467,14.1267,9.0942,5.0325,4.2554,15194.7620,NA
parkey.exe,25772,0x2D7110A5280,DXGI,1,0,0,Composed: Flip,15222.2965,NA,13.93590000000000,16.67690000000000,0.10980000000000,0.77130000000000,32.7201,15208.4878,13.9185,13.8087,0.1098,0.6476,13.9324,9.1101,4.8223,-2.9511,15208.4878,NA
parkey.exe,25772,0x2D7110A5280,DXGI,1,0,0,Composed: Flip,15243.0487,NA,20.75220000000000,16.67900000000000,0.10760000000000,0.76870000000000,28.6469,15222.4063,20.7500,20.6424,0.1076,0.6615,20.7496,7.9098,12.8398,-2.7605,15222.4063,NA
parkey.exe,25772,0x2D7110A5280,DXGI,1,0,0,Composed: Flip,15256.9574,NA,13.90870000000000,16.68990000000000,0.18300000000000,0.77020000000000,31.4281,15243.1563,13.9841,13.8011,0.1830,0.6611,13.9102,7.9177,5.9925,4.0601,15243.1563,NA
parkey.exe,25772,0x2D7110A5280,DXGI,1,0,0,Composed: Flip,15277.7913,NA,20.83390000000000,16.67790000000000,0.10890000000000,0.76250000000000,27.2721,15257.1404,20.7598,20.6509,0.1089,0.5872,20.8262,8.3353,12.4909,-2.6938,15257.1404,NA
parkey.exe,25772,0x2D7110A5280,DXGI,1,0,0,Composed: Flip,15291.6711,NA,13.87980000000000,16.67310000000000,0.11810000000000,0.74440000000000,30.0654,15277.9002,13.8890,13.7709,0.1181,0.6536,13.8617,7.9102,5.9515,4.0867,15277.9002,NA
parkey.exe,25772,0x2D7110A5280,DXGI,1,0,0,Composed: Flip,15305.5431,NA,13.87200000000000,16.68750000000000,0.10010000000000,0.76860000000000,32.8809,15291.7892,13.8540,13.7539,0.1001,0.6263,13.8962,7.9161,5.9801,-2.7985,15291.7892,NA
parkey.exe,25772,0x2D7110A5280,DXGI,1,0,0,Composed: Flip,15326.4060,NA,20.86290000000000,16.67780000000000,0.10340000000000,0.82660000000000,28.6958,15305.6432,20.8662,20.7628,0.1034,0.6685,20.9209,8.0106,12.9103,-2.8238,15305.6432,NA
parkey.exe,25772,0x2D7110A5280,DXGI,1,0,0,Composed: Flip,15340.3024,NA,13.89640000000000,16.67830000000000,0.10630000000000,0.77290000000000,31.4777,15326.5094,13.8993,13.7930,0.1063,0.7232,13.8427,7.9248,5.9179,4.1879,15326.5094,NA
parkey.exe,25772,0x2D7110A5280,DXGI,1,0,0,Composed: Flip,15361.1400,NA,20.83760000000000,16.68460000000000,0.10930000000000,0.77580000000000,27.3247,15340.4087,20.8406,20.7313,0.1093,0.6666,20.8405,7.9339,12.9066,-2.7853,15340.4087,NA
parkey.exe,25772,0x2D7110A5280,DXGI,1,0,0,Composed: Flip,15375.0182,NA,13.87820000000000,16.68200000000000,0.12480000000000,0.74840000000000,30.1285,15361.2493,13.8937,13.7689,0.1248,0.6665,13.8508,7.9335,5.9173,4.1586,15361.2493,NA
parkey.exe,25772,0x2D7110A5280,DXGI,1,0,0,Composed: Flip,15388.9224,NA,13.90420000000000,16.67680000000000,0.11200000000000,0.74540000000000,32.9011,15375.1430,13.8914,13.7794,0.1120,0.6236,13.9012,7.9240,5.9772,-2.7831,15375.1430,NA
parkey.exe,25772,0x2D7110A5280,DXGI,1,0,0,Composed: Flip,15409.8007,NA,20.87830000000000,16.67760000000000,0.13840000000000,0.78820000000000,28.7004,15389.0344,20.9047,20.7663,0.1384,0.6334,20.9211,7.9370,12.9841,-2.7862,15389.0344,NA
parkey.exe,25772,0x2D7110A5280,DXGI,1,0,0,Composed: Flip,15423.6787,NA,13.87800000000000,16.68110000000000,0.11770000000000,0.76580000000000,31.5035,15409.9391,13.8573,13.7396,0.1177,0.6498,13.8556,8.3485,5.5071,4.2236,15409.9391,NA
parkey.exe,25772,0x2D7110A5280,DXGI,1,0,0,Composed: Flip,15444.4926,NA,20.81390000000000,16.67620000000000,0.12390000000000,0.77350000000000,27.3658,15423.7964,20.8201,20.6962,0.1239,0.6481,20.8216,7.9220,12.8996,-2.8189,15423.7964,NA
parkey.exe,25772,0x2D7110A5280,DXGI,1,0,0,Composed: Flip,15458.3572,NA,13.86460000000000,16.69670000000000,0.10710000000000,0.76920000000000,30.1979,15444.6165,13.8478,13.7407,0.1071,0.6496,13.8603,7.9354,5.9249,4.1234,15444.6165,NA
parkey.exe,25772,0x2D7110A5280,DXGI,1,0,0,Composed: Flip,15472.2486,NA,13.89140000000000,16.68700000000000,0.10200000000000,0.76030000000000,32.9935,15458.4643,13.8863,13.7843,0.1020,0.6621,13.8825,7.9124,5.9701,-2.8392,15458.4643,NA
parkey.exe,25772,0x2D7110A5280,DXGI,1,0,0,Composed: Flip,15493.1147,NA,20.86610000000000,16.68690000000000,0.13610000000000,0.76870000000000,28.8143,15472.3506,20.9002,20.7641,0.1361,0.6583,20.8745,7.9172,12.9573,-2.8006,15472.3506,NA
parkey.exe,25772,0x2D7110A5280,DXGI,1,0,0,Composed: Flip,15507.1134,NA,13.99870000000000,16.73050000000000,0.15610000000000,0.38380000000000,31.5461,15493.2508,14.0187,13.8626,0.1561,0.6326,13.6138,7.4967,6.1171,4.1697,15493.2508,NA
parkey.exe,25772,0x2D7110A5280,DXGI,1,0,0,Composed: Flip,15527.9585,NA,20.84510000000000,16.62230000000000,0.13250000000000,0.40130000000000,27.3233,15507.2695,20.8215,20.6890,0.1325,0.2943,20.7960,8.4872,12.3088,-2.6036,15507.2695,NA
parkey.exe,25772,0x2D7110A5280,DXGI,1,0,0,Composed: Flip,15541.9895,NA,14.03100000000000,16.67500000000000,0.22020000000000,0.39180000000000,29.9673,15528.0910,14.1187,13.8985,0.2202,0.2973,13.9930,8.4069,5.5861,4.1465,15528.0910,NA
parkey.exe,25772,0x2D7110A5280,DXGI,1,0,0,Composed: Flip,15555.7069,NA,13.71740000000000,16.67650000000000,0.20230000000000,0.38020000000000,32.9264,15542.2097,13.6995,13.4972,0.2023,0.2243,13.6531,8.4568,5.1963,-2.5578,15542.2097,NA
parkey.exe,25772,0x2D7110A5280,DXGI,1,0,0,Composed: Flip,15576.5581,NA,20.85120000000000,16.67420000000000,0.13110000000000,0.39970000000000,28.7494,15555.9092,20.7800,20.6489,0.1311,0.2156,20.8330,8.4501,12.3829,-2.9747,15555.9092,NA
parkey.exe,25772,0x2D7110A5280,DXGI,1,0,0,Composed: Flip,15590.6297,NA,14.07160000000000,16.69190000000000,0.13730000000000,0.90470000000000,31.3697,15576.6892,14.0778,13.9405,0.1373,0.3044,14.5408,9.1855,5.3553,4.0881,15576.6892,NA
parkey.exe,25772,0x2D7110A5280,DXGI,1,0,0,Composed: Flip,15611.3495,NA,20.71980000000000,16.68100000000000,0.16890000000000,0.40690000000000,27.3309,15590.7670,20.7514,20.5825,0.1689,0.7674,20.2220,9.0728,11.1492,-2.6032,15590.7670,NA
parkey.exe,25772,0x2D7110A5280,DXGI,1,0,0,Composed: Flip,15625.1947,NA,13.84520000000000,16.67370000000000,0.16940000000000,0.39350000000000,30.1594,15611.5184,13.8457,13.6763,0.1694,0.2911,13.7787,9.0977,4.6810,4.0777,15611.5184,NA
parkey.exe,25772,0x2D7110A5280,DXGI,1,0,0,Composed: Flip,15639.2144,NA,14.01970000000000,16.68110000000000,0.18220000000000,0.85080000000000,32.8208,15625.3641,14.0325,13.8503,0.1822,0.2546,14.4465,9.1336,5.3129,-2.8354,15625.3641,NA
parkey.exe,25772,0x2D7110A5280,DXGI,1,0,0,Composed: Flip,15660.0394,NA,20.82500000000000,8.55110000000000,0.17750000000000,0.41050000000000,20.5469,15639.3966,20.8203,20.6428,0.1775,0.6686,20.3847,8.9446,11.4401,5.4814,15639.3966,NA
parkey.exe,25772,0x2D7110A5280,DXGI,1,0,0,Composed: Flip,15673.7705,NA,13.73110000000000,24.80530000000000,0.19150000000000,0.76790000000000,31.6211,15660.2169,13.7451,13.5536,0.1915,0.2961,14.0254,9.3833,4.6421,-3.9850,15660.2169,NA
parkey.exe,25772,0x2D7110A5280,DXGI,1,0,0,Composed: Flip,15694.7828,NA,21.01230000000000,16.70930000000000,0.31940000000000,0.40250000000000,27.3181,15673.9620,21.1402,20.8208,0.3194,0.5764,20.6469,8.9373,11.7096,-2.9642,15673.9620,NA
parkey.exe,25772,0x2D7110A5280,DXGI,1,0,0,Composed: Flip,15708.5259,NA,13.74310000000000,13.97600000000000,0.12800000000000,0.77940000000000,27.5510,15695.1022,13.5517,13.4237,0.1280,0.1309,14.0722,9.0914,4.9808,7.1642,15695.1022,NA
parkey.exe,25772,0x2D7110A5280,DXGI,1,0,0,Composed: Flip,15722.4834,NA,13.95750000000000,19.36040000000000,0.15770000000000,0.78370000000000,32.9539,15708.6539,13.9872,13.8295,0.1577,0.6514,13.9618,9.3405,4.6213,-5.8087,15708.6539,NA
parkey.exe,25772,0x2D7110A5280,DXGI,1,0,0,Composed: Flip,15743.3393,NA,20.85590000000000,16.67550000000000,0.12760000000000,0.41700000000000,28.7735,15722.6411,20.8258,20.6982,0.1276,0.6260,20.4892,8.8872,11.6020,-2.6883,15722.6411,NA
parkey.exe,25772,0x2D7110A5280,DXGI,1,0,0,Composed: Flip,15757.1918,NA,13.85250000000000,16.67310000000000,0.14730000000000,0.82510000000000,31.5941,15743.4669,13.8722,13.7249,0.1473,0.3290,14.2210,9.2627,4.9583,4.1527,15743.4669,NA
parkey.exe,25772,0x2D7110A5280,DXGI,1,0,0,Composed: Flip,15778.1278,NA,20.93600000000000,16.68400000000000,0.16420000000000,0.40590000000000,27.3421,15757.3391,20.9529,20.7887,0.1642,0.6778,20.5168,9.0910,11.4258,-2.8118,15757.3391,NA
parkey.exe,25772,0x2D7110A5280,DXGI,1,0,0,Composed: Flip,15791.8381,NA,13.71030000000000,16.67820000000000,0.12140000000000,0.37760000000000,30.3100,15778.2920,13.6675,13.5461,0.1214,0.3020,13.6217,8.6781,4.9436,4.2747,15778.2920,NA
parkey.exe,25772,0x2D7110A5280,DXGI,1,0,0,Composed: Flip,15805.7627,NA,13.92460000000000,16.69310000000000,0.14160000000000,0.77260000000000,33.0785,15791.9595,13.9448,13.8032,0.1416,0.3087,14.2671,9.0855,5.1816,-3.0256,15791.9595,NA
parkey.exe,25772,0x2D7110A5280,DXGI,1,0,0,Composed: Flip,15826.6440,NA,20.88130000000000,16.67060000000000,0.13210000000000,0.75080000000000,28.8678,15805.9043,20.8718,20.7397,0.1321,0.6310,20.8595,9.1946,11.6649,-2.7258,15805.9043,NA
parkey.exe,25772,0x2D7110A5280,DXGI,1,0,0,Composed: Flip,15840.5560,NA,13.91200000000000,16.67620000000000,0.15850000000000,0.29900000000000,31.6320,15826.7761,13.9384,13.7799,0.1585,0.6187,13.4602,8.7765,4.6837,4.1956,15826.7761,NA
parkey.exe,25772,0x2D7110A5280,DXGI,1,0,0,Composed: Flip,15861.4348,NA,20.87880000000000,16.71310000000000,0.20440000000000,0.41210000000000,27.4663,15840.7145,20.9247,20.7203,0.2044,0.1655,20.9669,8.7336,12.2333,-2.7747,15840.7145,NA
parkey.exe,25772,0x2D7110A5280,DXGI,1,0,0,Composed: Flip,15875.2518,NA,13.81700000000000,16.65400000000000,0.12400000000000,0.37910000000000,30.3033,15861.6392,13.7366,13.6126,0.1240,0.2798,13.7119,8.6900,5.0219,4.2707,15861.6392,NA
parkey.exe,25772,0x2D7110A5280,DXGI,1,0,0,Composed: Flip,15889.1135,NA,13.86170000000000,16.68360000000000,0.17510000000000,0.81050000000000,33.1252,15875.3758,13.9128,13.7377,0.1751,0.3194,14.2288,9.2114,5.0174,-2.9470,15875.3758,NA
parkey.exe,25772,0x2D7110A5280,DXGI,1,0,0,Composed: Flip,15909.9597,NA,20.84620000000000,16.67510000000000,0.21680000000000,0.79840000000000,28.9541,15889.2886,20.8879,20.6711,0.2168,0.6354,20.8341,8.6310,12.2031,-2.7623,15889.2886,NA
parkey.exe,25772,0x2D7110A5280,DXGI,1,0,0,Composed: Flip,15923.7902,NA,13.83050000000000,16.68350000000000,0.18280000000000,0.76620000000000,31.8071,15910.1765,13.7965,13.6137,0.1828,0.5816,13.7983,8.3153,5.4830,4.2044,15910.1765,NA
parkey.exe,25772,0x2D7110A5280,DXGI,1,0,0,Composed: Flip,15944.6028,NA,20.81260000000000,16.69140000000000,0.12820000000000,0.78370000000000,27.6859,15923.9730,20.7580,20.6298,0.1282,0.5834,20.8301,7.9219,12.9082,-2.8949,15923.9730,NA
parkey.exe,25772,0x2D7110A5280,DXGI,1,0,0,Composed: Flip,15958.5026,NA,13.89980000000000,6.94270000000000,0.12020000000000,0.78540000000000,20.7288,15944.7310,13.8918,13.7716,0.1202,0.6555,13.9015,7.9304,5.9711,13.8153,15944.7310,NA
parkey.exe,25772,0x2D7110A5280,DXGI,1,0,0,Composed: Flip,15972.4662,NA,13.96360000000000,26.41390000000000,0.17450000000000,0.76360000000000,33.1791,15958.6228,14.0179,13.8434,0.1745,0.6652,13.9418,7.9256,6.0162,-12.5221,15958.6228,NA
parkey.exe,25772,0x2D7110A5280,DXGI,1,0,0,Composed: Flip,15993.3496,NA,20.88340000000000,16.67350000000000,0.14300000000000,0.75800000000000,28.9692,15972.6407,20.8519,20.7089,0.1430,0.5891,20.8778,9.1780,11.6998,-2.6556,15972.6407,NA
parkey.exe,25772,0x2D7110A5280,DXGI,1,0,0,Composed: Flip,16007.1974,NA,13.84780000000000,16.67800000000000,0.16110000000000,0.38200000000000,31.7994,15993.4926,13.8659,13.7048,0.1611,0.6150,13.4718,7.5426,5.9292,4.1739,15993.4926,NA
parkey.exe,25772,0x2D7110A5280,DXGI,1,0,0,Composed: Flip,16028.0404,NA,20.84300000000000,16.67870000000000,0.20440000000000,0.40230000000000,27.6351,16007.3585,20.8863,20.6819,0.2044,0.2866,20.7976,8.4833,12.3143,-2.8128,16007.3585,NA
parkey.exe,25772,0x2D7110A5280,DXGI,1,0,0,Composed: Flip,16041.8944,NA,13.85400000000000,16.68930000000000,0.15480000000000,0.77320000000000,30.4704,16028.2448,13.8044,13.6496,0.1548,0.2549,14.1679,8.8514,5.3165,4.1970,16028.2448,NA
parkey.exe,25772,0x2D7110A5280,DXGI,1,0,0,Composed: Flip,16055.7695,NA,13.87510000000000,16.67810000000000,0.13710000000000,0.39920000000000,33.2734,16042.0492,13.8574,13.7203,0.1371,0.6184,13.5011,8.0256,5.4755,-2.8737,16042.0492,NA
parkey.exe,25772,0x2D7110A5280,DXGI,1,0,0,Composed: Flip,16076.6692,NA,20.89970000000000,16.67700000000000,0.20580000000000,0.40660000000000,29.0507,16055.9066,20.9684,20.7626,0.2058,0.3036,20.8656,8.5089,12.3567,-2.8196,16055.9066,NA
parkey.exe,25772,0x2D7110A5280,DXGI,1,0,0,Composed: Flip,16090.4791,NA,13.80990000000000,16.67350000000000,0.15240000000000,0.60970000000000,31.9143,16076.8750,13.7565,13.6041,0.1524,0.2721,13.9417,8.6762,5.2655,4.2949,16076.8750,NA
parkey.exe,25772,0x2D7110A5280,DXGI,1,0,0,Composed: Flip,16111.3847,NA,20.90560000000000,9.66200000000000,0.15770000000000,0.40740000000000,20.6707,16090.6315,20.9109,20.7532,0.1577,0.4573,20.7033,7.9858,12.7175,4.0945,16090.6315,NA
parkey.exe,25772,0x2D7110A5280,DXGI,1,0,0,Composed: Flip,16125.2522,NA,13.86750000000000,13.87350000000000,0.14410000000000,0.77330000000000,20.6767,16111.5424,13.8539,13.7098,0.1441,0.5637,13.9194,9.2039,4.7155,7.0374,16111.5424,NA
parkey.exe,25772,0x2D7110A5280,DXGI,1,0,0,Composed: Flip,16139.2415,NA,13.98930000000000,26.50720000000000,0.31620000000000,0.80350000000000,33.1946,16125.3963,14.1614,13.8452,0.3162,0.6292,14.0195,9.2641,4.7554,-12.6533,16125.3963,NA
parkey.exe,25772,0x2D7110A5280,DXGI,1,0,0,Composed: Flip,16160.0430,NA,20.80150000000000,8.22090000000000,0.18750000000000,0.76790000000000,20.6140,16139.5577,20.6728,20.4853,0.1875,0.4873,20.7659,9.1369,11.6290,5.9405,16139.5577,NA
parkey.exe,25772,0x2D7110A5280,DXGI,1,0,0,Composed: Flip,16173.9673,NA,13.92430000000000,25.13510000000000,0.15660000000000,0.76490000000000,31.8248,16160.2305,13.8934,13.7368,0.1566,0.5804,13.9213,9.2487,4.6726,-4.4623,16160.2305,NA
parkey.exe,25772,0x2D7110A5280,DXGI,1,0,0,Composed: Flip,16194.6939,NA,20.72660000000000,16.68300000000000,0.15090000000000,0.74970000000000,27.7812,16174.1239,20.7209,20.5700,0.1509,0.6083,20.7114,9.3627,11.3487,-2.7896,16174.1239,NA
parkey.exe,25772,0x2D7110A5280,DXGI,1,0,0,Composed: Flip,16208.5222,NA,13.82830000000000,16.68470000000000,0.11180000000000,0.74600000000000,30.6376,16194.8448,13.7892,13.6774,0.1118,0.5988,13.8246,7.8934,5.9312,4.0362,16194.8448,NA
parkey.exe,25772,0x2D7110A5280,DXGI,1,0,0,Composed: Flip,16222.4190,NA,13.89680000000000,16.67930000000000,0.17530000000000,0.77260000000000,33.4201,16208.6340,13.9603,13.7850,0.1753,0.6342,13.9234,7.8994,6.0240,-2.8901,16208.6340,NA
parkey.exe,25772,0x2D7110A5280,DXGI,1,0,0,Composed: Flip,16243.2658,NA,20.84680000000000,16.66680000000000,0.12410000000000,0.77040000000000,29.2401,16222.5943,20.7956,20.6715,0.1241,0.5973,20.8446,7.9358,12.9088,-2.7065,16222.5943,NA
parkey.exe,25772,0x2D7110A5280,DXGI,1,0,0,Composed: Flip,16257.1448,NA,13.87900000000000,16.68570000000000,0.12160000000000,0.96310000000000,32.0468,16243.3899,13.8765,13.7549,0.1216,0.6463,14.0717,8.0922,5.9795,4.1099,16243.3899,NA
parkey.exe,25772,0x2D7110A5280,DXGI,1,0,0,Composed: Flip,16278.0674,NA,20.92260000000000,16.68320000000000,0.15280000000000,0.77820000000000,27.8074,16257.2664,20.9538,20.8010,0.1528,0.8415,20.7377,9.3327,11.4050,-2.8067,16257.2664,NA
parkey.exe,25772,0x2D7110A5280,DXGI,1,0,0,Composed: Flip,16291.8584,NA,13.79100000000000,16.68490000000000,0.10900000000000,0.74860000000000,30.7013,16278.2202,13.7472,13.6382,0.1090,0.6254,13.7614,7.9077,5.8537,4.2689,16278.2202,NA
parkey.exe,25772,0x2D7110A5280,DXGI,1,0,0,Composed: Flip,16305.7536,NA,13.89520000000000,16.67960000000000,0.13180000000000,0.78080000000000,33.4857,16291.9674,13.9180,13.7862,0.1318,0.6396,13.9274,7.9651,5.9623,-2.9324,16291.9674,NA
parkey.exe,25772,0x2D7110A5280,DXGI,1,0,0,Composed: Flip,16326.6035,NA,20.84990000000000,16.68090000000000,0.10480000000000,0.78000000000000,29.3167,16305.8854,20.8229,20.7181,0.1048,0.6490,20.8491,7.9255,12.9236,-2.7629,16305.8854,NA
parkey.exe,25772,0x2D7110A5280,DXGI,1,0,0,Composed: Flip,16340.4710,NA,13.86750000000000,16.67600000000000,0.13130000000000,0.78850000000000,32.1252,16326.7083,13.8940,13.7627,0.1313,0.6752,13.8760,7.9260,5.9500,4.1469,16326.7083,NA
parkey.exe,25772,0x2D7110A5280,DXGI,1,0,0,Composed: Flip,16361.3810,NA,20.91000000000000,16.69110000000000,0.14040000000000,0.77590000000000,27.9063,16340.6023,20.9191,20.7787,0.1404,0.6572,20.8974,7.9077,12.9897,-2.7971,16340.6023,NA
parkey.exe,25772,0x2D7110A5280,DXGI,1,0,0,Composed: Flip,16375.2055,NA,13.82450000000000,16.66970000000000,0.10570000000000,0.75320000000000,30.7515,16361.5214,13.7898,13.6841,0.1057,0.6355,13.8018,7.8760,5.9258,4.2494,16361.5214,NA
parkey.exe,25772,0x2D7110A5280,DXGI,1,0,0,Composed: Flip,16389.1121,NA,13.90660000000000,16.68580000000000,0.13100000000000,0.75640000000000,33.5307,16375.3112,13.9319,13.8009,0.1310,0.6475,13.9098,7.9023,6.0075,-2.8960,16375.3112,NA
parkey.exe,25772,0x2D7110A5280,DXGI,1,0,0,Composed: Flip,16410.0994,NA,20.98730000000000,16.67440000000000,0.16250000000000,0.74970000000000,29.2178,16389.2431,21.0188,20.8563,0.1625,0.6254,20.9806,7.9394,13.0412,-2.7425,16389.2431,NA
parkey.exe,25772,0x2D7110A5280,DXGI,1,0,0,Composed: Flip,16423.8687,NA,13.76930000000000,16.67820000000000,0.11760000000000,0.78200000000000,32.1267,16410.2619,13.7244,13.6068,0.1176,0.5872,13.8016,7.9684,5.8332,4.3406,16410.2619,NA
parkey.exe,25772,0x2D7110A5280,DXGI,1,0,0,Composed: Flip,16444.6705,NA,20.80180000000000,16.69280000000000,0.12440000000000,0.77910000000000,28.0177,16423.9863,20.8086,20.6842,0.1244,0.6644,20.7989,7.9176,12.8813,-2.9684,16423.9863,NA
parkey.exe,25772,0x2D7110A5280,DXGI,1,0,0,Composed: Flip,16458.5484,NA,13.87790000000000,16.66970000000000,0.10780000000000,0.77400000000000,30.8095,16444.7949,13.8613,13.7535,0.1078,0.6547,13.8728,7.9360,5.9368,4.1389,16444.7949,NA
parkey.exe,25772,0x2D7110A5280,DXGI,1,0,0,Composed: Flip,16472.9291,NA,14.38070000000000,16.67740000000000,0.13080000000000,0.63240000000000,33.1062,16458.6562,14.4037,14.2729,0.1308,0.6662,14.2391,7.7299,6.5092,-2.8161,16458.6562,NA
parkey.exe,25772,0x2D7110A5280,DXGI,1,0,0,Composed: Flip,16493.2848,NA,20.35570000000000,16.69030000000000,0.11410000000000,0.75550000000000,29.4408,16473.0599,20.3390,20.2249,0.1141,0.5016,20.4788,7.8964,12.5824,-2.2866,16473.0599,NA
parkey.exe,25772,0x2D7110A5280,DXGI,1,0,0,Composed: Flip,16507.1713,NA,13.88650000000000,16.67080000000000,0.10840000000000,0.75270000000000,32.2251,16493.3989,13.8808,13.7724,0.1084,0.6414,13.8837,7.8779,6.0058,3.6682,16493.3989,NA
parkey.exe,25772,0x2D7110A5280,DXGI,1,0,0,Composed: Flip,16528.1193,NA,20.94800000000000,16.69670000000000,0.14380000000000,0.38330000000000,27.9738,16507.2797,20.9834,20.8396,0.1438,0.6443,20.5786,8.5205,12.0581,-2.8159,16507.2797,NA
parkey.exe,25772,0x2D7110A5280,DXGI,1,0,0,Composed: Flip,16541.8980,NA,13.77870000000000,16.67010000000000,0.10840000000000,0.77130000000000,30.8652,16528.2631,13.7433,13.6349,0.1084,0.2894,14.1168,8.8212,5.2956,4.3133,16528.2631,NA
parkey.exe,25772,0x2D7110A5280,DXGI,1,0,0,Composed: Flip,16555.7601,NA,13.86210000000000,16.68470000000000,0.08380000000000,0.67950000000000,33.6878,16542.0064,13.8375,13.7537,0.0838,0.6629,13.7703,7.8388,5.9315,-2.9414,16542.0064,NA
parkey.exe,25772,0x2D7110A5280,DXGI,1,0,0,Composed: Flip,16576.6509,NA,20.89080000000000,16.67080000000000,0.12090000000000,0.77400000000000,29.4678,16555.8439,20.9279,20.8070,0.1209,0.5957,20.9853,8.3670,12.6183,-2.8333,16555.8439,NA
parkey.exe,25772,0x2D7110A5280,DXGI,1,0,0,Composed: Flip,16590.5313,NA,13.88040000000000,16.68350000000000,0.13170000000000,0.75150000000000,32.2709,16576.7718,13.8912,13.7595,0.1317,0.6531,13.8579,7.8985,5.9594,4.2444,16576.7718,NA
parkey.exe,25772,0x2D7110A5280,DXGI,1,0,0,Composed: Flip,16611.4924,NA,20.96110000000000,16.68400000000000,0.16970000000000,0.40580000000000,27.9938,16590.6630,20.9991,20.8294,0.1697,0.6198,20.6154,7.5529,13.0625,-2.7928,16590.6630,NA
parkey.exe,25772,0x2D7110A5280,DXGI,1,0,0,Composed: Flip,16625.3453,NA,13.85290000000000,16.68520000000000,0.13580000000000,0.75980000000000,30.8261,16611.6621,13.8190,13.6832,0.1358,0.2772,14.1658,8.8315,5.3343,4.3139,16611.6621,NA
parkey.exe,25772,0x2D7110A5280,DXGI,1,0,0,Composed: Flip,16639.2119,NA,13.86660000000000,16.67100000000000,0.15150000000000,0.41900000000000,33.6305,16625.4811,13.8823,13.7308,0.1515,0.6240,13.5258,7.5729,5.9529,-2.8520,16625.4811,NA
parkey.exe,25772,0x2D7110A5280,DXGI,1,0,0,Composed: Flip,16660.0633,NA,20.85140000000000,16.68000000000000,0.18680000000000,0.41850000000000,29.4591,16639.3634,20.8867,20.6999,0.1868,0.5602,20.5582,8.3200,12.2382,-2.7977,16639.3634,NA
parkey.exe,25772,0x2D7110A5280,DXGI,1,0,0,Composed: Flip,16673.9131,NA,13.84980000000000,16.68450000000000,0.14320000000000,0.77860000000000,32.2938,16660.2501,13.8062,13.6630,0.1432,0.5631,13.8785,8.4091,5.4694,4.2022,16660.2501,NA
parkey.exe,25772,0x2D7110A5280,DXGI,1,0,0,Composed: Flip,16694.7759,NA,20.86280000000000,16.68490000000000,0.18910000000000,0.37870000000000,28.1159,16674.0563,20.9087,20.7196,0.1891,0.6354,20.4629,7.9462,12.5167,-2.8787,16674.0563,NA
parkey.exe,25772,0x2D7110A5280,DXGI,1,0,0,Composed: Flip,16708.6310,NA,13.85510000000000,16.70130000000000,0.14470000000000,0.77530000000000,30.9621,16694.9650,13.8107,13.6660,0.1447,0.2557,14.1856,8.7013,5.4843,4.2074,16694.9650,NA
parkey.exe,25772,0x2D7110A5280,DXGI,1,0,0,Composed: Flip,16722.6275,NA,13.99650000000000,16.65040000000000,0.19570000000000,0.40540000000000,33.6160,16708.7757,14.0475,13.8518,0.1957,0.6306,13.6266,7.9455,5.6811,-2.8397,16708.7757,NA
parkey.exe,25772,0x2D7110A5280,DXGI,1,0,0,Composed: Flip,16743.4903,NA,20.86280000000000,16.67440000000000,0.18520000000000,0.40550000000000,29.4276,16722.8232,20.8523,20.6671,0.1852,0.5321,20.5405,8.2721,12.2684,-2.6269,16722.8232,NA
parkey.exe,25772,0x2D7110A5280,DXGI,1,0,0,Composed: Flip,16757.2719,NA,13.78160000000000,16.67850000000000,0.11250000000000,0.77300000000000,32.3245,16743.6755,13.7089,13.5964,0.1125,0.2749,14.0945,9.1093,4.9852,4.1738,16743.6755,NA
parkey.exe,25772,0x2D7110A5280,DXGI,1,0,0,Composed: Flip,16778.0662,NA,20.79430000000000,16.71170000000000,0.15160000000000,0.76890000000000,28.2419,16757.3844,20.8334,20.6818,0.1516,0.6605,20.7902,7.9444,12.8458,-3.0028,16757.3844,NA
parkey.exe,25772,0x2D7110A5280,DXGI,1,0,0,Composed: Flip,16791.9405,NA,13.87430000000000,13.40090000000000,0.10590000000000,0.75120000000000,27.7685,16778.2178,13.8286,13.7227,0.1059,0.6173,13.8566,7.9748,5.8818,7.4325,16778.2178,NA
parkey.exe,25772,0x2D7110A5280,DXGI,1,0,0,Composed: Flip,16806.4470,NA,14.50650000000000,19.93660000000000,0.19830000000000,0.50910000000000,33.1986,16792.0464,14.5989,14.4006,0.1983,0.6453,14.2644,7.5812,6.6832,-6.1080,16792.0464,NA
parkey.exe,25772,0x2D7110A5280,DXGI,1,0,0,Composed: Flip,16826.9637,NA,20.51670000000000,14.73880000000000,0.20250000000000,0.39930000000000,27.4207,16806.6453,20.5209,20.3184,0.2025,0.3551,20.3626,9.0460,11.3166,-0.1399,16806.6453,NA
parkey.exe,25772,0x2D7110A5280,DXGI,1,0,0,Composed: Flip,16840.7831,NA,13.81940000000000,18.61550000000000,0.21210000000000,1.28540000000000,32.2168,16827.1662,13.8290,13.6169,0.2121,0.2475,14.6548,9.3794,5.2754,1.9054,16827.1662,NA
parkey.exe,25772,0x2D7110A5280,DXGI,1,0,0,Composed: Flip,16861.5660,NA,20.78290000000000,16.08640000000000,0.13360000000000,0.84620000000000,27.5203,16840.9952,20.7044,20.5708,0.1336,1.0733,20.3437,9.4507,10.8930,-2.2574,16840.9952,NA
parkey.exe,25772,0x2D7110A5280,DXGI,1,0,0,Composed: Flip,16875.4741,NA,13.90810000000000,13.89690000000000,0.15430000000000,0.99160000000000,27.5091,16861.6996,13.9288,13.7745,0.1543,0.7126,14.0535,9.5427,4.5108,6.8075,16861.6996,NA
parkey.exe,25772,0x2D7110A5280,DXGI,1,0,0,Composed: Flip,16889.2679,NA,13.79380000000000,20.06070000000000,0.13460000000000,0.41200000000000,33.7760,16875.6284,13.7741,13.6395,0.1346,0.8373,13.2142,8.8663,4.3479,-6.1319,16875.6284,NA
parkey.exe,25772,0x2D7110A5280,DXGI,1,0,0,Composed: Flip,16910.1981,NA,20.93020000000000,14.68490000000000,0.14200000000000,0.40020000000000,27.5307,16889.4025,20.9376,20.7956,0.1420,0.3227,20.8731,8.8838,11.9893,-0.9108,16889.4025,NA
parkey.exe,25772,0x2D7110A5280,DXGI,1,0,0,Composed: Flip,16924.0451,NA,13.84700000000000,18.67390000000000,0.14480000000000,0.37420000000000,32.3576,16910.3401,13.8498,13.7050,0.1448,0.2887,13.7905,8.7951,4.9954,2.2637,16910.3401,NA
parkey.exe,25772,0x2D7110A5280,DXGI,1,0,0,Composed: Flip,16944.9192,NA,20.87410000000000,16.04970000000000,0.13910000000000,0.37820000000000,27.5332,16924.1899,20.8684,20.7293,0.1391,0.2836,20.8239,8.7694,12.0545,-2.1999,16924.1899,NA
parkey.exe,25772,0x2D7110A5280,DXGI,1,0,0,Composed: Flip,16958.8159,NA,13.89670000000000,17.30810000000000,0.13650000000000,0.69020000000000,30.9446,16945.0583,13.8941,13.7576,0.1365,0.2934,14.1544,9.1286,5.0258,3.5603,16945.0583,NA
parkey.exe,25772,0x2D7110A5280,DXGI,1,0,0,Composed: Flip,16979.6351,NA,20.81920000000000,16.70210000000000,0.15380000000000,0.41620000000000,26.8275,16958.9524,20.8365,20.6827,0.1538,0.5537,20.5452,8.8989,11.6463,-2.8080,16958.9524,NA
parkey.exe,25772,0x2D7110A5280,DXGI,1,0,0,Composed: Flip,16993.7281,NA,14.09300000000000,14.60930000000000,0.13630000000000,0.38580000000000,27.3438,16979.7889,14.0755,13.9392,0.1363,0.2953,14.0297,8.8085,5.2212,6.2272,16979.7889,NA
parkey.exe,25772,0x2D7110A5280,DXGI,1,0,0,Composed: Flip,17007.5681,NA,13.84000000000000,18.74770000000000,0.20360000000000,0.38440000000000,32.2515,16993.8644,13.9073,13.7037,0.2036,0.2831,13.8050,8.4101,5.3949,-4.6722,16993.8644,NA
parkey.exe,25772,0x2D7110A5280,DXGI,1,0,0,Composed: Flip,17028.2930,NA,20.72490000000000,15.99510000000000,0.12970000000000,0.39710000000000,27.5217,17007.7717,20.6510,20.5213,0.1297,0.2487,20.6697,8.8400,11.8297,-2.0878,17007.7717,NA
parkey.exe,25772,0x2D7110A5280,DXGI,1,0,0,Composed: Flip,17042.2873,NA,13.99430000000000,17.36530000000000,0.20860000000000,0.84310000000000,30.8927,17028.4227,14.0732,13.8646,0.2086,0.3015,14.4062,9.2805,5.1257,3.2857,17028.4227,NA
parkey.exe,25772,0x2D7110A5280,DXGI,1,0,0,Composed: Flip,17063.0188,NA,20.73150000000000,16.67190000000000,0.14980000000000,0.40050000000000,26.8331,17042.4959,20.6727,20.5229,0.1498,0.6345,20.2889,8.9625,11.3264,-2.5987,17042.4959,NA
parkey.exe,25772,0x2D7110A5280,DXGI,1,0,0,Composed: Flip,17076.8908,NA,13.87200000000000,14.58110000000000,0.13330000000000,0.41570000000000,27.5422,17063.1686,13.8555,13.7222,0.1333,0.3115,13.8264,8.7909,5.0355,6.0916,17063.1686,NA
parkey.exe,25772,0x2D7110A5280,DXGI,1,0,0,Composed: Flip,17090.7888,NA,13.89800000000000,18.76830000000000,0.16300000000000,0.38350000000000,32.4125,17077.0241,13.9277,13.7647,0.1630,0.3174,13.8308,8.4881,5.3427,-4.9128,17077.0241,NA
parkey.exe,25772,0x2D7110A5280,DXGI,1,0,0,Composed: Flip,17111.5982,NA,20.80940000000000,15.95750000000000,0.17460000000000,0.37880000000000,27.5606,17090.9518,20.8210,20.6464,0.1746,0.2887,20.7365,8.9090,11.8275,-2.0298,17090.9518,NA
parkey.exe,25772,0x2D7110A5280,DXGI,1,0,0,Composed: Flip,17125.4420,NA,13.84380000000000,17.40590000000000,0.12080000000000,0.38050000000000,31.1227,17111.7728,13.7900,13.6692,0.1208,0.2619,13.7878,8.6911,5.0967,3.4151,17111.7728,NA
parkey.exe,25772,0x2D7110A5280,DXGI,1,0,0,Composed: Flip,17146.3276,NA,20.88560000000000,16.68130000000000,0.12290000000000,0.38800000000000,26.9184,17125.5628,20.8877,20.7648,0.1229,0.3086,20.8442,8.7835,12.0607,-2.8913,17125.5628,NA
parkey.exe,25772,0x2D7110A5280,DXGI,1,0,0,Composed: Flip,17160.1834,NA,13.85580000000000,14.52860000000000,0.12900000000000,0.43740000000000,27.5912,17146.4505,13.8619,13.7329,0.1290,0.3002,13.8701,8.8251,5.0450,6.3591,17146.4505,NA
parkey.exe,25772,0x2D7110A5280,DXGI,1,0,0,Composed: Flip,17174.1012,NA,13.91780000000000,18.82830000000000,0.20560000000000,0.79260000000000,32.5017,17160.3124,13.9944,13.7888,0.2056,0.3444,14.2370,9.1271,5.1099,-4.9664,17160.3124,NA
parkey.exe,25772,0x2D7110A5280,DXGI,1,0,0,Composed: Flip,17194.9714,NA,20.87020000000000,15.88860000000000,0.13670000000000,0.37940000000000,27.5201,17174.3068,20.8013,20.6646,0.1367,0.5870,20.4570,8.7950,11.6620,-1.8942,17174.3068,NA
parkey.exe,25772,0x2D7110A5280,DXGI,1,0,0,Composed: Flip,17208.7876,NA,13.81620000000000,17.47360000000000,0.11640000000000,0.39800000000000,31.1775,17195.1081,13.7959,13.6795,0.1164,0.2811,13.7964,8.7836,5.0128,3.3277,17195.1081,NA
parkey.exe,25772,0x2D7110A5280,DXGI,1,0,0,Composed: Flip,17229.6575,NA,20.86990000000000,16.68670000000000,0.16930000000000,0.38140000000000,26.9943,17208.9040,20.9228,20.7535,0.1693,0.3187,20.8162,8.7830,12.0332,-2.8908,17208.9040,NA
parkey.exe,25772,0x2D7110A5280,DXGI,1,0,0,Composed: Flip,17243.5334,NA,13.87590000000000,14.48090000000000,0.13710000000000,0.39830000000000,27.5993,17229.8268,13.8437,13.7066,0.1371,0.2711,13.8338,8.7781,5.0557,6.4419,17229.8268,NA
parkey.exe,25772,0x2D7110A5280,DXGI,1,0,0,Composed: Flip,17257.4359,NA,13.90250000000000,18.87880000000000,0.14130000000000,0.40690000000000,32.5756,17243.6705,13.9067,13.7654,0.1413,0.3054,13.8669,8.8418,5.0251,-5.0351,17243.6705,NA
parkey.exe,25772,0x2D7110A5280,DXGI,1,0,0,Composed: Flip,17278.2532,NA,20.81730000000000,15.81670000000000,0.13050000000000,0.41900000000000,27.5750,17257.5772,20.8065,20.6760,0.1305,0.3176,20.7774,8.7485,12.0289,-1.9100,17257.5772,NA
parkey.exe,25772,0x2D7110A5280,DXGI,1,0,0,Composed: Flip,17292.1133,NA,13.86010000000000,17.54680000000000,0.12140000000000,0.38360000000000,31.2617,17278.3837,13.8510,13.7296,0.1214,0.3236,13.7896,8.8061,4.9835,3.2597,17278.3837,NA
parkey.exe,25772,0x2D7110A5280,DXGI,1,0,0,Composed: Flip,17312.9653,NA,20.85200000000000,16.67410000000000,0.13060000000000,0.39790000000000,27.0838,17292.2347,20.8612,20.7306,0.1306,0.3126,20.8159,8.7254,12.0905,-2.8231,17292.2347,NA
parkey.exe,25772,0x2D7110A5280,DXGI,1,0,0,Composed: Flip,17326.8651,NA,13.89980000000000,14.41540000000000,0.13840000000000,0.37810000000000,27.5994,17313.0959,13.9076,13.7692,0.1384,0.3032,13.8441,8.7952,5.0489,6.4458,17313.0959,NA
parkey.exe,25772,0x2D7110A5280,DXGI,1,0,0,Composed: Flip,17340.8168,NA,13.95170000000000,18.94930000000000,0.17460000000000,0.79550000000000,32.5970,17327.0035,13.9879,13.8133,0.1746,0.2949,14.3139,9.1483,5.1656,-5.0417,17327.0035,NA
parkey.exe,25772,0x2D7110A5280,DXGI,1,0,0,Composed: Flip,17361.6655,NA,20.84870000000000,15.76920000000000,0.18740000000000,0.43430000000000,27.5175,17340.9914,20.8615,20.6741,0.1874,0.6209,20.4875,8.9621,11.5254,-1.7813,17340.9914,NA
parkey.exe,25772,0x2D7110A5280,DXGI,1,0,0,Composed: Flip,17375.5437,NA,13.87820000000000,17.59690000000000,0.13130000000000,0.30310000000000,31.2362,17361.8529,13.8221,13.6908,0.1313,0.2801,13.7138,8.6747,5.0391,3.2646,17361.8529,NA
parkey.exe,25772,0x2D7110A5280,DXGI,1,0,0,Composed: Flip,17396.3916,NA,20.84790000000000,16.67540000000000,0.13410000000000,0.42250000000000,27.0637,17375.6750,20.8507,20.7166,0.1341,0.2028,20.9363,8.7585,12.1778,-2.8533,17375.6750,NA
parkey.exe,25772,0x2D7110A5280,DXGI,1,0,0,Composed: Flip,17410.2766,NA,13.88500000000000,14.35110000000000,0.12870000000000,0.39790000000000,27.5298,17396.5257,13.8796,13.7509,0.1287,0.3282,13.8206,8.7647,5.0559,6.4996,17396.5257,NA
parkey.exe,25772,0x2D7110A5280,DXGI,1,0,0,Composed: Flip,17424.2325,NA,13.95590000000000,19.00820000000000,0.17850000000000,0.37950000000000,32.5821,17410.4053,14.0057,13.8272,0.1785,0.3009,13.9058,8.5386,5.3672,-5.1286,17410.4053,NA
parkey.exe,25772,0x2D7110A5280,DXGI,1,0,0,Composed: Flip,17445.0267,NA,20.79420000000000,15.77430000000000,0.13810000000000,0.37720000000000,27.5622,17424.4110,20.7538,20.6157,0.1381,0.2732,20.7197,8.7128,12.0069,-1.7686,17424.4110,NA
parkey.exe,25772,0x2D7110A5280,DXGI,1,0,0,Composed: Flip,17458.9283,NA,13.90160000000000,17.57530000000000,0.16710000000000,0.41920000000000,31.2359,17445.1648,13.9306,13.7635,0.1671,0.2941,13.8886,8.8111,5.0775,3.1785,17445.1648,NA
parkey.exe,25772,0x2D7110A5280,DXGI,1,0,0,Composed: Flip,17479.7910,NA,20.86270000000000,16.68820000000000,0.17990000000000,0.40070000000000,27.0614,17459.0954,20.8755,20.6956,0.1799,0.2904,20.8059,8.7723,12.0336,-2.7576,17459.0954,NA
parkey.exe,25772,0x2D7110A5280,DXGI,1,0,0,Composed: Flip,17493.6224,NA,13.83140000000000,14.30100000000000,0.14630000000000,0.38360000000000,27.5310,17479.9709,13.7978,13.6515,0.1463,0.2720,13.7631,8.4232,5.3399,6.5745,17479.9709,NA
parkey.exe,25772,0x2D7110A5280,DXGI,1,0,0,Composed: Flip,17507.4731,NA,13.85070000000000,19.05260000000000,0.14690000000000,0.38190000000000,32.7329,17493.7687,13.8513,13.7044,0.1469,0.2948,13.7915,8.7354,5.0561,-5.2548,17493.7687,NA
parkey.exe,25772,0x2D7110A5280,DXGI,1,0,0,Composed: Flip,17528.3278,NA,20.85470000000000,15.68620000000000,0.13920000000000,0.40700000000000,27.5644,17507.6200,20.8470,20.7078,0.1392,0.2975,20.8173,8.9747,11.8426,-1.8349,17507.6200,NA
parkey.exe,25772,0x2D7110A5280,DXGI,1,0,0,Composed: Flip,17542.1550,NA,13.82720000000000,17.67630000000000,0.12550000000000,0.43240000000000,31.4135,17528.4670,13.8135,13.6880,0.1255,0.3112,13.8092,8.8082,5.0010,3.1707,17528.4670,NA
parkey.exe,25772,0x2D7110A5280,DXGI,1,0,0,Composed: Flip,17563.0553,NA,20.90030000000000,16.68240000000000,0.13970000000000,0.41100000000000,27.1956,17542.2805,20.9145,20.7748,0.1397,0.3276,20.8582,8.7486,12.1096,-2.8689,17542.2805,NA
parkey.exe,25772,0x2D7110A5280,DXGI,1,0,0,Composed: Flip,17576.8555,NA,13.80020000000000,16.68590000000000,0.13230000000000,0.39840000000000,30.0813,17563.1950,13.7928,13.6605,0.1323,0.3076,13.7513,8.7693,4.9820,4.2286,17563.1950,NA
parkey.exe,25772,0x2D7110A5280,DXGI,1,0,0,Composed: Flip,17590.7687,NA,13.91320000000000,16.67610000000000,0.12950000000000,0.75620000000000,32.8442,17576.9878,13.9104,13.7809,0.1295,0.3204,14.2167,9.1038,5.1129,-2.8833,17576.9878,NA
parkey.exe,25772,0x2D7110A5280,DXGI,1,0,0,Composed: Flip,17611.6155,NA,20.84680000000000,16.67710000000000,0.14680000000000,0.75860000000000,28.6745,17590.8982,20.8641,20.7173,0.1468,0.6267,20.8492,9.3361,11.5131,-2.7667,17590.8982,NA
parkey.exe,25772,0x2D7110A5280,DXGI,1,0,0,Composed: Flip,17625.4656,NA,13.85010000000000,16.67740000000000,0.10960000000000,0.29740000000000,31.5018,17611.7623,13.8129,13.7033,0.1096,0.6118,13.3889,8.7739,4.6150,4.1867,17611.7623,NA
parkey.exe,25772,0x2D7110A5280,DXGI,1,0,0,Composed: Flip,17646.3074,NA,20.84180000000000,16.68380000000000,0.11510000000000,0.74960000000000,27.3438,17625.5752,20.8473,20.7322,0.1151,0.2154,21.2664,9.1197,12.1467,-2.8709,17625.5752,NA
parkey.exe,25772,0x2D7110A5280,DXGI,1,0,0,Composed: Flip,17660.2179,NA,13.91050000000000,16.67340000000000,0.11280000000000,0.77390000000000,30.1067,17646.4225,13.9082,13.7954,0.1128,0.6345,13.9348,9.2539,4.6809,4.1739,17646.4225,NA
parkey.exe,25772,0x2D7110A5280,DXGI,1,0,0,Composed: Flip,17674.0973,NA,13.87940000000000,16.69170000000000,0.29980000000000,0.37350000000000,32.9190,17660.3307,14.0664,13.7666,0.2998,0.6611,13.4790,7.5412,5.9378,-2.7835,17660.3307,NA
parkey.exe,25772,0x2D7110A5280,DXGI,1,0,0,Composed: Flip,17694.9790,NA,20.88170000000000,8.61870000000000,0.17830000000000,0.39730000000000,20.6560,17674.3971,20.7602,20.5819,0.1783,0.3795,20.5997,8.7857,11.8140,5.4477,17674.3971,NA
parkey.exe,25772,0x2D7110A5280,DXGI,1,0,0,Composed: Flip,17708.8138,NA,13.83480000000000,24.73220000000000,0.10230000000000,0.66620000000000,31.5534,17695.1573,13.7588,13.6565,0.1023,0.3726,13.9501,8.8843,5.0658,-3.9720,17695.1573,NA
parkey.exe,25772,0x2D7110A5280,DXGI,1,0,0,Composed: Flip,17729.6215,NA,20.80770000000000,16.68770000000000,0.13830000000000,0.75610000000000,27.4334,17708.9161,20.8437,20.7054,0.1383,0.5639,20.8976,9.2567,11.6409,-2.9289,17708.9161,NA
parkey.exe,25772,0x2D7110A5280,DXGI,1,0,0,Composed: Flip,17743.5424,NA,13.92090000000000,16.67900000000000,0.11440000000000,0.75020000000000,30.1915,17729.7598,13.8970,13.7826,0.1144,0.6178,13.9150,9.1972,4.7178,4.1647,17729.7598,NA
parkey.exe,25772,0x2D7110A5280,DXGI,1,0,0,Composed: Flip,17757.4275,NA,13.88510000000000,16.67780000000000,0.12710000000000,0.84980000000000,32.9842,17743.6568,13.8978,13.7707,0.1271,0.6358,13.9847,9.2784,4.7063,-2.7808,17743.6568,NA
parkey.exe,25772,0x2D7110A5280,DXGI,1,0,0,Composed: Flip,17778.2397,NA,20.81220000000000,15.46860000000000,0.11440000000000,0.77380000000000,27.6406,17757.5546,20.7995,20.6851,0.1144,0.7227,20.7362,7.9267,12.8095,-1.5708,17757.5546,NA
parkey.exe,25772,0x2D7110A5280,DXGI,1,0,0,Composed: Flip,17792.2011,NA,13.96140000000000,17.88990000000000,0.11270000000000,0.65480000000000,31.5691,17778.3541,13.9597,13.8470,0.1127,0.6594,13.8424,9.0986,4.7438,2.9096,17778.3541,NA
parkey.exe,25772,0x2D7110A5280,DXGI,1,0,0,Composed: Flip,17812.9699,NA,20.76880000000000,16.68330000000000,0.11630000000000,0.74900000000000,27.4836,17792.3138,20.7724,20.6561,0.1163,0.5421,20.8630,9.2090,11.6540,-2.7236,17792.3138,NA
parkey.exe,25772,0x2D7110A5280,DXGI,1,0,0,Composed: Flip,17826.9425,NA,13.97260000000000,16.67990000000000,0.12010000000000,0.75350000000000,30.1909,17813.0862,13.9764,13.8563,0.1201,0.6327,13.9771,9.2675,4.7096,4.0925,17813.0862,NA
parkey.exe,25772,0x2D7110A5280,DXGI,1,0,0,Composed: Flip,17840.7665,NA,13.82400000000000,16.67670000000000,0.12960000000000,0.42110000000000,33.0436,17827.0626,13.8335,13.7039,0.1296,0.6334,13.4916,8.9065,4.5851,-2.7003,17827.0626,NA
parkey.exe,25772,0x2D7110A5280,DXGI,1,0,0,Composed: Flip,17861.6437,NA,20.87720000000000,8.52910000000000,0.12530000000000,0.77140000000000,20.6955,17840.8961,20.8729,20.7476,0.1253,0.3458,21.1732,9.2937,11.8795,5.3044,17840.8961,NA
parkey.exe,25772,0x2D7110A5280,DXGI,1,0,0,Composed: Flip,17875.4515,NA,13.80780000000000,24.84910000000000,0.09240000000000,0.68040000000000,31.7368,17861.7690,13.7749,13.6825,0.0924,0.6461,13.7168,7.8443,5.8725,-3.9762,17861.7690,NA
parkey.exe,25772,0x2D7110A5280,DXGI,1,0,0,Composed: Flip,17896.3461,NA,20.89460000000000,16.67060000000000,0.12350000000000,0.64390000000000,27.5128,17875.5439,20.9257,20.8022,0.1235,0.5880,20.8581,9.0830,11.7751,-2.8957,17875.5439,NA
parkey.exe,25772,0x2D7110A5280,DXGI,1,0,0,Composed: Flip,17910.2862,NA,13.94010000000000,16.67700000000000,0.12070000000000,0.75920000000000,30.2497,17896.4696,13.9373,13.8166,0.1207,0.5204,14.0554,9.0994,4.9560,4.2487,17896.4696,NA
parkey.exe,25772,0x2D7110A5280,DXGI,1,0,0,Composed: Flip,17924.0914,NA,13.80520000000000,16.68150000000000,0.12900000000000,0.75900000000000,33.1260,17910.4069,13.8135,13.6845,0.1290,0.6385,13.8050,9.1930,4.6120,-2.7442,17910.4069,NA
parkey.exe,25772,0x2D7110A5280,DXGI,1,0,0,Composed: Flip,17944.9995,NA,20.90810000000000,16.67920000000000,0.11560000000000,0.75370000000000,28.8971,17924.2204,20.8947,20.7791,0.1156,0.6300,20.9028,9.4388,11.4640,-2.8657,17924.2204,NA
parkey.exe,25772,0x2D7110A5280,DXGI,1,0,0,Composed: Flip,17958.8018,NA,13.80230000000000,16.67830000000000,0.09380000000000,0.77490000000000,31.7731,17945.1151,13.7805,13.6867,0.0938,0.6381,13.8235,9.2855,4.5380,4.2164,17945.1151,NA
parkey.exe,25772,0x2D7110A5280,DXGI,1,0,0,Composed: Flip,17979.7335,NA,20.93170000000000,16.69410000000000,0.15920000000000,0.41870000000000,27.5355,17958.8956,20.9971,20.8379,0.1592,0.6811,20.5755,7.5597,13.0158,-2.9136,17958.8956,NA
parkey.exe,25772,0x2D7110A5280,DXGI,1,0,0,Composed: Flip,17993.6333,NA,13.89980000000000,16.66860000000000,0.12160000000000,0.59940000000000,30.3043,17979.8927,13.8622,13.7406,0.1216,0.2875,14.0525,9.0012,5.0513,4.3285,17979.8927,NA
parkey.exe,25772,0x2D7110A5280,DXGI,1,0,0,Composed: Flip,18007.6642,NA,14.03090000000000,16.67560000000000,0.12660000000000,0.76300000000000,32.9490,17993.7549,14.0359,13.9093,0.1266,0.4778,14.1945,9.1427,5.0518,-2.8134,17993.7549,NA
parkey.exe,25772,0x2D7110A5280,DXGI,1,0,0,Composed: Flip,18028.3613,NA,20.69710000000000,16.67810000000000,0.12090000000000,0.74980000000000,28.9300,18007.7908,20.6914,20.5705,0.1209,0.6364,20.6839,9.2455,11.4384,-2.6422,18007.7908,NA
parkey.exe,25772,0x2D7110A5280,DXGI,1,0,0,Composed: Flip,18042.1604,NA,13.79910000000000,16.67980000000000,0.11260000000000,0.66500000000000,31.8107,18028.4822,13.7908,13.6782,0.1126,0.6289,13.7143,9.1102,4.6041,4.0116,18028.4822,NA
parkey.exe,25772,0x2D7110A5280,DXGI,1,0,0,Composed: Flip,18063.0510,NA,20.89060000000000,9.79370000000000,0.13410000000000,0.77040000000000,20.7138,18042.2730,20.9121,20.7780,0.1341,0.5524,20.9960,8.6859,12.3101,3.9971,18042.2730,NA
parkey.exe,25772,0x2D7110A5280,DXGI,1,0,0,Composed: Flip,18076.8951,NA,13.84410000000000,23.56890000000000,0.11130000000000,0.82560000000000,30.4386,18063.1851,13.8213,13.7100,0.1113,0.6363,13.8993,7.9771,5.9222,-2.6568,18063.1851,NA
parkey.exe,25772,0x2D7110A5280,DXGI,1,0,0,Composed: Flip,18090.8101,NA,13.91500000000000,16.69060000000000,0.12530000000000,0.75910000000000,33.2142,18077.0064,13.9290,13.8037,0.1253,0.7143,13.8485,9.2638,4.5847,-2.8693,18077.0064,NA
parkey.exe,25772,0x2D7110A5280,DXGI,1,0,0,Composed: Flip,18111.7403,NA,20.93020000000000,16.66790000000000,0.16210000000000,0.75690000000000,28.9519,18090.9354,20.9670,20.8049,0.1621,0.6338,20.9280,9.2701,11.6579,-2.7389,18090.9354,NA
parkey.exe,25772,0x2D7110A5280,DXGI,1,0,0,Composed: Flip,18125.6053,NA,13.86500000000000,16.68460000000000,0.13560000000000,0.70590000000000,31.7715,18111.9024,13.8385,13.7029,0.1356,0.5948,13.8140,9.1465,4.6675,4.2824,18111.9024,NA
parkey.exe,25772,0x2D7110A5280,DXGI,1,0,0,Composed: Flip,18146.4733,NA,20.86800000000000,16.67500000000000,0.13570000000000,0.80500000000000,27.5785,18125.7409,20.8681,20.7324,0.1357,0.5703,20.9671,9.3370,11.6301,-2.8365,18125.7409,NA
parkey.exe,25772,0x2D7110A5280,DXGI,1,0,0,Composed: Flip,18160.3298,NA,13.85650000000000,16.68640000000000,0.15150000000000,0.41690000000000,30.4084,18146.6090,13.8723,13.7208,0.1515,0.6693,13.4684,8.7198,4.7486,4.1817,18146.6090,NA
parkey.exe,25772,0x2D7110A5280,DXGI,1,0,0,Composed: Flip,18174.1454,NA,13.81560000000000,16.68080000000000,0.15800000000000,0.76640000000000,33.2736,18160.4813,13.8221,13.6641,0.1580,0.2972,14.1333,8.8678,5.2655,-2.8085,18160.4813,NA
parkey.exe,25772,0x2D7110A5280,DXGI,1,0,0,Composed: Flip,18195.0970,NA,20.95160000000000,16.67680000000000,0.13160000000000,0.75350000000000,28.9988,18174.3034,20.9252,20.7936,0.1316,0.6084,20.9387,9.2388,11.6999,-2.8547,18174.3034,NA
parkey.exe,25772,0x2D7110A5280,DXGI,1,0,0,Composed: Flip,18208.8877,NA,13.79070000000000,16.68210000000000,0.11340000000000,0.84130000000000,31.8902,18195.2286,13.7725,13.6591,0.1134,0.6219,13.8785,9.3185,4.5600,4.2431,18195.2286,NA
parkey.exe,25772,0x2D7110A5280,DXGI,1,0,0,Composed: Flip,18229.7794,NA,20.89170000000000,9.67410000000000,0.14580000000000,0.75030000000000,20.6726,18209.0011,20.9241,20.7783,0.1458,0.7279,20.8007,8.9047,11.8960,4.0984,18209.0011,NA
parkey.exe,25772,0x2D7110A5280,DXGI,1,0,0,Composed: Flip,18243.5901,NA,13.81070000000000,23.68920000000000,0.12080000000000,0.76900000000000,30.5511,18229.9252,13.7857,13.6649,0.1208,0.6045,13.8294,9.2128,4.6166,-2.7651,18229.9252,NA
parkey.exe,25772,0x2D7110A5280,DXGI,1,0,0,Composed: Flip,18257.4853,NA,13.89520000000000,16.67460000000000,0.11520000000000,0.78290000000000,33.3305,18243.7109,13.8896,13.7744,0.1152,0.6482,13.9091,9.2112,4.6979,-2.8889,18243.7109,NA
parkey.exe,25772,0x2D7110A5280,DXGI,1,0,0,Composed: Flip,18278.3375,NA,20.85220000000000,16.68050000000000,0.11770000000000,0.79110000000000,29.1588,18257.6005,20.8547,20.7370,0.1177,0.6677,20.8604,7.9377,12.9227,-2.7909,18257.6005,NA
parkey.exe,25772,0x2D7110A5280,DXGI,1,0,0,Composed: Flip,18292.2551,NA,13.91760000000000,16.68050000000000,0.10800000000000,0.74450000000000,31.9217,18278.4552,13.9079,13.7999,0.1080,0.6734,13.8710,8.9636,4.9074,4.1742,18278.4552,NA
parkey.exe,25772,0x2D7110A5280,DXGI,1,0,0,Composed: Flip,18313.1370,NA,20.88190000000000,9.62470000000000,0.12110000000000,0.74830000000000,20.6645,18292.3631,20.8950,20.7739,0.1211,0.6365,20.8857,8.8980,11.9877,4.2832,18292.3631,NA
parkey.exe,25772,0x2D7110A5280,DXGI,1,0,0,Composed: Flip,18326.9312,NA,13.79420000000000,23.73990000000000,0.09770000000000,0.76990000000000,30.6102,18313.2581,13.7708,13.6731,0.0977,0.6272,13.8158,9.2689,4.5469,-2.8449,18313.2581,NA
parkey.exe,25772,0x2D7110A5280,DXGI,1,0,0,Composed: Flip,18340.9423,NA,14.01110000000000,16.68320000000000,0.12020000000000,0.77710000000000,33.2823,18327.0289,14.0336,13.9134,0.1202,0.6722,14.0183,9.2040,4.8143,-2.9124,18327.0289,NA
parkey.exe,25772,0x2D7110A5280,DXGI,1,0,0,Composed: Flip,18361.7365,NA,20.79420000000000,16.67620000000000,0.13660000000000,0.77700000000000,29.1643,18341.0625,20.8106,20.6740,0.1366,0.6569,20.7941,9.4535,11.3406,-2.6426,18341.0625,NA
parkey.exe,25772,0x2D7110A5280,DXGI,1,0,0,Composed: Flip,18375.5312,NA,13.79470000000000,16.68040000000000,0.08940000000000,0.81200000000000,32.0500,18361.8731,13.7475,13.6581,0.0894,0.6404,13.8297,7.9396,5.8901,4.1302,18361.8731,NA
parkey.exe,25772,0x2D7110A5280,DXGI,1,0,0,Composed: Flip,18396.4401,NA,20.90890000000000,9.57460000000000,0.09270000000000,0.77230000000000,20.7157,18375.6206,20.9122,20.8195,0.0927,0.7226,20.8692,8.8923,11.9769,4.1729,18375.6206,NA
parkey.exe,25772,0x2D7110A5280,DXGI,1,0,0,Composed: Flip,18410.3451,NA,13.90500000000000,23.78500000000000,0.11840000000000,0.76560000000000,30.5957,18396.5328,13.9307,13.8123,0.1184,0.6796,13.8983,9.2214,4.6769,-2.8728,18396.5328,NA
parkey.exe,25772,0x2D7110A5280,DXGI,1,0,0,Composed: Flip,18424.2113,NA,13.86620000000000,16.68250000000000,0.16320000000000,0.76270000000000,33.4120,18410.4635,13.9110,13.7478,0.1632,0.6472,13.8633,9.2648,4.5985,-2.7518,18410.4635,NA
parkey.exe,25772,0x2D7110A5280,DXGI,1,0,0,Composed: Flip,18445.0765,NA,20.86520000000000,16.67780000000000,0.10030000000000,0.75620000000000,29.2246,18424.3745,20.8023,20.7020,0.1003,0.5995,20.8587,9.4127,11.4460,-2.7668,18424.3745,NA
parkey.exe,25772,0x2D7110A5280,DXGI,1,0,0,Composed: Flip,18458.8929,NA,13.81640000000000,16.68070000000000,0.09480000000000,0.77630000000000,32.0889,18445.1768,13.8109,13.7161,0.0948,0.6559,13.8365,9.2871,4.5494,4.1216,18445.1768,NA
parkey.exe,25772,0x2D7110A5280,DXGI,1,0,0,Composed: Flip,18479.7448,NA,20.85190000000000,16.40790000000000,0.12540000000000,0.79820000000000,27.6449,18458.9877,20.8825,20.7571,0.1254,0.6815,20.8738,7.9749,12.8989,-2.5970,18458.9877,NA
parkey.exe,25772,0x2D7110A5280,DXGI,1,0,0,Composed: Flip,18493.7010,NA,13.95620000000000,16.95530000000000,0.11410000000000,0.74660000000000,30.6440,18479.8702,13.9449,13.8308,0.1141,0.6728,13.9046,9.2610,4.6436,3.9272,18479.8702,NA
parkey.exe,25772,0x2D7110A5280,DXGI,1,0,0,Composed: Flip,18507.5337,NA,13.83270000000000,16.67860000000000,0.11090000000000,0.76080000000000,33.4899,18493.8151,13.8295,13.7186,0.1109,0.6325,13.8469,9.2138,4.6331,-2.7337,18493.8151,NA
parkey.exe,25772,0x2D7110A5280,DXGI,1,0,0,Composed: Flip,18528.5170,NA,20.98330000000000,16.67380000000000,0.14100000000000,0.39950000000000,29.1804,18507.6446,21.0134,20.8724,0.1410,0.6499,20.6220,9.0561,11.5659,-2.8443,18507.6446,NA
parkey.exe,25772,0x2D7110A5280,DXGI,1,0,0,Composed: Flip,18542.2929,NA,13.77590000000000,16.69090000000000,0.12540000000000,0.80570000000000,32.0954,18528.6580,13.7603,13.6349,0.1254,0.2970,14.1436,9.1147,5.0289,4.3225,18528.6580,NA
parkey.exe,25772,0x2D7110A5280,DXGI,1,0,0,Composed: Flip,18563.1710,NA,20.87810000000000,9.45430000000000,0.12140000000000,0.78220000000000,20.6716,18542.4183,20.8741,20.7527,0.1214,0.6803,20.8546,9.2469,11.6077,4.3060,18542.4183,NA
parkey.exe,25772,0x2D7110A5280,DXGI,1,0,0,Composed: Flip,18576.9771,NA,13.80610000000000,23.90010000000000,0.09620000000000,0.78380000000000,30.7656,18563.2924,13.7809,13.6847,0.0962,0.6608,13.8077,7.9454,5.8623,-3.0260,18563.2924,NA
parkey.exe,25772,0x2D7110A5280,DXGI,1,0,0,Composed: Flip,18590.8833,NA,13.90620000000000,16.68130000000000,0.11010000000000,0.75730000000000,33.5407,18577.0733,13.9201,13.8100,0.1101,0.6876,13.8797,9.2616,4.6181,-2.9004,18577.0733,NA
parkey.exe,25772,0x2D7110A5280,DXGI,1,0,0,Composed: Flip,18611.7905,NA,20.90720000000000,16.67490000000000,0.14340000000000,0.75150000000000,29.3084,18590.9934,20.9405,20.7971,0.1434,0.6472,20.9014,9.4778,11.4236,-2.7548,18590.9934,NA
parkey.exe,25772,0x2D7110A5280,DXGI,1,0,0,Composed: Flip,18625.6356,NA,13.84510000000000,16.68190000000000,0.09710000000000,0.75640000000000,32.1452,18611.9339,13.7988,13.7017,0.0971,0.6081,13.8500,9.2700,4.5800,4.2586,18611.9339,NA
parkey.exe,25772,0x2D7110A5280,DXGI,1,0,0,Composed: Flip,18646.5540,NA,20.91840000000000,16.68270000000000,0.12460000000000,0.75370000000000,27.9095,18625.7327,20.9459,20.8213,0.1246,0.6593,20.9157,9.2402,11.6755,-2.8839,18625.7327,NA
parkey.exe,25772,0x2D7110A5280,DXGI,1,0,0,Composed: Flip,18660.3265,NA,13.77250000000000,16.68120000000000,0.11890000000000,0.77280000000000,30.8182,18646.6786,13.7668,13.6479,0.1189,0.6291,13.7916,9.2700,4.5216,4.2647,18646.6786,NA
parkey.exe,25772,0x2D7110A5280,DXGI,1,0,0,Composed: Flip,18674.2176,NA,13.89110000000000,16.68240000000000,0.13070000000000,0.75890000000000,33.6095,18660.4454,13.9029,13.7722,0.1307,0.6539,13.8772,7.9076,5.9696,-2.9156,18660.4454,NA
parkey.exe,25772,0x2D7110A5280,DXGI,1,0,0,Composed: Flip,18695.2345,NA,21.01690000000000,16.68490000000000,0.14910000000000,0.77090000000000,29.2775,18674.3483,21.0353,20.8862,0.1491,0.6282,21.0289,9.4286,11.6003,-2.7820,18674.3483,NA
parkey.exe,25772,0x2D7110A5280,DXGI,1,0,0,Composed: Flip,18709.0403,NA,13.80580000000000,16.67720000000000,0.13560000000000,0.88600000000000,32.1489,18695.3836,13.7923,13.6567,0.1356,0.6218,13.9209,9.3603,4.5606,4.3581,18695.3836,NA
parkey.exe,25772,0x2D7110A5280,DXGI,1,0,0,Composed: Flip,18729.9500,NA,20.90970000000000,9.35830000000000,0.16580000000000,0.82050000000000,20.5975,18709.1759,20.9399,20.7741,0.1658,0.7504,20.8442,9.3693,11.4749,4.4340,18709.1759,NA
parkey.exe,25772,0x2D7110A5280,DXGI,1,0,0,Composed: Flip,18743.6970,NA,13.74700000000000,24.00420000000000,0.12870000000000,0.78160000000000,30.8547,18730.1158,13.7099,13.5812,0.1287,0.6547,13.7081,8.9251,4.7830,-3.0643,18730.1158,NA
parkey.exe,25772,0x2D7110A5280,DXGI,1,0,0,Composed: Flip,18757.6513,NA,13.95430000000000,16.68710000000000,0.15260000000000,0.79830000000000,33.5875,18743.8257,13.9782,13.8256,0.1526,0.6529,13.9710,9.2435,4.7275,-2.9772,18743.8257,NA
parkey.exe,25772,0x2D7110A5280,DXGI,1,0,0,Composed: Flip,18778.4806,NA,20.82930000000000,16.67650000000000,0.13590000000000,0.40070000000000,29.4347,18757.8039,20.8126,20.6767,0.1359,0.6457,20.4317,7.5529,12.8788,-2.6983,18757.8039,NA
parkey.exe,25772,0x2D7110A5280,DXGI,1,0,0,Composed: Flip,18792.4431,NA,13.96250000000000,16.67350000000000,0.15590000000000,0.82890000000000,32.1457,18778.6165,13.9825,13.8266,0.1559,0.5778,14.0777,9.0789,4.9988,4.1391,18778.6165,NA
parkey.exe,25772,0x2D7110A5280,DXGI,1,0,0,Composed: Flip,18813.2897,NA,20.84660000000000,16.69170000000000,0.13250000000000,0.78770000000000,27.9908,18792.5990,20.8232,20.6907,0.1325,0.6730,20.8054,9.3032,11.5022,-2.7092,18792.5990,NA
parkey.exe,25772,0x2D7110A5280,DXGI,1,0,0,Composed: Flip,18827.1876,NA,13.89790000000000,6.44980000000000,0.19120000000000,0.37090000000000,20.5427,18813.4222,13.9566,13.7654,0.1912,0.6552,13.4811,8.7199,4.7612,14.3734,18813.4222,NA
parkey.exe,25772,0x2D7110A5280,DXGI,1,0,0,Composed: Flip,18840.9963,NA,13.80870000000000,26.91370000000000,0.16730000000000,0.40080000000000,33.6477,18827.3788,13.7848,13.6175,0.1673,0.3565,13.6618,9.0150,4.6468,-12.9571,18827.3788,NA
parkey.exe,25772,0x2D7110A5280,DXGI,1,0,0,Composed: Flip,18861.9182,NA,20.92190000000000,16.66130000000000,0.19920000000000,0.79630000000000,29.3871,18841.1636,20.9538,20.7546,0.1992,0.3051,21.2458,9.0560,12.1898,-2.8765,18841.1636,NA
parkey.exe,25772,0x2D7110A5280,DXGI,1,0,0,Composed: Flip,18875.7158,NA,13.79760000000000,16.68790000000000,0.14340000000000,0.89110000000000,32.2774,18862.1174,13.7418,13.5984,0.1434,0.5971,13.8924,8.0474,5.8450,4.2659,18862.1174,NA
parkey.exe,25772,0x2D7110A5280,DXGI,1,0,0,Composed: Flip,18896.6318,NA,20.91600000000000,9.24470000000000,0.12700000000000,0.78210000000000,20.6061,18875.8592,20.8996,20.7726,0.1270,0.7477,20.8070,9.3177,11.4893,4.4971,18875.8592,NA
parkey.exe,25772,0x2D7110A5280,DXGI,1,0,0,Composed: Flip,18910.4258,NA,13.79400000000000,24.11490000000000,0.12770000000000,0.76490000000000,30.9270,18896.7588,13.7947,13.6670,0.1277,0.6551,13.7768,9.2499,4.5269,-3.2153,18896.7588,NA
parkey.exe,25772,0x2D7110A5280,DXGI,1,0,0,Composed: Flip,18924.3200,NA,13.89420000000000,16.68060000000000,0.17070000000000,0.74080000000000,33.7134,18910.5535,13.9372,13.7665,0.1707,0.6372,13.8701,9.1786,4.6915,-2.8859,18910.5535,NA
parkey.exe,25772,0x2D7110A5280,DXGI,1,0,0,Composed: Flip,18945.2547,NA,20.93470000000000,16.67850000000000,0.14160000000000,0.78340000000000,29.4572,18924.4907,20.9056,20.7640,0.1416,0.5701,20.9773,9.4668,11.5105,-2.7413,18924.4907,NA
parkey.exe,25772,0x2D7110A5280,DXGI,1,0,0,Composed: Flip,18959.0527,NA,13.79800000000000,16.67860000000000,0.13610000000000,0.76960000000000,32.3378,18945.3963,13.7925,13.6564,0.1361,0.6418,13.7842,9.2207,4.5635,4.2270,18945.3963,NA
parkey.exe,25772,0x2D7110A5280,DXGI,1,0,0,Composed: Flip,18979.9334,NA,20.88070000000000,16.09760000000000,0.21360000000000,0.82160000000000,27.5547,18959.1888,20.9582,20.7446,0.2136,0.6335,20.9327,7.9897,12.9430,-2.3051,18959.1888,NA
parkey.exe,25772,0x2D7110A5280,DXGI,1,0,0,Composed: Flip,18993.8408,NA,13.90740000000000,17.27560000000000,0.12110000000000,0.74840000000000,30.9229,18980.1470,13.8149,13.6938,0.1211,0.6080,13.8342,9.1067,4.7275,3.6826,18980.1470,NA
parkey.exe,25772,0x2D7110A5280,DXGI,1,0,0,Composed: Flip,19007.6709,NA,13.83010000000000,16.67170000000000,0.15280000000000,0.77190000000000,33.7645,18993.9619,13.8618,13.7090,0.1528,0.6273,13.8536,9.2198,4.6338,-2.8568,18993.9619,NA
parkey.exe,25772,0x2D7110A5280,DXGI,1,0,0,Composed: Flip,19028.6162,NA,20.94530000000000,16.67860000000000,0.13660000000000,0.76670000000000,29.4978,19007.8237,20.9291,20.7925,0.1366,0.6191,20.9401,9.4841,11.4560,-2.8168,19007.8237,NA
parkey.exe,25772,0x2D7110A5280,DXGI,1,0,0,Composed: Flip,19042.3943,NA,13.77810000000000,16.68030000000000,0.15320000000000,0.96090000000000,32.4000,19028.7528,13.7947,13.6415,0.1532,0.6301,13.9723,9.3297,4.6426,4.2488,19028.7528,NA
parkey.exe,25772,0x2D7110A5280,DXGI,1,0,0,Composed: Flip,19063.3291,NA,20.93480000000000,9.15270000000000,0.15250000000000,0.76730000000000,20.6179,19042.5475,20.9341,20.7816,0.1525,0.8077,20.7412,9.2719,11.4693,4.6420,19042.5475,NA
parkey.exe,25772,0x2D7110A5280,DXGI,1,0,0,Composed: Flip,19077.1318,NA,13.80270000000000,24.20960000000000,0.13730000000000,0.76040000000000,31.0248,19063.4816,13.7875,13.6502,0.1373,0.6148,13.7958,7.9389,5.8569,-3.2755,19063.4816,NA
parkey.exe,25772,0x2D7110A5280,DXGI,1,0,0,Composed: Flip,19091.0118,NA,13.88000000000000,16.68500000000000,0.16290000000000,0.76130000000000,33.8298,19077.2691,13.9056,13.7427,0.1629,0.6231,13.8809,9.2450,4.6359,-2.8975,19077.2691,NA
parkey.exe,25772,0x2D7110A5280,DXGI,1,0,0,Composed: Flip,19111.9481,NA,20.93630000000000,16.71390000000000,0.19150000000000,0.75120000000000,29.6074,19091.1747,20.9649,20.7734,0.1915,0.5984,20.9262,9.4491,11.4771,-2.8083,19091.1747,NA
parkey.exe,25772,0x2D7110A5280,DXGI,1,0,0,Composed: Flip,19125.7464,NA,13.79830000000000,16.64250000000000,0.17640000000000,0.94730000000000,32.4516,19112.1396,13.7832,13.6068,0.1764,0.5597,13.9944,9.4781,4.5163,4.3224,19112.1396,NA
parkey.exe,25772,0x2D7110A5280,DXGI,1,0,0,Composed: Flip,19146.6828,NA,20.93640000000000,16.69230000000000,0.14350000000000,0.74760000000000,28.2075,19125.9228,20.9035,20.7600,0.1435,0.7709,20.7367,9.2651,11.4716,-2.9091,19125.9228,NA
parkey.exe,25772,0x2D7110A5280,DXGI,1,0,0,Composed: Flip,19160.5125,NA,13.82970000000000,16.66230000000000,0.18690000000000,0.41270000000000,31.0401,19146.8263,13.8731,13.6862,0.1869,0.6041,13.4948,8.8947,4.6001,4.2412,19146.8263,NA
parkey.exe,25772,0x2D7110A5280,DXGI,1,0,0,Composed: Flip,19181.3634,NA,20.85090000000000,16.68620000000000,0.17820000000000,0.44860000000000,26.8754,19160.6994,20.8422,20.6640,0.1782,0.3624,20.7502,8.5255,12.2247,-2.8131,19160.6994,NA
parkey.exe,25772,0x2D7110A5280,DXGI,1,0,0,Composed: Flip,19195.3326,NA,13.96920000000000,16.67590000000000,0.15190000000000,0.40830000000000,29.5821,19181.5416,13.9429,13.7910,0.1519,0.3603,13.8390,8.7550,5.0840,4.1663,19181.5416,NA
parkey.exe,25772,0x2D7110A5280,DXGI,1,0,0,Composed: Flip,19209.1060,NA,13.77340000000000,16.69500000000000,0.13460000000000,0.79440000000000,32.5037,19195.4845,13.7561,13.6215,0.1346,0.2915,14.1244,9.1261,4.9983,-2.7521,19195.4845,NA
parkey.exe,25772,0x2D7110A5280,DXGI,1,0,0,Composed: Flip,19230.1952,NA,21.08920000000000,16.66150000000000,0.15820000000000,0.38980000000000,28.0760,19209.2406,21.1128,20.9546,0.1582,0.6598,20.6846,9.0264,11.6582,-2.9054,19209.2406,NA
parkey.exe,25772,0x2D7110A5280,DXGI,1,0,0,Composed: Flip,19243.8378,NA,13.64260000000000,16.69470000000000,0.14760000000000,0.31470000000000,31.1281,19230.3534,13.6320,13.4844,0.1476,0.3580,13.4411,8.4645,4.9766,4.4181,19230.3534,NA
parkey.exe,25772,0x2D7110A5280,DXGI,1,0,0,Composed: Flip,19264.6440,NA,20.80620000000000,16.66450000000000,0.13390000000000,0.77150000000000,26.9864,19243.9854,20.7925,20.6586,0.1339,0.2149,21.2152,9.2231,11.9921,-3.0325,19243.9854,NA
parkey.exe,25772,0x2D7110A5280,DXGI,1,0,0,Composed: Flip,19278.5498,NA,13.90580000000000,16.67630000000000,0.13140000000000,0.41880000000000,29.7569,19264.7779,13.9033,13.7719,0.1314,0.6376,13.5531,7.5738,5.9793,4.1162,19264.7779,NA
parkey.exe,25772,0x2D7110A5280,DXGI,1,0,0,Composed: Flip,19292.4577,NA,13.90790000000000,16.68790000000000,0.14550000000000,0.93520000000000,32.5369,19278.6812,13.9220,13.7765,0.1455,0.3213,14.3904,9.3298,5.0606,-2.7846,19278.6812,NA
parkey.exe,25772,0x2D7110A5280,DXGI,1,0,0,Composed: Flip,19313.2874,NA,20.82970000000000,8.98080000000000,0.11820000000000,0.75080000000000,20.6880,19292.6032,20.8024,20.6842,0.1182,0.7897,20.6453,9.2889,11.3564,4.9412,19292.6032,NA
parkey.exe,25772,0x2D7110A5280,DXGI,1,0,0,Composed: Flip,19327.1449,NA,13.85750000000000,24.37370000000000,0.10540000000000,0.77100000000000,31.2042,19313.4056,13.8447,13.7393,0.1054,0.6326,13.8777,9.2755,4.6022,-3.5713,19313.4056,NA
parkey.exe,25772,0x2D7110A5280,DXGI,1,0,0,Composed: Flip,19348.0001,NA,20.85520000000000,16.68770000000000,0.12960000000000,0.79660000000000,27.0367,19327.2503,20.8794,20.7498,0.1296,0.6656,20.8808,9.2934,11.5874,-2.8430,19327.2503,NA
parkey.exe,25772,0x2D7110A5280,DXGI,1,0,0,Composed: Flip,19361.9457,NA,13.94560000000000,16.67180000000000,0.12880000000000,0.78410000000000,29.7629,19348.1297,13.9448,13.8160,0.1288,0.6670,13.9331,9.0550,4.8781,4.2076,19348.1297,NA
parkey.exe,25772,0x2D7110A5280,DXGI,1,0,0,Composed: Flip,19375.7667,NA,13.82100000000000,16.68050000000000,0.15640000000000,0.78400000000000,32.6224,19362.0745,13.8486,13.6922,0.1564,0.6553,13.8209,7.9753,5.8456,-2.7357,19362.0745,NA
parkey.exe,25772,0x2D7110A5280,DXGI,1,0,0,Composed: Flip,19396.6336,NA,20.86690000000000,8.93980000000000,0.10150000000000,0.77140000000000,20.6953,19375.9231,20.8120,20.7105,0.1015,0.6276,20.8543,9.2696,11.5847,4.9088,19375.9231,NA
parkey.exe,25772,0x2D7110A5280,DXGI,1,0,0,Composed: Flip,19410.4461,NA,13.81250000000000,24.42460000000000,0.09420000000000,0.77680000000000,31.3074,19396.7351,13.8052,13.7110,0.0942,0.6699,13.8179,9.2438,4.5741,-3.6126,19396.7351,NA
parkey.exe,25772,0x2D7110A5280,DXGI,1,0,0,Composed: Flip,19431.3662,NA,20.92010000000000,16.67700000000000,0.15660000000000,0.77070000000000,27.0643,19410.5403,20.9825,20.8259,0.1566,0.6826,20.9140,9.2671,11.6469,-2.8718,19410.5403,NA
parkey.exe,25772,0x2D7110A5280,DXGI,1,0,0,Composed: Flip,19445.2787,NA,13.91250000000000,16.68730000000000,0.13160000000000,0.38300000000000,29.8391,19431.5228,13.8875,13.7559,0.1316,0.6141,13.5248,8.7433,4.7815,4.2952,19431.5228,NA
parkey.exe,25772,0x2D7110A5280,DXGI,1,0,0,Composed: Flip,19459.0711,NA,13.79240000000000,16.67270000000000,0.10540000000000,0.76850000000000,32.7194,19445.4103,13.7662,13.6608,0.1054,0.3972,14.0321,8.9774,5.0547,-2.7852,19445.4103,NA
parkey.exe,25772,0x2D7110A5280,DXGI,1,0,0,Composed: Flip,19479.9351,NA,20.86400000000000,15.77940000000000,0.11570000000000,0.78880000000000,27.6348,19459.1765,20.8743,20.7586,0.1157,0.6631,20.8843,7.9516,12.9327,-2.0132,19459.1765,NA
parkey.exe,25772,0x2D7110A5280,DXGI,1,0,0,Composed: Flip,19493.8584,NA,13.92330000000000,17.58110000000000,0.11780000000000,0.75490000000000,31.2926,19480.0508,13.9254,13.8076,0.1178,0.6731,13.8894,9.2376,4.6518,3.2932,19480.0508,NA
parkey.exe,25772,0x2D7110A5280,DXGI,1,0,0,Composed: Flip,19514.7214,NA,20.86300000000000,16.68610000000000,0.14130000000000,0.40420000000000,27.1157,19493.9762,20.8865,20.7452,0.1413,0.6371,20.5123,8.8979,11.6144,-2.7607,19493.9762,NA
parkey.exe,25772,0x2D7110A5280,DXGI,1,0,0,Composed: Flip,19528.6407,NA,13.91930000000000,16.67350000000000,0.12790000000000,0.39370000000000,29.8699,19514.8627,13.9059,13.7780,0.1279,0.2998,13.8719,8.7376,5.1343,4.2130,19514.8627,NA
parkey.exe,25772,0x2D7110A5280,DXGI,1,0,0,Composed: Flip,19542.4676,NA,13.82690000000000,16.68940000000000,0.12800000000000,0.77650000000000,32.7324,19528.7686,13.8270,13.6990,0.1280,0.3025,14.1730,8.8607,5.3123,-2.7835,19528.7686,NA
parkey.exe,25772,0x2D7110A5280,DXGI,1,0,0,Composed: Flip,19563.3771,NA,20.90950000000000,8.81120000000000,0.15400000000000,0.77490000000000,20.6341,19542.5956,20.9355,20.7815,0.1540,0.6485,20.9079,9.5015,11.4064,5.0158,19542.5956,NA
parkey.exe,25772,0x2D7110A5280,DXGI,1,0,0,Composed: Flip,19577.1512,NA,13.77410000000000,24.53920000000000,0.10430000000000,0.76740000000000,31.3992,19563.5311,13.7244,13.6201,0.1043,0.6209,13.7666,7.9914,5.7752,-3.6037,19563.5311,NA
parkey.exe,25772,0x2D7110A5280,DXGI,1,0,0,Composed: Flip,19598.0280,NA,20.87680000000000,16.68560000000000,0.12560000000000,0.80350000000000,27.2080,19577.2555,20.8981,20.7725,0.1256,0.6631,20.9129,9.3197,11.5932,-2.9612,19577.2555,NA
parkey.exe,25772,0x2D7110A5280,DXGI,1,0,0,Composed: Flip,19611.9270,NA,13.89900000000000,16.68470000000000,0.09760000000000,0.75060000000000,29.9937,19598.1536,13.8710,13.7734,0.0976,0.6779,13.8461,9.1144,4.7317,4.2134,19598.1536,NA
parkey.exe,25772,0x2D7110A5280,DXGI,1,0,0,Composed: Flip,19625.7790,NA,13.85200000000000,16.68170000000000,0.17970000000000,1.01170000000000,32.8234,19612.0246,13.9341,13.7544,0.1797,0.6530,14.1131,9.2467,4.8664,-2.8107,19612.0246,NA
parkey.exe,25772,0x2D7110A5280,DXGI,1,0,0,Composed: Flip,19646.7327,NA,20.95370000000000,16.67740000000000,0.13400000000000,0.74780000000000,28.5471,19625.9587,20.9080,20.7740,0.1340,0.8320,20.6898,9.2137,11.4761,-2.7433,19625.9587,NA
parkey.exe,25772,0x2D7110A5280,DXGI,1,0,0,Composed: Flip,19660.5203,NA,13.78760000000000,16.68660000000000,0.11230000000000,0.77370000000000,31.4461,19646.8667,13.7659,13.6536,0.1123,0.6138,13.8135,9.2869,4.5266,4.2214,19646.8667,NA
parkey.exe,25772,0x2D7110A5280,DXGI,1,0,0,Composed: Flip,19681.4134,NA,20.89310000000000,16.69030000000000,0.15700000000000,0.40510000000000,27.2433,19660.6326,20.9378,20.7808,0.1570,0.6614,20.5245,7.5771,12.9474,-2.9244,19660.6326,NA
parkey.exe,25772,0x2D7110A5280,DXGI,1,0,0,Composed: Flip,19695.4516,NA,14.03820000000000,16.67040000000000,0.13560000000000,0.40130000000000,29.8755,19681.5704,14.0168,13.8812,0.1356,0.5675,13.7150,8.6039,5.1111,4.2674,19681.5704,NA
parkey.exe,25772,0x2D7110A5280,DXGI,1,0,0,Composed: Flip,19709.2955,NA,13.84390000000000,16.70680000000000,0.20380000000000,0.37620000000000,32.7384,19695.5872,13.9121,13.7083,0.2038,0.3245,13.7600,8.6701,5.0899,-2.6900,19695.5872,NA
parkey.exe,25772,0x2D7110A5280,DXGI,1,0,0,Composed: Flip,19730.1802,NA,20.88470000000000,16.65910000000000,0.15040000000000,0.38070000000000,28.5128,19709.4993,20.8313,20.6809,0.1504,0.2131,20.8485,8.6992,12.1493,-2.7470,19709.4993,NA
parkey.exe,25772,0x2D7110A5280,DXGI,1,0,0,Composed: Flip,19744.0194,NA,13.83920000000000,16.67620000000000,0.16320000000000,0.88380000000000,31.3498,19730.3306,13.8520,13.6888,0.1632,0.2885,14.2841,9.1975,5.0866,4.1551,19730.3306,NA
parkey.exe,25772,0x2D7110A5280,DXGI,1,0,0,Composed: Flip,19764.9765,NA,20.95710000000000,16.67590000000000,0.17980000000000,0.40480000000000,27.0686,19744.1826,20.9737,20.7939,0.1798,0.7206,20.4781,8.6569,11.8212,-2.8239,19744.1826,NA
parkey.exe,25772,0x2D7110A5280,DXGI,1,0,0,Composed: Flip,19778.7205,NA,13.74400000000000,16.67470000000000,0.16420000000000,0.40450000000000,29.9993,19765.1563,13.7284,13.5642,0.1642,0.2846,13.6841,8.3745,5.3096,4.2990,19765.1563,NA
parkey.exe,25772,0x2D7110A5280,DXGI,1,0,0,Composed: Flip,19792.6660,NA,13.94550000000000,16.67810000000000,0.16420000000000,0.38720000000000,32.7319,19778.8847,13.9455,13.7813,0.1642,0.2772,13.8913,8.6823,5.2090,-2.9497,19778.8847,NA
parkey.exe,25772,0x2D7110A5280,DXGI,1,0,0,Composed: Flip,19813.4778,NA,20.81180000000000,16.69380000000000,0.15810000000000,0.75970000000000,28.6139,19792.8302,20.8057,20.6476,0.1581,0.2855,21.1218,9.1063,12.0155,-2.7483,19792.8302,NA
parkey.exe,25772,0x2D7110A5280,DXGI,1,0,0,Composed: Flip,19827.2131,NA,13.73530000000000,16.66850000000000,0.11100000000000,0.68290000000000,31.5471,19813.6359,13.6882,13.5772,0.1110,0.6016,13.6585,9.1214,4.5371,4.1372,19813.6359,NA
parkey.exe,25772,0x2D7110A5280,DXGI,1,0,0,Composed: Flip,19848.1682,NA,20.95510000000000,16.67850000000000,0.13690000000000,0.39230000000000,27.2705,19827.3241,20.9810,20.8441,0.1369,0.5719,20.6645,8.9136,11.7509,-2.9903,19827.3241,NA
parkey.exe,25772,0x2D7110A5280,DXGI,1,0,0,Composed: Flip,19861.9470,NA,13.77880000000000,16.68090000000000,0.12340000000000,0.76990000000000,30.1726,19848.3051,13.7653,13.6419,0.1234,0.2922,14.1196,9.0442,5.0754,4.3001,19848.3051,NA
parkey.exe,25772,0x2D7110A5280,DXGI,1,0,0,Composed: Flip,19875.8599,NA,13.91290000000000,16.68420000000000,0.19050000000000,0.77510000000000,32.9439,19862.0704,13.9800,13.7895,0.1905,0.6465,13.9181,7.9450,5.9731,-2.9189,19862.0704,NA
parkey.exe,25772,0x2D7110A5280,DXGI,1,0,0,Composed: Flip,19896.7287,NA,20.86880000000000,8.59240000000000,0.12560000000000,0.77500000000000,20.6675,19876.0504,20.8039,20.6783,0.1256,0.5846,20.8687,9.2737,11.5950,5.3876,19876.0504,NA
parkey.exe,25772,0x2D7110A5280,DXGI,1,0,0,Composed: Flip,19910.5467,NA,13.81800000000000,24.76280000000000,0.10080000000000,0.64990000000000,31.6123,19896.8543,13.7932,13.6924,0.1008,0.6494,13.6929,9.1426,4.5503,-3.9589,19896.8543,NA
parkey.exe,25772,0x2D7110A5280,DXGI,1,0,0,Composed: Flip,19931.4084,NA,20.86170000000000,16.68280000000000,0.14260000000000,0.75160000000000,27.4334,19910.6475,20.9035,20.7609,0.1426,0.5491,20.9634,9.2375,11.7259,-2.8896,19910.6475,NA
parkey.exe,25772,0x2D7110A5280,DXGI,1,0,0,Composed: Flip,19945.3331,NA,13.92470000000000,16.67860000000000,0.10980000000000,0.75460000000000,30.1873,19931.5510,13.8919,13.7821,0.1098,0.6090,13.9277,9.2211,4.7066,4.2249,19931.5510,NA
parkey.exe,25772,0x2D7110A5280,DXGI,1,0,0,Composed: Flip,19959.1911,NA,13.85800000000000,16.67660000000000,0.11380000000000,0.77800000000000,33.0059,19945.4429,13.8620,13.7482,0.1138,0.6448,13.8814,9.3040,4.5774,-2.7847,19945.4429,NA
parkey.exe,25772,0x2D7110A5280,DXGI,1,0,0,Composed: Flip,19980.0191,NA,20.82800000000000,15.45790000000000,0.11150000000000,0.77760000000000,27.6358,19959.3049,20.8257,20.7142,0.1115,0.6642,20.8276,7.9079,12.9197,-1.5959,19959.3049,NA
parkey.exe,25772,0x2D7110A5280,DXGI,1,0,0,Composed: Flip,19993.9673,NA,13.94820000000000,17.90090000000000,0.10400000000000,0.64510000000000,31.5885,19980.1306,13.9407,13.8367,0.1040,0.6661,13.8157,9.0839,4.7318,2.9248,19980.1306,NA
parkey.exe,25772,0x2D7110A5280,DXGI,1,0,0,Composed: Flip,20014.7672,NA,20.79990000000000,16.68640000000000,0.12880000000000,0.40690000000000,27.4750,19994.0713,20.8247,20.6959,0.1288,0.5411,20.5617,8.9179,11.6438,-2.7457,19994.0713,NA
parkey.exe,25772,0x2D7110A5280,DXGI,1,0,0,Composed: Flip,20028.6814,NA,13.91420000000000,16.67400000000000,0.11280000000000,0.74960000000000,30.2348,20014.8960,13.8982,13.7854,0.1128,0.5679,13.9671,8.9309,5.0362,4.1507,20014.8960,NA
parkey.exe,25772,0x2D7110A5280,DXGI,1,0,0,Composed: Flip,20042.5168,NA,13.83540000000000,16.68610000000000,0.11280000000000,0.80580000000000,33.0855,20028.7942,13.8354,13.7226,0.1128,0.6368,13.8916,9.2495,4.6421,-2.7879,20028.7942,NA
parkey.exe,25772,0x2D7110A5280,DXGI,1,0,0,Composed: Flip,20063.4189,NA,20.90210000000000,16.67330000000000,0.13530000000000,0.77190000000000,28.8567,20042.6296,20.9246,20.7893,0.1353,0.6930,20.8682,9.2960,11.5722,-2.8379,20042.6296,NA
parkey.exe,25772,0x2D7110A5280,DXGI,1,0,0,Composed: Flip,20077.2336,NA,13.81470000000000,16.68090000000000,0.09710000000000,0.50910000000000,31.7229,20063.5542,13.7765,13.6794,0.0971,0.6366,13.5519,7.6850,5.8669,4.2437,20063.5542,NA
parkey.exe,25772,0x2D7110A5280,DXGI,1,0,0,Composed: Flip,20098.1198,NA,20.88620000000000,16.69650000000000,0.11860000000000,0.77300000000000,27.5332,20077.3307,20.9077,20.7891,0.1186,0.4120,21.1501,9.0956,12.0545,-2.9200,20077.3307,NA
parkey.exe,25772,0x2D7110A5280,DXGI,1,0,0,Composed: Flip,20112.0714,NA,13.95160000000000,16.67800000000000,0.10650000000000,0.74840000000000,30.2596,20098.2384,13.9395,13.8330,0.1065,0.6544,13.9270,9.2407,4.6863,4.2297,20098.2384,NA
parkey.exe,25772,0x2D7110A5280,DXGI,1,0,0,Composed: Flip,20125.9344,NA,13.86300000000000,16.67330000000000,0.17270000000000,0.78510000000000,33.0699,20112.1779,13.9292,13.7565,0.1727,0.6419,13.8997,9.2495,4.6502,-2.7338,20112.1779,NA
parkey.exe,25772,0x2D7110A5280,DXGI,1,0,0,Composed: Flip,20146.8464,NA,20.91200000000000,16.68110000000000,0.13260000000000,0.75440000000000,28.8390,20126.1071,20.8719,20.7393,0.1326,0.6124,20.8813,9.4081,11.4732,-2.7519,20126.1071,NA
parkey.exe,25772,0x2D7110A5280,DXGI,1,0,0,Composed: Flip,20160.6341,NA,13.78770000000000,16.68330000000000,0.13150000000000,0.76930000000000,31.7346,20146.9790,13.7866,13.6551,0.1315,0.6218,13.8026,9.2473,4.5553,4.1886,20146.9790,NA
parkey.exe,25772,0x2D7110A5280,DXGI,1,0,0,Composed: Flip,20181.5477,NA,20.91360000000000,16.67810000000000,0.16340000000000,0.41760000000000,27.4991,20160.7656,20.9455,20.7821,0.1634,0.6378,20.5619,7.5721,12.9898,-2.8915,20160.7656,NA
parkey.exe,25772,0x2D7110A5280,DXGI,1,0,0,Composed: Flip,20195.4693,NA,13.92160000000000,16.66860000000000,0.12670000000000,0.40760000000000,30.2461,20181.7111,13.8849,13.7582,0.1267,0.2850,13.8808,8.7406,5.1402,4.2769,20181.7111,NA
parkey.exe,25772,0x2D7110A5280,DXGI,1,0,0,Composed: Flip,20209.2868,NA,13.81750000000000,16.68870000000000,0.13890000000000,0.76170000000000,33.1173,20195.5960,13.8297,13.6908,0.1389,0.3142,14.1383,9.0269,5.1114,-2.8038,20195.5960,NA
parkey.exe,25772,0x2D7110A5280,DXGI,1,0,0,Composed: Flip,20230.1305,NA,20.84370000000000,16.68600000000000,0.12240000000000,0.74970000000000,28.9596,20209.4257,20.8272,20.7048,0.1224,0.6228,20.8317,9.2491,11.5826,-2.8563,20209.4257,NA
parkey.exe,25772,0x2D7110A5280,DXGI,1,0,0,Composed: Flip,20243.9308,NA,13.80030000000000,16.68130000000000,0.13040000000000,0.69770000000000,31.8406,20230.2529,13.8083,13.6779,0.1304,0.6273,13.7483,9.2030,4.5453,4.1459,20230.2529,NA
parkey.exe,25772,0x2D7110A5280,DXGI,1,0,0,Composed: Flip,20264.8790,NA,20.94820000000000,9.76640000000000,0.11990000000000,0.79410000000000,20.6588,20244.0612,20.9377,20.8178,0.1199,0.5673,21.0446,8.8594,12.1852,4.0419,20244.0612,NA
parkey.exe,25772,0x2D7110A5280,DXGI,1,0,0,Composed: Flip,20278.6973,NA,13.81830000000000,23.59120000000000,0.12120000000000,0.77520000000000,30.4317,20264.9989,13.8196,13.6984,0.1212,0.6742,13.7994,7.9499,5.8495,-2.6535,20264.9989,NA
parkey.exe,25772,0x2D7110A5280,DXGI,1,0,0,Composed: Flip,20292.5885,NA,13.89120000000000,16.68370000000000,0.11070000000000,0.77930000000000,33.2242,20278.8185,13.8807,13.7700,0.1107,0.6540,13.8953,9.2545,4.6408,-2.8641,20278.8185,NA
parkey.exe,25772,0x2D7110A5280,DXGI,1,0,0,Composed: Flip,20313.5239,NA,20.93540000000000,16.67600000000000,0.14510000000000,0.75900000000000,28.9648,20292.6992,20.9698,20.8247,0.1451,0.6686,20.9151,9.2931,11.6220,-2.7953,20292.6992,NA
parkey.exe,25772,0x2D7110A5280,DXGI,1,0,0,Composed: Flip,20327.2845,NA,13.76060000000000,16.71020000000000,0.09310000000000,0.80520000000000,31.9144,20313.6690,13.7086,13.6155,0.0931,0.6139,13.8068,9.3071,4.4997,4.2596,20313.6690,NA
parkey.exe,25772,0x2D7110A5280,DXGI,1,0,0,Composed: Flip,20348.2211,NA,20.93660000000000,16.66070000000000,0.11910000000000,0.77160000000000,27.6385,20327.3776,20.9626,20.8435,0.1191,0.7121,20.9030,8.9068,11.9962,-2.9521,20327.3776,NA
parkey.exe,25772,0x2D7110A5280,DXGI,1,0,0,Composed: Flip,20362.0392,NA,13.81810000000000,16.67090000000000,0.11390000000000,0.77970000000000,30.4913,20348.3402,13.8129,13.6990,0.1139,0.6525,13.8262,9.2251,4.6011,4.2917,20348.3402,NA
parkey.exe,25772,0x2D7110A5280,DXGI,1,0,0,Composed: Flip,20375.8805,NA,13.84130000000000,16.68380000000000,0.10630000000000,0.78570000000000,33.3338,20362.1531,13.8337,13.7274,0.1063,0.6658,13.8473,7.9556,5.8917,-2.8709,20362.1531,NA
parkey.exe,25772,0x2D7110A5280,DXGI,1,0,0,Composed: Flip,20396.8432,NA,20.96270000000000,16.67540000000000,0.11690000000000,0.78300000000000,29.0465,20375.9868,20.9733,20.8564,0.1169,0.6794,20.9600,9.3277,11.6323,-2.8417,20375.9868,NA
parkey.exe,25772,0x2D7110A5280,DXGI,1,0,0,Composed: Flip,20410.6590,NA,13.81580000000000,16.67700000000000,0.10410000000000,0.78150000000000,31.9077,20396.9601,13.8030,13.6989,0.1041,0.6661,13.8143,9.2445,4.5698,4.2963,20396.9601,NA
parkey.exe,25772,0x2D7110A5280,DXGI,1,0,0,Composed: Flip,20431.5631,NA,20.90410000000000,9.64950000000000,0.14010000000000,0.75430000000000,20.6531,20410.7631,20.9401,20.8000,0.1401,0.6774,20.8769,8.8970,11.9799,4.1535,20410.7631,NA
parkey.exe,25772,0x2D7110A5280,DXGI,1,0,0,Composed: Flip,20445.3801,NA,13.81700000000000,23.71000000000000,0.11390000000000,0.78030000000000,30.5461,20431.7032,13.7908,13.6769,0.1139,0.6142,13.8430,9.2161,4.6269,-2.7699,20431.7032,NA
parkey.exe,25772,0x2D7110A5280,DXGI,1,0,0,Composed: Flip,20459.2733,NA,13.89320000000000,16.67720000000000,0.12280000000000,0.78280000000000,33.3301,20445.4940,13.9021,13.7793,0.1228,0.6664,13.8957,9.3156,4.5801,-2.8864,20445.4940,NA
parkey.exe,25772,0x2D7110A5280,DXGI,1,0,0,Composed: Flip,20480.1097,NA,20.83640000000000,16.67730000000000,0.11270000000000,0.77950000000000,29.1710,20459.3961,20.8263,20.7136,0.1127,0.6600,20.8331,7.9312,12.9019,-2.7752,20459.3961,NA
parkey.exe,25772,0x2D7110A5280,DXGI,1,0,0,Composed: Flip,20494.0879,NA,13.97820000000000,16.68180000000000,0.12760000000000,0.66440000000000,31.8746,20480.2224,13.9931,13.8655,0.1276,0.6668,13.8631,9.1059,4.7572,4.1445,20480.2224,NA
parkey.exe,25772,0x2D7110A5280,DXGI,1,0,0,Composed: Flip,20514.9327,NA,20.84480000000000,9.56300000000000,0.12990000000000,0.75390000000000,20.5928,20494.2155,20.8471,20.7172,0.1299,0.5368,20.9343,9.2044,11.7299,4.4301,20494.2155,NA
parkey.exe,25772,0x2D7110A5280,DXGI,1,0,0,Composed: Flip,20529.0575,NA,14.12480000000000,23.80220000000000,0.11680000000000,0.39540000000000,30.2702,20515.0626,14.1117,13.9949,0.1168,0.6240,13.7663,8.9049,4.8614,-2.9551,20515.0626,NA
parkey.exe,25772,0x2D7110A5280,DXGI,1,0,0,Composed: Flip,20542.6611,NA,13.60360000000000,16.68010000000000,0.11390000000000,0.80810000000000,33.3467,20529.1743,13.6007,13.4868,0.1139,0.2991,13.9958,9.0909,4.9049,-2.5684,20529.1743,NA
parkey.exe,25772,0x2D7110A5280,DXGI,1,0,0,Composed: Flip,20563.5384,NA,20.87730000000000,16.68530000000000,0.14730000000000,0.77060000000000,29.1547,20542.7750,20.9107,20.7634,0.1473,0.6942,20.8398,9.4675,11.3723,-3.0846,20542.7750,NA
parkey.exe,25772,0x2D7110A5280,DXGI,1,0,0,Composed: Flip,20577.3762,NA,13.83780000000000,16.67880000000000,0.10920000000000,0.73660000000000,31.9957,20563.6857,13.7997,13.6905,0.1092,0.6233,13.8038,7.9393,5.8645,4.2319,20563.6857,NA
parkey.exe,25772,0x2D7110A5280,DXGI,1,0,0,Composed: Flip,20598.2370,NA,20.86080000000000,9.55190000000000,0.11600000000000,0.77380000000000,20.6868,20577.4854,20.8676,20.7516,0.1160,0.6274,20.8980,9.2438,11.6542,4.2478,20577.4854,NA
parkey.exe,25772,0x2D7110A5280,DXGI,1,0,0,Composed: Flip,20612.0731,NA,13.83610000000000,23.80530000000000,0.11350000000000,0.76550000000000,30.6560,20598.3530,13.8336,13.7201,0.1135,0.6578,13.8278,9.2977,4.5301,-2.9377,20598.3530,NA
parkey.exe,25772,0x2D7110A5280,DXGI,1,0,0,Composed: Flip,20625.9432,NA,13.87010000000000,16.67790000000000,0.15240000000000,0.75690000000000,33.4638,20612.1866,13.9090,13.7566,0.1524,0.6520,13.8615,9.2572,4.6043,-2.8443,20612.1866,NA
parkey.exe,25772,0x2D7110A5280,DXGI,1,0,0,Composed: Flip,20646.8758,NA,20.93260000000000,16.67670000000000,0.14630000000000,0.75170000000000,29.2079,20626.0956,20.9265,20.7802,0.1463,0.6045,20.9274,9.4660,11.4614,-2.7677,20626.0956,NA
parkey.exe,25772,0x2D7110A5280,DXGI,1,0,0,Composed: Flip,20660.6553,NA,13.77950000000000,16.68760000000000,0.09070000000000,0.77400000000000,32.1160,20647.0221,13.7239,13.6332,0.0907,0.6054,13.8018,9.1966,4.6052,4.2389,20647.0221,NA
parkey.exe,25772,0x2D7110A5280,DXGI,1,0,0,Composed: Flip,20681.5151,NA,20.85980000000000,16.39310000000000,0.12690000000000,0.77280000000000,27.6493,20660.7460,20.8960,20.7691,0.1269,0.6833,20.8586,7.9297,12.9289,-2.6692,20660.7460,NA
parkey.exe,25772,0x2D7110A5280,DXGI,1,0,0,Composed: Flip,20695.5304,NA,14.01530000000000,16.95870000000000,0.11280000000000,0.38500000000000,30.5927,20681.6420,14.0012,13.8884,0.1128,0.6459,13.6275,8.8869,4.7406,3.9373,20681.6420,NA
parkey.exe,25772,0x2D7110A5280,DXGI,1,0,0,Composed: Flip,20709.3141,NA,13.78370000000000,16.68790000000000,0.11870000000000,0.76030000000000,33.4969,20695.6432,13.7896,13.6709,0.1187,0.4222,14.0090,8.9733,5.0357,-2.6867,20695.6432,NA
parkey.exe,25772,0x2D7110A5280,DXGI,1,0,0,Composed: Flip,20730.2162,NA,20.90210000000000,16.67360000000000,0.11780000000000,0.75670000000000,29.2684,20709.4328,20.9012,20.7834,0.1178,0.6416,20.8985,9.4630,11.4355,-2.8840,20709.4328,NA
parkey.exe,25772,0x2D7110A5280,DXGI,1,0,0,Composed: Flip,20744.0583,NA,13.84210000000000,16.68280000000000,0.12750000000000,0.69560000000000,32.1091,20730.3340,13.8518,13.7243,0.1275,0.6389,13.7810,9.1808,4.6002,4.2184,20730.3340,NA
parkey.exe,25772,0x2D7110A5280,DXGI,1,0,0,Composed: Flip,20764.9273,NA,20.86900000000000,9.45020000000000,0.10990000000000,0.77000000000000,20.6903,20744.1858,20.8514,20.7415,0.1099,0.5681,20.9434,9.2567,11.6867,4.4016,20744.1858,NA
parkey.exe,25772,0x2D7110A5280,DXGI,1,0,0,Composed: Flip,20778.7303,NA,13.80300000000000,23.92030000000000,0.09330000000000,0.76740000000000,30.8076,20765.0372,13.7864,13.6931,0.0933,0.6601,13.8004,7.9490,5.8514,-3.0689,20765.0372,NA
parkey.exe,25772,0x2D7110A5280,DXGI,1,0,0,Composed: Flip,20792.6707,NA,13.94040000000000,16.68770000000000,0.11840000000000,0.79040000000000,33.5549,20778.8236,13.9655,13.8471,0.1184,0.6741,13.9634,9.3092,4.6542,-2.9013,20778.8236,NA
parkey.exe,25772,0x2D7110A5280,DXGI,1,0,0,Composed: Flip,20813.6442,NA,20.97350000000000,16.66460000000000,0.16070000000000,0.40430000000000,29.2460,20792.7891,21.0158,20.8551,0.1607,0.6720,20.5874,9.1138,11.4736,-2.6991,20792.7891,NA
parkey.exe,25772,0x2D7110A5280,DXGI,1,0,0,Composed: Flip,20827.4834,NA,13.83920000000000,16.68980000000000,0.14890000000000,0.91880000000000,32.0966,20813.8049,13.8274,13.6785,0.1489,0.5907,14.0066,9.2957,4.7109,4.3260,20813.8049,NA
parkey.exe,25772,0x2D7110A5280,DXGI,1,0,0,Composed: Flip,20848.3410,NA,20.85760000000000,16.66640000000000,0.13440000000000,0.82170000000000,27.9054,20827.6323,20.8431,20.7087,0.1344,0.7699,20.7605,9.3199,11.4406,-2.8390,20827.6323,NA
parkey.exe,25772,0x2D7110A5280,DXGI,1,0,0,Composed: Flip,20862.1290,NA,13.78800000000000,16.68760000000000,0.12070000000000,0.41670000000000,30.8050,20848.4754,13.7743,13.6536,0.1207,0.6873,13.3830,8.9887,4.3943,4.1555,20848.4754,NA
parkey.exe,25772,0x2D7110A5280,DXGI,1,0,0,Composed: Flip,20875.9733,NA,13.84430000000000,16.68210000000000,0.11000000000000,0.81320000000000,33.6428,20862.2497,13.8336,13.7236,0.1100,0.3290,14.2078,8.8089,5.3989,-2.9078,20862.2497,NA
parkey.exe,25772,0x2D7110A5280,DXGI,1,0,0,Composed: Flip,20896.9260,NA,20.95270000000000,16.67100000000000,0.12010000000000,0.77090000000000,29.3611,20876.0833,20.9628,20.8427,0.1201,0.7032,20.9104,9.4203,11.4901,-2.8374,20876.0833,NA
parkey.exe,25772,0x2D7110A5280,DXGI,1,0,0,Composed: Flip,20910.7466,NA,13.82060000000000,16.68650000000000,0.10160000000000,0.71900000000000,32.2270,20897.0461,13.8021,13.7005,0.1016,0.6508,13.7687,9.2429,4.5258,4.2763,20897.0461,NA
parkey.exe,25772,0x2D7110A5280,DXGI,1,0,0,Composed: Flip,20931.6346,NA,20.88800000000000,9.33710000000000,0.14420000000000,0.74980000000000,20.6761,20910.8482,20.9306,20.7864,0.1442,0.6174,20.9188,9.3428,11.5760,4.4650,20910.8482,NA
parkey.exe,25772,0x2D7110A5280,DXGI,1,0,0,Composed: Flip,20945.4449,NA,13.81030000000000,24.02310000000000,0.09380000000000,0.76540000000000,30.8889,20931.7788,13.7599,13.6661,0.0938,0.6056,13.8259,9.2102,4.6157,-3.0925,20931.7788,NA
parkey.exe,25772,0x2D7110A5280,DXGI,1,0,0,Composed: Flip,20959.3511,NA,13.90620000000000,16.67960000000000,0.10910000000000,0.79110000000000,33.6623,20945.5387,13.9215,13.8124,0.1091,0.6716,13.9319,9.2809,4.6510,-2.9197,20945.5387,NA
parkey.exe,25772,0x2D7110A5280,DXGI,1,0,0,Composed: Flip,20980.2322,NA,20.88110000000000,16.67450000000000,0.12600000000000,0.78720000000000,29.4557,20959.4602,20.8980,20.7720,0.1260,0.6820,20.8772,7.9023,12.9749,-2.7530,20959.4602,NA
parkey.exe,25772,0x2D7110A5280,DXGI,1,0,0,Composed: Flip,20994.1574,NA,13.92520000000000,16.68990000000000,0.11780000000000,0.69940000000000,32.2204,20980.3582,13.9170,13.7992,0.1178,0.6612,13.8374,9.0809,4.7565,4.2081,20980.3582,NA
parkey.exe,25772,0x2D7110A5280,DXGI,1,0,0,Composed: Flip,21015.0373,NA,20.87990000000000,9.28900000000000,0.13900000000000,0.78730000000000,20.6295,20994.2752,20.9011,20.7621,0.1390,0.5816,20.9678,9.3426,11.6252,4.6280,20994.2752,NA
parkey.exe,25772,0x2D7110A5280,DXGI,1,0,0,Composed: Flip,21028.7880,NA,13.75070000000000,24.06710000000000,0.11450000000000,0.76300000000000,30.9459,21015.1763,13.7262,13.6117,0.1145,0.6483,13.7264,8.9565,4.7699,-3.1660,21015.1763,NA
parkey.exe,25772,0x2D7110A5280,DXGI,1,0,0,Composed: Flip,21042.7121,NA,13.92410000000000,16.68060000000000,0.12090000000000,0.78440000000000,33.7024,21028.9025,13.9305,13.8096,0.1209,0.6485,13.9455,9.2679,4.6776,-2.9544,21028.9025,NA
parkey.exe,25772,0x2D7110A5280,DXGI,1,0,0,Composed: Flip,21063.6310,NA,20.91890000000000,16.67790000000000,0.14180000000000,0.77120000000000,29.4614,21042.8330,20.9398,20.7980,0.1418,0.6635,20.9057,9.4535,11.4522,-2.7474,21042.8330,NA
parkey.exe,25772,0x2D7110A5280,DXGI,1,0,0,Composed: Flip,21077.4181,NA,13.78710000000000,16.67220000000000,0.11280000000000,0.96010000000000,32.3465,21063.7728,13.7581,13.6453,0.1128,0.6294,13.9760,8.1291,5.8469,4.2676,21063.7728,NA
parkey.exe,25772,0x2D7110A5280,DXGI,1,0,0,Composed: Flip,21098.3401,NA,20.92200000000000,9.24430000000000,0.11980000000000,0.76780000000000,20.6688,21077.5309,20.9290,20.8092,0.1198,0.8473,20.7297,9.3038,11.4259,4.5138,21077.5309,NA
parkey.exe,25772,0x2D7110A5280,DXGI,1,0,0,Composed: Flip,21112.1606,NA,13.82050000000000,24.12400000000000,0.11160000000000,0.75870000000000,30.9723,21098.4599,13.8123,13.7007,0.1116,0.6480,13.8114,9.2387,4.5727,-3.1950,21098.4599,NA
parkey.exe,25772,0x2D7110A5280,DXGI,1,0,0,Composed: Flip,21126.0332,NA,13.87260000000000,16.68190000000000,0.13580000000000,0.74950000000000,33.7816,21112.2722,13.8968,13.7610,0.1358,0.6471,13.8634,9.2526,4.6108,-2.8696,21112.2722,NA
parkey.exe,25772,0x2D7110A5280,DXGI,1,0,0,Composed: Flip,21146.9609,NA,20.92770000000000,16.68080000000000,0.12420000000000,0.74940000000000,29.5347,21126.1690,20.9161,20.7919,0.1242,0.6137,20.9276,9.4186,11.5090,-2.7840,21126.1690,NA
parkey.exe,25772,0x2D7110A5280,DXGI,1,0,0,Composed: Flip,21160.7848,NA,13.82390000000000,16.67950000000000,0.11170000000000,0.76360000000000,32.3903,21147.0851,13.8114,13.6997,0.1117,0.6252,13.8381,9.2091,4.6290,4.2366,21147.0851,NA
parkey.exe,25772,0x2D7110A5280,DXGI,1,0,0,Composed: Flip,21181.6192,NA,20.83440000000000,16.71740000000000,0.13900000000000,0.77010000000000,28.2733,21160.8965,20.8617,20.7227,0.1390,0.6519,20.8409,7.9680,12.8729,-2.9060,21160.8965,NA
parkey.exe,25772,0x2D7110A5280,DXGI,1,0,0,Composed: Flip,21195.5942,NA,13.97500000000000,6.38290000000000,0.10880000000000,0.78900000000000,20.6812,21181.7582,13.9448,13.8360,0.1088,0.6311,13.9939,9.2573,4.7366,14.4788,21181.7582,NA
parkey.exe,25772,0x2D7110A5280,DXGI,1,0,0,Composed: Flip,21209.4375,NA,13.84330000000000,26.94320000000000,0.14940000000000,0.77800000000000,33.7811,21195.7030,13.8839,13.7345,0.1494,0.6802,13.8323,8.9001,4.9322,-12.9984,21195.7030,NA
parkey.exe,25772,0x2D7110A5280,DXGI,1,0,0,Composed: Flip,21230.3164,NA,20.87890000000000,16.67310000000000,0.12630000000000,0.75680000000000,29.5753,21209.5869,20.8558,20.7295,0.1263,0.6286,20.8577,9.2514,11.6063,-2.7892,21209.5869,NA
parkey.exe,25772,0x2D7110A5280,DXGI,1,0,0,Composed: Flip,21244.1604,NA,13.84400000000000,16.68380000000000,0.14940000000000,0.91630000000000,32.4151,21230.4427,13.8671,13.7177,0.1494,0.6305,14.0035,9.4235,4.5800,4.1720,21230.4427,NA
parkey.exe,25772,0x2D7110A5280,DXGI,1,0,0,Composed: Flip,21265.0119,NA,20.85150000000000,9.11820000000000,0.10940000000000,0.76530000000000,20.6818,21244.3098,20.8115,20.7021,0.1094,0.7669,20.7005,9.3095,11.3910,4.7489,21244.3098,NA
parkey.exe,25772,0x2D7110A5280,DXGI,1,0,0,Composed: Flip,21278.8216,NA,13.80970000000000,24.25500000000000,0.09450000000000,0.76730000000000,31.1271,21265.1213,13.7948,13.7003,0.0945,0.6559,13.8117,7.9588,5.8529,-3.4435,21265.1213,NA
parkey.exe,25772,0x2D7110A5280,DXGI,1,0,0,Composed: Flip,21292.7456,NA,13.92400000000000,16.67180000000000,0.11460000000000,0.75730000000000,33.8749,21278.9161,13.9441,13.8295,0.1146,0.6728,13.9140,9.2458,4.6682,-2.8770,21278.9161,NA
parkey.exe,25772,0x2D7110A5280,DXGI,1,0,0,Composed: Flip,21313.7019,NA,20.95630000000000,16.66910000000000,0.17200000000000,0.75060000000000,29.5877,21292.8602,21.0137,20.8417,0.1720,0.6427,20.9496,9.4357,11.5139,-2.7250,21292.8602,NA
parkey.exe,25772,0x2D7110A5280,DXGI,1,0,0,Composed: Flip,21327.4867,NA,13.78480000000000,16.68630000000000,0.10700000000000,0.94400000000000,32.4892,21313.8739,13.7198,13.6128,0.1070,0.5786,13.9782,9.4452,4.5330,4.3274,21313.8739,NA
parkey.exe,25772,0x2D7110A5280,DXGI,1,0,0,Composed: Flip,21348.3762,NA,20.88950000000000,16.67950000000000,0.11900000000000,0.74990000000000,28.2792,21327.5937,20.9015,20.7825,0.1190,0.8370,20.6954,9.2588,11.4366,-2.9597,21327.5937,NA
parkey.exe,25772,0x2D7110A5280,DXGI,1,0,0,Composed: Flip,21362.1699,NA,13.79370000000000,16.67840000000000,0.09250000000000,0.77680000000000,31.1639,21348.4952,13.7672,13.6747,0.0925,0.6309,13.8206,9.2502,4.5704,4.2231,21348.4952,NA
parkey.exe,25772,0x2D7110A5280,DXGI,1,0,0,Composed: Flip,21383.0381,NA,20.86820000000000,16.71160000000000,0.13330000000000,0.76620000000000,27.0073,21362.2624,20.9090,20.7757,0.1333,0.6843,20.8576,7.9238,12.9338,-2.9444,21362.2624,NA
parkey.exe,25772,0x2D7110A5280,DXGI,1,0,0,Composed: Flip,21396.9954,NA,13.95730000000000,16.65540000000000,0.11670000000000,0.75780000000000,29.7054,21383.1714,13.9407,13.8240,0.1167,0.6329,13.9489,9.2498,4.6991,4.2536,21383.1714,NA
parkey.exe,25772,0x2D7110A5280,DXGI,1,0,0,Composed: Flip,21410.8958,NA,13.90040000000000,16.67440000000000,0.15160000000000,0.94760000000000,32.4794,21397.1121,13.9353,13.7837,0.1516,0.6411,14.0902,9.4485,4.6417,-2.7337,21397.1121,NA
parkey.exe,25772,0x2D7110A5280,DXGI,1,0,0,Composed: Flip,21431.7580,NA,20.86220000000000,9.02890000000000,0.12900000000000,0.75510000000000,20.6461,21411.0474,20.8396,20.7106,0.1290,0.7960,20.6697,9.2654,11.4043,4.9064,21411.0474,NA
parkey.exe,25772,0x2D7110A5280,DXGI,1,0,0,Composed: Flip,21445.5396,NA,13.78160000000000,24.33560000000000,0.12200000000000,0.76540000000000,31.2001,21431.8870,13.7746,13.6526,0.1220,0.6261,13.7919,9.2352,4.5567,-3.4960,21431.8870,NA
parkey.exe,25772,0x2D7110A5280,DXGI,1,0,0,Composed: Flip,21466.4207,NA,20.88110000000000,16.69620000000000,0.12060000000000,0.76640000000000,27.0152,21445.6616,20.8797,20.7591,0.1206,0.6434,20.8821,9.2172,11.6649,-2.9216,21445.6616,NA
parkey.exe,25772,0x2D7110A5280,DXGI,1,0,0,Composed: Flip,21480.2718,NA,13.85110000000000,16.65780000000000,0.11210000000000,0.76540000000000,29.8219,21466.5413,13.8426,13.7305,0.1121,0.6458,13.8501,7.9414,5.9087,4.2219,21466.5413,NA
parkey.exe,25772,0x2D7110A5280,DXGI,1,0,0,Composed: Flip,21494.2667,NA,13.99490000000000,16.68410000000000,0.13840000000000,0.76620000000000,32.5111,21480.3839,14.0212,13.8828,0.1384,0.6533,13.9957,9.2043,4.7914,-2.8415,21480.3839,NA
parkey.exe,25772,0x2D7110A5280,DXGI,1,0,0,Composed: Flip,21515.1099,NA,20.84320000000000,8.92000000000000,0.14600000000000,0.78890000000000,20.5879,21494.4051,20.8508,20.7048,0.1460,0.6278,20.8659,9.5034,11.3625,5.1012,21494.4051,NA
parkey.exe,25772,0x2D7110A5280,DXGI,1,0,0,Composed: Flip,21528.8869,NA,13.77700000000000,24.44110000000000,0.10270000000000,0.26110000000000,31.2520,21515.2559,13.7337,13.6310,0.1027,0.6429,13.2492,8.6870,4.5622,-3.5903,21515.2559,NA
parkey.exe,25772,0x2D7110A5280,DXGI,1,0,0,Composed: Flip,21549.7485,NA,20.86160000000000,16.68140000000000,0.11770000000000,0.75210000000000,27.0718,21528.9896,20.8766,20.7589,0.1177,0.1785,21.3325,9.0551,12.2774,-2.9477,21528.9896,NA
parkey.exe,25772,0x2D7110A5280,DXGI,1,0,0,Composed: Flip,21563.7017,NA,13.95320000000000,16.67910000000000,0.12010000000000,0.74180000000000,29.7977,21549.8662,13.9556,13.8355,0.1201,0.6344,13.9429,9.1802,4.7627,4.1975,21549.8662,NA
parkey.exe,25772,0x2D7110A5280,DXGI,1,0,0,Composed: Flip,21577.5200,NA,13.81830000000000,16.68040000000000,0.14240000000000,0.77870000000000,32.6598,21563.8218,13.8406,13.6982,0.1424,0.6217,13.8552,7.9842,5.8710,-2.7248,21563.8218,NA
parkey.exe,25772,0x2D7110A5280,DXGI,1,0,0,Composed: Flip,21598.4441,NA,20.92410000000000,8.92680000000000,0.12260000000000,0.77040000000000,20.6625,21577.6624,20.9043,20.7817,0.1226,0.6363,20.9158,9.3105,11.6053,4.9138,21577.6624,NA
parkey.exe,25772,0x2D7110A5280,DXGI,1,0,0,Composed: Flip,21612.3379,NA,13.89380000000000,24.45000000000000,0.12450000000000,0.77140000000000,31.2187,21598.5667,13.8957,13.7712,0.1245,0.6478,13.8948,9.1815,4.7133,-3.5457,21598.5667,NA
parkey.exe,25772,0x2D7110A5280,DXGI,1,0,0,Composed: Flip,21633.1474,NA,20.80950000000000,16.68220000000000,0.14050000000000,0.38380000000000,27.0914,21612.4624,20.8255,20.6850,0.1405,0.6469,20.4219,8.8702,11.5517,-2.7865,21612.4624,NA
parkey.exe,25772,0x2D7110A5280,DXGI,1,0,0,Composed: Flip,21647.2044,NA,14.05700000000000,16.67640000000000,0.15510000000000,0.39010000000000,29.7108,21633.2879,14.0716,13.9165,0.1551,0.2942,14.0124,8.7561,5.2563,4.1491,21633.2879,NA
parkey.exe,25772,0x2D7110A5280,DXGI,1,0,0,Composed: Flip,21661.0543,NA,13.84990000000000,16.67650000000000,0.19290000000000,0.40710000000000,32.5374,21647.3595,13.8877,13.6948,0.1929,0.2987,13.8032,8.6571,5.1461,-2.6049,21647.3595,NA
parkey.exe,25772,0x2D7110A5280,DXGI,1,0,0,Composed: Flip,21681.8343,NA,20.78000000000000,16.67570000000000,0.16650000000000,0.38460000000000,28.4331,21661.2472,20.7536,20.5871,0.1665,0.2736,20.6981,8.3751,12.3230,-2.7880,21661.2472,NA
parkey.exe,25772,0x2D7110A5280,DXGI,1,0,0,Composed: Flip,21695.8114,NA,13.97710000000000,16.67780000000000,0.16860000000000,0.70590000000000,31.1338,21682.0008,13.9792,13.8106,0.1686,0.2694,14.2471,9.0588,5.1883,4.0758,21682.0008,NA
parkey.exe,25772,0x2D7110A5280,DXGI,1,0,0,Composed: Flip,21716.5559,NA,20.74450000000000,16.69460000000000,0.14390000000000,0.39760000000000,27.0839,21695.9800,20.7198,20.5759,0.1439,0.5373,20.4362,8.6833,11.7529,-2.7154,21695.9800,NA
parkey.exe,25772,0x2D7110A5280,DXGI,1,0,0,Composed: Flip,21730.4447,NA,13.88880000000000,16.66720000000000,0.12800000000000,0.38590000000000,29.8623,21716.6998,13.8729,13.7449,0.1280,0.3095,13.8213,8.6425,5.1788,4.0526,21716.6998,NA
parkey.exe,25772,0x2D7110A5280,DXGI,1,0,0,Composed: Flip,21744.2863,NA,13.84160000000000,16.68350000000000,0.15050000000000,0.40570000000000,32.7042,21730.5727,13.8641,13.7136,0.1505,0.3230,13.7963,8.7762,5.0201,-2.8106,21730.5727,NA
parkey.exe,25772,0x2D7110A5280,DXGI,1,0,0,Composed: Flip,21765.1969,NA,20.91060000000000,16.68230000000000,0.16350000000000,0.76890000000000,28.4759,21744.4368,20.9236,20.7601,0.1635,0.6158,20.9132,9.3863,11.5269,-2.8182,21744.4368,NA
parkey.exe,25772,0x2D7110A5280,DXGI,1,0,0,Composed: Flip,21778.9566,NA,13.75970000000000,16.67650000000000,0.14230000000000,0.83430000000000,31.3927,21765.3604,13.7385,13.5962,0.1423,0.6054,13.8251,7.9957,5.8294,4.2471,21765.3604,NA
parkey.exe,25772,0x2D7110A5280,DXGI,1,0,0,Composed: Flip,21799.8980,NA,20.94140000000000,16.68450000000000,0.13500000000000,0.78200000000000,27.1358,21779.0989,20.9341,20.7991,0.1350,0.6920,20.8891,8.8597,12.0294,-2.9460,21779.0989,NA
parkey.exe,25772,0x2D7110A5280,DXGI,1,0,0,Composed: Flip,21813.7413,NA,13.84330000000000,16.67730000000000,0.16090000000000,0.40070000000000,29.9698,21800.0330,13.8692,13.7083,0.1609,0.6470,13.4620,8.5294,4.9326,4.2568,21800.0330,NA
parkey.exe,25772,0x2D7110A5280,DXGI,1,0,0,Composed: Flip,21827.6787,NA,13.93740000000000,16.68270000000000,0.18270000000000,0.79050000000000,32.7151,21813.9022,13.9592,13.7765,0.1827,0.2755,14.2915,9.0672,5.2243,-2.8135,21813.9022,NA
parkey.exe,25772,0x2D7110A5280,DXGI,1,0,0,Composed: Flip,21848.5966,NA,20.91790000000000,16.69650000000000,0.14820000000000,0.40440000000000,28.4937,21827.8614,20.8834,20.7352,0.1482,0.6078,20.5318,9.0571,11.4747,-2.7373,21827.8614,NA
parkey.exe,25772,0x2D7110A5280,DXGI,1,0,0,Composed: Flip,21862.4629,NA,13.86630000000000,16.67350000000000,0.25160000000000,0.40750000000000,31.3009,21848.7448,13.9697,13.7181,0.2516,0.3075,13.8181,8.8291,4.9890,4.2099,21848.7448,NA
parkey.exe,25772,0x2D7110A5280,DXGI,1,0,0,Composed: Flip,21883.2245,NA,20.76160000000000,16.67850000000000,0.15250000000000,0.38560000000000,27.2178,21862.7145,20.6625,20.5100,0.1525,0.2184,20.6772,8.4359,12.2413,-2.7088,21862.7145,NA
parkey.exe,25772,0x2D7110A5280,DXGI,1,0,0,Composed: Flip,21897.2490,NA,14.02450000000000,16.66870000000000,0.16160000000000,0.38500000000000,29.8620,21883.3770,14.0336,13.8720,0.1616,0.2860,13.9710,8.6764,5.2946,3.9938,21883.3770,NA
parkey.exe,25772,0x2D7110A5280,DXGI,1,0,0,Composed: Flip,21911.1157,NA,13.86670000000000,16.67890000000000,0.23590000000000,0.38590000000000,32.6742,21897.4106,13.9410,13.7051,0.2359,0.2908,13.8002,8.7027,5.0975,-2.6453,21897.4106,NA
parkey.exe,25772,0x2D7110A5280,DXGI,1,0,0,Composed: Flip,21931.9217,NA,20.80600000000000,16.67580000000000,0.14640000000000,0.39580000000000,28.5440,21911.3516,20.7165,20.5701,0.1464,0.1931,20.7728,8.7594,12.0134,-2.7348,21911.3516,NA
parkey.exe,25772,0x2D7110A5280,DXGI,1,0,0,Composed: Flip,21945.7475,NA,13.82580000000000,16.68740000000000,0.21340000000000,0.77410000000000,31.4056,21932.0681,13.8928,13.6794,0.2134,0.2967,14.1568,9.1301,5.0267,4.0291,21932.0681,NA
parkey.exe,25772,0x2D7110A5280,DXGI,1,0,0,Composed: Flip,21966.7095,NA,20.96200000000000,16.68020000000000,0.17010000000000,0.40320000000000,27.1238,21945.9609,20.9187,20.7486,0.1701,0.5607,20.5911,8.9192,11.6719,-2.7874,21945.9609,NA
parkey.exe,25772,0x2D7110A5280,DXGI,1,0,0,Composed: Flip,21980.4400,NA,13.73050000000000,16.67010000000000,0.13770000000000,0.39400000000000,30.0634,21966.8796,13.6981,13.5604,0.1377,0.3099,13.6445,8.4321,5.2124,4.2486,21966.8796,NA
parkey.exe,25772,0x2D7110A5280,DXGI,1,0,0,Composed: Flip,21994.3786,NA,13.93860000000000,16.68730000000000,0.14530000000000,0.78450000000000,32.8121,21980.5777,13.9462,13.8009,0.1453,0.2832,14.3022,9.0954,5.2068,-2.9892,21980.5777,NA
parkey.exe,25772,0x2D7110A5280,DXGI,1,0,0,Composed: Flip,22015.2328,NA,20.85420000000000,16.68830000000000,0.14960000000000,0.43620000000000,28.6462,21994.5239,20.8585,20.7089,0.1496,0.6392,20.5059,9.2458,11.2601,-2.7421,21994.5239,NA
parkey.exe,25772,0x2D7110A5280,DXGI,1,0,0,Composed: Flip,22029.0614,NA,13.82860000000000,16.66580000000000,0.12700000000000,0.51690000000000,31.4834,22015.3824,13.8060,13.6790,0.1270,0.4360,13.7599,8.7244,5.0355,4.1927,22015.3824,NA
parkey.exe,25772,0x2D7110A5280,DXGI,1,0,0,Composed: Flip,22049.9538,NA,20.89240000000000,16.69040000000000,0.14420000000000,0.76600000000000,27.2814,22029.1884,20.9096,20.7654,0.1442,0.3899,21.1415,9.3395,11.8020,-2.8844,22029.1884,NA
parkey.exe,25772,0x2D7110A5280,DXGI,1,0,0,Composed: Flip,22063.7620,NA,13.80820000000000,16.67540000000000,0.15010000000000,0.77870000000000,30.1486,22050.0980,13.8141,13.6640,0.1501,0.6218,13.8209,9.2184,4.6025,4.2342,22050.0980,NA
parkey.exe,25772,0x2D7110A5280,DXGI,1,0,0,Composed: Flip,22077.6382,NA,13.87620000000000,16.68400000000000,0.17220000000000,0.76750000000000,32.9564,22063.9121,13.8983,13.7261,0.1722,0.6286,13.8650,8.3777,5.4873,-2.8699,22063.9121,NA
parkey.exe,25772,0x2D7110A5280,DXGI,1,0,0,Composed: Flip,22098.5853,NA,20.94710000000000,16.68950000000000,0.14380000000000,0.76490000000000,28.6988,22077.8104,20.9187,20.7749,0.1438,0.5953,20.9445,9.5354,11.4091,-2.7912,22077.8104,NA
parkey.exe,25772,0x2D7110A5280,DXGI,1,0,0,Composed: Flip,22112.4311,NA,13.84580000000000,16.66980000000000,0.13400000000000,0.77590000000000,31.5228,22098.7291,13.8360,13.7020,0.1340,0.6211,13.8568,9.2190,4.6378,4.2489,22098.7291,NA
parkey.exe,25772,0x2D7110A5280,DXGI,1,0,0,Composed: Flip,22133.3324,NA,20.90130000000000,16.68880000000000,0.18180000000000,0.38360000000000,27.3103,22112.5651,20.9491,20.7673,0.1818,0.6419,20.5090,8.8717,11.6373,-2.8528,22112.5651,NA
parkey.exe,25772,0x2D7110A5280,DXGI,1,0,0,Composed: Flip,22147.1625,NA,13.83010000000000,16.78680000000000,0.14180000000000,0.39130000000000,30.2670,22133.5142,13.7901,13.6483,0.1418,0.5115,13.5281,8.6023,4.9258,4.1623,22133.5142,NA
parkey.exe,25772,0x2D7110A5280,DXGI,1,0,0,Composed: Flip,22161.1150,NA,13.95250000000000,16.58040000000000,0.17530000000000,0.42410000000000,32.8949,22147.3043,13.9860,13.8107,0.1753,0.3245,13.9103,8.7542,5.1561,-2.7903,22147.3043,NA
parkey.exe,25772,0x2D7110A5280,DXGI,1,0,0,Composed: Flip,22181.9148,NA,20.79980000000000,16.67070000000000,0.15100000000000,0.38920000000000,28.7658,22161.2903,20.7755,20.6245,0.1510,0.4760,20.5377,8.2257,12.3120,-2.6847,22161.2903,NA
parkey.exe,25772,0x2D7110A5280,DXGI,1,0,0,Composed: Flip,22195.8388,NA,13.92400000000000,16.67030000000000,0.18690000000000,0.83590000000000,31.5121,22182.0658,13.9599,13.7730,0.1869,0.2696,14.3393,9.0927,5.2466,4.1052,22182.0658,NA
parkey.exe,25772,0x2D7110A5280,DXGI,1,0,0,Composed: Flip,22216.6684,NA,20.82960000000000,16.68910000000000,0.14810000000000,0.76430000000000,27.3716,22196.0257,20.7908,20.6427,0.1481,0.6490,20.7580,9.2560,11.5020,-2.7292,22196.0257,NA
parkey.exe,25772,0x2D7110A5280,DXGI,1,0,0,Composed: Flip,22230.4831,NA,13.81470000000000,16.67160000000000,0.13120000000000,0.38140000000000,30.2285,22216.8165,13.7978,13.6666,0.1312,0.6162,13.4318,8.8667,4.5651,4.1192,22216.8165,NA
parkey.exe,25772,0x2D7110A5280,DXGI,1,0,0,Composed: Flip,22244.4991,NA,14.01600000000000,16.68700000000000,0.18130000000000,0.37460000000000,32.8995,22230.6143,14.0661,13.8848,0.1813,0.3016,13.9578,8.6507,5.3071,-2.8892,22230.6143,NA
parkey.exe,25772,0x2D7110A5280,DXGI,1,0,0,Composed: Flip,22265.3206,NA,20.82150000000000,16.68240000000000,0.18060000000000,0.76610000000000,28.7604,22244.6804,20.8208,20.6402,0.1806,0.2672,21.1391,9.0673,12.0718,-2.6163,22244.6804,NA
parkey.exe,25772,0x2D7110A5280,DXGI,1,0,0,Composed: Flip,22279.1127,NA,13.79210000000000,16.67530000000000,0.14790000000000,0.75590000000000,31.6436,22265.5012,13.7594,13.6115,0.1479,0.5855,13.7819,7.9012,5.8807,4.1455,22265.5012,NA
parkey.exe,25772,0x2D7110A5280,DXGI,1,0,0,Composed: Flip,22299.9730,NA,20.86030000000000,16.68530000000000,0.13530000000000,0.76900000000000,27.4686,22279.2606,20.8477,20.7124,0.1353,0.6080,20.8734,9.3114,11.5620,-2.9259,22279.2606,NA
parkey.exe,25772,0x2D7110A5280,DXGI,1,0,0,Composed: Flip,22313.8748,NA,13.90180000000000,16.67090000000000,0.13890000000000,0.38620000000000,30.2377,22300.1083,13.9054,13.7665,0.1389,0.6337,13.5190,8.8068,4.7122,4.1768,22300.1083,NA
parkey.exe,25772,0x2D7110A5280,DXGI,1,0,0,Composed: Flip,22327.8176,NA,13.94280000000000,16.67980000000000,0.19340000000000,0.38490000000000,32.9747,22314.0137,13.9973,13.8039,0.1934,0.2978,13.8910,8.6742,5.2168,-2.7744,22314.0137,NA
parkey.exe,25772,0x2D7110A5280,DXGI,1,0,0,Composed: Flip,22348.6565,NA,20.83890000000000,16.68340000000000,0.13620000000000,0.38230000000000,28.8192,22328.0110,20.7817,20.6455,0.1362,0.2552,20.7726,8.9008,11.8718,-2.6861,22328.0110,NA
parkey.exe,25772,0x2D7110A5280,DXGI,1,0,0,Composed: Flip,22362.3927,NA,13.73620000000000,16.68120000000000,0.12020000000000,0.77610000000000,31.7642,22348.7927,13.7202,13.6000,0.1202,0.3052,14.0709,9.1253,4.9456,4.1005,22348.7927,NA
parkey.exe,25772,0x2D7110A5280,DXGI,1,0,0,Composed: Flip,22383.3189,NA,20.92620000000000,16.69130000000000,0.18940000000000,0.38450000000000,27.5293,22362.5129,20.9954,20.8060,0.1894,0.6559,20.5346,7.5259,13.0087,-2.9711,22362.5129,NA
parkey.exe,25772,0x2D7110A5280,DXGI,1,0,0,Composed: Flip,22397.1942,NA,13.87530000000000,16.67420000000000,0.12260000000000,0.76440000000000,30.3282,22383.5083,13.8085,13.6859,0.1226,0.2538,14.1965,9.0269,5.1696,4.3212,22383.5083,NA
parkey.exe,25772,0x2D7110A5280,DXGI,1,0,0,Composed: Flip,22411.0046,NA,13.81040000000000,16.66870000000000,0.13440000000000,0.75900000000000,33.1865,22397.3168,13.8222,13.6878,0.1344,0.6418,13.8050,9.1039,4.7011,-2.8602,22397.3168,NA
parkey.exe,25772,0x2D7110A5280,DXGI,1,0,0,Composed: Flip,22431.9408,NA,20.93620000000000,16.67710000000000,0.13530000000000,0.75490000000000,28.9274,22411.1390,20.9371,20.8018,0.1353,0.6246,20.9321,9.3860,11.5461,-2.8549,22411.1390,NA
parkey.exe,25772,0x2D7110A5280,DXGI,1,0,0,Composed: Flip,22445.7304,NA,13.78960000000000,16.68630000000000,0.12810000000000,0.66460000000000,31.8241,22432.0761,13.7824,13.6543,0.1281,0.6196,13.6993,9.1308,4.5685,4.2508,22432.0761,NA
parkey.exe,25772,0x2D7110A5280,DXGI,1,0,0,Composed: Flip,22466.6280,NA,20.89760000000000,9.76980000000000,0.12320000000000,0.75560000000000,20.6963,22445.8585,20.8927,20.7695,0.1232,0.5365,20.9886,9.3880,11.6006,4.0126,22445.8585,NA
parkey.exe,25772,0x2D7110A5280,DXGI,1,0,0,Composed: Flip,22480.4820,NA,13.85400000000000,23.59650000000000,0.13670000000000,0.76830000000000,30.4388,22466.7512,13.8675,13.7308,0.1367,0.6324,13.8667,7.9179,5.9488,-2.7038,22466.7512,NA
parkey.exe,25772,0x2D7110A5280,DXGI,1,0,0,Composed: Flip,22494.4408,NA,13.95880000000000,16.67350000000000,0.16620000000000,0.81490000000000,33.1535,22480.6187,13.9883,13.8221,0.1662,0.6316,14.0054,9.2964,4.7090,-2.8060,22480.6187,NA
parkey.exe,25772,0x2D7110A5280,DXGI,1,0,0,Composed: Flip,22515.3172,NA,20.87640000000000,8.28100000000000,0.15030000000000,0.77180000000000,20.5581,22494.6070,20.8605,20.7102,0.1503,0.6487,20.8333,9.5653,11.2680,5.7073,22494.6070,NA
parkey.exe,25772,0x2D7110A5280,DXGI,1,0,0,Composed: Flip,22529.1037,NA,13.78650000000000,25.07700000000000,0.11950000000000,0.90010000000000,31.8486,22515.4675,13.7557,13.6362,0.1195,0.6215,13.9148,9.3999,4.5149,-4.2165,22515.4675,NA
parkey.exe,25772,0x2D7110A5280,DXGI,1,0,0,Composed: Flip,22550.0166,NA,20.91290000000000,16.67980000000000,0.13570000000000,0.75810000000000,27.6155,22529.2232,20.9291,20.7934,0.1357,0.7806,20.7709,9.1722,11.5987,-2.9241,22529.2232,NA
parkey.exe,25772,0x2D7110A5280,DXGI,1,0,0,Composed: Flip,22563.8528,NA,13.83620000000000,16.68240000000000,0.12540000000000,0.42160000000000,30.4617,22550.1523,13.8259,13.7005,0.1254,0.6224,13.4997,8.9734,4.5263,4.2467,22550.1523,NA
parkey.exe,25772,0x2D7110A5280,DXGI,1,0,0,Composed: Flip,22577.7093,NA,13.85650000000000,16.68170000000000,0.15420000000000,0.77560000000000,33.2869,22563.9782,13.8853,13.7311,0.1542,0.6642,13.8425,8.4373,5.4052,-2.8558,22563.9782,NA
parkey.exe,25772,0x2D7110A5280,DXGI,1,0,0,Composed: Flip,22598.6135,NA,20.90420000000000,16.67270000000000,0.12670000000000,0.76450000000000,29.0554,22577.8635,20.8767,20.7500,0.1267,0.6214,20.8931,9.3014,11.5917,-2.7874,22577.8635,NA
parkey.exe,25772,0x2D7110A5280,DXGI,1,0,0,Composed: Flip,22612.4070,NA,13.79350000000000,16.68730000000000,0.10590000000000,0.67050000000000,31.9492,22598.7402,13.7727,13.6668,0.1059,0.6378,13.6995,9.1503,4.5492,4.1894,22598.7402,NA
parkey.exe,25772,0x2D7110A5280,DXGI,1,0,0,Composed: Flip,22633.3325,NA,20.92550000000000,9.65450000000000,0.14910000000000,0.75550000000000,20.6782,22612.5129,20.9687,20.8196,0.1491,0.5646,21.0105,9.2061,11.8044,4.1182,22612.5129,NA
parkey.exe,25772,0x2D7110A5280,DXGI,1,0,0,Composed: Flip,22647.2062,NA,13.87370000000000,23.71720000000000,0.11990000000000,0.77550000000000,30.5217,22633.4816,13.8445,13.7246,0.1199,0.6064,13.8937,9.2574,4.6363,-2.7485,22633.4816,NA
parkey.exe,25772,0x2D7110A5280,DXGI,1,0,0,Composed: Flip,22661.1139,NA,13.90770000000000,16.69220000000000,0.14670000000000,0.84190000000000,33.3062,22647.3261,13.9345,13.7878,0.1467,0.6556,13.9741,9.3271,4.6470,-2.8477,22647.3261,NA
parkey.exe,25772,0x2D7110A5280,DXGI,1,0,0,Composed: Flip,22682.0004,NA,20.88650000000000,16.65340000000000,0.16000000000000,0.40250000000000,29.0731,22661.2606,20.8998,20.7398,0.1600,0.6952,20.4471,8.2472,12.1999,-2.7189,22661.2606,NA
parkey.exe,25772,0x2D7110A5280,DXGI,1,0,0,Composed: Flip,22696.0001,NA,13.99970000000000,16.68410000000000,0.31910000000000,0.40450000000000,31.7575,22682.1604,14.1588,13.8397,0.3191,0.2813,13.9629,8.7431,5.2198,4.2157,22682.1604,NA
parkey.exe,25772,0x2D7110A5280,DXGI,1,0,0,Composed: Flip,22716.7838,NA,20.78370000000000,9.62130000000000,0.14550000000000,0.80080000000000,20.5951,22696.3192,20.6101,20.4646,0.1455,0.2399,21.0255,9.5275,11.4980,4.5375,22696.3192,NA
parkey.exe,25772,0x2D7110A5280,DXGI,1,0,0,Composed: Flip,22730.5639,NA,13.78010000000000,23.74830000000000,0.12890000000000,0.76360000000000,30.5633,22716.9293,13.7635,13.6346,0.1289,0.6553,13.7429,8.9720,4.7709,-3.1382,22716.9293,NA
parkey.exe,25772,0x2D7110A5280,DXGI,1,0,0,Composed: Flip,22744.4921,NA,13.92820000000000,16.68150000000000,0.16620000000000,0.38430000000000,33.3166,22730.6928,13.9655,13.7993,0.1662,0.6347,13.5489,8.8741,4.6748,-2.9180,22730.6928,NA
parkey.exe,25772,0x2D7110A5280,DXGI,1,0,0,Composed: Flip,22765.4433,NA,20.95120000000000,16.66900000000000,0.19430000000000,0.39750000000000,29.0344,22744.6583,20.9793,20.7850,0.1943,0.3141,20.8684,8.6886,12.1798,-2.7035,22744.6583,NA
parkey.exe,25772,0x2D7110A5280,DXGI,1,0,0,Composed: Flip,22779.2693,NA,13.82600000000000,16.68950000000000,0.16710000000000,0.84180000000000,31.8979,22765.6376,13.7988,13.6317,0.1671,0.5532,13.9203,8.7560,5.1643,4.2898,22765.6376,NA
parkey.exe,25772,0x2D7110A5280,DXGI,1,0,0,Composed: Flip,22800.1758,NA,20.90650000000000,9.55140000000000,0.15500000000000,0.40490000000000,20.5428,22779.4364,20.8944,20.7394,0.1550,0.6747,20.4696,8.8510,11.6186,4.2474,22779.4364,NA
parkey.exe,25772,0x2D7110A5280,DXGI,1,0,0,Composed: Flip,22813.9564,NA,13.78060000000000,23.81270000000000,0.13390000000000,0.78190000000000,30.5749,22800.3308,13.7595,13.6256,0.1339,0.3150,14.0925,9.0535,5.0390,-2.9183,22800.3308,NA
parkey.exe,25772,0x2D7110A5280,DXGI,1,0,0,Composed: Flip,22827.8613,NA,13.90490000000000,16.67790000000000,0.19890000000000,0.38640000000000,33.3479,22814.0903,13.9699,13.7710,0.1989,0.6480,13.5094,8.8439,4.6655,-2.9184,22814.0903,NA
parkey.exe,25772,0x2D7110A5280,DXGI,1,0,0,Composed: Flip,22848.7569,NA,20.89560000000000,16.68550000000000,0.13480000000000,0.39830000000000,29.1378,22828.0602,20.8315,20.6967,0.1348,0.2779,20.8171,8.9805,11.8366,-2.7156,22828.0602,NA
parkey.exe,25772,0x2D7110A5280,DXGI,1,0,0,Composed: Flip,22862.6026,NA,13.84570000000000,16.67640000000000,0.16230000000000,0.39310000000000,31.9685,22848.8917,13.8732,13.7109,0.1623,0.3151,13.7889,8.8273,4.9616,4.1551,22848.8917,NA
parkey.exe,25772,0x2D7110A5280,DXGI,1,0,0,Composed: Flip,22883.4247,NA,20.82210000000000,16.37340000000000,0.17420000000000,0.39150000000000,27.5198,22862.7649,20.8340,20.6598,0.1742,0.2652,20.7861,8.3304,12.4557,-2.5002,22862.7649,NA
parkey.exe,25772,0x2D7110A5280,DXGI,1,0,0,Composed: Flip,22897.3745,NA,13.94980000000000,16.97980000000000,0.14900000000000,0.38650000000000,30.5498,22883.5989,13.9246,13.7756,0.1490,0.2781,13.8840,8.6961,5.1879,3.8542,22883.5989,NA
parkey.exe,25772,0x2D7110A5280,DXGI,1,0,0,Composed: Flip,22911.2445,NA,13.87000000000000,16.69620000000000,0.18290000000000,0.39010000000000,33.3760,22897.5235,13.9039,13.7210,0.1829,0.2727,13.8384,8.6536,5.1848,-2.7716,22897.5235,NA
parkey.exe,25772,0x2D7110A5280,DXGI,1,0,0,Composed: Flip,22932.0888,NA,20.84430000000000,16.66330000000000,0.15460000000000,0.39200000000000,29.1950,22911.4274,20.8160,20.6614,0.1546,0.2429,20.8105,8.6983,12.1122,-2.7594,22911.4274,NA
parkey.exe,25772,0x2D7110A5280,DXGI,1,0,0,Composed: Flip,22945.9252,NA,13.83640000000000,16.68120000000000,0.20440000000000,0.37240000000000,32.0398,22932.2434,13.8862,13.6818,0.2044,0.2785,13.7757,8.7651,5.0106,4.1348,22932.2434,NA
parkey.exe,25772,0x2D7110A5280,DXGI,1,0,0,Composed: Flip,22966.8266,NA,20.90140000000000,9.47650000000000,0.16410000000000,0.76830000000000,20.6149,22946.1296,20.8611,20.6970,0.1641,0.2307,21.2346,9.1057,12.1289,4.4097,22946.1296,NA
parkey.exe,25772,0x2D7110A5280,DXGI,1,0,0,Composed: Flip,22980.6456,NA,13.81900000000000,23.88410000000000,0.13920000000000,0.79270000000000,30.6800,22966.9907,13.7941,13.6549,0.1392,0.6042,13.8434,7.9661,5.8773,-3.0230,22966.9907,NA
parkey.exe,25772,0x2D7110A5280,DXGI,1,0,0,Composed: Flip,22994.5543,NA,13.90870000000000,16.68660000000000,0.18350000000000,0.40820000000000,33.4579,22980.7848,13.9530,13.7695,0.1835,0.6535,13.5242,8.8748,4.6494,-2.8925,22980.7848,NA
parkey.exe,25772,0x2D7110A5280,DXGI,1,0,0,Composed: Flip,23015.4653,NA,20.91100000000000,16.68440000000000,0.16350000000000,0.41990000000000,29.2313,22994.7378,20.8910,20.7275,0.1635,0.2805,20.8669,8.7405,12.1264,-2.7314,22994.7378,NA
parkey.exe,25772,0x2D7110A5280,DXGI,1,0,0,Composed: Flip,23029.3193,NA,13.85400000000000,16.67660000000000,0.16810000000000,0.38200000000000,32.0539,23015.6288,13.8586,13.6905,0.1681,0.3119,13.7606,8.6840,5.0766,4.2144,23015.6288,NA
parkey.exe,25772,0x2D7110A5280,DXGI,1,0,0,Composed: Flip,23050.1763,NA,20.85700000000000,16.67460000000000,0.14330000000000,0.38500000000000,27.8715,23029.4874,20.8322,20.6889,0.1433,0.2810,20.7929,8.9046,11.8883,-2.8160,23029.4874,NA
parkey.exe,25772,0x2D7110A5280,DXGI,1,0,0,Composed: Flip,23064.1136,NA,13.93730000000000,16.67250000000000,0.26030000000000,0.38690000000000,30.6067,23050.3196,14.0543,13.7940,0.2603,0.3127,13.8682,8.7835,5.0847,4.1597,23050.3196,NA
parkey.exe,25772,0x2D7110A5280,DXGI,1,0,0,Composed: Flip,23077.8997,NA,13.78610000000000,16.68660000000000,0.21440000000000,0.43040000000000,33.5072,23064.3739,13.7402,13.5258,0.2144,0.1596,13.7966,8.4576,5.3390,-2.6323,23064.3739,NA
parkey.exe,25772,0x2D7110A5280,DXGI,1,0,0,Composed: Flip,23098.7655,NA,20.86580000000000,16.67020000000000,0.14120000000000,0.77820000000000,29.3116,23078.1141,20.7926,20.6514,0.1412,0.2816,21.1480,9.4176,11.7304,-2.9300,23078.1141,NA
parkey.exe,25772,0x2D7110A5280,DXGI,1,0,0,Composed: Flip,23112.5473,NA,13.78180000000000,16.68010000000000,0.11710000000000,0.77240000000000,32.2099,23098.9067,13.7577,13.6406,0.1171,0.6370,13.7760,9.1860,4.5900,4.1125,23098.9067,NA
parkey.exe,25772,0x2D7110A5280,DXGI,1,0,0,Composed: Flip,23133.4389,NA,20.89160000000000,9.33080000000000,0.15540000000000,0.75200000000000,20.6491,23112.6644,20.9299,20.7745,0.1554,0.6553,20.8712,9.2894,11.5818,4.4269,23112.6644,NA
parkey.exe,25772,0x2D7110A5280,DXGI,1,0,0,Composed: Flip,23147.2440,NA,13.80510000000000,24.04010000000000,0.10870000000000,0.76410000000000,30.8841,23133.5943,13.7584,13.6497,0.1087,0.5966,13.8172,9.2590,4.5582,-3.1102,23133.5943,NA
parkey.exe,25772,0x2D7110A5280,DXGI,1,0,0,Composed: Flip,23161.1210,NA,13.87700000000000,16.68020000000000,0.11080000000000,0.77640000000000,33.6873,23147.3527,13.8791,13.7683,0.1108,0.6554,13.8893,9.2364,4.6529,-2.9218,23147.3527,NA
parkey.exe,25772,0x2D7110A5280,DXGI,1,0,0,Composed: Flip,23182.0024,NA,20.88140000000000,16.67430000000000,0.13250000000000,0.79500000000000,29.4802,23161.2318,20.9031,20.7706,0.1325,0.6656,20.9000,7.9524,12.9476,-2.7952,23161.2318,NA
parkey.exe,25772,0x2D7110A5280,DXGI,1,0,0,Composed: Flip,23196.0411,NA,14.03870000000000,16.68120000000000,0.19170000000000,0.87080000000000,32.1227,23182.1349,14.0979,13.9062,0.1917,0.6625,14.1145,9.2299,4.8846,4.2219,23182.1349,NA
parkey.exe,25772,0x2D7110A5280,DXGI,1,0,0,Composed: Flip,23216.8473,NA,20.80620000000000,9.28310000000000,0.13010000000000,0.79060000000000,20.5996,23196.2328,20.7446,20.6145,0.1301,0.6791,20.7260,9.3494,11.3766,4.8148,23196.2328,NA
parkey.exe,25772,0x2D7110A5280,DXGI,1,0,0,Composed: Flip,23230.5922,NA,13.74490000000000,24.08210000000000,0.13100000000000,0.75480000000000,30.9368,23216.9774,13.7458,13.6148,0.1310,0.6605,13.7091,9.1376,4.5715,-3.3375,23216.9774,NA
parkey.exe,25772,0x2D7110A5280,DXGI,1,0,0,Composed: Flip,23244.5202,NA,13.92800000000000,16.67790000000000,0.14080000000000,0.79200000000000,33.6867,23230.7232,13.9378,13.7970,0.1408,0.6238,13.9652,9.2851,4.6801,-2.9321,23230.7232,NA
parkey.exe,25772,0x2D7110A5280,DXGI,1,0,0,Composed: Flip,23265.5018,NA,20.98160000000000,16.67410000000000,0.17970000000000,0.38220000000000,29.3792,23244.6610,21.0205,20.8408,0.1797,0.6512,20.5718,8.7997,11.7721,-2.7363,23244.6610,NA
parkey.exe,25772,0x2D7110A5280,DXGI,1,0,0,Composed: Flip,23279.2874,NA,13.78560000000000,16.69190000000000,0.15420000000000,0.78570000000000,32.2855,23265.6815,13.7601,13.6059,0.1542,0.3175,14.0741,8.8601,5.2140,4.3286,23265.6815,NA
parkey.exe,25772,0x2D7110A5280,DXGI,1,0,0,Composed: Flip,23300.1454,NA,20.85800000000000,9.23520000000000,0.13240000000000,0.78150000000000,20.6627,23279.4416,20.8362,20.7038,0.1324,0.6315,20.8538,9.3156,11.5382,4.5249,23279.4416,NA
parkey.exe,25772,0x2D7110A5280,DXGI,1,0,0,Composed: Flip,23314.0352,NA,13.88980000000000,24.12380000000000,0.12870000000000,0.80400000000000,30.8967,23300.2778,13.8861,13.7574,0.1287,0.6491,13.9123,9.2854,4.6269,-3.2876,23300.2778,NA
parkey.exe,25772,0x2D7110A5280,DXGI,1,0,0,Composed: Flip,23327.9154,NA,13.88020000000000,16.67520000000000,0.26850000000000,0.38600000000000,33.6917,23314.1639,14.0200,13.7515,0.2685,0.6753,13.4622,8.8865,4.5757,-2.7891,23314.1639,NA
parkey.exe,25772,0x2D7110A5280,DXGI,1,0,0,Composed: Flip,23348.8267,NA,20.91130000000000,16.68270000000000,0.13130000000000,0.39830000000000,29.4631,23328.1839,20.7741,20.6428,0.1313,0.1927,20.8484,8.7187,12.1297,-2.6627,23328.1839,NA
parkey.exe,25772,0x2D7110A5280,DXGI,1,0,0,Composed: Flip,23362.6351,NA,13.80840000000000,16.68170000000000,0.13730000000000,0.39250000000000,32.3364,23348.9580,13.8144,13.6771,0.1373,0.2984,13.7712,8.6440,5.1272,4.0924,23348.9580,NA
parkey.exe,25772,0x2D7110A5280,DXGI,1,0,0,Composed: Flip,23383.4677,NA,20.83260000000000,16.05430000000000,0.16580000000000,0.38550000000000,27.5581,23362.7724,20.8611,20.6953,0.1658,0.2909,20.7899,8.4684,12.3215,-2.2399,23362.7724,NA
parkey.exe,25772,0x2D7110A5280,DXGI,1,0,0,Composed: Flip,23397.3519,NA,13.88420000000000,17.29910000000000,0.12970000000000,0.39810000000000,30.9730,23383.6335,13.8481,13.7184,0.1297,0.2782,13.8383,8.4751,5.3632,3.5620,23383.6335,NA
parkey.exe,25772,0x2D7110A5280,DXGI,1,0,0,Composed: Flip,23411.1775,NA,13.82560000000000,16.68410000000000,0.11900000000000,0.46980000000000,33.8315,23397.4816,13.8149,13.6959,0.1190,0.2984,13.8673,8.6684,5.1989,-2.8360,23397.4816,NA
parkey.exe,25772,0x2D7110A5280,DXGI,1,0,0,Composed: Flip,23432.1134,NA,20.93590000000000,16.67140000000000,0.12400000000000,0.39360000000000,29.5670,23411.2965,20.9409,20.8169,0.1240,0.3508,20.8597,9.0156,11.8441,-2.8565,23411.2965,NA
parkey.exe,25772,0x2D7110A5280,DXGI,1,0,0,Composed: Flip,23445.9423,NA,13.82890000000000,16.69120000000000,0.13780000000000,0.78770000000000,32.4293,23432.2374,13.8427,13.7049,0.1378,0.3026,14.1900,9.1031,5.0869,4.2497,23432.2374,NA
parkey.exe,25772,0x2D7110A5280,DXGI,1,0,0,Composed: Flip,23466.8581,NA,20.91580000000000,9.06540000000000,0.13420000000000,0.38560000000000,20.5789,23446.0801,20.9122,20.7780,0.1342,0.6499,20.5137,9.1685,11.3452,4.7773,23446.0801,NA
parkey.exe,25772,0x2D7110A5280,DXGI,1,0,0,Composed: Flip,23480.7330,NA,13.87490000000000,24.28950000000000,0.13330000000000,0.43520000000000,30.9935,23466.9923,13.8740,13.7407,0.1333,0.3107,13.8652,8.4538,5.4114,-3.3773,23466.9923,NA
parkey.exe,25772,0x2D7110A5280,DXGI,1,0,0,Composed: Flip,23494.6140,NA,13.88100000000000,16.68140000000000,0.15570000000000,0.43030000000000,33.7939,23480.8663,13.9034,13.7477,0.1557,0.3327,13.8453,8.7098,5.1355,-2.8074,23480.8663,NA
parkey.exe,25772,0x2D7110A5280,DXGI,1,0,0,Composed: Flip,23515.4613,NA,20.84730000000000,7.64700000000000,0.22930000000000,0.40830000000000,20.5936,23494.7697,20.9209,20.6916,0.2293,0.3232,20.7767,8.8205,11.9562,6.2564,23494.7697,NA
parkey.exe,25772,0x2D7110A5280,DXGI,1,0,0,Composed: Flip,23529.3523,NA,13.89100000000000,25.71130000000000,0.16550000000000,0.38920000000000,32.4139,23515.6906,13.8272,13.6617,0.1655,0.2568,13.7941,8.7306,5.0635,-4.7904,23515.6906,NA
parkey.exe,25772,0x2D7110A5280,DXGI,1,0,0,Composed: Flip,23550.1988,NA,20.84650000000000,16.68780000000000,0.13640000000000,0.37790000000000,28.2552,23529.5178,20.8174,20.6810,0.1364,0.2537,20.8052,8.9074,11.8978,-2.8606,23529.5178,NA
parkey.exe,25772,0x2D7110A5280,DXGI,1,0,0,Composed: Flip,23563.9840,NA,13.78520000000000,16.67030000000000,0.11650000000000,0.39280000000000,31.1403,23550.3352,13.7653,13.6488,0.1165,0.2978,13.7438,8.7629,4.9809,4.1471,23550.3352,NA
parkey.exe,25772,0x2D7110A5280,DXGI,1,0,0,Composed: Flip,23584.8393,NA,20.85530000000000,16.68470000000000,0.14640000000000,0.39330000000000,26.9697,23564.1005,20.8852,20.7388,0.1464,0.3003,20.8318,8.4897,12.3421,-2.9194,23564.1005,NA
parkey.exe,25772,0x2D7110A5280,DXGI,1,0,0,Composed: Flip,23598.7968,NA,13.95750000000000,16.68070000000000,0.12350000000000,0.41050000000000,29.6929,23584.9857,13.9346,13.8111,0.1235,0.2835,13.9381,8.7727,5.1654,4.2045,23584.9857,NA
parkey.exe,25772,0x2D7110A5280,DXGI,1,0,0,Composed: Flip,23612.6324,NA,13.83560000000000,16.67710000000000,0.12940000000000,0.79490000000000,32.5344,23598.9203,13.8415,13.7121,0.1294,0.3234,14.1836,9.1691,5.0145,-2.7425,23598.9203,NA
parkey.exe,25772,0x2D7110A5280,DXGI,1,0,0,Composed: Flip,23633.5524,NA,20.92000000000000,8.95750000000000,0.14920000000000,0.38360000000000,20.5719,23612.7618,20.9398,20.7906,0.1492,0.6655,20.5087,9.1317,11.3770,4.8840,23612.7618,NA
parkey.exe,25772,0x2D7110A5280,DXGI,1,0,0,Composed: Flip,23647.4078,NA,13.85540000000000,24.40140000000000,0.11910000000000,0.26370000000000,31.1179,23633.7016,13.8253,13.7062,0.1191,0.2896,13.6803,8.6510,5.0293,-3.4616,23633.7016,NA
parkey.exe,25772,0x2D7110A5280,DXGI,1,0,0,Composed: Flip,23668.1996,NA,20.79180000000000,16.68450000000000,0.12940000000000,0.41660000000000,27.0106,23647.5269,20.8021,20.6727,0.1294,0.1720,20.9173,8.7096,12.2077,-2.8592,23647.5269,NA
parkey.exe,25772,0x2D7110A5280,DXGI,1,0,0,Composed: Flip,23682.0518,NA,13.85220000000000,16.67580000000000,0.11790000000000,0.80600000000000,29.8342,23668.3290,13.8407,13.7228,0.1179,0.3211,14.2077,8.7970,5.4107,4.1263,23668.3290,NA
parkey.exe,25772,0x2D7110A5280,DXGI,1,0,0,Composed: Flip,23696.0602,NA,14.00840000000000,16.68100000000000,0.13260000000000,0.79760000000000,32.5068,23682.1697,14.0231,13.8905,0.1326,0.6881,14.0000,9.1421,4.8579,-2.8403,23682.1697,NA
parkey.exe,25772,0x2D7110A5280,DXGI,1,0,0,Composed: Flip,23716.8632,NA,20.80300000000000,8.95910000000000,0.16370000000000,0.76940000000000,20.6629,23696.1928,20.8341,20.6704,0.1637,0.6650,20.7748,9.4826,11.2922,5.0640,23696.1928,NA
parkey.exe,25772,0x2D7110A5280,DXGI,1,0,0,Composed: Flip,23730.6459,NA,13.78270000000000,24.39650000000000,0.09390000000000,0.76020000000000,31.2767,23717.0269,13.7129,13.6190,0.0939,0.6057,13.7735,9.1651,4.6084,-3.5624,23717.0269,NA
parkey.exe,25772,0x2D7110A5280,DXGI,1,0,0,Composed: Flip,23751.5333,NA,20.88740000000000,16.68660000000000,0.14740000000000,0.39550000000000,27.0759,23730.7398,20.9409,20.7935,0.1474,0.6663,20.5227,8.9284,11.5943,-2.9737,23730.7398,NA
parkey.exe,25772,0x2D7110A5280,DXGI,1,0,0,Composed: Flip,23765.4844,NA,13.95110000000000,16.68190000000000,0.13970000000000,0.75070000000000,29.8067,23751.6807,13.9434,13.8037,0.1397,0.5305,14.0239,8.9479,5.0760,4.2590,23751.6807,NA
parkey.exe,25772,0x2D7110A5280,DXGI,1,0,0,Composed: Flip,23779.3036,NA,13.81920000000000,16.67420000000000,0.17300000000000,0.61820000000000,32.6617,23765.6241,13.8525,13.6795,0.1730,0.6110,13.6867,8.2312,5.4555,-2.7308,23765.6241,NA
parkey.exe,25772,0x2D7110A5280,DXGI,1,0,0,Composed: Flip,23800.2297,NA,20.92610000000000,8.91110000000000,0.12770000000000,0.77430000000000,20.6467,23779.4766,20.8808,20.7531,0.1277,0.4452,21.0822,9.2130,11.8692,4.9414,23779.4766,NA
parkey.exe,25772,0x2D7110A5280,DXGI,1,0,0,Composed: Flip,23814.0176,NA,13.78790000000000,24.44860000000000,0.10120000000000,0.77320000000000,31.3074,23800.3574,13.7614,13.6602,0.1012,0.6466,13.7868,9.2819,4.5049,-3.5678,23800.3574,NA
parkey.exe,25772,0x2D7110A5280,DXGI,1,0,0,Composed: Flip,23834.8661,NA,20.84850000000000,16.68670000000000,0.13920000000000,0.40640000000000,27.1456,23814.1188,20.8865,20.7473,0.1392,0.6720,20.4817,8.8827,11.5990,-2.9253,23814.1188,NA
parkey.exe,25772,0x2D7110A5280,DXGI,1,0,0,Composed: Flip,23848.8265,NA,13.96040000000000,16.67750000000000,0.11620000000000,0.74630000000000,29.8627,23835.0053,13.9374,13.8212,0.1162,0.4232,14.1443,8.9733,5.1710,4.2090,23835.0053,NA
parkey.exe,25772,0x2D7110A5280,DXGI,1,0,0,Composed: Flip,23862.6813,NA,13.85480000000000,16.68220000000000,0.12790000000000,0.38140000000000,32.6901,23848.9427,13.8665,13.7386,0.1279,0.6301,13.4899,8.7530,4.7369,-2.7448,23848.9427,NA
parkey.exe,25772,0x2D7110A5280,DXGI,1,0,0,Composed: Flip,23883.4863,NA,20.80500000000000,16.67810000000000,0.13790000000000,0.59300000000000,28.5632,23862.8092,20.8150,20.6771,0.1379,0.4267,20.8434,8.4876,12.3558,-2.8116,23862.8092,NA
parkey.exe,25772,0x2D7110A5280,DXGI,1,0,0,Composed: Flip,23897.4606,NA,13.97430000000000,16.67230000000000,0.10500000000000,0.26430000000000,31.2612,23883.6242,13.9414,13.8364,0.1050,0.4551,13.6456,8.7145,4.9311,4.1427,23883.6242,NA
parkey.exe,25772,0x2D7110A5280,DXGI,1,0,0,Composed: Flip,23918.2302,NA,20.76960000000000,16.69120000000000,0.12430000000000,0.78090000000000,27.1828,23897.5656,20.7889,20.6646,0.1243,0.1881,21.2574,9.0639,12.1935,-2.7498,23897.5656,NA
parkey.exe,25772,0x2D7110A5280,DXGI,1,0,0,Composed: Flip,23932.1420,NA,13.91180000000000,16.67250000000000,0.11000000000000,0.75560000000000,29.9435,23918.3545,13.8975,13.7875,0.1100,0.6566,13.8865,9.2129,4.6736,4.1164,23918.3545,NA
parkey.exe,25772,0x2D7110A5280,DXGI,1,0,0,Composed: Flip,23945.9945,NA,13.85250000000000,16.68430000000000,0.14300000000000,0.75160000000000,32.7753,23932.2520,13.8855,13.7425,0.1430,0.6456,13.8485,9.2620,4.5865,-2.7868,23932.2520,NA
parkey.exe,25772,0x2D7110A5280,DXGI,1,0,0,Composed: Flip,23966.9104,NA,20.91590000000000,8.79820000000000,0.12180000000000,0.77360000000000,20.6576,23946.1375,20.8947,20.7729,0.1218,0.6086,20.9379,9.3033,11.6346,5.0873,23946.1375,NA
parkey.exe,25772,0x2D7110A5280,DXGI,1,0,0,Composed: Flip,23980.6942,NA,13.78380000000000,24.57270000000000,0.09870000000000,0.61720000000000,31.4465,23967.0322,13.7607,13.6620,0.0987,0.6518,13.6274,7.7714,5.8560,-3.6780,23967.0322,NA
parkey.exe,25772,0x2D7110A5280,DXGI,1,0,0,Composed: Flip,24001.5729,NA,20.87870000000000,16.67560000000000,0.12110000000000,0.40550000000000,27.2434,23980.7929,20.9011,20.7800,0.1211,0.5185,20.6670,8.8847,11.7823,-2.9149,23980.7929,NA
parkey.exe,25772,0x2D7110A5280,DXGI,1,0,0,Composed: Flip,24015.5481,NA,13.97520000000000,16.67990000000000,0.13240000000000,0.42180000000000,29.9481,24001.6940,13.9865,13.8541,0.1324,0.5953,13.6806,8.6009,5.0797,4.2212,24001.6940,NA
parkey.exe,25772,0x2D7110A5280,DXGI,1,0,0,Composed: Flip,24029.3538,NA,13.80570000000000,16.67370000000000,0.12420000000000,0.74740000000000,32.8161,24015.6805,13.7975,13.6733,0.1242,0.3334,14.0873,9.1107,4.9766,-2.6872,24015.6805,NA
parkey.exe,25772,0x2D7110A5280,DXGI,1,0,0,Composed: Flip,24050.2980,NA,20.94420000000000,16.68530000000000,0.13210000000000,0.76930000000000,28.5572,24029.4780,20.9521,20.8200,0.1321,0.6232,20.9661,9.4910,11.4751,-2.8878,24029.4780,NA
parkey.exe,25772,0x2D7110A5280,DXGI,1,0,0,Composed: Flip,24064.0780,NA,13.78000000000000,16.67330000000000,0.11060000000000,0.74820000000000,31.4505,24050.4301,13.7585,13.6479,0.1106,0.6372,13.7589,9.1495,4.6094,4.2788,24050.4301,NA
parkey.exe,25772,0x2D7110A5280,DXGI,1,0,0,Composed: Flip,24084.9150,NA,20.83700000000000,16.68810000000000,0.13580000000000,0.76650000000000,27.3016,24064.1886,20.8622,20.7264,0.1358,0.6376,20.8553,7.9367,12.9186,-2.9296,24064.1886,NA
parkey.exe,25772,0x2D7110A5280,DXGI,1,0,0,Composed: Flip,24098.8591,NA,13.94410000000000,16.67930000000000,0.11820000000000,0.77640000000000,30.0368,24085.0508,13.9265,13.8083,0.1182,0.6307,13.9540,9.1389,4.8151,4.1829,24085.0508,NA
parkey.exe,25772,0x2D7110A5280,DXGI,1,0,0,Composed: Flip,24112.7595,NA,13.90040000000000,16.68400000000000,0.14870000000000,0.38980000000000,32.8204,24098.9773,13.9309,13.7822,0.1487,0.6582,13.5138,8.8999,4.6139,-2.7575,24098.9773,NA
parkey.exe,25772,0x2D7110A5280,DXGI,1,0,0,Composed: Flip,24133.6454,NA,20.88590000000000,16.67380000000000,0.15840000000000,0.75290000000000,28.6083,24112.9082,20.8956,20.7372,0.1584,0.2911,21.1990,9.3937,11.8053,-2.7429,24112.9082,NA
parkey.exe,25772,0x2D7110A5280,DXGI,1,0,0,Composed: Flip,24147.4758,NA,13.83040000000000,16.67940000000000,0.13380000000000,0.77620000000000,31.4573,24133.8038,13.8058,13.6720,0.1338,0.5945,13.8537,9.2838,4.5699,4.2162,24133.8038,NA
parkey.exe,25772,0x2D7110A5280,DXGI,1,0,0,Composed: Flip,24168.3483,NA,20.87250000000000,16.68540000000000,0.13160000000000,0.76750000000000,27.2702,24147.6096,20.8703,20.7387,0.1316,0.6424,20.8638,9.2552,11.6086,-2.8796,24147.6096,NA
parkey.exe,25772,0x2D7110A5280,DXGI,1,0,0,Composed: Flip,24182.1437,NA,13.79540000000000,16.67640000000000,0.12320000000000,0.82070000000000,30.1512,24168.4799,13.7870,13.6638,0.1232,0.6359,13.8486,7.9912,5.8574,4.1939,24168.4799,NA
parkey.exe,25772,0x2D7110A5280,DXGI,1,0,0,Composed: Flip,24196.1862,NA,14.04250000000000,16.68360000000000,0.19160000000000,0.40300000000000,32.7923,24182.2669,14.1109,13.9193,0.1916,0.6975,13.6248,8.5586,5.0662,-2.8966,24182.2669,NA
parkey.exe,25772,0x2D7110A5280,DXGI,1,0,0,Composed: Flip,24217.0020,NA,20.81580000000000,16.67040000000000,0.14330000000000,0.77130000000000,28.6469,24196.3778,20.7675,20.6242,0.1433,0.2705,21.1250,9.3939,11.7311,-2.5595,24196.3778,NA
parkey.exe,25772,0x2D7110A5280,DXGI,1,0,0,Composed: Flip,24230.8118,NA,13.80980000000000,16.68240000000000,0.13650000000000,0.71050000000000,31.5195,24217.1453,13.8030,13.6665,0.1365,0.6280,13.7490,9.1968,4.5522,4.0851,24217.1453,NA
parkey.exe,25772,0x2D7110A5280,DXGI,1,0,0,Composed: Flip,24251.7250,NA,20.91320000000000,16.69830000000000,0.13790000000000,0.37630000000000,27.3046,24230.9483,20.9146,20.7767,0.1379,0.5740,20.5790,8.9165,11.6625,-2.8953,24230.9483,NA
parkey.exe,25772,0x2D7110A5280,DXGI,1,0,0,Composed: Flip,24265.5171,NA,13.79210000000000,16.66170000000000,0.14710000000000,0.74890000000000,30.1742,24251.8629,13.8013,13.6542,0.1471,0.3871,14.0160,8.9673,5.0487,4.2529,24251.8629,NA
parkey.exe,25772,0x2D7110A5280,DXGI,1,0,0,Composed: Flip,24279.4288,NA,13.91170000000000,16.68160000000000,0.13390000000000,0.80360000000000,32.9441,24265.6642,13.8985,13.7646,0.1339,0.6018,13.9664,7.9614,6.0050,-2.8803,24265.6642,NA
parkey.exe,25772,0x2D7110A5280,DXGI,1,0,0,Composed: Flip,24300.3083,NA,20.87950000000000,16.68250000000000,0.12850000000000,0.77480000000000,28.7471,24279.5627,20.8741,20.7456,0.1285,0.6697,20.8507,9.2106,11.6401,-2.7840,24279.5627,NA
parkey.exe,25772,0x2D7110A5280,DXGI,1,0,0,Composed: Flip,24314.1051,NA,13.79680000000000,16.67710000000000,0.11770000000000,0.72890000000000,31.6274,24300.4368,13.7860,13.6683,0.1177,0.6463,13.7509,9.1899,4.5610,4.1970,24300.4368,NA
parkey.exe,25772,0x2D7110A5280,DXGI,1,0,0,Composed: Flip,24335.0394,NA,20.93430000000000,16.68450000000000,0.13680000000000,0.77410000000000,27.3776,24314.2228,20.9534,20.8166,0.1368,0.6112,20.9795,8.9440,12.0355,-2.8985,24314.2228,NA
parkey.exe,25772,0x2D7110A5280,DXGI,1,0,0,Composed: Flip,24348.8386,NA,13.79920000000000,16.67940000000000,0.11290000000000,0.75570000000000,30.2578,24335.1762,13.7753,13.6624,0.1129,0.6373,13.7808,9.2033,4.5775,4.2740,24335.1762,NA
parkey.exe,25772,0x2D7110A5280,DXGI,1,0,0,Composed: Flip,24362.7961,NA,13.95750000000000,16.68470000000000,0.11770000000000,0.39760000000000,32.9850,24348.9515,13.9623,13.8446,0.1177,0.6428,13.5994,8.8942,4.7052,-2.9094,24348.9515,NA
parkey.exe,25772,0x2D7110A5280,DXGI,1,0,0,Composed: Flip,24383.6023,NA,20.80620000000000,16.69140000000000,0.30290000000000,0.39430000000000,28.8702,24362.9138,20.9914,20.6885,0.3029,0.4378,20.6450,8.2441,12.4009,-2.7291,24362.9138,NA
parkey.exe,25772,0x2D7110A5280,DXGI,1,0,0,Composed: Flip,24397.5115,NA,13.90920000000000,16.66040000000000,0.09920000000000,0.77740000000000,31.6214,24383.9052,13.7055,13.6063,0.0992,0.1636,14.2201,9.1948,5.0253,4.3310,24383.9052,NA
parkey.exe,25772,0x2D7110A5280,DXGI,1,0,0,Composed: Flip,24418.4024,NA,20.89090000000000,16.68880000000000,0.12820000000000,0.82130000000000,27.4193,24397.6107,20.9199,20.7917,0.1282,0.6782,20.9348,8.9321,12.0027,-2.9833,24397.6107,NA
parkey.exe,25772,0x2D7110A5280,DXGI,1,0,0,Composed: Flip,24432.2238,NA,13.82140000000000,16.67960000000000,0.12340000000000,0.39140000000000,30.2775,24418.5306,13.8166,13.6932,0.1234,0.6931,13.3915,8.5472,4.8443,4.2403,24418.5306,NA
parkey.exe,25772,0x2D7110A5280,DXGI,1,0,0,Composed: Flip,24446.1591,NA,13.93530000000000,16.68360000000000,0.23260000000000,0.61990000000000,33.0258,24432.3472,14.0445,13.8119,0.2326,0.3138,14.1180,9.0053,5.1127,-2.8670,24432.3472,NA
parkey.exe,25772,0x2D7110A5280,DXGI,1,0,0,Composed: Flip,24467.0289,NA,20.86980000000000,16.68500000000000,0.13670000000000,0.74600000000000,28.8410,24446.3917,20.7739,20.6372,0.1367,0.3873,20.9959,9.1291,11.8668,-2.6405,24446.3917,NA
parkey.exe,25772,0x2D7110A5280,DXGI,1,0,0,Composed: Flip,24480.8108,NA,13.78190000000000,16.65890000000000,0.10250000000000,0.28780000000000,31.7180,24467.1656,13.7477,13.6452,0.1025,0.6093,13.3237,7.4301,5.8936,4.1150,24467.1656,NA
parkey.exe,25772,0x2D7110A5280,DXGI,1,0,0,Composed: Flip,24501.7235,NA,20.91270000000000,16.69130000000000,0.12650000000000,0.76840000000000,27.4966,24480.9133,20.9367,20.8102,0.1265,0.3341,21.2445,9.2351,12.0094,-2.9436,24480.9133,NA
parkey.exe,25772,0x2D7110A5280,DXGI,1,0,0,Composed: Flip,24515.5637,NA,13.84020000000000,16.68150000000000,0.12700000000000,0.41140000000000,30.3379,24501.8500,13.8407,13.7137,0.1270,0.6419,13.4832,8.9116,4.5716,4.2552,24501.8500,NA
parkey.exe,25772,0x2D7110A5280,DXGI,1,0,0,Composed: Flip,24529.5056,NA,13.94190000000000,16.67830000000000,0.12960000000000,0.81800000000000,33.0743,24515.6907,13.9445,13.8149,0.1296,0.3067,14.3262,8.8118,5.5144,-2.8376,24515.6907,NA
parkey.exe,25772,0x2D7110A5280,DXGI,1,0,0,Composed: Flip,24550.3467,NA,20.84110000000000,16.67620000000000,0.12420000000000,0.76020000000000,28.9094,24529.6352,20.8357,20.7115,0.1242,0.6884,20.7833,9.6641,11.1192,-2.7317,24529.6352,NA
parkey.exe,25772,0x2D7110A5280,DXGI,1,0,0,Composed: Flip,24564.1603,NA,13.81360000000000,16.67950000000000,0.11250000000000,0.75270000000000,31.7753,24550.4709,13.8019,13.6894,0.1125,0.6360,13.8061,9.3258,4.4803,4.1562,24550.4709,NA
parkey.exe,25772,0x2D7110A5280,DXGI,1,0,0,Composed: Flip,24585.0674,NA,20.90710000000000,9.75130000000000,0.16030000000000,0.68530000000000,20.6195,24564.2728,20.9549,20.7946,0.1603,0.6402,20.8397,7.8365,13.0032,4.0506,24564.2728,NA
parkey.exe,25772,0x2D7110A5280,DXGI,1,0,0,Composed: Flip,24598.8821,NA,13.81470000000000,13.88520000000000,0.11420000000000,0.40900000000000,20.6900,24585.2277,13.7686,13.6544,0.1142,0.5250,13.5384,9.2437,4.2947,7.0697,24585.2277,NA
parkey.exe,25772,0x2D7110A5280,DXGI,1,0,0,Composed: Flip,24612.8241,NA,13.94200000000000,26.40980000000000,0.18320000000000,0.43080000000000,33.1578,24598.9963,14.0110,13.8278,0.1832,0.3542,13.9044,8.7271,5.1773,-12.6412,24598.9963,NA
parkey.exe,25772,0x2D7110A5280,DXGI,1,0,0,Composed: Flip,24633.7069,NA,20.88280000000000,16.68050000000000,0.15780000000000,0.43670000000000,28.9555,24613.0073,20.8574,20.6996,0.1578,0.2831,20.8532,8.7309,12.1223,-2.6695,24613.0073,NA
parkey.exe,25772,0x2D7110A5280,DXGI,1,0,0,Composed: Flip,24647.5046,NA,13.79770000000000,16.67420000000000,0.12250000000000,0.74860000000000,31.8320,24633.8647,13.7624,13.6399,0.1225,0.3109,14.0776,8.9822,5.0954,4.1832,24633.8647,NA
parkey.exe,25772,0x2D7110A5280,DXGI,1,0,0,Composed: Flip,24668.4754,NA,20.97080000000000,9.74220000000000,0.13830000000000,0.39000000000000,20.6034,24647.6271,20.9866,20.8483,0.1383,0.6261,20.6122,9.0024,11.6098,4.0202,24647.6271,NA
parkey.exe,25772,0x2D7110A5280,DXGI,1,0,0,Composed: Flip,24682.2156,NA,13.74020000000000,23.61720000000000,0.10150000000000,0.76860000000000,30.4804,24668.6137,13.7034,13.6019,0.1015,0.2831,14.0874,9.0645,5.0229,-2.6306,24668.6137,NA
parkey.exe,25772,0x2D7110A5280,DXGI,1,0,0,Composed: Flip,24696.0982,NA,13.88260000000000,16.69270000000000,0.11830000000000,0.78740000000000,33.2905,24682.3171,13.8994,13.7811,0.1183,0.6671,13.9014,9.3561,4.5453,-2.9893,24682.3171,NA
parkey.exe,25772,0x2D7110A5280,DXGI,1,0,0,Composed: Flip,24717.0834,NA,20.98520000000000,16.66640000000000,0.13800000000000,0.78070000000000,28.9717,24696.2165,21.0049,20.8669,0.1380,0.6691,20.9785,9.4786,11.4999,-2.7670,24696.2165,NA
parkey.exe,25772,0x2D7110A5280,DXGI,1,0,0,Composed: Flip,24730.8431,NA,13.75970000000000,16.67780000000000,0.12160000000000,0.53100000000000,31.8898,24717.2214,13.7433,13.6217,0.1216,0.6427,13.5100,9.0057,4.5043,4.3271,24717.2214,NA
parkey.exe,25772,0x2D7110A5280,DXGI,1,0,0,Composed: Flip,24751.7550,NA,20.91190000000000,16.68730000000000,0.12070000000000,0.75610000000000,27.6652,24730.9647,20.9110,20.7903,0.1207,0.4094,21.1370,9.2513,11.8857,-2.9440,24730.9647,NA
parkey.exe,25772,0x2D7110A5280,DXGI,1,0,0,Composed: Flip,24765.6095,NA,13.85450000000000,16.68740000000000,0.14580000000000,0.75090000000000,30.4981,24751.8757,13.8796,13.7338,0.1458,0.6354,13.8493,9.2233,4.6260,4.2236,24751.8757,NA
parkey.exe,25772,0x2D7110A5280,DXGI,1,0,0,Composed: Flip,24779.4623,NA,13.85280000000000,16.67690000000000,0.10600000000000,0.78770000000000,33.3222,24765.7553,13.8130,13.7070,0.1060,0.6051,13.8896,7.9363,5.9533,-2.7973,24765.7553,NA
parkey.exe,25772,0x2D7110A5280,DXGI,1,0,0,Composed: Flip,24800.4314,NA,20.96910000000000,16.68580000000000,0.13570000000000,0.77200000000000,29.0389,24779.5683,20.9988,20.8631,0.1357,0.6817,20.9534,9.4369,11.5165,-2.8728,24779.5683,NA
parkey.exe,25772,0x2D7110A5280,DXGI,1,0,0,Composed: Flip,24814.2436,NA,13.81220000000000,16.67340000000000,0.14280000000000,0.97700000000000,31.9001,24800.5671,13.8193,13.6765,0.1428,0.6363,14.0172,9.4185,4.5987,4.3254,24800.5671,NA
parkey.exe,25772,0x2D7110A5280,DXGI,1,0,0,Composed: Flip,24835.1805,NA,20.93690000000000,9.63770000000000,0.14810000000000,0.79190000000000,20.6009,24814.3864,20.9422,20.7941,0.1481,0.8342,20.7518,9.2914,11.4604,4.1816,24814.3864,NA
parkey.exe,25772,0x2D7110A5280,DXGI,1,0,0,Composed: Flip,24848.9097,NA,13.72920000000000,23.72110000000000,0.10880000000000,0.76990000000000,30.5928,24835.3286,13.6899,13.5811,0.1088,0.6438,13.7072,9.1676,4.5396,-2.7789,24835.3286,NA
parkey.exe,25772,0x2D7110A5280,DXGI,1,0,0,Composed: Flip,24862.8409,NA,13.93120000000000,16.68050000000000,0.12240000000000,0.75920000000000,33.3421,24849.0185,13.9448,13.8224,0.1224,0.6611,13.9205,9.2837,4.6368,-2.9906,24849.0185,NA
parkey.exe,25772,0x2D7110A5280,DXGI,1,0,0,Composed: Flip,24883.7030,NA,20.86210000000000,16.67700000000000,0.15550000000000,0.77670000000000,29.1570,24862.9633,20.8952,20.7397,0.1555,0.6368,20.8796,7.9067,12.9729,-2.7322,24862.9633,NA
parkey.exe,25772,0x2D7110A5280,DXGI,1,0,0,Composed: Flip,24897.5954,NA,13.89240000000000,16.68090000000000,0.10500000000000,0.80600000000000,31.9455,24883.8585,13.8419,13.7369,0.1050,0.6212,13.9217,9.1811,4.7406,4.2143,24883.8585,NA
parkey.exe,25772,0x2D7110A5280,DXGI,1,0,0,Composed: Flip,24918.4585,NA,20.86310000000000,9.58110000000000,0.12280000000000,0.77450000000000,20.6635,24897.7004,20.8809,20.7581,0.1228,0.7010,20.8316,9.2388,11.5928,4.2608,24897.7004,NA
parkey.exe,25772,0x2D7110A5280,DXGI,1,0,0,Composed: Flip,24932.2707,NA,13.81220000000000,23.77770000000000,0.12250000000000,0.76440000000000,30.6290,24918.5813,13.8119,13.6894,0.1225,0.6517,13.8021,9.2383,4.5638,-2.8968,24918.5813,NA
parkey.exe,25772,0x2D7110A5280,DXGI,1,0,0,Composed: Flip,24946.1548,NA,13.88410000000000,16.68630000000000,0.11920000000000,0.75660000000000,33.4312,24932.3932,13.8808,13.7616,0.1192,0.6419,13.8763,9.2223,4.6540,-2.8744,24932.3932,NA
parkey.exe,25772,0x2D7110A5280,DXGI,1,0,0,Composed: Flip,24967.0719,NA,20.91710000000000,16.67290000000000,0.11910000000000,0.76960000000000,29.1870,24946.2740,20.9170,20.7979,0.1191,0.6374,20.9301,9.5010,11.4291,-2.7921,24946.2740,NA
parkey.exe,25772,0x2D7110A5280,DXGI,1,0,0,Composed: Flip,24980.8705,NA,13.79860000000000,16.68450000000000,0.09830000000000,0.80330000000000,32.0729,24967.1910,13.7778,13.6795,0.0983,0.6505,13.8323,7.9605,5.8718,4.2325,24967.1910,NA
parkey.exe,25772,0x2D7110A5280,DXGI,1,0,0,Composed: Flip,25001.8096,NA,20.93910000000000,9.53190000000000,0.12180000000000,0.77230000000000,20.6657,24980.9688,20.9626,20.8408,0.1218,0.7050,20.9081,9.2667,11.6414,4.2459,24980.9688,NA
parkey.exe,25772,0x2D7110A5280,DXGI,1,0,0,Composed: Flip,25015.6129,NA,13.80330000000000,23.82960000000000,0.12570000000000,0.77270000000000,30.6920,25001.9314,13.8072,13.6815,0.1257,0.6505,13.8037,9.2580,4.5457,-2.8670,25001.9314,NA
parkey.exe,25772,0x2D7110A5280,DXGI,1,0,0,Composed: Flip,25029.5124,NA,13.89950000000000,16.68040000000000,0.15670000000000,0.76180000000000,33.4729,25015.7386,13.9305,13.7738,0.1567,0.6470,13.8886,9.2414,4.6472,-2.8732,25015.7386,NA
parkey.exe,25772,0x2D7110A5280,DXGI,1,0,0,Composed: Flip,25050.4302,NA,20.91780000000000,16.67990000000000,0.12470000000000,0.75620000000000,29.2350,25029.6691,20.8858,20.7611,0.1247,0.6051,20.9122,9.4447,11.4675,-2.7494,25029.6691,NA
parkey.exe,25772,0x2D7110A5280,DXGI,1,0,0,Composed: Flip,25064.2681,NA,13.83790000000000,16.67980000000000,0.13650000000000,0.38970000000000,32.0769,25050.5549,13.8497,13.7132,0.1365,0.6315,13.4714,8.9027,4.5687,4.2060,25050.5549,NA
parkey.exe,25772,0x2D7110A5280,DXGI,1,0,0,Composed: Flip,25085.1161,NA,20.84800000000000,16.36770000000000,0.14830000000000,0.39990000000000,27.5966,25064.4046,20.8598,20.7115,0.1483,0.2777,20.8337,8.5042,12.3295,-2.5180,25064.4046,NA
parkey.exe,25772,0x2D7110A5280,DXGI,1,0,0,Composed: Flip,25099.0154,NA,13.89930000000000,16.99250000000000,0.11380000000000,0.75530000000000,30.6898,25085.2644,13.8648,13.7510,0.1138,0.5511,13.9552,9.0258,4.9294,3.8673,25085.2644,NA
parkey.exe,25772,0x2D7110A5280,DXGI,1,0,0,Composed: Flip,25112.8635,NA,13.84810000000000,16.68350000000000,0.11490000000000,0.77100000000000,33.5252,25099.1292,13.8492,13.7343,0.1149,0.6415,13.8638,9.3427,4.5211,-2.8187,25099.1292,NA
parkey.exe,25772,0x2D7110A5280,DXGI,1,0,0,Composed: Flip,25133.7776,NA,20.91410000000000,16.69360000000000,0.14600000000000,0.80910000000000,29.3047,25112.9784,20.9452,20.7992,0.1460,0.6561,20.9522,9.4390,11.5132,-2.8444,25112.9784,NA
parkey.exe,25772,0x2D7110A5280,DXGI,1,0,0,Composed: Flip,25147.6231,NA,13.84550000000000,16.68000000000000,0.12410000000000,0.81690000000000,32.1392,25133.9236,13.8236,13.6995,0.1241,0.6631,13.8533,9.3230,4.5303,4.2652,25133.9236,NA
parkey.exe,25772,0x2D7110A5280,DXGI,1,0,0,Composed: Flip,25168.5091,NA,20.88600000000000,16.66130000000000,0.12370000000000,0.75010000000000,27.9145,25147.7472,20.8856,20.7619,0.1237,0.6928,20.8192,9.2493,11.5699,-2.8377,25147.7472,NA
parkey.exe,25772,0x2D7110A5280,DXGI,1,0,0,Composed: Flip,25182.3419,NA,13.83280000000000,16.67980000000000,0.11510000000000,0.29930000000000,30.7615,25168.6328,13.8242,13.7091,0.1151,0.6264,13.3820,7.4570,5.9250,4.2058,25168.6328,NA
parkey.exe,25772,0x2D7110A5280,DXGI,1,0,0,Composed: Flip,25196.2371,NA,13.89520000000000,16.68550000000000,0.12780000000000,0.77820000000000,33.5518,25182.4570,13.9079,13.7801,0.1278,0.2091,14.3492,9.0269,5.3223,-2.8613,25182.4570,NA
parkey.exe,25772,0x2D7110A5280,DXGI,1,0,0,Composed: Flip,25217.1267,NA,20.88960000000000,16.67320000000000,0.13160000000000,0.76940000000000,29.3354,25196.3649,20.8934,20.7618,0.1316,0.6504,20.8808,9.4658,11.4150,-2.7653,25196.3649,NA
parkey.exe,25772,0x2D7110A5280,DXGI,1,0,0,Composed: Flip,25230.9523,NA,13.82560000000000,16.68570000000000,0.11820000000000,0.87600000000000,32.1955,25217.2583,13.8122,13.6940,0.1182,0.6378,13.9322,9.3365,4.5957,4.2077,25217.2583,NA
parkey.exe,25772,0x2D7110A5280,DXGI,1,0,0,Composed: Flip,25251.8403,NA,20.88800000000000,16.68230000000000,0.12020000000000,0.75580000000000,27.9898,25231.0705,20.8900,20.7698,0.1202,0.7578,20.7678,9.2529,11.5149,-2.8701,25231.0705,NA
parkey.exe,25772,0x2D7110A5280,DXGI,1,0,0,Composed: Flip,25265.6660,NA,13.82570000000000,16.67810000000000,0.12730000000000,0.75040000000000,30.8422,25251.9605,13.8328,13.7055,0.1273,0.6356,13.8203,9.2240,4.5963,4.2119,25251.9605,NA
parkey.exe,25772,0x2D7110A5280,DXGI,1,0,0,Composed: Flip,25279.5582,NA,13.89220000000000,16.68260000000000,0.11320000000000,0.77680000000000,33.6326,25265.7933,13.8781,13.7649,0.1132,0.6231,13.9186,7.9460,5.9726,-2.8498,25265.7933,NA
parkey.exe,25772,0x2D7110A5280,DXGI,1,0,0,Composed: Flip,25300.4640,NA,20.90580000000000,16.68000000000000,0.12170000000000,0.76070000000000,29.4068,25279.6714,20.9143,20.7926,0.1217,0.6636,20.8897,9.4545,11.4352,-2.8019,25279.6714,NA
parkey.exe,25772,0x2D7110A5280,DXGI,1,0,0,Composed: Flip,25314.3175,NA,13.85350000000000,16.67990000000000,0.13150000000000,0.80390000000000,32.2332,25300.5857,13.8633,13.7318,0.1315,0.6390,13.8967,9.2996,4.5971,4.2344,25300.5857,NA
parkey.exe,25772,0x2D7110A5280,DXGI,1,0,0,Composed: Flip,25335.2068,NA,20.88930000000000,9.31560000000000,0.12960000000000,0.77190000000000,20.6595,25314.4490,20.8874,20.7578,0.1296,0.6724,20.8573,9.2356,11.6217,4.5477,25314.4490,NA
parkey.exe,25772,0x2D7110A5280,DXGI,1,0,0,Composed: Flip,25348.9958,NA,13.78900000000000,24.04320000000000,0.11560000000000,0.76950000000000,30.9137,25335.3364,13.7750,13.6594,0.1156,0.6423,13.7866,9.2150,4.5716,-3.1558,25335.3364,NA
parkey.exe,25772,0x2D7110A5280,DXGI,1,0,0,Composed: Flip,25362.8987,NA,13.90290000000000,16.68160000000000,0.11760000000000,0.78310000000000,33.6924,25349.1114,13.9049,13.7873,0.1176,0.6539,13.9165,9.2885,4.6280,-2.9066,25349.1114,NA
parkey.exe,25772,0x2D7110A5280,DXGI,1,0,0,Composed: Flip,25383.7572,NA,20.85850000000000,16.67000000000000,0.14970000000000,0.59680000000000,29.5039,25363.0163,20.8906,20.7409,0.1497,0.6655,20.6722,7.7302,12.9420,-2.7651,25363.0163,NA
parkey.exe,25772,0x2D7110A5280,DXGI,1,0,0,Composed: Flip,25397.6617,NA,13.90450000000000,16.93080000000000,0.10330000000000,0.95980000000000,32.5302,25383.9069,13.8581,13.7548,0.1033,0.4471,14.2675,9.2914,4.9761,3.9598,25383.9069,NA
parkey.exe,25772,0x2D7110A5280,DXGI,1,0,0,Composed: Flip,25418.5443,NA,20.88260000000000,16.43680000000000,0.12350000000000,0.77210000000000,28.0844,25397.7650,20.9028,20.7793,0.1235,0.8565,20.6949,9.3502,11.3447,-2.5787,25397.7650,NA
parkey.exe,25772,0x2D7110A5280,DXGI,1,0,0,Composed: Flip,25432.4591,NA,13.91480000000000,16.68100000000000,0.14100000000000,0.29480000000000,30.8506,25418.6678,13.9323,13.7913,0.1410,0.6486,13.4375,8.8101,4.6274,4.2218,25418.6678,NA
parkey.exe,25772,0x2D7110A5280,DXGI,1,0,0,Composed: Flip,25446.3900,NA,13.93090000000000,16.68020000000000,0.16570000000000,0.77620000000000,33.5999,25432.6001,13.9556,13.7899,0.1657,0.2109,14.3552,9.0857,5.2695,-2.7479,25432.6001,NA
parkey.exe,25772,0x2D7110A5280,DXGI,1,0,0,Composed: Flip,25467.1792,NA,20.78920000000000,16.67440000000000,0.13380000000000,0.75730000000000,29.4851,25446.5557,20.7573,20.6235,0.1338,0.6105,20.7703,9.5663,11.2040,-2.7188,25446.5557,NA
parkey.exe,25772,0x2D7110A5280,DXGI,1,0,0,Composed: Flip,25480.9972,NA,13.81800000000000,16.68640000000000,0.13750000000000,0.96720000000000,32.3535,25467.3130,13.8217,13.6842,0.1375,0.6235,14.0279,8.1008,5.9271,4.0709,25467.3130,NA
parkey.exe,25772,0x2D7110A5280,DXGI,1,0,0,Composed: Flip,25501.9076,NA,20.91040000000000,9.28220000000000,0.12760000000000,0.74360000000000,20.7253,25481.1347,20.9005,20.7729,0.1276,0.8297,20.6868,9.2405,11.4463,4.5395,25481.1347,NA
parkey.exe,25772,0x2D7110A5280,DXGI,1,0,0,Composed: Flip,25515.7065,NA,13.79890000000000,13.78700000000000,0.12990000000000,0.77190000000000,20.7134,25502.0352,13.8012,13.6713,0.1299,0.6160,13.8272,9.2699,4.5573,7.1135,25502.0352,NA
parkey.exe,25772,0x2D7110A5280,DXGI,1,0,0,Composed: Flip,25529.7673,NA,14.06080000000000,26.98720000000000,0.16450000000000,0.40880000000000,33.6398,25515.8364,14.0954,13.9309,0.1645,0.6420,13.6977,8.9145,4.7832,-13.1860,25515.8364,NA
parkey.exe,25772,0x2D7110A5280,DXGI,1,0,0,Composed: Flip,25550.5775,NA,20.81020000000000,16.66360000000000,0.14630000000000,0.75060000000000,29.4932,25529.9318,20.7920,20.6457,0.1463,0.2903,21.1060,9.0987,12.0073,-2.5682,25529.9318,NA
parkey.exe,25772,0x2D7110A5280,DXGI,1,0,0,Composed: Flip,25564.3732,NA,13.79570000000000,16.68100000000000,0.14280000000000,0.39840000000000,32.3785,25550.7238,13.7922,13.6494,0.1428,0.6043,13.4435,8.9167,4.5268,4.1110,25550.7238,NA
parkey.exe,25772,0x2D7110A5280,DXGI,1,0,0,Composed: Flip,25585.1688,NA,20.79560000000000,16.04720000000000,0.13380000000000,0.60780000000000,27.6301,25564.5160,20.7866,20.6528,0.1338,0.2844,20.9762,8.6794,12.2968,-2.2550,25564.5160,NA
parkey.exe,25772,0x2D7110A5280,DXGI,1,0,0,Composed: Flip,25599.0969,NA,13.92810000000000,17.31190000000000,0.10090000000000,0.76360000000000,31.0139,25585.3026,13.8952,13.7943,0.1009,0.4740,14.0839,9.1831,4.9008,3.4747,25585.3026,NA
parkey.exe,25772,0x2D7110A5280,DXGI,1,0,0,Composed: Flip,25612.9462,NA,13.84930000000000,16.68780000000000,0.11820000000000,0.77430000000000,33.8524,25599.1978,13.8666,13.7484,0.1182,0.6627,13.8600,9.2897,4.5703,-2.7926,25599.1978,NA
parkey.exe,25772,0x2D7110A5280,DXGI,1,0,0,Composed: Flip,25633.8709,NA,20.92470000000000,16.67030000000000,0.12410000000000,0.77440000000000,29.5980,25613.0644,20.9306,20.8065,0.1241,0.6561,20.9248,9.4763,11.4485,-2.8037,25613.0644,NA
parkey.exe,25772,0x2D7110A5280,DXGI,1,0,0,Composed: Flip,25647.7167,NA,13.84580000000000,16.68550000000000,0.15310000000000,0.94320000000000,32.4377,25633.9950,13.8748,13.7217,0.1531,0.6503,14.0146,9.3895,4.6251,4.2451,25633.9950,NA
parkey.exe,25772,0x2D7110A5280,DXGI,1,0,0,Composed: Flip,25668.5804,NA,20.86370000000000,9.09900000000000,0.11920000000000,0.75390000000000,20.6730,25647.8698,20.8298,20.7106,0.1192,0.7901,20.6744,9.4491,11.2253,4.7758,25647.8698,NA
parkey.exe,25772,0x2D7110A5280,DXGI,1,0,0,Composed: Flip,25682.3794,NA,13.79900000000000,24.25580000000000,0.09430000000000,0.76480000000000,31.1298,25668.6996,13.7741,13.6798,0.0943,0.6347,13.8099,7.9346,5.8753,-3.4260,25668.6996,NA
parkey.exe,25772,0x2D7110A5280,DXGI,1,0,0,Composed: Flip,25703.2726,NA,20.89320000000000,16.68480000000000,0.12550000000000,0.38440000000000,26.9214,25682.4737,20.9244,20.7989,0.1255,0.6705,20.5128,8.8741,11.6387,-2.9107,25682.4737,NA
parkey.exe,25772,0x2D7110A5280,DXGI,1,0,0,Composed: Flip,25717.2182,NA,13.94560000000000,16.67930000000000,0.14850000000000,0.76370000000000,29.6551,25703.3981,13.9686,13.8201,0.1485,0.5654,14.0184,8.9837,5.0347,4.2451,25703.3981,NA
parkey.exe,25772,0x2D7110A5280,DXGI,1,0,0,Composed: Flip,25731.0171,NA,13.79890000000000,16.68170000000000,0.11410000000000,0.93580000000000,32.5379,25717.3667,13.7645,13.6504,0.1141,0.6152,13.9710,9.3862,4.5848,-2.7131,25717.3667,NA
parkey.exe,25772,0x2D7110A5280,DXGI,1,0,0,Composed: Flip,25751.9352,NA,20.91810000000000,16.67780000000000,0.11820000000000,0.74890000000000,28.2976,25731.1312,20.9222,20.8040,0.1182,0.8217,20.7312,9.2518,11.4794,-2.9133,25731.1312,NA
parkey.exe,25772,0x2D7110A5280,DXGI,1,0,0,Composed: Flip,25765.7511,NA,13.81590000000000,16.68050000000000,0.11080000000000,0.75790000000000,31.1622,25752.0534,13.8085,13.6977,0.1108,0.6307,13.8249,9.2754,4.5495,4.2417,25752.0534,NA
parkey.exe,25772,0x2D7110A5280,DXGI,1,0,0,Composed: Flip,25786.6043,NA,20.85320000000000,16.68300000000000,0.12340000000000,0.60110000000000,26.9920,25765.8619,20.8658,20.7424,0.1234,0.6471,20.6964,7.7529,12.9435,-2.8745,25765.8619,NA
parkey.exe,25772,0x2D7110A5280,DXGI,1,0,0,Composed: Flip,25800.5447,NA,13.94040000000000,16.67930000000000,0.11290000000000,0.74920000000000,29.7309,25786.7277,13.9299,13.8170,0.1129,0.4777,14.0885,9.1219,4.9666,4.1865,25786.7277,NA
parkey.exe,25772,0x2D7110A5280,DXGI,1,0,0,Composed: Flip,25814.3930,NA,13.84830000000000,16.67790000000000,0.13100000000000,0.79220000000000,32.5605,25800.6576,13.8664,13.7354,0.1310,0.6363,13.8913,9.3130,4.5783,-2.7480,25800.6576,NA
parkey.exe,25772,0x2D7110A5280,DXGI,1,0,0,Composed: Flip,25835.3214,NA,20.92840000000000,16.68450000000000,0.16070000000000,0.77890000000000,28.3166,25814.5240,20.9581,20.7974,0.1607,0.6612,20.9151,9.4889,11.4262,-2.8181,25814.5240,NA
parkey.exe,25772,0x2D7110A5280,DXGI,1,0,0,Composed: Flip,25849.1700,NA,13.84860000000000,16.68570000000000,0.13580000000000,0.76590000000000,31.1537,25835.4821,13.8237,13.6879,0.1358,0.6182,13.8356,9.2691,4.5665,4.2724,25835.4821,NA
parkey.exe,25772,0x2D7110A5280,DXGI,1,0,0,Composed: Flip,25870.0146,NA,20.84460000000000,16.67690000000000,0.12530000000000,0.75560000000000,26.9860,25849.3058,20.8341,20.7088,0.1253,0.6301,20.8343,9.3429,11.4914,-2.8532,25849.3058,NA
parkey.exe,25772,0x2D7110A5280,DXGI,1,0,0,Composed: Flip,25883.8568,NA,13.84220000000000,16.67130000000000,0.12900000000000,0.38350000000000,29.8151,25870.1399,13.8459,13.7169,0.1290,0.6303,13.4701,7.5728,5.8973,4.1628,25870.1399,NA
parkey.exe,25772,0x2D7110A5280,DXGI,1,0,0,Composed: Flip,25897.7917,NA,13.93490000000000,16.68570000000000,0.14400000000000,0.79180000000000,32.5659,25883.9858,13.9499,13.8059,0.1440,0.3262,14.2715,9.1875,5.0840,-2.8398,25883.9858,NA
parkey.exe,25772,0x2D7110A5280,DXGI,1,0,0,Composed: Flip,25918.6567,NA,20.86500000000000,8.93780000000000,0.12860000000000,0.41850000000000,20.6387,25897.9357,20.8496,20.7210,0.1286,0.6478,20.4917,8.9193,11.5724,5.0121,25897.9357,NA
parkey.exe,25772,0x2D7110A5280,DXGI,1,0,0,Composed: Flip,25932.4329,NA,13.77620000000000,24.42180000000000,0.10130000000000,0.76150000000000,31.2843,25918.7853,13.7489,13.6476,0.1013,0.3254,14.0837,9.0742,5.0095,-3.5722,25918.7853,NA
parkey.exe,25772,0x2D7110A5280,DXGI,1,0,0,Composed: Flip,25953.2853,NA,20.85240000000000,16.67620000000000,0.11690000000000,0.77560000000000,27.1081,25932.5342,20.8680,20.7511,0.1169,0.6602,20.8665,9.2674,11.5991,-2.9273,25932.5342,NA
parkey.exe,25772,0x2D7110A5280,DXGI,1,0,0,Composed: Flip,25967.2576,NA,13.97230000000000,16.67730000000000,0.14820000000000,0.75090000000000,29.8131,25953.4022,14.0036,13.8554,0.1482,0.6587,13.9476,9.2595,4.6881,4.1907,25953.4022,NA
parkey.exe,25772,0x2D7110A5280,DXGI,1,0,0,Composed: Flip,25981.0569,NA,13.79930000000000,16.68490000000000,0.11390000000000,0.95800000000000,32.6987,25967.4058,13.7650,13.6511,0.1139,0.6027,14.0064,8.1093,5.8971,-2.6813,25967.4058,NA
parkey.exe,25772,0x2D7110A5280,DXGI,1,0,0,Composed: Flip,26001.9937,NA,20.93680000000000,16.68750000000000,0.12050000000000,0.75440000000000,28.4494,25981.1708,20.9434,20.8229,0.1205,0.8441,20.7332,9.2787,11.4545,-2.9225,25981.1708,NA
parkey.exe,25772,0x2D7110A5280,DXGI,1,0,0,Composed: Flip,26015.8514,NA,13.85770000000000,16.67100000000000,0.12120000000000,0.67150000000000,31.2627,26002.1142,13.8584,13.7372,0.1212,0.6339,13.7748,9.1261,4.6487,4.2724,26002.1142,NA
parkey.exe,25772,0x2D7110A5280,DXGI,1,0,0,Composed: Flip,26036.7627,NA,20.91130000000000,16.68130000000000,0.14570000000000,0.61170000000000,27.0327,26015.9726,20.9358,20.7901,0.1457,0.5503,20.8515,9.2185,11.6330,-2.8229,26015.9726,NA
parkey.exe,25772,0x2D7110A5280,DXGI,1,0,0,Composed: Flip,26050.5405,NA,13.77780000000000,16.68430000000000,0.11010000000000,0.74710000000000,29.9392,26036.9084,13.7422,13.6321,0.1101,0.4660,13.9132,9.1427,4.7705,4.2515,26036.9084,NA
parkey.exe,25772,0x2D7110A5280,DXGI,1,0,0,Composed: Flip,26064.4704,NA,13.92990000000000,16.68500000000000,0.13730000000000,0.74800000000000,32.6943,26050.6506,13.9571,13.8198,0.1373,0.6370,13.9308,9.1903,4.7405,-2.9428,26050.6506,NA
parkey.exe,25772,0x2D7110A5280,DXGI,1,0,0,Composed: Flip,26085.2713,NA,20.80090000000000,16.67110000000000,0.10870000000000,0.39980000000000,28.5645,26064.6077,20.7723,20.6636,0.1087,0.6107,20.4527,7.5512,12.9015,-2.7140,26064.6077,NA
parkey.exe,25772,0x2D7110A5280,DXGI,1,0,0,Composed: Flip,26099.2250,NA,13.95370000000000,16.67730000000000,0.12520000000000,0.29560000000000,31.2881,26085.3800,13.9702,13.8450,0.1252,0.3181,13.8225,8.6943,5.1282,4.0950,26085.3800,NA
parkey.exe,25772,0x2D7110A5280,DXGI,1,0,0,Composed: Flip,26120.0440,NA,20.81900000000000,16.69520000000000,0.13360000000000,0.42270000000000,27.1643,26099.3502,20.8274,20.6938,0.1336,0.2139,20.9026,8.8545,12.0481,-2.7250,26099.3502,NA
parkey.exe,25772,0x2D7110A5280,DXGI,1,0,0,Composed: Flip,26133.9536,NA,13.90960000000000,16.66820000000000,0.12880000000000,0.77280000000000,29.9229,26120.1776,13.9048,13.7760,0.1288,0.5685,13.9803,8.9825,4.9978,4.1592,26120.1776,NA
parkey.exe,25772,0x2D7110A5280,DXGI,1,0,0,Composed: Flip,26147.8262,NA,13.87260000000000,16.68600000000000,0.15040000000000,0.37900000000000,32.7363,26134.0824,13.8942,13.7438,0.1504,0.6440,13.4788,8.8826,4.5962,-2.7812,26134.0824,NA
parkey.exe,25772,0x2D7110A5280,DXGI,1,0,0,Composed: Flip,26168.7395,NA,20.91330000000000,16.68070000000000,0.18580000000000,0.38440000000000,28.5037,26147.9766,20.9487,20.7629,0.1858,0.5809,20.5664,8.8725,11.6939,-2.7865,26147.9766,NA
parkey.exe,25772,0x2D7110A5280,DXGI,1,0,0,Composed: Flip,26182.6536,NA,13.91410000000000,16.67830000000000,0.16320000000000,0.80720000000000,31.2679,26168.9253,13.8915,13.7283,0.1632,0.5690,13.9665,8.4475,5.5190,4.2704,26168.9253,NA
parkey.exe,25772,0x2D7110A5280,DXGI,1,0,0,Composed: Flip,26203.4821,NA,20.82850000000000,16.67860000000000,0.14480000000000,0.83060000000000,27.1180,26182.8168,20.8101,20.6653,0.1448,0.6440,20.8519,9.4186,11.4333,-2.7871,26182.8168,NA
parkey.exe,25772,0x2D7110A5280,DXGI,1,0,0,Composed: Flip,26217.2451,NA,13.76300000000000,16.67070000000000,0.13630000000000,0.76900000000000,30.0257,26203.6269,13.7545,13.6182,0.1363,0.6858,13.7014,8.9139,4.7875,4.1394,26203.6269,NA
parkey.exe,25772,0x2D7110A5280,DXGI,1,0,0,Composed: Flip,26231.1855,NA,13.94040000000000,16.68980000000000,0.14820000000000,0.75530000000000,32.7751,26217.3814,13.9523,13.8041,0.1482,0.6327,13.9267,9.2249,4.7018,-2.9353,26217.3814,NA
parkey.exe,25772,0x2D7110A5280,DXGI,1,0,0,Composed: Flip,26252.0439,NA,20.85840000000000,16.67900000000000,0.12830000000000,0.74960000000000,28.5957,26231.3337,20.8385,20.7102,0.1283,0.6071,20.8527,9.2778,11.5749,-2.7267,26231.3337,NA
parkey.exe,25772,0x2D7110A5280,DXGI,1,0,0,Composed: Flip,26265.8656,NA,13.82170000000000,16.68230000000000,0.10540000000000,0.64040000000000,31.4563,26252.1722,13.7988,13.6934,0.1054,0.6213,13.7125,9.1377,4.5748,4.1562,26252.1722,NA
parkey.exe,25772,0x2D7110A5280,DXGI,1,0,0,Composed: Flip,26286.6828,NA,20.81720000000000,16.68370000000000,0.12480000000000,0.40300000000000,27.3228,26265.9710,20.8366,20.7118,0.1248,0.5350,20.5798,7.9581,12.6217,-2.8849,26265.9710,NA
parkey.exe,25772,0x2D7110A5280,DXGI,1,0,0,Composed: Flip,26300.6162,NA,13.93340000000000,16.67610000000000,0.13520000000000,0.75810000000000,30.0655,26286.8076,13.9438,13.8086,0.1352,0.5851,13.9816,8.9686,5.0130,4.1605,26286.8076,NA
parkey.exe,25772,0x2D7110A5280,DXGI,1,0,0,Composed: Flip,26314.5121,NA,13.89590000000000,16.68100000000000,0.12730000000000,0.77260000000000,32.8506,26300.7514,13.8880,13.7607,0.1273,0.6229,13.9104,9.1789,4.7315,-2.7372,26300.7514,NA
parkey.exe,25772,0x2D7110A5280,DXGI,1,0,0,Composed: Flip,26335.3937,NA,20.88160000000000,16.67240000000000,0.11240000000000,0.78920000000000,28.6414,26314.6394,20.8667,20.7543,0.1124,0.6453,20.8982,9.3567,11.5415,-2.7844,26314.6394,NA
parkey.exe,25772,0x2D7110A5280,DXGI,1,0,0,Composed: Flip,26349.2140,NA,13.82030000000000,16.68430000000000,0.10670000000000,0.67530000000000,31.5054,26335.5061,13.8146,13.7079,0.1067,0.6768,13.7064,9.1347,4.5717,4.1824,26335.5061,NA
parkey.exe,25772,0x2D7110A5280,DXGI,1,0,0,Composed: Flip,26370.0381,NA,20.82410000000000,16.68820000000000,0.14270000000000,0.77110000000000,27.3695,26349.3207,20.8601,20.7174,0.1427,0.5686,20.9199,9.0790,11.8409,-2.8736,26349.3207,NA
parkey.exe,25772,0x2D7110A5280,DXGI,1,0,0,Composed: Flip,26383.9053,NA,13.86720000000000,16.67440000000000,0.11540000000000,0.75540000000000,30.1767,26370.1808,13.8399,13.7245,0.1154,0.6284,13.8515,7.9183,5.9332,4.1857,26370.1808,NA
parkey.exe,25772,0x2D7110A5280,DXGI,1,0,0,Composed: Flip,26398.2026,NA,14.29730000000000,16.67890000000000,0.11870000000000,0.80430000000000,32.5583,26384.0207,14.3006,14.1819,0.1187,0.6400,14.3462,9.0911,5.2551,-2.8390,26384.0207,NA
parkey.exe,25772,0x2D7110A5280,DXGI,1,0,0,Composed: Flip,26418.7109,NA,20.50830000000000,16.67820000000000,0.11810000000000,0.76820000000000,28.7282,26398.3213,20.5077,20.3896,0.1181,0.6856,20.4722,9.6159,10.8563,-2.3776,26398.3213,NA
parkey.exe,25772,0x2D7110A5280,DXGI,1,0,0,Composed: Flip,26432.5421,NA,13.83120000000000,16.69430000000000,0.13960000000000,0.73130000000000,31.5913,26418.8290,13.8527,13.7131,0.1396,0.6501,13.7943,9.2316,4.5627,3.8134,26418.8290,NA
parkey.exe,25772,0x2D7110A5280,DXGI,1,0,0,Composed: Flip,26453.4399,NA,20.89780000000000,16.67100000000000,0.12480000000000,0.79130000000000,27.3645,26432.6817,20.8830,20.7582,0.1248,0.5917,20.9578,8.9036,12.0542,-2.8183,26432.6817,NA
parkey.exe,25772,0x2D7110A5280,DXGI,1,0,0,Composed: Flip,26467.2762,NA,13.83630000000000,16.67960000000000,0.11710000000000,0.75240000000000,30.2078,26453.5647,13.8286,13.7115,0.1171,0.6665,13.7974,9.2288,4.5686,4.2034,26453.5647,NA
parkey.exe,25772,0x2D7110A5280,DXGI,1,0,0,Composed: Flip,26481.1462,NA,13.87000000000000,16.68190000000000,0.11310000000000,0.41450000000000,33.0197,26467.3933,13.8660,13.7529,0.1131,0.6353,13.5321,7.6134,5.9187,-2.8533,26467.3933,NA
parkey.exe,25772,0x2D7110A5280,DXGI,1,0,0,Composed: Flip,26502.1064,NA,20.96020000000000,16.68150000000000,0.15340000000000,0.75830000000000,28.7410,26481.2593,21.0005,20.8471,0.1534,0.3346,21.2708,9.4309,11.8399,-2.8155,26481.2593,NA
parkey.exe,25772,0x2D7110A5280,DXGI,1,0,0,Composed: Flip,26515.8751,NA,13.76870000000000,16.67650000000000,0.10460000000000,0.48890000000000,31.6488,26502.2598,13.7199,13.6153,0.1046,0.6049,13.4993,8.7948,4.7045,4.3240,26502.2598,NA
parkey.exe,25772,0x2D7110A5280,DXGI,1,0,0,Composed: Flip,26536.8568,NA,20.98170000000000,16.68040000000000,0.13580000000000,0.41170000000000,27.3475,26515.9797,21.0129,20.8771,0.1358,0.3843,20.9045,9.2925,11.6120,-2.9605,26515.9797,NA
parkey.exe,25772,0x2D7110A5280,DXGI,1,0,0,Composed: Flip,26550.6439,NA,13.78710000000000,16.67930000000000,0.12620000000000,0.74780000000000,30.2397,26536.9926,13.7775,13.6513,0.1262,0.3141,14.0850,9.1130,4.9720,4.3336,26536.9926,NA
parkey.exe,25772,0x2D7110A5280,DXGI,1,0,0,Composed: Flip,26564.5639,NA,13.92000000000000,16.68780000000000,0.14430000000000,0.37830000000000,33.0075,26550.7701,13.9381,13.7938,0.1443,0.6216,13.5505,8.9243,4.6262,-2.9103,26550.7701,NA
parkey.exe,25772,0x2D7110A5280,DXGI,1,0,0,Composed: Flip,26585.3514,NA,20.78750000000000,16.67200000000000,0.10600000000000,0.76150000000000,28.8920,26564.7082,20.7492,20.6432,0.1060,0.2927,21.1120,8.8363,12.2757,-2.7339,26564.7082,NA
parkey.exe,25772,0x2D7110A5280,DXGI,1,0,0,Composed: Flip,26599.4076,NA,14.05620000000000,16.67780000000000,0.12740000000000,0.86600000000000,31.5136,26585.4574,14.0776,13.9502,0.1274,0.6555,14.1607,9.3873,4.7734,4.0714,26585.4574,NA
parkey.exe,25772,0x2D7110A5280,DXGI,1,0,0,Composed: Flip,26620.1480,NA,20.74040000000000,16.68890000000000,0.14150000000000,0.77290000000000,27.4621,26599.5350,20.7545,20.6130,0.1415,0.7386,20.6473,9.3255,11.3218,-2.6113,26599.5350,NA
parkey.exe,25772,0x2D7110A5280,DXGI,1,0,0,Composed: Flip,26633.9648,NA,13.81680000000000,16.67070000000000,0.10950000000000,0.77240000000000,30.3160,26620.2895,13.7848,13.6753,0.1095,0.6314,13.8163,9.2542,4.5621,4.0838,26620.2895,NA
parkey.exe,25772,0x2D7110A5280,DXGI,1,0,0,Composed: Flip,26647.9467,NA,13.98190000000000,16.68370000000000,0.12210000000000,0.74850000000000,33.0178,26634.0743,13.9945,13.8724,0.1221,0.6629,13.9580,9.2324,4.7256,-2.8989,26634.0743,NA
parkey.exe,25772,0x2D7110A5280,DXGI,1,0,0,Composed: Flip,26668.7590,NA,20.81230000000000,16.67610000000000,0.11980000000000,0.74880000000000,28.8816,26648.0688,20.8100,20.6902,0.1198,0.6264,20.8126,9.2517,11.5609,-2.6816,26648.0688,NA
parkey.exe,25772,0x2D7110A5280,DXGI,1,0,0,Composed: Flip,26682.5669,NA,13.80790000000000,16.68130000000000,0.11180000000000,0.74680000000000,31.7550,26668.8788,13.7999,13.6881,0.1118,0.6290,13.8059,7.9060,5.8999,4.1287,26668.8788,NA
parkey.exe,25772,0x2D7110A5280,DXGI,1,0,0,Composed: Flip,26703.5265,NA,20.95960000000000,16.68640000000000,0.12970000000000,0.38960000000000,27.4818,26682.6787,20.9775,20.8478,0.1297,0.6350,20.6024,8.4898,12.1126,-2.8865,26682.6787,NA
parkey.exe,25772,0x2D7110A5280,DXGI,1,0,0,Composed: Flip,26717.3084,NA,13.78190000000000,16.67660000000000,0.12370000000000,0.76500000000000,30.3765,26703.6562,13.7759,13.6522,0.1237,0.4187,13.9985,8.9888,5.0097,4.3009,26703.6562,NA
parkey.exe,25772,0x2D7110A5280,DXGI,1,0,0,Composed: Flip,26731.2909,NA,13.98250000000000,16.68200000000000,0.12710000000000,0.77080000000000,33.0760,26717.4321,13.9859,13.8588,0.1271,0.6413,13.9883,9.2702,4.7181,-2.9061,26717.4321,NA
parkey.exe,25772,0x2D7110A5280,DXGI,1,0,0,Composed: Flip,26752.1344,NA,20.84350000000000,16.67680000000000,0.14210000000000,0.73960000000000,28.9093,26731.4180,20.8585,20.7164,0.1421,0.6437,20.8123,9.2470,11.5653,-2.6909,26731.4180,NA
parkey.exe,25772,0x2D7110A5280,DXGI,1,0,0,Composed: Flip,26765.9238,NA,13.78940000000000,16.67610000000000,0.10300000000000,0.74000000000000,31.7960,26752.2765,13.7503,13.6473,0.1030,0.5975,13.7898,9.1594,4.6304,4.1824,26752.2765,NA
parkey.exe,25772,0x2D7110A5280,DXGI,1,0,0,Composed: Flip,26786.7888,NA,20.86500000000000,16.70170000000000,0.11880000000000,0.77900000000000,27.6327,26766.0268,20.8808,20.7620,0.1188,0.6370,20.9040,7.9452,12.9588,-2.9514,26766.0268,NA
parkey.exe,25772,0x2D7110A5280,DXGI,1,0,0,Composed: Flip,26800.7107,NA,13.92190000000000,16.66890000000000,0.11820000000000,0.74840000000000,30.3797,26786.9076,13.9213,13.8031,0.1182,0.6602,13.8913,9.0960,4.7953,4.2119,26786.9076,NA
parkey.exe,25772,0x2D7110A5280,DXGI,1,0,0,Composed: Flip,26814.6333,NA,13.92260000000000,16.67920000000000,0.16730000000000,0.83840000000000,33.1363,26800.8289,13.9717,13.8044,0.1673,0.6302,14.0126,9.3607,4.6519,-2.7579,26800.8289,NA
parkey.exe,25772,0x2D7110A5280,DXGI,1,0,0,Composed: Flip,26835.5213,NA,20.88800000000000,16.67000000000000,0.13900000000000,0.39110000000000,28.9183,26814.8006,20.8597,20.7207,0.1390,0.6711,20.4407,9.0213,11.4194,-2.6983,26814.8006,NA
parkey.exe,25772,0x2D7110A5280,DXGI,1,0,0,Composed: Flip,26849.3115,NA,13.79020000000000,16.68300000000000,0.11850000000000,0.77220000000000,31.8111,26835.6603,13.7697,13.6512,0.1185,0.3977,14.0257,8.9653,5.0604,4.1767,26835.6603,NA
parkey.exe,25772,0x2D7110A5280,DXGI,1,0,0,Composed: Flip,26870.1835,NA,20.87200000000000,9.74020000000000,0.14690000000000,0.75580000000000,20.6793,26849.4300,20.9004,20.7535,0.1469,0.6537,20.8556,9.2755,11.5801,4.0295,26849.4300,NA
parkey.exe,25772,0x2D7110A5280,DXGI,1,0,0,Composed: Flip,26883.9918,NA,13.80830000000000,23.62710000000000,0.11500000000000,0.76770000000000,30.4981,26870.3304,13.7764,13.6614,0.1150,0.6089,13.8202,7.9417,5.8785,-2.7267,26870.3304,NA
parkey.exe,25772,0x2D7110A5280,DXGI,1,0,0,Composed: Flip,26897.9164,NA,13.92460000000000,16.67910000000000,0.12140000000000,0.79410000000000,33.2526,26884.1068,13.9310,13.8096,0.1214,0.6527,13.9510,9.3571,4.5939,-2.9027,26884.1068,NA
parkey.exe,25772,0x2D7110A5280,DXGI,1,0,0,Composed: Flip,26918.8257,NA,20.90930000000000,16.67820000000000,0.12480000000000,0.77880000000000,29.0215,26898.0378,20.9127,20.7879,0.1248,0.6727,20.8940,9.4402,11.4538,-2.7472,26898.0378,NA
parkey.exe,25772,0x2D7110A5280,DXGI,1,0,0,Composed: Flip,26932.6523,NA,13.82660000000000,16.68010000000000,0.13080000000000,0.85470000000000,31.8750,26918.9505,13.8326,13.7018,0.1308,0.6540,13.9025,9.3696,4.5329,4.2326,26918.9505,NA
parkey.exe,25772,0x2D7110A5280,DXGI,1,0,0,Composed: Flip,26953.5330,NA,20.88070000000000,16.68260000000000,0.12340000000000,0.77070000000000,27.6769,26932.7831,20.8733,20.7499,0.1234,0.7239,20.7967,9.4055,11.3912,-2.8500,26932.7831,NA
parkey.exe,25772,0x2D7110A5280,DXGI,1,0,0,Composed: Flip,26967.3650,NA,13.83200000000000,16.67760000000000,0.11480000000000,0.74370000000000,30.5225,26953.6564,13.8234,13.7086,0.1148,0.6473,13.8050,9.2717,4.5333,4.1957,26953.6564,NA
parkey.exe,25772,0x2D7110A5280,DXGI,1,0,0,Composed: Flip,26981.2571,NA,13.89210000000000,16.69410000000000,0.12040000000000,0.76440000000000,33.3245,26967.4798,13.8977,13.7773,0.1204,0.6289,13.9128,7.9300,5.9828,-2.8707,26967.4798,NA
parkey.exe,25772,0x2D7110A5280,DXGI,1,0,0,Composed: Flip,27002.2228,NA,20.96570000000000,16.66020000000000,0.15910000000000,0.38870000000000,29.0190,26981.3775,21.0044,20.8453,0.1591,0.6440,20.5900,9.0864,11.5036,-2.7625,26981.3775,NA
parkey.exe,25772,0x2D7110A5280,DXGI,1,0,0,Composed: Flip,27016.0293,NA,13.80650000000000,16.68680000000000,0.13730000000000,0.97160000000000,31.8993,27002.3819,13.7847,13.6474,0.1373,0.2791,14.3399,9.3614,4.9785,4.3176,27002.3819,NA
parkey.exe,25772,0x2D7110A5280,DXGI,1,0,0,Composed: Flip,27036.8970,NA,20.86770000000000,9.62090000000000,0.12460000000000,0.78120000000000,20.6525,27016.1666,20.8550,20.7304,0.1246,0.8343,20.6773,9.3145,11.3628,4.1638,27016.1666,NA
parkey.exe,25772,0x2D7110A5280,DXGI,1,0,0,Composed: Flip,27050.6904,NA,13.79340000000000,23.74110000000000,0.10100000000000,0.75790000000000,30.6002,27037.0216,13.7698,13.6688,0.1010,0.6566,13.7701,9.2635,4.5066,-2.8861,27037.0216,NA
parkey.exe,25772,0x2D7110A5280,DXGI,1,0,0,Composed: Flip,27064.6229,NA,13.93250000000000,16.69320000000000,0.14570000000000,0.78910000000000,33.3609,27050.7914,13.9772,13.8315,0.1457,0.6569,13.9637,9.2551,4.7086,-2.9234,27050.7914,NA
parkey.exe,25772,0x2D7110A5280,DXGI,1,0,0,Composed: Flip,27085.4327,NA,20.80980000000000,16.66180000000000,0.10440000000000,0.63110000000000,29.2129,27064.7686,20.7685,20.6641,0.1044,0.6434,20.6518,8.1751,12.4767,-2.6846,27064.7686,NA
parkey.exe,25772,0x2D7110A5280,DXGI,1,0,0,Composed: Flip,27099.4419,NA,14.00920000000000,16.68060000000000,0.12980000000000,0.79560000000000,31.8843,27085.5371,14.0346,13.9048,0.1298,0.5267,14.1737,9.2159,4.9578,4.0879,27085.5371,NA
parkey.exe,25772,0x2D7110A5280,DXGI,1,0,0,Composed: Flip,27120.2595,NA,20.81760000000000,9.57830000000000,0.15290000000000,0.77700000000000,20.6450,27099.5717,20.8407,20.6878,0.1529,0.6658,20.7990,9.4833,11.3157,4.4563,27099.5717,NA
parkey.exe,25772,0x2D7110A5280,DXGI,1,0,0,Composed: Flip,27134.0283,NA,13.76880000000000,23.78830000000000,0.09830000000000,0.78740000000000,30.6645,27120.4124,13.7142,13.6159,0.0983,0.6241,13.7792,9.3052,4.4740,-2.9476,27120.4124,NA
parkey.exe,25772,0x2D7110A5280,DXGI,1,0,0,Composed: Flip,27148.0299,NA,14.00160000000000,16.67760000000000,0.15430000000000,0.38090000000000,33.3405,27134.1266,14.0576,13.9033,0.1543,0.6891,13.5951,8.8734,4.7217,-2.9634,27134.1266,NA
parkey.exe,25772,0x2D7110A5280,DXGI,1,0,0,Composed: Flip,27168.9175,NA,20.88760000000000,16.67690000000000,0.23160000000000,0.78290000000000,29.1298,27148.1842,20.9649,20.7333,0.2316,0.2907,21.2255,9.4031,11.8224,-2.6193,27148.1842,NA
parkey.exe,25772,0x2D7110A5280,DXGI,1,0,0,Composed: Flip,27182.6738,NA,13.75630000000000,16.68880000000000,0.12830000000000,0.75780000000000,32.0623,27169.1491,13.6530,13.5247,0.1283,0.5513,13.7312,8.2933,5.4379,4.2761,27169.1491,NA
parkey.exe,25772,0x2D7110A5280,DXGI,1,0,0,Composed: Flip,27203.6171,NA,20.94330000000000,9.51070000000000,0.13170000000000,0.75610000000000,20.6297,27182.8021,20.9467,20.8150,0.1317,0.6295,20.9416,9.3024,11.6392,4.1423,27182.8021,NA
parkey.exe,25772,0x2D7110A5280,DXGI,1,0,0,Composed: Flip,27217.3935,NA,13.77640000000000,23.84360000000000,0.12420000000000,0.79660000000000,30.6969,27203.7488,13.7689,13.6447,0.1242,0.6244,13.8169,9.2858,4.5311,-2.8969,27203.7488,NA
parkey.exe,25772,0x2D7110A5280,DXGI,1,0,0,Composed: Flip,27231.2981,NA,13.90460000000000,16.68730000000000,0.12360000000000,0.75420000000000,33.4796,27217.5177,13.9040,13.7804,0.1236,0.6724,13.8622,9.2252,4.6370,-2.9184,27217.5177,NA
parkey.exe,25772,0x2D7110A5280,DXGI,1,0,0,Composed: Flip,27252.2115,NA,20.91340000000000,16.67650000000000,0.14900000000000,0.75940000000000,29.2427,27231.4217,20.9388,20.7898,0.1490,0.6306,20.9186,9.3845,11.5341,-2.7725,27231.4217,NA
parkey.exe,25772,0x2D7110A5280,DXGI,1,0,0,Composed: Flip,27266.0176,NA,13.80610000000000,16.67970000000000,0.10180000000000,0.75180000000000,32.1163,27252.3605,13.7589,13.6571,0.1018,0.6104,13.7985,9.2461,4.5524,4.2591,27252.3605,NA
parkey.exe,25772,0x2D7110A5280,DXGI,1,0,0,Composed: Flip,27286.8738,NA,20.85620000000000,16.35520000000000,0.12060000000000,0.77270000000000,27.6153,27266.1194,20.8750,20.7544,0.1206,0.6500,20.8771,7.9517,12.9254,-2.5963,27266.1194,NA
parkey.exe,25772,0x2D7110A5280,DXGI,1,0,0,Composed: Flip,27300.7929,NA,13.91910000000000,17.00510000000000,0.10830000000000,0.74280000000000,30.7013,27286.9944,13.9068,13.7985,0.1083,0.6521,13.8892,9.1484,4.7408,3.8699,27286.9944,NA
parkey.exe,25772,0x2D7110A5280,DXGI,1,0,0,Composed: Flip,27314.6450,NA,13.85210000000000,16.68580000000000,0.14400000000000,0.78990000000000,33.5350,27300.9012,13.8878,13.7438,0.1440,0.6345,13.8992,9.3208,4.5784,-2.7790,27300.9012,NA
parkey.exe,25772,0x2D7110A5280,DXGI,1,0,0,Composed: Flip,27335.5622,NA,20.91720000000000,16.66790000000000,0.12410000000000,0.75870000000000,29.2857,27314.7890,20.8973,20.7732,0.1241,0.6459,20.8860,9.4046,11.4814,-2.7801,27314.7890,NA
parkey.exe,25772,0x2D7110A5280,DXGI,1,0,0,Composed: Flip,27349.3518,NA,13.78960000000000,16.68540000000000,0.10000000000000,0.72920000000000,32.1815,27335.6863,13.7655,13.6655,0.1000,0.6346,13.7601,9.1884,4.5717,4.2119,27335.6863,NA
parkey.exe,25772,0x2D7110A5280,DXGI,1,0,0,Composed: Flip,27370.3122,NA,20.96040000000000,9.41110000000000,0.15790000000000,0.75080000000000,20.6322,27349.4518,21.0183,20.8604,0.1579,0.6292,20.9820,9.4542,11.5278,4.3544,27349.4518,NA
parkey.exe,25772,0x2D7110A5280,DXGI,1,0,0,Composed: Flip,27384.0755,NA,13.76330000000000,23.95190000000000,0.11330000000000,0.77560000000000,30.8208,27370.4701,13.7187,13.6054,0.1133,0.5929,13.7881,7.9839,5.8042,-2.9336,27370.4701,NA
parkey.exe,25772,0x2D7110A5280,DXGI,1,0,0,Composed: Flip,27397.9848,NA,13.90930000000000,16.68140000000000,0.11240000000000,0.77430000000000,33.5929,27384.1888,13.9084,13.7960,0.1124,0.6623,13.9080,9.2426,4.6654,-2.9627,27384.1888,NA
parkey.exe,25772,0x2D7110A5280,DXGI,1,0,0,Composed: Flip,27418.9365,NA,20.95170000000000,16.67230000000000,0.11910000000000,0.75480000000000,29.3135,27398.0972,20.9584,20.8393,0.1191,0.6619,20.9322,9.4739,11.4583,-2.7639,27398.0972,NA
parkey.exe,25772,0x2D7110A5280,DXGI,1,0,0,Composed: Flip,27432.8846,NA,13.94810000000000,16.68450000000000,0.20340000000000,0.95750000000000,32.0499,27419.0556,14.0324,13.8290,0.2034,0.6357,14.1508,9.4796,4.6712,4.2739,27419.0556,NA
parkey.exe,25772,0x2D7110A5280,DXGI,1,0,0,Composed: Flip,27453.6393,NA,20.75470000000000,16.68500000000000,0.12300000000000,0.76860000000000,27.9802,27433.0880,20.6743,20.5513,0.1230,0.7541,20.5658,9.3013,11.2645,-2.6526,27433.0880,NA
parkey.exe,25772,0x2D7110A5280,DXGI,1,0,0,Composed: Flip,27467.4463,NA,13.80700000000000,16.67880000000000,0.11870000000000,0.74870000000000,30.8520,27453.7623,13.8027,13.6840,0.1187,0.6456,13.7871,9.2199,4.5672,3.9955,27453.7623,NA
parkey.exe,25772,0x2D7110A5280,DXGI,1,0,0,Composed: Flip,27481.3214,NA,13.87510000000000,16.68770000000000,0.10980000000000,0.77660000000000,33.6646,27467.5650,13.8662,13.7564,0.1098,0.6300,13.9030,7.9254,5.9776,-2.8850,27467.5650,NA
parkey.exe,25772,0x2D7110A5280,DXGI,1,0,0,Composed: Flip,27502.2701,NA,20.94870000000000,7.87130000000000,0.17660000000000,0.38340000000000,20.5872,27481.4312,21.0155,20.8389,0.1766,0.6668,20.5555,8.8649,11.6906,5.9949,27481.4312,NA
parkey.exe,25772,0x2D7110A5280,DXGI,1,0,0,Composed: Flip,27516.0965,NA,13.82640000000000,25.47540000000000,0.11780000000000,0.76670000000000,32.2362,27502.4467,13.7676,13.6498,0.1178,0.4060,14.0105,9.0579,4.9526,-4.4599,27502.4467,NA
parkey.exe,25772,0x2D7110A5280,DXGI,1,0,0,Composed: Flip,27536.9835,NA,20.88700000000000,9.29100000000000,0.12730000000000,0.77470000000000,20.6402,27516.2143,20.8965,20.7692,0.1273,0.6489,20.8950,9.2973,11.5977,4.4766,27516.2143,NA
parkey.exe,25772,0x2D7110A5280,DXGI,1,0,0,Composed: Flip,27550.7662,NA,13.78270000000000,24.07470000000000,0.09920000000000,0.76670000000000,30.9322,27537.1108,13.7546,13.6554,0.0992,0.6474,13.7747,9.2545,4.5202,-3.1782,27537.1108,NA
parkey.exe,25772,0x2D7110A5280,DXGI,1,0,0,Composed: Flip,27564.6939,NA,13.92770000000000,16.68000000000000,0.12220000000000,0.82700000000000,33.6845,27550.8654,13.9507,13.8285,0.1222,0.6675,13.9880,9.4286,4.5594,-2.9254,27550.8654,NA
parkey.exe,25772,0x2D7110A5280,DXGI,1,0,0,Composed: Flip,27585.5225,NA,20.82860000000000,16.67320000000000,0.11950000000000,0.39920000000000,29.5291,27564.8161,20.8259,20.7064,0.1195,0.7048,20.4008,7.5453,12.8555,-2.7225,27564.8161,NA
parkey.exe,25772,0x2D7110A5280,DXGI,1,0,0,Composed: Flip,27599.4655,NA,13.94300000000000,16.68500000000000,0.11510000000000,0.92540000000000,32.2711,27585.6420,13.9386,13.8235,0.1151,0.3086,14.4403,9.2804,5.1599,4.1409,27585.6420,NA
parkey.exe,25772,0x2D7110A5280,DXGI,1,0,0,Composed: Flip,27620.3180,NA,20.85250000000000,9.24680000000000,0.13980000000000,0.77070000000000,20.6654,27599.5806,20.8772,20.7374,0.1398,0.8103,20.6978,9.3909,11.3069,4.6918,27599.5806,NA
parkey.exe,25772,0x2D7110A5280,DXGI,1,0,0,Composed: Flip,27634.1139,NA,13.79590000000000,24.11010000000000,0.09190000000000,0.76220000000000,30.9796,27620.4578,13.7480,13.6561,0.0919,0.6309,13.7874,9.2707,4.5167,-3.2329,27620.4578,NA
parkey.exe,25772,0x2D7110A5280,DXGI,1,0,0,Composed: Flip,27648.0253,NA,13.91140000000000,16.68760000000000,0.10910000000000,0.75790000000000,33.7558,27634.2058,13.9286,13.8195,0.1091,0.6703,13.9071,9.2337,4.6734,-2.9396,27634.2058,NA
parkey.exe,25772,0x2D7110A5280,DXGI,1,0,0,Composed: Flip,27668.9917,NA,20.96640000000000,16.67210000000000,0.12920000000000,0.75130000000000,29.4615,27648.1344,20.9865,20.8573,0.1292,0.6488,20.9598,9.3667,11.5931,-2.7435,27648.1344,NA
parkey.exe,25772,0x2D7110A5280,DXGI,1,0,0,Composed: Flip,27682.7377,NA,13.74600000000000,16.68530000000000,0.13900000000000,0.86710000000000,32.4008,27669.1209,13.7558,13.6168,0.1390,0.6221,13.8618,8.0278,5.8340,4.3012,27669.1209,NA
parkey.exe,25772,0x2D7110A5280,DXGI,1,0,0,Composed: Flip,27703.6780,NA,20.94030000000000,9.18410000000000,0.12320000000000,0.74440000000000,20.6446,27682.8767,20.9245,20.8013,0.1232,0.7281,20.8176,9.2879,11.5297,4.5717,27682.8767,NA
parkey.exe,25772,0x2D7110A5280,DXGI,1,0,0,Composed: Flip,27717.4848,NA,13.80680000000000,24.17690000000000,0.12490000000000,0.75570000000000,31.0147,27703.8012,13.8085,13.6836,0.1249,0.6212,13.8181,9.2594,4.5587,-3.2524,27703.8012,NA
parkey.exe,25772,0x2D7110A5280,DXGI,1,0,0,Composed: Flip,27731.3829,NA,13.89810000000000,16.67940000000000,0.12170000000000,0.75600000000000,33.7960,27717.6097,13.8949,13.7732,0.1217,0.6308,13.8984,9.2567,4.6417,-2.8709,27717.6097,NA
parkey.exe,25772,0x2D7110A5280,DXGI,1,0,0,Composed: Flip,27752.2902,NA,20.90730000000000,16.67900000000000,0.13920000000000,0.75130000000000,29.5677,27731.5046,20.9248,20.7856,0.1392,0.6343,20.9026,9.3929,11.5097,-2.7841,27731.5046,NA
parkey.exe,25772,0x2D7110A5280,DXGI,1,0,0,Composed: Flip,27766.1150,NA,13.82480000000000,16.68470000000000,0.11380000000000,0.74360000000000,32.4276,27752.4294,13.7994,13.6856,0.1138,0.6121,13.8171,9.2414,4.5757,4.2401,27752.4294,NA
parkey.exe,25772,0x2D7110A5280,DXGI,1,0,0,Composed: Flip,27786.9582,NA,20.84320000000000,16.04460000000000,0.11550000000000,0.75300000000000,27.6290,27766.2288,20.8449,20.7294,0.1155,0.6298,20.8526,7.9364,12.9162,-2.2452,27766.2288,NA
parkey.exe,25772,0x2D7110A5280,DXGI,1,0,0,Composed: Flip,27800.8603,NA,13.90210000000000,17.31310000000000,0.09720000000000,0.74890000000000,31.0400,27787.0737,13.8838,13.7866,0.0972,0.6375,13.8980,9.2433,4.6547,3.5318,27787.0737,NA
parkey.exe,25772,0x2D7110A5280,DXGI,1,0,0,Composed: Flip,27814.7295,NA,13.86920000000000,16.68080000000000,0.13260000000000,0.78560000000000,33.8516,27800.9575,13.9046,13.7720,0.1326,0.6517,13.9059,9.2526,4.6533,-2.7970,27800.9575,NA
parkey.exe,25772,0x2D7110A5280,DXGI,1,0,0,Composed: Flip,27835.6134,NA,20.88390000000000,16.67360000000000,0.09970000000000,0.77710000000000,29.6413,27814.8621,20.8510,20.7513,0.0997,0.6530,20.8754,9.4841,11.3913,-2.7690,27814.8621,NA
parkey.exe,25772,0x2D7110A5280,DXGI,1,0,0,Composed: Flip,27849.4597,NA,13.84630000000000,16.68180000000000,0.11900000000000,0.74840000000000,32.4768,27835.7131,13.8656,13.7466,0.1190,0.6774,13.8176,9.2050,4.6126,4.1692,27835.7131,NA
parkey.exe,25772,0x2D7110A5280,DXGI,1,0,0,Composed: Flip,27870.3772,NA,20.91750000000000,9.09450000000000,0.14810000000000,0.74460000000000,20.6538,27849.5787,20.9466,20.7985,0.1481,0.6294,20.9137,9.2393,11.6744,4.7711,27849.5787,NA
parkey.exe,25772,0x2D7110A5280,DXGI,1,0,0,Composed: Flip,27884.1666,NA,13.78940000000000,24.27820000000000,0.10260000000000,0.64590000000000,31.1426,27870.5253,13.7439,13.6413,0.1026,0.5965,13.6907,7.8195,5.8712,-3.3316,27870.5253,NA
parkey.exe,25772,0x2D7110A5280,DXGI,1,0,0,Composed: Flip,27905.0417,NA,20.87510000000000,16.67230000000000,0.12460000000000,0.77730000000000,26.9398,27884.2692,20.8971,20.7725,0.1246,0.5433,21.0065,9.2617,11.7448,-2.9284,27884.2692,NA
parkey.exe,25772,0x2D7110A5280,DXGI,1,0,0,Composed: Flip,27918.9896,NA,13.94790000000000,16.67310000000000,0.11840000000000,0.78430000000000,29.6650,27905.1663,13.9417,13.8233,0.1184,0.6527,13.9549,9.1629,4.7920,4.2240,27905.1663,NA
parkey.exe,25772,0x2D7110A5280,DXGI,1,0,0,Composed: Flip,27932.8006,NA,13.81100000000000,16.68910000000000,0.12140000000000,0.27260000000000,32.5431,27919.1080,13.8140,13.6926,0.1214,0.6659,13.2993,8.6326,4.6667,-2.7474,27919.1080,NA
