Application,ProcessID,SwapChainAddress,PresentRuntime,SyncInterval,PresentFlags,AllowsTearing,PresentMode,TimeInMs,MsBetweenSimulationStart,MsBetweenPresents,MsBetweenDisplayChange,MsInPresentAPI,MsRenderPresentLatency,MsUntilDisplayed,CPUStartTimeInMs,MsBetweenAppStart,MsCPUBusy,MsCPUWait,MsGPULatency,MsGPUTime,MsGPUBusy,MsGPUWait,MsAnimationError,AnimationTime,MsFlipDelay
parkey.exe,38476,0x25B69970950,DXGI,1,4,0,Composed: Flip,8012.7316,NA,16.47360000000000,16.68510000000000,0.11420000000000,7.25110000000000,36.2124,7996.3938,16.4520,16.3378,0.1142,16.3013,7.2876,7.2373,0.0503,0.1462,7996.3938,NA
parkey.exe,38476,0x25B69970950,DXGI,1,4,0,Composed: Flip,8029.4130,NA,16.68140000000000,16.68190000000000,0.12030000000000,7.68930000000000,36.2129,8012.8458,16.6875,16.5672,0.1203,16.5263,7.7302,7.7127,0.0175,-0.2299,8012.8458,NA
parkey.exe,38476,0x25B69970950,DXGI,1,4,0,Composed: Flip,8046.8992,NA,17.48620000000000,16.67390000000000,0.12870000000000,7.58470000000000,35.4006,8029.5333,17.4946,17.3659,0.1287,17.3258,7.6248,7.6080,0.0168,0.0136,8029.5333,NA
parkey.exe,38476,0x25B69970950,DXGI,1,4,0,Composed: Flip,8062.9071,NA,16.00790000000000,16.68760000000000,0.13050000000000,7.29540000000000,36.0803,8047.0279,16.0097,15.8792,0.1305,15.8403,7.3343,7.3104,0.0239,0.8070,8047.0279,NA
parkey.exe,38476,0x25B69970950,DXGI,1,4,0,Composed: Flip,8081.2675,NA,18.36040000000000,16.67120000000000,0.12040000000000,7.36980000000000,34.3911,8063.0376,18.3503,18.2299,0.1204,18.1909,7.4088,7.3837,0.0251,-0.6615,8063.0376,NA
parkey.exe,38476,0x25B69970950,DXGI,1,4,0,Composed: Flip,8095.9846,NA,14.71710000000000,16.68570000000000,0.11200000000000,7.01350000000000,36.3597,8081.3879,14.7087,14.5967,0.1120,14.5611,7.0491,7.0340,0.0151,1.6646,8081.3879,NA
parkey.exe,38476,0x25B69970950,DXGI,1,4,0,Composed: Flip,8112.6963,NA,16.71170000000000,16.68030000000000,0.12530000000000,7.75110000000000,36.3283,8096.0966,16.7250,16.5997,0.1253,16.5615,7.7893,7.7740,0.0153,-1.9716,8096.0966,NA
parkey.exe,38476,0x25B69970950,DXGI,1,4,0,Composed: Flip,8129.3793,NA,16.68300000000000,16.67540000000000,0.11600000000000,6.90230000000000,36.3207,8112.8216,16.6737,16.5577,0.1160,16.5186,6.9414,6.8786,0.0628,0.0496,8112.8216,NA
parkey.exe,38476,0x25B69970950,DXGI,1,4,0,Composed: Flip,8146.1116,NA,16.73230000000000,16.68490000000000,0.11990000000000,7.34560000000000,36.2733,8129.4953,16.7362,16.6163,0.1199,16.5746,7.3873,7.3720,0.0153,-0.0112,8129.4953,NA
parkey.exe,38476,0x25B69970950,DXGI,1,4,0,Composed: Flip,8162.6961,NA,16.58450000000000,16.67550000000000,0.11600000000000,6.94480000000000,36.3643,8146.2315,16.5806,16.4646,0.1160,16.4260,6.9834,6.9650,0.0184,0.0607,8146.2315,NA
parkey.exe,38476,0x25B69970950,DXGI,1,4,0,Composed: Flip,8179.2409,NA,16.54480000000000,16.67960000000000,0.12150000000000,7.27400000000000,36.4991,8162.8121,16.5503,16.4288,0.1215,16.3942,7.3086,7.2890,0.0196,-0.0990,8162.8121,NA
parkey.exe,38476,0x25B69970950,DXGI,1,4,0,Composed: Flip,8195.8673,NA,16.62640000000000,16.68930000000000,0.10790000000000,7.44310000000000,36.5620,8179.3624,16.6128,16.5049,0.1079,16.4688,7.4792,7.4507,0.0285,-0.1390,8179.3624,NA
parkey.exe,38476,0x25B69970950,DXGI,1,4,0,Composed: Flip,8212.6854,NA,16.81810000000000,16.69280000000000,0.11520000000000,7.41390000000000,36.4367,8195.9752,16.8254,16.7102,0.1152,16.6690,7.4551,7.4176,0.0375,-0.0800,8195.9752,NA
parkey.exe,38476,0x25B69970950,DXGI,1,4,0,Composed: Flip,8229.3024,NA,16.61700000000000,16.66860000000000,0.11670000000000,7.32630000000000,36.4883,8212.8006,16.6185,16.5018,0.1167,16.4641,7.3640,7.3466,0.0174,0.1568,8212.8006,NA
parkey.exe,38476,0x25B69970950,DXGI,1,4,0,Composed: Flip,8245.9633,NA,16.66090000000000,16.67380000000000,0.12410000000000,7.40460000000000,36.5012,8229.4191,16.6683,16.5442,0.1241,16.5056,7.4432,7.4243,0.0189,-0.0553,8229.4191,NA
parkey.exe,38476,0x25B69970950,DXGI,1,4,0,Composed: Flip,8262.6922,NA,16.72890000000000,16.67690000000000,0.12200000000000,7.31750000000000,36.4492,8246.0874,16.7268,16.6048,0.1220,16.5676,7.3547,7.3252,0.0295,-0.0086,8246.0874,NA
parkey.exe,38476,0x25B69970950,DXGI,1,4,0,Composed: Flip,8279.3911,NA,16.69890000000000,16.68830000000000,0.11360000000000,6.93670000000000,36.4386,8262.8142,16.6905,16.5769,0.1136,16.5384,6.9752,6.9597,0.0155,0.0385,8262.8142,NA
parkey.exe,38476,0x25B69970950,DXGI,1,4,0,Composed: Flip,8295.9179,NA,16.52680000000000,16.68640000000000,0.11380000000000,7.01800000000000,36.5982,8279.5047,16.5270,16.4132,0.1138,16.3713,7.0599,7.0408,0.0191,0.0041,8279.5047,NA
parkey.exe,38476,0x25B69970950,DXGI,1,4,0,Composed: Flip,8312.6775,NA,16.75960000000000,16.67880000000000,0.12820000000000,7.44070000000000,36.5174,8296.0317,16.7740,16.6458,0.1282,16.6109,7.4756,7.4606,0.0150,-0.1518,8296.0317,NA
parkey.exe,38476,0x25B69970950,DXGI,1,4,0,Composed: Flip,8330.2780,NA,17.60050000000000,16.66680000000000,0.11930000000000,7.41970000000000,35.5837,8312.8057,17.5916,17.4723,0.1193,17.4364,7.4556,7.4345,0.0211,0.1072,8312.8057,NA
parkey.exe,38476,0x25B69970950,DXGI,1,4,0,Composed: Flip,8345.8183,NA,15.54030000000000,16.69010000000000,0.10650000000000,7.30730000000000,36.7335,8330.3973,15.5275,15.4210,0.1065,15.3851,7.3432,7.3228,0.0204,0.9015,8330.3973,NA
parkey.exe,38476,0x25B69970950,DXGI,1,4,0,Composed: Flip,8362.5083,NA,16.69000000000000,16.67820000000000,0.11440000000000,5.80580000000000,36.7217,8345.9248,16.6979,16.5835,0.1144,16.5490,5.8403,5.8171,0.0232,-1.1507,8345.9248,NA
parkey.exe,38476,0x25B69970950,DXGI,1,4,0,Composed: Flip,8379.4184,NA,16.91010000000000,16.67800000000000,0.15780000000000,7.29780000000000,36.4896,8362.6227,16.9535,16.7957,0.1578,16.7593,7.3342,7.3179,0.0163,0.0199,8362.6227,NA
parkey.exe,38476,0x25B69970950,DXGI,1,4,0,Composed: Flip,8396.7009,NA,17.28250000000000,16.68090000000000,0.15570000000000,7.32930000000000,35.8880,8379.5762,17.2804,17.1247,0.1557,17.0770,7.3770,7.3545,0.0225,0.2726,8379.5762,NA
parkey.exe,38476,0x25B69970950,DXGI,1,4,0,Composed: Flip,8412.7149,NA,16.01400000000000,16.67450000000000,0.13060000000000,5.69790000000000,36.5485,8396.8566,15.9889,15.8583,0.1306,15.8221,5.7341,5.7114,0.0227,0.6059,8396.8566,NA
parkey.exe,38476,0x25B69970950,DXGI,1,4,0,Composed: Flip,8428.9946,NA,16.27970000000000,16.67850000000000,0.13580000000000,6.81000000000000,36.9473,8412.8455,16.2849,16.1491,0.1358,16.1165,6.8426,6.8277,0.0149,-0.6896,8412.8455,NA
parkey.exe,38476,0x25B69970950,DXGI,1,4,0,Composed: Flip,8445.8209,NA,16.82630000000000,16.68260000000000,0.11400000000000,7.66880000000000,36.8036,8429.1304,16.8045,16.6905,0.1140,16.6547,7.7046,7.6834,0.0212,-0.3977,8429.1304,NA
parkey.exe,38476,0x25B69970950,DXGI,1,4,0,Composed: Flip,8462.4996,NA,16.67870000000000,14.43910000000000,0.11050000000000,7.43710000000000,34.5640,8445.9349,16.6752,16.5647,0.1105,16.5314,7.4704,7.4478,0.0226,2.3654,8445.9349,NA
parkey.exe,38476,0x25B69970950,DXGI,1,4,0,Composed: Flip,8479.0074,NA,16.50780000000000,18.91940000000000,0.10840000000000,6.80860000000000,36.9756,8462.6101,16.5057,16.3973,0.1084,16.3669,6.8390,6.8230,0.0160,-2.2442,8462.6101,NA
parkey.exe,38476,0x25B69970950,DXGI,1,4,0,Composed: Flip,8495.6621,NA,16.65470000000000,15.82150000000000,0.11590000000000,8.14630000000000,36.1424,8479.1158,16.6622,16.5463,0.1159,16.5135,8.1791,8.1608,0.0183,0.6842,8479.1158,NA
parkey.exe,38476,0x25B69970950,DXGI,1,4,0,Composed: Flip,8512.5074,NA,16.84530000000000,17.54310000000000,0.10810000000000,5.70100000000000,36.8402,8495.7780,16.8375,16.7294,0.1081,16.6895,5.7409,5.7158,0.0251,-0.8809,8495.7780,NA
parkey.exe,38476,0x25B69970950,DXGI,1,4,0,Composed: Flip,8528.9909,NA,16.48350000000000,16.68980000000000,0.10320000000000,7.66170000000000,37.0465,8512.6155,16.4786,16.3754,0.1032,16.3431,7.6940,7.6739,0.0201,0.1477,8512.6155,NA
parkey.exe,38476,0x25B69970950,DXGI,1,4,0,Composed: Flip,8546.6008,NA,17.60990000000000,14.39250000000000,0.11770000000000,8.71640000000000,33.8291,8529.0941,17.6244,17.5067,0.1177,17.4695,8.7536,8.7365,0.0171,2.0861,8529.0941,NA
parkey.exe,38476,0x25B69970950,DXGI,1,4,0,Composed: Flip,8562.8231,NA,16.22230000000000,18.95760000000000,0.13850000000000,7.04390000000000,36.5644,8546.7185,16.2431,16.1046,0.1385,16.0653,7.0832,7.0643,0.0189,-1.3332,8546.7185,NA
parkey.exe,38476,0x25B69970950,DXGI,1,4,0,Composed: Flip,8579.3189,NA,16.49580000000000,15.77030000000000,0.11120000000000,7.41170000000000,35.8389,8562.9616,16.4685,16.3573,0.1112,16.3216,7.4474,7.4161,0.0313,0.4728,8562.9616,NA
parkey.exe,38476,0x25B69970950,DXGI,1,4,0,Composed: Flip,8596.0335,NA,16.71460000000000,17.58900000000000,0.12280000000000,5.60740000000000,36.7133,8579.4301,16.7262,16.6034,0.1228,16.5578,5.6530,5.6290,0.0240,-1.1205,8579.4301,NA
parkey.exe,38476,0x25B69970950,DXGI,1,4,0,Composed: Flip,8612.8321,NA,16.79860000000000,16.68040000000000,0.15810000000000,7.67450000000000,36.5951,8596.1563,16.8339,16.6758,0.1581,16.6310,7.7193,7.6988,0.0205,0.0458,8596.1563,NA
parkey.exe,38476,0x25B69970950,DXGI,1,4,0,Composed: Flip,8629.5954,NA,16.76330000000000,14.33600000000000,0.12680000000000,8.53210000000000,34.1678,8612.9902,16.7320,16.6052,0.1268,16.5668,8.5705,8.5511,0.0194,2.4979,8612.9902,NA
parkey.exe,38476,0x25B69970950,DXGI,1,4,0,Composed: Flip,8646.0483,NA,16.45290000000000,19.01870000000000,0.12050000000000,6.78580000000000,36.7336,8629.7222,16.4466,16.3261,0.1205,16.2863,6.8256,6.8070,0.0186,-2.2867,8629.7222,NA
parkey.exe,38476,0x25B69970950,DXGI,1,4,0,Composed: Flip,8662.5857,NA,16.53740000000000,15.72760000000000,0.12370000000000,7.38910000000000,35.9238,8646.1688,16.5406,16.4169,0.1237,16.3737,7.4323,7.4092,0.0231,0.7190,8646.1688,NA
parkey.exe,38476,0x25B69970950,DXGI,1,4,0,Composed: Flip,8679.1068,NA,16.52110000000000,17.63640000000000,0.11660000000000,6.77820000000000,37.0391,8662.7094,16.5140,16.3974,0.1166,16.3605,6.8151,6.7973,0.0178,-1.0958,8662.7094,NA
parkey.exe,38476,0x25B69970950,DXGI,1,4,0,Composed: Flip,8696.0712,NA,16.96440000000000,16.68140000000000,0.12740000000000,7.72680000000000,36.7561,8679.2234,16.9752,16.8478,0.1274,16.8073,7.7673,7.7505,0.0168,-0.1674,8679.2234,NA
parkey.exe,38476,0x25B69970950,DXGI,1,4,0,Composed: Flip,8712.6117,NA,16.54050000000000,14.29550000000000,0.11310000000000,8.44450000000000,34.5111,8696.1986,16.5262,16.4131,0.1131,16.3757,8.4819,8.4612,0.0207,2.6797,8696.1986,NA
parkey.exe,38476,0x25B69970950,DXGI,1,4,0,Composed: Flip,8729.0444,NA,16.43270000000000,19.07690000000000,0.10500000000000,6.72220000000000,37.1553,8712.7248,16.4246,16.3196,0.1050,16.2841,6.7577,6.7377,0.0200,-2.5507,8712.7248,NA
parkey.exe,38476,0x25B69970950,DXGI,1,4,0,Composed: Flip,8746.1801,NA,17.13570000000000,15.64510000000000,0.14000000000000,8.03430000000000,35.6647,8729.1494,17.1707,17.0307,0.1400,16.9866,8.0784,8.0542,0.0242,0.7795,8729.1494,NA
parkey.exe,38476,0x25B69970950,DXGI,1,4,0,Composed: Flip,8762.8147,NA,16.63460000000000,17.70660000000000,0.12930000000000,6.75570000000000,36.7367,8746.3201,16.6239,16.4946,0.1293,16.4566,6.7937,6.7655,0.0282,-0.5359,8746.3201,NA
parkey.exe,38476,0x25B69970950,DXGI,1,4,0,Composed: Flip,8779.5347,NA,16.72000000000000,16.68040000000000,0.13040000000000,7.31370000000000,36.6971,8762.9440,16.7211,16.5907,0.1304,16.5520,7.3524,7.3344,0.0180,-0.0565,8762.9440,NA
parkey.exe,38476,0x25B69970950,DXGI,1,4,0,Composed: Flip,8795.9736,NA,16.43890000000000,16.67790000000000,0.11850000000000,6.89200000000000,36.9361,8779.6651,16.4270,16.3085,0.1185,16.2712,6.9293,6.9139,0.0154,0.0432,8779.6651,NA
parkey.exe,38476,0x25B69970950,DXGI,1,4,0,Composed: Flip,8812.4849,NA,16.51130000000000,16.68280000000000,0.11960000000000,6.85060000000000,37.1076,8796.0921,16.5124,16.3928,0.1196,16.3631,6.8803,6.8656,0.0147,-0.2558,8796.0921,NA
parkey.exe,38476,0x25B69970950,DXGI,1,4,0,Composed: Flip,8829.1337,NA,16.64880000000000,16.67070000000000,0.10880000000000,6.76800000000000,37.1295,8812.6045,16.6380,16.5292,0.1088,16.4948,6.8024,6.7884,0.0140,-0.1583,8812.6045,NA
parkey.exe,38476,0x25B69970950,DXGI,1,4,0,Composed: Flip,8845.8167,NA,16.68300000000000,16.68750000000000,0.11470000000000,5.70670000000000,37.1340,8829.2425,16.6889,16.5742,0.1147,16.5402,5.7407,5.7215,0.0192,-0.0495,8829.2425,NA
parkey.exe,38476,0x25B69970950,DXGI,1,4,0,Composed: Flip,8862.3064,NA,16.48970000000000,16.68130000000000,0.11030000000000,6.88720000000000,37.3256,8845.9314,16.4853,16.3750,0.1103,16.3452,6.9170,6.9033,0.0137,0.0076,8845.9314,NA
parkey.exe,38476,0x25B69970950,DXGI,1,4,0,Composed: Flip,8878.9832,NA,16.67680000000000,16.68110000000000,0.10950000000000,6.86080000000000,37.3299,8862.4167,16.6760,16.5665,0.1095,16.5342,6.8931,6.8788,0.0143,-0.1958,8862.4167,NA
parkey.exe,38476,0x25B69970950,DXGI,1,4,0,Composed: Flip,8895.8834,NA,16.90020000000000,16.67830000000000,0.11520000000000,6.84130000000000,37.1080,8879.0927,16.9059,16.7907,0.1152,16.7550,6.8770,6.8563,0.0207,-0.0023,8879.0927,NA
parkey.exe,38476,0x25B69970950,DXGI,1,4,0,Composed: Flip,8912.6883,NA,16.80490000000000,16.67650000000000,0.13940000000000,5.72630000000000,36.9796,8895.9986,16.8291,16.6897,0.1394,16.6509,5.7651,5.7441,0.0210,0.2294,8895.9986,NA
parkey.exe,38476,0x25B69970950,DXGI,1,4,0,Composed: Flip,8929.2469,NA,16.55860000000000,16.69260000000000,0.14010000000000,6.74950000000000,37.1136,8912.8277,16.5593,16.4192,0.1401,16.3791,6.7896,6.7731,0.0165,0.1365,8912.8277,NA
parkey.exe,38476,0x25B69970950,DXGI,1,4,0,Composed: Flip,8945.7788,NA,16.53190000000000,16.67450000000000,0.10580000000000,5.75540000000000,37.2562,8929.3870,16.4976,16.3918,0.1058,16.3574,5.7898,5.7618,0.0280,-0.1152,8929.3870,NA
parkey.exe,38476,0x25B69970950,DXGI,1,4,0,Composed: Flip,8962.4163,NA,16.63750000000000,16.67590000000000,0.11530000000000,5.71940000000000,37.2946,8945.8846,16.6470,16.5317,0.1153,16.4958,5.7553,5.7346,0.0207,-0.1783,8945.8846,NA
parkey.exe,38476,0x25B69970950,DXGI,1,4,0,Composed: Flip,8979.1353,NA,16.71900000000000,16.68510000000000,0.11270000000000,6.84050000000000,37.2607,8962.5316,16.7164,16.6037,0.1127,16.5684,6.8758,6.8567,0.0191,-0.0381,8962.5316,NA
parkey.exe,38476,0x25B69970950,DXGI,1,4,0,Composed: Flip,8995.6851,NA,16.54980000000000,16.67700000000000,0.11170000000000,6.89860000000000,37.3879,8979.2480,16.5488,16.4371,0.1117,16.4044,6.9313,6.9157,0.0156,0.0394,8979.2480,NA
parkey.exe,38476,0x25B69970950,DXGI,1,4,0,Composed: Flip,9012.4407,NA,16.75560000000000,16.67780000000000,0.16070000000000,6.82070000000000,37.3101,8995.7968,16.8046,16.6439,0.1607,16.6108,6.8538,6.5831,0.2707,-0.1290,8995.7968,NA
parkey.exe,38476,0x25B69970950,DXGI,1,4,0,Composed: Flip,9029.5416,NA,17.10090000000000,16.68420000000000,0.10540000000000,5.71000000000000,36.8934,9012.6014,17.0456,16.9402,0.1054,16.9076,5.7426,5.7201,0.0225,0.1204,9012.6014,NA
parkey.exe,38476,0x25B69970950,DXGI,1,4,0,Composed: Flip,9045.6239,NA,16.08230000000000,16.67720000000000,0.10890000000000,6.79120000000000,37.4883,9029.6470,16.0858,15.9769,0.1089,15.9437,6.8244,6.8093,0.0151,0.3684,9029.6470,NA
parkey.exe,38476,0x25B69970950,DXGI,1,4,0,Composed: Flip,9062.2809,NA,16.65700000000000,16.68100000000000,0.11610000000000,7.19910000000000,37.5123,9045.7328,16.6642,16.5481,0.1161,16.5160,7.2312,7.2168,0.0144,-0.5952,9045.7328,NA
parkey.exe,38476,0x25B69970950,DXGI,1,4,0,Composed: Flip,9078.8886,NA,16.60770000000000,16.67820000000000,0.09880000000000,6.87060000000000,37.5828,9062.3970,16.5904,16.4916,0.0988,16.4578,6.9044,6.8898,0.0146,-0.0140,9062.3970,NA
parkey.exe,38476,0x25B69970950,DXGI,1,4,0,Composed: Flip,9095.7059,NA,16.81730000000000,16.67560000000000,0.10580000000000,6.77830000000000,37.4411,9078.9874,16.8243,16.7185,0.1058,16.6826,6.8142,6.8003,0.0139,-0.0852,9078.9874,NA
parkey.exe,38476,0x25B69970950,DXGI,1,4,0,Composed: Flip,9112.4279,NA,16.72200000000000,16.68930000000000,0.12410000000000,6.80370000000000,37.4084,9095.8117,16.7403,16.6162,0.1241,16.5811,6.8388,6.8188,0.0200,0.1350,9095.8117,NA
parkey.exe,38476,0x25B69970950,DXGI,1,4,0,Composed: Flip,9128.9706,NA,16.54270000000000,16.67470000000000,0.09850000000000,6.87180000000000,37.5404,9112.5520,16.5171,16.4186,0.0985,16.3885,6.9019,6.8877,0.0142,0.0656,9112.5520,NA
parkey.exe,38476,0x25B69970950,DXGI,1,4,0,Composed: Flip,9145.7186,NA,16.74800000000000,16.69460000000000,0.11080000000000,6.84350000000000,37.4870,9129.0691,16.7603,16.6495,0.1108,16.6160,6.8770,6.8587,0.0183,-0.1775,9129.0691,NA
parkey.exe,38476,0x25B69970950,DXGI,1,4,0,Composed: Flip,9162.1877,NA,16.46910000000000,16.67200000000000,0.09910000000000,5.74070000000000,37.6899,9145.8294,16.4574,16.3583,0.0991,16.3220,5.7770,5.7576,0.0194,0.0883,9145.8294,NA
parkey.exe,38476,0x25B69970950,DXGI,1,4,0,Composed: Flip,9178.7405,NA,16.55280000000000,16.67850000000000,0.09910000000000,6.10750000000000,37.8156,9162.2868,16.5528,16.4537,0.0991,16.4241,6.1371,6.1161,0.0210,-0.2211,9162.2868,NA
parkey.exe,38476,0x25B69970950,DXGI,1,4,0,Composed: Flip,9195.4485,NA,16.70800000000000,16.69790000000000,0.09250000000000,5.77620000000000,37.8055,9178.8396,16.7014,16.6089,0.0925,16.5790,5.8061,5.7882,0.0179,-0.1451,9178.8396,NA
parkey.exe,38476,0x25B69970950,DXGI,1,4,0,Composed: Flip,9212.0600,NA,16.61150000000000,16.66120000000000,0.08930000000000,6.84910000000000,37.8552,9195.5410,16.6083,16.5190,0.0893,16.4906,6.8775,6.8641,0.0134,0.0402,9195.5410,NA
parkey.exe,38476,0x25B69970950,DXGI,1,4,0,Composed: Flip,9228.8491,NA,16.78910000000000,16.68640000000000,0.09610000000000,6.82120000000000,37.7525,9212.1493,16.7959,16.6998,0.0961,16.6703,6.8507,6.8323,0.0184,-0.0781,9212.1493,NA
parkey.exe,38476,0x25B69970950,DXGI,1,4,0,Composed: Flip,9245.5897,NA,16.74060000000000,16.67960000000000,0.11740000000000,5.72680000000000,37.6915,9228.9452,16.7619,16.6445,0.1174,16.6077,5.7636,5.7419,0.0217,0.1163,9228.9452,NA
parkey.exe,38476,0x25B69970950,DXGI,1,4,0,Composed: Flip,9262.4024,NA,16.81270000000000,16.67460000000000,0.10820000000000,7.18750000000000,37.5534,9245.7071,16.8035,16.6953,0.1082,16.6626,7.2202,7.2016,0.0186,0.0873,9245.7071,NA
parkey.exe,38476,0x25B69970950,DXGI,1,4,0,Composed: Flip,9279.2775,NA,16.87510000000000,16.66030000000000,0.11460000000000,6.78250000000000,37.3386,9262.5106,16.8815,16.7669,0.1146,16.7260,6.8234,6.8088,0.0146,0.1432,9262.5106,NA
parkey.exe,38476,0x25B69970950,DXGI,1,4,0,Composed: Flip,9295.9576,NA,16.68010000000000,16.69430000000000,0.11230000000000,6.82220000000000,37.3528,9279.3921,16.6778,16.5655,0.1123,16.5290,6.8587,6.8401,0.0186,0.1872,9279.3921,NA
parkey.exe,38476,0x25B69970950,DXGI,1,4,0,Composed: Flip,9312.4175,NA,16.45990000000000,16.68430000000000,0.11760000000000,6.79210000000000,37.5772,9296.0699,16.4652,16.3476,0.1176,16.3092,6.8305,6.8140,0.0165,-0.0065,9296.0699,NA
parkey.exe,38476,0x25B69970950,DXGI,1,4,0,Composed: Flip,9329.0678,NA,16.65030000000000,16.67930000000000,0.10050000000000,7.15680000000000,37.6062,9312.5351,16.6332,16.5327,0.1005,16.4996,7.1899,7.1751,0.0148,-0.2141,9312.5351,NA
parkey.exe,38476,0x25B69970950,DXGI,1,4,0,Composed: Flip,9345.5943,NA,16.52650000000000,16.68500000000000,0.09720000000000,6.41650000000000,37.7647,9329.1683,16.5232,16.4260,0.0972,16.3947,6.4478,6.4215,0.0263,-0.0518,9329.1683,NA
parkey.exe,38476,0x25B69970950,DXGI,1,4,0,Composed: Flip,9362.2354,NA,16.64110000000000,16.67390000000000,0.10740000000000,6.85720000000000,37.7975,9345.6915,16.6513,16.5439,0.1074,16.5120,6.8891,6.8656,0.0235,-0.1507,9345.6915,NA
parkey.exe,38476,0x25B69970950,DXGI,1,4,0,Composed: Flip,9378.9088,NA,16.67340000000000,16.68230000000000,0.09830000000000,6.81700000000000,37.8064,9362.3428,16.6643,16.5660,0.0983,16.5348,6.8482,6.8340,0.0142,-0.0310,9362.3428,NA
parkey.exe,38476,0x25B69970950,DXGI,1,4,0,Composed: Flip,9395.5348,NA,16.62600000000000,16.69170000000000,0.09580000000000,7.20810000000000,37.8721,9379.0071,16.6235,16.5277,0.0958,16.4965,7.2393,7.2214,0.0179,-0.0274,9379.0071,NA
parkey.exe,38476,0x25B69970950,DXGI,1,4,0,Composed: Flip,9412.2265,NA,16.69170000000000,16.67110000000000,0.09260000000000,5.72400000000000,37.8515,9395.6306,16.6885,16.5959,0.0926,16.5667,5.7532,5.7291,0.0241,-0.0476,9395.6306,NA
parkey.exe,38476,0x25B69970950,DXGI,1,4,0,Composed: Flip,9428.9403,NA,16.71380000000000,16.68730000000000,0.10840000000000,6.78810000000000,37.8250,9412.3191,16.7296,16.6212,0.1084,16.5874,6.8219,6.8073,0.0146,0.0012,9412.3191,NA
parkey.exe,38476,0x25B69970950,DXGI,1,4,0,Composed: Flip,9445.8281,NA,16.88780000000000,16.67290000000000,0.11420000000000,5.73770000000000,37.6101,9429.0487,16.8936,16.7794,0.1142,16.7451,5.7720,5.7485,0.0235,0.0567,9429.0487,NA
parkey.exe,38476,0x25B69970950,DXGI,1,4,0,Composed: Flip,9462.5812,NA,16.75310000000000,16.67960000000000,0.11610000000000,5.73590000000000,37.5366,9445.9423,16.7550,16.6389,0.1161,16.6015,5.7733,5.7516,0.0217,0.2140,9445.9423,NA
parkey.exe,38476,0x25B69970950,DXGI,1,4,0,Composed: Flip,9478.9370,NA,16.35580000000000,16.67740000000000,0.10370000000000,6.80730000000000,37.8582,9462.6973,16.3434,16.2397,0.1037,16.2080,6.8390,6.8192,0.0198,0.0776,9462.6973,NA
parkey.exe,38476,0x25B69970950,DXGI,1,4,0,Composed: Flip,9495.9040,NA,16.96700000000000,16.68020000000000,0.12220000000000,6.85680000000000,37.5714,9479.0407,16.9855,16.8633,0.1222,16.8256,6.8945,6.8785,0.0160,-0.3368,9479.0407,NA
parkey.exe,38476,0x25B69970950,DXGI,1,4,0,Composed: Flip,9512.3983,NA,16.49430000000000,16.68240000000000,0.10310000000000,5.69860000000000,37.7595,9496.0262,16.4752,16.3721,0.1031,16.3379,5.7328,5.7124,0.0204,0.3031,9496.0262,NA
parkey.exe,38476,0x25B69970950,DXGI,1,4,0,Composed: Flip,9528.8411,NA,16.44280000000000,16.68870000000000,0.09440000000000,5.72440000000000,38.0054,9512.5014,16.4341,16.3397,0.0944,16.3099,5.7542,5.7290,0.0252,-0.2135,9512.5014,NA
parkey.exe,38476,0x25B69970950,DXGI,1,4,0,Composed: Flip,9545.5539,NA,16.71280000000000,16.67150000000000,0.10080000000000,5.71280000000000,37.9641,9528.9355,16.7192,16.6184,0.1008,16.5853,5.7459,5.7259,0.0200,-0.2374,9528.9355,NA
parkey.exe,38476,0x25B69970950,DXGI,1,4,0,Composed: Flip,9562.2468,NA,16.69290000000000,16.68300000000000,0.10540000000000,7.25310000000000,37.9542,9545.6547,16.6975,16.5921,0.1054,16.5584,7.2868,7.2731,0.0137,0.0362,9545.6547,NA
parkey.exe,38476,0x25B69970950,DXGI,1,4,0,Composed: Flip,9578.9323,NA,16.68550000000000,16.67680000000000,0.09820000000000,6.51300000000000,37.9455,9562.3522,16.6783,16.5801,0.0982,16.5486,6.5445,6.5114,0.0331,0.0207,9562.3522,NA
parkey.exe,38476,0x25B69970950,DXGI,1,4,0,Composed: Flip,9595.6543,NA,16.72200000000000,16.67930000000000,0.10260000000000,6.44990000000000,37.9028,9579.0305,16.7264,16.6238,0.1026,16.5882,6.4855,6.4684,0.0171,-0.0010,9579.0305,NA
parkey.exe,38476,0x25B69970950,DXGI,1,4,0,Composed: Flip,9612.2785,NA,16.62420000000000,16.68360000000000,0.11070000000000,5.69760000000000,37.9622,9595.7569,16.6323,16.5216,0.1107,16.4898,5.7294,5.7074,0.0220,0.0428,9595.7569,NA
parkey.exe,38476,0x25B69970950,DXGI,1,4,0,Composed: Flip,9628.8072,NA,16.52870000000000,16.69140000000000,0.09170000000000,5.70350000000000,38.1249,9612.3892,16.5097,16.4180,0.0917,16.3882,5.7333,5.7093,0.0240,-0.0591,9612.3892,NA
parkey.exe,38476,0x25B69970950,DXGI,1,4,0,Composed: Flip,9646.0814,NA,17.27420000000000,16.66760000000000,0.13440000000000,6.82500000000000,37.5183,9628.8989,17.3169,17.1825,0.1344,17.1412,6.8663,6.8453,0.0210,-0.1579,9628.8989,NA
parkey.exe,38476,0x25B69970950,DXGI,1,4,0,Composed: Flip,9662.6876,NA,16.60620000000000,16.68500000000000,0.11840000000000,6.86260000000000,37.5971,9646.2158,16.5902,16.4718,0.1184,16.4328,6.9016,6.8873,0.0143,0.6319,9646.2158,NA
parkey.exe,38476,0x25B69970950,DXGI,1,4,0,Composed: Flip,9679.0603,NA,16.37270000000000,16.67720000000000,0.11530000000000,6.79450000000000,37.9016,9662.8060,16.3696,16.2543,0.1153,16.2206,6.8282,6.8112,0.0170,-0.0870,9662.8060,NA
parkey.exe,38476,0x25B69970950,DXGI,1,4,0,Composed: Flip,9695.7383,NA,16.67800000000000,16.67730000000000,0.09990000000000,5.73640000000000,37.9009,9679.1756,16.6626,16.5627,0.0999,16.5303,5.7688,5.7438,0.0250,-0.3077,9679.1756,NA
parkey.exe,38476,0x25B69970950,DXGI,1,4,0,Composed: Flip,9712.2895,NA,16.55120000000000,16.67850000000000,0.11220000000000,5.72740000000000,38.0282,9695.8382,16.5635,16.4513,0.1122,16.4188,5.7599,5.7347,0.0252,-0.0159,9695.8382,NA
parkey.exe,38476,0x25B69970950,DXGI,1,4,0,Composed: Flip,9728.9211,NA,16.63160000000000,16.68220000000000,0.09590000000000,6.81940000000000,38.0788,9712.4017,16.6153,16.5194,0.0959,16.4883,6.8505,6.8325,0.0180,-0.1187,9712.4017,NA
parkey.exe,38476,0x25B69970950,DXGI,1,4,0,Composed: Flip,9745.6543,NA,16.73320000000000,16.68400000000000,0.10730000000000,5.74140000000000,38.0296,9729.0170,16.7446,16.6373,0.1073,16.6064,5.7723,5.7527,0.0196,-0.0687,9729.0170,NA
parkey.exe,38476,0x25B69970950,DXGI,1,4,0,Composed: Flip,9762.2646,NA,16.61030000000000,16.68260000000000,0.09940000000000,5.75060000000000,38.1019,9745.7616,16.6024,16.5030,0.0994,16.4706,5.7830,5.7572,0.0258,0.0620,9745.7616,NA
parkey.exe,38476,0x25B69970950,DXGI,1,4,0,Composed: Flip,9779.1586,NA,16.89400000000000,16.67470000000000,0.14000000000000,5.72460000000000,37.8826,9762.3640,16.9346,16.7946,0.1400,16.7570,5.7622,5.7387,0.0235,-0.0723,9762.3640,NA
parkey.exe,38476,0x25B69970950,DXGI,1,4,0,Composed: Flip,9796.0417,NA,16.88310000000000,16.69090000000000,0.11780000000000,5.72660000000000,37.6904,9779.2986,16.8609,16.7431,0.1178,16.7040,5.7657,5.7477,0.0180,0.2437,9779.2986,NA
parkey.exe,38476,0x25B69970950,DXGI,1,4,0,Composed: Flip,9812.3287,NA,16.28700000000000,16.68060000000000,0.11840000000000,6.82640000000000,38.0840,9796.1595,16.2876,16.1692,0.1184,16.1364,6.8592,6.8388,0.0204,0.1803,9796.1595,NA
parkey.exe,38476,0x25B69970950,DXGI,1,4,0,Composed: Flip,9829.2822,NA,16.95350000000000,16.66700000000000,0.13450000000000,5.72290000000000,37.7975,9812.4471,16.9696,16.8351,0.1345,16.7956,5.7624,5.7383,0.0241,-0.3794,9812.4471,NA
parkey.exe,38476,0x25B69970950,DXGI,1,4,0,Composed: Flip,9845.9234,NA,16.64120000000000,16.70680000000000,0.11460000000000,5.74400000000000,37.8631,9829.4167,16.6213,16.5067,0.1146,16.4708,5.7799,5.7276,0.0523,0.2628,9829.4167,NA
parkey.exe,38476,0x25B69970950,DXGI,1,4,0,Composed: Flip,9862.2613,NA,16.33790000000000,16.70350000000000,0.11510000000000,5.73070000000000,38.2287,9846.0380,16.3384,16.2233,0.1151,16.1885,5.7655,5.7419,0.0236,-0.0822,9846.0380,NA
parkey.exe,38476,0x25B69970950,DXGI,1,4,0,Composed: Flip,9879.6983,NA,17.43700000000000,16.65410000000000,0.14140000000000,5.76660000000000,37.4458,9862.3764,17.4633,17.3219,0.1414,17.2783,5.8102,5.7713,0.0389,-0.3157,9862.3764,NA
parkey.exe,38476,0x25B69970950,DXGI,1,4,0,Composed: Flip,9896.9058,NA,17.20750000000000,16.67030000000000,0.16770000000000,6.82800000000000,36.9086,9879.8397,17.2338,17.0661,0.1677,17.0098,6.8843,6.8568,0.0275,0.7930,9879.8397,NA
parkey.exe,38476,0x25B69970950,DXGI,1,4,0,Composed: Flip,9913.3934,NA,16.48760000000000,16.66940000000000,0.24450000000000,6.21360000000000,37.0904,9897.0735,16.5644,16.3199,0.2445,16.2591,6.2744,6.2346,0.0398,0.5644,9897.0735,NA
parkey.exe,38476,0x25B69970950,DXGI,1,4,0,Composed: Flip,9930.7583,NA,17.36490000000000,16.68470000000000,0.19140000000000,6.70910000000000,36.4102,9913.6379,17.3118,17.1204,0.1914,17.0725,6.7570,6.7362,0.0208,-0.1203,9913.6379,NA
parkey.exe,38476,0x25B69970950,DXGI,1,4,0,Composed: Flip,9946.1374,NA,15.37910000000000,9.33140000000000,0.14300000000000,6.11280000000000,30.3625,9930.9497,15.3307,15.1877,0.1430,15.1452,6.1553,6.1313,0.0240,7.9804,9930.9497,NA
parkey.exe,38476,0x25B69970950,DXGI,1,4,0,Composed: Flip,9962.7840,NA,16.64660000000000,24.02280000000000,0.13500000000000,6.59170000000000,37.7387,9946.2804,16.6386,16.5036,0.1350,16.4739,6.6214,6.6012,0.0202,-8.6921,9946.2804,NA
parkey.exe,38476,0x25B69970950,DXGI,1,4,0,Composed: Flip,9979.2457,NA,16.46170000000000,16.67910000000000,0.11900000000000,6.83120000000000,37.9561,9962.9190,16.4457,16.3267,0.1190,16.2896,6.8683,6.8513,0.0170,-0.0405,9962.9190,NA
parkey.exe,38476,0x25B69970950,DXGI,1,4,0,Composed: Flip,9995.7960,NA,16.55030000000000,16.67990000000000,0.11980000000000,6.11410000000000,38.0857,9979.3647,16.5511,16.4313,0.1198,16.3998,6.1456,6.1214,0.0242,-0.2342,9979.3647,NA
parkey.exe,38476,0x25B69970950,DXGI,1,4,0,Composed: Flip,10012.2847,NA,16.48870000000000,16.68810000000000,0.10370000000000,5.73960000000000,38.2851,9995.9158,16.4726,16.3689,0.1037,16.3377,5.7708,5.7429,0.0279,-0.1370,9995.9158,NA
parkey.exe,38476,0x25B69970950,DXGI,1,4,0,Composed: Flip,10029.0390,NA,16.75430000000000,16.67330000000000,0.10620000000000,5.71850000000000,38.2041,10012.3884,16.7568,16.6506,0.1062,16.6152,5.7539,5.7215,0.0324,-0.2007,10012.3884,NA
parkey.exe,38476,0x25B69970950,DXGI,1,4,0,Composed: Flip,10045.7582,NA,16.71920000000000,16.68430000000000,0.11100000000000,5.75650000000000,38.1692,10029.1452,16.7240,16.6130,0.1110,16.5803,5.7892,5.7646,0.0246,0.0725,10029.1452,NA
parkey.exe,38476,0x25B69970950,DXGI,1,4,0,Composed: Flip,10062.2332,NA,16.47500000000000,16.67570000000000,0.11020000000000,7.20820000000000,38.3699,10045.8692,16.4742,16.3640,0.1102,16.3323,7.2399,7.2217,0.0182,0.0483,10045.8692,NA
parkey.exe,38476,0x25B69970950,DXGI,1,4,0,Composed: Flip,10078.8879,NA,16.65470000000000,16.68040000000000,0.09820000000000,5.74100000000000,38.3956,10062.3434,16.6427,16.5445,0.0982,16.5127,5.7728,5.7463,0.0265,-0.2062,10062.3434,NA
parkey.exe,38476,0x25B69970950,DXGI,1,4,0,Composed: Flip,10095.8539,NA,16.96600000000000,16.69540000000000,0.10640000000000,5.80330000000000,38.1250,10078.9861,16.9742,16.8678,0.1064,16.8314,5.8397,5.8132,0.0265,-0.0527,10078.9861,NA
parkey.exe,38476,0x25B69970950,DXGI,1,4,0,Composed: Flip,10112.4049,NA,16.55100000000000,16.66380000000000,0.11710000000000,5.71170000000000,38.2378,10095.9603,16.5617,16.4446,0.1171,16.4125,5.7438,5.7213,0.0225,0.3104,10095.9603,NA
parkey.exe,38476,0x25B69970950,DXGI,1,4,0,Composed: Flip,10129.5250,NA,17.12010000000000,16.68320000000000,0.10680000000000,5.71950000000000,37.8009,10112.5220,17.1098,17.0030,0.1068,16.9737,5.7488,5.7303,0.0185,-0.1215,10112.5220,NA
parkey.exe,38476,0x25B69970950,DXGI,1,4,0,Composed: Flip,10145.7975,NA,16.27250000000000,16.68440000000000,0.11410000000000,6.82370000000000,38.2128,10129.6318,16.2798,16.1657,0.1141,16.1258,6.8636,6.8444,0.0192,0.4254,10129.6318,NA
parkey.exe,38476,0x25B69970950,DXGI,1,4,0,Composed: Flip,10162.1332,NA,16.33570000000000,16.67660000000000,0.09970000000000,5.73880000000000,38.5537,10145.9116,16.3213,16.2216,0.0997,16.1896,5.7708,5.7442,0.0266,-0.3968,10145.9116,NA
parkey.exe,38476,0x25B69970950,DXGI,1,4,0,Composed: Flip,10179.0033,NA,16.87010000000000,16.68320000000000,0.11000000000000,5.75180000000000,38.3668,10162.2329,16.8804,16.7704,0.1100,16.7380,5.7842,5.7596,0.0246,-0.3619,10162.2329,NA
parkey.exe,38476,0x25B69970950,DXGI,1,4,0,Composed: Flip,10195.4689,NA,16.46560000000000,16.68420000000000,0.10640000000000,5.74970000000000,38.5854,10179.1133,16.4620,16.3556,0.1064,16.3261,5.7792,5.7539,0.0253,0.1962,10179.1133,NA
parkey.exe,38476,0x25B69970950,DXGI,1,4,0,Composed: Flip,10212.2181,NA,16.74920000000000,16.66670000000000,0.10050000000000,5.71160000000000,38.5029,10195.5753,16.7433,16.6428,0.1005,16.6112,5.7432,5.7179,0.0253,-0.2047,10195.5753,NA
parkey.exe,38476,0x25B69970950,DXGI,1,4,0,Composed: Flip,10228.6587,NA,16.44060000000000,16.68790000000000,0.08980000000000,6.82690000000000,38.7502,10212.3186,16.4299,16.3401,0.0898,16.3109,6.8561,6.8342,0.0219,0.0554,10212.3186,NA
parkey.exe,38476,0x25B69970950,DXGI,1,4,0,Composed: Flip,10245.6227,NA,16.96400000000000,16.67590000000000,0.11140000000000,5.74400000000000,38.4621,10228.7485,16.9856,16.8742,0.1114,16.8406,5.7776,5.7561,0.0215,-0.2460,10228.7485,NA
parkey.exe,38476,0x25B69970950,DXGI,1,4,0,Composed: Flip,10262.1665,NA,16.54380000000000,16.68180000000000,0.09660000000000,5.74710000000000,38.6001,10245.7341,16.5290,16.4324,0.0966,16.4018,5.7777,5.7473,0.0304,0.3038,10245.7341,NA
parkey.exe,38476,0x25B69970950,DXGI,1,4,0,Composed: Flip,10278.8251,NA,16.65860000000000,16.68250000000000,0.09520000000000,5.73920000000000,38.6240,10262.2631,16.6572,16.5620,0.0952,16.5345,5.7667,5.7449,0.0218,-0.1535,10262.2631,NA
parkey.exe,38476,0x25B69970950,DXGI,1,4,0,Composed: Flip,10295.7944,NA,16.96930000000000,16.67800000000000,0.10950000000000,5.77160000000000,38.3327,10278.9203,16.9836,16.8741,0.1095,16.8368,5.8089,5.7871,0.0218,-0.0208,10278.9203,NA
parkey.exe,38476,0x25B69970950,DXGI,1,4,0,Composed: Flip,10312.2510,NA,16.45660000000000,16.67870000000000,0.11280000000000,6.80510000000000,38.5548,10295.9039,16.4599,16.3471,0.1128,16.3155,6.8367,6.8172,0.0195,0.3049,10295.9039,NA
parkey.exe,38476,0x25B69970950,DXGI,1,4,0,Composed: Flip,10329.0651,NA,16.81410000000000,16.68140000000000,0.10520000000000,5.72850000000000,38.4221,10312.3638,16.8065,16.7013,0.1052,16.6688,5.7610,5.7392,0.0218,-0.2215,10312.3638,NA
parkey.exe,38476,0x25B69970950,DXGI,1,4,0,Composed: Flip,10345.8075,NA,16.74240000000000,16.67950000000000,0.09890000000000,5.71200000000000,38.3592,10329.1703,16.7361,16.6372,0.0989,16.6028,5.7464,5.7266,0.0198,0.1270,10329.1703,NA
parkey.exe,38476,0x25B69970950,DXGI,1,4,0,Composed: Flip,10362.2011,NA,16.39360000000000,16.67470000000000,0.12190000000000,5.74140000000000,38.6403,10345.9064,16.4166,16.2947,0.1219,16.2576,5.7785,5.7530,0.0255,0.0614,10345.9064,NA
parkey.exe,38476,0x25B69970950,DXGI,1,4,0,Composed: Flip,10378.7345,NA,16.53340000000000,16.69140000000000,0.09350000000000,5.76060000000000,38.7983,10362.3230,16.5050,16.4115,0.0935,16.3795,5.7926,5.7617,0.0309,-0.2748,10362.3230,NA
parkey.exe,38476,0x25B69970950,DXGI,1,4,0,Composed: Flip,10395.5379,NA,16.80340000000000,16.68100000000000,0.10650000000000,5.73150000000000,38.6759,10378.8280,16.8164,16.7099,0.1065,16.6742,5.7672,5.7468,0.0204,-0.1760,10378.8280,NA
parkey.exe,38476,0x25B69970950,DXGI,1,4,0,Composed: Flip,10412.1161,NA,16.57820000000000,16.66910000000000,0.09330000000000,5.71170000000000,38.7668,10395.6444,16.5650,16.4717,0.0933,16.4346,5.7488,5.7207,0.0281,0.1473,10395.6444,NA
parkey.exe,38476,0x25B69970950,DXGI,1,4,0,Composed: Flip,10428.8572,NA,16.74110000000000,16.69020000000000,0.10860000000000,5.71690000000000,38.7159,10412.2094,16.7564,16.6478,0.1086,16.6163,5.7484,5.7227,0.0257,-0.1252,10412.2094,NA
parkey.exe,38476,0x25B69970950,DXGI,1,4,0,Composed: Flip,10445.5255,NA,16.66830000000000,16.67380000000000,0.09550000000000,5.73020000000000,38.7214,10428.9658,16.6552,16.5597,0.0955,16.5270,5.7629,5.7421,0.0208,0.0826,10428.9658,NA
parkey.exe,38476,0x25B69970950,DXGI,1,4,0,Composed: Flip,10462.2843,NA,16.75880000000000,16.68220000000000,0.11240000000000,5.75970000000000,38.6448,10445.6210,16.7757,16.6633,0.1124,16.6317,5.7913,5.7704,0.0209,-0.0270,10445.6210,NA
parkey.exe,38476,0x25B69970950,DXGI,1,4,0,Composed: Flip,10478.9485,NA,16.66420000000000,16.68860000000000,0.10030000000000,5.75070000000000,38.6692,10462.3967,16.6521,16.5518,0.1003,16.5191,5.7834,5.7589,0.0245,0.0871,10462.3967,NA
parkey.exe,38476,0x25B69970950,DXGI,1,4,0,Composed: Flip,10495.6550,NA,16.70650000000000,16.67060000000000,0.11350000000000,5.78080000000000,38.6333,10479.0488,16.7197,16.6062,0.1135,16.5718,5.8152,5.7883,0.0269,-0.0185,10479.0488,NA
parkey.exe,38476,0x25B69970950,DXGI,1,4,0,Composed: Flip,10512.3233,NA,16.66830000000000,16.67630000000000,0.10160000000000,5.71040000000000,38.6413,10495.7685,16.6564,16.5548,0.1016,16.5227,5.7425,5.7177,0.0248,0.0434,10495.7685,NA
parkey.exe,38476,0x25B69970950,DXGI,1,4,0,Composed: Flip,10528.9426,NA,16.61930000000000,16.68490000000000,0.10170000000000,5.72040000000000,38.7069,10512.4249,16.6194,16.5177,0.1017,16.4859,5.7522,5.7270,0.0252,-0.0285,10512.4249,NA
parkey.exe,38476,0x25B69970950,DXGI,1,4,0,Composed: Flip,10545.5663,NA,16.62370000000000,16.68400000000000,0.10020000000000,5.72390000000000,38.7672,10529.0443,16.6222,16.5220,0.1002,16.4890,5.7569,5.7344,0.0225,-0.0646,10529.0443,NA
parkey.exe,38476,0x25B69970950,DXGI,1,4,0,Composed: Flip,10562.2646,NA,16.69830000000000,16.69500000000000,0.11320000000000,5.74230000000000,38.7639,10545.6665,16.7113,16.5981,0.1132,16.5604,5.7800,5.7589,0.0211,-0.0728,10545.6665,NA
parkey.exe,38476,0x25B69970950,DXGI,1,4,0,Composed: Flip,10579.2589,NA,16.99430000000000,16.67940000000000,0.12150000000000,5.73100000000000,38.4490,10562.3778,17.0026,16.8811,0.1215,16.8436,5.7685,5.7437,0.0248,0.0319,10562.3778,NA
parkey.exe,38476,0x25B69970950,DXGI,1,4,0,Composed: Flip,10596.0283,NA,16.76940000000000,16.66950000000000,0.12370000000000,5.72930000000000,38.3491,10579.3804,16.7716,16.6479,0.1237,16.6058,5.7714,5.7294,0.0420,0.3331,10579.3804,NA
parkey.exe,38476,0x25B69970950,DXGI,1,4,0,Composed: Flip,10612.8397,NA,16.81140000000000,16.67040000000000,0.14580000000000,5.70500000000000,38.2081,10596.1520,16.8335,16.6877,0.1458,16.6479,5.7448,5.7196,0.0252,0.1012,10596.1520,NA
parkey.exe,38476,0x25B69970950,DXGI,1,4,0,Composed: Flip,10629.5262,NA,16.68650000000000,16.68970000000000,0.13410000000000,5.71260000000000,38.2113,10612.9855,16.6748,16.5407,0.1341,16.5013,5.7520,5.7290,0.0230,0.1438,10612.9855,NA
parkey.exe,38476,0x25B69970950,DXGI,1,4,0,Composed: Flip,10645.8203,NA,16.29410000000000,16.68390000000000,0.11180000000000,5.74030000000000,38.6011,10629.6603,16.2718,16.1600,0.1118,16.1250,5.7753,5.7558,0.0195,-0.0091,10629.6603,NA
parkey.exe,38476,0x25B69970950,DXGI,1,4,0,Composed: Flip,10662.4343,NA,16.61400000000000,16.66600000000000,0.10950000000000,5.73800000000000,38.6531,10645.9321,16.6117,16.5022,0.1095,16.4677,5.7725,5.7510,0.0215,-0.3942,10645.9321,NA
parkey.exe,38476,0x25B69970950,DXGI,1,4,0,Composed: Flip,10678.9911,NA,16.55680000000000,16.68760000000000,0.11420000000000,5.75740000000000,38.7839,10662.5438,16.5615,16.4473,0.1142,16.4149,5.7898,5.7644,0.0254,-0.0759,10662.5438,NA
parkey.exe,38476,0x25B69970950,DXGI,1,4,0,Composed: Flip,10695.6284,NA,16.63730000000000,16.67400000000000,0.10060000000000,5.73310000000000,38.8206,10679.1053,16.6237,16.5231,0.1006,16.4854,5.7708,5.7458,0.0250,-0.1125,10679.1053,NA
parkey.exe,38476,0x25B69970950,DXGI,1,4,0,Composed: Flip,10712.0930,NA,16.46460000000000,16.68600000000000,0.09690000000000,5.72520000000000,39.0420,10695.7290,16.4609,16.3640,0.0969,16.3352,5.7540,5.7264,0.0276,-0.0623,10695.7290,NA
parkey.exe,38476,0x25B69970950,DXGI,1,4,0,Composed: Flip,10728.8382,NA,16.74520000000000,16.68470000000000,0.09740000000000,5.76030000000000,38.9815,10712.1899,16.7457,16.6483,0.0974,16.6172,5.7914,5.7278,0.0636,-0.2238,10712.1899,NA
parkey.exe,38476,0x25B69970950,DXGI,1,4,0,Composed: Flip,10745.6465,NA,16.80830000000000,16.67010000000000,0.11110000000000,5.72850000000000,38.8433,10728.9356,16.8220,16.7109,0.1111,16.6782,5.7612,5.7156,0.0456,0.0756,10728.9356,NA
parkey.exe,38476,0x25B69970950,DXGI,1,4,0,Composed: Flip,10762.1008,NA,16.45430000000000,NA,0.09560000000000,5.70900000000000,NA,10745.7576,16.4388,16.3432,0.0956,16.3101,5.7421,5.7211,0.0210,NA,NA,NA
parkey.exe,38476,0x25B69970950,DXGI,1,4,0,Composed: Flip,10778.6451,NA,16.54430000000000,16.69470000000000,0.08890000000000,5.72350000000000,22.5394,10762.1964,16.5376,16.4487,0.0889,16.4251,5.7471,5.7246,0.0225,16.5661,10762.1964,NA
parkey.exe,38476,0x25B69970950,DXGI,1,4,0,Composed: Flip,10795.4378,NA,16.79270000000000,NA,0.09530000000000,5.73610000000000,NA,10778.7340,16.7991,16.7038,0.0953,16.6717,5.7682,5.7467,0.0215,NA,NA,NA
parkey.exe,38476,0x25B69970950,DXGI,1,4,0,Composed: Flip,10811.9614,NA,16.52360000000000,33.35820000000000,0.09710000000000,5.70200000000000,22.5813,10795.5331,16.5254,16.4283,0.0971,16.4022,5.7281,5.7059,0.0222,-0.0215,10795.5331,NA
parkey.exe,38476,0x25B69970950,DXGI,1,4,0,Composed: Flip,10828.6974,NA,16.73600000000000,16.66890000000000,0.08670000000000,5.71970000000000,22.5142,10812.0585,16.7256,16.6389,0.0867,16.6112,5.7474,5.7223,0.0251,-0.1435,10812.0585,NA
parkey.exe,38476,0x25B69970950,DXGI,1,4,0,Composed: Flip,10845.4734,NA,16.77600000000000,NA,0.09310000000000,5.73270000000000,NA,10828.7841,16.7824,16.6893,0.0931,16.6603,5.7617,5.7400,0.0217,NA,NA,NA
parkey.exe,38476,0x25B69970950,DXGI,1,4,0,Composed: Flip,10862.0361,NA,16.56270000000000,33.37360000000000,0.10290000000000,5.70560000000000,22.5491,10845.5665,16.5725,16.4696,0.1029,16.4394,5.7358,5.7181,0.0177,0.1344,10845.5665,NA
parkey.exe,38476,0x25B69970950,DXGI,1,4,0,Composed: Flip,10878.6287,NA,16.59260000000000,16.66650000000000,0.08850000000000,5.74090000000000,22.6230,10862.1390,16.5782,16.4897,0.0885,16.4567,5.7739,5.7514,0.0225,-0.0940,10862.1390,NA
parkey.exe,38476,0x25B69970950,DXGI,1,4,0,Composed: Flip,10895.8961,NA,17.26740000000000,33.37890000000000,0.11300000000000,5.72390000000000,38.7345,10878.7172,17.2919,17.1789,0.1130,17.1399,5.7629,5.7449,0.0180,-16.8007,10878.7172,NA
parkey.exe,38476,0x25B69970950,DXGI,1,4,0,Composed: Flip,10912.4226,NA,16.52650000000000,16.66250000000000,0.10750000000000,5.71240000000000,38.8705,10896.0091,16.5210,16.4135,0.1075,16.3758,5.7501,5.7164,0.0337,0.6294,10896.0091,NA
parkey.exe,38476,0x25B69970950,DXGI,1,4,0,Composed: Flip,10929.5677,NA,17.14510000000000,16.68300000000000,0.22600000000000,5.81260000000000,38.4084,10912.5301,17.2636,17.0376,0.2260,17.0806,5.7696,5.7454,0.0242,-0.1620,10912.5301,NA
parkey.exe,38476,0x25B69970950,DXGI,1,4,0,Composed: Flip,10946.2108,NA,16.64310000000000,8.69190000000000,0.12520000000000,6.92070000000000,30.4572,10929.7937,16.5423,16.4171,0.1252,16.3776,6.9602,6.9404,0.0198,8.5717,10929.7937,NA
parkey.exe,38476,0x25B69970950,DXGI,1,4,0,Composed: Flip,10963.0485,NA,16.83770000000000,24.67040000000000,0.13900000000000,7.33510000000000,38.2899,10946.3360,16.8515,16.7125,0.1390,16.6723,7.3753,7.3446,0.0307,-8.1281,10946.3360,NA
parkey.exe,38476,0x25B69970950,DXGI,1,4,0,Composed: Flip,10979.5164,NA,16.46790000000000,16.68580000000000,0.12580000000000,5.73480000000000,38.5078,10963.1875,16.4547,16.3289,0.1258,16.2894,5.7743,5.7533,0.0210,0.1657,10963.1875,NA
parkey.exe,38476,0x25B69970950,DXGI,1,4,0,Composed: Flip,10996.0554,NA,16.53900000000000,16.67210000000000,0.13370000000000,5.73820000000000,38.6409,10979.6422,16.5469,16.4132,0.1337,16.3691,5.7823,5.7564,0.0259,-0.2174,10979.6422,NA
parkey.exe,38476,0x25B69970950,DXGI,1,4,0,Composed: Flip,11012.5013,NA,16.44590000000000,16.68280000000000,0.11240000000000,5.69960000000000,38.8778,10996.1891,16.4246,16.3122,0.1124,16.2793,5.7325,5.7013,0.0312,-0.1359,10996.1891,NA
parkey.exe,38476,0x25B69970950,DXGI,1,4,0,Composed: Flip,11029.1920,NA,16.69070000000000,16.69110000000000,0.13860000000000,5.74350000000000,38.8782,11012.6137,16.7169,16.5783,0.1386,16.5382,5.7836,5.7264,0.0572,-0.2665,11012.6137,NA
parkey.exe,38476,0x25B69970950,DXGI,1,4,0,Composed: Flip,11045.5823,NA,16.39030000000000,NA,0.10350000000000,5.73510000000000,NA,11029.3306,16.3552,16.2517,0.1035,16.2186,5.7682,5.7423,0.0259,NA,NA,NA
parkey.exe,38476,0x25B69970950,DXGI,1,4,0,Composed: Flip,11062.1459,NA,16.56360000000000,16.66370000000000,0.11620000000000,5.75590000000000,22.5880,11045.6858,16.5763,16.4601,0.1162,16.4327,5.7833,5.7593,0.0240,16.4084,11045.6858,NA
parkey.exe,38476,0x25B69970950,DXGI,1,4,0,Composed: Flip,11078.7871,NA,16.64120000000000,16.69930000000000,0.10170000000000,5.74880000000000,22.6461,11062.2621,16.6267,16.5250,0.1017,16.4955,5.7783,5.7445,0.0338,-0.1230,11062.2621,NA
parkey.exe,38476,0x25B69970950,DXGI,1,4,0,Composed: Flip,11095.8610,NA,17.07390000000000,33.34480000000000,0.11290000000000,5.59810000000000,38.9170,11078.8888,17.0851,16.9722,0.1129,16.9311,5.6392,5.6151,0.0241,-16.7181,11078.8888,NA
parkey.exe,38476,0x25B69970950,DXGI,1,4,0,Composed: Flip,11112.5520,NA,16.69100000000000,16.67250000000000,0.12440000000000,5.74680000000000,38.8985,11095.9739,16.7025,16.5781,0.1244,16.5410,5.7839,5.7489,0.0350,0.4126,11095.9739,NA
parkey.exe,38476,0x25B69970950,DXGI,1,4,0,Composed: Flip,11129.1192,NA,16.56720000000000,16.69380000000000,0.11050000000000,5.70720000000000,39.0251,11112.6764,16.5533,16.4428,0.1105,16.4083,5.7417,5.7147,0.0270,0.0087,11112.6764,NA
parkey.exe,38476,0x25B69970950,DXGI,1,4,0,Composed: Flip,11146.0838,NA,16.96460000000000,16.67430000000000,0.12270000000000,5.69580000000000,38.7348,11129.2297,16.9768,16.8541,0.1227,16.8065,5.7434,5.7224,0.0210,-0.1210,11129.2297,NA
parkey.exe,38476,0x25B69970950,DXGI,1,4,0,Composed: Flip,11162.5786,NA,16.49480000000000,16.67590000000000,0.11560000000000,5.76380000000000,38.9159,11146.2065,16.4877,16.3721,0.1156,16.3354,5.8005,5.7710,0.0295,0.3009,11146.2065,NA
parkey.exe,38476,0x25B69970950,DXGI,1,4,0,Composed: Flip,11179.3272,NA,16.74860000000000,16.68120000000000,0.12830000000000,5.75150000000000,38.8485,11162.6942,16.7613,16.6330,0.1283,16.5957,5.7888,5.7617,0.0271,-0.1935,11162.6942,NA
parkey.exe,38476,0x25B69970950,DXGI,1,4,0,Composed: Flip,11195.8345,NA,16.50730000000000,16.67750000000000,0.11160000000000,5.75910000000000,39.0187,11179.4555,16.4906,16.3790,0.1116,16.3372,5.8009,5.7733,0.0276,0.0838,11179.4555,NA
parkey.exe,38476,0x25B69970950,DXGI,1,4,0,Composed: Flip,11212.5224,NA,16.68790000000000,NA,0.11450000000000,5.70890000000000,NA,11195.9461,16.6908,16.5763,0.1145,16.5400,5.7452,5.7190,0.0262,NA,NA,NA
parkey.exe,38476,0x25B69970950,DXGI,1,4,0,Composed: Flip,11228.9229,NA,16.40050000000000,16.69810000000000,0.10620000000000,5.73100000000000,22.6284,11212.6369,16.3922,16.2860,0.1062,16.2505,5.7665,5.7432,0.0233,16.4833,11212.6369,NA
parkey.exe,38476,0x25B69970950,DXGI,1,4,0,Composed: Flip,11245.6649,NA,16.74200000000000,16.66300000000000,0.11600000000000,5.71180000000000,22.5494,11229.0291,16.7518,16.6358,0.1160,16.6014,5.7462,5.7199,0.0263,-0.2708,11229.0291,NA
parkey.exe,38476,0x25B69970950,DXGI,1,4,0,Composed: Flip,11262.3992,NA,16.73430000000000,16.68710000000000,0.12000000000000,5.73400000000000,22.5022,11245.7809,16.7383,16.6183,0.1200,16.5848,5.7675,5.7458,0.0217,0.0647,11245.7809,NA
parkey.exe,38476,0x25B69970950,DXGI,1,4,0,Composed: Flip,11279.2765,NA,16.87730000000000,33.34680000000000,0.12700000000000,5.77500000000000,38.9717,11262.5192,16.8843,16.7573,0.1270,16.7191,5.8132,5.7452,0.0680,-16.6085,11262.5192,NA
parkey.exe,38476,0x25B69970950,DXGI,1,4,0,Composed: Flip,11295.8564,NA,16.57990000000000,NA,0.11500000000000,5.71910000000000,NA,11279.4035,16.5679,16.4529,0.1150,16.4117,5.7603,5.7378,0.0225,NA,NA,NA
parkey.exe,38476,0x25B69970950,DXGI,1,4,0,Composed: Flip,11312.4406,NA,16.58420000000000,16.69710000000000,0.12060000000000,5.74070000000000,22.5047,11295.9714,16.5898,16.4692,0.1206,16.4362,5.7737,5.7483,0.0254,16.7551,11295.9714,NA
parkey.exe,38476,0x25B69970950,DXGI,1,4,0,Composed: Flip,11329.0559,NA,16.61530000000000,16.68280000000000,0.11540000000000,5.72130000000000,22.5722,11312.5612,16.6101,16.4947,0.1154,16.4556,5.7604,5.7372,0.0232,-0.0930,11312.5612,NA
parkey.exe,38476,0x25B69970950,DXGI,1,4,0,Composed: Flip,11345.8129,NA,16.75700000000000,16.69140000000000,0.11100000000000,5.62880000000000,22.5066,11329.1713,16.7526,16.6416,0.1110,16.6070,5.6634,5.6348,0.0286,-0.0813,11329.1713,NA
parkey.exe,38476,0x25B69970950,DXGI,1,4,0,Composed: Flip,11362.6104,NA,16.79750000000000,33.33570000000000,0.14290000000000,5.70420000000000,39.0448,11345.9239,16.8294,16.6865,0.1429,16.6481,5.7426,5.7178,0.0248,-16.5831,11345.9239,NA
parkey.exe,38476,0x25B69970950,DXGI,1,4,0,Composed: Flip,11379.2277,NA,16.61730000000000,NA,0.11620000000000,5.75160000000000,NA,11362.7533,16.5906,16.4744,0.1162,16.4360,5.7900,5.7638,0.0262,NA,NA,NA
parkey.exe,38476,0x25B69970950,DXGI,1,4,0,Composed: Flip,11395.6974,NA,16.46970000000000,16.68110000000000,0.10460000000000,5.78020000000000,22.6389,11379.3439,16.4581,16.3535,0.1046,16.3211,5.8126,5.7894,0.0232,16.7389,11379.3439,NA
parkey.exe,38476,0x25B69970950,DXGI,1,4,0,Composed: Flip,11412.4190,NA,16.72160000000000,16.76280000000000,0.10900000000000,5.71240000000000,22.6801,11395.8020,16.7260,16.6170,0.1090,16.5802,5.7492,5.7265,0.0227,-0.3047,11395.8020,NA
parkey.exe,38476,0x25B69970950,DXGI,1,4,0,Composed: Flip,11429.2344,NA,16.81540000000000,16.60770000000000,0.12350000000000,5.60970000000000,22.4724,11412.5280,16.8299,16.7064,0.1235,16.6703,5.6458,5.6253,0.0205,0.1183,11412.5280,NA
parkey.exe,38476,0x25B69970950,DXGI,1,4,0,Composed: Flip,11445.7971,NA,16.56270000000000,16.67300000000000,0.11140000000000,5.71700000000000,22.5827,11429.3579,16.5506,16.4392,0.1114,16.4007,5.7555,5.7266,0.0289,0.1569,11429.3579,NA
parkey.exe,38476,0x25B69970950,DXGI,1,4,0,Composed: Flip,11462.4970,NA,16.69990000000000,16.68290000000000,0.11220000000000,5.73570000000000,22.5657,11445.9085,16.7007,16.5885,0.1122,16.5517,5.7725,5.7486,0.0239,-0.1323,11445.9085,NA
parkey.exe,38476,0x25B69970950,DXGI,1,4,0,Composed: Flip,11479.1526,NA,16.65560000000000,16.69230000000000,0.12060000000000,5.72220000000000,22.6024,11462.6092,16.6640,16.5434,0.1206,16.5066,5.7590,5.7356,0.0234,0.0084,11462.6092,NA
parkey.exe,38476,0x25B69970950,DXGI,1,4,0,Composed: Flip,11495.9552,NA,16.80260000000000,NA,0.13140000000000,5.73820000000000,NA,11479.2732,16.8134,16.6820,0.1314,16.6449,5.7753,5.7477,0.0276,NA,NA,NA
parkey.exe,38476,0x25B69970950,DXGI,1,4,0,Composed: Flip,11512.5833,NA,16.62810000000000,33.34280000000000,0.11320000000000,5.60990000000000,22.5145,11496.0866,16.6099,16.4967,0.1132,16.4574,5.6492,5.6250,0.0242,0.1346,11496.0866,NA
parkey.exe,38476,0x25B69970950,DXGI,1,4,0,Composed: Flip,11529.4582,NA,16.87490000000000,NA,0.13160000000000,5.69000000000000,NA,11512.6965,16.8933,16.7617,0.1316,16.7134,5.7383,5.7183,0.0200,NA,NA,NA
parkey.exe,38476,0x25B69970950,DXGI,1,4,0,Composed: Flip,11545.7752,NA,16.31700000000000,33.35590000000000,0.11020000000000,5.68900000000000,22.6785,11529.5898,16.2956,16.1854,0.1102,16.1486,5.7258,5.7023,0.0235,0.1473,11529.5898,NA
parkey.exe,38476,0x25B69970950,DXGI,1,4,0,Composed: Flip,11562.6415,NA,16.86630000000000,16.68720000000000,0.13650000000000,5.71780000000000,22.4994,11545.8854,16.8926,16.7561,0.1365,16.7175,5.7564,5.7345,0.0219,-0.3916,11545.8854,NA
parkey.exe,38476,0x25B69970950,DXGI,1,4,0,Composed: Flip,11579.1519,NA,16.51040000000000,16.70730000000000,0.11410000000000,5.75440000000000,22.6963,11562.7780,16.4880,16.3739,0.1141,16.3375,5.7908,5.7638,0.0270,0.1853,11562.7780,NA
parkey.exe,38476,0x25B69970950,DXGI,1,4,0,Composed: Flip,11595.8753,NA,16.72340000000000,NA,0.12150000000000,6.49610000000000,NA,11579.2660,16.7308,16.6093,0.1215,16.5694,6.5360,6.5065,0.0295,NA,NA,NA
parkey.exe,38476,0x25B69970950,DXGI,1,4,0,Composed: Flip,11612.5897,NA,16.71440000000000,33.34630000000000,0.37140000000000,5.83080000000000,22.6048,11595.9968,16.9643,16.5929,0.3714,16.6549,5.7688,5.7457,0.0231,-0.1275,11595.9968,NA
parkey.exe,38476,0x25B69970950,DXGI,1,4,0,Composed: Flip,11629.4750,NA,16.88530000000000,NA,0.13540000000000,5.70870000000000,NA,11612.9611,16.6493,16.5139,0.1354,16.4770,5.7456,5.7171,0.0285,NA,NA,NA
parkey.exe,38476,0x25B69970950,DXGI,1,4,0,Composed: Flip,11645.8926,NA,16.41760000000000,33.34560000000000,0.11500000000000,5.71060000000000,22.6475,11629.6104,16.3972,16.2822,0.1150,16.2409,5.7519,5.7263,0.0256,0.2680,11629.6104,NA
parkey.exe,38476,0x25B69970950,DXGI,1,4,0,Composed: Flip,11662.4953,NA,16.60270000000000,16.68150000000000,0.11330000000000,5.73200000000000,22.7263,11646.0076,16.6010,16.4877,0.1133,16.4506,5.7691,5.7454,0.0237,-0.2843,11646.0076,NA
parkey.exe,38476,0x25B69970950,DXGI,1,4,0,Composed: Flip,11679.2413,NA,16.74600000000000,16.68180000000000,0.13530000000000,5.62580000000000,22.6621,11662.6086,16.7680,16.6327,0.1353,16.5966,5.6619,5.6352,0.0267,-0.0808,11662.6086,NA
parkey.exe,38476,0x25B69970950,DXGI,1,4,0,Composed: Flip,11695.9535,NA,16.71220000000000,16.67710000000000,0.11970000000000,5.74560000000000,22.6270,11679.3766,16.6966,16.5769,0.1197,16.5380,5.7845,5.7608,0.0237,0.0909,11679.3766,NA
parkey.exe,38476,0x25B69970950,DXGI,1,4,0,Composed: Flip,11712.7417,NA,16.78820000000000,16.68290000000000,0.17830000000000,5.70870000000000,22.5217,11696.0732,16.8468,16.6685,0.1783,16.6297,5.7475,5.7217,0.0258,0.0137,11696.0732,NA
parkey.exe,38476,0x25B69970950,DXGI,1,4,0,Composed: Flip,11729.0367,NA,16.29500000000000,16.67330000000000,0.11040000000000,5.73130000000000,22.9000,11712.9200,16.2271,16.1167,0.1104,16.0804,5.7676,5.7411,0.0265,0.1735,11712.9200,NA
parkey.exe,38476,0x25B69970950,DXGI,1,4,0,Composed: Flip,11745.7791,NA,16.74240000000000,16.68680000000000,0.12180000000000,5.74100000000000,22.8444,11729.1471,16.7538,16.6320,0.1218,16.5960,5.7770,5.7514,0.0256,-0.4597,11729.1471,NA
parkey.exe,38476,0x25B69970950,DXGI,1,4,0,Composed: Flip,11762.4376,NA,16.65850000000000,16.67820000000000,0.11100000000000,5.68960000000000,22.8641,11745.9009,16.6477,16.5367,0.1110,16.4969,5.7294,5.7058,0.0236,0.0756,11745.9009,NA
parkey.exe,38476,0x25B69970950,DXGI,1,4,0,Composed: Flip,11779.1198,NA,16.68220000000000,16.68260000000000,0.11410000000000,5.72250000000000,22.8645,11762.5486,16.6853,16.5712,0.1141,16.5339,5.7598,5.7348,0.0250,-0.0349,11762.5486,NA
parkey.exe,38476,0x25B69970950,DXGI,1,4,0,Composed: Flip,11795.8371,NA,16.71730000000000,16.67270000000000,0.11660000000000,5.74150000000000,22.8199,11779.2339,16.7198,16.6032,0.1166,16.5655,5.7792,5.7512,0.0280,0.0126,11779.2339,NA
parkey.exe,38476,0x25B69970950,DXGI,1,4,0,Composed: Flip,11812.7239,NA,16.88680000000000,16.68770000000000,0.13250000000000,5.72220000000000,22.6208,11795.9537,16.9027,16.7702,0.1325,16.7260,5.7664,5.7452,0.0212,0.0321,11795.9537,NA
parkey.exe,38476,0x25B69970950,DXGI,1,4,0,Composed: Flip,11829.0706,NA,16.34670000000000,16.67800000000000,0.10980000000000,5.72650000000000,22.9521,11812.8564,16.3240,16.2142,0.1098,16.1794,5.7613,5.7345,0.0268,0.2247,11812.8564,NA
parkey.exe,38476,0x25B69970950,DXGI,1,4,0,Composed: Flip,11846.0691,NA,16.99850000000000,16.67950000000000,0.12630000000000,5.58800000000000,22.6331,11829.1804,17.0150,16.8887,0.1263,16.8371,5.6396,5.6164,0.0232,-0.3555,11829.1804,NA
parkey.exe,38476,0x25B69970950,DXGI,1,4,0,Composed: Flip,11862.5569,NA,16.48780000000000,16.68490000000000,0.12590000000000,5.71980000000000,22.8302,11846.1954,16.4874,16.3615,0.1259,16.3245,5.7568,5.7322,0.0246,0.3301,11846.1954,NA
parkey.exe,38476,0x25B69970950,DXGI,1,4,0,Composed: Flip,11879.2673,NA,16.71040000000000,16.67020000000000,0.14130000000000,5.73880000000000,22.7900,11862.6828,16.7258,16.5845,0.1413,16.5486,5.7747,5.7481,0.0266,-0.1828,11862.6828,NA
parkey.exe,38476,0x25B69970950,DXGI,1,4,0,Composed: Flip,11895.8127,NA,16.54540000000000,16.68690000000000,0.11230000000000,5.74640000000000,22.9315,11879.4086,16.5164,16.4041,0.1123,16.3680,5.7825,5.7574,0.0251,0.0389,11879.4086,NA
parkey.exe,38476,0x25B69970950,DXGI,1,4,0,Composed: Flip,11912.4504,NA,16.63770000000000,16.68270000000000,0.11210000000000,5.69080000000000,22.9765,11895.9250,16.6375,16.5254,0.1121,16.4891,5.7271,5.7055,0.0216,-0.1663,11895.9250,NA
parkey.exe,38476,0x25B69970950,DXGI,1,4,0,Composed: Flip,11929.1784,NA,16.72800000000000,16.67680000000000,0.13650000000000,5.66510000000000,22.9253,11912.5625,16.7524,16.6159,0.1365,16.5802,5.7008,5.6770,0.0238,-0.0393,11912.5625,NA
parkey.exe,38476,0x25B69970950,DXGI,1,4,0,Composed: Flip,11945.7685,NA,16.59010000000000,16.70090000000000,0.11200000000000,5.72900000000000,23.0361,11929.3149,16.5656,16.4536,0.1120,16.4171,5.7655,5.7393,0.0262,0.0515,11929.3149,NA
parkey.exe,38476,0x25B69970950,DXGI,1,4,0,Composed: Flip,11962.6191,NA,16.85060000000000,NA,0.11570000000000,7.34170000000000,NA,11945.8805,16.8543,16.7386,0.1157,16.6991,7.3812,7.3585,0.0227,NA,NA,NA
parkey.exe,38476,0x25B69970950,DXGI,1,4,0,Composed: Flip,11979.1879,NA,16.56880000000000,33.34870000000000,0.12110000000000,5.73360000000000,22.9654,11962.7348,16.5742,16.4531,0.1211,16.4161,5.7706,5.7497,0.0209,0.0712,11962.7348,NA
parkey.exe,38476,0x25B69970950,DXGI,1,4,0,Composed: Flip,11995.7204,NA,16.53250000000000,16.67120000000000,0.12350000000000,5.73620000000000,23.1041,11979.3090,16.5349,16.4114,0.1235,16.3750,5.7726,5.7521,0.0205,-0.0970,11979.3090,NA
parkey.exe,38476,0x25B69970950,DXGI,1,4,0,Composed: Flip,12012.6072,NA,16.88680000000000,16.68210000000000,0.11780000000000,5.61200000000000,22.8994,11995.8439,16.8811,16.7633,0.1178,16.7207,5.6546,5.6301,0.0245,-0.1472,11995.8439,NA
parkey.exe,38476,0x25B69970950,DXGI,1,4,0,Composed: Flip,12029.2229,NA,16.61570000000000,16.67450000000000,0.11840000000000,5.66510000000000,22.9582,12012.7250,16.6163,16.4979,0.1184,16.4061,5.7569,5.7308,0.0261,0.2066,12012.7250,NA
parkey.exe,38476,0x25B69970950,DXGI,1,4,0,Composed: Flip,12046.0028,NA,16.77990000000000,16.68320000000000,0.11420000000000,5.71910000000000,22.8615,12029.3413,16.7757,16.6615,0.1142,16.6233,5.7573,5.7306,0.0267,-0.0669,12029.3413,NA
parkey.exe,38476,0x25B69970950,DXGI,1,4,0,Composed: Flip,12062.5770,NA,16.57420000000000,16.68390000000000,0.12430000000000,5.70980000000000,22.9712,12046.1170,16.5843,16.4600,0.1243,16.4240,5.7458,5.7244,0.0214,0.0918,12046.1170,NA
parkey.exe,38476,0x25B69970950,DXGI,1,4,0,Composed: Flip,12079.1930,NA,16.61600000000000,16.68180000000000,0.12530000000000,5.76170000000000,23.0370,12062.7013,16.6170,16.4917,0.1253,16.4674,5.7860,5.7585,0.0275,-0.0975,12062.7013,NA
parkey.exe,38476,0x25B69970950,DXGI,1,4,0,Composed: Flip,12096.2374,NA,17.04440000000000,16.68050000000000,0.14730000000000,5.60570000000000,22.6731,12079.3183,17.0664,16.9191,0.1473,16.8678,5.6570,5.6264,0.0306,-0.0635,12079.3183,NA
parkey.exe,38476,0x25B69970950,DXGI,1,4,0,Composed: Flip,12112.8442,NA,16.60680000000000,16.68070000000000,0.15290000000000,5.72820000000000,22.7470,12096.3847,16.6124,16.4595,0.1529,16.4162,5.7715,5.7425,0.0290,0.3857,12096.3847,NA
parkey.exe,38476,0x25B69970950,DXGI,1,4,0,Composed: Flip,12129.5020,NA,16.65780000000000,16.67180000000000,0.18730000000000,5.71230000000000,22.7610,12112.9971,16.6922,16.5049,0.1873,16.4623,5.7549,5.7305,0.0244,-0.0594,12112.9971,NA
parkey.exe,38476,0x25B69970950,DXGI,1,4,0,Composed: Flip,12146.4570,NA,16.95500000000000,16.68570000000000,0.13280000000000,5.69900000000000,22.4917,12129.6893,16.9005,16.7677,0.1328,16.7226,5.7441,5.7253,0.0188,0.0065,12129.6893,NA
parkey.exe,38476,0x25B69970950,DXGI,1,4,0,Composed: Flip,12162.8435,NA,16.38650000000000,16.68200000000000,0.13110000000000,5.72220000000000,22.7872,12146.5898,16.3848,16.2537,0.1311,16.2115,5.7644,5.7353,0.0291,0.2185,12146.5898,NA
parkey.exe,38476,0x25B69970950,DXGI,1,4,0,Composed: Flip,12179.8293,NA,16.98580000000000,16.68030000000000,0.14870000000000,5.71680000000000,22.4817,12162.9746,17.0034,16.8547,0.1487,16.8101,5.7614,5.7360,0.0254,-0.2955,12162.9746,NA
parkey.exe,38476,0x25B69970950,DXGI,1,4,0,Composed: Flip,12196.0561,NA,16.22680000000000,16.67080000000000,0.12640000000000,5.74000000000000,22.9257,12179.9780,16.2045,16.0781,0.1264,16.0363,5.7818,5.7609,0.0209,0.3326,12179.9780,NA
parkey.exe,38476,0x25B69970950,DXGI,1,4,0,Composed: Flip,12212.6870,NA,16.63090000000000,16.68220000000000,0.12360000000000,5.72640000000000,22.9770,12196.1825,16.6281,16.5045,0.1236,16.4633,5.7676,5.7429,0.0247,-0.4777,12196.1825,NA
parkey.exe,38476,0x25B69970950,DXGI,1,4,0,Composed: Flip,12229.2944,NA,16.60740000000000,16.68030000000000,0.13510000000000,5.71990000000000,23.0499,12212.8106,16.6189,16.4838,0.1351,16.4399,5.7638,5.7353,0.0285,-0.0522,12212.8106,NA
parkey.exe,38476,0x25B69970950,DXGI,1,4,0,Composed: Flip,12245.7400,NA,16.44560000000000,16.67930000000000,0.12200000000000,5.71200000000000,23.2836,12229.4295,16.4325,16.3105,0.1220,16.2740,5.7485,5.7227,0.0258,-0.0604,12229.4295,NA
parkey.exe,38476,0x25B69970950,DXGI,1,4,0,Composed: Flip,12262.4676,NA,16.72760000000000,16.68210000000000,0.11470000000000,5.97370000000000,23.2381,12245.8620,16.7203,16.6056,0.1147,16.5690,6.0103,5.9837,0.0266,-0.2496,12245.8620,NA
parkey.exe,38476,0x25B69970950,DXGI,1,4,0,Composed: Flip,12279.1966,NA,16.72900000000000,16.68560000000000,0.11690000000000,5.73330000000000,23.1947,12262.5823,16.7312,16.6143,0.1169,16.5786,5.7690,5.7457,0.0233,0.0347,12262.5823,NA
parkey.exe,38476,0x25B69970950,DXGI,1,4,0,Composed: Flip,12295.9607,NA,16.76410000000000,16.67860000000000,0.11810000000000,5.73100000000000,23.1092,12279.3135,16.7653,16.6472,0.1181,16.6075,5.7707,5.7430,0.0277,0.0526,12279.3135,NA
parkey.exe,38476,0x25B69970950,DXGI,1,4,0,Composed: Flip,12312.2629,NA,16.30220000000000,16.67880000000000,0.11840000000000,5.73590000000000,23.4858,12296.0788,16.3025,16.1841,0.1184,16.1527,5.7673,5.7429,0.0244,0.0865,12296.0788,NA
parkey.exe,38476,0x25B69970950,DXGI,1,4,0,Composed: Flip,12328.8522,NA,16.58930000000000,16.68050000000000,0.09980000000000,5.72770000000000,23.5770,12312.3813,16.5707,16.4709,0.0998,16.4385,5.7601,5.7309,0.0292,-0.3780,12312.3813,NA
parkey.exe,38476,0x25B69970950,DXGI,1,4,0,Composed: Flip,12345.4117,NA,16.55950000000000,16.67880000000000,0.09450000000000,5.74790000000000,23.6963,12328.9520,16.5542,16.4597,0.0945,16.4290,5.7786,5.7515,0.0271,-0.1081,12328.9520,NA
parkey.exe,38476,0x25B69970950,DXGI,1,4,0,Composed: Flip,12362.1024,NA,16.69070000000000,16.68140000000000,0.11570000000000,5.73340000000000,23.6870,12345.5062,16.7119,16.5962,0.1157,16.5645,5.7651,5.7396,0.0255,-0.1272,12345.5062,NA
parkey.exe,38476,0x25B69970950,DXGI,1,4,0,Composed: Flip,12378.8168,NA,16.71440000000000,16.68010000000000,0.10120000000000,6.10170000000000,23.6527,12362.2181,16.6999,16.5987,0.1012,16.5671,6.1333,6.1094,0.0239,0.0318,12362.2181,NA
parkey.exe,38476,0x25B69970950,DXGI,1,4,0,Composed: Flip,12395.4685,NA,16.65170000000000,16.69690000000000,0.09990000000000,5.75300000000000,23.6979,12378.9180,16.6504,16.5505,0.0999,16.5180,5.7855,5.7655,0.0200,0.0030,12378.9180,NA
parkey.exe,38476,0x25B69970950,DXGI,1,4,0,Composed: Flip,12412.1926,NA,16.72410000000000,16.64640000000000,0.09720000000000,5.71040000000000,23.6202,12395.5684,16.7214,16.6242,0.0972,16.5901,5.7445,5.7217,0.0228,0.0040,12395.5684,NA
parkey.exe,38476,0x25B69970950,DXGI,1,4,0,Composed: Flip,12428.8104,NA,16.61780000000000,16.69790000000000,0.11100000000000,5.72850000000000,23.7003,12412.2898,16.6316,16.5206,0.1110,16.4894,5.7597,5.7331,0.0266,0.0235,12412.2898,NA
parkey.exe,38476,0x25B69970950,DXGI,1,4,0,Composed: Flip,12445.3694,NA,16.55900000000000,16.67700000000000,0.09500000000000,5.72730000000000,23.8183,12428.9214,16.5430,16.4480,0.0950,16.4158,5.7595,5.7375,0.0220,-0.0454,12428.9214,NA
parkey.exe,38476,0x25B69970950,DXGI,1,4,0,Composed: Flip,12462.0164,NA,16.64700000000000,16.67790000000000,0.10910000000000,5.75360000000000,23.8492,12445.4644,16.6611,16.5520,0.1091,16.5236,5.7820,5.7587,0.0233,-0.1349,12445.4644,NA
parkey.exe,38476,0x25B69970950,DXGI,1,4,0,Composed: Flip,12478.7306,NA,16.71420000000000,16.68520000000000,0.09460000000000,5.74320000000000,23.8202,12462.1255,16.6997,16.6051,0.0946,16.5742,5.7741,5.7511,0.0230,-0.0241,12462.1255,NA
parkey.exe,38476,0x25B69970950,DXGI,1,4,0,Composed: Flip,12495.4726,NA,16.74200000000000,16.70980000000000,0.11420000000000,5.74250000000000,23.7880,12478.8252,16.7616,16.6474,0.1142,16.6202,5.7697,5.7468,0.0229,-0.0101,12478.8252,NA
parkey.exe,38476,0x25B69970950,DXGI,1,4,0,Composed: Flip,12512.1137,NA,16.64110000000000,16.65190000000000,0.09590000000000,5.70640000000000,23.7988,12495.5868,16.6228,16.5269,0.0959,16.4945,5.7388,5.7178,0.0210,0.1097,12495.5868,NA
parkey.exe,38476,0x25B69970950,DXGI,1,4,0,Composed: Flip,12529.1400,NA,17.02630000000000,16.67730000000000,0.11430000000000,5.72460000000000,23.4498,12512.2096,17.0447,16.9304,0.1143,16.8934,5.7616,5.7372,0.0244,-0.0545,12512.2096,NA
parkey.exe,38476,0x25B69970950,DXGI,1,4,0,Composed: Flip,12545.5187,NA,16.37870000000000,16.67820000000000,0.09790000000000,5.72030000000000,23.7493,12529.2543,16.3623,16.2644,0.0979,16.2319,5.7528,5.7304,0.0224,0.3665,12529.2543,NA
parkey.exe,38476,0x25B69970950,DXGI,1,4,0,Composed: Flip,12562.2430,NA,16.72430000000000,16.68610000000000,0.12140000000000,5.74460000000000,23.7111,12545.6166,16.7478,16.6264,0.1214,16.5859,5.7851,5.7619,0.0232,-0.3238,12545.6166,NA
parkey.exe,38476,0x25B69970950,DXGI,1,4,0,Composed: Flip,12578.9708,NA,16.72780000000000,16.67760000000000,0.11240000000000,5.71910000000000,23.6609,12562.3644,16.7188,16.6064,0.1124,16.5663,5.7592,5.7332,0.0260,0.0702,12562.3644,NA
parkey.exe,38476,0x25B69970950,DXGI,1,4,0,Composed: Flip,12595.8139,NA,16.84310000000000,16.68310000000000,0.10900000000000,5.74730000000000,23.5009,12579.0832,16.8397,16.7307,0.1090,16.6942,5.7838,5.7540,0.0298,0.0357,12579.0832,NA
parkey.exe,38476,0x25B69970950,DXGI,1,4,0,Composed: Flip,12612.8740,NA,17.06010000000000,16.67580000000000,0.15250000000000,5.71150000000000,23.1166,12595.9229,17.1036,16.9511,0.1525,16.9096,5.7530,5.7280,0.0250,0.1639,12595.9229,NA
parkey.exe,38476,0x25B69970950,DXGI,1,4,0,Composed: Flip,12628.8945,NA,16.02050000000000,16.68210000000000,0.10660000000000,5.71900000000000,23.7782,12613.0265,15.9746,15.8680,0.1066,15.8346,5.7524,5.7260,0.0264,0.4215,12613.0265,NA
parkey.exe,38476,0x25B69970950,DXGI,1,4,0,Composed: Flip,12645.6096,NA,16.71510000000000,16.68370000000000,0.10280000000000,5.75600000000000,23.7468,12629.0011,16.7113,16.6085,0.1028,16.5768,5.7877,5.7631,0.0246,-0.7091,12629.0011,NA
parkey.exe,38476,0x25B69970950,DXGI,1,4,0,Composed: Flip,12662.3268,NA,16.71720000000000,16.67880000000000,0.11080000000000,5.72680000000000,23.7084,12645.7124,16.7252,16.6144,0.1108,16.5800,5.7612,5.7384,0.0228,0.0325,12645.7124,NA
parkey.exe,38476,0x25B69970950,DXGI,1,4,0,Composed: Flip,12678.8933,NA,16.56650000000000,16.68100000000000,0.11500000000000,5.74770000000000,23.8229,12662.4376,16.5707,16.4557,0.1150,16.4225,5.7809,5.7574,0.0235,0.0442,12662.4376,NA
parkey.exe,38476,0x25B69970950,DXGI,1,4,0,Composed: Flip,12695.4634,NA,16.57010000000000,16.68150000000000,0.10120000000000,5.74860000000000,23.9343,12679.0083,16.5563,16.4551,0.1012,16.4223,5.7814,5.7573,0.0241,-0.1108,12679.0083,NA
parkey.exe,38476,0x25B69970950,DXGI,1,4,0,Composed: Flip,12712.3505,NA,16.88710000000000,16.67680000000000,0.10740000000000,5.70560000000000,23.7240,12695.5646,16.8933,16.7859,0.1074,16.7509,5.7406,5.7190,0.0216,-0.1205,12695.5646,NA
parkey.exe,38476,0x25B69970950,DXGI,1,4,0,Composed: Flip,12728.8886,NA,16.53810000000000,16.68080000000000,0.10200000000000,5.72750000000000,23.8667,12712.4579,16.5327,16.4307,0.1020,16.3979,5.7603,5.7369,0.0234,0.2125,12712.4579,NA
parkey.exe,38476,0x25B69970950,DXGI,1,4,0,Composed: Flip,12745.4801,NA,16.59150000000000,16.67710000000000,0.11150000000000,5.70260000000000,23.9523,12728.9906,16.6010,16.4895,0.1115,16.4575,5.7346,5.7102,0.0244,-0.1444,12728.9906,NA
parkey.exe,38476,0x25B69970950,DXGI,1,4,0,Composed: Flip,12762.1207,NA,16.64060000000000,16.68100000000000,0.09760000000000,5.72310000000000,23.9927,12745.5916,16.6267,16.5291,0.0976,16.4976,5.7546,5.7313,0.0233,-0.0800,12745.5916,NA
parkey.exe,38476,0x25B69970950,DXGI,1,4,0,Composed: Flip,12778.6197,NA,16.49900000000000,16.68150000000000,0.09160000000000,5.71100000000000,24.1752,12762.2183,16.4930,16.4014,0.0916,16.3708,5.7416,5.7174,0.0242,-0.0548,12762.2183,NA
parkey.exe,38476,0x25B69970950,DXGI,1,4,0,Composed: Flip,12795.5216,NA,16.90190000000000,16.67550000000000,0.09970000000000,5.74330000000000,23.9488,12778.7113,16.9100,16.8103,0.0997,16.7773,5.7763,5.7510,0.0253,-0.1825,12778.7113,NA
parkey.exe,38476,0x25B69970950,DXGI,1,4,0,Composed: Flip,12812.0902,NA,16.56860000000000,16.68400000000000,0.10750000000000,5.73100000000000,24.0642,12795.6213,16.5764,16.4689,0.1075,16.4379,5.7620,5.7389,0.0231,0.2260,12795.6213,NA
parkey.exe,38476,0x25B69970950,DXGI,1,4,0,Composed: Flip,12828.6550,NA,16.56480000000000,16.67860000000000,0.08980000000000,5.72280000000000,24.1780,12812.1977,16.5471,16.4573,0.0898,16.4290,5.7511,5.7280,0.0231,-0.1022,12812.1977,NA
parkey.exe,38476,0x25B69970950,DXGI,1,4,0,Composed: Flip,12845.3479,NA,16.69290000000000,16.68320000000000,0.09560000000000,5.74210000000000,24.1683,12828.7448,16.6987,16.6031,0.0956,16.5733,5.7719,5.7454,0.0265,-0.1361,12828.7448,NA
parkey.exe,38476,0x25B69970950,DXGI,1,4,0,Composed: Flip,12861.9317,NA,16.58380000000000,16.68890000000000,0.10950000000000,5.70900000000000,24.2734,12845.4435,16.5977,16.4882,0.1095,16.4571,5.7401,5.7181,0.0220,0.0098,12845.4435,NA
parkey.exe,38476,0x25B69970950,DXGI,1,4,0,Composed: Flip,12878.8265,NA,16.89480000000000,16.66990000000000,0.09550000000000,5.73200000000000,24.0485,12862.0412,16.8808,16.7853,0.0955,16.7575,5.7598,5.7360,0.0238,-0.0722,12862.0412,NA
parkey.exe,38476,0x25B69970950,DXGI,1,4,0,Composed: Flip,12895.2645,NA,16.43800000000000,16.68030000000000,0.09150000000000,5.73240000000000,24.2908,12878.9220,16.4340,16.3425,0.0915,16.3127,5.7622,5.7389,0.0233,0.2005,12878.9220,NA
parkey.exe,38476,0x25B69970950,DXGI,1,4,0,Composed: Flip,12911.8868,NA,16.62230000000000,16.67860000000000,0.08850000000000,5.72130000000000,24.3471,12895.3560,16.6193,16.5308,0.0885,16.5023,5.7498,5.7310,0.0188,-0.2446,12895.3560,NA
parkey.exe,38476,0x25B69970950,DXGI,1,4,0,Composed: Flip,12928.7963,NA,16.90950000000000,16.68790000000000,0.10600000000000,5.71880000000000,24.1255,12911.9753,16.9270,16.8210,0.1060,16.7885,5.7513,5.7240,0.0273,-0.0686,12911.9753,NA
parkey.exe,38476,0x25B69970950,DXGI,1,4,0,Composed: Flip,12945.3844,NA,16.58810000000000,16.67520000000000,0.09400000000000,5.71450000000000,24.2126,12928.9023,16.5761,16.4821,0.0940,16.4495,5.7471,5.7245,0.0226,0.2518,12928.9023,NA
parkey.exe,38476,0x25B69970950,DXGI,1,4,0,Composed: Flip,12962.0472,NA,16.66280000000000,7.42100000000000,0.10200000000000,6.55590000000000,14.9708,12945.4784,16.6708,16.5688,0.1020,16.5377,6.5870,6.5651,0.0219,9.1551,12945.4784,NA
parkey.exe,38476,0x25B69970950,DXGI,1,4,0,Composed: Flip,12979.1499,NA,17.10270000000000,25.93890000000000,0.16860000000000,6.10440000000000,23.8070,12962.1492,17.1693,17.0007,0.1686,17.3201,5.7850,5.7612,0.0238,-9.2681,12962.1492,NA
parkey.exe,38476,0x25B69970950,DXGI,1,4,0,Composed: Flip,12996.0302,NA,16.88030000000000,16.67930000000000,0.14010000000000,5.75090000000000,23.6060,12979.3185,16.8518,16.7117,0.1401,16.6745,5.7881,5.7627,0.0254,0.4900,12979.3185,NA
parkey.exe,38476,0x25B69970950,DXGI,1,4,0,Composed: Flip,13012.2688,NA,16.23860000000000,16.68200000000000,0.10880000000000,5.71060000000000,24.0494,12996.1703,16.2073,16.0985,0.1088,16.0628,5.7463,5.7202,0.0261,0.1698,12996.1703,NA
parkey.exe,38476,0x25B69970950,DXGI,1,4,0,Composed: Flip,13028.8416,NA,16.57280000000000,16.67860000000000,0.10640000000000,5.73930000000000,24.1552,13012.3776,16.5704,16.4640,0.1064,16.4302,5.7731,5.7445,0.0286,-0.4713,13012.3776,NA
parkey.exe,38476,0x25B69970950,DXGI,1,4,0,Composed: Flip,13045.5973,NA,16.75570000000000,16.68140000000000,0.10300000000000,5.72880000000000,24.0809,13028.9480,16.7523,16.6493,0.1030,16.6141,5.7640,5.7422,0.0218,-0.1110,13028.9480,NA
parkey.exe,38476,0x25B69970950,DXGI,1,4,0,Composed: Flip,13062.0425,NA,16.44520000000000,16.68050000000000,0.10830000000000,5.74600000000000,24.3162,13045.7003,16.4505,16.3422,0.1083,16.3110,5.7772,5.7544,0.0228,0.0718,13045.7003,NA
parkey.exe,38476,0x25B69970950,DXGI,1,4,0,Composed: Flip,13078.6004,NA,16.55790000000000,16.68280000000000,0.09180000000000,5.73700000000000,24.4411,13062.1508,16.5414,16.4496,0.0918,16.4224,5.7642,5.7406,0.0236,-0.2323,13062.1508,NA
parkey.exe,38476,0x25B69970950,DXGI,1,4,0,Composed: Flip,13095.4701,NA,16.86970000000000,16.68320000000000,0.09450000000000,5.74160000000000,24.2546,13078.6922,16.8724,16.7779,0.0945,16.7444,5.7751,5.7510,0.0241,-0.1418,13078.6922,NA
parkey.exe,38476,0x25B69970950,DXGI,1,4,0,Composed: Flip,13112.0306,NA,16.56050000000000,16.67730000000000,0.10460000000000,5.73010000000000,24.3714,13095.5646,16.5706,16.4660,0.1046,16.4361,5.7600,5.7378,0.0222,0.1951,13095.5646,NA
parkey.exe,38476,0x25B69970950,DXGI,1,4,0,Composed: Flip,13128.7403,NA,16.70970000000000,16.68080000000000,0.09580000000000,5.73680000000000,24.3425,13112.1352,16.7009,16.6051,0.0958,16.5748,5.7671,5.7387,0.0284,-0.1102,13112.1352,NA
parkey.exe,38476,0x25B69970950,DXGI,1,4,0,Composed: Flip,13145.6661,NA,16.92580000000000,16.67600000000000,0.10810000000000,5.75180000000000,24.0927,13128.8361,16.9381,16.8300,0.1081,16.7966,5.7852,5.7621,0.0231,0.0249,13128.8361,NA
parkey.exe,38476,0x25B69970950,DXGI,1,4,0,Composed: Flip,13162.2005,NA,16.53440000000000,16.67870000000000,0.10200000000000,5.74890000000000,24.2370,13145.7742,16.5283,16.4263,0.1020,16.3944,5.7808,5.7543,0.0265,0.2594,13145.7742,NA
parkey.exe,38476,0x25B69970950,DXGI,1,4,0,Composed: Flip,13178.6903,NA,16.48980000000000,16.68190000000000,0.10750000000000,5.73650000000000,24.4291,13162.3025,16.4953,16.3878,0.1075,16.3575,5.7668,5.7425,0.0243,-0.1536,13162.3025,NA
parkey.exe,38476,0x25B69970950,DXGI,1,4,0,Composed: Flip,13195.3854,NA,16.69510000000000,16.67970000000000,0.14210000000000,5.74180000000000,24.4137,13178.7978,16.7297,16.5876,0.1421,16.5565,5.7729,5.7477,0.0252,-0.1844,13178.7978,NA
parkey.exe,38476,0x25B69970950,DXGI,1,4,0,Composed: Flip,13212.2500,NA,16.86460000000000,16.68120000000000,0.09650000000000,5.71150000000000,24.2303,13195.5275,16.8190,16.7225,0.0965,16.6906,5.7434,5.7206,0.0228,0.0485,13195.5275,NA
parkey.exe,38476,0x25B69970950,DXGI,1,4,0,Composed: Flip,13228.7829,NA,16.53290000000000,16.68060000000000,0.09770000000000,5.73730000000000,24.3780,13212.3465,16.5341,16.4364,0.0977,16.4063,5.7674,5.7420,0.0254,0.1384,13212.3465,NA
parkey.exe,38476,0x25B69970950,DXGI,1,4,0,Composed: Flip,13245.6110,NA,16.82810000000000,16.68150000000000,0.17000000000000,5.72970000000000,24.2314,13228.8806,16.9004,16.7304,0.1700,16.6966,5.7635,5.7370,0.0265,-0.1474,13228.8806,NA
parkey.exe,38476,0x25B69970950,DXGI,1,4,0,Composed: Flip,13262.4377,NA,16.82670000000000,16.67960000000000,0.13380000000000,5.72410000000000,24.0843,13245.7810,16.7905,16.6567,0.1338,16.6189,5.7619,5.7364,0.0255,0.2208,13245.7810,NA
parkey.exe,38476,0x25B69970950,DXGI,1,4,0,Composed: Flip,13278.9596,NA,16.52190000000000,16.67490000000000,0.11210000000000,5.71820000000000,24.2373,13262.5715,16.5002,16.3881,0.1121,16.3525,5.7538,5.7268,0.0270,0.1156,13262.5715,NA
parkey.exe,38476,0x25B69970950,DXGI,1,4,0,Composed: Flip,13295.9085,NA,16.94890000000000,16.68060000000000,0.11490000000000,5.73180000000000,23.9690,13279.0717,16.9517,16.8368,0.1149,16.8004,5.7682,5.7426,0.0256,-0.1804,13279.0717,NA
parkey.exe,38476,0x25B69970950,DXGI,1,4,0,Composed: Flip,13312.1236,NA,16.21510000000000,16.67900000000000,0.11260000000000,5.71310000000000,24.4329,13296.0234,16.2128,16.1002,0.1126,16.0682,5.7451,5.7221,0.0230,0.2727,13296.0234,NA
parkey.exe,38476,0x25B69970950,DXGI,1,4,0,Composed: Flip,13329.0739,NA,16.95030000000000,16.68260000000000,0.10980000000000,5.72210000000000,24.1652,13312.2362,16.9475,16.8377,0.1098,16.8029,5.7569,5.7322,0.0247,-0.4698,13312.2362,NA
parkey.exe,38476,0x25B69970950,DXGI,1,4,0,Composed: Flip,13345.4409,NA,16.36700000000000,16.69100000000000,0.10110000000000,5.74050000000000,24.4892,13329.1837,16.3583,16.2572,0.1011,16.2266,5.7711,5.7443,0.0268,0.2565,13329.1837,NA
parkey.exe,38476,0x25B69970950,DXGI,1,4,0,Composed: Flip,13361.9993,NA,16.55840000000000,16.67640000000000,0.10780000000000,5.73250000000000,24.6072,13345.5420,16.5651,16.4573,0.1078,16.4247,5.7651,5.7427,0.0224,-0.3181,13345.5420,NA
parkey.exe,38476,0x25B69970950,DXGI,1,4,0,Composed: Flip,13378.8688,NA,16.86950000000000,16.67590000000000,0.10730000000000,5.72440000000000,24.4136,13362.1071,16.8690,16.7617,0.1073,16.7274,5.7587,5.7363,0.0224,-0.1108,13362.1071,NA
parkey.exe,38476,0x25B69970950,DXGI,1,4,0,Composed: Flip,13395.4011,NA,16.53230000000000,16.67930000000000,0.09980000000000,5.73480000000000,24.5606,13378.9761,16.5248,16.4250,0.0998,16.3932,5.7666,5.7456,0.0210,0.1897,13378.9761,NA
parkey.exe,38476,0x25B69970950,DXGI,1,4,0,Composed: Flip,13411.9243,NA,16.52320000000000,16.68110000000000,0.09380000000000,5.71680000000000,24.7185,13395.5009,16.5172,16.4234,0.0938,16.3922,5.7480,5.7213,0.0267,-0.1563,13395.5009,NA
parkey.exe,38476,0x25B69970950,DXGI,1,4,0,Composed: Flip,13428.5446,NA,16.62030000000000,16.67990000000000,0.10210000000000,5.74070000000000,24.7781,13412.0181,16.6286,16.5265,0.1021,16.4983,5.7689,5.7416,0.0273,-0.1627,13412.0181,NA
parkey.exe,38476,0x25B69970950,DXGI,1,4,0,Composed: Flip,13445.3938,NA,16.84920000000000,16.67940000000000,0.09430000000000,5.70720000000000,24.6083,13428.6467,16.8414,16.7471,0.0943,16.7169,5.7374,5.7166,0.0208,-0.0508,13428.6467,NA
parkey.exe,38476,0x25B69970950,DXGI,1,4,0,Composed: Flip,13462.1863,NA,16.79250000000000,16.68160000000000,0.14290000000000,5.86230000000000,24.4974,13445.4881,16.8411,16.6982,0.1429,16.7802,5.7803,5.7542,0.0261,0.1598,13445.4881,NA
parkey.exe,38476,0x25B69970950,DXGI,1,4,0,Composed: Flip,13478.7738,NA,16.58750000000000,16.68270000000000,0.10070000000000,5.75650000000000,24.5926,13462.3292,16.5453,16.4446,0.1007,16.4122,5.7889,5.7641,0.0248,0.1584,13462.3292,NA
parkey.exe,38476,0x25B69970950,DXGI,1,4,0,Composed: Flip,13495.3603,NA,16.58650000000000,16.67530000000000,0.10660000000000,5.73870000000000,24.6814,13478.8745,16.5924,16.4858,0.1066,16.4564,5.7681,5.7458,0.0223,-0.1300,13478.8745,NA
parkey.exe,38476,0x25B69970950,DXGI,1,4,0,Composed: Flip,13512.0792,NA,16.71890000000000,16.68420000000000,0.10640000000000,5.71960000000000,24.6467,13495.4669,16.7187,16.6123,0.1064,16.5813,5.7506,5.7251,0.0255,-0.0918,13495.4669,NA
parkey.exe,38476,0x25B69970950,DXGI,1,4,0,Composed: Flip,13528.5977,NA,16.51850000000000,16.68080000000000,0.09060000000000,5.72270000000000,24.8090,13512.1856,16.5027,16.4121,0.0906,16.3817,5.7531,5.7293,0.0238,0.0379,13512.1856,NA
parkey.exe,38476,0x25B69970950,DXGI,1,4,0,Composed: Flip,13545.4879,NA,16.89020000000000,16.67950000000000,0.10400000000000,5.72490000000000,24.5983,13528.6883,16.9036,16.7996,0.1040,16.7664,5.7581,5.7351,0.0230,-0.1768,13528.6883,NA
parkey.exe,38476,0x25B69970950,DXGI,1,4,0,Composed: Flip,13562.1862,NA,16.69830000000000,16.67770000000000,0.11410000000000,5.75700000000000,24.5777,13545.5919,16.7084,16.5943,0.1141,16.5607,5.7906,5.7647,0.0259,0.2259,13545.5919,NA
parkey.exe,38476,0x25B69970950,DXGI,1,4,0,Composed: Flip,13578.6868,NA,16.50060000000000,16.69930000000000,0.09570000000000,5.75220000000000,24.7764,13562.3003,16.4822,16.3865,0.0957,16.3554,5.7833,5.7611,0.0222,0.0091,13562.3003,NA
parkey.exe,38476,0x25B69970950,DXGI,1,4,0,Composed: Flip,13595.3917,NA,16.70490000000000,16.66270000000000,0.10030000000000,5.77160000000000,24.7342,13578.7825,16.7095,16.6092,0.1003,16.5759,5.8049,5.7838,0.0211,-0.1805,13578.7825,NA
parkey.exe,38476,0x25B69970950,DXGI,1,4,0,Composed: Flip,13612.1155,NA,16.72380000000000,16.69820000000000,0.10850000000000,5.70170000000000,24.7086,13595.4920,16.7320,16.6235,0.1085,16.5834,5.7418,5.7213,0.0205,0.0113,13595.4920,NA
parkey.exe,38476,0x25B69970950,DXGI,1,4,0,Composed: Flip,13628.7792,NA,16.66370000000000,16.66190000000000,0.10270000000000,5.71420000000000,24.7068,13612.2240,16.6579,16.5552,0.1027,16.5225,5.7469,5.7190,0.0279,0.0701,13612.2240,NA
parkey.exe,38476,0x25B69970950,DXGI,1,4,0,Composed: Flip,13645.5969,NA,16.81770000000000,16.67760000000000,0.11410000000000,5.75760000000000,24.5667,13628.8819,16.8291,16.7150,0.1141,16.6752,5.7974,5.7769,0.0205,-0.0197,13628.8819,NA
parkey.exe,38476,0x25B69970950,DXGI,1,4,0,Composed: Flip,13662.0537,NA,16.45680000000000,16.67900000000000,0.09390000000000,5.70990000000000,24.7889,13645.7110,16.4366,16.3427,0.0939,16.3124,5.7402,5.7178,0.0224,0.1501,13645.7110,NA
parkey.exe,38476,0x25B69970950,DXGI,1,4,0,Composed: Flip,13678.6922,NA,16.63850000000000,16.68400000000000,0.10550000000000,5.75670000000000,24.8344,13662.1476,16.6501,16.5446,0.1055,16.5134,5.7879,5.7608,0.0271,-0.2474,13662.1476,NA
parkey.exe,38476,0x25B69970950,DXGI,1,4,0,Composed: Flip,13695.5200,NA,16.82780000000000,16.67120000000000,0.32970000000000,5.73490000000000,24.6778,13678.7977,17.0520,16.7223,0.3297,16.6678,5.7894,5.7586,0.0308,-0.0211,13678.7977,NA
parkey.exe,38476,0x25B69970950,DXGI,1,4,0,Composed: Flip,13711.9850,NA,16.46500000000000,16.69000000000000,0.09570000000000,5.71700000000000,24.9028,13695.8497,16.2310,16.1353,0.0957,16.1079,5.7444,5.7193,0.0251,0.3620,13695.8497,NA
parkey.exe,38476,0x25B69970950,DXGI,1,4,0,Composed: Flip,13728.5333,NA,16.54830000000000,16.67360000000000,0.08820000000000,5.70540000000000,25.0281,13712.0807,16.5408,16.4526,0.0882,16.4173,5.7407,5.7098,0.0309,-0.4426,13712.0807,NA
parkey.exe,38476,0x25B69970950,DXGI,1,4,0,Composed: Flip,13745.3514,NA,16.81810000000000,16.68320000000000,0.10320000000000,5.71230000000000,24.8932,13728.6215,16.8331,16.7299,0.1032,16.7004,5.7418,5.7176,0.0242,-0.1424,13728.6215,NA
parkey.exe,38476,0x25B69970950,DXGI,1,4,0,Composed: Flip,13762.0538,NA,16.70240000000000,16.69390000000000,0.09280000000000,5.72620000000000,24.8847,13745.4546,16.6920,16.5992,0.0928,16.5690,5.7564,5.7353,0.0211,0.1392,13745.4546,NA
parkey.exe,38476,0x25B69970950,DXGI,1,4,0,Composed: Flip,13778.4844,NA,16.43060000000000,16.65810000000000,0.08930000000000,5.73530000000000,25.1122,13762.1466,16.4271,16.3378,0.0893,16.3095,5.7636,5.7387,0.0249,0.0339,13762.1466,NA
parkey.exe,38476,0x25B69970950,DXGI,1,4,0,Composed: Flip,13795.3120,NA,16.82760000000000,16.69930000000000,0.09470000000000,5.74530000000000,24.9839,13778.5737,16.8330,16.7383,0.0947,16.7074,5.7762,5.7536,0.0226,-0.2722,13778.5737,NA
parkey.exe,38476,0x25B69970950,DXGI,1,4,0,Composed: Flip,13811.8729,NA,16.56090000000000,16.67290000000000,0.11820000000000,5.70850000000000,25.0959,13795.4067,16.5844,16.4662,0.1182,16.4379,5.7368,5.7066,0.0302,0.1601,13795.4067,NA
parkey.exe,38476,0x25B69970950,DXGI,1,4,0,Composed: Flip,13828.4955,NA,16.62260000000000,16.67670000000000,0.08840000000000,5.72780000000000,25.1500,13811.9911,16.5928,16.5044,0.0884,16.4715,5.7607,5.7349,0.0258,-0.0923,13811.9911,NA
parkey.exe,38476,0x25B69970950,DXGI,1,4,0,Composed: Flip,13845.4328,NA,16.93730000000000,16.67810000000000,0.09060000000000,5.73070000000000,24.8908,13828.5839,16.9395,16.8489,0.0906,16.8191,5.7605,5.7368,0.0237,-0.0853,13828.5839,NA
parkey.exe,38476,0x25B69970950,DXGI,1,4,0,Composed: Flip,13861.9697,NA,16.53690000000000,16.68270000000000,0.10210000000000,5.72070000000000,25.0366,13845.5234,16.5484,16.4463,0.1021,16.4192,5.7478,5.7225,0.0253,0.2568,13845.5234,NA
parkey.exe,38476,0x25B69970950,DXGI,1,4,0,Composed: Flip,13878.5607,NA,16.59100000000000,16.68460000000000,0.08800000000000,5.74520000000000,25.1302,13862.0718,16.5769,16.4889,0.0880,16.4591,5.7750,5.7478,0.0272,-0.1362,13862.0718,NA
parkey.exe,38476,0x25B69970950,DXGI,1,4,0,Composed: Flip,13895.3659,NA,16.80520000000000,16.68210000000000,0.09750000000000,5.71780000000000,25.0071,13878.6487,16.8147,16.7172,0.0975,16.6860,5.7490,5.7279,0.0211,-0.1052,13878.6487,NA
parkey.exe,38476,0x25B69970950,DXGI,1,4,0,Composed: Flip,13912.1514,NA,16.78550000000000,16.67590000000000,0.09930000000000,6.11170000000000,24.8975,13895.4634,16.7873,16.6880,0.0993,16.6528,6.1469,6.1223,0.0246,0.1388,13895.4634,NA
parkey.exe,38476,0x25B69970950,DXGI,1,4,0,Composed: Flip,13928.9362,NA,16.78480000000000,16.68040000000000,0.11290000000000,5.73040000000000,24.7931,13912.2507,16.7984,16.6855,0.1129,16.6526,5.7633,5.7385,0.0248,0.1069,13912.2507,NA
parkey.exe,38476,0x25B69970950,DXGI,1,4,0,Composed: Flip,13945.2459,NA,16.30970000000000,16.67900000000000,0.11080000000000,5.70560000000000,25.1624,13929.0491,16.3076,16.1968,0.1108,16.1675,5.7349,5.7119,0.0230,0.1194,13929.0491,NA
parkey.exe,38476,0x25B69970950,DXGI,1,4,0,Composed: Flip,13962.2886,NA,17.04270000000000,6.79810000000000,0.11390000000000,6.50370000000000,14.9178,13945.3567,17.0458,16.9319,0.1139,16.8970,6.5386,6.5173,0.0213,9.5095,13945.3567,NA
parkey.exe,38476,0x25B69970950,DXGI,1,4,0,Composed: Flip,13979.0563,NA,16.76770000000000,26.56290000000000,0.11580000000000,5.76130000000000,24.7130,13962.4025,16.7696,16.6538,0.1158,16.6163,5.7988,5.7736,0.0252,-9.5171,13962.4025,NA
parkey.exe,38476,0x25B69970950,DXGI,1,4,0,Composed: Flip,13995.5902,NA,16.53390000000000,16.68280000000000,0.11700000000000,5.72310000000000,24.8619,13979.1721,16.5351,16.4181,0.1170,16.3841,5.7571,5.7314,0.0257,0.0868,13979.1721,NA
parkey.exe,38476,0x25B69970950,DXGI,1,4,0,Composed: Flip,14012.1755,NA,16.58530000000000,16.67790000000000,0.11220000000000,5.69470000000000,24.9545,13995.7072,16.5805,16.4683,0.1122,16.4364,5.7266,5.7000,0.0266,-0.1428,13995.7072,NA
parkey.exe,38476,0x25B69970950,DXGI,1,4,0,Composed: Flip,14028.7119,NA,16.53640000000000,16.68240000000000,0.10720000000000,5.72720000000000,25.1005,14012.2877,16.5314,16.4242,0.1072,16.3894,5.7620,5.7378,0.0242,-0.1019,14012.2877,NA
parkey.exe,38476,0x25B69970950,DXGI,1,4,0,Composed: Flip,14045.6019,NA,16.89000000000000,16.70450000000000,0.10930000000000,5.72890000000000,24.9150,14028.8191,16.8921,16.7828,0.1093,16.7482,5.7635,5.7383,0.0252,-0.1731,14028.8191,NA
parkey.exe,38476,0x25B69970950,DXGI,1,4,0,Composed: Flip,14062.6850,NA,17.08310000000000,16.65440000000000,0.16670000000000,5.72390000000000,24.4863,14045.7112,17.1405,16.9738,0.1667,16.9272,5.7705,5.7429,0.0276,0.2377,14045.7112,NA
parkey.exe,38476,0x25B69970950,DXGI,1,4,0,Composed: Flip,14078.7659,NA,16.08090000000000,16.67420000000000,0.10110000000000,5.73200000000000,25.0796,14062.8517,16.0153,15.9142,0.1011,15.8838,5.7624,5.7378,0.0246,0.4663,14062.8517,NA
parkey.exe,38476,0x25B69970950,DXGI,1,4,0,Composed: Flip,14095.4371,NA,16.67120000000000,16.68650000000000,0.09970000000000,5.74080000000000,25.0949,14078.8670,16.6698,16.5701,0.0997,16.5362,5.7747,5.7543,0.0204,-0.6712,14078.8670,NA
parkey.exe,38476,0x25B69970950,DXGI,1,4,0,Composed: Flip,14112.0991,NA,16.66200000000000,16.67520000000000,0.11050000000000,5.71700000000000,25.1081,14095.5368,16.6728,16.5623,0.1105,16.5295,5.7498,5.7240,0.0258,-0.0054,14095.5368,NA
parkey.exe,38476,0x25B69970950,DXGI,1,4,0,Composed: Flip,14128.6861,NA,16.58700000000000,16.68060000000000,0.09640000000000,5.70950000000000,25.2017,14112.2096,16.5729,16.4765,0.0964,16.4493,5.7367,5.7100,0.0267,-0.0078,14112.2096,NA
parkey.exe,38476,0x25B69970950,DXGI,1,4,0,Composed: Flip,14145.5026,NA,16.81650000000000,16.68550000000000,0.11600000000000,5.72610000000000,25.0707,14128.7825,16.8361,16.7201,0.1160,16.6880,5.7582,5.7384,0.0198,-0.1126,14128.7825,NA
parkey.exe,38476,0x25B69970950,DXGI,1,4,0,Composed: Flip,14162.1214,NA,16.61880000000000,16.67670000000000,0.10310000000000,5.71020000000000,25.1286,14145.6186,16.6059,16.5028,0.1031,16.4684,5.7446,5.7209,0.0237,0.1594,14145.6186,NA
parkey.exe,38476,0x25B69970950,DXGI,1,4,0,Composed: Flip,14178.8934,NA,16.77200000000000,16.68130000000000,0.11560000000000,5.73720000000000,25.0379,14162.2245,16.7845,16.6689,0.1156,16.6369,5.7692,5.7436,0.0256,-0.0754,14162.2245,NA
parkey.exe,38476,0x25B69970950,DXGI,1,4,0,Composed: Flip,14195.3582,NA,16.46480000000000,16.67930000000000,0.09740000000000,5.72160000000000,25.2524,14179.0090,16.4466,16.3492,0.0974,16.3162,5.7546,5.7302,0.0244,0.1052,14179.0090,NA
parkey.exe,38476,0x25B69970950,DXGI,1,4,0,Composed: Flip,14212.0457,NA,16.68750000000000,16.68150000000000,0.09920000000000,5.70560000000000,25.2464,14195.4556,16.6893,16.5901,0.0992,16.5510,5.7447,5.7198,0.0249,-0.2349,14195.4556,NA
parkey.exe,38476,0x25B69970950,DXGI,1,4,0,Composed: Flip,14228.7131,NA,16.66740000000000,16.67970000000000,0.09770000000000,5.72520000000000,25.2587,14212.1449,16.6659,16.5682,0.0977,16.5366,5.7568,5.7346,0.0222,0.0096,14212.1449,NA
parkey.exe,38476,0x25B69970950,DXGI,1,4,0,Composed: Flip,14245.3597,NA,16.64660000000000,16.68100000000000,0.11270000000000,5.72440000000000,25.2931,14228.8108,16.6616,16.5489,0.1127,16.5178,5.7555,5.7304,0.0251,-0.0151,14228.8108,NA
parkey.exe,38476,0x25B69970950,DXGI,1,4,0,Composed: Flip,14262.1438,NA,16.78410000000000,16.68830000000000,0.10680000000000,5.75230000000000,25.1973,14245.4724,16.7782,16.6714,0.1068,16.6416,5.7821,5.7586,0.0235,-0.0267,14245.4724,NA
parkey.exe,38476,0x25B69970950,DXGI,1,4,0,Composed: Flip,14278.7076,NA,16.56380000000000,16.66930000000000,0.09550000000000,5.73070000000000,25.3028,14262.2506,16.5525,16.4570,0.0955,16.4271,5.7606,5.7361,0.0245,0.1089,14262.2506,NA
parkey.exe,38476,0x25B69970950,DXGI,1,4,0,Composed: Flip,14295.4364,NA,16.72880000000000,16.68880000000000,0.09660000000000,5.73980000000000,25.2628,14278.8031,16.7299,16.6333,0.0966,16.6019,5.7712,5.7476,0.0236,-0.1363,14278.8031,NA
parkey.exe,38476,0x25B69970950,DXGI,1,4,0,Composed: Flip,14312.7073,NA,17.27090000000000,16.67950000000000,0.13490000000000,5.72510000000000,24.6714,14295.5330,17.3092,17.1743,0.1349,17.1358,5.7636,5.7377,0.0259,0.0504,14295.5330,NA
parkey.exe,38476,0x25B69970950,DXGI,1,4,0,Composed: Flip,14328.8695,NA,16.16220000000000,16.67590000000000,0.10500000000000,5.73310000000000,25.1851,14312.8422,16.1323,16.0273,0.1050,15.9931,5.7673,5.7461,0.0212,0.6333,14312.8422,NA
parkey.exe,38476,0x25B69970950,DXGI,1,4,0,Composed: Flip,14345.5300,NA,16.66050000000000,16.67850000000000,0.11850000000000,5.73920000000000,25.2031,14328.9745,16.6740,16.5555,0.1185,16.5185,5.7762,5.7490,0.0272,-0.5462,14328.9745,NA
parkey.exe,38476,0x25B69970950,DXGI,1,4,0,Composed: Flip,14361.9564,NA,16.42640000000000,16.68230000000000,0.10580000000000,6.12480000000000,25.4590,14345.6485,16.4137,16.3079,0.1058,16.2789,6.1538,6.1332,0.0206,-0.0083,14345.6485,NA
parkey.exe,38476,0x25B69970950,DXGI,1,4,0,Composed: Flip,14378.7986,NA,16.84220000000000,16.67920000000000,0.09950000000000,5.73000000000000,25.2960,14362.0622,16.8359,16.7364,0.0995,16.7034,5.7630,5.7384,0.0246,-0.2655,14362.0622,NA
parkey.exe,38476,0x25B69970950,DXGI,1,4,0,Composed: Flip,14395.4163,NA,16.61770000000000,16.68030000000000,0.09960000000000,5.76740000000000,25.3586,14378.8981,16.6178,16.5182,0.0996,16.4877,5.7979,5.7752,0.0227,0.1556,14378.8981,NA
parkey.exe,38476,0x25B69970950,DXGI,1,4,0,Composed: Flip,14411.8706,NA,16.45430000000000,16.67500000000000,0.09100000000000,5.71130000000000,25.5793,14395.5159,16.4457,16.3547,0.0910,16.3220,5.7440,5.7197,0.0243,-0.0572,14395.5159,NA
parkey.exe,38476,0x25B69970950,DXGI,1,4,0,Composed: Flip,14428.6593,NA,16.78870000000000,16.68650000000000,0.10770000000000,5.70480000000000,25.4771,14411.9616,16.8054,16.6977,0.1077,16.6688,5.7337,5.7102,0.0235,-0.2408,14411.9616,NA
parkey.exe,38476,0x25B69970950,DXGI,1,4,0,Composed: Flip,14445.8824,NA,17.22310000000000,16.68050000000000,0.12810000000000,5.72160000000000,24.9345,14428.7670,17.2435,17.1154,0.1281,17.0737,5.7633,5.7366,0.0267,0.1249,14428.7670,NA
parkey.exe,38476,0x25B69970950,DXGI,1,4,0,Composed: Flip,14462.6926,NA,16.81020000000000,16.69800000000000,0.12740000000000,5.70410000000000,24.8223,14446.0105,16.8095,16.6821,0.1274,16.6403,5.7459,5.7231,0.0228,0.5455,14446.0105,NA
parkey.exe,38476,0x25B69970950,DXGI,1,4,0,Composed: Flip,14478.8748,NA,16.18220000000000,16.66270000000000,0.10570000000000,5.74280000000000,25.3028,14462.8200,16.1605,16.0548,0.1057,16.0226,5.7750,5.7492,0.0258,0.1468,14462.8200,NA
parkey.exe,38476,0x25B69970950,DXGI,1,4,0,Composed: Flip,14495.4471,NA,16.57230000000000,16.67720000000000,0.11160000000000,5.73650000000000,25.4077,14478.9805,16.5782,16.4666,0.1116,16.4322,5.7709,5.7445,0.0264,-0.5167,14478.9805,NA
parkey.exe,38476,0x25B69970950,DXGI,1,4,0,Composed: Flip,14512.0003,NA,16.55320000000000,16.68280000000000,0.10430000000000,5.72540000000000,25.5373,14495.5587,16.5459,16.4416,0.1043,16.4110,5.7560,5.7290,0.0270,-0.1046,14495.5587,NA
parkey.exe,38476,0x25B69970950,DXGI,1,4,0,Composed: Flip,14528.7384,NA,16.73810000000000,16.68110000000000,0.10720000000000,5.72720000000000,25.4803,14512.1046,16.7410,16.6338,0.1072,16.6000,5.7610,5.7333,0.0277,-0.1352,14512.1046,NA
parkey.exe,38476,0x25B69970950,DXGI,1,4,0,Composed: Flip,14545.4681,NA,16.72970000000000,16.70350000000000,0.10300000000000,5.71530000000000,25.4541,14528.8456,16.7255,16.6225,0.1030,16.5941,5.7437,5.7212,0.0225,0.0375,14528.8456,NA
parkey.exe,38476,0x25B69970950,DXGI,1,4,0,Composed: Flip,14562.2039,NA,16.73580000000000,16.65930000000000,0.11940000000000,5.73270000000000,25.3776,14545.5711,16.7522,16.6328,0.1194,16.5980,5.7675,5.7425,0.0250,0.0662,14545.5711,NA
parkey.exe,38476,0x25B69970950,DXGI,1,4,0,Composed: Flip,14579.1832,NA,16.97930000000000,16.68040000000000,0.14640000000000,5.73980000000000,25.0787,14562.3233,17.0063,16.8599,0.1464,16.8197,5.7800,5.7364,0.0436,0.0718,14562.3233,NA
parkey.exe,38476,0x25B69970950,DXGI,1,4,0,Composed: Flip,14596.1878,NA,17.00460000000000,16.67560000000000,0.13950000000000,5.74240000000000,24.7497,14579.3296,16.9977,16.8582,0.1395,16.8156,5.7850,5.7558,0.0292,0.3307,14579.3296,NA
parkey.exe,38476,0x25B69970950,DXGI,1,4,0,Composed: Flip,14612.2561,NA,16.06830000000000,16.68160000000000,0.11960000000000,5.74190000000000,25.3630,14596.3273,16.0484,15.9288,0.1196,15.8960,5.7747,5.7517,0.0230,0.3161,14596.3273,NA
parkey.exe,38476,0x25B69970950,DXGI,1,4,0,Composed: Flip,14628.7992,NA,16.54310000000000,16.68140000000000,0.10660000000000,6.48780000000000,25.5013,14612.3757,16.5301,16.4235,0.1066,16.3828,6.5285,6.5056,0.0229,-0.6330,14612.3757,NA
parkey.exe,38476,0x25B69970950,DXGI,1,4,0,Composed: Flip,14645.6947,NA,16.89550000000000,16.67760000000000,0.10880000000000,5.72370000000000,25.2834,14628.9058,16.8977,16.7889,0.1088,16.7526,5.7600,5.7378,0.0222,-0.1475,14628.9058,NA
parkey.exe,38476,0x25B69970950,DXGI,1,4,0,Composed: Flip,14662.2568,NA,16.56210000000000,16.67480000000000,0.10770000000000,5.70500000000000,25.3961,14645.8035,16.5610,16.4533,0.1077,16.4184,5.7399,5.7140,0.0259,0.2229,14645.8035,NA
parkey.exe,38476,0x25B69970950,DXGI,1,4,0,Composed: Flip,14678.8617,NA,16.60490000000000,16.70800000000000,0.11410000000000,5.73260000000000,25.4992,14662.3645,16.6113,16.4972,0.1141,16.4662,5.7636,5.7376,0.0260,-0.1470,14662.3645,NA
parkey.exe,38476,0x25B69970950,DXGI,1,4,0,Composed: Flip,14695.5895,NA,16.72780000000000,16.65810000000000,0.11030000000000,5.73770000000000,25.4295,14678.9758,16.7240,16.6137,0.1103,16.5791,5.7723,5.7513,0.0210,-0.0468,14678.9758,NA
parkey.exe,38476,0x25B69970950,DXGI,1,4,0,Composed: Flip,14712.3716,NA,16.78210000000000,16.67680000000000,0.11410000000000,5.79170000000000,25.3242,14695.6998,16.7859,16.6718,0.1141,16.6347,5.8288,5.8058,0.0230,0.0472,14695.6998,NA
parkey.exe,38476,0x25B69970950,DXGI,1,4,0,Composed: Flip,14728.7182,NA,16.34660000000000,16.69790000000000,0.12900000000000,5.72380000000000,25.6755,14712.4857,16.3615,16.2325,0.1290,16.1951,5.7612,5.7192,0.0420,0.0880,14712.4857,NA
parkey.exe,38476,0x25B69970950,DXGI,1,4,0,Composed: Flip,14745.4147,NA,16.69650000000000,16.66680000000000,0.10900000000000,5.78740000000000,25.6458,14728.8472,16.6765,16.5675,0.1090,16.5368,5.8181,5.7932,0.0249,-0.3053,14728.8472,NA
parkey.exe,38476,0x25B69970950,DXGI,1,4,0,Composed: Flip,14762.1412,NA,16.72650000000000,16.68090000000000,0.09950000000000,5.81950000000000,25.6002,14745.5237,16.7170,16.6175,0.0995,16.5771,5.8599,5.8356,0.0243,-0.0044,14745.5237,NA
parkey.exe,38476,0x25B69970950,DXGI,1,4,0,Composed: Flip,14778.6929,NA,16.55170000000000,16.67710000000000,0.09480000000000,5.78180000000000,25.7256,14762.2407,16.5470,16.4522,0.0948,16.4195,5.8145,5.7920,0.0225,0.0399,14762.2407,NA
parkey.exe,38476,0x25B69970950,DXGI,1,4,0,Composed: Flip,14795.3829,NA,16.69000000000000,16.68020000000000,0.10730000000000,5.83660000000000,25.7158,14778.7877,16.7025,16.5952,0.1073,16.5587,5.8731,5.8459,0.0272,-0.1332,14778.7877,NA
parkey.exe,38476,0x25B69970950,DXGI,1,4,0,Composed: Flip,14811.9579,NA,16.57500000000000,16.67850000000000,0.14310000000000,5.79280000000000,25.8193,14795.4902,16.6108,16.4677,0.1431,16.4344,5.8261,5.8000,0.0261,0.0240,14795.4902,NA
parkey.exe,38476,0x25B69970950,DXGI,1,4,0,Composed: Flip,14828.5608,NA,16.60290000000000,16.68270000000000,0.08890000000000,5.79480000000000,25.8991,14812.1010,16.5487,16.4598,0.0889,16.4317,5.8229,5.7973,0.0256,-0.0719,14812.1010,NA
parkey.exe,38476,0x25B69970950,DXGI,1,4,0,Composed: Flip,14845.2371,NA,16.67630000000000,16.68060000000000,0.09240000000000,5.81700000000000,25.9034,14828.6497,16.6798,16.5874,0.0924,16.5578,5.8466,5.8194,0.0272,-0.1319,14828.6497,NA
parkey.exe,38476,0x25B69970950,DXGI,1,4,0,Composed: Flip,14861.8845,NA,16.64740000000000,16.68110000000000,0.10940000000000,5.83030000000000,25.9371,14845.3295,16.6644,16.5550,0.1094,16.5199,5.8654,5.8319,0.0335,-0.0013,14845.3295,NA
parkey.exe,38476,0x25B69970950,DXGI,1,4,0,Composed: Flip,14878.6881,NA,16.80360000000000,16.67840000000000,0.10780000000000,5.80270000000000,25.8119,14861.9939,16.8020,16.6942,0.1078,16.6537,5.8432,5.8196,0.0236,-0.0140,14861.9939,NA
parkey.exe,38476,0x25B69970950,DXGI,1,4,0,Composed: Flip,14895.9378,NA,17.24970000000000,16.68140000000000,0.19960000000000,6.41610000000000,25.2436,14878.7959,17.3415,17.1419,0.1996,17.1003,6.4577,6.4347,0.0230,0.1206,14878.7959,NA
parkey.exe,38476,0x25B69970950,DXGI,1,4,0,Composed: Flip,14912.2283,NA,16.29050000000000,16.67900000000000,0.10810000000000,5.80070000000000,25.6321,14896.1374,16.1990,16.0909,0.1081,16.0547,5.8369,5.8140,0.0229,0.6625,14896.1374,NA
parkey.exe,38476,0x25B69970950,DXGI,1,4,0,Composed: Flip,14929.0578,NA,16.82950000000000,16.67990000000000,0.13560000000000,6.94530000000000,25.4825,14912.3364,16.8570,16.7214,0.1356,16.6811,6.9856,6.9607,0.0249,-0.4809,14912.3364,NA
parkey.exe,38476,0x25B69970950,DXGI,1,4,0,Composed: Flip,14946.0355,NA,16.97770000000000,16.68740000000000,0.12500000000000,5.79710000000000,25.1922,14929.1934,16.9671,16.8421,0.1250,16.8027,5.8365,5.8134,0.0231,0.1696,14929.1934,NA
parkey.exe,38476,0x25B69970950,DXGI,1,4,0,Composed: Flip,14962.6898,NA,16.65430000000000,16.67460000000000,0.13820000000000,7.01690000000000,25.2125,14946.1605,16.6675,16.5293,0.1382,16.4825,7.0637,7.0394,0.0243,0.2925,14946.1605,NA
parkey.exe,38476,0x25B69970950,DXGI,1,4,0,Composed: Flip,14979.1470,NA,16.45720000000000,16.68510000000000,0.11810000000000,8.10800000000000,25.4404,14962.8280,16.4371,16.3190,0.1181,16.2820,8.1450,8.1126,0.0324,-0.0176,14962.8280,NA
parkey.exe,38476,0x25B69970950,DXGI,1,4,0,Composed: Flip,14995.8588,NA,16.71180000000000,16.67040000000000,0.12640000000000,5.81600000000000,25.3990,14979.2651,16.7201,16.5937,0.1264,16.5528,5.8569,5.8271,0.0298,-0.2333,14979.2651,NA
parkey.exe,38476,0x25B69970950,DXGI,1,4,0,Composed: Flip,15012.3434,NA,16.48460000000000,16.68570000000000,0.11500000000000,6.95520000000000,25.6001,14995.9852,16.4732,16.3582,0.1150,16.3212,6.9922,6.9610,0.0312,0.0344,14995.9852,NA
parkey.exe,38476,0x25B69970950,DXGI,1,4,0,Composed: Flip,15028.6228,NA,16.27940000000000,16.67810000000000,0.09770000000000,5.79030000000000,25.9988,15012.4584,16.2621,16.1644,0.0977,16.1305,5.8242,5.8019,0.0223,-0.2049,15012.4584,NA
parkey.exe,38476,0x25B69970950,DXGI,1,4,0,Composed: Flip,15045.3899,NA,16.76710000000000,16.68050000000000,0.10830000000000,5.80730000000000,25.9122,15028.7205,16.7777,16.6694,0.1083,16.6356,5.8411,5.8157,0.0254,-0.4184,15028.7205,NA
parkey.exe,38476,0x25B69970950,DXGI,1,4,0,Composed: Flip,15061.8796,NA,16.48970000000000,16.68020000000000,0.11360000000000,6.42310000000000,26.1027,15045.4982,16.4950,16.3814,0.1136,16.3485,6.4560,6.4344,0.0216,0.0975,15045.4982,NA
parkey.exe,38476,0x25B69970950,DXGI,1,4,0,Composed: Flip,15078.7368,NA,16.85720000000000,16.67760000000000,0.09140000000000,5.83240000000000,25.9231,15061.9932,16.8350,16.7436,0.0914,16.7143,5.8617,5.8414,0.0203,-0.1826,15061.9932,NA
parkey.exe,38476,0x25B69970950,DXGI,1,4,0,Composed: Flip,15096.1331,NA,17.39630000000000,16.68280000000000,0.13150000000000,6.57780000000000,25.2096,15078.8282,17.4364,17.3049,0.1315,17.2625,6.6202,6.5952,0.0250,0.1522,15078.8282,NA
parkey.exe,38476,0x25B69970950,DXGI,1,4,0,Composed: Flip,15112.7221,NA,16.58900000000000,16.68400000000000,0.12950000000000,5.71280000000000,25.3046,15096.2646,16.5870,16.4575,0.1295,16.4179,5.7524,5.7261,0.0263,0.7524,15096.2646,NA
parkey.exe,38476,0x25B69970950,DXGI,1,4,0,Composed: Flip,15129.0308,NA,16.30870000000000,16.67680000000000,0.11250000000000,6.98220000000000,25.6727,15112.8516,16.2917,16.1792,0.1125,16.1427,7.0187,6.9980,0.0207,-0.0898,15112.8516,NA
parkey.exe,38476,0x25B69970950,DXGI,1,4,0,Composed: Flip,15145.8453,NA,16.81450000000000,16.68530000000000,0.18910000000000,6.47410000000000,25.5435,15129.1433,16.8911,16.7020,0.1891,16.6520,6.5241,6.4983,0.0258,-0.3936,15129.1433,NA
parkey.exe,38476,0x25B69970950,DXGI,1,4,0,Composed: Flip,15162.4000,NA,16.55470000000000,16.67170000000000,0.11560000000000,6.99860000000000,25.6605,15146.0344,16.4812,16.3656,0.1156,16.3277,7.0365,7.0193,0.0172,0.2194,15146.0344,NA
parkey.exe,38476,0x25B69970950,DXGI,1,4,0,Composed: Flip,15179.0982,NA,16.69820000000000,16.68070000000000,0.16120000000000,6.96760000000000,25.6430,15162.5156,16.7438,16.5826,0.1612,16.5408,7.0094,6.9883,0.0211,-0.1995,15162.5156,NA
parkey.exe,38476,0x25B69970950,DXGI,1,4,0,Composed: Flip,15195.6736,NA,16.57540000000000,16.67840000000000,0.10950000000000,5.75380000000000,25.7460,15179.2594,16.5237,16.4142,0.1095,16.3772,5.7908,5.7710,0.0198,0.0654,15179.2594,NA
parkey.exe,38476,0x25B69970950,DXGI,1,4,0,Composed: Flip,15212.3118,NA,16.63820000000000,16.69130000000000,0.11270000000000,6.98680000000000,25.7991,15195.7831,16.6414,16.5287,0.1127,16.4880,7.0275,6.9962,0.0313,-0.1676,15195.7831,NA
parkey.exe,38476,0x25B69970950,DXGI,1,4,0,Composed: Flip,15229.0189,NA,16.70710000000000,16.67890000000000,0.11500000000000,5.60410000000000,25.7709,15212.4245,16.7094,16.5944,0.1150,16.5540,5.6445,5.6219,0.0226,-0.0375,15212.4245,NA
parkey.exe,38476,0x25B69970950,DXGI,1,4,0,Composed: Flip,15245.6888,NA,16.66990000000000,16.67260000000000,0.12270000000000,5.72420000000000,25.7736,15229.1339,16.6776,16.5549,0.1227,16.5204,5.7587,5.7187,0.0400,0.0368,15229.1339,NA
parkey.exe,38476,0x25B69970950,DXGI,1,4,0,Composed: Flip,15262.3982,NA,16.70940000000000,16.68680000000000,0.11680000000000,5.71020000000000,25.7510,15245.8115,16.7035,16.5867,0.1168,16.5495,5.7474,5.7266,0.0208,-0.0092,15245.8115,NA
parkey.exe,38476,0x25B69970950,DXGI,1,4,0,Composed: Flip,15279.0966,NA,16.69840000000000,16.67070000000000,0.12060000000000,5.70680000000000,25.7233,15262.5150,16.7022,16.5816,0.1206,16.5419,5.7465,5.7212,0.0253,0.0328,15262.5150,NA
parkey.exe,38476,0x25B69970950,DXGI,1,4,0,Composed: Flip,15295.6505,NA,16.55390000000000,16.68980000000000,0.11240000000000,6.97330000000000,25.8592,15279.2172,16.5457,16.4333,0.1124,16.3949,7.0117,6.9929,0.0188,0.0124,15279.2172,NA
parkey.exe,38476,0x25B69970950,DXGI,1,4,0,Composed: Flip,15312.3076,NA,16.65710000000000,16.67720000000000,0.16710000000000,6.41660000000000,25.8793,15295.7629,16.7118,16.5447,0.1671,16.5080,6.4533,6.4270,0.0263,-0.1315,15295.7629,NA
parkey.exe,38476,0x25B69970950,DXGI,1,4,0,Composed: Flip,15329.0967,NA,16.78910000000000,16.67540000000000,0.11660000000000,6.95720000000000,25.7656,15312.4747,16.7386,16.6220,0.1166,16.5846,6.9946,6.9776,0.0170,0.0364,15312.4747,NA
parkey.exe,38476,0x25B69970950,DXGI,1,4,0,Composed: Flip,15345.7421,NA,16.64540000000000,16.68490000000000,0.11570000000000,6.94510000000000,25.8051,15329.2133,16.6445,16.5288,0.1157,16.4868,6.9871,6.9611,0.0260,0.0537,15329.2133,NA
parkey.exe,38476,0x25B69970950,DXGI,1,4,0,Composed: Flip,15362.3946,NA,16.65250000000000,16.67320000000000,0.12540000000000,6.16870000000000,25.8258,15345.8578,16.6622,16.5368,0.1254,16.5005,6.2050,6.1783,0.0267,-0.0287,15345.8578,NA
parkey.exe,38476,0x25B69970950,DXGI,1,4,0,Composed: Flip,15379.1310,NA,16.73640000000000,16.68590000000000,0.11910000000000,6.97120000000000,25.7753,15362.5200,16.7301,16.6110,0.1191,16.5720,7.0102,6.9919,0.0183,-0.0237,15362.5200,NA
parkey.exe,38476,0x25B69970950,DXGI,1,4,0,Composed: Flip,15395.6506,NA,16.51960000000000,16.68150000000000,0.11510000000000,6.83550000000000,25.9372,15379.2501,16.5156,16.4005,0.1151,16.4608,6.7752,6.7514,0.0238,0.0486,15379.2501,NA
parkey.exe,38476,0x25B69970950,DXGI,1,4,0,Composed: Flip,15412.2232,NA,16.57260000000000,16.68320000000000,0.10990000000000,5.71850000000000,26.0478,15395.7657,16.5674,16.4575,0.1099,16.4234,5.7526,5.7293,0.0233,-0.1676,15395.7657,NA
parkey.exe,38476,0x25B69970950,DXGI,1,4,0,Composed: Flip,15429.1500,NA,16.92680000000000,16.68790000000000,0.14500000000000,6.93310000000000,25.8089,15412.3331,16.9619,16.8169,0.1450,16.7756,6.9744,6.9526,0.0218,-0.1205,15412.3331,NA
parkey.exe,38476,0x25B69970950,DXGI,1,4,0,Composed: Flip,15445.7028,NA,16.55280000000000,16.67370000000000,0.11200000000000,5.70160000000000,25.9298,15429.2950,16.5198,16.4078,0.1120,16.3638,5.7456,5.7211,0.0245,0.2882,15429.2950,NA
parkey.exe,38476,0x25B69970950,DXGI,1,4,0,Composed: Flip,15462.3444,NA,16.64160000000000,16.67980000000000,0.11670000000000,6.96810000000000,25.9680,15445.8148,16.6463,16.5296,0.1167,16.4920,7.0057,6.9866,0.0191,-0.1600,15445.8148,NA
parkey.exe,38476,0x25B69970950,DXGI,1,4,0,Composed: Flip,15479.0522,NA,16.70780000000000,16.67700000000000,0.11720000000000,6.77750000000000,25.9372,15462.4611,16.7083,16.5911,0.1172,16.5783,6.7903,6.7709,0.0194,-0.0307,15462.4611,NA
parkey.exe,38476,0x25B69970950,DXGI,1,4,0,Composed: Flip,15495.7744,NA,16.72220000000000,16.67470000000000,0.12960000000000,6.95440000000000,25.8897,15479.1694,16.7346,16.6050,0.1296,16.5665,6.9929,6.9759,0.0170,0.0336,15479.1694,NA
parkey.exe,38476,0x25B69970950,DXGI,1,4,0,Composed: Flip,15512.3790,NA,16.60460000000000,16.68200000000000,0.11660000000000,6.98820000000000,25.9671,15495.9040,16.5916,16.4750,0.1166,16.4376,7.0256,6.9590,0.0666,0.0526,15495.9040,NA
parkey.exe,38476,0x25B69970950,DXGI,1,4,0,Composed: Flip,15528.9093,NA,16.53030000000000,16.68030000000000,0.11040000000000,5.73390000000000,26.1171,15512.4956,16.5241,16.4137,0.1104,16.3776,5.7700,5.7454,0.0246,-0.0887,15512.4956,NA
parkey.exe,38476,0x25B69970950,DXGI,1,4,0,Composed: Flip,15545.6886,NA,16.77930000000000,16.68180000000000,0.11860000000000,6.96280000000000,26.0196,15529.0197,16.7875,16.6689,0.1186,16.6324,6.9993,6.9779,0.0214,-0.1577,15529.0197,NA
parkey.exe,38476,0x25B69970950,DXGI,1,4,0,Composed: Flip,15562.7680,NA,17.07940000000000,16.68360000000000,0.21550000000000,5.89940000000000,25.6238,15545.8072,17.1763,16.9608,0.2155,16.9167,5.9435,5.9200,0.0235,0.1039,15545.8072,NA
parkey.exe,38476,0x25B69970950,DXGI,1,4,0,Composed: Flip,15579.0917,NA,16.32370000000000,16.67690000000000,0.11740000000000,6.99970000000000,25.9770,15562.9835,16.2256,16.1082,0.1174,16.0729,7.0350,7.0179,0.0171,0.4994,15562.9835,NA
parkey.exe,38476,0x25B69970950,DXGI,1,4,0,Composed: Flip,15596.0582,NA,16.96650000000000,16.68210000000000,0.12430000000000,6.61110000000000,25.6926,15579.2091,16.9734,16.8491,0.1243,16.8058,6.6544,6.5647,0.0897,-0.4565,15579.2091,NA
parkey.exe,38476,0x25B69970950,DXGI,1,4,0,Composed: Flip,15612.5966,NA,16.53840000000000,16.69490000000000,0.13590000000000,5.71780000000000,25.8491,15596.1825,16.5500,16.4141,0.1359,16.3723,5.7596,5.7202,0.0394,0.2785,15596.1825,NA
parkey.exe,38476,0x25B69970950,DXGI,1,4,0,Composed: Flip,15629.3947,NA,16.79810000000000,16.67640000000000,0.12730000000000,6.97630000000000,25.7274,15612.7325,16.7895,16.6622,0.1273,16.6176,7.0209,6.9855,0.0354,-0.1264,15612.7325,NA
parkey.exe,38476,0x25B69970950,DXGI,1,4,0,Composed: Flip,15646.1645,NA,16.76980000000000,16.69290000000000,0.13950000000000,8.27220000000000,25.6505,15629.5220,16.7820,16.6425,0.1395,16.5881,8.3266,8.3036,0.0230,0.0966,15629.5220,NA
parkey.exe,38476,0x25B69970950,DXGI,1,4,0,Composed: Flip,15662.7531,NA,16.58860000000000,16.66350000000000,0.13810000000000,6.96210000000000,25.7254,15646.3040,16.5872,16.4491,0.1381,16.4046,7.0066,6.9784,0.0282,0.1185,15646.3040,NA
parkey.exe,38476,0x25B69970950,DXGI,1,4,0,Composed: Flip,15679.4795,NA,16.72640000000000,16.78470000000000,0.16520000000000,7.01380000000000,25.7837,15662.8912,16.7535,16.5883,0.1652,16.5327,7.0694,7.0382,0.0312,-0.1975,15662.8912,NA
parkey.exe,38476,0x25B69970950,DXGI,1,4,0,Composed: Flip,15698.1592,NA,18.67970000000000,NA,0.22340000000000,7.61820000000000,NA,15679.6447,18.7379,18.5145,0.2234,18.4509,7.6818,7.3437,0.3381,NA,NA,NA
parkey.exe,38476,0x25B69970950,DXGI,1,4,0,Composed: Flip,15715.6632,NA,17.50400000000000,NA,0.15880000000000,7.19200000000000,NA,15698.3826,17.4394,17.2806,0.1588,17.2281,7.2445,7.2102,0.0343,NA,NA,NA
parkey.exe,38476,0x25B69970950,DXGI,1,4,0,Composed: Flip,15729.7866,NA,14.12340000000000,49.98300000000000,0.19560000000000,5.72350000000000,25.4596,15715.8220,14.1602,13.9646,0.1956,13.9146,5.7735,5.7405,0.0330,2.9478,15715.8220,NA
parkey.exe,38476,0x25B69970950,DXGI,1,4,0,Composed: Flip,15745.9736,NA,16.18700000000000,16.63620000000000,0.13940000000000,5.73070000000000,25.9088,15729.9822,16.1308,15.9914,0.1394,15.9500,5.7721,5.7441,0.0280,-2.4760,15729.9822,NA
parkey.exe,38476,0x25B69970950,DXGI,1,4,0,Composed: Flip,15764.2453,NA,18.27170000000000,16.67180000000000,0.44990000000000,5.69630000000000,24.3089,15746.1130,18.5822,18.1323,0.4499,17.9974,5.8312,5.7868,0.0444,-0.5410,15746.1130,NA
parkey.exe,38476,0x25B69970950,DXGI,1,4,0,Composed: Flip,15779.7660,NA,15.52070000000000,16.67460000000000,0.16340000000000,7.18330000000000,25.4628,15764.6952,15.2342,15.0708,0.1634,15.0264,7.2277,7.2044,0.0233,1.9076,15764.6952,NA
parkey.exe,38476,0x25B69970950,DXGI,1,4,0,Composed: Flip,15796.0868,NA,16.32080000000000,16.68290000000000,0.13500000000000,6.98160000000000,25.8249,15779.9294,16.2924,16.1574,0.1350,16.1126,7.0264,7.0020,0.0244,-1.4487,15779.9294,NA
parkey.exe,38476,0x25B69970950,DXGI,1,4,0,Composed: Flip,15812.7208,NA,16.63400000000000,9.78300000000000,0.13580000000000,5.61040000000000,18.9739,15796.2218,16.6348,16.4990,0.1358,16.4514,5.6580,5.6325,0.0255,6.5094,15796.2218,NA
parkey.exe,38476,0x25B69970950,DXGI,1,4,0,Composed: Flip,15829.0341,NA,16.31330000000000,23.57710000000000,0.11250000000000,5.72370000000000,26.2377,15812.8566,16.2900,16.1775,0.1125,16.1400,5.7612,5.7351,0.0261,-6.9423,15812.8566,NA
parkey.exe,38476,0x25B69970950,DXGI,1,4,0,Composed: Flip,15845.8106,NA,16.77650000000000,16.68050000000000,0.12390000000000,6.95390000000000,26.1417,15829.1466,16.7879,16.6640,0.1239,16.6219,6.9960,6.9526,0.0434,-0.3905,15829.1466,NA
parkey.exe,38476,0x25B69970950,DXGI,1,4,0,Composed: Flip,15862.3579,NA,16.54730000000000,16.67570000000000,0.12670000000000,5.71290000000000,26.2701,15845.9345,16.5501,16.4234,0.1267,16.3858,5.7505,5.7292,0.0213,0.1122,15845.9345,NA
parkey.exe,38476,0x25B69970950,DXGI,1,4,0,Composed: Flip,15879.1036,NA,16.74570000000000,16.70770000000000,0.12100000000000,6.98390000000000,26.2321,15862.4846,16.7400,16.6190,0.1210,16.5791,7.0238,7.0060,0.0178,-0.1576,15862.4846,NA
parkey.exe,38476,0x25B69970950,DXGI,1,4,0,Composed: Flip,15895.6636,NA,16.56000000000000,9.69540000000000,0.11240000000000,6.78510000000000,19.3675,15879.2246,16.5514,16.4390,0.1124,16.3985,6.8256,6.8016,0.0240,7.0446,15879.2246,NA
parkey.exe,38476,0x25B69970950,DXGI,1,4,0,Composed: Flip,15912.2956,NA,16.63200000000000,23.64350000000000,0.11200000000000,5.71930000000000,26.3790,15895.7760,16.6316,16.5196,0.1120,16.4825,5.7564,5.7313,0.0251,-7.0921,15895.7760,NA
parkey.exe,38476,0x25B69970950,DXGI,1,4,0,Composed: Flip,15929.2129,NA,16.91730000000000,16.68140000000000,0.14190000000000,6.93910000000000,26.1431,15912.4076,16.9472,16.8053,0.1419,16.7672,6.9772,6.9553,0.0219,-0.0498,15912.4076,NA
parkey.exe,38476,0x25B69970950,DXGI,1,4,0,Composed: Flip,15946.2105,NA,16.99760000000000,15.22990000000000,0.12320000000000,6.83620000000000,24.3754,15929.3548,16.9789,16.8557,0.1232,16.8174,6.8745,6.8563,0.0182,1.7173,15929.3548,NA
parkey.exe,38476,0x25B69970950,DXGI,1,4,0,Composed: Flip,15962.5139,NA,16.30340000000000,18.12780000000000,0.11980000000000,7.30170000000000,26.1998,15946.3337,16.3000,16.1802,0.1198,16.1403,7.3416,7.3208,0.0208,-1.1489,15946.3337,NA
parkey.exe,38476,0x25B69970950,DXGI,1,4,0,Composed: Flip,15979.0413,NA,16.52740000000000,16.68670000000000,0.12140000000000,6.78670000000000,26.3591,15962.6337,16.5290,16.4076,0.1214,16.3715,6.8228,6.7999,0.0229,-0.3867,15962.6337,NA
parkey.exe,38476,0x25B69970950,DXGI,1,4,0,Composed: Flip,15995.7529,NA,16.71160000000000,16.67330000000000,0.12910000000000,6.99060000000000,26.3208,15979.1627,16.7193,16.5902,0.1291,16.5516,7.0292,7.0093,0.0199,-0.1443,15979.1627,NA
parkey.exe,38476,0x25B69970950,DXGI,1,4,0,Composed: Flip,16012.3907,NA,16.63780000000000,16.67760000000000,0.11760000000000,7.01180000000000,26.3606,15995.8820,16.6263,16.5087,0.1176,16.4709,7.0496,6.9182,0.1314,0.0417,15995.8820,NA
parkey.exe,38476,0x25B69970950,DXGI,1,4,0,Composed: Flip,16029.0093,NA,16.61860000000000,16.67900000000000,0.11030000000000,5.72260000000000,26.4210,16012.5083,16.6113,16.5010,0.1103,16.4673,5.7563,5.7341,0.0222,-0.0527,16012.5083,NA
parkey.exe,38476,0x25B69970950,DXGI,1,4,0,Composed: Flip,16045.7069,NA,16.69760000000000,16.68460000000000,0.12200000000000,6.96980000000000,26.4080,16029.1196,16.7093,16.5873,0.1220,16.5499,7.0072,6.9846,0.0226,-0.0733,16029.1196,NA
parkey.exe,38476,0x25B69970950,DXGI,1,4,0,Composed: Flip,16062.3468,NA,16.63990000000000,16.67860000000000,0.13540000000000,6.82800000000000,26.4467,16045.8289,16.6533,16.5179,0.1354,16.5806,6.7653,6.7456,0.0197,0.0307,16045.8289,NA
parkey.exe,38476,0x25B69970950,DXGI,1,4,0,Composed: Flip,16079.0111,NA,16.66430000000000,16.68100000000000,0.11290000000000,6.96140000000000,26.4634,16062.4822,16.6418,16.5289,0.1129,16.4930,6.9973,6.9791,0.0182,-0.0277,16062.4822,NA
parkey.exe,38476,0x25B69970950,DXGI,1,4,0,Composed: Flip,16095.6556,NA,16.64450000000000,16.68550000000000,0.11620000000000,7.01990000000000,26.5044,16079.1240,16.6478,16.5316,0.1162,16.4930,7.0585,6.9947,0.0638,-0.0437,16079.1240,NA
parkey.exe,38476,0x25B69970950,DXGI,1,4,0,Composed: Flip,16112.3894,NA,16.73380000000000,16.67450000000000,0.12740000000000,5.71990000000000,26.4451,16095.7718,16.7450,16.6176,0.1274,16.5789,5.7586,5.7362,0.0224,-0.0267,16095.7718,NA
parkey.exe,38476,0x25B69970950,DXGI,1,4,0,Composed: Flip,16129.0826,NA,16.69320000000000,16.68540000000000,0.11940000000000,6.97790000000000,26.4373,16112.5168,16.6852,16.5658,0.1194,16.5254,7.0183,6.9958,0.0225,0.0596,16112.5168,NA
parkey.exe,38476,0x25B69970950,DXGI,1,4,0,Composed: Flip,16145.5927,NA,16.51010000000000,16.67640000000000,0.11100000000000,6.91040000000000,26.6036,16129.2020,16.5017,16.3907,0.1110,16.5033,6.7978,6.7718,0.0260,0.0088,16129.2020,NA
parkey.exe,38476,0x25B69970950,DXGI,1,4,0,Composed: Flip,16162.3439,NA,16.75120000000000,16.68410000000000,0.11330000000000,6.95630000000000,26.5365,16145.7037,16.7535,16.6402,0.1133,16.6040,6.9925,6.9476,0.0449,-0.1824,16145.7037,NA
parkey.exe,38476,0x25B69970950,DXGI,1,4,0,Composed: Flip,16178.9624,NA,16.61850000000000,16.67650000000000,0.12270000000000,6.97080000000000,26.5945,16162.4572,16.6279,16.5052,0.1227,16.4680,7.0080,6.9855,0.0225,0.0770,16162.4572,NA
parkey.exe,38476,0x25B69970950,DXGI,1,4,0,Composed: Flip,16195.7002,NA,16.73780000000000,16.68040000000000,0.11740000000000,5.73570000000000,26.5371,16179.0851,16.7325,16.6151,0.1174,16.5770,5.7738,5.7466,0.0272,-0.0525,16179.0851,NA
parkey.exe,38476,0x25B69970950,DXGI,1,4,0,Composed: Flip,16212.3362,NA,16.63600000000000,16.67970000000000,0.10760000000000,6.99650000000000,26.5808,16195.8176,16.6262,16.5186,0.1076,16.4827,7.0324,7.0094,0.0230,0.0528,16195.8176,NA
parkey.exe,38476,0x25B69970950,DXGI,1,4,0,Composed: Flip,16228.9243,NA,16.58810000000000,16.67590000000000,0.11130000000000,7.85970000000000,26.6686,16212.4438,16.5918,16.4805,0.1113,16.4432,7.8970,7.8793,0.0177,-0.0497,16212.4438,NA
parkey.exe,38476,0x25B69970950,DXGI,1,4,0,Composed: Flip,16245.6184,NA,16.69410000000000,16.69210000000000,0.12220000000000,6.93400000000000,26.6666,16229.0356,16.7050,16.5828,0.1222,16.5415,6.9753,6.9523,0.0230,-0.1003,16229.0356,NA
parkey.exe,38476,0x25B69970950,DXGI,1,4,0,Composed: Flip,16262.3159,NA,16.69750000000000,16.67210000000000,0.12480000000000,6.96370000000000,26.6412,16245.7406,16.7001,16.5753,0.1248,16.5432,6.9958,6.9658,0.0300,0.0329,16245.7406,NA
parkey.exe,38476,0x25B69970950,DXGI,1,4,0,Composed: Flip,16278.9502,NA,16.63430000000000,16.67850000000000,0.10990000000000,5.72570000000000,26.6854,16262.4407,16.6194,16.5095,0.1099,16.4739,5.7613,5.7366,0.0247,0.0216,16262.4407,NA
parkey.exe,38476,0x25B69970950,DXGI,1,4,0,Composed: Flip,16295.6604,NA,16.71020000000000,16.68040000000000,0.11200000000000,7.02120000000000,26.6556,16279.0601,16.7123,16.6003,0.1120,16.5580,7.0635,7.0446,0.0189,-0.0610,16279.0601,NA
parkey.exe,38476,0x25B69970950,DXGI,1,4,0,Composed: Flip,16312.2412,NA,16.58080000000000,16.67530000000000,0.12370000000000,5.97490000000000,26.7501,16295.7724,16.5925,16.4688,0.1237,16.4161,6.0276,6.0030,0.0246,0.0370,16295.7724,NA
parkey.exe,38476,0x25B69970950,DXGI,1,4,0,Composed: Flip,16328.8784,NA,16.63720000000000,16.68480000000000,0.11290000000000,5.71750000000000,26.7977,16312.3649,16.6264,16.5135,0.1129,16.4780,5.7530,5.7302,0.0228,-0.0923,16312.3649,NA
parkey.exe,38476,0x25B69970950,DXGI,1,4,0,Composed: Flip,16345.3316,NA,16.45320000000000,16.68580000000000,0.09790000000000,5.70970000000000,27.0303,16328.9913,16.4382,16.3403,0.0979,16.3094,5.7406,5.7159,0.0247,-0.0594,16328.9913,NA
parkey.exe,38476,0x25B69970950,DXGI,1,4,0,Composed: Flip,16362.0015,NA,16.66990000000000,16.67540000000000,0.11790000000000,5.71490000000000,27.0358,16345.4295,16.6899,16.5720,0.1179,16.5410,5.7459,5.7228,0.0231,-0.2372,16345.4295,NA
parkey.exe,38476,0x25B69970950,DXGI,1,4,0,Composed: Flip,16378.7149,NA,16.71340000000000,16.68680000000000,0.09730000000000,6.12730000000000,27.0092,16362.1194,16.6928,16.5955,0.0973,16.5638,6.1590,6.1363,0.0227,0.0031,16362.1194,NA
parkey.exe,38476,0x25B69970950,DXGI,1,4,0,Composed: Flip,16395.2051,NA,16.49020000000000,16.67320000000000,0.09760000000000,6.59470000000000,27.1922,16378.8122,16.4905,16.3929,0.0976,16.3637,6.6239,6.6014,0.0225,0.0196,16378.8122,NA
parkey.exe,38476,0x25B69970950,DXGI,1,4,0,Composed: Flip,16411.8953,NA,16.69020000000000,16.69460000000000,0.09690000000000,5.70890000000000,27.1966,16395.3027,16.6895,16.5926,0.0969,16.5557,5.7458,5.7227,0.0231,-0.2041,16395.3027,NA
parkey.exe,38476,0x25B69970950,DXGI,1,4,0,Composed: Flip,16428.6347,NA,16.73940000000000,16.66700000000000,0.10900000000000,5.71440000000000,27.1242,16411.9922,16.7515,16.6425,0.1090,16.6118,5.7451,5.7198,0.0253,0.0225,16411.9922,NA
parkey.exe,38476,0x25B69970950,DXGI,1,4,0,Composed: Flip,16445.2722,NA,16.63750000000000,16.67770000000000,0.09680000000000,5.71750000000000,27.1644,16428.7437,16.6253,16.5285,0.0968,16.4929,5.7531,5.7262,0.0269,0.0738,16428.7437,NA
parkey.exe,38476,0x25B69970950,DXGI,1,4,0,Composed: Flip,16461.8166,NA,16.54440000000000,16.69050000000000,0.09330000000000,5.73550000000000,27.3105,16445.3690,16.5409,16.4476,0.0933,16.4122,5.7709,5.7432,0.0277,-0.0652,16445.3690,NA
parkey.exe,38476,0x25B69970950,DXGI,1,4,0,Composed: Flip,16478.5402,NA,16.72360000000000,16.67290000000000,0.09200000000000,6.60250000000000,27.2598,16461.9099,16.7223,16.6303,0.0920,16.5985,6.6343,6.6139,0.0204,-0.1320,16461.9099,NA
parkey.exe,38476,0x25B69970950,DXGI,1,4,0,Composed: Flip,16495.3635,NA,16.82330000000000,16.69240000000000,0.11040000000000,5.75750000000000,27.1289,16478.6322,16.8417,16.7313,0.1104,16.6984,5.7904,5.7623,0.0281,0.0299,16478.6322,NA
parkey.exe,38476,0x25B69970950,DXGI,1,4,0,Composed: Flip,16511.8541,NA,16.49060000000000,16.67170000000000,0.09690000000000,5.71220000000000,27.3100,16495.4739,16.4771,16.3802,0.0969,16.3428,5.7496,5.7249,0.0247,0.1700,16495.4739,NA
parkey.exe,38476,0x25B69970950,DXGI,1,4,0,Composed: Flip,16528.6014,NA,16.74730000000000,16.67990000000000,0.12910000000000,5.70160000000000,27.2426,16511.9510,16.7795,16.6504,0.1291,16.6092,5.7428,5.7200,0.0228,-0.2028,16511.9510,NA
parkey.exe,38476,0x25B69970950,DXGI,1,4,0,Composed: Flip,16546.1868,NA,17.58540000000000,16.67980000000000,0.14080000000000,5.70990000000000,26.3370,16528.7305,17.5971,17.4563,0.1408,17.4087,5.7575,5.7338,0.0237,0.0997,16528.7305,NA
parkey.exe,38476,0x25B69970950,DXGI,1,4,0,Composed: Flip,16562.2913,NA,16.10450000000000,16.67820000000000,0.12270000000000,6.33910000000000,26.9107,16546.3276,16.0864,15.9637,0.1227,15.9245,6.3783,6.3575,0.0208,0.9189,16546.3276,NA
parkey.exe,38476,0x25B69970950,DXGI,1,4,0,Composed: Flip,16579.0342,NA,16.74290000000000,16.68410000000000,0.12940000000000,5.71880000000000,26.8519,16562.4140,16.7496,16.6202,0.1294,16.5811,5.7579,5.7310,0.0269,-0.5977,16562.4140,NA
parkey.exe,38476,0x25B69970950,DXGI,1,4,0,Composed: Flip,16595.5053,NA,16.47110000000000,16.67720000000000,0.11340000000000,5.73170000000000,27.0580,16579.1636,16.4551,16.3417,0.1134,16.3062,5.7672,5.7406,0.0266,0.0724,16579.1636,NA
parkey.exe,38476,0x25B69970950,DXGI,1,4,0,Composed: Flip,16612.6939,NA,17.18860000000000,16.68220000000000,0.15900000000000,5.71310000000000,26.5516,16595.6187,17.2342,17.0752,0.1590,17.0341,5.7542,5.7328,0.0214,-0.2271,16595.6187,NA
parkey.exe,38476,0x25B69970950,DXGI,1,4,0,Composed: Flip,16628.9498,NA,16.25590000000000,16.67590000000000,0.11360000000000,5.72740000000000,26.9716,16612.8529,16.2105,16.0969,0.1136,16.0586,5.7657,5.7325,0.0332,0.5583,16612.8529,NA
parkey.exe,38476,0x25B69970950,DXGI,1,4,0,Composed: Flip,16645.4460,NA,16.49620000000000,16.67170000000000,0.10320000000000,6.58920000000000,27.1471,16629.0634,16.4858,16.3826,0.1032,16.3472,6.6246,6.6013,0.0233,-0.4612,16629.0634,NA
parkey.exe,38476,0x25B69970950,DXGI,1,4,0,Composed: Flip,16662.1948,NA,16.74880000000000,16.69050000000000,0.11230000000000,5.69760000000000,27.0888,16645.5492,16.7579,16.6456,0.1123,16.6100,5.7332,5.7122,0.0210,-0.2047,16645.5492,NA
parkey.exe,38476,0x25B69970950,DXGI,1,4,0,Composed: Flip,16678.5815,NA,16.38670000000000,16.67880000000000,0.12030000000000,5.74130000000000,27.3809,16662.3071,16.3947,16.2744,0.1203,16.2373,5.7784,5.7543,0.0241,0.0791,16662.3071,NA
parkey.exe,38476,0x25B69970950,DXGI,1,4,0,Composed: Flip,16695.3280,NA,16.74650000000000,16.68010000000000,0.10500000000000,5.70860000000000,27.3145,16678.7018,16.7312,16.6262,0.1050,16.5909,5.7439,5.7206,0.0233,-0.2854,16678.7018,NA
parkey.exe,38476,0x25B69970950,DXGI,1,4,0,Composed: Flip,16711.9149,NA,16.58690000000000,16.67990000000000,0.09570000000000,5.74680000000000,27.4075,16695.4330,16.5776,16.4819,0.0957,16.4522,5.7765,5.7427,0.0338,0.0513,16695.4330,NA
parkey.exe,38476,0x25B69970950,DXGI,1,4,0,Composed: Flip,16728.4004,NA,16.48550000000000,16.67640000000000,0.08820000000000,6.93280000000000,27.5984,16712.0106,16.4780,16.3898,0.0882,16.3630,6.9596,6.9346,0.0250,-0.0988,16712.0106,NA
parkey.exe,38476,0x25B69970950,DXGI,1,4,0,Composed: Flip,16745.3243,NA,16.92390000000000,16.68180000000000,0.10980000000000,5.70460000000000,27.3563,16728.4886,16.9455,16.8357,0.1098,16.8028,5.7375,5.7161,0.0214,-0.2038,16728.4886,NA
parkey.exe,38476,0x25B69970950,DXGI,1,4,0,Composed: Flip,16762.0759,NA,16.75160000000000,16.68690000000000,0.09810000000000,5.70180000000000,27.2916,16745.4341,16.7399,16.6418,0.0981,16.6085,5.7351,5.7124,0.0227,0.2586,16745.4341,NA
parkey.exe,38476,0x25B69970950,DXGI,1,4,0,Composed: Flip,16778.6651,NA,16.58920000000000,16.67450000000000,0.09820000000000,5.71490000000000,27.3769,16762.1740,16.5893,16.4911,0.0982,16.4580,5.7480,5.7223,0.0257,0.0654,16762.1740,NA
parkey.exe,38476,0x25B69970950,DXGI,1,4,0,Composed: Flip,16795.3282,NA,16.66310000000000,16.68160000000000,0.10020000000000,5.74770000000000,27.3954,16778.7633,16.6651,16.5649,0.1002,16.5323,5.7803,5.7586,0.0217,-0.0923,16778.7633,NA
parkey.exe,38476,0x25B69970950,DXGI,1,4,0,Composed: Flip,16811.8995,NA,16.57130000000000,16.68290000000000,0.10740000000000,6.84890000000000,27.5070,16795.4284,16.5785,16.4711,0.1074,16.4380,6.8820,6.8624,0.0196,-0.0178,16795.4284,NA
parkey.exe,38476,0x25B69970950,DXGI,1,4,0,Composed: Flip,16828.5554,NA,16.65590000000000,16.67880000000000,0.09990000000000,5.71220000000000,27.5299,16812.0069,16.6484,16.5485,0.0999,16.5176,5.7431,5.7157,0.0274,-0.1003,16812.0069,NA
parkey.exe,38476,0x25B69970950,DXGI,1,4,0,Composed: Flip,16845.2329,NA,16.67750000000000,16.68490000000000,0.09560000000000,5.71430000000000,27.5373,16828.6553,16.6732,16.5776,0.0956,16.5452,5.7467,5.7238,0.0229,-0.0365,16828.6553,NA
parkey.exe,38476,0x25B69970950,DXGI,1,4,0,Composed: Flip,16862.0310,NA,16.79810000000000,16.67320000000000,0.11210000000000,5.70560000000000,27.4124,16845.3285,16.8146,16.7025,0.1121,16.6693,5.7388,5.7179,0.0209,0.0000,16845.3285,NA
parkey.exe,38476,0x25B69970950,DXGI,1,4,0,Composed: Flip,16878.6208,NA,16.58980000000000,16.68130000000000,0.10000000000000,5.74220000000000,27.5039,16862.1431,16.5777,16.4777,0.1000,16.4477,5.7722,5.7466,0.0256,0.1333,16862.1431,NA
parkey.exe,38476,0x25B69970950,DXGI,1,4,0,Composed: Flip,16895.1318,NA,16.51100000000000,16.67890000000000,0.10100000000000,7.21370000000000,27.6718,16878.7208,16.5120,16.4110,0.1010,16.3771,7.2476,7.2264,0.0212,-0.1012,16878.7208,NA
parkey.exe,38476,0x25B69970950,DXGI,1,4,0,Composed: Flip,16911.8280,NA,16.69620000000000,16.67790000000000,0.09220000000000,5.73750000000000,27.6535,16895.2328,16.6874,16.5952,0.0922,16.5649,5.7678,5.7322,0.0356,-0.1659,16895.2328,NA
parkey.exe,38476,0x25B69970950,DXGI,1,4,0,Composed: Flip,16928.6058,NA,16.77780000000000,16.68510000000000,0.10640000000000,7.43270000000000,27.5608,16911.9202,16.7920,16.6856,0.1064,16.6553,7.4630,7.4439,0.0191,0.0023,16911.9202,NA
parkey.exe,38476,0x25B69970950,DXGI,1,4,0,Composed: Flip,16945.3352,NA,16.72940000000000,16.67390000000000,0.09560000000000,5.69640000000000,27.5053,16928.7122,16.7186,16.6230,0.0956,16.5821,5.7373,5.7131,0.0242,0.1181,16928.7122,NA
parkey.exe,38476,0x25B69970950,DXGI,1,4,0,Composed: Flip,16961.9255,NA,16.59030000000000,16.68390000000000,0.09770000000000,6.51720000000000,27.5989,16945.4308,16.5924,16.4947,0.0977,16.4578,6.5541,6.5328,0.0213,0.0347,16945.4308,NA
parkey.exe,38476,0x25B69970950,DXGI,1,4,0,Composed: Flip,16978.9344,NA,17.00890000000000,16.68040000000000,0.11590000000000,7.46180000000000,27.2704,16962.0232,17.0271,16.9112,0.1159,16.8744,7.4986,7.4796,0.0190,-0.0880,16962.0232,NA
parkey.exe,38476,0x25B69970950,DXGI,1,4,0,Composed: Flip,16995.4611,NA,16.52670000000000,16.68370000000000,0.11600000000000,5.74280000000000,27.4274,16979.0503,16.5268,16.4108,0.1160,16.3777,5.7759,5.7515,0.0244,0.3434,16979.0503,NA
parkey.exe,38476,0x25B69970950,DXGI,1,4,0,Composed: Flip,17011.9221,NA,16.46100000000000,16.67830000000000,0.10980000000000,7.40330000000000,27.6447,16995.5771,16.4548,16.3450,0.1098,16.3124,7.4359,7.4155,0.0204,-0.1515,16995.5771,NA
parkey.exe,38476,0x25B69970950,DXGI,1,4,0,Composed: Flip,17028.6184,NA,16.69630000000000,16.68050000000000,0.09910000000000,5.72300000000000,27.6289,17012.0319,16.6856,16.5865,0.0991,16.5552,5.7543,5.7287,0.0256,-0.2257,17012.0319,NA
parkey.exe,38476,0x25B69970950,DXGI,1,4,0,Composed: Flip,17045.2141,NA,16.59570000000000,16.68330000000000,0.09920000000000,5.70620000000000,27.7165,17028.7175,16.5958,16.4966,0.0992,16.4624,5.7404,5.7177,0.0227,0.0023,17028.7175,NA
parkey.exe,38476,0x25B69970950,DXGI,1,4,0,Composed: Flip,17061.8023,NA,16.58820000000000,16.67620000000000,0.11860000000000,6.96790000000000,27.8045,17045.3133,16.6076,16.4890,0.1186,16.4502,7.0067,6.9848,0.0219,-0.0804,17045.3133,NA
parkey.exe,38476,0x25B69970950,DXGI,1,4,0,Composed: Flip,17078.6255,NA,16.82320000000000,16.67680000000000,0.09710000000000,5.74140000000000,27.6581,17061.9209,16.8017,16.7046,0.0971,16.6737,5.7723,5.7495,0.0228,-0.0692,17061.9209,NA
parkey.exe,38476,0x25B69970950,DXGI,1,4,0,Composed: Flip,17095.0563,NA,16.43080000000000,16.68580000000000,0.08950000000000,7.41720000000000,27.9131,17078.7226,16.4232,16.3337,0.0895,16.3023,7.4486,7.4090,0.0396,0.1159,17078.7226,NA
parkey.exe,38476,0x25B69970950,DXGI,1,4,0,Composed: Flip,17111.7902,NA,16.73390000000000,16.68080000000000,0.10500000000000,5.71740000000000,27.8600,17095.1458,16.7494,16.6444,0.1050,16.6112,5.7506,5.7285,0.0221,-0.2576,17095.1458,NA
parkey.exe,38476,0x25B69970950,DXGI,1,4,0,Composed: Flip,17128.5252,NA,16.73500000000000,16.68740000000000,0.09960000000000,5.71510000000000,27.8124,17111.8952,16.7296,16.6300,0.0996,16.5991,5.7460,5.7238,0.0222,0.0620,17111.8952,NA
parkey.exe,38476,0x25B69970950,DXGI,1,4,0,Composed: Flip,17145.7064,NA,17.18120000000000,16.67060000000000,0.12600000000000,6.41370000000000,27.3018,17128.6248,17.2076,17.0816,0.1260,17.0399,6.4554,6.4298,0.0256,0.0590,17128.6248,NA
parkey.exe,38476,0x25B69970950,DXGI,1,4,0,Composed: Flip,17161.8586,NA,16.15220000000000,16.68070000000000,0.09680000000000,5.72250000000000,27.8303,17145.8324,16.1230,16.0262,0.0968,15.9955,5.7532,5.7257,0.0275,0.5269,17145.8324,NA
parkey.exe,38476,0x25B69970950,DXGI,1,4,0,Composed: Flip,17178.6765,NA,16.81790000000000,16.68470000000000,0.12800000000000,7.43080000000000,27.6971,17161.9554,16.8491,16.7211,0.1280,16.6817,7.4702,7.4514,0.0188,-0.5617,17161.9554,NA
parkey.exe,38476,0x25B69970950,DXGI,1,4,0,Composed: Flip,17195.2572,NA,16.58070000000000,16.67530000000000,0.09740000000000,5.76220000000000,27.7917,17178.8045,16.5501,16.4527,0.0974,16.4198,5.7951,5.7703,0.0248,0.1738,17178.8045,NA
parkey.exe,38476,0x25B69970950,DXGI,1,4,0,Composed: Flip,17212.0371,NA,16.77990000000000,16.67670000000000,0.10170000000000,5.72160000000000,27.6885,17195.3546,16.7842,16.6825,0.1017,16.6494,5.7547,5.7305,0.0242,-0.1266,17195.3546,NA
parkey.exe,38476,0x25B69970950,DXGI,1,4,0,Composed: Flip,17228.3701,NA,16.33300000000000,16.68190000000000,0.08990000000000,6.96070000000000,28.0374,17212.1388,16.3212,16.2313,0.0899,16.1956,6.9964,6.9725,0.0239,0.1023,17212.1388,NA
parkey.exe,38476,0x25B69970950,DXGI,1,4,0,Composed: Flip,17245.4064,NA,17.03630000000000,16.69790000000000,0.11600000000000,5.69160000000000,27.6990,17228.4600,17.0624,16.9464,0.1160,16.9096,5.7284,5.7064,0.0220,-0.3767,17228.4600,NA
parkey.exe,38476,0x25B69970950,DXGI,1,4,0,Composed: Flip,17262.1171,NA,16.71070000000000,16.68670000000000,0.11560000000000,7.44450000000000,27.6750,17245.5224,16.7103,16.5947,0.1156,16.5574,7.4818,7.4177,0.0641,0.3757,17245.5224,NA
parkey.exe,38476,0x25B69970950,DXGI,1,4,0,Composed: Flip,17278.8447,NA,16.72760000000000,16.67060000000000,0.10770000000000,5.70700000000000,27.6180,17262.2327,16.7197,16.6120,0.1077,16.5777,5.7413,5.7137,0.0276,0.0397,17262.2327,NA
parkey.exe,38476,0x25B69970950,DXGI,1,4,0,Composed: Flip,17295.8325,NA,16.98780000000000,16.67430000000000,0.11790000000000,5.74130000000000,27.3045,17278.9524,16.9980,16.8801,0.1179,16.8401,5.7813,5.7557,0.0256,0.0454,17278.9524,NA
parkey.exe,38476,0x25B69970950,DXGI,1,4,0,Composed: Flip,17312.2181,NA,16.38560000000000,16.66810000000000,0.12060000000000,6.92880000000000,27.5870,17295.9504,16.3883,16.2677,0.1206,16.2321,6.9644,6.9426,0.0218,0.3299,17295.9504,NA
parkey.exe,38476,0x25B69970950,DXGI,1,4,0,Composed: Flip,17328.4613,NA,16.24320000000000,16.68500000000000,0.09080000000000,5.72560000000000,28.0288,17312.3387,16.2134,16.1226,0.0908,16.0931,5.7551,5.7285,0.0266,-0.2967,17312.3387,NA
parkey.exe,38476,0x25B69970950,DXGI,1,4,0,Composed: Flip,17345.2611,NA,16.79980000000000,16.68250000000000,0.09380000000000,7.42320000000000,27.9115,17328.5521,16.8028,16.7090,0.0938,16.6776,7.4546,7.4318,0.0228,-0.4691,17328.5521,NA
parkey.exe,38476,0x25B69970950,DXGI,1,4,0,Composed: Flip,17361.9084,NA,16.64730000000000,16.67980000000000,0.10840000000000,5.71980000000000,27.9440,17345.3549,16.6619,16.5535,0.1084,16.5221,5.7512,5.7263,0.0249,0.1230,17345.3549,NA
parkey.exe,38476,0x25B69970950,DXGI,1,4,0,Composed: Flip,17378.6790,NA,16.77060000000000,16.67820000000000,0.10010000000000,5.73710000000000,27.8516,17362.0168,16.7623,16.6622,0.1001,16.6269,5.7724,5.7421,0.0303,-0.0163,17362.0168,NA
parkey.exe,38476,0x25B69970950,DXGI,1,4,0,Composed: Flip,17395.2070,NA,16.52800000000000,16.67980000000000,0.10210000000000,6.91940000000000,28.0034,17378.7791,16.5300,16.4279,0.1021,16.3913,6.9560,6.9303,0.0257,0.0825,17378.7791,NA
parkey.exe,38476,0x25B69970950,DXGI,1,4,0,Composed: Flip,17411.7593,NA,16.55230000000000,16.68000000000000,0.08910000000000,5.72490000000000,28.1311,17395.3091,16.5393,16.4502,0.0891,16.4205,5.7546,5.7311,0.0235,-0.1500,17395.3091,NA
parkey.exe,38476,0x25B69970950,DXGI,1,4,0,Composed: Flip,17428.4862,NA,16.72690000000000,16.68090000000000,0.10060000000000,7.40420000000000,28.0851,17411.8484,16.7384,16.6378,0.1006,16.6077,7.4343,7.4113,0.0230,-0.1416,17411.8484,NA
parkey.exe,38476,0x25B69970950,DXGI,1,4,0,Composed: Flip,17445.3946,NA,16.90840000000000,16.68080000000000,0.09900000000000,5.71010000000000,27.8575,17428.5868,16.9068,16.8078,0.0990,16.7752,5.7427,5.7198,0.0229,0.0576,17428.5868,NA
parkey.exe,38476,0x25B69970950,DXGI,1,4,0,Composed: Flip,17461.8313,NA,16.43670000000000,16.67860000000000,0.10240000000000,5.71660000000000,28.0994,17445.4936,16.4401,16.3377,0.1024,16.3082,5.7461,5.7245,0.0216,0.2282,17445.4936,NA
parkey.exe,38476,0x25B69970950,DXGI,1,4,0,Composed: Flip,17478.3474,NA,16.51610000000000,16.68200000000000,0.09130000000000,7.30460000000000,28.2653,17461.9337,16.5050,16.4137,0.0913,16.5161,7.2022,7.1810,0.0212,-0.2419,17461.9337,NA
parkey.exe,38476,0x25B69970950,DXGI,1,4,0,Composed: Flip,17495.7787,NA,17.43130000000000,16.69280000000000,0.11300000000000,5.73780000000000,27.5268,17478.4387,17.4530,17.3400,0.1130,17.3049,5.7729,5.7446,0.0283,-0.1878,17478.4387,NA
parkey.exe,38476,0x25B69970950,DXGI,1,4,0,Composed: Flip,17511.8523,NA,16.07360000000000,16.67440000000000,0.09400000000000,7.43850000000000,28.1276,17495.8917,16.0546,15.9606,0.0940,15.9289,7.4702,7.4482,0.0220,0.7786,17495.8917,NA
parkey.exe,38476,0x25B69970950,DXGI,1,4,0,Composed: Flip,17528.6108,NA,16.75850000000000,16.67360000000000,0.09460000000000,5.71740000000000,28.0427,17511.9463,16.7591,16.6645,0.0946,16.6343,5.7476,5.7240,0.0236,-0.6190,17511.9463,NA
parkey.exe,38476,0x25B69970950,DXGI,1,4,0,Composed: Flip,17545.3159,NA,16.70510000000000,16.68850000000000,0.09390000000000,5.70050000000000,28.0261,17528.7054,16.7044,16.6105,0.0939,16.5760,5.7350,5.7123,0.0227,0.0706,17528.7054,NA
parkey.exe,38476,0x25B69970950,DXGI,1,4,0,Composed: Flip,17561.7500,NA,16.43410000000000,16.67020000000000,0.10350000000000,7.20240000000000,28.2622,17545.4098,16.4437,16.3402,0.1035,16.3629,7.1797,7.1597,0.0200,0.0342,17545.4098,NA
parkey.exe,38476,0x25B69970950,DXGI,1,4,0,Composed: Flip,17578.5345,NA,16.78450000000000,16.68060000000000,0.09760000000000,5.73230000000000,28.1583,17561.8535,16.7786,16.6810,0.0976,16.6541,5.7592,5.7353,0.0239,-0.2369,17561.8535,NA
parkey.exe,38476,0x25B69970950,DXGI,1,4,0,Composed: Flip,17595.2523,NA,16.71780000000000,16.68570000000000,0.10300000000000,7.40320000000000,28.1262,17578.6321,16.7232,16.6202,0.1030,16.5889,7.4345,7.4116,0.0229,0.0929,17578.6321,NA
parkey.exe,38476,0x25B69970950,DXGI,1,4,0,Composed: Flip,17612.0807,NA,16.82840000000000,16.67920000000000,0.12230000000000,5.71120000000000,27.9770,17595.3553,16.8477,16.7254,0.1223,16.6868,5.7498,5.7275,0.0223,0.0440,17595.3553,NA
parkey.exe,38476,0x25B69970950,DXGI,1,4,0,Composed: Flip,17628.4824,NA,16.40170000000000,16.67800000000000,0.08790000000000,5.74050000000000,28.2533,17612.2030,16.3673,16.2794,0.0879,16.2500,5.7699,5.7425,0.0274,0.1697,17612.2030,NA
parkey.exe,38476,0x25B69970950,DXGI,1,4,0,Composed: Flip,17645.1859,NA,16.70350000000000,16.67450000000000,0.09480000000000,7.19800000000000,28.2243,17628.5703,16.7104,16.6156,0.0948,16.5782,7.2354,7.2184,0.0170,-0.3072,17628.5703,NA
parkey.exe,38476,0x25B69970950,DXGI,1,4,0,Composed: Flip,17662.0290,NA,16.84310000000000,16.68490000000000,0.10750000000000,6.51940000000000,28.0661,17645.2807,16.8558,16.7483,0.1075,16.7135,6.5542,6.5360,0.0182,0.0255,17645.2807,NA
parkey.exe,38476,0x25B69970950,DXGI,1,4,0,Composed: Flip,17678.5602,NA,16.53120000000000,16.68640000000000,0.15070000000000,7.36070000000000,28.2213,17662.1365,16.5744,16.4237,0.1507,16.3721,7.4123,7.3925,0.0198,0.1694,17662.1365,NA
parkey.exe,38476,0x25B69970950,DXGI,1,4,0,Composed: Flip,17695.4625,NA,16.90230000000000,16.67530000000000,0.11350000000000,5.73670000000000,27.9943,17678.7109,16.8651,16.7516,0.1135,16.7139,5.7744,5.7507,0.0237,-0.1009,17678.7109,NA
parkey.exe,38476,0x25B69970950,DXGI,1,4,0,Composed: Flip,17712.2832,NA,16.82070000000000,16.67540000000000,0.11160000000000,5.71840000000000,27.8490,17695.5760,16.8188,16.7072,0.1116,16.6720,5.7536,5.7298,0.0238,0.1897,17695.5760,NA
parkey.exe,38476,0x25B69970950,DXGI,1,4,0,Composed: Flip,17728.5511,NA,16.26790000000000,16.69970000000000,0.09830000000000,7.29480000000000,28.2808,17712.3948,16.2546,16.1563,0.0983,16.1916,7.2595,7.2378,0.0217,0.1191,17712.3948,NA
parkey.exe,38476,0x25B69970950,DXGI,1,4,0,Composed: Flip,17745.5051,NA,16.95400000000000,16.66900000000000,0.10900000000000,5.69750000000000,27.9958,17728.6494,16.9647,16.8557,0.1090,16.8173,5.7359,5.7148,0.0211,-0.4144,17728.6494,NA
parkey.exe,38476,0x25B69970950,DXGI,1,4,0,Composed: Flip,17761.8130,NA,16.30790000000000,16.67610000000000,0.09210000000000,7.42380000000000,28.3640,17745.6141,16.2910,16.1989,0.0921,16.1667,7.4560,7.4357,0.0203,0.2886,17745.6141,NA
parkey.exe,38476,0x25B69970950,DXGI,1,4,0,Composed: Flip,17778.5190,NA,16.70600000000000,16.67520000000000,0.09580000000000,5.71810000000000,28.3332,17761.9051,16.7097,16.6139,0.0958,16.5780,5.7540,5.7275,0.0265,-0.3842,17761.9051,NA
parkey.exe,38476,0x25B69970950,DXGI,1,4,0,Composed: Flip,17795.2057,NA,16.68670000000000,16.69030000000000,0.09580000000000,5.72820000000000,28.3368,17778.6148,16.6867,16.5909,0.0958,16.5600,5.7591,5.7361,0.0230,0.0194,17778.6148,NA
parkey.exe,38476,0x25B69970950,DXGI,1,4,0,Composed: Flip,17811.9498,NA,16.74410000000000,16.67860000000000,0.12100000000000,7.20150000000000,28.2713,17795.3015,16.7693,16.6483,0.1210,16.6100,7.2398,7.2188,0.0210,0.0081,17795.3015,NA
parkey.exe,38476,0x25B69970950,DXGI,1,4,0,Composed: Flip,17828.6751,NA,16.72530000000000,16.67030000000000,0.09890000000000,5.72510000000000,28.2163,17812.0708,16.7032,16.6043,0.0989,16.5700,5.7594,5.7332,0.0262,0.0990,17812.0708,NA
parkey.exe,38476,0x25B69970950,DXGI,1,4,0,Composed: Flip,17845.0847,NA,16.40960000000000,16.68590000000000,0.08900000000000,7.40450000000000,28.4926,17828.7740,16.3997,16.3107,0.0890,16.2807,7.4345,7.4115,0.0230,0.0173,17828.7740,NA
parkey.exe,38476,0x25B69970950,DXGI,1,4,0,Composed: Flip,17861.7893,NA,16.70460000000000,16.67950000000000,0.10460000000000,5.73150000000000,28.4675,17845.1737,16.7202,16.6156,0.1046,16.5830,5.7641,5.7387,0.0254,-0.2798,17845.1737,NA
parkey.exe,38476,0x25B69970950,DXGI,1,4,0,Composed: Flip,17878.5386,NA,16.74930000000000,16.68010000000000,0.09480000000000,5.75350000000000,28.3983,17861.8939,16.7395,16.6447,0.0948,16.6094,5.7888,5.7612,0.0276,0.0401,17861.8939,NA
parkey.exe,38476,0x25B69970950,DXGI,1,4,0,Composed: Flip,17895.2482,NA,16.70960000000000,16.67870000000000,0.09670000000000,6.95730000000000,28.3674,17878.6334,16.7115,16.6148,0.0967,16.5795,6.9926,6.9673,0.0253,0.0608,17878.6334,NA
parkey.exe,38476,0x25B69970950,DXGI,1,4,0,Composed: Flip,17911.6925,NA,16.44430000000000,16.68080000000000,0.09750000000000,5.71940000000000,28.6039,17895.3449,16.4451,16.3476,0.0975,16.3171,5.7499,5.7266,0.0233,0.0307,17895.3449,NA
parkey.exe,38476,0x25B69970950,DXGI,1,4,0,Composed: Flip,17928.5218,NA,16.82930000000000,16.68150000000000,0.13060000000000,8.07640000000000,28.4561,17911.7900,16.8624,16.7318,0.1306,16.6971,8.1111,8.0493,0.0618,-0.2364,17911.7900,NA
parkey.exe,38476,0x25B69970950,DXGI,1,4,0,Composed: Flip,17945.6521,NA,17.13030000000000,16.68370000000000,0.10660000000000,5.72580000000000,28.0095,17928.6524,17.1063,16.9997,0.1066,16.9627,5.7628,5.7376,0.0252,0.1787,17928.6524,NA
parkey.exe,38476,0x25B69970950,DXGI,1,4,0,Composed: Flip,17962.0577,NA,16.40560000000000,16.67860000000000,0.11240000000000,6.48840000000000,28.2825,17945.7587,16.4114,16.2990,0.1124,16.2629,6.5245,6.5026,0.0219,0.4277,17945.7587,NA
parkey.exe,38476,0x25B69970950,DXGI,1,4,0,Composed: Flip,17979.0663,NA,17.00860000000000,16.69160000000000,0.11510000000000,7.26180000000000,27.9655,17962.1701,17.0113,16.8962,0.1151,16.8662,7.2918,7.2684,0.0234,-0.2802,17962.1701,NA
parkey.exe,38476,0x25B69970950,DXGI,1,4,0,Composed: Flip,17995.6861,NA,16.61980000000000,16.67370000000000,0.12730000000000,5.73560000000000,28.0194,17979.1814,16.6320,16.5047,0.1273,16.4673,5.7730,5.7488,0.0242,0.3376,17979.1814,NA
parkey.exe,38476,0x25B69970950,DXGI,1,4,0,Composed: Flip,18012.1533,NA,16.46720000000000,16.66000000000000,0.11830000000000,7.40140000000000,28.2122,17995.8134,16.4582,16.3399,0.1183,16.3023,7.4390,7.4173,0.0217,-0.0280,17995.8134,NA
parkey.exe,38476,0x25B69970950,DXGI,1,4,0,Composed: Flip,18028.9724,NA,16.81910000000000,16.69330000000000,0.10910000000000,5.71340000000000,28.0864,18012.2716,16.8099,16.7008,0.1091,16.6639,5.7503,5.7258,0.0245,-0.2351,18012.2716,NA
parkey.exe,38476,0x25B69970950,DXGI,1,4,0,Composed: Flip,18045.1779,NA,16.20550000000000,16.68320000000000,0.09450000000000,5.70790000000000,28.5641,18029.0815,16.1909,16.0964,0.0945,16.0665,5.7378,5.7144,0.0234,0.1267,18029.0815,NA
parkey.exe,38476,0x25B69970950,DXGI,1,4,0,Composed: Flip,18061.8152,NA,16.63730000000000,16.67510000000000,0.10900000000000,7.26120000000000,28.6019,18045.2724,16.6518,16.5428,0.1090,16.6045,7.1995,7.1810,0.0185,-0.4842,18045.2724,NA
parkey.exe,38476,0x25B69970950,DXGI,1,4,0,Composed: Flip,18078.5798,NA,16.76460000000000,16.67880000000000,0.10410000000000,5.73450000000000,28.5161,18061.9242,16.7597,16.6556,0.1041,16.6239,5.7662,5.7395,0.0267,-0.0270,18061.9242,NA
parkey.exe,38476,0x25B69970950,DXGI,1,4,0,Composed: Flip,18095.1866,NA,16.60680000000000,16.68210000000000,0.10520000000000,7.61730000000000,28.5914,18078.6839,16.6079,16.5027,0.1052,16.4670,7.6530,7.6347,0.0183,0.0776,18078.6839,NA
parkey.exe,38476,0x25B69970950,DXGI,1,4,0,Composed: Flip,18111.9092,NA,16.72260000000000,16.68230000000000,0.11090000000000,5.88250000000000,28.5511,18095.2918,16.7283,16.6174,0.1109,16.5833,5.9166,5.7270,0.1896,-0.0744,18095.2918,NA
parkey.exe,38476,0x25B69970950,DXGI,1,4,0,Composed: Flip,18128.5399,NA,16.63070000000000,16.68110000000000,0.09590000000000,5.71450000000000,28.6015,18112.0201,16.6157,16.5198,0.0959,16.4902,5.7441,5.7252,0.0189,0.0472,18112.0201,NA
parkey.exe,38476,0x25B69970950,DXGI,1,4,0,Composed: Flip,18145.2386,NA,16.69870000000000,16.67980000000000,0.10430000000000,7.38090000000000,28.5826,18128.6358,16.7071,16.6028,0.1043,16.7058,7.2779,7.2582,0.0197,-0.0641,18128.6358,NA
parkey.exe,38476,0x25B69970950,DXGI,1,4,0,Composed: Flip,18161.8364,NA,16.59780000000000,16.67800000000000,0.09620000000000,5.73150000000000,28.6628,18145.3429,16.5897,16.4935,0.0962,16.4621,5.7629,5.7420,0.0209,0.0291,18145.3429,NA
parkey.exe,38476,0x25B69970950,DXGI,1,4,0,Composed: Flip,18178.7232,NA,16.88680000000000,16.68010000000000,0.11840000000000,7.39800000000000,28.4561,18161.9326,16.9090,16.7906,0.1184,16.7556,7.4330,7.4138,0.0192,-0.0904,18161.9326,NA
parkey.exe,38476,0x25B69970950,DXGI,1,4,0,Composed: Flip,18195.4123,NA,16.68910000000000,16.68190000000000,0.12490000000000,5.72970000000000,28.4489,18178.8416,16.6956,16.5707,0.1249,16.5366,5.7638,5.7373,0.0265,0.2271,18178.8416,NA
parkey.exe,38476,0x25B69970950,DXGI,1,4,0,Composed: Flip,18211.9456,NA,16.53330000000000,16.67800000000000,0.14250000000000,5.71770000000000,28.5936,18195.5372,16.5509,16.4084,0.1425,16.3763,5.7498,5.7116,0.0382,0.0176,18195.5372,NA
parkey.exe,38476,0x25B69970950,DXGI,1,4,0,Composed: Flip,18228.5837,NA,16.63810000000000,16.68040000000000,0.09290000000000,7.23100000000000,28.6359,18212.0881,16.5885,16.4956,0.0929,16.4665,7.2601,7.2387,0.0214,-0.1295,18212.0881,NA
parkey.exe,38476,0x25B69970950,DXGI,1,4,0,Composed: Flip,18245.1514,NA,16.56770000000000,16.68110000000000,0.10540000000000,5.70890000000000,28.7493,18228.6766,16.5802,16.4748,0.1054,16.4379,5.7458,5.7255,0.0203,-0.0926,18228.6766,NA
parkey.exe,38476,0x25B69970950,DXGI,1,4,0,Composed: Flip,18261.8813,NA,16.72990000000000,16.67550000000000,0.10390000000000,7.37370000000000,28.6949,18245.2568,16.7284,16.6245,0.1039,16.5908,7.4074,7.3764,0.0310,-0.0953,18245.2568,NA
parkey.exe,38476,0x25B69970950,DXGI,1,4,0,Composed: Flip,18278.5228,NA,16.64150000000000,16.68850000000000,0.09170000000000,5.70740000000000,28.7419,18261.9852,16.6293,16.5376,0.0917,16.5073,5.7377,5.7140,0.0237,0.0399,18261.9852,NA
parkey.exe,38476,0x25B69970950,DXGI,1,4,0,Composed: Flip,18295.2108,NA,16.68800000000000,16.68370000000000,0.09870000000000,5.73360000000000,28.7376,18278.6145,16.6950,16.5963,0.0987,16.5633,5.7666,5.7451,0.0215,-0.0544,18278.6145,NA
parkey.exe,38476,0x25B69970950,DXGI,1,4,0,Composed: Flip,18311.9363,NA,16.72550000000000,16.66840000000000,0.11140000000000,7.29260000000000,28.6805,18295.3095,16.7382,16.6268,0.1114,16.6520,7.2674,7.2455,0.0219,0.0266,18295.3095,NA
parkey.exe,38476,0x25B69970950,DXGI,1,4,0,Composed: Flip,18328.4997,NA,16.56340000000000,16.69330000000000,0.09500000000000,5.71640000000000,28.8104,18312.0477,16.5470,16.4520,0.0950,16.4208,5.7476,5.7237,0.0239,0.0449,18312.0477,NA
parkey.exe,38476,0x25B69970950,DXGI,1,4,0,Composed: Flip,18345.0677,NA,16.56800000000000,16.67200000000000,0.08830000000000,7.51490000000000,28.9144,18328.5947,16.5613,16.4730,0.0883,16.4375,7.5504,7.4858,0.0646,-0.1250,18328.5947,NA
parkey.exe,38476,0x25B69970950,DXGI,1,4,0,Composed: Flip,18362.2182,NA,17.15050000000000,16.68050000000000,0.12360000000000,5.76970000000000,28.4444,18345.1560,17.1858,17.0622,0.1236,17.0253,5.8066,5.7789,0.0277,-0.1192,18345.1560,NA
parkey.exe,38476,0x25B69970950,DXGI,1,4,0,Composed: Flip,18378.4727,NA,16.25450000000000,16.68060000000000,0.09430000000000,5.72860000000000,28.8705,18362.3418,16.2252,16.1309,0.0943,16.0980,5.7615,5.7412,0.0203,0.5052,18362.3418,NA
parkey.exe,38476,0x25B69970950,DXGI,1,4,0,Composed: Flip,18395.2850,NA,16.81230000000000,16.67930000000000,0.10090000000000,7.30190000000000,28.7375,18378.5670,16.8189,16.7180,0.1009,16.8019,7.2180,7.1978,0.0202,-0.4541,18378.5670,NA
parkey.exe,38476,0x25B69970950,DXGI,1,4,0,Composed: Flip,18411.8377,NA,16.55270000000000,16.68110000000000,0.09970000000000,5.73060000000000,28.8659,18395.3859,16.5515,16.4518,0.0997,16.4211,5.7613,5.7366,0.0247,0.1378,18395.3859,NA
parkey.exe,38476,0x25B69970950,DXGI,1,4,0,Composed: Flip,18428.4890,NA,16.65130000000000,16.67290000000000,0.11460000000000,7.43670000000000,28.8875,18411.9374,16.6662,16.5516,0.1146,16.5214,7.4669,7.4477,0.0192,-0.1214,18411.9374,NA
parkey.exe,38476,0x25B69970950,DXGI,1,4,0,Composed: Flip,18445.2201,NA,16.73110000000000,16.68560000000000,0.09480000000000,5.70950000000000,28.8420,18428.6036,16.7113,16.6165,0.0948,16.5818,5.7442,5.7195,0.0247,-0.0194,18428.6036,NA
parkey.exe,38476,0x25B69970950,DXGI,1,4,0,Composed: Flip,18461.6907,NA,16.47060000000000,16.68130000000000,0.09040000000000,5.71860000000000,29.0527,18445.3149,16.4662,16.3758,0.0904,16.3470,5.7474,5.7229,0.0245,0.0300,18445.3149,NA
parkey.exe,38476,0x25B69970950,DXGI,1,4,0,Composed: Flip,18478.3832,NA,16.69250000000000,16.68390000000000,0.09160000000000,7.42910000000000,29.0441,18461.7811,16.6937,16.6021,0.0916,16.5681,7.4631,7.4419,0.0212,-0.2177,18461.7811,NA
parkey.exe,38476,0x25B69970950,DXGI,1,4,0,Composed: Flip,18495.0951,NA,16.71190000000000,16.68270000000000,0.10240000000000,5.73800000000000,29.0149,18478.4748,16.7227,16.6203,0.1024,16.5911,5.7672,5.7419,0.0253,0.0110,18478.4748,NA
parkey.exe,38476,0x25B69970950,DXGI,1,4,0,Composed: Flip,18511.7245,NA,16.62940000000000,16.67460000000000,0.09500000000000,7.37750000000000,29.0601,18495.1975,16.6220,16.5270,0.0950,16.4967,7.4078,7.3884,0.0194,0.0481,18495.1975,NA
parkey.exe,38476,0x25B69970950,DXGI,1,4,0,Composed: Flip,18528.6481,NA,16.92360000000000,16.69660000000000,0.10310000000000,5.71340000000000,28.8331,18511.8195,16.9317,16.8286,0.1031,16.7945,5.7475,5.7212,0.0263,-0.0746,18511.8195,NA
parkey.exe,38476,0x25B69970950,DXGI,1,4,0,Composed: Flip,18545.0460,NA,16.39790000000000,16.67380000000000,0.09400000000000,5.71530000000000,29.1090,18528.7512,16.3888,16.2948,0.0940,16.2632,5.7469,5.7211,0.0258,0.2579,18528.7512,NA
parkey.exe,38476,0x25B69970950,DXGI,1,4,0,Composed: Flip,18561.8558,NA,16.80980000000000,16.69020000000000,0.12990000000000,7.24620000000000,28.9894,18545.1400,16.8457,16.7158,0.1299,16.6796,7.2824,7.2632,0.0192,-0.3014,18545.1400,NA
parkey.exe,38476,0x25B69970950,DXGI,1,4,0,Composed: Flip,18578.9601,NA,17.10430000000000,16.66050000000000,0.12270000000000,5.71320000000000,28.5456,18561.9857,17.0971,16.9744,0.1227,16.9360,5.7516,5.7264,0.0252,0.1852,18561.9857,NA
parkey.exe,38476,0x25B69970950,DXGI,1,4,0,Composed: Flip,18595.4882,NA,16.52810000000000,16.68560000000000,0.13370000000000,7.57200000000000,28.7031,18579.0828,16.5391,16.4054,0.1337,16.3691,7.6083,7.5834,0.0249,0.4115,18579.0828,NA
parkey.exe,38476,0x25B69970950,DXGI,1,4,0,Composed: Flip,18612.3859,NA,16.89770000000000,16.67500000000000,0.13750000000000,5.70950000000000,28.4804,18595.6219,16.9015,16.7640,0.1375,16.7254,5.7481,5.7246,0.0235,-0.1359,18595.6219,NA
parkey.exe,38476,0x25B69970950,DXGI,1,4,0,Composed: Flip,18628.6621,NA,16.27620000000000,16.68390000000000,0.10330000000000,5.69860000000000,28.8881,18612.5234,16.2420,16.1387,0.1033,16.1083,5.7290,5.7014,0.0276,0.2176,18612.5234,NA
parkey.exe,38476,0x25B69970950,DXGI,1,4,0,Composed: Flip,18645.3086,NA,16.64650000000000,16.67600000000000,0.10760000000000,7.35710000000000,28.9176,18628.7654,16.6508,16.5432,0.1076,16.6455,7.2548,7.2354,0.0194,-0.4340,18628.7654,NA
parkey.exe,38476,0x25B69970950,DXGI,1,4,0,Composed: Flip,18662.0181,NA,16.70950000000000,16.68310000000000,0.10750000000000,5.72980000000000,28.8912,18645.4162,16.7094,16.6019,0.1075,16.5671,5.7646,5.7428,0.0218,-0.0323,18645.4162,NA
parkey.exe,38476,0x25B69970950,DXGI,1,4,0,Composed: Flip,18678.6954,NA,16.67730000000000,16.69310000000000,0.12170000000000,7.40230000000000,28.9070,18662.1256,16.6915,16.5698,0.1217,16.5355,7.4366,7.4167,0.0199,0.0163,18662.1256,NA
parkey.exe,38476,0x25B69970950,DXGI,1,4,0,Composed: Flip,18695.4566,NA,16.76120000000000,16.67270000000000,0.10880000000000,5.71540000000000,28.8185,18678.8171,16.7483,16.6395,0.1088,16.5998,5.7551,5.7300,0.0251,0.0188,18678.8171,NA
parkey.exe,38476,0x25B69970950,DXGI,1,4,0,Composed: Flip,18711.9829,NA,16.52630000000000,16.67570000000000,0.11080000000000,5.71170000000000,28.9679,18695.5654,16.5283,16.4175,0.1108,16.3827,5.7465,5.7208,0.0257,0.0726,18695.5654,NA
parkey.exe,38476,0x25B69970950,DXGI,1,4,0,Composed: Flip,18728.6917,NA,16.70880000000000,16.67740000000000,0.11060000000000,7.31720000000000,28.9365,18712.0937,16.7086,16.5980,0.1106,16.6446,7.2706,7.2450,0.0256,-0.1491,18712.0937,NA
parkey.exe,38476,0x25B69970950,DXGI,1,4,0,Composed: Flip,18745.2809,NA,16.58920000000000,16.67890000000000,0.12490000000000,5.70990000000000,29.0262,18728.8023,16.6035,16.4786,0.1249,16.4424,5.7461,5.7246,0.0215,0.0297,18728.8023,NA
parkey.exe,38476,0x25B69970950,DXGI,1,4,0,Composed: Flip,18761.8630,NA,16.58210000000000,16.67910000000000,0.09850000000000,7.33270000000000,29.1232,18745.4058,16.5557,16.4572,0.0985,16.4259,7.3640,7.3415,0.0225,-0.0756,18745.4058,NA
parkey.exe,38476,0x25B69970950,DXGI,1,4,0,Composed: Flip,18778.4063,NA,16.54330000000000,16.67920000000000,0.09280000000000,5.70940000000000,29.2591,18761.9615,16.5376,16.4448,0.0928,16.4120,5.7422,5.7178,0.0244,-0.1235,18761.9615,NA
parkey.exe,38476,0x25B69970950,DXGI,1,4,0,Composed: Flip,18795.1130,NA,16.70670000000000,16.68670000000000,0.09430000000000,5.72920000000000,29.2391,18778.4991,16.7082,16.6139,0.0943,16.5845,5.7586,5.7387,0.0199,-0.1491,18778.4991,NA
parkey.exe,38476,0x25B69970950,DXGI,1,4,0,Composed: Flip,18811.8372,NA,16.72420000000000,16.68060000000000,0.11550000000000,7.35810000000000,29.1955,18795.2073,16.7454,16.6299,0.1155,16.5987,7.3893,7.3678,0.0215,0.0276,18795.2073,NA
parkey.exe,38476,0x25B69970950,DXGI,1,4,0,Composed: Flip,18828.4450,NA,16.60780000000000,16.67320000000000,0.09160000000000,5.72500000000000,29.2609,18811.9527,16.5839,16.4923,0.0916,16.4592,5.7581,5.7352,0.0229,0.0722,18811.9527,NA
parkey.exe,38476,0x25B69970950,DXGI,1,4,0,Composed: Flip,18845.0606,NA,16.61560000000000,16.68330000000000,0.09620000000000,7.41330000000000,29.3286,18828.5366,16.6202,16.5240,0.0962,16.4940,7.4433,7.4248,0.0185,-0.0994,18828.5366,NA
parkey.exe,38476,0x25B69970950,DXGI,1,4,0,Composed: Flip,18861.6720,NA,16.61140000000000,16.67910000000000,0.10840000000000,5.70800000000000,29.3963,18845.1568,16.6236,16.5152,0.1084,16.4855,5.7377,5.7126,0.0251,-0.0589,18845.1568,NA
parkey.exe,38476,0x25B69970950,DXGI,1,4,0,Composed: Flip,18879.0435,NA,17.37150000000000,16.68250000000000,0.12380000000000,6.97790000000000,28.7073,18861.7804,17.3869,17.2631,0.1238,17.2240,7.0170,6.9922,0.0248,-0.0589,18861.7804,NA
parkey.exe,38476,0x25B69970950,DXGI,1,4,0,Composed: Flip,18895.7871,NA,16.74360000000000,16.68450000000000,0.12250000000000,7.92610000000000,28.6482,18879.1673,16.7423,16.6198,0.1225,16.5730,7.9729,7.9498,0.0231,0.7024,18879.1673,NA
parkey.exe,38476,0x25B69970950,DXGI,1,4,0,Composed: Flip,18912.3265,NA,16.53940000000000,16.67560000000000,0.11350000000000,6.81440000000000,28.7844,18895.9096,16.5304,16.4169,0.1135,16.3778,6.8535,6.8369,0.0166,0.0667,18895.9096,NA
parkey.exe,38476,0x25B69970950,DXGI,1,4,0,Composed: Flip,18928.7623,NA,16.43580000000000,16.68330000000000,0.13130000000000,8.00910000000000,29.0319,18912.4400,16.4536,16.3223,0.1313,16.2868,8.0446,8.0280,0.0166,-0.1529,18912.4400,NA
parkey.exe,38476,0x25B69970950,DXGI,1,4,0,Composed: Flip,18945.6858,NA,16.92350000000000,16.68190000000000,0.11460000000000,6.74900000000000,28.7903,18928.8936,16.9068,16.7922,0.1146,16.7523,6.7889,6.7661,0.0228,-0.2283,18928.8936,NA
parkey.exe,38476,0x25B69970950,DXGI,1,4,0,Composed: Flip,18962.3719,NA,16.68610000000000,16.67490000000000,0.11860000000000,6.94300000000000,28.7791,18945.8004,16.6901,16.5715,0.1186,16.5334,6.9811,6.9641,0.0170,0.2319,18945.8004,NA
parkey.exe,38476,0x25B69970950,DXGI,1,4,0,Composed: Flip,18978.9092,NA,16.53730000000000,16.68080000000000,0.11570000000000,8.52420000000000,28.9226,18962.4905,16.5344,16.4187,0.1157,16.3800,8.5629,8.5439,0.0190,0.0093,18962.4905,NA
parkey.exe,38476,0x25B69970950,DXGI,1,4,0,Composed: Flip,18995.6824,NA,16.77320000000000,16.67840000000000,0.20330000000000,6.83160000000000,28.8278,18979.0249,16.8608,16.6575,0.2033,16.6176,6.8715,6.8544,0.0171,-0.1440,18979.0249,NA
parkey.exe,38476,0x25B69970950,DXGI,1,4,0,Composed: Flip,19012.1373,NA,16.45490000000000,16.67930000000000,0.11510000000000,8.42990000000000,29.0522,18995.8857,16.3667,16.2516,0.1151,16.2154,8.4661,8.4426,0.0235,0.1815,18995.8857,NA
parkey.exe,38476,0x25B69970950,DXGI,1,4,0,Composed: Flip,19028.6584,NA,16.52110000000000,16.67950000000000,0.11280000000000,5.70690000000000,29.2106,19012.2524,16.5188,16.4060,0.1128,16.3720,5.7409,5.7168,0.0241,-0.3128,19012.2524,NA
parkey.exe,38476,0x25B69970950,DXGI,1,4,0,Composed: Flip,19045.2345,NA,16.57610000000000,16.68330000000000,0.10330000000000,5.70510000000000,29.3178,19028.7712,16.5666,16.4633,0.1033,16.4314,5.7370,5.7106,0.0264,-0.1645,19028.7712,NA
parkey.exe,38476,0x25B69970950,DXGI,1,4,0,Composed: Flip,19061.7828,NA,16.54830000000000,16.67980000000000,0.12450000000000,7.41200000000000,29.4493,19045.3378,16.5695,16.4450,0.1245,16.4135,7.4435,7.4243,0.0192,-0.1132,19045.3378,NA
parkey.exe,38476,0x25B69970950,DXGI,1,4,0,Composed: Flip,19078.7330,NA,16.95020000000000,16.67580000000000,0.11160000000000,6.81220000000000,29.1749,19061.9073,16.9373,16.8257,0.1116,16.7894,6.8485,6.8272,0.0213,-0.1063,19061.9073,NA
parkey.exe,38476,0x25B69970950,DXGI,1,4,0,Composed: Flip,19095.6352,NA,16.90220000000000,16.68680000000000,0.12720000000000,8.47170000000000,28.9595,19078.8446,16.9178,16.7906,0.1272,16.7510,8.5113,8.4926,0.0187,0.2505,19078.8446,NA
parkey.exe,38476,0x25B69970950,DXGI,1,4,0,Composed: Flip,19112.0842,NA,16.44900000000000,16.67670000000000,0.16900000000000,6.64280000000000,29.1872,19095.7624,16.4908,16.3218,0.1690,16.2869,6.6777,6.6531,0.0246,0.2411,19095.7624,NA
parkey.exe,38476,0x25B69970950,DXGI,1,4,0,Composed: Flip,19128.8027,NA,16.71850000000000,16.68350000000000,0.11320000000000,7.67030000000000,29.1522,19112.2532,16.6627,16.5495,0.1132,16.5156,7.7042,7.6878,0.0164,-0.1927,19112.2532,NA
parkey.exe,38476,0x25B69970950,DXGI,1,4,0,Composed: Flip,19145.6577,NA,16.85500000000000,16.67500000000000,0.13050000000000,8.32600000000000,28.9722,19128.9159,16.8723,16.7418,0.1305,16.6954,8.3724,8.3549,0.0175,-0.0123,19128.9159,NA
parkey.exe,38476,0x25B69970950,DXGI,1,4,0,Composed: Flip,19162.1970,NA,16.53930000000000,16.69490000000000,0.11280000000000,6.81070000000000,29.1278,19145.7882,16.5216,16.4088,0.1128,16.3736,6.8459,6.8289,0.0170,0.1774,19145.7882,NA
parkey.exe,38476,0x25B69970950,DXGI,1,4,0,Composed: Flip,19178.6889,NA,16.49190000000000,16.66520000000000,0.13200000000000,7.98310000000000,29.3011,19162.3098,16.5111,16.3791,0.1320,16.3457,8.0165,7.9978,0.0187,-0.1436,19162.3098,NA
parkey.exe,38476,0x25B69970950,DXGI,1,4,0,Composed: Flip,19195.7179,NA,17.02900000000000,16.68310000000000,0.12620000000000,6.62370000000000,28.9552,19178.8209,17.0232,16.8970,0.1262,16.8575,6.6632,6.6396,0.0236,-0.1720,19178.8209,NA
parkey.exe,38476,0x25B69970950,DXGI,1,4,0,Composed: Flip,19212.0794,NA,16.36150000000000,16.68490000000000,0.11380000000000,7.65070000000000,29.2786,19195.8441,16.3491,16.2353,0.1138,16.1990,7.6870,7.6732,0.0138,0.3383,19195.8441,NA
parkey.exe,38476,0x25B69970950,DXGI,1,4,0,Composed: Flip,19228.6529,NA,16.57350000000000,16.68030000000000,0.12010000000000,7.38930000000000,29.3854,19212.1932,16.5798,16.4597,0.1201,16.5552,7.2938,7.2761,0.0177,-0.3312,19212.1932,NA
parkey.exe,38476,0x25B69970950,DXGI,1,4,0,Composed: Flip,19245.4429,NA,16.79000000000000,16.67660000000000,0.12860000000000,5.70900000000000,29.2720,19228.7730,16.7985,16.6699,0.1286,16.6349,5.7440,5.7217,0.0223,-0.0968,19228.7730,NA
parkey.exe,38476,0x25B69970950,DXGI,1,4,0,Composed: Flip,19262.2108,NA,16.76790000000000,16.67330000000000,0.13250000000000,7.39510000000000,29.1774,19245.5715,16.7718,16.6393,0.1325,16.6004,7.4340,7.4093,0.0247,0.1252,19245.5715,NA
parkey.exe,38476,0x25B69970950,DXGI,1,4,0,Composed: Flip,19279.1195,NA,16.90870000000000,16.68630000000000,0.12980000000000,6.74840000000000,28.9550,19262.3433,16.9060,16.7762,0.1298,16.7350,6.7896,6.7711,0.0185,0.0855,19262.3433,NA
parkey.exe,38476,0x25B69970950,DXGI,1,4,0,Composed: Flip,19295.5658,NA,16.44630000000000,16.68560000000000,0.12090000000000,7.69900000000000,29.1943,19279.2493,16.4374,16.3165,0.1209,16.2743,7.7412,7.7234,0.0178,0.2204,19279.2493,NA
parkey.exe,38476,0x25B69970950,DXGI,1,4,0,Composed: Flip,19312.3351,NA,16.76930000000000,16.68540000000000,0.15110000000000,8.20410000000000,29.1104,19295.6867,16.7995,16.6484,0.1511,16.5943,8.2582,8.2403,0.0179,-0.2480,19295.6867,NA
parkey.exe,38476,0x25B69970950,DXGI,1,4,0,Composed: Flip,19328.9190,NA,16.58390000000000,16.66960000000000,0.10890000000000,6.81820000000000,29.1961,19312.4862,16.5417,16.4328,0.1089,16.3966,6.8544,6.8331,0.0213,0.1299,19312.4862,NA
parkey.exe,38476,0x25B69970950,DXGI,1,4,0,Composed: Flip,19345.5361,NA,16.61710000000000,16.67500000000000,0.11830000000000,8.16320000000000,29.2540,19329.0279,16.6265,16.5082,0.1183,16.4680,8.2034,8.1824,0.0210,-0.1333,19329.0279,NA
parkey.exe,38476,0x25B69970950,DXGI,1,4,0,Composed: Flip,19362.2846,NA,16.74850000000000,16.68530000000000,0.13800000000000,6.77070000000000,29.1908,19345.6544,16.7682,16.6302,0.1380,16.5920,6.8089,6.7911,0.0178,-0.0588,19345.6544,NA
parkey.exe,38476,0x25B69970950,DXGI,1,4,0,Composed: Flip,19378.7922,NA,16.50760000000000,16.68570000000000,0.11560000000000,7.65420000000000,29.3689,19362.4226,16.4852,16.3696,0.1156,16.3334,7.6904,7.6735,0.0169,0.0825,19362.4226,NA
parkey.exe,38476,0x25B69970950,DXGI,1,4,0,Composed: Flip,19395.5031,NA,16.71090000000000,16.67430000000000,0.11990000000000,8.28510000000000,29.3323,19378.9078,16.7152,16.5953,0.1199,16.6634,8.2170,8.1989,0.0181,-0.1891,19378.9078,NA
parkey.exe,38476,0x25B69970950,DXGI,1,4,0,Composed: Flip,19412.1292,NA,16.62610000000000,16.68220000000000,0.11040000000000,6.82300000000000,29.3884,19395.6230,16.6166,16.5062,0.1104,16.4692,6.8600,6.8425,0.0175,0.0330,19395.6230,NA
parkey.exe,38476,0x25B69970950,DXGI,1,4,0,Composed: Flip,19428.8709,NA,16.74170000000000,16.69310000000000,0.14040000000000,8.18540000000000,29.3398,19412.2396,16.7717,16.6313,0.1404,16.5910,8.2257,8.2023,0.0234,-0.0765,19412.2396,NA
parkey.exe,38476,0x25B69970950,DXGI,1,4,0,Composed: Flip,19445.7696,NA,16.89870000000000,16.66540000000000,0.12390000000000,6.75770000000000,29.1065,19429.0113,16.8822,16.7583,0.1239,16.7216,6.7944,6.7745,0.0199,0.1063,19429.0113,NA
parkey.exe,38476,0x25B69970950,DXGI,1,4,0,Composed: Flip,19462.1134,NA,16.34380000000000,16.67870000000000,0.11650000000000,7.67490000000000,29.4414,19445.8935,16.3364,16.2199,0.1165,16.1806,7.7142,7.6997,0.0145,0.2035,19445.8935,NA
parkey.exe,38476,0x25B69970950,DXGI,1,4,0,Composed: Flip,19478.8297,NA,16.71630000000000,16.68280000000000,0.11900000000000,8.37160000000000,29.4079,19462.2299,16.7188,16.5998,0.1190,16.6772,8.2942,8.2653,0.0289,-0.3464,19462.2299,NA
parkey.exe,38476,0x25B69970950,DXGI,1,4,0,Composed: Flip,19495.4850,NA,16.65530000000000,16.68010000000000,0.13100000000000,6.84420000000000,29.4327,19478.9487,16.6673,16.5363,0.1310,16.4989,6.8816,6.8630,0.0186,0.0387,19478.9487,NA
parkey.exe,38476,0x25B69970950,DXGI,1,4,0,Composed: Flip,19512.1914,NA,16.70640000000000,16.67910000000000,0.11550000000000,8.05960000000000,29.4054,19495.6160,16.6909,16.5754,0.1155,16.5376,8.0974,8.0756,0.0218,-0.0118,19495.6160,NA
parkey.exe,38476,0x25B69970950,DXGI,1,4,0,Composed: Flip,19529.0087,NA,16.81730000000000,16.67990000000000,0.12550000000000,6.78950000000000,29.2680,19512.3069,16.8273,16.7018,0.1255,16.6641,6.8272,6.8038,0.0234,0.0110,19512.3069,NA
parkey.exe,38476,0x25B69970950,DXGI,1,4,0,Composed: Flip,19545.5210,NA,16.51230000000000,16.70200000000000,0.11610000000000,7.67910000000000,29.4577,19529.1342,16.5029,16.3868,0.1161,16.3501,7.7158,7.6981,0.0177,0.1253,19529.1342,NA
parkey.exe,38476,0x25B69970950,DXGI,1,4,0,Composed: Flip,19562.0565,NA,16.53550000000000,16.66500000000000,0.13720000000000,8.39700000000000,29.5872,19545.6371,16.5566,16.4194,0.1372,16.5353,8.2811,8.2649,0.0162,-0.1621,19545.6371,NA
parkey.exe,38476,0x25B69970950,DXGI,1,4,0,Composed: Flip,19578.9046,NA,16.84810000000000,16.68410000000000,0.11310000000000,6.83300000000000,29.4232,19562.1937,16.8240,16.7109,0.1131,16.6724,6.8715,6.8528,0.0187,-0.1275,19562.1937,NA
parkey.exe,38476,0x25B69970950,DXGI,1,4,0,Composed: Flip,19595.3634,NA,16.45880000000000,16.66110000000000,0.11160000000000,8.00800000000000,29.6255,19579.0177,16.4573,16.3457,0.1116,16.3085,8.0452,8.0278,0.0174,0.1629,19579.0177,NA
parkey.exe,38476,0x25B69970950,DXGI,1,4,0,Composed: Flip,19612.0995,NA,16.73610000000000,16.69000000000000,0.14850000000000,6.63990000000000,29.5794,19595.4750,16.7730,16.6245,0.1485,16.5830,6.6814,6.6583,0.0231,-0.2327,19595.4750,NA
parkey.exe,38476,0x25B69970950,DXGI,1,4,0,Composed: Flip,19628.9129,NA,16.81340000000000,16.67770000000000,0.11300000000000,7.66630000000000,29.4437,19612.2480,16.7779,16.6649,0.1130,16.6286,7.7026,7.6720,0.0306,0.0953,19612.2480,NA
parkey.exe,38476,0x25B69970950,DXGI,1,4,0,Composed: Flip,19645.6433,NA,16.73040000000000,16.68200000000000,0.12800000000000,8.26710000000000,29.3953,19629.0259,16.7454,16.6174,0.1280,16.6079,8.2766,8.2585,0.0181,0.0959,19629.0259,NA
parkey.exe,38476,0x25B69970950,DXGI,1,4,0,Composed: Flip,19662.0837,NA,16.44040000000000,16.68790000000000,0.10840000000000,6.82720000000000,29.6428,19645.7713,16.4208,16.3124,0.1084,16.2778,6.8618,6.8471,0.0147,0.0575,19645.7713,NA
parkey.exe,38476,0x25B69970950,DXGI,1,4,0,Composed: Flip,19678.6581,NA,16.57440000000000,16.67020000000000,0.12740000000000,7.99350000000000,29.7386,19662.1921,16.5934,16.4660,0.1274,16.4336,8.0259,8.0087,0.0172,-0.2494,19662.1921,NA
parkey.exe,38476,0x25B69970950,DXGI,1,4,0,Composed: Flip,19695.7563,NA,17.09820000000000,16.68420000000000,0.12520000000000,7.03400000000000,29.3246,19678.7855,17.0960,16.9708,0.1252,16.9335,7.0713,7.0509,0.0204,-0.0908,19678.7855,NA
parkey.exe,38476,0x25B69970950,DXGI,1,4,0,Composed: Flip,19712.3776,NA,16.62130000000000,16.67830000000000,0.12510000000000,7.68020000000000,29.3816,19695.8815,16.6212,16.4961,0.1251,16.4513,7.7250,7.7091,0.0159,0.4177,19695.8815,NA
parkey.exe,38476,0x25B69970950,DXGI,1,4,0,Composed: Flip,19729.0083,NA,16.63070000000000,16.68140000000000,0.12370000000000,8.36680000000000,29.4323,19712.5027,16.6293,16.5056,0.1237,16.4564,8.4160,8.3995,0.0165,-0.0602,19712.5027,NA
parkey.exe,38476,0x25B69970950,DXGI,1,4,0,Composed: Flip,19745.5763,NA,16.56800000000000,16.67900000000000,0.12890000000000,6.81270000000000,29.5433,19729.1320,16.5732,16.4443,0.1289,16.4036,6.8534,6.8359,0.0175,-0.0497,19729.1320,NA
parkey.exe,38476,0x25B69970950,DXGI,1,4,0,Composed: Flip,19762.2129,NA,16.63660000000000,16.68050000000000,0.11850000000000,8.00540000000000,29.5872,19745.7052,16.6262,16.5077,0.1185,16.4690,8.0441,8.0202,0.0239,-0.1073,19745.7052,NA
parkey.exe,38476,0x25B69970950,DXGI,1,4,0,Composed: Flip,19778.8467,NA,16.63380000000000,16.68360000000000,0.11480000000000,6.66320000000000,29.6370,19762.3314,16.6301,16.5153,0.1148,16.4757,6.7028,6.6788,0.0240,-0.0574,19762.3314,NA
parkey.exe,38476,0x25B69970950,DXGI,1,4,0,Composed: Flip,19795.4766,NA,16.62990000000000,16.67820000000000,0.11640000000000,7.67810000000000,29.6853,19778.9615,16.6315,16.5151,0.1164,16.4742,7.7190,7.7002,0.0188,-0.0481,19778.9615,NA
parkey.exe,38476,0x25B69970950,DXGI,1,4,0,Composed: Flip,19812.1546,NA,16.67800000000000,16.67970000000000,0.14300000000000,8.34240000000000,29.6870,19795.5930,16.7046,16.5616,0.1430,16.6666,8.2374,8.2113,0.0261,-0.0482,19795.5930,NA
parkey.exe,38476,0x25B69970950,DXGI,1,4,0,Composed: Flip,19828.8366,NA,16.68200000000000,16.67980000000000,0.14480000000000,6.82180000000000,29.6848,19812.2976,16.6838,16.5390,0.1448,16.4992,6.8616,6.8447,0.0169,0.0248,19812.2976,NA
parkey.exe,38476,0x25B69970950,DXGI,1,4,0,Composed: Flip,19845.3915,NA,16.55490000000000,16.67940000000000,0.11410000000000,8.02370000000000,29.8093,19828.9814,16.5242,16.4101,0.1141,16.3728,8.0610,8.0443,0.0167,0.0044,19828.9814,NA
parkey.exe,38476,0x25B69970950,DXGI,1,4,0,Composed: Flip,19862.0863,NA,16.69480000000000,16.68050000000000,0.13180000000000,6.65200000000000,29.7950,19845.5056,16.7125,16.5807,0.1318,16.5461,6.6866,6.6676,0.0190,-0.1563,19845.5056,NA
parkey.exe,38476,0x25B69970950,DXGI,1,4,0,Composed: Flip,19878.8055,NA,16.71920000000000,16.67970000000000,0.11660000000000,7.67450000000000,29.7555,19862.2181,16.7040,16.5874,0.1166,16.5489,7.7130,7.6967,0.0163,0.0328,19862.2181,NA
parkey.exe,38476,0x25B69970950,DXGI,1,4,0,Composed: Flip,19895.5768,NA,16.77130000000000,16.68110000000000,0.12090000000000,8.31970000000000,29.6653,19878.9221,16.7756,16.6547,0.1209,16.6964,8.2780,8.2585,0.0195,0.0229,19878.9221,NA
parkey.exe,38476,0x25B69970950,DXGI,1,4,0,Composed: Flip,19912.0935,NA,16.51670000000000,16.69480000000000,0.11760000000000,6.84420000000000,29.8434,19895.6977,16.5134,16.3958,0.1176,16.3608,6.8792,6.8620,0.0172,0.0808,19895.6977,NA
parkey.exe,38476,0x25B69970950,DXGI,1,4,0,Composed: Flip,19928.8041,NA,16.71060000000000,16.66690000000000,0.14000000000000,8.03470000000000,29.7997,19912.2111,16.7330,16.5930,0.1400,16.5528,8.0749,8.0574,0.0175,-0.1535,19912.2111,NA
parkey.exe,38476,0x25B69970950,DXGI,1,4,0,Composed: Flip,19945.4741,NA,16.67000000000000,16.68070000000000,0.15920000000000,7.96520000000000,29.8104,19928.9441,16.6892,16.5300,0.1592,16.4895,8.0057,7.9875,0.0182,0.0523,19928.9441,NA
parkey.exe,38476,0x25B69970950,DXGI,1,4,0,Composed: Flip,19962.1932,NA,16.71910000000000,16.68340000000000,0.12040000000000,7.32630000000000,29.7747,19945.6333,16.6803,16.5599,0.1204,16.5244,7.3618,7.3442,0.0176,0.0058,19945.6333,NA
parkey.exe,38476,0x25B69970950,DXGI,1,4,0,Composed: Flip,19978.8116,NA,16.61840000000000,16.67450000000000,0.11980000000000,8.36260000000000,29.8308,19962.3136,16.6178,16.4980,0.1198,16.4539,8.4067,8.3866,0.0201,0.0058,19962.3136,NA
parkey.exe,38476,0x25B69970950,DXGI,1,4,0,Composed: Flip,19995.4921,NA,16.68050000000000,16.68510000000000,0.13710000000000,6.88050000000000,29.8354,19978.9314,16.6978,16.5607,0.1371,16.5209,6.9203,6.9020,0.0183,-0.0673,19978.9314,NA
parkey.exe,38476,0x25B69970950,DXGI,1,4,0,Composed: Flip,20012.1678,NA,16.67570000000000,16.66970000000000,0.12730000000000,8.01660000000000,29.8294,19995.6292,16.6659,16.5386,0.1273,16.4973,8.0579,8.0264,0.0315,0.0281,19995.6292,NA
parkey.exe,38476,0x25B69970950,DXGI,1,4,0,Composed: Flip,20028.7661,NA,16.59830000000000,16.68450000000000,0.11710000000000,6.65620000000000,29.9156,20012.2951,16.5881,16.4710,0.1171,16.4343,6.6929,6.6534,0.0395,-0.0186,20012.2951,NA
parkey.exe,38476,0x25B69970950,DXGI,1,4,0,Composed: Flip,20045.4026,NA,16.63650000000000,16.68310000000000,0.11540000000000,7.68150000000000,29.9622,20028.8832,16.6348,16.5194,0.1154,16.4792,7.7217,7.7062,0.0155,-0.0950,20028.8832,NA
parkey.exe,38476,0x25B69970950,DXGI,1,4,0,Composed: Flip,20062.0940,NA,16.69140000000000,16.68320000000000,0.14040000000000,8.40800000000000,29.9540,20045.5180,16.7164,16.5760,0.1404,16.5350,8.4490,8.4324,0.0166,-0.0484,20045.5180,NA
parkey.exe,38476,0x25B69970950,DXGI,1,4,0,Composed: Flip,20078.8570,NA,16.76300000000000,16.67510000000000,0.11250000000000,6.80130000000000,29.8661,20062.2344,16.7351,16.6226,0.1125,16.5805,6.8434,6.8253,0.0181,0.0413,20062.2344,NA
parkey.exe,38476,0x25B69970950,DXGI,1,4,0,Composed: Flip,20095.6577,NA,16.80070000000000,16.67490000000000,0.12540000000000,8.03830000000000,29.7403,20078.9695,16.8136,16.6882,0.1254,16.6477,8.0788,8.0598,0.0190,0.0602,20078.9695,NA
parkey.exe,38476,0x25B69970950,DXGI,1,4,0,Composed: Flip,20112.1356,NA,16.47790000000000,16.68190000000000,0.14580000000000,6.65190000000000,29.9443,20095.7831,16.4983,16.3525,0.1458,16.3177,6.6867,6.6629,0.0238,0.1317,20095.7831,NA
parkey.exe,38476,0x25B69970950,DXGI,1,4,0,Composed: Flip,20129.0283,NA,16.89270000000000,16.75690000000000,0.12470000000000,7.64640000000000,29.8085,20112.2814,16.8716,16.7469,0.1247,16.7051,7.6882,7.6715,0.0167,-0.2586,20112.2814,NA
parkey.exe,38476,0x25B69970950,DXGI,1,4,0,Composed: Flip,20145.6042,NA,16.57590000000000,16.61430000000000,0.12460000000000,8.42370000000000,29.8469,20129.1530,16.5758,16.4512,0.1246,16.4049,8.4700,8.4473,0.0227,0.2573,20129.1530,NA
parkey.exe,38476,0x25B69970950,DXGI,1,4,0,Composed: Flip,20162.1341,NA,16.52990000000000,16.67870000000000,0.10920000000000,6.75340000000000,29.9957,20145.7288,16.5145,16.4053,0.1092,16.3678,6.7909,6.7733,0.0176,-0.1029,20145.7288,NA
parkey.exe,38476,0x25B69970950,DXGI,1,4,0,Composed: Flip,20178.6823,NA,16.54820000000000,16.67860000000000,0.13340000000000,8.01210000000000,30.1261,20162.2433,16.5724,16.4390,0.1334,16.4025,8.0486,8.0309,0.0177,-0.1641,20162.2433,NA
parkey.exe,38476,0x25B69970950,DXGI,1,4,0,Composed: Flip,20195.9013,NA,17.21900000000000,16.68360000000000,0.11660000000000,6.63240000000000,29.5907,20178.8157,17.2022,17.0856,0.1166,17.0450,6.6730,6.6483,0.0247,-0.1112,20178.8157,NA
parkey.exe,38476,0x25B69970950,DXGI,1,4,0,Composed: Flip,20212.3067,NA,16.40540000000000,16.73660000000000,0.12730000000000,7.66850000000000,29.9219,20196.0179,16.4161,16.2888,0.1273,16.2446,7.7127,7.6906,0.0221,0.4656,20196.0179,NA
parkey.exe,38476,0x25B69970950,DXGI,1,4,0,Composed: Flip,20228.8262,NA,16.51950000000000,16.61820000000000,0.12350000000000,8.36430000000000,30.0206,20212.4340,16.5157,16.3922,0.1235,16.3494,8.4071,8.3798,0.0273,-0.2021,20212.4340,NA
parkey.exe,38476,0x25B69970950,DXGI,1,4,0,Composed: Flip,20245.6225,NA,16.79630000000000,16.67810000000000,0.14150000000000,6.83390000000000,29.9024,20228.9497,16.8143,16.6728,0.1415,16.6310,6.8757,6.8574,0.0183,-0.1624,20228.9497,NA
parkey.exe,38476,0x25B69970950,DXGI,1,4,0,Composed: Flip,20262.1687,NA,16.54620000000000,16.67220000000000,0.11480000000000,8.04390000000000,30.0284,20245.7640,16.5195,16.4047,0.1148,16.3685,8.0801,8.0628,0.0173,0.1421,20245.7640,NA
parkey.exe,38476,0x25B69970950,DXGI,1,4,0,Composed: Flip,20278.7335,NA,16.56480000000000,16.68390000000000,0.11760000000000,7.99290000000000,30.1475,20262.2835,16.5676,16.4500,0.1176,16.4091,8.0338,8.0118,0.0220,-0.1644,20262.2835,NA
parkey.exe,38476,0x25B69970950,DXGI,1,4,0,Composed: Flip,20295.2784,NA,16.54490000000000,16.68280000000000,0.10950000000000,7.31290000000000,30.2854,20278.8511,16.5368,16.4273,0.1095,16.3928,7.3474,7.3306,0.0168,-0.1152,20278.8511,NA
parkey.exe,38476,0x25B69970950,DXGI,1,4,0,Composed: Flip,20311.8428,NA,16.56440000000000,16.68230000000000,0.12480000000000,7.41360000000000,30.4033,20295.3879,16.5797,16.4549,0.1248,16.4217,7.4468,7.4181,0.0287,-0.1455,20295.3879,NA
parkey.exe,38476,0x25B69970950,DXGI,1,4,0,Composed: Flip,20328.4963,NA,16.65350000000000,16.67570000000000,0.10420000000000,5.72180000000000,30.4255,20311.9676,16.6329,16.5287,0.1042,16.4952,5.7553,5.7288,0.0265,-0.0960,20311.9676,NA
parkey.exe,38476,0x25B69970950,DXGI,1,4,0,Composed: Flip,20345.1174,NA,16.62110000000000,16.68320000000000,0.10140000000000,7.41110000000000,30.4876,20328.6005,16.6183,16.5169,0.1014,16.4859,7.4421,7.4231,0.0190,-0.0503,20328.6005,NA
parkey.exe,38476,0x25B69970950,DXGI,1,4,0,Composed: Flip,20361.8460,NA,16.72860000000000,16.68110000000000,0.12220000000000,5.70350000000000,30.4401,20345.2188,16.7494,16.6272,0.1222,16.5835,5.7472,5.7235,0.0237,-0.0628,20345.2188,NA
parkey.exe,38476,0x25B69970950,DXGI,1,4,0,Composed: Flip,20378.4898,NA,16.64380000000000,16.68920000000000,0.10970000000000,7.32300000000000,30.4855,20361.9682,16.6313,16.5216,0.1097,16.4802,7.3644,7.3469,0.0175,0.0602,20361.9682,NA
parkey.exe,38476,0x25B69970950,DXGI,1,4,0,Composed: Flip,20395.1797,NA,16.68990000000000,16.67820000000000,0.12380000000000,7.41610000000000,30.4738,20378.5995,16.7040,16.5802,0.1238,16.5372,7.4591,7.4394,0.0197,-0.0469,20378.5995,NA
parkey.exe,38476,0x25B69970950,DXGI,1,4,0,Composed: Flip,20411.7027,NA,16.52300000000000,16.67960000000000,0.10240000000000,5.70200000000000,30.6304,20395.3035,16.5016,16.3992,0.1024,16.3696,5.7316,5.7113,0.0203,0.0244,20395.3035,NA
parkey.exe,38476,0x25B69970950,DXGI,1,4,0,Composed: Flip,20428.2088,NA,16.50610000000000,16.67160000000000,0.11740000000000,7.29480000000000,30.7959,20411.8051,16.5211,16.4037,0.1174,16.3731,7.3254,7.3000,0.0254,-0.1700,20411.8051,NA
parkey.exe,38476,0x25B69970950,DXGI,1,4,0,Composed: Flip,20445.2866,NA,17.07780000000000,16.68500000000000,0.10610000000000,5.96390000000000,30.4031,20428.3262,17.0665,16.9604,0.1061,16.9222,6.0021,5.9831,0.0190,-0.1639,20428.3262,NA
parkey.exe,38476,0x25B69970950,DXGI,1,4,0,Composed: Flip,20461.6005,NA,16.31390000000000,16.67800000000000,0.09690000000000,7.33290000000000,30.7672,20445.3927,16.3047,16.2078,0.0969,16.1804,7.3603,7.3431,0.0172,0.3885,20445.3927,NA
parkey.exe,38476,0x25B69970950,DXGI,1,4,0,Composed: Flip,20478.2908,NA,16.69030000000000,16.69460000000000,0.10500000000000,7.34210000000000,30.7715,20461.6974,16.6984,16.5934,0.1050,16.5264,7.4091,7.3888,0.0203,-0.3899,20461.6974,NA
parkey.exe,38476,0x25B69970950,DXGI,1,4,0,Composed: Flip,20495.1294,NA,16.83860000000000,16.66810000000000,0.11690000000000,5.72880000000000,30.6010,20478.3958,16.8505,16.7336,0.1169,16.7012,5.7612,5.7373,0.0239,0.0303,20478.3958,NA
parkey.exe,38476,0x25B69970950,DXGI,1,4,0,Composed: Flip,20511.8715,NA,16.74210000000000,16.67440000000000,0.10720000000000,7.37420000000000,30.5333,20495.2463,16.7324,16.6252,0.1072,16.5903,7.4091,7.3798,0.0293,0.1761,20495.2463,NA
parkey.exe,38476,0x25B69970950,DXGI,1,4,0,Composed: Flip,20528.4950,NA,16.62350000000000,16.69630000000000,0.10360000000000,5.71120000000000,30.6061,20511.9787,16.6199,16.5163,0.1036,16.4814,5.7461,5.7230,0.0231,0.0361,20511.9787,NA
parkey.exe,38476,0x25B69970950,DXGI,1,4,0,Composed: Flip,20545.0066,NA,16.51160000000000,16.66910000000000,0.09780000000000,7.26990000000000,30.7636,20528.5986,16.5058,16.4080,0.0978,16.3781,7.2998,7.2829,0.0169,-0.0492,20528.5986,NA
parkey.exe,38476,0x25B69970950,DXGI,1,4,0,Composed: Flip,20561.7437,NA,16.73710000000000,16.68040000000000,0.11650000000000,7.37820000000000,30.7069,20545.1044,16.7558,16.6393,0.1165,16.6069,7.4106,7.3875,0.0231,-0.1746,20545.1044,NA
parkey.exe,38476,0x25B69970950,DXGI,1,4,0,Composed: Flip,20578.6291,NA,16.88540000000000,16.69640000000000,0.10730000000000,5.70640000000000,30.5179,20561.8602,16.8762,16.7689,0.1073,16.7348,5.7405,5.7181,0.0224,0.0594,20561.8602,NA
parkey.exe,38476,0x25B69970950,DXGI,1,4,0,Composed: Flip,20595.4187,NA,16.78960000000000,16.66730000000000,0.13550000000000,7.35770000000000,30.3956,20578.7364,16.8178,16.6823,0.1355,16.6422,7.3978,7.3795,0.0183,0.2089,20578.7364,NA
parkey.exe,38476,0x25B69970950,DXGI,1,4,0,Composed: Flip,20612.2639,NA,16.84520000000000,16.68240000000000,0.15460000000000,5.72470000000000,30.2328,20595.5542,16.8643,16.7097,0.1546,16.6708,5.7636,5.7357,0.0279,0.1354,20595.5542,NA
parkey.exe,38476,0x25B69970950,DXGI,1,4,0,Composed: Flip,20629.0868,NA,16.82290000000000,16.66620000000000,0.13230000000000,7.26170000000000,30.0761,20612.4185,16.8006,16.6683,0.1323,16.6210,7.3090,7.2915,0.0175,0.1981,20612.4185,NA
parkey.exe,38476,0x25B69970950,DXGI,1,4,0,Composed: Flip,20645.1622,NA,16.07540000000000,16.68450000000000,0.11110000000000,7.31480000000000,30.6852,20629.2191,16.0542,15.9431,0.1111,15.9107,7.3472,7.3261,0.0211,0.1161,20629.2191,NA
parkey.exe,38476,0x25B69970950,DXGI,1,4,0,Composed: Flip,20661.8624,NA,16.70020000000000,16.68560000000000,0.11280000000000,5.69930000000000,30.6706,20645.2733,16.7019,16.5891,0.1128,16.5557,5.7327,5.7101,0.0226,-0.6314,20645.2733,NA
parkey.exe,38476,0x25B69970950,DXGI,1,4,0,Composed: Flip,20678.4084,NA,16.54600000000000,16.67710000000000,0.12030000000000,7.43030000000000,30.8017,20661.9752,16.5535,16.4332,0.1203,16.3992,7.4643,7.4454,0.0189,0.0248,20661.9752,NA
parkey.exe,38476,0x25B69970950,DXGI,1,4,0,Composed: Flip,20695.2727,NA,16.86430000000000,16.68670000000000,0.10950000000000,5.98110000000000,30.6241,20678.5287,16.8535,16.7440,0.1095,16.7098,6.0153,5.9876,0.0277,-0.1332,20678.5287,NA
parkey.exe,38476,0x25B69970950,DXGI,1,4,0,Composed: Flip,20711.6733,NA,16.40060000000000,16.67260000000000,0.09910000000000,7.33850000000000,30.8961,20695.3822,16.3902,16.2911,0.0991,16.2622,7.3674,7.3517,0.0157,0.1809,20695.3822,NA
parkey.exe,38476,0x25B69970950,DXGI,1,4,0,Composed: Flip,20728.9374,NA,17.26410000000000,16.68580000000000,0.15010000000000,7.37070000000000,30.3178,20711.7724,17.3151,17.1650,0.1501,17.1246,7.4111,7.3883,0.0228,-0.2956,20711.7724,NA
parkey.exe,38476,0x25B69970950,DXGI,1,4,0,Composed: Flip,20745.4434,NA,16.50600000000000,16.67660000000000,0.12480000000000,5.70610000000000,30.4884,20729.0875,16.4807,16.3559,0.1248,16.3166,5.7454,5.7183,0.0271,0.6385,20729.0875,NA
parkey.exe,38476,0x25B69970950,DXGI,1,4,0,Composed: Flip,20761.7270,NA,16.28360000000000,16.67770000000000,0.11450000000000,7.43140000000000,30.8825,20745.5682,16.2733,16.1588,0.1145,16.1259,7.4643,7.4469,0.0174,-0.1970,20745.5682,NA
parkey.exe,38476,0x25B69970950,DXGI,1,4,0,Composed: Flip,20778.3701,NA,16.64310000000000,16.68300000000000,0.10130000000000,5.66810000000000,30.9224,20761.8415,16.6299,16.5286,0.1013,16.5058,5.6909,5.6350,0.0559,-0.4097,20761.8415,NA
parkey.exe,38476,0x25B69970950,DXGI,1,4,0,Composed: Flip,20795.0584,NA,16.68830000000000,16.67900000000000,0.10050000000000,7.32870000000000,30.9131,20778.4714,16.6875,16.5870,0.1005,16.5514,7.3643,7.3473,0.0170,-0.0491,20778.4714,NA
parkey.exe,38476,0x25B69970950,DXGI,1,4,0,Composed: Flip,20811.8284,NA,16.77000000000000,16.68020000000000,0.12900000000000,7.42970000000000,30.8233,20795.1589,16.7985,16.6695,0.1290,16.6364,7.4628,7.4314,0.0314,0.0073,20795.1589,NA
parkey.exe,38476,0x25B69970950,DXGI,1,4,0,Composed: Flip,20828.3996,NA,16.57120000000000,16.68450000000000,0.09840000000000,5.71910000000000,30.9366,20811.9574,16.5406,16.4422,0.0984,16.4093,5.7520,5.7285,0.0235,0.1140,20811.9574,NA
parkey.exe,38476,0x25B69970950,DXGI,1,4,0,Composed: Flip,20844.9488,NA,16.54920000000000,16.67620000000000,0.09220000000000,7.38510000000000,31.0636,20828.4980,16.5430,16.4508,0.0922,16.4216,7.4143,7.3958,0.0185,-0.1356,20828.4980,NA
parkey.exe,38476,0x25B69970950,DXGI,1,4,0,Composed: Flip,20861.9188,NA,16.97000000000000,16.68640000000000,0.11840000000000,6.90750000000000,30.7800,20845.0410,16.9962,16.8778,0.1184,16.8269,6.9584,6.9398,0.0186,-0.1434,20845.0410,NA
parkey.exe,38476,0x25B69970950,DXGI,1,4,0,Composed: Flip,20878.3625,NA,16.44370000000000,16.67060000000000,0.10810000000000,7.33490000000000,31.0069,20862.0372,16.4334,16.3253,0.1081,16.2943,7.3659,7.3499,0.0160,0.3256,20862.0372,NA
parkey.exe,38476,0x25B69970950,DXGI,1,4,0,Composed: Flip,20895.0675,NA,16.70500000000000,16.68990000000000,0.10050000000000,7.36580000000000,30.9918,20878.4706,16.6974,16.5969,0.1005,16.5604,7.4023,7.3825,0.0198,-0.2565,20878.4706,NA
parkey.exe,38476,0x25B69970950,DXGI,1,4,0,Composed: Flip,20911.6461,NA,16.57860000000000,16.68030000000000,0.09670000000000,5.70300000000000,31.0935,20895.1680,16.5748,16.4781,0.0967,16.4446,5.7365,5.7132,0.0233,0.0171,20895.1680,NA
parkey.exe,38476,0x25B69970950,DXGI,1,4,0,Composed: Flip,20928.2672,NA,16.62110000000000,16.66830000000000,0.11130000000000,7.36020000000000,31.1407,20911.7428,16.6357,16.5244,0.1113,16.4960,7.3886,7.3694,0.0192,-0.0935,20911.7428,NA
parkey.exe,38476,0x25B69970950,DXGI,1,4,0,Composed: Flip,20945.1253,NA,16.85810000000000,16.69300000000000,0.11200000000000,7.35090000000000,30.9756,20928.3785,16.8588,16.7468,0.1120,16.6778,7.4199,7.3988,0.0211,-0.0573,20928.3785,NA
parkey.exe,38476,0x25B69970950,DXGI,1,4,0,Composed: Flip,20961.9114,NA,16.78610000000000,16.68030000000000,0.11020000000000,6.91820000000000,30.8698,20945.2373,16.7843,16.6741,0.1102,16.6351,6.9572,6.9366,0.0206,0.1785,20945.2373,NA
parkey.exe,38476,0x25B69970950,DXGI,1,4,0,Composed: Flip,20978.5879,NA,16.67650000000000,16.67830000000000,0.11010000000000,7.41460000000000,30.8716,20962.0216,16.6764,16.5663,0.1101,16.5269,7.4540,7.4342,0.0198,0.1060,20962.0216,NA
parkey.exe,38476,0x25B69970950,DXGI,1,4,0,Composed: Flip,20995.5378,NA,16.94990000000000,16.67660000000000,0.14950000000000,5.70180000000000,30.5983,20978.6980,16.9893,16.8398,0.1495,16.7980,5.7436,5.7236,0.0200,-0.0002,20978.6980,NA
parkey.exe,38476,0x25B69970950,DXGI,1,4,0,Composed: Flip,21011.9421,NA,16.40430000000000,16.67960000000000,0.10990000000000,7.40940000000000,30.8736,20995.6873,16.3647,16.2548,0.1099,16.2164,7.4478,7.4185,0.0293,0.3097,20995.6873,NA
parkey.exe,38476,0x25B69970950,DXGI,1,4,0,Composed: Flip,21028.8135,NA,16.87140000000000,16.68100000000000,0.10450000000000,5.72550000000000,30.6832,21012.0520,16.8660,16.7615,0.1045,16.7285,5.7585,5.7324,0.0261,-0.3163,21012.0520,NA
parkey.exe,38476,0x25B69970950,DXGI,1,4,0,Composed: Flip,21044.9990,NA,16.18550000000000,16.68080000000000,0.09940000000000,7.27850000000000,31.1785,21028.9180,16.1804,16.0810,0.0994,16.0471,7.3124,7.2811,0.0313,0.1852,21028.9180,NA
parkey.exe,38476,0x25B69970950,DXGI,1,4,0,Composed: Flip,21061.7526,NA,16.75360000000000,16.67830000000000,0.12250000000000,7.40430000000000,31.1032,21045.0984,16.7767,16.6542,0.1225,16.6087,7.4498,7.4316,0.0182,-0.4979,21045.0984,NA
parkey.exe,38476,0x25B69970950,DXGI,1,4,0,Composed: Flip,21078.5236,NA,16.77100000000000,16.67610000000000,0.10600000000000,5.71520000000000,31.0083,21061.8751,16.7545,16.6485,0.1060,16.6136,5.7501,5.7292,0.0209,0.1006,21061.8751,NA
parkey.exe,38476,0x25B69970950,DXGI,1,4,0,Composed: Flip,21095.0565,NA,16.53290000000000,16.68540000000000,0.10550000000000,7.40170000000000,31.1608,21078.6296,16.5324,16.4269,0.1055,16.3923,7.4363,7.4130,0.0233,0.0691,21078.6296,NA
parkey.exe,38476,0x25B69970950,DXGI,1,4,0,Composed: Flip,21111.6212,NA,16.56470000000000,16.68210000000000,0.16280000000000,5.65330000000000,31.2782,21095.1620,16.6220,16.4592,0.1628,16.4242,5.6883,5.6646,0.0237,-0.1497,21095.1620,NA
parkey.exe,38476,0x25B69970950,DXGI,1,4,0,Composed: Flip,21128.3734,NA,16.75220000000000,16.68760000000000,0.30260000000000,7.25770000000000,31.2136,21111.7840,16.8920,16.5894,0.3026,16.5203,7.3268,7.3076,0.0192,-0.0656,21111.7840,NA
parkey.exe,38476,0x25B69970950,DXGI,1,4,0,Composed: Flip,21145.6610,NA,17.28760000000000,16.66940000000000,0.11760000000000,7.32660000000000,30.5954,21128.6760,17.1026,16.9850,0.1176,17.0938,7.2178,7.2005,0.0173,0.2226,21128.6760,NA
parkey.exe,38476,0x25B69970950,DXGI,1,4,0,Composed: Flip,21161.8399,NA,16.17890000000000,16.68670000000000,0.10120000000000,5.71420000000000,31.1032,21145.7786,16.1625,16.0613,0.1012,16.0285,5.7470,5.7226,0.0244,0.4159,21145.7786,NA
parkey.exe,38476,0x25B69970950,DXGI,1,4,0,Composed: Flip,21178.3221,NA,16.48220000000000,16.67050000000000,0.11490000000000,7.37130000000000,31.2915,21161.9411,16.4959,16.3810,0.1149,16.3513,7.4010,7.3768,0.0242,-0.5080,21161.9411,NA
parkey.exe,38476,0x25B69970950,DXGI,1,4,0,Composed: Flip,21195.4134,NA,17.09130000000000,16.69520000000000,0.10500000000000,7.18100000000000,30.8954,21178.4370,17.0814,16.9764,0.1050,16.9373,7.2201,7.1963,0.0238,-0.1993,21178.4370,NA
parkey.exe,38476,0x25B69970950,DXGI,1,4,0,Composed: Flip,21211.6711,NA,16.25770000000000,16.68120000000000,0.10260000000000,7.33040000000000,31.3189,21195.5184,16.2553,16.1527,0.1026,16.1212,7.3619,7.3452,0.0167,0.4002,21195.5184,NA
parkey.exe,38476,0x25B69970950,DXGI,1,4,0,Composed: Flip,21228.4810,NA,16.80990000000000,16.67660000000000,0.10730000000000,7.37040000000000,31.1856,21211.7737,16.8146,16.7073,0.1073,16.6727,7.4050,7.3844,0.0206,-0.4213,21211.7737,NA
parkey.exe,38476,0x25B69970950,DXGI,1,4,0,Composed: Flip,21245.5424,NA,17.06140000000000,16.69550000000000,0.13930000000000,7.26520000000000,30.8197,21228.5883,17.0934,16.9541,0.1393,16.9138,7.3055,7.2858,0.0197,0.1191,21228.5883,NA
parkey.exe,38476,0x25B69970950,DXGI,1,4,0,Composed: Flip,21262.2868,NA,16.74440000000000,16.65190000000000,0.14280000000000,7.43280000000000,30.7272,21245.6817,16.7479,16.6051,0.1428,16.5652,7.4727,7.4462,0.0265,0.4415,21245.6817,NA
parkey.exe,38476,0x25B69970950,DXGI,1,4,0,Composed: Flip,21278.8799,NA,16.59310000000000,16.68720000000000,0.13450000000000,5.69590000000000,30.8213,21262.4296,16.5848,16.4503,0.1345,16.4038,5.7424,5.7166,0.0258,0.0607,21262.4296,NA
parkey.exe,38476,0x25B69970950,DXGI,1,4,0,Composed: Flip,21295.1834,NA,16.30350000000000,16.67670000000000,0.11040000000000,7.26940000000000,31.1945,21279.0144,16.2794,16.1690,0.1104,16.1319,7.3065,7.2927,0.0138,-0.0919,21279.0144,NA
parkey.exe,38476,0x25B69970950,DXGI,1,4,0,Composed: Flip,21311.8355,NA,16.65210000000000,16.68000000000000,0.12410000000000,7.40980000000000,31.2224,21295.2938,16.6658,16.5417,0.1241,16.5058,7.4457,7.4252,0.0205,-0.4006,21295.2938,NA
parkey.exe,38476,0x25B69970950,DXGI,1,4,0,Composed: Flip,21328.3713,NA,16.53580000000000,16.67590000000000,0.09390000000000,6.82250000000000,31.3625,21311.9596,16.5056,16.4117,0.0939,16.3803,6.8539,6.8332,0.0207,-0.0101,21311.9596,NA
parkey.exe,38476,0x25B69970950,DXGI,1,4,0,Composed: Flip,21345.1148,NA,16.74350000000000,16.69040000000000,0.09790000000000,7.40290000000000,31.3094,21328.4652,16.7475,16.6496,0.0979,16.6185,7.4340,7.4150,0.0190,-0.1848,21328.4652,NA
parkey.exe,38476,0x25B69970950,DXGI,1,4,0,Composed: Flip,21361.6411,NA,16.52630000000000,16.67550000000000,0.11870000000000,5.67280000000000,31.4586,21345.2127,16.5471,16.4284,0.1187,16.3950,5.7062,5.6854,0.0208,0.0720,21345.2127,NA
parkey.exe,38476,0x25B69970950,DXGI,1,4,0,Composed: Flip,21378.4453,NA,16.80420000000000,16.68810000000000,0.10000000000000,7.16840000000000,31.3425,21361.7598,16.7855,16.6855,0.1000,16.6498,7.2041,7.1857,0.0184,-0.1410,21361.7598,NA
parkey.exe,38476,0x25B69970950,DXGI,1,4,0,Composed: Flip,21395.1698,NA,16.72450000000000,16.68960000000000,0.10880000000000,7.44290000000000,31.3076,21378.5453,16.7333,16.6245,0.1088,16.5929,7.4745,7.4501,0.0244,0.0959,21378.5453,NA
parkey.exe,38476,0x25B69970950,DXGI,1,4,0,Composed: Flip,21411.7201,NA,16.55030000000000,16.66930000000000,0.10760000000000,6.83640000000000,31.4266,21395.2786,16.5491,16.4415,0.1076,16.4091,6.8688,6.8493,0.0195,0.0640,21395.2786,NA
parkey.exe,38476,0x25B69970950,DXGI,1,4,0,Composed: Flip,21428.5804,NA,16.86030000000000,16.67480000000000,0.12440000000000,7.67950000000000,31.2411,21411.8277,16.8771,16.7527,0.1244,16.7148,7.7174,7.6961,0.0213,-0.1257,21411.8277,NA
parkey.exe,38476,0x25B69970950,DXGI,1,4,0,Composed: Flip,21445.2437,NA,16.66330000000000,16.68520000000000,0.11330000000000,5.61260000000000,31.2630,21428.7048,16.6522,16.5389,0.1133,16.5020,5.6495,5.6232,0.0263,0.1919,21428.7048,NA
parkey.exe,38476,0x25B69970950,DXGI,1,4,0,Composed: Flip,21461.7367,NA,16.49300000000000,16.67390000000000,0.10180000000000,7.28210000000000,31.4439,21445.3570,16.4815,16.3797,0.1018,16.3473,7.3145,7.2991,0.0154,-0.0217,21445.3570,NA
parkey.exe,38476,0x25B69970950,DXGI,1,4,0,Composed: Flip,21478.3730,NA,16.63630000000000,16.67740000000000,0.09880000000000,7.29140000000000,31.4850,21461.8385,16.6333,16.5345,0.0988,16.5010,7.3249,7.3052,0.0197,-0.1959,21461.8385,NA
parkey.exe,38476,0x25B69970950,DXGI,1,4,0,Composed: Flip,21495.0459,NA,16.67290000000000,16.68560000000000,0.11500000000000,6.81930000000000,31.4977,21478.4718,16.6891,16.5741,0.1150,16.5384,6.8550,6.8380,0.0170,-0.0523,21478.4718,NA
parkey.exe,38476,0x25B69970950,DXGI,1,4,0,Composed: Flip,21511.6309,NA,16.58500000000000,16.67730000000000,0.09790000000000,7.36750000000000,31.5900,21495.1609,16.5679,16.4700,0.0979,16.4382,7.3993,7.3778,0.0215,0.0118,21495.1609,NA
parkey.exe,38476,0x25B69970950,DXGI,1,4,0,Composed: Flip,21528.4407,NA,16.80980000000000,16.68550000000000,0.18410000000000,7.44760000000000,31.4657,21511.7288,16.8960,16.7119,0.1841,16.6739,7.4856,7.4632,0.0224,-0.1176,21511.7288,NA
parkey.exe,38476,0x25B69970950,DXGI,1,4,0,Composed: Flip,21544.9934,NA,16.55270000000000,16.68410000000000,0.09440000000000,7.28100000000000,31.5971,21528.6248,16.4630,16.3686,0.0944,16.3393,7.3103,7.2876,0.0227,0.2119,21528.6248,NA
parkey.exe,38476,0x25B69970950,DXGI,1,4,0,Composed: Flip,21562.7739,NA,17.78050000000000,16.67070000000000,0.18010000000000,6.96480000000000,30.4873,21545.0878,17.8662,17.6861,0.1801,17.6305,7.0204,6.9944,0.0260,-0.2077,21545.0878,NA
parkey.exe,38476,0x25B69970950,DXGI,1,4,0,Composed: Flip,21578.5035,NA,15.72960000000000,16.68070000000000,0.11890000000000,6.84380000000000,31.4384,21562.9540,15.6684,15.5495,0.1189,15.5138,6.8795,6.8591,0.0204,1.1855,21562.9540,NA
parkey.exe,38476,0x25B69970950,DXGI,1,4,0,Composed: Flip,21595.0802,NA,16.57670000000000,16.68770000000000,0.10680000000000,7.44730000000000,31.5494,21578.6224,16.5646,16.4578,0.1068,16.4275,7.4776,7.4579,0.0197,-1.0193,21578.6224,NA
parkey.exe,38476,0x25B69970950,DXGI,1,4,0,Composed: Flip,21611.9402,NA,16.86000000000000,16.67820000000000,0.18600000000000,7.40010000000000,31.3676,21595.1870,16.9392,16.7532,0.1860,16.7078,7.4455,7.4201,0.0254,-0.1136,21595.1870,NA
parkey.exe,38476,0x25B69970950,DXGI,1,4,0,Composed: Flip,21629.5891,NA,17.64890000000000,16.67630000000000,0.17190000000000,7.30010000000000,30.3950,21612.1262,17.6348,17.4629,0.1719,17.4107,7.3523,7.3341,0.0182,0.2629,21612.1262,NA
parkey.exe,38476,0x25B69970950,DXGI,1,4,0,Composed: Flip,21645.3723,NA,15.78320000000000,16.67690000000000,0.11270000000000,7.32360000000000,31.2887,21629.7610,15.7240,15.6113,0.1127,15.5764,7.3585,7.3389,0.0196,0.9579,21629.7610,NA
parkey.exe,38476,0x25B69970950,DXGI,1,4,0,Composed: Flip,21661.7729,NA,16.40060000000000,16.68730000000000,0.10950000000000,6.83580000000000,31.5754,21645.4850,16.3974,16.2879,0.1095,16.2555,6.8682,6.8476,0.0206,-0.9633,21645.4850,NA
parkey.exe,38476,0x25B69970950,DXGI,1,4,0,Composed: Flip,21678.6884,NA,16.91550000000000,16.68220000000000,0.12250000000000,7.39140000000000,31.3421,21661.8824,16.9285,16.8060,0.1225,16.7638,7.4336,7.4147,0.0189,-0.2848,21661.8824,NA
parkey.exe,38476,0x25B69970950,DXGI,1,4,0,Composed: Flip,21695.4102,NA,16.72180000000000,16.67690000000000,0.11400000000000,7.75510000000000,31.2972,21678.8109,16.7133,16.5993,0.1140,16.5635,7.7909,7.7711,0.0198,0.2516,21678.8109,NA
parkey.exe,38476,0x25B69970950,DXGI,1,4,0,Composed: Flip,21711.7322,NA,16.32200000000000,16.69090000000000,0.10340000000000,7.29530000000000,31.6661,21695.5242,16.3114,16.2080,0.1034,16.1783,7.3250,7.3090,0.0160,0.0224,21695.5242,NA
parkey.exe,38476,0x25B69970950,DXGI,1,4,0,Composed: Flip,21728.4247,NA,16.69250000000000,16.66950000000000,0.12400000000000,7.31550000000000,31.6431,21711.8356,16.7131,16.5891,0.1240,16.5583,7.3463,7.3273,0.0190,-0.3581,21711.8356,NA
parkey.exe,38476,0x25B69970950,DXGI,1,4,0,Composed: Flip,21745.2291,NA,16.80440000000000,16.67800000000000,0.12920000000000,7.63520000000000,31.5167,21728.5487,16.8096,16.6804,0.1292,16.6410,7.6746,7.6546,0.0200,0.0351,21728.5487,NA
parkey.exe,38476,0x25B69970950,DXGI,1,4,0,Composed: Flip,21762.0545,NA,16.82540000000000,16.67870000000000,0.17490000000000,7.44300000000000,31.3700,21745.3583,16.8711,16.6962,0.1749,16.6608,7.4784,7.4550,0.0234,0.1309,21745.3583,NA
parkey.exe,38476,0x25B69970950,DXGI,1,4,0,Composed: Flip,21778.3568,NA,16.30230000000000,16.68050000000000,0.11830000000000,5.97930000000000,31.7482,21762.2294,16.2457,16.1274,0.1183,16.0937,6.0130,5.9889,0.0241,0.1906,21762.2294,NA
parkey.exe,38476,0x25B69970950,DXGI,1,4,0,Composed: Flip,21795.0383,NA,16.68150000000000,16.67970000000000,0.10420000000000,8.21920000000000,31.7464,21778.4751,16.6674,16.5632,0.1042,16.5261,8.2563,8.2392,0.0171,-0.4340,21778.4751,NA
parkey.exe,38476,0x25B69970950,DXGI,1,4,0,Composed: Flip,21811.7270,NA,16.68870000000000,16.67430000000000,0.11670000000000,7.28990000000000,31.7320,21795.1425,16.7012,16.5845,0.1167,16.5407,7.3337,7.2856,0.0481,-0.0069,21795.1425,NA
parkey.exe,38476,0x25B69970950,DXGI,1,4,0,Composed: Flip,21828.3324,NA,16.60540000000000,16.68510000000000,0.09570000000000,6.82260000000000,31.8117,21811.8437,16.5844,16.4887,0.0957,16.4658,6.8455,6.8305,0.0150,0.0161,21811.8437,NA
parkey.exe,38476,0x25B69970950,DXGI,1,4,0,Composed: Flip,21844.9863,NA,16.65390000000000,16.68120000000000,0.10070000000000,7.32520000000000,31.8390,21828.4281,16.6589,16.5582,0.1007,16.5218,7.3616,7.3422,0.0194,-0.0968,21828.4281,NA
parkey.exe,38476,0x25B69970950,DXGI,1,4,0,Composed: Flip,21861.7474,NA,16.76110000000000,16.68100000000000,0.11790000000000,7.77120000000000,31.7589,21845.0870,16.7783,16.6604,0.1179,16.8284,7.6032,7.5794,0.0238,-0.0221,21845.0870,NA
parkey.exe,38476,0x25B69970950,DXGI,1,4,0,Composed: Flip,21878.3663,NA,16.61890000000000,16.69150000000000,0.09800000000000,7.64370000000000,31.8315,21861.8653,16.5990,16.5010,0.0980,16.4669,7.6778,7.6615,0.0163,0.0868,21861.8653,NA
parkey.exe,38476,0x25B69970950,DXGI,1,4,0,Composed: Flip,21895.2622,NA,16.89590000000000,16.69120000000000,0.10610000000000,7.33210000000000,31.6268,21878.4643,16.9040,16.7979,0.1061,16.7710,7.3590,7.3349,0.0241,-0.0922,21878.4643,NA
parkey.exe,38476,0x25B69970950,DXGI,1,4,0,Composed: Flip,21911.6516,NA,16.38940000000000,16.65930000000000,0.09440000000000,6.83340000000000,31.8967,21895.3683,16.3777,16.2833,0.0944,16.2537,6.8630,6.8418,0.0212,0.2447,21895.3683,NA
parkey.exe,38476,0x25B69970950,DXGI,1,4,0,Composed: Flip,21929.1643,NA,17.51270000000000,16.68520000000000,0.17060000000000,8.55650000000000,31.0692,21911.7460,17.5889,17.4183,0.1706,17.3734,8.6014,8.5744,0.0270,-0.3075,21911.7460,NA
parkey.exe,38476,0x25B69970950,DXGI,1,4,0,Composed: Flip,21945.6250,NA,16.46070000000000,16.67880000000000,0.13140000000000,5.68110000000000,31.2873,21929.3349,16.4215,16.2901,0.1314,16.2477,5.7235,5.7007,0.0228,0.9101,21929.3349,NA
parkey.exe,38476,0x25B69970950,DXGI,1,4,0,Composed: Flip,21961.8864,NA,16.26140000000000,16.66860000000000,0.11320000000000,6.88770000000000,31.6945,21945.7564,16.2432,16.1300,0.1132,16.0920,6.9257,6.9085,0.0172,-0.2471,21945.7564,NA
parkey.exe,38476,0x25B69970950,DXGI,1,4,0,Composed: Flip,21978.5513,NA,16.66490000000000,16.68310000000000,0.10930000000000,7.28930000000000,31.7127,21961.9996,16.6610,16.5517,0.1093,16.4937,7.3473,7.3283,0.0190,-0.4399,21961.9996,NA
parkey.exe,38476,0x25B69970950,DXGI,1,4,0,Composed: Flip,21995.1255,NA,16.57420000000000,16.68950000000000,0.12310000000000,6.73190000000000,31.8280,21978.6606,16.5880,16.4649,0.1231,16.4289,6.7679,6.7509,0.0170,-0.0285,21978.6606,NA
parkey.exe,38476,0x25B69970950,DXGI,1,4,0,Composed: Flip,22011.9358,NA,16.81030000000000,16.67380000000000,0.12290000000000,7.41170000000000,31.6915,21995.2486,16.8101,16.6872,0.1229,16.6530,7.4459,7.4230,0.0229,-0.0858,21995.2486,NA
parkey.exe,38476,0x25B69970950,DXGI,1,4,0,Composed: Flip,22028.3153,NA,16.37950000000000,16.68340000000000,0.13350000000000,6.43180000000000,31.9954,22012.0587,16.3901,16.2566,0.1335,16.2256,6.4628,6.4390,0.0238,0.1267,22012.0587,NA
parkey.exe,38476,0x25B69970950,DXGI,1,4,0,Composed: Flip,22045.0210,NA,16.70570000000000,16.67430000000000,0.11260000000000,8.62100000000000,31.9640,22028.4488,16.6848,16.5722,0.1126,16.5517,8.6415,8.6245,0.0170,-0.2842,22028.4488,NA
parkey.exe,38476,0x25B69970950,DXGI,1,4,0,Composed: Flip,22061.6257,NA,16.60470000000000,16.68260000000000,0.10940000000000,7.38040000000000,32.0419,22045.1336,16.6015,16.4921,0.1094,16.4600,7.4125,7.3948,0.0177,0.0022,22045.1336,NA
parkey.exe,38476,0x25B69970950,DXGI,1,4,0,Composed: Flip,22078.2111,NA,16.58540000000000,16.67690000000000,0.09280000000000,7.19800000000000,32.1334,22061.7351,16.5688,16.4760,0.0928,16.4497,7.2243,7.2065,0.0178,-0.0754,22061.7351,NA
parkey.exe,38476,0x25B69970950,DXGI,1,4,0,Composed: Flip,22095.1726,NA,16.96150000000000,16.68270000000000,0.11260000000000,8.45940000000000,31.8546,22078.3039,16.9813,16.8687,0.1126,16.8332,8.4949,8.4797,0.0152,-0.1139,22078.3039,NA
parkey.exe,38476,0x25B69970950,DXGI,1,4,0,Composed: Flip,22111.5997,NA,16.42710000000000,16.67580000000000,0.11240000000000,6.35980000000000,32.1033,22095.2852,16.4269,16.3145,0.1124,16.2807,6.3936,6.3683,0.0253,0.3055,22095.2852,NA
parkey.exe,38476,0x25B69970950,DXGI,1,4,0,Composed: Flip,22128.2662,NA,16.66650000000000,16.68600000000000,0.09120000000000,7.24090000000000,32.1228,22111.7121,16.6453,16.5541,0.0912,16.5263,7.2687,7.2498,0.0189,-0.2591,22111.7121,NA
parkey.exe,38476,0x25B69970950,DXGI,1,4,0,Composed: Flip,22145.1996,NA,16.93340000000000,16.68050000000000,0.11850000000000,8.40040000000000,31.8699,22128.3574,16.9607,16.8422,0.1185,16.8078,8.4348,8.4178,0.0170,-0.0352,22128.3574,NA
parkey.exe,38476,0x25B69970950,DXGI,1,4,0,Composed: Flip,22161.8086,NA,16.60900000000000,16.69130000000000,0.09890000000000,7.04500000000000,31.9522,22145.3181,16.5894,16.4905,0.0989,16.4513,7.0842,7.0650,0.0192,0.2694,22145.3181,NA
parkey.exe,38476,0x25B69970950,DXGI,1,4,0,Composed: Flip,22178.9520,NA,17.14340000000000,16.67560000000000,0.12340000000000,7.37530000000000,31.4844,22161.9075,17.1679,17.0445,0.1234,17.0055,7.4143,7.3955,0.0188,-0.0862,22161.9075,NA
parkey.exe,38476,0x25B69970950,DXGI,1,4,0,Composed: Flip,22195.0486,NA,16.09660000000000,16.67440000000000,0.10180000000000,8.05920000000000,32.0622,22179.0754,16.0750,15.9732,0.1018,15.9394,8.0930,8.0756,0.0174,0.4935,22179.0754,NA
parkey.exe,38476,0x25B69970950,DXGI,1,4,0,Composed: Flip,22211.7057,NA,16.65710000000000,16.68500000000000,0.10060000000000,8.09710000000000,32.0901,22195.1504,16.6559,16.5553,0.1006,16.5233,8.1291,8.1069,0.0222,-0.6100,22195.1504,NA
parkey.exe,38476,0x25B69970950,DXGI,1,4,0,Composed: Flip,22228.5243,NA,16.81860000000000,16.71250000000000,0.11890000000000,7.31350000000000,31.9840,22211.8063,16.8369,16.7180,0.1189,16.6834,7.3481,7.3294,0.0187,-0.0566,22211.8063,NA
parkey.exe,38476,0x25B69970950,DXGI,1,4,0,Composed: Flip,22245.7857,NA,17.26140000000000,16.68750000000000,0.15060000000000,8.03990000000000,31.4101,22228.6432,17.2931,17.1425,0.1506,17.0694,8.1130,8.0904,0.0226,0.1494,22228.6432,NA
parkey.exe,38476,0x25B69970950,DXGI,1,4,0,Composed: Flip,22262.5338,NA,16.74810000000000,16.64270000000000,0.16950000000000,7.41890000000000,31.3047,22245.9363,16.7670,16.5975,0.1695,16.5513,7.4651,7.4407,0.0244,0.6504,22245.9363,NA
parkey.exe,38476,0x25B69970950,DXGI,1,4,0,Composed: Flip,22279.4086,NA,16.87480000000000,16.68240000000000,0.14570000000000,5.61170000000000,31.1123,22262.7033,16.8510,16.7053,0.1457,16.6611,5.6559,5.6336,0.0223,0.0846,22262.7033,NA
parkey.exe,38476,0x25B69970950,DXGI,1,4,0,Composed: Flip,22295.8757,NA,16.46710000000000,16.67810000000000,0.13620000000000,8.66250000000000,31.3233,22279.5543,16.4576,16.3214,0.1362,16.2811,8.7028,8.6818,0.0210,0.1729,22279.5543,NA
parkey.exe,38476,0x25B69970950,DXGI,1,4,0,Composed: Flip,22312.5656,NA,16.68990000000000,16.67770000000000,0.18730000000000,7.39680000000000,31.3111,22296.0119,16.7410,16.5537,0.1873,16.5101,7.4404,7.4162,0.0242,-0.2201,22296.0119,NA
parkey.exe,38476,0x25B69970950,DXGI,1,4,0,Composed: Flip,22328.9794,NA,16.41380000000000,16.68230000000000,0.14780000000000,6.79400000000000,31.5796,22312.7529,16.3743,16.2265,0.1478,16.1867,6.8338,6.8186,0.0152,0.0587,22312.7529,NA
parkey.exe,38476,0x25B69970950,DXGI,1,4,0,Composed: Flip,22345.4450,NA,16.46560000000000,16.67880000000000,0.12810000000000,8.60490000000000,31.7928,22329.1272,16.4459,16.3178,0.1281,16.2817,8.6410,8.6216,0.0194,-0.3045,22329.1272,NA
parkey.exe,38476,0x25B69970950,DXGI,1,4,0,Composed: Flip,22362.1688,NA,16.72380000000000,16.67440000000000,0.18340000000000,7.20090000000000,31.7434,22345.5731,16.7791,16.5957,0.1834,16.5582,7.2384,7.2170,0.0214,-0.2285,22345.5731,NA
parkey.exe,38476,0x25B69970950,DXGI,1,4,0,Composed: Flip,22378.3828,NA,16.21400000000000,16.68520000000000,0.09970000000000,7.26250000000000,32.2146,22362.3522,16.1303,16.0306,0.0997,15.9975,7.2956,7.2764,0.0192,0.0939,22362.3522,NA
parkey.exe,38476,0x25B69970950,DXGI,1,4,0,Composed: Flip,22394.9239,NA,16.54110000000000,16.67280000000000,0.11090000000000,8.48470000000000,32.3463,22378.4825,16.5523,16.4414,0.1109,16.4121,8.5140,8.4979,0.0161,-0.5425,22378.4825,NA
parkey.exe,38476,0x25B69970950,DXGI,1,4,0,Composed: Flip,22411.8185,NA,16.89460000000000,16.67540000000000,0.11380000000000,6.70080000000000,32.1271,22395.0348,16.8975,16.7837,0.1138,16.7429,6.7416,6.7167,0.0249,-0.1231,22395.0348,NA
parkey.exe,38476,0x25B69970950,DXGI,1,4,0,Composed: Flip,22428.3239,NA,16.50540000000000,16.68510000000000,0.13530000000000,8.44360000000000,32.3068,22411.9323,16.5269,16.3916,0.1353,16.3583,8.4769,8.4609,0.0160,0.2124,22411.9323,NA
parkey.exe,38476,0x25B69970950,DXGI,1,4,0,Composed: Flip,22445.2094,NA,16.88550000000000,16.69210000000000,0.10540000000000,8.19790000000000,32.1134,22428.4592,16.8556,16.7502,0.1054,16.7146,8.2335,8.2163,0.0172,-0.1652,22428.4592,NA
parkey.exe,38476,0x25B69970950,DXGI,1,4,0,Composed: Flip,22461.7662,NA,16.55680000000000,16.66890000000000,0.10810000000000,7.35700000000000,32.2255,22445.3148,16.5595,16.4514,0.1081,16.4213,7.3871,7.3729,0.0142,0.1867,22445.3148,NA
parkey.exe,38476,0x25B69970950,DXGI,1,4,0,Composed: Flip,22478.4362,NA,16.67000000000000,16.68420000000000,0.10260000000000,8.46610000000000,32.2397,22461.8743,16.6645,16.5619,0.1026,16.5234,8.5046,8.4875,0.0171,-0.1247,22461.8743,NA
parkey.exe,38476,0x25B69970950,DXGI,1,4,0,Composed: Flip,22494.9410,NA,16.50480000000000,16.67310000000000,0.12040000000000,7.19460000000000,32.4080,22478.5388,16.5226,16.4022,0.1204,16.3711,7.2257,7.2060,0.0197,-0.0086,22478.5388,NA
parkey.exe,38476,0x25B69970950,DXGI,1,4,0,Composed: Flip,22511.5779,NA,16.63690000000000,16.68460000000000,0.09760000000000,7.42310000000000,32.4557,22495.0614,16.6141,16.5165,0.0976,16.4874,7.4522,7.4340,0.0182,-0.1620,22495.0614,NA
parkey.exe,38476,0x25B69970950,DXGI,1,4,0,Composed: Flip,22528.5323,NA,16.95440000000000,16.68170000000000,0.11680000000000,8.57080000000000,32.1830,22511.6755,16.9736,16.8568,0.1168,16.8199,8.6077,8.5899,0.0178,-0.0676,22511.6755,NA
parkey.exe,38476,0x25B69970950,DXGI,1,4,0,Composed: Flip,22545.0465,NA,16.51420000000000,16.69390000000000,0.10090000000000,7.27020000000000,32.3627,22528.6491,16.4983,16.3974,0.1009,16.3639,7.3037,7.2838,0.0199,0.2797,22528.6491,NA
parkey.exe,38476,0x25B69970950,DXGI,1,4,0,Composed: Flip,22561.8102,NA,16.76370000000000,16.66570000000000,0.13730000000000,7.53150000000000,32.2647,22545.1474,16.8001,16.6628,0.1373,16.6330,7.5613,7.4520,0.1093,-0.1674,22545.1474,NA
parkey.exe,38476,0x25B69970950,DXGI,1,4,0,Composed: Flip,22578.6278,NA,16.81760000000000,16.68010000000000,0.11840000000000,8.27440000000000,32.1272,22561.9475,16.7987,16.6803,0.1184,16.6417,8.3130,8.2896,0.0234,0.1200,22561.9475,NA
parkey.exe,38476,0x25B69970950,DXGI,1,4,0,Composed: Flip,22595.1508,NA,16.52300000000000,16.69180000000000,0.11000000000000,8.43600000000000,32.2960,22578.7462,16.5146,16.4046,0.1100,16.3668,8.4738,8.4493,0.0245,0.1069,22578.7462,NA
parkey.exe,38476,0x25B69970950,DXGI,1,4,0,Composed: Flip,22612.4044,NA,17.25360000000000,16.66760000000000,0.15560000000000,5.59240000000000,31.7100,22595.2608,17.2992,17.1436,0.1556,17.0981,5.6379,5.6166,0.0213,-0.1530,22595.2608,NA
parkey.exe,38476,0x25B69970950,DXGI,1,4,0,Composed: Flip,22628.4054,NA,16.00100000000000,16.68010000000000,0.10940000000000,7.20600000000000,32.3891,22612.5600,15.9548,15.8454,0.1094,15.8138,7.2376,7.2224,0.0152,0.6191,22612.5600,NA
parkey.exe,38476,0x25B69970950,DXGI,1,4,0,Composed: Flip,22645.0208,NA,16.61540000000000,16.69150000000000,0.11140000000000,8.46510000000000,32.4652,22628.5148,16.6174,16.5060,0.1114,16.4724,8.4987,8.4806,0.0181,-0.7367,22628.5148,NA
parkey.exe,38476,0x25B69970950,DXGI,1,4,0,Composed: Flip,22661.8357,NA,16.81490000000000,16.67880000000000,0.12380000000000,8.56360000000000,32.3291,22645.1322,16.8273,16.7035,0.1238,16.6669,8.6002,8.5807,0.0195,-0.0614,22645.1322,NA
parkey.exe,38476,0x25B69970950,DXGI,1,4,0,Composed: Flip,22678.5093,NA,16.67360000000000,16.67060000000000,0.12860000000000,8.47780000000000,32.3261,22661.9595,16.6784,16.5498,0.1286,16.5153,8.5123,8.4960,0.0163,0.1567,22661.9595,NA
parkey.exe,38476,0x25B69970950,DXGI,1,4,0,Composed: Flip,22695.3837,NA,16.87440000000000,16.69550000000000,0.11310000000000,8.32780000000000,32.1472,22678.6379,16.8589,16.7458,0.1131,16.8694,8.2042,8.1870,0.0172,-0.0171,22678.6379,NA
parkey.exe,38476,0x25B69970950,DXGI,1,4,0,Composed: Flip,22711.8357,NA,16.45200000000000,16.66520000000000,0.10860000000000,8.57800000000000,32.3604,22695.4968,16.4475,16.3389,0.1086,16.3081,8.6088,8.5946,0.0142,0.1937,22695.4968,NA
parkey.exe,38476,0x25B69970950,DXGI,1,4,0,Composed: Flip,22728.4974,NA,16.66170000000000,16.68480000000000,0.10770000000000,8.48190000000000,32.3835,22711.9443,16.6608,16.5531,0.1077,16.5175,8.5175,8.5005,0.0170,-0.2373,22711.9443,NA
parkey.exe,38476,0x25B69970950,DXGI,1,4,0,Composed: Flip,22745.1528,NA,16.65540000000000,16.68530000000000,0.13040000000000,6.82270000000000,32.4134,22728.6051,16.6781,16.5477,0.1304,16.5166,6.8538,6.8338,0.0200,-0.0245,22728.6051,NA
parkey.exe,38476,0x25B69970950,DXGI,1,4,0,Composed: Flip,22761.6123,NA,16.45950000000000,16.67250000000000,0.10560000000000,8.51520000000000,32.6264,22745.2832,16.4347,16.3291,0.1056,16.2982,8.5461,8.5240,0.0221,0.0056,22745.2832,NA
parkey.exe,38476,0x25B69970950,DXGI,1,4,0,Composed: Flip,22778.4654,NA,16.85310000000000,16.68580000000000,0.10370000000000,7.23310000000000,32.4591,22761.7179,16.8512,16.7475,0.1037,16.7084,7.2722,7.2483,0.0239,-0.2511,22761.7179,NA
parkey.exe,38476,0x25B69970950,DXGI,1,4,0,Composed: Flip,22795.2074,NA,16.74200000000000,16.67700000000000,0.12780000000000,8.46720000000000,32.3941,22778.5691,16.7661,16.6383,0.1278,16.5940,8.5115,8.4945,0.0170,0.1742,22778.5691,NA
parkey.exe,38476,0x25B69970950,DXGI,1,4,0,Composed: Flip,22811.9042,NA,16.69680000000000,16.68140000000000,0.13430000000000,8.48890000000000,32.3787,22795.3352,16.7033,16.5690,0.1343,16.5366,8.5213,8.5036,0.0177,0.0847,22795.3352,NA
parkey.exe,38476,0x25B69970950,DXGI,1,4,0,Composed: Flip,22828.3946,NA,16.49040000000000,16.66520000000000,0.10050000000000,6.84630000000000,32.5535,22812.0385,16.4566,16.3561,0.1005,16.3330,6.8694,6.8495,0.0199,0.0381,22812.0385,NA
parkey.exe,38476,0x25B69970950,DXGI,1,4,0,Composed: Flip,22845.0915,NA,16.69690000000000,16.69220000000000,0.12010000000000,8.45110000000000,32.5488,22828.4951,16.7165,16.5964,0.1201,16.5612,8.4863,8.4706,0.0157,-0.2356,22828.4951,NA
parkey.exe,38476,0x25B69970950,DXGI,1,4,0,Composed: Flip,22861.7477,NA,16.65620000000000,16.68350000000000,0.13630000000000,7.64800000000000,32.5761,22845.2116,16.6724,16.5361,0.1363,16.5279,7.6562,7.6244,0.0318,0.0330,22845.2116,NA
parkey.exe,38476,0x25B69970950,DXGI,1,4,0,Composed: Flip,22878.4323,NA,16.68460000000000,16.66850000000000,0.10590000000000,7.78380000000000,32.5600,22861.8840,16.6542,16.5483,0.1059,16.5220,7.8101,7.7709,0.0392,0.0039,22861.8840,NA
parkey.exe,38476,0x25B69970950,DXGI,1,4,0,Composed: Flip,22895.3431,NA,16.91080000000000,16.69240000000000,0.18160000000000,8.50570000000000,32.3416,22878.5382,16.9865,16.8049,0.1816,16.7624,8.5482,8.5316,0.0166,-0.0382,22878.5382,NA
parkey.exe,38476,0x25B69970950,DXGI,1,4,0,Composed: Flip,22912.1840,NA,16.84090000000000,16.67470000000000,0.13040000000000,8.59750000000000,32.1754,22895.5247,16.7897,16.6593,0.1304,16.6211,8.6357,8.6132,0.0225,0.3118,22895.5247,NA
parkey.exe,38476,0x25B69970950,DXGI,1,4,0,Composed: Flip,22928.6766,NA,16.49260000000000,6.63350000000000,0.14420000000000,8.47020000000000,22.3163,22912.3144,16.5064,16.3622,0.1442,16.3262,8.5062,8.4852,0.0210,10.1562,22912.3144,NA
parkey.exe,38476,0x25B69970950,DXGI,1,4,0,Composed: Flip,22945.3908,NA,16.71420000000000,26.72800000000000,0.12750000000000,8.81770000000000,32.3301,22928.8208,16.6975,16.5700,0.1275,16.5315,8.8562,8.8373,0.0189,-10.2216,22928.8208,NA
parkey.exe,38476,0x25B69970950,DXGI,1,4,0,Composed: Flip,22962.0766,NA,16.68580000000000,16.67470000000000,0.12040000000000,8.03760000000000,32.3190,22945.5183,16.6787,16.5583,0.1204,16.5119,8.0840,8.0634,0.0206,0.0228,22945.5183,NA
parkey.exe,38476,0x25B69970950,DXGI,1,4,0,Composed: Flip,22978.9995,NA,16.92290000000000,16.68710000000000,0.15900000000000,8.51140000000000,32.0832,22962.1970,16.9615,16.8025,0.1590,16.7583,8.5556,8.5345,0.0211,-0.0084,22962.1970,NA
parkey.exe,38476,0x25B69970950,DXGI,1,4,0,Composed: Flip,22995.6888,NA,16.68930000000000,16.68370000000000,0.15720000000000,8.75460000000000,32.0776,22979.1585,16.6875,16.5303,0.1572,16.4889,8.7960,8.7712,0.0248,0.2778,22979.1585,NA
parkey.exe,38476,0x25B69970950,DXGI,1,4,0,Composed: Flip,23012.1638,NA,16.47500000000000,16.67490000000000,0.12510000000000,7.36740000000000,32.2775,22995.8460,16.4429,16.3178,0.1251,16.2756,7.4096,7.3853,0.0243,0.0126,22995.8460,NA
parkey.exe,38476,0x25B69970950,DXGI,1,4,0,Composed: Flip,23028.3392,NA,16.17540000000000,16.68540000000000,0.10110000000000,6.51900000000000,32.7875,23012.2889,16.1514,16.0503,0.1011,16.0181,6.5512,6.5270,0.0242,-0.2425,23012.2889,NA
parkey.exe,38476,0x25B69970950,DXGI,1,4,0,Composed: Flip,23044.8654,NA,16.52620000000000,16.67430000000000,0.09840000000000,8.43660000000000,32.9356,23028.4403,16.5235,16.4251,0.0984,16.3965,8.4652,8.4475,0.0177,-0.5229,23028.4403,NA
parkey.exe,38476,0x25B69970950,DXGI,1,4,0,Composed: Flip,23061.7726,NA,16.90720000000000,16.67830000000000,0.13090000000000,8.44680000000000,32.7067,23044.9638,16.9397,16.8088,0.1309,16.7730,8.4826,8.4621,0.0205,-0.1548,23044.9638,NA
parkey.exe,38476,0x25B69970950,DXGI,1,4,0,Composed: Flip,23078.3311,NA,16.55850000000000,16.68200000000000,0.11070000000000,8.45270000000000,32.8302,23061.9035,16.5383,16.4276,0.1107,16.3962,8.4841,8.4635,0.0206,0.2577,23061.9035,NA
parkey.exe,38476,0x25B69970950,DXGI,1,4,0,Composed: Flip,23095.5153,NA,17.18420000000000,6.52920000000000,0.13570000000000,8.46400000000000,22.1752,23078.4418,17.2092,17.0735,0.1357,17.0355,8.5020,8.4833,0.0187,10.0091,23078.4418,NA
parkey.exe,38476,0x25B69970950,DXGI,1,4,0,Composed: Flip,23111.9834,NA,16.46810000000000,26.83080000000000,0.14390000000000,8.48350000000000,32.5379,23095.6510,16.4763,16.3324,0.1439,16.2935,8.5224,8.5035,0.0189,-9.6216,23095.6510,NA
parkey.exe,38476,0x25B69970950,DXGI,1,4,0,Composed: Flip,23128.6580,NA,16.67460000000000,16.67430000000000,0.12310000000000,8.64970000000000,32.5376,23112.1273,16.6538,16.5307,0.1231,16.4945,8.6859,8.6680,0.0179,-0.1980,23112.1273,NA
parkey.exe,38476,0x25B69970950,DXGI,1,4,0,Composed: Flip,23145.5322,NA,16.87420000000000,16.68060000000000,0.13270000000000,8.47510000000000,32.3440,23128.7811,16.8838,16.7511,0.1327,16.7259,8.5003,8.4786,0.0217,-0.0268,23128.7811,NA
parkey.exe,38476,0x25B69970950,DXGI,1,4,0,Composed: Flip,23162.0089,NA,16.47670000000000,16.69020000000000,0.13870000000000,8.07390000000000,32.5575,23145.6649,16.4827,16.3440,0.1387,16.3080,8.1099,8.0874,0.0225,0.1936,23145.6649,NA
parkey.exe,38476,0x25B69970950,DXGI,1,4,0,Composed: Flip,23178.5668,NA,16.55790000000000,6.46880000000000,0.13580000000000,8.67200000000000,22.4684,23162.1476,16.5550,16.4192,0.1358,16.3828,8.7084,8.6887,0.0197,10.0139,23162.1476,NA
parkey.exe,38476,0x25B69970950,DXGI,1,4,0,Composed: Flip,23195.6301,NA,17.06330000000000,26.89340000000000,0.14010000000000,8.73410000000000,32.2985,23178.7026,17.0676,16.9275,0.1401,16.8821,8.7795,8.7456,0.0339,-10.3384,23178.7026,NA
parkey.exe,38476,0x25B69970950,DXGI,1,4,0,Composed: Flip,23211.9650,NA,16.33490000000000,16.67370000000000,0.10830000000000,7.28730000000000,32.6373,23195.7702,16.3031,16.1948,0.1083,16.1596,7.3225,7.3011,0.0214,0.3939,23195.7702,NA
parkey.exe,38476,0x25B69970950,DXGI,1,4,0,Composed: Flip,23228.3783,NA,16.41330000000000,16.68520000000000,0.16060000000000,7.38440000000000,32.9092,23212.0733,16.4656,16.3050,0.1606,16.2552,7.4342,7.4128,0.0214,-0.3821,23212.0733,NA
parkey.exe,38476,0x25B69970950,DXGI,1,4,0,Composed: Flip,23245.0797,NA,16.70140000000000,16.69040000000000,0.13370000000000,8.53160000000000,32.8982,23228.5389,16.6745,16.5408,0.1337,16.5075,8.5649,8.5455,0.0194,-0.2248,23228.5389,NA
parkey.exe,38476,0x25B69970950,DXGI,1,4,0,Composed: Flip,23261.8759,NA,16.79620000000000,16.67030000000000,0.12630000000000,8.50510000000000,32.7723,23245.2134,16.7888,16.6625,0.1263,16.6344,8.5332,8.5178,0.0154,0.0042,23245.2134,NA
parkey.exe,38476,0x25B69970950,DXGI,1,4,0,Composed: Flip,23279.1042,NA,17.22830000000000,16.68810000000000,0.17450000000000,7.89800000000000,32.2321,23262.0022,17.2765,17.1020,0.1745,17.0597,7.9403,7.9222,0.0181,0.1007,23262.0022,NA
parkey.exe,38476,0x25B69970950,DXGI,1,4,0,Composed: Flip,23295.6456,NA,16.54140000000000,16.66180000000000,0.14100000000000,8.68400000000000,32.3525,23279.2787,16.5079,16.3669,0.1410,16.3251,8.7258,8.7060,0.0198,0.6147,23279.2787,NA
parkey.exe,38476,0x25B69970950,DXGI,1,4,0,Composed: Flip,23312.2676,NA,16.62200000000000,16.68350000000000,0.16440000000000,8.46200000000000,32.4140,23295.7866,16.6454,16.4810,0.1644,16.4328,8.5102,8.4928,0.0174,-0.1756,23295.7866,NA
parkey.exe,38476,0x25B69970950,DXGI,1,4,0,Composed: Flip,23328.7490,NA,16.48140000000000,16.68080000000000,0.12400000000000,8.04450000000000,32.6134,23312.4320,16.4410,16.3170,0.1240,16.2805,8.0810,8.0634,0.0176,-0.0354,23312.4320,NA
parkey.exe,38476,0x25B69970950,DXGI,1,4,0,Composed: Flip,23345.1517,NA,16.40270000000000,6.36840000000000,0.11040000000000,8.44480000000000,22.5791,23328.8730,16.3891,16.2787,0.1104,16.2453,8.4782,8.4597,0.0185,10.0726,23328.8730,NA
parkey.exe,38476,0x25B69970950,DXGI,1,4,0,Composed: Flip,23362.0413,NA,16.88960000000000,26.99330000000000,0.14720000000000,8.66080000000000,32.6828,23345.2621,16.9264,16.7792,0.1472,16.7423,8.6977,8.6273,0.0704,-10.6042,23345.2621,NA
parkey.exe,38476,0x25B69970950,DXGI,1,4,0,Composed: Flip,23378.6911,NA,16.64980000000000,16.67460000000000,0.11870000000000,8.67660000000000,32.7076,23362.1885,16.6213,16.5026,0.1187,16.4669,8.7123,8.6964,0.0159,0.2518,23362.1885,NA
parkey.exe,38476,0x25B69970950,DXGI,1,4,0,Composed: Flip,23395.3420,NA,16.65090000000000,16.68770000000000,0.19030000000000,8.53970000000000,32.7444,23378.8098,16.7225,16.5322,0.1903,16.4942,8.5777,8.5584,0.0193,-0.0664,23378.8098,NA
parkey.exe,38476,0x25B69970950,DXGI,1,4,0,Composed: Flip,23411.9563,NA,16.61430000000000,16.70120000000000,0.13120000000000,8.04940000000000,32.8313,23395.5323,16.5552,16.4240,0.1312,16.3833,8.0901,8.0729,0.0172,0.0213,23395.5323,NA
parkey.exe,38476,0x25B69970950,DXGI,1,4,0,Composed: Flip,23428.5282,NA,16.57190000000000,16.66050000000000,0.14360000000000,8.39320000000000,32.9199,23412.0875,16.5843,16.4407,0.1436,16.4051,8.4288,8.4088,0.0200,-0.1053,23412.0875,NA
parkey.exe,38476,0x25B69970950,DXGI,1,4,0,Composed: Flip,23445.4405,NA,16.91230000000000,16.68650000000000,0.12470000000000,8.74770000000000,32.6941,23428.6718,16.8934,16.7687,0.1247,16.7289,8.7875,8.7725,0.0150,-0.1022,23428.6718,NA
parkey.exe,38476,0x25B69970950,DXGI,1,4,0,Composed: Flip,23462.0116,NA,16.57110000000000,16.67040000000000,0.20800000000000,8.03280000000000,32.7934,23445.5652,16.6544,16.4464,0.2080,16.4089,8.0703,8.0514,0.0189,0.2230,23445.5652,NA
parkey.exe,38476,0x25B69970950,DXGI,1,4,0,Composed: Flip,23478.9441,NA,16.93250000000000,16.68140000000000,0.13230000000000,8.51820000000000,32.5423,23462.2196,16.8568,16.7245,0.1323,16.6837,8.5590,8.5404,0.0186,-0.0270,23462.2196,NA
parkey.exe,38476,0x25B69970950,DXGI,1,4,0,Composed: Flip,23495.4778,NA,16.53370000000000,16.73280000000000,0.15980000000000,8.50330000000000,32.7414,23479.0764,16.5612,16.4014,0.1598,16.3610,8.5437,8.5222,0.0215,0.1240,23479.0764,NA
parkey.exe,38476,0x25B69970950,DXGI,1,4,0,Composed: Flip,23512.1457,NA,16.66790000000000,16.62850000000000,0.13810000000000,8.44950000000000,32.7020,23495.6376,16.6462,16.5081,0.1381,16.4719,8.4857,8.4671,0.0186,-0.0673,23495.6376,NA
parkey.exe,38476,0x25B69970950,DXGI,1,4,0,Composed: Flip,23529.3807,NA,17.23500000000000,16.68110000000000,0.11710000000000,8.65100000000000,32.1481,23512.2838,17.2140,17.0969,0.1171,17.0535,8.6944,8.6735,0.0209,-0.0349,23512.2838,NA
parkey.exe,38476,0x25B69970950,DXGI,1,4,0,Composed: Flip,23545.3755,NA,15.99480000000000,16.67840000000000,0.12430000000000,8.63710000000000,32.8317,23529.4978,16.0020,15.8777,0.1243,15.8395,8.6753,8.6576,0.0177,0.5356,23529.4978,NA
parkey.exe,38476,0x25B69970950,DXGI,1,4,0,Composed: Flip,23562.0771,NA,16.70160000000000,16.68420000000000,0.18350000000000,8.45910000000000,32.8143,23545.4998,16.7608,16.5773,0.1835,16.5363,8.5001,8.4796,0.0205,-0.6822,23545.4998,NA
parkey.exe,38476,0x25B69970950,DXGI,1,4,0,Composed: Flip,23578.7779,NA,16.70080000000000,16.67180000000000,0.13500000000000,8.06680000000000,32.7853,23562.2606,16.6523,16.5173,0.1350,16.4757,8.1084,8.0908,0.0176,0.0890,23562.2606,NA
parkey.exe,38476,0x25B69970950,DXGI,1,4,0,Composed: Flip,23595.2548,NA,16.47690000000000,16.68880000000000,0.14220000000000,8.45350000000000,32.9972,23578.9129,16.4841,16.3419,0.1422,16.3068,8.4886,8.4694,0.0192,-0.0365,23578.9129,NA
parkey.exe,38476,0x25B69970950,DXGI,1,4,0,Composed: Flip,23612.2058,NA,16.95100000000000,16.67790000000000,0.16120000000000,8.11120000000000,32.7241,23595.3970,16.9700,16.8088,0.1612,16.7670,8.1530,8.1080,0.0450,-0.1938,23595.3970,NA
parkey.exe,38476,0x25B69970950,DXGI,1,4,0,Composed: Flip,23628.7481,NA,16.54230000000000,16.67320000000000,0.11990000000000,8.00990000000000,32.8550,23612.3670,16.5010,16.3811,0.1199,16.3428,8.0482,8.0301,0.0181,0.2968,23612.3670,NA
parkey.exe,38476,0x25B69970950,DXGI,1,4,0,Composed: Flip,23645.2248,NA,16.47670000000000,16.69470000000000,0.11720000000000,8.55500000000000,33.0730,23628.8680,16.4740,16.3568,0.1172,16.3238,8.5880,8.5683,0.0197,-0.1937,23628.8680,NA
parkey.exe,38476,0x25B69970950,DXGI,1,4,0,Composed: Flip,23662.6369,NA,17.41210000000000,16.68650000000000,0.14290000000000,8.44530000000000,32.3474,23645.3420,17.4378,17.2949,0.1429,17.2400,8.5002,8.4715,0.0287,-0.2125,23645.3420,NA
parkey.exe,38476,0x25B69970950,DXGI,1,4,0,Composed: Flip,23678.8939,NA,16.25700000000000,16.66250000000000,0.15970000000000,8.45770000000000,32.7529,23662.7798,16.2738,16.1141,0.1597,16.0764,8.4954,8.4751,0.0203,0.7753,23662.7798,NA
parkey.exe,38476,0x25B69970950,DXGI,1,4,0,Composed: Flip,23695.6583,NA,16.76440000000000,16.68630000000000,0.13050000000000,8.29140000000000,32.6748,23679.0536,16.7352,16.6047,0.1305,16.5655,8.3306,8.3126,0.0180,-0.4125,23679.0536,NA
parkey.exe,38476,0x25B69970950,DXGI,1,4,0,Composed: Flip,23712.0987,NA,16.44040000000000,16.67100000000000,0.12620000000000,8.68200000000000,32.9054,23695.7888,16.4361,16.3099,0.1262,16.2724,8.7195,8.6990,0.0205,0.0642,23695.7888,NA
parkey.exe,38476,0x25B69970950,DXGI,1,4,0,Composed: Flip,23728.8287,NA,16.73000000000000,16.68540000000000,0.15470000000000,8.45970000000000,32.8608,23712.2249,16.7585,16.6038,0.1547,16.5614,8.5021,8.4835,0.0186,-0.2493,23712.2249,NA
parkey.exe,38476,0x25B69970950,DXGI,1,4,0,Composed: Flip,23745.7536,NA,16.92490000000000,16.67980000000000,0.16720000000000,8.43910000000000,32.6157,23728.9834,16.9374,16.7702,0.1672,16.7283,8.4810,8.4602,0.0208,0.0787,23728.9834,NA
parkey.exe,38476,0x25B69970950,DXGI,1,4,0,Composed: Flip,23762.6237,NA,16.87010000000000,16.67580000000000,0.13690000000000,8.36610000000000,32.4214,23745.9208,16.8398,16.7029,0.1369,16.6476,8.4214,8.4042,0.0172,0.2616,23745.9208,NA
parkey.exe,38476,0x25B69970950,DXGI,1,4,0,Composed: Flip,23778.7406,NA,16.11690000000000,16.68880000000000,0.12000000000000,8.34400000000000,32.9933,23762.7606,16.1000,15.9800,0.1200,15.9410,8.3830,8.3665,0.0165,0.1510,23762.7606,NA
parkey.exe,38476,0x25B69970950,DXGI,1,4,0,Composed: Flip,23795.3302,NA,16.58960000000000,16.67610000000000,0.12080000000000,8.04380000000000,33.0798,23778.8606,16.5904,16.4696,0.1208,16.4341,8.0793,8.0606,0.0187,-0.5761,23778.8606,NA
parkey.exe,38476,0x25B69970950,DXGI,1,4,0,Composed: Flip,23811.8734,NA,16.54320000000000,16.67900000000000,0.13210000000000,8.49790000000000,33.2156,23795.4510,16.5545,16.4224,0.1321,16.3864,8.5339,8.5145,0.0194,-0.0886,23795.4510,NA
parkey.exe,38476,0x25B69970950,DXGI,1,4,0,Composed: Flip,23828.8476,NA,16.97420000000000,16.67540000000000,0.13680000000000,8.44600000000000,32.9168,23812.0055,16.9789,16.8421,0.1368,16.8021,8.4860,8.4632,0.0228,-0.1209,23812.0055,NA
parkey.exe,38476,0x25B69970950,DXGI,1,4,0,Composed: Flip,23845.3391,NA,16.49150000000000,16.68270000000000,0.11280000000000,8.04810000000000,33.1080,23828.9844,16.4675,16.3547,0.1128,16.3204,8.0824,8.0645,0.0179,0.2962,23828.9844,NA
parkey.exe,38476,0x25B69970950,DXGI,1,4,0,Composed: Flip,23861.8231,NA,16.48400000000000,16.68160000000000,0.13480000000000,8.40290000000000,33.3056,23845.4519,16.5060,16.3712,0.1348,16.3380,8.4361,8.4076,0.0285,-0.2141,23845.4519,NA
parkey.exe,38476,0x25B69970950,DXGI,1,4,0,Composed: Flip,23878.7711,NA,16.94800000000000,16.67760000000000,0.11950000000000,8.59720000000000,33.0352,23861.9579,16.9327,16.8132,0.1195,16.7769,8.6335,8.6173,0.0162,-0.1716,23861.9579,NA
parkey.exe,38476,0x25B69970950,DXGI,1,4,0,Composed: Flip,23895.3438,NA,16.57270000000000,16.68480000000000,0.12090000000000,8.48580000000000,33.1473,23878.8906,16.5741,16.4532,0.1209,16.4179,8.5211,8.5019,0.0192,0.2479,23878.8906,NA
parkey.exe,38476,0x25B69970950,DXGI,1,4,0,Composed: Flip,23911.9381,NA,16.59430000000000,16.68060000000000,0.11920000000000,8.48550000000000,33.2336,23895.4647,16.5926,16.4734,0.1192,16.4424,8.5165,8.4935,0.0230,-0.1065,23895.4647,NA
parkey.exe,38476,0x25B69970950,DXGI,1,4,0,Composed: Flip,23928.7005,NA,16.76240000000000,16.68310000000000,0.13920000000000,8.41050000000000,33.1543,23912.0573,16.7824,16.6432,0.1392,16.6072,8.4465,8.4269,0.0196,-0.0905,23912.0573,NA
parkey.exe,38476,0x25B69970950,DXGI,1,4,0,Composed: Flip,23945.4693,NA,16.76880000000000,16.67730000000000,0.12680000000000,8.31470000000000,33.0628,23928.8397,16.7564,16.6296,0.1268,16.5905,8.3538,8.3350,0.0188,0.1051,23928.8397,NA
parkey.exe,38476,0x25B69970950,DXGI,1,4,0,Composed: Flip,23961.9409,NA,16.47160000000000,16.68000000000000,0.11640000000000,8.27640000000000,33.2712,23945.5961,16.4612,16.3448,0.1164,16.3172,8.3040,8.2769,0.0271,0.0764,23945.5961,NA
parkey.exe,38476,0x25B69970950,DXGI,1,4,0,Composed: Flip,23979.0147,NA,17.07380000000000,16.68430000000000,0.14170000000000,8.77330000000000,32.8817,23962.0573,17.0991,16.9574,0.1417,16.9162,8.8145,8.7948,0.0197,-0.2231,23962.0573,NA
parkey.exe,38476,0x25B69970950,DXGI,1,4,0,Composed: Flip,23995.4581,NA,16.44340000000000,16.66990000000000,0.14440000000000,8.48950000000000,33.1082,23979.1564,16.4461,16.3017,0.1444,16.2635,8.5277,8.5050,0.0227,0.4292,23979.1564,NA
parkey.exe,38476,0x25B69970950,DXGI,1,4,0,Composed: Flip,24012.1577,NA,16.69960000000000,16.68840000000000,0.12450000000000,8.06720000000000,33.0970,23995.6025,16.6797,16.5552,0.1245,16.5177,8.1047,8.0812,0.0235,-0.2423,23995.6025,NA
parkey.exe,38476,0x25B69970950,DXGI,1,4,0,Composed: Flip,24028.6125,NA,16.45480000000000,16.67720000000000,0.11400000000000,8.06940000000000,33.3194,24012.2822,16.4443,16.3303,0.1140,16.2929,8.1068,8.0885,0.0183,0.0025,24012.2822,NA
parkey.exe,38476,0x25B69970950,DXGI,1,4,0,Composed: Flip,24045.2150,NA,16.60250000000000,16.67740000000000,0.11590000000000,8.25560000000000,33.3943,24028.7265,16.6044,16.4885,0.1159,16.4548,8.2893,8.2701,0.0192,-0.2331,24028.7265,NA
parkey.exe,38476,0x25B69970950,DXGI,1,4,0,Composed: Flip,24062.0420,NA,16.82700000000000,16.68520000000000,0.14200000000000,8.48690000000000,33.2525,24045.3309,16.8531,16.7111,0.1420,16.6794,8.5186,8.4991,0.0195,-0.0808,24045.3309,NA
parkey.exe,38476,0x25B69970950,DXGI,1,4,0,Composed: Flip,24078.5489,NA,16.50690000000000,16.68210000000000,0.11280000000000,8.33350000000000,33.4277,24062.1840,16.4777,16.3649,0.1128,16.3305,8.3679,8.3501,0.0178,0.1710,24062.1840,NA
parkey.exe,38476,0x25B69970950,DXGI,1,4,0,Composed: Flip,24095.3673,NA,16.81840000000000,16.68080000000000,0.11920000000000,8.52880000000000,33.2901,24078.6617,16.8248,16.7056,0.1192,16.6864,8.5480,8.5155,0.0325,-0.2031,24078.6617,NA
parkey.exe,38476,0x25B69970950,DXGI,1,4,0,Composed: Flip,24112.0227,NA,16.65540000000000,16.67710000000000,0.13740000000000,7.74820000000000,33.3118,24095.4865,16.6736,16.5362,0.1374,16.5012,7.7832,7.7503,0.0329,0.1477,24095.4865,NA
parkey.exe,38476,0x25B69970950,DXGI,1,4,0,Composed: Flip,24128.5085,NA,16.48580000000000,16.67410000000000,0.10590000000000,8.05060000000000,33.5001,24112.1601,16.4543,16.3484,0.1059,16.3125,8.0865,8.0677,0.0188,-0.0005,24112.1601,NA
parkey.exe,38476,0x25B69970950,DXGI,1,4,0,Composed: Flip,24145.2098,NA,16.70130000000000,16.68870000000000,0.11160000000000,8.53320000000000,33.4875,24128.6144,16.7070,16.5954,0.1116,16.5614,8.5672,8.5462,0.0210,-0.2344,24128.6144,NA
parkey.exe,38476,0x25B69970950,DXGI,1,4,0,Composed: Flip,24162.0681,NA,16.85830000000000,16.67730000000000,0.12060000000000,8.09270000000000,33.3065,24145.3214,16.8673,16.7467,0.1206,16.7075,8.1319,8.1134,0.0185,0.0297,24145.3214,NA
parkey.exe,38476,0x25B69970950,DXGI,1,4,0,Composed: Flip,24178.5358,NA,16.46770000000000,16.68930000000000,0.13890000000000,8.12510000000000,33.5281,24162.1887,16.4860,16.3471,0.1389,16.3131,8.1591,8.1394,0.0197,0.1780,24162.1887,NA
parkey.exe,38476,0x25B69970950,DXGI,1,4,0,Composed: Flip,24195.4198,NA,16.88400000000000,16.67710000000000,0.12300000000000,8.81930000000000,33.3212,24178.6747,16.8681,16.7451,0.1230,16.7093,8.8551,8.8390,0.0161,-0.1911,24178.6747,NA
parkey.exe,38476,0x25B69970950,DXGI,1,4,0,Composed: Flip,24212.0120,NA,16.59220000000000,16.67470000000000,0.11340000000000,8.70350000000000,33.4037,24195.5428,16.5826,16.4692,0.1134,16.4315,8.7412,8.7223,0.0189,0.1934,24195.5428,NA
parkey.exe,38476,0x25B69970950,DXGI,1,4,0,Composed: Flip,24228.6344,NA,16.62240000000000,16.68100000000000,0.12210000000000,8.45310000000000,33.4623,24212.1254,16.6311,16.5090,0.1221,16.4729,8.4892,8.4702,0.0190,-0.0984,24212.1254,NA
parkey.exe,38476,0x25B69970950,DXGI,1,4,0,Composed: Flip,24245.3134,NA,16.67900000000000,16.67410000000000,0.14410000000000,8.43780000000000,33.4574,24228.7565,16.7010,16.5569,0.1441,16.5190,8.4757,8.4558,0.0199,-0.0430,24228.7565,NA
parkey.exe,38476,0x25B69970950,DXGI,1,4,0,Composed: Flip,24262.0112,NA,16.69780000000000,16.68040000000000,0.11440000000000,8.07900000000000,33.4400,24245.4575,16.6681,16.5537,0.1144,16.5155,8.1172,8.0996,0.0176,0.0206,24245.4575,NA
parkey.exe,38476,0x25B69970950,DXGI,1,4,0,Composed: Flip,24278.5560,NA,16.54480000000000,16.68520000000000,0.10630000000000,8.06070000000000,33.5804,24262.1256,16.5367,16.4304,0.1063,16.3938,8.0973,8.0787,0.0186,-0.0171,24262.1256,NA
parkey.exe,38476,0x25B69970950,DXGI,1,4,0,Composed: Flip,24295.5511,NA,16.99510000000000,16.67700000000000,0.12670000000000,8.57810000000000,33.2623,24278.6623,17.0155,16.8888,0.1267,16.8531,8.6138,8.5925,0.0213,-0.1403,24278.6623,NA
parkey.exe,38476,0x25B69970950,DXGI,1,4,0,Composed: Flip,24312.0932,NA,16.54210000000000,16.68200000000000,0.15740000000000,7.41440000000000,33.4022,24295.6778,16.5728,16.4154,0.1574,16.3760,7.4538,7.4320,0.0218,0.3335,24295.6778,NA
parkey.exe,38476,0x25B69970950,DXGI,1,4,0,Composed: Flip,24328.4340,NA,16.34080000000000,16.68000000000000,0.11020000000000,6.82430000000000,33.7414,24312.2506,16.2936,16.1834,0.1102,16.1515,6.8562,6.8391,0.0171,-0.1072,24312.2506,NA
parkey.exe,38476,0x25B69970950,DXGI,1,4,0,Composed: Flip,24345.2251,NA,16.79110000000000,16.67980000000000,0.10560000000000,8.03880000000000,33.6301,24328.5442,16.7865,16.6809,0.1056,16.6469,8.0728,8.0485,0.0243,-0.3862,24328.5442,NA
parkey.exe,38476,0x25B69970950,DXGI,1,4,0,Composed: Flip,24361.8898,NA,16.66470000000000,16.68250000000000,0.12300000000000,5.72290000000000,33.6479,24345.3307,16.6821,16.5591,0.1230,16.5244,5.7576,5.7328,0.0248,0.1040,24345.3307,NA
parkey.exe,38476,0x25B69970950,DXGI,1,4,0,Composed: Flip,24378.4519,NA,16.56210000000000,16.68490000000000,0.10080000000000,7.26410000000000,33.7707,24362.0128,16.5399,16.4391,0.1008,16.4078,7.2954,7.2787,0.0167,-0.0028,24362.0128,NA
parkey.exe,38476,0x25B69970950,DXGI,1,4,0,Composed: Flip,24394.8776,NA,16.42570000000000,16.67890000000000,0.09930000000000,8.49750000000000,34.0239,24378.5527,16.4242,16.3249,0.0993,16.2965,8.5259,8.5071,0.0188,-0.1390,24378.5527,NA
parkey.exe,38476,0x25B69970950,DXGI,1,4,0,Composed: Flip,24411.6243,NA,16.74670000000000,16.67150000000000,0.10140000000000,8.10330000000000,33.9487,24394.9769,16.7488,16.6474,0.1014,16.6146,8.1361,8.1205,0.0156,-0.2473,24394.9769,NA
parkey.exe,38476,0x25B69970950,DXGI,1,4,0,Composed: Flip,24428.3198,NA,16.69550000000000,16.68630000000000,0.11240000000000,8.27610000000000,33.9395,24411.7257,16.7065,16.5941,0.1124,16.5656,8.3046,8.2871,0.0175,0.0625,24411.7257,NA
parkey.exe,38476,0x25B69970950,DXGI,1,4,0,Composed: Flip,24445.2048,NA,16.88500000000000,16.77950000000000,0.10370000000000,5.71120000000000,33.8340,24428.4322,16.8763,16.7726,0.1037,16.7387,5.7451,5.7201,0.0250,-0.0730,24428.4322,NA
parkey.exe,38476,0x25B69970950,DXGI,1,4,0,Composed: Flip,24461.6277,NA,16.42290000000000,16.60170000000000,0.10290000000000,7.77840000000000,34.0128,24445.3085,16.4221,16.3192,0.1029,16.2893,7.8083,7.7508,0.0575,0.2746,24445.3085,NA
parkey.exe,38476,0x25B69970950,DXGI,1,4,0,Composed: Flip,24479.2869,NA,17.65920000000000,16.70170000000000,0.26130000000000,8.46310000000000,33.0553,24461.7306,17.8176,17.5563,0.2613,17.4833,8.5361,8.4955,0.0406,-0.2796,24461.7306,NA
parkey.exe,38476,0x25B69970950,DXGI,1,4,0,Composed: Flip,24495.8389,NA,16.55200000000000,16.70900000000000,0.20280000000000,6.81130000000000,33.2123,24479.5482,16.4935,16.2907,0.2028,16.2322,6.8698,6.8477,0.0221,1.1086,24479.5482,NA
parkey.exe,38476,0x25B69970950,DXGI,1,4,0,Composed: Flip,24512.4830,NA,16.64410000000000,16.63990000000000,0.19620000000000,7.42310000000000,33.2081,24496.0417,16.6375,16.4413,0.1962,16.3885,7.4759,7.4479,0.0280,-0.1464,24496.0417,NA
parkey.exe,38476,0x25B69970950,DXGI,1,4,0,Composed: Flip,24529.6405,NA,17.15750000000000,16.69140000000000,0.18310000000000,8.46880000000000,32.7420,24512.6792,17.1444,16.9613,0.1831,16.9158,8.5143,8.4964,0.0179,-0.0539,24512.6792,NA
parkey.exe,38476,0x25B69970950,DXGI,1,4,0,Composed: Flip,24545.9145,NA,16.27400000000000,16.65560000000000,0.22380000000000,7.97850000000000,33.1236,24529.8236,16.3147,16.0909,0.2238,16.0285,8.0409,8.0145,0.0264,0.4888,24529.8236,NA
parkey.exe,38476,0x25B69970950,DXGI,1,4,0,Composed: Flip,24562.5059,NA,16.59140000000000,16.68150000000000,0.22620000000000,7.41460000000000,33.2137,24546.1383,16.5938,16.3676,0.2262,16.3090,7.4732,7.4456,0.0276,-0.3668,24546.1383,NA
parkey.exe,38476,0x25B69970950,DXGI,1,4,0,Composed: Flip,24578.8047,NA,16.29880000000000,16.66820000000000,0.13420000000000,6.82470000000000,33.5831,24562.7321,16.2068,16.0726,0.1342,16.0248,6.8725,6.8552,0.0173,-0.0744,24562.7321,NA
parkey.exe,38476,0x25B69970950,DXGI,1,4,0,Composed: Flip,24595.2572,NA,16.45250000000000,16.68870000000000,0.25780000000000,8.11820000000000,33.8193,24578.9389,16.5761,16.3183,0.2578,16.2826,8.1539,8.1306,0.0233,-0.4819,24578.9389,NA
parkey.exe,38476,0x25B69970950,DXGI,1,4,0,Composed: Flip,24612.4619,NA,17.20470000000000,16.68000000000000,0.20800000000000,5.70360000000000,33.2946,24595.5150,17.1549,16.9469,0.2080,16.8854,5.7651,5.7358,0.0293,-0.1039,24595.5150,NA
parkey.exe,38476,0x25B69970950,DXGI,1,4,0,Composed: Flip,24628.7699,NA,16.30800000000000,16.66650000000000,0.12740000000000,7.25150000000000,33.6531,24612.6699,16.2274,16.1000,0.1274,16.0604,7.2911,7.2712,0.0199,0.4884,24612.6699,NA
parkey.exe,38476,0x25B69970950,DXGI,1,4,0,Composed: Flip,24645.0333,NA,16.26340000000000,16.67880000000000,0.10840000000000,8.55140000000000,34.0685,24628.8973,16.2444,16.1360,0.1084,16.1030,8.5844,8.5604,0.0240,-0.4514,24628.8973,NA
parkey.exe,38476,0x25B69970950,DXGI,1,4,0,Composed: Flip,24661.9119,NA,16.87860000000000,16.67500000000000,0.11810000000000,8.07270000000000,33.8649,24645.1417,16.8883,16.7702,0.1181,16.7335,8.1094,8.0930,0.0164,-0.4306,24645.1417,NA
parkey.exe,38476,0x25B69970950,DXGI,1,4,0,Composed: Flip,24678.3447,NA,16.43280000000000,16.68230000000000,0.12540000000000,7.34180000000000,34.1144,24662.0300,16.4401,16.3147,0.1254,16.2827,7.3738,7.3576,0.0162,0.2060,24662.0300,NA
parkey.exe,38476,0x25B69970950,DXGI,1,4,0,Composed: Flip,24695.0162,NA,16.67150000000000,16.67550000000000,0.11250000000000,7.66180000000000,34.1184,24678.4701,16.6586,16.5461,0.1125,16.5078,7.7001,7.4097,0.2904,-0.2354,24678.4701,NA
parkey.exe,38476,0x25B69970950,DXGI,1,4,0,Composed: Flip,24711.7854,NA,16.76920000000000,16.68990000000000,0.10700000000000,8.11420000000000,34.0391,24695.1287,16.7637,16.6567,0.1070,16.6206,8.1503,8.1344,0.0159,-0.0313,24695.1287,NA
parkey.exe,38476,0x25B69970950,DXGI,1,4,0,Composed: Flip,24728.2995,NA,16.51410000000000,16.67900000000000,0.09880000000000,8.57500000000000,34.2040,24711.8924,16.5059,16.4071,0.0988,16.3777,8.6044,8.5864,0.0180,0.0847,24711.8924,NA
parkey.exe,38476,0x25B69970950,DXGI,1,4,0,Composed: Flip,24745.1831,NA,16.88360000000000,16.67890000000000,0.13740000000000,8.15030000000000,33.9993,24728.3983,16.9222,16.7848,0.1374,16.7486,8.1865,8.1711,0.0154,-0.1730,24728.3983,NA
parkey.exe,38476,0x25B69970950,DXGI,1,4,0,Composed: Flip,24761.9208,NA,16.73770000000000,16.67880000000000,0.12310000000000,8.06040000000000,33.9404,24745.3205,16.7234,16.6003,0.1231,16.5646,8.0961,8.0797,0.0164,0.2434,24745.3205,NA
parkey.exe,38476,0x25B69970950,DXGI,1,4,0,Composed: Flip,24778.5176,NA,16.59680000000000,16.67830000000000,0.11560000000000,8.19070000000000,34.0219,24762.0439,16.5893,16.4737,0.1156,16.4341,8.2303,8.2111,0.0192,0.0451,24762.0439,NA
parkey.exe,38476,0x25B69970950,DXGI,1,4,0,Composed: Flip,24795.0772,NA,16.55960000000000,16.69070000000000,0.09830000000000,8.19910000000000,34.1530,24778.6332,16.5423,16.4440,0.0983,16.4116,8.2315,8.2171,0.0144,-0.1014,24778.6332,NA
parkey.exe,38476,0x25B69970950,DXGI,1,4,0,Composed: Flip,24811.7427,NA,16.66550000000000,16.68610000000000,0.10990000000000,8.51110000000000,34.1736,24795.1755,16.6771,16.5672,0.1099,16.5370,8.5413,8.5016,0.0397,-0.1438,24795.1755,NA
parkey.exe,38476,0x25B69970950,DXGI,1,4,0,Composed: Flip,24828.3750,NA,16.63230000000000,16.66860000000000,0.10410000000000,8.14730000000000,34.2099,24811.8526,16.6265,16.5224,0.1041,16.4909,8.1788,8.1586,0.0202,0.0085,24811.8526,NA
parkey.exe,38476,0x25B69970950,DXGI,1,4,0,Composed: Flip,24844.9730,NA,16.59800000000000,16.68620000000000,0.10540000000000,7.33140000000000,34.2981,24828.4791,16.5993,16.4939,0.1054,16.4621,7.3632,7.3455,0.0177,-0.0597,24828.4791,NA
parkey.exe,38476,0x25B69970950,DXGI,1,4,0,Composed: Flip,24861.8848,NA,16.91180000000000,16.67130000000000,0.13290000000000,5.70560000000000,34.0576,24845.0784,16.9393,16.8064,0.1329,16.7634,5.7486,5.7199,0.0287,-0.0720,24845.0784,NA
parkey.exe,38476,0x25B69970950,DXGI,1,4,0,Composed: Flip,24878.4125,NA,16.52770000000000,16.68080000000000,0.10460000000000,8.05680000000000,34.2107,24862.0177,16.4994,16.3948,0.1046,16.3613,8.0903,8.0739,0.0164,0.2585,24862.0177,NA
parkey.exe,38476,0x25B69970950,DXGI,1,4,0,Composed: Flip,24894.8869,NA,16.47440000000000,16.68230000000000,0.10080000000000,8.58320000000000,34.4186,24878.5171,16.4706,16.3698,0.1008,16.3395,8.6135,8.5952,0.0183,-0.1829,24878.5171,NA
parkey.exe,38476,0x25B69970950,DXGI,1,4,0,Composed: Flip,24911.6107,NA,16.72380000000000,16.67290000000000,0.11960000000000,6.47230000000000,34.3677,24894.9877,16.7426,16.6230,0.1196,16.5734,6.5219,6.2268,0.2951,-0.2023,24894.9877,NA
parkey.exe,38476,0x25B69970950,DXGI,1,4,0,Composed: Flip,24928.2362,NA,16.62550000000000,16.68710000000000,0.11880000000000,7.31220000000000,34.4293,24911.7303,16.6247,16.5059,0.1188,16.4790,7.3391,7.3229,0.0162,0.0555,24911.7303,NA
parkey.exe,38476,0x25B69970950,DXGI,1,4,0,Composed: Flip,24944.7830,NA,16.54680000000000,16.68230000000000,0.09660000000000,7.20000000000000,34.5648,24928.3550,16.5246,16.4280,0.0966,16.3998,7.2282,7.2081,0.0201,-0.0576,24928.3550,NA
parkey.exe,38476,0x25B69970950,DXGI,1,4,0,Composed: Flip,24961.8689,NA,17.08590000000000,16.67700000000000,0.11280000000000,8.34070000000000,34.1559,24944.8796,17.1021,16.9893,0.1128,16.9532,8.3768,8.3541,0.0227,-0.1524,24944.8796,NA
parkey.exe,38476,0x25B69970950,DXGI,1,4,0,Composed: Flip,24978.4436,NA,16.57470000000000,16.67970000000000,0.10880000000000,8.57830000000000,34.2609,24961.9817,16.5707,16.4619,0.1088,16.4209,8.6193,8.6030,0.0163,0.4224,24961.9817,NA
parkey.exe,38476,0x25B69970950,DXGI,1,4,0,Composed: Flip,24995.0450,NA,16.60140000000000,16.67740000000000,0.12470000000000,8.12010000000000,34.3369,24978.5524,16.6173,16.4926,0.1247,16.4604,8.1523,8.1349,0.0174,-0.1067,24978.5524,NA
parkey.exe,38476,0x25B69970950,DXGI,1,4,0,Composed: Flip,25011.5883,NA,16.54330000000000,16.68160000000000,0.10480000000000,7.34240000000000,34.4752,24995.1697,16.5234,16.4186,0.1048,16.3901,7.3709,7.3567,0.0142,-0.0643,24995.1697,NA
parkey.exe,38476,0x25B69970950,DXGI,1,4,0,Composed: Flip,25028.2582,NA,16.66990000000000,16.68020000000000,0.09290000000000,7.35040000000000,34.4855,25011.6931,16.6580,16.5651,0.0929,16.5345,7.3810,7.3605,0.0205,-0.1568,25011.6931,NA
parkey.exe,38476,0x25B69970950,DXGI,1,4,0,Composed: Flip,25044.9118,NA,16.65360000000000,16.68700000000000,0.10210000000000,7.62840000000000,34.5189,25028.3511,16.6628,16.5607,0.1021,16.5292,7.6599,7.6408,0.0191,-0.0290,25028.3511,NA
parkey.exe,38476,0x25B69970950,DXGI,1,4,0,Composed: Flip,25061.7829,NA,16.87110000000000,16.67760000000000,0.12440000000000,7.41870000000000,34.3254,25045.0139,16.8934,16.7690,0.1244,16.7333,7.4544,7.4206,0.0338,-0.0148,25045.0139,NA
parkey.exe,38476,0x25B69970950,DXGI,1,4,0,Composed: Flip,25078.1828,NA,16.39990000000000,16.67720000000000,0.09890000000000,6.83190000000000,34.6027,25061.9073,16.3744,16.2755,0.0989,16.2436,6.8638,6.8437,0.0201,0.2162,25061.9073,NA
parkey.exe,38476,0x25B69970950,DXGI,1,4,0,Composed: Flip,25095.3449,NA,17.16210000000000,16.68700000000000,0.11070000000000,8.07060000000000,34.1276,25078.2817,17.1739,17.0632,0.1107,17.0274,8.1064,8.0872,0.0192,-0.3126,25078.2817,NA
parkey.exe,38476,0x25B69970950,DXGI,1,4,0,Composed: Flip,25111.7437,NA,16.39880000000000,16.67560000000000,0.12740000000000,5.73990000000000,34.4044,25095.4556,16.4155,16.2881,0.1274,16.2526,5.7754,5.7508,0.0246,0.4983,25095.4556,NA
parkey.exe,38476,0x25B69970950,DXGI,1,4,0,Composed: Flip,25128.2662,NA,16.52250000000000,16.68700000000000,0.10410000000000,7.26750000000000,34.5689,25111.8711,16.4992,16.3951,0.1041,16.3675,7.2951,7.2778,0.0173,-0.2715,25111.8711,NA
parkey.exe,38476,0x25B69970950,DXGI,1,4,0,Composed: Flip,25145.0196,NA,16.75340000000000,16.67360000000000,0.12520000000000,8.57280000000000,34.4891,25128.3703,16.7745,16.6493,0.1252,16.6111,8.6110,8.5648,0.0462,-0.1744,25128.3703,NA
parkey.exe,38476,0x25B69970950,DXGI,1,4,0,Composed: Flip,25161.9867,NA,16.96710000000000,16.68050000000000,0.12060000000000,6.81730000000000,34.2025,25145.1448,16.9625,16.8419,0.1206,16.8026,6.8566,6.8392,0.0174,0.0940,25145.1448,NA
parkey.exe,38476,0x25B69970950,DXGI,1,4,0,Composed: Flip,25178.3864,NA,16.39970000000000,16.68870000000000,0.17210000000000,7.31090000000000,34.4915,25162.1073,16.4512,16.2791,0.1721,16.2311,7.3589,7.3433,0.0156,0.2738,25162.1073,NA
parkey.exe,38476,0x25B69970950,DXGI,1,4,0,Composed: Flip,25195.0260,NA,16.63960000000000,16.67900000000000,0.12200000000000,7.75950000000000,34.5309,25178.5585,16.5895,16.4675,0.1220,16.4321,7.7949,7.5243,0.2706,-0.2278,25178.5585,NA
parkey.exe,38476,0x25B69970950,DXGI,1,4,0,Composed: Flip,25211.8079,NA,16.78190000000000,16.67790000000000,0.11590000000000,8.25510000000000,34.4269,25195.1480,16.7758,16.6599,0.1159,16.6241,8.2909,8.2640,0.0269,-0.0884,25195.1480,NA
parkey.exe,38476,0x25B69970950,DXGI,1,4,0,Composed: Flip,25228.4429,NA,16.63500000000000,16.68070000000000,0.11110000000000,8.48740000000000,34.4726,25211.9238,16.6302,16.5191,0.1111,16.4849,8.5216,8.4995,0.0221,0.0951,25211.9238,NA
parkey.exe,38476,0x25B69970950,DXGI,1,4,0,Composed: Flip,25245.4914,NA,17.04850000000000,16.68930000000000,0.15430000000000,8.15900000000000,34.1134,25228.5540,17.0917,16.9374,0.1543,16.8976,8.1988,8.1775,0.0213,-0.0591,25228.5540,NA
parkey.exe,38476,0x25B69970950,DXGI,1,4,0,Composed: Flip,25262.1323,NA,16.64090000000000,16.67300000000000,0.12930000000000,7.52360000000000,34.1455,25245.6457,16.6159,16.4866,0.1293,16.4465,7.5637,7.5445,0.0192,0.4187,25245.6457,NA
parkey.exe,38476,0x25B69970950,DXGI,1,4,0,Composed: Flip,25278.9808,NA,16.84850000000000,16.68720000000000,0.16440000000000,7.82790000000000,33.9842,25262.2616,16.8836,16.7192,0.1644,16.6689,7.8782,7.8402,0.0380,-0.0713,25262.2616,NA
parkey.exe,38476,0x25B69970950,DXGI,1,4,0,Composed: Flip,25295.8345,NA,16.85370000000000,16.66930000000000,0.15720000000000,7.27890000000000,33.7998,25279.1452,16.8465,16.6893,0.1572,16.6410,7.3272,7.2723,0.0549,0.2143,25279.1452,NA
parkey.exe,38476,0x25B69970950,DXGI,1,4,0,Composed: Flip,25312.5487,NA,16.71420000000000,16.68740000000000,0.20110000000000,7.46130000000000,33.7730,25295.9917,16.7581,16.5570,0.2011,16.5086,7.5097,7.4811,0.0286,0.1591,25295.9917,NA
parkey.exe,38476,0x25B69970950,DXGI,1,4,0,Composed: Flip,25328.6586,NA,16.10990000000000,16.67750000000000,0.12560000000000,7.71270000000000,34.3406,25312.7498,16.0344,15.9088,0.1256,15.8744,7.7471,7.7280,0.0191,0.0806,25312.7498,NA
parkey.exe,38476,0x25B69970950,DXGI,1,4,0,Composed: Flip,25345.5551,NA,16.89650000000000,16.68190000000000,0.16500000000000,7.98920000000000,34.1260,25328.7842,16.9359,16.7709,0.1650,16.7156,8.0445,8.0276,0.0169,-0.6475,25328.7842,NA
parkey.exe,38476,0x25B69970950,DXGI,1,4,0,Composed: Flip,25362.0680,NA,16.51290000000000,16.67150000000000,0.16240000000000,5.71260000000000,34.2846,25345.7201,16.5103,16.3479,0.1624,16.3064,5.7541,5.7291,0.0250,0.2644,25345.7201,NA
parkey.exe,38476,0x25B69970950,DXGI,1,4,0,Composed: Flip,25378.7933,NA,16.72530000000000,16.68090000000000,0.13350000000000,7.25560000000000,34.2402,25362.2304,16.6964,16.5629,0.1335,16.5269,7.2916,7.2699,0.0217,-0.1706,25362.2304,NA
parkey.exe,38476,0x25B69970950,DXGI,1,4,0,Composed: Flip,25395.1935,NA,16.40020000000000,16.68560000000000,0.12550000000000,8.47990000000000,34.5256,25378.9268,16.3922,16.2667,0.1255,16.2287,8.5179,8.4805,0.0374,0.0108,25378.9268,NA
parkey.exe,38476,0x25B69970950,DXGI,1,4,0,Composed: Flip,25411.9251,NA,16.73160000000000,16.67010000000000,0.12390000000000,8.09240000000000,34.4641,25395.3190,16.7300,16.6061,0.1239,16.5711,8.1274,8.1099,0.0175,-0.2779,25395.3190,NA
parkey.exe,38476,0x25B69970950,DXGI,1,4,0,Composed: Flip,25428.5262,NA,16.60110000000000,16.68490000000000,0.13940000000000,7.64190000000000,34.5479,25412.0490,16.6166,16.4772,0.1394,16.4433,7.6758,7.6587,0.0171,0.0451,25412.0490,NA
parkey.exe,38476,0x25B69970950,DXGI,1,4,0,Composed: Flip,25445.2452,NA,16.71900000000000,16.68140000000000,0.12670000000000,5.70750000000000,34.5103,25428.6656,16.7063,16.5796,0.1267,16.5374,5.7497,5.7231,0.0266,-0.0648,25428.6656,NA
parkey.exe,38476,0x25B69970950,DXGI,1,4,0,Composed: Flip,25461.9150,NA,16.66980000000000,16.68240000000000,0.11770000000000,7.87290000000000,34.5229,25445.3719,16.6608,16.5431,0.1177,16.5079,7.9081,7.8801,0.0280,0.0239,25445.3719,NA
parkey.exe,38476,0x25B69970950,DXGI,1,4,0,Composed: Flip,25478.5752,NA,16.66020000000000,16.67800000000000,0.13310000000000,8.61390000000000,34.5407,25462.0327,16.6756,16.5425,0.1331,16.5070,8.6494,8.5309,0.1185,-0.0172,25462.0327,NA
parkey.exe,38476,0x25B69970950,DXGI,1,4,0,Composed: Flip,25495.4202,NA,16.84500000000000,16.67730000000000,0.15370000000000,6.86430000000000,34.3730,25478.7083,16.8656,16.7119,0.1537,16.6751,6.9011,6.8834,0.0177,-0.0017,25478.7083,NA
parkey.exe,38476,0x25B69970950,DXGI,1,4,0,Composed: Flip,25511.8973,NA,16.47710000000000,16.68090000000000,0.12120000000000,7.36470000000000,34.5768,25495.5739,16.4446,16.3234,0.1212,16.2859,7.4022,7.3614,0.0408,0.1847,25495.5739,NA
parkey.exe,38476,0x25B69970950,DXGI,1,4,0,Composed: Flip,25528.5832,NA,16.68590000000000,16.67640000000000,0.22060000000000,7.73190000000000,34.5673,25512.0185,16.7853,16.5647,0.2206,16.5265,7.7701,7.4979,0.2722,-0.2318,25512.0185,NA
parkey.exe,38476,0x25B69970950,DXGI,1,4,0,Composed: Flip,25545.2672,NA,16.68400000000000,16.68610000000000,0.11500000000000,7.64870000000000,34.5694,25528.8038,16.5784,16.4634,0.1150,16.4235,7.6886,7.6663,0.0223,0.0992,25528.8038,NA
parkey.exe,38476,0x25B69970950,DXGI,1,4,0,Composed: Flip,25561.7066,NA,16.43940000000000,16.68200000000000,0.12850000000000,7.41990000000000,34.8120,25545.3822,16.4529,16.3244,0.1285,16.2929,7.4514,7.4289,0.0225,-0.1036,25545.3822,NA
parkey.exe,38476,0x25B69970950,DXGI,1,4,0,Composed: Flip,25578.3328,NA,16.62620000000000,16.67690000000000,0.09860000000000,6.83690000000000,34.8627,25561.8351,16.5963,16.4977,0.0986,16.4669,6.8677,6.8480,0.0197,-0.2240,25561.8351,NA
parkey.exe,38476,0x25B69970950,DXGI,1,4,0,Composed: Flip,25595.0761,NA,16.74330000000000,16.69430000000000,0.10510000000000,7.66560000000000,34.8137,25578.4314,16.7498,16.6447,0.1051,16.6122,7.6981,7.6814,0.0167,-0.0980,25578.4314,NA
parkey.exe,38476,0x25B69970950,DXGI,1,4,0,Composed: Flip,25611.6160,NA,16.53990000000000,16.66260000000000,0.11970000000000,5.75030000000000,34.9364,25595.1812,16.5545,16.4348,0.1197,16.4016,5.7835,5.7588,0.0247,0.0872,25595.1812,NA
parkey.exe,38476,0x25B69970950,DXGI,1,4,0,Composed: Flip,25628.5314,NA,16.91540000000000,16.68330000000000,0.13160000000000,7.27090000000000,34.7043,25611.7357,16.9273,16.7957,0.1316,16.7578,7.3088,7.2892,0.0196,-0.1288,25611.7357,NA
parkey.exe,38476,0x25B69970950,DXGI,1,4,0,Composed: Flip,25645.0514,NA,16.52000000000000,16.68480000000000,0.11030000000000,6.99020000000000,34.8691,25628.6630,16.4987,16.3884,0.1103,16.3546,7.0240,7.0044,0.0196,0.2425,25628.6630,NA
parkey.exe,38476,0x25B69970950,DXGI,1,4,0,Composed: Flip,25661.7038,NA,16.65240000000000,16.67140000000000,0.10730000000000,7.84920000000000,34.8881,25645.1617,16.6494,16.5421,0.1073,16.5077,7.8836,7.8683,0.0153,-0.1727,25645.1617,NA
parkey.exe,38476,0x25B69970950,DXGI,1,4,0,Composed: Flip,25678.6011,NA,16.89730000000000,16.68590000000000,0.14800000000000,8.10090000000000,34.6767,25661.8111,16.9380,16.7900,0.1480,16.7531,8.1378,8.1208,0.0170,-0.0365,25661.8111,NA
parkey.exe,38476,0x25B69970950,DXGI,1,4,0,Composed: Flip,25695.0649,NA,16.46380000000000,16.67500000000000,0.11700000000000,5.71620000000000,34.8879,25678.7491,16.4328,16.3158,0.1170,16.2817,5.7503,5.7290,0.0213,0.2630,25678.7491,NA
parkey.exe,38476,0x25B69970950,DXGI,1,4,0,Composed: Flip,25711.5735,NA,16.50860000000000,16.67910000000000,0.10460000000000,7.70220000000000,35.0584,25695.1819,16.4962,16.3916,0.1046,16.3596,7.7342,7.7099,0.0243,-0.2463,25695.1819,NA
parkey.exe,38476,0x25B69970950,DXGI,1,4,0,Composed: Flip,25728.4625,NA,16.88900000000000,16.67740000000000,0.11430000000000,5.70350000000000,34.8468,25711.6781,16.8987,16.7844,0.1143,16.7480,5.7399,5.7142,0.0257,-0.1812,25711.6781,NA
parkey.exe,38476,0x25B69970950,DXGI,1,4,0,Composed: Flip,25744.9761,NA,16.51360000000000,16.68850000000000,0.14450000000000,7.84900000000000,35.0217,25728.5768,16.5438,16.3993,0.1445,16.3412,7.9071,7.8938,0.0133,0.2102,25728.5768,NA
parkey.exe,38476,0x25B69970950,DXGI,1,4,0,Composed: Flip,25761.6496,NA,16.67350000000000,16.69220000000000,0.10860000000000,7.70830000000000,35.0404,25745.1206,16.6376,16.5290,0.1086,16.4978,7.7395,7.7228,0.0167,-0.1484,25745.1206,NA
parkey.exe,38476,0x25B69970950,DXGI,1,4,0,Composed: Flip,25778.2628,NA,16.61320000000000,16.65870000000000,0.10050000000000,7.05730000000000,35.0859,25761.7582,16.6051,16.5046,0.1005,16.4718,7.0901,7.0707,0.0194,-0.0211,25761.7582,NA
parkey.exe,38476,0x25B69970950,DXGI,1,4,0,Composed: Flip,25795.0606,NA,16.79780000000000,16.68500000000000,0.10680000000000,7.30090000000000,34.9731,25778.3633,16.8041,16.6973,0.1068,16.6622,7.3360,7.3151,0.0209,-0.0799,25778.3633,NA
parkey.exe,38476,0x25B69970950,DXGI,1,4,0,Composed: Flip,25811.4574,NA,16.39680000000000,16.68770000000000,0.11250000000000,5.72760000000000,35.2640,25795.1674,16.4025,16.2900,0.1125,16.2578,5.7598,5.7379,0.0219,0.1164,25795.1674,NA
parkey.exe,38476,0x25B69970950,DXGI,1,4,0,Composed: Flip,25828.1673,NA,16.70990000000000,16.67390000000000,0.12070000000000,7.97760000000000,35.2280,25811.5699,16.7181,16.5974,0.1207,16.5519,8.0231,8.0077,0.0154,-0.2714,25811.5699,NA
parkey.exe,38476,0x25B69970950,DXGI,1,4,0,Composed: Flip,25845.0148,NA,16.84750000000000,16.70240000000000,0.09910000000000,7.68430000000000,35.0829,25828.2880,16.8259,16.7268,0.0991,16.6946,7.7165,7.7001,0.0164,0.0157,25828.2880,NA
parkey.exe,38476,0x25B69970950,DXGI,1,4,0,Composed: Flip,25861.5513,NA,16.53650000000000,16.65800000000000,0.11680000000000,5.74260000000000,35.2044,25845.1139,16.5542,16.4374,0.1168,16.4085,5.7715,5.7522,0.0193,0.1679,25845.1139,NA
parkey.exe,38476,0x25B69970950,DXGI,1,4,0,Composed: Flip,25878.3067,NA,16.75540000000000,16.68790000000000,0.12940000000000,7.25990000000000,35.1369,25861.6681,16.7680,16.6386,0.1294,16.5925,7.3060,7.2895,0.0165,-0.1337,25861.6681,NA
parkey.exe,38476,0x25B69970950,DXGI,1,4,0,Composed: Flip,25895.0534,NA,16.74670000000000,16.67490000000000,0.10950000000000,7.04360000000000,35.0651,25878.4361,16.7268,16.6173,0.1095,16.5768,7.0841,7.0642,0.0199,0.0931,25878.4361,NA
parkey.exe,38476,0x25B69970950,DXGI,1,4,0,Composed: Flip,25911.7652,NA,16.71180000000000,16.67820000000000,0.10490000000000,7.75840000000000,35.0315,25895.1629,16.7072,16.6023,0.1049,16.5693,7.7914,7.7749,0.0165,0.0486,25895.1629,NA
parkey.exe,38476,0x25B69970950,DXGI,1,4,0,Composed: Flip,25928.3988,NA,16.63360000000000,16.68130000000000,0.12530000000000,7.67760000000000,35.0792,25911.8701,16.6540,16.5287,0.1253,16.4969,7.7094,7.6923,0.0171,0.0259,25911.8701,NA
parkey.exe,38476,0x25B69970950,DXGI,1,4,0,Composed: Flip,25944.8997,NA,16.50090000000000,16.67190000000000,0.09740000000000,6.91900000000000,35.2502,25928.5241,16.4730,16.3756,0.0974,16.3444,6.9502,6.9308,0.0194,-0.0179,25928.5241,NA
parkey.exe,38476,0x25B69970950,DXGI,1,4,0,Composed: Flip,25961.7769,NA,16.87720000000000,16.68640000000000,0.11600000000000,6.83820000000000,35.0594,25944.9971,16.8958,16.7798,0.1160,16.7449,6.8731,6.8533,0.0198,-0.2134,25944.9971,NA
parkey.exe,38476,0x25B69970950,DXGI,1,4,0,Composed: Flip,25978.2518,NA,16.47490000000000,16.67700000000000,0.09520000000000,6.96960000000000,35.2615,25961.8929,16.4541,16.3589,0.0952,16.3292,6.9993,6.9819,0.0174,0.2188,25961.8929,NA
parkey.exe,38476,0x25B69970950,DXGI,1,4,0,Composed: Flip,25994.9483,NA,16.69650000000000,16.67880000000000,0.12080000000000,7.92300000000000,35.2438,25978.3470,16.7221,16.6013,0.1208,16.5605,7.9638,7.9501,0.0137,-0.2247,25978.3470,NA
parkey.exe,38476,0x25B69970950,DXGI,1,4,0,Composed: Flip,26011.6830,NA,16.73470000000000,16.68230000000000,0.11800000000000,7.35340000000000,35.1914,25995.0691,16.7319,16.6139,0.1180,16.5796,7.3877,7.3754,0.0123,0.0398,25995.0691,NA
parkey.exe,38476,0x25B69970950,DXGI,1,4,0,Composed: Flip,26028.2036,NA,16.52060000000000,16.69120000000000,0.09510000000000,5.67920000000000,35.3620,26011.8010,16.4977,16.4026,0.0951,16.3737,5.7081,5.6849,0.0232,0.0407,26011.8010,NA
parkey.exe,38476,0x25B69970950,DXGI,1,4,0,Composed: Flip,26044.6931,NA,16.48950000000000,16.67430000000000,0.08910000000000,7.26590000000000,35.5468,26028.2987,16.4835,16.3944,0.0891,16.3641,7.2962,7.2789,0.0173,-0.1766,26028.2987,NA
parkey.exe,38476,0x25B69970950,DXGI,1,4,0,Composed: Flip,26061.5446,NA,16.85150000000000,16.67680000000000,0.11450000000000,6.95350000000000,35.3721,26044.7822,16.8769,16.7624,0.1145,16.7304,6.9855,6.9661,0.0194,-0.1933,26044.7822,NA
parkey.exe,38476,0x25B69970950,DXGI,1,4,0,Composed: Flip,26078.1846,NA,16.64000000000000,16.68200000000000,0.11670000000000,7.69330000000000,35.4141,26061.6591,16.6422,16.5255,0.1167,16.4954,7.7234,7.7044,0.0190,0.1949,26061.6591,NA
parkey.exe,38476,0x25B69970950,DXGI,1,4,0,Composed: Flip,26094.8998,NA,16.71520000000000,16.68910000000000,0.09790000000000,7.88710000000000,35.3880,26078.3013,16.6964,16.5985,0.0979,16.5664,7.9192,7.9023,0.0169,-0.0469,26078.3013,NA
parkey.exe,38476,0x25B69970950,DXGI,1,4,0,Composed: Flip,26111.8309,NA,16.93110000000000,16.67220000000000,0.12410000000000,7.73870000000000,35.1291,26094.9977,16.9573,16.8332,0.1241,16.7977,7.7742,7.5023,0.2719,0.0242,26094.9977,NA
parkey.exe,38476,0x25B69970950,DXGI,1,4,0,Composed: Flip,26128.2826,NA,16.45170000000000,16.68050000000000,0.13330000000000,7.69340000000000,35.3579,26111.9550,16.4609,16.3276,0.1333,16.2923,7.7287,7.7089,0.0198,0.2768,26111.9550,NA
parkey.exe,38476,0x25B69970950,DXGI,1,4,0,Composed: Flip,26144.9665,NA,16.68390000000000,16.68150000000000,0.11350000000000,5.71340000000000,35.3555,26128.4159,16.6641,16.5506,0.1135,16.5198,5.7442,5.7220,0.0222,-0.2206,26128.4159,NA
parkey.exe,38476,0x25B69970950,DXGI,1,4,0,Composed: Flip,26161.5192,NA,16.55270000000000,16.67730000000000,0.09830000000000,5.71160000000000,35.4801,26145.0800,16.5375,16.4392,0.0983,16.4078,5.7430,5.7215,0.0215,-0.0132,26145.0800,NA
parkey.exe,38476,0x25B69970950,DXGI,1,4,0,Composed: Flip,26178.0335,NA,16.51430000000000,16.68130000000000,0.12030000000000,7.72770000000000,35.6471,26161.6175,16.5363,16.4160,0.1203,16.3895,7.7542,7.7375,0.0167,-0.1438,26161.6175,NA
parkey.exe,38476,0x25B69970950,DXGI,1,4,0,Composed: Flip,26194.9074,NA,16.87390000000000,16.67460000000000,0.10130000000000,6.96460000000000,35.4478,26178.1538,16.8549,16.7536,0.1013,16.7167,7.0015,6.9839,0.0176,-0.1383,26178.1538,NA
parkey.exe,38476,0x25B69970950,DXGI,1,4,0,Composed: Flip,26211.4626,NA,16.55520000000000,16.68580000000000,0.10370000000000,7.71280000000000,35.5784,26195.0087,16.5576,16.4539,0.1037,16.4223,7.7444,7.7221,0.0223,0.1691,26195.0087,NA
parkey.exe,38476,0x25B69970950,DXGI,1,4,0,Composed: Flip,26228.1676,NA,16.70500000000000,16.68490000000000,0.09890000000000,5.72590000000000,35.5583,26211.5663,16.7002,16.6013,0.0989,16.5692,5.7580,5.7360,0.0220,-0.1273,26211.5663,NA
parkey.exe,38476,0x25B69970950,DXGI,1,4,0,Composed: Flip,26244.8226,NA,16.65500000000000,16.67440000000000,0.11050000000000,7.14940000000000,35.5777,26228.2665,16.6666,16.5561,0.1105,16.5253,7.1802,7.1586,0.0216,0.0258,26228.2665,NA
parkey.exe,38476,0x25B69970950,DXGI,1,4,0,Composed: Flip,26261.6176,NA,16.79500000000000,16.67470000000000,0.10370000000000,7.65650000000000,35.4574,26244.9331,16.7882,16.6845,0.1037,16.6509,7.6901,7.6707,0.0194,-0.0081,26244.9331,NA
parkey.exe,38476,0x25B69970950,DXGI,1,4,0,Composed: Flip,26278.1826,NA,16.56500000000000,16.68030000000000,0.09440000000000,6.95520000000000,35.5727,26261.7213,16.5557,16.4613,0.0944,16.4295,6.9870,6.9716,0.0154,0.1079,26261.7213,NA
parkey.exe,38476,0x25B69970950,DXGI,1,4,0,Composed: Flip,26294.9401,NA,16.75750000000000,16.69490000000000,0.10040000000000,7.26200000000000,35.5101,26278.2770,16.7635,16.6631,0.1004,16.6324,7.2927,7.2629,0.0298,-0.1392,26278.2770,NA
parkey.exe,38476,0x25B69970950,DXGI,1,4,0,Composed: Flip,26311.3981,NA,16.45800000000000,16.68070000000000,0.11790000000000,6.98910000000000,35.7328,26295.0405,16.4755,16.3576,0.1179,16.3289,7.0178,6.9965,0.0213,0.0828,26295.0405,NA
parkey.exe,38476,0x25B69970950,DXGI,1,4,0,Composed: Flip,26328.2019,NA,16.80380000000000,16.67060000000000,0.09670000000000,7.17920000000000,35.5996,26311.5160,16.7826,16.6859,0.0967,16.6532,7.2119,7.1903,0.0216,-0.1951,26311.5160,NA
parkey.exe,38476,0x25B69970950,DXGI,1,4,0,Composed: Flip,26345.2267,NA,17.02480000000000,16.68700000000000,0.11130000000000,7.31050000000000,35.2618,26328.2986,17.0394,16.9281,0.1113,16.8906,7.3480,7.3311,0.0169,0.0956,26328.2986,NA
parkey.exe,38476,0x25B69970950,DXGI,1,4,0,Composed: Flip,26361.4262,NA,16.19950000000000,16.67400000000000,0.12090000000000,5.67950000000000,35.7363,26345.3380,16.2091,16.0882,0.1209,16.0597,5.7080,5.6869,0.0211,0.3654,26345.3380,NA
parkey.exe,38476,0x25B69970950,DXGI,1,4,0,Composed: Flip,26378.1500,NA,16.72380000000000,16.68720000000000,0.10170000000000,7.24460000000000,35.6997,26361.5471,16.7046,16.6029,0.1017,16.5678,7.2797,7.2586,0.0211,-0.4781,26361.5471,NA
parkey.exe,38476,0x25B69970950,DXGI,1,4,0,Composed: Flip,26395.0368,NA,16.88680000000000,16.67890000000000,0.10680000000000,7.01040000000000,35.4918,26378.2517,16.8919,16.7851,0.1068,16.7514,7.0441,7.0248,0.0193,0.0257,26378.2517,NA
parkey.exe,38476,0x25B69970950,DXGI,1,4,0,Composed: Flip,26411.8478,NA,16.81100000000000,16.67390000000000,0.10720000000000,6.83850000000000,35.3547,26395.1436,16.8114,16.7042,0.1072,16.6680,6.8747,6.8549,0.0198,0.2180,26395.1436,NA
parkey.exe,38476,0x25B69970950,DXGI,1,4,0,Composed: Flip,26428.1381,NA,16.29030000000000,16.68130000000000,0.12450000000000,7.28850000000000,35.7457,26411.9550,16.3076,16.1831,0.1245,16.1544,7.3172,7.3009,0.0163,0.1301,26411.9550,NA
parkey.exe,38476,0x25B69970950,DXGI,1,4,0,Composed: Flip,26444.9727,NA,16.83460000000000,16.67420000000000,0.09940000000000,6.80590000000000,35.5853,26428.2626,16.8095,16.7101,0.0994,16.6816,6.8344,6.8098,0.0246,-0.3666,26428.2626,NA
parkey.exe,38476,0x25B69970950,DXGI,1,4,0,Composed: Flip,26461.5634,NA,16.59070000000000,16.68730000000000,0.10490000000000,7.25400000000000,35.6819,26445.0721,16.5962,16.4913,0.1049,16.4588,7.2865,7.2634,0.0231,0.1222,26445.0721,NA
parkey.exe,38476,0x25B69970950,DXGI,1,4,0,Composed: Flip,26478.1444,NA,16.58100000000000,16.68170000000000,0.09650000000000,5.72480000000000,35.7826,26461.6683,16.5726,16.4761,0.0965,16.4472,5.7537,5.7310,0.0227,-0.0855,26461.6683,NA
parkey.exe,38476,0x25B69970950,DXGI,1,4,0,Composed: Flip,26494.7600,NA,16.61560000000000,16.68140000000000,0.11970000000000,7.18800000000000,35.8484,26478.2409,16.6388,16.5191,0.1197,16.4891,7.2180,7.1991,0.0189,-0.1088,26478.2409,NA
parkey.exe,38476,0x25B69970950,DXGI,1,4,0,Composed: Flip,26511.7046,NA,16.94460000000000,16.67400000000000,0.11160000000000,7.37010000000000,35.5778,26494.8797,16.9365,16.8249,0.1116,16.7923,7.4027,7.3866,0.0161,-0.0352,26494.8797,NA
parkey.exe,38476,0x25B69970950,DXGI,1,4,0,Composed: Flip,26528.1903,NA,16.48570000000000,16.68180000000000,0.09690000000000,5.70950000000000,35.7739,26511.8162,16.4710,16.3741,0.0969,16.3473,5.7363,5.7120,0.0243,0.2547,26511.8162,NA
parkey.exe,38476,0x25B69970950,DXGI,1,4,0,Composed: Flip,26544.7734,NA,16.58310000000000,16.68920000000000,0.11700000000000,7.25080000000000,35.8800,26528.2872,16.6032,16.4862,0.1170,16.4467,7.2903,7.2622,0.0281,-0.2182,26528.2872,NA
parkey.exe,38476,0x25B69970950,DXGI,1,4,0,Composed: Flip,26561.9570,NA,17.18360000000000,16.67640000000000,0.14000000000000,6.94210000000000,35.3728,26544.8904,17.2066,17.0666,0.1400,17.0293,6.9794,6.9555,0.0239,-0.0732,26544.8904,NA
parkey.exe,38476,0x25B69970950,DXGI,1,4,0,Composed: Flip,26578.8614,NA,16.90440000000000,16.68630000000000,0.13970000000000,7.70220000000000,35.1547,26562.0970,16.9041,16.7644,0.1397,16.7235,7.7431,7.7277,0.0154,0.5203,26562.0970,NA
parkey.exe,38476,0x25B69970950,DXGI,1,4,0,Composed: Flip,26595.2884,NA,16.42700000000000,16.67540000000000,0.12930000000000,7.67910000000000,35.4031,26579.0011,16.4166,16.2873,0.1293,16.2514,7.7150,7.6962,0.0188,0.2287,26579.0011,NA
parkey.exe,38476,0x25B69970950,DXGI,1,4,0,Composed: Flip,26612.2137,NA,16.92530000000000,16.69100000000000,0.18640000000000,7.35270000000000,35.1688,26595.4177,16.9824,16.7960,0.1864,16.7530,7.3957,7.3747,0.0210,-0.2744,26595.4177,NA
parkey.exe,38476,0x25B69970950,DXGI,1,4,0,Composed: Flip,26629.0322,NA,16.81850000000000,16.67030000000000,0.20190000000000,7.82900000000000,35.0206,26612.4001,16.8340,16.6321,0.2019,16.5623,7.8988,7.8780,0.0208,0.3121,26612.4001,NA
parkey.exe,38476,0x25B69970950,DXGI,1,4,0,Composed: Flip,26645.2618,NA,16.22960000000000,16.69420000000000,0.11510000000000,6.88170000000000,35.4852,26629.2341,16.1428,16.0277,0.1151,15.9906,6.9188,6.8986,0.0202,0.1398,26629.2341,NA
parkey.exe,38476,0x25B69970950,DXGI,1,4,0,Composed: Flip,26662.0314,NA,16.76960000000000,16.66420000000000,0.11600000000000,7.70350000000000,35.3798,26645.3769,16.7705,16.6545,0.1160,16.6165,7.7415,7.7277,0.0138,-0.5214,26645.3769,NA
parkey.exe,38476,0x25B69970950,DXGI,1,4,0,Composed: Flip,26678.5212,NA,16.48980000000000,16.67500000000000,0.12910000000000,7.69020000000000,35.5650,26662.1474,16.5029,16.3738,0.1291,16.3393,7.7247,7.7072,0.0175,0.0955,26662.1474,NA
parkey.exe,38476,0x25B69970950,DXGI,1,4,0,Composed: Flip,26694.8879,NA,16.36670000000000,16.67470000000000,0.09960000000000,5.73390000000000,35.8730,26678.6503,16.3372,16.2376,0.0996,16.2058,5.7657,5.7436,0.0221,-0.1718,26678.6503,NA
parkey.exe,38476,0x25B69970950,DXGI,1,4,0,Composed: Flip,26711.3916,NA,16.50370000000000,16.70460000000000,0.09330000000000,7.28120000000000,36.0739,26694.9875,16.4974,16.4041,0.0933,16.3775,7.3078,7.2876,0.0202,-0.3674,26694.9875,NA
parkey.exe,38476,0x25B69970950,DXGI,1,4,0,Composed: Flip,26728.2781,NA,16.88650000000000,16.64690000000000,0.10540000000000,6.96980000000000,35.8343,26711.4849,16.8986,16.7932,0.1054,16.7619,7.0011,6.9838,0.0173,-0.1495,26711.4849,NA
parkey.exe,38476,0x25B69970950,DXGI,1,4,0,Composed: Flip,26745.2584,NA,16.98030000000000,16.69900000000000,0.13660000000000,7.18570000000000,35.5530,26728.3835,17.0115,16.8749,0.1366,16.8377,7.2229,7.2031,0.0198,0.1996,26728.3835,NA
parkey.exe,38476,0x25B69970950,DXGI,1,4,0,Composed: Flip,26761.9184,NA,16.66000000000000,16.67780000000000,0.12230000000000,7.30720000000000,35.5708,26745.3950,16.6457,16.5234,0.1223,16.4918,7.3388,7.3225,0.0163,0.3337,26745.3950,NA
parkey.exe,38476,0x25B69970950,DXGI,1,4,0,Composed: Flip,26778.1765,NA,16.25810000000000,16.67260000000000,0.09880000000000,5.70090000000000,35.9853,26762.0407,16.2346,16.1358,0.0988,16.1060,5.7307,5.7055,0.0252,-0.0269,26762.0407,NA
parkey.exe,38476,0x25B69970950,DXGI,1,4,0,Composed: Flip,26794.8531,NA,16.67660000000000,16.68550000000000,0.10660000000000,7.28430000000000,35.9942,26778.2753,16.6844,16.5778,0.1066,16.5469,7.3152,7.2930,0.0222,-0.4509,26778.2753,NA
parkey.exe,38476,0x25B69970950,DXGI,1,4,0,Composed: Flip,26811.5976,NA,16.74450000000000,16.67340000000000,0.13370000000000,6.92680000000000,35.9231,26794.9597,16.7716,16.6379,0.1337,16.5999,6.9648,6.9419,0.0229,0.0110,26794.9597,NA
parkey.exe,38476,0x25B69970950,DXGI,1,4,0,Composed: Flip,26828.1828,NA,16.58520000000000,16.70880000000000,0.09570000000000,5.71090000000000,36.0467,26811.7313,16.5472,16.4515,0.0957,16.4207,5.7417,5.7174,0.0243,0.0628,26811.7313,NA
parkey.exe,38476,0x25B69970950,DXGI,1,4,0,Composed: Flip,26844.9349,NA,16.75210000000000,16.66360000000000,0.10440000000000,7.67950000000000,35.9582,26828.2785,16.7608,16.6564,0.1044,16.6198,7.7161,7.6986,0.0175,-0.1164,26828.2785,NA
parkey.exe,38476,0x25B69970950,DXGI,1,4,0,Composed: Flip,26861.4182,NA,16.48330000000000,16.67420000000000,0.11430000000000,6.85280000000000,36.1491,26845.0393,16.4932,16.3789,0.1143,16.3489,6.8828,6.8648,0.0180,0.0866,26845.0393,NA
parkey.exe,38476,0x25B69970950,DXGI,1,4,0,Composed: Flip,26878.2004,NA,16.78220000000000,16.69640000000000,0.09930000000000,7.26200000000000,36.0633,26861.5325,16.7672,16.6679,0.0993,16.6382,7.2917,7.2690,0.0227,-0.2032,26861.5325,NA
parkey.exe,38476,0x25B69970950,DXGI,1,4,0,Composed: Flip,26895.3605,NA,17.16010000000000,16.68470000000000,0.11240000000000,6.82780000000000,35.5879,26878.2997,17.1732,17.0608,0.1124,17.0216,6.8670,6.8425,0.0245,0.0825,26878.2997,NA
parkey.exe,38476,0x25B69970950,DXGI,1,4,0,Composed: Flip,26911.7195,NA,16.35900000000000,16.67430000000000,0.12850000000000,7.17140000000000,35.9032,26895.4729,16.3751,16.2466,0.1285,16.2109,7.2071,7.1870,0.0201,0.4989,26895.4729,NA
parkey.exe,38476,0x25B69970950,DXGI,1,4,0,Composed: Flip,26929.0481,NA,17.32860000000000,16.67390000000000,0.15330000000000,7.68370000000000,35.2485,26911.8480,17.3534,17.2001,0.1533,17.1579,7.7259,7.7064,0.0195,-0.2988,26911.8480,NA
parkey.exe,38476,0x25B69970950,DXGI,1,4,0,Composed: Flip,26945.5321,NA,16.48400000000000,15.17770000000000,0.13920000000000,6.76260000000000,33.9422,26929.2014,16.4699,16.3307,0.1392,16.2883,6.8050,6.7889,0.0161,2.1757,26929.2014,NA
parkey.exe,38476,0x25B69970950,DXGI,1,4,0,Composed: Flip,26962.0386,NA,16.50650000000000,18.17300000000000,0.12770000000000,6.65420000000000,35.6087,26945.6713,16.4950,16.3673,0.1277,16.3263,6.6952,6.6719,0.0233,-1.7031,26945.6713,NA
parkey.exe,38476,0x25B69970950,DXGI,1,4,0,Composed: Flip,26978.7469,NA,16.70830000000000,16.68340000000000,0.13320000000000,7.74160000000000,35.5838,26962.1663,16.7138,16.5806,0.1332,16.5425,7.7797,7.7610,0.0187,-0.1884,26962.1663,NA
parkey.exe,38476,0x25B69970950,DXGI,1,4,0,Composed: Flip,26995.3352,NA,16.58830000000000,16.67540000000000,0.14480000000000,7.17600000000000,35.6709,26978.8801,16.5999,16.4551,0.1448,16.4188,7.2123,7.1917,0.0206,0.0384,26978.8801,NA
parkey.exe,38476,0x25B69970950,DXGI,1,4,0,Composed: Flip,27011.9242,NA,16.58900000000000,16.68460000000000,0.12920000000000,7.67330000000000,35.7665,26995.4800,16.5734,16.4442,0.1292,16.4082,7.7093,7.6937,0.0156,-0.0847,26995.4800,NA
parkey.exe,38476,0x25B69970950,DXGI,1,4,0,Composed: Flip,27028.3354,NA,16.41120000000000,16.67830000000000,0.10110000000000,6.92000000000000,36.0336,27012.0534,16.3831,16.2820,0.1011,16.2508,6.9512,6.9318,0.0194,-0.1049,27012.0534,NA
parkey.exe,38476,0x25B69970950,DXGI,1,4,0,Composed: Flip,27044.9035,NA,16.56810000000000,16.68260000000000,0.12290000000000,7.21680000000000,36.1481,27028.4365,16.5899,16.4670,0.1229,16.3999,7.2839,7.2670,0.0169,-0.2995,27028.4365,NA
parkey.exe,38476,0x25B69970950,DXGI,1,4,0,Composed: Flip,27061.5873,NA,16.68380000000000,16.67520000000000,0.11490000000000,5.71580000000000,36.1395,27045.0264,16.6758,16.5609,0.1149,16.5269,5.7498,5.7272,0.0226,-0.0853,27045.0264,NA
parkey.exe,38476,0x25B69970950,DXGI,1,4,0,Composed: Flip,27078.2145,NA,16.62720000000000,16.69810000000000,0.11380000000000,7.17690000000000,36.2104,27061.7022,16.6261,16.5123,0.1138,16.4807,7.2085,7.1896,0.0189,-0.0223,27061.7022,NA
parkey.exe,38476,0x25B69970950,DXGI,1,4,0,Composed: Flip,27095.3003,NA,17.08580000000000,16.67060000000000,0.11430000000000,7.69170000000000,35.7952,27078.3283,17.0863,16.9720,0.1143,16.9350,7.7287,7.7119,0.0168,-0.0445,27078.3283,NA
parkey.exe,38476,0x25B69970950,DXGI,1,4,0,Composed: Flip,27111.8409,NA,16.54060000000000,16.67150000000000,0.14630000000000,6.80350000000000,35.9261,27095.4146,16.5726,16.4263,0.1463,16.3912,6.8386,6.8236,0.0150,0.4148,27095.4146,NA
parkey.exe,38476,0x25B69970950,DXGI,1,4,0,Composed: Flip,27128.3633,NA,16.52240000000000,16.68200000000000,0.10890000000000,6.80630000000000,36.0857,27111.9872,16.4850,16.3761,0.1089,16.3428,6.8396,6.8190,0.0206,-0.1094,27111.9872,NA
parkey.exe,38476,0x25B69970950,DXGI,1,4,0,Composed: Flip,27145.2847,NA,16.92140000000000,16.68280000000000,0.12360000000000,7.22140000000000,35.8471,27128.4722,16.9361,16.8125,0.1236,16.7714,7.2625,7.2462,0.0163,-0.1978,27128.4722,NA
parkey.exe,38476,0x25B69970950,DXGI,1,4,0,Composed: Flip,27161.7997,NA,16.51500000000000,16.68710000000000,0.11310000000000,7.38780000000000,36.0192,27145.4083,16.5045,16.3914,0.1131,16.3571,7.4221,7.4027,0.0194,0.2490,27145.4083,NA
parkey.exe,38476,0x25B69970950,DXGI,1,4,0,Composed: Flip,27178.6471,NA,16.84740000000000,16.67960000000000,0.12970000000000,7.67770000000000,35.8514,27161.9128,16.8640,16.7343,0.1297,16.6976,7.7144,7.6957,0.0187,-0.1751,27161.9128,NA
parkey.exe,38476,0x25B69970950,DXGI,1,4,0,Composed: Flip,27195.5055,NA,16.85840000000000,16.67210000000000,0.11030000000000,7.49480000000000,35.6651,27178.7768,16.8390,16.7287,0.1103,16.6946,7.5289,7.5106,0.0183,0.1919,27178.7768,NA
parkey.exe,38476,0x25B69970950,DXGI,1,4,0,Composed: Flip,27212.1495,NA,16.64400000000000,16.68350000000000,0.11490000000000,7.30950000000000,35.7046,27195.6158,16.6486,16.5337,0.1149,16.4969,7.3463,7.3253,0.0210,0.1555,27195.6158,NA
parkey.exe,38476,0x25B69970950,DXGI,1,4,0,Composed: Flip,27228.3174,NA,16.16790000000000,16.68530000000000,0.11430000000000,5.70830000000000,36.2220,27212.2644,16.1673,16.0530,0.1143,16.0218,5.7395,5.7134,0.0261,-0.0367,27212.2644,NA
parkey.exe,38476,0x25B69970950,DXGI,1,4,0,Composed: Flip,27244.9449,NA,16.62750000000000,16.67660000000000,0.13060000000000,7.15680000000000,36.2711,27228.4317,16.6438,16.5132,0.1306,16.4789,7.1911,7.1665,0.0246,-0.5093,27228.4317,NA
parkey.exe,38476,0x25B69970950,DXGI,1,4,0,Composed: Flip,27262.0287,NA,17.08380000000000,16.68170000000000,0.14520000000000,7.66520000000000,35.8690,27245.0755,17.0984,16.9532,0.1452,16.9128,7.7056,7.6888,0.0168,-0.0379,27245.0755,NA
parkey.exe,38476,0x25B69970950,DXGI,1,4,0,Composed: Flip,27278.3702,NA,16.34150000000000,16.67530000000000,0.10710000000000,7.24210000000000,36.2028,27262.1739,16.3034,16.1963,0.1071,16.1651,7.2733,7.2576,0.0157,0.4231,27262.1739,NA
parkey.exe,38476,0x25B69970950,DXGI,1,4,0,Composed: Flip,27295.3859,NA,17.01570000000000,16.68660000000000,0.13060000000000,7.25430000000000,35.8737,27278.4773,17.0392,16.9086,0.1306,16.8679,7.2950,7.2758,0.0192,-0.3832,27278.4773,NA
parkey.exe,38476,0x25B69970950,DXGI,1,4,0,Composed: Flip,27311.8309,NA,16.44500000000000,16.67340000000000,0.12870000000000,6.81850000000000,36.1021,27295.5165,16.4431,16.3144,0.1287,16.2791,6.8538,6.8378,0.0160,0.3658,27295.5165,NA
parkey.exe,38476,0x25B69970950,DXGI,1,4,0,Composed: Flip,27328.4095,NA,16.57860000000000,16.68090000000000,0.10680000000000,7.17750000000000,36.2044,27311.9596,16.5567,16.4499,0.1068,16.4142,7.2132,7.1946,0.0186,-0.2378,27311.9596,NA
parkey.exe,38476,0x25B69970950,DXGI,1,4,0,Composed: Flip,27345.2327,NA,16.82320000000000,16.69190000000000,0.12680000000000,7.68650000000000,36.0731,27328.5163,16.8432,16.7164,0.1268,16.6788,7.7241,7.7073,0.0168,-0.1352,27328.5163,NA
parkey.exe,38476,0x25B69970950,DXGI,1,4,0,Composed: Flip,27361.8756,NA,16.64290000000000,16.66270000000000,0.12940000000000,6.76620000000000,36.0929,27345.3595,16.6455,16.5161,0.1294,16.4807,6.8016,6.7861,0.0155,0.1805,27345.3595,NA
parkey.exe,38476,0x25B69970950,DXGI,1,4,0,Composed: Flip,27378.5103,NA,16.63470000000000,16.68440000000000,0.11660000000000,7.25350000000000,36.1426,27362.0050,16.6219,16.5053,0.1166,16.4686,7.2902,7.2729,0.0173,-0.0389,27362.0050,NA
parkey.exe,38476,0x25B69970950,DXGI,1,4,0,Composed: Flip,27395.0909,NA,16.58060000000000,16.67750000000000,0.11350000000000,7.32120000000000,36.2395,27378.6269,16.5775,16.4640,0.1135,16.4289,7.3563,7.3394,0.0169,-0.0556,27378.6269,NA
parkey.exe,38476,0x25B69970950,DXGI,1,4,0,Composed: Flip,27411.8174,NA,16.72650000000000,16.68570000000000,0.11700000000000,7.17370000000000,36.1987,27395.2044,16.7300,16.6130,0.1170,16.5735,7.2132,7.1949,0.0183,-0.1082,27395.2044,NA
parkey.exe,38476,0x25B69970950,DXGI,1,4,0,Composed: Flip,27428.4632,NA,16.64580000000000,16.68680000000000,0.12580000000000,7.89680000000000,36.2397,27411.9344,16.6546,16.5288,0.1258,16.4916,7.9340,7.9163,0.0177,0.0432,27411.9344,NA
parkey.exe,38476,0x25B69970950,DXGI,1,4,0,Composed: Flip,27445.4696,NA,17.00640000000000,16.67040000000000,0.15160000000000,7.16650000000000,35.9037,27428.5890,17.0322,16.8806,0.1516,16.8335,7.2136,7.1920,0.0216,-0.0158,27428.5890,NA
parkey.exe,38476,0x25B69970950,DXGI,1,4,0,Composed: Flip,27462.1055,NA,16.63590000000000,16.68270000000000,0.12930000000000,7.24710000000000,35.9505,27445.6212,16.6136,16.4843,0.1293,16.4453,7.2861,7.2665,0.0196,0.3495,27445.6212,NA
parkey.exe,38476,0x25B69970950,DXGI,1,4,0,Composed: Flip,27478.6309,NA,16.52540000000000,16.68090000000000,0.11180000000000,7.33680000000000,36.1060,27462.2348,16.5079,16.3961,0.1118,16.3586,7.3743,7.3574,0.0169,-0.0673,27462.2348,NA
parkey.exe,38476,0x25B69970950,DXGI,1,4,0,Composed: Flip,27495.1997,NA,16.56880000000000,16.67700000000000,0.13540000000000,7.17720000000000,36.2142,27478.7427,16.5924,16.4570,0.1354,16.4170,7.2172,7.1962,0.0210,-0.1691,27478.7427,NA
parkey.exe,38476,0x25B69970950,DXGI,1,4,0,Composed: Flip,27511.8942,NA,16.69450000000000,16.68400000000000,0.11360000000000,7.70570000000000,36.2037,27495.3351,16.6727,16.5591,0.1136,16.5214,7.7434,7.7256,0.0178,-0.0916,27495.3351,NA
parkey.exe,38476,0x25B69970950,DXGI,1,4,0,Composed: Flip,27528.6266,NA,16.73240000000000,16.67520000000000,0.12790000000000,6.78300000000000,36.1465,27512.0078,16.7467,16.6188,0.1279,16.5732,6.8286,6.8141,0.0145,-0.0025,27512.0078,NA
parkey.exe,38476,0x25B69970950,DXGI,1,4,0,Composed: Flip,27545.0911,NA,16.46450000000000,16.68470000000000,0.11350000000000,7.24280000000000,36.3667,27528.7545,16.4501,16.3366,0.1135,16.3011,7.2783,7.2616,0.0167,0.0620,27528.7545,NA
parkey.exe,38476,0x25B69970950,DXGI,1,4,0,Composed: Flip,27561.8611,NA,16.77000000000000,16.67800000000000,0.13430000000000,6.78890000000000,36.2747,27545.2046,16.7908,16.6565,0.1343,16.6217,6.8237,6.8075,0.0162,-0.2279,27545.2046,NA
parkey.exe,38476,0x25B69970950,DXGI,1,4,0,Composed: Flip,27578.4686,NA,16.60750000000000,16.68330000000000,0.10770000000000,6.78340000000000,36.3505,27561.9954,16.5809,16.4732,0.1077,16.4393,6.8173,6.7996,0.0177,0.1075,27561.9954,NA
parkey.exe,38476,0x25B69970950,DXGI,1,4,0,Composed: Flip,27595.1533,NA,16.68470000000000,16.68260000000000,0.11950000000000,7.70500000000000,36.3484,27578.5763,16.6965,16.5770,0.1195,16.5421,7.7399,7.7240,0.0159,-0.1017,27578.5763,NA
parkey.exe,38476,0x25B69970950,DXGI,1,4,0,Composed: Flip,27611.6759,NA,16.52260000000000,16.69500000000000,0.12380000000000,6.14150000000000,36.5208,27595.2728,16.5269,16.4031,0.1238,16.3697,6.1749,6.1445,0.0304,0.0015,27595.2728,NA
parkey.exe,38476,0x25B69970950,DXGI,1,4,0,Composed: Flip,27628.5484,NA,16.87250000000000,16.66600000000000,0.12690000000000,7.25270000000000,36.3143,27611.7997,16.8756,16.7487,0.1269,16.7071,7.2943,7.2733,0.0210,-0.1391,27611.7997,NA
parkey.exe,38476,0x25B69970950,DXGI,1,4,0,Composed: Flip,27645.2603,NA,16.71190000000000,16.67700000000000,0.11900000000000,6.78060000000000,36.2794,27628.6753,16.7040,16.5850,0.1190,16.5489,6.8167,6.8002,0.0165,0.1986,27628.6753,NA
parkey.exe,38476,0x25B69970950,DXGI,1,4,0,Composed: Flip,27661.7235,NA,16.46320000000000,16.67940000000000,0.10730000000000,6.45440000000000,36.4956,27645.3793,16.4515,16.3442,0.1073,16.3100,6.4886,6.4675,0.0211,0.0246,27645.3793,NA
parkey.exe,38476,0x25B69970950,DXGI,1,4,0,Composed: Flip,27678.3656,NA,16.64210000000000,16.68090000000000,0.19180000000000,7.80420000000000,36.5344,27661.8308,16.7266,16.5348,0.1918,16.6310,7.7080,7.6913,0.0167,-0.2294,27661.8308,NA
parkey.exe,38476,0x25B69970950,DXGI,1,4,0,Composed: Flip,27695.1532,NA,16.78760000000000,16.67380000000000,0.11580000000000,6.81240000000000,36.4206,27678.5574,16.7116,16.5958,0.1158,16.5620,6.8462,6.8259,0.0203,0.0528,27678.5574,NA
parkey.exe,38476,0x25B69970950,DXGI,1,4,0,Composed: Flip,27711.9071,NA,16.75390000000000,16.68850000000000,0.11460000000000,7.26170000000000,36.3552,27695.2690,16.7527,16.6381,0.1146,16.6006,7.2992,7.2813,0.0179,0.0231,27695.2690,NA
parkey.exe,38476,0x25B69970950,DXGI,1,4,0,Composed: Flip,27728.3922,NA,16.48510000000000,16.67540000000000,0.12030000000000,6.48280000000000,36.5455,27712.0217,16.4908,16.3705,0.1203,16.3359,6.5174,6.4867,0.0307,0.0773,27712.0217,NA
parkey.exe,38476,0x25B69970950,DXGI,1,4,0,Composed: Flip,27745.1160,NA,16.72380000000000,16.67940000000000,0.12160000000000,6.94990000000000,36.5011,27728.5125,16.7251,16.6035,0.1216,16.5700,6.9834,6.9682,0.0152,-0.1886,27728.5125,NA
parkey.exe,38476,0x25B69970950,DXGI,1,4,0,Composed: Flip,27762.0739,NA,16.95790000000000,16.68800000000000,0.13810000000000,7.72120000000000,36.2312,27745.2376,16.9744,16.8363,0.1381,16.7951,7.7624,7.7428,0.0196,0.0371,27745.2376,NA
parkey.exe,38476,0x25B69970950,DXGI,1,4,0,Composed: Flip,27778.5224,NA,16.44850000000000,16.66970000000000,0.11890000000000,6.45420000000000,36.4524,27762.2120,16.4293,16.3104,0.1189,16.2750,6.4896,6.4551,0.0345,0.3047,27762.2120,NA
parkey.exe,38476,0x25B69970950,DXGI,1,4,0,Composed: Flip,27795.2556,NA,16.73320000000000,16.68970000000000,0.11430000000000,7.27720000000000,36.4089,27778.6413,16.7286,16.6143,0.1143,16.5787,7.3128,7.2922,0.0206,-0.2604,27778.6413,NA
parkey.exe,38476,0x25B69970950,DXGI,1,4,0,Composed: Flip,27811.9235,NA,16.66790000000000,16.67700000000000,0.14600000000000,6.81570000000000,36.4180,27795.3699,16.6996,16.5536,0.1460,16.5121,6.8572,6.8402,0.0170,0.0516,27795.3699,NA
parkey.exe,38476,0x25B69970950,DXGI,1,4,0,Composed: Flip,27828.3603,NA,16.43680000000000,16.67900000000000,0.10860000000000,6.07040000000000,36.6602,27812.0695,16.3994,16.2908,0.1086,16.2561,6.1051,6.0809,0.0242,0.0206,27812.0695,NA
parkey.exe,38476,0x25B69970950,DXGI,1,4,0,Composed: Flip,27845.0775,NA,16.71720000000000,16.68620000000000,0.10670000000000,6.84900000000000,36.6292,27828.4689,16.7153,16.6086,0.1067,16.5702,6.8874,6.8713,0.0161,-0.2868,27828.4689,NA
parkey.exe,38476,0x25B69970950,DXGI,1,4,0,Composed: Flip,27861.7988,NA,16.72130000000000,16.67480000000000,0.14040000000000,6.78560000000000,36.5827,27845.1842,16.7550,16.6146,0.1404,16.5791,6.8211,6.7967,0.0244,0.0405,27845.1842,NA
parkey.exe,38476,0x25B69970950,DXGI,1,4,0,Composed: Flip,27878.6454,NA,16.84660000000000,16.67980000000000,0.12660000000000,7.44200000000000,36.4159,27861.9392,16.8328,16.7062,0.1266,16.6677,7.4805,7.4636,0.0169,0.0752,27861.9392,NA
parkey.exe,38476,0x25B69970950,DXGI,1,4,0,Composed: Flip,27895.2578,NA,16.61240000000000,16.67980000000000,0.11410000000000,7.23900000000000,36.4833,27878.7720,16.5999,16.4858,0.1141,16.4498,7.2750,7.2582,0.0168,0.1530,27878.7720,NA
parkey.exe,38476,0x25B69970950,DXGI,1,4,0,Composed: Flip,27911.8643,NA,16.60650000000000,16.68240000000000,0.11470000000000,7.24300000000000,36.5592,27895.3719,16.6071,16.4924,0.1147,16.4534,7.2820,7.2620,0.0200,-0.0825,27895.3719,NA
parkey.exe,38476,0x25B69970950,DXGI,1,4,0,Composed: Flip,27928.4987,NA,16.63440000000000,16.68100000000000,0.13570000000000,7.29280000000000,36.6058,27911.9790,16.6554,16.5197,0.1357,16.4760,7.3365,7.3193,0.0172,-0.0739,27911.9790,NA
