Application,ProcessID,SwapChainAddress,PresentRuntime,SyncInterval,PresentFlags,AllowsTearing,PresentMode,TimeInMs,MsBetweenSimulationStart,MsBetweenPresents,MsBetweenDisplayChange,MsInPresentAPI,MsRenderPresentLatency,MsUntilDisplayed,CPUStartTimeInMs,MsBetweenAppStart,MsCPUBusy,MsCPUWait,MsGPULatency,MsGPUTime,MsGPUBusy,MsGPUWait,MsAnimationError,AnimationTime,MsFlipDelay
parkey.exe,2536,0x1B07C054F10,DXGI,1,0,0,Composed: Flip,8032.9093,NA,13.99930000000000,20.80830000000000,0.17160000000000,0.66720000000000,27.5404,8019.0404,14.0405,13.8689,0.1716,0.6385,13.8976,5.5195,8.3781,0.0708,8019.0404,NA
parkey.exe,2536,0x1B07C054F10,DXGI,1,0,0,Composed: Flip,8053.6764,NA,20.76710000000000,13.89460000000000,0.16860000000000,0.39600000000000,20.6679,8033.0809,20.7641,20.5955,0.1686,0.4956,20.4959,6.3953,14.1006,0.1459,8033.0809,NA
parkey.exe,2536,0x1B07C054F10,DXGI,1,0,0,Composed: Flip,8067.5934,NA,13.91700000000000,13.89540000000000,0.13790000000000,0.39060000000000,20.6463,8053.8450,13.8863,13.7484,0.1379,0.2624,13.8766,5.9145,7.9621,6.8687,8053.8450,NA
parkey.exe,2536,0x1B07C054F10,DXGI,1,0,0,Composed: Flip,8081.4466,NA,13.85320000000000,20.82260000000000,0.16630000000000,0.92690000000000,27.6157,8067.7313,13.8816,13.7153,0.1663,0.2846,14.3576,6.4178,7.9398,-6.9363,8067.7313,NA
parkey.exe,2536,0x1B07C054F10,DXGI,1,0,0,Composed: Flip,8102.2972,NA,20.85060000000000,13.89990000000000,0.15410000000000,0.76780000000000,20.6650,8081.6129,20.8384,20.6843,0.1541,0.7606,20.6915,6.9878,13.7037,-0.0183,8081.6129,NA
parkey.exe,2536,0x1B07C054F10,DXGI,1,0,0,Composed: Flip,8116.1355,NA,13.83830000000000,20.84660000000000,0.12910000000000,0.68830000000000,27.6733,8102.4513,13.8133,13.6842,0.1291,0.6137,13.7588,5.5443,8.2145,-0.0082,8102.4513,NA
parkey.exe,2536,0x1B07C054F10,DXGI,1,0,0,Composed: Flip,8137.0195,NA,20.88400000000000,13.88490000000000,0.13970000000000,0.38040000000000,20.6742,8116.2646,20.8946,20.7549,0.1397,0.5592,20.5761,6.6289,13.9472,-0.0716,8116.2646,NA
parkey.exe,2536,0x1B07C054F10,DXGI,1,0,0,Composed: Flip,8150.8778,NA,13.85830000000000,13.90000000000000,0.12730000000000,0.40410000000000,20.7159,8137.1592,13.8459,13.7186,0.1273,0.3116,13.8111,5.6675,8.1436,6.9946,8137.1592,NA
parkey.exe,2536,0x1B07C054F10,DXGI,1,0,0,Composed: Flip,8164.7787,NA,13.90090000000000,20.82900000000000,0.15660000000000,0.97350000000000,27.6440,8151.0051,13.9302,13.7736,0.1566,0.3072,14.4399,6.2235,8.2164,-6.9831,8151.0051,NA
parkey.exe,2536,0x1B07C054F10,DXGI,1,0,0,Composed: Flip,8185.6164,NA,20.83770000000000,13.90860000000000,0.15800000000000,0.80110000000000,20.7149,8164.9353,20.8391,20.6811,0.1580,0.8169,20.6653,6.7853,13.8800,0.0216,8164.9353,NA
parkey.exe,2536,0x1B07C054F10,DXGI,1,0,0,Composed: Flip,8199.4985,NA,13.88210000000000,20.80920000000000,0.13660000000000,0.75540000000000,27.6420,8185.7744,13.8607,13.7241,0.1366,0.6431,13.8364,5.8449,7.9915,0.0299,8185.7744,NA
parkey.exe,2536,0x1B07C054F10,DXGI,1,0,0,Composed: Flip,8220.3874,NA,20.88890000000000,13.89260000000000,0.12890000000000,0.40080000000000,20.6457,8199.6351,20.8812,20.7523,0.1289,0.6188,20.5343,5.2437,15.2906,-0.0319,8199.6351,NA
parkey.exe,2536,0x1B07C054F10,DXGI,1,0,0,Composed: Flip,8234.2554,NA,13.86800000000000,13.91570000000000,0.15910000000000,0.39550000000000,20.6934,8220.5163,13.8982,13.7391,0.1591,0.3060,13.8286,5.8622,7.9664,6.9655,8220.5163,NA
parkey.exe,2536,0x1B07C054F10,DXGI,1,0,0,Composed: Flip,8248.1099,NA,13.85450000000000,20.82340000000000,0.15230000000000,0.68110000000000,27.6623,8234.4145,13.8477,13.6954,0.1523,0.2755,14.1010,6.2120,7.8890,-6.9252,8234.4145,NA
parkey.exe,2536,0x1B07C054F10,DXGI,1,0,0,Composed: Flip,8268.9758,NA,20.86590000000000,13.89380000000000,0.13720000000000,0.78590000000000,20.6902,8248.2622,20.8508,20.7136,0.1372,0.6632,20.8363,6.8129,14.0234,-0.0461,8248.2622,NA
parkey.exe,2536,0x1B07C054F10,DXGI,1,0,0,Composed: Flip,8282.8387,NA,13.86290000000000,27.77200000000000,0.11170000000000,0.69290000000000,34.5993,8269.1130,13.8374,13.7257,0.1117,0.6487,13.7699,5.5502,8.2197,-6.9212,8269.1130,NA
parkey.exe,2536,0x1B07C054F10,DXGI,1,0,0,Composed: Flip,8303.7673,NA,20.92860000000000,13.88540000000000,0.16180000000000,0.40150000000000,27.5561,8282.9504,20.9787,20.8169,0.1618,0.5812,20.6372,6.8309,13.8063,-0.0480,8282.9504,NA
parkey.exe,2536,0x1B07C054F10,DXGI,1,0,0,Composed: Flip,8317.6312,NA,13.86390000000000,13.90460000000000,0.11140000000000,0.38970000000000,27.5968,8303.9291,13.8135,13.7021,0.1114,0.2955,13.7963,6.2782,7.5181,7.0741,8303.9291,NA
parkey.exe,2536,0x1B07C054F10,DXGI,1,0,0,Composed: Flip,8331.5353,NA,13.90410000000000,20.84950000000000,0.16330000000000,0.67640000000000,34.5422,8317.7426,13.9560,13.7927,0.1633,0.3083,14.1608,6.5381,7.6227,-7.0360,8317.7426,NA
parkey.exe,2536,0x1B07C054F10,DXGI,1,0,0,Composed: Flip,8352.3927,NA,20.85740000000000,13.88220000000000,0.13740000000000,0.38380000000000,27.5670,8331.6986,20.8315,20.6941,0.1374,0.5746,20.5033,6.4608,14.0425,0.0738,8331.6986,NA
parkey.exe,2536,0x1B07C054F10,DXGI,1,0,0,Composed: Flip,8366.2651,NA,13.87240000000000,20.83780000000000,0.14670000000000,0.72810000000000,34.5324,8352.5301,13.8817,13.7350,0.1467,0.3033,14.1598,6.6135,7.5463,-0.0063,8352.5301,NA
parkey.exe,2536,0x1B07C054F10,DXGI,1,0,0,Composed: Flip,8387.1984,NA,20.93330000000000,13.91980000000000,0.17230000000000,0.40680000000000,27.5189,8366.4118,20.9589,20.7866,0.1723,0.5814,20.6120,6.4675,14.1445,-0.0381,8366.4118,NA
parkey.exe,2536,0x1B07C054F10,DXGI,1,0,0,Composed: Flip,8401.0398,NA,13.84140000000000,13.86910000000000,0.48380000000000,0.48160000000000,27.5466,8387.3707,14.1529,13.6691,0.4838,0.2668,13.8839,6.3696,7.5143,7.0898,8387.3707,NA
parkey.exe,2536,0x1B07C054F10,DXGI,1,0,0,Composed: Flip,8414.9686,NA,13.92880000000000,20.83710000000000,0.15250000000000,0.65860000000000,34.4549,8401.5236,13.5975,13.4450,0.1525,0.0000,14.1058,6.0724,8.0334,-6.6842,8401.5236,NA
parkey.exe,2536,0x1B07C054F10,DXGI,1,0,0,Composed: Flip,8435.7481,NA,20.77950000000000,13.89210000000000,0.15840000000000,0.39750000000000,27.5675,8415.1211,20.7854,20.6270,0.1584,0.5604,20.4641,6.3073,14.1568,-0.2946,8415.1211,NA
parkey.exe,2536,0x1B07C054F10,DXGI,1,0,0,Composed: Flip,8449.6257,NA,13.87760000000000,20.76750000000000,0.14660000000000,0.93030000000000,34.4574,8435.9065,13.8658,13.7192,0.1466,0.2728,14.3767,6.8276,7.5491,0.0179,8435.9065,NA
parkey.exe,2536,0x1B07C054F10,DXGI,1,0,0,Composed: Flip,8470.4961,NA,20.87040000000000,7.00680000000000,0.14290000000000,0.38360000000000,20.5938,8449.7723,20.8667,20.7238,0.1429,0.7837,20.3237,6.4082,13.9155,6.8590,8449.7723,NA
parkey.exe,2536,0x1B07C054F10,DXGI,1,0,0,Composed: Flip,8484.2745,NA,13.77840000000000,13.89210000000000,0.15160000000000,0.39950000000000,20.7075,8470.6390,13.7871,13.6355,0.1516,0.2990,13.7360,6.2073,7.5287,6.9746,8470.6390,NA
parkey.exe,2536,0x1B07C054F10,DXGI,1,0,0,Composed: Flip,8498.1440,NA,13.86950000000000,20.82920000000000,0.14500000000000,0.78840000000000,27.6672,8484.4261,13.8629,13.7179,0.1450,0.2794,14.2269,6.2909,7.9360,-7.0421,8484.4261,NA
parkey.exe,2536,0x1B07C054F10,DXGI,1,0,0,Composed: Flip,8519.0272,NA,20.88320000000000,13.90200000000000,0.13880000000000,0.38540000000000,20.6860,8498.2890,20.8770,20.7382,0.1388,0.7990,20.3246,6.3727,13.9519,-0.0391,8498.2890,NA
parkey.exe,2536,0x1B07C054F10,DXGI,1,0,0,Composed: Flip,8532.8857,NA,13.85850000000000,20.84020000000000,0.12260000000000,0.70420000000000,27.6677,8519.1660,13.8423,13.7197,0.1226,0.3117,14.1122,5.9636,8.1486,0.0368,8519.1660,NA
parkey.exe,2536,0x1B07C054F10,DXGI,1,0,0,Composed: Flip,8553.7663,NA,20.88060000000000,13.86840000000000,0.16740000000000,0.39910000000000,20.6555,8533.0083,20.9254,20.7580,0.1674,0.5816,20.5755,6.8236,13.7519,-0.0261,8533.0083,NA
parkey.exe,2536,0x1B07C054F10,DXGI,1,0,0,Composed: Flip,8567.6177,NA,13.85140000000000,13.91940000000000,0.13140000000000,0.37300000000000,20.7235,8553.9337,13.8154,13.6840,0.1314,0.2652,13.7918,5.6514,8.1404,7.0060,8553.9337,NA
parkey.exe,2536,0x1B07C054F10,DXGI,1,0,0,Composed: Flip,8581.4950,NA,13.87730000000000,20.81350000000000,0.14660000000000,0.78600000000000,27.6597,8567.7491,13.8925,13.7459,0.1466,0.2925,14.2394,6.0387,8.2007,-6.9981,8567.7491,NA
parkey.exe,2536,0x1B07C054F10,DXGI,1,0,0,Composed: Flip,8602.3699,NA,20.87490000000000,13.91400000000000,0.14180000000000,0.79820000000000,20.6988,8581.6416,20.8701,20.7283,0.1418,0.6394,20.8871,7.0434,13.8437,-0.0215,8581.6416,NA
parkey.exe,2536,0x1B07C054F10,DXGI,1,0,0,Composed: Flip,8616.2489,NA,13.87900000000000,20.82720000000000,0.13740000000000,0.74340000000000,27.6470,8602.5117,13.8746,13.7372,0.1374,0.6564,13.8242,5.5638,8.2604,0.0429,8602.5117,NA
parkey.exe,2536,0x1B07C054F10,DXGI,1,0,0,Composed: Flip,8637.0983,NA,20.84940000000000,13.88340000000000,0.13510000000000,0.40270000000000,20.6810,8616.3863,20.8471,20.7120,0.1351,0.6060,20.5087,6.6882,13.8205,-0.0088,8616.3863,NA
parkey.exe,2536,0x1B07C054F10,DXGI,1,0,0,Composed: Flip,8650.9594,NA,13.86110000000000,13.90940000000000,0.11140000000000,0.40010000000000,20.7293,8637.2334,13.8374,13.7260,0.1114,0.3218,13.8043,5.6598,8.1445,6.9377,8637.2334,NA
parkey.exe,2536,0x1B07C054F10,DXGI,1,0,0,Composed: Flip,8664.8777,NA,13.91830000000000,20.82470000000000,0.11440000000000,0.78290000000000,27.6357,8651.0708,13.9213,13.8069,0.1144,0.3236,14.2662,6.0899,8.1763,-6.9873,8651.0708,NA
parkey.exe,2536,0x1B07C054F10,DXGI,1,0,0,Composed: Flip,8685.7145,NA,20.83680000000000,13.89810000000000,0.15210000000000,0.80380000000000,20.6970,8664.9921,20.8745,20.7224,0.1521,0.6685,20.8577,7.2046,13.6531,0.0232,8664.9921,NA
parkey.exe,2536,0x1B07C054F10,DXGI,1,0,0,Composed: Flip,8699.5650,NA,13.85050000000000,20.82220000000000,0.12680000000000,0.75990000000000,27.6687,8685.8666,13.8252,13.6984,0.1268,0.6517,13.8066,5.6105,8.1961,0.0523,8685.8666,NA
parkey.exe,2536,0x1B07C054F10,DXGI,1,0,0,Composed: Flip,8720.4208,NA,20.85580000000000,13.89740000000000,0.12750000000000,0.76160000000000,20.7103,8699.6918,20.8565,20.7290,0.1275,0.6331,20.8575,5.6009,15.2566,-0.0722,8699.6918,NA
parkey.exe,2536,0x1B07C054F10,DXGI,1,0,0,Composed: Flip,8734.3293,NA,13.90850000000000,13.90070000000000,0.19330000000000,0.40870000000000,20.7025,8720.5483,13.9743,13.7810,0.1933,0.6341,13.5556,5.2580,8.2976,6.9558,8720.5483,NA
parkey.exe,2536,0x1B07C054F10,DXGI,1,0,0,Composed: Flip,8748.1776,NA,13.84830000000000,20.82470000000000,0.17680000000000,0.77710000000000,27.6789,8734.5226,13.8318,13.6550,0.1768,0.2600,14.1721,6.0673,8.1048,-6.8504,8734.5226,NA
parkey.exe,2536,0x1B07C054F10,DXGI,1,0,0,Composed: Flip,8769.0939,NA,20.91630000000000,13.91860000000000,0.15090000000000,0.38290000000000,20.6812,8748.3544,20.8904,20.7395,0.1509,0.6003,20.5221,6.6379,13.8842,-0.0868,8748.3544,NA
parkey.exe,2536,0x1B07C054F10,DXGI,1,0,0,Composed: Flip,8782.9809,NA,13.88700000000000,20.81670000000000,0.14280000000000,0.78690000000000,27.6109,8769.2448,13.8789,13.7361,0.1428,0.2958,14.2272,6.2732,7.9540,0.0737,8769.2448,NA
parkey.exe,2536,0x1B07C054F10,DXGI,1,0,0,Composed: Flip,8803.7909,NA,20.81000000000000,13.88290000000000,0.17350000000000,0.78760000000000,20.6838,8783.1237,20.8407,20.6672,0.1735,0.6441,20.8107,6.7991,14.0116,-0.0040,8783.1237,NA
parkey.exe,2536,0x1B07C054F10,DXGI,1,0,0,Composed: Flip,8817.6350,NA,13.84410000000000,13.92920000000000,0.11100000000000,0.76420000000000,20.7689,8803.9644,13.7816,13.6706,0.1110,0.6141,13.8207,5.6154,8.2053,6.9115,8803.9644,NA
parkey.exe,2536,0x1B07C054F10,DXGI,1,0,0,Composed: Flip,8831.5238,NA,13.88880000000000,20.79490000000000,0.12120000000000,0.79570000000000,27.6750,8817.7460,13.8990,13.7778,0.1212,0.6532,13.9203,5.6520,8.2683,-7.0133,8817.7460,NA
parkey.exe,2536,0x1B07C054F10,DXGI,1,0,0,Composed: Flip,8852.4539,NA,20.93010000000000,13.90670000000000,0.37610000000000,0.38010000000000,20.6516,8831.6450,21.1850,20.8089,0.3761,0.6745,20.5145,6.5596,13.9549,-0.0077,8831.6450,NA
parkey.exe,2536,0x1B07C054F10,DXGI,1,0,0,Composed: Flip,8866.2519,NA,13.79800000000000,20.83520000000000,0.14110000000000,0.82090000000000,27.6888,8852.8300,13.5630,13.4219,0.1411,0.0645,14.1783,6.3070,7.8713,0.3498,8852.8300,NA
parkey.exe,2536,0x1B07C054F10,DXGI,1,0,0,Composed: Flip,8887.1501,NA,20.89820000000000,13.88260000000000,0.14180000000000,0.42910000000000,20.6732,8866.3930,20.8989,20.7571,0.1418,0.6798,20.5064,6.4672,14.0392,-0.3196,8866.3930,NA
parkey.exe,2536,0x1B07C054F10,DXGI,1,0,0,Composed: Flip,8900.9947,NA,13.84460000000000,13.90890000000000,0.11920000000000,0.39330000000000,20.7375,8887.2919,13.8220,13.7028,0.1192,0.3227,13.7734,5.6901,8.0833,6.9900,8887.2919,NA
parkey.exe,2536,0x1B07C054F10,DXGI,1,0,0,Composed: Flip,8914.8733,NA,13.87860000000000,20.80990000000000,0.11810000000000,0.76730000000000,27.6688,8901.1139,13.8775,13.7594,0.1181,0.3045,14.2222,6.0670,8.1552,-6.9879,8901.1139,NA
parkey.exe,2536,0x1B07C054F10,DXGI,1,0,0,Composed: Flip,8935.7492,NA,20.87590000000000,13.91160000000000,0.15750000000000,0.78240000000000,20.7045,8914.9914,20.9153,20.7578,0.1575,0.6492,20.8910,7.1848,13.7062,-0.0341,8914.9914,NA
parkey.exe,2536,0x1B07C054F10,DXGI,1,0,0,Composed: Flip,8949.6023,NA,13.85310000000000,20.86110000000000,0.11460000000000,0.81960000000000,27.7125,8935.9067,13.8102,13.6956,0.1146,0.6249,13.8903,5.6525,8.2378,0.0542,8935.9067,NA
parkey.exe,2536,0x1B07C054F10,DXGI,1,0,0,Composed: Flip,8970.4992,NA,20.89690000000000,13.85630000000000,0.13540000000000,0.76480000000000,20.6719,8949.7169,20.9177,20.7823,0.1354,0.7050,20.8421,6.7436,14.0985,-0.0461,8949.7169,NA
parkey.exe,2536,0x1B07C054F10,DXGI,1,0,0,Composed: Flip,8984.3195,NA,13.82030000000000,13.90780000000000,0.12480000000000,0.76310000000000,20.7594,8970.6346,13.8097,13.6849,0.1248,0.6294,13.8186,5.8296,7.9890,7.0099,8970.6346,NA
parkey.exe,2536,0x1B07C054F10,DXGI,1,0,0,Composed: Flip,8998.2195,NA,13.90000000000000,20.81440000000000,0.11790000000000,0.78380000000000,27.6738,8984.4443,13.8931,13.7752,0.1179,0.6383,13.9207,5.6312,8.2895,-7.0047,8984.4443,NA
parkey.exe,2536,0x1B07C054F10,DXGI,1,0,0,Composed: Flip,9019.0881,NA,20.86860000000000,13.91860000000000,0.13260000000000,0.76420000000000,20.7238,8998.3374,20.8833,20.7507,0.1326,0.6659,20.8490,6.9883,13.8607,-0.0255,8998.3374,NA
parkey.exe,2536,0x1B07C054F10,DXGI,1,0,0,Composed: Flip,9033.0054,NA,13.91730000000000,20.81880000000000,0.15690000000000,0.81180000000000,27.6253,9019.2207,13.9416,13.7847,0.1569,0.6316,13.9649,5.6269,8.3380,0.0645,9019.2207,NA
parkey.exe,2536,0x1B07C054F10,DXGI,1,0,0,Composed: Flip,9053.8459,NA,20.84050000000000,13.89120000000000,0.16200000000000,0.76410000000000,20.6760,9033.1623,20.8456,20.6836,0.1620,0.6549,20.7928,6.9501,13.8427,0.0504,9033.1623,NA
parkey.exe,2536,0x1B07C054F10,DXGI,1,0,0,Composed: Flip,9067.7187,NA,13.87280000000000,13.88720000000000,0.12790000000000,0.39160000000000,20.6904,9054.0079,13.8387,13.7108,0.1279,0.6021,13.5003,5.2437,8.2566,6.9584,9054.0079,NA
parkey.exe,2536,0x1B07C054F10,DXGI,1,0,0,Composed: Flip,9081.6284,NA,13.90970000000000,20.84050000000000,0.15000000000000,0.83340000000000,27.6212,9067.8466,13.9318,13.7818,0.1500,0.2940,14.3212,6.2952,8.0260,-7.0018,9067.8466,NA
parkey.exe,2536,0x1B07C054F10,DXGI,1,0,0,Composed: Flip,9102.5155,NA,20.88710000000000,13.90970000000000,0.17260000000000,0.40500000000000,20.6438,9081.7784,20.9097,20.7371,0.1726,0.6834,20.4587,6.6514,13.8073,0.0221,9081.7784,NA
parkey.exe,2536,0x1B07C054F10,DXGI,1,0,0,Composed: Flip,9116.3367,NA,13.82120000000000,27.76490000000000,0.16090000000000,0.41770000000000,34.5875,9102.6881,13.8095,13.6486,0.1609,0.3066,13.7597,5.6904,8.0693,-6.8552,9102.6881,NA
parkey.exe,2536,0x1B07C054F10,DXGI,1,0,0,Composed: Flip,9137.2776,NA,20.94090000000000,13.87390000000000,0.15760000000000,0.39210000000000,27.5205,9116.4976,20.9376,20.7800,0.1576,0.3028,20.8693,6.3190,14.5503,-0.0644,9116.4976,NA
parkey.exe,2536,0x1B07C054F10,DXGI,1,0,0,Composed: Flip,9151.1214,NA,13.84380000000000,13.89930000000000,0.11750000000000,0.39740000000000,27.5760,9137.4352,13.8037,13.6862,0.1175,0.2705,13.8131,6.2836,7.5295,7.0383,9137.4352,NA
parkey.exe,2536,0x1B07C054F10,DXGI,1,0,0,Composed: Flip,9164.9491,NA,13.82770000000000,20.85350000000000,0.10790000000000,1.01870000000000,34.6018,9151.2389,13.8181,13.7102,0.1079,0.3118,14.4171,6.8754,7.5417,-7.0498,9151.2389,NA
parkey.exe,2536,0x1B07C054F10,DXGI,1,0,0,Composed: Flip,9185.8891,NA,20.94000000000000,14.06270000000000,0.16160000000000,0.41690000000000,27.7245,9165.0570,20.9937,20.8321,0.1616,0.9108,20.3382,6.2620,14.0762,-0.2446,9165.0570,NA
parkey.exe,2536,0x1B07C054F10,DXGI,1,0,0,Composed: Flip,9199.7536,NA,13.86450000000000,20.65100000000000,0.12970000000000,0.39610000000000,34.5110,9186.0507,13.8326,13.7029,0.1297,0.3128,13.7862,6.3079,7.4783,0.3427,9186.0507,NA
parkey.exe,2536,0x1B07C054F10,DXGI,1,0,0,Composed: Flip,9220.6237,NA,20.87010000000000,13.89630000000000,0.14300000000000,0.39550000000000,27.5372,9199.8833,20.8834,20.7404,0.1430,0.2957,20.8402,6.3110,14.5292,-0.0637,9199.8833,NA
parkey.exe,2536,0x1B07C054F10,DXGI,1,0,0,Composed: Flip,9234.4780,NA,13.85430000000000,13.88780000000000,0.14760000000000,0.40470000000000,27.5707,9220.7667,13.8589,13.7113,0.1476,0.2908,13.8252,6.2586,7.5666,6.9956,9220.7667,NA
parkey.exe,2536,0x1B07C054F10,DXGI,1,0,0,Composed: Flip,9248.3383,NA,13.86030000000000,20.84060000000000,0.12950000000000,0.43020000000000,34.5510,9234.6256,13.8422,13.7127,0.1295,0.2902,13.8527,6.3038,7.5489,-6.9817,9234.6256,NA
parkey.exe,2536,0x1B07C054F10,DXGI,1,0,0,Composed: Flip,9269.1961,NA,20.85780000000000,13.90000000000000,0.12110000000000,0.38310000000000,27.5932,9248.4678,20.8494,20.7283,0.1211,0.3344,20.7770,6.6446,14.1324,-0.0578,9248.4678,NA
parkey.exe,2536,0x1B07C054F10,DXGI,1,0,0,Composed: Flip,9283.1510,NA,13.95490000000000,20.85900000000000,0.18680000000000,0.68700000000000,34.4973,9269.3172,14.0206,13.8338,0.1868,0.3259,14.1949,6.5473,7.6476,-0.0096,9269.3172,NA
parkey.exe,2536,0x1B07C054F10,DXGI,1,0,0,Composed: Flip,9303.9342,NA,20.78320000000000,13.87000000000000,0.14770000000000,0.42110000000000,27.5841,9283.3378,20.7441,20.5964,0.1477,0.5002,20.5173,6.4679,14.0494,0.1506,9283.3378,NA
parkey.exe,2536,0x1B07C054F10,DXGI,1,0,0,Composed: Flip,9317.8657,NA,13.93150000000000,13.88930000000000,0.13610000000000,0.39460000000000,27.5419,9304.0819,13.9199,13.7838,0.1361,0.3089,13.8695,6.2988,7.5707,6.8548,9304.0819,NA
parkey.exe,2536,0x1B07C054F10,DXGI,1,0,0,Composed: Flip,9331.6845,NA,13.81880000000000,20.82800000000000,0.12530000000000,0.40370000000000,34.5511,9318.0018,13.8080,13.6827,0.1253,0.3106,13.7758,6.3055,7.4703,-6.9081,9318.0018,NA
parkey.exe,2536,0x1B07C054F10,DXGI,1,0,0,Composed: Flip,9352.5565,NA,20.87200000000000,13.90270000000000,0.12280000000000,0.39990000000000,27.5818,9331.8098,20.8695,20.7467,0.1228,0.3611,20.7855,6.6418,14.1437,-0.0947,9331.8098,NA
parkey.exe,2536,0x1B07C054F10,DXGI,1,0,0,Composed: Flip,9366.4705,NA,13.91400000000000,20.82530000000000,0.24230000000000,0.38210000000000,34.4931,9352.6793,14.0335,13.7912,0.2423,0.3099,13.8634,6.2753,7.5881,0.0442,9352.6793,NA
parkey.exe,2536,0x1B07C054F10,DXGI,1,0,0,Composed: Flip,9387.3032,NA,20.83270000000000,13.90380000000000,0.14750000000000,0.41770000000000,27.5642,9366.7128,20.7379,20.5904,0.1475,0.2018,20.8063,6.4053,14.4010,0.1297,9366.7128,NA
parkey.exe,2536,0x1B07C054F10,DXGI,1,0,0,Composed: Flip,9401.1735,NA,13.87030000000000,13.88450000000000,0.13260000000000,0.39780000000000,27.5784,9387.4507,13.8554,13.7228,0.1326,0.3018,13.8188,6.3209,7.4979,6.8534,9387.4507,NA
parkey.exe,2536,0x1B07C054F10,DXGI,1,0,0,Composed: Flip,9415.0544,NA,13.88090000000000,20.86920000000000,0.11370000000000,0.42230000000000,34.5667,9401.3061,13.8620,13.7483,0.1137,0.2949,13.8757,6.3458,7.5299,-7.0138,9401.3061,NA
parkey.exe,2536,0x1B07C054F10,DXGI,1,0,0,Composed: Flip,9435.9041,NA,20.84970000000000,13.86910000000000,0.16250000000000,0.39750000000000,27.5861,9415.1681,20.8985,20.7360,0.1625,0.3735,20.7600,6.7312,14.0288,-0.0071,9415.1681,NA
parkey.exe,2536,0x1B07C054F10,DXGI,1,0,0,Composed: Flip,9449.9122,NA,14.00810000000000,20.83290000000000,0.14990000000000,0.77240000000000,34.4109,9436.0666,13.9955,13.8456,0.1499,0.2687,14.3493,6.6578,7.6915,0.0656,9436.0666,NA
parkey.exe,2536,0x1B07C054F10,DXGI,1,0,0,Composed: Flip,9470.6532,NA,20.74100000000000,13.88840000000000,0.13960000000000,0.39230000000000,27.5583,9450.0621,20.7307,20.5911,0.1396,0.6225,20.3609,6.4554,13.9055,0.1071,9450.0621,NA
parkey.exe,2536,0x1B07C054F10,DXGI,1,0,0,Composed: Flip,9484.5179,NA,13.86470000000000,20.82420000000000,0.12970000000000,0.47440000000000,34.5178,9470.7928,13.8548,13.7251,0.1297,0.3115,13.8880,6.3442,7.5438,-0.0935,9470.7928,NA
parkey.exe,2536,0x1B07C054F10,DXGI,1,0,0,Composed: Flip,9505.3548,NA,20.83690000000000,13.97030000000000,0.13390000000000,0.41740000000000,27.6512,9484.6476,20.8411,20.7072,0.1339,0.3702,20.7544,6.3506,14.4038,-0.1155,9484.6476,NA
parkey.exe,2536,0x1B07C054F10,DXGI,1,0,0,Composed: Flip,9519.2333,NA,13.87850000000000,13.83030000000000,0.13300000000000,0.38390000000000,27.6030,9505.4887,13.8776,13.7446,0.1330,0.3197,13.8088,6.2822,7.5266,7.0108,9505.4887,NA
parkey.exe,2536,0x1B07C054F10,DXGI,1,0,0,Composed: Flip,9533.2015,NA,13.96820000000000,20.84790000000000,0.13170000000000,0.77940000000000,34.4827,9519.3663,13.9669,13.8352,0.1317,0.3095,14.3051,6.6560,7.6491,-6.9703,9519.3663,NA
parkey.exe,2536,0x1B07C054F10,DXGI,1,0,0,Composed: Flip,9553.9728,NA,20.77130000000000,13.89050000000000,0.13840000000000,0.40350000000000,27.6019,9533.3332,20.7780,20.6396,0.1384,0.6477,20.3954,6.4370,13.9584,0.0764,9533.3332,NA
parkey.exe,2536,0x1B07C054F10,DXGI,1,0,0,Composed: Flip,9567.8818,NA,13.90900000000000,20.81880000000000,0.12540000000000,0.85160000000000,34.5117,9554.1112,13.8960,13.7706,0.1254,0.3008,14.3214,6.7269,7.5945,-0.0408,9554.1112,NA
parkey.exe,2536,0x1B07C054F10,DXGI,1,0,0,Composed: Flip,9588.7185,NA,20.83670000000000,13.95510000000000,0.12380000000000,0.42600000000000,27.6301,9568.0072,20.8351,20.7113,0.1238,0.7262,20.4111,6.2585,14.1526,-0.0591,9568.0072,NA
parkey.exe,2536,0x1B07C054F10,DXGI,1,0,0,Composed: Flip,9602.6306,NA,13.91210000000000,13.83060000000000,0.17070000000000,0.42230000000000,27.5486,9588.8423,13.9590,13.7883,0.1707,0.3378,13.8728,6.2771,7.5957,7.0045,9588.8423,NA
parkey.exe,2536,0x1B07C054F10,DXGI,1,0,0,Composed: Flip,9616.6364,NA,14.00580000000000,20.82610000000000,0.18320000000000,0.39300000000000,34.3689,9602.8013,14.0183,13.8351,0.1832,0.2876,13.9405,6.3059,7.6346,-6.8671,9602.8013,NA
parkey.exe,2536,0x1B07C054F10,DXGI,1,0,0,Composed: Flip,9637.3508,NA,20.71440000000000,13.84870000000000,0.15620000000000,0.89720000000000,27.5032,9616.8196,20.6874,20.5312,0.1562,0.2482,21.1802,7.0152,14.1650,0.1696,9616.8196,NA
parkey.exe,2536,0x1B07C054F10,DXGI,1,0,0,Composed: Flip,9651.2072,NA,13.85640000000000,13.92770000000000,0.12680000000000,0.30040000000000,27.5745,9637.5070,13.8270,13.7002,0.1268,0.7410,13.2596,6.3095,6.9501,6.7597,9637.5070,NA
parkey.exe,2536,0x1B07C054F10,DXGI,1,0,0,Composed: Flip,9671.9800,NA,20.77280000000000,13.90880000000000,0.14260000000000,0.40210000000000,20.7105,9651.3340,20.7886,20.6460,0.1426,0.2033,20.8448,6.2707,14.5741,-0.0818,9651.3340,NA
parkey.exe,2536,0x1B07C054F10,DXGI,1,0,0,Composed: Flip,9685.8844,NA,13.90440000000000,13.87350000000000,0.13110000000000,0.39920000000000,20.6796,9672.1226,13.8929,13.7618,0.1311,0.2932,13.8678,5.6969,8.1709,6.9151,9672.1226,NA
parkey.exe,2536,0x1B07C054F10,DXGI,1,0,0,Composed: Flip,9699.7656,NA,13.88120000000000,20.85360000000000,0.13550000000000,0.27730000000000,27.6520,9686.0155,13.8856,13.7501,0.1355,0.2977,13.7297,5.8199,7.9098,-6.9607,9686.0155,NA
parkey.exe,2536,0x1B07C054F10,DXGI,1,0,0,Composed: Flip,9720.6424,NA,20.87680000000000,13.87910000000000,0.13840000000000,0.39920000000000,20.6543,9699.9011,20.8797,20.7413,0.1384,0.1923,20.9482,5.8944,15.0538,0.0065,9699.9011,NA
parkey.exe,2536,0x1B07C054F10,DXGI,1,0,0,Composed: Flip,9734.5789,NA,13.93650000000000,20.84600000000000,0.17420000000000,0.75030000000000,27.5638,9720.7808,13.9723,13.7981,0.1742,0.2986,14.2498,6.2527,7.9971,0.0337,9720.7808,NA
parkey.exe,2536,0x1B07C054F10,DXGI,1,0,0,Composed: Flip,9755.3456,NA,20.76670000000000,13.88000000000000,0.13420000000000,0.76800000000000,20.6771,9734.7531,20.7267,20.5925,0.1342,0.5761,20.7844,7.1654,13.6190,0.0923,9734.7531,NA
parkey.exe,2536,0x1B07C054F10,DXGI,1,0,0,Composed: Flip,9769.2214,NA,13.87580000000000,13.90090000000000,0.12710000000000,0.39550000000000,20.7022,9755.4798,13.8687,13.7416,0.1271,0.6338,13.5033,5.2355,8.2678,6.8258,9755.4798,NA
parkey.exe,2536,0x1B07C054F10,DXGI,1,0,0,Composed: Flip,9783.1158,NA,13.89440000000000,20.83770000000000,0.17130000000000,0.29810000000000,27.6455,9769.3485,13.9386,13.7673,0.1713,0.3023,13.7631,5.7853,7.9778,-6.9690,9769.3485,NA
parkey.exe,2536,0x1B07C054F10,DXGI,1,0,0,Composed: Flip,9803.9374,NA,20.82160000000000,13.87850000000000,0.14390000000000,0.78840000000000,20.7024,9783.2871,20.7942,20.6503,0.1439,0.1747,21.2640,6.6494,14.6146,0.0601,9783.2871,NA
parkey.exe,2536,0x1B07C054F10,DXGI,1,0,0,Composed: Flip,9817.8035,NA,13.86610000000000,20.85440000000000,0.10480000000000,0.30170000000000,27.6907,9804.0813,13.8270,13.7222,0.1048,0.6445,13.3794,5.1452,8.2342,-0.0602,9804.0813,NA
parkey.exe,2536,0x1B07C054F10,DXGI,1,0,0,Composed: Flip,9838.6926,NA,20.88910000000000,13.88020000000000,0.13330000000000,0.39450000000000,20.6818,9817.9083,20.9176,20.7843,0.1333,0.2201,20.9587,5.6806,15.2781,-0.0532,9817.9083,NA
parkey.exe,2536,0x1B07C054F10,DXGI,1,0,0,Composed: Flip,9852.5407,NA,13.84810000000000,13.92280000000000,0.11030000000000,0.38290000000000,20.7565,9838.8259,13.8251,13.7148,0.1103,0.2968,13.8009,5.6720,8.1289,6.9948,9838.8259,NA
parkey.exe,2536,0x1B07C054F10,DXGI,1,0,0,Composed: Flip,9866.4611,NA,13.92040000000000,20.80860000000000,0.18230000000000,0.28530000000000,27.6447,9852.6510,13.9924,13.8101,0.1823,0.3441,13.7513,5.5590,8.1923,-6.9835,9852.6510,NA
parkey.exe,2536,0x1B07C054F10,DXGI,1,0,0,Composed: Flip,9887.3165,NA,20.85540000000000,13.88960000000000,0.13770000000000,0.78710000000000,20.6789,9866.6434,20.8108,20.6731,0.1377,0.1525,21.3077,6.6254,14.6823,0.1028,9866.6434,NA
parkey.exe,2536,0x1B07C054F10,DXGI,1,0,0,Composed: Flip,9901.1700,NA,13.85350000000000,20.84620000000000,0.11600000000000,0.75810000000000,27.6716,9887.4542,13.8318,13.7158,0.1160,0.6494,13.8245,5.5990,8.2255,-0.0354,9887.4542,NA
parkey.exe,2536,0x1B07C054F10,DXGI,1,0,0,Composed: Flip,9922.0282,NA,20.85820000000000,13.87790000000000,0.15350000000000,0.80920000000000,20.6913,9901.2860,20.8957,20.7422,0.1535,0.6421,20.9093,5.6382,15.2711,-0.0461,9901.2860,NA
parkey.exe,2536,0x1B07C054F10,DXGI,1,0,0,Composed: Flip,9935.8730,NA,13.84480000000000,13.94560000000000,0.12270000000000,0.77670000000000,20.7921,9922.1817,13.8140,13.6913,0.1227,0.6557,13.8123,5.5873,8.2250,6.9501,9922.1817,NA
parkey.exe,2536,0x1B07C054F10,DXGI,1,0,0,Composed: Flip,9949.8148,NA,13.94180000000000,27.74030000000000,0.17390000000000,0.33530000000000,34.5906,9935.9957,13.9930,13.8191,0.1739,0.6540,13.5004,5.1705,8.3299,-13.9263,9935.9957,NA
parkey.exe,2536,0x1B07C054F10,DXGI,1,0,0,Composed: Flip,9970.7204,NA,20.90560000000000,13.87780000000000,0.13340000000000,0.37590000000000,27.5628,9949.9887,20.8651,20.7317,0.1334,0.2117,20.8959,6.3578,14.5381,0.1152,9949.9887,NA
parkey.exe,2536,0x1B07C054F10,DXGI,1,0,0,Composed: Flip,9984.5912,NA,13.87080000000000,20.84470000000000,0.13200000000000,0.73260000000000,34.5367,9970.8538,13.8694,13.7374,0.1320,0.2919,14.1781,6.5890,7.5891,0.0204,9970.8538,NA
parkey.exe,2536,0x1B07C054F10,DXGI,1,0,0,Composed: Flip,10005.4706,NA,20.87940000000000,13.93580000000000,0.14450000000000,0.42190000000000,27.5931,9984.7232,20.8919,20.7474,0.1445,0.6006,20.5687,6.2948,14.2739,-0.0664,9984.7232,NA
parkey.exe,2536,0x1B07C054F10,DXGI,1,0,0,Composed: Flip,10019.3389,NA,13.86830000000000,13.85470000000000,0.13220000000000,0.39470000000000,27.5795,10005.6151,13.8560,13.7238,0.1322,0.3172,13.8013,6.3027,7.4986,7.0372,10005.6151,NA
parkey.exe,2536,0x1B07C054F10,DXGI,1,0,0,Composed: Flip,10033.2911,NA,13.95220000000000,20.83010000000000,0.15270000000000,0.28480000000000,34.4574,10019.4711,13.9727,13.8200,0.1527,0.2957,13.8091,6.1949,7.6142,-6.9741,10019.4711,NA
parkey.exe,2536,0x1B07C054F10,DXGI,1,0,0,Composed: Flip,10054.1097,NA,20.81860000000000,13.89720000000000,0.16420000000000,0.39710000000000,27.5360,10033.4438,20.8301,20.6659,0.1642,0.1825,20.8805,6.4281,14.4524,0.0755,10033.4438,NA
parkey.exe,2536,0x1B07C054F10,DXGI,1,0,0,Composed: Flip,10067.9726,NA,13.86290000000000,20.84200000000000,0.13270000000000,0.77810000000000,34.5151,10054.2739,13.8314,13.6987,0.1327,0.2667,14.2101,6.6819,7.5282,-0.0119,10054.2739,NA
parkey.exe,2536,0x1B07C054F10,DXGI,1,0,0,Composed: Flip,10088.8193,NA,20.84670000000000,13.91690000000000,0.12740000000000,0.42250000000000,27.5853,10068.1053,20.8414,20.7140,0.1274,0.6454,20.4911,6.4553,14.0358,-0.0855,10068.1053,NA
parkey.exe,2536,0x1B07C054F10,DXGI,1,0,0,Composed: Flip,10102.6999,NA,13.88060000000000,13.85170000000000,0.14020000000000,0.39250000000000,27.5564,10088.9467,13.8934,13.7532,0.1402,0.3279,13.8178,6.3226,7.4952,6.9897,10088.9467,NA
parkey.exe,2536,0x1B07C054F10,DXGI,1,0,0,Composed: Flip,10116.5925,NA,13.89260000000000,20.80070000000000,0.22490000000000,0.34760000000000,34.4645,10102.8401,13.9773,13.7524,0.2249,0.3086,13.7914,6.2492,7.5422,-6.9073,10102.8401,NA
parkey.exe,2536,0x1B07C054F10,DXGI,1,0,0,Composed: Flip,10137.4334,NA,20.84090000000000,6.99870000000000,0.14060000000000,0.38590000000000,20.6223,10116.8174,20.7566,20.6160,0.1406,0.1654,20.8365,6.4650,14.3715,6.9786,10116.8174,NA
parkey.exe,2536,0x1B07C054F10,DXGI,1,0,0,Composed: Flip,10151.2620,NA,13.82860000000000,20.83220000000000,0.11210000000000,0.66110000000000,27.6259,10137.5740,13.8001,13.6880,0.1121,0.4128,13.9363,6.4242,7.5121,-0.0756,10137.5740,NA
parkey.exe,2536,0x1B07C054F10,DXGI,1,0,0,Composed: Flip,10172.0663,NA,20.80430000000000,13.88420000000000,0.15250000000000,0.76820000000000,20.7058,10151.3741,20.8447,20.6922,0.1525,0.5490,20.9114,7.0366,13.8748,-0.0841,10151.3741,NA
parkey.exe,2536,0x1B07C054F10,DXGI,1,0,0,Composed: Flip,10185.9312,NA,13.86490000000000,13.89300000000000,0.11090000000000,0.77960000000000,20.7339,10172.2188,13.8233,13.7124,0.1109,0.6157,13.8763,5.6173,8.2590,6.9517,10172.2188,NA
parkey.exe,2536,0x1B07C054F10,DXGI,1,0,0,Composed: Flip,10199.8770,NA,13.94580000000000,20.84590000000000,0.13440000000000,0.87680000000000,27.6340,10186.0421,13.9693,13.8349,0.1344,0.6687,14.0430,5.7182,8.3248,-7.0226,10186.0421,NA
parkey.exe,2536,0x1B07C054F10,DXGI,1,0,0,Composed: Flip,10220.7009,NA,20.82390000000000,13.88340000000000,0.13860000000000,0.76510000000000,20.6935,10200.0114,20.8281,20.6895,0.1386,0.7424,20.7122,5.5787,15.1335,0.0859,10200.0114,NA
parkey.exe,2536,0x1B07C054F10,DXGI,1,0,0,Composed: Flip,10234.5789,NA,13.87800000000000,20.84180000000000,0.13110000000000,0.67100000000000,27.6573,10220.8395,13.8705,13.7394,0.1311,0.6265,13.7839,5.5009,8.2830,-0.0137,10220.8395,NA
parkey.exe,2536,0x1B07C054F10,DXGI,1,0,0,Composed: Flip,10255.6983,NA,21.11940000000000,13.87950000000000,0.19350000000000,0.39540000000000,20.4174,10234.7100,21.1818,20.9883,0.1935,0.5399,20.8438,6.7011,14.1427,-0.0090,10234.7100,NA
parkey.exe,2536,0x1B07C054F10,DXGI,1,0,0,Composed: Flip,10269.2914,NA,13.59310000000000,13.89930000000000,0.11280000000000,0.39260000000000,20.7236,10255.8918,13.5124,13.3996,0.1128,0.2381,13.5541,5.8736,7.6805,7.2825,10255.8918,NA
parkey.exe,2536,0x1B07C054F10,DXGI,1,0,0,Composed: Flip,10283.1996,NA,13.90820000000000,20.83010000000000,0.12660000000000,0.72860000000000,27.6455,10269.4042,13.9220,13.7954,0.1266,0.3185,14.2055,5.9927,8.2128,-7.3177,10269.4042,NA
parkey.exe,2536,0x1B07C054F10,DXGI,1,0,0,Composed: Flip,10304.0510,NA,20.85140000000000,13.90290000000000,0.17470000000000,0.78420000000000,20.6970,10283.3262,20.8995,20.7248,0.1747,0.7413,20.7677,6.8129,13.9548,0.0191,10283.3262,NA
parkey.exe,2536,0x1B07C054F10,DXGI,1,0,0,Composed: Flip,10317.9301,NA,13.87910000000000,20.83310000000000,0.13800000000000,0.58760000000000,27.6510,10304.2257,13.8424,13.7044,0.1380,0.6095,13.6825,5.4494,8.2331,0.0664,10304.2257,NA
parkey.exe,2536,0x1B07C054F10,DXGI,1,0,0,Composed: Flip,10338.7603,NA,20.83020000000000,13.88040000000000,0.12900000000000,0.75970000000000,20.7012,10318.0681,20.8212,20.6922,0.1290,0.4496,21.0023,7.1840,13.8183,-0.0380,10318.0681,NA
parkey.exe,2536,0x1B07C054F10,DXGI,1,0,0,Composed: Flip,10352.6188,NA,13.85850000000000,13.89870000000000,0.10500000000000,0.76500000000000,20.7414,10338.8893,13.8345,13.7295,0.1050,0.6307,13.8638,5.5967,8.2671,6.9225,10338.8893,NA
parkey.exe,2536,0x1B07C054F10,DXGI,1,0,0,Composed: Flip,10366.6226,NA,14.00380000000000,20.82900000000000,0.16040000000000,1.12020000000000,27.5666,10352.7238,14.0592,13.8988,0.1604,0.6600,14.3590,5.9359,8.4231,-6.9945,10352.7238,NA
parkey.exe,2536,0x1B07C054F10,DXGI,1,0,0,Composed: Flip,10387.3891,NA,20.76650000000000,13.89470000000000,0.13010000000000,0.77690000000000,20.6948,10366.7830,20.7362,20.6061,0.1301,0.9598,20.4232,6.9296,13.4936,0.1645,10366.7830,NA
parkey.exe,2536,0x1B07C054F10,DXGI,1,0,0,Composed: Flip,10401.3658,NA,13.97670000000000,20.83770000000000,0.14630000000000,0.39790000000000,27.5558,10387.5192,13.9929,13.8466,0.1463,0.6468,13.5977,5.2588,8.3389,-0.1015,10387.5192,NA
parkey.exe,2536,0x1B07C054F10,DXGI,1,0,0,Composed: Flip,10422.1574,NA,20.79160000000000,13.88870000000000,0.16160000000000,0.41440000000000,20.6529,10401.5121,20.8069,20.6453,0.1616,0.2758,20.7839,5.9473,14.8366,0.1042,10401.5121,NA
parkey.exe,2536,0x1B07C054F10,DXGI,1,0,0,Composed: Flip,10436.0085,NA,13.85110000000000,13.92930000000000,0.12900000000000,0.39980000000000,20.7311,10422.3190,13.8185,13.6895,0.1290,0.2856,13.8037,6.2700,7.5337,6.8776,10422.3190,NA
parkey.exe,2536,0x1B07C054F10,DXGI,1,0,0,Composed: Flip,10449.9252,NA,13.91670000000000,27.69490000000000,0.15860000000000,1.03690000000000,34.5093,10436.1375,13.9463,13.7877,0.1586,0.2992,14.5254,6.5201,8.0053,-13.8764,10436.1375,NA
parkey.exe,2536,0x1B07C054F10,DXGI,1,0,0,Composed: Flip,10470.8286,NA,20.90340000000000,7.01730000000000,0.13860000000000,0.39860000000000,20.6232,10450.0838,20.8834,20.7448,0.1386,0.8783,20.2651,6.3614,13.9037,6.9290,10450.0838,NA
parkey.exe,2536,0x1B07C054F10,DXGI,1,0,0,Composed: Flip,10484.6117,NA,13.78310000000000,20.81810000000000,0.15560000000000,0.76270000000000,27.6582,10470.9672,13.8001,13.6445,0.1556,0.2919,14.1153,6.5915,7.5238,0.0653,10470.9672,NA
parkey.exe,2536,0x1B07C054F10,DXGI,1,0,0,Composed: Flip,10505.4839,NA,20.87220000000000,13.89360000000000,0.14660000000000,0.78730000000000,20.6796,10484.7673,20.8632,20.7166,0.1466,0.6071,20.8968,7.2227,13.6741,-0.0935,10484.7673,NA
parkey.exe,2536,0x1B07C054F10,DXGI,1,0,0,Composed: Flip,10519.3350,NA,13.85110000000000,13.90790000000000,0.11230000000000,0.39500000000000,20.7364,10505.6305,13.8168,13.7045,0.1123,0.6407,13.4588,5.2385,8.2203,6.9553,10505.6305,NA
parkey.exe,2536,0x1B07C054F10,DXGI,1,0,0,Composed: Flip,10533.2235,NA,13.88850000000000,20.81840000000000,0.11820000000000,1.17640000000000,27.6663,10519.4473,13.8944,13.7762,0.1182,0.3132,14.6394,6.4972,8.1422,-7.0016,10519.4473,NA
parkey.exe,2536,0x1B07C054F10,DXGI,1,0,0,Composed: Flip,10554.1007,NA,20.87720000000000,13.89740000000000,0.16260000000000,0.40080000000000,20.6865,10533.3417,20.9216,20.7590,0.1626,1.0582,20.1016,6.2273,13.8743,-0.0030,10533.3417,NA
parkey.exe,2536,0x1B07C054F10,DXGI,1,0,0,Composed: Flip,10567.9448,NA,13.84410000000000,20.85460000000000,0.10580000000000,0.84090000000000,27.6970,10554.2633,13.7873,13.6815,0.1058,0.2740,14.2484,6.0947,8.1537,0.0670,10554.2633,NA
parkey.exe,2536,0x1B07C054F10,DXGI,1,0,0,Composed: Flip,10588.7985,NA,20.85370000000000,13.86320000000000,0.13490000000000,0.82410000000000,20.7065,10568.0506,20.8828,20.7479,0.1349,0.7351,20.8369,6.7778,14.0591,-0.0759,10568.0506,NA
parkey.exe,2536,0x1B07C054F10,DXGI,1,0,0,Composed: Flip,10602.7152,NA,13.91670000000000,13.91500000000000,0.12620000000000,0.78380000000000,20.7048,10588.9334,13.9080,13.7818,0.1262,0.6892,13.8764,5.6276,8.2488,6.9678,10588.9334,NA
parkey.exe,2536,0x1B07C054F10,DXGI,1,0,0,Composed: Flip,10616.6255,NA,13.91030000000000,20.97840000000000,0.17990000000000,0.77920000000000,27.7729,10602.8414,13.9640,13.7841,0.1799,0.6576,13.9057,5.6256,8.2801,-7.0704,10602.8414,NA
parkey.exe,2536,0x1B07C054F10,DXGI,1,0,0,Composed: Flip,10637.4498,NA,20.82430000000000,13.72090000000000,0.12140000000000,0.38470000000000,20.6695,10616.8054,20.7658,20.6444,0.1214,0.7518,20.2773,6.6155,13.6618,0.2431,10616.8054,NA
parkey.exe,2536,0x1B07C054F10,DXGI,1,0,0,Composed: Flip,10651.3383,NA,13.88850000000000,20.84500000000000,0.15530000000000,0.89730000000000,27.6260,10637.5712,13.9224,13.7671,0.1553,0.3148,14.3496,6.9206,7.4290,-0.0792,10637.5712,NA
parkey.exe,2536,0x1B07C054F10,DXGI,1,0,0,Composed: Flip,10672.1613,NA,20.82300000000000,13.89800000000000,0.16090000000000,0.76420000000000,20.7010,10651.4936,20.8286,20.6677,0.1609,0.7420,20.6899,6.7186,13.9713,0.0244,10651.4936,NA
parkey.exe,2536,0x1B07C054F10,DXGI,1,0,0,Composed: Flip,10686.0221,NA,13.86080000000000,13.88860000000000,0.11170000000000,0.41510000000000,20.7288,10672.3222,13.8116,13.6999,0.1117,0.6033,13.5117,5.4816,8.0301,6.9400,10672.3222,NA
parkey.exe,2536,0x1B07C054F10,DXGI,1,0,0,Composed: Flip,10699.9092,NA,13.88710000000000,20.83800000000000,0.12840000000000,1.20450000000000,27.6797,10686.1338,13.9038,13.7754,0.1284,0.3413,14.6386,6.4533,8.1853,-7.0264,10686.1338,NA
parkey.exe,2536,0x1B07C054F10,DXGI,1,0,0,Composed: Flip,10720.7979,NA,20.88870000000000,13.90700000000000,0.13560000000000,0.39870000000000,20.6980,10700.0376,20.8959,20.7603,0.1356,1.0761,20.0829,6.7412,13.3417,-0.0032,10700.0376,NA
parkey.exe,2536,0x1B07C054F10,DXGI,1,0,0,Composed: Flip,10734.6452,NA,13.84730000000000,20.82000000000000,0.12020000000000,0.83850000000000,27.6707,10720.9335,13.8319,13.7117,0.1202,0.3088,14.2414,6.1443,8.0971,0.0759,10720.9335,NA
parkey.exe,2536,0x1B07C054F10,DXGI,1,0,0,Composed: Flip,10755.5307,NA,20.88550000000000,13.90020000000000,0.15670000000000,0.39500000000000,20.6854,10734.7654,20.9220,20.7653,0.1567,0.7183,20.4420,6.4149,14.0271,-0.0683,10734.7654,NA
parkey.exe,2536,0x1B07C054F10,DXGI,1,0,0,Composed: Flip,10769.4116,NA,13.88090000000000,13.89700000000000,0.13460000000000,0.41510000000000,20.7015,10755.6874,13.8588,13.7242,0.1346,0.2800,13.8593,5.8645,7.9948,7.0250,10755.6874,NA
parkey.exe,2536,0x1B07C054F10,DXGI,1,0,0,Composed: Flip,10783.2767,NA,13.86510000000000,27.75740000000000,0.17530000000000,0.78770000000000,34.5938,10769.5462,13.9058,13.7305,0.1753,0.3366,14.1816,6.2606,7.9210,-13.8986,10769.5462,NA
parkey.exe,2536,0x1B07C054F10,DXGI,1,0,0,Composed: Flip,10804.2346,NA,20.95790000000000,13.89880000000000,0.17090000000000,0.39930000000000,27.5347,10783.4520,20.9535,20.7826,0.1709,0.6124,20.5695,6.6201,13.9494,0.0070,10783.4520,NA
parkey.exe,2536,0x1B07C054F10,DXGI,1,0,0,Composed: Flip,10818.0629,NA,13.82830000000000,20.83330000000000,0.11740000000000,0.82090000000000,34.5397,10804.4055,13.7748,13.6574,0.1174,0.2783,14.2000,6.7128,7.4872,0.1202,10804.4055,NA
parkey.exe,2536,0x1B07C054F10,DXGI,1,0,0,Composed: Flip,10838.9356,NA,20.87270000000000,13.90520000000000,0.13380000000000,0.40010000000000,27.5722,10818.1803,20.8891,20.7553,0.1338,0.7035,20.4519,6.4406,14.0113,-0.1304,10818.1803,NA
parkey.exe,2536,0x1B07C054F10,DXGI,1,0,0,Composed: Flip,10852.7751,NA,13.83950000000000,13.89550000000000,0.18420000000000,0.40070000000000,27.6282,10839.0694,13.8899,13.7057,0.1842,0.3037,13.8027,6.2716,7.5311,6.9936,10839.0694,NA
parkey.exe,2536,0x1B07C054F10,DXGI,1,0,0,Composed: Flip,10866.6737,NA,13.89860000000000,20.81970000000000,0.15340000000000,1.07870000000000,34.5493,10852.9593,13.8678,13.7144,0.1534,0.2485,14.5446,6.9704,7.5742,-6.9298,10852.9593,NA
parkey.exe,2536,0x1B07C054F10,DXGI,1,0,0,Composed: Flip,10887.5622,NA,20.88850000000000,13.89750000000000,0.13380000000000,0.40610000000000,27.5583,10866.8271,20.8689,20.7351,0.1338,0.9253,20.2159,6.2329,13.9830,-0.0297,10866.8271,NA
parkey.exe,2536,0x1B07C054F10,DXGI,1,0,0,Composed: Flip,10901.3849,NA,13.82270000000000,20.83020000000000,0.11910000000000,0.43810000000000,34.5658,10887.6960,13.8080,13.6889,0.1191,0.2993,13.8277,6.3516,7.4761,0.0387,10887.6960,NA
parkey.exe,2536,0x1B07C054F10,DXGI,1,0,0,Composed: Flip,10922.2919,NA,20.90700000000000,13.89660000000000,0.14060000000000,0.45770000000000,27.5554,10901.5040,20.9285,20.7879,0.1406,0.3508,20.8948,6.3901,14.5047,-0.0886,10901.5040,NA
parkey.exe,2536,0x1B07C054F10,DXGI,1,0,0,Composed: Flip,10936.1228,NA,13.83090000000000,13.89910000000000,0.12360000000000,0.39540000000000,27.6236,10922.4325,13.8139,13.6903,0.1236,0.3512,13.7345,6.2880,7.4465,7.0294,10922.4325,NA
parkey.exe,2536,0x1B07C054F10,DXGI,1,0,0,Composed: Flip,10950.0068,NA,13.88400000000000,20.82170000000000,0.14740000000000,1.03530000000000,34.5613,10936.2464,13.9078,13.7604,0.1474,0.3069,14.4888,6.9514,7.5374,-7.0078,10936.2464,NA
parkey.exe,2536,0x1B07C054F10,DXGI,1,0,0,Composed: Flip,10970.9281,NA,20.92130000000000,13.89640000000000,0.14900000000000,0.40000000000000,27.5364,10950.1542,20.9229,20.7739,0.1490,0.8879,20.2860,6.2082,14.0778,0.0114,10950.1542,NA
parkey.exe,2536,0x1B07C054F10,DXGI,1,0,0,Composed: Flip,10984.7488,NA,13.82070000000000,20.83260000000000,0.13480000000000,0.83300000000000,34.5483,10971.0771,13.8065,13.6717,0.1348,0.2889,14.2158,6.6978,7.5180,0.0903,10971.0771,NA
parkey.exe,2536,0x1B07C054F10,DXGI,1,0,0,Composed: Flip,11005.6253,NA,20.87650000000000,13.89290000000000,0.13780000000000,0.41690000000000,27.5647,10984.8836,20.8795,20.7417,0.1378,0.6982,20.4604,6.4888,13.9716,-0.0864,10984.8836,NA
parkey.exe,2536,0x1B07C054F10,DXGI,1,0,0,Composed: Flip,11019.4673,NA,13.84200000000000,13.88910000000000,0.12050000000000,0.40180000000000,27.6118,11005.7631,13.8247,13.7042,0.1205,0.3172,13.7888,6.2893,7.4995,6.9904,11005.7631,NA
parkey.exe,2536,0x1B07C054F10,DXGI,1,0,0,Composed: Flip,11033.3454,NA,13.87810000000000,20.85530000000000,0.20310000000000,1.03840000000000,34.5890,11019.5878,13.9607,13.7576,0.2031,0.3118,14.4842,6.8879,7.5963,-7.0306,11019.5878,NA
parkey.exe,2536,0x1B07C054F10,DXGI,1,0,0,Composed: Flip,11054.2475,NA,20.90210000000000,13.88730000000000,0.15580000000000,0.39780000000000,27.5742,11033.5485,20.8548,20.6990,0.1558,0.8353,20.2615,6.2603,14.0012,0.0734,11033.5485,NA
parkey.exe,2536,0x1B07C054F10,DXGI,1,0,0,Composed: Flip,11068.1635,NA,13.91600000000000,20.82280000000000,0.14900000000000,0.78260000000000,34.4810,11054.4033,13.9092,13.7602,0.1490,0.2767,14.2661,6.6463,7.6198,0.0320,11054.4033,NA
parkey.exe,2536,0x1B07C054F10,DXGI,1,0,0,Composed: Flip,11088.9767,NA,20.81320000000000,13.89830000000000,0.14620000000000,0.38990000000000,27.5661,11068.3125,20.8104,20.6642,0.1462,0.6336,20.4205,6.4633,13.9572,0.0109,11068.3125,NA
parkey.exe,2536,0x1B07C054F10,DXGI,1,0,0,Composed: Flip,11102.8644,NA,13.88770000000000,13.89490000000000,0.12270000000000,0.41300000000000,27.5733,11089.1229,13.8642,13.7415,0.1227,0.2991,13.8554,6.3082,7.5472,6.9155,11089.1229,NA
parkey.exe,2536,0x1B07C054F10,DXGI,1,0,0,Composed: Flip,11116.7462,NA,13.88180000000000,20.84520000000000,0.19250000000000,1.00080000000000,34.5367,11102.9871,13.9516,13.7591,0.1925,0.3241,14.4358,6.8989,7.5369,-6.9810,11102.9871,NA
parkey.exe,2536,0x1B07C054F10,DXGI,1,0,0,Composed: Flip,11137.6299,NA,20.88370000000000,13.88700000000000,0.16060000000000,0.37150000000000,27.5400,11116.9387,20.8518,20.6912,0.1606,0.8083,20.2544,6.1859,14.0685,0.0646,11116.9387,NA
parkey.exe,2536,0x1B07C054F10,DXGI,1,0,0,Composed: Flip,11151.4453,NA,13.81540000000000,20.82360000000000,0.12470000000000,0.99040000000000,34.5482,11137.7905,13.7795,13.6548,0.1247,0.2677,14.3775,6.8222,7.5553,0.0282,11137.7905,NA
parkey.exe,2536,0x1B07C054F10,DXGI,1,0,0,Composed: Flip,11172.3273,NA,20.88200000000000,13.89990000000000,0.16230000000000,0.39190000000000,27.5661,11151.5700,20.9196,20.7573,0.1623,0.8657,20.2835,6.4814,13.8021,-0.1204,11151.5700,NA
parkey.exe,2536,0x1B07C054F10,DXGI,1,0,0,Composed: Flip,11186.1655,NA,13.83820000000000,13.89660000000000,0.11580000000000,0.38080000000000,27.6245,11172.4896,13.7917,13.6759,0.1158,0.2660,13.7907,6.2311,7.5596,7.0230,11172.4896,NA
parkey.exe,2536,0x1B07C054F10,DXGI,1,0,0,Composed: Flip,11200.0441,NA,13.87860000000000,20.82500000000000,0.11440000000000,1.04300000000000,34.5709,11186.2813,13.8772,13.7628,0.1144,0.3176,14.4882,6.9324,7.5558,-7.0333,11186.2813,NA
parkey.exe,2536,0x1B07C054F10,DXGI,1,0,0,Composed: Flip,11220.9931,NA,20.94900000000000,13.89990000000000,0.14340000000000,0.39530000000000,27.5218,11200.1585,20.9780,20.8346,0.1434,0.9286,20.3013,6.2814,14.0199,-0.0227,11200.1585,NA
parkey.exe,2536,0x1B07C054F10,DXGI,1,0,0,Composed: Flip,11234.8229,NA,13.82980000000000,20.82650000000000,0.14760000000000,0.78000000000000,34.5185,11221.1365,13.8340,13.6864,0.1476,0.2864,14.1800,6.6495,7.5305,0.1515,11221.1365,NA
parkey.exe,2536,0x1B07C054F10,DXGI,1,0,0,Composed: Flip,11255.6749,NA,20.85200000000000,13.90720000000000,0.13330000000000,0.40230000000000,27.5737,11234.9705,20.8377,20.7044,0.1333,0.6324,20.4743,6.4166,14.0577,-0.0732,11234.9705,NA
parkey.exe,2536,0x1B07C054F10,DXGI,1,0,0,Composed: Flip,11269.5270,NA,13.85210000000000,13.87620000000000,0.11410000000000,0.39490000000000,27.5978,11255.8082,13.8329,13.7188,0.1141,0.3068,13.8069,6.2617,7.5452,6.9615,11255.8082,NA
parkey.exe,2536,0x1B07C054F10,DXGI,1,0,0,Composed: Flip,11283.4085,NA,13.88150000000000,13.89070000000000,0.12100000000000,1.03260000000000,27.6070,11269.6411,13.8884,13.7674,0.1210,0.3096,14.4904,6.9025,7.5879,-0.0578,11269.6411,NA
parkey.exe,2536,0x1B07C054F10,DXGI,1,0,0,Composed: Flip,11304.2428,NA,20.83430000000000,13.90050000000000,0.15930000000000,0.78120000000000,20.6732,11283.5295,20.8726,20.7133,0.1593,0.9116,20.5829,6.6390,13.9439,-0.0121,11283.5295,NA
parkey.exe,2536,0x1B07C054F10,DXGI,1,0,0,Composed: Flip,11318.0706,NA,13.82780000000000,20.83240000000000,0.11460000000000,0.94300000000000,27.6778,11304.4021,13.7831,13.6685,0.1146,0.6219,13.9896,5.8179,8.1717,0.0402,11304.4021,NA
parkey.exe,2536,0x1B07C054F10,DXGI,1,0,0,Composed: Flip,11338.9768,NA,20.90620000000000,13.89910000000000,0.14110000000000,0.76310000000000,20.6707,11318.1852,20.9327,20.7916,0.1411,0.8284,20.7263,6.7477,13.9786,-0.1160,11318.1852,NA
parkey.exe,2536,0x1B07C054F10,DXGI,1,0,0,Composed: Flip,11352.7920,NA,13.81520000000000,13.89250000000000,0.10830000000000,0.76450000000000,20.7480,11339.1179,13.7824,13.6741,0.1083,0.6220,13.8166,5.5810,8.2356,7.0402,11339.1179,NA
parkey.exe,2536,0x1B07C054F10,DXGI,1,0,0,Composed: Flip,11366.6933,NA,13.90130000000000,20.83050000000000,0.12590000000000,0.78890000000000,27.6772,11352.9003,13.9189,13.7930,0.1259,0.6562,13.9257,5.5973,8.3284,-7.0481,11352.9003,NA
parkey.exe,2536,0x1B07C054F10,DXGI,1,0,0,Composed: Flip,11387.5825,NA,20.88920000000000,13.89930000000000,0.13660000000000,0.41300000000000,20.6873,11366.8192,20.8999,20.7633,0.1366,0.6630,20.5133,6.5955,13.9178,0.0196,11366.8192,NA
parkey.exe,2536,0x1B07C054F10,DXGI,1,0,0,Composed: Flip,11401.4502,NA,13.86770000000000,20.82520000000000,0.13830000000000,0.80400000000000,27.6448,11387.7191,13.8694,13.7311,0.1383,0.3064,14.2287,6.0877,8.1410,0.0747,11387.7191,NA
parkey.exe,2536,0x1B07C054F10,DXGI,1,0,0,Composed: Flip,11422.3025,NA,20.85230000000000,13.89930000000000,0.15550000000000,0.78490000000000,20.6918,11401.5885,20.8695,20.7140,0.1555,0.6657,20.8332,5.6256,15.2076,-0.0299,11401.5885,NA
parkey.exe,2536,0x1B07C054F10,DXGI,1,0,0,Composed: Flip,11436.1798,NA,13.87730000000000,13.91000000000000,0.11360000000000,0.71310000000000,20.7245,11422.4580,13.8354,13.7218,0.1136,0.6294,13.8055,5.5299,8.2756,6.9595,11422.4580,NA
parkey.exe,2536,0x1B07C054F10,DXGI,1,0,0,Composed: Flip,11450.0235,NA,13.84370000000000,27.72050000000000,0.10470000000000,0.76870000000000,34.6013,11436.2934,13.8348,13.7301,0.1047,0.5995,13.8993,7.1687,6.7306,-13.8851,11436.2934,NA
parkey.exe,2536,0x1B07C054F10,DXGI,1,0,0,Composed: Flip,11470.9912,NA,20.96770000000000,6.98600000000000,0.14100000000000,0.39710000000000,20.6196,11450.1282,21.0040,20.8630,0.1410,0.6640,20.5961,6.6584,13.9377,6.8488,11450.1282,NA
parkey.exe,2536,0x1B07C054F10,DXGI,1,0,0,Composed: Flip,11484.8170,NA,13.82580000000000,20.82840000000000,0.14960000000000,0.79920000000000,27.6222,11471.1322,13.8344,13.6848,0.1496,0.2932,14.1908,6.6354,7.5554,0.1756,11471.1322,NA
parkey.exe,2536,0x1B07C054F10,DXGI,1,0,0,Composed: Flip,11505.6473,NA,20.83030000000000,13.90860000000000,0.13790000000000,0.78470000000000,20.7005,11484.9666,20.8186,20.6807,0.1379,0.6496,20.8158,7.2199,13.5959,-0.0742,11484.9666,NA
parkey.exe,2536,0x1B07C054F10,DXGI,1,0,0,Composed: Flip,11519.5207,NA,13.87340000000000,13.88720000000000,0.11900000000000,0.76280000000000,20.7143,11505.7852,13.8545,13.7355,0.1190,0.6468,13.8515,5.6387,8.2128,6.9314,11505.7852,NA
parkey.exe,2536,0x1B07C054F10,DXGI,1,0,0,Composed: Flip,11533.3853,NA,13.86460000000000,20.83660000000000,0.11750000000000,0.76230000000000,27.6863,11519.6397,13.8631,13.7456,0.1175,0.6438,13.8641,5.5972,8.2669,-6.9821,11519.6397,NA
parkey.exe,2536,0x1B07C054F10,DXGI,1,0,0,Composed: Flip,11554.2611,NA,20.87580000000000,13.90090000000000,0.15180000000000,0.81580000000000,20.7114,11533.5028,20.9101,20.7583,0.1518,0.6448,20.9293,7.0098,13.9195,-0.0378,11533.5028,NA
parkey.exe,2536,0x1B07C054F10,DXGI,1,0,0,Composed: Flip,11568.1817,NA,13.92060000000000,20.83100000000000,0.11650000000000,0.75900000000000,27.6218,11554.4129,13.8853,13.7688,0.1165,0.6640,13.8638,5.6112,8.2526,0.0791,11554.4129,NA
parkey.exe,2536,0x1B07C054F10,DXGI,1,0,0,Composed: Flip,11588.9862,NA,20.80450000000000,13.87280000000000,0.12900000000000,0.40380000000000,20.6901,11568.2982,20.8170,20.6880,0.1290,0.6425,20.4493,6.3774,14.0719,0.0125,11568.2982,NA
parkey.exe,2536,0x1B07C054F10,DXGI,1,0,0,Composed: Flip,11602.8319,NA,13.84570000000000,20.85140000000000,0.10820000000000,0.78830000000000,27.6958,11589.1152,13.8249,13.7167,0.1082,0.3292,14.1758,6.0535,8.1223,-0.0344,11589.1152,NA
parkey.exe,2536,0x1B07C054F10,DXGI,1,0,0,Composed: Flip,11623.7187,NA,20.88680000000000,20.83420000000000,0.13890000000000,0.42110000000000,27.6432,11602.9401,20.9175,20.7786,0.1389,0.6801,20.5196,5.4752,15.0444,-7.0093,11602.9401,NA
parkey.exe,2536,0x1B07C054F10,DXGI,1,0,0,Composed: Flip,11637.6500,NA,13.93130000000000,13.90110000000000,0.11770000000000,0.39200000000000,27.6130,11623.8576,13.9101,13.7924,0.1177,0.3199,13.8645,5.7009,8.1636,7.0164,11623.8576,NA
parkey.exe,2536,0x1B07C054F10,DXGI,1,0,0,Composed: Flip,11651.5078,NA,13.85780000000000,20.82170000000000,0.11020000000000,0.38180000000000,34.5769,11637.7677,13.8503,13.7401,0.1102,0.3093,13.8126,6.2806,7.5320,-6.9116,11637.7677,NA
parkey.exe,2536,0x1B07C054F10,DXGI,1,0,0,Composed: Flip,11672.4147,NA,20.90690000000000,13.90160000000000,0.14430000000000,0.38790000000000,27.5716,11651.6180,20.9410,20.7967,0.1443,0.3277,20.8569,6.2868,14.5701,-0.0513,11651.6180,NA
parkey.exe,2536,0x1B07C054F10,DXGI,1,0,0,Composed: Flip,11686.2559,NA,13.84120000000000,20.83800000000000,0.13060000000000,0.29820000000000,34.5684,11672.5590,13.8275,13.6969,0.1306,0.2821,13.7130,6.1701,7.5429,0.1030,11672.5590,NA
parkey.exe,2536,0x1B07C054F10,DXGI,1,0,0,Composed: Flip,11707.1186,NA,20.86270000000000,13.91140000000000,0.13350000000000,0.41410000000000,27.6171,11686.3865,20.8656,20.7321,0.1335,0.1988,20.9474,6.3117,14.6357,-0.0839,11686.3865,NA
parkey.exe,2536,0x1B07C054F10,DXGI,1,0,0,Composed: Flip,11721.0170,NA,13.89840000000000,13.86940000000000,0.12940000000000,0.41620000000000,27.5881,11707.2521,13.8943,13.7649,0.1294,0.3138,13.8673,6.3129,7.5544,6.9962,11707.2521,NA
parkey.exe,2536,0x1B07C054F10,DXGI,1,0,0,Composed: Flip,11734.9683,NA,13.95130000000000,20.83090000000000,0.13890000000000,0.40350000000000,34.4677,11721.1464,13.9608,13.8219,0.1389,0.3159,13.9095,6.2821,7.6274,-6.9366,11721.1464,NA
parkey.exe,2536,0x1B07C054F10,DXGI,1,0,0,Composed: Flip,11755.7521,NA,20.78380000000000,13.89590000000000,0.15490000000000,0.39520000000000,27.5798,11735.1072,20.7998,20.6449,0.1549,0.3239,20.7162,6.4535,14.2627,0.0649,11735.1072,NA
parkey.exe,2536,0x1B07C054F10,DXGI,1,0,0,Composed: Flip,11769.6356,NA,13.88350000000000,20.83570000000000,0.12390000000000,0.41290000000000,34.5320,11755.9070,13.8525,13.7286,0.1239,0.2753,13.8662,6.2940,7.5722,-0.0359,11755.9070,NA
parkey.exe,2536,0x1B07C054F10,DXGI,1,0,0,Composed: Flip,11790.5145,NA,20.87890000000000,13.85580000000000,0.14670000000000,0.42030000000000,27.5089,11769.7595,20.9017,20.7550,0.1467,0.3162,20.8591,6.2919,14.5672,-0.0033,11769.7595,NA
parkey.exe,2536,0x1B07C054F10,DXGI,1,0,0,Composed: Flip,11804.3517,NA,13.83720000000000,6.98350000000000,0.12800000000000,0.40910000000000,20.6552,11790.6612,13.8185,13.6905,0.1280,0.3130,13.7866,6.3451,7.4415,13.9182,11790.6612,NA
parkey.exe,2536,0x1B07C054F10,DXGI,1,0,0,Composed: Flip,11818.2451,NA,13.89340000000000,20.81960000000000,0.15090000000000,0.79870000000000,27.5814,11804.4797,13.9163,13.7654,0.1509,0.3184,14.2457,6.6662,7.5795,-7.0011,11804.4797,NA
parkey.exe,2536,0x1B07C054F10,DXGI,1,0,0,Composed: Flip,11839.0427,NA,20.79760000000000,13.89880000000000,0.13260000000000,0.39840000000000,20.6826,11818.3960,20.7793,20.6467,0.1326,0.6478,20.3973,6.3929,14.0044,0.0175,11818.3960,NA
parkey.exe,2536,0x1B07C054F10,DXGI,1,0,0,Composed: Flip,11852.9095,NA,13.86680000000000,20.82950000000000,0.10440000000000,0.30100000000000,27.6453,11839.1753,13.8386,13.7342,0.1044,0.3001,13.7351,5.5651,8.1700,-0.0502,11839.1753,NA
parkey.exe,2536,0x1B07C054F10,DXGI,1,0,0,Composed: Flip,11873.7490,NA,20.83950000000000,13.90450000000000,0.12800000000000,0.76460000000000,20.7103,11853.0139,20.8631,20.7351,0.1280,0.2274,21.2723,6.2350,15.0373,-0.0659,11853.0139,NA
parkey.exe,2536,0x1B07C054F10,DXGI,1,0,0,Composed: Flip,11887.6366,NA,13.88760000000000,13.88440000000000,0.12400000000000,0.40360000000000,20.7071,11873.8770,13.8836,13.7596,0.1240,0.6366,13.5266,5.2029,8.3237,6.9787,11873.8770,NA
parkey.exe,2536,0x1B07C054F10,DXGI,1,0,0,Composed: Flip,11901.5572,NA,13.92060000000000,20.83990000000000,0.11110000000000,0.30650000000000,27.6264,11887.7606,13.9077,13.7966,0.1111,0.3127,13.7904,5.6200,8.1704,-6.9563,11887.7606,NA
parkey.exe,2536,0x1B07C054F10,DXGI,1,0,0,Composed: Flip,11922.3865,NA,20.82930000000000,13.87850000000000,0.13100000000000,0.43110000000000,20.6756,11901.6683,20.8492,20.7182,0.1310,0.2225,20.9268,5.7449,15.1819,0.0292,11901.6683,NA
parkey.exe,2536,0x1B07C054F10,DXGI,1,0,0,Composed: Flip,11936.2383,NA,13.85180000000000,20.84660000000000,0.10910000000000,0.28340000000000,27.6704,11922.5175,13.8299,13.7208,0.1091,0.3284,13.6758,5.5716,8.1042,0.0026,11922.5175,NA
parkey.exe,2536,0x1B07C054F10,DXGI,1,0,0,Composed: Flip,11957.0981,NA,20.85980000000000,13.89860000000000,0.13640000000000,0.76560000000000,20.7092,11936.3474,20.8871,20.7507,0.1364,0.2248,21.2915,6.2078,15.0837,-0.0687,11936.3474,NA
parkey.exe,2536,0x1B07C054F10,DXGI,1,0,0,Composed: Flip,11971.0010,NA,13.90290000000000,13.89580000000000,0.12620000000000,0.39870000000000,20.7021,11957.2345,13.8927,13.7665,0.1262,0.6292,13.5360,5.2110,8.3250,6.9913,11957.2345,NA
parkey.exe,2536,0x1B07C054F10,DXGI,1,0,0,Composed: Flip,11984.9241,NA,13.92310000000000,20.82630000000000,0.11840000000000,0.68180000000000,27.6053,11971.1272,13.9153,13.7969,0.1184,0.3067,14.1720,5.9517,8.2203,-6.9336,11971.1272,NA
parkey.exe,2536,0x1B07C054F10,DXGI,1,0,0,Composed: Flip,12005.7300,NA,20.80590000000000,13.89890000000000,0.13470000000000,0.79280000000000,20.6983,11985.0425,20.8222,20.6875,0.1347,0.5634,20.9169,6.9898,13.9271,0.0164,11985.0425,NA
parkey.exe,2536,0x1B07C054F10,DXGI,1,0,0,Composed: Flip,12019.6200,NA,13.89000000000000,20.83690000000000,0.12690000000000,0.70320000000000,27.6452,12005.8647,13.8822,13.7553,0.1269,0.6581,13.8004,5.5244,8.2760,-0.0147,12005.8647,NA
parkey.exe,2536,0x1B07C054F10,DXGI,1,0,0,Composed: Flip,12040.5037,NA,20.88370000000000,13.88600000000000,0.14440000000000,0.40140000000000,20.6475,12019.7469,20.9012,20.7568,0.1444,0.5763,20.5819,6.8246,13.7573,-0.0038,12019.7469,NA
parkey.exe,2536,0x1B07C054F10,DXGI,1,0,0,Composed: Flip,12054.3536,NA,13.84990000000000,13.89980000000000,0.11840000000000,0.39140000000000,20.6974,12040.6481,13.8239,13.7055,0.1184,0.2957,13.8012,5.8754,7.9258,7.0014,12040.6481,NA
parkey.exe,2536,0x1B07C054F10,DXGI,1,0,0,Composed: Flip,12068.3810,NA,14.02740000000000,20.85000000000000,0.16300000000000,0.29600000000000,27.5200,12054.4720,14.0720,13.9090,0.1630,0.3085,13.8965,5.7592,8.1373,-7.0261,12054.4720,NA
parkey.exe,2536,0x1B07C054F10,DXGI,1,0,0,Composed: Flip,12089.1024,NA,20.72140000000000,13.87780000000000,0.17300000000000,0.41540000000000,20.6764,12068.5440,20.7314,20.5584,0.1730,0.1931,20.7807,6.2359,14.5448,0.1942,12068.5440,NA
parkey.exe,2536,0x1B07C054F10,DXGI,1,0,0,Composed: Flip,12103.0401,NA,13.93770000000000,20.83270000000000,0.15860000000000,0.40550000000000,27.5714,12089.2754,13.9233,13.7647,0.1586,0.2825,13.8877,5.9523,7.9354,-0.1013,12089.2754,NA
parkey.exe,2536,0x1B07C054F10,DXGI,1,0,0,Composed: Flip,12123.8453,NA,20.80520000000000,13.88830000000000,0.14010000000000,0.78430000000000,20.6545,12103.1987,20.7867,20.6466,0.1401,0.2805,21.1504,6.2745,14.8759,0.0350,12103.1987,NA
parkey.exe,2536,0x1B07C054F10,DXGI,1,0,0,Composed: Flip,12137.7197,NA,13.87440000000000,13.90620000000000,0.12030000000000,0.38050000000000,20.6863,12123.9854,13.8546,13.7343,0.1203,0.6442,13.4706,5.2107,8.2599,6.8805,12123.9854,NA
parkey.exe,2536,0x1B07C054F10,DXGI,1,0,0,Composed: Flip,12151.6091,NA,13.88940000000000,20.82110000000000,0.17500000000000,0.29430000000000,27.6180,12137.8400,13.9441,13.7691,0.1750,0.3101,13.7533,5.7648,7.9885,-6.9665,12137.8400,NA
parkey.exe,2536,0x1B07C054F10,DXGI,1,0,0,Composed: Flip,12172.4510,NA,20.84190000000000,13.90800000000000,0.14070000000000,0.39810000000000,20.6841,12151.7841,20.8076,20.6669,0.1407,0.1753,20.8897,6.2084,14.6813,0.0361,12151.7841,NA
parkey.exe,2536,0x1B07C054F10,DXGI,1,0,0,Composed: Flip,12186.3081,NA,13.85710000000000,20.82660000000000,0.10880000000000,0.73320000000000,27.6536,12172.5917,13.8252,13.7164,0.1088,0.2910,14.1586,6.0062,8.1524,-0.0190,12172.5917,NA
parkey.exe,2536,0x1B07C054F10,DXGI,1,0,0,Composed: Flip,12207.1388,NA,20.83070000000000,13.89640000000000,0.15840000000000,0.79160000000000,20.7193,12186.4169,20.8803,20.7219,0.1584,0.6244,20.8891,7.0931,13.7960,-0.0712,12186.4169,NA
parkey.exe,2536,0x1B07C054F10,DXGI,1,0,0,Composed: Flip,12221.0188,NA,13.88000000000000,13.89030000000000,0.10820000000000,0.40930000000000,20.7296,12207.2972,13.8298,13.7216,0.1082,0.6332,13.4977,5.2863,8.2114,6.9900,12207.2972,NA
parkey.exe,2536,0x1B07C054F10,DXGI,1,0,0,Composed: Flip,12234.9734,NA,13.95460000000000,20.82110000000000,0.19580000000000,0.35730000000000,27.5961,12221.1270,14.0422,13.8464,0.1958,0.3329,13.8708,5.6492,8.2216,-6.9913,12221.1270,NA
parkey.exe,2536,0x1B07C054F10,DXGI,1,0,0,Composed: Flip,12255.7774,NA,20.80400000000000,13.91010000000000,0.13550000000000,0.77080000000000,20.7022,12235.1692,20.7437,20.6082,0.1355,0.2031,21.1759,6.9972,14.1787,0.1321,12235.1692,NA
parkey.exe,2536,0x1B07C054F10,DXGI,1,0,0,Composed: Flip,12269.6381,NA,13.86070000000000,20.83380000000000,0.12730000000000,0.81210000000000,27.6753,12255.9129,13.8525,13.7252,0.1273,0.6353,13.9020,5.6317,8.2703,-0.0901,12255.9129,NA
parkey.exe,2536,0x1B07C054F10,DXGI,1,0,0,Composed: Flip,12290.4945,NA,20.85640000000000,13.88480000000000,0.13290000000000,0.40210000000000,20.7037,12269.7654,20.8620,20.7291,0.1329,0.6848,20.4464,6.3782,14.0682,-0.0323,12269.7654,NA
parkey.exe,2536,0x1B07C054F10,DXGI,1,0,0,Composed: Flip,12304.3608,NA,13.86630000000000,13.89580000000000,0.13180000000000,0.78420000000000,20.7332,12290.6274,13.8652,13.7334,0.1318,0.3017,14.2159,6.0736,8.1423,6.9662,12290.6274,NA
parkey.exe,2536,0x1B07C054F10,DXGI,1,0,0,Composed: Flip,12318.2488,NA,13.88800000000000,20.82830000000000,0.11900000000000,0.80570000000000,27.6735,12304.4926,13.8752,13.7562,0.1190,0.6524,13.9095,5.6237,8.2858,-6.9631,12304.4926,NA
parkey.exe,2536,0x1B07C054F10,DXGI,1,0,0,Composed: Flip,12339.1012,NA,20.85240000000000,13.89320000000000,0.13400000000000,0.76430000000000,20.7143,12318.3678,20.8674,20.7334,0.1340,0.6867,20.8110,6.9607,13.8503,-0.0180,12318.3678,NA
parkey.exe,2536,0x1B07C054F10,DXGI,1,0,0,Composed: Flip,12352.9917,NA,13.89050000000000,20.83920000000000,0.29610000000000,0.73180000000000,27.6630,12339.2352,14.0526,13.7565,0.2961,0.6303,13.8580,5.5848,8.2732,0.0282,12339.2352,NA
parkey.exe,2536,0x1B07C054F10,DXGI,1,0,0,Composed: Flip,12373.8676,NA,20.87590000000000,13.89060000000000,0.14230000000000,0.76410000000000,20.6777,12353.2878,20.7221,20.5798,0.1423,0.4357,20.9082,6.9436,13.9646,0.1620,12353.2878,NA
parkey.exe,2536,0x1B07C054F10,DXGI,1,0,0,Composed: Flip,12387.7224,NA,13.85480000000000,13.89840000000000,0.12360000000000,0.76760000000000,20.7213,12374.0099,13.8361,13.7125,0.1236,0.6218,13.8583,5.5917,8.2666,6.8237,12374.0099,NA
parkey.exe,2536,0x1B07C054F10,DXGI,1,0,0,Composed: Flip,12401.6203,NA,13.89790000000000,20.82970000000000,0.15840000000000,0.51420000000000,27.6531,12387.8460,13.9327,13.7743,0.1584,0.6440,13.6445,5.3764,8.2681,-6.9936,12387.8460,NA
parkey.exe,2536,0x1B07C054F10,DXGI,1,0,0,Composed: Flip,12422.4479,NA,20.82760000000000,13.90280000000000,0.11670000000000,0.79600000000000,20.7283,12401.7787,20.7859,20.6692,0.1167,0.5088,20.9564,6.0559,14.9005,0.0299,12401.7787,NA
parkey.exe,2536,0x1B07C054F10,DXGI,1,0,0,Composed: Flip,12436.3549,NA,13.90700000000000,27.71400000000000,0.10360000000000,0.67400000000000,34.5353,12422.5646,13.8939,13.7903,0.1036,0.6793,13.7850,5.4947,8.2903,-6.9281,12422.5646,NA
parkey.exe,2536,0x1B07C054F10,DXGI,1,0,0,Composed: Flip,12457.2700,NA,20.91510000000000,7.02360000000000,0.15490000000000,0.75080000000000,20.6438,12436.4585,20.9664,20.8115,0.1549,0.5704,20.9919,6.7155,14.2764,6.8703,12436.4585,NA
parkey.exe,2536,0x1B07C054F10,DXGI,1,0,0,Composed: Flip,12471.0521,NA,13.78210000000000,13.88600000000000,0.11920000000000,0.76100000000000,20.7477,12457.4249,13.7464,13.6272,0.1192,0.5959,13.7923,6.0443,7.7480,7.0804,12457.4249,NA
parkey.exe,2536,0x1B07C054F10,DXGI,1,0,0,Composed: Flip,12485.0284,NA,13.97630000000000,20.81430000000000,0.12490000000000,0.97120000000000,27.5857,12471.1713,13.9820,13.8571,0.1249,0.6418,14.1865,5.8266,8.3599,-7.0679,12471.1713,NA
parkey.exe,2536,0x1B07C054F10,DXGI,1,0,0,Composed: Flip,12505.8166,NA,20.78820000000000,13.91740000000000,0.13960000000000,0.78570000000000,20.7149,12485.1533,20.8029,20.6633,0.1396,0.8463,20.6027,6.9538,13.6489,0.0646,12485.1533,NA
parkey.exe,2536,0x1B07C054F10,DXGI,1,0,0,Composed: Flip,12519.6682,NA,13.85160000000000,20.81200000000000,0.12350000000000,0.81880000000000,27.6753,12505.9562,13.8355,13.7120,0.1235,0.6461,13.8847,5.6446,8.2401,-0.0091,12505.9562,NA
parkey.exe,2536,0x1B07C054F10,DXGI,1,0,0,Composed: Flip,12540.4999,NA,20.83170000000000,13.89650000000000,0.12840000000000,0.76400000000000,20.7401,12519.7917,20.8366,20.7082,0.1284,0.6953,20.7769,6.7480,14.0289,-0.0610,12519.7917,NA
parkey.exe,2536,0x1B07C054F10,DXGI,1,0,0,Composed: Flip,12554.3931,NA,13.89320000000000,13.91660000000000,0.11160000000000,0.76530000000000,20.7635,12540.6283,13.8764,13.7648,0.1116,0.6356,13.8945,5.5798,8.3147,6.9200,12540.6283,NA
parkey.exe,2536,0x1B07C054F10,DXGI,1,0,0,Composed: Flip,12568.3826,NA,13.98950000000000,20.81390000000000,0.12050000000000,0.92540000000000,27.5879,12554.5047,13.9984,13.8779,0.1205,0.6537,14.1496,5.7337,8.4159,-6.9375,12554.5047,NA
parkey.exe,2536,0x1B07C054F10,DXGI,1,0,0,Composed: Flip,12589.1512,NA,20.76860000000000,13.88550000000000,0.15240000000000,0.78480000000000,20.7048,12568.5031,20.8005,20.6481,0.1524,0.8049,20.6280,6.9296,13.6984,0.1129,12568.5031,NA
parkey.exe,2536,0x1B07C054F10,DXGI,1,0,0,Composed: Flip,12603.0071,NA,13.85590000000000,20.84180000000000,0.10280000000000,0.79830000000000,27.6907,12589.3036,13.8063,13.7035,0.1028,0.6324,13.8694,5.6338,8.2356,-0.0413,12589.3036,NA
parkey.exe,2536,0x1B07C054F10,DXGI,1,0,0,Composed: Flip,12623.8827,NA,20.87560000000000,13.89000000000000,0.12760000000000,0.78670000000000,20.7051,12603.1099,20.9004,20.7728,0.1276,0.6955,20.8640,5.6379,15.2261,-0.0837,12603.1099,NA
parkey.exe,2536,0x1B07C054F10,DXGI,1,0,0,Composed: Flip,12637.7767,NA,13.89400000000000,13.90150000000000,0.11300000000000,0.76400000000000,20.7126,12624.0103,13.8794,13.7664,0.1130,0.6591,13.8713,5.5701,8.3012,6.9989,12624.0103,NA
parkey.exe,2536,0x1B07C054F10,DXGI,1,0,0,Composed: Flip,12651.9314,NA,14.15470000000000,20.82520000000000,0.14990000000000,0.89860000000000,27.3831,12637.8897,14.1916,14.0417,0.1499,0.6510,14.2893,5.4793,8.8100,-6.9458,12637.8897,NA
parkey.exe,2536,0x1B07C054F10,DXGI,1,0,0,Composed: Flip,12672.5209,NA,20.58950000000000,13.89440000000000,0.14020000000000,0.76400000000000,20.6880,12652.0813,20.5798,20.4396,0.1402,0.7487,20.4549,6.9593,13.4956,0.2972,12652.0813,NA
parkey.exe,2536,0x1B07C054F10,DXGI,1,0,0,Composed: Flip,12686.3915,NA,13.87060000000000,20.84320000000000,0.11250000000000,0.45660000000000,27.6606,12672.6611,13.8429,13.7304,0.1125,0.6238,13.5632,5.3188,8.2444,-0.2634,12672.6611,NA
parkey.exe,2536,0x1B07C054F10,DXGI,1,0,0,Composed: Flip,12707.2409,NA,20.84940000000000,13.88650000000000,0.15800000000000,0.78460000000000,20.6977,12686.5040,20.8949,20.7369,0.1580,0.3959,21.1256,6.7940,14.3316,-0.0436,12686.5040,NA
parkey.exe,2536,0x1B07C054F10,DXGI,1,0,0,Composed: Flip,12721.0939,NA,13.85300000000000,13.88560000000000,0.12720000000000,0.78590000000000,20.7303,12707.3989,13.8222,13.6950,0.1272,0.6266,13.8543,5.6177,8.2366,7.0093,12707.3989,NA
parkey.exe,2536,0x1B07C054F10,DXGI,1,0,0,Composed: Flip,12734.9969,NA,13.90300000000000,20.84400000000000,0.11710000000000,0.94530000000000,27.6713,12721.2211,13.8929,13.7758,0.1171,0.6587,14.0624,5.7683,8.2941,-7.0218,12721.2211,NA
parkey.exe,2536,0x1B07C054F10,DXGI,1,0,0,Composed: Flip,12755.8678,NA,20.87090000000000,13.90110000000000,0.13520000000000,0.77100000000000,20.7015,12735.1140,20.8890,20.7538,0.1352,0.8282,20.6966,7.0785,13.6181,-0.0082,12735.1140,NA
parkey.exe,2536,0x1B07C054F10,DXGI,1,0,0,Composed: Flip,12769.7645,NA,13.89670000000000,20.83400000000000,0.14780000000000,1.07500000000000,27.6388,12756.0030,13.9093,13.7615,0.1478,0.6358,14.2007,5.9192,8.2815,0.0550,12756.0030,NA
parkey.exe,2536,0x1B07C054F10,DXGI,1,0,0,Composed: Flip,12790.6375,NA,20.87300000000000,13.88290000000000,0.18390000000000,0.80030000000000,20.6487,12769.9123,20.9091,20.7252,0.1839,0.9272,20.5983,6.7976,13.8007,0.0264,12769.9123,NA
parkey.exe,2536,0x1B07C054F10,DXGI,1,0,0,Composed: Flip,12804.4684,NA,13.83090000000000,13.90400000000000,0.14370000000000,0.78330000000000,20.7218,12790.8214,13.7907,13.6470,0.1437,0.6164,13.8139,5.6000,8.2139,7.0051,12790.8214,NA
parkey.exe,2536,0x1B07C054F10,DXGI,1,0,0,Composed: Flip,12818.3262,NA,13.85780000000000,20.82310000000000,0.11520000000000,0.91180000000000,27.6871,12804.6121,13.8293,13.7141,0.1152,0.6396,13.9863,5.7493,8.2370,-7.0324,12804.6121,NA
parkey.exe,2536,0x1B07C054F10,DXGI,1,0,0,Composed: Flip,12839.1851,NA,20.85890000000000,13.90230000000000,0.13270000000000,0.76230000000000,20.7305,12818.4414,20.8764,20.7437,0.1327,0.7966,20.7094,7.0512,13.6582,-0.0730,12818.4414,NA
parkey.exe,2536,0x1B07C054F10,DXGI,1,0,0,Composed: Flip,12853.0642,NA,13.87910000000000,20.82650000000000,0.11330000000000,0.81500000000000,27.6779,12839.3178,13.8597,13.7464,0.1133,0.6296,13.9318,5.6304,8.3014,0.0499,12839.3178,NA
parkey.exe,2536,0x1B07C054F10,DXGI,1,0,0,Composed: Flip,12873.9262,NA,20.86200000000000,13.88590000000000,0.13000000000000,0.75840000000000,20.7018,12853.1775,20.8787,20.7487,0.1300,0.7017,20.8054,6.7397,14.0657,-0.0262,12853.1775,NA
parkey.exe,2536,0x1B07C054F10,DXGI,1,0,0,Composed: Flip,12887.7866,NA,13.86040000000000,13.90070000000000,0.10850000000000,0.75810000000000,20.7421,12874.0562,13.8389,13.7304,0.1085,0.6284,13.8601,5.5877,8.2724,6.9780,12874.0562,NA
parkey.exe,2536,0x1B07C054F10,DXGI,1,0,0,Composed: Flip,12901.6987,NA,13.91210000000000,20.82440000000000,0.13800000000000,1.00340000000000,27.6544,12887.8951,13.9416,13.8036,0.1380,0.6496,14.1574,5.8533,8.3041,-6.9855,12887.8951,NA
parkey.exe,2536,0x1B07C054F10,DXGI,1,0,0,Composed: Flip,12922.5532,NA,20.85450000000000,13.88950000000000,0.13030000000000,0.78680000000000,20.6894,12901.8367,20.8468,20.7165,0.1303,0.8654,20.6379,7.1096,13.5283,0.0521,12901.8367,NA
parkey.exe,2536,0x1B07C054F10,DXGI,1,0,0,Composed: Flip,12936.4356,NA,13.88240000000000,20.83410000000000,0.15130000000000,0.68170000000000,27.6411,12922.6835,13.9034,13.7521,0.1513,0.6565,13.7773,5.5338,8.2435,0.0127,12922.6835,NA
parkey.exe,2536,0x1B07C054F10,DXGI,1,0,0,Composed: Flip,12957.2543,NA,20.81870000000000,13.89630000000000,0.15550000000000,0.76500000000000,20.7187,12936.5869,20.8229,20.6674,0.1555,0.5304,20.9020,6.7642,14.1378,0.0071,12936.5869,NA
parkey.exe,2536,0x1B07C054F10,DXGI,1,0,0,Composed: Flip,12971.1345,NA,13.88020000000000,13.91920000000000,0.10120000000000,0.76080000000000,20.7577,12957.4098,13.8259,13.7247,0.1012,0.6095,13.8760,5.6015,8.2745,6.9037,12957.4098,NA
parkey.exe,2536,0x1B07C054F10,DXGI,1,0,0,Composed: Flip,12985.0559,NA,13.92140000000000,20.81900000000000,0.11610000000000,0.78380000000000,27.6553,12971.2357,13.9363,13.8202,0.1161,0.6596,13.9444,5.6449,8.2995,-6.9931,12971.2357,NA
parkey.exe,2536,0x1B07C054F10,DXGI,1,0,0,Composed: Flip,13005.8867,NA,20.83080000000000,13.88970000000000,0.11420000000000,0.78370000000000,20.7142,12985.1720,20.8289,20.7147,0.1142,0.6677,20.8307,7.0212,13.8095,0.0466,12985.1720,NA
parkey.exe,2536,0x1B07C054F10,DXGI,1,0,0,Composed: Flip,13019.8175,NA,13.93080000000000,20.82560000000000,0.13400000000000,0.67110000000000,27.6090,13006.0009,13.9506,13.8166,0.1340,0.6695,13.8182,5.5370,8.2812,0.0033,13006.0009,NA
parkey.exe,2536,0x1B07C054F10,DXGI,1,0,0,Composed: Flip,13040.6170,NA,20.79950000000000,13.90020000000000,0.12740000000000,0.76600000000000,20.7097,13019.9515,20.7929,20.6655,0.1274,0.5371,20.8944,6.7519,14.1425,0.0504,13019.9515,NA
parkey.exe,2536,0x1B07C054F10,DXGI,1,0,0,Composed: Flip,13054.4774,NA,13.86040000000000,13.94390000000000,0.10410000000000,0.75750000000000,20.7932,13040.7444,13.8371,13.7330,0.1041,0.6386,13.8519,5.5885,8.2634,6.8490,13040.7444,NA
parkey.exe,2536,0x1B07C054F10,DXGI,1,0,0,Composed: Flip,13068.3393,NA,13.86190000000000,20.77550000000000,0.11310000000000,0.78350000000000,27.7068,13054.5815,13.8709,13.7578,0.1131,0.6534,13.8879,5.6170,8.2709,-6.9384,13054.5815,NA
parkey.exe,2536,0x1B07C054F10,DXGI,1,0,0,Composed: Flip,13089.2725,NA,20.93320000000000,13.90210000000000,0.16390000000000,0.75940000000000,20.6757,13068.4524,20.9840,20.8201,0.1639,0.6704,20.9091,6.9813,13.9278,-0.0312,13068.4524,NA
parkey.exe,2536,0x1B07C054F10,DXGI,1,0,0,Composed: Flip,13103.1298,NA,13.85730000000000,20.84180000000000,0.11700000000000,0.75850000000000,27.6602,13089.4364,13.8104,13.6934,0.1170,0.5955,13.8564,5.6123,8.2441,0.1422,13089.4364,NA
parkey.exe,2536,0x1B07C054F10,DXGI,1,0,0,Composed: Flip,13123.9816,NA,20.85180000000000,13.86760000000000,0.12610000000000,0.76880000000000,20.6760,13103.2468,20.8609,20.7348,0.1261,0.6415,20.8621,5.6137,15.2484,-0.0572,13103.2468,NA
parkey.exe,2536,0x1B07C054F10,DXGI,1,0,0,Composed: Flip,13137.8191,NA,13.83750000000000,13.92920000000000,0.10180000000000,0.76200000000000,20.7677,13124.1077,13.8132,13.7114,0.1018,0.6427,13.8307,5.5992,8.2315,6.9317,13124.1077,NA
parkey.exe,2536,0x1B07C054F10,DXGI,1,0,0,Composed: Flip,13151.7393,NA,13.92020000000000,20.82290000000000,0.70720000000000,0.81300000000000,27.6704,13137.9209,14.5256,13.8184,0.7072,0.6602,13.9712,5.6354,8.3358,-7.0097,13137.9209,NA
parkey.exe,2536,0x1B07C054F10,DXGI,1,0,0,Composed: Flip,13172.6164,NA,20.87710000000000,13.89080000000000,0.13520000000000,0.75480000000000,20.6841,13152.4465,20.3051,20.1699,0.1352,0.1058,20.8189,6.9288,13.8901,0.6348,13152.4465,NA
parkey.exe,2536,0x1B07C054F10,DXGI,1,0,0,Composed: Flip,13186.4719,NA,13.85550000000000,20.83140000000000,0.13340000000000,0.76430000000000,27.6600,13172.7516,13.8537,13.7203,0.1334,0.6196,13.8650,5.5934,8.2716,-0.5263,13172.7516,NA
parkey.exe,2536,0x1B07C054F10,DXGI,1,0,0,Composed: Flip,13207.3012,NA,20.82930000000000,13.89870000000000,0.14760000000000,0.78060000000000,20.7294,13186.6053,20.8435,20.6959,0.1476,0.6309,20.8456,6.7977,14.0479,-0.0450,13186.6053,NA
parkey.exe,2536,0x1B07C054F10,DXGI,1,0,0,Composed: Flip,13221.1897,NA,13.88850000000000,13.90390000000000,0.10850000000000,0.76700000000000,20.7448,13207.4488,13.8494,13.7409,0.1085,0.6330,13.8749,5.5877,8.2872,6.9396,13207.4488,NA
parkey.exe,2536,0x1B07C054F10,DXGI,1,0,0,Composed: Flip,13235.0682,NA,13.87850000000000,20.81600000000000,0.10860000000000,0.76820000000000,27.6823,13221.2982,13.8786,13.7700,0.1086,0.6585,13.8797,5.6184,8.2613,-6.9666,13221.2982,NA
parkey.exe,2536,0x1B07C054F10,DXGI,1,0,0,Composed: Flip,13255.9532,NA,20.88500000000000,13.91390000000000,0.13600000000000,0.76380000000000,20.7112,13235.1768,20.9124,20.7764,0.1360,0.6596,20.8806,7.2542,13.6264,-0.0353,13235.1768,NA
parkey.exe,2536,0x1B07C054F10,DXGI,1,0,0,Composed: Flip,13269.7948,NA,13.84160000000000,20.82620000000000,0.12620000000000,0.83810000000000,27.6958,13256.0892,13.8318,13.7056,0.1262,0.6278,13.9159,5.6974,8.2185,0.0862,13256.0892,NA
parkey.exe,2536,0x1B07C054F10,DXGI,1,0,0,Composed: Flip,13290.6886,NA,20.89380000000000,13.89190000000000,0.13110000000000,0.76440000000000,20.6939,13269.9210,20.8987,20.7676,0.1311,0.7119,20.8201,6.7993,14.0208,-0.0601,13269.9210,NA
parkey.exe,2536,0x1B07C054F10,DXGI,1,0,0,Composed: Flip,13304.5228,NA,13.83420000000000,13.92670000000000,0.10840000000000,0.77820000000000,20.7864,13290.8197,13.8115,13.7031,0.1084,0.6333,13.8480,5.6233,8.2247,6.9720,13290.8197,NA
parkey.exe,2536,0x1B07C054F10,DXGI,1,0,0,Composed: Flip,13318.4215,NA,13.89870000000000,20.79070000000000,0.11480000000000,0.77470000000000,27.6784,13304.6312,13.9051,13.7903,0.1148,0.6698,13.8952,5.6265,8.2687,-6.9792,13304.6312,NA
parkey.exe,2536,0x1B07C054F10,DXGI,1,0,0,Composed: Flip,13339.2943,NA,20.87280000000000,13.91430000000000,0.15520000000000,0.76330000000000,20.7199,13318.5363,20.9132,20.7580,0.1552,0.6599,20.8614,6.9292,13.9322,-0.0092,13318.5363,NA
parkey.exe,2536,0x1B07C054F10,DXGI,1,0,0,Composed: Flip,13353.1796,NA,13.88530000000000,20.82360000000000,0.12720000000000,0.75680000000000,27.6582,13339.4495,13.8573,13.7301,0.1272,0.6081,13.8788,5.6473,8.2315,0.0896,13339.4495,NA
parkey.exe,2536,0x1B07C054F10,DXGI,1,0,0,Composed: Flip,13374.0078,NA,20.82820000000000,13.88400000000000,0.12530000000000,0.76720000000000,20.7140,13353.3068,20.8263,20.7010,0.1253,0.6296,20.8386,6.7406,14.0980,-0.0267,13353.3068,NA
parkey.exe,2536,0x1B07C054F10,DXGI,1,0,0,Composed: Flip,13387.8689,NA,13.86110000000000,13.93260000000000,0.10640000000000,0.76510000000000,20.7855,13374.1331,13.8422,13.7358,0.1064,0.6419,13.8590,5.5927,8.2663,6.8937,13374.1331,NA
parkey.exe,2536,0x1B07C054F10,DXGI,1,0,0,Composed: Flip,13401.7624,NA,13.89350000000000,20.80630000000000,0.13370000000000,0.80650000000000,27.6983,13387.9753,13.9208,13.7871,0.1337,0.6587,13.9349,5.6450,8.2899,-6.9641,13387.9753,NA
parkey.exe,2536,0x1B07C054F10,DXGI,1,0,0,Composed: Flip,13422.6441,NA,20.88170000000000,13.90680000000000,0.12950000000000,0.78090000000000,20.7234,13401.8961,20.8775,20.7480,0.1295,0.6728,20.8561,7.0305,13.8256,0.0140,13401.8961,NA
parkey.exe,2536,0x1B07C054F10,DXGI,1,0,0,Composed: Flip,13436.5298,NA,13.88570000000000,20.82990000000000,0.12670000000000,0.76760000000000,27.6676,13422.7736,13.8829,13.7562,0.1267,0.6514,13.8724,5.5751,8.2973,0.0476,13422.7736,NA
parkey.exe,2536,0x1B07C054F10,DXGI,1,0,0,Composed: Flip,13457.4493,NA,20.91950000000000,20.76470000000000,0.16170000000000,0.75660000000000,27.5128,13436.6565,20.9545,20.7928,0.1617,0.6409,20.9085,6.7205,14.1880,-6.8818,13436.6565,NA
parkey.exe,2536,0x1B07C054F10,DXGI,1,0,0,Composed: Flip,13471.3500,NA,13.90070000000000,7.00280000000000,0.13360000000000,0.77520000000000,20.6149,13457.6110,13.8726,13.7390,0.1336,0.5949,13.9193,6.7720,7.1473,13.9517,13457.6110,NA
parkey.exe,2536,0x1B07C054F10,DXGI,1,0,0,Composed: Flip,13485.1025,NA,13.75250000000000,20.83220000000000,0.11280000000000,0.81490000000000,27.6946,13471.4836,13.7317,13.6189,0.1128,0.6416,13.7922,6.8020,6.9902,-6.9596,13471.4836,NA
parkey.exe,2536,0x1B07C054F10,DXGI,1,0,0,Composed: Flip,13505.9869,NA,20.88440000000000,13.90900000000000,0.13370000000000,0.78570000000000,20.7192,13485.2153,20.9053,20.7716,0.1337,0.7021,20.8552,6.9777,13.8775,-0.1773,13485.2153,NA
parkey.exe,2536,0x1B07C054F10,DXGI,1,0,0,Composed: Flip,13519.8555,NA,13.86860000000000,20.82920000000000,0.13800000000000,0.76330000000000,27.6798,13506.1206,13.8729,13.7349,0.1380,0.6520,13.8462,5.5983,8.2479,0.0761,13506.1206,NA
parkey.exe,2536,0x1B07C054F10,DXGI,1,0,0,Composed: Flip,13540.7012,NA,20.84570000000000,13.87740000000000,0.12450000000000,0.79150000000000,20.7115,13519.9935,20.8322,20.7077,0.1245,0.6253,20.8739,6.7760,14.0979,-0.0045,13519.9935,NA
parkey.exe,2536,0x1B07C054F10,DXGI,1,0,0,Composed: Flip,13554.5635,NA,13.86230000000000,13.90810000000000,0.10820000000000,0.76020000000000,20.7573,13540.8257,13.8460,13.7378,0.1082,0.6670,13.8310,5.5863,8.2447,6.9241,13540.8257,NA
parkey.exe,2536,0x1B07C054F10,DXGI,1,0,0,Composed: Flip,13568.4738,NA,13.91030000000000,20.82200000000000,0.11540000000000,0.80590000000000,27.6690,13554.6717,13.9175,13.8021,0.1154,0.6520,13.9560,5.6589,8.2971,-6.9760,13554.6717,NA
parkey.exe,2536,0x1B07C054F10,DXGI,1,0,0,Composed: Flip,13589.3328,NA,20.85900000000000,13.88230000000000,0.15980000000000,0.79560000000000,20.6923,13568.5892,20.9034,20.7436,0.1598,0.6905,20.8487,7.2213,13.6274,0.0352,13568.5892,NA
parkey.exe,2536,0x1B07C054F10,DXGI,1,0,0,Composed: Flip,13603.1983,NA,13.86550000000000,20.85300000000000,0.13050000000000,0.77800000000000,27.6798,13589.4926,13.8362,13.7057,0.1305,0.6358,13.8479,5.6097,8.2382,0.0504,13589.4926,NA
parkey.exe,2536,0x1B07C054F10,DXGI,1,0,0,Composed: Flip,13624.0606,NA,20.86230000000000,13.87940000000000,0.13630000000000,0.78310000000000,20.6969,13603.3288,20.8681,20.7318,0.1363,0.6475,20.8674,5.6478,15.2196,-0.0432,13603.3288,NA
parkey.exe,2536,0x1B07C054F10,DXGI,1,0,0,Composed: Flip,13637.9100,NA,13.84940000000000,13.91010000000000,0.10440000000000,0.76000000000000,20.7576,13624.1969,13.8175,13.7131,0.1044,0.6468,13.8263,5.5802,8.2461,6.9580,13624.1969,NA
parkey.exe,2536,0x1B07C054F10,DXGI,1,0,0,Composed: Flip,13651.8130,NA,13.90300000000000,20.84690000000000,0.13920000000000,0.79160000000000,27.7015,13638.0144,13.9378,13.7986,0.1392,0.6556,13.9346,5.6787,8.2559,-7.0294,13638.0144,NA
parkey.exe,2536,0x1B07C054F10,DXGI,1,0,0,Composed: Flip,13672.6840,NA,20.87100000000000,13.88330000000000,0.12340000000000,0.77910000000000,20.7138,13651.9522,20.8552,20.7318,0.1234,0.6524,20.8585,6.9691,13.8894,0.0545,13651.9522,NA
parkey.exe,2536,0x1B07C054F10,DXGI,1,0,0,Composed: Flip,13686.6151,NA,13.93110000000000,20.80390000000000,0.14680000000000,0.77280000000000,27.5866,13672.8074,13.9545,13.8077,0.1468,0.6557,13.9248,5.5779,8.3469,0.0513,13672.8074,NA
parkey.exe,2536,0x1B07C054F10,DXGI,1,0,0,Composed: Flip,13707.4186,NA,20.80350000000000,13.91050000000000,0.14600000000000,0.78980000000000,20.6936,13686.7619,20.8027,20.6567,0.1460,0.6260,20.8205,6.7426,14.0779,0.0440,13686.7619,NA
parkey.exe,2536,0x1B07C054F10,DXGI,1,0,0,Composed: Flip,13721.2844,NA,13.86580000000000,13.90780000000000,0.11590000000000,0.66950000000000,20.7356,13707.5646,13.8357,13.7198,0.1159,0.6438,13.7455,5.4821,8.2634,6.8949,13707.5646,NA
parkey.exe,2536,0x1B07C054F10,DXGI,1,0,0,Composed: Flip,13735.1585,NA,13.87410000000000,20.82070000000000,0.11710000000000,0.78590000000000,27.6822,13721.4003,13.8753,13.7582,0.1171,0.5536,13.9905,5.6055,8.3850,-6.9850,13721.4003,NA
parkey.exe,2536,0x1B07C054F10,DXGI,1,0,0,Composed: Flip,13756.0376,NA,20.87910000000000,13.90600000000000,0.13310000000000,0.76570000000000,20.7091,13735.2756,20.8951,20.7620,0.1331,0.6688,20.8589,6.9952,13.8637,-0.0307,13735.2756,NA
parkey.exe,2536,0x1B07C054F10,DXGI,1,0,0,Composed: Flip,13769.9627,NA,13.92510000000000,20.82260000000000,0.15400000000000,0.77780000000000,27.6066,13756.1707,13.9460,13.7920,0.1540,0.6326,13.9372,5.5874,8.3498,0.0725,13756.1707,NA
parkey.exe,2536,0x1B07C054F10,DXGI,1,0,0,Composed: Flip,13790.7622,NA,20.79950000000000,13.89280000000000,0.13170000000000,0.77420000000000,20.6999,13770.1167,20.7772,20.6455,0.1317,0.6238,20.7959,6.7834,14.0125,0.0532,13770.1167,NA
parkey.exe,2536,0x1B07C054F10,DXGI,1,0,0,Composed: Flip,13804.6130,NA,13.85080000000000,20.84280000000000,0.11230000000000,0.77740000000000,27.6919,13790.8939,13.8314,13.7191,0.1123,0.6425,13.8540,5.6089,8.2451,-0.0656,13790.8939,NA
parkey.exe,2536,0x1B07C054F10,DXGI,1,0,0,Composed: Flip,13825.4682,NA,20.85520000000000,13.88410000000000,0.12370000000000,0.78900000000000,20.7208,13804.7253,20.8666,20.7429,0.1237,0.6651,20.8668,5.6257,15.2411,-0.0527,13804.7253,NA
parkey.exe,2536,0x1B07C054F10,DXGI,1,0,0,Composed: Flip,13839.3722,NA,13.90400000000000,13.88530000000000,0.15530000000000,0.76900000000000,20.7021,13825.5919,13.9356,13.7803,0.1553,0.6653,13.8840,5.6112,8.2728,6.9813,13825.5919,NA
parkey.exe,2536,0x1B07C054F10,DXGI,1,0,0,Composed: Flip,13853.2829,NA,13.91070000000000,20.83300000000000,0.12290000000000,0.77790000000000,27.6244,13839.5275,13.8783,13.7554,0.1229,0.6137,13.9196,5.6041,8.3155,-6.8974,13839.5275,NA
parkey.exe,2536,0x1B07C054F10,DXGI,1,0,0,Composed: Flip,13874.0854,NA,20.80250000000000,13.90000000000000,0.12500000000000,0.76270000000000,20.7219,13853.4058,20.8046,20.6796,0.1250,0.6550,20.7873,6.7290,14.0583,-0.0217,13853.4058,NA
parkey.exe,2536,0x1B07C054F10,DXGI,1,0,0,Composed: Flip,13887.9638,NA,13.87840000000000,20.83510000000000,0.10830000000000,0.79420000000000,27.6786,13874.2104,13.8617,13.7534,0.1083,0.6377,13.9099,5.6181,8.2918,-0.0305,13874.2104,NA
parkey.exe,2536,0x1B07C054F10,DXGI,1,0,0,Composed: Flip,13908.8464,NA,20.88260000000000,13.89670000000000,0.15870000000000,0.77890000000000,20.6927,13888.0721,20.9330,20.7743,0.1587,0.6859,20.8673,5.6791,15.1882,-0.0350,13888.0721,NA
parkey.exe,2536,0x1B07C054F10,DXGI,1,0,0,Composed: Flip,13922.7148,NA,13.86840000000000,13.89500000000000,0.12000000000000,0.77380000000000,20.7193,13909.0051,13.8297,13.7097,0.1200,0.6202,13.8633,5.6147,8.2486,7.0380,13909.0051,NA
parkey.exe,2536,0x1B07C054F10,DXGI,1,0,0,Composed: Flip,13936.7383,NA,14.02350000000000,20.82720000000000,0.13600000000000,0.77000000000000,27.5230,13922.8348,14.0395,13.9035,0.1360,0.6538,14.0197,5.6420,8.3777,-6.9975,13922.8348,NA
parkey.exe,2536,0x1B07C054F10,DXGI,1,0,0,Composed: Flip,13957.4433,NA,20.70500000000000,13.89380000000000,0.12130000000000,0.76100000000000,20.7118,13936.8743,20.6903,20.5690,0.1213,0.6340,20.6960,6.7542,13.9418,0.1457,13936.8743,NA
parkey.exe,2536,0x1B07C054F10,DXGI,1,0,0,Composed: Flip,13971.3307,NA,13.88740000000000,20.85070000000000,0.12370000000000,0.66140000000000,27.6751,13957.5646,13.8898,13.7661,0.1237,0.6397,13.7878,5.4976,8.2902,-0.1604,13957.5646,NA
parkey.exe,2536,0x1B07C054F10,DXGI,1,0,0,Composed: Flip,13992.1665,NA,20.83580000000000,13.87350000000000,0.12680000000000,0.76060000000000,20.7128,13971.4544,20.8389,20.7121,0.1268,0.5377,20.9350,5.6103,15.3247,0.0163,13971.4544,NA
parkey.exe,2536,0x1B07C054F10,DXGI,1,0,0,Composed: Flip,14006.0515,NA,13.88500000000000,13.89910000000000,0.12320000000000,0.78890000000000,20.7269,13992.2933,13.8814,13.7582,0.1232,0.6338,13.9133,5.6416,8.2717,6.9398,13992.2933,NA
parkey.exe,2536,0x1B07C054F10,DXGI,1,0,0,Composed: Flip,14019.9832,NA,13.93170000000000,20.84430000000000,0.13320000000000,0.65480000000000,27.6395,14006.1747,13.9417,13.8085,0.1332,0.6657,13.7976,5.4836,8.3140,-6.9629,14006.1747,NA
parkey.exe,2536,0x1B07C054F10,DXGI,1,0,0,Composed: Flip,14040.8392,NA,20.85600000000000,13.87480000000000,0.17440000000000,0.79580000000000,20.6583,14020.1164,20.8972,20.7228,0.1744,0.5216,20.9970,7.0105,13.9865,0.0669,14020.1164,NA
parkey.exe,2536,0x1B07C054F10,DXGI,1,0,0,Composed: Flip,14054.7118,NA,13.87260000000000,20.84900000000000,0.12730000000000,0.66800000000000,27.6347,14041.0136,13.8255,13.6982,0.1273,0.6214,13.7448,5.5143,8.2305,0.0482,14041.0136,NA
parkey.exe,2536,0x1B07C054F10,DXGI,1,0,0,Composed: Flip,14075.5751,NA,20.86330000000000,13.91440000000000,0.14690000000000,0.75670000000000,20.6858,14054.8391,20.8829,20.7360,0.1469,0.5407,20.9520,6.7628,14.1892,-0.0889,14054.8391,NA
parkey.exe,2536,0x1B07C054F10,DXGI,1,0,0,Composed: Flip,14089.3920,NA,13.81690000000000,13.85400000000000,0.12340000000000,0.76360000000000,20.7229,14075.7220,13.7934,13.6700,0.1234,0.6098,13.8238,5.5928,8.2310,7.0289,14075.7220,NA
parkey.exe,2536,0x1B07C054F10,DXGI,1,0,0,Composed: Flip,14103.3784,NA,13.98640000000000,20.87250000000000,0.17380000000000,0.66740000000000,27.6090,14089.5154,14.0368,13.8630,0.1738,0.6402,13.8902,5.4973,8.3929,-7.0791,14089.5154,NA
parkey.exe,2536,0x1B07C054F10,DXGI,1,0,0,Composed: Flip,14124.2204,NA,20.84200000000000,14.04230000000000,0.14260000000000,0.78070000000000,20.8093,14103.5522,20.8108,20.6682,0.1426,0.4936,20.9553,5.6244,15.3309,-0.0055,14103.5522,NA
parkey.exe,2536,0x1B07C054F10,DXGI,1,0,0,Composed: Flip,14138.0539,NA,13.83350000000000,20.65820000000000,0.17650000000000,0.76620000000000,27.6340,14124.3630,13.8674,13.6909,0.1765,0.6381,13.8190,5.6006,8.2184,0.1526,14124.3630,NA
parkey.exe,2536,0x1B07C054F10,DXGI,1,0,0,Composed: Flip,14158.8970,NA,20.84310000000000,13.89340000000000,0.16160000000000,0.76750000000000,20.6843,14138.2304,20.8282,20.6666,0.1616,0.5897,20.8444,6.9782,13.8662,-0.0260,14138.2304,NA
parkey.exe,2536,0x1B07C054F10,DXGI,1,0,0,Composed: Flip,14172.7666,NA,13.86960000000000,13.88680000000000,0.12940000000000,0.77380000000000,20.7015,14159.0586,13.8374,13.7080,0.1294,0.6059,13.8759,5.6239,8.2520,6.9414,14159.0586,NA
parkey.exe,2536,0x1B07C054F10,DXGI,1,0,0,Composed: Flip,14186.7470,NA,13.98040000000000,20.86540000000000,0.16440000000000,0.65950000000000,27.5865,14172.8960,14.0154,13.8510,0.1644,0.6444,13.8661,5.4732,8.3929,-7.0280,14172.8960,NA
parkey.exe,2536,0x1B07C054F10,DXGI,1,0,0,Composed: Flip,14207.5161,NA,20.76910000000000,13.86570000000000,0.14950000000000,0.76400000000000,20.6831,14186.9114,20.7542,20.6047,0.1495,0.4951,20.8736,6.9544,13.9192,0.1497,14186.9114,NA
parkey.exe,2536,0x1B07C054F10,DXGI,1,0,0,Composed: Flip,14221.3829,NA,13.86680000000000,20.86240000000000,0.15160000000000,0.74310000000000,27.6787,14207.6656,13.8689,13.7173,0.1516,0.6145,13.8459,5.5564,8.2895,-0.1082,14207.6656,NA
parkey.exe,2536,0x1B07C054F10,DXGI,1,0,0,Composed: Flip,14242.2679,NA,20.88500000000000,13.86720000000000,0.13870000000000,0.78370000000000,20.6609,14221.5345,20.8721,20.7334,0.1387,0.5915,20.9256,6.7559,14.1697,0.0017,14221.5345,NA
parkey.exe,2536,0x1B07C054F10,DXGI,1,0,0,Composed: Flip,14256.1158,NA,13.84790000000000,13.89460000000000,0.11710000000000,0.76520000000000,20.7076,14242.4066,13.8263,13.7092,0.1171,0.6450,13.8294,5.5690,8.2604,6.9775,14242.4066,NA
parkey.exe,2536,0x1B07C054F10,DXGI,1,0,0,Composed: Flip,14270.0116,NA,13.89580000000000,20.83430000000000,0.23570000000000,0.70620000000000,27.6461,14256.2329,14.0144,13.7787,0.2357,0.6481,13.8368,5.5617,8.2751,-7.0080,14256.2329,NA
parkey.exe,2536,0x1B07C054F10,DXGI,1,0,0,Composed: Flip,14290.8594,NA,20.84780000000000,13.91640000000000,0.15260000000000,0.76850000000000,20.7147,14270.2473,20.7647,20.6121,0.1526,0.4705,20.9101,6.9401,13.9700,0.0980,14270.2473,NA
parkey.exe,2536,0x1B07C054F10,DXGI,1,0,0,Composed: Flip,14304.7526,NA,13.89320000000000,20.81060000000000,0.11590000000000,0.77890000000000,27.6321,14291.0120,13.8565,13.7406,0.1159,0.6159,13.9036,5.6277,8.2759,-0.0459,14291.0120,NA
parkey.exe,2536,0x1B07C054F10,DXGI,1,0,0,Composed: Flip,14325.5849,NA,20.83230000000000,13.89820000000000,0.12460000000000,0.78560000000000,20.6980,14304.8685,20.8410,20.7164,0.1246,0.6630,20.8390,5.6220,15.2170,-0.0417,14304.8685,NA
parkey.exe,2536,0x1B07C054F10,DXGI,1,0,0,Composed: Flip,14339.4554,NA,13.87050000000000,13.89930000000000,0.12750000000000,0.75780000000000,20.7268,14325.7095,13.8734,13.7459,0.1275,0.6610,13.8427,5.5852,8.2575,6.9417,14325.7095,NA
parkey.exe,2536,0x1B07C054F10,DXGI,1,0,0,Composed: Flip,14353.3589,NA,13.90350000000000,20.82160000000000,0.17840000000000,0.69860000000000,27.6449,14339.5829,13.9544,13.7760,0.1784,0.6303,13.8443,5.5328,8.3115,-6.9482,14339.5829,NA
parkey.exe,2536,0x1B07C054F10,DXGI,1,0,0,Composed: Flip,14374.1806,NA,20.82170000000000,13.90650000000000,0.14100000000000,0.75940000000000,20.7297,14353.5373,20.7843,20.6433,0.1410,0.5202,20.8825,6.7617,14.1208,0.0479,14353.5373,NA
parkey.exe,2536,0x1B07C054F10,DXGI,1,0,0,Composed: Flip,14388.0589,NA,13.87830000000000,20.82120000000000,0.10710000000000,0.79990000000000,27.6726,14374.3216,13.8444,13.7373,0.1071,0.6184,13.9188,5.6230,8.2958,-0.0369,14374.3216,NA
parkey.exe,2536,0x1B07C054F10,DXGI,1,0,0,Composed: Flip,14408.9258,NA,20.86690000000000,13.90190000000000,0.15850000000000,0.78380000000000,20.7076,14388.1660,20.9183,20.7598,0.1585,0.6928,20.8508,6.7804,14.0704,-0.0575,14388.1660,NA
parkey.exe,2536,0x1B07C054F10,DXGI,1,0,0,Composed: Flip,14422.7961,NA,13.87030000000000,13.90510000000000,0.11030000000000,0.78450000000000,20.7424,14409.0843,13.8221,13.7118,0.1103,0.6253,13.8710,5.6077,8.2633,7.0132,14409.0843,NA
parkey.exe,2536,0x1B07C054F10,DXGI,1,0,0,Composed: Flip,14436.7551,NA,13.95900000000000,20.81440000000000,0.20980000000000,0.73480000000000,27.5978,14422.9064,14.0585,13.8487,0.2098,0.6742,13.9093,5.6078,8.3015,-6.9923,14422.9064,NA
parkey.exe,2536,0x1B07C054F10,DXGI,1,0,0,Composed: Flip,14457.5586,NA,20.80350000000000,13.89080000000000,0.12960000000000,0.39650000000000,20.6851,14436.9649,20.7233,20.5937,0.1296,0.5250,20.4652,6.4506,14.0146,0.1677,14436.9649,NA
parkey.exe,2536,0x1B07C054F10,DXGI,1,0,0,Composed: Flip,14471.4340,NA,13.87540000000000,20.83410000000000,0.16030000000000,0.92970000000000,27.6438,14457.6882,13.9061,13.7458,0.1603,0.2996,14.3759,6.5436,7.8323,-0.1108,14457.6882,NA
parkey.exe,2536,0x1B07C054F10,DXGI,1,0,0,Composed: Flip,14492.2643,NA,20.83030000000000,13.89060000000000,0.12710000000000,0.76830000000000,20.7041,14471.5943,20.7971,20.6700,0.1271,0.7694,20.6689,7.2321,13.4368,0.0155,14471.5943,NA
parkey.exe,2536,0x1B07C054F10,DXGI,1,0,0,Composed: Flip,14506.1530,NA,13.88870000000000,13.90980000000000,0.12980000000000,0.78780000000000,20.7252,14492.3914,13.8914,13.7616,0.1298,0.6412,13.9082,5.6675,8.2407,6.8873,14492.3914,NA
parkey.exe,2536,0x1B07C054F10,DXGI,1,0,0,Composed: Flip,14520.0363,NA,13.88330000000000,20.81450000000000,0.12930000000000,0.81790000000000,27.6564,14506.2828,13.8828,13.7535,0.1293,0.6580,13.9134,5.6495,8.2639,-6.9231,14506.2828,NA
parkey.exe,2536,0x1B07C054F10,DXGI,1,0,0,Composed: Flip,14540.8914,NA,20.85510000000000,13.91360000000000,0.15920000000000,0.78150000000000,20.7149,14520.1656,20.8850,20.7258,0.1592,0.6886,20.8187,6.9569,13.8618,-0.0308,14520.1656,NA
parkey.exe,2536,0x1B07C054F10,DXGI,1,0,0,Composed: Flip,14554.7588,NA,13.86740000000000,20.83320000000000,0.10770000000000,0.83620000000000,27.6807,14541.0506,13.8159,13.7082,0.1077,0.6223,13.9221,5.6752,8.2469,0.0518,14541.0506,NA
parkey.exe,2536,0x1B07C054F10,DXGI,1,0,0,Composed: Flip,14575.6203,NA,20.86150000000000,13.86890000000000,0.13120000000000,0.76550000000000,20.6881,14554.8665,20.8850,20.7538,0.1312,0.7285,20.7908,6.7820,14.0088,-0.0530,14554.8665,NA
parkey.exe,2536,0x1B07C054F10,DXGI,1,0,0,Composed: Flip,14589.4871,NA,13.86680000000000,13.91360000000000,0.11980000000000,0.75920000000000,20.7349,14575.7515,13.8554,13.7356,0.1198,0.6343,13.8605,5.5611,8.2994,6.9714,14575.7515,NA
parkey.exe,2536,0x1B07C054F10,DXGI,1,0,0,Composed: Flip,14603.3755,NA,13.88840000000000,20.81220000000000,0.16090000000000,0.91900000000000,27.6587,14589.6069,13.9295,13.7686,0.1609,0.6394,14.0482,5.7898,8.2584,-6.9568,14589.6069,NA
parkey.exe,2536,0x1B07C054F10,DXGI,1,0,0,Composed: Flip,14624.2321,NA,20.85660000000000,13.90540000000000,0.11660000000000,0.77990000000000,20.7075,14603.5364,20.8123,20.6957,0.1166,0.7581,20.7175,6.9419,13.7756,0.0241,14603.5364,NA
parkey.exe,2536,0x1B07C054F10,DXGI,1,0,0,Composed: Flip,14638.1154,NA,13.88330000000000,20.82570000000000,0.10580000000000,0.83750000000000,27.6499,14624.3487,13.8725,13.7667,0.1058,0.6633,13.9409,5.6807,8.2602,-0.0134,14624.3487,NA
parkey.exe,2536,0x1B07C054F10,DXGI,1,0,0,Composed: Flip,14658.9914,NA,20.87600000000000,13.90010000000000,0.15720000000000,0.76130000000000,20.6740,14638.2212,20.9274,20.7702,0.1572,0.7317,20.7998,6.7863,14.0135,-0.0276,14638.2212,NA
parkey.exe,2536,0x1B07C054F10,DXGI,1,0,0,Composed: Flip,14672.8243,NA,13.83290000000000,13.90960000000000,0.10610000000000,0.76310000000000,20.7507,14659.1486,13.7818,13.6757,0.1061,0.6041,13.8347,5.5969,8.2378,7.0178,14659.1486,NA
parkey.exe,2536,0x1B07C054F10,DXGI,1,0,0,Composed: Flip,14686.7161,NA,13.89180000000000,20.82540000000000,0.11430000000000,0.99450000000000,27.6843,14672.9304,13.9000,13.7857,0.1143,0.6570,14.1232,5.8146,8.3086,-7.0436,14672.9304,NA
parkey.exe,2536,0x1B07C054F10,DXGI,1,0,0,Composed: Flip,14707.6103,NA,20.89420000000000,13.90630000000000,0.13180000000000,0.78730000000000,20.6964,14686.8304,20.9117,20.7799,0.1318,0.8802,20.6870,6.9236,13.7634,-0.0063,14686.8304,NA
parkey.exe,2536,0x1B07C054F10,DXGI,1,0,0,Composed: Flip,14721.4733,NA,13.86300000000000,20.82580000000000,0.14880000000000,0.80380000000000,27.6592,14707.7421,13.8800,13.7312,0.1488,0.6555,13.8795,5.6475,8.2320,0.0859,14707.7421,NA
parkey.exe,2536,0x1B07C054F10,DXGI,1,0,0,Composed: Flip,14742.3236,NA,20.85030000000000,13.88750000000000,0.13360000000000,0.78880000000000,20.6964,14721.6221,20.8351,20.7015,0.1336,0.6550,20.8353,6.8208,14.0145,-0.0075,14721.6221,NA
parkey.exe,2536,0x1B07C054F10,DXGI,1,0,0,Composed: Flip,14756.1960,NA,13.87240000000000,13.87800000000000,0.13040000000000,0.76170000000000,20.7020,14742.4572,13.8692,13.7388,0.1304,0.6552,13.8453,5.6261,8.2192,6.9571,14742.4572,NA
parkey.exe,2536,0x1B07C054F10,DXGI,1,0,0,Composed: Flip,14770.1443,NA,13.94830000000000,20.85430000000000,0.15000000000000,1.01960000000000,27.6080,14756.3264,13.9679,13.8179,0.1500,0.6313,14.2062,5.8683,8.3379,-6.9851,14756.3264,NA
parkey.exe,2536,0x1B07C054F10,DXGI,1,0,0,Composed: Flip,14790.9606,NA,20.81630000000000,13.88520000000000,0.16790000000000,0.76530000000000,20.6769,14770.2943,20.8342,20.6663,0.1679,0.8696,20.5620,7.0279,13.5341,0.0827,14770.2943,NA
parkey.exe,2536,0x1B07C054F10,DXGI,1,0,0,Composed: Flip,14804.8154,NA,13.85480000000000,20.83650000000000,0.11920000000000,0.77660000000000,27.6586,14791.1285,13.8061,13.6869,0.1192,0.5974,13.8661,5.5940,8.2721,-0.0023,14791.1285,NA
parkey.exe,2536,0x1B07C054F10,DXGI,1,0,0,Composed: Flip,14825.7182,NA,20.90280000000000,13.88680000000000,0.13200000000000,0.78420000000000,20.6426,14804.9346,20.9156,20.7836,0.1320,0.6574,20.9104,5.6177,15.2927,-0.0807,14804.9346,NA
parkey.exe,2536,0x1B07C054F10,DXGI,1,0,0,Composed: Flip,14839.5242,NA,13.80600000000000,13.91750000000000,0.10620000000000,0.77120000000000,20.7541,14825.8502,13.7802,13.6740,0.1062,0.6522,13.7930,5.5995,8.1935,6.9981,14825.8502,NA
parkey.exe,2536,0x1B07C054F10,DXGI,1,0,0,Composed: Flip,14853.4694,NA,13.94520000000000,20.81370000000000,0.15880000000000,0.91160000000000,27.6226,14839.6304,13.9978,13.8390,0.1588,0.6650,14.0856,5.7218,8.3638,-7.0335,14839.6304,NA
parkey.exe,2536,0x1B07C054F10,DXGI,1,0,0,Composed: Flip,14874.2793,NA,20.80990000000000,13.88290000000000,0.13620000000000,0.76060000000000,20.6956,14853.6282,20.7873,20.6511,0.1362,0.7528,20.6589,7.0092,13.6497,0.1149,14853.6282,NA
parkey.exe,2536,0x1B07C054F10,DXGI,1,0,0,Composed: Flip,14888.2149,NA,13.93560000000000,20.85070000000000,0.25950000000000,0.81570000000000,27.6107,14874.4155,14.0589,13.7994,0.2595,0.6244,13.9907,5.6415,8.3492,-0.0634,14874.4155,NA
parkey.exe,2536,0x1B07C054F10,DXGI,1,0,0,Composed: Flip,14909.0316,NA,20.81670000000000,13.88130000000000,0.17410000000000,0.76390000000000,20.6753,14888.4744,20.7313,20.5572,0.1741,0.5562,20.7649,6.7584,14.0065,0.1776,14888.4744,NA
parkey.exe,2536,0x1B07C054F10,DXGI,1,0,0,Composed: Flip,14922.8905,NA,13.85890000000000,13.89950000000000,0.10970000000000,0.75940000000000,20.7159,14909.2057,13.7945,13.6848,0.1097,0.5898,13.8544,5.5996,8.2548,6.8318,14909.2057,NA
parkey.exe,2536,0x1B07C054F10,DXGI,1,0,0,Composed: Flip,14936.7704,NA,13.87990000000000,20.83850000000000,0.13250000000000,1.00700000000000,27.6745,14923.0002,13.9027,13.7702,0.1325,0.6497,14.1275,5.8379,8.2896,-7.0440,14923.0002,NA
parkey.exe,2536,0x1B07C054F10,DXGI,1,0,0,Composed: Flip,14957.6333,NA,20.86290000000000,13.90030000000000,0.12350000000000,0.76070000000000,20.7119,14936.9029,20.8539,20.7304,0.1235,0.8745,20.6166,7.1168,13.4998,0.0024,14936.9029,NA
parkey.exe,2536,0x1B07C054F10,DXGI,1,0,0,Composed: Flip,14971.5482,NA,13.91490000000000,20.81790000000000,0.14060000000000,0.75910000000000,27.6149,14957.7568,13.9320,13.7914,0.1406,0.6372,13.9133,5.6245,8.2888,0.0360,14957.7568,NA
parkey.exe,2536,0x1B07C054F10,DXGI,1,0,0,Composed: Flip,14992.3471,NA,20.79890000000000,13.90590000000000,0.12800000000000,0.76740000000000,20.7219,14971.6888,20.7863,20.6583,0.1280,0.6185,20.8072,6.7539,14.0533,0.0261,14971.6888,NA
parkey.exe,2536,0x1B07C054F10,DXGI,1,0,0,Composed: Flip,15006.2270,NA,13.87990000000000,13.88250000000000,0.11780000000000,0.76360000000000,20.7245,14992.4751,13.8697,13.7519,0.1178,0.6394,13.8761,5.5903,8.2858,6.9038,14992.4751,NA
parkey.exe,2536,0x1B07C054F10,DXGI,1,0,0,Composed: Flip,15020.3177,NA,14.09070000000000,20.83950000000000,0.12660000000000,0.83370000000000,27.4733,15006.3448,14.0995,13.9729,0.1266,0.6458,14.1608,5.4611,8.6997,-6.9698,15006.3448,NA
parkey.exe,2536,0x1B07C054F10,DXGI,1,0,0,Composed: Flip,15040.9835,NA,20.66580000000000,13.88160000000000,0.15500000000000,0.75950000000000,20.6891,15020.4443,20.6942,20.5392,0.1550,0.7071,20.5916,7.0692,13.5224,0.2179,15020.4443,NA
parkey.exe,2536,0x1B07C054F10,DXGI,1,0,0,Composed: Flip,15054.8327,NA,13.84920000000000,20.84990000000000,0.10670000000000,0.81850000000000,27.6898,15041.1385,13.8009,13.6942,0.1067,0.6045,13.9082,5.6659,8.2423,-0.1557,15041.1385,NA
parkey.exe,2536,0x1B07C054F10,DXGI,1,0,0,Composed: Flip,15075.8058,NA,20.97310000000000,13.88810000000000,0.14660000000000,0.76350000000000,20.6048,15054.9394,21.0130,20.8664,0.1466,0.7118,20.9181,6.9498,13.9683,-0.0872,15054.9394,NA
parkey.exe,2536,0x1B07C054F10,DXGI,1,0,0,Composed: Flip,15089.5517,NA,13.74590000000000,13.91810000000000,0.12120000000000,0.75810000000000,20.7770,15075.9524,13.7205,13.5993,0.1212,0.6169,13.7405,5.6014,8.1391,7.0949,15075.9524,NA
parkey.exe,2536,0x1B07C054F10,DXGI,1,0,0,Composed: Flip,15103.4571,NA,13.90540000000000,20.79460000000000,0.14380000000000,0.81560000000000,27.6662,15089.6729,13.9280,13.7842,0.1438,0.6369,13.9629,5.6282,8.3347,-7.0741,15089.6729,NA
parkey.exe,2536,0x1B07C054F10,DXGI,1,0,0,Composed: Flip,15124.3410,NA,20.88390000000000,13.91710000000000,0.13530000000000,0.78990000000000,20.6994,15103.6009,20.8754,20.7401,0.1353,0.6718,20.8582,7.0510,13.8072,0.0109,15103.6009,NA
parkey.exe,2536,0x1B07C054F10,DXGI,1,0,0,Composed: Flip,15138.1935,NA,13.85250000000000,20.83210000000000,0.12810000000000,0.92160000000000,27.6790,15124.4763,13.8453,13.7172,0.1281,0.6546,13.9842,5.7463,8.2379,0.0433,15124.4763,NA
parkey.exe,2536,0x1B07C054F10,DXGI,1,0,0,Composed: Flip,15159.0483,NA,20.85480000000000,13.88610000000000,0.14580000000000,0.77460000000000,20.7103,15138.3216,20.8725,20.7267,0.1458,0.7935,20.7078,7.0366,13.6712,-0.0408,15138.3216,NA
parkey.exe,2536,0x1B07C054F10,DXGI,1,0,0,Composed: Flip,15172.9136,NA,13.86530000000000,13.89200000000000,0.10900000000000,0.76590000000000,20.7370,15159.1941,13.8285,13.7195,0.1090,0.6288,13.8566,5.5834,8.2732,6.9805,15159.1941,NA
parkey.exe,2536,0x1B07C054F10,DXGI,1,0,0,Composed: Flip,15186.8464,NA,13.93280000000000,20.83320000000000,0.11370000000000,0.78450000000000,27.6374,15173.0226,13.9375,13.8238,0.1137,0.6569,13.9514,5.6434,8.3080,-7.0047,15173.0226,NA
parkey.exe,2536,0x1B07C054F10,DXGI,1,0,0,Composed: Flip,15207.6828,NA,20.83640000000000,13.90810000000000,0.13710000000000,0.79650000000000,20.7091,15186.9601,20.8598,20.7227,0.1371,0.6708,20.8484,7.1064,13.7420,0.0294,15186.9601,NA
parkey.exe,2536,0x1B07C054F10,DXGI,1,0,0,Composed: Flip,15221.6142,NA,13.93140000000000,20.82630000000000,0.15760000000000,0.77310000000000,27.6040,15207.8199,13.9519,13.7943,0.1576,0.6594,13.9080,5.6079,8.3001,0.0335,15207.8199,NA
parkey.exe,2536,0x1B07C054F10,DXGI,1,0,0,Composed: Flip,15242.4011,NA,20.78690000000000,13.89050000000000,0.13030000000000,0.78790000000000,20.7076,15221.7718,20.7596,20.6293,0.1303,0.6155,20.8017,6.7949,14.0068,0.0614,15221.7718,NA
parkey.exe,2536,0x1B07C054F10,DXGI,1,0,0,Composed: Flip,15256.2949,NA,13.89380000000000,13.89640000000000,0.11610000000000,0.76240000000000,20.7102,15242.5314,13.8796,13.7635,0.1161,0.6576,13.8683,5.5967,8.2716,6.8632,15242.5314,NA
parkey.exe,2536,0x1B07C054F10,DXGI,1,0,0,Composed: Flip,15270.1523,NA,13.85740000000000,20.82980000000000,0.16960000000000,0.78630000000000,27.6826,15256.4110,13.9109,13.7413,0.1696,0.6463,13.8813,5.6309,8.2504,-6.9502,15256.4110,NA
parkey.exe,2536,0x1B07C054F10,DXGI,1,0,0,Composed: Flip,15291.0441,NA,20.89180000000000,13.89010000000000,0.14780000000000,0.76810000000000,20.6809,15270.3219,20.8700,20.7222,0.1478,0.6167,20.8736,7.0169,13.8567,0.0208,15270.3219,NA
parkey.exe,2536,0x1B07C054F10,DXGI,1,0,0,Composed: Flip,15304.9201,NA,13.87600000000000,20.82300000000000,0.14110000000000,0.76450000000000,27.6279,15291.1919,13.8693,13.7282,0.1411,0.6203,13.8724,5.6086,8.2638,0.0470,15291.1919,NA
parkey.exe,2536,0x1B07C054F10,DXGI,1,0,0,Composed: Flip,15325.7698,NA,20.84970000000000,13.91880000000000,0.13780000000000,0.78510000000000,20.6970,15305.0612,20.8464,20.7086,0.1378,0.6234,20.8703,5.6262,15.2441,-0.0495,15305.0612,NA
parkey.exe,2536,0x1B07C054F10,DXGI,1,0,0,Composed: Flip,15339.6178,NA,13.84800000000000,13.89420000000000,0.11130000000000,0.76320000000000,20.7432,15325.9076,13.8215,13.7102,0.1113,0.6473,13.8261,5.6161,8.2100,6.9522,15325.9076,NA
parkey.exe,2536,0x1B07C054F10,DXGI,1,0,0,Composed: Flip,15353.4861,NA,13.86830000000000,20.81980000000000,0.16030000000000,0.76600000000000,27.6947,15339.7291,13.9173,13.7570,0.1603,0.6519,13.8711,5.5813,8.2898,-6.9983,15339.7291,NA
parkey.exe,2536,0x1B07C054F10,DXGI,1,0,0,Composed: Flip,15374.3699,NA,20.88380000000000,13.90340000000000,0.13060000000000,0.77070000000000,20.7143,15353.6464,20.8541,20.7235,0.1306,0.6057,20.8885,7.0681,13.8204,0.0139,15353.6464,NA
parkey.exe,2536,0x1B07C054F10,DXGI,1,0,0,Composed: Flip,15388.2354,NA,13.86550000000000,20.85220000000000,0.11350000000000,0.77470000000000,27.7010,15374.5005,13.8484,13.7349,0.1135,0.6401,13.8695,5.6034,8.2661,0.0019,15374.5005,NA
parkey.exe,2536,0x1B07C054F10,DXGI,1,0,0,Composed: Flip,15409.1529,NA,20.91750000000000,13.86370000000000,0.18530000000000,0.76360000000000,20.6472,15388.3489,20.9893,20.8040,0.1853,0.6612,20.9064,6.7861,14.1203,-0.0153,15388.3489,NA
parkey.exe,2536,0x1B07C054F10,DXGI,1,0,0,Composed: Flip,15423.0290,NA,13.87610000000000,13.91110000000000,0.13330000000000,0.82230000000000,20.6822,15409.3382,13.8241,13.6908,0.1333,0.5783,13.9348,5.6754,8.2594,7.0782,15409.3382,NA
parkey.exe,2536,0x1B07C054F10,DXGI,1,0,0,Composed: Flip,15436.8568,NA,13.82780000000000,27.71660000000000,0.12870000000000,0.77170000000000,34.5710,15423.1623,13.8232,13.6945,0.1287,0.6890,13.7772,6.7611,7.0161,-13.8925,15423.1623,NA
parkey.exe,2536,0x1B07C054F10,DXGI,1,0,0,Composed: Flip,15457.7965,NA,20.93970000000000,6.98820000000000,0.13290000000000,0.75120000000000,20.6195,15436.9855,20.9439,20.8110,0.1329,0.6430,20.9192,7.1702,13.7490,6.8350,15436.9855,NA
parkey.exe,2536,0x1B07C054F10,DXGI,1,0,0,Composed: Flip,15471.5920,NA,13.79550000000000,20.84230000000000,0.17550000000000,0.75560000000000,27.6663,15457.9294,13.8381,13.6626,0.1755,0.6183,13.7999,6.0509,7.7490,0.1016,15457.9294,NA
parkey.exe,2536,0x1B07C054F10,DXGI,1,0,0,Composed: Flip,15492.4713,NA,20.87930000000000,13.89010000000000,0.14470000000000,0.39710000000000,20.6771,15471.7675,20.8485,20.7038,0.1447,0.5801,20.5208,6.4227,14.0981,-0.0520,15471.7675,NA
parkey.exe,2536,0x1B07C054F10,DXGI,1,0,0,Composed: Flip,15506.3068,NA,13.83550000000000,13.89830000000000,0.13120000000000,0.75720000000000,20.7399,15492.6160,13.8220,13.6908,0.1312,0.2891,14.1589,6.2874,7.8715,6.9502,15492.6160,NA
parkey.exe,2536,0x1B07C054F10,DXGI,1,0,0,Composed: Flip,15520.1913,NA,13.88450000000000,20.83280000000000,0.11600000000000,0.82360000000000,27.6882,15506.4380,13.8693,13.7533,0.1160,0.6260,13.9509,5.6642,8.2867,-7.0108,15506.4380,NA
parkey.exe,2536,0x1B07C054F10,DXGI,1,0,0,Composed: Flip,15541.0861,NA,20.89480000000000,13.90130000000000,0.15630000000000,0.77660000000000,20.6947,15520.3073,20.9351,20.7788,0.1563,0.7076,20.8478,7.0961,13.7517,-0.0320,15520.3073,NA
parkey.exe,2536,0x1B07C054F10,DXGI,1,0,0,Composed: Flip,15554.9012,NA,13.81510000000000,20.82640000000000,0.12170000000000,0.77040000000000,27.7060,15541.2424,13.7805,13.6588,0.1217,0.6203,13.8089,5.6143,8.1946,0.1087,15541.2424,NA
parkey.exe,2536,0x1B07C054F10,DXGI,1,0,0,Composed: Flip,15575.8083,NA,20.90710000000000,13.89250000000000,0.13350000000000,0.75950000000000,20.6914,15555.0229,20.9189,20.7854,0.1335,0.6487,20.8962,6.7627,14.1335,-0.1120,15555.0229,NA
parkey.exe,2536,0x1B07C054F10,DXGI,1,0,0,Composed: Flip,15589.6509,NA,13.84260000000000,13.89620000000000,0.11040000000000,0.77760000000000,20.7450,15575.9418,13.8195,13.7091,0.1104,0.6260,13.8607,5.5856,8.2751,7.0227,15575.9418,NA
parkey.exe,2536,0x1B07C054F10,DXGI,1,0,0,Composed: Flip,15603.5517,NA,13.90080000000000,20.82770000000000,0.14180000000000,0.81280000000000,27.6719,15589.7613,13.9322,13.7904,0.1418,0.6672,13.9360,5.6702,8.2658,-7.0082,15589.7613,NA
parkey.exe,2536,0x1B07C054F10,DXGI,1,0,0,Composed: Flip,15624.4389,NA,20.88720000000000,13.90210000000000,0.13710000000000,0.77860000000000,20.6868,15603.6935,20.8825,20.7454,0.1371,0.6710,20.8530,7.0076,13.8454,0.0301,15603.6935,NA
parkey.exe,2536,0x1B07C054F10,DXGI,1,0,0,Composed: Flip,15638.2842,NA,13.84530000000000,20.83580000000000,0.14520000000000,0.76480000000000,27.6773,15624.5760,13.8534,13.7082,0.1452,0.6415,13.8315,5.6061,8.2254,0.0467,15624.5760,NA
parkey.exe,2536,0x1B07C054F10,DXGI,1,0,0,Composed: Flip,15659.1458,NA,20.86160000000000,13.88750000000000,0.16220000000000,0.77070000000000,20.7032,15638.4294,20.8786,20.7164,0.1622,0.6196,20.8675,6.7452,14.1223,-0.0341,15638.4294,NA
parkey.exe,2536,0x1B07C054F10,DXGI,1,0,0,Composed: Flip,15673.0300,NA,13.88420000000000,13.88740000000000,0.11670000000000,0.76660000000000,20.7064,15659.3080,13.8387,13.7220,0.1167,0.6085,13.8801,5.6219,8.2582,6.9912,15659.3080,NA
parkey.exe,2536,0x1B07C054F10,DXGI,1,0,0,Composed: Flip,15686.8764,NA,13.84640000000000,20.82480000000000,0.10910000000000,0.79280000000000,27.6848,15673.1467,13.8388,13.7297,0.1091,0.6499,13.8726,6.7944,7.0782,-6.9861,15673.1467,NA
parkey.exe,2536,0x1B07C054F10,DXGI,1,0,0,Composed: Flip,15707.7549,NA,20.87850000000000,13.91140000000000,0.13670000000000,0.75860000000000,20.7177,15686.9855,20.9061,20.7694,0.1367,0.6837,20.8443,7.0892,13.7551,-0.0726,15686.9855,NA
parkey.exe,2536,0x1B07C054F10,DXGI,1,0,0,Composed: Flip,15721.6506,NA,13.89570000000000,20.81380000000000,0.15990000000000,0.78430000000000,27.6358,15707.8916,13.9189,13.7590,0.1599,0.6219,13.9214,5.6093,8.3121,0.0923,15707.8916,NA
parkey.exe,2536,0x1B07C054F10,DXGI,1,0,0,Composed: Flip,15742.5334,NA,20.88280000000000,13.89280000000000,0.14540000000000,0.78330000000000,20.6458,15721.8105,20.8683,20.7229,0.1454,0.6244,20.8818,6.7669,14.1149,0.0261,15721.8105,NA
parkey.exe,2536,0x1B07C054F10,DXGI,1,0,0,Composed: Flip,15756.3461,NA,13.81270000000000,13.91900000000000,0.11350000000000,0.70030000000000,20.7521,15742.6788,13.7808,13.6673,0.1135,0.6379,13.7297,5.5071,8.2226,6.9493,15742.6788,NA
parkey.exe,2536,0x1B07C054F10,DXGI,1,0,0,Composed: Flip,15770.2377,NA,13.89160000000000,20.82380000000000,0.11350000000000,0.78360000000000,27.6843,15756.4596,13.8916,13.7781,0.1135,0.5868,13.9749,5.6573,8.3176,-7.0430,15756.4596,NA
parkey.exe,2536,0x1B07C054F10,DXGI,1,0,0,Composed: Flip,15791.1329,NA,20.89520000000000,13.87800000000000,0.20500000000000,0.80490000000000,20.6671,15770.3512,20.9867,20.7817,0.2050,0.6701,20.9165,7.2242,13.6923,0.0136,15770.3512,NA
parkey.exe,2536,0x1B07C054F10,DXGI,1,0,0,Composed: Flip,15804.9618,NA,13.82890000000000,20.84460000000000,0.12670000000000,0.76140000000000,27.6828,15791.3379,13.7506,13.6239,0.1267,0.5999,13.7854,5.6120,8.1734,0.1421,15791.3379,NA
parkey.exe,2536,0x1B07C054F10,DXGI,1,0,0,Composed: Flip,15825.8296,NA,20.86780000000000,13.89200000000000,0.12450000000000,0.79290000000000,20.7070,15805.0885,20.8656,20.7411,0.1245,0.6347,20.8993,5.6391,15.2602,-0.1414,15805.0885,NA
parkey.exe,2536,0x1B07C054F10,DXGI,1,0,0,Composed: Flip,15839.6833,NA,13.85370000000000,13.91610000000000,0.10250000000000,0.82390000000000,20.7694,15825.9541,13.8317,13.7292,0.1025,0.6684,13.8847,5.6472,8.2375,6.9495,15825.9541,NA
parkey.exe,2536,0x1B07C054F10,DXGI,1,0,0,Composed: Flip,15853.5909,NA,13.90760000000000,20.81580000000000,0.14060000000000,0.77000000000000,27.6776,15839.7858,13.9457,13.8051,0.1406,0.7214,13.8537,5.6418,8.2119,-6.9841,15839.7858,NA
parkey.exe,2536,0x1B07C054F10,DXGI,1,0,0,Composed: Flip,15874.4497,NA,20.85880000000000,13.91880000000000,0.14040000000000,0.75640000000000,20.7376,15853.7315,20.8586,20.7182,0.1404,0.6294,20.8452,7.1796,13.6656,0.0269,15853.7315,NA
parkey.exe,2536,0x1B07C054F10,DXGI,1,0,0,Composed: Flip,15888.3400,NA,13.89030000000000,20.80600000000000,0.11990000000000,0.76200000000000,27.6533,15874.5901,13.8698,13.7499,0.1199,0.6160,13.8959,5.5679,8.3280,0.0526,15874.5901,NA
parkey.exe,2536,0x1B07C054F10,DXGI,1,0,0,Composed: Flip,15909.1972,NA,20.85720000000000,13.91090000000000,0.16040000000000,0.75770000000000,20.7070,15888.4599,20.8977,20.7373,0.1604,0.6421,20.8529,6.7840,14.0689,-0.0411,15888.4599,NA
parkey.exe,2536,0x1B07C054F10,DXGI,1,0,0,Composed: Flip,15923.0557,NA,13.85850000000000,13.88430000000000,0.11100000000000,0.83620000000000,20.7328,15909.3576,13.8091,13.6981,0.1110,0.5973,13.9370,5.6654,8.2716,7.0134,15909.3576,NA
parkey.exe,2536,0x1B07C054F10,DXGI,1,0,0,Composed: Flip,15936.9326,NA,13.87690000000000,20.81630000000000,0.11820000000000,0.75410000000000,27.6722,15923.1667,13.8841,13.7659,0.1182,0.7252,13.7948,6.7698,7.0250,-7.0072,15923.1667,NA
parkey.exe,2536,0x1B07C054F10,DXGI,1,0,0,Composed: Flip,15957.7913,NA,20.85870000000000,13.90860000000000,0.12660000000000,0.76390000000000,20.7221,15937.0508,20.8671,20.7405,0.1266,0.6359,20.8685,6.9594,13.9091,-0.0245,15937.0508,NA
parkey.exe,2536,0x1B07C054F10,DXGI,1,0,0,Composed: Flip,15971.6528,NA,13.86150000000000,20.83230000000000,0.13230000000000,0.77140000000000,27.6929,15957.9179,13.8672,13.7349,0.1323,0.6373,13.8690,5.6200,8.2490,0.0348,15957.9179,NA
parkey.exe,2536,0x1B07C054F10,DXGI,1,0,0,Composed: Flip,15992.5759,NA,20.92310000000000,13.88920000000000,0.13880000000000,0.79140000000000,20.6590,15971.7851,20.9296,20.7908,0.1388,0.6391,20.9431,6.7707,14.1724,-0.0220,15971.7851,NA
parkey.exe,2536,0x1B07C054F10,DXGI,1,0,0,Composed: Flip,16006.3875,NA,13.81160000000000,20.83480000000000,0.13140000000000,0.76310000000000,27.6822,15992.7147,13.8042,13.6728,0.1314,0.6526,13.7833,5.6419,8.1414,0.0948,15992.7147,NA
parkey.exe,2536,0x1B07C054F10,DXGI,1,0,0,Composed: Flip,16027.2857,NA,20.89820000000000,13.89890000000000,0.13770000000000,0.78350000000000,20.6829,16006.5189,20.9045,20.7668,0.1377,0.6317,20.9186,5.6148,15.3038,-0.0947,16006.5189,NA
parkey.exe,2536,0x1B07C054F10,DXGI,1,0,0,Composed: Flip,16041.1730,NA,13.88730000000000,13.88980000000000,0.14170000000000,0.76350000000000,20.6854,16027.4234,13.8913,13.7496,0.1417,0.6458,13.8673,5.5905,8.2768,7.0147,16027.4234,NA
parkey.exe,2536,0x1B07C054F10,DXGI,1,0,0,Composed: Flip,16055.1222,NA,13.94920000000000,20.83420000000000,0.16790000000000,0.77640000000000,27.5704,16041.3147,13.9754,13.8075,0.1679,0.6218,13.9621,5.6057,8.3564,-6.9429,16041.3147,NA
parkey.exe,2536,0x1B07C054F10,DXGI,1,0,0,Composed: Flip,16075.9109,NA,20.78870000000000,13.89400000000000,0.13750000000000,0.76540000000000,20.6757,16055.2901,20.7583,20.6208,0.1375,0.6085,20.7777,6.9378,13.8399,0.0814,16055.2901,NA
parkey.exe,2536,0x1B07C054F10,DXGI,1,0,0,Composed: Flip,16089.7681,NA,13.85720000000000,20.85390000000000,0.11940000000000,0.66570000000000,27.6724,16076.0484,13.8391,13.7197,0.1194,0.6279,13.7575,5.5096,8.2479,-0.0956,16076.0484,NA
parkey.exe,2536,0x1B07C054F10,DXGI,1,0,0,Composed: Flip,16110.6310,NA,20.86290000000000,13.86710000000000,0.17120000000000,0.75890000000000,20.6766,16089.8875,20.9147,20.7435,0.1712,0.5463,20.9561,6.7680,14.1881,-0.0280,16089.8875,NA
parkey.exe,2536,0x1B07C054F10,DXGI,1,0,0,Composed: Flip,16124.4871,NA,13.85610000000000,13.91330000000000,0.13430000000000,0.77770000000000,20.7338,16110.8022,13.8192,13.6849,0.1343,0.5877,13.8749,5.6237,8.2512,7.0014,16110.8022,NA
parkey.exe,2536,0x1B07C054F10,DXGI,1,0,0,Composed: Flip,16138.4408,NA,13.95370000000000,20.82140000000000,0.12130000000000,0.76550000000000,27.6015,16124.6214,13.9407,13.8194,0.1213,0.6434,13.9415,5.5875,8.3540,-7.0022,16124.6214,NA
parkey.exe,2536,0x1B07C054F10,DXGI,1,0,0,Composed: Flip,16159.2496,NA,20.80880000000000,13.89470000000000,0.13770000000000,0.77570000000000,20.6874,16138.5621,20.8252,20.6875,0.1377,0.6442,20.8190,6.7962,14.0228,0.0460,16138.5621,NA
parkey.exe,2536,0x1B07C054F10,DXGI,1,0,0,Composed: Flip,16173.1037,NA,13.85410000000000,20.83970000000000,0.13060000000000,0.66950000000000,27.6730,16159.3873,13.8470,13.7164,0.1306,0.6380,13.7479,5.5329,8.2150,-0.0145,16159.3873,NA
parkey.exe,2536,0x1B07C054F10,DXGI,1,0,0,Composed: Flip,16194.0129,NA,20.90920000000000,13.88650000000000,0.18020000000000,0.78460000000000,20.6503,16173.2343,20.9588,20.7786,0.1802,0.5389,21.0243,6.7590,14.2653,-0.0395,16173.2343,NA
parkey.exe,2536,0x1B07C054F10,DXGI,1,0,0,Composed: Flip,16207.8541,NA,13.84120000000000,13.89810000000000,0.13620000000000,0.76310000000000,20.7072,16194.1931,13.7972,13.6610,0.1362,0.6044,13.8197,5.6069,8.2128,7.0607,16194.1931,NA
parkey.exe,2536,0x1B07C054F10,DXGI,1,0,0,Composed: Flip,16221.7696,NA,13.91550000000000,20.86940000000000,0.11480000000000,0.67360000000000,27.6611,16207.9903,13.8941,13.7793,0.1148,0.6269,13.8260,5.4653,8.3607,-7.0722,16207.9903,NA
parkey.exe,2536,0x1B07C054F10,DXGI,1,0,0,Composed: Flip,16242.6409,NA,20.87130000000000,13.89370000000000,0.16140000000000,0.78940000000000,20.6835,16221.8844,20.9179,20.7565,0.1614,0.5588,20.9871,6.7788,14.2083,0.0004,16221.8844,NA
parkey.exe,2536,0x1B07C054F10,DXGI,1,0,0,Composed: Flip,16256.6604,NA,14.01950000000000,20.84090000000000,0.17600000000000,0.37340000000000,27.5049,16242.8023,14.0341,13.8581,0.1760,0.6280,13.6035,5.2160,8.3875,0.0770,16242.8023,NA
parkey.exe,2536,0x1B07C054F10,DXGI,1,0,0,Composed: Flip,16277.4440,NA,20.78360000000000,13.86610000000000,0.19970000000000,0.74180000000000,20.5874,16256.8364,20.8073,20.6076,0.1997,0.3587,20.9907,7.2676,13.7231,0.1680,16256.8364,NA
parkey.exe,2536,0x1B07C054F10,DXGI,1,0,0,Composed: Flip,16291.2899,NA,13.84590000000000,13.89270000000000,0.13750000000000,0.75490000000000,20.6342,16277.6437,13.7837,13.6462,0.1375,0.5421,13.8590,5.5941,8.2649,6.9146,16277.6437,NA
parkey.exe,2536,0x1B07C054F10,DXGI,1,0,0,Composed: Flip,16305.2266,NA,13.93670000000000,20.82470000000000,0.18980000000000,0.26660000000000,27.5222,16291.4274,13.9890,13.7992,0.1898,0.6174,13.4484,5.3986,8.0498,-7.0410,16291.4274,NA
parkey.exe,2536,0x1B07C054F10,DXGI,1,0,0,Composed: Flip,16325.9923,NA,20.76570000000000,13.88480000000000,0.15030000000000,0.76220000000000,20.6413,16305.4164,20.7262,20.5759,0.1503,0.1259,21.2122,6.0676,15.1446,0.1042,16305.4164,NA
parkey.exe,2536,0x1B07C054F10,DXGI,1,0,0,Composed: Flip,16339.8540,NA,13.86170000000000,20.82940000000000,0.12550000000000,0.70580000000000,27.6090,16326.1426,13.8369,13.7114,0.1255,0.6119,13.8053,5.7947,8.0106,-0.1032,16326.1426,NA
parkey.exe,2536,0x1B07C054F10,DXGI,1,0,0,Composed: Flip,16360.6847,NA,20.83070000000000,13.88200000000000,0.15380000000000,0.78400000000000,20.6603,16339.9795,20.8590,20.7052,0.1538,0.5803,20.9089,6.7338,14.1751,-0.0451,16339.9795,NA
parkey.exe,2536,0x1B07C054F10,DXGI,1,0,0,Composed: Flip,16374.5386,NA,13.85390000000000,13.90250000000000,0.11190000000000,0.75840000000000,20.7089,16360.8385,13.8120,13.7001,0.1119,0.6302,13.8283,5.5944,8.2339,6.9565,16360.8385,NA
parkey.exe,2536,0x1B07C054F10,DXGI,1,0,0,Composed: Flip,16388.4049,NA,13.86630000000000,20.85000000000000,0.17150000000000,0.69730000000000,27.6926,16374.6505,13.9259,13.7544,0.1715,0.6465,13.8052,5.5304,8.2748,-7.0380,16374.6505,NA
parkey.exe,2536,0x1B07C054F10,DXGI,1,0,0,Composed: Flip,16409.2935,NA,20.88860000000000,13.89360000000000,0.15440000000000,0.76350000000000,20.6976,16388.5764,20.8715,20.7171,0.1544,0.5258,20.9548,6.9410,14.0138,0.0323,16388.5764,NA
parkey.exe,2536,0x1B07C054F10,DXGI,1,0,0,Composed: Flip,16423.1578,NA,13.86430000000000,20.83520000000000,0.15590000000000,0.80920000000000,27.6685,16409.4479,13.8658,13.7099,0.1559,0.6091,13.9100,5.6529,8.2571,0.0363,16409.4479,NA
parkey.exe,2536,0x1B07C054F10,DXGI,1,0,0,Composed: Flip,16443.9946,NA,20.83680000000000,20.78030000000000,0.11510000000000,0.79450000000000,27.6120,16423.3137,20.7960,20.6809,0.1151,0.6533,20.8221,6.7668,14.0553,-6.9145,16423.3137,NA
parkey.exe,2536,0x1B07C054F10,DXGI,1,0,0,Composed: Flip,16457.9114,NA,13.91680000000000,7.00290000000000,0.11230000000000,0.75120000000000,20.6981,16444.1097,13.9140,13.8017,0.1123,0.6794,13.8735,6.7313,7.1422,13.7931,16444.1097,NA
parkey.exe,2536,0x1B07C054F10,DXGI,1,0,0,Composed: Flip,16471.7675,NA,13.85610000000000,20.81420000000000,0.24390000000000,0.69580000000000,27.6562,16458.0237,13.9877,13.7438,0.2439,0.6389,13.8007,5.9895,7.8112,-6.9002,16458.0237,NA
parkey.exe,2536,0x1B07C054F10,DXGI,1,0,0,Composed: Flip,16492.6619,NA,20.89440000000000,13.90470000000000,0.15960000000000,0.76470000000000,20.6665,16472.0114,20.8101,20.6505,0.1596,0.4519,20.9633,6.7630,14.2003,0.0830,16472.0114,NA
parkey.exe,2536,0x1B07C054F10,DXGI,1,0,0,Composed: Flip,16506.5063,NA,13.84440000000000,27.74340000000000,0.12010000000000,0.39490000000000,34.5655,16492.8215,13.8049,13.6848,0.1201,0.6051,13.4746,5.2836,8.1910,-6.9333,16492.8215,NA
parkey.exe,2536,0x1B07C054F10,DXGI,1,0,0,Composed: Flip,16527.4472,NA,20.94090000000000,6.97940000000000,0.13430000000000,0.38580000000000,20.6040,16506.6264,20.9551,20.8208,0.1343,0.3020,20.9046,5.9097,14.9949,6.8255,16506.6264,NA
parkey.exe,2536,0x1B07C054F10,DXGI,1,0,0,Composed: Flip,16541.2907,NA,13.84350000000000,13.91800000000000,0.12980000000000,0.66520000000000,20.6785,16527.5815,13.8390,13.7092,0.1298,0.2831,14.0913,6.4753,7.6160,7.0371,16527.5815,NA
parkey.exe,2536,0x1B07C054F10,DXGI,1,0,0,Composed: Flip,16555.1294,NA,13.83870000000000,27.70480000000000,0.21270000000000,0.36510000000000,34.5446,16541.4205,13.9216,13.7089,0.2127,0.5354,13.5386,6.3246,7.2140,-13.8658,16541.4205,NA
parkey.exe,2536,0x1B07C054F10,DXGI,1,0,0,Composed: Flip,16576.0624,NA,20.93300000000000,7.01850000000000,0.13450000000000,0.39350000000000,20.6301,16555.3421,20.8548,20.7203,0.1345,0.2031,20.9107,6.2186,14.6921,6.9031,16555.3421,NA
parkey.exe,2536,0x1B07C054F10,DXGI,1,0,0,Composed: Flip,16589.8471,NA,13.78470000000000,27.70410000000000,0.13770000000000,0.76480000000000,34.5495,16576.1969,13.7879,13.6502,0.1377,0.2884,14.1266,6.5963,7.5303,-6.8493,16576.1969,NA
parkey.exe,2536,0x1B07C054F10,DXGI,1,0,0,Composed: Flip,16610.7860,NA,20.93890000000000,7.03790000000000,0.15660000000000,0.75980000000000,20.6485,16589.9848,20.9578,20.8012,0.1566,0.6271,20.9339,7.0395,13.8944,6.7500,16589.9848,NA
parkey.exe,2536,0x1B07C054F10,DXGI,1,0,0,Composed: Flip,16624.5717,NA,13.78570000000000,13.87750000000000,0.12660000000000,0.79410000000000,20.7403,16610.9426,13.7557,13.6291,0.1266,0.6032,13.8200,6.0872,7.7328,7.0803,16610.9426,NA
parkey.exe,2536,0x1B07C054F10,DXGI,1,0,0,Composed: Flip,16638.4623,NA,13.89060000000000,20.81710000000000,0.11420000000000,0.76810000000000,27.6668,16624.6983,13.8782,13.7640,0.1142,0.6675,13.8646,5.6288,8.2358,-7.0614,16624.6983,NA
parkey.exe,2536,0x1B07C054F10,DXGI,1,0,0,Composed: Flip,16659.3253,NA,20.86300000000000,13.87920000000000,0.13210000000000,0.81330000000000,20.6830,16638.5765,20.8809,20.7488,0.1321,0.6539,20.9082,6.8324,14.0758,-0.0010,16638.5765,NA
parkey.exe,2536,0x1B07C054F10,DXGI,1,0,0,Composed: Flip,16673.1911,NA,13.86580000000000,20.84750000000000,0.19620000000000,0.67590000000000,27.6647,16659.4574,13.9299,13.7337,0.1962,0.6812,13.7284,5.5088,8.2196,0.0334,16659.4574,NA
parkey.exe,2536,0x1B07C054F10,DXGI,1,0,0,Composed: Flip,16694.0336,NA,20.84250000000000,13.89120000000000,0.11400000000000,0.76330000000000,20.7134,16673.3873,20.7603,20.6463,0.1140,0.4797,20.9299,6.7524,14.1775,0.0387,16673.3873,NA
parkey.exe,2536,0x1B07C054F10,DXGI,1,0,0,Composed: Flip,16707.9348,NA,13.90120000000000,13.90870000000000,0.13200000000000,0.77240000000000,20.7209,16694.1476,13.9192,13.7872,0.1320,0.6493,13.9103,5.6505,8.2598,6.8516,16694.1476,NA
parkey.exe,2536,0x1B07C054F10,DXGI,1,0,0,Composed: Flip,16721.8181,NA,13.88330000000000,20.81030000000000,0.13200000000000,1.03670000000000,27.6479,16708.0668,13.8833,13.7513,0.1320,0.6404,14.1476,5.8773,8.2703,-6.8911,16708.0668,NA
parkey.exe,2536,0x1B07C054F10,DXGI,1,0,0,Composed: Flip,16742.6666,NA,20.84850000000000,13.92080000000000,0.15600000000000,0.77540000000000,20.7202,16721.9501,20.8725,20.7165,0.1560,0.9047,20.5872,6.8750,13.7122,-0.0375,16721.9501,NA
parkey.exe,2536,0x1B07C054F10,DXGI,1,0,0,Composed: Flip,16756.6076,NA,13.94100000000000,20.81590000000000,0.16700000000000,0.75980000000000,27.5951,16742.8226,13.9520,13.7850,0.1670,0.6194,13.9254,5.5988,8.3266,0.0566,16742.8226,NA
parkey.exe,2536,0x1B07C054F10,DXGI,1,0,0,Composed: Flip,16777.4500,NA,20.84240000000000,13.88330000000000,0.13630000000000,0.74180000000000,20.6360,16756.7746,20.8117,20.6754,0.1363,0.5928,20.8244,6.7150,14.1094,0.0687,16756.7746,NA
parkey.exe,2536,0x1B07C054F10,DXGI,1,0,0,Composed: Flip,16791.3391,NA,13.88910000000000,13.91950000000000,0.12230000000000,0.73400000000000,20.6664,16777.5863,13.8751,13.7528,0.1223,0.6055,13.8813,5.5552,8.3261,6.8922,16777.5863,NA
parkey.exe,2536,0x1B07C054F10,DXGI,1,0,0,Composed: Flip,16805.1667,NA,13.82760000000000,20.81740000000000,0.15350000000000,0.88850000000000,27.6562,16791.4614,13.8588,13.7053,0.1535,0.6117,13.9821,5.7386,8.2435,-6.9423,16791.4614,NA
parkey.exe,2536,0x1B07C054F10,DXGI,1,0,0,Composed: Flip,16826.0162,NA,20.84950000000000,13.90770000000000,0.13240000000000,0.78000000000000,20.7144,16805.3202,20.8284,20.6960,0.1324,0.7350,20.7410,6.9498,13.7912,-0.0489,16805.3202,NA
parkey.exe,2536,0x1B07C054F10,DXGI,1,0,0,Composed: Flip,16839.8794,NA,13.86320000000000,20.82430000000000,0.11870000000000,0.77350000000000,27.6755,16826.1486,13.8495,13.7308,0.1187,0.6476,13.8567,5.6346,8.2221,0.0041,16826.1486,NA
parkey.exe,2536,0x1B07C054F10,DXGI,1,0,0,Composed: Flip,16860.7364,NA,20.85700000000000,13.88770000000000,0.14880000000000,0.78240000000000,20.7062,16839.9981,20.8871,20.7383,0.1488,0.6548,20.8659,6.8050,14.0609,-0.0382,16839.9981,NA
parkey.exe,2536,0x1B07C054F10,DXGI,1,0,0,Composed: Flip,16874.6099,NA,13.87350000000000,13.89400000000000,0.11740000000000,0.77230000000000,20.7267,16860.8852,13.8421,13.7247,0.1174,0.6336,13.8634,5.6287,8.2347,6.9931,16860.8852,NA
parkey.exe,2536,0x1B07C054F10,DXGI,1,0,0,Composed: Flip,16888.5940,NA,13.98410000000000,20.84940000000000,0.12600000000000,0.88020000000000,27.5920,16874.7273,13.9927,13.8667,0.1260,0.6549,14.0920,5.7262,8.3658,-7.0073,16874.7273,NA
parkey.exe,2536,0x1B07C054F10,DXGI,1,0,0,Composed: Flip,16909.3761,NA,20.78210000000000,13.85750000000000,0.14770000000000,0.76780000000000,20.6674,16888.7200,20.8038,20.6561,0.1477,0.7542,20.6697,6.9316,13.7381,0.1352,16888.7200,NA
parkey.exe,2536,0x1B07C054F10,DXGI,1,0,0,Composed: Flip,16923.2273,NA,13.85120000000000,20.87170000000000,0.13170000000000,0.78460000000000,27.6879,16909.5238,13.8352,13.7035,0.1317,0.6201,13.8680,5.6139,8.2541,-0.0679,16909.5238,NA
parkey.exe,2536,0x1B07C054F10,DXGI,1,0,0,Composed: Flip,16944.1159,NA,20.88860000000000,13.87690000000000,0.14750000000000,0.79830000000000,20.6762,16923.3590,20.9044,20.7569,0.1475,0.6529,20.9023,6.7336,14.1687,-0.0417,16923.3590,NA
parkey.exe,2536,0x1B07C054F10,DXGI,1,0,0,Composed: Flip,16958.2296,NA,14.11370000000000,13.89780000000000,0.15810000000000,0.67920000000000,20.4603,16944.2634,14.1243,13.9662,0.1581,0.6508,13.9946,5.5319,8.4627,7.0066,16944.2634,NA
parkey.exe,2536,0x1B07C054F10,DXGI,1,0,0,Composed: Flip,16971.8921,NA,13.66250000000000,20.82910000000000,0.14740000000000,1.06560000000000,27.6269,16958.3877,13.6518,13.5044,0.1474,0.5211,14.0489,7.0035,7.0454,-6.7048,16958.3877,NA
parkey.exe,2536,0x1B07C054F10,DXGI,1,0,0,Composed: Flip,16992.7213,NA,20.82920000000000,13.89440000000000,0.15810000000000,0.76550000000000,20.6921,16972.0395,20.8399,20.6818,0.1581,0.9182,20.5291,6.9107,13.6184,-0.2426,16972.0395,NA
parkey.exe,2536,0x1B07C054F10,DXGI,1,0,0,Composed: Flip,17006.6306,NA,13.90930000000000,20.83450000000000,0.12940000000000,0.76150000000000,27.6173,16992.8794,13.8806,13.7512,0.1294,0.6074,13.9053,5.6195,8.2858,0.0054,16992.8794,NA
parkey.exe,2536,0x1B07C054F10,DXGI,1,0,0,Composed: Flip,17027.4314,NA,20.80080000000000,13.89340000000000,0.12550000000000,0.78230000000000,20.7099,17006.7600,20.7969,20.6714,0.1255,0.6321,20.8216,5.6214,15.2002,-0.0128,17006.7600,NA
parkey.exe,2536,0x1B07C054F10,DXGI,1,0,0,Composed: Flip,17041.2891,NA,13.85770000000000,13.89650000000000,0.10690000000000,0.76330000000000,20.7487,17027.5569,13.8391,13.7322,0.1069,0.6568,13.8387,5.6309,8.2078,6.9004,17027.5569,NA
parkey.exe,2536,0x1B07C054F10,DXGI,1,0,0,Composed: Flip,17055.3958,NA,14.10670000000000,20.90310000000000,0.14780000000000,0.93380000000000,27.5451,17041.3960,14.1476,13.9998,0.1478,0.6564,14.2772,5.4626,8.8146,-7.0640,17041.3960,NA
parkey.exe,2536,0x1B07C054F10,DXGI,1,0,0,Composed: Flip,17076.1592,NA,20.76340000000000,13.82300000000000,0.16280000000000,0.76470000000000,20.6047,17055.5436,20.7784,20.6156,0.1628,0.7860,20.5943,7.0092,13.5851,0.3246,17055.5436,NA
parkey.exe,2536,0x1B07C054F10,DXGI,1,0,0,Composed: Flip,17090.0037,NA,13.84450000000000,20.82750000000000,0.13180000000000,0.82450000000000,27.5877,17076.3220,13.8135,13.6817,0.1318,0.6019,13.9043,5.6749,8.2294,-0.0491,17076.3220,NA
parkey.exe,2536,0x1B07C054F10,DXGI,1,0,0,Composed: Flip,17110.7780,NA,20.77430000000000,13.90840000000000,0.15730000000000,0.76470000000000,20.7218,17090.1355,20.7998,20.6425,0.1573,0.6927,20.7145,6.7813,13.9332,-0.0949,17090.1355,NA
parkey.exe,2536,0x1B07C054F10,DXGI,1,0,0,Composed: Flip,17124.6609,NA,13.88290000000000,13.89780000000000,0.12280000000000,0.78720000000000,20.7367,17110.9353,13.8484,13.7256,0.1228,0.6074,13.9054,5.6179,8.2875,6.9020,17110.9353,NA
parkey.exe,2536,0x1B07C054F10,DXGI,1,0,0,Composed: Flip,17138.5774,NA,13.91650000000000,20.82340000000000,0.13000000000000,0.93100000000000,27.6436,17124.7837,13.9237,13.7937,0.1300,0.6644,14.0603,5.7315,8.3288,-6.9750,17124.7837,NA
parkey.exe,2536,0x1B07C054F10,DXGI,1,0,0,Composed: Flip,17159.3901,NA,20.81270000000000,13.89490000000000,0.12780000000000,0.79850000000000,20.7258,17138.7074,20.8105,20.6827,0.1278,0.8010,20.6802,7.0773,13.6029,0.0288,17138.7074,NA
parkey.exe,2536,0x1B07C054F10,DXGI,1,0,0,Composed: Flip,17173.3038,NA,13.91370000000000,20.82630000000000,0.12490000000000,0.87340000000000,27.6384,17159.5179,13.9108,13.7859,0.1249,0.6707,13.9886,5.6952,8.2934,-0.0158,17159.5179,NA
parkey.exe,2536,0x1B07C054F10,DXGI,1,0,0,Composed: Flip,17194.1705,NA,20.86670000000000,13.89110000000000,0.14180000000000,0.76380000000000,20.6628,17173.4287,20.8836,20.7418,0.1418,0.7485,20.7571,6.7068,14.0503,0.0197,17173.4287,NA
parkey.exe,2536,0x1B07C054F10,DXGI,1,0,0,Composed: Flip,17207.9876,NA,13.81710000000000,13.90350000000000,0.10700000000000,0.76130000000000,20.7492,17194.3123,13.7823,13.6753,0.1070,0.6220,13.8146,5.6447,8.1699,6.9801,17194.3123,NA
parkey.exe,2536,0x1B07C054F10,DXGI,1,0,0,Composed: Flip,17221.8609,NA,13.87330000000000,20.84050000000000,0.10260000000000,0.82310000000000,27.7164,17208.0946,13.8689,13.7663,0.1026,0.6543,13.9351,5.6712,8.2639,-7.0582,17208.0946,NA
parkey.exe,2536,0x1B07C054F10,DXGI,1,0,0,Composed: Flip,17242.7550,NA,20.89410000000000,13.89270000000000,0.13680000000000,0.78480000000000,20.7150,17221.9635,20.9283,20.7915,0.1368,0.7205,20.8558,6.9797,13.8761,-0.0238,17221.9635,NA
parkey.exe,2536,0x1B07C054F10,DXGI,1,0,0,Composed: Flip,17256.6855,NA,13.93050000000000,20.82260000000000,0.13240000000000,0.72420000000000,27.6071,17242.8918,13.9261,13.7937,0.1324,0.6480,13.8699,5.5600,8.3099,0.1057,17242.8918,NA
parkey.exe,2536,0x1B07C054F10,DXGI,1,0,0,Composed: Flip,17277.4763,NA,20.79080000000000,13.88010000000000,0.12260000000000,0.75810000000000,20.6964,17256.8179,20.7810,20.6584,0.1226,0.5918,20.8247,6.7114,14.1133,0.0460,17256.8179,NA
parkey.exe,2536,0x1B07C054F10,DXGI,1,0,0,Composed: Flip,17291.3337,NA,13.85740000000000,13.91620000000000,0.10960000000000,0.76780000000000,20.7552,17277.5989,13.8444,13.7348,0.1096,0.6355,13.8671,5.5969,8.2702,6.8648,17277.5989,NA
parkey.exe,2536,0x1B07C054F10,DXGI,1,0,0,Composed: Flip,17305.2337,NA,13.90000000000000,20.82640000000000,0.14450000000000,0.78240000000000,27.6816,17291.4433,13.9349,13.7904,0.1445,0.6582,13.9146,5.6292,8.2854,-6.9820,17291.4433,NA
parkey.exe,2536,0x1B07C054F10,DXGI,1,0,0,Composed: Flip,17326.1117,NA,20.87800000000000,13.88730000000000,0.14690000000000,0.78210000000000,20.6909,17305.3782,20.8804,20.7335,0.1469,0.6379,20.8777,7.0135,13.8642,0.0476,17305.3782,NA
parkey.exe,2536,0x1B07C054F10,DXGI,1,0,0,Composed: Flip,17340.0205,NA,13.90880000000000,20.84120000000000,0.11310000000000,0.66100000000000,27.6233,17326.2586,13.8750,13.7619,0.1131,0.6352,13.7877,5.4934,8.2943,0.0392,17326.2586,NA
parkey.exe,2536,0x1B07C054F10,DXGI,1,0,0,Composed: Flip,17360.8191,NA,20.79860000000000,13.88030000000000,0.14470000000000,0.79190000000000,20.7050,17340.1336,20.8302,20.6855,0.1447,0.5479,20.9295,6.7617,14.1678,-0.0053,17340.1336,NA
parkey.exe,2536,0x1B07C054F10,DXGI,1,0,0,Composed: Flip,17374.6747,NA,13.85560000000000,13.92050000000000,0.11350000000000,0.76530000000000,20.7699,17360.9638,13.8244,13.7109,0.1135,0.6472,13.8290,5.5962,8.2328,6.9097,17360.9638,NA
parkey.exe,2536,0x1B07C054F10,DXGI,1,0,0,Composed: Flip,17388.5790,NA,13.90430000000000,20.81380000000000,0.12880000000000,0.84260000000000,27.6794,17374.7882,13.9196,13.7908,0.1288,0.6518,13.9816,5.6496,8.3320,-6.9894,17374.7882,NA
parkey.exe,2536,0x1B07C054F10,DXGI,1,0,0,Composed: Flip,17409.4498,NA,20.87080000000000,13.89400000000000,0.13600000000000,0.76400000000000,20.7026,17388.7078,20.8780,20.7420,0.1360,0.7138,20.7922,6.9978,13.7944,0.0256,17388.7078,NA
parkey.exe,2536,0x1B07C054F10,DXGI,1,0,0,Composed: Flip,17423.3082,NA,13.85840000000000,20.84280000000000,0.13600000000000,0.41230000000000,27.6870,17409.5858,13.8584,13.7224,0.1360,0.6280,13.5067,5.2430,8.2637,0.0352,17409.5858,NA
parkey.exe,2536,0x1B07C054F10,DXGI,1,0,0,Composed: Flip,17444.1834,NA,20.87520000000000,20.77860000000000,0.12540000000000,0.78510000000000,27.5904,17423.4442,20.8646,20.7392,0.1254,0.3180,21.2063,7.0671,14.1392,-6.9202,17423.4442,NA
parkey.exe,2536,0x1B07C054F10,DXGI,1,0,0,Composed: Flip,17458.0796,NA,13.89620000000000,7.04580000000000,0.10430000000000,0.76740000000000,20.7400,17444.3088,13.8751,13.7708,0.1043,0.6597,13.8785,6.2179,7.6606,13.8188,17444.3088,NA
parkey.exe,2536,0x1B07C054F10,DXGI,1,0,0,Composed: Flip,17471.9250,NA,13.84540000000000,20.78890000000000,0.14910000000000,0.76710000000000,27.6835,17458.1839,13.8902,13.7411,0.1491,0.6631,13.8451,6.0094,7.8357,-6.9138,17458.1839,NA
parkey.exe,2536,0x1B07C054F10,DXGI,1,0,0,Composed: Flip,17492.7997,NA,20.87470000000000,13.89010000000000,0.14910000000000,0.78180000000000,20.6989,17472.0741,20.8747,20.7256,0.1491,0.6180,20.8894,6.9618,13.9276,0.0001,17472.0741,NA
parkey.exe,2536,0x1B07C054F10,DXGI,1,0,0,Composed: Flip,17506.7413,NA,13.94160000000000,20.83380000000000,0.12260000000000,0.68380000000000,27.5911,17492.9488,13.9151,13.7925,0.1226,0.6327,13.8436,5.5251,8.3185,0.0409,17492.9488,NA
parkey.exe,2536,0x1B07C054F10,DXGI,1,0,0,Composed: Flip,17527.4887,NA,20.74740000000000,13.89040000000000,0.12700000000000,0.76970000000000,20.7341,17506.8639,20.7518,20.6248,0.1270,0.5612,20.8333,5.6241,15.2092,0.0247,17506.8639,NA
parkey.exe,2536,0x1B07C054F10,DXGI,1,0,0,Composed: Flip,17541.3715,NA,13.88280000000000,13.95780000000000,0.10870000000000,0.77760000000000,20.8091,17527.6157,13.8645,13.7558,0.1087,0.6427,13.8907,5.6078,8.2829,6.7940,17527.6157,NA
parkey.exe,2536,0x1B07C054F10,DXGI,1,0,0,Composed: Flip,17555.2634,NA,13.89190000000000,20.78300000000000,0.15780000000000,0.77090000000000,27.7002,17541.4802,13.9410,13.7832,0.1578,0.6689,13.8852,5.5972,8.2880,-6.9185,17541.4802,NA
parkey.exe,2536,0x1B07C054F10,DXGI,1,0,0,Composed: Flip,17576.1417,NA,20.87830000000000,13.89820000000000,0.13780000000000,0.76640000000000,20.7201,17555.4212,20.8583,20.7205,0.1378,0.6131,20.8738,6.9804,13.8934,0.0428,17555.4212,NA
parkey.exe,2536,0x1B07C054F10,DXGI,1,0,0,Composed: Flip,17590.0110,NA,13.86930000000000,20.82760000000000,0.10050000000000,0.95680000000000,27.6784,17576.2795,13.8320,13.7315,0.1005,0.6286,14.0597,5.7582,8.3015,0.0307,17576.2795,NA
parkey.exe,2536,0x1B07C054F10,DXGI,1,0,0,Composed: Flip,17610.9037,NA,20.89270000000000,13.89150000000000,0.19090000000000,0.75220000000000,20.6772,17590.1115,20.9831,20.7922,0.1909,0.8563,20.6881,6.8538,13.8343,-0.0595,17590.1115,NA
parkey.exe,2536,0x1B07C054F10,DXGI,1,0,0,Composed: Flip,17624.7188,NA,13.81510000000000,13.97580000000000,0.10630000000000,0.76720000000000,20.8379,17611.0946,13.7305,13.6242,0.1063,0.5613,13.8301,5.6080,8.2221,7.0073,17611.0946,NA
parkey.exe,2536,0x1B07C054F10,DXGI,1,0,0,Composed: Flip,17638.6042,NA,13.88540000000000,20.76200000000000,0.10770000000000,0.77500000000000,27.7145,17624.8251,13.8868,13.7791,0.1077,0.6609,13.8932,5.6072,8.2860,-7.0315,17624.8251,NA
parkey.exe,2536,0x1B07C054F10,DXGI,1,0,0,Composed: Flip,17659.5174,NA,20.91320000000000,13.90360000000000,0.13810000000000,0.78630000000000,20.7049,17638.7119,20.9436,20.8055,0.1381,0.6673,20.9245,6.9701,13.9544,-0.0168,17638.7119,NA
parkey.exe,2536,0x1B07C054F10,DXGI,1,0,0,Composed: Flip,17673.4506,NA,13.93320000000000,20.81680000000000,0.17270000000000,0.76360000000000,27.5885,17659.6555,13.9678,13.7951,0.1727,0.6482,13.9105,5.5863,8.3242,0.1268,17659.6555,NA
parkey.exe,2536,0x1B07C054F10,DXGI,1,0,0,Composed: Flip,17694.2650,NA,20.81440000000000,13.88250000000000,0.14890000000000,0.76600000000000,20.6566,17673.6233,20.7906,20.6417,0.1489,0.5909,20.8168,6.7787,14.0381,0.0853,17673.6233,NA
parkey.exe,2536,0x1B07C054F10,DXGI,1,0,0,Composed: Flip,17708.3091,NA,14.04410000000000,13.89820000000000,0.15960000000000,0.76250000000000,20.5107,17694.4139,14.0548,13.8952,0.1596,0.6171,14.0406,5.6171,8.4235,6.8924,17694.4139,NA
parkey.exe,2536,0x1B07C054F10,DXGI,1,0,0,Composed: Flip,17721.9498,NA,13.64070000000000,20.83350000000000,0.09960000000000,0.79010000000000,27.7035,17708.4687,13.5807,13.4811,0.0996,0.6029,13.6683,5.6143,8.0540,-6.7787,17708.4687,NA
parkey.exe,2536,0x1B07C054F10,DXGI,1,0,0,Composed: Flip,17742.8553,NA,20.90550000000000,13.89720000000000,0.15530000000000,0.78670000000000,20.6952,17722.0494,20.9612,20.8059,0.1553,0.6905,20.9021,7.0077,13.8944,-0.3165,17722.0494,NA
parkey.exe,2536,0x1B07C054F10,DXGI,1,0,0,Composed: Flip,17756.7353,NA,13.88000000000000,20.82590000000000,0.11800000000000,0.71450000000000,27.6411,17743.0106,13.8427,13.7247,0.1180,0.6314,13.8078,5.5515,8.2563,0.1353,17743.0106,NA
parkey.exe,2536,0x1B07C054F10,DXGI,1,0,0,Composed: Flip,17777.5498,NA,20.81450000000000,13.88810000000000,0.11320000000000,0.76600000000000,20.7147,17756.8533,20.8097,20.6965,0.1132,0.5965,20.8660,6.7648,14.1012,-0.0454,17756.8533,NA
parkey.exe,2536,0x1B07C054F10,DXGI,1,0,0,Composed: Flip,17791.4768,NA,13.92700000000000,13.91990000000000,0.11880000000000,0.79460000000000,20.7076,17777.6630,13.9326,13.8138,0.1188,0.6528,13.9556,5.6315,8.3241,6.8898,17777.6630,NA
parkey.exe,2536,0x1B07C054F10,DXGI,1,0,0,Composed: Flip,17805.3298,NA,13.85300000000000,20.80410000000000,0.14440000000000,0.78680000000000,27.6587,17791.5956,13.8786,13.7342,0.1444,0.6758,13.8452,5.6212,8.2240,-6.8715,17791.5956,NA
parkey.exe,2536,0x1B07C054F10,DXGI,1,0,0,Composed: Flip,17826.1815,NA,20.85170000000000,13.91950000000000,0.12790000000000,0.78200000000000,20.7265,17805.4742,20.8352,20.7073,0.1279,0.6424,20.8469,7.0383,13.8086,-0.0409,17805.4742,NA
parkey.exe,2536,0x1B07C054F10,DXGI,1,0,0,Composed: Flip,17840.0403,NA,13.85880000000000,20.81370000000000,0.10930000000000,0.80840000000000,27.6814,17826.3094,13.8402,13.7309,0.1093,0.6541,13.8852,5.6310,8.2542,0.0215,17826.3094,NA
parkey.exe,2536,0x1B07C054F10,DXGI,1,0,0,Composed: Flip,17860.9078,NA,20.86750000000000,13.88620000000000,0.14710000000000,0.78860000000000,20.7001,17840.1496,20.9053,20.7582,0.1471,0.6991,20.8477,6.8510,13.9967,-0.0460,17840.1496,NA
parkey.exe,2536,0x1B07C054F10,DXGI,1,0,0,Composed: Flip,17874.7740,NA,13.86620000000000,13.94460000000000,0.10520000000000,0.76810000000000,20.7785,17861.0549,13.8243,13.7191,0.1052,0.6415,13.8457,5.6340,8.2117,6.9607,17861.0549,NA
parkey.exe,2536,0x1B07C054F10,DXGI,1,0,0,Composed: Flip,17888.6578,NA,13.88380000000000,20.79600000000000,0.11210000000000,0.79200000000000,27.6907,17874.8792,13.8907,13.7786,0.1121,0.6629,13.9077,5.6381,8.2696,-6.9717,17874.8792,NA
parkey.exe,2536,0x1B07C054F10,DXGI,1,0,0,Composed: Flip,17909.5345,NA,20.87670000000000,13.90150000000000,0.13560000000000,0.75770000000000,20.7155,17888.7699,20.9002,20.7646,0.1356,0.6799,20.8424,7.0294,13.8130,-0.0108,17888.7699,NA
parkey.exe,2536,0x1B07C054F10,DXGI,1,0,0,Composed: Flip,17923.3933,NA,13.85880000000000,20.82910000000000,0.14780000000000,0.76530000000000,27.6858,17909.6701,13.8710,13.7232,0.1478,0.6221,13.8664,5.5833,8.2831,0.0711,17909.6701,NA
parkey.exe,2536,0x1B07C054F10,DXGI,1,0,0,Composed: Flip,17944.2422,NA,20.84890000000000,13.89060000000000,0.10990000000000,0.77860000000000,20.7275,17923.5411,20.8110,20.7011,0.1099,0.6175,20.8622,6.8137,14.0485,-0.0196,17923.5411,NA
parkey.exe,2536,0x1B07C054F10,DXGI,1,0,0,Composed: Flip,17958.1013,NA,13.85910000000000,13.88570000000000,0.14080000000000,0.76100000000000,20.7541,17944.3521,13.8900,13.7492,0.1408,0.6687,13.8415,5.5951,8.2464,6.9253,17944.3521,NA
parkey.exe,2536,0x1B07C054F10,DXGI,1,0,0,Composed: Flip,17972.0082,NA,13.90690000000000,20.83880000000000,0.11230000000000,0.76550000000000,27.6860,17958.2421,13.8784,13.7661,0.1123,0.6202,13.9114,5.5884,8.3230,-6.9488,17958.2421,NA
parkey.exe,2536,0x1B07C054F10,DXGI,1,0,0,Composed: Flip,17992.8864,NA,20.87820000000000,13.89310000000000,0.15560000000000,0.76470000000000,20.7009,17972.1205,20.9215,20.7659,0.1556,0.6532,20.8774,6.9680,13.9094,-0.0147,17972.1205,NA
parkey.exe,2536,0x1B07C054F10,DXGI,1,0,0,Composed: Flip,18006.7602,NA,13.87380000000000,20.83440000000000,0.11980000000000,0.77440000000000,27.6615,17993.0420,13.8380,13.7182,0.1198,0.6091,13.8835,5.6349,8.2486,0.0871,17993.0420,NA
parkey.exe,2536,0x1B07C054F10,DXGI,1,0,0,Composed: Flip,18027.6171,NA,20.85690000000000,13.90260000000000,0.12510000000000,0.75650000000000,20.7072,18006.8800,20.8622,20.7371,0.1251,0.6546,20.8390,5.5864,15.2526,-0.0646,18006.8800,NA
parkey.exe,2536,0x1B07C054F10,DXGI,1,0,0,Composed: Flip,18041.5174,NA,13.90030000000000,13.89300000000000,0.11920000000000,0.76130000000000,20.6999,18027.7422,13.8944,13.7752,0.1192,0.6314,13.9051,5.6096,8.2955,6.9692,18027.7422,NA
parkey.exe,2536,0x1B07C054F10,DXGI,1,0,0,Composed: Flip,18055.3693,NA,13.85190000000000,20.82100000000000,0.14590000000000,0.76900000000000,27.6690,18041.6366,13.8786,13.7327,0.1459,0.6421,13.8596,5.6085,8.2511,-6.9266,18041.6366,NA
parkey.exe,2536,0x1B07C054F10,DXGI,1,0,0,Composed: Flip,18076.2617,NA,20.89240000000000,13.91260000000000,0.15520000000000,0.76550000000000,20.6892,18055.5152,20.9017,20.7465,0.1552,0.6231,20.8889,7.0011,13.8878,-0.0340,18055.5152,NA
parkey.exe,2536,0x1B07C054F10,DXGI,1,0,0,Composed: Flip,18090.2803,NA,14.01860000000000,20.82470000000000,0.14860000000000,0.76950000000000,27.4953,18076.4169,14.0120,13.8634,0.1486,0.6103,14.0226,5.6661,8.3565,0.0770,18076.4169,NA
parkey.exe,2536,0x1B07C054F10,DXGI,1,0,0,Composed: Flip,18111.0059,NA,20.72560000000000,13.87610000000000,0.18510000000000,0.77620000000000,20.6458,18090.4289,20.7621,20.5770,0.1851,0.6209,20.7323,6.9716,13.7607,0.1359,18090.4289,NA
parkey.exe,2536,0x1B07C054F10,DXGI,1,0,0,Composed: Flip,18124.7982,NA,13.79230000000000,13.92170000000000,0.10220000000000,0.76490000000000,20.7752,18111.1910,13.7094,13.6072,0.1022,0.5911,13.7810,5.6243,8.1567,6.8404,18111.1910,NA
parkey.exe,2536,0x1B07C054F10,DXGI,1,0,0,Composed: Flip,18138.6884,NA,13.89020000000000,20.82370000000000,0.09360000000000,0.76990000000000,27.7087,18124.9004,13.8816,13.7880,0.0936,0.6627,13.8952,5.6131,8.2821,-7.1143,18124.9004,NA
parkey.exe,2536,0x1B07C054F10,DXGI,1,0,0,Composed: Flip,18159.5900,NA,20.90160000000000,13.89570000000000,0.12000000000000,0.77980000000000,20.7028,18138.7820,20.9280,20.8080,0.1200,0.6763,20.9115,7.0239,13.8876,-0.0141,18138.7820,NA
parkey.exe,2536,0x1B07C054F10,DXGI,1,0,0,Composed: Flip,18173.4620,NA,13.87200000000000,20.82500000000000,0.12690000000000,0.77340000000000,27.6558,18159.7100,13.8789,13.7520,0.1269,0.6598,13.8656,5.6327,8.2329,0.1030,18159.7100,NA
parkey.exe,2536,0x1B07C054F10,DXGI,1,0,0,Composed: Flip,18194.3108,NA,20.84880000000000,13.89230000000000,0.13180000000000,0.76300000000000,20.6993,18173.5889,20.8537,20.7219,0.1318,0.6465,20.8384,6.7679,14.0705,-0.0134,18173.5889,NA
parkey.exe,2536,0x1B07C054F10,DXGI,1,0,0,Composed: Flip,18208.1540,NA,13.84320000000000,20.83550000000000,0.10430000000000,0.76120000000000,27.6916,18194.4426,13.8157,13.7114,0.1043,0.6312,13.8414,5.6231,8.2183,0.0182,18194.4426,NA
parkey.exe,2536,0x1B07C054F10,DXGI,1,0,0,Composed: Flip,18229.0271,NA,20.87310000000000,13.89030000000000,0.14630000000000,0.77910000000000,20.7088,18208.2583,20.9151,20.7688,0.1463,0.6569,20.8910,5.6174,15.2736,-0.0746,18208.2583,NA
parkey.exe,2536,0x1B07C054F10,DXGI,1,0,0,Composed: Flip,18242.9218,NA,13.89470000000000,13.91200000000000,0.14760000000000,0.76190000000000,20.7261,18229.1734,13.8960,13.7484,0.1476,0.6328,13.8775,5.6267,8.2508,7.0031,18229.1734,NA
parkey.exe,2536,0x1B07C054F10,DXGI,1,0,0,Composed: Flip,18256.8787,NA,13.95690000000000,20.81770000000000,0.12490000000000,0.76760000000000,27.5869,18243.0694,13.9342,13.8093,0.1249,0.6143,13.9626,5.6071,8.3555,-6.9217,18243.0694,NA
parkey.exe,2536,0x1B07C054F10,DXGI,1,0,0,Composed: Flip,18277.6354,NA,20.75670000000000,13.88140000000000,0.11050000000000,0.76740000000000,20.7116,18257.0036,20.7423,20.6318,0.1105,0.6427,20.7565,6.9650,13.7915,0.0528,18257.0036,NA
parkey.exe,2536,0x1B07C054F10,DXGI,1,0,0,Composed: Flip,18291.5178,NA,13.88240000000000,20.84810000000000,0.10400000000000,0.75760000000000,27.6773,18277.7459,13.8759,13.7719,0.1040,0.6569,13.8726,5.6100,8.2626,-0.1058,18277.7459,NA
parkey.exe,2536,0x1B07C054F10,DXGI,1,0,0,Composed: Flip,18312.3902,NA,20.87240000000000,13.88360000000000,0.17360000000000,0.76170000000000,20.6885,18291.6218,20.9420,20.7684,0.1736,0.6536,20.8765,5.5849,15.2916,-0.0077,18291.6218,NA
parkey.exe,2536,0x1B07C054F10,DXGI,1,0,0,Composed: Flip,18326.2636,NA,13.87340000000000,13.89700000000000,0.12330000000000,0.75810000000000,20.7121,18312.5638,13.8231,13.6998,0.1233,0.5881,13.8698,5.5865,8.2833,7.0450,18312.5638,NA
parkey.exe,2536,0x1B07C054F10,DXGI,1,0,0,Composed: Flip,18340.2714,NA,14.00780000000000,20.84440000000000,0.15850000000000,0.77380000000000,27.5487,18326.3869,14.0430,13.8845,0.1585,0.6348,14.0235,5.6408,8.3827,-7.0213,18326.3869,NA
parkey.exe,2536,0x1B07C054F10,DXGI,1,0,0,Composed: Flip,18361.0182,NA,20.74680000000000,13.87660000000000,0.13390000000000,0.79420000000000,20.6785,18340.4299,20.7222,20.5883,0.1339,0.6153,20.7672,6.7475,14.0197,0.1664,18340.4299,NA
parkey.exe,2536,0x1B07C054F10,DXGI,1,0,0,Composed: Flip,18374.8533,NA,13.83510000000000,20.84910000000000,0.12000000000000,0.75890000000000,27.6925,18361.1521,13.8212,13.7012,0.1200,0.6603,13.7998,5.5994,8.2004,-0.1269,18361.1521,NA
parkey.exe,2536,0x1B07C054F10,DXGI,1,0,0,Composed: Flip,18395.7241,NA,20.87080000000000,13.89920000000000,0.13690000000000,0.76750000000000,20.7209,18374.9733,20.8877,20.7508,0.1369,0.6389,20.8794,5.5961,15.2833,-0.0780,18374.9733,NA
parkey.exe,2536,0x1B07C054F10,DXGI,1,0,0,Composed: Flip,18409.5985,NA,13.87440000000000,13.88440000000000,0.11190000000000,0.75850000000000,20.7309,18395.8610,13.8494,13.7375,0.1119,0.6306,13.8654,5.5721,8.2933,7.0033,18395.8610,NA
parkey.exe,2536,0x1B07C054F10,DXGI,1,0,0,Composed: Flip,18423.6127,NA,14.01420000000000,20.82770000000000,0.14220000000000,0.65290000000000,27.5444,18409.7104,14.0445,13.9023,0.1422,0.6466,13.9086,5.4630,8.4456,-6.9783,18409.7104,NA
parkey.exe,2536,0x1B07C054F10,DXGI,1,0,0,Composed: Flip,18444.3544,NA,20.74170000000000,13.90730000000000,0.15170000000000,0.77320000000000,20.7100,18423.7549,20.7512,20.5995,0.1517,0.5107,20.8620,6.9644,13.8976,0.1372,18423.7549,NA
parkey.exe,2536,0x1B07C054F10,DXGI,1,0,0,Composed: Flip,18458.2263,NA,13.87190000000000,20.83970000000000,0.11950000000000,0.40620000000000,27.6778,18444.5061,13.8397,13.7202,0.1195,0.6215,13.5049,5.2607,8.2442,-0.0885,18444.5061,NA
parkey.exe,2536,0x1B07C054F10,DXGI,1,0,0,Composed: Flip,18479.0886,NA,20.86230000000000,13.87770000000000,0.15990000000000,0.78910000000000,20.6932,18458.3458,20.9027,20.7428,0.1599,0.3143,21.2176,6.3670,14.8506,-0.0380,18458.3458,NA
parkey.exe,2536,0x1B07C054F10,DXGI,1,0,0,Composed: Flip,18492.9568,NA,13.86820000000000,13.92620000000000,0.12320000000000,0.76620000000000,20.7512,18479.2485,13.8315,13.7083,0.1232,0.6292,13.8453,5.6424,8.2029,6.9765,18479.2485,NA
parkey.exe,2536,0x1B07C054F10,DXGI,1,0,0,Composed: Flip,18506.9456,NA,13.98880000000000,20.80760000000000,0.15330000000000,0.67720000000000,27.5700,18493.0800,14.0189,13.8656,0.1533,0.6430,13.8998,5.5613,8.3385,-6.9761,18493.0800,NA
parkey.exe,2536,0x1B07C054F10,DXGI,1,0,0,Composed: Flip,18527.7126,NA,20.76700000000000,13.86910000000000,0.12980000000000,0.76030000000000,20.6721,18507.0989,20.7435,20.6137,0.1298,0.5239,20.8501,6.3779,14.4722,0.1498,18507.0989,NA
parkey.exe,2536,0x1B07C054F10,DXGI,1,0,0,Composed: Flip,18541.6278,NA,13.91520000000000,20.86950000000000,0.13640000000000,0.84790000000000,27.6264,18527.8424,13.9218,13.7854,0.1364,0.6305,14.0028,5.6869,8.3159,-0.1260,18527.8424,NA
parkey.exe,2536,0x1B07C054F10,DXGI,1,0,0,Composed: Flip,18562.4556,NA,20.82780000000000,13.87440000000000,0.15320000000000,0.79760000000000,20.6730,18541.7642,20.8446,20.6914,0.1532,0.7115,20.7775,6.6690,14.1085,0.0474,18541.7642,NA
parkey.exe,2536,0x1B07C054F10,DXGI,1,0,0,Composed: Flip,18576.3359,NA,13.88030000000000,13.91360000000000,0.13330000000000,0.37580000000000,20.7063,18562.6088,13.8604,13.7271,0.1333,0.6444,13.4585,5.2267,8.2318,6.9310,18562.6088,NA
parkey.exe,2536,0x1B07C054F10,DXGI,1,0,0,Composed: Flip,18590.3246,NA,13.98870000000000,20.82090000000000,0.14180000000000,0.57920000000000,27.5385,18576.4692,13.9972,13.8554,0.1418,0.2921,14.1425,6.2181,7.9244,-6.9605,18576.4692,NA
parkey.exe,2536,0x1B07C054F10,DXGI,1,0,0,Composed: Flip,18611.0447,NA,20.72010000000000,13.90100000000000,0.13730000000000,0.76250000000000,20.7194,18590.4664,20.7156,20.5783,0.1373,0.4374,20.9034,6.7918,14.1116,0.0962,18590.4664,NA
parkey.exe,2536,0x1B07C054F10,DXGI,1,0,0,Composed: Flip,18624.9195,NA,13.87480000000000,20.82350000000000,0.12320000000000,0.64210000000000,27.6681,18611.1820,13.8607,13.7375,0.1232,0.6252,13.7544,5.4881,8.2663,-0.1079,18611.1820,NA
parkey.exe,2536,0x1B07C054F10,DXGI,1,0,0,Composed: Flip,18645.7786,NA,20.85910000000000,13.91810000000000,0.13300000000000,0.79210000000000,20.7271,18625.0427,20.8689,20.7359,0.1330,0.5189,21.0091,5.5858,15.4233,-0.0574,18625.0427,NA
parkey.exe,2536,0x1B07C054F10,DXGI,1,0,0,Composed: Flip,18659.6556,NA,13.87700000000000,13.86790000000000,0.12270000000000,0.78940000000000,20.7180,18645.9116,13.8667,13.7440,0.1227,0.6591,13.8743,5.6385,8.2358,7.0010,18645.9116,NA
parkey.exe,2536,0x1B07C054F10,DXGI,1,0,0,Composed: Flip,18673.5592,NA,13.90360000000000,20.83650000000000,0.22390000000000,0.70230000000000,27.6509,18659.7783,14.0048,13.7809,0.2239,0.6667,13.8165,5.5332,8.2833,-6.9698,18659.7783,NA
parkey.exe,2536,0x1B07C054F10,DXGI,1,0,0,Composed: Flip,18694.4033,NA,20.84410000000000,13.88370000000000,0.15720000000000,0.76420000000000,20.6905,18673.7831,20.7774,20.6202,0.1572,0.4784,20.9060,6.7223,14.1837,0.1211,18673.7831,NA
parkey.exe,2536,0x1B07C054F10,DXGI,1,0,0,Composed: Flip,18708.2656,NA,13.86230000000000,20.83860000000000,0.11480000000000,0.75780000000000,27.6668,18694.5605,13.8199,13.7051,0.1148,0.6070,13.8559,5.6047,8.2512,-0.0612,18694.5605,NA
parkey.exe,2536,0x1B07C054F10,DXGI,1,0,0,Composed: Flip,18729.1132,NA,20.84760000000000,13.89480000000000,0.12730000000000,0.77690000000000,20.7140,18708.3804,20.8601,20.7328,0.1273,0.6430,20.8667,5.6144,15.2523,-0.0749,18708.3804,NA
parkey.exe,2536,0x1B07C054F10,DXGI,1,0,0,Composed: Flip,18742.9817,NA,13.86850000000000,13.90400000000000,0.10320000000000,0.78230000000000,20.7495,18729.2405,13.8444,13.7412,0.1032,0.6496,13.8739,5.6585,8.2154,6.9561,18729.2405,NA
parkey.exe,2536,0x1B07C054F10,DXGI,1,0,0,Composed: Flip,18756.9230,NA,13.94130000000000,20.84150000000000,0.16800000000000,0.78780000000000,27.6497,18743.0849,14.0061,13.8381,0.1680,0.6791,13.9468,5.6457,8.3011,-6.9971,18743.0849,NA
parkey.exe,2536,0x1B07C054F10,DXGI,1,0,0,Composed: Flip,18777.7837,NA,20.86070000000000,13.89440000000000,0.14030000000000,0.76220000000000,20.6834,18757.0910,20.8330,20.6927,0.1403,0.6198,20.8351,6.7298,14.1053,0.1117,18757.0910,NA
parkey.exe,2536,0x1B07C054F10,DXGI,1,0,0,Composed: Flip,18791.6946,NA,13.91090000000000,20.82890000000000,0.12490000000000,0.71960000000000,27.6014,18777.9240,13.8955,13.7706,0.1249,0.6219,13.8683,5.5489,8.3194,0.0041,18777.9240,NA
parkey.exe,2536,0x1B07C054F10,DXGI,1,0,0,Composed: Flip,18812.4601,NA,20.76550000000000,13.87750000000000,0.16170000000000,0.76390000000000,20.7134,18791.8195,20.8023,20.6406,0.1617,0.5947,20.8098,6.7533,14.0565,0.0180,18791.8195,NA
parkey.exe,2536,0x1B07C054F10,DXGI,1,0,0,Composed: Flip,18826.3813,NA,13.92120000000000,13.89550000000000,0.13050000000000,0.78270000000000,20.6877,18812.6218,13.8900,13.7595,0.1305,0.6022,13.9400,5.6304,8.3096,6.9068,18812.6218,NA
parkey.exe,2536,0x1B07C054F10,DXGI,1,0,0,Composed: Flip,18840.2696,NA,13.88830000000000,20.82420000000000,0.14460000000000,0.78930000000000,27.6236,18826.5118,13.9024,13.7578,0.1446,0.6522,13.8949,5.5997,8.2952,-6.9342,18826.5118,NA
parkey.exe,2536,0x1B07C054F10,DXGI,1,0,0,Composed: Flip,18861.0773,NA,20.80770000000000,13.89610000000000,0.15290000000000,0.77760000000000,20.7120,18840.4142,20.8160,20.6631,0.1529,0.6447,20.7960,6.7508,14.0452,0.0063,18840.4142,NA
parkey.exe,2536,0x1B07C054F10,DXGI,1,0,0,Composed: Flip,18874.9732,NA,13.89590000000000,20.84660000000000,0.11930000000000,0.65260000000000,27.6627,18861.2302,13.8623,13.7430,0.1193,0.6247,13.7709,5.5090,8.2619,-0.0306,18861.2302,NA
parkey.exe,2536,0x1B07C054F10,DXGI,1,0,0,Composed: Flip,18895.8057,NA,20.83250000000000,13.89240000000000,0.12740000000000,0.76960000000000,20.7226,18875.0925,20.8406,20.7132,0.1274,0.5333,20.9495,5.6235,15.3260,-0.0301,18875.0925,NA
parkey.exe,2536,0x1B07C054F10,DXGI,1,0,0,Composed: Flip,18909.9773,NA,14.17160000000000,13.90590000000000,0.12440000000000,0.88770000000000,20.4569,18895.9331,14.1686,14.0442,0.1244,0.6422,14.2897,5.7192,8.5705,6.9347,18895.9331,NA
parkey.exe,2536,0x1B07C054F10,DXGI,1,0,0,Composed: Flip,18923.5947,NA,13.61740000000000,20.81480000000000,0.13060000000000,1.05370000000000,27.6543,18910.1017,13.6236,13.4930,0.1306,0.7633,13.7834,5.3992,8.3842,-6.6462,18910.1017,NA
parkey.exe,2536,0x1B07C054F10,DXGI,1,0,0,Composed: Flip,18944.4436,NA,20.84890000000000,13.88970000000000,0.15180000000000,0.78960000000000,20.6951,18923.7253,20.8701,20.7183,0.1518,0.9231,20.5848,6.8922,13.6926,-0.2661,18923.7253,NA
parkey.exe,2536,0x1B07C054F10,DXGI,1,0,0,Composed: Flip,18958.2989,NA,13.85530000000000,20.84880000000000,0.10560000000000,0.66680000000000,27.6886,18944.5954,13.8091,13.7035,0.1056,0.6378,13.7325,5.4960,8.2365,0.0213,18944.5954,NA
parkey.exe,2536,0x1B07C054F10,DXGI,1,0,0,Composed: Flip,18979.1819,NA,20.88300000000000,13.88360000000000,0.14790000000000,0.78280000000000,20.6892,18958.4045,20.9253,20.7774,0.1479,0.5612,20.9990,5.6481,15.3509,-0.0745,18958.4045,NA
parkey.exe,2536,0x1B07C054F10,DXGI,1,0,0,Composed: Flip,18993.0406,NA,13.85870000000000,13.91080000000000,0.12420000000000,0.76910000000000,20.7413,18979.3298,13.8350,13.7108,0.1242,0.6349,13.8450,5.5956,8.2494,7.0145,18979.3298,NA
parkey.exe,2536,0x1B07C054F10,DXGI,1,0,0,Composed: Flip,19006.9466,NA,13.90600000000000,20.81110000000000,0.16710000000000,1.05390000000000,27.6464,18993.1648,13.9489,13.7818,0.1671,0.6449,14.1908,5.8929,8.2979,-6.9761,18993.1648,NA
parkey.exe,2536,0x1B07C054F10,DXGI,1,0,0,Composed: Flip,19027.7765,NA,20.82990000000000,13.90130000000000,0.12470000000000,0.76070000000000,20.7178,19007.1137,20.7875,20.6628,0.1247,0.8868,20.5367,6.9308,13.6059,0.0476,19007.1137,NA
parkey.exe,2536,0x1B07C054F10,DXGI,1,0,0,Composed: Flip,19041.6706,NA,13.89410000000000,20.83560000000000,0.12130000000000,0.71560000000000,27.6593,19027.9012,13.8907,13.7694,0.1213,0.6360,13.8490,5.5357,8.3133,-0.0481,19027.9012,NA
parkey.exe,2536,0x1B07C054F10,DXGI,1,0,0,Composed: Flip,19062.5025,NA,20.83190000000000,13.89410000000000,0.16090000000000,0.79480000000000,20.7215,19041.7919,20.8715,20.7106,0.1609,0.5943,20.9111,6.7655,14.1456,-0.0034,19041.7919,NA
parkey.exe,2536,0x1B07C054F10,DXGI,1,0,0,Composed: Flip,19076.4122,NA,13.90970000000000,13.89270000000000,0.11420000000000,0.78230000000000,20.7045,19062.6634,13.8630,13.7488,0.1142,0.6339,13.8972,5.6046,8.2926,6.9788,19062.6634,NA
parkey.exe,2536,0x1B07C054F10,DXGI,1,0,0,Composed: Flip,19090.2852,NA,13.87300000000000,20.82420000000000,0.16660000000000,0.50190000000000,27.6557,19076.5264,13.9254,13.7588,0.1666,0.6681,13.5926,5.3285,8.2641,-6.9612,19076.5264,NA
parkey.exe,2536,0x1B07C054F10,DXGI,1,0,0,Composed: Flip,19111.1607,NA,20.87550000000000,13.90520000000000,0.17290000000000,0.76790000000000,20.6854,19090.4518,20.8818,20.7089,0.1729,0.3901,21.0867,7.2068,13.8799,0.0202,19090.4518,NA
parkey.exe,2536,0x1B07C054F10,DXGI,1,0,0,Composed: Flip,19125.0073,NA,13.84660000000000,20.83410000000000,0.12550000000000,0.75430000000000,27.6729,19111.3336,13.7992,13.6737,0.1255,0.5950,13.8330,5.6107,8.2223,0.0477,19111.3336,NA
parkey.exe,2536,0x1B07C054F10,DXGI,1,0,0,Composed: Flip,19145.8974,NA,20.89010000000000,13.89870000000000,0.14310000000000,0.78330000000000,20.6815,19125.1328,20.9077,20.7646,0.1431,0.6288,20.9191,6.8174,14.1017,-0.0995,19125.1328,NA
parkey.exe,2536,0x1B07C054F10,DXGI,1,0,0,Composed: Flip,19159.7744,NA,13.87700000000000,13.90470000000000,0.12480000000000,0.77050000000000,20.7092,19146.0405,13.8587,13.7339,0.1248,0.6402,13.8642,5.6262,8.2380,7.0030,19146.0405,NA
parkey.exe,2536,0x1B07C054F10,DXGI,1,0,0,Composed: Flip,19173.6884,NA,13.91400000000000,20.83770000000000,0.16220000000000,0.95480000000000,27.6329,19159.8992,13.9514,13.7892,0.1622,0.6457,14.0983,5.8132,8.2851,-6.9790,19159.8992,NA
parkey.exe,2536,0x1B07C054F10,DXGI,1,0,0,Composed: Flip,19194.5068,NA,20.81840000000000,13.86830000000000,0.17520000000000,0.76120000000000,20.6828,19173.8506,20.8314,20.6562,0.1752,0.7926,20.6248,6.8924,13.7324,0.0831,19173.8506,NA
parkey.exe,2536,0x1B07C054F10,DXGI,1,0,0,Composed: Flip,19208.3958,NA,13.88900000000000,20.84800000000000,0.14690000000000,0.75360000000000,27.6418,19194.6820,13.8607,13.7138,0.1469,0.5860,13.8814,5.5835,8.2979,-0.0166,19194.6820,NA
parkey.exe,2536,0x1B07C054F10,DXGI,1,0,0,Composed: Flip,19229.2195,NA,20.82370000000000,13.86560000000000,0.14170000000000,0.76240000000000,20.6837,19208.5427,20.8185,20.6768,0.1417,0.6067,20.8325,5.6116,15.2209,-0.0049,19208.5427,NA
parkey.exe,2536,0x1B07C054F10,DXGI,1,0,0,Composed: Flip,19243.0933,NA,13.87380000000000,13.89380000000000,0.12640000000000,0.77210000000000,20.7037,19229.3612,13.8585,13.7321,0.1264,0.6207,13.8835,5.5852,8.2983,6.9247,19229.3612,NA
parkey.exe,2536,0x1B07C054F10,DXGI,1,0,0,Composed: Flip,19257.0230,NA,13.92970000000000,20.85590000000000,0.23160000000000,1.04930000000000,27.6299,19243.2197,14.0349,13.8033,0.2316,0.6457,14.2069,5.8924,8.3145,-6.9974,19243.2197,NA
parkey.exe,2536,0x1B07C054F10,DXGI,1,0,0,Composed: Flip,19277.8391,NA,20.81610000000000,13.90480000000000,0.13080000000000,0.76380000000000,20.7186,19257.2546,20.7153,20.5845,0.1308,0.8177,20.5306,7.0811,13.4495,0.1301,19257.2546,NA
parkey.exe,2536,0x1B07C054F10,DXGI,1,0,0,Composed: Flip,19291.7151,NA,13.87600000000000,20.82400000000000,0.11610000000000,0.66590000000000,27.6666,19277.9699,13.8613,13.7452,0.1161,0.6330,13.7781,5.4986,8.2795,-0.1087,19277.9699,NA
parkey.exe,2536,0x1B07C054F10,DXGI,1,0,0,Composed: Flip,19312.5930,NA,20.87790000000000,13.88650000000000,0.16250000000000,0.76170000000000,20.6752,19291.8312,20.9243,20.7618,0.1625,0.5498,20.9737,6.7622,14.2115,-0.0252,19291.8312,NA
parkey.exe,2536,0x1B07C054F10,DXGI,1,0,0,Composed: Flip,19326.4293,NA,13.83630000000000,13.90610000000000,0.13450000000000,0.76670000000000,20.7450,19312.7555,13.8083,13.6738,0.1345,0.5992,13.8413,5.6081,8.2332,7.0182,19312.7555,NA
parkey.exe,2536,0x1B07C054F10,DXGI,1,0,0,Composed: Flip,19340.3806,NA,13.95130000000000,20.81540000000000,0.17010000000000,1.03550000000000,27.6091,19326.5638,13.9869,13.8168,0.1701,0.6322,14.2201,5.8760,8.3441,-7.0071,19326.5638,NA
parkey.exe,2536,0x1B07C054F10,DXGI,1,0,0,Composed: Flip,19361.2051,NA,20.82450000000000,13.90840000000000,0.14610000000000,0.76960000000000,20.6930,19340.5507,20.8005,20.6544,0.1461,0.8654,20.5586,6.7009,13.8577,0.0785,19340.5507,NA
parkey.exe,2536,0x1B07C054F10,DXGI,1,0,0,Composed: Flip,19375.0739,NA,13.86880000000000,20.83040000000000,0.15270000000000,0.79490000000000,27.6546,19361.3512,13.8754,13.7227,0.1527,0.6235,13.8941,5.6346,8.2595,-0.0299,19361.3512,NA
parkey.exe,2536,0x1B07C054F10,DXGI,1,0,0,Composed: Flip,19395.9086,NA,20.83470000000000,13.89320000000000,0.12250000000000,0.76960000000000,20.7131,19375.2266,20.8045,20.6820,0.1225,0.6422,20.8094,6.7392,14.0702,-0.0178,19375.2266,NA
parkey.exe,2536,0x1B07C054F10,DXGI,1,0,0,Composed: Flip,19409.7858,NA,13.87720000000000,13.88880000000000,0.12420000000000,0.75140000000000,20.7247,19396.0311,13.8789,13.7547,0.1242,0.6471,13.8590,5.5667,8.2923,6.9157,19396.0311,NA
parkey.exe,2536,0x1B07C054F10,DXGI,1,0,0,Composed: Flip,19423.6666,NA,13.88080000000000,20.85880000000000,0.12580000000000,0.96300000000000,27.7027,19409.9100,13.8824,13.7566,0.1258,0.6272,14.0924,5.8239,8.2685,-6.9799,19409.9100,NA
parkey.exe,2536,0x1B07C054F10,DXGI,1,0,0,Composed: Flip,19444.5270,NA,20.86040000000000,13.80950000000000,0.14830000000000,0.77130000000000,20.6518,19423.7924,20.8829,20.7346,0.1483,0.8372,20.6687,7.0851,13.5836,0.0729,19423.7924,NA
parkey.exe,2536,0x1B07C054F10,DXGI,1,0,0,Composed: Flip,19458.4470,NA,13.92000000000000,20.89000000000000,0.14200000000000,0.82720000000000,27.6218,19444.6753,13.9137,13.7717,0.1420,0.6230,13.9759,5.7206,8.2553,-0.0071,19444.6753,NA
parkey.exe,2536,0x1B07C054F10,DXGI,1,0,0,Composed: Flip,19479.2592,NA,20.81220000000000,13.89440000000000,0.16890000000000,0.78590000000000,20.7040,19458.5890,20.8391,20.6702,0.1689,0.6852,20.7709,7.4191,13.3518,0.0193,19458.5890,NA
parkey.exe,2536,0x1B07C054F10,DXGI,1,0,0,Composed: Flip,19493.1302,NA,13.87100000000000,13.91140000000000,0.13240000000000,0.76270000000000,20.7444,19479.4281,13.8345,13.7021,0.1324,0.6170,13.8478,5.6285,8.2193,6.9277,19479.4281,NA
parkey.exe,2536,0x1B07C054F10,DXGI,1,0,0,Composed: Flip,19507.0216,NA,13.89140000000000,20.81420000000000,0.13040000000000,0.79450000000000,27.6672,19493.2626,13.8894,13.7590,0.1304,0.6303,13.9232,5.6647,8.2585,-6.9797,19493.2626,NA
parkey.exe,2536,0x1B07C054F10,DXGI,1,0,0,Composed: Flip,19527.8686,NA,20.84700000000000,13.90450000000000,0.11830000000000,0.77700000000000,20.7247,19507.1520,20.8349,20.7166,0.1183,0.6641,20.8295,7.0079,13.8216,-0.0151,19507.1520,NA
parkey.exe,2536,0x1B07C054F10,DXGI,1,0,0,Composed: Flip,19541.7845,NA,13.91590000000000,20.82620000000000,0.14500000000000,0.75630000000000,27.6350,19527.9869,13.9426,13.7976,0.1450,0.6587,13.8952,6.3615,7.5337,0.0087,19527.9869,NA
parkey.exe,2536,0x1B07C054F10,DXGI,1,0,0,Composed: Flip,19562.6391,NA,20.85460000000000,13.89010000000000,0.15900000000000,0.78620000000000,20.6705,19541.9295,20.8686,20.7096,0.1590,0.6113,20.8845,6.7842,14.1003,0.0525,19541.9295,NA
parkey.exe,2536,0x1B07C054F10,DXGI,1,0,0,Composed: Flip,19576.5014,NA,13.86230000000000,13.93200000000000,0.12080000000000,0.76770000000000,20.7402,19562.7981,13.8241,13.7033,0.1208,0.6272,13.8438,5.6034,8.2404,6.9366,19562.7981,NA
parkey.exe,2536,0x1B07C054F10,DXGI,1,0,0,Composed: Flip,19590.3503,NA,13.84890000000000,20.79130000000000,0.13190000000000,0.79920000000000,27.6826,19576.6222,13.8600,13.7281,0.1319,0.6469,13.8804,5.6442,8.2362,-6.9672,19576.6222,NA
parkey.exe,2536,0x1B07C054F10,DXGI,1,0,0,Composed: Flip,19611.2426,NA,20.89230000000000,13.90750000000000,0.14230000000000,0.77010000000000,20.6978,19590.4822,20.9027,20.7604,0.1423,0.6673,20.8632,7.2716,13.5916,-0.0475,19590.4822,NA
parkey.exe,2536,0x1B07C054F10,DXGI,1,0,0,Composed: Flip,19625.1266,NA,13.88400000000000,20.82200000000000,0.14350000000000,0.78980000000000,27.6358,19611.3849,13.8852,13.7417,0.1435,0.6278,13.9037,5.6308,8.2729,0.0807,19611.3849,NA
parkey.exe,2536,0x1B07C054F10,DXGI,1,0,0,Composed: Flip,19645.9838,NA,20.85720000000000,13.90300000000000,0.12330000000000,0.41360000000000,20.6816,19625.2701,20.8370,20.7137,0.1233,0.6463,20.4810,6.6320,13.8490,-0.0178,19625.2701,NA
parkey.exe,2536,0x1B07C054F10,DXGI,1,0,0,Composed: Flip,19659.8756,NA,13.89180000000000,13.93400000000000,0.11860000000000,0.83010000000000,20.7238,19646.1071,13.8871,13.7685,0.1186,0.3467,14.2519,6.3118,7.9401,6.9030,19646.1071,NA
parkey.exe,2536,0x1B07C054F10,DXGI,1,0,0,Composed: Flip,19673.6902,NA,13.81460000000000,20.79530000000000,0.13350000000000,0.76450000000000,27.7045,19659.9942,13.8295,13.6960,0.1335,0.7115,13.7490,5.6079,8.1411,-6.9082,19659.9942,NA
parkey.exe,2536,0x1B07C054F10,DXGI,1,0,0,Composed: Flip,19694.5968,NA,20.90660000000000,13.89780000000000,0.15470000000000,0.76400000000000,20.6957,19673.8237,20.9278,20.7731,0.1547,0.6310,20.9061,6.9504,13.9557,-0.0683,19673.8237,NA
parkey.exe,2536,0x1B07C054F10,DXGI,1,0,0,Composed: Flip,19708.4449,NA,13.84810000000000,20.82760000000000,0.12510000000000,0.75650000000000,27.6752,19694.7515,13.8185,13.6934,0.1251,0.6093,13.8406,5.6284,8.2122,0.1002,19694.7515,NA
parkey.exe,2536,0x1B07C054F10,DXGI,1,0,0,Composed: Flip,19729.3078,NA,20.86290000000000,13.88620000000000,0.13720000000000,0.75460000000000,20.6985,19708.5700,20.8750,20.7378,0.1372,0.6314,20.8610,5.6336,15.2274,-0.0677,19708.5700,NA
parkey.exe,2536,0x1B07C054F10,DXGI,1,0,0,Composed: Flip,19743.1609,NA,13.85310000000000,13.94410000000000,0.11090000000000,0.77470000000000,20.7895,19729.4450,13.8268,13.7159,0.1109,0.6174,13.8732,5.6158,8.2574,6.9309,19729.4450,NA
parkey.exe,2536,0x1B07C054F10,DXGI,1,0,0,Composed: Flip,19757.0501,NA,13.88920000000000,20.78850000000000,0.16610000000000,0.77070000000000,27.6888,19743.2718,13.9444,13.7783,0.1661,0.6638,13.8852,5.6283,8.2569,-6.9617,19743.2718,NA
parkey.exe,2536,0x1B07C054F10,DXGI,1,0,0,Composed: Flip,19777.9427,NA,20.89260000000000,13.89960000000000,0.11840000000000,0.76350000000000,20.6958,19757.2162,20.8449,20.7265,0.1184,0.6046,20.8854,6.9804,13.9050,0.0448,19757.2162,NA
parkey.exe,2536,0x1B07C054F10,DXGI,1,0,0,Composed: Flip,19791.7838,NA,13.84110000000000,20.85050000000000,0.11730000000000,0.78270000000000,27.7052,19778.0611,13.8400,13.7227,0.1173,0.6451,13.8603,5.6371,8.2232,-0.0056,19778.0611,NA
parkey.exe,2536,0x1B07C054F10,DXGI,1,0,0,Composed: Flip,19812.6818,NA,20.89800000000000,13.87170000000000,0.17330000000000,0.76550000000000,20.6789,19791.9011,20.9540,20.7807,0.1733,0.6654,20.8808,7.0009,13.8799,-0.0317,19791.9011,NA
parkey.exe,2536,0x1B07C054F10,DXGI,1,0,0,Composed: Flip,19826.5369,NA,13.85510000000000,13.89830000000000,0.11380000000000,0.75660000000000,20.7221,19812.8551,13.7956,13.6818,0.1138,0.5922,13.8462,5.5944,8.2518,7.0557,19812.8551,NA
parkey.exe,2536,0x1B07C054F10,DXGI,1,0,0,Composed: Flip,19840.4228,NA,13.88590000000000,20.84590000000000,0.26480000000000,0.80140000000000,27.6821,19826.6507,14.0369,13.7721,0.2648,0.6428,13.9307,5.6400,8.2907,-7.0503,19826.6507,NA
parkey.exe,2536,0x1B07C054F10,DXGI,1,0,0,Composed: Flip,19861.3024,NA,20.87960000000000,13.88160000000000,0.13380000000000,0.77540000000000,20.6841,19840.6876,20.7486,20.6148,0.1338,0.5366,20.8536,7.1892,13.6644,0.1553,19840.6876,NA
parkey.exe,2536,0x1B07C054F10,DXGI,1,0,0,Composed: Flip,19875.2384,NA,13.93600000000000,20.83170000000000,0.19410000000000,0.76310000000000,27.5798,19861.4362,13.9963,13.8022,0.1941,0.6416,13.9237,5.6229,8.3008,-0.0831,19861.4362,NA
parkey.exe,2536,0x1B07C054F10,DXGI,1,0,0,Composed: Flip,19896.0085,NA,20.77010000000000,13.89240000000000,0.12560000000000,0.76010000000000,20.7021,19875.4325,20.7016,20.5760,0.1256,0.5690,20.7671,6.9128,13.8543,0.1039,19875.4325,NA
parkey.exe,2536,0x1B07C054F10,DXGI,1,0,0,Composed: Flip,19909.9134,NA,13.90490000000000,13.89790000000000,0.13910000000000,0.76040000000000,20.6951,19896.1341,13.9184,13.7793,0.1391,0.6345,13.9052,5.6044,8.3008,6.8037,19896.1341,NA
parkey.exe,2536,0x1B07C054F10,DXGI,1,0,0,Composed: Flip,19923.7344,NA,13.82100000000000,20.84440000000000,0.10360000000000,0.79060000000000,27.7185,19910.0525,13.7855,13.6819,0.1036,0.6213,13.8512,5.6353,8.2159,-6.9260,19910.0525,NA
parkey.exe,2536,0x1B07C054F10,DXGI,1,0,0,Composed: Flip,19944.6203,NA,20.88590000000000,13.82810000000000,0.14420000000000,0.78080000000000,20.6607,19923.8380,20.9265,20.7823,0.1442,0.6870,20.8761,7.0400,13.8361,-0.0426,19923.8380,NA
parkey.exe,2536,0x1B07C054F10,DXGI,1,0,0,Composed: Flip,19958.5618,NA,13.94150000000000,27.81260000000000,0.18580000000000,0.76880000000000,34.5318,19944.7645,13.9831,13.7973,0.1858,0.6366,13.9295,5.6044,8.3251,-6.8861,19944.7645,NA
parkey.exe,2536,0x1B07C054F10,DXGI,1,0,0,Composed: Flip,19979.4432,NA,20.88140000000000,13.88970000000000,0.14080000000000,0.45600000000000,27.5401,19958.7476,20.8364,20.6956,0.1408,0.5830,20.5686,6.8772,13.6914,0.0934,19958.7476,NA
parkey.exe,2536,0x1B07C054F10,DXGI,1,0,0,Composed: Flip,19993.2723,NA,13.82910000000000,13.91390000000000,0.13060000000000,0.39110000000000,27.6249,19979.5840,13.8189,13.6883,0.1306,0.3486,13.7308,6.2525,7.4783,6.9225,19979.5840,NA
parkey.exe,2536,0x1B07C054F10,DXGI,1,0,0,Composed: Flip,20007.1415,NA,13.86920000000000,20.82960000000000,0.14250000000000,0.98190000000000,34.5853,19993.4029,13.8811,13.7386,0.1425,0.2888,14.4317,6.8694,7.5623,-7.0107,19993.4029,NA
parkey.exe,2536,0x1B07C054F10,DXGI,1,0,0,Composed: Flip,20028.0522,NA,20.91070000000000,13.92500000000000,0.12360000000000,0.39420000000000,27.5996,20007.2840,20.8918,20.7682,0.1236,0.8394,20.3230,6.7979,13.5251,-0.0439,20007.2840,NA
parkey.exe,2536,0x1B07C054F10,DXGI,1,0,0,Composed: Flip,20041.9585,NA,13.90630000000000,13.87010000000000,0.13790000000000,0.76440000000000,27.5634,20028.1758,13.9206,13.7827,0.1379,0.3032,14.2439,6.6394,7.6045,7.0217,20028.1758,NA
parkey.exe,2536,0x1B07C054F10,DXGI,1,0,0,Composed: Flip,20062.8156,NA,20.85710000000000,13.88870000000000,0.17730000000000,0.79250000000000,20.5950,20042.0964,20.8965,20.7192,0.1773,0.6265,20.8852,7.0236,13.8616,0.0319,20042.0964,NA
parkey.exe,2536,0x1B07C054F10,DXGI,1,0,0,Composed: Flip,20076.6730,NA,13.85740000000000,13.91870000000000,0.13180000000000,0.80130000000000,20.6563,20062.9929,13.8119,13.6801,0.1318,0.6152,13.8662,5.8813,7.9849,6.9778,20062.9929,NA
parkey.exe,2536,0x1B07C054F10,DXGI,1,0,0,Composed: Flip,20090.6083,NA,13.93530000000000,20.83690000000000,0.31720000000000,0.95110000000000,27.5579,20076.8048,14.1207,13.8035,0.3172,0.6695,14.0851,5.7326,8.3525,-7.0250,20076.8048,NA
parkey.exe,2536,0x1B07C054F10,DXGI,1,0,0,Composed: Flip,20111.3601,NA,20.75180000000000,13.87450000000000,0.16800000000000,0.75870000000000,20.6806,20090.9255,20.6026,20.4346,0.1680,0.6339,20.5594,7.2686,13.2908,0.2462,20090.9255,NA
parkey.exe,2536,0x1B07C054F10,DXGI,1,0,0,Composed: Flip,20125.2651,NA,13.90500000000000,20.83440000000000,0.17340000000000,0.92620000000000,27.6100,20111.5281,13.9104,13.7370,0.1734,0.5907,14.0725,5.7817,8.2908,-0.2318,20111.5281,NA
parkey.exe,2536,0x1B07C054F10,DXGI,1,0,0,Composed: Flip,20146.0848,NA,20.81970000000000,13.87660000000000,0.15110000000000,0.78380000000000,20.6669,20125.4385,20.7974,20.6463,0.1511,0.7528,20.6773,6.3984,14.2789,0.0338,20125.4385,NA
parkey.exe,2536,0x1B07C054F10,DXGI,1,0,0,Composed: Flip,20159.9714,NA,13.88660000000000,13.90960000000000,0.13360000000000,0.69220000000000,20.6899,20146.2359,13.8691,13.7355,0.1336,0.6327,13.7950,5.5282,8.2668,6.8878,20146.2359,NA
parkey.exe,2536,0x1B07C054F10,DXGI,1,0,0,Composed: Flip,20173.8621,NA,13.89070000000000,20.85950000000000,0.16240000000000,0.76050000000000,27.6587,20160.1050,13.9195,13.7571,0.1624,0.5586,13.9590,5.5990,8.3600,-6.9904,20160.1050,NA
parkey.exe,2536,0x1B07C054F10,DXGI,1,0,0,Composed: Flip,20194.7767,NA,20.91460000000000,13.93950000000000,0.18480000000000,0.77760000000000,20.6836,20174.0245,20.9370,20.7522,0.1848,0.5981,20.9317,6.9604,13.9713,-0.0200,20174.0245,NA
parkey.exe,2536,0x1B07C054F10,DXGI,1,0,0,Composed: Flip,20208.6454,NA,13.86870000000000,20.77460000000000,0.18180000000000,0.76960000000000,27.5895,20194.9615,13.8657,13.6839,0.1818,0.5928,13.8607,5.5988,8.2619,0.1624,20194.9615,NA
parkey.exe,2536,0x1B07C054F10,DXGI,1,0,0,Composed: Flip,20229.4830,NA,20.83760000000000,13.86960000000000,0.17290000000000,0.78630000000000,20.6215,20208.8272,20.8287,20.6558,0.1729,0.5878,20.8543,5.6150,15.2393,-0.0039,20208.8272,NA
parkey.exe,2536,0x1B07C054F10,DXGI,1,0,0,Composed: Flip,20243.2875,NA,13.80450000000000,13.91170000000000,0.12030000000000,0.68680000000000,20.7287,20229.6559,13.7519,13.6316,0.1203,0.6134,13.7050,5.4952,8.2098,6.9170,20229.6559,NA
parkey.exe,2536,0x1B07C054F10,DXGI,1,0,0,Composed: Flip,20257.2279,NA,13.94040000000000,20.80410000000000,0.16250000000000,0.76620000000000,27.5924,20243.4078,13.9826,13.8201,0.1625,0.5665,14.0198,5.5991,8.4207,-7.0522,20243.4078,NA
parkey.exe,2536,0x1B07C054F10,DXGI,1,0,0,Composed: Flip,20278.0328,NA,20.80490000000000,13.88510000000000,0.12550000000000,0.77370000000000,20.6726,20257.3904,20.7679,20.6424,0.1255,0.6037,20.8124,6.9884,13.8240,0.0975,20257.3904,NA
parkey.exe,2536,0x1B07C054F10,DXGI,1,0,0,Composed: Flip,20291.9334,NA,13.90060000000000,20.85150000000000,0.15820000000000,0.76580000000000,27.6235,20278.1583,13.9333,13.7751,0.1582,0.6482,13.8927,5.6001,8.2926,-0.0836,20278.1583,NA
parkey.exe,2536,0x1B07C054F10,DXGI,1,0,0,Composed: Flip,20312.7647,NA,20.83130000000000,13.90050000000000,0.17000000000000,0.76300000000000,20.6927,20292.0916,20.8431,20.6731,0.1700,0.6076,20.8285,7.0226,13.8059,0.0328,20292.0916,NA
parkey.exe,2536,0x1B07C054F10,DXGI,1,0,0,Composed: Flip,20326.6921,NA,13.92740000000000,20.82580000000000,0.12270000000000,0.76000000000000,27.5911,20312.9347,13.8801,13.7574,0.1227,0.5930,13.9244,5.6071,8.3173,0.0173,20312.9347,NA
parkey.exe,2536,0x1B07C054F10,DXGI,1,0,0,Composed: Flip,20347.5242,NA,20.83210000000000,13.87750000000000,0.14850000000000,0.77720000000000,20.6365,20326.8148,20.8579,20.7094,0.1485,0.6373,20.8493,5.6289,15.2204,0.0026,20326.8148,NA
parkey.exe,2536,0x1B07C054F10,DXGI,1,0,0,Composed: Flip,20361.4011,NA,13.87690000000000,13.86430000000000,0.12870000000000,0.78590000000000,20.6239,20347.6727,13.8571,13.7284,0.1287,0.6287,13.8856,5.6264,8.2592,6.9936,20347.6727,NA
parkey.exe,2536,0x1B07C054F10,DXGI,1,0,0,Composed: Flip,20375.3656,NA,13.96450000000000,27.81250000000000,0.19620000000000,0.40810000000000,34.4719,20361.5298,14.0320,13.8358,0.1962,0.6572,13.5867,5.2418,8.3449,-13.9554,20361.5298,NA
parkey.exe,2536,0x1B07C054F10,DXGI,1,0,0,Composed: Flip,20396.1977,NA,20.83210000000000,13.91270000000000,0.14770000000000,0.38100000000000,27.5525,20375.5618,20.7836,20.6359,0.1477,0.2476,20.7693,6.4078,14.3615,0.1193,20375.5618,NA
parkey.exe,2536,0x1B07C054F10,DXGI,1,0,0,Composed: Flip,20410.0641,NA,13.86640000000000,20.81700000000000,0.13360000000000,0.39270000000000,34.5031,20396.3454,13.8523,13.7187,0.1336,0.2935,13.8179,5.8891,7.9288,-0.0334,20396.3454,NA
parkey.exe,2536,0x1B07C054F10,DXGI,1,0,0,Composed: Flip,20430.9459,NA,20.88180000000000,13.89830000000000,0.16540000000000,0.37420000000000,27.5196,20410.1977,20.9136,20.7482,0.1654,0.2895,20.8329,6.2691,14.5638,-0.0460,20410.1977,NA
parkey.exe,2536,0x1B07C054F10,DXGI,1,0,0,Composed: Flip,20444.7973,NA,13.85140000000000,13.90150000000000,0.16190000000000,0.40550000000000,27.5697,20431.1113,13.8479,13.6860,0.1619,0.2653,13.8262,6.2775,7.5487,7.0121,20431.1113,NA
parkey.exe,2536,0x1B07C054F10,DXGI,1,0,0,Composed: Flip,20458.7339,NA,13.93660000000000,20.83630000000000,0.15310000000000,0.76760000000000,34.4694,20444.9592,13.9278,13.7747,0.1531,0.2806,14.2617,6.6344,7.6273,-6.9884,20444.9592,NA
parkey.exe,2536,0x1B07C054F10,DXGI,1,0,0,Composed: Flip,20479.5259,NA,20.79200000000000,13.88450000000000,0.12900000000000,0.41140000000000,27.5619,20458.8870,20.7679,20.6389,0.1290,0.6145,20.4358,6.4513,13.9845,0.0433,20458.8870,NA
parkey.exe,2536,0x1B07C054F10,DXGI,1,0,0,Composed: Flip,20493.4186,NA,13.89270000000000,20.84050000000000,0.12530000000000,0.39600000000000,34.5097,20479.6549,13.8890,13.7637,0.1253,0.3151,13.8446,6.2995,7.5451,-0.0726,20479.6549,NA
parkey.exe,2536,0x1B07C054F10,DXGI,1,0,0,Composed: Flip,20514.2341,NA,20.81550000000000,13.90600000000000,0.16200000000000,0.39470000000000,27.6002,20493.5439,20.8522,20.6902,0.1620,0.3036,20.7813,6.3105,14.4708,-0.0170,20493.5439,NA
parkey.exe,2536,0x1B07C054F10,DXGI,1,0,0,Composed: Flip,20528.1464,NA,13.91230000000000,13.88320000000000,0.13460000000000,0.40520000000000,27.5711,20514.3961,13.8849,13.7503,0.1346,0.2677,13.8878,6.2931,7.5947,6.9690,20514.3961,NA
parkey.exe,2536,0x1B07C054F10,DXGI,1,0,0,Composed: Flip,20542.0999,NA,13.95350000000000,20.85450000000000,0.15080000000000,0.78630000000000,34.4721,20528.2810,13.9697,13.8189,0.1508,0.3073,14.2979,6.6829,7.6150,-6.9696,20528.2810,NA
parkey.exe,2536,0x1B07C054F10,DXGI,1,0,0,Composed: Flip,20562.8873,NA,20.78740000000000,13.87090000000000,0.15580000000000,0.42180000000000,27.5556,20542.2507,20.7924,20.6366,0.1558,0.6355,20.4229,6.6669,13.7560,0.0988,20542.2507,NA
parkey.exe,2536,0x1B07C054F10,DXGI,1,0,0,Composed: Flip,20576.8021,NA,13.91480000000000,20.83470000000000,0.12370000000000,0.29540000000000,34.4755,20563.0431,13.8827,13.7590,0.1237,0.3038,13.7506,6.2244,7.5262,-0.0423,20563.0431,NA
parkey.exe,2536,0x1B07C054F10,DXGI,1,0,0,Composed: Flip,20597.6057,NA,20.80360000000000,13.88020000000000,0.15870000000000,0.39490000000000,27.5521,20576.9258,20.8386,20.6799,0.1587,0.2268,20.8480,6.3161,14.5319,0.0025,20576.9258,NA
parkey.exe,2536,0x1B07C054F10,DXGI,1,0,0,Composed: Flip,20611.4810,NA,13.87530000000000,13.88920000000000,0.13260000000000,0.40370000000000,27.5660,20597.7644,13.8492,13.7166,0.1326,0.2637,13.8566,6.3027,7.5539,6.9494,20597.7644,NA
parkey.exe,2536,0x1B07C054F10,DXGI,1,0,0,Composed: Flip,20625.3508,NA,13.86980000000000,20.79830000000000,0.15930000000000,0.30680000000000,34.4945,20611.6136,13.8965,13.7372,0.1593,0.3079,13.7361,6.1920,7.5441,-6.9491,20611.6136,NA
parkey.exe,2536,0x1B07C054F10,DXGI,1,0,0,Composed: Flip,20646.2192,NA,20.86840000000000,6.98820000000000,0.12300000000000,0.39670000000000,20.6143,20625.5101,20.8321,20.7091,0.1230,0.1825,20.9233,6.4413,14.4820,6.9083,20625.5101,NA
parkey.exe,2536,0x1B07C054F10,DXGI,1,0,0,Composed: Flip,20660.0221,NA,13.80290000000000,20.82980000000000,0.13490000000000,0.66340000000000,27.6412,20646.3422,13.8148,13.6799,0.1349,0.3069,14.0364,6.4844,7.5520,0.0023,20646.3422,NA
parkey.exe,2536,0x1B07C054F10,DXGI,1,0,0,Composed: Flip,20680.8692,NA,20.84710000000000,13.88860000000000,0.11990000000000,0.78660000000000,20.6827,20660.1570,20.8321,20.7122,0.1199,0.5285,20.9703,5.6591,15.3112,-0.0738,20660.1570,NA
parkey.exe,2536,0x1B07C054F10,DXGI,1,0,0,Composed: Flip,20694.7322,NA,13.86300000000000,13.91970000000000,0.12310000000000,0.77110000000000,20.7394,20680.9891,13.8662,13.7431,0.1231,0.6667,13.8475,5.6152,8.2323,6.9124,20680.9891,NA
parkey.exe,2536,0x1B07C054F10,DXGI,1,0,0,Composed: Flip,20708.7077,NA,13.97550000000000,20.83820000000000,0.20420000000000,0.66730000000000,27.6021,20694.8553,14.0566,13.8524,0.2042,0.6480,13.8717,5.5085,8.3632,-6.9720,20694.8553,NA
parkey.exe,2536,0x1B07C054F10,DXGI,1,0,0,Composed: Flip,20729.5430,NA,20.83530000000000,13.87860000000000,0.15930000000000,0.76680000000000,20.6454,20708.9119,20.7904,20.6311,0.1593,0.4631,20.9348,5.6001,15.3347,0.1780,20708.9119,NA
parkey.exe,2536,0x1B07C054F10,DXGI,1,0,0,Composed: Flip,20743.4687,NA,13.92570000000000,20.84610000000000,0.13520000000000,0.74960000000000,27.5658,20729.7023,13.9016,13.7664,0.1352,0.6075,13.9085,5.8139,8.0946,-0.0557,20729.7023,NA
parkey.exe,2536,0x1B07C054F10,DXGI,1,0,0,Composed: Flip,20764.2867,NA,20.81800000000000,13.88680000000000,0.14850000000000,0.79260000000000,20.6346,20743.6039,20.8313,20.6828,0.1485,0.6144,20.8610,6.7967,14.0643,0.0148,20743.6039,NA
parkey.exe,2536,0x1B07C054F10,DXGI,1,0,0,Composed: Flip,20778.1271,NA,13.84040000000000,13.88350000000000,0.90750000000000,0.91010000000000,20.6777,20764.4352,14.5994,13.6919,0.9075,0.6441,13.9579,5.9883,7.9696,6.9478,20764.4352,NA
parkey.exe,2536,0x1B07C054F10,DXGI,1,0,0,Composed: Flip,20792.1783,NA,14.05120000000000,20.88660000000000,0.19940000000000,0.28970000000000,27.5131,20779.0346,13.3431,13.1437,0.1994,0.0026,13.4308,5.0260,8.4048,-6.2872,20779.0346,NA
parkey.exe,2536,0x1B07C054F10,DXGI,1,0,0,Composed: Flip,20812.8514,NA,20.67310000000000,13.83310000000000,0.14860000000000,0.39330000000000,20.6731,20792.3777,20.6223,20.4737,0.1486,0.1495,20.7175,6.6170,14.1005,-0.4900,20792.3777,NA
parkey.exe,2536,0x1B07C054F10,DXGI,1,0,0,Composed: Flip,20826.7052,NA,13.85380000000000,20.84770000000000,0.11520000000000,0.29560000000000,27.6670,20813.0000,13.8204,13.7052,0.1152,0.2778,13.7230,5.6238,8.0992,-0.2254,20813.0000,NA
parkey.exe,2536,0x1B07C054F10,DXGI,1,0,0,Composed: Flip,20847.5678,NA,20.86260000000000,13.88250000000000,0.15160000000000,0.80780000000000,20.6869,20826.8204,20.8990,20.7474,0.1516,0.2063,21.3489,6.3025,15.0464,-0.0621,20826.8204,NA
parkey.exe,2536,0x1B07C054F10,DXGI,1,0,0,Composed: Flip,20861.4864,NA,13.91860000000000,13.89180000000000,0.12640000000000,0.41650000000000,20.6601,20847.7194,13.8934,13.7670,0.1264,0.6562,13.5273,5.2605,8.2668,7.0072,20847.7194,NA
parkey.exe,2536,0x1B07C054F10,DXGI,1,0,0,Composed: Flip,20875.3857,NA,13.89930000000000,20.83200000000000,0.19600000000000,0.30850000000000,27.5928,20861.6128,13.9689,13.7729,0.1960,0.3179,13.7635,5.7496,8.0139,-6.9386,20861.6128,NA
parkey.exe,2536,0x1B07C054F10,DXGI,1,0,0,Composed: Flip,20896.1977,NA,20.81200000000000,13.90250000000000,0.14090000000000,0.39230000000000,20.6833,20875.5817,20.7569,20.6160,0.1409,0.1434,20.8649,6.2185,14.6464,0.0664,20875.5817,NA
parkey.exe,2536,0x1B07C054F10,DXGI,1,0,0,Composed: Flip,20910.0840,NA,13.88630000000000,20.82100000000000,0.15020000000000,0.39320000000000,27.6180,20896.3386,13.8956,13.7454,0.1502,0.2954,13.8432,5.6878,8.1554,-0.0641,20896.3386,NA
parkey.exe,2536,0x1B07C054F10,DXGI,1,0,0,Composed: Flip,20930.9131,NA,20.82910000000000,13.90060000000000,0.11750000000000,0.76070000000000,20.6895,20910.2342,20.7964,20.6789,0.1175,0.2702,21.1694,6.0523,15.1171,-0.0050,20910.2342,NA
parkey.exe,2536,0x1B07C054F10,DXGI,1,0,0,Composed: Flip,20944.7801,NA,13.86700000000000,13.91200000000000,0.13570000000000,0.38120000000000,20.7345,20931.0306,13.8852,13.7495,0.1357,0.6432,13.4875,5.2298,8.2577,6.8844,20931.0306,NA
parkey.exe,2536,0x1B07C054F10,DXGI,1,0,0,Composed: Flip,20958.7043,NA,13.92420000000000,20.83340000000000,0.20790000000000,0.34350000000000,27.6437,20944.9158,13.9964,13.7885,0.2079,0.3166,13.8154,5.6146,8.2008,-6.9482,20944.9158,NA
parkey.exe,2536,0x1B07C054F10,DXGI,1,0,0,Composed: Flip,20979.5564,NA,20.85210000000000,13.87990000000000,0.16800000000000,0.41870000000000,20.6715,20958.9122,20.8122,20.6442,0.1680,0.1973,20.8656,6.5805,14.2851,0.1165,20958.9122,NA
parkey.exe,2536,0x1B07C054F10,DXGI,1,0,0,Composed: Flip,20993.4157,NA,13.85930000000000,20.83760000000000,0.12190000000000,0.72610000000000,27.6498,20979.7244,13.8132,13.6913,0.1219,0.2877,14.1297,6.2144,7.9153,-0.0254,20979.7244,NA
parkey.exe,2536,0x1B07C054F10,DXGI,1,0,0,Composed: Flip,21014.2547,NA,20.83900000000000,13.88420000000000,0.13480000000000,0.76010000000000,20.6950,20993.5376,20.8519,20.7171,0.1348,0.6042,20.8730,6.7927,14.0803,-0.0710,20993.5376,NA
parkey.exe,2536,0x1B07C054F10,DXGI,1,0,0,Composed: Flip,21028.1633,NA,13.90860000000000,20.84600000000000,0.13900000000000,0.40870000000000,27.6324,21014.3895,13.9128,13.7738,0.1390,0.6253,13.5572,5.2354,8.3218,0.0059,21014.3895,NA
parkey.exe,2536,0x1B07C054F10,DXGI,1,0,0,Composed: Flip,21042.1482,NA,13.98490000000000,20.83460000000000,0.21110000000000,0.32530000000000,34.4821,21028.3023,14.0570,13.8459,0.2111,0.2997,13.8715,5.9053,7.9662,-6.9218,21028.3023,NA
parkey.exe,2536,0x1B07C054F10,DXGI,1,0,0,Composed: Flip,21062.9438,NA,20.79560000000000,13.88940000000000,0.12500000000000,0.40860000000000,27.5759,21042.3593,20.7095,20.5845,0.1250,0.1719,20.8212,6.2537,14.5675,0.1676,21042.3593,NA
parkey.exe,2536,0x1B07C054F10,DXGI,1,0,0,Composed: Flip,21076.8498,NA,13.90600000000000,20.84970000000000,0.13010000000000,0.75270000000000,34.5196,21063.0688,13.9111,13.7810,0.1301,0.3182,14.2155,6.5939,7.6216,-0.1402,21063.0688,NA
parkey.exe,2536,0x1B07C054F10,DXGI,1,0,0,Composed: Flip,21097.7053,NA,20.85550000000000,13.88890000000000,0.17110000000000,0.39810000000000,27.5530,21076.9799,20.8965,20.7254,0.1711,0.6226,20.5009,6.4032,14.0977,0.0222,21076.9799,NA
parkey.exe,2536,0x1B07C054F10,DXGI,1,0,0,Composed: Flip,21111.6760,NA,13.97070000000000,13.88940000000000,2.04750000000000,2.05150000000000,27.4717,21097.8764,15.8471,13.7996,2.0475,0.2586,15.5925,7.9061,7.6864,7.0071,21097.8764,NA
parkey.exe,2536,0x1B07C054F10,DXGI,1,0,0,Composed: Flip,21125.4941,NA,13.81810000000000,20.83260000000000,0.25620000000000,0.37770000000000,34.4862,21113.7235,12.0268,11.7706,0.2562,0.0040,12.1443,4.0518,8.0925,-4.9855,21113.7235,NA
parkey.exe,2536,0x1B07C054F10,DXGI,1,0,0,Composed: Flip,21146.4014,NA,20.90730000000000,13.83860000000000,0.22320000000000,0.39230000000000,27.4175,21125.7503,20.8743,20.6511,0.2232,0.1620,20.8814,5.8759,15.0055,-1.8118,21125.7503,NA
parkey.exe,2536,0x1B07C054F10,DXGI,1,0,0,Composed: Flip,21160.2401,NA,13.83870000000000,13.94390000000000,0.16190000000000,0.70990000000000,27.5227,21146.6246,13.7774,13.6155,0.1619,0.2020,14.1234,6.5368,7.5866,6.9304,21146.6246,NA
parkey.exe,2536,0x1B07C054F10,DXGI,1,0,0,Composed: Flip,21180.9792,NA,20.73910000000000,13.89050000000000,0.12670000000000,0.40940000000000,20.6741,21160.4020,20.7039,20.5772,0.1267,0.5480,20.4386,6.6465,13.7921,-0.1131,21160.4020,NA
parkey.exe,2536,0x1B07C054F10,DXGI,1,0,0,Composed: Flip,21194.8237,NA,13.84450000000000,13.89720000000000,0.11840000000000,0.40300000000000,20.7268,21181.1059,13.8362,13.7178,0.1184,0.3559,13.7649,5.9028,7.8621,6.8067,21181.1059,NA
parkey.exe,2536,0x1B07C054F10,DXGI,1,0,0,Composed: Flip,21208.8147,NA,13.99100000000000,20.83340000000000,0.20000000000000,0.83950000000000,27.5692,21194.9421,14.0726,13.8726,0.2000,0.3205,14.3916,6.3583,8.0333,-6.9972,21194.9421,NA
parkey.exe,2536,0x1B07C054F10,DXGI,1,0,0,Composed: Flip,21229.5962,NA,20.78150000000000,13.89790000000000,0.14700000000000,0.39650000000000,20.6856,21209.0147,20.7285,20.5815,0.1470,0.6395,20.3385,5.2263,15.1122,0.1747,21209.0147,NA
parkey.exe,2536,0x1B07C054F10,DXGI,1,0,0,Composed: Flip,21243.4445,NA,13.84830000000000,20.84590000000000,0.11110000000000,0.78600000000000,27.6832,21229.7432,13.8124,13.7013,0.1111,0.2843,14.2030,6.2448,7.9582,-0.1174,21229.7432,NA
parkey.exe,2536,0x1B07C054F10,DXGI,1,0,0,Composed: Flip,21264.3243,NA,20.87980000000000,13.86350000000000,0.14320000000000,0.78930000000000,20.6669,21243.5556,20.9119,20.7687,0.1432,0.6749,20.8831,6.7831,14.1000,-0.0511,21243.5556,NA
parkey.exe,2536,0x1B07C054F10,DXGI,1,0,0,Composed: Flip,21278.1894,NA,13.86510000000000,13.91410000000000,0.12210000000000,0.78180000000000,20.7159,21264.4675,13.8440,13.7219,0.1221,0.6461,13.8576,5.6088,8.2488,6.9978,21264.4675,NA
parkey.exe,2536,0x1B07C054F10,DXGI,1,0,0,Composed: Flip,21292.0965,NA,13.90710000000000,20.82000000000000,0.18890000000000,1.09320000000000,27.6288,21278.3115,13.9739,13.7850,0.1889,0.6597,14.2185,5.9484,8.2701,-6.9760,21278.3115,NA
parkey.exe,2536,0x1B07C054F10,DXGI,1,0,0,Composed: Flip,21312.9226,NA,20.82610000000000,13.90620000000000,0.13990000000000,0.76100000000000,20.7089,21292.2854,20.7771,20.6372,0.1399,0.9043,20.4939,6.8743,13.6196,0.0677,21292.2854,NA
parkey.exe,2536,0x1B07C054F10,DXGI,1,0,0,Composed: Flip,21326.8110,NA,13.88840000000000,20.81950000000000,0.12230000000000,0.96150000000000,27.6400,21313.0625,13.8708,13.7485,0.1223,0.6211,14.0889,5.8214,8.2675,-0.0424,21313.0625,NA
parkey.exe,2536,0x1B07C054F10,DXGI,1,0,0,Composed: Flip,21347.6133,NA,20.80230000000000,13.92050000000000,0.13810000000000,0.79290000000000,20.7582,21326.9333,20.8181,20.6800,0.1381,0.8392,20.6337,6.9228,13.7109,-0.0497,21326.9333,NA
parkey.exe,2536,0x1B07C054F10,DXGI,1,0,0,Composed: Flip,21361.5135,NA,13.90020000000000,13.86130000000000,0.13870000000000,0.76530000000000,20.7193,21347.7514,13.9008,13.7621,0.1387,0.6548,13.8726,5.6167,8.2559,6.9568,21347.7514,NA
parkey.exe,2536,0x1B07C054F10,DXGI,1,0,0,Composed: Flip,21375.4597,NA,13.94620000000000,20.84020000000000,0.13070000000000,1.11600000000000,27.6133,21361.6522,13.9382,13.8075,0.1307,0.6266,14.2969,5.9547,8.3422,-6.9394,21361.6522,NA
parkey.exe,2536,0x1B07C054F10,DXGI,1,0,0,Composed: Flip,21396.3486,NA,20.88890000000000,13.88180000000000,0.15160000000000,0.78380000000000,20.6062,21375.5904,20.9098,20.7582,0.1516,0.9853,20.5567,6.9252,13.6315,0.0564,21375.5904,NA
parkey.exe,2536,0x1B07C054F10,DXGI,1,0,0,Composed: Flip,21410.1149,NA,13.76630000000000,20.83700000000000,0.13390000000000,0.76310000000000,27.6769,21396.5002,13.7486,13.6147,0.1339,0.6322,13.7456,5.5953,8.1503,0.0728,21396.5002,NA
parkey.exe,2536,0x1B07C054F10,DXGI,1,0,0,Composed: Flip,21431.0222,NA,20.90730000000000,13.90790000000000,0.14700000000000,0.75920000000000,20.6775,21410.2488,20.9204,20.7734,0.1470,0.6292,20.9034,5.5836,15.3198,-0.1593,21410.2488,NA
parkey.exe,2536,0x1B07C054F10,DXGI,1,0,0,Composed: Flip,21444.8904,NA,13.86820000000000,20.77840000000000,0.83380000000000,0.83630000000000,27.5877,21431.1692,14.5550,13.7212,0.8338,0.6122,13.9453,5.6518,8.2935,0.1420,21431.1692,NA
parkey.exe,2536,0x1B07C054F10,DXGI,1,0,0,Composed: Flip,21458.9283,NA,14.03790000000000,13.95620000000000,0.17970000000000,1.00830000000000,27.5060,21445.7242,13.3838,13.2041,0.1797,0.0025,14.2099,5.6845,8.5254,0.5988,21445.7242,NA
parkey.exe,2536,0x1B07C054F10,DXGI,1,0,0,Composed: Flip,21479.7064,NA,20.77810000000000,13.89100000000000,0.16610000000000,0.78460000000000,20.6189,21459.1080,20.7645,20.5984,0.1661,0.8286,20.5544,6.8351,13.7193,-0.5072,21459.1080,NA
parkey.exe,2536,0x1B07C054F10,DXGI,1,0,0,Composed: Flip,21493.4964,NA,13.79000000000000,20.83290000000000,0.12370000000000,0.85210000000000,27.6618,21479.8725,13.7476,13.6239,0.1237,0.6185,13.8575,5.6892,8.1683,-0.0684,21479.8725,NA
parkey.exe,2536,0x1B07C054F10,DXGI,1,0,0,Composed: Flip,21514.3293,NA,20.83290000000000,13.87890000000000,0.13700000000000,0.76170000000000,20.7078,21493.6201,20.8462,20.7092,0.1370,0.7284,20.7425,6.7412,14.0013,-0.1313,21493.6201,NA
parkey.exe,2536,0x1B07C054F10,DXGI,1,0,0,Composed: Flip,21528.1914,NA,13.86210000000000,13.88900000000000,0.10490000000000,0.76040000000000,20.7347,21514.4663,13.8300,13.7251,0.1049,0.6247,13.8608,5.5614,8.2994,6.9572,21514.4663,NA
parkey.exe,2536,0x1B07C054F10,DXGI,1,0,0,Composed: Flip,21542.0980,NA,13.90660000000000,20.84480000000000,0.14800000000000,1.06690000000000,27.6729,21528.2963,13.9497,13.8017,0.1480,0.6555,14.2131,5.9024,8.3107,-7.0148,21528.2963,NA
parkey.exe,2536,0x1B07C054F10,DXGI,1,0,0,Composed: Flip,21562.9940,NA,20.89600000000000,13.87690000000000,0.15600000000000,0.78480000000000,20.6538,21542.2460,20.9040,20.7480,0.1560,0.9189,20.6139,7.0909,13.5230,0.0728,21542.2460,NA
parkey.exe,2536,0x1B07C054F10,DXGI,1,0,0,Composed: Flip,21576.8536,NA,13.85960000000000,20.85190000000000,0.10870000000000,0.43770000000000,27.6461,21563.1500,13.8123,13.7036,0.1087,0.6288,13.5125,5.2657,8.2468,0.0521,21563.1500,NA
parkey.exe,2536,0x1B07C054F10,DXGI,1,0,0,Composed: Flip,21597.7364,NA,20.88280000000000,13.89030000000000,0.16010000000000,0.78620000000000,20.6536,21576.9623,20.9342,20.7741,0.1601,0.3658,21.1945,6.7105,14.4840,-0.0780,21576.9623,NA
parkey.exe,2536,0x1B07C054F10,DXGI,1,0,0,Composed: Flip,21611.5881,NA,13.85170000000000,13.90140000000000,0.13850000000000,0.75290000000000,20.7033,21597.8965,13.8301,13.6916,0.1385,0.6261,13.8184,5.5917,8.2267,7.0328,21597.8965,NA
parkey.exe,2536,0x1B07C054F10,DXGI,1,0,0,Composed: Flip,21625.4284,NA,13.84030000000000,20.82750000000000,0.13840000000000,0.80590000000000,27.6905,21611.7266,13.8402,13.7018,0.1384,0.6144,13.8933,5.6207,8.2726,-6.9974,21611.7266,NA
parkey.exe,2536,0x1B07C054F10,DXGI,1,0,0,Composed: Flip,21646.3035,NA,20.87510000000000,13.88570000000000,0.11920000000000,0.75380000000000,20.7011,21625.5668,20.8559,20.7367,0.1192,0.6675,20.8230,6.9587,13.8643,-0.0455,21625.5668,NA
parkey.exe,2536,0x1B07C054F10,DXGI,1,0,0,Composed: Flip,21660.1574,NA,13.85390000000000,20.82840000000000,0.12440000000000,0.43770000000000,27.6756,21646.4227,13.8591,13.7347,0.1244,0.6346,13.5378,5.2979,8.2399,0.0275,21646.4227,NA
parkey.exe,2536,0x1B07C054F10,DXGI,1,0,0,Composed: Flip,21681.0414,NA,20.88400000000000,13.89710000000000,0.14230000000000,0.79090000000000,20.6887,21660.2818,20.9019,20.7596,0.1423,0.4138,21.1367,6.7620,14.3747,-0.0380,21660.2818,NA
parkey.exe,2536,0x1B07C054F10,DXGI,1,0,0,Composed: Flip,21694.8799,NA,13.83850000000000,13.90740000000000,0.11570000000000,0.76110000000000,20.7576,21681.1837,13.8119,13.6962,0.1157,0.6486,13.8087,5.5815,8.2272,6.9945,21681.1837,NA
parkey.exe,2536,0x1B07C054F10,DXGI,1,0,0,Composed: Flip,21708.8116,NA,13.93170000000000,20.81470000000000,0.16970000000000,0.78320000000000,27.6406,21694.9956,13.9857,13.8160,0.1697,0.6454,13.9538,5.6397,8.3141,-7.0028,21694.9956,NA
parkey.exe,2536,0x1B07C054F10,DXGI,1,0,0,Composed: Flip,21729.6376,NA,20.82600000000000,13.90080000000000,0.13540000000000,0.76330000000000,20.7154,21708.9813,20.7917,20.6563,0.1354,0.6135,20.8061,6.9940,13.8121,0.0849,21708.9813,NA
parkey.exe,2536,0x1B07C054F10,DXGI,1,0,0,Composed: Flip,21743.5045,NA,13.86690000000000,20.85000000000000,0.14010000000000,0.71950000000000,27.6985,21729.7730,13.8716,13.7315,0.1401,0.6279,13.8231,5.5503,8.2728,-0.0583,21729.7730,NA
parkey.exe,2536,0x1B07C054F10,DXGI,1,0,0,Composed: Flip,21764.3696,NA,20.86510000000000,13.86130000000000,0.12800000000000,0.78930000000000,20.6947,21743.6446,20.8530,20.7250,0.1280,0.5794,20.9349,6.7613,14.1736,0.0103,21743.6446,NA
parkey.exe,2536,0x1B07C054F10,DXGI,1,0,0,Composed: Flip,21778.2382,NA,13.86860000000000,13.94890000000000,0.10340000000000,0.76190000000000,20.7750,21764.4976,13.8440,13.7406,0.1034,0.6613,13.8412,5.6022,8.2390,6.9041,21764.4976,NA
parkey.exe,2536,0x1B07C054F10,DXGI,1,0,0,Composed: Flip,21792.1288,NA,13.89060000000000,20.79940000000000,0.14570000000000,0.77150000000000,27.6838,21778.3416,13.9329,13.7872,0.1457,0.6585,13.9002,5.6010,8.2992,-6.9554,21778.3416,NA
parkey.exe,2536,0x1B07C054F10,DXGI,1,0,0,Composed: Flip,21813.0109,NA,20.88210000000000,13.90570000000000,0.14470000000000,0.76540000000000,20.7074,21792.2745,20.8811,20.7364,0.1447,0.6258,20.8760,7.0091,13.8669,0.0272,21792.2745,NA
parkey.exe,2536,0x1B07C054F10,DXGI,1,0,0,Composed: Flip,21826.8854,NA,13.87450000000000,20.80650000000000,0.11080000000000,0.66520000000000,27.6394,21813.1556,13.8406,13.7298,0.1108,0.6207,13.7743,5.4898,8.2845,0.0746,21813.1556,NA
parkey.exe,2536,0x1B07C054F10,DXGI,1,0,0,Composed: Flip,21847.7135,NA,20.82810000000000,13.90620000000000,0.14320000000000,0.76670000000000,20.7175,21826.9962,20.8605,20.7173,0.1432,0.5544,20.9296,6.7545,14.1751,-0.0656,21826.9962,NA
parkey.exe,2536,0x1B07C054F10,DXGI,1,0,0,Composed: Flip,21861.5932,NA,13.87970000000000,13.92390000000000,0.11040000000000,0.75730000000000,20.7617,21847.8567,13.8469,13.7365,0.1104,0.6235,13.8703,5.6048,8.2655,6.9366,21847.8567,NA
parkey.exe,2536,0x1B07C054F10,DXGI,1,0,0,Composed: Flip,21875.4488,NA,13.85560000000000,20.80900000000000,0.09030000000000,0.79010000000000,27.7151,21861.7036,13.8355,13.7452,0.0903,0.6469,13.8884,5.6456,8.2428,-6.9621,21861.7036,NA
parkey.exe,2536,0x1B07C054F10,DXGI,1,0,0,Composed: Flip,21896.4102,NA,20.96140000000000,13.88770000000000,0.15190000000000,0.76800000000000,20.6414,21875.5391,21.0230,20.8711,0.1519,0.6998,20.9393,6.9368,14.0025,-0.0522,21875.5391,NA
parkey.exe,2536,0x1B07C054F10,DXGI,1,0,0,Composed: Flip,21910.2335,NA,13.82330000000000,20.82460000000000,0.14390000000000,0.76020000000000,27.6427,21896.5621,13.8153,13.6714,0.1439,0.6161,13.8155,5.6027,8.2128,0.1984,21896.5621,NA
parkey.exe,2536,0x1B07C054F10,DXGI,1,0,0,Composed: Flip,21931.0808,NA,20.84730000000000,13.89890000000000,0.13240000000000,0.76540000000000,20.6943,21910.3774,20.8358,20.7034,0.1324,0.6163,20.8525,5.6225,15.2300,-0.0836,21910.3774,NA
parkey.exe,2536,0x1B07C054F10,DXGI,1,0,0,Composed: Flip,21944.9157,NA,13.83490000000000,13.90550000000000,0.10040000000000,0.76200000000000,20.7649,21931.2132,13.8029,13.7025,0.1004,0.6330,13.8315,5.6066,8.2249,6.9303,21931.2132,NA
parkey.exe,2536,0x1B07C054F10,DXGI,1,0,0,Composed: Flip,21958.8349,NA,13.91920000000000,20.83970000000000,0.11700000000000,0.79290000000000,27.6854,21945.0161,13.9358,13.8188,0.1170,0.6616,13.9501,5.6702,8.2799,-7.0368,21945.0161,NA
parkey.exe,2536,0x1B07C054F10,DXGI,1,0,0,Composed: Flip,21979.7207,NA,20.88580000000000,13.87540000000000,0.16140000000000,0.79070000000000,20.6750,21958.9519,20.9302,20.7688,0.1614,0.6759,20.8836,6.9870,13.8966,0.0604,21958.9519,NA
parkey.exe,2536,0x1B07C054F10,DXGI,1,0,0,Composed: Flip,21993.6147,NA,13.89400000000000,20.84090000000000,0.12200000000000,0.93660000000000,27.6219,21979.8821,13.8546,13.7326,0.1220,0.6293,14.0399,5.7764,8.2635,0.0893,21979.8821,NA
parkey.exe,2536,0x1B07C054F10,DXGI,1,0,0,Composed: Flip,22014.4180,NA,20.80330000000000,13.88660000000000,0.13690000000000,0.76260000000000,20.7052,21993.7367,20.8182,20.6813,0.1369,0.8146,20.6293,6.7490,13.8803,-0.0320,21993.7367,NA
parkey.exe,2536,0x1B07C054F10,DXGI,1,0,0,Composed: Flip,22028.2886,NA,13.87060000000000,13.90070000000000,0.11000000000000,0.76350000000000,20.7353,22014.5549,13.8437,13.7337,0.1100,0.6257,13.8715,5.5989,8.2726,6.9175,22014.5549,NA
parkey.exe,2536,0x1B07C054F10,DXGI,1,0,0,Composed: Flip,22042.2352,NA,13.94660000000000,20.83710000000000,0.42560000000000,0.81490000000000,27.6258,22028.3986,14.2622,13.8366,0.4256,0.6535,13.9980,5.6761,8.3219,-6.9934,22028.3986,NA
parkey.exe,2536,0x1B07C054F10,DXGI,1,0,0,Composed: Flip,22063.1562,NA,20.92100000000000,13.90300000000000,0.14650000000000,0.42780000000000,20.6078,22042.6608,20.6419,20.4954,0.1465,0.3893,20.5339,6.7978,13.7361,0.3592,22042.6608,NA
parkey.exe,2536,0x1B07C054F10,DXGI,1,0,0,Composed: Flip,22076.9620,NA,13.80580000000000,20.82030000000000,0.15000000000000,0.77180000000000,27.6223,22063.3027,13.8093,13.6593,0.1500,0.3445,14.0866,6.2465,7.8401,-0.1784,22063.3027,NA
parkey.exe,2536,0x1B07C054F10,DXGI,1,0,0,Composed: Flip,22097.7978,NA,20.83580000000000,13.87390000000000,0.15660000000000,0.79450000000000,20.6604,22077.1120,20.8424,20.6858,0.1566,0.6218,20.8585,7.0048,13.8537,-0.0646,22077.1120,NA
parkey.exe,2536,0x1B07C054F10,DXGI,1,0,0,Composed: Flip,22111.6439,NA,13.84610000000000,13.93410000000000,0.12020000000000,0.67400000000000,20.7484,22097.9544,13.8097,13.6895,0.1202,0.6379,13.7256,5.5232,8.2024,6.9083,22097.9544,NA
parkey.exe,2536,0x1B07C054F10,DXGI,1,0,0,Composed: Flip,22125.5847,NA,13.94080000000000,20.80520000000000,0.12890000000000,0.79100000000000,27.6128,22111.7641,13.9495,13.8206,0.1289,0.5538,14.0578,5.6386,8.4192,-6.9955,22111.7641,NA
parkey.exe,2536,0x1B07C054F10,DXGI,1,0,0,Composed: Flip,22146.4207,NA,20.83600000000000,13.91930000000000,0.13880000000000,0.75590000000000,20.6961,22125.7136,20.8459,20.7071,0.1388,0.6621,20.8009,6.9917,13.8092,0.0302,22125.7136,NA
parkey.exe,2536,0x1B07C054F10,DXGI,1,0,0,Composed: Flip,22160.2573,NA,13.83660000000000,20.82080000000000,0.13530000000000,0.75650000000000,27.6803,22146.5595,13.8331,13.6978,0.1353,0.6171,13.8372,5.5661,8.2711,0.0251,22146.5595,NA
parkey.exe,2536,0x1B07C054F10,DXGI,1,0,0,Composed: Flip,22181.1284,NA,20.87110000000000,13.90110000000000,0.15650000000000,0.78970000000000,20.7103,22160.3926,20.8923,20.7358,0.1565,0.6212,20.9043,6.7893,14.1150,-0.0680,22160.3926,NA
parkey.exe,2536,0x1B07C054F10,DXGI,1,0,0,Composed: Flip,22195.0532,NA,13.92480000000000,13.89310000000000,0.13590000000000,0.75890000000000,20.6786,22181.2849,13.9042,13.7683,0.1359,0.6332,13.8940,5.5928,8.3012,6.9992,22181.2849,NA
parkey.exe,2536,0x1B07C054F10,DXGI,1,0,0,Composed: Flip,22208.9058,NA,13.85260000000000,20.82570000000000,0.13770000000000,0.79540000000000,27.6517,22195.1891,13.8544,13.7167,0.1377,0.6230,13.8891,5.6275,8.2616,-6.9215,22195.1891,NA
parkey.exe,2536,0x1B07C054F10,DXGI,1,0,0,Composed: Flip,22229.7468,NA,20.84100000000000,13.87670000000000,0.15560000000000,0.76410000000000,20.6874,22209.0435,20.8589,20.7033,0.1556,0.6577,20.8097,6.9637,13.8460,-0.0223,22209.0435,NA
parkey.exe,2536,0x1B07C054F10,DXGI,1,0,0,Composed: Flip,22243.6009,NA,13.85410000000000,20.84190000000000,0.12040000000000,0.78750000000000,27.6752,22229.9024,13.8189,13.6985,0.1204,0.6085,13.8775,5.6441,8.2334,0.0170,22229.9024,NA
parkey.exe,2536,0x1B07C054F10,DXGI,1,0,0,Composed: Flip,22264.5034,NA,20.90250000000000,13.89950000000000,0.13620000000000,0.77640000000000,20.6722,22243.7213,20.9183,20.7821,0.1362,0.6671,20.8914,6.7210,14.1704,-0.0806,22243.7213,NA
parkey.exe,2536,0x1B07C054F10,DXGI,1,0,0,Composed: Flip,22278.3276,NA,13.82420000000000,13.94940000000000,0.10290000000000,0.77290000000000,20.7974,22264.6396,13.7909,13.6880,0.1029,0.6402,13.8207,5.6271,8.1936,6.9689,22264.6396,NA
parkey.exe,2536,0x1B07C054F10,DXGI,1,0,0,Composed: Flip,22292.2239,NA,13.89630000000000,20.77310000000000,0.14420000000000,0.77140000000000,27.6742,22278.4305,13.9376,13.7934,0.1442,0.6700,13.8948,5.6117,8.2831,-6.9822,22278.4305,NA
parkey.exe,2536,0x1B07C054F10,DXGI,1,0,0,Composed: Flip,22313.1048,NA,20.88090000000000,13.90700000000000,0.14400000000000,0.76040000000000,20.7003,22292.3681,20.8807,20.7367,0.1440,0.6272,20.8699,6.9596,13.9103,0.0306,22292.3681,NA
parkey.exe,2536,0x1B07C054F10,DXGI,1,0,0,Composed: Flip,22326.9807,NA,13.87590000000000,20.82010000000000,0.13810000000000,0.76200000000000,27.6445,22313.2488,13.8700,13.7319,0.1381,0.6164,13.8775,5.5699,8.3076,0.0606,22313.2488,NA
parkey.exe,2536,0x1B07C054F10,DXGI,1,0,0,Composed: Flip,22347.8282,NA,20.84750000000000,13.89360000000000,0.14960000000000,0.75700000000000,20.6906,22327.1188,20.8590,20.7094,0.1496,0.6239,20.8425,6.7638,14.0787,-0.0236,22327.1188,NA
parkey.exe,2536,0x1B07C054F10,DXGI,1,0,0,Composed: Flip,22361.6757,NA,13.84750000000000,13.89890000000000,0.11070000000000,0.77380000000000,20.7420,22347.9778,13.8086,13.6979,0.1107,0.6074,13.8643,5.6110,8.2533,6.9601,22347.9778,NA
parkey.exe,2536,0x1B07C054F10,DXGI,1,0,0,Composed: Flip,22375.7046,NA,14.02890000000000,20.83070000000000,0.10990000000000,0.79650000000000,27.5438,22361.7864,14.0281,13.9182,0.1099,0.6631,14.0516,5.6523,8.3993,-7.0221,22361.7864,NA
parkey.exe,2536,0x1B07C054F10,DXGI,1,0,0,Composed: Flip,22396.4461,NA,20.74150000000000,13.88460000000000,0.13730000000000,0.76560000000000,20.6869,22375.8145,20.7689,20.6316,0.1373,0.6866,20.7106,6.9537,13.7569,0.1435,22375.8145,NA
parkey.exe,2536,0x1B07C054F10,DXGI,1,0,0,Composed: Flip,22410.3471,NA,13.90100000000000,20.83600000000000,0.15440000000000,0.76360000000000,27.6219,22396.5834,13.9181,13.7637,0.1544,0.6283,13.8990,5.5961,8.3029,-0.0671,22396.5834,NA
parkey.exe,2536,0x1B07C054F10,DXGI,1,0,0,Composed: Flip,22431.1990,NA,20.85190000000000,13.95160000000000,0.13890000000000,0.76220000000000,20.7216,22410.5015,20.8364,20.6975,0.1389,0.6092,20.8505,5.6176,15.2329,-0.0335,22410.5015,NA
parkey.exe,2536,0x1B07C054F10,DXGI,1,0,0,Composed: Flip,22445.0178,NA,13.81880000000000,13.78800000000000,0.10990000000000,0.76260000000000,20.6908,22431.3379,13.7898,13.6799,0.1099,0.6233,13.8192,5.5931,8.2261,7.0484,22431.3379,NA
parkey.exe,2536,0x1B07C054F10,DXGI,1,0,0,Composed: Flip,22458.9469,NA,13.92910000000000,20.88370000000000,0.12870000000000,0.45220000000000,27.6454,22445.1277,13.9479,13.8192,0.1287,0.6527,13.6187,5.2775,8.3412,-7.0939,22445.1277,NA
parkey.exe,2536,0x1B07C054F10,DXGI,1,0,0,Composed: Flip,22479.7997,NA,20.85280000000000,13.93400000000000,0.18490000000000,0.77400000000000,20.7266,22459.0756,20.9090,20.7241,0.1849,0.3976,21.1005,7.6934,13.4071,0.0139,22459.0756,NA
parkey.exe,2536,0x1B07C054F10,DXGI,1,0,0,Composed: Flip,22493.6688,NA,13.86910000000000,20.79360000000000,0.11370000000000,0.76340000000000,27.6511,22479.9846,13.7979,13.6842,0.1137,0.5891,13.8585,5.6326,8.2259,0.1154,22479.9846,NA
parkey.exe,2536,0x1B07C054F10,DXGI,1,0,0,Composed: Flip,22514.5614,NA,20.89260000000000,13.88230000000000,0.13970000000000,0.39190000000000,20.6408,22493.7825,20.9186,20.7789,0.1397,0.6497,20.5211,6.6613,13.8598,-0.0844,22493.7825,NA
parkey.exe,2536,0x1B07C054F10,DXGI,1,0,0,Composed: Flip,22528.3632,NA,13.80180000000000,20.84580000000000,0.10620000000000,0.77460000000000,27.6848,22514.7011,13.7683,13.6621,0.1062,0.2811,14.1556,6.2455,7.9101,0.0728,22514.7011,NA
parkey.exe,2536,0x1B07C054F10,DXGI,1,0,0,Composed: Flip,22549.2440,NA,20.88080000000000,13.89300000000000,0.17610000000000,0.76840000000000,20.6970,22528.4694,20.9507,20.7746,0.1761,0.6684,20.8746,5.6200,15.2546,-0.1247,22528.4694,NA
parkey.exe,2536,0x1B07C054F10,DXGI,1,0,0,Composed: Flip,22563.1241,NA,13.88010000000000,13.90630000000000,0.11730000000000,0.41100000000000,20.7232,22549.4201,13.8213,13.7040,0.1173,0.5923,13.5227,5.2872,8.2355,7.0444,22549.4201,NA
parkey.exe,2536,0x1B07C054F10,DXGI,1,0,0,Composed: Flip,22577.0230,NA,13.89890000000000,20.82780000000000,0.11910000000000,0.76720000000000,27.6521,22563.2414,13.9007,13.7816,0.1191,0.3188,14.2300,6.2700,7.9600,-7.0065,22563.2414,NA
parkey.exe,2536,0x1B07C054F10,DXGI,1,0,0,Composed: Flip,22597.8612,NA,20.83820000000000,13.87520000000000,0.11480000000000,0.78620000000000,20.6891,22577.1421,20.8339,20.7191,0.1148,0.6481,20.8572,6.7821,14.0751,0.0255,22577.1421,NA
parkey.exe,2536,0x1B07C054F10,DXGI,1,0,0,Composed: Flip,22611.7339,NA,13.87270000000000,20.84990000000000,0.15200000000000,0.77080000000000,27.6663,22597.9760,13.9099,13.7579,0.1520,0.6714,13.8573,5.6202,8.2371,-0.0160,22597.9760,NA
parkey.exe,2536,0x1B07C054F10,DXGI,1,0,0,Composed: Flip,22632.5878,NA,20.85390000000000,13.89520000000000,0.13870000000000,0.77000000000000,20.7076,22611.8859,20.8406,20.7019,0.1387,0.6188,20.8531,5.6364,15.2167,0.0147,22611.8859,NA
parkey.exe,2536,0x1B07C054F10,DXGI,1,0,0,Composed: Flip,22646.4931,NA,13.90530000000000,13.91600000000000,0.11540000000000,0.77620000000000,20.7183,22632.7265,13.8820,13.7666,0.1154,0.6313,13.9115,5.5910,8.3205,6.9246,22632.7265,NA
parkey.exe,2536,0x1B07C054F10,DXGI,1,0,0,Composed: Flip,22660.4461,NA,13.95300000000000,20.80690000000000,0.13640000000000,0.78860000000000,27.5722,22646.6085,13.9740,13.8376,0.1364,0.6608,13.9654,5.6380,8.3274,-6.9249,22646.6085,NA
parkey.exe,2536,0x1B07C054F10,DXGI,1,0,0,Composed: Flip,22681.2124,NA,20.76630000000000,13.89280000000000,0.16660000000000,0.77750000000000,20.6987,22660.5825,20.7965,20.6299,0.1666,0.6522,20.7552,6.9943,13.7609,0.0812,22660.5825,NA
parkey.exe,2536,0x1B07C054F10,DXGI,1,0,0,Composed: Flip,22695.1563,NA,13.94390000000000,20.84270000000000,0.12750000000000,0.73660000000000,27.5975,22681.3790,13.9048,13.7773,0.1275,0.6109,13.9030,5.5199,8.3831,-0.0462,22681.3790,NA
parkey.exe,2536,0x1B07C054F10,DXGI,1,0,0,Composed: Flip,22715.9745,NA,20.81820000000000,13.89500000000000,0.17610000000000,0.78170000000000,20.6743,22695.2838,20.8668,20.6907,0.1761,0.6091,20.8633,5.6137,15.2496,0.0098,22695.2838,NA
parkey.exe,2536,0x1B07C054F10,DXGI,1,0,0,Composed: Flip,22729.8118,NA,13.83730000000000,13.88240000000000,0.12710000000000,0.75900000000000,20.7194,22716.1506,13.7883,13.6612,0.1271,0.6056,13.8146,5.5480,8.2666,6.9844,22716.1506,NA
parkey.exe,2536,0x1B07C054F10,DXGI,1,0,0,Composed: Flip,22743.7589,NA,13.94710000000000,20.84930000000000,0.19120000000000,0.65100000000000,27.6216,22729.9389,14.0112,13.8200,0.1912,0.6319,13.8391,5.5461,8.2930,-7.0610,22729.9389,NA
parkey.exe,2536,0x1B07C054F10,DXGI,1,0,0,Composed: Flip,22764.5756,NA,20.81670000000000,13.87450000000000,0.13720000000000,0.77940000000000,20.6794,22743.9501,20.7627,20.6255,0.1372,0.4598,20.9451,6.9379,14.0072,0.1367,22743.9501,NA
parkey.exe,2536,0x1B07C054F10,DXGI,1,0,0,Composed: Flip,22778.4635,NA,13.88790000000000,20.87140000000000,0.12190000000000,0.66490000000000,27.6629,22764.7128,13.8726,13.7507,0.1219,0.6422,13.7734,5.4904,8.2830,-0.1087,22764.7128,NA
parkey.exe,2536,0x1B07C054F10,DXGI,1,0,0,Composed: Flip,22799.3299,NA,20.86640000000000,13.86040000000000,0.17160000000000,0.78460000000000,20.6569,22778.5854,20.9161,20.7445,0.1716,0.5430,20.9861,5.6165,15.3696,0.0122,22778.5854,NA
parkey.exe,2536,0x1B07C054F10,DXGI,1,0,0,Composed: Flip,22813.1745,NA,13.84460000000000,13.90930000000000,0.13620000000000,0.77190000000000,20.7216,22799.5015,13.8092,13.6730,0.1362,0.6130,13.8319,5.6177,8.2142,7.0068,22799.5015,NA
parkey.exe,2536,0x1B07C054F10,DXGI,1,0,0,Composed: Flip,22827.1205,NA,13.94600000000000,20.82280000000000,0.12780000000000,0.66990000000000,27.5984,22813.3107,13.9376,13.8098,0.1278,0.6357,13.8440,5.5184,8.3256,-7.0136,22813.3107,NA
parkey.exe,2536,0x1B07C054F10,DXGI,1,0,0,Composed: Flip,22847.8970,NA,20.77650000000000,13.88200000000000,0.12460000000000,0.76460000000000,20.7039,22827.2483,20.7733,20.6487,0.1246,0.5421,20.8712,6.7635,14.1077,0.0556,22827.2483,NA
parkey.exe,2536,0x1B07C054F10,DXGI,1,0,0,Composed: Flip,22861.7802,NA,13.88320000000000,20.83430000000000,0.13180000000000,0.64820000000000,27.6550,22848.0216,13.8904,13.7586,0.1318,0.6400,13.7668,5.4909,8.2759,-0.0610,22848.0216,NA
parkey.exe,2536,0x1B07C054F10,DXGI,1,0,0,Composed: Flip,22882.6611,NA,20.88090000000000,13.90430000000000,0.20480000000000,0.77970000000000,20.6784,22861.9120,20.9539,20.7491,0.2048,0.5164,21.0124,5.5838,15.4286,-0.0139,22861.9120,NA
parkey.exe,2536,0x1B07C054F10,DXGI,1,0,0,Composed: Flip,22896.5082,NA,13.84710000000000,13.90280000000000,0.13240000000000,0.76650000000000,20.7341,22882.8659,13.7747,13.6423,0.1324,0.5749,13.8339,5.6147,8.2192,7.0511,22882.8659,NA
parkey.exe,2536,0x1B07C054F10,DXGI,1,0,0,Composed: Flip,22910.4398,NA,13.93160000000000,20.81690000000000,0.10840000000000,0.67480000000000,27.6194,22896.6406,13.9076,13.7992,0.1084,0.6341,13.8399,5.5358,8.3041,-7.0422,22896.6406,NA
parkey.exe,2536,0x1B07C054F10,DXGI,1,0,0,Composed: Flip,22931.2789,NA,20.83910000000000,13.92130000000000,0.37270000000000,0.76940000000000,20.7016,22910.5482,21.1034,20.7307,0.3727,0.5664,20.9337,5.6253,15.3084,-0.0137,22910.5482,NA
parkey.exe,2536,0x1B07C054F10,DXGI,1,0,0,Composed: Flip,22945.1932,NA,13.91430000000000,20.83980000000000,0.15310000000000,0.30560000000000,27.6271,22931.6516,13.6947,13.5416,0.1531,0.3967,13.4505,5.1233,8.3272,0.2636,22931.6516,NA
parkey.exe,2536,0x1B07C054F10,DXGI,1,0,0,Composed: Flip,22966.0383,NA,20.84510000000000,13.89690000000000,0.14030000000000,0.39990000000000,20.6789,22945.3463,20.8323,20.6920,0.1403,0.1927,20.8992,5.8984,15.0008,-0.2022,22945.3463,NA
