Application,ProcessID,SwapChainAddress,PresentRuntime,SyncInterval,PresentFlags,AllowsTearing,PresentMode,TimeInMs,MsBetweenSimulationStart,MsBetweenPresents,MsBetweenDisplayChange,MsInPresentAPI,MsRenderPresentLatency,MsUntilDisplayed,CPUStartTimeInMs,MsBetweenAppStart,MsCPUBusy,MsCPUWait,MsGPULatency,MsGPUTime,MsGPUBusy,MsGPUWait,MsAnimationError,AnimationTime,MsFlipDelay
parkey.exe,25692,0x18D74B42E40,DXGI,1,0,0,Composed: Flip,8006.0970,NA,14.33790000000000,16.34800000000000,18.45710000000000,33.19970000000000,80.8707,8003.6676,20.8865,2.4294,18.4571,21.3831,14.2460,12.0139,2.2321,-2.4532,8003.6676,NA
parkey.exe,25692,0x18D74B42E40,DXGI,1,0,0,Composed: Flip,8026.7618,NA,20.66480000000000,13.85680000000000,11.72550000000000,32.98640000000000,74.0627,8024.5541,13.9332,2.2077,11.7255,14.7426,20.4515,11.5702,8.8813,7.0297,8024.5541,NA
parkey.exe,25692,0x18D74B42E40,DXGI,1,0,0,Composed: Flip,8040.5129,NA,13.75110000000000,19.83470000000000,18.75970000000000,33.02280000000000,80.1463,8038.4873,20.7853,2.0256,18.7597,21.2885,13.7599,11.5918,2.1681,-5.9015,8038.4873,NA
parkey.exe,25692,0x18D74B42E40,DXGI,1,0,0,Composed: Flip,8061.3477,NA,20.83480000000000,14.89910000000000,11.80480000000000,26.20490000000000,74.2106,8059.2726,13.8799,2.0751,11.8048,14.2631,14.0169,11.3505,2.6664,5.8862,8059.2726,NA
parkey.exe,25692,0x18D74B42E40,DXGI,1,0,0,Composed: Flip,8075.5475,NA,14.19980000000000,18.46370000000000,11.53850000000000,32.80370000000000,78.4745,8073.1525,13.9335,2.3950,11.5385,14.4513,20.7474,11.6793,9.0681,-4.5838,8073.1525,NA
parkey.exe,25692,0x18D74B42E40,DXGI,1,0,0,Composed: Flip,8089.9395,NA,14.39200000000000,16.26270000000000,17.95590000000000,32.22180000000000,80.3452,8087.0860,20.8094,2.8535,17.9559,21.3079,13.7674,11.6292,2.1382,-2.3292,8087.0860,NA
parkey.exe,25692,0x18D74B42E40,DXGI,1,0,0,Composed: Flip,8110.2739,NA,20.33440000000000,13.88200000000000,11.51860000000000,32.85160000000000,73.8928,8107.8954,13.8971,2.3785,11.5186,14.2845,20.9456,11.7154,9.2302,6.9274,8107.8954,NA
parkey.exe,25692,0x18D74B42E40,DXGI,1,0,0,Composed: Flip,8123.5545,NA,13.28060000000000,19.88660000000000,19.06430000000000,33.30120000000000,80.4988,8121.7925,20.8263,1.7620,19.0643,21.3330,13.7302,11.5713,2.1589,-5.9895,8121.7925,NA
parkey.exe,25692,0x18D74B42E40,DXGI,1,0,0,Composed: Flip,8144.8967,NA,21.34220000000000,14.85110000000000,11.57370000000000,25.94420000000000,74.0077,8142.6188,13.8516,2.2779,11.5737,14.2369,13.9852,11.7355,2.2497,5.9752,8142.6188,NA
parkey.exe,25692,0x18D74B42E40,DXGI,1,0,0,Composed: Flip,8158.4710,NA,13.57430000000000,18.51660000000000,11.89740000000000,33.22420000000000,78.9500,8156.4704,13.8980,2.0006,11.8974,14.4212,20.8036,11.6267,9.1769,-4.6650,8156.4704,NA
parkey.exe,25692,0x18D74B42E40,DXGI,1,0,0,Composed: Flip,8172.7653,NA,14.29430000000000,16.21700000000000,18.46610000000000,33.11010000000000,80.8727,8170.3684,20.8630,2.3969,18.4661,21.3582,14.1488,11.9736,2.1752,-2.3190,8170.3684,NA
parkey.exe,25692,0x18D74B42E40,DXGI,1,0,0,Composed: Flip,8193.0970,NA,20.33170000000000,13.88510000000000,12.02140000000000,33.32310000000000,74.4261,8191.2314,13.8870,1.8656,12.0214,14.6440,20.5447,11.4206,9.1241,6.9779,8191.2314,NA
parkey.exe,25692,0x18D74B42E40,DXGI,1,0,0,Composed: Flip,8206.9597,NA,13.86270000000000,19.93120000000000,18.99460000000000,33.32120000000000,80.4946,8205.1184,20.8359,1.8413,18.9946,21.3017,13.8608,11.7014,2.1594,-6.0442,8205.1184,NA
parkey.exe,25692,0x18D74B42E40,DXGI,1,0,0,Composed: Flip,8228.0814,NA,21.12170000000000,14.79360000000000,11.73320000000000,26.16240000000000,74.1665,8225.9543,13.8603,2.1271,11.7332,14.3266,13.9629,11.5625,2.4004,6.0423,8225.9543,NA
parkey.exe,25692,0x18D74B42E40,DXGI,1,0,0,Composed: Flip,8241.9611,NA,13.87970000000000,18.60790000000000,11.75090000000000,33.10680000000000,78.8947,8239.8146,13.8974,2.1465,11.7509,14.4292,20.8241,11.5024,9.3217,-4.7476,8239.8146,NA
parkey.exe,25692,0x18D74B42E40,DXGI,1,0,0,Composed: Flip,8256.2901,NA,14.32900000000000,16.13060000000000,18.31510000000000,32.57190000000000,80.6963,8253.7120,20.8932,2.5781,18.3151,21.3784,13.7716,11.5621,2.2095,-2.2332,8253.7120,NA
parkey.exe,25692,0x18D74B42E40,DXGI,1,0,0,Composed: Flip,8276.6685,NA,20.37840000000000,13.88630000000000,11.81740000000000,33.12760000000000,74.2042,8274.6052,13.8807,2.0633,11.8174,14.2568,20.9341,11.7088,9.2253,7.0069,8274.6052,NA
parkey.exe,25692,0x18D74B42E40,DXGI,1,0,0,Composed: Flip,8290.1208,NA,13.45230000000000,19.98700000000000,19.17920000000000,33.46040000000000,80.7389,8288.4859,20.8141,1.6349,19.1792,21.3102,13.7851,11.5547,2.2304,-6.1063,8288.4859,NA
parkey.exe,25692,0x18D74B42E40,DXGI,1,0,0,Composed: Flip,8311.3354,NA,21.21460000000000,14.74350000000000,11.86210000000000,26.26760000000000,74.2678,8309.3000,13.8975,2.0354,11.8621,14.2812,14.0218,11.7224,2.2994,6.0706,8309.3000,NA
parkey.exe,25692,0x18D74B42E40,DXGI,1,0,0,Composed: Flip,8325.3903,NA,14.05490000000000,18.63420000000000,11.67970000000000,32.98730000000000,78.8471,8323.1975,13.8725,2.1928,11.6797,14.4055,20.7746,11.6736,9.1010,-4.7367,8323.1975,NA
parkey.exe,25692,0x18D74B42E40,DXGI,1,0,0,Composed: Flip,8339.8609,NA,14.47060000000000,16.09430000000000,18.06320000000000,32.69780000000000,80.4708,8337.0700,20.8541,2.7909,18.0632,21.3516,14.1371,11.9758,2.1613,-2.2218,8337.0700,NA
parkey.exe,25692,0x18D74B42E40,DXGI,1,0,0,Composed: Flip,8359.9370,NA,20.07610000000000,13.87830000000000,11.88590000000000,33.20890000000000,74.2730,8357.9241,13.8988,2.0129,11.8859,14.6346,20.5872,11.6038,8.9834,6.9758,8357.9241,NA
parkey.exe,25692,0x18D74B42E40,DXGI,1,0,0,Composed: Flip,8373.4323,NA,13.49530000000000,20.05440000000000,19.25910000000000,33.56790000000000,80.8321,8371.8229,20.8685,1.6094,19.2591,21.3460,13.8313,11.7289,2.1024,-6.1556,8371.8229,NA
parkey.exe,25692,0x18D74B42E40,DXGI,1,0,0,Composed: Flip,8395.2490,NA,21.81670000000000,16.67710000000000,11.27540000000000,25.65400000000000,75.6925,8392.6914,13.8330,2.5576,11.2754,14.3088,13.9028,11.7352,2.1676,4.1914,8392.6914,NA
parkey.exe,25692,0x18D74B42E40,DXGI,1,0,0,Composed: Flip,8408.8181,NA,13.56910000000000,16.68170000000000,11.60020000000000,32.92060000000000,78.8051,8406.5244,13.8939,2.2937,11.6002,14.4187,20.7956,11.7405,9.0551,-2.8487,8406.5244,NA
parkey.exe,25692,0x18D74B42E40,DXGI,1,0,0,Composed: Flip,8423.0906,NA,14.27250000000000,9.14410000000000,18.16360000000000,32.84230000000000,73.6767,8420.4183,20.8359,2.6723,18.1636,21.3438,14.1708,11.9675,2.2033,4.7498,8420.4183,NA
parkey.exe,25692,0x18D74B42E40,DXGI,1,0,0,Composed: Flip,8443.5217,NA,20.43110000000000,24.22630000000000,11.65010000000000,32.95770000000000,77.4719,8441.2542,13.9176,2.2675,11.6501,14.6787,20.5465,11.6293,8.9172,-3.3904,8441.2542,NA
parkey.exe,25692,0x18D74B42E40,DXGI,1,0,0,Composed: Flip,8457.3204,NA,13.79870000000000,16.67220000000000,18.71260000000000,33.35610000000000,80.3454,8455.1718,20.8612,2.1486,18.7126,21.3476,14.1571,12.0882,2.0689,-2.7546,8455.1718,NA
parkey.exe,25692,0x18D74B42E40,DXGI,1,0,0,Composed: Flip,8478.4292,NA,21.10880000000000,16.67220000000000,11.39400000000000,25.82680000000000,75.9088,8476.0330,13.7902,2.3962,11.3940,14.6435,13.5795,11.3461,2.2334,4.1890,8476.0330,NA
parkey.exe,25692,0x18D74B42E40,DXGI,1,0,0,Composed: Flip,8491.8216,NA,13.39240000000000,16.68800000000000,11.92120000000000,33.28690000000000,79.2044,8489.8232,13.9196,1.9984,11.9212,14.5234,20.7619,11.6776,9.0843,-2.8978,8489.8232,NA
parkey.exe,25692,0x18D74B42E40,DXGI,1,0,0,Composed: Flip,8506.2401,NA,14.41850000000000,9.09150000000000,18.40230000000000,33.30500000000000,73.8774,8503.7428,20.8996,2.4973,18.4023,21.3905,14.4118,12.3365,2.0753,4.8281,8503.7428,NA
parkey.exe,25692,0x18D74B42E40,DXGI,1,0,0,Composed: Flip,8526.8534,NA,20.61330000000000,24.27190000000000,11.61700000000000,33.01610000000000,77.5360,8524.6424,13.8280,2.2110,11.6170,14.9027,20.3244,11.3063,9.0181,-3.3723,8524.6424,NA
parkey.exe,25692,0x18D74B42E40,DXGI,1,0,0,Composed: Flip,8540.6141,NA,13.76070000000000,16.67130000000000,18.74220000000000,33.39030000000000,80.4466,8538.4704,20.8859,2.1437,18.7422,21.3991,14.1349,12.0994,2.0355,-2.8433,8538.4704,NA
parkey.exe,25692,0x18D74B42E40,DXGI,1,0,0,Composed: Flip,8561.3925,NA,20.77840000000000,16.68420000000000,11.78150000000000,33.07480000000000,76.3524,8559.3563,13.8177,2.0362,11.7815,14.6481,20.4629,11.2296,9.2333,4.2017,8559.3563,NA
parkey.exe,25692,0x18D74B42E40,DXGI,1,0,0,Composed: Flip,8575.0669,NA,13.67440000000000,16.69260000000000,18.94590000000000,33.32850000000000,79.3706,8573.1740,20.8388,1.8929,18.9459,21.3375,13.8839,11.6684,2.2155,-2.8749,8573.1740,NA
parkey.exe,25692,0x18D74B42E40,DXGI,1,0,0,Composed: Flip,8596.0042,NA,20.93730000000000,9.01250000000000,11.95660000000000,26.68040000000000,67.4458,8594.0128,13.9480,1.9914,11.9566,14.4208,14.2510,12.0613,2.1897,11.8263,8594.0128,NA
parkey.exe,25692,0x18D74B42E40,DXGI,1,0,0,Composed: Flip,8610.0938,NA,14.08960000000000,24.34100000000000,11.75060000000000,33.11040000000000,77.6972,8607.9608,13.8836,2.1330,11.7506,14.7238,20.5196,11.6683,8.8513,-10.3930,8607.9608,NA
parkey.exe,25692,0x18D74B42E40,DXGI,1,0,0,Composed: Flip,8623.8091,NA,13.71530000000000,16.66960000000000,18.89220000000000,33.12390000000000,80.6515,8621.8444,20.8569,1.9647,18.8922,21.3598,13.7288,11.5787,2.1501,-2.7860,8621.8444,NA
parkey.exe,25692,0x18D74B42E40,DXGI,1,0,0,Composed: Flip,8644.6342,NA,20.82510000000000,16.69080000000000,11.89840000000000,33.20080000000000,76.5172,8642.7013,13.8313,1.9329,11.8984,14.2317,20.9020,11.6670,9.2350,4.1661,8642.7013,NA
parkey.exe,25692,0x18D74B42E40,DXGI,1,0,0,Composed: Flip,8658.2757,NA,13.64150000000000,16.68250000000000,19.08090000000000,33.48260000000001,79.5582,8656.5326,20.8240,1.7431,19.0809,21.3024,13.9233,11.6862,2.2371,-2.8512,8656.5326,NA
parkey.exe,25692,0x18D74B42E40,DXGI,1,0,0,Composed: Flip,8679.5003,NA,21.22460000000000,8.97510000000000,11.78890000000000,26.78420000000000,67.3087,8677.3566,13.9326,2.1437,11.7889,14.4207,14.5072,12.2829,2.2243,11.8489,8677.3566,NA
parkey.exe,25692,0x18D74B42E40,DXGI,1,0,0,Composed: Flip,8693.2280,NA,13.72770000000000,24.38280000000000,11.98260000000000,33.30150000000000,77.9638,8691.2892,13.9214,1.9388,11.9826,14.9953,20.2450,11.5498,8.6952,-10.4502,8691.2892,NA
parkey.exe,25692,0x18D74B42E40,DXGI,1,0,0,Composed: Flip,8707.4535,NA,14.22550000000000,16.66920000000000,18.60300000000000,32.86040000000000,80.4075,8705.2106,20.8459,2.2429,18.6030,21.3475,13.7558,11.7461,2.0097,-2.7478,8705.2106,NA
parkey.exe,25692,0x18D74B42E40,DXGI,1,0,0,Composed: Flip,8728.2245,NA,20.77100000000000,14.47360000000000,11.63280000000000,32.98670000000000,74.1101,8726.0565,13.8008,2.1680,11.6328,14.2732,20.8815,11.7114,9.1701,6.3723,8726.0565,NA
parkey.exe,25692,0x18D74B42E40,DXGI,1,0,0,Composed: Flip,8741.7271,NA,13.50260000000000,18.89330000000000,18.98760000000000,33.39170000000000,79.5008,8739.8573,20.8574,1.8698,18.9876,21.3777,13.8838,11.6931,2.1907,-5.0925,8739.8573,NA
parkey.exe,25692,0x18D74B42E40,DXGI,1,0,0,Composed: Flip,8762.8734,NA,21.14630000000000,15.84360000000000,11.78150000000000,26.91020000000000,74.1981,8760.7147,13.9402,2.1587,11.7815,14.4240,14.6449,12.4819,2.1630,5.0138,8760.7147,NA
parkey.exe,25692,0x18D74B42E40,DXGI,1,0,0,Composed: Flip,8776.6620,NA,13.78860000000000,17.51370000000000,11.89190000000000,33.17610000000000,77.9232,8774.6549,13.8990,2.0071,11.8919,15.1287,20.0545,11.6264,8.4281,-3.5735,8774.6549,NA
parkey.exe,25692,0x18D74B42E40,DXGI,1,0,0,Composed: Flip,8790.9726,NA,14.31060000000000,16.68210000000000,18.42150000000000,32.67520000000000,80.2947,8788.5539,20.8402,2.4187,18.4215,21.3267,13.7672,11.6175,2.1497,-2.7831,8788.5539,NA
parkey.exe,25692,0x18D74B42E40,DXGI,1,0,0,Composed: Flip,8811.4561,NA,20.48350000000000,14.41980000000000,11.80560000000000,33.18570000000000,74.2310,8809.3941,13.8676,2.0620,11.8056,14.2537,20.9940,11.7045,9.2895,6.4204,8809.3941,NA
parkey.exe,25692,0x18D74B42E40,DXGI,1,0,0,Composed: Flip,8824.9844,NA,13.52830000000000,18.95160000000000,19.15020000000000,33.49180000000000,79.6543,8823.2617,20.8729,1.7227,19.1502,21.3801,13.8344,11.6868,2.1476,-5.0840,8823.2617,NA
parkey.exe,25692,0x18D74B42E40,DXGI,1,0,0,Composed: Flip,8846.3935,NA,21.40910000000000,15.77680000000000,11.59040000000000,26.50870000000000,74.0220,8844.1346,13.8493,2.2589,11.5904,14.3627,14.4049,12.2282,2.1767,5.0961,8844.1346,NA
parkey.exe,25692,0x18D74B42E40,DXGI,1,0,0,Composed: Flip,8859.8828,NA,13.48930000000000,17.57730000000000,12.03140000000000,33.51280000000000,78.1100,8857.9839,13.9303,1.8989,12.0314,14.9183,20.4934,11.5783,8.9151,-3.7280,8857.9839,NA
parkey.exe,25692,0x18D74B42E40,DXGI,1,0,0,Composed: Flip,8873.8670,NA,13.98420000000000,16.67740000000000,19.00920000000000,33.59040000000000,80.8032,8871.9142,20.9620,1.9528,19.0092,21.4814,14.0618,12.0428,2.0190,-2.7471,8871.9142,NA
parkey.exe,25692,0x18D74B42E40,DXGI,1,0,0,Composed: Flip,8895.6338,NA,21.76680000000000,16.67800000000000,10.98620000000000,32.33360000000000,75.7144,8892.8762,13.7438,2.7576,10.9862,14.5812,20.5100,11.6833,8.8267,4.2840,8892.8762,NA
parkey.exe,25692,0x18D74B42E40,DXGI,1,0,0,Composed: Flip,8908.3861,NA,12.75230000000000,16.68210000000000,19.07430000000000,33.40920000000000,79.6442,8906.6200,20.8404,1.7661,19.0743,21.3474,13.8279,11.6788,2.1491,-2.9383,8906.6200,NA
parkey.exe,25692,0x18D74B42E40,DXGI,1,0,0,Composed: Flip,8929.5255,NA,21.13940000000000,8.82030000000000,11.81190000000000,26.57620000000000,67.3251,8927.4604,13.8770,2.0651,11.8119,14.3517,14.2896,12.0100,2.2796,12.0201,8927.4604,NA
parkey.exe,25692,0x18D74B42E40,DXGI,1,0,0,Composed: Flip,8943.2001,NA,13.67460000000000,24.54000000000000,12.06220000000000,33.37900000000000,78.1905,8941.3374,13.9249,1.8627,12.0622,14.7643,20.4774,11.6072,8.8702,-10.6630,8941.3374,NA
parkey.exe,25692,0x18D74B42E40,DXGI,1,0,0,Composed: Flip,8957.2842,NA,14.08410000000000,16.68180000000000,18.80840000000000,33.45830000000000,80.7882,8955.2623,20.8303,2.0219,18.8084,21.3168,14.1634,12.0300,2.1334,-2.7569,8955.2623,NA
parkey.exe,25692,0x18D74B42E40,DXGI,1,0,0,Composed: Flip,8978.0155,NA,20.73130000000000,16.67510000000000,11.88220000000000,33.22260000000000,76.7320,8976.0926,13.8051,1.9229,11.8822,14.6499,20.4956,11.2536,9.2420,4.1552,8976.0926,NA
parkey.exe,25692,0x18D74B42E40,DXGI,1,0,0,Composed: Flip,8991.7933,NA,13.77780000000000,16.75000000000000,18.95570000000000,33.38830000000000,79.7042,8989.8977,20.8513,1.8956,18.9557,21.3404,13.9435,11.6554,2.2881,-2.9449,8989.8977,NA
parkey.exe,25692,0x18D74B42E40,DXGI,1,0,0,Composed: Flip,9012.7175,NA,20.92420000000000,8.68750000000000,11.98430000000000,26.72000000000000,67.4675,9010.7490,13.9528,1.9685,11.9843,14.4326,14.2559,12.1012,2.1547,12.1638,9010.7490,NA
parkey.exe,25692,0x18D74B42E40,DXGI,1,0,0,Composed: Flip,9026.8702,NA,14.15270000000000,24.62040000000000,11.71450000000000,33.11860000000000,77.9352,9024.7018,13.8829,2.1684,11.7145,14.7357,20.5513,11.7319,8.8194,-10.6676,9024.7018,NA
parkey.exe,25692,0x18D74B42E40,DXGI,1,0,0,Composed: Flip,9040.7949,NA,13.92470000000000,16.65770000000000,18.68500000000000,32.96070000000000,80.6682,9038.5847,20.8952,2.2102,18.6850,21.4041,13.7668,11.6844,2.0824,-2.7748,9038.5847,NA
parkey.exe,25692,0x18D74B42E40,DXGI,1,0,0,Composed: Flip,9061.6233,NA,20.82840000000000,16.68380000000000,11.66770000000000,32.96600000000000,76.5236,9059.4799,13.8111,2.1434,11.6677,14.2757,20.8337,11.6807,9.1530,4.2114,9059.4799,NA
parkey.exe,25692,0x18D74B42E40,DXGI,1,0,0,Composed: Flip,9075.8143,NA,14.19100000000000,16.69410000000000,18.30840000000000,32.70440000000000,79.0267,9073.2910,20.8317,2.5233,18.3084,21.2983,13.9294,11.7387,2.1907,-2.8830,9073.2910,NA
parkey.exe,25692,0x18D74B42E40,DXGI,1,0,0,Composed: Flip,9096.4782,NA,20.66390000000000,8.69510000000000,11.57520000000000,26.30280000000000,67.0579,9094.1227,13.9307,2.3555,11.5752,14.4196,14.2387,12.0368,2.2019,12.1366,9094.1227,NA
parkey.exe,25692,0x18D74B42E40,DXGI,1,0,0,Composed: Flip,9110.0450,NA,13.56680000000000,24.66030000000000,11.86720000000000,33.25950000000000,78.1514,9108.0534,13.8588,1.9916,11.8672,14.7276,20.5235,11.5945,8.9290,-10.7296,9108.0534,NA
parkey.exe,25692,0x18D74B42E40,DXGI,1,0,0,Composed: Flip,9123.7671,NA,13.72210000000000,16.67830000000000,19.04680000000000,33.22390000000000,81.1076,9121.9122,20.9017,1.8549,19.0468,21.3923,13.6865,11.6304,2.0561,-2.8195,9121.9122,NA
parkey.exe,25692,0x18D74B42E40,DXGI,1,0,0,Composed: Flip,9145.1253,NA,21.35820000000000,16.67250000000000,11.48590000000000,32.80830000000000,76.4219,9142.8139,13.7973,2.3114,11.4859,14.1771,20.9426,11.7478,9.1948,4.2292,9142.8139,NA
parkey.exe,25692,0x18D74B42E40,DXGI,1,0,0,Composed: Flip,9158.7319,NA,13.60660000000000,16.72370000000000,18.71520000000000,33.11230000000000,79.5390,9156.6112,20.8359,2.1207,18.7152,21.3224,13.9106,11.6721,2.2385,-2.9264,9156.6112,NA
parkey.exe,25692,0x18D74B42E40,DXGI,1,0,0,Composed: Flip,9179.6250,NA,20.89310000000000,8.55950000000000,11.76140000000000,26.46790000000000,67.2054,9177.4471,13.9393,2.1779,11.7614,14.4186,14.2272,12.0452,2.1820,12.2764,9177.4471,NA
parkey.exe,25692,0x18D74B42E40,DXGI,1,0,0,Composed: Flip,9193.4057,NA,13.78070000000000,24.76480000000000,11.83280000000000,33.23140000000000,78.1895,9191.3864,13.8521,2.0193,11.8328,14.7065,20.5442,11.5611,8.9831,-10.8255,9191.3864,NA
parkey.exe,25692,0x18D74B42E40,DXGI,1,0,0,Composed: Flip,9206.9817,NA,13.57600000000000,16.69380000000000,19.15150000000000,34.02350000000000,81.3073,9205.2385,20.8947,1.7432,19.1515,21.3986,14.3681,12.2314,2.1367,-2.8417,9205.2385,NA
parkey.exe,25692,0x18D74B42E40,DXGI,1,0,0,Composed: Flip,9228.1601,NA,21.17840000000000,16.66690000000000,11.85410000000000,33.14410000000000,76.7958,9226.1332,13.8810,2.0269,11.8541,14.8720,20.2990,11.6271,8.6719,4.2278,9226.1332,NA
parkey.exe,25692,0x18D74B42E40,DXGI,1,0,0,Composed: Flip,9242.5663,NA,14.40620000000000,16.67970000000000,18.24220000000000,32.62740000000000,79.0693,9240.0142,20.7943,2.5521,18.2422,21.2900,13.8895,11.7420,2.1475,-2.7987,9240.0142,NA
parkey.exe,25692,0x18D74B42E40,DXGI,1,0,0,Composed: Flip,9263.1096,NA,20.54330000000000,8.60840000000000,11.62780000000000,26.32920000000000,67.1344,9260.8085,13.9289,2.3011,11.6278,14.4075,14.2228,12.0644,2.1584,12.1859,9260.8085,NA
parkey.exe,25692,0x18D74B42E40,DXGI,1,0,0,Composed: Flip,9276.6953,NA,13.58570000000000,24.75500000000000,11.90120000000000,33.26710000000000,78.3037,9274.7374,13.8591,1.9579,11.9012,14.7014,20.5236,11.7840,8.7396,-10.8261,9274.7374,NA
parkey.exe,25692,0x18D74B42E40,DXGI,1,0,0,Composed: Flip,9290.6412,NA,13.94590000000000,16.68090000000000,18.83190000000000,33.50750000000000,81.0387,9288.5965,20.8766,2.0447,18.8319,21.3659,14.1863,12.0515,2.1348,-2.8218,9288.5965,NA
parkey.exe,25692,0x18D74B42E40,DXGI,1,0,0,Composed: Flip,9311.5008,NA,20.85960000000000,16.67540000000000,11.78970000000000,33.14570000000001,76.8545,9309.4731,13.8174,2.0277,11.7897,14.6756,20.4978,11.3010,9.1968,4.2012,9309.4731,NA
parkey.exe,25692,0x18D74B42E40,DXGI,1,0,0,Composed: Flip,9325.4365,NA,13.93570000000000,16.67690000000000,18.70570000000000,33.11360000000000,79.5957,9323.2905,20.8517,2.1460,18.7057,21.3560,13.9036,11.6439,2.2597,-2.8595,9323.2905,NA
parkey.exe,25692,0x18D74B42E40,DXGI,1,0,0,Composed: Flip,9346.4856,NA,21.04910000000000,8.55580000000000,11.60340000000000,26.30540000000000,67.1024,9344.1422,13.9468,2.3434,11.6034,14.4524,14.1964,12.0821,2.1143,12.2959,9344.1422,NA
parkey.exe,25692,0x18D74B42E40,DXGI,1,0,0,Composed: Flip,9360.0200,NA,13.53440000000000,24.80950000000000,11.95680000000000,33.29170000000000,78.3775,9358.0890,13.8878,1.9310,11.9568,14.7020,20.5207,11.5462,8.9745,-10.8627,9358.0890,NA
parkey.exe,25692,0x18D74B42E40,DXGI,1,0,0,Composed: Flip,9373.8693,NA,13.84930000000000,16.67920000000000,18.95000000000000,33.55150000000000,81.2074,9371.9768,20.8425,1.8925,18.9500,21.3349,14.1091,11.9513,2.1578,-2.7914,9371.9768,NA
parkey.exe,25692,0x18D74B42E40,DXGI,1,0,0,Composed: Flip,9394.8109,NA,20.94160000000000,16.67940000000000,11.87970000000000,33.26660000000000,76.9452,9392.8193,13.8713,1.9916,11.8797,14.6015,20.6567,11.6648,8.9919,4.1631,9392.8193,NA
parkey.exe,25692,0x18D74B42E40,DXGI,1,0,0,Composed: Flip,9408.4078,NA,13.59690000000000,16.68200000000000,19.15390000000000,33.48600000000000,80.0303,9406.6906,20.8711,1.7172,19.1539,21.3869,13.8163,11.7232,2.0931,-2.8107,9406.6906,NA
parkey.exe,25692,0x18D74B42E40,DXGI,1,0,0,Composed: Flip,9429.8804,NA,21.47260000000000,8.43690000000000,11.51370000000000,25.96590000000000,66.9946,9427.5617,13.8324,2.3187,11.5137,14.3321,13.9525,11.1610,2.7915,12.4342,9427.5617,NA
parkey.exe,25692,0x18D74B42E40,DXGI,1,0,0,Composed: Flip,9443.3806,NA,13.50020000000000,24.92520000000000,11.98080000000000,33.24700000000000,78.4196,9441.3941,13.9673,1.9865,11.9808,14.5006,20.7329,11.6344,9.0985,-11.0928,9441.3941,NA
parkey.exe,25692,0x18D74B42E40,DXGI,1,0,0,Composed: Flip,9457.3566,NA,13.97600000000000,16.67400000000000,18.83130000000000,33.58540000000000,81.1176,9455.3614,20.8265,1.9952,18.8313,21.3094,14.2712,12.2201,2.0511,-2.7067,9455.3614,NA
parkey.exe,25692,0x18D74B42E40,DXGI,1,0,0,Composed: Flip,9478.5102,NA,21.15360000000000,16.67920000000000,11.49280000000000,32.79140000000000,76.6432,9476.1879,13.8151,2.3223,11.4928,14.7541,20.3596,11.6626,8.6970,4.1473,9476.1879,NA
parkey.exe,25692,0x18D74B42E40,DXGI,1,0,0,Composed: Flip,9492.1382,NA,13.62800000000000,16.68450000000000,18.69610000000000,33.13250000000000,79.6997,9490.0030,20.8313,2.1352,18.6961,21.3196,13.9481,11.6853,2.2628,-2.8694,9490.0030,NA
parkey.exe,25692,0x18D74B42E40,DXGI,1,0,0,Composed: Flip,9512.7267,NA,20.58850000000000,8.38140000000000,12.07070000000000,26.79650000000000,67.4926,9510.8343,13.9631,1.8924,12.0707,14.4364,14.2525,12.1270,2.1255,12.4499,9510.8343,NA
parkey.exe,25692,0x18D74B42E40,DXGI,1,0,0,Composed: Flip,9526.6361,NA,13.90940000000000,24.98250000000000,12.03210000000000,33.38150000000000,78.5657,9524.7974,13.8708,1.8387,12.0321,14.7258,20.4944,11.5444,8.9500,-11.0194,9524.7974,NA
parkey.exe,25692,0x18D74B42E40,DXGI,1,0,0,Composed: Flip,9540.5033,NA,13.86720000000000,16.73440000000000,19.03210000000000,33.31590000000000,81.4329,9538.6682,20.8672,1.8351,19.0321,21.3713,13.7797,11.7302,2.0495,-2.8636,9538.6682,NA
parkey.exe,25692,0x18D74B42E40,DXGI,1,0,0,Composed: Flip,9561.6907,NA,21.18740000000000,13.88350000000000,11.65690000000000,32.98810000000000,74.1290,9559.5354,13.8122,2.1553,11.6569,14.3959,20.7475,12.1576,8.5899,6.9837,9559.5354,NA
parkey.exe,25692,0x18D74B42E40,DXGI,1,0,0,Composed: Flip,9575.2594,NA,13.56870000000000,19.42030000000000,18.93220000000000,33.30550000000000,79.9806,9573.3476,20.8440,1.9118,18.9322,21.3312,13.8861,11.6976,2.1885,-5.6081,9573.3476,NA
parkey.exe,25692,0x18D74B42E40,DXGI,1,0,0,Composed: Flip,9596.1977,NA,20.93830000000000,15.32130000000000,11.91560000000000,26.37200000000000,74.3636,9594.1916,13.9217,2.0061,11.9156,14.4171,13.9610,11.7254,2.2356,5.5227,9594.1916,NA
parkey.exe,25692,0x18D74B42E40,DXGI,1,0,0,Composed: Flip,9610.2315,NA,14.03380000000000,18.03850000000000,11.82140000000000,33.14790000000000,78.3683,9608.1133,13.9396,2.1182,11.8214,14.4564,20.8097,11.6861,9.1236,-4.1168,9608.1133,NA
parkey.exe,25692,0x18D74B42E40,DXGI,1,0,0,Composed: Flip,9624.1348,NA,13.90330000000000,16.68730000000000,18.72780000000000,33.65320000000000,81.1523,9622.0529,20.8097,2.0819,18.7278,21.3265,14.4086,12.2919,2.1167,-2.7477,9622.0529,NA
parkey.exe,25692,0x18D74B42E40,DXGI,1,0,0,Composed: Flip,9644.9784,NA,20.84360000000000,13.90980000000000,11.75920000000000,33.11890000000000,74.2185,9642.8626,13.8750,2.1158,11.7592,14.9254,20.3093,11.6564,8.6529,6.8999,9642.8626,NA
parkey.exe,25692,0x18D74B42E40,DXGI,1,0,0,Composed: Flip,9659.0620,NA,14.08360000000000,19.44280000000000,18.53880000000000,32.77130000000000,79.5777,9656.7376,20.8632,2.3244,18.5388,21.3597,13.7360,11.5820,2.1540,-5.5678,9656.7376,NA
parkey.exe,25692,0x18D74B42E40,DXGI,1,0,0,Composed: Flip,9679.7101,NA,20.64810000000000,15.27200000000000,11.75840000000000,26.14100000000000,74.2016,9677.6008,13.8677,2.1093,11.7584,14.2502,14.0001,11.6898,2.3103,5.5912,9677.6008,NA
parkey.exe,25692,0x18D74B42E40,DXGI,1,0,0,Composed: Flip,9693.4482,NA,13.73810000000000,18.08950000000000,11.93080000000000,33.24580000000000,78.5530,9691.4685,13.9105,1.9797,11.9308,14.4270,20.7985,11.8817,8.9168,-4.2218,9691.4685,NA
parkey.exe,25692,0x18D74B42E40,DXGI,1,0,0,Composed: Flip,9707.3964,NA,13.94820000000000,16.61190000000000,18.84110000000000,33.16300000000000,81.2167,9705.3790,20.8585,2.0174,18.8411,21.3616,13.8188,11.7364,2.0824,-2.7014,9705.3790,NA
parkey.exe,25692,0x18D74B42E40,DXGI,1,0,0,Composed: Flip,9728.5956,NA,21.19920000000000,13.92600000000000,11.48060000000000,32.87020000000000,73.9435,9726.2375,13.8387,2.3581,11.4806,14.3219,20.9064,11.6928,9.2136,6.9325,9726.2375,NA
parkey.exe,25692,0x18D74B42E40,DXGI,1,0,0,Composed: Flip,9742.0713,NA,13.47570000000000,19.51310000000000,18.89650000000000,33.13380000000000,79.9809,9740.0762,20.8916,1.9951,18.8965,21.3896,13.7393,11.6325,2.1068,-5.6744,9740.0762,NA
parkey.exe,25692,0x18D74B42E40,DXGI,1,0,0,Composed: Flip,9763.2929,NA,21.22160000000000,15.20390000000000,11.53170000000000,25.92460000000000,73.9632,9760.9678,13.8568,2.3251,11.5317,14.2373,14.0124,11.6819,2.3305,5.6877,9760.9678,NA
parkey.exe,25692,0x18D74B42E40,DXGI,1,0,0,Composed: Flip,9776.7106,NA,13.41770000000000,18.14720000000000,11.97800000000000,33.32390000000000,78.6927,9774.8246,13.8640,1.8860,11.9780,14.3929,20.8170,11.9107,8.9063,-4.2904,9774.8246,NA
parkey.exe,25692,0x18D74B42E40,DXGI,1,0,0,Composed: Flip,9790.6454,NA,13.93480000000000,16.58320000000000,18.91010000000000,33.60980000000000,81.3411,9788.6886,20.8669,1.9568,18.9101,21.3459,14.2207,11.9606,2.2601,-2.7192,9788.6886,NA
parkey.exe,25692,0x18D74B42E40,DXGI,1,0,0,Composed: Flip,9811.6734,NA,21.02800000000000,13.89790000000000,11.83060000000000,33.15460000000000,74.2110,9809.5555,13.9485,2.1179,11.8306,14.6997,20.5728,11.4777,9.0951,6.9690,9809.5555,NA
parkey.exe,25692,0x18D74B42E40,DXGI,1,0,0,Composed: Flip,9825.9627,NA,14.28930000000000,19.57750000000000,18.36920000000000,32.71090000000000,79.4992,9823.5040,20.8279,2.4587,18.3692,21.3240,13.8456,11.6578,2.1878,-5.6290,9823.5040,NA
parkey.exe,25692,0x18D74B42E40,DXGI,1,0,0,Composed: Flip,9846.8954,NA,20.93270000000000,15.12840000000000,11.28710000000000,25.69330000000000,73.6949,9844.3319,13.8506,2.5635,11.2871,14.3417,13.9151,11.6710,2.2441,5.6995,9844.3319,NA
parkey.exe,25692,0x18D74B42E40,DXGI,1,0,0,Composed: Flip,9860.4668,NA,13.57140000000000,18.21390000000000,11.63520000000000,32.95380000000000,78.3374,9858.1825,13.9195,2.2843,11.6352,14.4374,20.8007,11.6421,9.1586,-4.3633,9858.1825,NA
parkey.exe,25692,0x18D74B42E40,DXGI,1,0,0,Composed: Flip,9874.8267,NA,14.35990000000000,16.52840000000000,18.11370000000000,32.47430000000000,80.5059,9872.1020,20.8384,2.7247,18.1137,21.3186,13.8804,11.7367,2.1437,-2.6089,9872.1020,NA
parkey.exe,25692,0x18D74B42E40,DXGI,1,0,0,Composed: Flip,9895.2543,NA,20.42760000000000,13.87390000000000,11.52950000000000,32.89800000000000,73.9522,9892.9404,13.8434,2.3139,11.5295,14.3606,20.8513,11.6849,9.1664,6.9645,9892.9404,NA
parkey.exe,25692,0x18D74B42E40,DXGI,1,0,0,Composed: Flip,9908.7902,NA,13.53590000000000,19.63490000000000,18.85370000000000,33.08030000000000,80.0512,9906.7838,20.8601,2.0064,18.8537,21.3685,13.7182,11.5723,2.1459,-5.7915,9906.7838,NA
parkey.exe,25692,0x18D74B42E40,DXGI,1,0,0,Composed: Flip,9929.7296,NA,20.93940000000000,15.10070000000000,11.79310000000000,26.16280000000000,74.2125,9927.6439,13.8788,2.0857,11.7931,14.2668,13.9817,11.6737,2.3080,5.7594,9927.6439,NA
parkey.exe,25692,0x18D74B42E40,DXGI,1,0,0,Composed: Flip,9943.4454,NA,13.71580000000000,18.26120000000000,11.97130000000000,33.27730000000000,78.7579,9941.5227,13.8940,1.9227,11.9713,14.3999,20.8001,11.7462,9.0539,-4.3824,9941.5227,NA
parkey.exe,25692,0x18D74B42E40,DXGI,1,0,0,Composed: Flip,9957.4027,NA,13.95730000000000,16.47810000000000,18.84100000000000,33.57660000000000,81.2787,9955.4167,20.8270,1.9860,18.8410,21.3060,14.2566,12.0303,2.2263,-2.5841,9955.4167,NA
parkey.exe,25692,0x18D74B42E40,DXGI,1,0,0,Composed: Flip,9978.0979,NA,20.69520000000000,13.87880000000000,12.02460000000000,33.35920000000000,74.4623,9976.2437,13.8788,1.8542,12.0246,14.7356,20.4778,11.4746,9.0032,6.9482,9976.2437,NA
parkey.exe,25692,0x18D74B42E40,DXGI,1,0,0,Composed: Flip,9992.0512,NA,13.95330000000000,19.69700000000000,18.94010000000000,33.17590000000000,80.2060,9990.1225,20.8688,1.9287,18.9401,21.3505,13.7541,11.6020,2.1521,-5.8182,9990.1225,NA
parkey.exe,25692,0x18D74B42E40,DXGI,1,0,0,Composed: Flip,10012.9698,NA,20.91860000000000,15.03020000000000,11.87780000000000,26.29920000000000,74.3176,10010.9913,13.8563,1.9785,11.8778,14.2358,14.0419,11.7190,2.3229,5.8386,10010.9913,NA
parkey.exe,25692,0x18D74B42E40,DXGI,1,0,0,Composed: Flip,10026.7098,NA,13.74000000000000,18.31750000000000,12.05190000000000,33.40830000000000,78.8951,10024.8476,13.9141,1.8622,12.0519,14.4516,20.8189,11.6835,9.1354,-4.4612,10024.8476,NA
parkey.exe,25692,0x18D74B42E40,DXGI,1,0,0,Composed: Flip,10040.7700,NA,14.06020000000000,16.37560000000000,18.83900000000000,33.51190000000000,81.2105,10038.7617,20.8473,2.0083,18.8390,21.3564,14.1638,12.0356,2.1282,-2.4615,10038.7617,NA
parkey.exe,25692,0x18D74B42E40,DXGI,1,0,0,Composed: Flip,10061.8420,NA,21.07200000000000,16.99860000000000,11.70410000000000,32.97530000000000,77.1371,10059.6090,13.9371,2.2330,11.7041,14.6729,20.5354,11.6591,8.8763,3.8487,10059.6090,NA
parkey.exe,25692,0x18D74B42E40,DXGI,1,0,0,Composed: Flip,10075.4848,NA,13.64280000000000,16.66210000000000,18.84800000000000,33.19860000000000,80.1564,10073.5461,20.7867,1.9387,18.8480,21.2712,13.8661,11.6743,2.1918,-2.7250,10073.5461,NA
parkey.exe,25692,0x18D74B42E40,DXGI,1,0,0,Composed: Flip,10096.6374,NA,21.15260000000000,8.07040000000000,11.57540000000000,25.92070000000000,67.0742,10094.3328,13.8800,2.3046,11.5754,14.3506,13.8747,11.7194,2.1553,12.7163,10094.3328,NA
parkey.exe,25692,0x18D74B42E40,DXGI,1,0,0,Composed: Flip,10110.1654,NA,13.52800000000000,25.29550000000000,11.89240000000000,33.30840000000000,78.8417,10108.2128,13.8450,1.9526,11.8924,14.3938,20.8672,11.9589,8.9083,-11.4155,10108.2128,NA
parkey.exe,25692,0x18D74B42E40,DXGI,1,0,0,Composed: Flip,10124.0834,NA,13.91800000000000,16.32210000000000,18.88380000000000,33.11220000000000,81.2458,10122.0578,20.9094,2.0256,18.8838,21.4160,13.7218,11.6102,2.1116,-2.4771,10122.0578,NA
parkey.exe,25692,0x18D74B42E40,DXGI,1,0,0,Composed: Flip,10145.1398,NA,21.05640000000000,17.03290000000000,11.66880000000000,32.95910000000000,77.2223,10142.9672,13.8414,2.1726,11.6688,14.2284,20.9033,11.7215,9.1818,3.8765,10142.9672,NA
parkey.exe,25692,0x18D74B42E40,DXGI,1,0,0,Composed: Flip,10158.9298,NA,13.79000000000000,16.67550000000000,18.69870000000000,33.07090000000000,80.1078,10156.8086,20.8199,2.1212,18.6987,21.2903,13.9018,11.6455,2.2563,-2.8341,10156.8086,NA
parkey.exe,25692,0x18D74B42E40,DXGI,1,0,0,Composed: Flip,10179.6881,NA,20.75830000000000,7.96640000000000,11.85920000000000,26.18430000000000,67.3159,10177.6285,13.9188,2.0596,11.8592,14.4160,13.8279,11.7277,2.1002,12.8535,10177.6285,NA
parkey.exe,25692,0x18D74B42E40,DXGI,1,0,0,Composed: Flip,10193.5068,NA,13.81870000000000,25.40650000000000,11.90500000000000,33.27500000000000,78.9037,10191.5473,13.8645,1.9595,11.9050,14.3785,20.8560,11.7939,9.0621,-11.4877,10191.5473,NA
parkey.exe,25692,0x18D74B42E40,DXGI,1,0,0,Composed: Flip,10207.3009,NA,13.79410000000000,16.26620000000000,19.00290000000000,33.57660000000000,81.3758,10205.4118,20.8920,1.8891,19.0029,21.3700,14.0957,12.0366,2.0591,-2.4017,10205.4118,NA
parkey.exe,25692,0x18D74B42E40,DXGI,1,0,0,Composed: Flip,10228.2164,NA,20.91550000000000,17.08980000000000,11.90720000000000,33.26300000000000,77.5501,10226.3038,13.8198,1.9126,11.9072,14.5737,20.6019,12.2812,8.3207,3.8022,10226.3038,NA
parkey.exe,25692,0x18D74B42E40,DXGI,1,0,0,Composed: Flip,10242.1212,NA,13.90480000000000,16.68040000000000,18.85460000000000,33.31610000000000,80.3257,10240.1236,20.8522,1.9976,18.8546,21.3558,13.9579,11.7162,2.2417,-2.8606,10240.1236,NA
parkey.exe,25692,0x18D74B42E40,DXGI,1,0,0,Composed: Flip,10263.4183,NA,21.29710000000000,7.90490000000000,11.53500000000000,25.82160000000000,66.9335,10260.9758,13.9775,2.4425,11.5350,14.4615,13.8026,11.7021,2.1005,12.9473,10260.9758,NA
parkey.exe,25692,0x18D74B42E40,DXGI,1,0,0,Composed: Flip,10277.0679,NA,13.64960000000000,25.47230000000000,11.69130000000000,33.07090000000000,78.7562,10274.9533,13.8059,2.1146,11.6913,14.3301,20.8554,11.6380,9.2174,-11.4948,10274.9533,NA
parkey.exe,25692,0x18D74B42E40,DXGI,1,0,0,Composed: Flip,10290.7524,NA,13.68450000000000,16.20230000000000,18.92520000000000,33.48940000000000,81.2740,10288.7592,20.9184,1.9932,18.9252,21.4018,14.0808,12.0052,2.0756,-2.3964,10288.7592,NA
parkey.exe,25692,0x18D74B42E40,DXGI,1,0,0,Composed: Flip,10311.7166,NA,20.96420000000000,17.14190000000000,11.76890000000000,33.09840000000000,77.4517,10309.6776,13.8079,2.0390,11.7689,14.5642,20.5732,12.0485,8.5247,3.7765,10309.6776,NA
parkey.exe,25692,0x18D74B42E40,DXGI,1,0,0,Composed: Flip,10325.3744,NA,13.65780000000000,16.67780000000000,18.94810000000000,33.33570000000000,80.4717,10323.4855,20.8370,1.8889,18.9481,21.3295,13.8951,11.6459,2.2492,-2.8699,10323.4855,NA
parkey.exe,25692,0x18D74B42E40,DXGI,1,0,0,Composed: Flip,10346.4918,NA,21.11740000000000,7.86850000000000,11.76340000000000,26.15180000000000,67.2228,10344.3225,13.9327,2.1693,11.7634,14.4266,13.8945,11.7375,2.1570,12.9685,10344.3225,NA
parkey.exe,25692,0x18D74B42E40,DXGI,1,0,0,Composed: Flip,10360.3211,NA,13.82930000000000,25.49320000000000,11.83860000000000,33.18350000000000,78.8867,10358.2552,13.9045,2.0659,11.8386,14.3884,20.8610,11.6044,9.2566,-11.5605,10358.2552,NA
parkey.exe,25692,0x18D74B42E40,DXGI,1,0,0,Composed: Flip,10374.2967,NA,13.97560000000000,16.21570000000000,18.72350000000000,33.30230000000000,81.1268,10372.1597,20.8605,2.1370,18.7235,21.3449,14.0944,11.9746,2.1198,-2.3112,10372.1597,NA
parkey.exe,25692,0x18D74B42E40,DXGI,1,0,0,Composed: Flip,10395.0476,NA,20.75090000000000,13.88480000000000,11.82640000000000,33.10580000000000,74.2607,10393.0202,13.8538,2.0274,11.8264,14.5788,20.5544,11.4953,9.0591,6.9757,10393.0202,NA
parkey.exe,25692,0x18D74B42E40,DXGI,1,0,0,Composed: Flip,10408.8587,NA,13.81110000000000,19.93790000000000,18.81450000000000,33.19740000000000,80.3875,10406.8740,20.7992,1.9847,18.8145,21.2794,13.9027,11.7435,2.1592,-6.0841,10406.8740,NA
parkey.exe,25692,0x18D74B42E40,DXGI,1,0,0,Composed: Flip,10429.6235,NA,20.76480000000000,14.78120000000000,11.96740000000000,26.38040000000000,74.4039,10427.6732,13.9177,1.9503,11.9674,14.4044,13.9263,11.6970,2.2293,6.0180,10427.6732,NA
parkey.exe,25692,0x18D74B42E40,DXGI,1,0,0,Composed: Flip,10443.5294,NA,13.90590000000000,18.59420000000000,11.98790000000000,33.31890000000000,79.0922,10441.5909,13.9264,1.9385,11.9879,14.4465,20.8109,11.6694,9.1415,-4.6765,10441.5909,NA
parkey.exe,25692,0x18D74B42E40,DXGI,1,0,0,Composed: Flip,10457.9216,NA,14.39220000000000,16.13640000000000,18.43170000000000,33.09640000000000,80.8364,10455.5173,20.8360,2.4043,18.4317,21.3310,14.1697,11.9540,2.2157,-2.2100,10455.5173,NA
parkey.exe,25692,0x18D74B42E40,DXGI,1,0,0,Composed: Flip,10478.7304,NA,20.80880000000000,13.88750000000000,11.51730000000000,32.83050000000000,73.9151,10476.3533,13.8944,2.3771,11.5173,14.6647,20.5429,11.4759,9.0670,6.9485,10476.3533,NA
parkey.exe,25692,0x18D74B42E40,DXGI,1,0,0,Composed: Flip,10492.2641,NA,13.53370000000000,19.99670000000000,18.84190000000000,33.06260000000000,80.3781,10490.2477,20.8583,2.0164,18.8419,21.3559,13.7231,11.5577,2.1654,-6.1023,10490.2477,NA
parkey.exe,25692,0x18D74B42E40,DXGI,1,0,0,Composed: Flip,10513.4154,NA,21.15130000000000,14.73770000000000,11.53090000000000,25.97240000000000,73.9645,10511.1060,13.8403,2.3094,11.5309,14.2207,14.0611,11.7052,2.3559,6.1206,10511.1060,NA
parkey.exe,25692,0x18D74B42E40,DXGI,1,0,0,Composed: Flip,10526.7469,NA,13.33150000000000,18.63930000000000,12.12840000000000,33.41910000000000,79.2723,10524.9463,13.9290,1.8006,12.1284,14.4655,20.7542,11.6567,9.0975,-4.7990,10524.9463,NA
parkey.exe,25692,0x18D74B42E40,DXGI,1,0,0,Composed: Flip,10540.7783,NA,14.03140000000000,16.04480000000000,18.89370000000000,33.19620000000000,81.2857,10538.8753,20.7967,1.9030,18.8937,21.2907,13.8085,11.5978,2.2107,-2.1158,10538.8753,NA
parkey.exe,25692,0x18D74B42E40,DXGI,1,0,0,Composed: Flip,10561.7598,NA,20.98150000000000,17.30810000000000,11.82220000000000,33.16880000000000,77.6123,10559.6720,13.9100,2.0878,11.8222,14.3279,20.9287,11.6893,9.2394,3.4886,10559.6720,NA
parkey.exe,25692,0x18D74B42E40,DXGI,1,0,0,Composed: Flip,10575.3995,NA,13.63970000000000,16.67730000000000,19.03750000000000,33.23890000000000,80.6499,10573.5820,20.8550,1.8175,19.0375,21.3466,13.7098,11.6135,2.0963,-2.7673,10573.5820,NA
parkey.exe,25692,0x18D74B42E40,DXGI,1,0,0,Composed: Flip,10596.4106,NA,21.01110000000000,16.67890000000000,11.87040000000000,26.28360000000000,76.3177,10594.4370,13.8440,1.9736,11.8704,14.2377,14.0195,11.7339,2.2856,4.1761,10594.4370,NA
parkey.exe,25692,0x18D74B42E40,DXGI,1,0,0,Composed: Flip,10610.1460,NA,13.73540000000000,16.68180000000000,11.98840000000000,33.39360000000000,79.2641,10608.2810,13.8534,1.8650,11.9884,14.4132,20.8454,11.6266,9.2188,-2.8378,10608.2810,NA
parkey.exe,25692,0x18D74B42E40,DXGI,1,0,0,Composed: Flip,10624.0157,NA,13.86970000000000,9.17190000000000,19.03090000000000,33.70240000000000,74.5663,10622.1344,20.9122,1.8813,19.0309,21.4052,14.1785,12.0416,2.1369,4.6815,10622.1344,NA
parkey.exe,25692,0x18D74B42E40,DXGI,1,0,0,Composed: Flip,10644.9930,NA,20.97730000000000,24.19020000000000,11.93580000000000,33.25620000000000,77.7792,10643.0466,13.8822,1.9464,11.9358,14.6715,20.5311,11.6176,8.9135,-3.2780,10643.0466,NA
parkey.exe,25692,0x18D74B42E40,DXGI,1,0,0,Composed: Flip,10658.6429,NA,13.64990000000000,16.67210000000000,19.13980000000000,33.42640000000000,80.8014,10656.9288,20.8539,1.7141,19.1398,21.3762,13.7643,11.6777,2.0866,-2.7899,10656.9288,NA
parkey.exe,25692,0x18D74B42E40,DXGI,1,0,0,Composed: Flip,10680.0101,NA,21.36720000000000,16.68060000000000,11.57810000000000,25.97530000000000,76.1148,10677.7827,13.8055,2.2274,11.5781,14.2866,13.9161,11.7432,2.1729,4.1733,10677.7827,NA
parkey.exe,25692,0x18D74B42E40,DXGI,1,0,0,Composed: Flip,10693.5467,NA,13.53660000000000,16.69170000000000,11.95540000000000,33.30000000000000,79.2699,10691.5882,13.9139,1.9585,11.9554,14.4196,20.8389,11.6249,9.2140,-2.8862,10691.5882,NA
parkey.exe,25692,0x18D74B42E40,DXGI,1,0,0,Composed: Flip,10707.4336,NA,13.88690000000000,9.06380000000000,18.96430000000000,33.70450000000000,74.4468,10705.5021,20.8958,1.9315,18.9643,21.3847,14.2513,12.1590,2.0923,4.8501,10705.5021,NA
parkey.exe,25692,0x18D74B42E40,DXGI,1,0,0,Composed: Flip,10728.4822,NA,21.04860000000000,24.29530000000000,11.74400000000000,33.15020000000000,77.6935,10726.3979,13.8283,2.0843,11.7440,14.7402,20.4943,11.2547,9.2396,-3.3995,10726.3979,NA
parkey.exe,25692,0x18D74B42E40,DXGI,1,0,0,Composed: Flip,10741.9645,NA,13.48230000000000,16.67420000000000,19.22360000000000,33.44400000000000,80.8854,10740.2262,20.9619,1.7383,19.2236,21.4650,13.7173,11.6844,2.0329,-2.8459,10740.2262,NA
parkey.exe,25692,0x18D74B42E40,DXGI,1,0,0,Composed: Flip,10763.2594,NA,21.29490000000000,16.68770000000000,11.68310000000000,33.17720000000000,76.2782,10761.1881,13.7544,2.0713,11.6831,14.2458,21.0027,11.8392,9.1635,4.2742,10761.1881,NA
parkey.exe,25692,0x18D74B42E40,DXGI,1,0,0,Composed: Flip,10776.8165,NA,13.55710000000000,16.68240000000000,18.96580000000000,33.35720000000000,79.4035,10774.9425,20.8398,1.8740,18.9658,21.5116,13.7196,11.6816,2.0380,-2.9280,10774.9425,NA
parkey.exe,25692,0x18D74B42E40,DXGI,1,0,0,Composed: Flip,10797.9223,NA,21.10580000000000,9.01520000000000,11.79420000000000,26.52790000000000,67.3129,10795.7823,13.9342,2.1400,11.7942,14.4081,14.2598,12.0238,2.2360,11.8246,10795.7823,NA
parkey.exe,25692,0x18D74B42E40,DXGI,1,0,0,Composed: Flip,10811.4680,NA,13.54570000000000,24.34140000000000,12.11680000000000,33.49710000000000,78.1086,10809.7165,13.8683,1.7515,12.1168,14.7337,20.5149,11.6146,8.9003,-10.4072,10809.7165,NA
parkey.exe,25692,0x18D74B42E40,DXGI,1,0,0,Composed: Flip,10825.5980,NA,14.13000000000000,16.67320000000000,18.88170000000000,33.55260000000000,80.6518,10823.5848,20.8949,2.0132,18.8817,21.4080,14.1578,12.1087,2.0491,-2.8049,10823.5848,NA
parkey.exe,25692,0x18D74B42E40,DXGI,1,0,0,Composed: Flip,10846.4873,NA,20.88930000000000,16.68130000000000,11.79560000000000,33.15450000000000,76.4438,10844.4797,13.8032,2.0076,11.7956,14.6709,20.4912,11.3296,9.1616,4.2136,10844.4797,NA
parkey.exe,25692,0x18D74B42E40,DXGI,1,0,0,Composed: Flip,10860.1646,NA,13.67730000000000,16.67800000000000,18.96670000000000,33.39700000000000,79.4445,10858.2829,20.8484,1.8817,18.9667,21.3793,13.8994,11.6603,2.2391,-2.8748,10858.2829,NA
parkey.exe,25692,0x18D74B42E40,DXGI,1,0,0,Composed: Flip,10880.9977,NA,20.83310000000000,9.00080000000000,12.07790000000000,26.96450000000000,67.6122,10879.1313,13.9443,1.8664,12.0779,14.4303,14.4006,12.2668,2.1338,11.8476,10879.1313,NA
parkey.exe,25692,0x18D74B42E40,DXGI,1,0,0,Composed: Flip,10894.8881,NA,13.89040000000000,24.37000000000000,12.10470000000000,33.39720000000001,78.0918,10893.0756,13.9172,1.8125,12.1047,14.8866,20.3231,11.6975,8.6256,-10.4257,10893.0756,NA
parkey.exe,25692,0x18D74B42E40,DXGI,1,0,0,Composed: Flip,10909.0639,NA,14.17580000000000,16.66970000000000,18.74970000000000,33.39930000000000,80.5857,10906.9928,20.8208,2.0711,18.7497,21.3229,14.1475,12.0629,2.0846,-2.7525,10906.9928,NA
parkey.exe,25692,0x18D74B42E40,DXGI,1,0,0,Composed: Flip,10929.7596,NA,20.69570000000000,16.68430000000000,11.86630000000000,33.20620000000000,76.5743,10927.8136,13.8123,1.9460,11.8663,14.6496,20.5026,11.2635,9.2391,4.1365,10927.8136,NA
parkey.exe,25692,0x18D74B42E40,DXGI,1,0,0,Composed: Flip,10943.5141,NA,13.75450000000000,16.68560000000000,18.95870000000000,33.37800000000000,79.5054,10941.6259,20.8469,1.8882,18.9587,21.3599,13.9063,11.7039,2.2024,-2.8733,10941.6259,NA
parkey.exe,25692,0x18D74B42E40,DXGI,1,0,0,Composed: Flip,10964.5559,NA,21.04180000000000,8.91760000000000,11.85990000000000,26.72800000000000,67.3812,10962.4728,13.9430,2.0831,11.8599,14.4193,14.3918,12.2098,2.1820,11.9293,10962.4728,NA
parkey.exe,25692,0x18D74B42E40,DXGI,1,0,0,Composed: Flip,10978.4364,NA,13.88050000000000,24.44490000000000,11.83260000000000,33.25300000000000,77.9456,10976.4158,13.8532,2.0206,11.8326,14.8681,20.4055,11.2381,9.1674,-10.5019,10976.4158,NA
parkey.exe,25692,0x18D74B42E40,DXGI,1,0,0,Composed: Flip,10992.0995,NA,13.66310000000000,16.70360000000000,19.13970000000000,33.27840000000000,80.9861,10990.2690,20.9702,1.8305,19.1397,21.4570,13.6519,11.5679,2.0840,-2.8504,10990.2690,NA
parkey.exe,25692,0x18D74B42E40,DXGI,1,0,0,Composed: Flip,11013.5851,NA,21.48560000000000,16.65120000000000,11.41380000000000,32.76640000000000,76.1517,11011.2392,13.7597,2.3459,11.4138,14.1387,20.9736,11.7921,9.1815,4.3190,11011.2392,NA
parkey.exe,25692,0x18D74B42E40,DXGI,1,0,0,Composed: Flip,11026.8724,NA,13.28730000000000,16.68590000000000,18.96760000000000,33.38620000000000,79.5503,11024.9989,20.8411,1.8735,18.9676,21.3526,13.9071,11.7126,2.1945,-2.9262,11024.9989,NA
parkey.exe,25692,0x18D74B42E40,DXGI,1,0,0,Composed: Flip,11048.0789,NA,21.20650000000000,8.80490000000000,11.72750000000000,26.46570000000000,67.1487,11045.8400,13.9664,2.2389,11.7275,14.4591,14.2455,11.5903,2.6552,12.0362,11045.8400,NA
parkey.exe,25692,0x18D74B42E40,DXGI,1,0,0,Composed: Flip,11062.3586,NA,14.27970000000000,24.54040000000000,11.32430000000000,32.65760000000000,77.4094,11059.8064,13.8765,2.5522,11.3243,14.7382,20.4716,11.6144,8.8572,-10.5740,11059.8064,NA
parkey.exe,25692,0x18D74B42E40,DXGI,1,0,0,Composed: Flip,11075.7685,NA,13.40990000000000,16.68980000000000,18.75720000000000,33.39280000000000,80.6893,11073.6829,20.8428,2.0856,18.7572,21.3333,14.1451,11.9955,2.1496,-2.8133,11073.6829,NA
parkey.exe,25692,0x18D74B42E40,DXGI,1,0,0,Composed: Flip,11096.7758,NA,21.00730000000000,16.66950000000000,11.58370000000000,32.90910000000000,76.3515,11094.5257,13.8338,2.2501,11.5837,14.6356,20.5236,11.6617,8.8619,4.1733,11094.5257,NA
parkey.exe,25692,0x18D74B42E40,DXGI,1,0,0,Composed: Flip,11110.3682,NA,13.59240000000000,16.72680000000000,18.83350000000000,33.22300000000000,79.4859,11108.3595,20.8422,2.0087,18.8335,21.3254,13.9063,11.7426,2.1637,-2.8930,11108.3595,NA
parkey.exe,25692,0x18D74B42E40,DXGI,1,0,0,Composed: Flip,11131.3424,NA,20.97420000000000,8.75020000000000,11.76970000000000,26.48730000000000,67.2619,11129.2017,13.9104,2.1407,11.7697,14.3895,14.2385,12.0277,2.2108,12.0920,11129.2017,NA
parkey.exe,25692,0x18D74B42E40,DXGI,1,0,0,Composed: Flip,11145.0852,NA,13.74280000000000,24.57530000000000,11.90280000000000,33.24720000000000,78.0944,11143.1121,13.8759,1.9731,11.9028,14.7176,20.5027,11.6129,8.8898,-10.6649,11143.1121,NA
parkey.exe,25692,0x18D74B42E40,DXGI,1,0,0,Composed: Flip,11158.6554,NA,13.57020000000000,16.67860000000000,19.20530000000000,33.39490000000000,81.2028,11156.9880,20.8727,1.6674,19.2053,21.3692,13.6931,11.5881,2.1050,-2.8027,11156.9880,NA
parkey.exe,25692,0x18D74B42E40,DXGI,1,0,0,Composed: Flip,11179.8389,NA,21.18350000000000,16.67830000000000,11.84640000000000,33.14340000000000,76.6976,11177.8607,13.8246,1.9782,11.8464,14.2072,20.9144,11.6859,9.2285,4.1944,11177.8607,NA
parkey.exe,25692,0x18D74B42E40,DXGI,1,0,0,Composed: Flip,11193.6161,NA,13.77720000000000,16.68200000000000,18.90470000000000,33.30840000000000,79.6024,11191.6853,20.8355,1.9308,18.9047,21.4005,13.8387,11.7009,2.1378,-2.8574,11191.6853,NA
parkey.exe,25692,0x18D74B42E40,DXGI,1,0,0,Composed: Flip,11214.4934,NA,20.87730000000000,8.75360000000000,11.96280000000000,26.78400000000000,67.4787,11212.5208,13.9354,1.9726,11.9628,14.4348,14.3218,12.0888,2.2330,12.0819,11212.5208,NA
parkey.exe,25692,0x18D74B42E40,DXGI,1,0,0,Composed: Flip,11228.2779,NA,13.78450000000000,24.60870000000000,12.07220000000000,33.31660000000000,78.3029,11226.4562,13.8939,1.8217,12.0722,14.8212,20.3171,11.4348,8.8823,-10.6733,11226.4562,NA
parkey.exe,25692,0x18D74B42E40,DXGI,1,0,0,Composed: Flip,11242.3925,NA,14.11460000000000,16.68160000000000,18.81220000000000,33.19320000000000,80.8699,11240.3501,20.8546,2.0424,18.8122,21.2444,13.9912,11.7597,2.2315,-2.7877,11240.3501,NA
parkey.exe,25692,0x18D74B42E40,DXGI,1,0,0,Composed: Flip,11263.2492,NA,20.85670000000000,14.29370000000000,11.80890000000000,33.18730000000000,74.3069,11261.2047,13.8534,2.0445,11.8089,14.3962,20.8356,11.9995,8.8361,6.5609,11261.2047,NA
parkey.exe,25692,0x18D74B42E40,DXGI,1,0,0,Composed: Flip,11277.5937,NA,14.34450000000000,19.06360000000000,18.34740000000000,32.60320000000000,79.0260,11275.0581,20.8830,2.5356,18.3474,21.3784,13.7604,11.6451,2.1153,-5.2102,11275.0581,NA
parkey.exe,25692,0x18D74B42E40,DXGI,1,0,0,Composed: Flip,11297.9753,NA,20.38160000000000,15.62820000000000,11.84760000000000,26.60290000000000,74.2726,11295.9411,13.8818,2.0342,11.8476,14.2558,14.3813,12.0829,2.2984,5.2548,11295.9411,NA
parkey.exe,25692,0x18D74B42E40,DXGI,1,0,0,Composed: Flip,11311.6265,NA,13.65120000000000,17.73280000000000,12.09250000000000,33.42800000000000,78.3542,11309.8229,13.8961,1.8036,12.0925,14.7553,20.4763,11.7159,8.7604,-3.8510,11309.8229,NA
parkey.exe,25692,0x18D74B42E40,DXGI,1,0,0,Composed: Flip,11325.8977,NA,14.27120000000000,16.67040000000000,18.67940000000000,32.89150000000000,80.7534,11323.7190,20.8581,2.1787,18.6794,21.3546,13.7156,11.5522,2.1634,-2.7743,11323.7190,NA
parkey.exe,25692,0x18D74B42E40,DXGI,1,0,0,Composed: Flip,11346.8730,NA,20.97530000000000,14.21890000000000,11.54930000000000,32.95480000000000,73.9970,11344.5771,13.8452,2.2959,11.5493,14.2121,21.0386,11.7415,9.2971,6.6392,11344.5771,NA
parkey.exe,25692,0x18D74B42E40,DXGI,1,0,0,Composed: Flip,11360.3257,NA,13.45270000000000,19.15850000000000,18.95780000000000,33.20600000000000,79.7028,11358.4223,20.8612,1.9034,18.9578,21.4055,13.7039,11.5763,2.1276,-5.3133,11358.4223,NA
parkey.exe,25692,0x18D74B42E40,DXGI,1,0,0,Composed: Flip,11381.2372,NA,20.91150000000000,15.54390000000000,11.91720000000000,26.71780000000000,74.3352,11379.2835,13.8709,1.9537,11.9172,14.2482,14.4233,12.0668,2.3565,5.3173,11379.2835,NA
parkey.exe,25692,0x18D74B42E40,DXGI,1,0,0,Composed: Flip,11395.1574,NA,13.92020000000000,17.80920000000000,11.97040000000000,33.24430000000000,78.2242,11393.1544,13.9734,2.0030,11.9704,14.8006,20.4467,11.5899,8.8568,-3.9383,11393.1544,NA
parkey.exe,25692,0x18D74B42E40,DXGI,1,0,0,Composed: Flip,11409.0241,NA,13.86670000000000,16.67310000000000,18.87710000000000,33.72660000000000,81.0306,11407.1278,20.7734,1.8963,18.8771,21.2739,14.3490,12.1727,2.1763,-2.6997,11407.1278,NA
parkey.exe,25692,0x18D74B42E40,DXGI,1,0,0,Composed: Flip,11430.1492,NA,21.12510000000000,14.15980000000000,11.64730000000000,33.01540000000000,74.0653,11427.9012,13.8953,2.2480,11.6473,14.8495,20.4139,11.6268,8.7871,6.6136,11427.9012,NA
parkey.exe,25692,0x18D74B42E40,DXGI,1,0,0,Composed: Flip,11443.6962,NA,13.54700000000000,19.21980000000000,18.95390000000000,33.26900000000000,79.7381,11441.7965,20.8536,1.8997,18.9539,21.3681,13.8006,11.6969,2.1037,-5.3245,11441.7965,NA
parkey.exe,25692,0x18D74B42E40,DXGI,1,0,0,Composed: Flip,11464.9083,NA,21.21210000000000,15.49790000000000,11.58230000000000,26.36460000000000,74.0239,11462.6501,13.8405,2.2582,11.5823,14.3151,14.3077,12.0341,2.2736,5.3557,11462.6501,NA
parkey.exe,25692,0x18D74B42E40,DXGI,1,0,0,Composed: Flip,11478.5015,NA,13.59320000000000,17.84640000000000,11.91130000000000,33.21720000000000,78.2771,11476.4906,13.9222,2.0109,11.9113,14.7823,20.4458,11.4783,8.9675,-4.0059,11476.4906,NA
parkey.exe,25692,0x18D74B42E40,DXGI,1,0,0,Composed: Flip,11492.4123,NA,13.91080000000000,16.67750000000000,18.84520000000000,33.16040000000000,81.0438,11490.4128,20.8447,1.9995,18.8452,21.3298,13.8301,11.7035,2.1266,-2.7553,11490.4128,NA
parkey.exe,25692,0x18D74B42E40,DXGI,1,0,0,Composed: Flip,11513.5454,NA,21.13310000000000,14.10080000000000,11.58320000000000,32.95250000000000,74.0115,11511.2575,13.8711,2.2879,11.5832,14.3569,20.8835,11.6961,9.1874,6.7439,11511.2575,NA
parkey.exe,25692,0x18D74B42E40,DXGI,1,0,0,Composed: Flip,11527.0323,NA,13.48690000000000,19.29270000000000,18.95690000000000,33.27230000000000,79.8173,11525.1286,20.8606,1.9037,18.9569,21.3693,13.8067,11.7018,2.1049,-5.4216,11525.1286,NA
parkey.exe,25692,0x18D74B42E40,DXGI,1,0,0,Composed: Flip,11548.1517,NA,21.11940000000000,15.44060000000000,11.69060000000000,26.45700000000000,74.1385,11545.9892,13.8531,2.1625,11.6906,14.3346,14.2849,12.0607,2.2242,5.4200,11545.9892,NA
parkey.exe,25692,0x18D74B42E40,DXGI,1,0,0,Composed: Flip,11561.7531,NA,13.60140000000000,17.89520000000000,11.99130000000000,33.33790000000000,78.4323,11559.8423,13.9021,1.9108,11.9913,14.7664,20.4823,11.5292,8.9531,-4.0421,11559.8423,NA
parkey.exe,25692,0x18D74B42E40,DXGI,1,0,0,Composed: Flip,11575.5404,NA,13.78730000000000,16.68050000000000,19.06630000000000,33.81060000000000,81.3255,11573.7444,20.8623,1.7960,19.0663,21.3466,14.2600,12.1092,2.1508,-2.7784,11573.7444,NA
parkey.exe,25692,0x18D74B42E40,DXGI,1,0,0,Composed: Flip,11596.6054,NA,21.06500000000000,14.05490000000000,11.87260000000000,33.22200000000000,74.3154,11594.6067,13.8713,1.9987,11.8726,14.7443,20.4764,11.6423,8.8341,6.8074,11594.6067,NA
parkey.exe,25692,0x18D74B42E40,DXGI,1,0,0,Composed: Flip,11610.3523,NA,13.74690000000000,19.31240000000000,18.97840000000000,33.24590000000000,79.8809,11608.4780,20.8527,1.8743,18.9784,21.3494,13.7708,11.6144,2.1564,-5.4411,11608.4780,NA
parkey.exe,25692,0x18D74B42E40,DXGI,1,0,0,Composed: Flip,11631.2784,NA,20.92610000000000,15.41380000000000,11.93700000000000,26.37980000000000,74.3686,11629.3307,13.8847,1.9477,11.9370,14.2675,14.0600,11.6012,2.4588,5.4389,11629.3307,NA
parkey.exe,25692,0x18D74B42E40,DXGI,1,0,0,Composed: Flip,11645.0386,NA,13.76020000000000,17.94460000000000,12.09960000000000,33.40430000000000,78.5530,11643.2154,13.9228,1.8232,12.0996,14.4898,20.7377,11.8762,8.8615,-4.0599,11643.2154,NA
parkey.exe,25692,0x18D74B42E40,DXGI,1,0,0,Composed: Flip,11659.7175,NA,14.67890000000000,16.66910000000000,18.25250000000000,32.55890000000000,80.5432,11657.1382,20.8318,2.5793,18.2525,21.3361,13.8021,11.2095,2.5926,-2.7463,11657.1382,NA
parkey.exe,25692,0x18D74B42E40,DXGI,1,0,0,Composed: Flip,11680.9297,NA,21.21220000000000,14.16050000000000,10.89590000000000,32.26870000000000,73.4915,11677.9700,13.8556,2.9597,10.8959,14.3457,20.8827,11.6843,9.1984,6.6713,11677.9700,NA
parkey.exe,25692,0x18D74B42E40,DXGI,1,0,0,Composed: Flip,11693.7653,NA,12.83560000000000,19.21830000000000,18.96000000000000,33.31100000000000,79.8742,11691.8256,20.8997,1.9397,18.9600,21.3728,13.8779,11.1859,2.6920,-5.3627,11691.8256,NA
parkey.exe,25692,0x18D74B42E40,DXGI,1,0,0,Composed: Flip,11715.4670,NA,21.70170000000000,15.29660000000000,11.10610000000000,25.47080000000000,73.4691,11712.7253,13.8478,2.7417,11.1061,14.3510,13.8615,11.1836,2.6779,5.6031,11712.7253,NA
parkey.exe,25692,0x18D74B42E40,DXGI,1,0,0,Composed: Flip,11729.7762,NA,14.30920000000000,18.05260000000000,10.70160000000000,32.02650000000000,77.2125,11726.5731,13.9047,3.2031,10.7016,14.4449,20.7847,11.9081,8.8766,-4.2048,11726.5731,NA
parkey.exe,25692,0x18D74B42E40,DXGI,1,0,0,Composed: Flip,11743.0323,NA,13.25610000000000,16.69770000000000,18.30830000000000,33.02040000000000,80.6541,11740.4778,20.8628,2.5545,18.3083,21.3519,14.2230,11.5932,2.6298,-2.7930,11740.4778,NA
parkey.exe,25692,0x18D74B42E40,DXGI,1,0,0,Composed: Flip,11764.0449,NA,21.01260000000000,16.66080000000000,11.15740000000000,32.57970000000000,76.3023,11761.3406,13.8617,2.7043,11.1574,14.7121,20.5719,11.6399,8.9320,4.2020,11761.3406,NA
parkey.exe,25692,0x18D74B42E40,DXGI,1,0,0,Composed: Flip,11777.4560,NA,13.41110000000000,16.69210000000000,18.51330000000000,32.97320000000000,79.5833,11775.2023,20.7670,2.2537,18.5133,21.4479,13.7790,11.6861,2.0929,-2.8304,11775.2023,NA
parkey.exe,25692,0x18D74B42E40,DXGI,1,0,0,Composed: Flip,11798.3690,NA,20.91300000000000,8.37560000000000,11.58660000000000,25.90470000000000,67.0459,11795.9693,13.9863,2.3997,11.5866,14.4599,13.8445,11.6660,2.1785,12.3914,11795.9693,NA
parkey.exe,25692,0x18D74B42E40,DXGI,1,0,0,Composed: Flip,11812.3446,NA,13.97560000000000,24.97210000000000,11.42190000000000,32.78440000000001,78.0424,11809.9556,13.8109,2.3890,11.4219,14.3181,20.8553,11.8404,9.0149,-10.9858,11809.9556,NA
parkey.exe,25692,0x18D74B42E40,DXGI,1,0,0,Composed: Flip,11825.8722,NA,13.52760000000000,16.63510000000000,18.77440000000000,33.08910000000000,81.1499,11823.7665,20.8801,2.1057,18.7744,21.3868,13.8080,11.6756,2.1324,-2.8242,11823.7665,NA
parkey.exe,25692,0x18D74B42E40,DXGI,1,0,0,Composed: Flip,11846.6747,NA,20.80250000000000,16.72000000000000,11.79320000000000,33.13560000000000,77.0674,11844.6466,13.8213,2.0281,11.7932,14.3147,20.8490,11.7164,9.1326,4.1601,11844.6466,NA
parkey.exe,25692,0x18D74B42E40,DXGI,1,0,0,Composed: Flip,11860.4835,NA,13.80880000000000,16.68480000000000,18.82760000000000,33.21790000000000,79.9434,11858.4679,20.8432,2.0156,18.8276,21.3424,13.8911,11.7302,2.1609,-2.8635,11858.4679,NA
parkey.exe,25692,0x18D74B42E40,DXGI,1,0,0,Composed: Flip,11881.3531,NA,20.86960000000000,8.27120000000000,11.88630000000000,26.21810000000000,67.3450,11879.3111,13.9283,2.0420,11.8863,14.4071,13.8530,11.6705,2.1825,12.5720,11879.3111,NA
parkey.exe,25692,0x18D74B42E40,DXGI,1,0,0,Composed: Flip,11895.2618,NA,13.90870000000000,25.09860000000000,11.83820000000000,33.22960000000000,78.5349,11893.2394,13.8606,2.0224,11.8382,14.3848,20.8672,11.6683,9.1989,-11.1703,11893.2394,NA
parkey.exe,25692,0x18D74B42E40,DXGI,1,0,0,Composed: Flip,11909.1532,NA,13.89140000000000,16.56320000000000,18.84460000000000,33.51580000000000,81.2067,11907.1000,20.8978,2.0532,18.8446,21.3914,14.1776,12.0928,2.0848,-2.7026,11907.1000,NA
parkey.exe,25692,0x18D74B42E40,DXGI,1,0,0,Composed: Flip,11929.9685,NA,20.81530000000000,16.79990000000000,11.87090000000000,33.21710000000000,77.1913,11927.9978,13.8416,1.9707,11.8709,14.6712,20.5166,12.0257,8.4909,4.0979,11927.9978,NA
parkey.exe,25692,0x18D74B42E40,DXGI,1,0,0,Composed: Flip,11943.7084,NA,13.73990000000000,16.68020000000000,18.96250000000000,33.39640000000000,80.1316,11941.8394,20.8315,1.8690,18.9625,21.3462,13.9192,11.7531,2.1661,-2.8386,11941.8394,NA
parkey.exe,25692,0x18D74B42E40,DXGI,1,0,0,Composed: Flip,11964.7550,NA,21.04660000000000,8.19880000000000,11.85470000000000,26.15440000000000,67.2838,11962.6709,13.9388,2.0841,11.8547,14.4339,13.8046,11.6894,2.1152,12.6327,11962.6709,NA
parkey.exe,25692,0x18D74B42E40,DXGI,1,0,0,Composed: Flip,11978.5628,NA,13.80780000000000,25.14900000000000,11.91180000000000,33.26320000000000,78.6250,11976.6097,13.8649,1.9531,11.9118,14.3471,20.8692,11.6193,9.2499,-11.2102,11976.6097,NA
parkey.exe,25692,0x18D74B42E40,DXGI,1,0,0,Composed: Flip,11992.3702,NA,13.80740000000000,16.52410000000000,18.99630000000000,33.46610000000000,81.3417,11990.4746,20.8919,1.8956,18.9963,21.3746,13.9871,11.9116,2.0755,-2.6592,11990.4746,NA
parkey.exe,25692,0x18D74B42E40,DXGI,1,0,0,Composed: Flip,12013.7271,NA,21.35690000000000,16.83860000000000,11.43960000000000,32.77260000000000,76.8234,12011.3665,13.8002,2.3606,11.4396,14.4698,20.6634,12.0597,8.6037,4.0533,12011.3665,NA
parkey.exe,25692,0x18D74B42E40,DXGI,1,0,0,Composed: Flip,12027.0021,NA,13.27500000000000,16.68030000000000,18.99890000000000,33.44650000000000,80.2287,12025.1667,20.8343,1.8354,18.9989,21.3330,13.9489,11.6859,2.2630,-2.8801,12025.1667,NA
parkey.exe,25692,0x18D74B42E40,DXGI,1,0,0,Composed: Flip,12048.0953,NA,21.09320000000000,8.16930000000000,11.83990000000000,26.16720000000000,67.3048,12046.0010,13.9342,2.0943,11.8399,14.4476,13.8139,11.6815,2.1324,12.6650,12046.0010,NA
parkey.exe,25692,0x18D74B42E40,DXGI,1,0,0,Composed: Flip,12061.8576,NA,13.76230000000000,25.19570000000000,11.92700000000000,33.29320000000000,78.7382,12059.9352,13.8494,1.9224,11.9270,14.3559,20.8597,11.6162,9.2435,-11.2615,12059.9352,NA
parkey.exe,25692,0x18D74B42E40,DXGI,1,0,0,Composed: Flip,12075.8949,NA,14.03730000000000,16.49930000000000,18.81840000000000,33.38530000000000,81.2002,12073.7846,20.9287,2.1103,18.8184,21.4097,14.0859,11.9940,2.0919,-2.6499,12073.7846,NA
parkey.exe,25692,0x18D74B42E40,DXGI,1,0,0,Composed: Flip,12096.7684,NA,20.87350000000000,13.88910000000000,11.74000000000000,33.15340000000000,74.2158,12094.7133,13.7951,2.0551,11.7400,14.5669,20.6416,11.6575,8.9841,7.0396,12094.7133,NA
parkey.exe,25692,0x18D74B42E40,DXGI,1,0,0,Composed: Flip,12110.7251,NA,13.95670000000000,19.64040000000000,18.70300000000000,32.93670000000000,79.8995,12108.5084,20.9197,2.2167,18.7030,21.4134,13.7400,11.6903,2.0497,-5.8453,12108.5084,NA
parkey.exe,25692,0x18D74B42E40,DXGI,1,0,0,Composed: Flip,12131.4776,NA,20.75250000000000,15.09450000000000,11.80190000000000,26.18080000000000,74.2415,12129.4281,13.8514,2.0495,11.8019,14.2337,13.9966,11.6772,2.3194,5.8252,12129.4281,NA
parkey.exe,25692,0x18D74B42E40,DXGI,1,0,0,Composed: Flip,12145.1961,NA,13.71850000000000,18.27540000000000,11.97600000000000,33.35780000000000,78.7984,12143.2795,13.8926,1.9166,11.9760,14.4140,20.8604,11.6953,9.1651,-4.4240,12143.2795,NA
parkey.exe,25692,0x18D74B42E40,DXGI,1,0,0,Composed: Flip,12159.1255,NA,13.92940000000000,16.46660000000000,18.91080000000000,33.90260000000000,81.3356,12157.1721,20.8642,1.9534,18.9108,21.3818,14.4742,12.3386,2.1356,-2.5740,12157.1721,NA
parkey.exe,25692,0x18D74B42E40,DXGI,1,0,0,Composed: Flip,12180.0275,NA,20.90200000000000,13.88090000000000,11.88610000000000,33.29720000000000,74.3145,12178.0363,13.8773,1.9912,11.8861,14.9918,20.2966,11.5957,8.7009,6.9833,12178.0363,NA
parkey.exe,25692,0x18D74B42E40,DXGI,1,0,0,Composed: Flip,12193.9748,NA,13.94730000000000,19.69050000000000,18.90040000000000,33.17630000000000,80.0577,12191.9136,20.9616,2.0612,18.9004,21.4368,13.8007,11.2339,2.5668,-5.8132,12191.9136,NA
parkey.exe,25692,0x18D74B42E40,DXGI,1,0,0,Composed: Flip,12215.3943,NA,21.41950000000000,15.06030000000000,11.29920000000000,25.73280000000000,73.6985,12212.8752,13.8183,2.5191,11.2992,14.2980,13.9539,11.1638,2.7901,5.9013,12212.8752,NA
parkey.exe,25692,0x18D74B42E40,DXGI,1,0,0,Composed: Flip,12229.2100,NA,13.81570000000000,18.30300000000000,11.37790000000000,32.71700000000000,78.1858,12226.6935,13.8944,2.5165,11.3779,14.4336,20.7999,11.5004,9.2995,-4.4847,12226.6935,NA
parkey.exe,25692,0x18D74B42E40,DXGI,1,0,0,Composed: Flip,12243.3645,NA,14.15450000000000,16.36750000000000,18.10130000000000,32.34150000000000,80.3988,12240.5879,20.8779,2.7766,18.1013,21.3910,13.7271,11.1028,2.6243,-2.4731,12240.5879,NA
parkey.exe,25692,0x18D74B42E40,DXGI,1,0,0,Composed: Flip,12263.9882,NA,20.62370000000000,17.22060000000000,11.36580000000000,32.55820000000000,76.9957,12261.4658,13.8882,2.5224,11.3658,14.2402,20.8404,11.6780,9.1624,3.6573,12261.4658,NA
parkey.exe,25692,0x18D74B42E40,DXGI,1,0,0,Composed: Flip,12277.6210,NA,13.63280000000000,16.45240000000000,18.47520000000000,32.90910000000000,79.8153,12275.3540,20.7422,2.2670,18.4752,21.2365,13.9396,11.2144,2.7252,-2.5642,12275.3540,NA
parkey.exe,25692,0x18D74B42E40,DXGI,1,0,0,Composed: Flip,12298.6005,NA,20.97950000000000,16.67650000000000,11.45290000000000,25.82280000000000,75.5123,12296.0962,13.9572,2.5043,11.4529,14.4339,13.8932,11.1958,2.6974,4.0657,12296.0962,NA
parkey.exe,25692,0x18D74B42E40,DXGI,1,0,0,Composed: Flip,12312.5647,NA,13.96420000000000,16.68470000000000,11.35530000000000,32.70740000000000,78.2328,12310.0534,13.8666,2.5113,11.3553,14.3699,20.8488,11.7793,9.0695,-2.7275,12310.0534,NA
parkey.exe,25692,0x18D74B42E40,DXGI,1,0,0,Composed: Flip,12326.6765,NA,14.11180000000000,16.30520000000000,18.11490000000000,32.67460000000000,80.4262,12323.9200,20.8714,2.7565,18.1149,21.3521,14.0790,11.4730,2.6060,-2.4386,12323.9200,NA
parkey.exe,25692,0x18D74B42E40,DXGI,1,0,0,Composed: Flip,12347.2751,NA,20.59860000000000,17.05130000000000,11.33700000000000,32.64430000000000,76.8789,12344.7914,13.8207,2.4837,11.3370,14.5597,20.5683,11.6843,8.8840,3.8201,12344.7914,NA
parkey.exe,25692,0x18D74B42E40,DXGI,1,0,0,Composed: Flip,12360.8947,NA,13.61960000000000,16.68070000000000,18.52020000000000,32.89140000000000,79.9400,12358.6121,20.8028,2.2826,18.5202,21.3073,13.8667,11.6585,2.2082,-2.8600,12358.6121,NA
parkey.exe,25692,0x18D74B42E40,DXGI,1,0,0,Composed: Flip,12382.4548,NA,21.56010000000000,7.94500000000000,10.88550000000000,25.20120000000000,66.3249,12379.4149,13.9254,3.0399,10.8855,14.4094,13.8317,11.6740,2.1577,12.8578,12379.4149,NA
parkey.exe,25692,0x18D74B42E40,DXGI,1,0,0,Composed: Flip,12395.6617,NA,13.20690000000000,25.41950000000000,11.52720000000000,32.87250000000000,78.5375,12393.3403,13.8486,2.3214,11.5272,14.3600,20.8339,11.4609,9.3730,-11.4941,12393.3403,NA
parkey.exe,25692,0x18D74B42E40,DXGI,1,0,0,Composed: Flip,12409.4109,NA,13.74920000000000,16.24440000000000,18.67360000000000,33.25680000000000,81.0327,12407.1889,20.8956,2.2220,18.6736,21.3708,14.1080,11.9610,2.1470,-2.3958,12407.1889,NA
parkey.exe,25692,0x18D74B42E40,DXGI,1,0,0,Composed: Flip,12430.3718,NA,20.96090000000000,17.13330000000000,11.55780000000000,32.86040000000000,77.2051,12428.0845,13.8451,2.2873,11.5578,14.5832,20.5645,12.0194,8.5451,3.7623,12428.0845,NA
parkey.exe,25692,0x18D74B42E40,DXGI,1,0,0,Composed: Flip,12443.8946,NA,13.52280000000000,16.65370000000000,18.86160000000000,33.69300000000000,80.3360,12441.9296,20.8266,1.9650,18.8616,21.3026,14.3554,11.8047,2.5507,-2.8086,12441.9296,NA
parkey.exe,25692,0x18D74B42E40,DXGI,1,0,0,Composed: Flip,12466.1611,NA,22.26650000000000,16.69030000000000,10.54760000000000,24.92450000000000,74.7598,12462.7562,13.9525,3.4049,10.5476,14.8314,13.4980,11.6456,1.8524,4.1363,12462.7562,NA
parkey.exe,25692,0x18D74B42E40,DXGI,1,0,0,Composed: Flip,12479.0363,NA,12.87520000000000,16.67640000000000,11.50230000000000,32.86390000000000,78.5610,12476.7087,13.8299,2.3276,11.5023,14.3769,20.8146,11.6413,9.1733,-2.7239,12476.7087,NA
parkey.exe,25692,0x18D74B42E40,DXGI,1,0,0,Composed: Flip,12492.5456,NA,13.50930000000000,9.32770000000000,18.89510000000000,33.74380000000000,74.3794,12490.5386,20.9021,2.0070,18.8951,21.4130,14.3378,12.2117,2.1261,4.5022,12490.5386,NA
parkey.exe,25692,0x18D74B42E40,DXGI,1,0,0,Composed: Flip,12513.6243,NA,21.07870000000000,24.03380000000000,11.64840000000000,33.03730000000000,77.3345,12511.4407,13.8320,2.1836,11.6484,14.8487,20.3722,11.6034,8.7688,-3.1317,12511.4407,NA
parkey.exe,25692,0x18D74B42E40,DXGI,1,0,0,Composed: Flip,12527.4047,NA,13.78040000000000,16.67200000000000,18.77010000000000,33.41840000000000,80.2261,12525.2727,20.9021,2.1320,18.7701,21.3889,14.1615,12.0540,2.1075,-2.8400,12525.2727,NA
parkey.exe,25692,0x18D74B42E40,DXGI,1,0,0,Composed: Flip,12548.1841,NA,20.77940000000000,16.67710000000000,11.79980000000000,26.17780000000000,76.1238,12546.1748,13.8091,2.0093,11.7998,14.6483,13.5388,11.3250,2.2138,4.2250,12546.1748,NA
parkey.exe,25692,0x18D74B42E40,DXGI,1,0,0,Composed: Flip,12561.8396,NA,13.65550000000000,16.70210000000000,12.04020000000000,33.39740000000000,79.1704,12559.9839,13.8959,1.8557,12.0402,14.4503,20.8028,11.6825,9.1203,-2.8930,12559.9839,NA
parkey.exe,25692,0x18D74B42E40,DXGI,1,0,0,Composed: Flip,12575.7899,NA,13.95030000000000,9.25880000000000,18.98570000000000,33.90090000000000,74.4789,12573.8798,20.8958,1.9101,18.9857,21.3812,14.4298,12.3483,2.0815,4.6371,12573.8798,NA
parkey.exe,25692,0x18D74B42E40,DXGI,1,0,0,Composed: Flip,12596.7613,NA,20.97140000000000,24.08730000000000,11.89910000000000,33.22020000000000,77.5948,12594.7756,13.8848,1.9857,11.8991,14.9152,20.2907,11.5753,8.7154,-3.1915,12594.7756,NA
parkey.exe,25692,0x18D74B42E40,DXGI,1,0,0,Composed: Flip,12610.8151,NA,14.05380000000000,16.68120000000000,18.68460000000000,32.96760000000000,80.2222,12608.6604,20.8393,2.1547,18.6846,21.3211,13.8012,11.6923,2.1089,-2.7964,12608.6604,NA
parkey.exe,25692,0x18D74B42E40,DXGI,1,0,0,Composed: Flip,12631.4345,NA,20.61940000000000,16.67600000000000,11.88960000000000,26.31680000000000,76.2788,12629.4997,13.8244,1.9348,11.8896,14.2973,13.9543,11.7096,2.2447,4.1633,12629.4997,NA
parkey.exe,25692,0x18D74B42E40,DXGI,1,0,0,Composed: Flip,12645.2746,NA,13.84010000000000,16.69070000000000,11.95250000000000,33.35750000000000,79.1294,12643.3241,13.9030,1.9505,11.9525,14.4272,20.8808,11.6787,9.2021,-2.8663,12643.3241,NA
parkey.exe,25692,0x18D74B42E40,DXGI,1,0,0,Composed: Flip,12659.1528,NA,13.87820000000000,9.21580000000000,18.95970000000000,33.77030000000000,74.4670,12657.2271,20.8854,1.9257,18.9597,21.4050,14.2910,12.2116,2.0794,4.6872,12657.2271,NA
parkey.exe,25692,0x18D74B42E40,DXGI,1,0,0,Composed: Flip,12680.1588,NA,21.00600000000000,24.13840000000000,11.81340000000000,33.16910000000000,77.5994,12678.1125,13.8597,2.0463,11.8134,14.8106,20.4048,11.6341,8.7707,-3.2530,12678.1125,NA
parkey.exe,25692,0x18D74B42E40,DXGI,1,0,0,Composed: Flip,12693.8607,NA,13.70190000000000,16.70660000000000,18.98750000000000,33.65130000000000,80.6041,12691.9722,20.8760,1.8885,18.9875,21.3557,14.1841,12.0909,2.0932,-2.8469,12691.9722,NA
parkey.exe,25692,0x18D74B42E40,DXGI,1,0,0,Composed: Flip,12714.8985,NA,21.03780000000000,16.64950000000000,11.76680000000000,26.17740000000000,76.2158,12712.8482,13.8171,2.0503,11.7668,14.6638,13.5639,11.3316,2.2323,4.2265,12712.8482,NA
parkey.exe,25692,0x18D74B42E40,DXGI,1,0,0,Composed: Flip,12728.6971,NA,13.79860000000000,16.68460000000000,11.87930000000000,33.25270000000000,79.1018,12726.6653,13.9111,2.0318,11.8793,14.4449,20.8396,11.7585,9.0811,-2.8675,12726.6653,NA
parkey.exe,25692,0x18D74B42E40,DXGI,1,0,0,Composed: Flip,12742.6187,NA,13.92160000000000,9.17060000000000,18.85930000000000,33.55690000000000,74.3508,12740.5764,20.9016,2.0423,18.8593,21.4154,14.1838,12.0696,2.1142,4.7405,12740.5764,NA
parkey.exe,25692,0x18D74B42E40,DXGI,1,0,0,Composed: Flip,12763.7811,NA,21.16240000000000,24.18890000000000,11.54290000000000,33.08310000000000,77.3773,12761.4780,13.8460,2.3031,11.5429,14.6976,20.6886,11.9613,8.7273,-3.2873,12761.4780,NA
parkey.exe,25692,0x18D74B42E40,DXGI,1,0,0,Composed: Flip,12777.4826,NA,13.70150000000000,16.67440000000000,18.73070000000000,33.37680000000000,80.3502,12775.3240,20.8893,2.1586,18.7307,21.5402,13.9952,12.1359,1.8593,-2.8284,12775.3240,NA
parkey.exe,25692,0x18D74B42E40,DXGI,1,0,0,Composed: Flip,12798.3355,NA,20.85290000000000,16.67890000000000,11.67870000000000,26.16450000000000,76.1762,12796.2133,13.8009,2.1222,11.6787,14.6461,13.6406,11.3933,2.2473,4.2104,12796.2133,NA
parkey.exe,25692,0x18D74B42E40,DXGI,1,0,0,Composed: Flip,12812.1071,NA,13.77160000000000,16.68280000000000,11.82070000000000,33.20940000000000,79.0874,12810.0142,13.9136,2.0929,11.8207,14.4858,20.8165,11.7304,9.0861,-2.8819,12810.0142,NA
parkey.exe,25692,0x18D74B42E40,DXGI,1,0,0,Composed: Flip,12825.8065,NA,13.69940000000000,9.10980000000000,19.01370000000000,33.67520000000000,74.4978,12823.9278,20.8924,1.8787,19.0137,21.3887,14.1652,12.0713,2.0939,4.8038,12823.9278,NA
parkey.exe,25692,0x18D74B42E40,DXGI,1,0,0,Composed: Flip,12846.7988,NA,20.99230000000000,24.25410000000000,11.85430000000000,33.26270000000000,77.7596,12844.8202,13.8329,1.9786,11.8543,14.6615,20.5798,11.3043,9.2755,-3.3617,12844.8202,NA
parkey.exe,25692,0x18D74B42E40,DXGI,1,0,0,Composed: Flip,12860.2161,NA,13.41730000000000,16.67390000000000,19.34020000000000,33.98510000000000,81.0162,12858.6531,20.9032,1.5630,19.3402,21.4084,14.1397,12.0219,2.1178,-2.8410,12858.6531,NA
parkey.exe,25692,0x18D74B42E40,DXGI,1,0,0,Composed: Flip,12881.5734,NA,21.35730000000000,16.69060000000000,11.78720000000000,26.16150000000000,76.3495,12879.5563,13.8043,2.0171,11.7872,14.6449,13.5337,11.2720,2.2617,4.2126,12879.5563,NA
parkey.exe,25692,0x18D74B42E40,DXGI,1,0,0,Composed: Flip,12895.2012,NA,13.62780000000000,16.69230000000000,12.06460000000000,33.44660000000000,79.4140,12893.3606,13.9052,1.8406,12.0646,14.3942,20.8930,11.1208,9.7722,-2.8880,12893.3606,NA
parkey.exe,25692,0x18D74B42E40,DXGI,1,0,0,Composed: Flip,12908.8909,NA,13.68970000000000,9.04180000000000,19.31440000000000,33.94770000000000,74.7661,12907.2658,20.9395,1.6251,19.3144,21.4242,14.1486,12.0766,2.0720,4.8634,12907.2658,NA
parkey.exe,25692,0x18D74B42E40,DXGI,1,0,0,Composed: Flip,12930.0100,NA,21.11910000000000,24.30830000000000,12.03550000000000,33.41000000000000,77.9553,12928.2053,13.8402,1.8047,12.0355,14.6333,20.5814,11.6165,8.9649,-3.3688,12928.2053,NA
parkey.exe,25692,0x18D74B42E40,DXGI,1,0,0,Composed: Flip,12943.6248,NA,13.61480000000000,16.67020000000000,19.29150000000000,33.92090000000000,81.0107,12942.0455,20.8708,1.5793,19.2915,21.3745,14.1257,12.0456,2.0801,-2.8300,12942.0455,NA
parkey.exe,25692,0x18D74B42E40,DXGI,1,0,0,Composed: Flip,12964.9147,NA,21.28990000000000,16.68040000000000,11.79110000000000,33.12250000000000,76.4012,12962.9163,13.7895,1.9984,11.7911,14.6294,20.4915,11.2600,9.2315,4.1904,12962.9163,NA
parkey.exe,25692,0x18D74B42E40,DXGI,1,0,0,Composed: Flip,12978.5851,NA,13.67040000000000,16.70540000000000,18.97220000000000,33.37620000000000,79.4362,12976.7058,20.8515,1.8793,18.9722,21.3314,13.9241,11.7032,2.2209,-2.9159,12976.7058,NA
parkey.exe,25692,0x18D74B42E40,DXGI,1,0,0,Composed: Flip,12999.4640,NA,20.87890000000000,8.97750000000000,12.04070000000000,26.88740000000000,67.5348,12997.5573,13.9474,1.9067,12.0407,14.4294,14.3647,12.1730,2.1917,11.8740,12997.5573,NA
parkey.exe,25692,0x18D74B42E40,DXGI,1,0,0,Composed: Flip,13013.6092,NA,14.14520000000000,24.36790000000000,11.77070000000000,33.15260000000000,77.7575,13011.5047,13.8752,2.1045,11.7707,14.8467,20.4104,11.7038,8.7066,-10.4205,13011.5047,NA
parkey.exe,25692,0x18D74B42E40,DXGI,1,0,0,Composed: Flip,13027.5169,NA,13.90770000000000,16.67640000000000,18.76360000000000,32.96150000000000,80.5262,13025.3799,20.9006,2.1370,18.7636,21.3819,13.7166,11.6350,2.0816,-2.8012,13025.3799,NA
parkey.exe,25692,0x18D74B42E40,DXGI,1,0,0,Composed: Flip,13048.4556,NA,20.93870000000000,16.66990000000000,11.63880000000000,33.02710000000000,76.2574,13046.2805,13.8139,2.1751,11.6388,14.1979,21.0043,11.7435,9.2608,4.2307,13046.2805,NA
parkey.exe,25692,0x18D74B42E40,DXGI,1,0,0,Composed: Flip,13062.5416,NA,14.08600000000000,16.69130000000000,18.41470000000000,32.79160000000000,78.8627,13060.0944,20.8619,2.4472,18.4147,21.3883,13.8505,11.7304,2.1201,-2.8774,13060.0944,NA
parkey.exe,25692,0x18D74B42E40,DXGI,1,0,0,Composed: Flip,13083.2945,NA,20.75290000000000,8.95790000000000,11.55760000000000,26.40420000000000,67.0677,13080.9563,13.8958,2.3382,11.5576,14.3769,14.3655,12.2236,2.1419,11.9040,13080.9563,NA
parkey.exe,25692,0x18D74B42E40,DXGI,1,0,0,Composed: Flip,13096.8426,NA,13.54810000000000,24.40360000000000,11.86960000000000,33.27280000000000,77.9232,13094.8521,13.8601,1.9905,11.8696,14.8466,20.4167,11.6179,8.7988,-10.5078,13094.8521,NA
parkey.exe,25692,0x18D74B42E40,DXGI,1,0,0,Composed: Flip,13110.7742,NA,13.93160000000000,16.67750000000000,18.84040000000000,33.46570000000000,80.6691,13108.7122,20.9024,2.0620,18.8404,21.4032,14.1245,12.0468,2.0777,-2.8174,13108.7122,NA
parkey.exe,25692,0x18D74B42E40,DXGI,1,0,0,Composed: Flip,13131.5932,NA,20.81900000000000,16.67750000000000,11.81620000000000,33.17020000000000,76.5276,13129.6146,13.7948,1.9786,11.8162,14.6253,20.5235,11.3093,9.2142,4.2249,13129.6146,NA
parkey.exe,25692,0x18D74B42E40,DXGI,1,0,0,Composed: Flip,13145.4535,NA,13.86030000000000,16.68790000000000,18.80300000000000,33.24000000000000,79.3552,13143.4094,20.8471,2.0441,18.8030,21.3540,13.9301,11.7924,2.1377,-2.8931,13143.4094,NA
parkey.exe,25692,0x18D74B42E40,DXGI,1,0,0,Composed: Flip,13166.0863,NA,20.63280000000000,8.89480000000000,12.09390000000000,26.96120000000000,67.6172,13164.2565,13.9237,1.8298,12.0939,14.4370,14.3540,12.1575,2.1965,11.9523,13164.2565,NA
parkey.exe,25692,0x18D74B42E40,DXGI,1,0,0,Composed: Flip,13180.0077,NA,13.92140000000000,24.46460000000000,12.04560000000000,33.39410000000000,78.1604,13178.1802,13.8731,1.8275,12.0456,14.8673,20.3543,11.2366,9.1177,-10.5409,13178.1802,NA
parkey.exe,25692,0x18D74B42E40,DXGI,1,0,0,Composed: Flip,13194.0272,NA,14.01950000000000,16.67050000000000,18.91770000000000,33.55550000000000,80.8114,13192.0533,20.8916,1.9739,18.9177,21.3673,14.1621,12.0353,2.1268,-2.7974,13192.0533,NA
parkey.exe,25692,0x18D74B42E40,DXGI,1,0,0,Composed: Flip,13214.8892,NA,20.86200000000000,16.68160000000000,11.86560000000000,33.19670000000000,76.6310,13212.9449,13.8099,1.9443,11.8656,14.6378,20.5032,11.3037,9.1995,4.2100,13212.9449,NA
parkey.exe,25692,0x18D74B42E40,DXGI,1,0,0,Composed: Flip,13228.5871,NA,13.69790000000000,16.69780000000000,19.01440000000000,33.44850000000000,79.6309,13226.7548,20.8467,1.8323,19.0144,21.3311,13.9497,11.6993,2.2504,-2.8879,13226.7548,NA
parkey.exe,25692,0x18D74B42E40,DXGI,1,0,0,Composed: Flip,13249.6455,NA,21.05840000000000,8.77380000000000,11.91280000000000,26.60520000000000,67.3463,13247.6015,13.9568,2.0440,11.9128,14.4586,14.1906,12.1116,2.0790,12.0729,13247.6015,NA
parkey.exe,25692,0x18D74B42E40,DXGI,1,0,0,Composed: Flip,13263.5108,NA,13.86530000000000,24.57720000000000,11.87440000000000,33.28120000000000,78.0582,13261.5583,13.8269,1.9525,11.8744,14.6924,20.5413,11.7521,8.7892,-10.6204,13261.5583,NA
parkey.exe,25692,0x18D74B42E40,DXGI,1,0,0,Composed: Flip,13277.0681,NA,13.55730000000000,16.68200000000000,19.23290000000000,33.79070000000000,81.1829,13275.3852,20.9158,1.6829,19.2329,21.4068,14.0668,11.9700,2.0968,-2.8551,13275.3852,NA
parkey.exe,25692,0x18D74B42E40,DXGI,1,0,0,Composed: Flip,13298.3598,NA,21.29170000000000,16.67660000000000,11.75260000000000,33.11280000000000,76.5678,13296.3010,13.8114,2.0588,11.7526,14.5578,20.6138,11.6013,9.0125,4.2392,13296.3010,NA
parkey.exe,25692,0x18D74B42E40,DXGI,1,0,0,Composed: Flip,13311.9959,NA,13.63610000000000,16.69950000000000,19.04150000000000,33.39650000000000,79.6312,13310.1124,20.9250,1.8835,19.0415,21.3851,13.8949,11.7156,2.1793,-2.8881,13310.1124,NA
parkey.exe,25692,0x18D74B42E40,DXGI,1,0,0,Composed: Flip,13332.9227,NA,20.92680000000000,8.77560000000000,11.99110000000000,26.70830000000000,67.4800,13331.0374,13.8764,1.8853,11.9911,14.3550,14.2386,12.0680,2.1706,12.1494,13331.0374,NA
parkey.exe,25692,0x18D74B42E40,DXGI,1,0,0,Composed: Flip,13346.6621,NA,13.73940000000000,24.56840000000000,12.07400000000000,33.48620000000000,78.3090,13344.9138,13.8223,1.7483,12.0740,14.7172,20.5173,11.5953,8.9220,-10.6920,13344.9138,NA
parkey.exe,25692,0x18D74B42E40,DXGI,1,0,0,Composed: Flip,13360.5272,NA,13.86510000000000,16.69900000000000,19.12960000000000,33.77110000000000,81.1429,13358.7361,20.9207,1.7911,19.1296,21.4122,14.1500,12.0553,2.0947,-2.8767,13358.7361,NA
parkey.exe,25692,0x18D74B42E40,DXGI,1,0,0,Composed: Flip,13381.6280,NA,21.10080000000000,16.65620000000000,11.81830000000000,33.15110000000000,76.6983,13379.6568,13.7895,1.9712,11.8183,14.6415,20.4808,11.2755,9.2053,4.2645,13379.6568,NA
parkey.exe,25692,0x18D74B42E40,DXGI,1,0,0,Composed: Flip,13395.3721,NA,13.74410000000000,16.67560000000000,18.91860000000000,33.32610000000000,79.6298,13393.4463,20.8444,1.9258,18.9186,21.3328,13.9191,11.6581,2.2610,-2.8861,13393.4463,NA
parkey.exe,25692,0x18D74B42E40,DXGI,1,0,0,Composed: Flip,13416.3068,NA,20.93470000000000,8.68080000000000,11.92210000000000,26.68160000000000,67.3759,13414.2907,13.9382,2.0161,11.9221,14.4242,14.2735,12.1144,2.1591,12.1636,13414.2907,NA
parkey.exe,25692,0x18D74B42E40,DXGI,1,0,0,Composed: Flip,13430.1502,NA,13.84340000000000,24.68510000000000,11.97520000000000,33.35240000000000,78.2176,13428.2289,13.8965,1.9213,11.9752,14.7595,20.5142,11.5719,8.9423,-10.7469,13428.2289,NA
parkey.exe,25692,0x18D74B42E40,DXGI,1,0,0,Composed: Flip,13443.9113,NA,13.76110000000000,16.68060000000000,19.08040000000000,33.63630000000000,81.1371,13442.1254,20.8663,1.7859,19.0804,21.3772,14.0450,12.0362,2.0088,-2.7841,13442.1254,NA
parkey.exe,25692,0x18D74B42E40,DXGI,1,0,0,Composed: Flip,13465.1600,NA,21.24870000000000,16.67300000000000,11.64450000000000,33.00200000000000,76.5614,13462.9917,13.8128,2.1683,11.6445,14.5559,20.6144,11.6612,8.9532,4.1933,13462.9917,NA
parkey.exe,25692,0x18D74B42E40,DXGI,1,0,0,Composed: Flip,13478.5325,NA,13.37250000000000,16.68780000000000,19.11400000000000,33.52200000000000,79.8767,13476.8045,20.8420,1.7280,19.1140,21.3575,13.8925,11.6642,2.2283,-2.8750,13476.8045,NA
parkey.exe,25692,0x18D74B42E40,DXGI,1,0,0,Composed: Flip,13499.6236,NA,21.09110000000000,8.66020000000000,11.97080000000000,26.68300000000000,67.4458,13497.6465,13.9479,1.9771,11.9708,14.4294,14.2307,12.0040,2.2267,12.1818,13497.6465,NA
parkey.exe,25692,0x18D74B42E40,DXGI,1,0,0,Composed: Flip,13513.3816,NA,13.75800000000000,24.69760000000000,12.12160000000000,33.43610000000000,78.3854,13511.5944,13.9088,1.7872,12.1216,14.7122,20.5111,11.5931,8.9180,-10.7497,13511.5944,NA
parkey.exe,25692,0x18D74B42E40,DXGI,1,0,0,Composed: Flip,13527.2079,NA,13.82630000000000,16.68280000000000,19.12180000000000,33.77820000000000,81.2419,13525.5032,20.8265,1.7047,19.1218,21.3145,14.1684,12.0672,2.1012,-2.7740,13525.5032,NA
parkey.exe,25692,0x18D74B42E40,DXGI,1,0,0,Composed: Flip,13548.3436,NA,21.13570000000000,16.67780000000000,11.79670000000000,33.16330000000000,76.7840,13546.3297,13.8106,2.0139,11.7967,14.6564,20.5208,11.2816,9.2392,4.1487,13546.3297,NA
parkey.exe,25692,0x18D74B42E40,DXGI,1,0,0,Composed: Flip,13562.0557,NA,13.71210000000000,16.69180000000000,18.95480000000000,33.32060000000000,79.7637,13560.1403,20.8702,1.9154,18.9548,21.3666,13.8694,11.6366,2.2328,-2.8812,13560.1403,NA
parkey.exe,25692,0x18D74B42E40,DXGI,1,0,0,Composed: Flip,13582.8720,NA,20.81630000000000,8.62780000000000,12.05390000000000,26.79770000000000,67.5752,13581.0105,13.9154,1.8615,12.0539,14.4083,14.2509,12.0546,2.1963,12.2424,13581.0105,NA
parkey.exe,25692,0x18D74B42E40,DXGI,1,0,0,Composed: Flip,13596.8319,NA,13.95990000000000,24.73220000000000,11.97650000000000,33.34340000000000,78.3475,13594.9259,13.8825,1.9060,11.9765,14.7438,20.5056,11.5514,8.9542,-10.8168,13594.9259,NA
parkey.exe,25692,0x18D74B42E40,DXGI,1,0,0,Composed: Flip,13610.6175,NA,13.78560000000000,16.66830000000000,19.07130000000000,33.72120000000000,81.2302,13608.8084,20.8804,1.8091,19.0713,21.3669,14.1634,12.0445,2.1189,-2.7858,13608.8084,NA
parkey.exe,25692,0x18D74B42E40,DXGI,1,0,0,Composed: Flip,13631.6436,NA,21.02610000000000,16.68070000000000,11.85280000000000,33.19730000000000,76.8848,13629.6888,13.8076,1.9548,11.8528,14.6499,20.5022,11.3108,9.1914,4.1997,13629.6888,NA
parkey.exe,25692,0x18D74B42E40,DXGI,1,0,0,Composed: Flip,13645.3032,NA,13.65960000000000,16.68220000000000,19.03950000000000,33.46300000000000,79.9074,13643.4964,20.8463,1.8068,19.0395,21.3445,13.9253,11.7306,2.1947,-2.8746,13643.4964,NA
parkey.exe,25692,0x18D74B42E40,DXGI,1,0,0,Composed: Flip,13666.3215,NA,21.01830000000000,8.59200000000000,11.95890000000000,26.66530000000000,67.4811,13664.3427,13.9377,1.9788,11.9589,14.4452,14.1989,12.0626,2.1363,12.2543,13664.3427,NA
parkey.exe,25692,0x18D74B42E40,DXGI,1,0,0,Composed: Flip,13680.2429,NA,13.92140000000000,24.77400000000000,11.90810000000000,33.26780000000000,78.3337,13678.2804,13.8706,1.9625,11.9081,14.7064,20.5239,11.5982,8.9257,-10.8363,13678.2804,NA
parkey.exe,25692,0x18D74B42E40,DXGI,1,0,0,Composed: Flip,13693.9616,NA,13.71870000000000,16.67090000000000,19.06340000000000,33.71310000000000,81.2859,13692.1510,20.8740,1.8106,19.0634,21.3597,14.1640,12.0046,2.1594,-2.8003,13692.1510,NA
parkey.exe,25692,0x18D74B42E40,DXGI,1,0,0,Composed: Flip,13714.9618,NA,21.00020000000000,16.68450000000000,11.87400000000000,33.18990000000000,76.9702,13713.0250,13.8108,1.9368,11.8740,14.6497,20.4770,11.3012,9.1758,4.1895,13713.0250,NA
parkey.exe,25692,0x18D74B42E40,DXGI,1,0,0,Composed: Flip,13728.5917,NA,13.62990000000000,16.68480000000000,19.11110000000000,33.61540000000000,80.0251,13726.8358,20.8670,1.7559,19.1111,21.3385,14.0328,11.6669,2.3659,-2.8740,13726.8358,NA
parkey.exe,25692,0x18D74B42E40,DXGI,1,0,0,Composed: Flip,13750.0054,NA,21.41370000000000,8.50290000000000,11.70550000000000,25.93390000000000,67.1143,13747.7028,14.0081,2.3026,11.7055,14.5043,13.7322,11.6460,2.0862,12.3641,13747.7028,NA
parkey.exe,25692,0x18D74B42E40,DXGI,1,0,0,Composed: Flip,13764.0973,NA,14.09190000000000,24.85470000000000,11.39230000000000,32.74530000000000,77.8771,13761.7109,13.7787,2.3864,11.3923,14.2909,20.8408,12.0034,8.8374,-10.8466,13761.7109,NA
parkey.exe,25692,0x18D74B42E40,DXGI,1,0,0,Composed: Flip,13777.5745,NA,13.47720000000000,16.67880000000000,18.79890000000000,33.35600000000000,81.0787,13775.4896,20.8838,2.0849,18.7989,21.3763,14.0646,11.9717,2.0929,-2.9001,13775.4896,NA
parkey.exe,25692,0x18D74B42E40,DXGI,1,0,0,Composed: Flip,13798.3399,NA,20.76540000000000,16.67760000000000,11.85130000000000,33.18960000000000,76.9909,13796.3734,13.8178,1.9665,11.8513,14.5571,20.5990,11.2938,9.3052,4.2062,13796.3734,NA
parkey.exe,25692,0x18D74B42E40,DXGI,1,0,0,Composed: Flip,13811.9310,NA,13.59110000000000,16.68140000000000,19.11960000000000,33.49510000000000,80.0812,13810.1912,20.8594,1.7398,19.1196,21.3383,13.8966,11.6696,2.2270,-2.8636,13810.1912,NA
parkey.exe,25692,0x18D74B42E40,DXGI,1,0,0,Composed: Flip,13832.8636,NA,20.93260000000000,8.41060000000000,12.10470000000000,26.84560000000000,67.5592,13831.0506,13.9177,1.8130,12.1047,14.4139,14.2447,12.1009,2.1438,12.4488,13831.0506,NA
parkey.exe,25692,0x18D74B42E40,DXGI,1,0,0,Composed: Flip,13846.8887,NA,14.02510000000000,24.94750000000000,11.96410000000000,33.34890000000000,78.4816,13844.9683,13.8845,1.9204,11.9641,14.7409,20.5284,11.8059,8.7225,-11.0298,13844.9683,NA
parkey.exe,25692,0x18D74B42E40,DXGI,1,0,0,Composed: Flip,13860.7261,NA,13.83740000000000,16.68280000000000,18.99560000000000,33.72240000000000,81.3270,13858.8528,20.8689,1.8733,18.9956,21.3848,14.2109,12.1274,2.0835,-2.7983,13858.8528,NA
parkey.exe,25692,0x18D74B42E40,DXGI,1,0,0,Composed: Flip,13881.6304,NA,20.90430000000000,16.67670000000000,11.92120000000000,33.25110000000000,77.0994,13879.7217,13.8299,1.9087,11.9212,14.7268,20.4330,11.6819,8.7511,4.1922,13879.7217,NA
parkey.exe,25692,0x18D74B42E40,DXGI,1,0,0,Composed: Flip,13895.3538,NA,13.72340000000000,16.68030000000000,19.04010000000000,33.43120000000000,80.0563,13893.5516,20.8423,1.8022,19.0401,21.3299,13.9035,11.6919,2.2116,-2.8504,13893.5516,NA
parkey.exe,25692,0x18D74B42E40,DXGI,1,0,0,Composed: Flip,13916.3091,NA,20.95530000000000,8.42630000000000,12.01140000000000,26.77910000000000,67.5273,13914.3939,13.9266,1.9152,12.0114,14.4116,14.2827,12.1067,2.1760,12.4160,13914.3939,NA
parkey.exe,25692,0x18D74B42E40,DXGI,1,0,0,Composed: Flip,13930.1131,NA,13.80400000000000,24.93580000000000,12.09990000000000,33.46670000000000,78.6591,13928.3205,13.8925,1.7926,12.0999,14.7677,20.4916,11.5943,8.8973,-11.0092,13928.3205,NA
parkey.exe,25692,0x18D74B42E40,DXGI,1,0,0,Composed: Flip,13944.0531,NA,13.94000000000000,16.68620000000000,19.01620000000000,33.66520000000000,81.4053,13942.2130,20.8563,1.8401,19.0162,21.3668,14.1385,12.0383,2.1002,-2.7937,13942.2130,NA
parkey.exe,25692,0x18D74B42E40,DXGI,1,0,0,Composed: Flip,13965.0738,NA,21.02070000000000,16.67110000000000,11.80540000000000,33.16700000000000,77.0557,13963.0693,13.8099,2.0045,11.8054,14.6490,20.5225,11.2769,9.2456,4.1852,13963.0693,NA
parkey.exe,25692,0x18D74B42E40,DXGI,1,0,0,Composed: Flip,13978.5370,NA,13.46320000000000,16.68150000000000,19.19260000000000,33.57590000000000,80.2740,13976.8792,20.8504,1.6578,19.1926,21.3616,13.8721,11.7299,2.1422,-2.8716,13976.8792,NA
parkey.exe,25692,0x18D74B42E40,DXGI,1,0,0,Composed: Flip,13999.5880,NA,21.05100000000000,8.30690000000000,12.07510000000000,26.84950000000000,67.5299,13997.7296,13.9335,1.8584,12.0751,14.4273,14.2806,12.0673,2.2133,12.5435,13997.7296,NA
parkey.exe,25692,0x18D74B42E40,DXGI,1,0,0,Composed: Flip,14013.5657,NA,13.97770000000000,25.06400000000000,11.99910000000000,33.30120000000000,78.6162,14011.6631,13.9017,1.9026,11.9991,14.7744,20.4294,11.5787,8.8507,-11.1305,14011.6631,NA
parkey.exe,25692,0x18D74B42E40,DXGI,1,0,0,Composed: Flip,14027.4800,NA,13.91430000000000,16.60510000000000,18.93050000000000,33.60510000000000,81.3070,14025.5648,20.8457,1.9152,18.9305,21.3503,14.1700,12.0531,2.1169,-2.7034,14025.5648,NA
parkey.exe,25692,0x18D74B42E40,DXGI,1,0,0,Composed: Flip,14048.2856,NA,20.80560000000000,16.74740000000000,11.94670000000000,33.31000000000000,77.2488,14046.4105,13.8218,1.8751,11.9467,14.6746,20.5105,11.6869,8.8236,4.0983,14046.4105,NA
parkey.exe,25692,0x18D74B42E40,DXGI,1,0,0,Composed: Flip,14062.0323,NA,13.74670000000000,16.67520000000000,19.07380000000000,33.50490000000000,80.1773,14060.2323,20.8738,1.8000,19.0738,21.3633,13.9416,11.7441,2.1975,-2.8534,14060.2323,NA
parkey.exe,25692,0x18D74B42E40,DXGI,1,0,0,Composed: Flip,14084.6070,NA,22.57470000000000,8.25520000000000,10.42740000000000,24.77810000000000,65.8578,14081.1061,13.9283,3.5009,10.4274,14.4311,13.8479,11.6847,2.1632,12.6186,14081.1061,NA
parkey.exe,25692,0x18D74B42E40,DXGI,1,0,0,Composed: Flip,14097.4478,NA,12.84080000000000,25.11310000000000,11.41990000000000,32.78800000000000,78.1301,14095.0344,13.8333,2.4134,11.4199,14.3507,20.8507,11.6417,9.2090,-11.1848,14095.0344,NA
parkey.exe,25692,0x18D74B42E40,DXGI,1,0,0,Composed: Flip,14110.7343,NA,13.28650000000000,16.55340000000000,19.01820000000000,33.78380000000000,81.3970,14108.8677,20.8848,1.8666,19.0182,21.3681,14.2823,12.1700,2.1123,-2.7201,14108.8677,NA
parkey.exe,25692,0x18D74B42E40,DXGI,1,0,0,Composed: Flip,14131.7495,NA,21.01520000000000,16.81730000000000,11.82460000000000,33.16480000000000,77.1991,14129.7525,13.8216,1.9970,11.8246,14.7656,20.3962,11.6009,8.7953,4.0675,14129.7525,NA
parkey.exe,25692,0x18D74B42E40,DXGI,1,0,0,Composed: Flip,14145.4731,NA,13.72360000000000,16.66900000000000,18.97040000000000,33.45480000000000,80.1445,14143.5741,20.8694,1.8990,18.9704,21.3675,13.9863,11.6810,2.3053,-2.8474,14143.5741,NA
parkey.exe,25692,0x18D74B42E40,DXGI,1,0,0,Composed: Flip,14166.5076,NA,21.03450000000000,8.19550000000000,11.90270000000000,26.21420000000000,67.3055,14164.4435,13.9668,2.0641,11.9027,14.4844,13.7939,11.7314,2.0625,12.6739,14164.4435,NA
parkey.exe,25692,0x18D74B42E40,DXGI,1,0,0,Composed: Flip,14180.4099,NA,13.90230000000000,25.16650000000000,11.80010000000000,33.16640000000000,78.5697,14178.4103,13.7997,1.9996,11.8001,14.3115,20.8545,11.7011,9.1534,-11.1997,14178.4103,NA
parkey.exe,25692,0x18D74B42E40,DXGI,1,0,0,Composed: Flip,14194.0473,NA,13.63740000000000,16.50530000000000,19.06110000000000,33.72850000000000,81.4376,14192.2100,20.8984,1.8373,19.0611,21.3885,14.1773,12.0251,2.1522,-2.7056,14192.2100,NA
parkey.exe,25692,0x18D74B42E40,DXGI,1,0,0,Composed: Flip,14215.0481,NA,21.00080000000000,16.84870000000000,11.88160000000000,33.19180000000000,77.2855,14213.1084,13.8213,1.9397,11.8816,14.6674,20.4641,11.6830,8.7811,4.0497,14213.1084,NA
parkey.exe,25692,0x18D74B42E40,DXGI,1,0,0,Composed: Flip,14228.6866,NA,13.63850000000000,16.68170000000000,19.08340000000000,33.50610000000000,80.3287,14226.9297,20.8403,1.7569,19.0834,21.3443,13.9187,11.6868,2.2319,-2.8604,14226.9297,NA
parkey.exe,25692,0x18D74B42E40,DXGI,1,0,0,Composed: Flip,14249.7952,NA,21.10860000000000,8.12910000000000,11.93330000000000,26.23880000000000,67.3492,14247.7700,13.9585,2.0252,11.9333,14.4462,13.8178,11.7064,2.1114,12.7112,14247.7700,NA
parkey.exe,25692,0x18D74B42E40,DXGI,1,0,0,Composed: Flip,14263.5975,NA,13.80230000000000,25.24280000000000,11.96130000000000,33.35400000000000,78.7897,14261.7285,13.8303,1.8690,11.9613,14.3341,20.8889,11.5976,9.2913,-11.2843,14261.7285,NA
parkey.exe,25692,0x18D74B42E40,DXGI,1,0,0,Composed: Flip,14277.6401,NA,14.04260000000000,16.45070000000000,18.81350000000000,33.50270000000000,81.1978,14275.5588,20.8948,2.0813,18.8135,21.3927,14.1913,12.0811,2.1102,-2.6204,14275.5588,NA
parkey.exe,25692,0x18D74B42E40,DXGI,1,0,0,Composed: Flip,14298.2621,NA,20.62200000000000,16.90360000000000,12.01700000000000,33.34630000000000,77.4794,14296.4536,13.8255,1.8085,12.0170,14.6892,20.4656,11.5100,8.9556,3.9912,14296.4536,NA
parkey.exe,25692,0x18D74B42E40,DXGI,1,0,0,Composed: Flip,14312.2262,NA,13.96410000000000,16.68100000000000,18.89760000000000,33.32940000000000,80.1963,14310.2791,20.8447,1.9471,18.8976,21.3293,13.9472,11.7360,2.2112,-2.8555,14310.2791,NA
parkey.exe,25692,0x18D74B42E40,DXGI,1,0,0,Composed: Flip,14333.3837,NA,21.15750000000000,16.67350000000000,11.71430000000000,26.11360000000000,75.7123,14331.1238,13.9742,2.2599,11.7143,14.4547,13.9188,11.7423,2.1765,4.1712,14331.1238,NA
parkey.exe,25692,0x18D74B42E40,DXGI,1,0,0,Composed: Flip,14347.5545,NA,14.17080000000000,16.69390000000000,11.39710000000000,32.85660000000000,78.2354,14345.0980,13.8536,2.4565,11.3971,14.3993,20.9138,11.6806,9.2332,-2.7197,14345.0980,NA
parkey.exe,25692,0x18D74B42E40,DXGI,1,0,0,Composed: Flip,14361.6957,NA,14.14120000000000,9.51620000000000,18.23250000000000,32.84970000000000,73.6104,14358.9516,20.9766,2.7441,18.2325,21.4595,14.1343,12.0713,2.0630,4.3374,14358.9516,NA
parkey.exe,25692,0x18D74B42E40,DXGI,1,0,0,Composed: Flip,14382.4076,NA,20.71190000000000,23.83770000000000,11.28480000000000,32.65830000000000,76.7362,14379.9282,13.7642,2.4794,11.2848,14.6172,20.5205,11.8920,8.6285,-2.8611,14379.9282,NA
parkey.exe,25692,0x18D74B42E40,DXGI,1,0,0,Composed: Flip,14396.3400,NA,13.93240000000000,16.67130000000000,18.22730000000000,32.85100000000000,79.4751,14393.6924,20.8749,2.6476,18.2273,21.3735,14.1251,11.5720,2.5531,-2.9071,14393.6924,NA
parkey.exe,25692,0x18D74B42E40,DXGI,1,0,0,Composed: Flip,14416.9167,NA,20.57670000000000,8.12220000000000,11.43270000000000,25.87230000000000,67.0206,14414.5673,13.7821,2.3494,11.4327,14.6237,13.5980,11.3269,2.2711,12.7527,14414.5673,NA
parkey.exe,25692,0x18D74B42E40,DXGI,1,0,0,Composed: Flip,14430.3608,NA,13.44410000000000,25.24850000000000,11.90350000000000,33.31320000000000,78.8250,14428.3494,13.9149,2.0114,11.9035,14.4660,20.8586,11.6269,9.2317,-11.4664,14428.3494,NA
parkey.exe,25692,0x18D74B42E40,DXGI,1,0,0,Composed: Flip,14444.2486,NA,13.88780000000000,16.34060000000000,18.91280000000000,33.62370000000000,81.2778,14442.2643,20.8971,1.9843,18.9128,21.4097,14.1983,12.0913,2.1070,-2.4257,14442.2643,NA
parkey.exe,25692,0x18D74B42E40,DXGI,1,0,0,Composed: Flip,14465.2413,NA,20.99270000000000,17.01020000000000,11.74830000000000,33.05150000000000,77.2953,14463.1614,13.8282,2.0799,11.7483,14.7109,20.4205,11.3108,9.1097,3.8869,14463.1614,NA
parkey.exe,25692,0x18D74B42E40,DXGI,1,0,0,Composed: Flip,14479.1595,NA,13.91820000000000,16.67810000000000,18.66360000000000,33.05960000000000,80.0552,14476.9896,20.8335,2.1699,18.6636,21.3484,13.8811,11.6928,2.1883,-2.8499,14476.9896,NA
parkey.exe,25692,0x18D74B42E40,DXGI,1,0,0,Composed: Flip,14499.8355,NA,20.67600000000000,16.68790000000000,11.92800000000000,26.24450000000000,76.0671,14497.8231,13.9404,2.0124,11.9280,14.4388,13.8181,11.6841,2.1340,4.1456,14497.8231,NA
parkey.exe,25692,0x18D74B42E40,DXGI,1,0,0,Composed: Flip,14513.6545,NA,13.81900000000000,16.68130000000000,11.95650000000000,33.31370000000000,78.9294,14511.7635,13.8475,1.8910,11.9565,14.3664,20.8383,11.6381,9.2002,-2.7409,14511.7635,NA
parkey.exe,25692,0x18D74B42E40,DXGI,1,0,0,Composed: Flip,14527.6786,NA,14.02410000000000,16.28710000000000,18.82460000000000,33.62410000000000,81.1924,14525.6110,20.8922,2.0676,18.8246,21.3756,14.3161,12.1767,2.1394,-2.4396,14525.6110,NA
parkey.exe,25692,0x18D74B42E40,DXGI,1,0,0,Composed: Flip,14548.4047,NA,20.72610000000000,17.06990000000000,11.96640000000000,33.25460000000000,77.5362,14546.5032,13.8679,1.9015,11.9664,14.7995,20.3566,11.6960,8.6606,3.8223,14546.5032,NA
parkey.exe,25692,0x18D74B42E40,DXGI,1,0,0,Composed: Flip,14562.2747,NA,13.87000000000000,16.67920000000000,18.90150000000000,33.32750000000000,80.3454,14560.3711,20.8051,1.9036,18.9015,21.3204,13.9107,11.6527,2.2580,-2.8113,14560.3711,NA
parkey.exe,25692,0x18D74B42E40,DXGI,1,0,0,Composed: Flip,14583.2140,NA,20.93930000000000,7.94330000000000,11.90870000000000,26.20400000000000,67.3494,14581.1762,13.9465,2.0378,11.9087,14.4260,13.8158,11.6866,2.1292,12.8618,14581.1762,NA
parkey.exe,25692,0x18D74B42E40,DXGI,1,0,0,Composed: Flip,14596.9257,NA,13.71170000000000,25.42320000000000,12.02510000000000,33.40660000000000,79.0609,14595.1227,13.8281,1.8030,12.0251,14.3390,20.8706,11.5976,9.2730,-11.4767,14595.1227,NA
parkey.exe,25692,0x18D74B42E40,DXGI,1,0,0,Composed: Flip,14610.7858,NA,13.86010000000000,16.23860000000000,19.07670000000000,33.65920000000000,81.4394,14608.9508,20.9117,1.8350,19.0767,21.3815,14.1127,11.9945,2.1182,-2.4105,14608.9508,NA
parkey.exe,25692,0x18D74B42E40,DXGI,1,0,0,Composed: Flip,14631.7990,NA,21.01320000000000,17.12190000000000,11.90300000000000,33.23910000000000,77.5481,14629.8625,13.8395,1.9365,11.9030,14.5825,20.5931,11.6839,8.9092,3.7898,14629.8625,NA
parkey.exe,25692,0x18D74B42E40,DXGI,1,0,0,Composed: Flip,14645.3580,NA,13.55900000000000,16.67610000000000,19.15870000000000,33.59480000000000,80.6652,14643.7020,20.8147,1.6560,19.1587,21.3361,13.9147,11.7487,2.1660,-2.8366,14643.7020,NA
parkey.exe,25692,0x18D74B42E40,DXGI,1,0,0,Composed: Flip,14666.4828,NA,21.12480000000000,16.67400000000000,11.97560000000000,26.31630000000000,76.2144,14664.5167,13.9417,1.9661,11.9756,14.4361,13.8463,11.6956,2.1507,4.1407,14664.5167,NA
parkey.exe,25692,0x18D74B42E40,DXGI,1,0,0,Composed: Flip,14680.2273,NA,13.74450000000000,16.70210000000000,12.07730000000000,33.47230000000000,79.1720,14678.4584,13.8462,1.7689,12.0773,14.3673,20.8739,11.6587,9.2152,-2.7604,14678.4584,NA
parkey.exe,25692,0x18D74B42E40,DXGI,1,0,0,Composed: Flip,14694.2427,NA,14.01540000000000,16.17100000000000,18.97530000000000,33.62680000000000,81.3276,14692.3046,20.9134,1.9381,18.9753,21.3950,14.1699,11.9747,2.1952,-2.3248,14692.3046,NA
parkey.exe,25692,0x18D74B42E40,DXGI,1,0,0,Composed: Flip,14715.5226,NA,21.27990000000000,17.17260000000000,11.58510000000000,32.80610000000000,77.2203,14713.2180,13.8897,2.3046,11.5851,14.6515,20.4592,11.5247,8.9345,3.7408,14713.2180,NA
parkey.exe,25692,0x18D74B42E40,DXGI,1,0,0,Composed: Flip,14728.7649,NA,13.24230000000000,16.67870000000000,19.10500000000000,33.50390000000000,80.6567,14727.1077,20.7622,1.6572,19.1050,21.2625,13.8986,11.6865,2.2121,-2.7890,14727.1077,NA
parkey.exe,25692,0x18D74B42E40,DXGI,1,0,0,Composed: Flip,14749.8355,NA,21.07060000000000,16.67500000000000,11.99130000000000,26.33950000000000,76.2611,14747.8699,13.9569,1.9656,11.9913,14.4189,13.8862,11.6809,2.2053,4.0872,14747.8699,NA
parkey.exe,25692,0x18D74B42E40,DXGI,1,0,0,Composed: Flip,14763.8183,NA,13.98280000000000,16.69510000000000,11.83370000000000,33.18230000000001,78.9734,14761.8268,13.8252,1.9915,11.8337,14.3482,20.8256,11.6145,9.2111,-2.7382,14761.8268,NA
parkey.exe,25692,0x18D74B42E40,DXGI,1,0,0,Composed: Flip,14777.6151,NA,13.79680000000000,16.13310000000000,18.95460000000000,33.52130000000000,81.3097,14775.6520,20.9177,1.9631,18.9546,21.3924,14.0920,11.9732,2.1188,-2.3079,14775.6520,NA
parkey.exe,25692,0x18D74B42E40,DXGI,1,0,0,Composed: Flip,14798.6864,NA,21.07130000000000,17.21540000000000,11.69550000000000,33.00720000000000,77.4538,14796.5697,13.8122,2.1167,11.6955,14.5667,20.5572,11.5186,9.0386,3.7023,14796.5697,NA
parkey.exe,25692,0x18D74B42E40,DXGI,1,0,0,Composed: Flip,14812.1906,NA,13.50420000000000,16.67570000000000,19.03390000000000,33.41960000000000,80.6253,14810.3819,20.8426,1.8087,19.0339,21.3302,13.8981,11.7024,2.1957,-2.8635,14810.3819,NA
parkey.exe,25692,0x18D74B42E40,DXGI,1,0,0,Composed: Flip,14833.3517,NA,21.16110000000000,16.68260000000000,11.79390000000000,26.16970000000000,76.1468,14831.2245,13.9211,2.1272,11.7939,14.4123,13.8846,11.7216,2.1630,4.1600,14831.2245,NA
parkey.exe,25692,0x18D74B42E40,DXGI,1,0,0,Composed: Flip,14847.0065,NA,13.65480000000000,16.68370000000000,11.99970000000000,33.38420000000000,79.1757,14845.1456,13.8606,1.8609,11.9997,14.4124,20.8327,11.6407,9.1920,-2.7626,14845.1456,NA
parkey.exe,25692,0x18D74B42E40,DXGI,1,0,0,Composed: Flip,14860.9821,NA,13.97560000000000,16.08200000000000,18.90150000000000,33.53390000000000,81.2821,14859.0062,20.8774,1.9759,18.9015,21.3845,14.1253,12.0125,2.1128,-2.2214,14859.0062,NA
parkey.exe,25692,0x18D74B42E40,DXGI,1,0,0,Composed: Flip,14881.8754,NA,20.89330000000000,17.27980000000000,11.91620000000000,33.18360000000000,77.6686,14879.8836,13.9080,1.9918,11.9162,14.6324,20.5430,11.5845,8.9585,3.5976,14879.8836,NA
parkey.exe,25692,0x18D74B42E40,DXGI,1,0,0,Composed: Flip,14895.4023,NA,13.52690000000000,16.67300000000000,19.17560000000000,33.58260000000000,80.8147,14893.7916,20.7863,1.6107,19.1756,21.2674,13.9259,11.6522,2.2737,-2.7650,14893.7916,NA
parkey.exe,25692,0x18D74B42E40,DXGI,1,0,0,Composed: Flip,14916.4378,NA,21.03550000000000,16.68910000000000,12.05330000000000,26.44120000000000,76.4683,14914.5779,13.9132,1.8599,12.0533,14.4070,13.8941,11.7424,2.1517,4.0972,14914.5779,NA
parkey.exe,25692,0x18D74B42E40,DXGI,1,0,0,Composed: Flip,14930.3966,NA,13.95880000000000,16.67800000000000,11.93450000000000,33.32610000000000,79.1875,14928.4911,13.8400,1.9055,11.9345,14.3879,20.8437,11.6192,9.2245,-2.7648,14928.4911,NA
parkey.exe,25692,0x18D74B42E40,DXGI,1,0,0,Composed: Flip,14944.0593,NA,13.66270000000000,16.03450000000000,19.17780000000000,33.81050000000000,81.5593,14942.3311,20.9060,1.7282,19.1778,21.3916,14.1471,11.9556,2.1915,-2.1945,14942.3311,NA
parkey.exe,25692,0x18D74B42E40,DXGI,1,0,0,Composed: Flip,14965.1053,NA,21.04600000000000,17.32620000000000,12.02220000000000,33.30570000000000,77.8395,14963.2371,13.8904,1.8682,12.0222,14.6327,20.5412,11.5859,8.9553,3.5798,14963.2371,NA
parkey.exe,25692,0x18D74B42E40,DXGI,1,0,0,Composed: Flip,14978.6812,NA,13.57590000000000,16.67330000000000,19.23020000000000,33.63980000000000,80.9369,14977.1275,20.7839,1.5537,19.2302,21.3260,13.8675,11.7565,2.1110,-2.7829,14977.1275,NA
parkey.exe,25692,0x18D74B42E40,DXGI,1,0,0,Composed: Flip,14999.8585,NA,21.17730000000000,16.68260000000000,12.01270000000000,26.40410000000000,76.4422,14997.9114,13.9598,1.9471,12.0127,14.4540,13.8972,11.7114,2.1858,4.1013,14997.9114,NA
parkey.exe,25692,0x18D74B42E40,DXGI,1,0,0,Composed: Flip,15013.8604,NA,14.00190000000000,16.68560000000000,11.84510000000000,33.21510000000000,79.1259,15011.8712,13.8343,1.9892,11.8451,14.3914,20.8129,11.6024,9.2105,-2.7258,15011.8712,NA
parkey.exe,25692,0x18D74B42E40,DXGI,1,0,0,Composed: Flip,15027.6722,NA,13.81180000000000,9.10070000000000,18.91620000000000,33.80820000000000,74.4148,15025.7055,20.8829,1.9667,18.9162,21.3700,14.4049,12.2078,2.1971,4.7336,15025.7055,NA
parkey.exe,25692,0x18D74B42E40,DXGI,1,0,0,Composed: Flip,15048.4813,NA,20.80910000000000,24.26350000000000,11.98050000000000,33.36070000000000,77.8692,15046.5884,13.8734,1.8929,11.9805,14.8920,20.3616,11.6963,8.6653,-3.3806,15046.5884,NA
parkey.exe,25692,0x18D74B42E40,DXGI,1,0,0,Composed: Flip,15062.9910,NA,14.50970000000000,16.67790000000000,18.32910000000000,33.04700000000000,80.0374,15060.4618,20.8583,2.5292,18.3291,21.3802,14.1960,12.0640,2.1320,-2.8045,15060.4618,NA
parkey.exe,25692,0x18D74B42E40,DXGI,1,0,0,Composed: Flip,15083.4005,NA,20.40950000000000,16.69230000000000,11.77070000000000,33.08310000000000,76.3202,15081.3201,13.8511,2.0804,11.7707,14.7179,20.4456,11.2744,9.1712,4.1660,15081.3201,NA
parkey.exe,25692,0x18D74B42E40,DXGI,1,0,0,Composed: Flip,15097.5281,NA,14.12760000000000,16.67510000000000,18.46500000000000,32.89130000000000,78.8677,15095.1712,20.8219,2.3569,18.4650,21.3124,13.9358,11.7033,2.2325,-2.8240,15095.1712,NA
parkey.exe,25692,0x18D74B42E40,DXGI,1,0,0,Composed: Flip,15118.0162,NA,20.48810000000000,9.03470000000000,11.91180000000000,26.61610000000000,67.4143,15115.9931,13.9349,2.0231,11.9118,14.4263,14.2129,12.0815,2.1314,11.7872,15115.9931,NA
parkey.exe,25692,0x18D74B42E40,DXGI,1,0,0,Composed: Flip,15131.7137,NA,13.69750000000000,24.32390000000000,12.11050000000000,33.43860000000000,78.0407,15129.9280,13.8962,1.7857,12.1105,14.7043,20.5200,11.6411,8.8789,-10.3890,15129.9280,NA
parkey.exe,25692,0x18D74B42E40,DXGI,1,0,0,Composed: Flip,15145.7058,NA,13.99210000000000,16.66920000000000,18.96810000000000,33.63530000000000,80.7178,15143.8242,20.8497,1.8816,18.9681,21.3444,14.1725,12.0930,2.0795,-2.7730,15143.8242,NA
parkey.exe,25692,0x18D74B42E40,DXGI,1,0,0,Composed: Flip,15166.5061,NA,20.80030000000000,16.68370000000000,11.98370000000000,33.32030000000000,76.6012,15164.6739,13.8159,1.8322,11.9837,14.6672,20.4853,11.2581,9.2272,4.1660,15164.6739,NA
parkey.exe,25692,0x18D74B42E40,DXGI,1,0,0,Composed: Flip,15180.3369,NA,13.83080000000000,16.67940000000000,18.99730000000000,33.40940000000001,79.4498,15178.4898,20.8444,1.8471,18.9973,21.3568,13.8997,11.6906,2.2091,-2.8635,15178.4898,NA
parkey.exe,25692,0x18D74B42E40,DXGI,1,0,0,Composed: Flip,15201.3255,NA,20.98860000000000,9.00250000000000,11.94820000000000,26.67890000000000,67.4637,15199.3342,13.9395,1.9913,11.9482,14.4121,14.2581,12.1511,2.1070,11.8419,15199.3342,NA
parkey.exe,25692,0x18D74B42E40,DXGI,1,0,0,Composed: Flip,15215.2862,NA,13.96070000000000,24.35870000000000,11.83150000000000,33.19530000000000,77.8617,15213.2737,13.8440,2.0125,11.8315,14.7307,20.4771,11.2117,9.2654,-10.4192,15213.2737,NA
parkey.exe,25692,0x18D74B42E40,DXGI,1,0,0,Composed: Flip,15228.7590,NA,13.47280000000000,16.67980000000000,19.27120000000000,33.95540000000000,81.0687,15227.1177,20.9125,1.6413,19.2712,21.4086,14.1881,12.0644,2.1237,-2.8358,15227.1177,NA
parkey.exe,25692,0x18D74B42E40,DXGI,1,0,0,Composed: Flip,15250.1707,NA,21.41170000000000,16.67610000000000,11.66310000000000,33.00630000000000,76.3331,15248.0302,13.8036,2.1405,11.6631,14.6842,20.4626,11.3208,9.1418,4.2364,15248.0302,NA
parkey.exe,25692,0x18D74B42E40,DXGI,1,0,0,Composed: Flip,15263.6624,NA,13.49170000000000,16.68660000000000,19.01900000000000,33.43580000000000,79.5280,15261.8338,20.8476,1.8286,19.0190,21.3432,13.9212,11.6990,2.2222,-2.8830,15261.8338,NA
parkey.exe,25692,0x18D74B42E40,DXGI,1,0,0,Composed: Flip,15285.0479,NA,21.38550000000000,8.87680000000000,11.56980000000000,26.27400000000000,67.0193,15282.6814,13.9363,2.3665,11.5698,14.4168,14.2237,12.0291,2.1946,11.9708,15282.6814,NA
parkey.exe,25692,0x18D74B42E40,DXGI,1,0,0,Composed: Flip,15298.5006,NA,13.45270000000000,24.48740000000000,11.99970000000000,33.31260000000000,78.0540,15296.6177,13.8826,1.8829,11.9997,14.7042,20.4913,11.7431,8.7482,-10.5511,15296.6177,NA
parkey.exe,25692,0x18D74B42E40,DXGI,1,0,0,Composed: Flip,15312.5716,NA,14.07100000000000,16.67390000000000,18.77020000000000,33.45270000000000,80.6569,15310.5003,20.8415,2.0713,18.7702,21.3438,14.1802,12.0477,2.1325,-2.7913,15310.5003,NA
parkey.exe,25692,0x18D74B42E40,DXGI,1,0,0,Composed: Flip,15333.9304,NA,21.35880000000000,16.68560000000000,11.26320000000000,32.60860000000000,75.9837,15331.3418,13.8518,2.5886,11.2632,14.6825,20.5147,12.0066,8.5081,4.1559,15331.3418,NA
parkey.exe,25692,0x18D74B42E40,DXGI,1,0,0,Composed: Flip,15347.2786,NA,13.34820000000000,16.71660000000000,18.76380000000000,33.24640000000000,79.3521,15345.1936,20.8488,2.0850,18.7638,21.3454,13.9860,11.7065,2.2795,-2.8648,15345.1936,NA
parkey.exe,25692,0x18D74B42E40,DXGI,1,0,0,Composed: Flip,15368.2469,NA,20.96830000000000,8.85680000000000,11.77990000000000,26.42080000000000,67.2406,15366.0424,13.9844,2.2045,11.7799,14.4826,14.1427,12.0530,2.0897,11.9920,15366.0424,NA
parkey.exe,25692,0x18D74B42E40,DXGI,1,0,0,Composed: Flip,15382.3779,NA,14.13100000000000,24.46810000000000,11.42890000000000,32.83700000000000,77.5777,15380.0268,13.7800,2.3511,11.4289,14.6409,20.5472,11.5874,8.9598,-10.4837,15380.0268,NA
parkey.exe,25692,0x18D74B42E40,DXGI,1,0,0,Composed: Flip,15395.6899,NA,13.31200000000000,16.67660000000000,19.04220000000000,33.70730000000000,80.9423,15393.8068,20.9253,1.8831,19.0422,21.4081,14.1823,12.0419,2.1404,-2.8966,15393.8068,NA
parkey.exe,25692,0x18D74B42E40,DXGI,1,0,0,Composed: Flip,15417.0573,NA,21.36740000000000,16.67380000000000,11.49870000000000,32.84560000000000,76.2487,15414.7321,13.8239,2.3252,11.4987,14.6651,20.5057,11.3076,9.1981,4.2515,15414.7321,NA
parkey.exe,25692,0x18D74B42E40,DXGI,1,0,0,Composed: Flip,15430.9232,NA,13.86590000000000,16.68150000000000,18.48390000000000,32.86990000000000,79.0643,15428.5560,20.8511,2.3672,18.4839,21.3469,13.8902,11.6664,2.2238,-2.8576,15428.5560,NA
parkey.exe,25692,0x18D74B42E40,DXGI,1,0,0,Composed: Flip,15451.6065,NA,20.68330000000000,8.84680000000000,11.71070000000000,26.43790000000000,67.2278,15449.4071,13.9101,2.1994,11.7107,14.3860,14.2513,12.0619,2.1894,12.0043,15449.4071,NA
parkey.exe,25692,0x18D74B42E40,DXGI,1,0,0,Composed: Flip,15465.3976,NA,13.79110000000000,24.52050000000000,11.78150000000000,33.16340000000000,77.9572,15463.3172,13.8619,2.0804,11.7815,14.7272,20.5166,11.5715,8.9451,-10.6104,15463.3172,NA
parkey.exe,25692,0x18D74B42E40,DXGI,1,0,0,Composed: Flip,15479.2166,NA,13.81900000000000,16.69010000000000,18.85950000000000,33.51520000000000,80.8283,15477.1791,20.8970,2.0375,18.8595,21.4271,14.1256,12.1246,2.0010,-2.8282,15477.1791,NA
parkey.exe,25692,0x18D74B42E40,DXGI,1,0,0,Composed: Flip,15500.2414,NA,21.02480000000000,16.66760000000000,11.64630000000000,32.97390000000000,76.4711,15498.0761,13.8116,2.1653,11.6463,14.6557,20.4835,11.2865,9.1970,4.2294,15498.0761,NA
parkey.exe,25692,0x18D74B42E40,DXGI,1,0,0,Composed: Flip,15513.8311,NA,13.58970000000000,16.70770000000000,18.89430000000000,33.31100000000000,79.5891,15511.8877,20.8377,1.9434,18.8943,21.3276,13.9268,11.7391,2.1877,-2.8961,15511.8877,NA
parkey.exe,25692,0x18D74B42E40,DXGI,1,0,0,Composed: Flip,15534.8280,NA,20.99690000000000,8.75510000000000,11.83530000000000,26.57270000000000,67.3473,15532.7254,13.9379,2.1026,11.8353,14.4167,14.2586,12.1059,2.1527,12.0826,15532.7254,NA
parkey.exe,25692,0x18D74B42E40,DXGI,1,0,0,Composed: Flip,15548.4090,NA,13.58100000000000,24.58130000000000,12.11670000000000,33.49590000000000,78.3476,15546.6633,13.8624,1.7457,12.1167,14.7374,20.5042,11.6827,8.8215,-10.6434,15546.6633,NA
parkey.exe,25692,0x18D74B42E40,DXGI,1,0,0,Composed: Flip,15562.3255,NA,13.91650000000000,16.69280000000000,19.08880000000000,33.73460000000000,81.1239,15560.5257,20.8886,1.7998,19.0888,21.4023,14.1321,12.0506,2.0815,-2.8304,15560.5257,NA
parkey.exe,25692,0x18D74B42E40,DXGI,1,0,0,Composed: Flip,15583.5090,NA,21.18350000000000,16.67820000000000,11.71070000000000,33.05350000000000,76.6186,15581.4143,13.8054,2.0947,11.7107,14.6458,20.5024,11.3277,9.1747,4.2104,15581.4143,NA
parkey.exe,25692,0x18D74B42E40,DXGI,1,0,0,Composed: Flip,15596.9750,NA,13.46600000000000,16.67860000000000,19.09900000000000,33.51220000000000,79.8312,15595.2197,20.8543,1.7553,19.0990,21.3428,13.9247,11.6776,2.2471,-2.8732,15595.2197,NA
parkey.exe,25692,0x18D74B42E40,DXGI,1,0,0,Composed: Flip,15618.0399,NA,21.06490000000000,8.66200000000000,11.97290000000000,26.45970000000000,67.4283,15616.0740,13.9388,1.9659,11.9729,14.4132,14.0124,11.7525,2.2599,12.1923,15616.0740,NA
parkey.exe,25692,0x18D74B42E40,DXGI,1,0,0,Composed: Flip,15632.0228,NA,13.98290000000000,41.36740000000000,12.03300000000000,33.31610000000000,94.8128,15630.0128,14.0430,2.0100,12.0330,14.4868,20.8393,11.3018,9.5375,-27.4286,15630.0128,NA
parkey.exe,25692,0x18D74B42E40,DXGI,1,0,0,Composed: Flip,15646.9709,NA,14.94810000000000,0.29050000000000,17.85910000000000,32.69680000000000,80.1552,15644.0558,20.7742,2.9151,17.8591,21.2831,14.3288,12.2969,2.0319,13.7525,15644.0558,NA
parkey.exe,25692,0x18D74B42E40,DXGI,1,0,0,Composed: Flip,15667.4834,NA,20.51250000000000,16.38750000000000,11.16980000000000,32.62900000000000,76.0302,15664.8300,13.8232,2.6534,11.1698,14.8377,20.4447,11.6628,8.7819,4.3867,15664.8300,NA
parkey.exe,25692,0x18D74B42E40,DXGI,1,0,0,Composed: Flip,15681.3386,NA,13.85520000000000,16.68370000000000,18.33820000000000,32.57950000000000,78.8587,15678.6532,21.0236,2.6854,18.3382,21.4592,13.8057,11.2955,2.5102,-2.8605,15678.6532,NA
parkey.exe,25692,0x18D74B42E40,DXGI,1,0,0,Composed: Flip,15703.5547,NA,22.21610000000000,8.66390000000000,9.87710000000000,24.50890000000000,65.3065,15699.6768,13.7550,3.8779,9.8771,14.2413,14.1455,10.8186,3.3269,12.3597,15699.6768,NA
parkey.exe,25692,0x18D74B42E40,DXGI,1,0,0,Composed: Flip,15716.1581,NA,12.60340000000000,24.70100000000000,11.06830000000000,32.42260000000000,77.4041,15713.4318,13.7946,2.7263,11.0683,14.6318,20.5171,11.6509,8.8662,-10.9460,15713.4318,NA
parkey.exe,25692,0x18D74B42E40,DXGI,1,0,0,Composed: Flip,15729.2909,NA,13.13280000000000,16.66970000000000,18.82970000000000,33.15670000000000,80.9410,15727.2264,20.8942,2.0645,18.8297,21.3776,13.8436,11.6913,2.1523,-2.8751,15727.2264,NA
parkey.exe,25692,0x18D74B42E40,DXGI,1,0,0,Composed: Flip,15750.2312,NA,20.94030000000000,16.67980000000000,11.74910000000000,33.03440000000001,76.6805,15748.1206,13.8597,2.1106,11.7491,14.3270,20.8180,11.6430,9.1750,4.2144,15748.1206,NA
parkey.exe,25692,0x18D74B42E40,DXGI,1,0,0,Composed: Flip,15764.1899,NA,13.95870000000000,16.70880000000000,18.57740000000000,32.97910000000000,79.4306,15761.9803,20.7870,2.2096,18.5774,21.2853,13.9034,11.6854,2.2180,-2.8491,15761.9803,NA
parkey.exe,25692,0x18D74B42E40,DXGI,1,0,0,Composed: Flip,15784.7133,NA,20.52340000000000,8.53330000000000,11.98700000000000,26.70750000000000,67.4405,15782.7673,13.9330,1.9460,11.9870,14.4210,14.2325,12.0825,2.1500,12.2537,15782.7673,NA
parkey.exe,25692,0x18D74B42E40,DXGI,1,0,0,Composed: Flip,15798.6254,NA,13.91210000000000,24.80640000000000,11.94620000000000,33.49280000000000,78.3348,15796.7003,13.8713,1.9251,11.9462,14.7205,20.6974,11.7326,8.9648,-10.8734,15796.7003,NA
parkey.exe,25692,0x18D74B42E40,DXGI,1,0,0,Composed: Flip,15812.4164,NA,13.79100000000000,16.67680000000000,19.04540000000000,33.76180000000000,81.2206,15810.5716,20.8902,1.8448,19.0454,21.5733,14.0333,12.1046,1.9287,-2.8055,15810.5716,NA
parkey.exe,25692,0x18D74B42E40,DXGI,1,0,0,Composed: Flip,15833.8331,NA,21.41670000000000,16.67490000000000,11.44570000000000,32.79450000000000,76.4788,15831.4618,13.8170,2.3713,11.4457,14.7164,20.4494,11.5956,8.8538,4.2153,15831.4618,NA
parkey.exe,25692,0x18D74B42E40,DXGI,1,0,0,Composed: Flip,15847.1472,NA,13.31410000000000,16.68120000000000,18.97610000000000,33.38920000000000,79.8459,15845.2788,20.8445,1.8684,18.9761,21.3488,13.9088,11.7342,2.1746,-2.8642,15845.2788,NA
parkey.exe,25692,0x18D74B42E40,DXGI,1,0,0,Composed: Flip,15868.0601,NA,20.91290000000000,8.56280000000000,11.99140000000000,26.71590000000000,67.4958,15866.1233,13.9282,1.9368,11.9914,14.4131,14.2396,12.0347,2.2049,12.2817,15866.1233,NA
parkey.exe,25692,0x18D74B42E40,DXGI,1,0,0,Composed: Flip,15881.8214,NA,13.76130000000000,24.80560000000000,12.12040000000000,33.46450000000000,78.5401,15880.0515,13.8903,1.7699,12.1204,14.7245,20.5099,11.6313,8.8786,-10.8774,15880.0515,NA
parkey.exe,25692,0x18D74B42E40,DXGI,1,0,0,Composed: Flip,15895.7880,NA,13.96660000000000,16.68790000000000,19.01400000000000,33.66470000000000,81.2614,15893.9418,20.8602,1.8462,19.0140,21.3441,14.1668,12.0392,2.1276,-2.7976,15893.9418,NA
parkey.exe,25692,0x18D74B42E40,DXGI,1,0,0,Composed: Flip,15916.6754,NA,20.88740000000000,16.66500000000000,11.93830000000000,33.27960000000000,77.0390,15914.8020,13.8117,1.8734,11.9383,14.6507,20.5023,11.2892,9.2131,4.1952,15914.8020,NA
parkey.exe,25692,0x18D74B42E40,DXGI,1,0,0,Composed: Flip,15930.3305,NA,13.65510000000000,16.68450000000000,19.15210000000000,33.55530000000000,80.0684,15928.6137,20.8689,1.7168,19.1521,21.3560,13.9161,11.7150,2.2011,-2.8728,15928.6137,NA
parkey.exe,25692,0x18D74B42E40,DXGI,1,0,0,Composed: Flip,15951.3378,NA,21.00730000000000,8.45400000000000,12.05820000000000,26.42190000000000,67.5151,15949.4826,13.9134,1.8552,12.0582,14.4032,13.8739,11.7343,2.1396,12.4149,15949.4826,NA
parkey.exe,25692,0x18D74B42E40,DXGI,1,0,0,Composed: Flip,15965.3826,NA,14.04480000000000,24.91180000000000,11.90830000000000,33.25870000000000,78.3821,15963.3960,13.8949,1.9866,11.9083,14.3840,20.8613,12.1657,8.6956,-10.9984,15963.3960,NA
parkey.exe,25692,0x18D74B42E40,DXGI,1,0,0,Composed: Flip,15979.0043,NA,13.62170000000000,16.66980000000000,19.14690000000000,33.83560000000000,81.4302,15977.2909,20.8603,1.7134,19.1469,21.3723,14.1767,12.1038,2.0729,-2.7749,15977.2909,NA
parkey.exe,25692,0x18D74B42E40,DXGI,1,0,0,Composed: Flip,16000.0006,NA,20.99630000000000,16.68520000000000,11.97550000000000,33.29110000000000,77.1191,15998.1512,13.8249,1.8494,11.9755,14.6887,20.4518,11.6178,8.8340,4.1751,15998.1512,NA
parkey.exe,25692,0x18D74B42E40,DXGI,1,0,0,Composed: Flip,16013.9507,NA,13.95010000000000,16.68080000000000,18.85930000000000,33.29670000000000,79.8498,16011.9761,20.8339,1.9746,18.8593,21.3156,13.9557,11.6772,2.2785,-2.8559,16011.9761,NA
parkey.exe,25692,0x18D74B42E40,DXGI,1,0,0,Composed: Flip,16034.7654,NA,20.81470000000000,8.44590000000000,11.99990000000000,26.70550000000000,67.4810,16032.8100,13.9553,1.9554,11.9999,14.4374,14.2235,12.0951,2.1284,12.3880,16032.8100,NA
parkey.exe,25692,0x18D74B42E40,DXGI,1,0,0,Composed: Flip,16048.7033,NA,13.93790000000000,24.91560000000000,11.90300000000000,33.26790000000000,78.4587,16046.7653,13.8410,1.9380,11.9030,14.7056,20.5003,11.5712,8.9291,-10.9603,16046.7653,NA
parkey.exe,25692,0x18D74B42E40,DXGI,1,0,0,Composed: Flip,16062.4417,NA,13.73840000000000,16.68240000000000,19.05330000000000,33.62900000000000,81.4027,16060.6063,20.8887,1.8354,19.0533,21.4096,14.0548,11.9565,2.0983,-2.8414,16060.6063,NA
parkey.exe,25692,0x18D74B42E40,DXGI,1,0,0,Composed: Flip,16083.4722,NA,21.03050000000000,16.67610000000000,11.85780000000000,33.16810000000000,77.0483,16081.4950,13.8350,1.9772,11.8578,14.5757,20.5696,11.3584,9.2112,4.2126,16081.4950,NA
parkey.exe,25692,0x18D74B42E40,DXGI,1,0,0,Composed: Flip,16096.9515,NA,13.47930000000000,16.67940000000000,19.20580000000000,33.61170000000000,80.2484,16095.3300,20.8273,1.6215,19.2058,21.3103,13.9229,11.7326,2.1903,-2.8444,16095.3300,NA
parkey.exe,25692,0x18D74B42E40,DXGI,1,0,0,Composed: Flip,16117.9606,NA,21.00910000000000,8.38490000000000,12.12720000000000,26.93280000000000,67.6242,16116.1573,13.9305,1.8033,12.1272,14.4059,14.3302,12.1171,2.2131,12.4424,16116.1573,NA
parkey.exe,25692,0x18D74B42E40,DXGI,1,0,0,Composed: Flip,16132.0090,NA,14.04840000000000,24.98010000000000,12.00930000000000,33.32990000000000,78.5559,16130.0878,13.9305,1.9212,12.0093,14.8056,20.4455,11.5787,8.8668,-11.0496,16130.0878,NA
parkey.exe,25692,0x18D74B42E40,DXGI,1,0,0,Composed: Flip,16145.9271,NA,13.91810000000000,16.66410000000000,18.91180000000000,33.47010000000000,81.3019,16144.0183,20.8206,1.9088,18.9118,21.3206,14.0583,11.9714,2.0869,-2.7336,16144.0183,NA
parkey.exe,25692,0x18D74B42E40,DXGI,1,0,0,Composed: Flip,16166.6398,NA,20.71270000000000,16.68540000000000,12.01670000000000,33.36820000000000,77.2746,16164.8389,13.8176,1.8009,12.0167,14.5583,20.6108,11.2646,9.3462,4.1352,16164.8389,NA
parkey.exe,25692,0x18D74B42E40,DXGI,1,0,0,Composed: Flip,16180.2056,NA,13.56580000000000,16.68730000000000,19.29690000000000,33.72700000000000,80.3961,16178.6565,20.8460,1.5491,19.2969,21.3515,13.9246,11.7031,2.2215,-2.8697,16178.6565,NA
parkey.exe,25692,0x18D74B42E40,DXGI,1,0,0,Composed: Flip,16201.4258,NA,21.22020000000000,8.34630000000000,12.02440000000000,26.78710000000000,67.5222,16199.5025,13.9477,1.9233,12.0244,14.4301,14.2803,12.1110,2.1693,12.4997,16199.5025,NA
parkey.exe,25692,0x18D74B42E40,DXGI,1,0,0,Composed: Flip,16215.3334,NA,13.90760000000000,25.02120000000000,12.00320000000000,33.29700000000000,78.6358,16213.4502,13.8864,1.8832,12.0032,14.7627,20.4175,11.5794,8.8381,-11.0735,16213.4502,NA
parkey.exe,25692,0x18D74B42E40,DXGI,1,0,0,Composed: Flip,16228.9963,NA,13.66290000000000,16.60470000000000,19.18840000000000,33.78370000000000,81.5776,16227.3366,20.8481,1.6597,19.1884,21.3369,14.1065,11.9762,2.1303,-2.7183,16227.3366,NA
parkey.exe,25692,0x18D74B42E40,DXGI,1,0,0,Composed: Flip,16250.0592,NA,21.06290000000000,16.78070000000000,11.97960000000000,33.28650000000000,77.2954,16248.1847,13.8541,1.8745,11.9796,14.5953,20.5657,11.3685,9.1972,4.0674,16248.1847,NA
parkey.exe,25692,0x18D74B42E40,DXGI,1,0,0,Composed: Flip,16263.5940,NA,13.53480000000000,16.65600000000000,19.25370000000000,33.67650000000000,80.4166,16262.0388,20.8089,1.5552,19.2537,21.3069,13.9248,11.6807,2.2441,-2.8019,16262.0388,NA
parkey.exe,25692,0x18D74B42E40,DXGI,1,0,0,Composed: Flip,16284.6309,NA,21.03690000000000,16.68110000000000,12.15650000000000,26.66230000000000,76.0608,16282.8477,13.9397,1.7832,12.1565,14.4388,14.0067,11.6875,2.3192,4.1278,16282.8477,NA
parkey.exe,25692,0x18D74B42E40,DXGI,1,0,0,Composed: Flip,16298.6200,NA,13.98910000000000,16.78990000000000,12.24470000000000,33.48230000000000,78.8616,16296.7874,14.0773,1.8326,12.2447,14.5417,20.7732,11.6248,9.1484,-2.8502,16296.7874,NA
parkey.exe,25692,0x18D74B42E40,DXGI,1,0,0,Composed: Flip,16313.7860,NA,15.16600000000000,16.43430000000000,17.87390000000000,32.02220000000000,80.1299,16310.8647,20.7952,2.9213,17.8739,21.2777,13.6658,11.0808,2.5850,-2.3570,16310.8647,NA
parkey.exe,25692,0x18D74B42E40,DXGI,1,0,0,Composed: Flip,16334.2298,NA,20.44380000000000,16.81120000000000,11.21740000000000,32.49680000000000,76.4973,16331.6599,13.7873,2.5699,11.2174,14.1483,20.9184,11.6617,9.2567,3.9840,16331.6599,NA
parkey.exe,25692,0x18D74B42E40,DXGI,1,0,0,Composed: Flip,16348.0789,NA,13.84910000000000,16.67910000000000,18.18830000000000,32.58610000000000,79.3273,16345.4472,20.8200,2.6317,18.1883,21.3060,13.9118,11.2176,2.6942,-2.8918,16345.4472,NA
parkey.exe,25692,0x18D74B42E40,DXGI,1,0,0,Composed: Flip,16369.2619,NA,21.18300000000000,8.23780000000000,10.95770000000000,25.27470000000000,66.3821,16366.2672,13.9524,2.9947,10.9577,14.4320,13.8374,11.2035,2.6339,12.5822,16366.2672,NA
parkey.exe,25692,0x18D74B42E40,DXGI,1,0,0,Composed: Flip,16382.8860,NA,13.62410000000000,25.12570000000000,11.16690000000000,32.54350000000000,77.8837,16380.2196,13.8333,2.6664,11.1669,14.3170,20.8929,11.6185,9.2744,-11.1733,16380.2196,NA
parkey.exe,25692,0x18D74B42E40,DXGI,1,0,0,Composed: Flip,16396.2338,NA,13.34780000000000,16.48990000000000,18.71620000000000,33.05240000000000,81.0258,16394.0529,20.8971,2.1809,18.7162,21.3766,13.8567,11.2357,2.6210,-2.6566,16394.0529,NA
parkey.exe,25692,0x18D74B42E40,DXGI,1,0,0,Composed: Flip,16417.5700,NA,21.33620000000000,16.86040000000000,11.14540000000000,32.49150000000000,76.5500,16414.9500,13.7654,2.6200,11.1454,14.3362,20.7753,12.0742,8.7011,4.0367,16414.9500,NA
parkey.exe,25692,0x18D74B42E40,DXGI,1,0,0,Composed: Flip,16430.9898,NA,13.41980000000000,16.73530000000000,18.58930000000000,33.01630000000000,79.8655,16428.7154,20.8637,2.2744,18.5893,21.3461,13.9446,11.7185,2.2261,-2.9699,16428.7154,NA
parkey.exe,25692,0x18D74B42E40,DXGI,1,0,0,Composed: Flip,16452.1103,NA,21.12050000000000,16.63830000000000,11.41490000000000,25.76330000000000,75.3833,16449.5791,13.9461,2.5312,11.4149,14.4270,13.8675,11.7240,2.1435,4.2254,16449.5791,NA
parkey.exe,25692,0x18D74B42E40,DXGI,1,0,0,Composed: Flip,16465.7215,NA,13.61120000000000,16.67330000000000,11.61830000000000,33.04460000000000,78.4454,16463.5252,13.8146,2.1963,11.6183,14.3484,20.8925,11.6337,9.2588,-2.7272,16463.5252,NA
parkey.exe,25692,0x18D74B42E40,DXGI,1,0,0,Composed: Flip,16479.3524,NA,13.63090000000000,16.44080000000000,18.90010000000000,33.08890000000000,81.2553,16477.3398,20.9127,2.0126,18.9001,21.4263,13.6752,11.5822,2.0930,-2.6262,16477.3398,NA
parkey.exe,25692,0x18D74B42E40,DXGI,1,0,0,Composed: Flip,16500.3930,NA,21.04060000000000,16.91820000000000,11.67940000000000,32.99180000000000,77.1329,16498.2525,13.8199,2.1405,11.6794,14.1888,20.9435,11.6770,9.2665,3.9945,16498.2525,NA
parkey.exe,25692,0x18D74B42E40,DXGI,1,0,0,Composed: Flip,16513.7641,NA,13.37110000000000,16.67980000000000,19.14300000000000,33.54140000000000,80.4416,16512.0724,20.8347,1.6917,19.1430,21.3124,13.9207,11.7199,2.2008,-2.8599,16512.0724,NA
parkey.exe,25692,0x18D74B42E40,DXGI,1,0,0,Composed: Flip,16535.0123,NA,21.24820000000000,16.67980000000000,11.82920000000000,26.16890000000000,75.8732,16532.9071,13.9344,2.1052,11.8292,14.4148,13.8593,11.6663,2.1930,4.1549,16532.9071,NA
parkey.exe,25692,0x18D74B42E40,DXGI,1,0,0,Composed: Flip,16548.8625,NA,13.85020000000000,16.68820000000000,11.82630000000000,33.18990000000000,78.7112,16546.8415,13.8473,2.0210,11.8263,14.3880,20.8229,11.6785,9.1444,-2.7538,16546.8415,NA
parkey.exe,25692,0x18D74B42E40,DXGI,1,0,0,Composed: Flip,16562.7094,NA,13.84690000000000,16.37670000000000,18.87270000000000,33.48830000000000,81.2410,16560.6888,20.8933,2.0206,18.8727,21.4071,14.1018,11.9723,2.1295,-2.5294,16560.6888,NA
parkey.exe,25692,0x18D74B42E40,DXGI,1,0,0,Composed: Flip,16583.4529,NA,20.74350000000000,16.97680000000000,11.96690000000000,33.27150000000000,77.4743,16581.5821,13.8377,1.8708,11.9669,14.6156,20.5267,11.5763,8.9504,3.9165,16581.5821,NA
parkey.exe,25692,0x18D74B42E40,DXGI,1,0,0,Composed: Flip,16597.2142,NA,13.76130000000000,16.68190000000000,19.04600000000000,33.43830000000000,80.3949,16595.4198,20.8404,1.7944,19.0460,21.3258,13.9069,11.6977,2.2092,-2.8442,16595.4198,NA
parkey.exe,25692,0x18D74B42E40,DXGI,1,0,0,Composed: Flip,16618.2275,NA,21.01330000000000,16.67530000000000,11.95580000000000,26.29330000000000,76.0569,16616.2602,13.9231,1.9673,11.9558,14.3923,13.8683,11.7078,2.1605,4.1651,16616.2602,NA
parkey.exe,25692,0x18D74B42E40,DXGI,1,0,0,Composed: Flip,16632.1082,NA,13.88070000000000,16.68490000000000,11.92510000000000,33.32450000000000,78.8611,16630.1833,13.8500,1.9249,11.9251,14.3616,20.8878,11.6428,9.2450,-2.7618,16630.1833,NA
parkey.exe,25692,0x18D74B42E40,DXGI,1,0,0,Composed: Flip,16645.8409,NA,13.73270000000000,16.33410000000000,19.10380000000000,33.69870000000000,81.4625,16644.0333,20.9114,1.8076,19.1038,21.4250,14.0813,12.0019,2.0794,-2.4841,16644.0333,NA
parkey.exe,25692,0x18D74B42E40,DXGI,1,0,0,Composed: Flip,16666.8803,NA,21.03940000000000,17.02860000000000,11.89270000000000,33.24020000000000,77.4517,16664.9447,13.8283,1.9356,11.8927,14.5949,20.5809,11.5761,9.0048,3.8828,16664.9447,NA
parkey.exe,25692,0x18D74B42E40,DXGI,1,0,0,Composed: Flip,16680.3361,NA,13.45580000000000,16.67880000000000,19.27830000000000,33.69970000000000,80.6747,16678.7730,20.8414,1.5631,19.2783,21.3475,13.9153,11.7393,2.1760,-2.8505,16678.7730,NA
parkey.exe,25692,0x18D74B42E40,DXGI,1,0,0,Composed: Flip,16701.6936,NA,21.35750000000000,16.67130000000000,11.84950000000000,26.15740000000000,75.9885,16699.6144,13.9287,2.0792,11.8495,14.4214,13.8152,11.6868,2.1284,4.1701,16699.6144,NA
parkey.exe,25692,0x18D74B42E40,DXGI,1,0,0,Composed: Flip,16715.5106,NA,13.81700000000000,16.69230000000000,11.87100000000000,33.21050000000000,78.8638,16713.5431,13.8385,1.9675,11.8710,14.3417,20.8363,11.6426,9.1937,-2.7636,16713.5431,NA
parkey.exe,25692,0x18D74B42E40,DXGI,1,0,0,Composed: Flip,16729.4258,NA,13.91520000000000,16.28450000000000,18.84980000000000,33.47810000000000,81.2331,16727.3816,20.8940,2.0442,18.8498,21.3839,14.1384,12.0063,2.1321,-2.4460,16727.3816,NA
parkey.exe,25692,0x18D74B42E40,DXGI,1,0,0,Composed: Flip,16750.2924,NA,20.86660000000000,17.07260000000000,11.83230000000000,33.18150000000000,77.4391,16748.2756,13.8491,2.0168,11.8323,14.6283,20.5700,11.7045,8.8655,3.8214,16748.2756,NA
parkey.exe,25692,0x18D74B42E40,DXGI,1,0,0,Composed: Flip,16764.0201,NA,13.72770000000000,16.67440000000000,18.94970000000000,33.31780000000000,80.3858,16762.1247,20.8451,1.8954,18.9497,21.3492,13.8640,11.6667,2.1973,-2.8253,16762.1247,NA
parkey.exe,25692,0x18D74B42E40,DXGI,1,0,0,Composed: Flip,16785.3435,NA,21.32340000000000,16.68450000000000,11.52900000000000,25.88150000000000,75.7469,16782.9698,13.9027,2.3737,11.5290,14.3852,13.8700,11.7507,2.1193,4.1606,16782.9698,NA
parkey.exe,25692,0x18D74B42E40,DXGI,1,0,0,Composed: Flip,16798.8511,NA,13.50760000000000,16.69090000000000,11.89040000000000,33.24450000000000,78.9302,16796.8725,13.8690,1.9786,11.8904,14.4028,20.8203,11.6354,9.1849,-2.7882,16796.8725,NA
parkey.exe,25692,0x18D74B42E40,DXGI,1,0,0,Composed: Flip,16812.6913,NA,13.84020000000000,9.33200000000000,18.96350000000000,33.67270000000000,74.4220,16810.7415,20.9133,1.9498,18.9635,21.4045,14.2180,12.1424,2.0756,4.5370,16810.7415,NA
parkey.exe,25692,0x18D74B42E40,DXGI,1,0,0,Composed: Flip,16834.1037,NA,21.41240000000000,24.01560000000000,11.38220000000000,32.77250000000000,77.0252,16831.6548,13.8311,2.4489,11.3822,14.7092,20.5122,11.5816,8.9306,-3.1023,16831.6548,NA
parkey.exe,25692,0x18D74B42E40,DXGI,1,0,0,Composed: Flip,16847.9898,NA,13.88610000000000,16.67540000000000,18.38640000000000,32.74310000000000,79.8145,16845.4859,20.8903,2.5039,18.3864,21.3903,13.8567,11.7443,2.1124,-2.8443,16845.4859,NA
parkey.exe,25692,0x18D74B42E40,DXGI,1,0,0,Composed: Flip,16868.8787,NA,20.88890000000000,16.68470000000000,11.35680000000000,25.70930000000000,75.6103,16866.3762,13.8593,2.5025,11.3568,14.3567,13.8551,11.6814,2.1737,4.2056,16866.3762,NA
parkey.exe,25692,0x18D74B42E40,DXGI,1,0,0,Composed: Flip,16883.0731,NA,14.19440000000000,16.70200000000000,11.01560000000000,32.37710000000000,78.1179,16880.2355,13.8532,2.8376,11.0156,14.3525,20.8622,11.6289,9.2333,-2.8427,16880.2355,NA
parkey.exe,25692,0x18D74B42E40,DXGI,1,0,0,Composed: Flip,16895.9990,NA,12.92590000000000,16.15980000000000,18.96910000000000,33.61400000000000,81.3518,16894.0887,20.8794,1.9103,18.9691,21.3615,14.1628,11.9740,2.1888,-2.3066,16894.0887,NA
parkey.exe,25692,0x18D74B42E40,DXGI,1,0,0,Composed: Flip,16917.0701,NA,21.07110000000000,17.18150000000000,11.75940000000000,33.08090000000000,77.4622,16914.9681,13.8614,2.1020,11.7594,14.6449,20.5380,11.5719,8.9661,3.6979,16914.9681,NA
parkey.exe,25692,0x18D74B42E40,DXGI,1,0,0,Composed: Flip,16930.5469,NA,13.47680000000000,16.67880000000000,19.08940000000000,33.53070000000000,80.6642,16928.8295,20.8068,1.7174,19.0894,21.3215,13.9266,11.6769,2.2497,-2.8174,16928.8295,NA
parkey.exe,25692,0x18D74B42E40,DXGI,1,0,0,Composed: Flip,16951.5772,NA,21.03030000000000,16.68270000000000,12.02310000000000,26.44240000000000,76.3166,16949.6363,13.9640,1.9409,12.0231,14.4413,13.9420,11.8268,2.1152,4.1241,16949.6363,NA
parkey.exe,25692,0x18D74B42E40,DXGI,1,0,0,Composed: Flip,16965.5259,NA,13.94870000000000,16.69540000000000,11.90100000000000,33.27900000000000,79.0633,16963.6003,13.8266,1.9256,11.9010,14.4193,20.7853,11.5910,9.1943,-2.7314,16963.6003,NA
parkey.exe,25692,0x18D74B42E40,DXGI,1,0,0,Composed: Flip,16979.7121,NA,14.18620000000000,16.11080000000000,18.61290000000000,32.87300000000000,80.9879,16977.4269,20.8981,2.2852,18.6129,21.4263,13.7319,11.6062,2.1257,-2.2842,16977.4269,NA
parkey.exe,25692,0x18D74B42E40,DXGI,1,0,0,Composed: Flip,17000.3800,NA,20.66790000000000,17.23350000000000,11.82790000000000,33.12420000000000,77.5535,16998.3250,13.8829,2.0550,11.8279,14.2813,20.8979,11.5861,9.3118,3.6646,16998.3250,NA
parkey.exe,25692,0x18D74B42E40,DXGI,1,0,0,Composed: Flip,17014.0798,NA,13.69980000000000,16.67940000000000,18.93620000000000,33.32130000000000,80.5331,17012.2079,20.8081,1.8719,18.9362,21.2963,13.8969,11.7451,2.1518,-2.7965,17012.2079,NA
parkey.exe,25692,0x18D74B42E40,DXGI,1,0,0,Composed: Flip,17035.3813,NA,21.30150000000000,16.67700000000000,11.53890000000000,25.97790000000000,75.9086,17033.0160,13.9042,2.3653,11.5389,14.3851,13.9581,11.7097,2.2484,4.1311,17033.0160,NA
parkey.exe,25692,0x18D74B42E40,DXGI,1,0,0,Composed: Flip,17049.0082,NA,13.62690000000000,16.68560000000000,11.78590000000000,33.13360000000000,78.9673,17046.9202,13.8739,2.0880,11.7859,14.4390,20.7826,11.6369,9.1457,-2.7814,17046.9202,NA
parkey.exe,25692,0x18D74B42E40,DXGI,1,0,0,Composed: Flip,17063.5598,NA,14.55160000000000,16.06740000000000,18.11210000000000,32.73730000000000,80.4831,17060.7941,20.8778,2.7657,18.1121,21.3928,14.1102,11.9962,2.1140,-2.1935,17060.7941,NA
parkey.exe,25692,0x18D74B42E40,DXGI,1,0,0,Composed: Flip,17083.8682,NA,20.30840000000000,17.29100000000000,11.70760000000000,32.96970000000000,77.4657,17081.6719,13.9039,2.1963,11.7076,14.6252,20.5408,11.5681,8.9727,3.5868,17081.6719,NA
parkey.exe,25692,0x18D74B42E40,DXGI,1,0,0,Composed: Flip,17097.2078,NA,13.33960000000000,16.67320000000000,19.13360000000000,33.54190000000000,80.7993,17095.5758,20.7656,1.6320,19.1336,21.2621,13.9118,11.6970,2.2148,-2.7693,17095.5758,NA
parkey.exe,25692,0x18D74B42E40,DXGI,1,0,0,Composed: Flip,17118.4751,NA,21.26730000000000,16.68700000000000,11.79290000000000,26.19390000000000,76.2190,17116.3414,13.9266,2.1337,11.7929,14.4083,13.9193,11.6749,2.2444,4.0786,17116.3414,NA
parkey.exe,25692,0x18D74B42E40,DXGI,1,0,0,Composed: Flip,17132.0767,NA,13.60160000000000,16.68760000000000,12.04750000000000,33.47650000000000,79.3050,17130.2680,13.8562,1.8087,12.0475,14.4010,20.8842,11.6097,9.2745,-2.7610,17130.2680,NA
parkey.exe,25692,0x18D74B42E40,DXGI,1,0,0,Composed: Flip,17145.9234,NA,13.84670000000000,9.12880000000000,19.13030000000000,33.75050000000000,74.5871,17144.1242,20.9295,1.7992,19.1303,21.4290,14.1207,12.0344,2.0863,4.7274,17144.1242,NA
parkey.exe,25692,0x18D74B42E40,DXGI,1,0,0,Composed: Flip,17167.1570,NA,21.23360000000000,24.21910000000000,11.69580000000000,33.10730000000000,77.5726,17165.0537,13.7991,2.1033,11.6958,14.6202,20.5904,11.2246,9.3658,-3.2896,17165.0537,NA
parkey.exe,25692,0x18D74B42E40,DXGI,1,0,0,Composed: Flip,17180.5282,NA,13.37120000000000,16.67960000000000,19.23220000000000,33.87200000000000,80.8810,17178.8528,20.9076,1.6754,19.2322,21.4115,14.1359,12.1088,2.0271,-2.8805,17178.8528,NA
parkey.exe,25692,0x18D74B42E40,DXGI,1,0,0,Composed: Flip,17201.6679,NA,21.13970000000000,16.68400000000000,11.89060000000000,26.33440000000000,76.4253,17199.7604,13.7981,1.9075,11.8906,14.6398,13.6021,11.2601,2.3420,4.2236,17199.7604,NA
parkey.exe,25692,0x18D74B42E40,DXGI,1,0,0,Composed: Flip,17215.3711,NA,13.70320000000000,16.69340000000000,12.15330000000000,33.47930000000000,79.4155,17213.5585,13.9659,1.8126,12.1533,14.5172,20.7747,11.6344,9.1403,-2.8953,17213.5585,NA
parkey.exe,25692,0x18D74B42E40,DXGI,1,0,0,Composed: Flip,17229.3631,NA,13.99200000000000,9.07470000000000,19.01420000000000,33.67590000000000,74.4982,17227.5244,20.8529,1.8387,19.0142,21.3511,14.1635,12.0884,2.0751,4.8912,17227.5244,NA
parkey.exe,25692,0x18D74B42E40,DXGI,1,0,0,Composed: Flip,17250.3251,NA,20.96200000000000,24.27680000000000,11.87190000000000,33.26050000000000,77.8130,17248.3773,13.8197,1.9478,11.8719,14.6617,20.5466,11.6457,8.9009,-3.4239,17248.3773,NA
parkey.exe,25692,0x18D74B42E40,DXGI,1,0,0,Composed: Flip,17263.9332,NA,13.60810000000000,16.67830000000000,19.16310000000000,33.80360000000000,80.8832,17262.1970,20.8993,1.7362,19.1631,21.4107,14.1291,12.0210,2.1081,-2.8586,17262.1970,NA
parkey.exe,25692,0x18D74B42E40,DXGI,1,0,0,Composed: Flip,17285.0224,NA,21.08920000000000,16.67590000000000,11.88130000000000,33.22240000000000,76.4699,17283.0963,13.8074,1.9261,11.8813,14.6405,20.5080,11.3096,9.1984,4.2234,17283.0963,NA
parkey.exe,25692,0x18D74B42E40,DXGI,1,0,0,Composed: Flip,17298.7047,NA,13.68230000000000,16.70570000000000,19.05680000000000,33.46430000000000,79.4933,17296.9037,20.8578,1.8010,19.0568,21.3627,13.9026,11.6587,2.2439,-2.8983,17296.9037,NA
parkey.exe,25692,0x18D74B42E40,DXGI,1,0,0,Composed: Flip,17319.8980,NA,21.19330000000000,9.00410000000000,11.81790000000000,26.70650000000000,67.3041,17317.7615,13.9544,2.1365,11.8179,14.4284,14.4146,12.2368,2.1778,11.8537,17317.7615,NA
parkey.exe,25692,0x18D74B42E40,DXGI,1,0,0,Composed: Flip,17333.5476,NA,13.64960000000000,24.34500000000000,12.03160000000000,33.34010000000000,77.9995,17331.7159,13.8633,1.8317,12.0316,14.8886,20.2832,11.5926,8.6906,-10.3906,17331.7159,NA
parkey.exe,25692,0x18D74B42E40,DXGI,1,0,0,Composed: Flip,17348.1725,NA,14.62490000000000,16.70500000000000,18.26850000000000,32.58650000000000,80.0796,17345.5792,20.8618,2.5933,18.2685,21.3716,13.8082,11.7238,2.0844,-2.8417,17345.5792,NA
parkey.exe,25692,0x18D74B42E40,DXGI,1,0,0,Composed: Flip,17369.3685,NA,21.19600000000000,16.64890000000000,10.92560000000000,32.23070000000000,75.5325,17366.4410,13.8531,2.9275,10.9256,14.3180,20.8402,11.6796,9.1606,4.2129,17366.4410,NA
parkey.exe,25692,0x18D74B42E40,DXGI,1,0,0,Composed: Flip,17383.0336,NA,13.66510000000000,16.68950000000000,18.07890000000000,32.51180000000000,78.5569,17380.2941,20.8184,2.7395,18.0789,21.3397,13.9116,11.7245,2.1871,-2.8364,17380.2941,NA
parkey.exe,25692,0x18D74B42E40,DXGI,1,0,0,Composed: Flip,17403.2942,NA,20.26060000000000,8.96960000000000,11.75970000000000,26.48900000000000,67.2659,17401.1125,13.9414,2.1817,11.7597,14.4329,14.2378,12.0654,2.1724,11.8488,17401.1125,NA
parkey.exe,25692,0x18D74B42E40,DXGI,1,0,0,Composed: Flip,17417.1601,NA,13.86590000000000,24.37970000000000,11.77520000000000,33.19300000000000,77.7797,17415.0539,13.8814,2.1062,11.7752,14.7293,20.5699,11.5983,8.9716,-10.4383,17415.0539,NA
parkey.exe,25692,0x18D74B42E40,DXGI,1,0,0,Composed: Flip,17430.9318,NA,13.77170000000000,16.68330000000000,18.93070000000000,33.51240000000000,80.6913,17428.9353,20.9272,1.9965,18.9307,21.4178,14.0911,12.0841,2.0070,-2.8019,17428.9353,NA
parkey.exe,25692,0x18D74B42E40,DXGI,1,0,0,Composed: Flip,17452.2053,NA,21.27350000000000,16.66830000000000,11.40610000000000,32.72360000000000,76.0861,17449.8625,13.7489,2.3428,11.4061,14.5817,20.4847,11.2967,9.1880,4.2589,17449.8625,NA
parkey.exe,25692,0x18D74B42E40,DXGI,1,0,0,Composed: Flip,17465.5666,NA,13.36130000000000,16.68250000000000,18.89060000000000,33.32940000000000,79.4073,17463.6114,20.8458,1.9552,18.8906,21.3365,13.9481,11.7004,2.2477,-2.9336,17463.6114,NA
parkey.exe,25692,0x18D74B42E40,DXGI,1,0,0,Composed: Flip,17486.4461,NA,20.87950000000000,8.97300000000000,11.97160000000000,26.64790000000000,67.5008,17484.4572,13.9605,1.9889,11.9716,14.4668,14.1700,12.0492,2.1208,11.8728,17484.4572,NA
parkey.exe,25692,0x18D74B42E40,DXGI,1,0,0,Composed: Flip,17500.4973,NA,14.05120000000000,24.39480000000000,11.74420000000000,33.10590000000000,77.8444,17498.4177,13.8238,2.0796,11.7442,14.6763,20.5092,11.5902,8.9190,-10.4343,17498.4177,NA
parkey.exe,25692,0x18D74B42E40,DXGI,1,0,0,Composed: Flip,17514.3156,NA,13.81830000000000,16.66870000000000,18.81720000000000,33.47140000000000,80.6948,17512.2415,20.8913,2.0741,18.8172,21.3799,14.1656,12.0844,2.0812,-2.8449,17512.2415,NA
parkey.exe,25692,0x18D74B42E40,DXGI,1,0,0,Composed: Flip,17535.0005,NA,20.68490000000000,16.68680000000000,11.95110000000000,33.27150000000000,76.6967,17533.1328,13.8188,1.8677,11.9511,14.6542,20.4850,11.2527,9.2323,4.2045,17533.1328,NA
parkey.exe,25692,0x18D74B42E40,DXGI,1,0,0,Composed: Flip,17548.7645,NA,13.76400000000000,16.69410000000000,19.03460000000000,33.47270000000000,79.6268,17546.9516,20.8475,1.8129,19.0346,21.3437,13.9419,11.6871,2.2548,-2.8753,17546.9516,NA
parkey.exe,25692,0x18D74B42E40,DXGI,1,0,0,Composed: Flip,17570.1070,NA,21.34250000000000,8.79610000000000,11.66460000000000,26.34720000000000,67.0804,17567.7991,13.9725,2.3079,11.6646,14.4636,14.1915,12.0295,2.1620,12.0514,17567.7991,NA
parkey.exe,25692,0x18D74B42E40,DXGI,1,0,0,Composed: Flip,17583.7023,NA,13.59530000000000,24.55480000000000,11.90080000000000,33.30280000000000,78.0399,17581.7716,13.8315,1.9307,11.9008,14.6826,20.5509,11.6606,8.8903,-10.5823,17581.7716,NA
parkey.exe,25692,0x18D74B42E40,DXGI,1,0,0,Composed: Flip,17597.7088,NA,14.00650000000000,16.67520000000000,18.78920000000000,33.37100000000000,80.7086,17595.6031,20.8949,2.1057,18.7892,21.4020,14.0747,11.9534,2.1213,-2.8437,17595.6031,NA
parkey.exe,25692,0x18D74B42E40,DXGI,1,0,0,Composed: Flip,17618.3539,NA,20.64510000000000,16.68250000000000,11.96330000000000,33.26370000000000,76.7460,17616.4980,13.8192,1.8559,11.9633,14.5818,20.5378,11.6471,8.8907,4.2124,17616.4980,NA
parkey.exe,25692,0x18D74B42E40,DXGI,1,0,0,Composed: Flip,17632.1633,NA,13.80940000000000,16.68000000000000,18.98430000000000,33.41350000000000,79.6166,17630.3172,20.8304,1.8461,18.9843,21.3341,13.9255,11.6590,2.2665,-2.8608,17630.3172,NA
parkey.exe,25692,0x18D74B42E40,DXGI,1,0,0,Composed: Flip,17653.1410,NA,20.97770000000000,8.83160000000000,11.95360000000000,26.68480000000000,67.4705,17651.1476,13.9470,1.9934,11.9536,14.4292,14.2490,12.0954,2.1536,11.9988,17651.1476,NA
parkey.exe,25692,0x18D74B42E40,DXGI,1,0,0,Composed: Flip,17666.9027,NA,13.76170000000000,24.53450000000000,12.05980000000000,33.46340000000000,78.2433,17665.0946,13.8679,1.8081,12.0598,14.7312,20.5403,11.7149,8.8254,-10.5875,17665.0946,NA
parkey.exe,25692,0x18D74B42E40,DXGI,1,0,0,Composed: Flip,17680.7808,NA,13.87810000000000,16.67720000000000,19.07810000000000,33.72890000000000,81.0424,17678.9625,20.8964,1.8183,19.0781,21.4036,14.1436,12.1278,2.0158,-2.8093,17678.9625,NA
parkey.exe,25692,0x18D74B42E40,DXGI,1,0,0,Composed: Flip,17702.0842,NA,21.30340000000000,16.67170000000000,11.58350000000000,32.88500000000001,76.4107,17699.8589,13.8088,2.2253,11.5835,14.6508,20.4595,11.2445,9.2150,4.2247,17699.8589,NA
parkey.exe,25692,0x18D74B42E40,DXGI,1,0,0,Composed: Flip,17715.9047,NA,13.82050000000000,16.69180000000000,18.59700000000000,32.99430000000000,79.2820,17713.6677,20.8340,2.2370,18.5970,21.3267,13.9046,11.6777,2.2269,-2.8830,17713.6677,NA
parkey.exe,25692,0x18D74B42E40,DXGI,1,0,0,Composed: Flip,17736.7926,NA,20.88790000000000,8.71040000000000,11.65210000000000,26.36900000000000,67.1045,17734.5017,13.9430,2.2909,11.6521,14.4275,14.2324,12.0893,2.1431,12.1236,17734.5017,NA
parkey.exe,25692,0x18D74B42E40,DXGI,1,0,0,Composed: Flip,17750.5862,NA,13.79360000000000,24.64670000000000,11.72450000000000,33.08470000000001,77.9576,17748.4447,13.8660,2.1415,11.7245,14.7169,20.5093,11.6058,8.9035,-10.7037,17748.4447,NA
parkey.exe,25692,0x18D74B42E40,DXGI,1,0,0,Composed: Flip,17764.2859,NA,13.69970000000000,16.67400000000000,18.88870000000000,33.47630000000000,80.9319,17762.3107,20.8639,1.9752,18.8887,21.3602,14.0913,11.9963,2.0950,-2.8080,17762.3107,NA
parkey.exe,25692,0x18D74B42E40,DXGI,1,0,0,Composed: Flip,17785.0907,NA,20.80480000000000,16.67880000000000,11.90310000000000,33.26790000000000,76.8059,17783.1746,13.8192,1.9161,11.9031,14.5876,20.5964,11.6837,8.9127,4.1851,17783.1746,NA
parkey.exe,25692,0x18D74B42E40,DXGI,1,0,0,Composed: Flip,17798.6286,NA,13.53790000000000,16.68450000000000,19.21230000000000,33.59960000000000,79.9525,17796.9938,20.8471,1.6348,19.2123,21.3648,13.8696,11.7134,2.1562,-2.8653,17796.9938,NA
parkey.exe,25692,0x18D74B42E40,DXGI,1,0,0,Composed: Flip,17819.9258,NA,21.29720000000000,8.69960000000000,11.84740000000000,26.56380000000000,67.3549,17817.8409,13.9323,2.0849,11.8474,14.4318,14.2169,12.0622,2.1547,12.1475,17817.8409,NA
parkey.exe,25692,0x18D74B42E40,DXGI,1,0,0,Composed: Flip,17833.5834,NA,13.65760000000000,24.67410000000000,12.10160000000000,33.63280000000000,78.3714,17831.7732,13.9118,1.8102,12.1016,14.7164,20.7266,11.8219,8.9047,-10.7418,17831.7732,NA
parkey.exe,25692,0x18D74B42E40,DXGI,1,0,0,Composed: Flip,17847.4069,NA,13.82350000000000,16.66560000000000,19.13260000000000,33.67990000000000,81.2135,17845.6850,20.8545,1.7219,19.1326,21.5312,13.8706,11.9746,1.8960,-2.7538,17845.6850,NA
parkey.exe,25692,0x18D74B42E40,DXGI,1,0,0,Composed: Flip,17868.9594,NA,21.55250000000000,16.68190000000000,11.38970000000000,32.72440000000000,76.3429,17866.5395,13.8096,2.4199,11.3897,14.5473,20.5970,11.3042,9.2928,4.1726,17866.5395,NA
parkey.exe,25692,0x18D74B42E40,DXGI,1,0,0,Composed: Flip,17882.1860,NA,13.22660000000000,16.69010000000000,19.00870000000000,33.41880000000000,79.8064,17880.3491,20.8456,1.8369,19.0087,21.3564,13.8993,11.7404,2.1589,-2.8805,17880.3491,NA
parkey.exe,25692,0x18D74B42E40,DXGI,1,0,0,Composed: Flip,17903.1531,NA,20.96710000000000,8.59620000000000,11.98350000000000,26.69150000000000,67.4355,17901.1947,13.9419,1.9584,11.9835,14.4332,14.2167,12.0548,2.1619,12.2494,17901.1947,NA
parkey.exe,25692,0x18D74B42E40,DXGI,1,0,0,Composed: Flip,17917.0058,NA,13.85270000000000,24.75470000000000,12.00140000000000,33.31880000000000,78.3375,17915.1366,13.8706,1.8692,12.0014,14.7080,20.4800,11.5845,8.8955,-10.8128,17915.1366,NA
parkey.exe,25692,0x18D74B42E40,DXGI,1,0,0,Composed: Flip,17930.8225,NA,13.81670000000000,16.67300000000000,19.05980000000000,33.62880000000000,81.1938,17929.0072,20.8751,1.8153,19.0598,21.3567,14.0874,11.9064,2.1810,-2.8024,17929.0072,NA
parkey.exe,25692,0x18D74B42E40,DXGI,1,0,0,Composed: Flip,17951.7359,NA,20.91340000000000,16.68820000000000,11.95930000000000,33.31570000000000,76.9686,17949.8823,13.8129,1.8536,11.9593,14.5690,20.6003,11.6560,8.9443,4.1869,17949.8823,NA
parkey.exe,25692,0x18D74B42E40,DXGI,1,0,0,Composed: Flip,17965.5042,NA,13.76830000000000,16.69030000000000,19.04220000000000,33.50310000000000,79.8906,17963.6952,20.8512,1.8090,19.0422,21.3564,13.9557,11.6948,2.2609,-2.8774,17963.6952,NA
parkey.exe,25692,0x18D74B42E40,DXGI,1,0,0,Composed: Flip,17986.3607,NA,20.85650000000000,8.58810000000000,12.13670000000000,26.45860000000000,67.6222,17984.5464,13.9510,1.8143,12.1367,14.4609,13.8120,11.6646,2.1474,12.2631,17984.5464,NA
parkey.exe,25692,0x18D74B42E40,DXGI,1,0,0,Composed: Flip,18000.4107,NA,14.05000000000000,24.76420000000000,11.91030000000000,33.30220000000000,78.3364,17998.4974,13.8236,1.9133,11.9103,14.3219,20.8936,11.6796,9.2140,-10.8132,17998.4974,NA
parkey.exe,25692,0x18D74B42E40,DXGI,1,0,0,Composed: Flip,18014.2160,NA,13.80530000000000,16.67270000000000,19.00660000000000,33.65870000000000,81.2038,18012.3210,20.9016,1.8950,19.0066,21.3919,14.1618,12.0839,2.0779,-2.8491,18012.3210,NA
parkey.exe,25692,0x18D74B42E40,DXGI,1,0,0,Composed: Flip,18035.1683,NA,20.95230000000000,16.68430000000000,11.86800000000000,33.26760000000000,76.9358,18033.2226,13.8137,1.9457,11.8680,14.6521,20.5612,11.3092,9.2520,4.2173,18033.2226,NA
parkey.exe,25692,0x18D74B42E40,DXGI,1,0,0,Composed: Flip,18048.7210,NA,13.55270000000000,16.68150000000000,19.21120000000000,33.59690000000001,80.0646,18047.0363,20.8959,1.6847,19.2112,21.3996,13.8820,11.6987,2.1833,-2.8678,18047.0363,NA
parkey.exe,25692,0x18D74B42E40,DXGI,1,0,0,Composed: Flip,18069.7403,NA,21.01930000000000,8.48830000000000,12.09320000000000,26.81060000000000,67.5336,18067.9322,13.9013,1.8081,12.0932,14.3857,14.2330,12.0750,2.1580,12.4076,18067.9322,NA
parkey.exe,25692,0x18D74B42E40,DXGI,1,0,0,Composed: Flip,18083.9050,NA,14.16470000000000,24.87010000000000,11.82160000000000,33.18880000000000,78.2390,18081.8335,13.8931,2.0715,11.8216,14.7174,20.5429,11.5893,8.9536,-10.9688,18081.8335,NA
parkey.exe,25692,0x18D74B42E40,DXGI,1,0,0,Composed: Flip,18097.4786,NA,13.57360000000000,16.67950000000000,19.10740000000000,33.92640000000000,81.3449,18095.7266,20.8594,1.7520,19.1074,21.3672,14.3112,12.1714,2.1398,-2.7864,18095.7266,NA
parkey.exe,25692,0x18D74B42E40,DXGI,1,0,0,Composed: Flip,18118.4984,NA,21.01980000000000,16.67310000000000,11.90060000000000,33.20090000000000,76.9982,18116.5860,13.8130,1.9124,11.9006,14.8190,20.2943,11.6393,8.6550,4.1863,18116.5860,NA
parkey.exe,25692,0x18D74B42E40,DXGI,1,0,0,Composed: Flip,18132.3289,NA,13.83050000000000,16.68770000000000,18.90890000000000,33.34730000000000,79.8554,18130.3990,20.8388,1.9299,18.9089,21.3197,13.9575,11.6994,2.2581,-2.8747,18130.3990,NA
parkey.exe,25692,0x18D74B42E40,DXGI,1,0,0,Composed: Flip,18153.1935,NA,20.86460000000000,8.48700000000000,11.99520000000000,26.69850000000000,67.4778,18151.2378,13.9509,1.9557,11.9952,14.4384,14.2158,12.0878,2.1280,12.3518,18151.2378,NA
parkey.exe,25692,0x18D74B42E40,DXGI,1,0,0,Composed: Flip,18166.9293,NA,13.73580000000000,24.87880000000000,12.14830000000000,33.50490000000000,78.6208,18165.1887,13.8889,1.7406,12.1483,14.7033,20.5422,11.6296,8.9126,-10.9279,18165.1887,NA
parkey.exe,25692,0x18D74B42E40,DXGI,1,0,0,Composed: Flip,18180.7677,NA,13.83840000000000,16.67730000000000,19.15730000000000,33.71010000000000,81.4597,18179.0776,20.8474,1.6901,19.1573,21.3566,14.0436,11.9498,2.0938,-2.7884,18179.0776,NA
parkey.exe,25692,0x18D74B42E40,DXGI,1,0,0,Composed: Flip,18201.8959,NA,21.12820000000000,16.67740000000000,11.84510000000000,33.17210000000000,77.0089,18199.9250,13.8160,1.9709,11.8451,14.5528,20.5902,11.2518,9.3384,4.1700,18199.9250,NA
parkey.exe,25692,0x18D74B42E40,DXGI,1,0,0,Composed: Flip,18215.4298,NA,13.53390000000000,16.68180000000000,19.15550000000000,33.57690000000000,80.1568,18213.7410,20.8443,1.6888,19.1555,21.3270,13.9387,11.7629,2.1758,-2.8658,18213.7410,NA
parkey.exe,25692,0x18D74B42E40,DXGI,1,0,0,Composed: Flip,18236.5631,NA,21.13330000000000,8.39580000000000,11.95820000000000,26.72080000000000,67.4193,18234.5853,13.9360,1.9778,11.9582,14.4214,14.2772,12.0570,2.2202,12.4485,18234.5853,NA
parkey.exe,25692,0x18D74B42E40,DXGI,1,0,0,Composed: Flip,18250.4249,NA,13.86180000000000,24.96790000000000,11.99310000000000,33.32730000000000,78.5254,18248.5213,13.8967,1.9036,11.9931,14.7626,20.4683,11.6012,8.8671,-11.0319,18248.5213,NA
parkey.exe,25692,0x18D74B42E40,DXGI,1,0,0,Composed: Flip,18264.3445,NA,13.91960000000000,16.69020000000000,18.92770000000000,33.56990000000000,81.2960,18262.4180,20.8542,1.9265,18.9277,21.3342,14.1622,11.9990,2.1632,-2.7935,18262.4180,NA
parkey.exe,25692,0x18D74B42E40,DXGI,1,0,0,Composed: Flip,18285.2826,NA,20.93810000000000,16.66780000000000,11.80900000000000,33.17220000000000,77.0257,18283.2722,13.8194,2.0104,11.8090,14.6422,20.5404,11.6748,8.8656,4.1864,18283.2722,NA
parkey.exe,25692,0x18D74B42E40,DXGI,1,0,0,Composed: Flip,18298.8848,NA,13.60220000000000,16.69090000000000,19.04990000000000,33.43360000000000,80.1144,18297.0916,20.8431,1.7932,19.0499,21.3632,13.8636,11.6699,2.1937,-2.8715,18297.0916,NA
parkey.exe,25692,0x18D74B42E40,DXGI,1,0,0,Composed: Flip,18319.7666,NA,20.88180000000000,8.39520000000000,12.08520000000000,26.84180000000000,67.6278,18317.9347,13.9171,1.8319,12.0852,14.4006,14.2731,12.0985,2.1746,12.4479,18317.9347,NA
parkey.exe,25692,0x18D74B42E40,DXGI,1,0,0,Composed: Flip,18333.4787,NA,13.71210000000000,24.95710000000000,12.27130000000000,33.62280000000001,78.8728,18331.8518,13.8982,1.6269,12.2713,14.7566,20.4931,11.8325,8.6606,-11.0400,18331.8518,NA
parkey.exe,25692,0x18D74B42E40,DXGI,1,0,0,Composed: Flip,18347.7476,NA,14.26890000000000,16.65240000000000,18.87250000000000,33.57580000000000,81.2563,18345.7500,20.8701,1.9976,18.8725,21.3515,14.2219,12.1322,2.0897,-2.7542,18345.7500,NA
parkey.exe,25692,0x18D74B42E40,DXGI,1,0,0,Composed: Flip,18368.9288,NA,21.18120000000000,16.70490000000000,11.51680000000000,32.87680000000000,76.7800,18366.6201,13.8255,2.3087,11.5168,14.7033,20.4822,11.3428,9.1394,4.1652,18366.6201,NA
parkey.exe,25692,0x18D74B42E40,DXGI,1,0,0,Composed: Flip,18382.6571,NA,13.72830000000000,16.67280000000000,18.65550000000000,33.06630000000000,79.7245,18380.4456,20.8670,2.2115,18.6555,21.3887,13.8891,11.7716,2.1175,-2.8473,18380.4456,NA
parkey.exe,25692,0x18D74B42E40,DXGI,1,0,0,Composed: Flip,18403.4693,NA,20.81220000000000,8.35150000000000,11.77540000000000,26.18970000000000,67.2638,18401.3126,13.9321,2.1567,11.7754,14.4108,13.9356,11.7082,2.2274,12.5155,18401.3126,NA
parkey.exe,25692,0x18D74B42E40,DXGI,1,0,0,Composed: Flip,18417.4191,NA,13.94980000000000,25.02190000000000,11.69010000000000,33.03020000000000,78.3359,18415.2447,13.8645,2.1744,11.6901,14.4143,20.7903,11.6235,9.1668,-11.0898,18415.2447,NA
parkey.exe,25692,0x18D74B42E40,DXGI,1,0,0,Composed: Flip,18430.9598,NA,13.54070000000000,16.58270000000000,19.00250000000000,33.65310000000000,81.3779,18429.1092,20.8531,1.8506,19.0025,21.3401,14.1636,12.0473,2.1163,-2.7182,18429.1092,NA
parkey.exe,25692,0x18D74B42E40,DXGI,1,0,0,Composed: Flip,18451.9413,NA,20.98150000000000,16.77150000000000,11.84350000000000,33.18830000000000,77.1679,18449.9623,13.8225,1.9790,11.8435,14.6506,20.5167,11.2978,9.2189,4.0816,18449.9623,NA
parkey.exe,25692,0x18D74B42E40,DXGI,1,0,0,Composed: Flip,18465.5765,NA,13.63520000000000,16.68070000000000,19.05900000000000,33.47630000000000,80.2134,18463.7848,20.8507,1.7917,19.0590,21.3448,13.9232,11.6641,2.2591,-2.8582,18463.7848,NA
parkey.exe,25692,0x18D74B42E40,DXGI,1,0,0,Composed: Flip,18486.9384,NA,21.36190000000000,8.22500000000000,11.62450000000000,25.99040000000000,67.0765,18484.6355,13.9274,2.3029,11.6245,14.4173,13.8760,11.7197,2.1563,12.6257,18484.6355,NA
parkey.exe,25692,0x18D74B42E40,DXGI,1,0,0,Composed: Flip,18500.5115,NA,13.57310000000000,25.14590000000000,11.92570000000000,33.28590000000000,78.6493,18498.5629,13.8743,1.9486,11.9257,14.4098,20.8247,11.6399,9.1848,-11.2185,18498.5629,NA
parkey.exe,25692,0x18D74B42E40,DXGI,1,0,0,Composed: Flip,18514.1838,NA,13.67230000000000,16.52460000000000,19.12970000000000,33.79940000000000,81.5016,18512.4372,20.8763,1.7466,19.1297,21.3602,14.1858,12.0677,2.1181,-2.6503,18512.4372,NA
parkey.exe,25692,0x18D74B42E40,DXGI,1,0,0,Composed: Flip,18535.1011,NA,20.91730000000000,16.81990000000000,12.03400000000000,33.38010000000000,77.4042,18533.3135,13.8216,1.7876,12.0340,14.6697,20.4980,11.6654,8.8326,4.0564,18533.3135,NA
parkey.exe,25692,0x18D74B42E40,DXGI,1,0,0,Composed: Flip,18549.1327,NA,14.03160000000000,16.68660000000000,18.85390000000000,33.24440000000000,80.0592,18547.1351,20.8515,1.9976,18.8539,21.3461,13.8959,11.7394,2.1565,-2.8650,18547.1351,NA
parkey.exe,25692,0x18D74B42E40,DXGI,1,0,0,Composed: Flip,18570.0718,NA,20.93910000000000,8.16580000000000,11.84450000000000,26.19510000000000,67.2859,18567.9866,13.9297,2.0852,11.8445,14.4077,13.8726,11.7075,2.1651,12.6857,18567.9866,NA
parkey.exe,25692,0x18D74B42E40,DXGI,1,0,0,Composed: Flip,18583.8403,NA,13.76850000000000,25.19810000000000,11.91940000000000,33.33190000000000,78.7155,18581.9163,13.8434,1.9240,11.9194,14.3956,20.8603,11.6950,9.1653,-11.2684,18581.9163,NA
parkey.exe,25692,0x18D74B42E40,DXGI,1,0,0,Composed: Flip,18597.8062,NA,13.96590000000000,16.47800000000000,18.85270000000000,33.51410000000000,81.2276,18595.7597,20.8992,2.0465,18.8527,21.4362,14.1244,12.0394,2.0850,-2.6346,18595.7597,NA
parkey.exe,25692,0x18D74B42E40,DXGI,1,0,0,Composed: Flip,18618.6365,NA,20.83030000000000,16.87670000000000,11.83500000000000,33.14630000000000,77.2740,18616.6589,13.8126,1.9776,11.8350,14.6614,20.4625,11.6140,8.8485,4.0225,18616.6589,NA
parkey.exe,25692,0x18D74B42E40,DXGI,1,0,0,Composed: Flip,18632.2445,NA,13.60800000000000,16.68170000000000,19.08250000000000,33.48920000000000,80.3477,18630.4715,20.8555,1.7730,19.0825,21.3332,13.9290,11.6837,2.2453,-2.8691,18630.4715,NA
parkey.exe,25692,0x18D74B42E40,DXGI,1,0,0,Composed: Flip,18653.3053,NA,21.06080000000000,8.13200000000000,11.97310000000000,26.35350000000000,67.4189,18651.3270,13.9514,1.9783,11.9731,14.4240,13.9078,11.7410,2.1668,12.7235,18651.3270,NA
parkey.exe,25692,0x18D74B42E40,DXGI,1,0,0,Composed: Flip,18666.9936,NA,13.68830000000000,25.23000000000000,12.11680000000000,33.53950000000000,78.9606,18665.2784,13.8320,1.7152,12.1168,14.3804,20.8743,11.6711,9.2032,-11.2786,18665.2784,NA
parkey.exe,25692,0x18D74B42E40,DXGI,1,0,0,Composed: Flip,18680.9080,NA,13.91440000000000,16.42750000000000,19.11260000000000,33.74010000000000,81.4737,18679.1104,20.9102,1.7976,19.1126,21.4227,14.1150,12.0400,2.0750,-2.5955,18679.1104,NA
parkey.exe,25692,0x18D74B42E40,DXGI,1,0,0,Composed: Flip,18702.0072,NA,21.09920000000000,16.92890000000000,11.81530000000000,33.16260000000000,77.3034,18700.0206,13.8019,1.9866,11.8153,14.6275,20.5217,11.5883,8.9334,3.9813,18700.0206,NA
parkey.exe,25692,0x18D74B42E40,DXGI,1,0,0,Composed: Flip,18715.5650,NA,13.55780000000000,16.67710000000000,19.16290000000000,33.48700000000000,80.4227,18713.8225,20.9054,1.7425,19.1629,21.3880,13.8415,11.6852,2.1563,-2.8752,18713.8225,NA
parkey.exe,25692,0x18D74B42E40,DXGI,1,0,0,Composed: Flip,18736.5037,NA,20.93870000000000,16.69000000000000,12.09790000000000,26.42980000000000,76.1740,18734.7279,13.8737,1.7758,12.0979,14.3614,13.8442,11.6902,2.1540,4.2154,18734.7279,NA
parkey.exe,25692,0x18D74B42E40,DXGI,1,0,0,Composed: Flip,18750.5254,NA,14.02170000000000,16.67730000000000,11.93520000000000,33.34150000000000,78.8296,18748.6016,13.8590,1.9238,11.9352,14.3727,20.8926,11.6535,9.2391,-2.8036,18748.6016,NA
parkey.exe,25692,0x18D74B42E40,DXGI,1,0,0,Composed: Flip,18764.3558,NA,13.83040000000000,9.50160000000000,19.00520000000000,33.78950000000000,74.5008,18762.4606,20.9004,1.8952,19.0052,21.4063,14.2784,12.1444,2.1340,4.3574,18762.4606,NA
parkey.exe,25692,0x18D74B42E40,DXGI,1,0,0,Composed: Flip,18785.4936,NA,21.13780000000000,23.84680000000000,11.71360000000000,33.07080000000000,77.2098,18783.3610,13.8462,2.1326,11.7136,14.7843,20.4191,11.6778,8.7413,-2.9464,18783.3610,NA
parkey.exe,25692,0x18D74B42E40,DXGI,1,0,0,Composed: Flip,18799.0138,NA,13.52020000000000,16.69160000000000,19.07850000000000,33.75080000000000,80.3812,18797.2072,20.8851,1.8066,19.0785,21.4023,14.1551,12.0792,2.0759,-2.8454,18797.2072,NA
parkey.exe,25692,0x18D74B42E40,DXGI,1,0,0,Composed: Flip,18820.1998,NA,21.18600000000000,8.06290000000000,11.72010000000000,26.14560000000000,67.2581,18818.0923,13.8276,2.1075,11.7201,14.6723,13.5808,11.2962,2.2846,12.8222,18818.0923,NA
parkey.exe,25692,0x18D74B42E40,DXGI,1,0,0,Composed: Flip,18833.8119,NA,13.61210000000000,25.29950000000000,12.00380000000000,33.39890000000000,78.9455,18831.9199,13.8958,1.8920,12.0038,14.4255,20.8654,11.6533,9.2121,-11.4719,18831.9199,NA
parkey.exe,25692,0x18D74B42E40,DXGI,1,0,0,Composed: Flip,18847.6991,NA,13.88720000000000,16.32050000000000,19.00880000000000,33.53600000000000,81.3788,18845.8157,20.8922,1.8834,19.0088,21.3951,14.0243,12.0258,1.9985,-2.4247,18845.8157,NA
parkey.exe,25692,0x18D74B42E40,DXGI,1,0,0,Composed: Flip,18868.6241,NA,20.92500000000000,17.03230000000000,11.89190000000000,33.23910000000000,77.4861,18866.7079,13.8081,1.9162,11.8919,14.5272,20.6281,11.2718,9.3563,3.8599,18866.7079,NA
parkey.exe,25692,0x18D74B42E40,DXGI,1,0,0,Composed: Flip,18882.1122,NA,13.48810000000000,16.68320000000000,19.27040000000000,33.69730000000000,80.6812,18880.5160,20.8666,1.5962,19.2704,21.3716,13.9219,11.6974,2.2245,-2.8751,18880.5160,NA
parkey.exe,25692,0x18D74B42E40,DXGI,1,0,0,Composed: Flip,18903.5986,NA,21.48640000000000,7.96220000000000,11.71560000000000,26.05130000000000,67.1570,18901.3826,13.9316,2.2160,11.7156,14.4269,13.8404,11.7020,2.1384,12.9044,18901.3826,NA
parkey.exe,25692,0x18D74B42E40,DXGI,1,0,0,Composed: Flip,18917.2683,NA,13.66970000000000,25.40460000000000,11.89170000000000,33.24520000000000,78.8919,18915.3142,13.8458,1.9541,11.8917,14.3863,20.8130,11.6702,9.1428,-11.4730,18915.3142,NA
parkey.exe,25692,0x18D74B42E40,DXGI,1,0,0,Composed: Flip,18931.0715,NA,13.80320000000000,16.26370000000000,18.94930000000000,33.56730000000000,81.3524,18929.1600,20.8608,1.9115,18.9493,21.3535,14.1253,11.9535,2.1718,-2.4179,18929.1600,NA
parkey.exe,25692,0x18D74B42E40,DXGI,1,0,0,Composed: Flip,18951.8533,NA,20.78180000000000,33.77640000000000,12.03920000000000,33.35700000000000,94.3470,18950.0208,13.8717,1.8325,12.0392,14.6180,20.5715,11.6418,8.9297,-12.9156,18950.0208,NA
parkey.exe,25692,0x18D74B42E40,DXGI,1,0,0,Composed: Flip,18965.5260,NA,13.67270000000000,0.98240000000000,19.19760000000000,33.58170000000000,81.6567,18963.8925,20.8311,1.6335,19.1976,21.3178,13.8974,11.7000,2.1974,12.8893,18963.8925,NA
parkey.exe,25692,0x18D74B42E40,DXGI,1,0,0,Composed: Flip,18986.6753,NA,21.14930000000000,15.68790000000000,11.97130000000000,26.30110000000000,76.1953,18984.7236,13.9230,1.9517,11.9713,14.4217,13.8311,11.6802,2.1509,5.1432,18984.7236,NA
parkey.exe,25692,0x18D74B42E40,DXGI,1,0,0,Composed: Flip,19000.5133,NA,13.83800000000000,16.69110000000000,11.98440000000000,33.39000000000000,79.0484,18998.6466,13.8511,1.8667,11.9844,14.3775,20.8792,11.6030,9.2762,-2.7681,18998.6466,NA
parkey.exe,25692,0x18D74B42E40,DXGI,1,0,0,Composed: Flip,19014.1095,NA,13.59620000000000,16.21650000000000,19.30460000000000,33.52770000000000,81.6687,19012.4977,20.9164,1.6118,19.3046,21.4056,13.7339,10.2954,3.4385,-2.3654,19012.4977,NA
parkey.exe,25692,0x18D74B42E40,DXGI,1,0,0,Composed: Flip,19035.6034,NA,21.49390000000000,17.14010000000000,11.67020000000000,32.98790000000000,77.3149,19033.4141,13.8595,2.1893,11.6702,14.2396,20.9376,11.7758,9.1618,3.7763,19033.4141,NA
parkey.exe,25692,0x18D74B42E40,DXGI,1,0,0,Composed: Flip,19049.0862,NA,13.48280000000000,16.67550000000000,18.99960000000000,33.41430000000000,80.5076,19047.2736,20.8122,1.8126,18.9996,21.3177,13.9092,11.6567,2.2525,-2.8160,19047.2736,NA
parkey.exe,25692,0x18D74B42E40,DXGI,1,0,0,Composed: Flip,19070.1197,NA,21.03350000000000,16.67670000000000,11.94530000000000,26.26300000000000,76.1508,19068.0858,13.9792,2.0339,11.9453,14.4550,13.8419,11.7637,2.0782,4.1355,19068.0858,NA
parkey.exe,25692,0x18D74B42E40,DXGI,1,0,0,Composed: Flip,19084.5728,NA,14.45310000000000,16.68590000000000,11.31670000000000,32.72970000000000,78.3836,19082.0650,13.8245,2.5078,11.3167,14.3665,20.8710,11.7436,9.1274,-2.7067,19082.0650,NA
parkey.exe,25692,0x18D74B42E40,DXGI,1,0,0,Composed: Flip,19098.4210,NA,13.84820000000000,16.16740000000000,18.35050000000000,32.56210000000000,80.7028,19095.8895,20.8820,2.5315,18.3505,21.4130,13.6806,11.5868,2.0938,-2.3429,19095.8895,NA
parkey.exe,25692,0x18D74B42E40,DXGI,1,0,0,Composed: Flip,19119.1730,NA,20.75200000000000,17.19420000000000,11.41510000000000,32.72090000000000,77.1450,19116.7715,13.8166,2.4015,11.4151,14.2116,20.9108,11.7140,9.1968,3.6878,19116.7715,NA
parkey.exe,25692,0x18D74B42E40,DXGI,1,0,0,Composed: Flip,19132.3105,NA,13.13750000000000,16.67470000000000,19.10730000000000,33.52010000000000,80.6822,19130.5881,20.8297,1.7224,19.1073,21.3330,13.9095,11.7849,2.1246,-2.8581,19130.5881,NA
parkey.exe,25692,0x18D74B42E40,DXGI,1,0,0,Composed: Flip,19153.3487,NA,21.03820000000000,16.68360000000000,11.99100000000000,26.39770000000000,76.3276,19151.4178,13.9219,1.9309,11.9910,14.4128,13.9158,11.6844,2.2314,4.1461,19151.4178,NA
parkey.exe,25692,0x18D74B42E40,DXGI,1,0,0,Composed: Flip,19167.1982,NA,13.84950000000000,16.70590000000000,12.01080000000000,33.39290000000000,79.1840,19165.3397,13.8693,1.8585,12.0108,14.4067,20.8447,11.6868,9.1579,-2.7840,19165.3397,NA
parkey.exe,25692,0x18D74B42E40,DXGI,1,0,0,Composed: Flip,19181.2517,NA,14.05350000000000,16.10080000000000,18.85410000000000,33.07690000000000,81.2313,19179.2090,20.8968,2.0427,18.8541,21.4113,13.7083,11.6090,2.0993,-2.2315,19179.2090,NA
parkey.exe,25692,0x18D74B42E40,DXGI,1,0,0,Composed: Flip,19202.0682,NA,20.81650000000000,17.23880000000000,11.86510000000000,33.19240000000000,77.6536,19200.1058,13.8275,1.9624,11.8651,14.2228,20.9320,11.7126,9.2194,3.6580,19200.1058,NA
parkey.exe,25692,0x18D74B42E40,DXGI,1,0,0,Composed: Flip,19215.7707,NA,13.70250000000000,16.67280000000000,19.00180000000000,33.38380000000000,80.6239,19213.9333,20.8392,1.8374,19.0018,21.3273,13.8939,11.7046,2.1893,-2.8453,19213.9333,NA
parkey.exe,25692,0x18D74B42E40,DXGI,1,0,0,Composed: Flip,19236.8118,NA,21.04110000000000,16.67920000000000,11.88500000000000,26.28930000000000,76.2620,19234.7725,13.9243,2.0393,11.8850,14.4012,13.9274,11.7887,2.1387,4.1600,19234.7725,NA
parkey.exe,25692,0x18D74B42E40,DXGI,1,0,0,Composed: Flip,19250.4671,NA,13.65530000000000,16.69340000000000,12.11750000000000,33.43500000000000,79.3001,19248.6968,13.8878,1.7703,12.1175,14.4043,20.8010,11.6330,9.1680,-2.7691,19248.6968,NA
parkey.exe,25692,0x18D74B42E40,DXGI,1,0,0,Composed: Flip,19264.5472,NA,14.08010000000000,16.04740000000000,18.88860000000000,33.18280000000000,81.2674,19262.5846,20.8512,1.9626,18.8886,21.3358,13.8096,11.6415,2.1681,-2.1596,19262.5846,NA
parkey.exe,25692,0x18D74B42E40,DXGI,1,0,0,Composed: Flip,19285.2434,NA,20.69620000000000,17.29920000000000,12.05350000000000,33.34290000000000,77.8704,19283.4358,13.8611,1.8076,12.0535,14.3116,20.8389,11.5737,9.2652,3.5520,19283.4358,NA
parkey.exe,25692,0x18D74B42E40,DXGI,1,0,0,Composed: Flip,19299.0094,NA,13.76600000000000,16.68760000000000,19.10380000000000,33.50650000000000,80.7920,19297.2969,20.8163,1.7125,19.1038,21.3322,13.8868,11.7381,2.1487,-2.8265,19297.2969,NA
parkey.exe,25692,0x18D74B42E40,DXGI,1,0,0,Composed: Flip,19320.0640,NA,21.05460000000000,16.67780000000000,11.97260000000000,26.36750000000000,76.4152,19318.1132,13.9234,1.9508,11.9726,14.4027,13.9156,11.7176,2.1980,4.1385,19318.1132,NA
parkey.exe,25692,0x18D74B42E40,DXGI,1,0,0,Composed: Flip,19333.9167,NA,13.85270000000000,16.68560000000000,11.97630000000000,33.36070000000000,79.2481,19332.0366,13.8564,1.8801,11.9763,14.3949,20.8459,11.5378,9.3081,-2.7622,19332.0366,NA
parkey.exe,25692,0x18D74B42E40,DXGI,1,0,0,Composed: Flip,19347.6340,NA,13.71730000000000,9.10040000000000,19.15700000000000,33.80200000000000,74.6312,19345.8930,20.8980,1.7410,19.1570,21.3844,14.1586,11.9836,2.1750,4.7560,19345.8930,NA
parkey.exe,25692,0x18D74B42E40,DXGI,1,0,0,Composed: Flip,19368.8266,NA,21.19260000000000,24.25590000000000,11.82660000000000,33.22030000000000,77.6945,19366.7910,13.8622,2.0356,11.8266,14.6450,20.6109,11.6511,8.9598,-3.3579,19366.7910,NA
parkey.exe,25692,0x18D74B42E40,DXGI,1,0,0,Composed: Flip,19382.5377,NA,13.71110000000000,16.68060000000000,19.01520000000000,33.27730000000000,80.6640,19380.6532,20.8997,1.8845,19.0152,21.3937,13.7681,11.6807,2.0874,-2.8184,19380.6532,NA
parkey.exe,25692,0x18D74B42E40,DXGI,1,0,0,Composed: Flip,19404.2422,NA,21.70450000000000,16.67590000000000,11.10150000000000,25.46110000000000,75.6354,19401.5529,13.7908,2.6893,11.1015,14.2621,13.8883,11.6823,2.2060,4.2238,19401.5529,NA
parkey.exe,25692,0x18D74B42E40,DXGI,1,0,0,Composed: Flip,19417.6988,NA,13.45660000000000,16.69940000000000,11.53280000000000,32.94440000000000,78.8782,19415.3437,13.8879,2.3551,11.5328,14.3795,20.9200,11.5878,9.3322,-2.9086,19415.3437,NA
parkey.exe,25692,0x18D74B42E40,DXGI,1,0,0,Composed: Flip,19431.1890,NA,13.49020000000000,9.05850000000000,18.97610000000000,33.91360000000000,74.4465,19429.2316,20.9335,1.9574,18.9761,21.4116,14.4594,12.3409,2.1185,4.8294,19429.2316,NA
parkey.exe,25692,0x18D74B42E40,DXGI,1,0,0,Composed: Flip,19452.1955,NA,21.00650000000000,24.28490000000000,11.82580000000000,33.17310000000001,77.7249,19450.1651,13.8562,2.0304,11.8258,14.9375,20.2660,11.4653,8.8007,-3.3514,19450.1651,NA
parkey.exe,25692,0x18D74B42E40,DXGI,1,0,0,Composed: Flip,19466.0262,NA,13.83070000000000,16.67510000000000,18.85390000000000,33.50520000000000,80.5693,19464.0213,20.8588,2.0049,18.8539,21.3473,14.1628,12.0684,2.0944,-2.8189,19464.0213,NA
parkey.exe,25692,0x18D74B42E40,DXGI,1,0,0,Composed: Flip,19486.8322,NA,20.80600000000000,16.68680000000000,11.85280000000000,33.20300000000000,76.4501,19484.8801,13.8049,1.9521,11.8528,14.6513,20.5038,11.2846,9.2192,4.1720,19484.8801,NA
parkey.exe,25692,0x18D74B42E40,DXGI,1,0,0,Composed: Flip,19500.5827,NA,13.75050000000000,16.69330000000000,18.94980000000000,33.36250000000000,79.3929,19498.6850,20.8475,1.8977,18.9498,21.3502,13.9100,11.7129,2.1971,-2.8884,19498.6850,NA
parkey.exe,25692,0x18D74B42E40,DXGI,1,0,0,Composed: Flip,19521.4004,NA,20.81770000000000,9.00920000000000,12.07080000000000,26.81300000000000,67.5844,19519.5325,13.9387,1.8679,12.0708,14.4127,14.2682,12.0578,2.2104,11.8383,19519.5325,NA
parkey.exe,25692,0x18D74B42E40,DXGI,1,0,0,Composed: Flip,19535.3397,NA,13.93930000000000,24.34440000000000,12.01500000000000,33.32850000000000,77.9895,19533.4712,13.8835,1.8685,12.0150,14.7422,20.4548,11.5924,8.8624,-10.4057,19533.4712,NA
parkey.exe,25692,0x18D74B42E40,DXGI,1,0,0,Composed: Flip,19549.1877,NA,13.84800000000000,16.66560000000000,19.02060000000000,33.68640000000000,80.8071,19547.3547,20.8536,1.8330,19.0206,21.3567,14.1627,12.0703,2.0924,-2.7821,19547.3547,NA
parkey.exe,25692,0x18D74B42E40,DXGI,1,0,0,Composed: Flip,19569.9805,NA,20.79280000000000,16.68800000000000,12.05130000000000,33.40250000000000,76.7023,19568.2083,13.8235,1.7722,12.0513,14.6658,20.5089,11.2961,9.2128,4.1656,19568.2083,NA
parkey.exe,25692,0x18D74B42E40,DXGI,1,0,0,Composed: Flip,19583.7973,NA,13.81680000000000,16.68580000000000,19.08900000000000,33.53470000000000,79.5713,19582.0318,20.8545,1.7655,19.0890,21.3512,13.9490,11.6532,2.2958,-2.8623,19582.0318,NA
parkey.exe,25692,0x18D74B42E40,DXGI,1,0,0,Composed: Flip,19604.9865,NA,21.18920000000000,8.96550000000000,11.84510000000000,26.56500000000000,67.3476,19602.8863,13.9453,2.1002,11.8451,14.4457,14.2195,12.0590,2.1605,11.8890,19602.8863,NA
parkey.exe,25692,0x18D74B42E40,DXGI,1,0,0,Composed: Flip,19618.6505,NA,13.66400000000000,24.39380000000000,12.02970000000000,33.42260000000000,78.0774,19616.8316,13.8486,1.8189,12.0297,14.7199,20.5216,11.2290,9.2926,-10.4485,19616.8316,NA
parkey.exe,25692,0x18D74B42E40,DXGI,1,0,0,Composed: Flip,19632.3340,NA,13.68350000000000,16.67270000000000,19.23200000000000,33.88530000000000,81.0666,19630.6802,20.8858,1.6538,19.2320,21.3929,14.1462,12.1055,2.0407,-2.8241,19630.6802,NA
parkey.exe,25692,0x18D74B42E40,DXGI,1,0,0,Composed: Flip,19653.6183,NA,21.28430000000000,16.68690000000000,11.75790000000000,33.10230000000000,76.4692,19651.5660,13.8102,2.0523,11.7579,14.6533,20.5013,11.3003,9.2010,4.1989,19651.5660,NA
parkey.exe,25692,0x18D74B42E40,DXGI,1,0,0,Composed: Flip,19667.0655,NA,13.44720000000000,16.69250000000000,19.17960000000000,33.55430000000000,79.7145,19665.3762,20.8689,1.6893,19.1796,21.3444,13.8992,11.7111,2.1881,-2.8823,19665.3762,NA
parkey.exe,25692,0x18D74B42E40,DXGI,1,0,0,Composed: Flip,19688.5289,NA,21.46340000000000,8.84450000000000,11.63340000000000,26.40450000000000,67.0956,19686.2451,13.9172,2.2838,11.6334,14.3928,14.2955,12.0407,2.2548,12.0244,19686.2451,NA
parkey.exe,25692,0x18D74B42E40,DXGI,1,0,0,Composed: Flip,19702.1509,NA,13.62200000000000,24.50580000000000,11.91770000000000,33.26200000000000,77.9794,19700.1623,13.9063,1.9886,11.9177,14.7711,20.4795,11.6371,8.8424,-10.5886,19700.1623,NA
parkey.exe,25692,0x18D74B42E40,DXGI,1,0,0,Composed: Flip,19716.2344,NA,14.08350000000000,16.67610000000000,18.69850000000000,33.30820000000000,80.5720,19714.0686,20.8643,2.1658,18.6985,21.3443,14.1297,11.9756,2.1541,-2.7698,19714.0686,NA
parkey.exe,25692,0x18D74B42E40,DXGI,1,0,0,Composed: Flip,19737.1373,NA,20.90290000000000,16.67350000000000,11.61560000000000,32.92060000000000,76.3426,19734.9329,13.8200,2.2044,11.6156,14.6097,20.5153,11.6886,8.8267,4.1908,19734.9329,NA
parkey.exe,25692,0x18D74B42E40,DXGI,1,0,0,Composed: Flip,19750.5537,NA,13.41640000000000,16.68300000000000,19.02420000000000,33.43620000000000,79.6092,19748.7529,20.8250,1.8008,19.0242,21.3050,13.9320,11.6880,2.2440,-2.8630,19748.7529,NA
parkey.exe,25692,0x18D74B42E40,DXGI,1,0,0,Composed: Flip,19771.5208,NA,20.96710000000000,8.84830000000000,11.98880000000000,26.90940000000000,67.4904,19769.5779,13.9317,1.9429,11.9888,14.4120,14.4403,12.3176,2.1227,11.9767,19769.5779,NA
parkey.exe,25692,0x18D74B42E40,DXGI,1,0,0,Composed: Flip,19785.3474,NA,13.82660000000000,24.51470000000000,12.03340000000000,33.39830000000000,78.1785,19783.5096,13.8712,1.8378,12.0334,14.9206,20.3155,11.5526,8.7629,-10.5830,19783.5096,NA
parkey.exe,25692,0x18D74B42E40,DXGI,1,0,0,Composed: Flip,19799.3433,NA,13.99590000000000,16.68120000000000,18.92880000000000,33.58130000000000,80.8638,19797.3808,20.8913,1.9625,18.9288,21.4097,14.1341,12.1109,2.0232,-2.8100,19797.3808,NA
parkey.exe,25692,0x18D74B42E40,DXGI,1,0,0,Composed: Flip,19820.2583,NA,20.91500000000000,16.68570000000000,11.82450000000000,33.14730000000000,76.6345,19818.2721,13.8107,1.9862,11.8245,14.6525,20.4810,11.2270,9.2540,4.2056,19818.2721,NA
parkey.exe,25692,0x18D74B42E40,DXGI,1,0,0,Composed: Flip,19833.8889,NA,13.63060000000000,16.66930000000000,19.03570000000000,33.47020000000000,79.6732,19832.0828,20.8418,1.8061,19.0357,21.3228,13.9535,11.7349,2.2186,-2.8586,19832.0828,NA
parkey.exe,25692,0x18D74B42E40,DXGI,1,0,0,Composed: Flip,19854.9235,NA,21.03460000000000,8.81490000000000,11.94560000000000,26.66100000000000,67.4535,19852.9246,13.9445,1.9989,11.9456,14.4345,14.2254,12.0885,2.1369,12.0269,19852.9246,NA
parkey.exe,25692,0x18D74B42E40,DXGI,1,0,0,Composed: Flip,19868.6881,NA,13.76460000000000,24.55460000000000,12.04670000000000,33.57730000000000,78.2435,19866.8691,13.8657,1.8190,12.0467,14.7154,20.6809,11.6150,9.0659,-10.6101,19866.8691,NA
parkey.exe,25692,0x18D74B42E40,DXGI,1,0,0,Composed: Flip,19882.5665,NA,13.87840000000000,16.67100000000000,19.18980000000000,33.69310000000000,81.0361,19880.7348,21.0215,1.8317,19.1898,21.5306,13.9942,12.0318,1.9624,-2.8053,19880.7348,NA
parkey.exe,25692,0x18D74B42E40,DXGI,1,0,0,Composed: Flip,19903.7514,NA,21.18490000000000,16.68410000000000,11.66760000000000,33.01500000000000,76.5353,19901.7563,13.6627,1.9951,11.6676,14.5033,20.5068,11.3450,9.1618,4.3374,19901.7563,NA
parkey.exe,25692,0x18D74B42E40,DXGI,1,0,0,Composed: Flip,19917.1103,NA,13.35890000000000,16.68170000000000,19.19620000000000,33.55830000000000,79.8581,19915.4190,20.8875,1.6913,19.1962,21.3729,13.8767,11.6636,2.2131,-3.0190,19915.4190,NA
parkey.exe,25692,0x18D74B42E40,DXGI,1,0,0,Composed: Flip,19938.6145,NA,21.50420000000000,8.74000000000000,11.59360000000000,26.31660000000000,67.0939,19936.3065,13.9016,2.3080,11.5936,14.3791,14.2455,12.0512,2.1943,12.1475,19936.3065,NA
parkey.exe,25692,0x18D74B42E40,DXGI,1,0,0,Composed: Flip,19952.0778,NA,13.46330000000000,24.62510000000000,12.00330000000000,33.36640000000000,78.2557,19950.2081,13.8730,1.8697,12.0033,14.7230,20.5131,11.6067,8.9064,-10.7235,19950.2081,NA
parkey.exe,25692,0x18D74B42E40,DXGI,1,0,0,Composed: Flip,19965.8019,NA,13.72410000000000,16.67020000000000,19.15780000000000,33.72650000000000,81.2018,19964.0811,20.8786,1.7208,19.1578,21.3631,14.0842,11.9435,2.1407,-2.7972,19964.0811,NA
parkey.exe,25692,0x18D74B42E40,DXGI,1,0,0,Composed: Flip,19986.7227,NA,20.92080000000000,16.68110000000000,12.07890000000000,33.42060000000000,76.9621,19984.9597,13.8419,1.7630,12.0789,14.5687,20.6149,11.3410,9.2739,4.1975,19984.9597,NA
parkey.exe,25692,0x18D74B42E40,DXGI,1,0,0,Composed: Flip,20000.4559,NA,13.73320000000000,16.68290000000000,19.16510000000000,33.56800000000000,79.9118,19998.8016,20.8194,1.6543,19.1651,21.3417,13.8806,11.7116,2.1690,-2.8410,19998.8016,NA
parkey.exe,25692,0x18D74B42E40,DXGI,1,0,0,Composed: Flip,20021.5975,NA,21.14160000000000,8.64380000000000,11.95780000000000,26.67550000000000,67.4140,20019.6210,13.9343,1.9765,11.9578,14.4191,14.2329,12.0498,2.1831,12.1756,20019.6210,NA
parkey.exe,25692,0x18D74B42E40,DXGI,1,0,0,Composed: Flip,20035.5089,NA,13.91140000000000,24.72490000000000,11.90540000000000,33.30790000000000,78.2275,20033.5553,13.8590,1.9536,11.9054,14.7177,20.5438,11.5432,9.0006,-10.7906,20033.5553,NA
parkey.exe,25692,0x18D74B42E40,DXGI,1,0,0,Composed: Flip,20049.1337,NA,13.62480000000000,16.67450000000000,19.18530000000000,33.72710000000000,81.2772,20047.4143,20.9047,1.7194,19.1853,21.4025,14.0440,11.9229,2.1211,-2.8155,20047.4143,NA
parkey.exe,25692,0x18D74B42E40,DXGI,1,0,0,Composed: Flip,20070.2482,NA,21.11450000000000,16.67020000000000,11.89090000000000,33.21830000000000,76.8329,20068.3190,13.8201,1.9292,11.8909,14.5418,20.6057,11.6954,8.9103,4.2345,20068.3190,NA
parkey.exe,25692,0x18D74B42E40,DXGI,1,0,0,Composed: Flip,20083.8152,NA,13.56700000000000,16.68970000000000,19.14970000000000,33.61160000000000,79.9556,20082.1391,20.8258,1.6761,19.1497,21.3274,13.9603,11.6901,2.2702,-2.8696,20082.1391,NA
parkey.exe,25692,0x18D74B42E40,DXGI,1,0,0,Composed: Flip,20105.2006,NA,21.38540000000000,8.64760000000000,11.72290000000000,26.47140000000000,67.2178,20102.9649,13.9586,2.2357,11.7229,14.4619,14.2452,12.0989,2.1463,12.1782,20102.9649,NA
parkey.exe,25692,0x18D74B42E40,DXGI,1,0,0,Composed: Flip,20119.0721,NA,13.87150000000000,24.71640000000000,11.71890000000000,33.03440000000001,78.0627,20116.9235,13.8675,2.1486,11.7189,14.7485,20.4345,11.7689,8.6656,-10.7578,20116.9235,NA
parkey.exe,25692,0x18D74B42E40,DXGI,1,0,0,Composed: Flip,20132.7432,NA,13.67110000000000,16.69700000000000,18.88820000000000,33.55780000000000,81.0886,20130.7910,20.8404,1.9522,18.8882,21.3369,14.1731,12.1176,2.0555,-2.8295,20130.7910,NA
parkey.exe,25692,0x18D74B42E40,DXGI,1,0,0,Composed: Flip,20153.4336,NA,20.69040000000000,16.65820000000000,12.02960000000000,33.35970000000000,77.0564,20151.6314,13.8318,1.8022,12.0296,14.6696,20.4923,11.2298,9.2625,4.1822,20151.6314,NA
parkey.exe,25692,0x18D74B42E40,DXGI,1,0,0,Composed: Flip,20167.2116,NA,13.77800000000000,16.68300000000000,19.11110000000000,33.53600000000000,79.9614,20165.4632,20.8595,1.7484,19.1111,21.3301,13.9543,11.6372,2.3171,-2.8512,20165.4632,NA
parkey.exe,25692,0x18D74B42E40,DXGI,1,0,0,Composed: Flip,20188.2996,NA,21.08800000000000,8.53870000000000,11.96180000000000,26.69300000000000,67.4121,20186.3227,13.9387,1.9769,11.9618,14.4249,14.2450,12.0837,2.1613,12.3208,20186.3227,NA
parkey.exe,25692,0x18D74B42E40,DXGI,1,0,0,Composed: Flip,20202.2170,NA,13.91740000000000,24.82380000000000,11.96340000000000,33.27870000000000,78.3185,20200.2614,13.9190,1.9556,11.9634,14.7312,20.5031,11.5840,8.9191,-10.8851,20200.2614,NA
parkey.exe,25692,0x18D74B42E40,DXGI,1,0,0,Composed: Flip,20215.9759,NA,13.75890000000000,16.67530000000000,19.02730000000000,33.64340000000000,81.2349,20214.1804,20.8228,1.7955,19.0273,21.3153,14.1236,11.9798,2.1438,-2.7563,20214.1804,NA
parkey.exe,25692,0x18D74B42E40,DXGI,1,0,0,Composed: Flip,20236.9767,NA,21.00080000000000,16.68360000000000,11.84730000000000,33.17280000000000,76.9177,20235.0032,13.8208,1.9735,11.8473,14.6161,20.5302,11.6913,8.8389,4.1392,20235.0032,NA
parkey.exe,25692,0x18D74B42E40,DXGI,1,0,0,Composed: Flip,20250.6460,NA,13.66930000000000,16.68860000000000,19.02120000000000,33.44160000000000,79.9370,20248.8240,20.8432,1.8220,19.0212,21.3255,13.9381,11.6845,2.2536,-2.8678,20248.8240,NA
parkey.exe,25692,0x18D74B42E40,DXGI,1,0,0,Composed: Flip,20271.5242,NA,20.87820000000000,8.51280000000000,12.09010000000000,26.80360000000000,67.5716,20269.6672,13.9471,1.8570,12.0901,14.4204,14.2402,12.1237,2.1165,12.3304,20269.6672,NA
parkey.exe,25692,0x18D74B42E40,DXGI,1,0,0,Composed: Flip,20285.4434,NA,13.91920000000000,24.83780000000000,12.04370000000000,33.39460000000000,78.4902,20283.6143,13.8728,1.8291,12.0437,14.7135,20.5102,11.5644,8.9458,-10.8907,20283.6143,NA
parkey.exe,25692,0x18D74B42E40,DXGI,1,0,0,Composed: Flip,20299.1914,NA,13.74800000000000,16.67410000000000,19.16100000000000,33.70780000000000,81.4163,20297.4871,20.8653,1.7043,19.1610,21.3696,14.0425,12.0208,2.0217,-2.8013,20297.4871,NA
parkey.exe,25692,0x18D74B42E40,DXGI,1,0,0,Composed: Flip,20320.2540,NA,21.06260000000000,16.68580000000000,11.91120000000000,33.24470000000000,77.0395,20318.3524,13.8128,1.9016,11.9112,14.5468,20.5995,11.2685,9.3310,4.1795,20318.3524,NA
parkey.exe,25692,0x18D74B42E40,DXGI,1,0,0,Composed: Flip,20333.8338,NA,13.57980000000000,16.68140000000000,19.18720000000000,33.60530000000000,80.1411,20332.1652,20.8558,1.6686,19.1872,21.3335,13.9404,11.6533,2.2871,-2.8686,20332.1652,NA
parkey.exe,25692,0x18D74B42E40,DXGI,1,0,0,Composed: Flip,20355.4112,NA,21.57740000000000,8.41890000000000,11.57340000000000,25.86510000000000,66.9826,20353.0210,13.9636,2.3902,11.5734,14.4676,13.7877,11.6797,2.1080,12.4369,20353.0210,NA
parkey.exe,25692,0x18D74B42E40,DXGI,1,0,0,Composed: Flip,20368.9275,NA,13.51630000000000,24.96210000000000,11.89790000000000,33.29520000000000,78.4284,20366.9846,13.8408,1.9429,11.8979,14.3378,20.9003,11.6601,9.2402,-10.9985,20366.9846,NA
parkey.exe,25692,0x18D74B42E40,DXGI,1,0,0,Composed: Flip,20382.8216,NA,13.89410000000000,16.65310000000000,18.88400000000000,33.73210000000000,81.1874,20380.8254,20.8802,1.9962,18.8840,21.3973,14.3310,12.0467,2.2843,-2.8123,20380.8254,NA
parkey.exe,25692,0x18D74B42E40,DXGI,1,0,0,Composed: Flip,20404.0972,NA,21.27560000000000,16.68040000000000,11.41970000000000,32.78770000000000,76.5922,20401.7056,13.8113,2.3916,11.4197,14.8481,20.3312,11.6477,8.6835,4.1998,20401.7056,NA
parkey.exe,25692,0x18D74B42E40,DXGI,1,0,0,Composed: Flip,20417.4897,NA,13.39250000000000,16.68400000000000,18.86690000000000,33.30250000000000,79.8837,20415.5169,20.8397,1.9728,18.8669,21.3680,13.9073,11.6463,2.2610,-2.8727,20415.5169,NA
parkey.exe,25692,0x18D74B42E40,DXGI,1,0,0,Composed: Flip,20438.4996,NA,21.00990000000000,8.37120000000000,11.83710000000000,26.12480000000000,67.2450,20436.3566,13.9801,2.1430,11.8371,14.4811,13.7867,11.7166,2.0701,12.4685,20436.3566,NA
parkey.exe,25692,0x18D74B42E40,DXGI,1,0,0,Composed: Flip,20452.7370,NA,14.23740000000000,24.99900000000000,11.42130000000000,32.81560000000000,78.0066,20450.3367,13.8216,2.4003,11.4213,14.3092,20.9067,11.8723,9.0344,-11.0189,20450.3367,NA
parkey.exe,25692,0x18D74B42E40,DXGI,1,0,0,Composed: Flip,20466.4395,NA,13.70250000000000,16.68230000000000,18.62250000000000,33.34360000000000,80.9864,20464.1583,20.9037,2.2812,18.6225,21.3943,14.2305,12.1387,2.0918,-2.8607,20464.1583,NA
parkey.exe,25692,0x18D74B42E40,DXGI,1,0,0,Composed: Flip,20487.1796,NA,20.74010000000000,16.66820000000000,11.73300000000000,33.02790000000000,76.9145,20485.0620,13.8506,2.1176,11.7330,14.7211,20.4244,11.6747,8.7497,4.2355,20485.0620,NA
parkey.exe,25692,0x18D74B42E40,DXGI,1,0,0,Composed: Flip,20500.9315,NA,13.75190000000000,16.68150000000000,18.77660000000000,33.21350000000000,79.8441,20498.9126,20.7955,2.0189,18.7766,21.2949,13.9375,11.7040,2.2335,-2.8309,20498.9126,NA
parkey.exe,25692,0x18D74B42E40,DXGI,1,0,0,Composed: Flip,20521.6546,NA,20.72310000000000,8.37520000000000,12.01230000000000,26.40150000000000,67.4962,20519.7081,13.9588,1.9465,12.0123,14.4369,13.9111,11.6628,2.2483,12.4203,20519.7081,NA
parkey.exe,25692,0x18D74B42E40,DXGI,1,0,0,Composed: Flip,20535.4251,NA,13.77050000000000,24.98930000000000,12.12370000000000,33.46460000000000,78.7150,20533.6669,13.8819,1.7582,12.1237,14.3892,20.8336,11.6721,9.1615,-11.0305,20533.6669,NA
parkey.exe,25692,0x18D74B42E40,DXGI,1,0,0,Composed: Flip,20549.6923,NA,14.26720000000000,16.62410000000000,18.70240000000000,33.34660000000000,81.0719,20547.5488,20.8459,2.1435,18.7024,21.3409,14.1492,12.0411,2.1081,-2.7422,20547.5488,NA
parkey.exe,25692,0x18D74B42E40,DXGI,1,0,0,Composed: Flip,20570.2511,NA,20.55880000000000,16.72810000000000,11.96620000000000,33.28230000000000,77.2412,20568.3947,13.8226,1.8564,11.9662,14.6442,20.4945,11.3473,9.1472,4.1178,20568.3947,NA
parkey.exe,25692,0x18D74B42E40,DXGI,1,0,0,Composed: Flip,20583.7919,NA,13.54080000000000,16.68430000000000,19.26780000000000,33.68100000000000,80.3847,20582.2173,20.8424,1.5746,19.2678,21.3767,13.8789,11.6987,2.1802,-2.8617,20582.2173,NA
parkey.exe,25692,0x18D74B42E40,DXGI,1,0,0,Composed: Flip,20605.2602,NA,21.46830000000000,8.32780000000000,11.72810000000000,26.05560000000000,67.2442,20603.0597,13.9286,2.2005,11.7281,14.4364,13.8197,11.7100,2.1097,12.5146,20603.0597,NA
parkey.exe,25692,0x18D74B42E40,DXGI,1,0,0,Composed: Flip,20618.8767,NA,13.61650000000000,25.03200000000000,11.96690000000000,33.33150000000000,78.6597,20616.9883,13.8553,1.8884,11.9669,14.3784,20.8415,11.6779,9.1636,-11.1034,20616.9883,NA
parkey.exe,25692,0x18D74B42E40,DXGI,1,0,0,Composed: Flip,20632.8669,NA,13.99020000000000,16.57520000000000,18.86850000000000,33.56350000000000,81.2447,20630.8436,20.8918,2.0233,18.8685,21.3862,14.2006,12.1440,2.0566,-2.7199,20630.8436,NA
parkey.exe,25692,0x18D74B42E40,DXGI,1,0,0,Composed: Flip,20653.6648,NA,20.79790000000000,16.78410000000000,11.89590000000000,33.24200000000000,77.2309,20651.7354,13.8253,1.9294,11.8959,14.6950,20.4764,11.2380,9.2384,4.1077,20651.7354,NA
parkey.exe,25692,0x18D74B42E40,DXGI,1,0,0,Composed: Flip,20667.2671,NA,13.60230000000000,16.67810000000000,19.15030000000000,33.53000000000000,80.3067,20665.5607,20.8567,1.7064,19.1503,21.3461,13.8903,11.6722,2.2181,-2.8528,20665.5607,NA
parkey.exe,25692,0x18D74B42E40,DXGI,1,0,0,Composed: Flip,20688.4586,NA,21.19150000000000,16.68210000000000,11.87610000000000,26.24240000000000,75.7973,20686.4174,13.9173,2.0412,11.8761,14.3965,13.8871,11.6772,2.2099,4.1746,20686.4174,NA
parkey.exe,25692,0x18D74B42E40,DXGI,1,0,0,Composed: Flip,20702.2267,NA,13.76810000000000,16.68320000000000,12.00160000000000,33.36410000000000,78.7124,20700.3347,13.8936,1.8920,12.0016,14.3663,20.8898,11.8543,9.0355,-2.7659,20700.3347,NA
parkey.exe,25692,0x18D74B42E40,DXGI,1,0,0,Composed: Flip,20716.1799,NA,13.95320000000000,9.64330000000000,18.91330000000000,33.47410000000000,74.4025,20714.2283,20.8649,1.9516,18.9133,21.3625,14.0632,11.9524,2.1108,4.2503,20714.2283,NA
parkey.exe,25692,0x18D74B42E40,DXGI,1,0,0,Composed: Flip,20737.0065,NA,20.82660000000000,23.71310000000000,11.91310000000000,33.30950000000000,77.2890,20735.0932,13.8264,1.9133,11.9131,14.5608,20.6620,11.2812,9.3808,-2.8482,20735.0932,NA
parkey.exe,25692,0x18D74B42E40,DXGI,1,0,0,Composed: Flip,20750.5604,NA,13.55390000000000,16.68360000000000,19.27070000000000,33.92430000000000,80.4187,20748.9196,20.9115,1.6408,19.2707,21.3964,14.1687,12.0654,2.1033,-2.8572,20748.9196,NA
parkey.exe,25692,0x18D74B42E40,DXGI,1,0,0,Composed: Flip,20771.9322,NA,21.37180000000000,8.20520000000000,11.72720000000000,26.13020000000000,67.2521,20769.8311,13.8283,2.1011,11.7272,14.6536,13.5777,11.3692,2.2085,12.7063,20769.8311,NA
parkey.exe,25692,0x18D74B42E40,DXGI,1,0,0,Composed: Flip,20785.4272,NA,13.49500000000000,25.15520000000000,12.11620000000000,33.53400000000000,78.9123,20783.6594,13.8840,1.7678,12.1162,14.4477,20.8541,11.6644,9.1897,-11.3269,20783.6594,NA
parkey.exe,25692,0x18D74B42E40,DXGI,1,0,0,Composed: Flip,20799.5319,NA,14.10470000000000,16.46810000000000,18.90700000000000,33.43660000000000,81.2757,20797.5434,20.8955,1.9885,18.9070,21.4178,14.0073,12.0108,1.9965,-2.5841,20797.5434,NA
parkey.exe,25692,0x18D74B42E40,DXGI,1,0,0,Composed: Flip,20820.4228,NA,20.89090000000000,16.89250000000000,11.83550000000000,33.14530000000000,77.2773,20818.4389,13.8194,1.9839,11.8355,14.5296,20.5996,11.2814,9.3182,4.0030,20818.4389,NA
parkey.exe,25692,0x18D74B42E40,DXGI,1,0,0,Composed: Flip,20833.9202,NA,13.49740000000000,16.67790000000000,19.16910000000000,33.56390000000000,80.4578,20832.2583,20.8310,1.6619,19.1691,21.3098,13.9160,11.7466,2.1694,-2.8585,20832.2583,NA
parkey.exe,25692,0x18D74B42E40,DXGI,1,0,0,Composed: Flip,20854.9638,NA,21.04360000000000,8.10430000000000,12.06240000000000,26.43360000000000,67.5185,20853.0893,13.9369,1.8745,12.0624,14.4115,13.8966,11.6840,2.2126,12.7267,20853.0893,NA
parkey.exe,25692,0x18D74B42E40,DXGI,1,0,0,Composed: Flip,20868.8837,NA,13.91990000000000,25.26330000000000,12.00550000000000,33.37880000000000,78.8619,20867.0262,13.8630,1.8575,12.0055,14.3712,20.8651,11.9398,8.9253,-11.3264,20867.0262,NA
parkey.exe,25692,0x18D74B42E40,DXGI,1,0,0,Composed: Flip,20882.8105,NA,13.92680000000000,16.41790000000000,18.97640000000000,33.52520000000000,81.3530,20880.8892,20.8977,1.9213,18.9764,21.4197,14.0268,11.9959,2.0309,-2.5549,20880.8892,NA
parkey.exe,25692,0x18D74B42E40,DXGI,1,0,0,Composed: Flip,20903.8701,NA,21.05960000000000,16.93890000000000,11.72720000000000,33.08470000000001,77.2323,20901.7869,13.8104,2.0832,11.7272,14.5488,20.6191,11.6725,8.9466,3.9588,20901.7869,NA
parkey.exe,25692,0x18D74B42E40,DXGI,1,0,0,Composed: Flip,20917.2023,NA,13.33220000000000,16.67380000000000,19.24930000000000,33.68720000000000,80.5739,20915.5973,20.8543,1.6050,19.2493,21.3575,13.9347,11.6797,2.2550,-2.8634,20915.5973,NA
parkey.exe,25692,0x18D74B42E40,DXGI,1,0,0,Composed: Flip,20938.3053,NA,21.10300000000000,8.05900000000000,12.08590000000000,26.47720000000000,67.5299,20936.4516,13.9396,1.8537,12.0859,14.4379,13.8930,11.7058,2.1872,12.7953,20936.4516,NA
parkey.exe,25692,0x18D74B42E40,DXGI,1,0,0,Composed: Flip,20952.4661,NA,14.16080000000000,25.31270000000000,11.78200000000000,33.16550000000000,78.6818,20950.3912,13.8569,2.0749,11.7820,14.3913,20.8491,11.6170,9.2321,-11.3731,20950.3912,NA
parkey.exe,25692,0x18D74B42E40,DXGI,1,0,0,Composed: Flip,20966.2218,NA,13.75570000000000,16.35680000000000,18.92000000000000,33.62880000000000,81.2829,20964.2481,20.8937,1.9737,18.9200,21.3835,14.2190,12.1210,2.0980,-2.4999,20964.2481,NA
parkey.exe,25692,0x18D74B42E40,DXGI,1,0,0,Composed: Flip,20987.0708,NA,20.84900000000000,16.99630000000000,11.90800000000000,33.23190000000000,77.4302,20985.1418,13.8370,1.9290,11.9080,14.7088,20.4521,11.6572,8.7949,3.8974,20985.1418,NA
parkey.exe,25692,0x18D74B42E40,DXGI,1,0,0,Composed: Flip,21000.7441,NA,13.67330000000000,16.67930000000000,19.05470000000000,33.44390000000000,80.4362,20998.9788,20.8200,1.7653,19.0547,21.3239,13.8853,11.6998,2.1855,-2.8423,20998.9788,NA
parkey.exe,25692,0x18D74B42E40,DXGI,1,0,0,Composed: Flip,21021.8820,NA,21.13790000000000,16.68560000000000,11.84030000000000,26.22710000000000,75.9839,21019.7988,13.9235,2.0832,11.8403,14.4086,13.9017,11.6805,2.2212,4.1344,21019.7988,NA
parkey.exe,25692,0x18D74B42E40,DXGI,1,0,0,Composed: Flip,21035.5582,NA,13.67620000000000,16.67730000000000,12.03730000000000,33.41830000000000,78.9850,21033.7223,13.8732,1.8359,12.0373,14.3868,20.8674,11.5942,9.2732,-2.7538,21033.7223,NA
parkey.exe,25692,0x18D74B42E40,DXGI,1,0,0,Composed: Flip,21049.8034,NA,14.24520000000000,16.31180000000000,18.68420000000000,33.30700000000000,81.0516,21047.5955,20.8921,2.2079,18.6842,21.3810,14.1339,12.0103,2.1236,-2.4386,21047.5955,NA
parkey.exe,25692,0x18D74B42E40,DXGI,1,0,0,Composed: Flip,21070.7757,NA,20.97230000000000,17.04750000000000,11.57300000000000,32.88150000000000,77.1268,21068.4876,13.8611,2.2881,11.5730,14.6228,20.5468,11.6302,8.9166,3.8446,21068.4876,NA
parkey.exe,25692,0x18D74B42E40,DXGI,1,0,0,Composed: Flip,21084.5839,NA,13.80820000000000,16.67180000000000,18.57170000000000,32.96630000000000,79.9904,21082.3487,20.8069,2.2352,18.5717,21.3085,13.8930,11.6697,2.2233,-2.8107,21082.3487,NA
parkey.exe,25692,0x18D74B42E40,DXGI,1,0,0,Composed: Flip,21105.3411,NA,20.75720000000000,8.00380000000000,11.73430000000000,26.06570000000000,67.2370,21103.1556,13.9198,2.1855,11.7343,14.4177,13.8335,11.7125,2.1210,12.8031,21103.1556,NA
parkey.exe,25692,0x18D74B42E40,DXGI,1,0,0,Composed: Flip,21118.8300,NA,13.48890000000000,25.36940000000000,12.10300000000000,33.45200000000000,79.1175,21117.0754,13.8576,1.7546,12.1030,14.3899,20.8167,11.6233,9.1934,-11.4496,21117.0754,NA
parkey.exe,25692,0x18D74B42E40,DXGI,1,0,0,Composed: Flip,21132.8662,NA,14.03620000000000,16.25290000000000,18.93810000000000,33.53250000000000,81.3342,21130.9330,20.8713,1.9332,18.9381,21.3490,14.1167,11.9469,2.1698,-2.3953,21130.9330,NA
parkey.exe,25692,0x18D74B42E40,DXGI,1,0,0,Composed: Flip,21153.7592,NA,20.89300000000000,17.10100000000000,11.90950000000000,33.22030000000000,77.5422,21151.8043,13.8644,1.9549,11.9095,14.5944,20.5808,11.2923,9.2885,3.7703,21151.8043,NA
parkey.exe,25692,0x18D74B42E40,DXGI,1,0,0,Composed: Flip,21167.2211,NA,13.46190000000000,16.67990000000000,19.27010000000000,33.67370000000000,80.7602,21165.6687,20.8225,1.5524,19.2701,21.3108,13.9153,11.7744,2.1409,-2.8155,21165.6687,NA
parkey.exe,25692,0x18D74B42E40,DXGI,1,0,0,Composed: Flip,21188.4810,NA,21.25990000000000,7.90340000000000,11.95790000000000,26.30400000000000,67.4037,21186.4912,13.9477,1.9898,11.9579,14.4250,13.8688,11.7260,2.1428,12.9191,21186.4912,NA
parkey.exe,25692,0x18D74B42E40,DXGI,1,0,0,Composed: Flip,21202.4176,NA,13.93660000000000,25.46400000000000,11.87120000000000,33.26990000000000,78.9311,21200.4389,13.8499,1.9787,11.8712,14.3724,20.8762,11.6773,9.1989,-11.5163,21200.4389,NA
parkey.exe,25692,0x18D74B42E40,DXGI,1,0,0,Composed: Flip,21216.1686,NA,13.75100000000000,16.19640000000000,19.00540000000000,33.59450000000000,81.3765,21214.2888,20.8852,1.8798,19.0054,21.3987,14.0756,11.9530,2.1226,-2.3465,21214.2888,NA
parkey.exe,25692,0x18D74B42E40,DXGI,1,0,0,Composed: Flip,21236.9501,NA,20.78150000000000,17.15950000000000,12.08610000000000,33.37780000000000,77.7545,21235.1740,13.8622,1.7761,12.0861,14.5891,20.5648,11.5878,8.9770,3.7257,21235.1740,NA
parkey.exe,25692,0x18D74B42E40,DXGI,1,0,0,Composed: Flip,21250.8044,NA,13.85430000000000,16.68010000000000,19.04280000000000,33.44130000000000,80.5803,21249.0362,20.8110,1.7682,19.0428,21.2917,13.9178,11.7136,2.2042,-2.8179,21249.0362,NA
parkey.exe,25692,0x18D74B42E40,DXGI,1,0,0,Composed: Flip,21271.8819,NA,21.07750000000000,16.67550000000000,11.88970000000000,26.32450000000000,76.1783,21269.8472,13.9244,2.0347,11.8897,14.3985,13.9607,11.7504,2.2103,4.1355,21269.8472,NA
parkey.exe,25692,0x18D74B42E40,DXGI,1,0,0,Composed: Flip,21285.7928,NA,13.91090000000000,16.70190000000000,11.85940000000000,33.23770000000000,78.9693,21283.7716,13.8806,2.0212,11.8594,14.4348,20.8241,11.6773,9.1468,-2.7775,21283.7716,NA
parkey.exe,25692,0x18D74B42E40,DXGI,1,0,0,Composed: Flip,21299.4649,NA,13.67210000000000,16.13320000000000,19.05900000000000,33.33910000000000,81.4304,21297.6522,20.8717,1.8127,19.0590,21.3783,13.7735,11.6285,2.1450,-2.2526,21297.6522,NA
parkey.exe,25692,0x18D74B42E40,DXGI,1,0,0,Composed: Flip,21320.4131,NA,20.94820000000000,17.20340000000000,11.98640000000000,33.30210000000000,77.6856,21318.5239,13.8756,1.8892,11.9864,14.3110,20.8803,11.9573,8.9230,3.6683,21318.5239,NA
parkey.exe,25692,0x18D74B42E40,DXGI,1,0,0,Composed: Flip,21334.2499,NA,13.83680000000000,16.68160000000000,18.96740000000000,33.36100000000000,80.5304,21332.3995,20.8178,1.8504,18.9674,21.3157,13.8957,11.6816,2.2141,-2.8060,21332.3995,NA
parkey.exe,25692,0x18D74B42E40,DXGI,1,0,0,Composed: Flip,21355.4744,NA,21.22450000000000,16.68620000000000,11.64660000000000,26.02730000000000,75.9921,21353.2173,13.9037,2.2571,11.6466,14.3936,13.8908,11.7403,2.1505,4.1316,21353.2173,NA
parkey.exe,25692,0x18D74B42E40,DXGI,1,0,0,Composed: Flip,21369.1893,NA,13.71490000000000,16.69320000000000,11.78810000000000,33.38820000000000,78.9704,21367.1210,13.8564,2.0683,11.7881,14.3807,21.0758,11.6233,9.4525,-2.7895,21367.1210,NA
parkey.exe,25692,0x18D74B42E40,DXGI,1,0,0,Composed: Flip,21382.9599,NA,13.77060000000000,9.21090000000000,19.12690000000000,33.52230000000000,74.4107,21380.9774,21.1094,1.9825,19.1269,21.6001,13.9047,11.9711,1.9336,4.6455,21380.9774,NA
parkey.exe,25692,0x18D74B42E40,DXGI,1,0,0,Composed: Flip,21404.3543,NA,21.39440000000000,24.13830000000000,11.39700000000000,32.75920000000000,77.1546,21402.0868,13.6645,2.2675,11.3970,14.3954,20.6313,11.5839,9.0474,-3.0289,21402.0868,NA
parkey.exe,25692,0x18D74B42E40,DXGI,1,0,0,Composed: Flip,21417.9169,NA,13.56260000000000,16.67650000000000,18.69030000000000,33.34370000000000,80.2685,21415.7513,20.8559,2.1656,18.6903,21.3622,14.1471,12.0363,2.1108,-3.0120,21415.7513,NA
parkey.exe,25692,0x18D74B42E40,DXGI,1,0,0,Composed: Flip,21438.6879,NA,20.77100000000000,16.68190000000000,11.73220000000000,26.18490000000000,76.1794,21436.6072,13.8129,2.0807,11.7322,14.6534,13.6122,11.7031,1.9091,4.1740,21436.6072,NA
parkey.exe,25692,0x18D74B42E40,DXGI,1,0,0,Composed: Flip,21452.5255,NA,13.83760000000000,16.68880000000000,11.79860000000000,33.19160000000000,79.0306,21450.4201,13.9040,2.1054,11.7986,14.4527,20.8443,11.5937,9.2506,-2.8759,21450.4201,NA
parkey.exe,25692,0x18D74B42E40,DXGI,1,0,0,Composed: Flip,21466.6844,NA,14.15890000000000,9.15990000000000,18.53960000000000,33.18050000000000,74.0316,21464.3241,20.8999,2.3603,18.5396,21.3930,14.1478,12.0298,2.1180,4.7441,21464.3241,NA
parkey.exe,25692,0x18D74B42E40,DXGI,1,0,0,Composed: Flip,21487.3216,NA,20.63720000000000,24.19070000000000,11.74290000000000,33.14840000000000,77.5851,21485.2240,13.8405,2.0976,11.7429,14.6409,20.6051,11.8218,8.7833,-3.2908,21485.2240,NA
parkey.exe,25692,0x18D74B42E40,DXGI,1,0,0,Composed: Flip,21500.8272,NA,13.50560000000000,16.68340000000000,19.13420000000000,33.77710000000000,80.7629,21499.0645,20.8969,1.7627,19.1342,21.4055,14.1343,12.0638,2.0705,-2.8429,21499.0645,NA
parkey.exe,25692,0x18D74B42E40,DXGI,1,0,0,Composed: Flip,21521.8776,NA,21.05040000000000,16.67300000000000,11.88860000000000,26.29160000000000,76.3855,21519.9614,13.8048,1.9162,11.8886,14.6429,13.5649,11.3011,2.2638,4.2239,21519.9614,NA
parkey.exe,25692,0x18D74B42E40,DXGI,1,0,0,Composed: Flip,21535.8724,NA,13.99480000000000,16.71830000000000,11.79410000000000,33.18750000000000,79.1090,21533.7662,13.9003,2.1062,11.7941,14.4030,20.8907,11.6645,9.2262,-2.9135,21533.7662,NA
parkey.exe,25692,0x18D74B42E40,DXGI,1,0,0,Composed: Flip,21549.4486,NA,13.57620000000000,15.96360000000000,19.11820000000000,33.72580000000000,81.4964,21547.6665,20.9003,1.7821,19.1182,21.3934,14.1145,11.9731,2.1414,-2.0633,21547.6665,NA
parkey.exe,25692,0x18D74B42E40,DXGI,1,0,0,Composed: Flip,21570.2816,NA,20.83300000000000,17.36880000000000,12.15760000000000,33.45160000000000,78.0322,21568.5668,13.8724,1.7148,12.1576,14.6076,20.5588,11.5330,9.0258,3.5315,21568.5668,NA
parkey.exe,25692,0x18D74B42E40,DXGI,1,0,0,Composed: Flip,21584.1282,NA,13.84660000000000,16.67650000000000,19.13500000000000,33.54230000000000,80.8621,21582.4392,20.8240,1.6890,19.1350,21.2940,13.9373,11.7396,2.1977,-2.8041,21582.4392,NA
parkey.exe,25692,0x18D74B42E40,DXGI,1,0,0,Composed: Flip,21605.5675,NA,21.43930000000000,16.66970000000000,11.60490000000000,25.96610000000000,76.0925,21603.2632,13.9092,2.3043,11.6049,14.4073,13.8631,11.7056,2.1575,4.1543,21603.2632,NA
parkey.exe,25692,0x18D74B42E40,DXGI,1,0,0,Composed: Flip,21619.0122,NA,13.44470000000000,16.69520000000000,12.00970000000000,33.32300000000000,79.3430,21617.1724,13.8495,1.8398,12.0097,14.3612,20.8016,11.1149,9.6867,-2.7860,21617.1724,NA
parkey.exe,25692,0x18D74B42E40,DXGI,1,0,0,Composed: Flip,21632.8195,NA,13.80730000000000,9.04470000000000,19.04160000000000,33.94180000000000,74.5804,21631.0219,20.8392,1.7976,19.0416,21.3133,14.4261,12.1466,2.2795,4.8048,21631.0219,NA
parkey.exe,25692,0x18D74B42E40,DXGI,1,0,0,Composed: Flip,21653.8126,NA,20.99310000000000,24.31610000000000,12.03040000000000,33.33320000000001,77.9034,21651.8611,13.9819,1.9515,12.0304,14.9002,20.3845,11.2302,9.1543,-3.4769,21651.8611,NA
parkey.exe,25692,0x18D74B42E40,DXGI,1,0,0,Composed: Flip,21667.7884,NA,13.97580000000000,16.67680000000000,18.87340000000000,33.43440000000000,80.6044,21665.8430,20.8188,1.9454,18.8734,21.3028,14.0770,11.9720,2.1050,-2.6949,21665.8430,NA
parkey.exe,25692,0x18D74B42E40,DXGI,1,0,0,Composed: Flip,21688.4750,NA,20.68660000000000,16.67500000000000,12.00880000000000,33.32340000000000,76.5928,21686.6618,13.8220,1.8132,12.0088,14.5610,20.5756,11.3046,9.2710,4.1438,21686.6618,NA
parkey.exe,25692,0x18D74B42E40,DXGI,1,0,0,Composed: Flip,21702.2857,NA,13.81070000000000,16.68230000000000,19.04010000000000,33.45950000000000,79.4644,21700.4838,20.8420,1.8019,19.0401,21.3631,13.8983,11.7870,2.1113,-2.8603,21700.4838,NA
parkey.exe,25692,0x18D74B42E40,DXGI,1,0,0,Composed: Flip,21723.8648,NA,21.57910000000000,9.00870000000000,11.39580000000000,26.11140000000000,66.8940,21721.3258,13.9348,2.5390,11.3958,14.4433,14.2071,12.0440,2.1631,11.8333,21721.3258,NA
parkey.exe,25692,0x18D74B42E40,DXGI,1,0,0,Composed: Flip,21737.6160,NA,13.75120000000000,24.35550000000000,11.52220000000000,32.86120000000000,77.4983,21735.2606,13.8776,2.3554,11.5222,14.7156,20.5010,11.6499,8.8511,-10.4207,21735.2606,NA
parkey.exe,25692,0x18D74B42E40,DXGI,1,0,0,Composed: Flip,21752.6251,NA,15.00910000000000,16.67800000000000,17.36660000000000,32.02340000000000,79.1672,21749.1382,20.8535,3.4869,17.3666,21.3390,14.1713,12.0109,2.1604,-2.8004,21749.1382,NA
parkey.exe,25692,0x18D74B42E40,DXGI,1,0,0,Composed: Flip,21772.2927,NA,19.66760000000000,16.68420000000000,11.52040000000000,32.86050000000000,76.1838,21769.9917,13.8214,2.3010,11.5204,14.6568,20.5047,11.3142,9.1905,4.1693,21769.9917,NA
parkey.exe,25692,0x18D74B42E40,DXGI,1,0,0,Composed: Flip,21785.6921,NA,13.39940000000000,16.67210000000000,18.97090000000000,33.40540000000000,79.4565,21783.8131,20.8499,1.8790,18.9709,21.3401,13.9443,11.7180,2.2263,-2.8507,21783.8131,NA
parkey.exe,25692,0x18D74B42E40,DXGI,1,0,0,Composed: Flip,21806.6254,NA,20.93330000000000,8.95810000000000,11.97040000000000,26.86740000000000,67.4813,21804.6630,13.9328,1.9624,11.9704,14.4345,14.3953,12.2372,2.1581,11.8918,21804.6630,NA
parkey.exe,25692,0x18D74B42E40,DXGI,1,0,0,Composed: Flip,21820.4107,NA,13.78530000000000,24.41140000000000,12.05180000000000,33.40110000000000,78.1074,21818.5958,13.8667,1.8149,12.0518,14.8970,20.3190,11.8129,8.5061,-10.4786,21818.5958,NA
parkey.exe,25692,0x18D74B42E40,DXGI,1,0,0,Composed: Flip,21834.6224,NA,14.21170000000000,16.66870000000000,18.71810000000000,33.36180000000000,80.5644,21832.4625,20.8780,2.1599,18.7181,21.3750,14.1467,12.0394,2.1073,-2.8020,21832.4625,NA
parkey.exe,25692,0x18D74B42E40,DXGI,1,0,0,Composed: Flip,21855.3264,NA,20.70400000000000,16.68710000000000,11.82550000000000,33.17100000000000,76.5475,21853.3405,13.8114,1.9859,11.8255,14.6437,20.5132,11.2682,9.2450,4.1909,21853.3405,NA
parkey.exe,25692,0x18D74B42E40,DXGI,1,0,0,Composed: Flip,21869.1071,NA,13.78070000000000,16.67790000000000,18.89140000000000,33.51980000000000,79.4447,21867.1519,20.8466,1.9552,18.8914,21.3455,14.1295,11.9118,2.2177,-2.8665,21867.1519,NA
parkey.exe,25692,0x18D74B42E40,DXGI,1,0,0,Composed: Flip,21889.9508,NA,20.84370000000000,8.90210000000000,12.02510000000000,26.73270000000000,67.5031,21887.9985,13.9774,1.9523,12.0251,14.6284,14.0566,12.0629,1.9937,11.9445,21887.9985,NA
parkey.exe,25692,0x18D74B42E40,DXGI,1,0,0,Composed: Flip,21904.4906,NA,14.53980000000000,24.46450000000000,11.30720000000000,32.68420000000000,77.4278,21901.9759,13.8219,2.5147,11.3072,14.7076,20.4913,11.6098,8.8815,-10.4871,21901.9759,NA
parkey.exe,25692,0x18D74B42E40,DXGI,1,0,0,Composed: Flip,21917.7662,NA,13.27560000000000,16.66930000000000,18.92360000000000,33.48280000000000,80.8215,21915.7978,20.8920,1.9684,18.9236,21.4008,14.0504,11.9704,2.0800,-2.8474,21915.7978,NA
parkey.exe,25692,0x18D74B42E40,DXGI,1,0,0,Composed: Flip,21938.4980,NA,20.73180000000000,16.68440000000000,11.99880000000000,33.35390000000000,76.7741,21936.6898,13.8070,1.8082,11.9988,14.5592,20.6029,11.2696,9.3333,4.2076,21936.6898,NA
parkey.exe,25692,0x18D74B42E40,DXGI,1,0,0,Composed: Flip,21952.1824,NA,13.68440000000000,16.68680000000000,19.16700000000000,33.59600000000000,79.7765,21950.4968,20.8526,1.6856,19.1670,21.3551,13.9265,11.6742,2.2523,-2.8798,21950.4968,NA
parkey.exe,25692,0x18D74B42E40,DXGI,1,0,0,Composed: Flip,21973.4911,NA,21.30870000000000,8.84730000000000,11.80300000000000,26.72470000000000,67.3151,21971.3494,13.9447,2.1417,11.8030,14.4290,14.4374,12.2793,2.1581,12.0053,21971.3494,NA
parkey.exe,25692,0x18D74B42E40,DXGI,1,0,0,Composed: Flip,21987.3518,NA,13.86070000000000,24.50880000000000,11.79670000000000,33.17630000000000,77.9632,21985.2941,13.8544,2.0577,11.7967,14.9217,20.3123,11.3860,8.9263,-10.5641,21985.2941,NA
parkey.exe,25692,0x18D74B42E40,DXGI,1,0,0,Composed: Flip,22001.0142,NA,13.66240000000000,16.68120000000000,19.01650000000000,33.69910000000000,80.9820,21999.1485,20.8822,1.8657,19.0165,21.3796,14.1852,12.0943,2.0909,-2.8268,21999.1485,NA
parkey.exe,25692,0x18D74B42E40,DXGI,1,0,0,Composed: Flip,22022.0059,NA,20.99170000000000,16.67310000000000,11.84680000000000,33.21140000000000,76.6634,22020.0307,13.8220,1.9752,11.8468,14.6826,20.5040,11.2972,9.2068,4.2091,22020.0307,NA
parkey.exe,25692,0x18D74B42E40,DXGI,1,0,0,Composed: Flip,22035.6133,NA,13.60740000000000,16.67760000000000,19.08830000000000,33.49300000000000,79.7336,22033.8527,20.8489,1.7606,19.0883,21.3646,13.8890,11.7418,2.1472,-2.8556,22033.8527,NA
parkey.exe,25692,0x18D74B42E40,DXGI,1,0,0,Composed: Flip,22056.5887,NA,20.97540000000000,8.80510000000000,12.04690000000000,26.75790000000000,67.5633,22054.7016,13.9340,1.8871,12.0469,14.4237,14.2213,12.0705,2.1508,12.0438,22054.7016,NA
parkey.exe,25692,0x18D74B42E40,DXGI,1,0,0,Composed: Flip,22070.4937,NA,13.90500000000000,24.56870000000000,12.00930000000000,33.34280000000000,78.2270,22068.6356,13.8674,1.8581,12.0093,14.7110,20.4899,11.6124,8.8775,-10.6347,22068.6356,NA
parkey.exe,25692,0x18D74B42E40,DXGI,1,0,0,Composed: Flip,22084.5323,NA,14.03860000000000,16.67560000000000,18.83780000000000,33.50680000000000,80.8640,22082.5030,20.8671,2.0293,18.8378,21.3593,14.1768,12.0519,2.1249,-2.8082,22082.5030,NA
parkey.exe,25692,0x18D74B42E40,DXGI,1,0,0,Composed: Flip,22105.2205,NA,20.68820000000000,16.67010000000000,11.97030000000000,33.28910000000000,76.8459,22103.3701,13.8207,1.8504,11.9703,14.6690,20.4705,11.2935,9.1770,4.1970,22103.3701,NA
parkey.exe,25692,0x18D74B42E40,DXGI,1,0,0,Composed: Flip,22119.0161,NA,13.79560000000000,16.68980000000000,19.02570000000000,33.45450000000000,79.7401,22117.1908,20.8510,1.8253,19.0257,21.3619,13.9179,11.6722,2.2457,-2.8691,22117.1908,NA
parkey.exe,25692,0x18D74B42E40,DXGI,1,0,0,Composed: Flip,22139.9282,NA,20.91210000000000,8.79280000000000,12.05820000000000,26.76810000000000,67.6208,22138.0418,13.9446,1.8864,12.0582,14.4288,14.2257,12.0867,2.1390,12.0582,22138.0418,NA
parkey.exe,25692,0x18D74B42E40,DXGI,1,0,0,Composed: Flip,22153.8051,NA,13.87690000000000,24.57030000000000,12.08210000000000,33.39230000000000,78.3142,22151.9864,13.9008,1.8187,12.0821,14.7099,20.5011,11.5864,8.9147,-10.6257,22151.9864,NA
parkey.exe,25692,0x18D74B42E40,DXGI,1,0,0,Composed: Flip,22167.5429,NA,13.73780000000000,16.67740000000000,19.16910000000000,33.78830000000000,81.2538,22165.8872,20.8248,1.6557,19.1691,21.3102,14.1338,11.9355,2.1983,-2.7766,22165.8872,NA
parkey.exe,25692,0x18D74B42E40,DXGI,1,0,0,Composed: Flip,22188.5017,NA,20.95880000000000,16.67920000000000,12.08710000000000,33.37540000000000,76.9742,22186.7120,13.8768,1.7897,12.0871,14.6192,20.5459,11.3210,9.2249,4.1456,22186.7120,NA
parkey.exe,25692,0x18D74B42E40,DXGI,1,0,0,Composed: Flip,22202.3079,NA,13.80620000000000,16.68180000000000,19.09020000000000,33.54540000000000,79.8498,22200.5888,20.8093,1.7191,19.0902,21.3083,13.9562,11.7245,2.2317,-2.8050,22200.5888,NA
parkey.exe,25692,0x18D74B42E40,DXGI,1,0,0,Composed: Flip,22223.2784,NA,20.97050000000000,8.69230000000000,12.06310000000000,26.77110000000000,67.5716,22221.3981,13.9434,1.8803,12.0631,14.4552,14.1962,12.0397,2.1565,12.1170,22221.3981,NA
parkey.exe,25692,0x18D74B42E40,DXGI,1,0,0,Composed: Flip,22237.0912,NA,13.81280000000000,24.66810000000000,12.13770000000000,33.48560000000001,78.4269,22235.3415,13.8874,1.7497,12.1377,14.7080,20.5273,11.7948,8.7325,-10.7247,22235.3415,NA
parkey.exe,25692,0x18D74B42E40,DXGI,1,0,0,Composed: Flip,22251.2014,NA,14.11020000000000,16.71290000000000,18.89150000000000,33.53350000000000,81.0296,22249.2289,20.8640,1.9725,18.8915,21.3479,14.1581,12.0525,2.1056,-2.8255,22249.2289,NA
parkey.exe,25692,0x18D74B42E40,DXGI,1,0,0,Composed: Flip,22271.9039,NA,20.70250000000000,16.64860000000000,11.99060000000000,33.32530000000000,76.9757,22270.0929,13.8016,1.8110,11.9906,14.6420,20.4943,11.3246,9.1697,4.2154,22270.0929,NA
parkey.exe,25692,0x18D74B42E40,DXGI,1,0,0,Composed: Flip,22285.7130,NA,13.80910000000000,16.68420000000000,19.03570000000000,33.47870000000000,79.8508,22283.8945,20.8542,1.8185,19.0357,21.3347,13.9625,11.6871,2.2754,-2.8826,22283.8945,NA
parkey.exe,25692,0x18D74B42E40,DXGI,1,0,0,Composed: Flip,22306.6665,NA,20.95350000000000,8.63680000000000,12.03760000000000,26.72110000000000,67.5341,22304.7487,13.9554,1.9178,12.0376,14.4672,14.1717,12.0878,2.0839,12.2174,22304.7487,NA
parkey.exe,25692,0x18D74B42E40,DXGI,1,0,0,Composed: Flip,22320.7264,NA,14.05990000000000,24.72720000000000,11.83880000000000,33.26190000000000,78.2014,22318.7041,13.8611,2.0223,11.8388,14.6835,20.6007,11.5607,9.0400,-10.7718,22318.7041,NA
parkey.exe,25692,0x18D74B42E40,DXGI,1,0,0,Composed: Flip,22334.6552,NA,13.92880000000000,16.67320000000000,18.85220000000000,33.10860000000000,80.9458,22332.5652,20.9422,2.0900,18.8522,21.4231,13.7755,11.7224,2.0531,-2.8121,22332.5652,NA
parkey.exe,25692,0x18D74B42E40,DXGI,1,0,0,Composed: Flip,22355.9976,NA,21.34240000000000,16.67960000000000,11.28680000000000,32.57340000000000,76.2830,22353.5074,13.7770,2.4902,11.2868,14.2564,20.8072,11.6826,9.1246,4.2626,22353.5074,NA
parkey.exe,25692,0x18D74B42E40,DXGI,1,0,0,Composed: Flip,22369.8944,NA,13.89680000000000,16.69980000000000,18.26390000000000,32.63150000000000,79.0860,22367.2844,20.8739,2.6100,18.2639,21.3105,13.9310,11.7234,2.2076,-2.9228,22367.2844,NA
parkey.exe,25692,0x18D74B42E40,DXGI,1,0,0,Composed: Flip,22390.6228,NA,20.72840000000000,8.51260000000000,11.41560000000000,25.79810000000000,66.8702,22388.1583,13.8801,2.4645,11.4156,14.3676,13.8950,11.6886,2.2064,12.3613,22388.1583,NA
parkey.exe,25692,0x18D74B42E40,DXGI,1,0,0,Composed: Flip,22404.3538,NA,13.73100000000000,24.83270000000000,11.58870000000000,32.96140000000000,77.9719,22402.0384,13.9041,2.3154,11.5887,14.4172,20.8596,12.0044,8.8552,-10.9526,22402.0384,NA
parkey.exe,25692,0x18D74B42E40,DXGI,1,0,0,Composed: Flip,22418.4231,NA,14.06930000000000,16.67860000000000,18.43790000000000,33.11600000000000,80.5812,22415.9425,20.9185,2.4806,18.4379,21.4215,14.1751,12.1207,2.0544,-2.7745,22415.9425,NA
parkey.exe,25692,0x18D74B42E40,DXGI,1,0,0,Composed: Flip,22439.8023,NA,21.37920000000000,16.67250000000000,10.85680000000000,32.12790000000000,75.8745,22436.8610,13.7981,2.9413,10.8568,14.6781,20.3911,12.0346,8.3565,4.2460,22436.8610,NA
parkey.exe,25692,0x18D74B42E40,DXGI,1,0,0,Composed: Flip,22453.0434,NA,13.24110000000000,16.68470000000000,18.44120000000000,32.78660000000000,79.3181,22450.6591,20.8255,2.3843,18.4412,21.3177,13.8532,11.6359,2.2173,-2.8866,22450.6591,NA
parkey.exe,25692,0x18D74B42E40,DXGI,1,0,0,Composed: Flip,22474.1783,NA,21.13490000000000,8.53110000000000,11.20930000000000,25.57540000000000,66.7143,22471.4846,13.9030,2.6937,11.2093,14.3942,13.8749,11.7638,2.1111,12.2944,22471.4846,NA
parkey.exe,25692,0x18D74B42E40,DXGI,1,0,0,Composed: Flip,22487.9090,NA,13.73070000000000,24.86060000000000,11.34450000000000,32.71340000000000,77.8442,22485.3876,13.8659,2.5214,11.3445,14.3661,20.8687,12.0216,8.8471,-10.9576,22485.3876,NA
parkey.exe,25692,0x18D74B42E40,DXGI,1,0,0,Composed: Flip,22501.6464,NA,13.73740000000000,16.64400000000000,18.47510000000000,33.12600000000000,80.7508,22499.2535,20.8680,2.3929,18.4751,21.3689,14.1500,12.0710,2.0790,-2.7781,22499.2535,NA
parkey.exe,25692,0x18D74B42E40,DXGI,1,0,0,Composed: Flip,22522.4284,NA,20.78200000000000,16.67840000000000,11.50610000000000,32.87490000000000,76.6472,22520.1215,13.8130,2.3069,11.5061,14.6509,20.5309,11.3163,9.2146,4.1896,22520.1215,NA
parkey.exe,25692,0x18D74B42E40,DXGI,1,0,0,Composed: Flip,22535.7036,NA,13.27520000000000,16.69060000000000,19.08740000000000,33.47950000000000,80.0626,22533.9345,20.8565,1.7691,19.0874,21.3688,13.8798,11.6814,2.1984,-2.8776,22533.9345,NA
parkey.exe,25692,0x18D74B42E40,DXGI,1,0,0,Composed: Flip,22556.8058,NA,21.10220000000000,8.41780000000000,11.91200000000000,26.61970000000000,67.3782,22554.7910,13.9268,2.0148,11.9120,14.4153,14.2192,12.0663,2.1529,12.4387,22554.7910,NA
parkey.exe,25692,0x18D74B42E40,DXGI,1,0,0,Composed: Flip,22570.6022,NA,13.79640000000000,24.94020000000000,11.97050000000000,33.35910000000001,78.5220,22568.7178,13.8549,1.8844,11.9705,14.7077,20.5358,11.5616,8.9742,-11.0134,22568.7178,NA
parkey.exe,25692,0x18D74B42E40,DXGI,1,0,0,Composed: Flip,22584.4771,NA,13.87490000000000,16.67760000000000,19.00410000000000,33.64290000000000,81.3247,22582.5727,20.9085,1.9044,19.0041,21.3886,14.1587,12.0898,2.0689,-2.8227,22582.5727,NA
parkey.exe,25692,0x18D74B42E40,DXGI,1,0,0,Composed: Flip,22605.4537,NA,20.97660000000000,16.67610000000000,11.83470000000000,33.15640000000000,77.0242,22603.4812,13.8072,1.9725,11.8347,14.6388,20.4901,11.6928,8.7973,4.2324,22603.4812,NA
parkey.exe,25692,0x18D74B42E40,DXGI,1,0,0,Composed: Flip,22619.1225,NA,13.66880000000000,16.68530000000000,19.01050000000000,33.43270000000000,80.0407,22617.2884,20.8446,1.8341,19.0105,21.3641,13.9027,11.6522,2.2505,-2.8781,22617.2884,NA
parkey.exe,25692,0x18D74B42E40,DXGI,1,0,0,Composed: Flip,22640.0348,NA,20.91230000000000,8.42640000000000,12.04100000000000,26.82070000000000,67.5548,22638.1330,13.9428,1.9018,12.0410,14.4222,14.3003,12.0613,2.2390,12.4182,22638.1330,NA
parkey.exe,25692,0x18D74B42E40,DXGI,1,0,0,Composed: Flip,22653.8814,NA,13.84660000000000,24.93450000000000,12.09820000000000,33.37510000000000,78.6427,22652.0758,13.9038,1.8056,12.0982,14.7797,20.4010,11.5776,8.8234,-10.9917,22652.0758,NA
parkey.exe,25692,0x18D74B42E40,DXGI,1,0,0,Composed: Flip,22667.7624,NA,13.88100000000000,16.67090000000000,19.05010000000000,33.71800000000000,81.4326,22665.9796,20.8329,1.7828,19.0501,21.3295,14.1713,12.0680,2.1033,-2.7671,22665.9796,NA
parkey.exe,25692,0x18D74B42E40,DXGI,1,0,0,Composed: Flip,22688.9506,NA,21.18820000000000,16.68440000000000,11.68610000000000,33.04240000000000,76.9288,22686.8125,13.8242,2.1381,11.6861,14.6679,20.5126,11.2978,9.2148,4.1485,22686.8125,NA
parkey.exe,25692,0x18D74B42E40,DXGI,1,0,0,Composed: Flip,22702.4081,NA,13.45750000000000,16.68110000000000,19.11300000000000,33.50940000000000,80.1524,22700.6367,20.8844,1.7714,19.1130,21.3995,13.8813,11.6963,2.1850,-2.8569,22700.6367,NA
parkey.exe,25692,0x18D74B42E40,DXGI,1,0,0,Composed: Flip,22723.5675,NA,21.15940000000000,8.30560000000000,11.84980000000000,26.78650000000000,67.2986,22721.5211,13.8962,2.0464,11.8498,14.3964,14.4365,12.0577,2.3788,12.5788,22721.5211,NA
parkey.exe,25692,0x18D74B42E40,DXGI,1,0,0,Composed: Flip,22737.3453,NA,13.77780000000000,25.05870000000000,11.98480000000000,33.30470000000000,78.5795,22735.4173,13.9128,1.9280,11.9848,14.9367,20.2960,11.6055,8.6905,-11.1625,22735.4173,NA
parkey.exe,25692,0x18D74B42E40,DXGI,1,0,0,Composed: Flip,22751.2178,NA,13.87250000000000,16.60920000000000,18.94680000000000,33.97740000000000,81.3162,22749.3301,20.8345,1.8877,18.9468,21.3199,14.5452,12.3787,2.1665,-2.6964,22749.3301,NA
parkey.exe,25692,0x18D74B42E40,DXGI,1,0,0,Composed: Flip,22772.1004,NA,20.88260000000000,16.75000000000000,11.89920000000000,33.21980000000000,77.1836,22770.1646,13.8350,1.9358,11.8992,15.0306,20.1250,11.6516,8.4734,4.0845,22770.1646,NA
parkey.exe,25692,0x18D74B42E40,DXGI,1,0,0,Composed: Flip,22786.1543,NA,14.05390000000000,16.68080000000000,18.68340000000000,33.11370000000000,79.8105,22783.9996,20.8381,2.1547,18.6834,21.3206,13.9478,11.7019,2.2459,-2.8458,22783.9996,NA
parkey.exe,25692,0x18D74B42E40,DXGI,1,0,0,Composed: Flip,22806.7237,NA,20.56940000000000,8.30690000000000,12.04450000000000,26.41250000000000,67.5480,22804.8377,13.9305,1.8860,12.0445,14.4303,13.8682,11.6686,2.1996,12.5312,22804.8377,NA
parkey.exe,25692,0x18D74B42E40,DXGI,1,0,0,Composed: Flip,22820.5581,NA,13.83440000000000,25.05730000000000,12.04930000000000,33.45300000000000,78.7709,22818.7682,13.8392,1.7899,12.0493,14.3680,20.8749,11.5973,9.2776,-11.1268,22818.7682,NA
parkey.exe,25692,0x18D74B42E40,DXGI,1,0,0,Composed: Flip,22834.2490,NA,13.69090000000000,16.55570000000000,19.27050000000000,33.92900000000000,81.6357,22832.6074,20.9121,1.6416,19.2705,21.4037,14.1669,12.1011,2.0658,-2.7165,22832.6074,NA
parkey.exe,25692,0x18D74B42E40,DXGI,1,0,0,Composed: Flip,22855.3601,NA,21.11110000000000,16.79820000000000,11.97410000000000,33.30730000000001,77.3228,22853.5195,13.8147,1.8406,11.9741,14.6585,20.4894,11.2636,9.2258,4.1139,22853.5195,NA
parkey.exe,25692,0x18D74B42E40,DXGI,1,0,0,Composed: Flip,22869.0956,NA,13.73550000000000,16.68790000000000,19.07290000000000,33.48830000000000,80.2752,22867.3342,20.8343,1.7614,19.0729,21.3332,13.9165,11.7040,2.2125,-2.8732,22867.3342,NA
parkey.exe,25692,0x18D74B42E40,DXGI,1,0,0,Composed: Flip,22889.9415,NA,20.84590000000000,8.19130000000000,12.17890000000000,26.53600000000000,67.6206,22888.1685,13.9519,1.7730,12.1789,14.4307,13.8783,11.7336,2.1447,12.6430,22888.1685,NA
parkey.exe,25692,0x18D74B42E40,DXGI,1,0,0,Composed: Flip,22903.8852,NA,13.94370000000000,25.18900000000000,12.07980000000000,33.46010000000000,78.8659,22902.1204,13.8446,1.7648,12.0798,14.3837,20.8412,11.6514,9.1898,-11.2371,22902.1204,NA
parkey.exe,25692,0x18D74B42E40,DXGI,1,0,0,Composed: Flip,22917.7894,NA,13.90420000000000,16.47970000000000,19.04910000000000,33.72670000000000,81.4414,22915.9650,20.8735,1.8244,19.0491,21.3803,14.1708,12.0289,2.1419,-2.6351,22915.9650,NA
parkey.exe,25692,0x18D74B42E40,DXGI,1,0,0,Composed: Flip,22938.7259,NA,20.93650000000000,16.85730000000000,11.94790000000000,33.27000000000000,77.3622,22936.8385,13.8353,1.8874,11.9479,14.6776,20.4798,11.6587,8.8211,4.0162,22936.8385,NA
parkey.exe,25692,0x18D74B42E40,DXGI,1,0,0,Composed: Flip,22952.3554,NA,13.62950000000000,16.68020000000000,19.17410000000000,33.58960000000000,80.4129,22950.6738,20.8557,1.6816,19.1741,21.3442,13.9270,11.6589,2.2681,-2.8449,22950.6738,NA
parkey.exe,25692,0x18D74B42E40,DXGI,1,0,0,Composed: Flip,22973.4518,NA,21.09640000000000,8.15660000000000,12.00860000000000,26.34840000000000,67.4731,22971.5295,13.9309,1.9223,12.0086,14.4155,13.8552,11.7106,2.1446,12.6991,22971.5295,NA
parkey.exe,25692,0x18D74B42E40,DXGI,1,0,0,Composed: Flip,22987.2345,NA,13.78270000000000,25.20290000000000,12.06050000000000,33.49660000000000,78.8933,22985.4604,13.8346,1.7741,12.0605,14.3849,20.8858,11.6704,9.2154,-11.2720,22985.4604,NA
parkey.exe,25692,0x18D74B42E40,DXGI,1,0,0,Composed: Flip,23001.3451,NA,14.11060000000000,16.45890000000000,18.88950000000000,33.44820000000000,81.2416,22999.2950,20.9396,2.0501,18.8895,21.4361,14.0622,11.9908,2.0714,-2.6243,22999.2950,NA
parkey.exe,25692,0x18D74B42E40,DXGI,1,0,0,Composed: Flip,23022.5608,NA,21.21570000000000,16.90150000000000,11.47040000000000,32.83140000000000,76.9274,23020.2346,13.7966,2.3262,11.4704,14.5587,20.5989,11.6583,8.9406,4.0381,23020.2346,NA
parkey.exe,25692,0x18D74B42E40,DXGI,1,0,0,Composed: Flip,23035.7353,NA,13.17450000000000,16.67410000000000,19.14100000000000,33.54340000000000,80.4270,23034.0312,20.8451,1.7041,19.1410,21.3610,13.8865,11.6694,2.2171,-2.8775,23034.0312,NA
parkey.exe,25692,0x18D74B42E40,DXGI,1,0,0,Composed: Flip,23056.6877,NA,20.95240000000000,8.15460000000000,12.13360000000000,26.50900000000000,67.6292,23054.8763,13.9450,1.8114,12.1336,14.4024,13.9180,11.7113,2.2067,12.6905,23054.8763,NA
parkey.exe,25692,0x18D74B42E40,DXGI,1,0,0,Composed: Flip,23070.9224,NA,14.23470000000000,25.21440000000000,11.74450000000000,33.10730000000000,78.6089,23068.8213,13.8456,2.1011,11.7445,14.3754,20.8330,11.6781,9.1549,-11.2694,23068.8213,NA
parkey.exe,25692,0x18D74B42E40,DXGI,1,0,0,Composed: Flip,23084.8681,NA,13.94570000000000,16.39280000000000,18.70760000000000,33.38920000000000,81.0560,23082.6669,20.9088,2.2012,18.7076,21.3810,14.2094,12.1049,2.1045,-2.5472,23082.6669,NA
parkey.exe,25692,0x18D74B42E40,DXGI,1,0,0,Composed: Flip,23105.9422,NA,21.07410000000000,16.96350000000000,11.43130000000000,32.88310000000000,76.9454,23103.5757,13.7978,2.3665,11.4313,14.6816,20.5680,11.3209,9.2471,3.9453,23103.5757,NA
parkey.exe,25692,0x18D74B42E40,DXGI,1,0,0,Composed: Flip,23119.1245,NA,13.18230000000000,16.68290000000000,19.22990000000000,33.52770000000000,80.4460,23117.3735,20.9809,1.7510,19.2299,21.4981,13.7806,11.6806,2.1000,-2.8851,23117.3735,NA
parkey.exe,25692,0x18D74B42E40,DXGI,1,0,0,Composed: Flip,23140.2768,NA,21.15230000000000,8.03620000000000,11.88920000000000,26.19460000000000,67.3299,23138.3544,13.8116,1.9224,11.8892,14.2978,13.8192,11.6994,2.1198,12.9447,23138.3544,NA
parkey.exe,25692,0x18D74B42E40,DXGI,1,0,0,Composed: Flip,23154.1867,NA,13.90990000000000,25.32680000000000,11.82070000000000,33.24970000000000,78.7468,23152.1660,13.8414,2.0207,11.8207,14.3512,20.9192,11.6242,9.2950,-11.5152,23152.1660,NA
parkey.exe,25692,0x18D74B42E40,DXGI,1,0,0,Composed: Flip,23167.8814,NA,13.69470000000000,16.34550000000000,19.05110000000000,33.77750000000000,81.3976,23166.0074,20.9251,1.8740,19.0511,21.4290,14.2225,12.0540,2.1685,-2.5041,23166.0074,NA
parkey.exe,25692,0x18D74B42E40,DXGI,1,0,0,Composed: Flip,23188.7767,NA,20.89530000000000,17.01020000000000,12.04100000000000,33.30750000000000,77.5125,23186.9325,13.8852,1.8442,12.0410,14.7264,20.4253,11.6754,8.7499,3.9149,23186.9325,NA
parkey.exe,25692,0x18D74B42E40,DXGI,1,0,0,Composed: Flip,23202.6828,NA,13.90610000000000,16.67930000000000,18.89720000000000,33.34950000000000,80.2857,23200.8177,20.7623,1.8651,18.8972,21.2665,13.9481,11.7297,2.2184,-2.7941,23200.8177,NA
parkey.exe,25692,0x18D74B42E40,DXGI,1,0,0,Composed: Flip,23223.6000,NA,20.91720000000000,7.98550000000000,11.92140000000000,26.24300000000000,67.3540,23221.5800,13.9414,2.0200,11.9214,14.4523,13.8107,11.6933,2.1174,12.7768,23221.5800,NA
parkey.exe,25692,0x18D74B42E40,DXGI,1,0,0,Composed: Flip,23237.3609,NA,13.76090000000000,25.37990000000000,11.99470000000000,33.38750000000000,78.9730,23235.5214,13.8342,1.8395,11.9947,14.3550,20.8720,11.6304,9.2416,-11.4385,23235.5214,NA
parkey.exe,25692,0x18D74B42E40,DXGI,1,0,0,Composed: Flip,23251.2574,NA,13.89650000000000,16.29010000000000,18.99900000000000,33.67610000000000,81.3666,23249.3556,20.9008,1.9018,18.9990,21.3928,14.1851,12.0605,2.1246,-2.4559,23249.3556,NA
parkey.exe,25692,0x18D74B42E40,DXGI,1,0,0,Composed: Flip,23272.1538,NA,20.89640000000000,17.07470000000000,11.95970000000000,33.26020000000000,77.5449,23270.2564,13.8571,1.8974,11.9597,14.6771,20.4805,11.6374,8.8431,3.8261,23270.2564,NA
parkey.exe,25692,0x18D74B42E40,DXGI,1,0,0,Composed: Flip,23285.7744,NA,13.62060000000000,16.67260000000000,19.15040000000000,33.56400000000000,80.5969,23284.1135,20.8113,1.6609,19.1504,21.3005,13.9244,11.6578,2.2666,-2.8155,23284.1135,NA
parkey.exe,25692,0x18D74B42E40,DXGI,1,0,0,Composed: Flip,23306.8694,NA,21.09500000000000,16.67350000000000,11.97490000000000,26.30050000000000,76.1754,23304.9248,13.9195,1.9446,11.9749,14.4136,13.8315,11.6739,2.1576,4.1378,23304.9248,NA
parkey.exe,25692,0x18D74B42E40,DXGI,1,0,0,Composed: Flip,23320.7588,NA,13.88940000000000,16.68580000000000,11.93970000000000,33.33620000000000,78.9718,23318.8443,13.8542,1.9145,11.9397,14.3691,20.8816,11.6167,9.2649,-2.7663,23318.8443,NA
parkey.exe,25692,0x18D74B42E40,DXGI,1,0,0,Composed: Flip,23334.4850,NA,13.72620000000000,16.23680000000000,19.14330000000000,33.72920000000000,81.4824,23332.6985,20.9298,1.7865,19.1433,21.4215,14.0942,12.0042,2.0900,-2.3826,23332.6985,NA
parkey.exe,25692,0x18D74B42E40,DXGI,1,0,0,Composed: Flip,23356.0700,NA,21.58500000000000,6.95100000000000,11.37820000000000,32.69610000000000,66.8484,23353.6283,13.8199,2.4417,11.3782,14.5859,20.5519,11.5148,9.0371,13.9788,23353.6283,NA
parkey.exe,25692,0x18D74B42E40,DXGI,1,0,0,Composed: Flip,23369.1535,NA,13.08350000000000,26.85180000000000,19.11820000000000,33.52990000000000,80.6167,23367.4482,20.8235,1.7053,19.1182,21.3179,13.9173,11.6934,2.2239,-13.0319,23367.4482,NA
parkey.exe,25692,0x18D74B42E40,DXGI,1,0,0,Composed: Flip,23390.2600,NA,21.10650000000000,7.87710000000000,12.11610000000000,26.27980000000000,67.3873,23388.2717,14.1044,1.9883,12.1161,14.4520,13.8161,11.6828,2.1333,12.9464,23388.2717,NA
parkey.exe,25692,0x18D74B42E40,DXGI,1,0,0,Composed: Flip,23404.3601,NA,14.10010000000000,25.49630000000000,11.68520000000000,33.06570000000000,78.7835,23402.3761,13.6692,1.9840,11.6852,14.1923,20.8574,11.7485,9.1089,-11.3919,23402.3761,NA
parkey.exe,25692,0x18D74B42E40,DXGI,1,0,0,Composed: Flip,23418.1861,NA,13.82600000000000,16.17860000000000,18.75020000000000,33.34700000000000,81.1361,23416.0453,20.8910,2.1408,18.7502,21.4038,14.0840,11.9829,2.1011,-2.5094,23416.0453,NA
parkey.exe,25692,0x18D74B42E40,DXGI,1,0,0,Composed: Flip,23438.9682,NA,20.78210000000000,17.16990000000000,11.82470000000000,33.14760000000000,77.5239,23436.9363,13.8566,2.0319,11.8247,14.5968,20.5827,11.7017,8.8810,3.7211,23436.9363,NA
parkey.exe,25692,0x18D74B42E40,DXGI,1,0,0,Composed: Flip,23452.4812,NA,13.51300000000000,16.67530000000000,19.13540000000000,33.55070000000000,80.6862,23450.7929,20.8237,1.6883,19.1354,21.3229,13.9161,11.6805,2.2356,-2.8187,23450.7929,NA
parkey.exe,25692,0x18D74B42E40,DXGI,1,0,0,Composed: Flip,23473.6222,NA,21.14100000000000,16.68470000000000,11.92120000000000,26.28660000000000,76.2299,23471.6166,13.9268,2.0056,11.9212,14.4153,13.8769,11.6896,2.1873,4.1390,23471.6166,NA
parkey.exe,25692,0x18D74B42E40,DXGI,1,0,0,Composed: Flip,23487.4301,NA,13.80790000000000,16.69330000000000,11.96970000000000,33.37800000000000,79.1153,23485.5434,13.8564,1.8867,11.9697,14.4092,20.8555,11.6242,9.2313,-2.7665,23485.5434,NA
parkey.exe,25692,0x18D74B42E40,DXGI,1,0,0,Composed: Flip,23501.3841,NA,13.95400000000000,16.12140000000000,18.92110000000000,33.14450000000000,81.2827,23499.3998,20.9054,1.9843,18.9211,21.4083,13.7205,11.5947,2.1258,-2.2650,23499.3998,NA
parkey.exe,25692,0x18D74B42E40,DXGI,1,0,0,Composed: Flip,23522.4833,NA,21.09920000000000,17.22750000000000,11.67950000000000,33.03440000000001,77.4110,23520.3052,13.8576,2.1781,11.6795,14.2234,20.9891,11.7306,9.2585,3.6779,23520.3052,NA
parkey.exe,25692,0x18D74B42E40,DXGI,1,0,0,Composed: Flip,23535.7498,NA,13.26650000000000,16.67960000000000,19.22160000000000,33.59810000000000,80.8241,23534.1628,20.8086,1.5870,19.2216,21.3549,13.8302,11.6572,2.1730,-2.8220,23534.1628,NA
parkey.exe,25692,0x18D74B42E40,DXGI,1,0,0,Composed: Flip,23557.0025,NA,21.25270000000000,16.67910000000000,11.87900000000000,26.27510000000000,76.2505,23554.9714,13.9101,2.0311,11.8790,14.3765,13.9297,11.6875,2.2422,4.1295,23554.9714,NA
parkey.exe,25692,0x18D74B42E40,DXGI,1,0,0,Composed: Flip,23570.8490,NA,13.84650000000000,16.68340000000000,11.90090000000000,33.29350000000000,79.0874,23568.8815,13.8684,1.9675,11.9009,14.3961,20.8649,11.5855,9.2794,-2.7733,23568.8815,NA
parkey.exe,25692,0x18D74B42E40,DXGI,1,0,0,Composed: Flip,23584.6791,NA,13.83010000000000,16.07990000000000,18.98020000000000,33.25220000000000,81.3372,23582.7499,20.9094,1.9292,18.9802,21.3926,13.7888,11.6315,2.1573,-2.2115,23582.7499,NA
parkey.exe,25692,0x18D74B42E40,DXGI,1,0,0,Composed: Flip,23605.7623,NA,21.08320000000000,17.28320000000000,11.75330000000000,33.09170000000000,77.5372,23603.6593,13.8563,2.1030,11.7533,14.2720,20.9227,11.8201,9.1026,3.6262,23603.6593,NA
parkey.exe,25692,0x18D74B42E40,DXGI,1,0,0,Composed: Flip,23619.4444,NA,13.68210000000000,16.67560000000000,18.88720000000000,33.27800000000000,80.5307,23617.5156,20.8160,1.9288,18.8872,21.3384,13.8684,11.6763,2.1921,-2.8193,23617.5156,NA
parkey.exe,25692,0x18D74B42E40,DXGI,1,0,0,Composed: Flip,23640.5451,NA,21.10070000000000,16.67550000000000,11.70330000000000,26.06210000000000,76.1055,23638.3316,13.9168,2.2135,11.7033,14.4122,13.8634,11.7229,2.1405,4.1405,23638.3316,NA
parkey.exe,25692,0x18D74B42E40,DXGI,1,0,0,Composed: Flip,23654.2741,NA,13.72900000000000,16.68980000000000,11.83280000000000,33.19780000000000,79.0663,23652.2484,13.8585,2.0257,11.8328,14.3934,20.8301,11.5814,9.2487,-2.7730,23652.2484,NA
parkey.exe,25692,0x18D74B42E40,DXGI,1,0,0,Composed: Flip,23668.0464,NA,13.77230000000000,9.12860000000000,18.95360000000000,33.59000000000000,74.4226,23666.1069,20.8931,1.9395,18.9536,21.3650,14.1645,12.0656,2.0989,4.7299,23666.1069,NA
parkey.exe,25692,0x18D74B42E40,DXGI,1,0,0,Composed: Flip,23688.9125,NA,20.86610000000000,24.22590000000000,11.99460000000000,33.31700000000000,77.7824,23687.0000,13.9071,1.9125,11.9946,14.6364,20.5931,11.6567,8.9364,-3.3328,23687.0000,NA
parkey.exe,25692,0x18D74B42E40,DXGI,1,0,0,Composed: Flip,23703.0419,NA,14.12940000000000,16.67560000000000,18.70420000000000,33.32660000000000,80.3286,23700.9071,20.8390,2.1348,18.7042,21.3459,14.1155,12.0526,2.0629,-2.7685,23700.9071,NA
parkey.exe,25692,0x18D74B42E40,DXGI,1,0,0,Composed: Flip,23724.2676,NA,21.22570000000000,16.67800000000000,11.27130000000000,25.66200000000000,75.7809,23721.7461,13.7928,2.5215,11.2713,14.6224,13.5611,11.2586,2.3025,4.1610,23721.7461,NA
parkey.exe,25692,0x18D74B42E40,DXGI,1,0,0,Composed: Flip,23737.5870,NA,13.31940000000000,16.68800000000000,11.84160000000000,33.22270000000000,79.1495,23735.5389,13.8897,2.0481,11.8416,14.3907,20.8801,11.6376,9.2425,-2.8952,23735.5389,NA
parkey.exe,25692,0x18D74B42E40,DXGI,1,0,0,Composed: Flip,23751.2579,NA,13.67090000000000,9.10500000000000,19.08880000000000,33.75020000000000,74.5836,23749.4286,20.9181,1.8293,19.0888,21.4061,14.1734,12.0593,2.1141,4.7847,23749.4286,NA
parkey.exe,25692,0x18D74B42E40,DXGI,1,0,0,Composed: Flip,23772.4847,NA,21.22680000000000,24.25930000000000,11.71210000000000,33.04970000000000,77.6161,23770.3467,13.8501,2.1380,11.7121,14.6614,20.5263,11.2352,9.2911,-3.3412,23770.3467,NA
parkey.exe,25692,0x18D74B42E40,DXGI,1,0,0,Composed: Flip,23785.7583,NA,13.27360000000000,16.67050000000000,19.30970000000000,33.96490000000000,81.0130,23784.1968,20.8712,1.5615,19.3097,21.3603,14.1661,12.0596,2.1065,-2.8204,23784.1968,NA
parkey.exe,25692,0x18D74B42E40,DXGI,1,0,0,Composed: Flip,23807.0953,NA,21.33700000000000,16.68490000000000,11.78910000000000,33.15560000000000,76.3609,23805.0680,13.8164,2.0273,11.7891,14.6552,20.5277,11.3779,9.1498,4.1863,23805.0680,NA
parkey.exe,25692,0x18D74B42E40,DXGI,1,0,0,Composed: Flip,23820.6412,NA,13.54590000000000,16.71040000000000,19.09710000000000,33.52470000000000,79.5254,23818.8844,20.8539,1.7568,19.0971,21.3665,13.9150,11.7458,2.1692,-2.8940,23818.8844,NA
parkey.exe,25692,0x18D74B42E40,DXGI,1,0,0,Composed: Flip,23841.7219,NA,21.08070000000000,9.00330000000000,11.94130000000000,26.71260000000000,67.4480,23839.7383,13.9249,1.9836,11.9413,14.4276,14.2686,12.1218,2.1468,11.8506,23839.7383,NA
parkey.exe,25692,0x18D74B42E40,DXGI,1,0,0,Composed: Flip,23855.6547,NA,13.93280000000000,24.33230000000000,11.86200000000000,33.24190000000000,77.8475,23853.6632,13.8535,1.9915,11.8620,14.7713,20.4621,11.3233,9.1388,-10.4074,23853.6632,NA
parkey.exe,25692,0x18D74B42E40,DXGI,1,0,0,Composed: Flip,23869.2515,NA,13.59680000000000,16.66860000000000,19.17880000000000,34.02420000000000,80.9193,23867.5167,20.9136,1.7348,19.1788,21.4033,14.3557,12.2828,2.0729,-2.8151,23867.5167,NA
parkey.exe,25692,0x18D74B42E40,DXGI,1,0,0,Composed: Flip,23890.2782,NA,21.02670000000000,16.68070000000000,11.95890000000000,33.26870000000000,76.5733,23888.4303,13.8068,1.8479,11.9589,14.8454,20.2712,11.3046,8.9666,4.2329,23888.4303,NA
parkey.exe,25692,0x18D74B42E40,DXGI,1,0,0,Composed: Flip,23904.2652,NA,13.98700000000000,16.68520000000000,18.81000000000000,33.22820000000000,79.2715,23902.2371,20.8381,2.0281,18.8100,21.3304,13.9259,11.6933,2.2326,-2.8784,23902.2371,NA
parkey.exe,25692,0x18D74B42E40,DXGI,1,0,0,Composed: Flip,23925.0890,NA,20.82380000000000,8.99100000000000,11.94050000000000,26.67560000000000,67.4387,23923.0752,13.9543,2.0138,11.9405,14.4376,14.2518,12.0313,2.2205,11.8471,23923.0752,NA
parkey.exe,25692,0x18D74B42E40,DXGI,1,0,0,Composed: Flip,23938.8578,NA,13.76880000000000,24.37510000000000,12.03420000000000,33.36790000000000,78.0450,23937.0295,13.8625,1.8283,12.0342,14.7351,20.4611,11.6067,8.8544,-10.4208,23937.0295,NA
parkey.exe,25692,0x18D74B42E40,DXGI,1,0,0,Composed: Flip,23952.8441,NA,13.98630000000000,16.67230000000000,18.92770000000000,33.57650000000000,80.7310,23950.8920,20.8798,1.9521,18.9277,21.3776,14.1510,12.0551,2.0959,-2.8098,23950.8920,NA
parkey.exe,25692,0x18D74B42E40,DXGI,1,0,0,Composed: Flip,23973.7486,NA,20.90450000000000,16.67860000000000,11.83510000000000,33.15880000000000,76.5051,23971.7718,13.8119,1.9768,11.8351,14.6488,20.4868,11.3190,9.1678,4.2012,23971.7718,NA
parkey.exe,25692,0x18D74B42E40,DXGI,1,0,0,Composed: Flip,23987.2063,NA,13.45770000000000,16.68520000000000,19.22580000000000,33.63760000000000,79.7326,23985.5837,20.8484,1.6226,19.2258,21.3237,13.9365,11.6651,2.2714,-2.8733,23985.5837,NA
parkey.exe,25692,0x18D74B42E40,DXGI,1,0,0,Composed: Flip,24008.3341,NA,21.12780000000000,8.88220000000000,12.03930000000000,26.78860000000000,67.4870,24006.4321,13.9413,1.9020,12.0393,14.4383,14.2523,12.1139,2.1384,11.9662,24006.4321,NA
parkey.exe,25692,0x18D74B42E40,DXGI,1,0,0,Composed: Flip,24022.2518,NA,13.91770000000000,24.48210000000000,12.00640000000000,33.34430000000000,78.0514,24020.3734,13.8848,1.8784,12.0064,14.7493,20.4734,11.6091,8.8643,-10.5408,24020.3734,NA
parkey.exe,25692,0x18D74B42E40,DXGI,1,0,0,Composed: Flip,24036.3957,NA,14.14390000000000,16.67580000000000,18.69530000000000,33.40330000000000,80.5833,24034.2582,20.8328,2.1375,18.6953,21.3379,14.2029,12.0826,2.1203,-2.7910,24034.2582,NA
parkey.exe,25692,0x18D74B42E40,DXGI,1,0,0,Composed: Flip,24056.9378,NA,20.54210000000000,16.68010000000000,12.01740000000000,33.33750000000000,76.7213,24055.0910,13.8642,1.8468,12.0174,14.7080,20.4763,11.6602,8.8161,4.1527,24055.0910,NA
parkey.exe,25692,0x18D74B42E40,DXGI,1,0,0,Composed: Flip,24070.8312,NA,13.89340000000000,16.68950000000000,18.95900000000000,33.37860000000000,79.5174,24068.9552,20.8350,1.8760,18.9590,21.3201,13.9345,11.7104,2.2241,-2.8253,24068.9552,NA
parkey.exe,25692,0x18D74B42E40,DXGI,1,0,0,Composed: Flip,24091.8154,NA,20.98420000000000,8.86860000000000,11.89530000000000,26.62490000000000,67.4018,24089.7902,13.9205,2.0252,11.8953,14.4196,14.2305,12.0409,2.1896,11.9664,24089.7902,NA
parkey.exe,25692,0x18D74B42E40,DXGI,1,0,0,Composed: Flip,24105.8692,NA,14.05380000000000,24.48910000000000,11.71900000000000,33.10700000000000,77.8371,24103.7107,13.8775,2.1585,11.7190,14.7296,20.5359,11.6707,8.8652,-10.5686,24103.7107,NA
parkey.exe,25692,0x18D74B42E40,DXGI,1,0,0,Composed: Flip,24119.8573,NA,13.98810000000000,16.66950000000000,18.63700000000000,32.79820000000000,80.5185,24117.5882,20.9061,2.2691,18.6370,21.4083,13.6590,11.5484,2.1106,-2.7920,24117.5882,NA
parkey.exe,25692,0x18D74B42E40,DXGI,1,0,0,Composed: Flip,24140.9609,NA,21.10360000000000,16.68450000000000,11.33090000000000,32.64810000000000,76.0994,24138.4943,13.7975,2.4666,11.3309,14.1756,20.9391,11.6853,9.2538,4.2216,24138.4943,NA
parkey.exe,25692,0x18D74B42E40,DXGI,1,0,0,Composed: Flip,24154.3536,NA,13.39270000000000,16.68150000000000,18.77050000000000,33.17760000000000,79.3882,24152.2918,20.8323,2.0618,18.7705,21.3172,13.9222,11.6883,2.2339,-2.8840,24152.2918,NA
parkey.exe,25692,0x18D74B42E40,DXGI,1,0,0,Composed: Flip,24175.3318,NA,20.97820000000000,8.81430000000000,11.75070000000000,26.50200000000000,67.2243,24173.1241,13.9584,2.2077,11.7507,14.4447,14.2650,12.1098,2.1552,12.0180,24173.1241,NA
parkey.exe,25692,0x18D74B42E40,DXGI,1,0,0,Composed: Flip,24189.2202,NA,13.88840000000000,24.54610000000000,11.70310000000000,33.08950000000000,77.8820,24187.0825,13.8408,2.1377,11.7031,14.7513,20.4759,11.4951,8.9808,-10.5877,24187.0825,NA
parkey.exe,25692,0x18D74B42E40,DXGI,1,0,0,Composed: Flip,24202.6803,NA,13.46010000000000,16.67670000000000,19.14420000000000,33.68260000000000,81.0986,24200.9233,20.9012,1.7570,19.1442,21.3864,14.0532,11.9704,2.0828,-2.8359,24200.9233,NA
parkey.exe,25692,0x18D74B42E40,DXGI,1,0,0,Composed: Flip,24223.7375,NA,21.05720000000000,16.68250000000000,11.88660000000000,33.25620000000000,76.7239,24221.8245,13.7996,1.9130,11.8866,14.5384,20.6308,11.2849,9.3459,4.2187,24221.8245,NA
parkey.exe,25692,0x18D74B42E40,DXGI,1,0,0,Composed: Flip,24237.4266,NA,13.68910000000000,16.68450000000000,19.05260000000000,33.45050000000000,79.7193,24235.6241,20.8551,1.8025,19.0526,21.3696,13.8834,11.7033,2.1801,-2.8849,24235.6241,NA
parkey.exe,25692,0x18D74B42E40,DXGI,1,0,0,Composed: Flip,24258.3818,NA,20.95520000000000,8.78300000000000,12.02130000000000,26.74150000000000,67.5471,24256.4792,13.9239,1.9026,12.0213,14.3979,14.2462,12.0502,2.1960,12.0721,24256.4792,NA
parkey.exe,25692,0x18D74B42E40,DXGI,1,0,0,Composed: Flip,24272.2680,NA,13.88620000000000,24.57770000000000,12.00160000000000,33.37530000000000,78.2386,24270.4031,13.8665,1.8649,12.0016,14.7202,20.5200,11.6663,8.8537,-10.6538,24270.4031,NA
parkey.exe,25692,0x18D74B42E40,DXGI,1,0,0,Composed: Flip,24286.2168,NA,13.94880000000000,16.67820000000000,18.94490000000000,33.59480000000000,80.9680,24284.2696,20.8921,1.9472,18.9449,21.3737,14.1683,12.0562,2.1121,-2.8117,24284.2696,NA
parkey.exe,25692,0x18D74B42E40,DXGI,1,0,0,Composed: Flip,24306.9472,NA,20.73040000000000,16.67480000000000,12.03250000000000,33.35950000000000,76.9124,24305.1617,13.8180,1.7855,12.0325,14.6499,20.4951,11.3080,9.1871,4.2173,24305.1617,NA
parkey.exe,25692,0x18D74B42E40,DXGI,1,0,0,Composed: Flip,24320.8629,NA,13.91570000000000,16.67700000000000,18.95860000000000,33.68020000000000,79.6737,24318.9797,20.8418,1.8832,18.9586,21.3477,14.2157,11.7014,2.5143,-2.8590,24318.9797,NA
parkey.exe,25692,0x18D74B42E40,DXGI,1,0,0,Composed: Flip,24341.8708,NA,21.00790000000000,8.71910000000000,12.13570000000000,26.61290000000000,67.3849,24339.8215,14.1850,2.0493,12.1357,14.7216,13.9406,12.1010,1.8396,12.1227,24339.8215,NA
parkey.exe,25692,0x18D74B42E40,DXGI,1,0,0,Composed: Flip,24356.0758,NA,14.20500000000000,24.64420000000000,11.55350000000000,32.89340000000000,77.8241,24354.0065,13.6228,2.0693,11.5535,14.4772,20.4855,11.5414,8.9441,-10.4592,24354.0065,NA
parkey.exe,25692,0x18D74B42E40,DXGI,1,0,0,Composed: Flip,24369.6105,NA,13.53470000000000,16.68220000000000,18.90680000000000,33.54060000000000,80.9716,24367.6293,20.8880,1.9812,18.9068,21.3859,14.1359,12.0699,2.0660,-3.0594,24367.6293,NA
parkey.exe,25692,0x18D74B42E40,DXGI,1,0,0,Composed: Flip,24390.5792,NA,20.96870000000000,16.68080000000000,11.73320000000000,33.07460000000000,76.6837,24388.5173,13.7951,2.0619,11.7332,14.6338,20.5027,11.2379,9.2648,4.2072,24388.5173,NA
parkey.exe,25692,0x18D74B42E40,DXGI,1,0,0,Composed: Flip,24404.0662,NA,13.48700000000000,16.67570000000000,19.10510000000000,33.52360000000000,79.8724,24402.3124,20.8589,1.7538,19.1051,21.3414,13.9360,11.2363,2.6997,-2.8806,24402.3124,NA
parkey.exe,25692,0x18D74B42E40,DXGI,1,0,0,Composed: Flip,24425.2794,NA,21.21320000000000,8.68080000000000,11.84040000000000,26.54650000000000,67.3400,24423.1713,13.9485,2.1081,11.8404,14.4435,14.2111,12.0841,2.1270,12.1781,24423.1713,NA
parkey.exe,25692,0x18D74B42E40,DXGI,1,0,0,Composed: Flip,24439.1776,NA,13.89820000000000,24.68970000000000,11.84140000000000,33.16270000000000,78.1315,24437.1198,13.8992,2.0578,11.8414,14.7061,20.5144,11.5948,8.9196,-10.7412,24437.1198,NA
parkey.exe,25692,0x18D74B42E40,DXGI,1,0,0,Composed: Flip,24452.9132,NA,13.73560000000000,16.67250000000000,18.95740000000000,33.60930000000000,81.0684,24451.0190,20.8516,1.8942,18.9574,21.3213,14.1822,12.0770,2.1052,-2.7733,24451.0190,NA
parkey.exe,25692,0x18D74B42E40,DXGI,1,0,0,Composed: Flip,24474.1564,NA,21.24320000000000,16.68690000000000,11.52070000000000,32.84680000000000,76.5121,24471.8706,13.8065,2.2858,11.5207,14.6519,20.4807,11.2810,9.1997,4.1647,24471.8706,NA
parkey.exe,25692,0x18D74B42E40,DXGI,1,0,0,Composed: Flip,24487.6375,NA,13.48110000000000,16.68510000000000,18.88640000000000,33.31820000000000,79.7161,24485.6771,20.8468,1.9604,18.8864,21.3261,13.9525,11.6675,2.2850,-2.8786,24485.6771,NA
parkey.exe,25692,0x18D74B42E40,DXGI,1,0,0,Composed: Flip,24508.5467,NA,20.90920000000000,8.61780000000000,11.91710000000000,26.29920000000000,67.4247,24506.5239,13.9399,2.0228,11.9171,14.4318,13.8902,11.7129,2.1773,12.2290,24506.5239,NA
parkey.exe,25692,0x18D74B42E40,DXGI,1,0,0,Composed: Flip,24522.3261,NA,13.77940000000000,24.74000000000000,11.99860000000000,33.41870000000000,78.3853,24520.4638,13.8609,1.8623,11.9986,14.3821,20.8989,11.8946,9.0043,-10.8001,24520.4638,NA
parkey.exe,25692,0x18D74B42E40,DXGI,1,0,0,Composed: Flip,24536.2007,NA,13.87460000000000,16.67640000000000,19.03740000000000,33.66530000000000,81.1871,24534.3247,20.9134,1.8760,19.0374,21.4201,14.1212,12.0286,2.0926,-2.8155,24534.3247,NA
parkey.exe,25692,0x18D74B42E40,DXGI,1,0,0,Composed: Flip,24557.3832,NA,21.18250000000000,16.68240000000000,11.64140000000000,32.95670000000000,76.6870,24555.2381,13.7865,2.1451,11.6414,14.6279,20.4739,11.2810,9.1929,4.2310,24555.2381,NA
parkey.exe,25692,0x18D74B42E40,DXGI,1,0,0,Composed: Flip,24570.7995,NA,13.41630000000000,16.67490000000000,19.07120000000000,33.49260000000000,79.9456,24569.0246,20.8461,1.7749,19.0712,21.3393,13.9282,11.7282,2.2000,-2.8884,24569.0246,NA
parkey.exe,25692,0x18D74B42E40,DXGI,1,0,0,Composed: Flip,24591.8404,NA,21.04090000000000,8.50270000000000,11.97920000000000,26.31240000000000,67.4074,24589.8707,13.9489,1.9697,11.9792,14.4375,13.8446,11.6779,2.1667,12.3434,24589.8707,NA
parkey.exe,25692,0x18D74B42E40,DXGI,1,0,0,Composed: Flip,24605.9259,NA,14.08550000000000,24.86300000000000,11.76770000000000,33.08890000000000,78.1849,24603.8196,13.8740,2.1063,11.7677,14.3895,20.8057,12.0333,8.7724,-10.9141,24603.8196,NA
parkey.exe,25692,0x18D74B42E40,DXGI,1,0,0,Composed: Flip,24619.5647,NA,13.63880000000000,16.67130000000000,18.97150000000000,33.66470000000000,81.2174,24617.6936,20.8426,1.8711,18.9715,21.3431,14.1927,12.0736,2.1191,-2.7973,24617.6936,NA
parkey.exe,25692,0x18D74B42E40,DXGI,1,0,0,Composed: Flip,24640.3392,NA,20.77450000000000,16.68550000000000,12.05260000000000,33.34960000000000,77.1284,24638.5362,13.8556,1.8030,12.0526,14.6932,20.4594,11.6608,8.7986,4.1571,24638.5362,NA
parkey.exe,25692,0x18D74B42E40,DXGI,1,0,0,Composed: Flip,24654.2467,NA,13.90750000000000,16.68680000000000,18.96510000000000,33.40460000000000,79.9077,24652.3918,20.8200,1.8549,18.9651,21.2970,13.9625,11.6915,2.2710,-2.8312,24652.3918,NA
parkey.exe,25692,0x18D74B42E40,DXGI,1,0,0,Composed: Flip,24675.1852,NA,20.93850000000000,8.48900000000000,11.99700000000000,26.29790000000000,67.4582,24673.2118,13.9704,1.9734,11.9970,14.4395,13.8318,11.7250,2.1068,12.3310,24673.2118,NA
parkey.exe,25692,0x18D74B42E40,DXGI,1,0,0,Composed: Flip,24689.0428,NA,13.85760000000000,24.86960000000000,11.98020000000000,33.33790000000000,78.4702,24687.1822,13.8408,1.8606,11.9802,14.3498,20.8487,11.6447,9.2040,-10.8992,24687.1822,NA
parkey.exe,25692,0x18D74B42E40,DXGI,1,0,0,Composed: Flip,24702.8833,NA,13.84050000000000,16.67610000000000,19.02840000000000,33.57760000000000,81.3058,24701.0230,20.8887,1.8603,19.0284,21.4031,14.0348,12.0287,2.0061,-2.8353,24701.0230,NA
parkey.exe,25692,0x18D74B42E40,DXGI,1,0,0,Composed: Flip,24723.9564,NA,21.07310000000000,16.67290000000000,11.76390000000000,33.13470000000000,76.9056,24721.9117,13.8086,2.0447,11.7639,14.5492,20.6302,11.2738,9.3564,4.2158,24721.9117,NA
parkey.exe,25692,0x18D74B42E40,DXGI,1,0,0,Composed: Flip,24737.4372,NA,13.48080000000000,16.68710000000000,19.16160000000000,33.55460000000000,80.1119,24735.7203,20.8785,1.7169,19.1616,21.3708,13.9007,11.7179,2.1828,-2.8785,24735.7203,NA
parkey.exe,25692,0x18D74B42E40,DXGI,1,0,0,Composed: Flip,24758.5050,NA,21.06780000000000,8.44920000000000,12.00210000000000,26.30890000000000,67.4933,24756.5988,13.9083,1.9062,12.0021,14.3930,13.8221,11.6904,2.1317,12.4293,24756.5988,NA
parkey.exe,25692,0x18D74B42E40,DXGI,1,0,0,Composed: Flip,24772.6374,NA,14.13240000000000,24.91400000000000,11.71950000000000,33.10270000000000,78.2749,24770.5071,13.8498,2.1303,11.7195,14.3355,20.8975,11.6602,9.2373,-11.0057,24770.5071,NA
parkey.exe,25692,0x18D74B42E40,DXGI,1,0,0,Composed: Flip,24786.1686,NA,13.53120000000000,16.67780000000000,19.08290000000000,33.62760000000000,81.4215,24784.3569,20.8946,1.8117,19.0829,21.3832,14.0561,11.9369,2.1192,-2.8280,24784.3569,NA
parkey.exe,25692,0x18D74B42E40,DXGI,1,0,0,Composed: Flip,24807.2802,NA,21.11160000000000,16.68080000000000,11.77290000000000,33.12970000000000,76.9907,24805.2515,13.8016,2.0287,11.7729,14.5447,20.6137,11.3680,9.2457,4.2138,24805.2515,NA
parkey.exe,25692,0x18D74B42E40,DXGI,1,0,0,Composed: Flip,24820.5735,NA,13.29330000000000,16.67430000000000,19.33140000000000,33.84540000000001,80.3717,24819.0531,20.8518,1.5204,19.3314,21.3568,14.0090,11.7117,2.2973,-2.8727,24819.0531,NA
parkey.exe,25692,0x18D74B42E40,DXGI,1,0,0,Composed: Flip,24841.9800,NA,21.40650000000000,8.39870000000000,11.91270000000000,26.62290000000000,67.3639,24839.9049,13.9878,2.0751,11.9127,14.5140,14.1840,12.0777,2.1063,12.4531,24839.9049,NA
parkey.exe,25692,0x18D74B42E40,DXGI,1,0,0,Composed: Flip,24855.7595,NA,13.77950000000000,24.96900000000000,11.99310000000000,33.33990000000000,78.5534,24853.8927,13.8599,1.8668,11.9931,14.7102,20.4965,11.5691,8.9274,-10.9812,24853.8927,NA
parkey.exe,25692,0x18D74B42E40,DXGI,1,0,0,Composed: Flip,24869.6025,NA,13.84300000000000,16.66490000000000,19.00350000000000,33.84660000000000,81.3753,24867.7526,20.8534,1.8499,19.0035,21.3468,14.3497,12.2848,2.0649,-2.8050,24867.7526,NA
parkey.exe,25692,0x18D74B42E40,DXGI,1,0,0,Composed: Flip,24890.5205,NA,20.91800000000000,16.69220000000000,11.88720000000000,33.22430000000000,77.1495,24888.6060,13.8017,1.9145,11.8872,14.8431,20.2957,11.2905,9.0052,4.1612,24888.6060,NA
parkey.exe,25692,0x18D74B42E40,DXGI,1,0,0,Composed: Flip,24904.4860,NA,13.96550000000000,16.68190000000000,18.76650000000000,33.18970000000000,79.8659,24902.4077,20.8448,2.0783,18.7665,21.3371,13.9309,11.7518,2.1791,-2.8802,24902.4077,NA
parkey.exe,25692,0x18D74B42E40,DXGI,1,0,0,Composed: Flip,24925.1278,NA,20.64180000000000,8.28340000000000,12.06050000000000,26.83900000000000,67.5075,24923.2525,13.9358,1.8753,12.0605,14.4232,14.2911,12.0480,2.2431,12.5614,24923.2525,NA
parkey.exe,25692,0x18D74B42E40,DXGI,1,0,0,Composed: Flip,24939.0311,NA,13.90330000000000,25.08050000000000,12.03480000000000,33.39850000000000,78.6847,24937.1883,13.8776,1.8428,12.0348,14.7785,20.4628,11.5804,8.8824,-11.1447,24937.1883,NA
parkey.exe,25692,0x18D74B42E40,DXGI,1,0,0,Composed: Flip,24952.8532,NA,13.82210000000000,16.59240000000000,19.09010000000000,33.65070000000000,81.4550,24951.0659,20.8774,1.7873,19.0901,21.3637,14.0743,11.9380,2.1363,-2.7148,24951.0659,NA
parkey.exe,25692,0x18D74B42E40,DXGI,1,0,0,Composed: Flip,24973.7263,NA,20.87310000000000,16.76240000000000,12.03090000000000,33.35580000000000,77.3443,24971.9433,13.8139,1.7830,12.0309,14.5606,20.5782,11.6643,8.9139,4.1150,24971.9433,NA
parkey.exe,25692,0x18D74B42E40,DXGI,1,0,0,Composed: Flip,24987.4725,NA,13.74620000000000,16.68300000000000,19.13070000000000,33.56150000000000,80.2811,24985.7572,20.8460,1.7153,19.1307,21.3249,13.9519,11.6504,2.3015,-2.8691,24985.7572,NA
parkey.exe,25692,0x18D74B42E40,DXGI,1,0,0,Composed: Flip,25008.7461,NA,21.27360000000000,8.29060000000000,11.80740000000000,26.17120000000000,67.2981,25006.6032,13.9503,2.1429,11.8074,14.4308,13.8833,11.7507,2.1326,12.5554,25006.6032,NA
parkey.exe,25692,0x18D74B42E40,DXGI,1,0,0,Composed: Flip,25022.3415,NA,13.59540000000000,25.08380000000000,12.06240000000000,33.48740000000000,78.7865,25020.5535,13.8504,1.7880,12.0624,14.4110,20.8644,11.6434,9.2210,-11.1335,25020.5535,NA
parkey.exe,25692,0x18D74B42E40,DXGI,1,0,0,Composed: Flip,25036.7455,NA,14.40400000000000,16.53410000000000,18.57700000000000,32.73320000000000,80.9166,25034.4039,20.9186,2.3416,18.5770,21.4250,13.6498,11.6087,2.0411,-2.6837,25034.4039,NA
parkey.exe,25692,0x18D74B42E40,DXGI,1,0,0,Composed: Flip,25057.8443,NA,21.09880000000000,16.80720000000000,11.26630000000000,32.69080000000000,76.6250,25055.3225,13.7881,2.5218,11.2663,14.1807,21.0319,11.6746,9.3573,4.1114,25055.3225,NA
parkey.exe,25692,0x18D74B42E40,DXGI,1,0,0,Composed: Flip,25071.3920,NA,13.54770000000000,16.68510000000000,18.70580000000000,32.98640000000000,79.7624,25069.1106,20.9872,2.2814,18.7058,21.4742,13.7936,11.7352,2.0584,-2.8970,25069.1106,NA
parkey.exe,25692,0x18D74B42E40,DXGI,1,0,0,Composed: Flip,25092.6865,NA,21.29450000000000,8.17800000000000,11.23130000000000,25.54940000000000,66.6459,25090.0978,13.8200,2.5887,11.2313,14.2992,13.8389,11.7188,2.1201,12.8092,25090.0978,NA
parkey.exe,25692,0x18D74B42E40,DXGI,1,0,0,Composed: Flip,25106.3500,NA,13.66350000000000,25.18490000000000,11.39200000000000,32.77680000000000,78.1673,25103.9178,13.8242,2.4322,11.3920,14.3564,20.8526,11.6734,9.1792,-11.3649,25103.9178,NA
parkey.exe,25692,0x18D74B42E40,DXGI,1,0,0,Composed: Flip,25119.7045,NA,13.35450000000000,16.49080000000000,18.93450000000000,33.59510000000000,81.3036,25117.7420,20.8970,1.9625,18.9345,21.4082,14.1494,12.0293,2.1201,-2.6666,25117.7420,NA
parkey.exe,25692,0x18D74B42E40,DXGI,1,0,0,Composed: Flip,25140.5796,NA,20.87510000000000,16.86460000000000,11.88430000000000,33.15980000000000,77.2931,25138.6390,13.8249,1.9406,11.8843,14.6606,20.4398,11.6235,8.8163,4.0324,25138.6390,NA
parkey.exe,25692,0x18D74B42E40,DXGI,1,0,0,Composed: Flip,25154.2391,NA,13.65950000000000,16.68180000000000,19.06240000000000,33.46510000000000,80.3154,25152.4639,20.8376,1.7752,19.0624,21.3169,13.9234,11.6768,2.2466,-2.8569,25152.4639,NA
parkey.exe,25692,0x18D74B42E40,DXGI,1,0,0,Composed: Flip,25175.4705,NA,21.23140000000000,8.12790000000000,11.77080000000000,26.09420000000000,67.2119,25173.3015,13.9398,2.1690,11.7708,14.4244,13.8388,11.6987,2.1401,12.7097,25173.3015,NA
parkey.exe,25692,0x18D74B42E40,DXGI,1,0,0,Composed: Flip,25189.1845,NA,13.71400000000000,25.23510000000000,11.90540000000000,33.29440000000000,78.7330,25187.2413,13.8486,1.9432,11.9054,14.3659,20.8717,11.6503,9.2214,-11.2953,25187.2413,NA
parkey.exe,25692,0x18D74B42E40,DXGI,1,0,0,Composed: Flip,25202.9903,NA,13.80580000000000,16.43840000000000,18.99960000000000,33.73780000000000,81.3656,25201.0899,20.9000,1.9004,18.9996,21.3890,14.2492,12.1088,2.1404,-2.5898,25201.0899,NA
parkey.exe,25692,0x18D74B42E40,DXGI,1,0,0,Composed: Flip,25223.8891,NA,20.89880000000000,16.91610000000000,11.94380000000000,33.25680000000000,77.3829,25221.9899,13.8430,1.8992,11.9438,14.7382,20.4178,11.6608,8.7570,3.9839,25221.9899,NA
parkey.exe,25692,0x18D74B42E40,DXGI,1,0,0,Composed: Flip,25237.6798,NA,13.79070000000000,16.68860000000000,18.97550000000000,33.38390000000000,80.2808,25235.8329,20.8224,1.8469,18.9755,21.3320,13.8988,11.6755,2.2233,-2.8456,25235.8329,NA
parkey.exe,25692,0x18D74B42E40,DXGI,1,0,0,Composed: Flip,25258.6206,NA,20.94080000000000,16.66960000000000,11.95940000000000,26.33340000000000,76.0096,25256.6553,13.9247,1.9653,11.9594,14.4084,13.8903,11.7212,2.1691,4.1528,25256.6553,NA
parkey.exe,25692,0x18D74B42E40,DXGI,1,0,0,Composed: Flip,25272.5129,NA,13.89230000000000,16.68380000000000,11.92450000000000,33.32250000000001,78.8011,25270.5800,13.8574,1.9329,11.9245,14.3740,20.8814,11.6751,9.2063,-2.7591,25270.5800,NA
parkey.exe,25692,0x18D74B42E40,DXGI,1,0,0,Composed: Flip,25286.2536,NA,13.74070000000000,16.39100000000000,19.08770000000000,33.65950000000000,81.4514,25284.4374,20.9039,1.8162,19.0877,21.3980,14.0777,11.9325,2.1452,-2.5336,25284.4374,NA
parkey.exe,25692,0x18D74B42E40,DXGI,1,0,0,Composed: Flip,25307.4268,NA,21.17320000000000,16.97420000000000,11.72790000000000,33.07380000000000,77.2524,25305.3413,13.8134,2.0855,11.7279,14.5718,20.5875,11.5837,9.0038,3.9297,25305.3413,NA
parkey.exe,25692,0x18D74B42E40,DXGI,1,0,0,Composed: Flip,25320.9085,NA,13.48170000000000,16.67790000000000,19.10590000000000,33.54030000000000,80.4486,25319.1547,20.8597,1.7538,19.1059,21.3662,13.9279,11.7179,2.2100,-2.8645,25319.1547,NA
parkey.exe,25692,0x18D74B42E40,DXGI,1,0,0,Composed: Flip,25341.8126,NA,20.90410000000000,16.67460000000000,12.11640000000000,26.44990000000000,76.2191,25340.0144,13.9146,1.7982,12.1164,14.4344,13.8137,11.6771,2.1366,4.1851,25340.0144,NA
parkey.exe,25692,0x18D74B42E40,DXGI,1,0,0,Composed: Flip,25355.9938,NA,14.18120000000000,16.68670000000000,11.81130000000000,33.18500000000000,78.7246,25353.9290,13.8761,2.0648,11.8113,14.3768,20.8730,11.6286,9.2444,-2.7721,25353.9290,NA
parkey.exe,25692,0x18D74B42E40,DXGI,1,0,0,Composed: Flip,25369.6939,NA,13.70010000000000,9.44400000000000,19.02820000000000,33.60550000000000,74.4685,25367.8051,20.9170,1.8888,19.0282,21.3981,14.0962,12.0143,2.0819,4.4321,25367.8051,NA
parkey.exe,25692,0x18D74B42E40,DXGI,1,0,0,Composed: Flip,25391.1575,NA,21.46360000000000,23.91620000000000,11.38160000000000,32.75970000000000,76.9211,25388.7221,13.8170,2.4354,11.3816,14.5773,20.6178,11.5058,9.1120,-2.9992,25388.7221,NA
parkey.exe,25692,0x18D74B42E40,DXGI,1,0,0,Composed: Flip,25404.6931,NA,13.53560000000000,16.68370000000000,18.72650000000000,33.01470000000000,80.0692,25402.5391,20.8805,2.1540,18.7265,21.3781,13.7906,11.7743,2.0163,-2.8667,25402.5391,NA
parkey.exe,25692,0x18D74B42E40,DXGI,1,0,0,Composed: Flip,25425.9681,NA,21.27500000000000,16.68290000000000,11.26500000000000,25.69440000000000,75.4771,25423.4196,13.8135,2.5485,11.2650,14.3068,13.9361,11.6791,2.2570,4.1976,25423.4196,NA
parkey.exe,25692,0x18D74B42E40,DXGI,1,0,0,Composed: Flip,25439.3640,NA,13.39590000000000,16.70870000000000,11.76870000000000,33.23230000000000,78.7899,25437.2331,13.8996,2.1309,11.7687,14.4294,20.9338,11.6470,9.2868,-2.8952,25437.2331,NA
parkey.exe,25692,0x18D74B42E40,DXGI,1,0,0,Composed: Flip,25453.3173,NA,13.95330000000000,9.37110000000000,18.79370000000000,33.59420000000000,74.2077,25451.1327,20.9783,2.1846,18.7937,21.4636,14.3152,12.1644,2.1508,4.5285,25451.1327,NA
parkey.exe,25692,0x18D74B42E40,DXGI,1,0,0,Composed: Flip,25474.4955,NA,21.17820000000000,23.95420000000000,11.47600000000000,32.98150000000000,76.9837,25472.1110,13.8605,2.3845,11.4760,14.8005,20.5655,11.2728,9.2927,-2.9759,25472.1110,NA
parkey.exe,25692,0x18D74B42E40,DXGI,1,0,0,Composed: Flip,25488.7926,NA,14.29710000000000,16.68760000000000,18.18700000000000,32.62080000000000,79.3742,25485.9715,21.0081,2.8211,18.1870,21.5055,13.9364,11.4973,2.4391,-2.8271,25485.9715,NA
parkey.exe,25692,0x18D74B42E40,DXGI,1,0,0,Composed: Flip,25510.2583,NA,21.46570000000000,16.66950000000000,10.32980000000000,24.79340000000000,74.5780,25506.9796,13.6085,3.2787,10.3298,14.4338,13.6383,11.3226,2.3157,4.3386,25506.9796,NA
parkey.exe,25692,0x18D74B42E40,DXGI,1,0,0,Composed: Flip,25522.8478,NA,12.58950000000000,16.68560000000000,11.63780000000000,33.04450000000000,78.6741,25520.5881,13.8975,2.2597,11.6378,14.4636,20.8406,11.6600,9.1806,-3.0771,25520.5881,NA
parkey.exe,25692,0x18D74B42E40,DXGI,1,0,0,Composed: Flip,25536.3062,NA,13.45840000000000,9.35380000000000,19.07850000000000,33.71430000000000,74.5695,25534.4856,20.8991,1.8206,19.0785,21.4067,14.1282,12.0382,2.0900,4.5437,25534.4856,NA
parkey.exe,25692,0x18D74B42E40,DXGI,1,0,0,Composed: Flip,25557.3320,NA,21.02580000000000,23.99880000000000,11.90160000000000,33.23960000000000,77.5425,25555.3847,13.8489,1.9473,11.9016,14.6358,20.5511,11.8588,8.6923,-3.0997,25555.3847,NA
parkey.exe,25692,0x18D74B42E40,DXGI,1,0,0,Composed: Flip,25571.1694,NA,13.83740000000000,16.69400000000000,18.92000000000000,33.59110000000000,80.3991,25569.2336,20.8558,1.9358,18.9200,21.3380,14.1889,12.0690,2.1199,-2.8451,25569.2336,NA
parkey.exe,25692,0x18D74B42E40,DXGI,1,0,0,Composed: Flip,25592.0150,NA,20.84560000000000,16.67000000000000,11.91590000000000,26.35100000000000,76.2235,25590.0894,13.8415,1.9256,11.9159,14.6711,13.6055,11.2922,2.3133,4.1858,25590.0894,NA
parkey.exe,25692,0x18D74B42E40,DXGI,1,0,0,Composed: Flip,25606.0491,NA,14.03410000000000,16.70650000000000,11.77610000000000,33.17640000000000,78.8959,25603.9309,13.8943,2.1182,11.7761,14.4351,20.8595,11.8697,8.9898,-2.8650,25603.9309,NA
parkey.exe,25692,0x18D74B42E40,DXGI,1,0,0,Composed: Flip,25619.6869,NA,13.63780000000000,16.15060000000000,19.04270000000000,33.26210000000000,81.4087,25617.8252,20.9044,1.8617,19.0427,21.4003,13.7235,11.5631,2.1604,-2.2563,25617.8252,NA
parkey.exe,25692,0x18D74B42E40,DXGI,1,0,0,Composed: Flip,25640.7078,NA,21.02090000000000,17.18630000000000,11.88270000000000,33.16590000000000,77.5741,25638.7296,13.8609,1.9782,11.8827,14.2375,20.9066,12.0221,8.8845,3.7181,25638.7296,NA
parkey.exe,25692,0x18D74B42E40,DXGI,1,0,0,Composed: Flip,25654.3392,NA,13.63140000000000,16.67750000000000,19.04740000000000,33.47320000000000,80.6202,25652.5905,20.7961,1.7487,19.0474,21.2832,13.9387,11.6714,2.2673,-2.8166,25652.5905,NA
parkey.exe,25692,0x18D74B42E40,DXGI,1,0,0,Composed: Flip,25675.4032,NA,21.06400000000000,16.67450000000000,11.92630000000000,26.25430000000000,76.2307,25673.3866,13.9429,2.0166,11.9263,14.4258,13.8451,11.7389,2.1062,4.1216,25673.3866,NA
parkey.exe,25692,0x18D74B42E40,DXGI,1,0,0,Composed: Flip,25689.4066,NA,14.00340000000000,16.68740000000000,11.77250000000000,33.15620000000000,78.9147,25687.3295,13.8496,2.0771,11.7725,14.3745,20.8588,11.6016,9.2572,-2.7445,25687.3295,NA
parkey.exe,25692,0x18D74B42E40,DXGI,1,0,0,Composed: Flip,25703.3215,NA,13.91490000000000,9.24850000000000,18.75790000000000,33.48590000000000,74.2483,25701.1791,20.9003,2.1424,18.7579,21.4057,14.2226,12.0778,2.1448,4.6011,25701.1791,NA
parkey.exe,25692,0x18D74B42E40,DXGI,1,0,0,Composed: Flip,25724.3503,NA,21.02880000000000,24.11390000000000,11.59910000000000,32.95020000000000,77.3334,25722.0794,13.8700,2.2709,11.5991,14.7280,20.4931,11.5930,8.9001,-3.2136,25722.0794,NA
parkey.exe,25692,0x18D74B42E40,DXGI,1,0,0,Composed: Flip,25738.2944,NA,13.94410000000000,16.67240000000000,18.50260000000000,33.17160000000001,80.0617,25735.9494,20.8476,2.3450,18.5026,21.3511,14.1655,12.1223,2.0432,-2.8024,25735.9494,NA
parkey.exe,25692,0x18D74B42E40,DXGI,1,0,0,Composed: Flip,25758.8287,NA,20.53430000000000,16.68020000000000,11.80080000000000,26.20450000000000,76.2076,25756.7970,13.8325,2.0317,11.8008,14.6690,13.5672,11.2597,2.3075,4.1674,25756.7970,NA
parkey.exe,25692,0x18D74B42E40,DXGI,1,0,0,Composed: Flip,25772.5695,NA,13.74080000000000,16.68140000000000,11.95900000000000,33.33580000000000,79.1482,25770.6295,13.8990,1.9400,11.9590,14.4037,20.8721,11.7294,9.1427,-2.8489,25770.6295,NA
parkey.exe,25692,0x18D74B42E40,DXGI,1,0,0,Composed: Flip,25786.4531,NA,13.88360000000000,16.07490000000000,18.96560000000000,33.16730000000000,81.3395,25784.5285,20.8902,1.9246,18.9656,21.3768,13.7151,11.5541,2.1610,-2.1759,25784.5285,NA
parkey.exe,25692,0x18D74B42E40,DXGI,1,0,0,Composed: Flip,25807.2922,NA,20.83910000000000,17.28880000000000,11.96840000000000,33.30130000000000,77.7892,25805.4187,13.8419,1.8735,11.9684,14.2181,20.9567,11.7425,9.2142,3.6014,25805.4187,NA
parkey.exe,25692,0x18D74B42E40,DXGI,1,0,0,Composed: Flip,25820.8152,NA,13.52300000000000,16.67480000000000,19.28030000000000,33.68250000000000,80.9410,25819.2606,20.8349,1.5546,19.2803,21.3329,13.9042,11.6466,2.2576,-2.8329,25819.2606,NA
parkey.exe,25692,0x18D74B42E40,DXGI,1,0,0,Composed: Flip,25841.9430,NA,21.12780000000000,16.68620000000000,12.06420000000000,26.48160000000000,76.4994,25840.0955,13.9117,1.8475,12.0642,14.4022,13.9269,11.7279,2.1990,4.1487,25840.0955,NA
parkey.exe,25692,0x18D74B42E40,DXGI,1,0,0,Composed: Flip,25855.8152,NA,13.87220000000000,16.68040000000000,12.05950000000000,33.41240000000000,79.3076,25854.0072,13.8675,1.8080,12.0595,14.4174,20.8030,11.5725,9.2305,-2.7687,25854.0072,NA
parkey.exe,25692,0x18D74B42E40,DXGI,1,0,0,Composed: Flip,25869.7491,NA,13.93390000000000,16.01100000000000,19.01520000000000,33.61670000000000,81.3847,25867.8747,20.8896,1.8744,19.0152,21.3696,14.1215,11.9757,2.1458,-2.1435,25867.8747,NA
parkey.exe,25692,0x18D74B42E40,DXGI,1,0,0,Composed: Flip,25890.5145,NA,20.76540000000000,17.35020000000000,12.13930000000000,33.38400000000000,77.9695,25888.7643,13.8895,1.7502,12.1393,14.6015,20.5327,11.7314,8.8013,3.5394,25888.7643,NA
parkey.exe,25692,0x18D74B42E40,DXGI,1,0,0,Composed: Flip,25904.3550,NA,13.84050000000000,16.67900000000000,19.09500000000000,33.51080000000000,80.8080,25902.6538,20.7962,1.7012,19.0950,21.2950,13.9170,11.7444,2.1726,-2.7895,25902.6538,NA
parkey.exe,25692,0x18D74B42E40,DXGI,1,0,0,Composed: Flip,25925.3536,NA,20.99860000000000,16.67370000000000,12.03060000000000,26.33520000000000,76.4831,25923.4500,13.9342,1.9036,12.0306,14.4372,13.8016,11.7236,2.0780,4.1225,25923.4500,NA
parkey.exe,25692,0x18D74B42E40,DXGI,1,0,0,Composed: Flip,25939.2337,NA,13.88010000000000,16.70640000000000,11.97810000000000,33.34540000000001,79.3094,25937.3842,13.8276,1.8495,11.9781,14.3241,20.8708,11.6440,9.2268,-2.7722,25937.3842,NA
parkey.exe,25692,0x18D74B42E40,DXGI,1,0,0,Composed: Flip,25953.1463,NA,13.91260000000000,9.06700000000000,18.94630000000000,33.63550000000000,74.4638,25951.2118,20.8808,1.9345,18.9463,21.3673,14.2027,12.0778,2.1249,4.7606,25951.2118,NA
parkey.exe,25692,0x18D74B42E40,DXGI,1,0,0,Composed: Flip,25974.2409,NA,21.09460000000000,24.27810000000000,11.71180000000000,33.10670000000000,77.6473,25972.0926,13.8601,2.1483,11.7118,14.6892,20.5658,11.2447,9.3211,-3.3973,25972.0926,NA
parkey.exe,25692,0x18D74B42E40,DXGI,1,0,0,Composed: Flip,25987.6013,NA,13.36040000000000,16.67440000000000,19.25450000000000,33.89260000000000,80.9613,25985.9527,20.9031,1.6486,19.2545,21.3949,14.1463,12.0718,2.0745,-2.8143,25985.9527,NA
parkey.exe,25692,0x18D74B42E40,DXGI,1,0,0,Composed: Flip,26008.8091,NA,21.20780000000000,16.67790000000000,11.84560000000000,33.22250000000000,76.4314,26006.8558,13.7989,1.9533,11.8456,14.6381,20.5377,11.3243,9.2134,4.2252,26006.8558,NA
parkey.exe,25692,0x18D74B42E40,DXGI,1,0,0,Composed: Flip,26022.5088,NA,13.69970000000000,16.70030000000000,19.00180000000000,33.42500000000000,79.4320,26020.6547,20.8559,1.8541,19.0018,21.3769,13.9022,11.6650,2.2372,-2.9014,26020.6547,NA
parkey.exe,25692,0x18D74B42E40,DXGI,1,0,0,Composed: Flip,26043.5232,NA,21.01440000000000,9.01830000000000,11.92870000000000,26.70510000000000,67.4359,26041.5106,13.9413,2.0126,11.9287,14.4466,14.2711,12.2028,2.0683,11.8376,26041.5106,NA
parkey.exe,25692,0x18D74B42E40,DXGI,1,0,0,Composed: Flip,26057.2761,NA,13.75290000000000,24.32900000000000,12.02190000000000,33.40920000000000,78.0120,26055.4519,13.8461,1.8242,12.0219,14.7764,20.4570,11.2032,9.2538,-10.3877,26055.4519,NA
parkey.exe,25692,0x18D74B42E40,DXGI,1,0,0,Composed: Flip,26071.2002,NA,13.92410000000000,16.67180000000000,19.01180000000000,33.63880000000000,80.7597,26069.2980,20.9140,1.9022,19.0118,21.3873,14.1537,12.0505,2.1032,-2.8257,26069.2980,NA
parkey.exe,25692,0x18D74B42E40,DXGI,1,0,0,Composed: Flip,26092.3875,NA,21.18730000000000,16.68550000000000,11.61510000000000,32.93010000000000,76.2579,26090.2120,13.7906,2.1755,11.6151,14.6270,20.4786,11.2596,9.2190,4.2285,26090.2120,NA
parkey.exe,25692,0x18D74B42E40,DXGI,1,0,0,Composed: Flip,26105.9085,NA,13.52100000000000,16.67860000000000,18.94570000000000,33.38410000000000,79.4155,26104.0026,20.8516,1.9059,18.9457,21.3331,13.9569,11.6896,2.2673,-2.8880,26104.0026,NA
parkey.exe,25692,0x18D74B42E40,DXGI,1,0,0,Composed: Flip,26126.6975,NA,20.78900000000000,8.98910000000000,12.11090000000000,26.87400000000000,67.6156,26124.8542,13.9542,1.8433,12.1109,14.4384,14.2789,12.0948,2.1841,11.8625,26124.8542,NA
parkey.exe,25692,0x18D74B42E40,DXGI,1,0,0,Composed: Flip,26140.6794,NA,13.98190000000000,24.37660000000000,11.99590000000000,33.36790000000000,78.0103,26138.8084,13.8669,1.8710,11.9959,14.7631,20.4758,11.6622,8.8136,-10.4224,26138.8084,NA
parkey.exe,25692,0x18D74B42E40,DXGI,1,0,0,Composed: Flip,26154.5297,NA,13.85030000000000,16.67080000000000,19.00220000000000,33.69340000000000,80.8308,26152.6753,20.8566,1.8544,19.0022,21.3720,14.1758,12.0451,2.1307,-2.8039,26152.6753,NA
parkey.exe,25692,0x18D74B42E40,DXGI,1,0,0,Composed: Flip,26175.5851,NA,21.05540000000000,16.68520000000000,11.79700000000000,33.12650000000000,76.4606,26173.5319,13.8502,2.0532,11.7970,14.6912,20.4885,11.3305,9.1580,4.1714,26173.5319,NA
parkey.exe,25692,0x18D74B42E40,DXGI,1,0,0,Composed: Flip,26189.1414,NA,13.55630000000000,16.67910000000000,19.06190000000000,33.46350000000000,79.5834,26187.3821,20.8212,1.7593,19.0619,21.3295,13.8933,11.6777,2.2156,-2.8289,26187.3821,NA
parkey.exe,25692,0x18D74B42E40,DXGI,1,0,0,Composed: Flip,26210.2762,NA,21.13480000000000,8.93120000000000,11.86520000000000,26.72960000000000,67.3798,26208.2033,13.9381,2.0729,11.8652,14.4308,14.3717,12.2272,2.1445,11.8900,26208.2033,NA
parkey.exe,25692,0x18D74B42E40,DXGI,1,0,0,Composed: Flip,26224.1044,NA,13.82820000000000,24.42960000000000,11.89170000000000,33.34510000000000,77.9812,26222.1414,13.8547,1.9630,11.8917,14.8644,20.4437,11.4623,8.9814,-10.4915,26222.1414,NA
parkey.exe,25692,0x18D74B42E40,DXGI,1,0,0,Composed: Flip,26237.7614,NA,13.65700000000000,16.67700000000000,19.13680000000000,33.79110000000000,81.0012,26235.9961,20.9021,1.7653,19.1368,21.4534,14.1030,12.0657,2.0373,-2.8223,26235.9961,NA
parkey.exe,25692,0x18D74B42E40,DXGI,1,0,0,Composed: Flip,26259.0887,NA,21.32730000000000,16.67570000000000,11.61390000000000,32.93040000000000,76.3496,26256.8982,13.8044,2.1905,11.6139,14.6543,20.4666,11.2551,9.2115,4.2264,26256.8982,NA
parkey.exe,25692,0x18D74B42E40,DXGI,1,0,0,Composed: Flip,26272.5745,NA,13.48580000000000,16.71850000000000,18.97500000000000,33.38670000000000,79.5823,26270.7026,20.8469,1.8719,18.9750,21.3388,13.9198,11.6873,2.2325,-2.9141,26270.7026,NA
parkey.exe,25692,0x18D74B42E40,DXGI,1,0,0,Composed: Flip,26293.4714,NA,20.89690000000000,8.87130000000000,12.03070000000000,26.89640000000000,67.5567,26291.5495,13.9526,1.9219,12.0307,14.4358,14.3825,12.2375,2.1450,11.9756,26291.5495,NA
parkey.exe,25692,0x18D74B42E40,DXGI,1,0,0,Composed: Flip,26307.2854,NA,13.81400000000000,24.46250000000000,12.07170000000000,33.45830000000000,78.2052,26305.5021,13.8550,1.7833,12.0717,14.8657,20.3759,11.8464,8.5295,-10.5099,26305.5021,NA
parkey.exe,25692,0x18D74B42E40,DXGI,1,0,0,Composed: Flip,26321.3104,NA,14.02500000000000,16.67390000000000,18.92480000000000,33.60310000000000,80.8541,26319.3571,20.8781,1.9533,18.9248,21.3866,14.1698,12.0360,2.1338,-2.8189,26319.3571,NA
parkey.exe,25692,0x18D74B42E40,DXGI,1,0,0,Composed: Flip,26342.1611,NA,20.85070000000000,16.68350000000000,11.91040000000000,33.26910000000000,76.6869,26340.2352,13.8363,1.9259,11.9104,14.6783,20.5167,11.3035,9.2132,4.1946,26340.2352,NA
parkey.exe,25692,0x18D74B42E40,DXGI,1,0,0,Composed: Flip,26356.3849,NA,14.22380000000000,16.68520000000000,18.53580000000000,32.92550000000000,79.1483,26354.0715,20.8492,2.3134,18.5358,21.3587,13.8802,11.6524,2.2278,-2.8489,26354.0715,NA
parkey.exe,25692,0x18D74B42E40,DXGI,1,0,0,Composed: Flip,26377.1011,NA,20.71620000000000,8.80530000000000,11.74350000000000,26.44780000000000,67.2374,26374.9207,13.9239,2.1804,11.7435,14.4096,14.2186,12.0854,2.1332,12.0439,26374.9207,NA
parkey.exe,25692,0x18D74B42E40,DXGI,1,0,0,Composed: Flip,26390.8865,NA,13.78540000000000,24.55390000000000,11.81560000000000,33.18990000000000,78.0059,26388.8446,13.8575,2.0419,11.8156,14.7043,20.5275,11.5802,8.9473,-10.6300,26388.8446,NA
parkey.exe,25692,0x18D74B42E40,DXGI,1,0,0,Composed: Flip,26404.6873,NA,13.80080000000000,16.67830000000000,18.90640000000000,33.20920000000000,80.8834,26402.7021,20.8916,1.9852,18.9064,21.3743,13.8201,11.7332,2.0869,-2.8208,26402.7021,NA
parkey.exe,25692,0x18D74B42E40,DXGI,1,0,0,Composed: Flip,26425.7711,NA,21.08380000000000,16.68050000000000,11.63790000000000,32.91610000000000,76.4801,26423.5937,13.8153,2.1774,11.6379,14.3186,20.7749,11.6321,9.1428,4.2111,26423.5937,NA
parkey.exe,25692,0x18D74B42E40,DXGI,1,0,0,Composed: Flip,26439.4780,NA,13.70690000000000,16.67970000000000,18.78550000000000,33.22210000000000,79.4529,26437.4090,20.8545,2.0690,18.7855,21.2782,14.0129,11.6617,2.3512,-2.8644,26437.4090,NA
parkey.exe,25692,0x18D74B42E40,DXGI,1,0,0,Composed: Flip,26460.2530,NA,20.77500000000000,8.77550000000000,11.94860000000000,26.66240000000000,67.4534,26458.2635,13.9381,1.9895,11.9486,14.4366,14.2153,12.0749,2.1404,12.0790,26458.2635,NA
parkey.exe,25692,0x18D74B42E40,DXGI,1,0,0,Composed: Flip,26474.5918,NA,14.33880000000000,24.58000000000000,11.49610000000000,32.82640000000000,77.6946,26472.2016,13.8863,2.3902,11.4961,14.7138,20.5028,11.6251,8.8777,-10.6419,26472.2016,NA
parkey.exe,25692,0x18D74B42E40,DXGI,1,0,0,Composed: Flip,26488.3978,NA,13.80600000000000,16.67980000000000,18.55710000000000,33.19650000000000,80.5684,26486.0879,20.8670,2.3099,18.5571,21.3515,14.1549,12.0337,2.1212,-2.7935,26486.0879,NA
parkey.exe,25692,0x18D74B42E40,DXGI,1,0,0,Composed: Flip,26509.1414,NA,20.74360000000000,16.68120000000000,11.61470000000000,32.97110000000000,76.5060,26506.9549,13.8012,2.1865,11.6147,14.6394,20.5182,11.2704,9.2478,4.1858,26506.9549,NA
parkey.exe,25692,0x18D74B42E40,DXGI,1,0,0,Composed: Flip,26522.8015,NA,13.66010000000000,16.68730000000000,18.80470000000000,33.21760000000000,79.5332,26520.7561,20.8501,2.0454,18.8047,21.3564,13.9066,11.6580,2.2486,-2.8861,26520.7561,NA
parkey.exe,25692,0x18D74B42E40,DXGI,1,0,0,Composed: Flip,26543.8420,NA,21.04050000000000,8.64490000000000,11.70760000000000,26.39170000000000,67.1376,26541.6062,13.9434,2.2358,11.7076,14.4347,14.1928,12.0919,2.1009,12.2052,26541.6062,NA
parkey.exe,25692,0x18D74B42E40,DXGI,1,0,0,Composed: Flip,26557.5509,NA,13.70890000000000,24.71520000000000,11.85610000000000,33.20070000000000,78.1439,26555.5496,13.8574,2.0013,11.8561,14.6841,20.5179,11.5650,8.9529,-10.7718,26555.5496,NA
parkey.exe,25692,0x18D74B42E40,DXGI,1,0,0,Composed: Flip,26571.1968,NA,13.64590000000000,16.67170000000000,19.07860000000000,33.80550000000000,81.1697,26569.4070,20.8684,1.7898,19.0786,21.3677,14.2276,12.1130,2.1146,-2.8143,26569.4070,NA
parkey.exe,25692,0x18D74B42E40,DXGI,1,0,0,Composed: Flip,26592.0694,NA,20.87260000000000,16.68390000000000,12.06120000000000,33.33570000000000,76.9810,26590.2754,13.8552,1.7940,12.0612,14.7269,20.4028,11.6574,8.7454,4.1845,26590.2754,NA
parkey.exe,25692,0x18D74B42E40,DXGI,1,0,0,Composed: Flip,26606.3485,NA,14.27910000000000,16.67800000000000,18.59270000000000,33.04130000000000,79.3799,26604.1306,20.8106,2.2179,18.5927,21.2925,13.9667,11.6965,2.2702,-2.8228,26604.1306,NA
parkey.exe,25692,0x18D74B42E40,DXGI,1,0,0,Composed: Flip,26626.8903,NA,20.54180000000000,8.66340000000000,12.00830000000000,26.70140000000000,67.5015,26624.9412,13.9574,1.9491,12.0083,14.4486,14.2019,12.0655,2.1364,12.1472,26624.9412,NA
parkey.exe,25692,0x18D74B42E40,DXGI,1,0,0,Composed: Flip,26640.7444,NA,13.85410000000000,24.70400000000000,12.00230000000000,33.44210000000000,78.3514,26638.8986,13.8481,1.8458,12.0023,14.6931,20.5948,11.6688,8.9260,-10.7466,26638.8986,NA
parkey.exe,25692,0x18D74B42E40,DXGI,1,0,0,Composed: Flip,26654.6569,NA,13.91250000000000,16.67900000000000,18.97480000000000,33.63080000000000,81.1179,26652.7467,20.8850,1.9102,18.9748,21.4398,14.1012,12.0302,2.0710,-2.8309,26652.7467,NA
parkey.exe,25692,0x18D74B42E40,DXGI,1,0,0,Composed: Flip,26675.4910,NA,20.83410000000000,16.67650000000000,11.94790000000000,33.26130000000000,76.9603,26673.6317,13.8072,1.8593,11.9479,14.6560,20.4646,11.2890,9.1756,4.2085,26673.6317,NA
parkey.exe,25692,0x18D74B42E40,DXGI,1,0,0,Composed: Flip,26689.2402,NA,13.74920000000000,16.68620000000000,19.05660000000000,33.46570000000000,79.8973,26687.4389,20.8579,1.8013,19.0566,21.3619,13.9051,11.7237,2.1814,-2.8790,26687.4389,NA
parkey.exe,25692,0x18D74B42E40,DXGI,1,0,0,Composed: Flip,26710.5315,NA,21.29130000000000,8.61210000000000,11.69920000000000,26.43640000000000,67.2181,26708.2968,13.9339,2.2347,11.6992,14.4091,14.2620,12.1412,2.1208,12.2458,26708.2968,NA
parkey.exe,25692,0x18D74B42E40,DXGI,1,0,0,Composed: Flip,26724.2464,NA,13.71490000000000,24.74290000000000,11.87410000000000,33.24520000000000,78.2461,26722.2307,13.8898,2.0157,11.8741,14.7372,20.5237,11.8263,8.6974,-10.8090,26722.2307,NA
parkey.exe,25692,0x18D74B42E40,DXGI,1,0,0,Composed: Flip,26738.0009,NA,13.75450000000000,16.67990000000000,18.98400000000000,33.63100000000000,81.1715,26736.1205,20.8644,1.8804,18.9840,21.3711,14.1403,12.0529,2.0874,-2.7901,26736.1205,NA
parkey.exe,25692,0x18D74B42E40,DXGI,1,0,0,Composed: Flip,26759.0210,NA,21.02010000000000,16.67980000000000,11.78140000000000,33.10040000000000,76.8312,26756.9849,13.8175,2.0361,11.7814,14.6470,20.4895,11.2513,9.2382,4.1846,26756.9849,NA
parkey.exe,25692,0x18D74B42E40,DXGI,1,0,0,Composed: Flip,26772.9457,NA,13.92470000000000,16.68160000000000,18.72240000000000,33.08990000000000,79.5881,26770.8024,20.8657,2.1433,18.7224,21.3636,13.8696,11.7529,2.1167,-2.8641,26770.8024,NA
parkey.exe,25692,0x18D74B42E40,DXGI,1,0,0,Composed: Flip,26793.8594,NA,20.91370000000000,8.54310000000000,11.71120000000000,26.43070000000000,67.2175,26791.6681,13.9025,2.1913,11.7112,14.3894,14.2326,12.0302,2.2024,12.3226,26791.6681,NA
parkey.exe,25692,0x18D74B42E40,DXGI,1,0,0,Composed: Flip,26807.5402,NA,13.68080000000000,24.81720000000000,11.94150000000000,33.30900000000000,78.3539,26805.5706,13.9111,1.9696,11.9415,14.7195,20.5591,11.6026,8.9565,-10.9147,26805.5706,NA
parkey.exe,25692,0x18D74B42E40,DXGI,1,0,0,Composed: Flip,26821.2161,NA,13.67590000000000,16.67980000000000,19.14100000000000,33.32420000000000,81.3578,26819.4817,20.8754,1.7344,19.1410,21.3675,13.6911,11.5801,2.1110,-2.7687,26819.4817,NA
parkey.exe,25692,0x18D74B42E40,DXGI,1,0,0,Composed: Flip,26842.8305,NA,21.61440000000000,16.68120000000000,11.32990000000000,32.67020000000000,76.4246,26840.3571,13.8033,2.4734,11.3299,14.1832,20.9604,11.7047,9.2557,4.1942,26840.3571,NA
parkey.exe,25692,0x18D74B42E40,DXGI,1,0,0,Composed: Flip,26856.2271,NA,13.39660000000000,16.68000000000000,18.76190000000000,33.15950000000000,79.7080,26854.1604,20.8286,2.0667,18.7619,21.3403,13.8859,11.6805,2.2054,-2.8767,26854.1604,NA
parkey.exe,25692,0x18D74B42E40,DXGI,1,0,0,Composed: Flip,26876.8563,NA,20.62920000000000,8.49040000000000,12.07750000000000,26.78860000000000,67.5692,26874.9890,13.9448,1.8673,12.0775,14.4246,14.2313,12.0864,2.1449,12.3382,26874.9890,NA
parkey.exe,25692,0x18D74B42E40,DXGI,1,0,0,Composed: Flip,26890.7790,NA,13.92270000000000,24.87140000000000,12.03900000000000,33.38190000000000,78.5179,26888.9338,13.8842,1.8452,12.0390,14.7111,20.5160,11.6046,8.9114,-10.9266,26888.9338,NA
parkey.exe,25692,0x18D74B42E40,DXGI,1,0,0,Composed: Flip,26904.7038,NA,13.92480000000000,16.68080000000000,18.97700000000000,33.51730000000000,81.2739,26902.8180,20.8628,1.8858,18.9770,21.3429,14.0602,11.9463,2.1139,-2.7966,26902.8180,NA
parkey.exe,25692,0x18D74B42E40,DXGI,1,0,0,Composed: Flip,26925.8511,NA,21.14730000000000,16.67690000000000,11.63360000000000,32.98750000000000,76.8035,26923.6808,13.8039,2.1703,11.6336,14.5403,20.6175,11.2991,9.3184,4.1859,26923.6808,NA
parkey.exe,25692,0x18D74B42E40,DXGI,1,0,0,Composed: Flip,26939.1839,NA,13.33280000000000,16.69090000000000,19.14190000000000,33.59870000000000,80.1616,26937.4847,20.8411,1.6992,19.1419,21.3539,13.9440,11.7275,2.2165,-2.8870,26937.4847,NA
parkey.exe,25692,0x18D74B42E40,DXGI,1,0,0,Composed: Flip,26960.3517,NA,21.16780000000000,8.37600000000000,11.92360000000000,26.26660000000000,67.3698,26958.3258,13.9495,2.0259,11.9236,14.4568,13.8357,11.6385,2.1972,12.4651,26958.3258,NA
parkey.exe,25692,0x18D74B42E40,DXGI,1,0,0,Composed: Flip,26974.1297,NA,13.77800000000000,24.97330000000000,12.01050000000000,33.37060000000000,78.5651,26972.2753,13.8649,1.8544,12.0105,14.3430,20.8820,12.0363,8.8457,-11.0238,26972.2753,NA
parkey.exe,25692,0x18D74B42E40,DXGI,1,0,0,Composed: Flip,26987.9667,NA,13.83700000000000,16.69750000000000,19.04580000000000,33.72960000000000,81.4256,26986.1402,20.8723,1.8265,19.0458,21.3601,14.1960,12.0759,2.1201,-2.8326,26986.1402,NA
parkey.exe,25692,0x18D74B42E40,DXGI,1,0,0,Composed: Flip,27008.9016,NA,20.93490000000000,16.66660000000000,11.95260000000000,33.28210000000000,77.1573,27007.0125,13.8417,1.8891,11.9526,14.6838,20.4874,11.6605,8.8269,4.2057,27007.0125,NA
parkey.exe,25692,0x18D74B42E40,DXGI,1,0,0,Composed: Flip,27022.9791,NA,14.07750000000000,16.67810000000000,18.73850000000000,33.12710000000000,79.7579,27020.8542,20.8634,2.1249,18.7385,21.3538,13.8982,11.6970,2.2012,-2.8364,27020.8542,NA
parkey.exe,25692,0x18D74B42E40,DXGI,1,0,0,Composed: Flip,27044.0008,NA,21.02170000000000,8.39150000000000,11.62360000000000,25.99520000000000,67.1277,27041.7176,13.9068,2.2832,11.6236,14.4112,13.8672,11.7016,2.1656,12.4719,27041.7176,NA
parkey.exe,25692,0x18D74B42E40,DXGI,1,0,0,Composed: Flip,27057.5385,NA,13.53770000000000,24.97410000000000,11.96860000000000,33.31500000000000,78.5641,27055.6244,13.8827,1.9141,11.9686,14.3716,20.8575,11.6396,9.2179,-11.0673,27055.6244,NA
parkey.exe,25692,0x18D74B42E40,DXGI,1,0,0,Composed: Flip,27072.1186,NA,14.58010000000000,16.64770000000000,18.24790000000000,32.90530000000000,80.6317,27069.5071,20.8594,2.6115,18.2479,21.3464,14.1704,12.1260,2.0444,-2.7650,27069.5071,NA
parkey.exe,25692,0x18D74B42E40,DXGI,1,0,0,Composed: Flip,27092.4374,NA,20.31880000000000,16.70240000000000,11.74590000000000,33.08420000000000,77.0153,27090.3665,13.8168,2.0709,11.7459,14.6574,20.4977,11.2947,9.2030,4.1570,27090.3665,NA
parkey.exe,25692,0x18D74B42E40,DXGI,1,0,0,Composed: Flip,27105.9357,NA,13.49830000000000,16.68540000000000,19.10420000000000,33.49160000000000,80.2024,27104.1833,20.8566,1.7524,19.1042,21.3383,13.9057,11.7119,2.1938,-2.8686,27104.1833,NA
parkey.exe,25692,0x18D74B42E40,DXGI,1,0,0,Composed: Flip,27127.0854,NA,21.14970000000000,8.28830000000000,11.88150000000000,26.65640000000000,67.3410,27125.0399,13.9270,2.0455,11.8815,14.4034,14.2985,12.0645,2.2340,12.5683,27125.0399,NA
parkey.exe,25692,0x18D74B42E40,DXGI,1,0,0,Composed: Flip,27140.9446,NA,13.85920000000000,25.07560000000000,11.88910000000000,33.30120000000000,78.5574,27138.9669,13.8668,1.9777,11.8891,14.7749,20.5040,11.6629,8.8411,-11.1486,27138.9669,NA
parkey.exe,25692,0x18D74B42E40,DXGI,1,0,0,Composed: Flip,27154.6225,NA,13.67790000000000,16.58120000000000,19.08840000000000,33.72910000000000,81.4607,27152.8337,20.8772,1.7888,19.0884,21.4121,14.1058,12.0619,2.0439,-2.7144,27152.8337,NA
parkey.exe,25692,0x18D74B42E40,DXGI,1,0,0,Composed: Flip,27175.7409,NA,21.11840000000000,16.79720000000000,11.79330000000000,33.09790000000000,77.1395,27173.7109,13.8233,2.0300,11.7933,14.6407,20.4872,11.6884,8.7988,4.0800,27173.7109,NA
parkey.exe,25692,0x18D74B42E40,DXGI,1,0,0,Composed: Flip,27189.1312,NA,13.39030000000000,16.65590000000000,19.23510000000000,33.66230000000000,80.4051,27187.5342,20.8321,1.5970,19.2351,21.3250,13.9343,11.6506,2.2837,-2.8326,27187.5342,NA
parkey.exe,25692,0x18D74B42E40,DXGI,1,0,0,Composed: Flip,27210.3654,NA,21.23420000000000,8.29140000000000,11.96420000000000,26.32710000000000,67.4623,27208.3663,13.9633,1.9991,11.9642,14.4438,13.8824,11.7288,2.1536,12.5407,27208.3663,NA
parkey.exe,25692,0x18D74B42E40,DXGI,1,0,0,Composed: Flip,27223.9903,NA,13.62490000000000,25.07460000000000,12.20080000000000,33.54860000000000,78.9120,27222.3296,13.8615,1.6607,12.2008,14.4075,20.8018,11.6252,9.1766,-11.1113,27222.3296,NA
parkey.exe,25692,0x18D74B42E40,DXGI,1,0,0,Composed: Flip,27237.9795,NA,13.98920000000000,16.53280000000000,19.08680000000000,33.75900000000000,81.4556,27236.1911,20.8752,1.7884,19.0868,21.3936,14.1538,12.1193,2.0345,-2.6713,27236.1911,NA
parkey.exe,25692,0x18D74B42E40,DXGI,1,0,0,Composed: Flip,27259.0998,NA,21.12030000000000,16.82430000000000,11.79380000000000,33.07240000000000,77.1596,27257.0663,13.8273,2.0335,11.7938,14.6722,20.4337,11.2432,9.1905,4.0509,27257.0663,NA
parkey.exe,25692,0x18D74B42E40,DXGI,1,0,0,Composed: Flip,27272.7503,NA,13.65050000000000,16.68170000000000,18.98560000000000,33.37210000000000,80.1908,27270.8936,20.8423,1.8567,18.9856,21.3212,13.9076,11.7375,2.1701,-2.8544,27270.8936,NA
parkey.exe,25692,0x18D74B42E40,DXGI,1,0,0,Composed: Flip,27293.4713,NA,20.72100000000000,8.23460000000000,12.18380000000000,26.58400000000000,67.7044,27291.7359,13.9192,1.7354,12.1838,14.4086,13.9108,11.6702,2.2406,12.6077,27291.7359,NA
parkey.exe,25692,0x18D74B42E40,DXGI,1,0,0,Composed: Flip,27307.4731,NA,14.00180000000000,25.12890000000000,12.04770000000000,33.41430000000000,78.8315,27305.6551,13.8657,1.8180,12.0477,14.4002,20.8321,11.6490,9.1831,-11.2097,27305.6551,NA
parkey.exe,25692,0x18D74B42E40,DXGI,1,0,0,Composed: Flip,27321.4449,NA,13.97180000000000,16.47460000000000,18.96420000000000,33.61540000000000,81.3343,27319.5208,20.8883,1.9241,18.9642,21.3930,14.1465,12.0211,2.1254,-2.6089,27319.5208,NA
parkey.exe,25692,0x18D74B42E40,DXGI,1,0,0,Composed: Flip,27342.2992,NA,20.85430000000000,16.87750000000000,11.92160000000000,33.28840000000000,77.3575,27340.4091,13.8117,1.8901,11.9216,14.6512,20.5273,11.3662,9.1611,4.0108,27340.4091,NA
parkey.exe,25692,0x18D74B42E40,DXGI,1,0,0,Composed: Flip,27355.9513,NA,13.65210000000000,16.67920000000000,19.13900000000000,33.55290000000000,80.3846,27354.2208,20.8695,1.7305,19.1390,21.3668,13.9166,11.7145,2.2021,-2.8675,27354.2208,NA
parkey.exe,25692,0x18D74B42E40,DXGI,1,0,0,Composed: Flip,27377.3125,NA,21.36120000000000,8.13390000000000,11.71250000000000,26.04940000000000,67.1573,27375.0903,13.9347,2.2222,11.7125,14.4139,13.8577,11.6876,2.1701,12.7356,27375.0903,NA
parkey.exe,25692,0x18D74B42E40,DXGI,1,0,0,Composed: Flip,27390.9901,NA,13.67760000000000,25.23460000000000,11.86310000000000,33.26050000000000,78.7143,27389.0250,13.8282,1.9651,11.8631,14.3849,20.8407,11.7191,9.1216,-11.2999,27389.0250,NA
parkey.exe,25692,0x18D74B42E40,DXGI,1,0,0,Composed: Flip,27404.6941,NA,13.70400000000000,16.43100000000000,19.06820000000000,33.71250000000000,81.4413,27402.8532,20.9091,1.8409,19.0682,21.3974,14.1560,12.0453,2.1107,-2.6028,27402.8532,NA
parkey.exe,25692,0x18D74B42E40,DXGI,1,0,0,Composed: Flip,27426.0606,NA,21.36650000000000,16.92530000000000,11.51110000000000,32.95840000000000,77.0001,27423.7623,13.8094,2.2983,11.5111,14.6443,20.6124,11.7098,8.9026,3.9838,27423.7623,NA
parkey.exe,25692,0x18D74B42E40,DXGI,1,0,0,Composed: Flip,27439.2944,NA,13.23380000000000,16.68160000000000,19.15380000000000,33.56640000000000,80.4479,27437.5717,20.8765,1.7227,19.1538,21.4473,13.8418,11.6722,2.1696,-2.8722,27437.5717,NA
parkey.exe,25692,0x18D74B42E40,DXGI,1,0,0,Composed: Flip,27461.0711,NA,21.77670000000000,8.13220000000000,11.29200000000000,25.63200000000000,66.8034,27458.4482,13.9149,2.6229,11.2920,14.4126,13.8423,11.6685,2.1738,12.7443,27458.4482,NA
parkey.exe,25692,0x18D74B42E40,DXGI,1,0,0,Composed: Flip,27474.3763,NA,13.30520000000000,25.23310000000000,11.83790000000000,33.18330000000000,78.7313,27472.3631,13.8511,2.0132,11.8379,14.3608,20.8357,11.6842,9.1515,-11.3182,27472.3631,NA
parkey.exe,25692,0x18D74B42E40,DXGI,1,0,0,Composed: Flip,27488.1510,NA,13.77470000000000,16.37160000000000,18.95680000000000,33.62010000000000,81.3282,27486.2142,20.8936,1.9368,18.9568,21.3901,14.1668,12.0045,2.1623,-2.5205,27486.2142,NA
parkey.exe,25692,0x18D74B42E40,DXGI,1,0,0,Composed: Flip,27508.9529,NA,20.80190000000000,16.98330000000000,11.97920000000000,33.26510000000000,77.5096,27507.1078,13.8243,1.8451,11.9792,14.6633,20.4469,11.2898,9.1571,3.9103,27507.1078,NA
parkey.exe,25692,0x18D74B42E40,DXGI,1,0,0,Composed: Flip,27522.5688,NA,13.61590000000000,16.68060000000000,19.21320000000000,33.61600000000000,80.5743,27520.9321,20.8499,1.6367,19.2132,21.3359,13.9168,11.6916,2.2252,-2.8563,27520.9321,NA
parkey.exe,25692,0x18D74B42E40,DXGI,1,0,0,Composed: Flip,27543.5171,NA,20.94830000000000,8.02750000000000,12.19050000000000,26.53930000000000,67.6535,27541.7820,13.9256,1.7351,12.1905,14.4028,13.8716,11.7548,2.1168,12.8224,27541.7820,NA
parkey.exe,25692,0x18D74B42E40,DXGI,1,0,0,Composed: Flip,27557.5522,NA,14.03510000000000,25.34230000000000,12.00880000000000,33.40070000000000,78.9607,27555.7076,13.8534,1.8446,12.0088,14.3723,20.8730,11.5653,9.3077,-11.4167,27555.7076,NA
parkey.exe,25692,0x18D74B42E40,DXGI,1,0,0,Composed: Flip,27571.3251,NA,13.77290000000000,16.31340000000000,19.13460000000000,33.70730000000000,81.5012,27569.5610,20.8987,1.7641,19.1346,21.3919,14.0795,12.0065,2.0730,-2.4600,27569.5610,NA
parkey.exe,25692,0x18D74B42E40,DXGI,1,0,0,Composed: Flip,27592.3269,NA,21.00180000000000,17.03860000000000,11.97180000000000,33.31580000000000,77.5380,27590.4597,13.8390,1.8672,11.9718,14.5727,20.6103,11.6285,8.9818,3.8601,27590.4597,NA
parkey.exe,25692,0x18D74B42E40,DXGI,1,0,0,Composed: Flip,27606.1937,NA,13.86680000000000,16.67940000000000,18.93230000000000,33.33900000000000,80.3506,27604.2987,20.8273,1.8950,18.9323,21.3440,13.8900,11.7492,2.1408,-2.8404,27604.2987,NA
parkey.exe,25692,0x18D74B42E40,DXGI,1,0,0,Composed: Flip,27628.1263,NA,21.93260000000000,16.67370000000000,10.92820000000000,25.28470000000000,75.0917,27625.1260,13.9285,3.0003,10.9282,14.4067,13.8783,11.7090,2.1693,4.1536,27625.1260,NA
parkey.exe,25692,0x18D74B42E40,DXGI,1,0,0,Composed: Flip,27641.2228,NA,13.09650000000000,16.69170000000000,11.68200000000000,33.09530000000000,78.6869,27639.0545,13.8503,2.1683,11.6820,14.4004,20.8632,11.6675,9.1957,-2.7632,27639.0545,NA
parkey.exe,25692,0x18D74B42E40,DXGI,1,0,0,Composed: Flip,27654.8254,NA,13.60260000000000,16.26190000000000,18.98690000000000,33.19340000000000,81.3462,27652.9048,20.9075,1.9206,18.9869,21.4133,13.7007,11.5975,2.1032,-2.4116,27652.9048,NA
parkey.exe,25692,0x18D74B42E40,DXGI,1,0,0,Composed: Flip,27675.9537,NA,21.12830000000000,17.09450000000000,11.80120000000000,33.03920000000000,77.3124,27673.8123,13.9426,2.1414,11.8012,14.2289,20.9517,11.7652,9.1865,3.8130,27673.8123,NA
parkey.exe,25692,0x18D74B42E40,DXGI,1,0,0,Composed: Flip,27689.5339,NA,13.58020000000000,16.67440000000000,18.98860000000000,33.35350000000000,80.4066,27687.7549,20.7676,1.7790,18.9886,21.2380,13.8945,11.6319,2.2626,-2.7318,27687.7549,NA
parkey.exe,25692,0x18D74B42E40,DXGI,1,0,0,Composed: Flip,27710.8879,NA,21.35400000000000,7.90870000000000,11.51850000000000,25.88610000000000,66.9613,27708.5225,13.8839,2.3654,11.5185,14.3649,13.8866,11.7447,2.1419,12.8589,27708.5225,NA
parkey.exe,25692,0x18D74B42E40,DXGI,1,0,0,Composed: Flip,27724.7285,NA,13.84060000000000,25.47200000000000,11.54250000000000,32.92610000000000,78.5927,27722.4064,13.8646,2.3221,11.5425,14.3945,20.8537,11.6670,9.1867,-11.5881,27722.4064,NA
parkey.exe,25692,0x18D74B42E40,DXGI,1,0,0,Composed: Flip,27738.7401,NA,14.01160000000000,16.19580000000000,18.41660000000000,33.00590000000000,80.7769,27736.2710,20.8857,2.4691,18.4166,21.3836,14.0914,11.9675,2.1239,-2.3312,27736.2710,NA
parkey.exe,25692,0x18D74B42E40,DXGI,1,0,0,Composed: Flip,27759.3314,NA,20.59130000000000,17.14490000000000,11.66590000000000,32.96190000000000,77.3305,27757.1567,13.8406,2.1747,11.6659,14.5893,20.5473,11.5807,8.9666,3.7408,27757.1567,NA
parkey.exe,25692,0x18D74B42E40,DXGI,1,0,0,Composed: Flip,27772.8089,NA,13.47750000000000,16.67870000000000,19.00820000000000,33.41520000000000,80.5317,27770.9973,20.8198,1.8116,19.0082,21.2960,13.9308,11.6919,2.2389,-2.8381,27770.9973,NA
parkey.exe,25692,0x18D74B42E40,DXGI,1,0,0,Composed: Flip,27793.6389,NA,20.83000000000000,16.68430000000000,12.11460000000000,26.42880000000000,76.3860,27791.8171,13.9364,1.8218,12.1146,14.4381,13.8125,11.6790,2.1335,4.1355,27791.8171,NA
parkey.exe,25692,0x18D74B42E40,DXGI,1,0,0,Composed: Flip,27807.5338,NA,13.89490000000000,16.69770000000000,12.05910000000000,33.42620000000000,79.1888,27805.7535,13.8394,1.7803,12.0591,14.3825,20.8240,11.8190,9.0050,-2.7613,27805.7535,NA
parkey.exe,25692,0x18D74B42E40,DXGI,1,0,0,Composed: Flip,27821.4922,NA,13.95840000000000,16.14500000000000,19.00820000000000,33.60470000000000,81.3754,27819.5929,20.9075,1.8993,19.0082,21.3838,14.1202,12.0242,2.0960,-2.3056,27819.5929,NA
parkey.exe,25692,0x18D74B42E40,DXGI,1,0,0,Composed: Flip,27842.3781,NA,20.88590000000000,17.19690000000000,11.99720000000000,33.26900000000000,77.6864,27840.5004,13.8749,1.8777,11.9972,14.5965,20.5502,11.5772,8.9730,3.7106,27840.5004,NA
parkey.exe,25692,0x18D74B42E40,DXGI,1,0,0,Composed: Flip,27855.9700,NA,13.59190000000000,16.68110000000000,19.19670000000000,33.61210000000000,80.7756,27854.3753,20.7914,1.5947,19.1967,21.2917,13.9151,11.6523,2.2628,-2.8062,27854.3753,NA
parkey.exe,25692,0x18D74B42E40,DXGI,1,0,0,Composed: Flip,27877.3168,NA,21.34680000000000,16.68170000000000,11.78070000000000,26.16690000000000,76.1105,27875.1667,13.9308,2.1501,11.7807,14.4154,13.9016,11.7196,2.1820,4.1097,27875.1667,NA
parkey.exe,25692,0x18D74B42E40,DXGI,1,0,0,Composed: Flip,27890.9201,NA,13.60330000000000,16.69820000000000,12.02410000000000,33.38350000000001,79.2054,27889.0975,13.8467,1.8226,12.0241,14.3862,20.8199,11.8428,8.9771,-2.7674,27889.0975,NA
parkey.exe,25692,0x18D74B42E40,DXGI,1,0,0,Composed: Flip,27904.7794,NA,13.85930000000000,16.08990000000000,19.04450000000000,33.30130000000000,81.4360,27902.9442,20.8797,1.8352,19.0445,21.3594,13.7771,11.5979,2.1792,-2.2432,27902.9442,NA
