Application,ProcessID,SwapChainAddress,PresentRuntime,SyncInterval,PresentFlags,AllowsTearing,PresentMode,TimeInMs,MsBetweenSimulationStart,MsBetweenPresents,MsBetweenDisplayChange,MsInPresentAPI,MsRenderPresentLatency,MsUntilDisplayed,CPUStartTimeInMs,MsBetweenAppStart,MsCPUBusy,MsCPUWait,MsGPULatency,MsGPUTime,MsGPUBusy,MsGPUWait,MsAnimationError,AnimationTime,MsFlipDelay
parkey.exe,27808,0x12E93FCD700,DXGI,0,0,1,Hardware Composed: Independent Flip,8013.4251,NA,6.70670000000000,6.95560000000000,0.15210000000000,6.09320000000000,16.0515,8006.8362,6.7410,6.5889,0.1521,6.4082,6.2739,6.2545,0.0194,-6.7898,8006.8362,NA
parkey.exe,27808,0x12E93FCD700,DXGI,0,0,1,Hardware Composed: Independent Flip,8020.2293,NA,6.80420000000000,6.95180000000000,1.93760000000000,6.18020000000000,16.1991,8013.5772,8.5897,6.6521,1.9376,6.4772,6.3551,6.3100,0.0451,-0.2108,8013.5772,NA
parkey.exe,27808,0x12E93FCD700,DXGI,0,0,1,Hardware Composed: Independent Flip,8027.2079,NA,6.97860000000000,6.94540000000000,0.17480000000000,6.31530000000000,16.1659,8022.1669,5.2158,5.0410,0.1748,4.9156,6.4407,6.4178,0.0229,1.6443,8022.1669,NA
parkey.exe,27808,0x12E93FCD700,DXGI,0,0,1,Hardware Composed: Independent Flip,8034.3125,NA,7.10460000000000,6.93200000000000,4.94780000000000,6.09730000000000,15.9933,8027.3827,11.8776,6.9298,4.9478,6.7517,6.2754,6.2465,0.0289,-1.7162,8027.3827,NA
parkey.exe,27808,0x12E93FCD700,DXGI,0,0,1,Hardware Composed: Independent Flip,8041.4105,NA,7.09800000000000,6.99610000000000,0.17040000000000,6.19160000000000,15.8914,8039.2603,2.3206,2.1502,0.1704,1.9921,6.3497,6.3248,0.0249,4.8815,8039.2603,NA
parkey.exe,27808,0x12E93FCD700,DXGI,0,0,1,Hardware Composed: Independent Flip,8048.0034,NA,6.59290000000000,6.92480000000000,6.53610000000000,7.09350000000000,16.2233,8041.5809,12.9586,6.4225,6.5361,6.3043,7.2117,6.9430,0.2687,-4.6042,8041.5809,NA
parkey.exe,27808,0x12E93FCD700,DXGI,0,0,1,Hardware Composed: Independent Flip,8054.7140,NA,6.71060000000000,6.87180000000000,0.16150000000000,6.99470000000000,16.3845,8054.5395,0.3360,0.1745,0.1615,0.5574,6.6118,6.5804,0.0314,6.0868,8054.5395,NA
parkey.exe,27808,0x12E93FCD700,DXGI,0,0,1,Hardware Composed: Independent Flip,8062.0752,NA,7.36120000000000,7.01340000000000,7.16640000000000,12.59150000000000,16.0367,8054.8755,14.3661,7.1997,7.1664,7.0578,12.7334,12.4965,0.2369,-6.6774,8054.8755,NA
parkey.exe,27808,0x12E93FCD700,DXGI,0,0,1,Hardware Composed: Independent Flip,8069.3233,NA,7.24810000000000,6.91230000000000,0.24990000000000,5.65650000000000,15.7009,8069.2416,0.3316,0.0817,0.2499,5.4251,0.3131,0.3131,0.0000,7.4538,8069.2416,NA
parkey.exe,27808,0x12E93FCD700,DXGI,0,0,1,Hardware Composed: Independent Flip,8076.0153,NA,6.69200000000000,6.99300000000000,7.53430000000000,10.63020000000000,16.0019,8069.5732,13.9764,6.4421,7.5343,6.2389,10.8334,10.0150,0.8184,-6.6614,8069.5732,NA
parkey.exe,27808,0x12E93FCD700,DXGI,0,0,1,Hardware Composed: Independent Flip,8083.6287,NA,7.61340000000000,6.95620000000000,0.21040000000000,3.09160000000000,15.3447,8083.5496,0.2895,0.0791,0.2104,3.1087,0.0620,0.0620,0.0000,7.0202,8083.5496,NA
parkey.exe,27808,0x12E93FCD700,DXGI,0,0,1,Hardware Composed: Independent Flip,8089.4724,NA,5.84370000000000,6.93080000000000,0.17410000000000,6.21650000000000,16.4318,8083.8391,5.8074,5.6333,0.1741,5.5255,6.3243,6.3045,0.0198,-6.6413,8083.8391,NA
parkey.exe,27808,0x12E93FCD700,DXGI,0,0,1,Hardware Composed: Independent Flip,8096.9767,NA,7.50430000000000,6.96800000000000,2.63770000000000,4.43290000000000,15.8955,8089.6465,9.9679,7.3302,2.6377,7.1817,4.5814,4.5533,0.0281,-1.1606,8089.6465,NA
parkey.exe,27808,0x12E93FCD700,DXGI,0,0,1,Hardware Composed: Independent Flip,8103.4705,NA,6.49380000000000,6.95500000000000,0.78360000000000,4.45350000000000,16.3567,8099.6144,4.6397,3.8561,0.7836,3.7188,4.5908,4.5679,0.0229,3.0129,8099.6144,NA
parkey.exe,27808,0x12E93FCD700,DXGI,0,0,1,Hardware Composed: Independent Flip,8110.4536,NA,6.98310000000000,6.96410000000000,5.45480000000000,5.45070000000000,16.3377,8104.2541,11.6543,6.1995,5.4548,6.0719,5.5783,4.2430,1.3353,-2.3244,8104.2541,NA
parkey.exe,27808,0x12E93FCD700,DXGI,0,0,1,Hardware Composed: Independent Flip,8117.2295,NA,6.77590000000000,6.86090000000000,3.01700000000000,4.10660000000000,16.4227,8115.9084,4.3381,1.3211,3.0170,1.2231,4.2046,4.1837,0.0209,4.7934,8115.9084,NA
parkey.exe,27808,0x12E93FCD700,DXGI,0,0,1,Hardware Composed: Independent Flip,8124.2584,NA,7.02890000000000,7.04330000000000,7.86140000000000,11.17960000000000,16.4371,8120.2465,11.8733,4.0119,7.8614,3.8551,11.3364,10.5843,0.7521,-2.7052,8120.2465,NA
parkey.exe,27808,0x12E93FCD700,DXGI,0,0,1,Hardware Composed: Independent Flip,8132.1658,NA,7.90740000000000,7.16230000000000,0.12210000000000,3.36300000000000,15.6920,8132.1198,0.1681,0.0460,0.1221,3.3363,0.0727,0.0727,0.0000,4.7110,8132.1198,NA
parkey.exe,27808,0x12E93FCD700,DXGI,0,0,1,Hardware Composed: Independent Flip,8138.0059,NA,5.84010000000000,6.74080000000000,0.24560000000000,5.36360000000000,16.5927,8132.2879,5.9636,5.7180,0.2456,5.6135,5.4681,5.4327,0.0354,-6.5727,8132.2879,NA
parkey.exe,27808,0x12E93FCD700,DXGI,0,0,1,Hardware Composed: Independent Flip,8145.3243,NA,7.31840000000000,6.95540000000000,2.73290000000000,4.97040000000000,16.2297,8138.2515,9.8057,7.0728,2.7329,6.9130,5.1302,5.1006,0.0296,-0.9918,8138.2515,NA
parkey.exe,27808,0x12E93FCD700,DXGI,0,0,1,Hardware Composed: Independent Flip,8152.0124,NA,6.68810000000000,6.92640000000000,0.18170000000000,4.09540000000000,16.4680,8148.0572,4.1369,3.9552,0.1817,3.8510,4.1996,4.1778,0.0218,2.8793,8148.0572,NA
parkey.exe,27808,0x12E93FCD700,DXGI,0,0,1,Hardware Composed: Independent Flip,8159.3575,NA,7.34510000000000,6.99630000000000,0.16840000000000,4.09880000000000,16.1192,8152.1941,7.3318,7.1634,0.1684,7.0254,4.2368,4.2152,0.0216,-2.8594,8152.1941,NA
parkey.exe,27808,0x12E93FCD700,DXGI,0,0,1,Hardware Composed: Independent Flip,8165.9234,NA,6.56590000000000,6.88650000000000,4.33420000000000,4.33470000000000,16.4398,8159.5259,10.7317,6.3975,4.3342,6.2921,4.4401,4.2330,0.2071,0.4453,8159.5259,NA
parkey.exe,27808,0x12E93FCD700,DXGI,0,0,1,Hardware Composed: Independent Flip,8172.6322,NA,6.70880000000000,6.89920000000000,2.93850000000000,5.99800000000000,16.6302,8170.2576,5.3131,2.3746,2.9385,2.2853,6.0873,6.0646,0.0227,3.8325,8170.2576,NA
parkey.exe,27808,0x12E93FCD700,DXGI,0,0,1,Hardware Composed: Independent Flip,8180.1325,NA,7.50030000000000,7.01740000000000,10.42510000000000,10.64900000000000,16.1473,8175.5707,14.9869,4.5618,10.4251,4.4309,10.7799,8.3817,2.3982,-1.7043,8175.5707,NA
parkey.exe,27808,0x12E93FCD700,DXGI,0,0,1,Hardware Composed: Independent Flip,8190.6089,NA,10.47640000000000,6.94530000000000,0.19450000000000,0.93910000000000,12.6162,8190.5576,0.2458,0.0513,0.1945,0.2239,0.7665,0.7665,0.0000,8.0416,8190.5576,NA
parkey.exe,27808,0x12E93FCD700,DXGI,0,0,1,Hardware Composed: Independent Flip,8193.8458,NA,3.23690000000000,6.96380000000000,1.49220000000000,4.11190000000000,16.3431,8190.8034,4.5346,3.0424,1.4922,2.9384,4.2159,4.1940,0.0219,-6.7180,8190.8034,NA
parkey.exe,27808,0x12E93FCD700,DXGI,0,0,1,Hardware Composed: Independent Flip,8200.5068,NA,6.66100000000000,6.93430000000000,4.44040000000000,4.43290000000000,16.6164,8195.3380,9.6092,5.1688,4.4404,5.0442,4.5575,4.2007,0.3568,-2.3997,8195.3380,NA
parkey.exe,27808,0x12E93FCD700,DXGI,0,0,1,Hardware Composed: Independent Flip,8208.0584,NA,7.55160000000000,6.98710000000000,1.83900000000000,5.25070000000000,16.0519,8204.9472,4.9502,3.1112,1.8390,2.9793,5.3826,5.3598,0.0228,2.6221,8204.9472,NA
parkey.exe,27808,0x12E93FCD700,DXGI,0,0,1,Hardware Composed: Independent Flip,8214.6471,NA,6.58870000000000,6.95470000000000,0.21160000000000,4.12000000000000,16.4179,8209.8974,4.9613,4.7497,0.2116,4.6383,4.2314,4.2003,0.0311,-2.0045,8209.8974,NA
parkey.exe,27808,0x12E93FCD700,DXGI,0,0,1,Hardware Composed: Independent Flip,8221.5572,NA,6.91010000000000,6.91910000000000,0.75640000000000,5.32940000000000,16.4269,8214.8587,7.4549,6.6985,0.7564,6.5735,5.4544,5.4300,0.0244,-1.9578,8214.8587,NA
parkey.exe,27808,0x12E93FCD700,DXGI,0,0,1,Hardware Composed: Independent Flip,8228.9404,NA,7.38320000000000,6.95760000000000,0.20820000000000,4.04890000000000,16.0013,8222.3136,6.8350,6.6268,0.2082,6.4524,4.2233,4.1991,0.0242,0.4973,8222.3136,NA
parkey.exe,27808,0x12E93FCD700,DXGI,0,0,1,Hardware Composed: Independent Flip,8235.6672,NA,6.72680000000000,6.95090000000000,1.94040000000000,4.06220000000000,16.2254,8229.1486,8.4590,6.5186,1.9404,6.3729,4.2079,4.1814,0.0265,-0.1159,8229.1486,NA
parkey.exe,27808,0x12E93FCD700,DXGI,0,0,1,Hardware Composed: Independent Flip,8242.7792,NA,7.11200000000000,6.97520000000000,0.60930000000000,5.73870000000000,16.0886,8237.6076,5.7809,5.1716,0.6093,5.0212,5.8891,5.8615,0.0276,1.4838,8237.6076,NA
parkey.exe,27808,0x12E93FCD700,DXGI,0,0,1,Hardware Composed: Independent Flip,8249.3682,NA,6.58900000000000,6.91430000000000,3.38780000000000,4.10430000000000,16.4139,8243.3885,9.3675,5.9797,3.3878,5.8602,4.2238,4.1968,0.0270,-1.1334,8243.3885,NA
parkey.exe,27808,0x12E93FCD700,DXGI,0,0,1,Hardware Composed: Independent Flip,8256.4174,NA,7.04920000000000,6.96090000000000,0.35190000000000,5.79480000000000,16.3256,8252.7560,4.0133,3.6614,0.3519,3.5192,5.9370,5.9034,0.0336,2.4066,8252.7560,NA
parkey.exe,27808,0x12E93FCD700,DXGI,0,0,1,Hardware Composed: Independent Flip,8263.4289,NA,7.01150000000000,6.93580000000000,3.92050000000000,4.07790000000000,16.2499,8256.7693,10.5801,6.6596,3.9205,6.5238,4.2137,4.1835,0.0302,-2.9225,8256.7693,NA
parkey.exe,27808,0x12E93FCD700,DXGI,0,0,1,Hardware Composed: Independent Flip,8270.1240,NA,6.69510000000000,6.97080000000000,0.13670000000000,4.47640000000000,16.5256,8267.3494,2.9113,2.7746,0.1367,2.6643,4.5867,4.5584,0.0283,3.6093,8267.3494,NA
parkey.exe,27808,0x12E93FCD700,DXGI,0,0,1,Hardware Composed: Independent Flip,8277.5057,NA,7.38170000000000,6.94010000000000,0.18790000000000,4.10500000000000,16.0840,8270.2607,7.4329,7.2450,0.1879,7.1098,4.2402,4.2039,0.0363,-4.0288,8270.2607,NA
parkey.exe,27808,0x12E93FCD700,DXGI,0,0,1,Hardware Composed: Independent Flip,8284.0246,NA,6.51890000000000,6.95350000000000,0.16920000000000,4.08100000000000,16.5186,8277.6936,6.5002,6.3310,0.1692,6.2107,4.2013,4.1793,0.0220,0.4794,8277.6936,NA
parkey.exe,27808,0x12E93FCD700,DXGI,0,0,1,Hardware Composed: Independent Flip,8291.0453,NA,7.02070000000000,6.92510000000000,0.16900000000000,6.23180000000000,16.4230,8284.1938,7.0205,6.8515,0.1690,6.6998,6.3835,6.3643,0.0192,-0.4249,8284.1938,NA
parkey.exe,27808,0x12E93FCD700,DXGI,0,0,1,Hardware Composed: Independent Flip,8298.0451,NA,6.99980000000000,6.94730000000000,2.79570000000000,4.11240000000000,16.3705,8291.2143,9.6265,6.8308,2.7957,6.7180,4.2252,4.1952,0.0300,0.0732,8291.2143,NA
parkey.exe,27808,0x12E93FCD700,DXGI,0,0,1,Hardware Composed: Independent Flip,8304.7264,NA,6.68130000000000,6.94890000000000,0.18980000000000,4.91450000000000,16.6381,8300.8408,4.0754,3.8856,0.1898,3.7830,5.0171,4.9934,0.0237,2.6776,8300.8408,NA
parkey.exe,27808,0x12E93FCD700,DXGI,0,0,1,Hardware Composed: Independent Flip,8311.7946,NA,7.06820000000000,7.01100000000000,5.07060000000000,5.07070000000000,16.5809,8304.9162,11.9490,6.8784,5.0706,6.7546,5.1945,4.2294,0.9651,-2.9356,8304.9162,NA
parkey.exe,27808,0x12E93FCD700,DXGI,0,0,1,Hardware Composed: Independent Flip,8318.5494,NA,6.75480000000000,6.84220000000000,2.67800000000000,4.45110000000000,16.6683,8316.8652,4.3622,1.6842,2.6780,1.5749,4.5604,4.5365,0.0239,5.1068,8316.8652,NA
parkey.exe,27808,0x12E93FCD700,DXGI,0,0,1,Hardware Composed: Independent Flip,8325.7007,NA,7.15130000000000,7.00600000000000,7.19930000000000,11.10160000000000,16.5230,8321.2274,11.6726,4.4733,7.1993,4.3544,11.2205,8.9639,2.2566,-2.6438,8321.2274,NA
parkey.exe,27808,0x12E93FCD700,DXGI,0,0,1,Hardware Composed: Independent Flip,8332.9437,NA,7.24300000000000,6.96120000000000,0.11670000000000,3.95460000000000,16.2412,8332.9000,0.1604,0.0437,0.1167,3.9023,0.0960,0.0831,0.0129,4.7114,8332.9000,NA
parkey.exe,27808,0x12E93FCD700,DXGI,0,0,1,Hardware Composed: Independent Flip,8339.3773,NA,6.43360000000000,6.93920000000000,0.14410000000000,6.14430000000000,16.7468,8333.0604,6.4610,6.3169,0.1441,6.2117,6.2495,6.2254,0.0241,-6.7788,8333.0604,NA
parkey.exe,27808,0x12E93FCD700,DXGI,0,0,1,Hardware Composed: Independent Flip,8346.8004,NA,7.42310000000000,6.96620000000000,2.12640000000000,4.38270000000000,16.2899,8339.5214,9.4054,7.2790,2.1264,7.1195,4.5422,4.5158,0.0264,-0.5052,8339.5214,NA
parkey.exe,27808,0x12E93FCD700,DXGI,0,0,1,Hardware Composed: Independent Flip,8353.5686,NA,6.76820000000000,6.93650000000000,0.20780000000000,4.86770000000000,16.4582,8348.9268,4.8496,4.6418,0.2078,4.5263,4.9832,4.9241,0.0591,2.4689,8348.9268,NA
parkey.exe,27808,0x12E93FCD700,DXGI,0,0,1,Hardware Composed: Independent Flip,8360.7522,NA,7.18360000000000,6.96170000000000,3.69620000000000,4.43150000000000,16.2363,8353.7764,10.6720,6.9758,3.6962,6.8129,4.5944,4.5450,0.0494,-2.1121,8353.7764,NA
parkey.exe,27808,0x12E93FCD700,DXGI,0,0,1,Hardware Composed: Independent Flip,8367.1036,NA,6.35140000000000,6.93330000000000,1.71470000000000,4.43880000000000,16.8182,8364.4484,4.3699,2.6552,1.7147,2.5599,4.5341,4.5146,0.0195,3.7387,8364.4484,NA
parkey.exe,27808,0x12E93FCD700,DXGI,0,0,1,Hardware Composed: Independent Flip,8373.9666,NA,6.86300000000000,6.94470000000000,4.24370000000000,6.58150000000000,16.8999,8368.8183,9.3920,5.1483,4.2437,5.0479,6.6819,6.6618,0.0201,-2.5748,8368.8183,NA
parkey.exe,27808,0x12E93FCD700,DXGI,0,0,1,Hardware Composed: Independent Flip,8381.2460,NA,7.27940000000000,6.95720000000000,1.29600000000000,4.79890000000000,16.5777,8378.2103,4.3317,3.0357,1.2960,2.9381,4.8965,4.8725,0.0240,2.4348,8378.2103,NA
parkey.exe,27808,0x12E93FCD700,DXGI,0,0,1,Hardware Composed: Independent Flip,8387.9701,NA,6.72410000000000,6.94910000000000,5.20870000000000,5.72050000000000,16.8027,8382.5420,10.6368,5.4281,5.2087,5.3193,5.8293,5.8083,0.0210,-2.6174,8382.5420,NA
parkey.exe,27808,0x12E93FCD700,DXGI,0,0,1,Hardware Composed: Independent Flip,8395.1251,NA,7.15500000000000,6.95500000000000,3.06860000000000,6.58740000000000,16.6027,8393.1788,5.0149,1.9463,3.0686,1.8340,6.6997,6.6771,0.0226,3.6818,8393.1788,NA
parkey.exe,27808,0x12E93FCD700,DXGI,0,0,1,Hardware Composed: Independent Flip,8401.8842,NA,6.75910000000000,6.94740000000000,5.92760000000000,6.47730000000000,16.7910,8398.1937,9.6181,3.6905,5.9276,3.5793,6.5885,5.1101,1.4784,-1.9325,8398.1937,NA
parkey.exe,27808,0x12E93FCD700,DXGI,0,0,1,Hardware Composed: Independent Flip,8408.9737,NA,7.08950000000000,6.88510000000000,0.11740000000000,4.44630000000000,16.5866,8407.8118,1.2793,1.1619,0.1174,1.0560,4.5522,4.5283,0.0239,2.7330,8407.8118,NA
parkey.exe,27808,0x12E93FCD700,DXGI,0,0,1,Hardware Composed: Independent Flip,8415.7437,NA,6.77000000000000,6.99860000000000,7.40870000000000,12.68550000000000,16.8152,8409.0911,14.0613,6.6526,7.4087,6.5412,12.7969,10.4973,2.2996,-5.7193,8409.0911,NA
parkey.exe,27808,0x12E93FCD700,DXGI,0,0,1,Hardware Composed: Independent Flip,8423.2137,NA,7.47000000000000,6.97200000000000,0.19980000000000,5.98790000000000,16.3172,8423.1524,0.2611,0.0613,0.1998,5.2768,0.7724,0.7724,0.0000,7.0893,8423.1524,NA
parkey.exe,27808,0x12E93FCD700,DXGI,0,0,1,Hardware Composed: Independent Flip,8429.9463,NA,6.73260000000000,6.95000000000000,0.14990000000000,6.55810000000000,16.5346,8423.4135,6.6827,6.5328,0.1499,6.3675,6.7234,6.7038,0.0196,-6.6889,8423.4135,NA
parkey.exe,27808,0x12E93FCD700,DXGI,0,0,1,Hardware Composed: Independent Flip,8436.6898,NA,6.74350000000000,6.87940000000000,0.89730000000000,6.60950000000000,16.6705,8430.0962,7.4909,6.5936,0.8973,6.4477,6.7554,6.7361,0.0193,-0.1967,8430.0962,NA
parkey.exe,27808,0x12E93FCD700,DXGI,0,0,1,Hardware Composed: Independent Flip,8443.9988,NA,7.30900000000000,6.99950000000000,7.18530000000000,13.13010000000000,16.3610,8437.5871,13.5970,6.4117,7.1853,6.2693,13.2725,13.2247,0.0478,0.4914,8437.5871,NA
parkey.exe,27808,0x12E93FCD700,DXGI,0,0,1,Hardware Composed: Independent Flip,8451.2698,NA,7.27100000000000,6.89130000000000,0.11530000000000,6.60050000000000,15.9813,8451.1841,0.2010,0.0857,0.1153,5.9448,0.7414,0.7414,0.0000,6.7057,8451.1841,NA
parkey.exe,27808,0x12E93FCD700,DXGI,0,0,1,Hardware Composed: Independent Flip,8457.4626,NA,6.19280000000000,7.00890000000000,7.67700000000000,13.73120000000000,16.7974,8451.3851,13.7545,6.0775,7.6770,6.4852,13.3235,13.2783,0.0452,-6.8079,8451.3851,NA
parkey.exe,27808,0x12E93FCD700,DXGI,0,0,1,Hardware Composed: Independent Flip,8465.2203,NA,7.75770000000000,6.90740000000000,0.09820000000000,6.75360000000000,15.9471,8465.1396,0.1789,0.0807,0.0982,6.0542,0.7801,0.7801,0.0000,6.8471,8465.1396,NA
parkey.exe,27808,0x12E93FCD700,DXGI,0,0,1,Hardware Composed: Independent Flip,8471.3344,NA,6.11410000000000,6.98790000000000,8.91950000000000,13.71080000000000,16.8209,8465.3185,14.9354,6.0159,8.9195,6.6554,13.0713,12.8993,0.1720,-6.8090,8465.3185,NA
parkey.exe,27808,0x12E93FCD700,DXGI,0,0,1,Hardware Composed: Independent Flip,8480.3378,NA,9.00340000000000,6.99390000000000,0.09910000000000,5.49360000000000,14.8114,8480.2539,0.1830,0.0839,0.0991,4.7913,0.7862,0.7862,0.0000,7.9415,8480.2539,NA
parkey.exe,27808,0x12E93FCD700,DXGI,0,0,1,Hardware Composed: Independent Flip,8485.2219,NA,4.88410000000000,6.91050000000000,0.13280000000000,7.35810000000000,16.8378,8480.4369,4.9178,4.7850,0.1328,5.3945,6.7486,6.7282,0.0204,-6.7275,8480.4369,NA
parkey.exe,27808,0x12E93FCD700,DXGI,0,0,1,Hardware Composed: Independent Flip,8492.3927,NA,7.17080000000000,6.96570000000000,2.17380000000000,6.88600000000000,16.6327,8485.3547,9.2118,7.0380,2.1738,7.2253,6.6987,6.6799,0.0188,-2.0479,8485.3547,NA
parkey.exe,27808,0x12E93FCD700,DXGI,0,0,1,Hardware Composed: Independent Flip,8499.0259,NA,6.63320000000000,6.93620000000000,0.13210000000000,7.05050000000000,16.9357,8494.5665,4.5915,4.4594,0.1321,4.7122,6.7977,6.7718,0.0259,2.2756,8494.5665,NA
parkey.exe,27808,0x12E93FCD700,DXGI,0,0,1,Hardware Composed: Independent Flip,8505.9497,NA,6.92380000000000,6.95830000000000,2.65250000000000,6.87240000000000,16.9702,8499.1580,9.4442,6.7917,2.6525,6.9184,6.7457,6.7200,0.0257,-2.3668,8499.1580,NA
parkey.exe,27808,0x12E93FCD700,DXGI,0,0,1,Hardware Composed: Independent Flip,8513.0607,NA,7.11100000000000,6.95430000000000,0.12550000000000,6.47960000000000,16.8135,8508.6022,4.5840,4.4585,0.1255,4.3244,6.6137,6.5962,0.0175,2.4899,8508.6022,NA
parkey.exe,27808,0x12E93FCD700,DXGI,0,0,1,Hardware Composed: Independent Flip,8519.9591,NA,6.89840000000000,6.94900000000000,3.66350000000000,6.62300000000000,16.8641,8513.1862,10.4364,6.7729,3.6635,6.8426,6.5533,6.5354,0.0179,-2.3650,8513.1862,NA
parkey.exe,27808,0x12E93FCD700,DXGI,0,0,1,Hardware Composed: Independent Flip,8526.9226,NA,6.96350000000000,6.95420000000000,1.30870000000000,6.48750000000000,16.8548,8523.6226,4.6087,3.3000,1.3087,3.1744,6.6131,6.5949,0.0182,3.4822,8523.6226,NA
parkey.exe,27808,0x12E93FCD700,DXGI,0,0,1,Hardware Composed: Independent Flip,8533.7281,NA,6.80550000000000,6.96880000000000,3.56360000000000,6.52280000000000,17.0181,8528.2313,9.0604,5.4968,3.5636,5.4060,6.6136,6.5872,0.0264,-2.3601,8528.2313,NA
parkey.exe,27808,0x12E93FCD700,DXGI,0,0,1,Hardware Composed: Independent Flip,8540.6494,NA,6.92130000000000,6.95580000000000,1.34660000000000,6.49780000000000,17.0526,8537.2917,4.7043,3.3577,1.3466,3.2636,6.5919,6.5553,0.0366,2.1046,8537.2917,NA
parkey.exe,27808,0x12E93FCD700,DXGI,0,0,1,Hardware Composed: Independent Flip,8547.9862,NA,7.33680000000000,6.96040000000000,4.59320000000000,6.62190000000000,16.6762,8541.9960,10.5834,5.9902,4.5932,5.8315,6.7806,6.7467,0.0339,-2.2561,8541.9960,NA
parkey.exe,27808,0x12E93FCD700,DXGI,0,0,1,Hardware Composed: Independent Flip,8555.2560,NA,7.26980000000000,6.91630000000000,0.17410000000000,6.78710000000000,16.3227,8552.5794,2.8507,2.6766,0.1741,2.5199,6.9438,6.9244,0.0194,3.6671,8552.5794,NA
parkey.exe,27808,0x12E93FCD700,DXGI,0,0,1,Hardware Composed: Independent Flip,8562.1434,NA,6.88740000000000,6.98000000000000,5.29870000000000,6.70620000000000,16.4153,8555.4301,12.0120,6.7133,5.2987,6.6130,6.8065,6.7827,0.0238,-4.1293,8555.4301,NA
parkey.exe,27808,0x12E93FCD700,DXGI,0,0,1,Hardware Composed: Independent Flip,8569.5084,NA,7.36500000000000,6.94930000000000,0.12750000000000,6.55480000000000,15.9996,8567.4421,2.1938,2.0663,0.1275,1.8832,6.7379,6.7110,0.0269,5.0627,8567.4421,NA
parkey.exe,27808,0x12E93FCD700,DXGI,0,0,1,Hardware Composed: Independent Flip,8575.9300,NA,6.42160000000000,6.92380000000000,0.20670000000000,7.01580000000000,16.5018,8569.6359,6.5008,6.2941,0.2067,6.4273,6.8826,6.8573,0.0253,-4.7300,8569.6359,NA
parkey.exe,27808,0x12E93FCD700,DXGI,0,0,1,Hardware Composed: Independent Flip,8582.9127,NA,6.98270000000000,6.95000000000000,0.16680000000000,7.07750000000000,16.4691,8576.1367,6.9428,6.7760,0.1668,6.8091,7.0444,7.0065,0.0379,-0.4492,8576.1367,NA
parkey.exe,27808,0x12E93FCD700,DXGI,0,0,1,Hardware Composed: Independent Flip,8589.6019,NA,6.68920000000000,6.94320000000000,0.14980000000000,7.24680000000000,16.7231,8583.0795,6.6722,6.5224,0.1498,6.9107,6.8585,6.8365,0.0220,-0.0004,8583.0795,NA
parkey.exe,27808,0x12E93FCD700,DXGI,0,0,1,Hardware Composed: Independent Flip,8596.7172,NA,7.11530000000000,6.96650000000000,4.44050000000000,5.30710000000000,16.5743,8589.7517,11.4060,6.9655,4.4405,7.0970,5.1756,5.1502,0.0254,-0.2943,8589.7517,NA
parkey.exe,27808,0x12E93FCD700,DXGI,0,0,1,Hardware Composed: Independent Flip,8603.1274,NA,6.41020000000000,6.94120000000000,0.11070000000000,4.87180000000000,17.1053,8601.1577,2.0804,1.9697,0.1107,1.8859,4.9556,4.9004,0.0552,4.4648,8601.1577,NA
parkey.exe,27808,0x12E93FCD700,DXGI,0,0,1,Hardware Composed: Independent Flip,8610.4316,NA,7.30420000000000,6.96960000000000,0.14150000000000,4.33420000000000,16.7707,8603.2381,7.3350,7.1935,0.1415,7.0155,4.5122,4.4868,0.0254,-4.8892,8603.2381,NA
parkey.exe,27808,0x12E93FCD700,DXGI,0,0,1,Hardware Composed: Independent Flip,8617.0372,NA,6.60560000000000,6.93330000000000,0.14380000000000,4.45240000000000,17.0984,8610.5731,6.6079,6.4641,0.1438,6.3677,4.5488,4.5048,0.0440,0.4017,8610.5731,NA
parkey.exe,27808,0x12E93FCD700,DXGI,0,0,1,Hardware Composed: Independent Flip,8623.9170,NA,6.87980000000000,6.96590000000000,0.13190000000000,6.57640000000000,17.1845,8617.1810,6.8679,6.7360,0.1319,6.6332,6.6792,6.6581,0.0211,-0.3580,8617.1810,NA
parkey.exe,27808,0x12E93FCD700,DXGI,0,0,1,Hardware Composed: Independent Flip,8631.4066,NA,7.48960000000000,6.94230000000000,0.13600000000000,4.40880000000000,16.6372,8624.0489,7.4937,7.3577,0.1360,7.2219,4.5446,4.5230,0.0216,-0.0744,8624.0489,NA
parkey.exe,27808,0x12E93FCD700,DXGI,0,0,1,Hardware Composed: Independent Flip,8637.8852,NA,6.47860000000000,6.94550000000000,3.44820000000000,5.73390000000000,17.1041,8631.5426,9.7908,6.3426,3.4482,6.2461,5.8304,5.8031,0.0273,0.5482,8631.5426,NA
parkey.exe,27808,0x12E93FCD700,DXGI,0,0,1,Hardware Composed: Independent Flip,8645.3146,NA,7.42940000000000,6.96750000000000,0.13520000000000,4.42670000000000,16.6422,8641.3334,4.1164,3.9812,0.1352,3.8756,4.5323,4.5080,0.0243,2.8233,8641.3334,NA
parkey.exe,27808,0x12E93FCD700,DXGI,0,0,1,Hardware Composed: Independent Flip,8651.7797,NA,6.46510000000000,6.93490000000000,0.13560000000000,4.50580000000000,17.1120,8645.4498,6.4655,6.3299,0.1356,6.2414,4.5943,4.5232,0.0711,-2.8185,8645.4498,NA
parkey.exe,27808,0x12E93FCD700,DXGI,0,0,1,Hardware Composed: Independent Flip,8659.0756,NA,7.29590000000000,6.94830000000000,0.15420000000000,4.97200000000000,16.7644,8651.9153,7.3145,7.1603,0.1542,7.0147,5.1176,5.0894,0.0282,-0.4828,8651.9153,NA
parkey.exe,27808,0x12E93FCD700,DXGI,0,0,1,Hardware Composed: Independent Flip,8665.8744,NA,6.79880000000000,6.94660000000000,0.13340000000000,4.47330000000000,16.9122,8659.2298,6.7780,6.6446,0.1334,6.5452,4.5727,4.5512,0.0215,0.3679,8659.2298,NA
parkey.exe,27808,0x12E93FCD700,DXGI,0,0,1,Hardware Composed: Independent Flip,8672.9761,NA,7.10170000000000,6.95640000000000,0.12620000000000,6.57650000000000,16.7669,8666.0078,7.0945,6.9683,0.1262,6.8668,6.6780,6.6529,0.0251,-0.1784,8666.0078,NA
parkey.exe,27808,0x12E93FCD700,DXGI,0,0,1,Hardware Composed: Independent Flip,8680.0903,NA,7.11420000000000,6.95870000000000,0.14900000000000,4.38840000000000,16.6114,8673.1023,7.1370,6.9880,0.1490,6.8508,4.5256,4.5063,0.0193,0.1358,8673.1023,NA
parkey.exe,27808,0x12E93FCD700,DXGI,0,0,1,Hardware Composed: Independent Flip,8686.5089,NA,6.41860000000000,6.96460000000000,0.13970000000000,4.87740000000000,17.1574,8680.2393,6.4093,6.2696,0.1397,6.1686,4.9784,4.9270,0.0514,0.1724,8680.2393,NA
parkey.exe,27808,0x12E93FCD700,DXGI,0,0,1,Hardware Composed: Independent Flip,8693.8892,NA,7.38030000000000,6.93080000000000,0.28170000000000,4.41480000000000,16.7079,8686.6486,7.5223,7.2406,0.2817,7.1057,4.5497,4.5263,0.0234,-0.5215,8686.6486,NA
parkey.exe,27808,0x12E93FCD700,DXGI,0,0,1,Hardware Composed: Independent Flip,8700.5115,NA,6.62230000000000,6.95320000000000,0.24870000000000,4.48990000000000,17.0388,8694.1709,6.5893,6.3406,0.2487,6.2381,4.5924,4.4917,0.1007,0.5691,8694.1709,NA
parkey.exe,27808,0x12E93FCD700,DXGI,0,0,1,Hardware Composed: Independent Flip,8707.6582,NA,7.14670000000000,6.94660000000000,0.15850000000000,5.38920000000000,16.8387,8700.7602,7.0565,6.8980,0.1585,6.7527,5.5345,5.5104,0.0241,-0.3573,8700.7602,NA
parkey.exe,27808,0x12E93FCD700,DXGI,0,0,1,Hardware Composed: Independent Flip,8714.5163,NA,6.85810000000000,6.93920000000000,0.16260000000000,4.42740000000000,16.9198,8707.8167,6.8622,6.6996,0.1626,6.5832,4.5438,4.5225,0.0213,0.1173,8707.8167,NA
parkey.exe,27808,0x12E93FCD700,DXGI,0,0,1,Hardware Composed: Independent Flip,8721.6364,NA,7.12010000000000,6.97870000000000,0.13850000000000,5.71020000000000,16.7784,8714.6789,7.0960,6.9575,0.1385,6.8410,5.8267,5.8038,0.0229,-0.1165,8714.6789,NA
parkey.exe,27808,0x12E93FCD700,DXGI,0,0,1,Hardware Composed: Independent Flip,8728.8471,NA,7.21070000000000,6.91690000000000,0.17160000000000,4.35530000000000,16.4846,8721.7749,7.2438,7.0722,0.1716,6.8991,4.5284,4.5051,0.0233,0.1791,8721.7749,NA
parkey.exe,27808,0x12E93FCD700,DXGI,0,0,1,Hardware Composed: Independent Flip,8735.7601,NA,6.91300000000000,6.93710000000000,0.19250000000000,4.41740000000000,16.5087,8729.0187,6.9339,6.7414,0.1925,6.5991,4.5597,4.5293,0.0304,0.3067,8729.0187,NA
parkey.exe,27808,0x12E93FCD700,DXGI,0,0,1,Hardware Composed: Independent Flip,8742.5393,NA,6.77920000000000,6.96360000000000,0.15810000000000,4.87170000000000,16.6931,8735.9526,6.7448,6.5867,0.1581,6.4474,5.0110,4.9889,0.0221,-0.0297,8735.9526,NA
parkey.exe,27808,0x12E93FCD700,DXGI,0,0,1,Hardware Composed: Independent Flip,8749.1205,NA,6.58120000000000,6.95490000000000,0.13270000000000,4.41830000000000,17.0668,8742.6974,6.5558,6.4231,0.1327,6.3157,4.5257,4.4866,0.0391,-0.2101,8742.6974,NA
parkey.exe,27808,0x12E93FCD700,DXGI,0,0,1,Hardware Composed: Independent Flip,8755.9869,NA,6.86640000000000,6.92930000000000,0.13160000000000,6.21080000000000,17.1297,8749.2532,6.8653,6.7337,0.1316,6.6278,6.3167,6.2983,0.0184,-0.3735,8749.2532,NA
parkey.exe,27808,0x12E93FCD700,DXGI,0,0,1,Hardware Composed: Independent Flip,8763.2607,NA,7.27380000000000,6.96010000000000,0.14190000000000,5.32200000000000,16.8160,8756.1185,7.2841,7.1422,0.1419,7.0184,5.4458,5.4207,0.0251,-0.0948,8756.1185,NA
parkey.exe,27808,0x12E93FCD700,DXGI,0,0,1,Hardware Composed: Independent Flip,8769.9861,NA,6.72540000000000,6.96730000000000,0.13850000000000,5.02280000000000,17.0579,8763.4026,6.7220,6.5835,0.1385,6.4767,5.1296,4.9848,0.1448,0.3168,8763.4026,NA
parkey.exe,27808,0x12E93FCD700,DXGI,0,0,1,Hardware Composed: Independent Flip,8777.0564,NA,7.07030000000000,6.94210000000000,0.16700000000000,4.39850000000000,16.9297,8770.1246,7.0988,6.9318,0.1670,6.7987,4.5316,4.4773,0.0543,-0.2201,8770.1246,NA
parkey.exe,27808,0x12E93FCD700,DXGI,0,0,1,Hardware Composed: Independent Flip,8783.9330,NA,6.87660000000000,6.94440000000000,0.15770000000000,4.47240000000000,16.9975,8777.2234,6.8673,6.7096,0.1577,6.5747,4.6073,4.5168,0.0905,0.1544,8777.2234,NA
parkey.exe,27808,0x12E93FCD700,DXGI,0,0,1,Hardware Composed: Independent Flip,8791.2324,NA,7.29940000000000,6.97540000000000,0.15990000000000,6.51360000000000,16.6735,8784.0907,7.3016,7.1417,0.1599,6.9469,6.7084,6.6852,0.0232,-0.1081,8784.0907,NA
parkey.exe,27808,0x12E93FCD700,DXGI,0,0,1,Hardware Composed: Independent Flip,8798.0477,NA,6.81530000000000,6.94650000000000,0.16640000000000,4.43830000000000,16.8047,8791.3923,6.8218,6.6554,0.1664,6.5346,4.5591,4.5353,0.0238,0.3551,8791.3923,NA
parkey.exe,27808,0x12E93FCD700,DXGI,0,0,1,Hardware Composed: Independent Flip,8804.6789,NA,6.63120000000000,6.93730000000000,0.14000000000000,5.31890000000000,17.1108,8798.2141,6.6048,6.4648,0.1400,6.3516,5.4321,5.3990,0.0331,-0.1155,8798.2141,NA
parkey.exe,27808,0x12E93FCD700,DXGI,0,0,1,Hardware Composed: Independent Flip,8812.1059,NA,7.42700000000000,6.96520000000000,0.20430000000000,4.37150000000000,16.6490,8804.8189,7.4913,7.2870,0.2043,7.1317,4.5268,4.5030,0.0238,-0.3604,8804.8189,NA
parkey.exe,27808,0x12E93FCD700,DXGI,0,0,1,Hardware Composed: Independent Flip,8818.7395,NA,6.63360000000000,6.94630000000000,0.17440000000000,4.42330000000000,16.9617,8812.3102,6.6037,6.4293,0.1744,6.2972,4.5554,4.5065,0.0489,0.5450,8812.3102,NA
parkey.exe,27808,0x12E93FCD700,DXGI,0,0,1,Hardware Composed: Independent Flip,8825.8663,NA,7.12680000000000,6.94560000000000,0.16210000000000,4.37340000000000,16.7805,8818.9139,7.1145,6.9524,0.1621,6.8112,4.5146,4.4925,0.0221,-0.3419,8818.9139,NA
parkey.exe,27808,0x12E93FCD700,DXGI,0,0,1,Hardware Composed: Independent Flip,8832.6503,NA,6.78400000000000,6.95410000000000,0.16630000000000,4.38930000000000,16.9506,8826.0284,6.7882,6.6219,0.1663,6.4801,4.5311,4.4976,0.0335,0.1604,8826.0284,NA
parkey.exe,27808,0x12E93FCD700,DXGI,0,0,1,Hardware Composed: Independent Flip,8839.2233,NA,6.57300000000000,6.93870000000000,0.15120000000000,6.13970000000000,17.3163,8832.8166,6.5579,6.4067,0.1512,6.3179,6.2285,6.1983,0.0302,-0.1505,8832.8166,NA
parkey.exe,27808,0x12E93FCD700,DXGI,0,0,1,Hardware Composed: Independent Flip,8846.7731,NA,7.54980000000000,6.96910000000000,0.19250000000000,4.39900000000000,16.7356,8839.3745,7.5911,7.3986,0.1925,7.2591,4.5385,4.5187,0.0198,-0.4112,8839.3745,NA
parkey.exe,27808,0x12E93FCD700,DXGI,0,0,1,Hardware Composed: Independent Flip,8853.0786,NA,6.30550000000000,6.93160000000000,0.11450000000000,4.42680000000000,17.3617,8846.9656,6.2275,6.1130,0.1145,6.0218,4.5180,4.4910,0.0270,0.6595,8846.9656,NA
parkey.exe,27808,0x12E93FCD700,DXGI,0,0,1,Hardware Composed: Independent Flip,8860.5606,NA,7.48200000000000,7.17200000000000,0.16520000000000,4.36710000000000,17.0517,8853.1931,7.5327,7.3675,0.1652,7.2084,4.5262,4.5028,0.0234,-0.9445,8853.1931,NA
parkey.exe,27808,0x12E93FCD700,DXGI,0,0,1,Hardware Composed: Independent Flip,8867.0807,NA,6.52010000000000,6.73600000000000,0.12200000000000,4.44440000000000,17.2676,8860.7258,6.4769,6.3549,0.1220,6.2583,4.5410,4.5179,0.0231,0.7967,8860.7258,NA
parkey.exe,27808,0x12E93FCD700,DXGI,0,0,1,Hardware Composed: Independent Flip,8873.8997,NA,6.81900000000000,6.96070000000000,0.15410000000000,6.57840000000000,17.4093,8867.2027,6.8511,6.6970,0.1541,6.5924,6.6830,6.6636,0.0194,-0.4838,8867.2027,NA
parkey.exe,27808,0x12E93FCD700,DXGI,0,0,1,Hardware Composed: Independent Flip,8881.4239,NA,7.52420000000000,6.93200000000000,0.15640000000000,4.38810000000000,16.8171,8874.0538,7.5265,7.3701,0.1564,7.2370,4.5212,4.4991,0.0221,-0.0809,8874.0538,NA
parkey.exe,27808,0x12E93FCD700,DXGI,0,0,1,Hardware Composed: Independent Flip,8887.9813,NA,6.55740000000000,6.95560000000000,0.12970000000000,5.98400000000000,17.2153,8881.5803,6.5307,6.4010,0.1297,6.3025,6.0825,6.0560,0.0265,0.5709,8881.5803,NA
parkey.exe,27808,0x12E93FCD700,DXGI,0,0,1,Hardware Composed: Independent Flip,8895.2317,NA,7.25040000000000,6.94850000000000,0.17570000000000,4.37820000000000,16.9134,8888.1110,7.2964,7.1207,0.1757,6.9645,4.5344,4.5051,0.0293,-0.4178,8888.1110,NA
parkey.exe,27808,0x12E93FCD700,DXGI,0,0,1,Hardware Composed: Independent Flip,8901.7776,NA,6.54590000000000,6.92950000000000,0.13310000000000,4.46300000000000,17.2970,8895.4074,6.5033,6.3702,0.1331,6.2819,4.5513,4.5258,0.0255,0.3669,8895.4074,NA
parkey.exe,27808,0x12E93FCD700,DXGI,0,0,1,Hardware Composed: Independent Flip,8909.0715,NA,7.29390000000000,6.98380000000000,0.15610000000000,4.43090000000000,16.9869,8901.9107,7.3169,7.1608,0.1561,7.0344,4.5573,4.5063,0.0510,-0.4805,8901.9107,NA
parkey.exe,27808,0x12E93FCD700,DXGI,0,0,1,Hardware Composed: Independent Flip,8915.7435,NA,6.67200000000000,6.92610000000000,0.12350000000000,4.41150000000000,17.2410,8909.2276,6.6394,6.5159,0.1235,6.4168,4.5106,4.4897,0.0209,0.3908,8909.2276,NA
parkey.exe,27808,0x12E93FCD700,DXGI,0,0,1,Hardware Composed: Independent Flip,8922.5242,NA,6.78070000000000,6.96790000000000,0.11630000000000,6.16980000000000,17.4282,8915.8670,6.7735,6.6572,0.1163,6.5624,6.2646,6.2402,0.0244,-0.3285,8915.8670,NA
parkey.exe,27808,0x12E93FCD700,DXGI,0,0,1,Hardware Composed: Independent Flip,8929.8570,NA,7.33280000000000,6.94780000000000,0.14330000000000,4.41210000000000,17.0432,8922.6405,7.3598,7.2165,0.1433,7.0934,4.5352,4.4932,0.0420,-0.1743,8922.6405,NA
parkey.exe,27808,0x12E93FCD700,DXGI,0,0,1,Hardware Composed: Independent Flip,8936.4036,NA,6.54660000000000,6.93010000000000,0.11100000000000,4.46370000000000,17.4267,8930.0003,6.5143,6.4033,0.1110,6.3154,4.5516,4.5236,0.0280,0.4297,8930.0003,NA
parkey.exe,27808,0x12E93FCD700,DXGI,0,0,1,Hardware Composed: Independent Flip,8943.7155,NA,7.31190000000000,7.00020000000000,0.14520000000000,4.41190000000000,17.1150,8936.5146,7.3461,7.2009,0.1452,7.0483,4.5645,4.5077,0.0568,-0.4859,8936.5146,NA
parkey.exe,27808,0x12E93FCD700,DXGI,0,0,1,Hardware Composed: Independent Flip,8950.3515,NA,6.63600000000000,6.90490000000000,0.11590000000000,4.44500000000000,17.3839,8943.8607,6.6067,6.4908,0.1159,6.4046,4.5312,4.5069,0.0243,0.4412,8943.8607,NA
parkey.exe,27808,0x12E93FCD700,DXGI,0,0,1,Hardware Composed: Independent Flip,8957.2523,NA,6.90080000000000,6.98200000000000,0.13720000000000,6.60710000000000,17.4651,8950.4674,6.9221,6.7849,0.1372,6.6803,6.7117,6.6847,0.0270,-0.3753,8950.4674,NA
parkey.exe,27808,0x12E93FCD700,DXGI,0,0,1,Hardware Composed: Independent Flip,8964.7176,NA,7.46530000000000,6.93630000000000,0.17770000000000,4.40730000000000,16.9361,8957.3895,7.5058,7.3281,0.1777,7.1908,4.5446,4.5254,0.0192,-0.0142,8957.3895,NA
parkey.exe,27808,0x12E93FCD700,DXGI,0,0,1,Hardware Composed: Independent Flip,8971.3818,NA,6.66420000000000,6.93740000000000,0.14130000000000,5.71330000000000,17.2093,8964.8953,6.6278,6.4865,0.1413,6.3843,5.8155,5.7862,0.0293,0.5684,8964.8953,NA
parkey.exe,27808,0x12E93FCD700,DXGI,0,0,1,Hardware Composed: Independent Flip,8978.6148,NA,7.23300000000000,6.96150000000000,0.15890000000000,4.40570000000000,16.9378,8971.5231,7.2506,7.0917,0.1589,6.9569,4.5405,4.5040,0.0365,-0.3337,8971.5231,NA
parkey.exe,27808,0x12E93FCD700,DXGI,0,0,1,Hardware Composed: Independent Flip,8985.2335,NA,6.61870000000000,6.94050000000000,0.14140000000000,4.42750000000000,17.2596,8978.7737,6.6012,6.4598,0.1414,6.3471,4.5402,4.5104,0.0298,0.3101,8978.7737,NA
parkey.exe,27808,0x12E93FCD700,DXGI,0,0,1,Hardware Composed: Independent Flip,8992.3915,NA,7.15800000000000,6.94480000000000,0.15230000000000,5.04190000000000,17.0464,8985.3749,7.1689,7.0166,0.1523,6.8895,5.1690,5.1437,0.0253,-0.3436,8985.3749,NA
parkey.exe,27808,0x12E93FCD700,DXGI,0,0,1,Hardware Composed: Independent Flip,8999.0501,NA,6.65860000000000,6.96730000000000,0.12820000000000,4.42820000000000,17.3551,8992.5438,6.6345,6.5063,0.1282,6.4105,4.5240,4.5002,0.0238,0.2016,8992.5438,NA
parkey.exe,27808,0x12E93FCD700,DXGI,0,0,1,Hardware Composed: Independent Flip,9006.0537,NA,7.00360000000000,6.92580000000000,0.14250000000000,5.65130000000000,17.2773,8999.1783,7.0179,6.8754,0.1425,6.7663,5.7604,5.7334,0.0270,-0.2913,8999.1783,NA
parkey.exe,27808,0x12E93FCD700,DXGI,0,0,1,Hardware Composed: Independent Flip,9013.0969,NA,7.04320000000000,6.97890000000000,0.15120000000000,4.44030000000000,17.2130,9006.1962,7.0519,6.9007,0.1512,6.7957,4.5453,4.5239,0.0214,0.0390,9006.1962,NA
parkey.exe,27808,0x12E93FCD700,DXGI,0,0,1,Hardware Composed: Independent Flip,9019.8148,NA,6.71790000000000,6.94070000000000,0.12680000000000,4.81300000000000,17.4358,9013.2481,6.6935,6.5667,0.1268,6.4741,4.9056,4.8802,0.0254,0.1112,9013.2481,NA
parkey.exe,27808,0x12E93FCD700,DXGI,0,0,1,Hardware Composed: Independent Flip,9027.0628,NA,7.24800000000000,6.94740000000000,0.17040000000000,4.38520000000000,17.1352,9019.9416,7.2916,7.1212,0.1704,6.9898,4.5166,4.4949,0.0217,-0.2539,9019.9416,NA
parkey.exe,27808,0x12E93FCD700,DXGI,0,0,1,Hardware Composed: Independent Flip,9033.8310,NA,6.76820000000000,6.95140000000000,0.13860000000000,4.43250000000000,17.3184,9027.2332,6.7364,6.5978,0.1386,6.5055,4.5248,4.5043,0.0205,0.3402,9027.2332,NA
parkey.exe,27808,0x12E93FCD700,DXGI,0,0,1,Hardware Composed: Independent Flip,9040.6427,NA,6.81170000000000,6.94010000000000,0.15360000000000,6.54030000000000,17.4468,9033.9696,6.8267,6.6731,0.1536,6.5642,6.6492,6.6288,0.0204,-0.2037,9033.9696,NA
parkey.exe,27808,0x12E93FCD700,DXGI,0,0,1,Hardware Composed: Independent Flip,9048.0251,NA,7.38240000000000,6.97670000000000,0.23590000000000,4.48660000000000,17.0411,9040.7963,7.4647,7.2288,0.2359,7.0915,4.6239,4.5152,0.1087,-0.1500,9040.7963,NA
parkey.exe,27808,0x12E93FCD700,DXGI,0,0,1,Hardware Composed: Independent Flip,9054.7104,NA,6.68530000000000,6.92540000000000,0.11870000000000,5.95250000000000,17.2812,9048.2610,6.5681,6.4494,0.1187,6.3138,6.0881,6.0530,0.0351,0.5393,9048.2610,NA
parkey.exe,27808,0x12E93FCD700,DXGI,0,0,1,Hardware Composed: Independent Flip,9061.7278,NA,7.01740000000000,6.98310000000000,0.13740000000000,6.61420000000000,17.2469,9054.8291,7.0361,6.8987,0.1374,6.7781,6.7348,6.7118,0.0230,-0.4150,9054.8291,NA
parkey.exe,27808,0x12E93FCD700,DXGI,0,0,1,Hardware Composed: Independent Flip,9068.6553,NA,6.92750000000000,6.91180000000000,0.14050000000000,6.56460000000000,17.2312,9061.8652,6.9306,6.7901,0.1405,6.6758,6.6789,6.6544,0.0245,0.1243,9061.8652,NA
parkey.exe,27808,0x12E93FCD700,DXGI,0,0,1,Hardware Composed: Independent Flip,9075.6525,NA,6.99720000000000,6.94490000000000,0.14810000000000,6.62490000000000,17.1789,9068.7958,7.0048,6.8567,0.1481,6.7278,6.7538,6.7302,0.0236,-0.0143,9068.7958,NA
parkey.exe,27808,0x12E93FCD700,DXGI,0,0,1,Hardware Composed: Independent Flip,9082.3840,NA,6.73150000000000,6.95420000000000,0.11720000000000,6.62810000000000,17.4016,9075.8006,6.7006,6.5834,0.1172,6.4879,6.7236,6.7049,0.0187,0.0506,9075.8006,NA
parkey.exe,27808,0x12E93FCD700,DXGI,0,0,1,Hardware Composed: Independent Flip,9089.1563,NA,6.77230000000000,6.93560000000000,0.12700000000000,6.77590000000000,17.5649,9082.5012,6.7821,6.6551,0.1270,6.5724,6.8586,6.4779,0.3807,-0.2350,9082.5012,NA
parkey.exe,27808,0x12E93FCD700,DXGI,0,0,1,Hardware Composed: Independent Flip,9096.5451,NA,7.38880000000000,6.95390000000000,0.14850000000000,6.56630000000000,17.1300,9089.2833,7.4103,7.2618,0.1485,7.0991,6.7290,6.7089,0.0201,-0.1718,9089.2833,NA
parkey.exe,27808,0x12E93FCD700,DXGI,0,0,1,Hardware Composed: Independent Flip,9103.0924,NA,6.54730000000000,6.96070000000000,0.10700000000000,7.24940000000000,17.5434,9096.6936,6.5058,6.3988,0.1070,6.4178,7.2304,7.2074,0.0230,0.4496,9096.6936,NA
parkey.exe,27808,0x12E93FCD700,DXGI,0,0,1,Hardware Composed: Independent Flip,9110.4670,NA,7.37460000000000,6.97170000000000,0.17060000000000,6.65330000000000,17.1405,9103.1994,7.4382,7.2676,0.1706,7.1424,6.7785,6.7595,0.0190,-0.4659,9103.1994,NA
parkey.exe,27808,0x12E93FCD700,DXGI,0,0,1,Hardware Composed: Independent Flip,9117.2487,NA,6.78170000000000,6.92780000000000,0.11380000000000,6.70840000000000,17.2866,9110.6376,6.7249,6.6111,0.1138,6.5235,6.7960,6.7735,0.0225,0.5104,9110.6376,NA
parkey.exe,27808,0x12E93FCD700,DXGI,0,0,1,Hardware Composed: Independent Flip,9123.8520,NA,6.60330000000000,6.95430000000000,0.12570000000000,6.90170000000000,17.6376,9117.3625,6.6152,6.4895,0.1257,6.5946,6.7966,6.7718,0.0248,-0.2294,9117.3625,NA
parkey.exe,27808,0x12E93FCD700,DXGI,0,0,1,Hardware Composed: Independent Flip,9131.5053,NA,7.65330000000000,6.94580000000000,0.13140000000000,6.42370000000000,16.9301,9123.9777,7.6590,7.5276,0.1314,7.3348,6.6165,6.5972,0.0193,-0.3306,9123.9777,NA
parkey.exe,27808,0x12E93FCD700,DXGI,0,0,1,Hardware Composed: Independent Flip,9137.8861,NA,6.38080000000000,6.94580000000000,0.12040000000000,6.84800000000000,17.4951,9131.6367,6.3698,6.2494,0.1204,6.2923,6.8051,6.7797,0.0254,0.7132,9131.6367,NA
parkey.exe,27808,0x12E93FCD700,DXGI,0,0,1,Hardware Composed: Independent Flip,9145.2241,NA,7.33800000000000,6.97040000000000,0.15110000000000,6.64100000000000,17.1275,9138.0065,7.3687,7.2176,0.1511,7.0693,6.7893,6.7703,0.0190,-0.6006,9138.0065,NA
parkey.exe,27808,0x12E93FCD700,DXGI,0,0,1,Hardware Composed: Independent Flip,9151.8216,NA,6.59750000000000,6.95210000000000,0.12500000000000,6.80490000000000,17.4821,9145.3752,6.5714,6.4464,0.1250,6.4899,6.7614,6.7348,0.0266,0.4166,9145.3752,NA
parkey.exe,27808,0x12E93FCD700,DXGI,0,0,1,Hardware Composed: Independent Flip,9159.0152,NA,7.19360000000000,6.92880000000000,0.12830000000000,6.57300000000000,17.2173,9151.9466,7.1969,7.0686,0.1283,6.8849,6.7567,6.7301,0.0266,-0.3574,9151.9466,NA
parkey.exe,27808,0x12E93FCD700,DXGI,0,0,1,Hardware Composed: Independent Flip,9165.7415,NA,6.72630000000000,6.94530000000000,0.10850000000000,6.58390000000000,17.4363,9159.1435,6.7065,6.5980,0.1085,6.4741,6.7078,6.6899,0.0179,0.2516,9159.1435,NA
parkey.exe,27808,0x12E93FCD700,DXGI,0,0,1,Hardware Composed: Independent Flip,9172.7364,NA,6.99490000000000,6.96240000000000,0.11140000000000,7.04110000000000,17.4038,9165.8500,6.9978,6.8864,0.1114,6.7810,7.1465,7.1274,0.0191,-0.2559,9165.8500,NA
parkey.exe,27808,0x12E93FCD700,DXGI,0,0,1,Hardware Composed: Independent Flip,9179.6753,NA,6.93890000000000,6.95640000000000,0.11970000000000,6.84920000000000,17.4213,9172.8478,6.9472,6.8275,0.1197,6.9297,6.7470,6.7242,0.0228,0.0414,9172.8478,NA
parkey.exe,27808,0x12E93FCD700,DXGI,0,0,1,Hardware Composed: Independent Flip,9186.3836,NA,6.70830000000000,6.93880000000000,0.10620000000000,6.92840000000000,17.6518,9179.7950,6.6948,6.5886,0.1062,6.7295,6.7875,6.7669,0.0206,0.0084,9179.7950,NA
parkey.exe,27808,0x12E93FCD700,DXGI,0,0,1,Hardware Composed: Independent Flip,9193.4978,NA,7.11420000000000,6.94710000000000,0.12190000000000,6.61060000000000,17.4847,9186.4898,7.1299,7.0080,0.1219,6.9109,6.7077,6.6907,0.0170,-0.2523,9186.4898,NA
parkey.exe,27808,0x12E93FCD700,DXGI,0,0,1,Hardware Composed: Independent Flip,9200.2888,NA,6.79100000000000,6.94070000000000,0.10110000000000,6.56540000000000,17.6344,9193.6197,6.7702,6.6691,0.1011,6.5423,6.6922,6.6740,0.0182,0.1892,9193.6197,NA
parkey.exe,27808,0x12E93FCD700,DXGI,0,0,1,Hardware Composed: Independent Flip,9207.2003,NA,6.91150000000000,6.96310000000000,0.11480000000000,6.85860000000000,17.6860,9200.3899,6.9252,6.8104,0.1148,6.9475,6.7215,6.6963,0.0252,-0.1929,9200.3899,NA
parkey.exe,27808,0x12E93FCD700,DXGI,0,0,1,Hardware Composed: Independent Flip,9214.0735,NA,6.87320000000000,6.94720000000000,0.12920000000000,6.68070000000000,17.7600,9207.3151,6.8876,6.7584,0.1292,6.7438,6.6953,6.6688,0.0265,-0.0220,9207.3151,NA
parkey.exe,27808,0x12E93FCD700,DXGI,0,0,1,Hardware Composed: Independent Flip,9221.3829,NA,7.30940000000000,6.94890000000000,0.12790000000000,6.83510000000000,17.3995,9214.2027,7.3081,7.1802,0.1279,7.0696,6.9457,6.9275,0.0182,-0.0613,9214.2027,NA
parkey.exe,27808,0x12E93FCD700,DXGI,0,0,1,Hardware Composed: Independent Flip,9228.1664,NA,6.78350000000000,6.97190000000000,0.10990000000000,6.81320000000000,17.5879,9221.5108,6.7655,6.6556,0.1099,6.7072,6.7616,6.7361,0.0255,0.3362,9221.5108,NA
parkey.exe,27808,0x12E93FCD700,DXGI,0,0,1,Hardware Composed: Independent Flip,9235.1731,NA,7.00670000000000,6.93270000000000,0.12060000000000,6.59030000000000,17.5139,9228.2763,7.0174,6.8968,0.1206,6.7349,6.7522,6.7289,0.0233,-0.1672,9228.2763,NA
parkey.exe,27808,0x12E93FCD700,DXGI,0,0,1,Hardware Composed: Independent Flip,9241.8984,NA,6.72530000000000,6.95130000000000,0.10460000000000,6.86730000000000,17.7399,9235.2937,6.7093,6.6047,0.1046,6.4889,6.9831,6.9535,0.0296,0.0661,9235.2937,NA
parkey.exe,27808,0x12E93FCD700,DXGI,0,0,1,Hardware Composed: Independent Flip,9249.0454,NA,7.14700000000000,6.95170000000000,0.13030000000000,6.48010000000000,17.5446,9242.0030,7.1727,7.0424,0.1303,6.9292,6.5933,6.5651,0.0282,-0.2424,9242.0030,NA
parkey.exe,27808,0x12E93FCD700,DXGI,0,0,1,Hardware Composed: Independent Flip,9255.8360,NA,6.79060000000000,6.94800000000000,0.11850000000000,6.82610000000000,17.7020,9249.1757,6.7788,6.6603,0.1185,6.5618,6.9246,6.8977,0.0269,0.2247,9249.1757,NA
parkey.exe,27808,0x12E93FCD700,DXGI,0,0,1,Hardware Composed: Independent Flip,9262.8658,NA,7.02980000000000,6.94070000000000,0.11930000000000,6.53240000000000,17.6129,9255.9545,7.0306,6.9113,0.1193,6.8164,6.6273,6.6044,0.0229,-0.1619,9255.9545,NA
parkey.exe,27808,0x12E93FCD700,DXGI,0,0,1,Hardware Composed: Independent Flip,9269.7143,NA,6.84850000000000,6.95720000000000,0.10800000000000,6.70970000000000,17.7216,9262.9851,6.8372,6.7292,0.1080,6.6431,6.7958,6.7750,0.0208,0.0734,9262.9851,NA
parkey.exe,27808,0x12E93FCD700,DXGI,0,0,1,Hardware Composed: Independent Flip,9276.6833,NA,6.96900000000000,6.98250000000000,0.13430000000000,6.52420000000000,17.7351,9269.8223,6.9953,6.8610,0.1343,6.7628,6.6224,6.5975,0.0249,-0.1453,9269.8223,NA
parkey.exe,27808,0x12E93FCD700,DXGI,0,0,1,Hardware Composed: Independent Flip,9283.6639,NA,6.98060000000000,6.92020000000000,0.13380000000000,6.42220000000000,17.6747,9276.8176,6.9801,6.8463,0.1338,6.7214,6.5471,6.5259,0.0212,0.0751,9276.8176,NA
parkey.exe,27808,0x12E93FCD700,DXGI,0,0,1,Hardware Composed: Independent Flip,9290.5621,NA,6.89820000000000,6.94600000000000,0.12640000000000,6.55650000000000,17.7225,9283.7977,6.8908,6.7644,0.1264,6.6600,6.6609,6.6371,0.0238,0.0341,9283.7977,NA
parkey.exe,27808,0x12E93FCD700,DXGI,0,0,1,Hardware Composed: Independent Flip,9297.7694,NA,7.20730000000000,6.97970000000000,0.16020000000000,6.56910000000000,17.4949,9290.6885,7.2411,7.0809,0.1602,6.9592,6.6908,6.6693,0.0215,-0.0889,9290.6885,NA
parkey.exe,27808,0x12E93FCD700,DXGI,0,0,1,Hardware Composed: Independent Flip,9304.3805,NA,6.61110000000000,6.94180000000000,0.10700000000000,6.71970000000000,17.8256,9297.9296,6.5579,6.4509,0.1070,6.4089,6.7617,6.7345,0.0272,0.2993,9297.9296,NA
parkey.exe,27808,0x12E93FCD700,DXGI,0,0,1,Hardware Composed: Independent Flip,9311.7560,NA,7.37550000000000,6.93130000000000,0.13730000000000,6.79880000000000,17.3814,9304.4875,7.4058,7.2685,0.1373,7.1534,6.9139,6.8880,0.0259,-0.3734,9304.4875,NA
parkey.exe,27808,0x12E93FCD700,DXGI,0,0,1,Hardware Composed: Independent Flip,9318.4707,NA,6.71470000000000,6.93450000000000,0.11340000000000,6.85320000000000,17.6012,9311.8933,6.6908,6.5774,0.1134,6.6615,6.7691,6.7516,0.0175,0.4713,9311.8933,NA
parkey.exe,27808,0x12E93FCD700,DXGI,0,0,1,Hardware Composed: Independent Flip,9325.5108,NA,7.04010000000000,6.96470000000000,0.11840000000000,6.40850000000000,17.5258,9318.5841,7.0451,6.9267,0.1184,6.7713,6.5639,6.5397,0.0242,-0.2739,9318.5841,NA
parkey.exe,27808,0x12E93FCD700,DXGI,0,0,1,Hardware Composed: Independent Flip,9332.4843,NA,6.97350000000000,6.94260000000000,0.11710000000000,6.27670000000000,17.4949,9325.6292,6.9722,6.8551,0.1171,6.6939,6.4379,6.4116,0.0263,0.1025,9325.6292,NA
parkey.exe,27808,0x12E93FCD700,DXGI,0,0,1,Hardware Composed: Independent Flip,9339.2613,NA,6.77700000000000,6.93960000000000,0.13600000000000,6.73830000000000,17.6575,9332.6014,6.7959,6.6599,0.1360,6.5555,6.8427,6.8193,0.0234,0.0326,9332.6014,NA
parkey.exe,27808,0x12E93FCD700,DXGI,0,0,1,Hardware Composed: Independent Flip,9346.3515,NA,7.09020000000000,6.96070000000000,0.13610000000000,6.28910000000000,17.5280,9339.3973,7.0903,6.9542,0.1361,6.8598,6.3835,6.3598,0.0237,-0.1648,9339.3973,NA
parkey.exe,27808,0x12E93FCD700,DXGI,0,0,1,Hardware Composed: Independent Flip,9353.0956,NA,6.74410000000000,6.94440000000000,0.11830000000000,6.64010000000000,17.7283,9346.4876,6.7263,6.6080,0.1183,6.5107,6.7374,6.7154,0.0220,0.1459,9346.4876,NA
parkey.exe,27808,0x12E93FCD700,DXGI,0,0,1,Hardware Composed: Independent Flip,9360.2559,NA,7.16030000000000,6.99770000000000,0.15640000000000,6.38190000000000,17.5657,9353.2139,7.1984,7.0420,0.1564,6.9174,6.5065,6.4847,0.0218,-0.2714,9353.2139,NA
parkey.exe,27808,0x12E93FCD700,DXGI,0,0,1,Hardware Composed: Independent Flip,9367.1036,NA,6.84770000000000,6.91080000000000,0.12890000000000,6.58010000000000,17.6288,9360.4123,6.8202,6.6913,0.1289,6.5844,6.6870,6.6575,0.0295,0.2876,9360.4123,NA
parkey.exe,27808,0x12E93FCD700,DXGI,0,0,1,Hardware Composed: Independent Flip,9374.0001,NA,6.89650000000000,6.95160000000000,0.12060000000000,6.49310000000000,17.6839,9367.2325,6.8882,6.7676,0.1206,6.6447,6.6160,6.5876,0.0284,-0.1314,9367.2325,NA
parkey.exe,27808,0x12E93FCD700,DXGI,0,0,1,Hardware Composed: Independent Flip,9381.1045,NA,7.10440000000000,6.94780000000000,0.15320000000000,6.71530000000000,17.5273,9374.1207,7.1370,6.9838,0.1532,6.8803,6.8188,6.7886,0.0302,-0.0596,9374.1207,NA
parkey.exe,27808,0x12E93FCD700,DXGI,0,0,1,Hardware Composed: Independent Flip,9387.8243,NA,6.71980000000000,6.96320000000000,0.11730000000000,6.80770000000000,17.7707,9381.2577,6.6839,6.5666,0.1173,6.5621,6.8122,6.7604,0.0518,0.1738,9381.2577,NA
parkey.exe,27808,0x12E93FCD700,DXGI,0,0,1,Hardware Composed: Independent Flip,9395.1377,NA,7.31340000000000,6.95780000000000,0.15550000000000,6.37000000000000,17.4151,9387.9416,7.3516,7.1961,0.1555,7.0280,6.5381,6.5159,0.0222,-0.2739,9387.9416,NA
parkey.exe,27808,0x12E93FCD700,DXGI,0,0,1,Hardware Composed: Independent Flip,9401.8168,NA,6.67910000000000,6.94680000000000,0.15520000000000,6.37520000000000,17.6828,9395.2932,6.6788,6.5236,0.1552,6.3882,6.5106,6.4822,0.0284,0.4048,9395.2932,NA
parkey.exe,27808,0x12E93FCD700,DXGI,0,0,1,Hardware Composed: Independent Flip,9408.9010,NA,7.08420000000000,6.94060000000000,0.15210000000000,6.45350000000000,17.5392,9401.9720,7.0811,6.9290,0.1521,6.8005,6.5820,6.5530,0.0290,-0.2618,9401.9720,NA
parkey.exe,27808,0x12E93FCD700,DXGI,0,0,1,Hardware Composed: Independent Flip,9415.6333,NA,6.73230000000000,6.95590000000000,0.12460000000000,6.39570000000000,17.7628,9409.0531,6.7048,6.5802,0.1246,6.4815,6.4944,6.4753,0.0191,0.1252,9409.0531,NA
parkey.exe,27808,0x12E93FCD700,DXGI,0,0,1,Hardware Composed: Independent Flip,9422.3882,NA,6.75490000000000,6.96730000000000,0.12190000000000,6.62700000000000,17.9752,9415.7579,6.7522,6.6303,0.1219,6.5485,6.7088,6.6840,0.0248,-0.2625,9415.7579,NA
parkey.exe,27808,0x12E93FCD700,DXGI,0,0,1,Hardware Composed: Independent Flip,9429.7382,NA,7.35000000000000,6.94410000000000,0.12110000000000,4.42780000000000,17.5693,9422.5101,7.3492,7.2281,0.1211,7.1028,4.5531,4.5267,0.0264,-0.1919,9422.5101,NA
parkey.exe,27808,0x12E93FCD700,DXGI,0,0,1,Hardware Composed: Independent Flip,9436.3089,NA,6.57070000000000,6.98530000000000,0.11320000000000,4.40060000000000,17.9839,9429.8593,6.5628,6.4496,0.1132,6.3654,4.4848,4.4519,0.0329,0.3639,9429.8593,NA
parkey.exe,27808,0x12E93FCD700,DXGI,0,0,1,Hardware Composed: Independent Flip,9443.5216,NA,7.21270000000000,6.90350000000000,0.14160000000000,4.37630000000000,17.6747,9436.4221,7.2411,7.0995,0.1416,6.9793,4.4965,4.4743,0.0222,-0.3407,9436.4221,NA
parkey.exe,27808,0x12E93FCD700,DXGI,0,0,1,Hardware Composed: Independent Flip,9450.1820,NA,6.66040000000000,6.94510000000000,0.11930000000000,4.46090000000000,17.9594,9443.6632,6.6381,6.5188,0.1193,6.4202,4.5595,4.5028,0.0567,0.2960,9443.6632,NA
parkey.exe,27808,0x12E93FCD700,DXGI,0,0,1,Hardware Composed: Independent Flip,9457.0963,NA,6.91430000000000,6.99870000000000,0.11780000000000,6.55360000000000,18.0438,9450.3013,6.9128,6.7950,0.1178,6.7103,6.6383,6.6203,0.0180,-0.3606,9450.3013,NA
parkey.exe,27808,0x12E93FCD700,DXGI,0,0,1,Hardware Composed: Independent Flip,9464.1786,NA,7.08230000000000,6.91850000000000,0.15100000000000,4.45490000000000,17.8800,9457.2141,7.1155,6.9645,0.1510,6.8666,4.5528,4.5283,0.0245,-0.0057,9457.2141,NA
parkey.exe,27808,0x12E93FCD700,DXGI,0,0,1,Hardware Composed: Independent Flip,9471.0852,NA,6.90660000000000,6.93290000000000,0.11400000000000,5.25560000000000,17.9063,9464.3296,6.8696,6.7556,0.1140,6.6369,5.3743,5.3540,0.0203,0.1826,9464.3296,NA
parkey.exe,27808,0x12E93FCD700,DXGI,0,0,1,Hardware Composed: Independent Flip,9478.2646,NA,7.17940000000000,6.94730000000000,0.14510000000000,4.35090000000000,17.6742,9471.1992,7.2105,7.0654,0.1451,6.9463,4.4700,4.4489,0.0211,-0.0777,9471.1992,NA
parkey.exe,27808,0x12E93FCD700,DXGI,0,0,1,Hardware Composed: Independent Flip,9485.1888,NA,6.92420000000000,6.94980000000000,0.14400000000000,4.38250000000000,17.6998,9478.4097,6.9231,6.7791,0.1440,6.6642,4.4974,4.4745,0.0229,0.2607,9478.4097,NA
parkey.exe,27808,0x12E93FCD700,DXGI,0,0,1,Hardware Composed: Independent Flip,9492.1263,NA,6.93750000000000,6.95720000000000,0.13870000000000,6.02770000000000,17.7195,9485.3328,6.9322,6.7935,0.1387,6.6781,6.1431,6.1192,0.0239,-0.0341,9485.3328,NA
parkey.exe,27808,0x12E93FCD700,DXGI,0,0,1,Hardware Composed: Independent Flip,9499.0144,NA,6.88810000000000,6.97130000000000,0.12200000000000,4.40790000000000,17.8027,9492.2650,6.8714,6.7494,0.1220,6.6577,4.4996,4.4772,0.0224,-0.0391,9492.2650,NA
parkey.exe,27808,0x12E93FCD700,DXGI,0,0,1,Hardware Composed: Independent Flip,9505.7384,NA,6.72400000000000,6.92140000000000,0.10540000000000,5.55760000000000,18.0001,9499.1364,6.7074,6.6020,0.1054,6.5192,5.6404,5.6174,0.0230,-0.0500,9499.1364,NA
parkey.exe,27808,0x12E93FCD700,DXGI,0,0,1,Hardware Composed: Independent Flip,9513.2404,NA,7.50200000000000,6.96930000000000,0.15920000000000,4.36800000000000,17.4674,9505.8438,7.5558,7.3966,0.1592,7.2597,4.5049,4.4831,0.0218,-0.2619,9505.8438,NA
parkey.exe,27808,0x12E93FCD700,DXGI,0,0,1,Hardware Composed: Independent Flip,9519.7134,NA,6.47300000000000,6.95240000000000,0.11330000000000,4.56840000000000,17.9468,9513.3996,6.4271,6.3138,0.1133,6.2278,4.6544,4.5910,0.0634,0.6034,9513.3996,NA
parkey.exe,27808,0x12E93FCD700,DXGI,0,0,1,Hardware Composed: Independent Flip,9526.8560,NA,7.14260000000000,6.96090000000000,0.14690000000000,4.91740000000000,17.7651,9519.8267,7.1762,7.0293,0.1469,6.9031,5.0436,5.0170,0.0266,-0.5338,9519.8267,NA
parkey.exe,27808,0x12E93FCD700,DXGI,0,0,1,Hardware Composed: Independent Flip,9533.9572,NA,7.10120000000000,6.92960000000000,0.16360000000000,4.52630000000000,17.5935,9527.0029,7.1179,6.9543,0.1636,6.8258,4.6548,4.6245,0.0303,0.2466,9527.0029,NA
parkey.exe,27808,0x12E93FCD700,DXGI,0,0,1,Hardware Composed: Independent Flip,9540.7896,NA,6.83240000000000,6.97090000000000,0.17600000000000,6.69350000000000,17.7320,9534.1208,6.8448,6.6688,0.1760,6.5408,6.8215,6.7966,0.0249,0.1470,9534.1208,NA
parkey.exe,27808,0x12E93FCD700,DXGI,0,0,1,Hardware Composed: Independent Flip,9547.8352,NA,7.04560000000000,6.93530000000000,0.14310000000000,4.40670000000000,17.6217,9540.9656,7.0127,6.8696,0.1431,6.7526,4.5237,4.5016,0.0221,-0.0905,9540.9656,NA
parkey.exe,27808,0x12E93FCD700,DXGI,0,0,1,Hardware Composed: Independent Flip,9554.3581,NA,6.52290000000000,6.94270000000000,0.10430000000000,5.31160000000000,18.0415,9547.9783,6.4841,6.3798,0.1043,6.2816,5.4098,5.3935,0.0163,0.0700,9547.9783,NA
parkey.exe,27808,0x12E93FCD700,DXGI,0,0,1,Hardware Composed: Independent Flip,9561.5830,NA,7.22490000000000,6.96590000000000,0.14210000000000,4.43860000000000,17.7825,9554.4624,7.2627,7.1206,0.1421,7.0079,4.5513,4.5261,0.0252,-0.4818,9554.4624,NA
parkey.exe,27808,0x12E93FCD700,DXGI,0,0,1,Hardware Composed: Independent Flip,9568.3830,NA,6.80000000000000,6.93600000000000,0.14280000000000,4.48230000000000,17.9185,9561.7251,6.8007,6.6579,0.1428,6.5217,4.6185,4.5712,0.0473,0.3267,9561.7251,NA
parkey.exe,27808,0x12E93FCD700,DXGI,0,0,1,Hardware Composed: Independent Flip,9575.6600,NA,7.27700000000000,6.96180000000000,0.16900000000000,6.04270000000000,17.6033,9568.5258,7.3032,7.1342,0.1690,6.9815,6.1954,6.1685,0.0269,-0.1611,9568.5258,NA
parkey.exe,27808,0x12E93FCD700,DXGI,0,0,1,Hardware Composed: Independent Flip,9582.5501,NA,6.89010000000000,6.94700000000000,0.13980000000000,4.40090000000000,17.6602,9575.8290,6.8609,6.7211,0.1398,6.6141,4.5079,4.4855,0.0224,0.3562,9575.8290,NA
parkey.exe,27808,0x12E93FCD700,DXGI,0,0,1,Hardware Composed: Independent Flip,9589.2026,NA,6.65250000000000,6.99870000000000,0.15820000000000,5.74300000000000,18.0064,9582.6899,6.6709,6.5127,0.1582,6.4127,5.8430,5.8200,0.0230,-0.1378,9582.6899,NA
parkey.exe,27808,0x12E93FCD700,DXGI,0,0,1,Hardware Composed: Independent Flip,9596.6470,NA,7.44440000000000,6.90310000000000,0.16210000000000,4.38720000000000,17.4651,9589.3608,7.4483,7.2862,0.1621,7.1451,4.5283,4.5045,0.0238,-0.2322,9589.3608,NA
parkey.exe,27808,0x12E93FCD700,DXGI,0,0,1,Hardware Composed: Independent Flip,9603.1371,NA,6.49010000000000,6.96410000000000,0.13870000000000,4.46010000000000,17.9391,9596.8091,6.4667,6.3280,0.1387,6.2328,4.5553,4.5280,0.0273,0.4842,9596.8091,NA
parkey.exe,27808,0x12E93FCD700,DXGI,0,0,1,Hardware Composed: Independent Flip,9610.2971,NA,7.16000000000000,6.94110000000000,0.14360000000000,4.42460000000000,17.7202,9603.2758,7.1649,7.0213,0.1436,6.9035,4.5424,4.5228,0.0196,-0.4744,9603.2758,NA
parkey.exe,27808,0x12E93FCD700,DXGI,0,0,1,Hardware Composed: Independent Flip,9616.9582,NA,6.66110000000000,6.94840000000000,0.12880000000000,4.47140000000000,18.0075,9610.4407,6.6463,6.5175,0.1288,6.4182,4.5707,4.5228,0.0479,0.2165,9610.4407,NA
parkey.exe,27808,0x12E93FCD700,DXGI,0,0,1,Hardware Composed: Independent Flip,9623.9731,NA,7.01490000000000,6.96490000000000,0.11150000000000,6.60340000000000,17.9575,9617.0870,6.9976,6.8861,0.1115,6.8024,6.6871,6.6642,0.0229,-0.3186,9617.0870,NA
parkey.exe,27808,0x12E93FCD700,DXGI,0,0,1,Hardware Composed: Independent Flip,9631.1036,NA,7.13050000000000,6.93360000000000,0.14770000000000,4.43510000000000,17.7606,9624.0846,7.1667,7.0190,0.1477,6.9041,4.5500,4.5246,0.0254,0.0640,9624.0846,NA
parkey.exe,27808,0x12E93FCD700,DXGI,0,0,1,Hardware Composed: Independent Flip,9637.7736,NA,6.67000000000000,6.97610000000000,0.13060000000000,5.31370000000000,18.0667,9631.2513,6.6529,6.5223,0.1306,6.4355,5.4005,5.3786,0.0219,0.1906,9631.2513,NA
parkey.exe,27808,0x12E93FCD700,DXGI,0,0,1,Hardware Composed: Independent Flip,9645.1720,NA,7.39840000000000,6.92310000000000,0.15180000000000,4.42270000000000,17.5914,9637.9042,7.4196,7.2678,0.1518,7.1399,4.5506,4.5238,0.0268,-0.2702,9637.9042,NA
parkey.exe,27808,0x12E93FCD700,DXGI,0,0,1,Hardware Composed: Independent Flip,9651.7271,NA,6.55510000000000,6.93350000000000,0.16000000000000,4.47430000000000,17.9698,9645.3238,6.5633,6.4033,0.1600,6.3021,4.5755,4.5258,0.0497,0.4861,9645.3238,NA
parkey.exe,27808,0x12E93FCD700,DXGI,0,0,1,Hardware Composed: Independent Flip,9658.7709,NA,7.04380000000000,6.95360000000000,0.14470000000000,6.08780000000000,17.8796,9651.8871,7.0285,6.8838,0.1447,6.7639,6.2077,6.1789,0.0288,-0.3903,9651.8871,NA
parkey.exe,27808,0x12E93FCD700,DXGI,0,0,1,Hardware Composed: Independent Flip,9665.6310,NA,6.86010000000000,6.96630000000000,0.11580000000000,4.43560000000000,17.9858,9658.9156,6.8312,6.7154,0.1158,6.6260,4.5250,4.5046,0.0204,0.0622,9658.9156,NA
parkey.exe,27808,0x12E93FCD700,DXGI,0,0,1,Hardware Composed: Independent Flip,9672.5114,NA,6.88040000000000,6.97420000000000,0.10740000000000,5.72430000000000,18.0796,9665.7468,6.8720,6.7646,0.1074,6.6734,5.8155,5.7908,0.0247,-0.1430,9665.7468,NA
parkey.exe,27808,0x12E93FCD700,DXGI,0,0,1,Hardware Composed: Independent Flip,9679.7690,NA,7.25760000000000,6.92910000000000,0.15710000000000,4.40170000000000,17.7511,9672.6188,7.3073,7.1502,0.1571,7.0166,4.5353,4.5124,0.0229,-0.0571,9672.6188,NA
parkey.exe,27808,0x12E93FCD700,DXGI,0,0,1,Hardware Composed: Independent Flip,9686.4465,NA,6.67750000000000,6.94710000000000,0.12160000000000,4.48080000000000,18.0207,9679.9261,6.6420,6.5204,0.1216,6.4292,4.5720,4.5275,0.0445,0.3602,9679.9261,NA
parkey.exe,27808,0x12E93FCD700,DXGI,0,0,1,Hardware Composed: Independent Flip,9693.6423,NA,7.19580000000000,6.93970000000000,0.13870000000000,4.40700000000000,17.7646,9686.5681,7.2129,7.0742,0.1387,6.9566,4.5246,4.4997,0.0249,-0.2977,9686.5681,NA
parkey.exe,27808,0x12E93FCD700,DXGI,0,0,1,Hardware Composed: Independent Flip,9700.3184,NA,6.67610000000000,6.95370000000000,0.14160000000000,4.48540000000000,18.0422,9693.7810,6.6790,6.5374,0.1416,6.4323,4.5905,4.4899,0.1006,0.2592,9693.7810,NA
parkey.exe,27808,0x12E93FCD700,DXGI,0,0,1,Hardware Composed: Independent Flip,9707.2357,NA,6.91730000000000,6.94350000000000,0.12350000000000,5.71210000000000,18.0684,9700.4600,6.8992,6.7757,0.1235,6.6784,5.8094,5.7799,0.0295,-0.2645,9700.4600,NA
parkey.exe,27808,0x12E93FCD700,DXGI,0,0,1,Hardware Composed: Independent Flip,9714.3453,NA,7.10960000000000,6.95690000000000,0.18030000000000,4.44430000000000,17.9157,9707.3592,7.1664,6.9861,0.1803,6.8678,4.5626,4.5385,0.0241,-0.0577,9707.3592,NA
parkey.exe,27808,0x12E93FCD700,DXGI,0,0,1,Hardware Composed: Independent Flip,9721.1341,NA,6.78880000000000,6.95600000000000,0.11510000000000,5.31950000000000,18.0829,9714.5256,6.7236,6.6085,0.1151,6.5091,5.4189,5.3998,0.0191,0.2104,9714.5256,NA
parkey.exe,27808,0x12E93FCD700,DXGI,0,0,1,Hardware Composed: Independent Flip,9728.3060,NA,7.17190000000000,6.94250000000000,0.15280000000000,4.41400000000000,17.8535,9721.2492,7.2096,7.0568,0.1528,6.9335,4.5373,4.5137,0.0236,-0.2189,9721.2492,NA
parkey.exe,27808,0x12E93FCD700,DXGI,0,0,1,Hardware Composed: Independent Flip,9735.5337,NA,7.22770000000000,6.94860000000000,0.16790000000000,4.41300000000000,17.5744,9728.4588,7.2428,7.0749,0.1679,6.9439,4.5440,4.5191,0.0249,0.2610,9728.4588,NA
parkey.exe,27808,0x12E93FCD700,DXGI,0,0,1,Hardware Composed: Independent Flip,9742.1673,NA,6.63360000000000,6.95160000000000,0.14770000000000,6.11940000000000,17.8924,9735.7016,6.6134,6.4657,0.1477,6.3474,6.2377,6.2158,0.0219,0.2912,9735.7016,NA
parkey.exe,27808,0x12E93FCD700,DXGI,0,0,1,Hardware Composed: Independent Flip,9749.1281,NA,6.96080000000000,6.95710000000000,0.13700000000000,4.45230000000000,17.8887,9742.3150,6.9501,6.8131,0.1370,6.7127,4.5527,4.5242,0.0285,-0.3437,9742.3150,NA
parkey.exe,27808,0x12E93FCD700,DXGI,0,0,1,Hardware Composed: Independent Flip,9755.8452,NA,6.71710000000000,6.95450000000000,0.11940000000000,5.73930000000000,18.1261,9749.2651,6.6995,6.5801,0.1194,6.4790,5.8404,5.8173,0.0231,-0.0044,9749.2651,NA
parkey.exe,27808,0x12E93FCD700,DXGI,0,0,1,Hardware Composed: Independent Flip,9763.1415,NA,7.29630000000000,6.95450000000000,0.14940000000000,4.39480000000000,17.7843,9755.9646,7.3263,7.1769,0.1494,7.0572,4.5145,4.4899,0.0246,-0.2550,9755.9646,NA
parkey.exe,27808,0x12E93FCD700,DXGI,0,0,1,Hardware Composed: Independent Flip,9769.8002,NA,6.65870000000000,6.94460000000000,0.13390000000000,4.49700000000000,18.0702,9763.2909,6.6432,6.5093,0.1339,6.4034,4.6029,4.4938,0.1091,0.3817,9763.2909,NA
parkey.exe,27808,0x12E93FCD700,DXGI,0,0,1,Hardware Composed: Independent Flip,9776.9513,NA,7.15110000000000,6.93480000000000,0.17490000000000,4.43030000000000,17.8539,9769.9341,7.1921,7.0172,0.1749,6.9026,4.5449,4.5205,0.0244,-0.2916,9769.9341,NA
parkey.exe,27808,0x12E93FCD700,DXGI,0,0,1,Hardware Composed: Independent Flip,9783.6815,NA,6.73020000000000,6.95340000000000,0.11760000000000,4.52600000000000,18.0771,9777.1262,6.6729,6.5553,0.1176,6.4472,4.6341,4.5236,0.1105,0.2387,9777.1262,NA
parkey.exe,27808,0x12E93FCD700,DXGI,0,0,1,Hardware Composed: Independent Flip,9790.4948,NA,6.81330000000000,6.95660000000000,0.12000000000000,6.62660000000000,18.2204,9783.7991,6.8157,6.6957,0.1200,6.6103,6.7120,6.6893,0.0227,-0.2837,9783.7991,NA
parkey.exe,27808,0x12E93FCD700,DXGI,0,0,1,Hardware Composed: Independent Flip,9797.7899,NA,7.29510000000000,6.97440000000000,0.14800000000000,4.41540000000000,17.8997,9790.6148,7.3231,7.1751,0.1480,7.0591,4.5314,4.5072,0.0242,-0.1587,9790.6148,NA
parkey.exe,27808,0x12E93FCD700,DXGI,0,0,1,Hardware Composed: Independent Flip,9804.3493,NA,6.55940000000000,6.91140000000000,0.10830000000000,5.32660000000000,18.2517,9797.9379,6.5197,6.4114,0.1083,6.3289,5.4091,5.3634,0.0457,0.4117,9797.9379,NA
parkey.exe,27808,0x12E93FCD700,DXGI,0,0,1,Hardware Composed: Independent Flip,9811.5912,NA,7.24190000000000,6.97580000000000,0.13560000000000,4.44410000000000,17.9856,9804.4576,7.2692,7.1336,0.1356,7.0201,4.5576,4.5188,0.0388,-0.4561,9804.4576,NA
parkey.exe,27808,0x12E93FCD700,DXGI,0,0,1,Hardware Composed: Independent Flip,9818.2647,NA,6.67350000000000,6.95370000000000,0.12520000000000,4.66670000000000,18.2658,9811.7268,6.6631,6.5379,0.1252,6.4491,4.7555,4.5130,0.2425,0.3155,9811.7268,NA
parkey.exe,27808,0x12E93FCD700,DXGI,0,0,1,Hardware Composed: Independent Flip,9825.3695,NA,7.10480000000000,6.95360000000000,0.19620000000000,6.07850000000000,18.1146,9818.3899,7.1758,6.9796,0.1962,6.8503,6.2078,6.1862,0.0216,-0.2905,9818.3899,NA
parkey.exe,27808,0x12E93FCD700,DXGI,0,0,1,Hardware Composed: Independent Flip,9832.4653,NA,7.09580000000000,6.92250000000000,0.11780000000000,4.44990000000000,17.9413,9825.5657,7.0174,6.8996,0.1178,6.8087,4.5408,4.5115,0.0293,0.2533,9825.5657,NA
parkey.exe,27808,0x12E93FCD700,DXGI,0,0,1,Hardware Composed: Independent Flip,9839.1056,NA,6.64030000000000,6.97970000000000,0.14870000000000,5.74540000000000,18.2807,9832.5831,6.6712,6.5225,0.1487,6.4326,5.8353,5.8155,0.0198,0.0377,9832.5831,NA
parkey.exe,27808,0x12E93FCD700,DXGI,0,0,1,Hardware Composed: Independent Flip,9846.7402,NA,7.63460000000000,6.94810000000000,0.15950000000000,4.39230000000000,17.5942,9839.2543,7.6454,7.4859,0.1595,7.3449,4.5333,4.5091,0.0242,-0.2769,9839.2543,NA
parkey.exe,27808,0x12E93FCD700,DXGI,0,0,1,Hardware Composed: Independent Flip,9853.1687,NA,6.42850000000000,6.91950000000000,0.12390000000000,4.54280000000000,18.0852,9846.8997,6.3929,6.2690,0.1239,6.1766,4.6352,4.5172,0.1180,0.7259,9846.8997,NA
parkey.exe,27808,0x12E93FCD700,DXGI,0,0,1,Hardware Composed: Independent Flip,9860.4005,NA,7.23180000000000,6.96550000000000,0.16060000000000,4.38120000000000,17.8189,9853.2926,7.2685,7.1079,0.1606,6.9687,4.5204,4.4969,0.0235,-0.5726,9853.2926,NA
parkey.exe,27808,0x12E93FCD700,DXGI,0,0,1,Hardware Composed: Independent Flip,9866.9464,NA,6.54590000000000,6.94420000000000,0.11390000000000,4.63920000000000,18.2172,9860.5611,6.4992,6.3853,0.1139,6.2989,4.7256,4.4981,0.2275,0.3243,9860.5611,NA
parkey.exe,27808,0x12E93FCD700,DXGI,0,0,1,Hardware Composed: Independent Flip,9873.8964,NA,6.95000000000000,6.96110000000000,0.10710000000000,6.51540000000000,18.2283,9867.0603,6.9432,6.8361,0.1071,6.7143,6.6372,6.6074,0.0298,-0.4619,9867.0603,NA
parkey.exe,27808,0x12E93FCD700,DXGI,0,0,1,Hardware Composed: Independent Flip,9881.2592,NA,7.36280000000000,6.96430000000000,0.14170000000000,4.39530000000000,17.8298,9874.0035,7.3974,7.2557,0.1417,7.1183,4.5327,4.5079,0.0248,-0.0211,9874.0035,NA
parkey.exe,27808,0x12E93FCD700,DXGI,0,0,1,Hardware Composed: Independent Flip,9887.8560,NA,6.59680000000000,6.94300000000000,0.12820000000000,5.33700000000000,18.1760,9881.4009,6.5833,6.4551,0.1282,6.3608,5.4313,5.4070,0.0243,0.4544,9881.4009,NA
parkey.exe,27808,0x12E93FCD700,DXGI,0,0,1,Hardware Composed: Independent Flip,9895.0345,NA,7.17850000000000,6.94450000000000,0.14090000000000,4.42180000000000,17.9420,9887.9842,7.1912,7.0503,0.1409,6.9226,4.5495,4.5275,0.0220,-0.3612,9887.9842,NA
parkey.exe,27808,0x12E93FCD700,DXGI,0,0,1,Hardware Composed: Independent Flip,9901.7973,NA,6.76280000000000,6.93870000000000,0.17650000000000,4.53920000000000,18.1179,9895.1754,6.7984,6.6219,0.1765,6.5094,4.6517,4.4947,0.1570,0.2525,9895.1754,NA
parkey.exe,27808,0x12E93FCD700,DXGI,0,0,1,Hardware Composed: Independent Flip,9909.0993,NA,7.30200000000000,6.94240000000000,0.19220000000000,5.28040000000000,17.7583,9901.9738,7.3177,7.1255,0.1922,6.9678,5.4381,5.4152,0.0229,-0.1440,9901.9738,NA
parkey.exe,27808,0x12E93FCD700,DXGI,0,0,1,Hardware Composed: Independent Flip,9915.8193,NA,6.72000000000000,6.93870000000000,0.14130000000000,6.57430000000000,17.9770,9909.2915,6.6691,6.5278,0.1413,6.4002,6.7019,6.6665,0.0354,0.3790,9909.2915,NA
parkey.exe,27808,0x12E93FCD700,DXGI,0,0,1,Hardware Composed: Independent Flip,9922.4541,NA,6.63480000000000,7.03650000000000,0.11790000000000,5.75420000000000,18.3787,9915.9606,6.6114,6.4935,0.1179,6.4598,5.7879,5.7707,0.0172,-0.3674,9915.9606,NA
parkey.exe,27808,0x12E93FCD700,DXGI,0,0,1,Hardware Composed: Independent Flip,9929.5303,NA,7.07620000000000,6.89560000000000,0.12650000000000,4.59550000000000,18.1981,9922.5720,7.0848,6.9583,0.1265,6.8188,4.7350,4.5084,0.2266,-0.2842,9922.5720,NA
parkey.exe,27808,0x12E93FCD700,DXGI,0,0,1,Hardware Composed: Independent Flip,9936.6957,NA,7.16540000000000,6.91530000000000,0.12130000000000,4.50400000000000,17.9480,9929.6568,7.1602,7.0389,0.1213,6.8808,4.6621,4.4958,0.1663,0.1695,9929.6568,NA
parkey.exe,27808,0x12E93FCD700,DXGI,0,0,1,Hardware Composed: Independent Flip,9943.9794,NA,7.28370000000000,6.99770000000000,0.17000000000000,7.35370000000000,17.6620,9936.8170,7.3324,7.1624,0.1700,7.0042,7.5119,7.4855,0.0264,0.1625,9936.8170,NA
parkey.exe,27808,0x12E93FCD700,DXGI,0,0,1,Hardware Composed: Independent Flip,9950.4329,NA,6.45350000000000,6.91660000000000,0.13870000000000,5.38550000000000,18.1251,9944.1494,6.4222,6.2835,0.1387,7.1837,4.4853,4.4623,0.0230,0.4158,9944.1494,NA
parkey.exe,27808,0x12E93FCD700,DXGI,0,0,1,Hardware Composed: Independent Flip,9957.2315,NA,6.79860000000000,6.95400000000000,0.12500000000000,6.04710000000000,18.2805,9950.5716,6.7849,6.6599,0.1250,6.5294,6.1776,6.1208,0.0568,-0.5318,9950.5716,NA
parkey.exe,27808,0x12E93FCD700,DXGI,0,0,1,Hardware Composed: Independent Flip,9964.3805,NA,7.14900000000000,6.93620000000000,0.14330000000000,6.07590000000000,18.0677,9957.3565,7.1673,7.0240,0.1433,6.8662,6.2337,6.2043,0.0294,-0.1513,9957.3565,NA
parkey.exe,27808,0x12E93FCD700,DXGI,0,0,1,Hardware Composed: Independent Flip,9971.0210,NA,6.64050000000000,6.95230000000000,0.11580000000000,5.19900000000000,18.3795,9964.5238,6.6130,6.4972,0.1158,6.4073,5.2889,4.9045,0.3844,0.2150,9964.5238,NA
parkey.exe,27808,0x12E93FCD700,DXGI,0,0,1,Hardware Composed: Independent Flip,9978.1865,NA,7.16550000000000,6.96990000000000,0.12780000000000,4.57470000000000,18.1839,9971.1368,7.1775,7.0497,0.1278,6.9465,4.6779,4.5087,0.1692,-0.3569,9971.1368,NA
parkey.exe,27808,0x12E93FCD700,DXGI,0,0,1,Hardware Composed: Independent Flip,9984.9441,NA,6.75760000000000,6.93380000000000,0.10890000000000,4.78400000000000,18.3601,9978.3143,6.7387,6.6298,0.1089,6.5489,4.8649,4.5197,0.3452,0.2437,9978.3143,NA
parkey.exe,27808,0x12E93FCD700,DXGI,0,0,1,Hardware Composed: Independent Flip,9991.9730,NA,7.02890000000000,6.96890000000000,0.11120000000000,6.21450000000000,18.3001,9985.0530,7.0312,6.9200,0.1112,6.7887,6.3458,6.3282,0.0176,-0.2302,9985.0530,NA
parkey.exe,27808,0x12E93FCD700,DXGI,0,0,1,Hardware Composed: Independent Flip,9998.9883,NA,7.01530000000000,6.92490000000000,0.12160000000000,4.64330000000000,18.2097,9992.0842,7.0257,6.9041,0.1216,6.8076,4.7398,4.4992,0.2406,0.1063,9992.0842,NA
parkey.exe,27808,0x12E93FCD700,DXGI,0,0,1,Hardware Composed: Independent Flip,10005.7158,NA,6.72750000000000,6.94790000000000,0.12570000000000,5.35530000000000,18.4301,9999.1099,6.7316,6.6059,0.1257,6.5286,5.4326,5.4119,0.0207,0.0778,9999.1099,NA
parkey.exe,27808,0x12E93FCD700,DXGI,0,0,1,Hardware Composed: Independent Flip,10012.7159,NA,7.00010000000000,6.95280000000000,0.11230000000000,4.80810000000000,18.3828,10005.8415,6.9867,6.8744,0.1123,6.7857,4.8968,4.4939,0.4029,-0.2212,10005.8415,NA
parkey.exe,27808,0x12E93FCD700,DXGI,0,0,1,Hardware Composed: Independent Flip,10019.6793,NA,6.96340000000000,6.95580000000000,0.11800000000000,4.78320000000000,18.3752,10012.8282,6.9691,6.8511,0.1180,6.7601,4.8742,4.5001,0.3741,0.0309,10012.8282,NA
parkey.exe,27808,0x12E93FCD700,DXGI,0,0,1,Hardware Composed: Independent Flip,10026.7162,NA,7.03690000000000,7.00160000000000,0.15120000000000,4.70470000000000,18.3399,10019.7973,7.0701,6.9189,0.1512,6.8218,4.8018,4.5027,0.2991,-0.0325,10019.7973,NA
parkey.exe,27808,0x12E93FCD700,DXGI,0,0,1,Hardware Composed: Independent Flip,10033.4473,NA,6.73110000000000,6.89900000000000,0.10570000000000,4.93540000000000,18.5078,10026.8674,6.6856,6.5799,0.1057,6.5012,5.0141,4.5163,0.4978,0.1711,10026.8674,NA
parkey.exe,27808,0x12E93FCD700,DXGI,0,0,1,Hardware Composed: Independent Flip,10040.5203,NA,7.07300000000000,6.93900000000000,0.11290000000000,6.57840000000000,18.3738,10033.5530,7.0802,6.9673,0.1129,6.8755,6.6702,6.6532,0.0170,-0.2534,10033.5530,NA
parkey.exe,27808,0x12E93FCD700,DXGI,0,0,1,Hardware Composed: Independent Flip,10047.7957,NA,7.27540000000000,6.95880000000000,0.15640000000000,4.49470000000000,18.0572,10040.6332,7.3189,7.1625,0.1564,7.0418,4.6154,4.5234,0.0920,0.1214,10040.6332,NA
parkey.exe,27808,0x12E93FCD700,DXGI,0,0,1,Hardware Composed: Independent Flip,10054.2780,NA,6.48230000000000,6.95590000000000,0.11690000000000,5.33350000000000,18.5308,10047.9521,6.4428,6.3259,0.1169,6.2405,5.4189,4.9073,0.5116,0.3630,10047.9521,NA
parkey.exe,27808,0x12E93FCD700,DXGI,0,0,1,Hardware Composed: Independent Flip,10061.5324,NA,7.25440000000000,6.93960000000000,0.13620000000000,4.63970000000000,18.2160,10054.3949,7.2737,7.1375,0.1362,7.0251,4.7521,4.5082,0.2439,-0.4968,10054.3949,NA
parkey.exe,27808,0x12E93FCD700,DXGI,0,0,1,Hardware Composed: Independent Flip,10068.2187,NA,6.68630000000000,6.95540000000000,0.12020000000000,4.92260000000000,18.4851,10061.6686,6.6703,6.5501,0.1202,6.4616,5.0111,4.5110,0.5001,0.3183,10061.6686,NA
parkey.exe,27808,0x12E93FCD700,DXGI,0,0,1,Hardware Composed: Independent Flip,10075.2120,NA,6.99330000000000,6.96520000000000,0.12800000000000,6.59510000000000,18.4570,10068.3389,7.0011,6.8731,0.1280,6.7682,6.7000,6.6833,0.0167,-0.2949,10068.3389,NA
parkey.exe,27808,0x12E93FCD700,DXGI,0,0,1,Hardware Composed: Independent Flip,10082.2068,NA,6.99480000000000,6.95860000000000,0.12150000000000,4.82450000000000,18.4208,10075.3400,6.9883,6.8668,0.1215,6.7622,4.9291,4.4984,0.4307,0.0425,10075.3400,NA
parkey.exe,27808,0x12E93FCD700,DXGI,0,0,1,Hardware Composed: Independent Flip,10089.0296,NA,6.82280000000000,6.92600000000000,0.11780000000000,5.78120000000000,18.5240,10082.3283,6.8191,6.7013,0.1178,6.6265,5.8560,5.8337,0.0223,0.0623,10082.3283,NA
parkey.exe,27808,0x12E93FCD700,DXGI,0,0,1,Hardware Composed: Independent Flip,10096.4312,NA,7.40160000000000,6.96200000000000,0.16240000000000,4.52060000000000,18.0844,10089.1474,7.4462,7.2838,0.1624,7.1322,4.6722,4.5319,0.1403,-0.1429,10089.1474,NA
parkey.exe,27808,0x12E93FCD700,DXGI,0,0,1,Hardware Composed: Independent Flip,10102.9529,NA,6.52170000000000,6.93480000000000,0.12430000000000,4.93470000000000,18.4975,10096.5936,6.4836,6.3593,0.1243,6.2661,5.0279,4.5238,0.5041,0.5114,10096.5936,NA
parkey.exe,27808,0x12E93FCD700,DXGI,0,0,1,Hardware Composed: Independent Flip,10110.2225,NA,7.26960000000000,6.96230000000000,0.13220000000000,4.62210000000000,18.1902,10103.0772,7.2775,7.1453,0.1322,7.0216,4.7458,4.5182,0.2276,-0.4787,10103.0772,NA
parkey.exe,27808,0x12E93FCD700,DXGI,0,0,1,Hardware Composed: Independent Flip,10116.8470,NA,6.62450000000000,6.94080000000000,0.11760000000000,4.93360000000000,18.5065,10110.3547,6.6099,6.4923,0.1176,6.3980,5.0279,4.5044,0.5235,0.3367,10110.3547,NA
parkey.exe,27808,0x12E93FCD700,DXGI,0,0,1,Hardware Composed: Independent Flip,10123.7532,NA,6.90620000000000,6.96670000000000,0.14420000000000,6.13520000000000,18.5670,10116.9646,6.9328,6.7886,0.1442,6.6608,6.2630,6.2433,0.0197,-0.3568,10116.9646,NA
parkey.exe,27808,0x12E93FCD700,DXGI,0,0,1,Hardware Composed: Independent Flip,10130.8274,NA,7.07420000000000,6.93930000000000,0.11940000000000,4.85060000000000,18.4321,10123.8974,7.0494,6.9300,0.1194,6.8408,4.9398,4.5139,0.4259,-0.0065,10123.8974,NA
parkey.exe,27808,0x12E93FCD700,DXGI,0,0,1,Hardware Composed: Independent Flip,10137.5955,NA,6.76810000000000,6.93290000000000,0.10320000000000,5.42760000000000,18.5969,10130.9468,6.7519,6.6487,0.1032,6.5716,5.5047,4.8987,0.6060,0.1165,10130.9468,NA
parkey.exe,27808,0x12E93FCD700,DXGI,0,0,1,Hardware Composed: Independent Flip,10144.9267,NA,7.33120000000000,6.97400000000000,0.13830000000000,4.66720000000000,18.2397,10137.6987,7.3663,7.2280,0.1383,7.1084,4.7868,4.5088,0.2780,-0.2221,10137.6987,NA
parkey.exe,27808,0x12E93FCD700,DXGI,0,0,1,Hardware Composed: Independent Flip,10151.5196,NA,6.59290000000000,6.94920000000000,0.14070000000000,4.99400000000000,18.5960,10145.0650,6.5953,6.4546,0.1407,6.3614,5.0872,4.5079,0.5793,0.4171,10145.0650,NA
parkey.exe,27808,0x12E93FCD700,DXGI,0,0,1,Hardware Composed: Independent Flip,10158.5229,NA,7.00330000000000,6.95790000000000,0.13240000000000,6.61550000000000,18.5506,10151.6603,6.9950,6.8626,0.1324,6.7591,6.7190,6.6867,0.0323,-0.3626,10151.6603,NA
parkey.exe,27808,0x12E93FCD700,DXGI,0,0,1,Hardware Composed: Independent Flip,10165.5293,NA,7.00640000000000,6.93040000000000,0.11010000000000,4.93960000000000,18.4746,10158.6553,6.9841,6.8740,0.1101,6.7843,5.0293,4.5052,0.5241,0.0646,10158.6553,NA
parkey.exe,27808,0x12E93FCD700,DXGI,0,0,1,Hardware Composed: Independent Flip,10172.3156,NA,6.78630000000000,6.95280000000000,0.10360000000000,5.73210000000000,18.6411,10165.6394,6.7798,6.6762,0.1036,6.5961,5.8122,5.7933,0.0189,0.0313,10165.6394,NA
parkey.exe,27808,0x12E93FCD700,DXGI,0,0,1,Hardware Composed: Independent Flip,10179.4829,NA,7.16730000000000,6.95770000000000,0.13920000000000,4.84760000000000,18.4315,10172.4192,7.2029,7.0637,0.1392,6.9549,4.9564,4.5280,0.4284,-0.1779,10172.4192,NA
parkey.exe,27808,0x12E93FCD700,DXGI,0,0,1,Hardware Composed: Independent Flip,10186.2510,NA,6.76810000000000,6.94470000000000,0.10510000000000,5.02640000000000,18.6081,10179.6221,6.7340,6.6289,0.1051,6.5483,5.1070,4.4988,0.6082,0.2582,10179.6221,NA
parkey.exe,27808,0x12E93FCD700,DXGI,0,0,1,Hardware Composed: Independent Flip,10193.3074,NA,7.05640000000000,6.95490000000000,0.12330000000000,4.93720000000000,18.5066,10186.3561,7.0746,6.9513,0.1233,6.8286,5.0599,4.5149,0.5450,-0.2209,10186.3561,NA
parkey.exe,27808,0x12E93FCD700,DXGI,0,0,1,Hardware Composed: Independent Flip,10200.2046,NA,6.89720000000000,6.98320000000000,0.13400000000000,4.98670000000000,18.5926,10193.4307,6.9079,6.7739,0.1340,6.6563,5.1043,4.5120,0.5923,0.0914,10193.4307,NA
parkey.exe,27808,0x12E93FCD700,DXGI,0,0,1,Hardware Composed: Independent Flip,10207.0441,NA,6.83950000000000,6.99470000000000,0.11660000000000,5.68640000000000,18.7478,10200.3386,6.8221,6.7055,0.1166,6.6193,5.7726,5.7533,0.0193,-0.0868,10200.3386,NA
parkey.exe,27808,0x12E93FCD700,DXGI,0,0,1,Hardware Composed: Independent Flip,10214.2997,NA,7.25560000000000,6.89820000000000,0.16880000000000,4.83490000000000,18.3904,10207.1607,7.3078,7.1390,0.1688,7.0253,4.9486,4.5262,0.4224,-0.0761,10207.1607,NA
parkey.exe,27808,0x12E93FCD700,DXGI,0,0,1,Hardware Composed: Independent Flip,10221.4226,NA,7.12290000000000,6.92450000000000,0.17620000000000,5.08650000000000,18.1920,10214.4685,7.1303,6.9541,0.1762,6.8168,5.2238,4.8942,0.3296,0.3833,10214.4685,NA
parkey.exe,27808,0x12E93FCD700,DXGI,0,0,1,Hardware Composed: Independent Flip,10228.6430,NA,7.22040000000000,7.02560000000000,0.17200000000000,4.37330000000000,17.9972,10221.5988,7.2162,7.0442,0.1720,6.8933,4.5242,4.4864,0.0378,0.1047,10221.5988,NA
parkey.exe,27808,0x12E93FCD700,DXGI,0,0,1,Hardware Composed: Independent Flip,10235.3861,NA,6.74310000000000,6.90690000000000,0.12610000000000,4.55140000000000,18.1610,10228.8150,6.6972,6.5711,0.1261,6.4694,4.6531,4.5156,0.1375,0.3093,10228.8150,NA
parkey.exe,27808,0x12E93FCD700,DXGI,0,0,1,Hardware Composed: Independent Flip,10241.8113,NA,6.42520000000000,6.91210000000000,0.13660000000000,6.62040000000000,18.6479,10235.5122,6.4357,6.2991,0.1366,6.1979,6.7216,6.5046,0.2170,-0.2149,10235.5122,NA
parkey.exe,27808,0x12E93FCD700,DXGI,0,0,1,Hardware Composed: Independent Flip,10249.6135,NA,7.80220000000000,6.95520000000000,0.20300000000000,4.34560000000000,17.8009,10241.9479,7.8686,7.6656,0.2030,7.5029,4.5083,4.4877,0.0206,-0.5195,10241.9479,NA
parkey.exe,27808,0x12E93FCD700,DXGI,0,0,1,Hardware Composed: Independent Flip,10255.9918,NA,6.37830000000000,6.95250000000000,0.12780000000000,5.74850000000000,18.3751,10249.8165,6.3031,6.1753,0.1278,6.0797,5.8441,5.8239,0.0202,0.9161,10249.8165,NA
parkey.exe,27808,0x12E93FCD700,DXGI,0,0,1,Hardware Composed: Independent Flip,10263.0231,NA,7.03130000000000,6.95490000000000,0.14260000000000,4.72170000000000,18.2987,10256.1196,7.0461,6.9035,0.1426,6.7856,4.8396,4.5137,0.3259,-0.6518,10256.1196,NA
parkey.exe,27808,0x12E93FCD700,DXGI,0,0,1,Hardware Composed: Independent Flip,10269.6448,NA,6.62170000000000,6.93500000000000,0.10680000000000,5.06500000000000,18.6120,10263.1657,6.5859,6.4791,0.1068,6.3929,5.1512,4.5079,0.6433,0.1111,10263.1657,NA
parkey.exe,27808,0x12E93FCD700,DXGI,0,0,1,Hardware Composed: Independent Flip,10276.7475,NA,7.10270000000000,6.95420000000000,0.14840000000000,4.90600000000000,18.4635,10269.7516,7.1443,6.9959,0.1484,6.8842,5.0177,4.5408,0.4769,-0.3683,10269.7516,NA
parkey.exe,27808,0x12E93FCD700,DXGI,0,0,1,Hardware Composed: Independent Flip,10283.4548,NA,6.70730000000000,6.94880000000000,0.10190000000000,5.13030000000000,18.7050,10276.8959,6.6608,6.5589,0.1019,6.4820,5.2072,4.5146,0.6926,0.1955,10276.8959,NA
parkey.exe,27808,0x12E93FCD700,DXGI,0,0,1,Hardware Composed: Independent Flip,10290.4336,NA,6.97880000000000,6.95910000000000,0.11800000000000,6.14410000000000,18.6853,10283.5567,6.9949,6.8769,0.1180,6.7826,6.2384,6.2186,0.0198,-0.2983,10283.5567,NA
parkey.exe,27808,0x12E93FCD700,DXGI,0,0,1,Hardware Composed: Independent Flip,10297.7201,NA,7.28650000000000,6.93650000000000,0.14400000000000,4.77860000000000,18.3353,10290.5516,7.3125,7.1685,0.1440,7.0553,4.8918,4.5251,0.3667,0.0584,10290.5516,NA
parkey.exe,27808,0x12E93FCD700,DXGI,0,0,1,Hardware Composed: Independent Flip,10304.3285,NA,6.60840000000000,6.94710000000000,0.12100000000000,5.12900000000000,18.6740,10297.8641,6.5854,6.4644,0.1210,6.3730,5.2204,4.5371,0.6833,0.3654,10297.8641,NA
parkey.exe,27808,0x12E93FCD700,DXGI,0,0,1,Hardware Composed: Independent Flip,10311.3857,NA,7.05720000000000,6.96960000000000,0.13170000000000,4.99590000000000,18.5864,10304.4495,7.0679,6.9362,0.1317,6.8127,5.1194,4.5154,0.6040,-0.3842,10304.4495,NA
parkey.exe,27808,0x12E93FCD700,DXGI,0,0,1,Hardware Composed: Independent Flip,10318.2246,NA,6.83890000000000,6.93180000000000,0.11340000000000,5.10270000000000,18.6793,10311.5174,6.8206,6.7072,0.1134,6.6226,5.1873,4.5107,0.6766,0.1361,10311.5174,NA
parkey.exe,27808,0x12E93FCD700,DXGI,0,0,1,Hardware Composed: Independent Flip,10325.1189,NA,6.89430000000000,6.97430000000000,0.13110000000000,6.59300000000000,18.7593,10318.3380,6.9120,6.7809,0.1311,6.6949,6.6790,6.6419,0.0371,-0.1537,10318.3380,NA
parkey.exe,27808,0x12E93FCD700,DXGI,0,0,1,Hardware Composed: Independent Flip,10332.1822,NA,7.06330000000000,6.93140000000000,0.11170000000000,5.05030000000000,18.6274,10325.2500,7.0439,6.9322,0.1117,6.8482,5.1343,4.5110,0.6233,-0.0194,10325.2500,NA
parkey.exe,27808,0x12E93FCD700,DXGI,0,0,1,Hardware Composed: Independent Flip,10338.9469,NA,6.76470000000000,6.94590000000000,0.13160000000000,5.77120000000000,18.8086,10332.2939,6.7846,6.6530,0.1316,6.5746,5.8496,5.8148,0.0348,0.0980,10332.2939,NA
parkey.exe,27808,0x12E93FCD700,DXGI,0,0,1,Hardware Composed: Independent Flip,10346.1447,NA,7.19780000000000,6.96250000000000,0.13480000000000,4.99830000000000,18.5733,10339.0785,7.2010,7.0662,0.1348,6.9469,5.1176,4.5169,0.6007,-0.1779,10339.0785,NA
parkey.exe,27808,0x12E93FCD700,DXGI,0,0,1,Hardware Composed: Independent Flip,10352.8327,NA,6.68800000000000,6.95940000000000,0.09940000000000,5.22840000000000,18.8447,10346.2795,6.6526,6.5532,0.0994,6.4789,5.3027,4.4820,0.8207,0.2416,10346.2795,NA
parkey.exe,27808,0x12E93FCD700,DXGI,0,0,1,Hardware Composed: Independent Flip,10360.2666,NA,7.43390000000000,6.94590000000000,0.12690000000000,4.78340000000000,18.3567,10352.9321,7.4614,7.3345,0.1269,7.2208,4.8971,4.5197,0.3774,-0.2933,10352.9321,NA
parkey.exe,27808,0x12E93FCD700,DXGI,0,0,1,Hardware Composed: Independent Flip,10366.7931,NA,6.52650000000000,6.93660000000000,0.10510000000000,5.22100000000000,18.7668,10360.3935,6.5047,6.3996,0.1051,6.3204,5.3002,4.5115,0.7887,0.5248,10360.3935,NA
parkey.exe,27808,0x12E93FCD700,DXGI,0,0,1,Hardware Composed: Independent Flip,10373.6693,NA,6.87620000000000,6.94300000000000,0.11970000000000,6.12450000000000,18.8336,10366.8982,6.8908,6.7711,0.1197,6.6870,6.2086,6.1891,0.0195,-0.4383,10366.8982,NA
parkey.exe,27808,0x12E93FCD700,DXGI,0,0,1,Hardware Composed: Independent Flip,10380.8243,NA,7.15500000000000,6.95960000000000,0.14170000000000,5.06130000000000,18.6382,10373.7890,7.1770,7.0353,0.1417,6.9235,5.1731,4.5221,0.6510,-0.0688,10373.7890,NA
parkey.exe,27808,0x12E93FCD700,DXGI,0,0,1,Hardware Composed: Independent Flip,10387.7767,NA,6.95240000000000,6.94570000000000,0.11630000000000,5.46140000000000,18.6315,10380.9660,6.9270,6.8107,0.1163,6.7298,5.5423,4.8822,0.6601,0.2313,10380.9660,NA
parkey.exe,27808,0x12E93FCD700,DXGI,0,0,1,Hardware Composed: Independent Flip,10394.7139,NA,6.93720000000000,6.98010000000000,0.13990000000000,5.07460000000000,18.6744,10387.8930,6.9608,6.8209,0.1399,6.7112,5.1843,4.5045,0.6798,-0.0531,10387.8930,NA
parkey.exe,27808,0x12E93FCD700,DXGI,0,0,1,Hardware Composed: Independent Flip,10401.5397,NA,6.82580000000000,6.91180000000000,0.11570000000000,5.20090000000000,18.7604,10394.8538,6.8016,6.6859,0.1157,6.6037,5.2831,4.5133,0.7698,0.0490,10394.8538,NA
parkey.exe,27808,0x12E93FCD700,DXGI,0,0,1,Hardware Composed: Independent Flip,10408.5072,NA,6.96750000000000,6.96160000000000,0.14270000000000,5.65390000000000,18.7545,10401.6554,6.9945,6.8518,0.1427,6.7442,5.7615,5.7388,0.0227,-0.1600,10401.6554,NA
parkey.exe,27808,0x12E93FCD700,DXGI,0,0,1,Hardware Composed: Independent Flip,10415.4235,NA,6.91630000000000,6.96200000000000,0.10480000000000,5.20270000000000,18.8002,10408.6499,6.8784,6.7736,0.1048,6.6923,5.2840,4.5072,0.7768,0.0325,10408.6499,NA
parkey.exe,27808,0x12E93FCD700,DXGI,0,0,1,Hardware Composed: Independent Flip,10422.4375,NA,7.01400000000000,6.93570000000000,0.11970000000000,5.74880000000000,18.7219,10415.5283,7.0289,6.9092,0.1197,6.8145,5.8435,5.8233,0.0202,-0.0573,10415.5283,NA
parkey.exe,27808,0x12E93FCD700,DXGI,0,0,1,Hardware Composed: Independent Flip,10429.4619,NA,7.02440000000000,6.97280000000000,0.11160000000000,5.09000000000000,18.6703,10422.5572,7.0163,6.9047,0.1116,6.8140,5.1807,4.5020,0.6787,0.0561,10422.5572,NA
parkey.exe,27808,0x12E93FCD700,DXGI,0,0,1,Hardware Composed: Independent Flip,10436.1965,NA,6.73460000000000,6.93440000000000,0.11000000000000,5.29560000000000,18.8701,10429.5735,6.7330,6.6230,0.1100,6.5444,5.3742,4.5328,0.8414,0.0819,10429.5735,NA
parkey.exe,27808,0x12E93FCD700,DXGI,0,0,1,Hardware Composed: Independent Flip,10443.3332,NA,7.13670000000000,6.96980000000000,0.12570000000000,5.12110000000000,18.7032,10436.3065,7.1524,7.0267,0.1257,6.9147,5.2331,5.0923,0.1408,-0.2368,10436.3065,NA
parkey.exe,27808,0x12E93FCD700,DXGI,0,0,1,Hardware Composed: Independent Flip,10450.1430,NA,6.80980000000000,6.93300000000000,0.11020000000000,5.23790000000000,18.8264,10443.4589,6.7943,6.6841,0.1102,6.5990,5.3230,4.4821,0.8409,0.2194,10443.4589,NA
parkey.exe,27808,0x12E93FCD700,DXGI,0,0,1,Hardware Composed: Independent Flip,10457.1206,NA,6.97760000000000,6.93300000000000,0.11350000000000,6.14980000000000,18.7818,10450.2532,6.9809,6.8674,0.1135,6.7740,6.2432,6.2247,0.0185,-0.1387,10450.2532,NA
parkey.exe,27808,0x12E93FCD700,DXGI,0,0,1,Hardware Composed: Independent Flip,10464.6736,NA,7.55300000000000,6.96290000000000,0.17050000000000,4.62000000000000,18.1917,10457.2341,7.6100,7.4395,0.1705,7.3157,4.7438,4.4873,0.2565,0.0180,10457.2341,NA
parkey.exe,27808,0x12E93FCD700,DXGI,0,0,1,Hardware Composed: Independent Flip,10470.9602,NA,6.28660000000000,6.94600000000000,0.12900000000000,5.64520000000000,18.8511,10464.8441,6.2451,6.1161,0.1290,6.0289,5.7324,4.9104,0.8220,0.6640,10464.8441,NA
parkey.exe,27808,0x12E93FCD700,DXGI,0,0,1,Hardware Composed: Independent Flip,10477.9838,NA,7.02360000000000,6.96140000000000,0.13150000000000,5.20870000000000,18.7889,10471.0892,7.0261,6.8946,0.1315,6.7958,5.3075,4.5070,0.8005,-0.7163,10471.0892,NA
parkey.exe,27808,0x12E93FCD700,DXGI,0,0,1,Hardware Composed: Independent Flip,10484.9852,NA,7.00140000000000,6.93890000000000,0.12950000000000,5.14020000000000,18.7264,10478.1153,6.9994,6.8699,0.1295,6.7719,5.2382,4.4713,0.7669,0.0872,10478.1153,NA
parkey.exe,27808,0x12E93FCD700,DXGI,0,0,1,Hardware Composed: Independent Flip,10491.7294,NA,6.74420000000000,6.96740000000000,0.13140000000000,6.61990000000000,18.9496,10485.1147,6.7461,6.6147,0.1314,6.5283,6.7063,6.6865,0.0198,0.0320,10485.1147,NA
parkey.exe,27808,0x12E93FCD700,DXGI,0,0,1,Hardware Composed: Independent Flip,10499.0368,NA,7.30740000000000,6.93800000000000,0.11870000000000,5.00250000000000,18.5802,10491.8608,7.2947,7.1760,0.1187,7.0555,5.1230,4.4850,0.6380,-0.1919,10491.8608,NA
parkey.exe,27808,0x12E93FCD700,DXGI,0,0,1,Hardware Composed: Independent Flip,10505.6126,NA,6.57580000000000,6.95020000000000,0.09670000000000,5.39440000000000,18.9546,10499.1555,6.5538,6.4571,0.0967,6.3819,5.4696,5.3353,0.1343,0.3445,10499.1555,NA
parkey.exe,27808,0x12E93FCD700,DXGI,0,0,1,Hardware Composed: Independent Flip,10512.7630,NA,7.15040000000000,6.95680000000000,0.13720000000000,5.18170000000000,18.7610,10505.7093,7.1909,7.0537,0.1372,6.9265,5.3089,4.5106,0.7983,-0.4030,10505.7093,NA
parkey.exe,27808,0x12E93FCD700,DXGI,0,0,1,Hardware Composed: Independent Flip,10519.6043,NA,6.84130000000000,6.93680000000000,0.11380000000000,5.29330000000000,18.8565,10512.9002,6.8179,6.7041,0.1138,6.6204,5.3770,4.5246,0.8524,0.2541,10512.9002,NA
parkey.exe,27808,0x12E93FCD700,DXGI,0,0,1,Hardware Composed: Independent Flip,10526.6155,NA,7.01120000000000,6.98330000000000,0.13280000000000,5.23660000000000,18.8286,10519.7181,7.0302,6.8974,0.1328,6.7946,5.3394,5.1385,0.2009,-0.1654,10519.7181,NA
parkey.exe,27808,0x12E93FCD700,DXGI,0,0,1,Hardware Composed: Independent Flip,10533.5229,NA,6.90740000000000,6.91730000000000,0.09730000000000,5.26360000000000,18.8385,10526.7483,6.8719,6.7746,0.0973,6.6944,5.3438,4.5017,0.8421,0.1129,10526.7483,NA
parkey.exe,27808,0x12E93FCD700,DXGI,0,0,1,Hardware Composed: Independent Flip,10540.3064,NA,6.78350000000000,6.95110000000000,0.09700000000000,6.15850000000000,19.0061,10533.6202,6.7832,6.6862,0.0970,6.6101,6.2346,6.2157,0.0189,-0.0792,10533.6202,NA
parkey.exe,27808,0x12E93FCD700,DXGI,0,0,1,Hardware Composed: Independent Flip,10547.6792,NA,7.37280000000000,6.94940000000000,0.14670000000000,4.99790000000000,18.5827,10540.4034,7.4225,7.2758,0.1467,7.1539,5.1198,4.4927,0.6271,-0.1662,10540.4034,NA
parkey.exe,27808,0x12E93FCD700,DXGI,0,0,1,Hardware Composed: Independent Flip,10554.2291,NA,6.54990000000000,6.95450000000000,0.10080000000000,5.78580000000000,18.9873,10547.8259,6.5040,6.4032,0.1008,6.3233,5.8657,4.8769,0.9888,0.4680,10547.8259,NA
parkey.exe,27808,0x12E93FCD700,DXGI,0,0,1,Hardware Composed: Independent Flip,10561.4769,NA,7.24780000000000,6.95850000000000,0.13030000000000,5.11410000000000,18.6980,10554.3299,7.2773,7.1470,0.1303,7.0385,5.2226,4.5181,0.7045,-0.4545,10554.3299,NA
parkey.exe,27808,0x12E93FCD700,DXGI,0,0,1,Hardware Composed: Independent Flip,10568.1974,NA,6.72050000000000,6.94020000000000,0.12110000000000,5.45450000000000,18.9177,10561.6072,6.7113,6.5902,0.1211,6.5025,5.5422,4.4981,1.0441,0.3371,10561.6072,NA
parkey.exe,27808,0x12E93FCD700,DXGI,0,0,1,Hardware Composed: Independent Flip,10575.1235,NA,6.92610000000000,6.97270000000000,0.11100000000000,6.58830000000000,18.9643,10568.3185,6.9160,6.8050,0.1110,6.7163,6.6770,6.6601,0.0169,-0.2614,10568.3185,NA
parkey.exe,27808,0x12E93FCD700,DXGI,0,0,1,Hardware Composed: Independent Flip,10582.2302,NA,7.10670000000000,6.92980000000000,0.11100000000000,5.21820000000000,18.7874,10575.2345,7.1067,6.9957,0.1110,6.8975,5.3164,4.5050,0.8114,-0.0138,10575.2345,NA
parkey.exe,27808,0x12E93FCD700,DXGI,0,0,1,Hardware Composed: Independent Flip,10588.9816,NA,6.75140000000000,6.94060000000000,0.12370000000000,5.95350000000000,18.9766,10582.3412,6.7641,6.6404,0.1237,6.5592,6.0347,5.7971,0.2376,0.1661,10582.3412,NA
parkey.exe,27808,0x12E93FCD700,DXGI,0,0,1,Hardware Composed: Independent Flip,10596.3057,NA,7.32410000000000,6.98870000000000,0.16040000000000,5.04650000000000,18.6412,10589.1053,7.3608,7.2004,0.1604,7.0783,5.1686,4.5093,0.6593,-0.2246,10589.1053,NA
parkey.exe,27808,0x12E93FCD700,DXGI,0,0,1,Hardware Composed: Independent Flip,10602.8359,NA,6.53020000000000,6.91610000000000,0.10120000000000,5.43450000000000,19.0271,10596.4661,6.4710,6.3698,0.1012,6.2933,5.5110,4.8731,0.6379,0.4447,10596.4661,NA
parkey.exe,27808,0x12E93FCD700,DXGI,0,0,1,Hardware Composed: Independent Flip,10610.3550,NA,7.51910000000000,6.97540000000000,0.15650000000000,4.92540000000000,18.4834,10602.9371,7.5744,7.4179,0.1565,7.2799,5.0634,4.5314,0.5320,-0.5044,10602.9371,NA
parkey.exe,27808,0x12E93FCD700,DXGI,0,0,1,Hardware Composed: Independent Flip,10616.8814,NA,6.52640000000000,6.92810000000000,0.11630000000000,5.31260000000000,18.8851,10610.5115,6.4862,6.3699,0.1163,6.2815,5.4010,4.5123,0.8887,0.6463,10610.5115,NA
parkey.exe,27808,0x12E93FCD700,DXGI,0,0,1,Hardware Composed: Independent Flip,10623.7043,NA,6.82290000000000,6.97060000000000,0.11700000000000,6.11600000000000,19.0328,10616.9977,6.8236,6.7066,0.1170,6.5998,6.2228,6.2015,0.0213,-0.4844,10616.9977,NA
parkey.exe,27808,0x12E93FCD700,DXGI,0,0,1,Hardware Composed: Independent Flip,10630.7671,NA,7.06280000000000,6.93620000000000,0.12010000000000,5.32570000000000,18.9062,10623.8213,7.0659,6.9458,0.1201,6.8593,5.4122,4.4975,0.9147,-0.1126,10623.8213,NA
parkey.exe,27808,0x12E93FCD700,DXGI,0,0,1,Hardware Composed: Independent Flip,10637.8393,NA,7.07220000000000,6.93000000000000,0.10580000000000,5.60500000000000,18.7640,10630.8872,7.0579,6.9521,0.1058,6.8470,5.7101,4.8719,0.8382,0.1359,10630.8872,NA
parkey.exe,27808,0x12E93FCD700,DXGI,0,0,1,Hardware Composed: Independent Flip,10644.7557,NA,6.91640000000000,6.97560000000000,0.13010000000000,5.24680000000000,18.8232,10637.9451,6.9407,6.8106,0.1301,6.7031,5.3543,4.5003,0.8540,0.0823,10637.9451,NA
parkey.exe,27808,0x12E93FCD700,DXGI,0,0,1,Hardware Composed: Independent Flip,10651.4500,NA,6.69430000000000,6.92490000000000,0.13700000000000,5.47790000000000,19.0538,10644.8858,6.7012,6.5642,0.1370,6.4823,5.5598,4.5066,1.0532,0.0158,10644.8858,NA
parkey.exe,27808,0x12E93FCD700,DXGI,0,0,1,Hardware Composed: Independent Flip,10658.5783,NA,7.12830000000000,6.97710000000000,0.12900000000000,6.57740000000000,18.9026,10651.5870,7.1203,6.9913,0.1290,6.8432,6.7255,6.7007,0.0248,-0.2759,10651.5870,NA
parkey.exe,27808,0x12E93FCD700,DXGI,0,0,1,Hardware Composed: Independent Flip,10665.5349,NA,6.95660000000000,6.92070000000000,0.12730000000000,5.29500000000000,18.8667,10658.7073,6.9549,6.8276,0.1273,6.7320,5.3906,4.5194,0.8712,0.1996,10658.7073,NA
parkey.exe,27808,0x12E93FCD700,DXGI,0,0,1,Hardware Composed: Independent Flip,10672.2967,NA,6.76180000000000,6.96640000000000,0.11850000000000,5.95490000000000,19.0713,10665.6622,6.7530,6.6345,0.1185,6.5467,6.0427,5.7401,0.3026,-0.0115,10665.6622,NA
parkey.exe,27808,0x12E93FCD700,DXGI,0,0,1,Hardware Composed: Independent Flip,10679.4450,NA,7.14830000000000,6.98380000000000,0.11810000000000,5.28340000000000,18.9068,10672.4152,7.1479,7.0298,0.1181,6.9309,5.3823,4.5061,0.8762,-0.2308,10672.4152,NA
parkey.exe,27808,0x12E93FCD700,DXGI,0,0,1,Hardware Composed: Independent Flip,10686.2039,NA,6.75890000000000,6.92200000000000,0.10510000000000,5.49240000000000,19.0699,10679.5631,6.7459,6.6408,0.1051,6.5603,5.5729,4.5009,1.0720,0.2259,10679.5631,NA
parkey.exe,27808,0x12E93FCD700,DXGI,0,0,1,Hardware Composed: Independent Flip,10693.2785,NA,7.07460000000000,6.96600000000000,0.11140000000000,5.40140000000000,18.9613,10686.3090,7.0809,6.9695,0.1114,6.8744,5.4965,5.3905,0.1060,-0.2201,10686.3090,NA
parkey.exe,27808,0x12E93FCD700,DXGI,0,0,1,Hardware Composed: Independent Flip,10700.1599,NA,6.88140000000000,6.93830000000000,0.31810000000000,5.44090000000000,19.0182,10693.3899,7.0881,6.7700,0.3181,6.6810,5.5299,4.5069,1.0230,0.1426,10693.3899,NA
parkey.exe,27808,0x12E93FCD700,DXGI,0,0,1,Hardware Composed: Independent Flip,10707.0982,NA,6.93830000000000,6.93590000000000,0.11540000000000,5.60650000000000,19.0158,10700.4780,6.7356,6.6202,0.1154,6.5364,5.6903,5.6679,0.0224,0.1522,10700.4780,NA
parkey.exe,27808,0x12E93FCD700,DXGI,0,0,1,Hardware Composed: Independent Flip,10714.5695,NA,7.47130000000000,6.95430000000000,0.13270000000000,5.08810000000000,18.4988,10707.2136,7.4886,7.3559,0.1327,7.2563,5.1877,4.4815,0.7062,-0.2187,10707.2136,NA
parkey.exe,27808,0x12E93FCD700,DXGI,0,0,1,Hardware Composed: Independent Flip,10720.8903,NA,6.32080000000000,6.94960000000000,0.11650000000000,6.00150000000000,19.1276,10714.7022,6.3046,6.1881,0.1165,6.1011,6.0885,4.9294,1.1591,0.5390,10714.7022,NA
parkey.exe,27808,0x12E93FCD700,DXGI,0,0,1,Hardware Composed: Independent Flip,10727.9635,NA,7.07320000000000,6.95630000000000,0.10890000000000,5.42590000000000,19.0107,10721.0068,7.0656,6.9567,0.1089,6.8606,5.5220,4.5063,1.0157,-0.6517,10721.0068,NA
parkey.exe,27808,0x12E93FCD700,DXGI,0,0,1,Hardware Composed: Independent Flip,10734.9325,NA,6.96900000000000,6.94160000000000,0.09890000000000,5.40900000000000,18.9833,10728.0724,6.9590,6.8601,0.0989,6.7662,5.5029,4.4788,1.0241,0.1240,10728.0724,NA
parkey.exe,27808,0x12E93FCD700,DXGI,0,0,1,Hardware Composed: Independent Flip,10741.7077,NA,6.77520000000000,6.94520000000000,0.11720000000000,6.59340000000000,19.1533,10735.0314,6.7935,6.6763,0.1172,6.5847,6.6850,6.6674,0.0176,0.0138,10735.0314,NA
parkey.exe,27808,0x12E93FCD700,DXGI,0,0,1,Hardware Composed: Independent Flip,10749.0227,NA,7.31500000000000,6.95660000000000,0.13560000000000,5.21920000000000,18.7949,10741.8249,7.3334,7.1978,0.1356,7.0903,5.3267,4.4704,0.8563,-0.1631,10741.8249,NA
parkey.exe,27808,0x12E93FCD700,DXGI,0,0,1,Hardware Composed: Independent Flip,10755.6163,NA,6.59360000000000,6.94660000000000,0.10330000000000,6.00720000000000,19.1479,10749.1583,6.5613,6.4580,0.1033,6.3750,6.0902,5.2843,0.8059,0.3868,10749.1583,NA
parkey.exe,27808,0x12E93FCD700,DXGI,0,0,1,Hardware Composed: Independent Flip,10762.7468,NA,7.13050000000000,6.99410000000000,0.12230000000000,5.39130000000000,19.0115,10755.7196,7.1495,7.0272,0.1223,6.9314,5.4871,4.4866,1.0005,-0.4328,10755.7196,NA
parkey.exe,27808,0x12E93FCD700,DXGI,0,0,1,Hardware Composed: Independent Flip,10769.5307,NA,6.78390000000000,6.91790000000000,0.11330000000000,5.55110000000000,19.1455,10762.8691,6.7749,6.6616,0.1133,6.5771,5.6356,4.4738,1.1618,0.2316,10762.8691,NA
parkey.exe,27808,0x12E93FCD700,DXGI,0,0,1,Hardware Composed: Independent Flip,10776.7153,NA,7.18460000000000,6.96220000000000,0.16150000000000,5.38230000000000,18.9231,10769.6440,7.2328,7.0713,0.1615,6.9370,5.5166,5.3752,0.1414,-0.1873,10769.6440,NA
parkey.exe,27808,0x12E93FCD700,DXGI,0,0,1,Hardware Composed: Independent Flip,10783.6842,NA,6.96890000000000,6.93830000000000,0.13040000000000,5.31490000000000,18.8925,10776.8768,6.9378,6.8074,0.1304,6.7067,5.4156,4.4763,0.9393,0.2945,10776.8768,NA
parkey.exe,27808,0x12E93FCD700,DXGI,0,0,1,Hardware Composed: Independent Flip,10790.4121,NA,6.72790000000000,6.93390000000000,0.12800000000000,6.09400000000000,19.0985,10783.8146,6.7255,6.5975,0.1280,6.5038,6.1877,6.1426,0.0451,0.0039,10783.8146,NA
parkey.exe,27808,0x12E93FCD700,DXGI,0,0,1,Hardware Composed: Independent Flip,10797.6464,NA,7.23430000000000,6.95920000000000,0.13610000000000,5.25310000000000,18.8234,10790.5401,7.2424,7.1063,0.1361,6.9906,5.3688,4.5023,0.8665,-0.2337,10790.5401,NA
parkey.exe,27808,0x12E93FCD700,DXGI,0,0,1,Hardware Composed: Independent Flip,10804.2352,NA,6.58880000000000,6.94340000000000,0.11600000000000,5.59750000000000,19.1780,10797.7825,6.5687,6.4527,0.1160,6.3691,5.6811,4.5071,1.1740,0.2990,10797.7825,NA
parkey.exe,27808,0x12E93FCD700,DXGI,0,0,1,Hardware Composed: Independent Flip,10811.2995,NA,7.06430000000000,6.96420000000000,0.13440000000000,5.49150000000000,19.0779,10804.3512,7.0827,6.9483,0.1344,6.8475,5.5923,4.4796,1.1127,-0.3955,10804.3512,NA
parkey.exe,27808,0x12E93FCD700,DXGI,0,0,1,Hardware Composed: Independent Flip,10818.1952,NA,6.89570000000000,6.94370000000000,0.11200000000000,5.54000000000000,19.1259,10811.4339,6.8733,6.7613,0.1120,6.6763,5.6250,4.5034,1.1216,0.1390,10811.4339,NA
parkey.exe,27808,0x12E93FCD700,DXGI,0,0,1,Hardware Composed: Independent Flip,10825.2460,NA,7.05080000000000,6.97300000000000,0.11340000000000,6.53280000000000,19.0481,10818.3072,7.0522,6.9388,0.1134,6.8547,6.6169,6.5954,0.0215,-0.0997,10818.3072,NA
parkey.exe,27808,0x12E93FCD700,DXGI,0,0,1,Hardware Composed: Independent Flip,10832.0861,NA,6.84010000000000,6.93080000000000,0.10650000000000,5.56010000000000,19.1388,10825.3594,6.8332,6.7267,0.1065,6.6404,5.6464,4.4888,1.1576,0.1214,10825.3594,NA
parkey.exe,27808,0x12E93FCD700,DXGI,0,0,1,Hardware Composed: Independent Flip,10838.9463,NA,6.86020000000000,6.94070000000000,0.14060000000000,5.67740000000000,19.2193,10832.1926,6.8943,6.7537,0.1406,6.6484,5.7827,4.8590,0.9237,-0.1075,10832.1926,NA
parkey.exe,27808,0x12E93FCD700,DXGI,0,0,1,Hardware Composed: Independent Flip,10846.1316,NA,7.18530000000000,7.00670000000000,0.14540000000000,5.40300000000000,19.0407,10839.0869,7.1901,7.0447,0.1454,6.9314,5.5163,4.4692,1.0471,-0.1124,10839.0869,NA
parkey.exe,27808,0x12E93FCD700,DXGI,0,0,1,Hardware Composed: Independent Flip,10852.8625,NA,6.73090000000000,6.90700000000000,0.12050000000000,5.63350000000000,19.2168,10846.2770,6.7060,6.5855,0.1205,6.4977,5.7213,4.5039,1.2174,0.2831,10846.2770,NA
parkey.exe,27808,0x12E93FCD700,DXGI,0,0,1,Hardware Composed: Independent Flip,10860.1530,NA,7.29050000000000,6.95450000000000,0.14130000000000,5.75880000000000,18.8808,10852.9830,7.3113,7.1700,0.1413,7.0467,5.8821,5.8595,0.0226,-0.2485,10852.9830,NA
parkey.exe,27808,0x12E93FCD700,DXGI,0,0,1,Hardware Composed: Independent Flip,10866.8042,NA,6.65120000000000,6.94130000000000,0.10690000000000,5.59970000000000,19.1709,10860.2943,6.6168,6.5099,0.1069,6.4297,5.6799,4.4884,1.1915,0.3700,10860.2943,NA
parkey.exe,27808,0x12E93FCD700,DXGI,0,0,1,Hardware Composed: Independent Flip,10873.6886,NA,6.88440000000000,6.95320000000000,0.11980000000000,6.09170000000000,19.2397,10866.9111,6.8973,6.7775,0.1198,6.6947,6.1745,6.0763,0.0982,-0.3364,10866.9111,NA
parkey.exe,27808,0x12E93FCD700,DXGI,0,0,1,Hardware Composed: Independent Flip,10880.8930,NA,7.20440000000000,6.94390000000000,0.12290000000000,5.40560000000000,18.9792,10873.8084,7.2075,7.0846,0.1229,6.9631,5.5271,4.4898,1.0373,-0.0466,10873.8084,NA
parkey.exe,27808,0x12E93FCD700,DXGI,0,0,1,Hardware Composed: Independent Flip,10887.8340,NA,6.94100000000000,7.02280000000000,0.12120000000000,5.79000000000000,19.0610,10881.0159,6.9393,6.8181,0.1212,6.7198,5.8883,4.8734,1.0149,0.1847,10881.0159,NA
parkey.exe,27808,0x12E93FCD700,DXGI,0,0,1,Hardware Composed: Independent Flip,10894.6581,NA,6.82410000000000,6.91430000000000,0.11950000000000,5.53560000000000,19.1512,10887.9552,6.8224,6.7029,0.1195,6.6049,5.6336,4.4905,1.1431,0.0250,10887.9552,NA
parkey.exe,27808,0x12E93FCD700,DXGI,0,0,1,Hardware Composed: Independent Flip,10901.5416,NA,6.88350000000000,6.93150000000000,0.13600000000000,5.68780000000000,19.1992,10894.7776,6.9000,6.7640,0.1360,6.6757,5.7761,4.8597,0.9164,-0.1091,10894.7776,NA
parkey.exe,27808,0x12E93FCD700,DXGI,0,0,1,Hardware Composed: Independent Flip,10909.8889,NA,8.34730000000000,6.96030000000000,0.18550000000000,6.41730000000000,17.8122,10901.6776,8.3968,8.2113,0.1855,7.9805,6.6481,6.6219,0.0262,-0.0603,10901.6776,NA
parkey.exe,27808,0x12E93FCD700,DXGI,0,0,1,Hardware Composed: Independent Flip,10916.2478,NA,6.35890000000000,6.92170000000000,0.16520000000000,5.91770000000000,18.3750,10910.0744,6.3386,6.1734,0.1652,6.2318,5.8593,5.8330,0.0263,1.4751,10910.0744,NA
parkey.exe,27808,0x12E93FCD700,DXGI,0,0,1,Hardware Composed: Independent Flip,10922.7261,NA,6.47830000000000,6.95250000000000,0.12680000000000,5.77400000000000,18.8492,10916.4130,6.4399,6.3131,0.1268,6.1804,5.9067,5.3590,0.5477,-0.6139,10916.4130,NA
parkey.exe,27808,0x12E93FCD700,DXGI,0,0,1,Hardware Composed: Independent Flip,10929.8166,NA,7.09050000000000,6.96570000000000,0.12740000000000,5.47050000000000,18.7244,10922.8529,7.0911,6.9637,0.1274,6.7842,5.6500,5.6265,0.0235,-0.5258,10922.8529,NA
parkey.exe,27808,0x12E93FCD700,DXGI,0,0,1,Hardware Composed: Independent Flip,10936.3332,NA,6.51660000000000,6.93400000000000,0.11180000000000,5.55690000000000,19.1418,10929.9440,6.5010,6.3892,0.1118,6.2905,5.6556,4.4973,1.1583,0.1571,10929.9440,NA
parkey.exe,27808,0x12E93FCD700,DXGI,0,0,1,Hardware Composed: Independent Flip,10943.6152,NA,7.28200000000000,6.96070000000000,0.12670000000000,5.34970000000000,18.8205,10936.4450,7.2969,7.1702,0.1267,7.0518,5.4681,5.4426,0.0255,-0.4597,10936.4450,NA
parkey.exe,27808,0x12E93FCD700,DXGI,0,0,1,Hardware Composed: Independent Flip,10950.2459,NA,6.63070000000000,6.94110000000000,0.11230000000000,5.55290000000000,19.1309,10943.7419,6.6163,6.5040,0.1123,6.4198,5.6371,4.4895,1.1476,0.3558,10943.7419,NA
parkey.exe,27808,0x12E93FCD700,DXGI,0,0,1,Hardware Composed: Independent Flip,10957.0176,NA,6.77170000000000,6.95260000000000,0.10180000000000,6.33210000000000,19.3118,10950.3582,6.7612,6.6594,0.1018,6.5795,6.4120,6.2269,0.1851,-0.3363,10950.3582,NA
parkey.exe,27808,0x12E93FCD700,DXGI,0,0,1,Hardware Composed: Independent Flip,10964.1596,NA,7.14200000000000,6.93650000000000,0.14010000000000,5.54410000000000,19.1063,10957.1194,7.1803,7.0402,0.1401,6.9474,5.6369,4.5023,1.1346,-0.1753,10957.1194,NA
parkey.exe,27808,0x12E93FCD700,DXGI,0,0,1,Hardware Composed: Independent Flip,10970.9277,NA,6.76810000000000,6.95970000000000,0.10260000000000,6.31720000000000,19.2979,10964.2997,6.7306,6.6280,0.1026,6.5502,6.3950,5.0867,1.3083,0.2206,10964.2997,NA
parkey.exe,27808,0x12E93FCD700,DXGI,0,0,1,Hardware Composed: Independent Flip,10978.0133,NA,7.08560000000000,6.97820000000000,0.12400000000000,5.57950000000000,19.1905,10971.0303,7.1070,6.9830,0.1240,6.8898,5.6727,4.4853,1.1874,-0.2476,10971.0303,NA
parkey.exe,27808,0x12E93FCD700,DXGI,0,0,1,Hardware Composed: Independent Flip,10984.8109,NA,6.79760000000000,6.91890000000000,0.12360000000000,5.72510000000000,19.3118,10978.1373,6.7972,6.6736,0.1236,6.5890,5.8097,4.4658,1.3439,0.1881,10978.1373,NA
parkey.exe,27808,0x12E93FCD700,DXGI,0,0,1,Hardware Composed: Independent Flip,10991.7723,NA,6.96140000000000,6.95470000000000,0.11510000000000,6.58570000000000,19.3051,10984.9345,6.9529,6.8378,0.1151,6.7580,6.6655,6.6380,0.0275,-0.1575,10984.9345,NA
parkey.exe,27808,0x12E93FCD700,DXGI,0,0,1,Hardware Composed: Independent Flip,10998.8911,NA,7.11880000000000,6.94530000000000,0.12670000000000,5.55180000000000,19.1316,10991.8874,7.1304,7.0037,0.1267,6.8953,5.6602,4.4768,1.1834,0.0076,10991.8874,NA
parkey.exe,27808,0x12E93FCD700,DXGI,0,0,1,Hardware Composed: Independent Flip,11005.5929,NA,6.70180000000000,6.95790000000000,0.10280000000000,5.80940000000000,19.3877,10999.0178,6.6779,6.5751,0.1028,6.4948,5.8897,4.8376,1.0521,0.1725,10999.0178,NA
parkey.exe,27808,0x12E93FCD700,DXGI,0,0,1,Hardware Composed: Independent Flip,11012.6685,NA,7.07560000000000,6.98070000000000,0.11420000000000,5.67580000000000,19.2928,11005.6957,7.0870,6.9728,0.1142,6.8753,5.7733,4.4776,1.2957,-0.3028,11005.6957,NA
parkey.exe,27808,0x12E93FCD700,DXGI,0,0,1,Hardware Composed: Independent Flip,11019.8024,NA,7.13390000000000,6.91330000000000,0.11660000000000,5.49480000000000,19.0722,11012.7827,7.1363,7.0197,0.1166,6.9204,5.5941,4.4938,1.1003,0.1737,11012.7827,NA
parkey.exe,27808,0x12E93FCD700,DXGI,0,0,1,Hardware Composed: Independent Flip,11026.4602,NA,6.65780000000000,6.96000000000000,0.14410000000000,5.87360000000000,19.3744,11019.9190,6.6853,6.5412,0.1441,6.4493,5.9655,5.8995,0.0660,0.1763,11019.9190,NA
parkey.exe,27808,0x12E93FCD700,DXGI,0,0,1,Hardware Composed: Independent Flip,11033.4283,NA,6.96810000000000,6.93800000000000,0.10840000000000,5.77200000000000,19.3443,11026.6043,6.9324,6.8240,0.1084,6.7390,5.8570,4.4982,1.3588,-0.2527,11026.6043,NA
parkey.exe,27808,0x12E93FCD700,DXGI,0,0,1,Hardware Composed: Independent Flip,11040.2891,NA,6.86080000000000,6.96700000000000,0.11190000000000,6.27270000000000,19.4505,11033.5367,6.8643,6.7524,0.1119,6.6626,6.3625,6.0536,0.3089,-0.0346,11033.5367,NA
parkey.exe,27808,0x12E93FCD700,DXGI,0,0,1,Hardware Composed: Independent Flip,11047.5967,NA,7.30760000000000,6.93930000000000,0.13600000000000,5.50440000000000,19.0822,11040.4010,7.3317,7.1957,0.1360,7.0869,5.6132,4.4852,1.1280,-0.0750,11040.4010,NA
parkey.exe,27808,0x12E93FCD700,DXGI,0,0,1,Hardware Composed: Independent Flip,11054.2266,NA,6.62990000000000,6.95250000000000,0.11840000000000,6.31260000000000,19.4048,11047.7327,6.6123,6.4939,0.1184,6.3885,6.4180,4.9631,1.4549,0.3792,11047.7327,NA
parkey.exe,27808,0x12E93FCD700,DXGI,0,0,1,Hardware Composed: Independent Flip,11061.7666,NA,7.54000000000000,7.00230000000000,0.13000000000000,5.21890000000000,18.8671,11054.3450,7.5516,7.4216,0.1300,7.3073,5.3332,4.4898,0.8434,-0.3900,11054.3450,NA
parkey.exe,27808,0x12E93FCD700,DXGI,0,0,1,Hardware Composed: Independent Flip,11068.1422,NA,6.37560000000000,6.91220000000000,0.12000000000000,5.82250000000000,19.4037,11061.8966,6.3656,6.2456,0.1200,6.1657,5.9024,4.4759,1.4265,0.6394,11061.8966,NA
parkey.exe,27808,0x12E93FCD700,DXGI,0,0,1,Hardware Composed: Independent Flip,11075.3464,NA,7.20420000000000,6.97770000000000,0.22110000000000,6.36930000000000,19.1772,11068.2622,7.3053,7.0842,0.2211,6.8361,6.6174,6.5939,0.0235,-0.6121,11068.2622,NA
parkey.exe,27808,0x12E93FCD700,DXGI,0,0,1,Hardware Composed: Independent Flip,11082.7463,NA,7.39990000000000,6.92110000000000,0.16780000000000,5.13090000000000,18.6984,11075.5675,7.3466,7.1788,0.1678,7.0340,5.2757,4.4988,0.7769,0.3842,11075.5675,NA
parkey.exe,27808,0x12E93FCD700,DXGI,0,0,1,Hardware Composed: Independent Flip,11089.3071,NA,6.56080000000000,6.93370000000000,0.15860000000000,5.57700000000000,19.0713,11082.9141,6.5516,6.3930,0.1586,6.2852,5.6848,4.8659,0.8189,0.4129,11082.9141,NA
parkey.exe,27808,0x12E93FCD700,DXGI,0,0,1,Hardware Composed: Independent Flip,11096.6805,NA,7.37340000000000,6.97980000000000,0.17170000000000,5.09090000000000,18.6777,11089.4657,7.3865,7.2148,0.1717,7.0589,5.2468,4.5178,0.7290,-0.4282,11089.4657,NA
parkey.exe,27808,0x12E93FCD700,DXGI,0,0,1,Hardware Composed: Independent Flip,11103.2177,NA,6.53720000000000,6.97040000000000,0.13400000000000,5.47950000000000,19.1109,11096.8522,6.4995,6.3655,0.1340,6.2667,5.5783,4.4871,1.0912,0.4161,11096.8522,NA
parkey.exe,27808,0x12E93FCD700,DXGI,0,0,1,Hardware Composed: Independent Flip,11110.4028,NA,7.18510000000000,6.95540000000000,0.16060000000000,5.28200000000000,18.8812,11103.3517,7.2117,7.0511,0.1606,6.9043,5.4288,4.5100,0.9188,-0.4559,11103.3517,NA
parkey.exe,27808,0x12E93FCD700,DXGI,0,0,1,Hardware Composed: Independent Flip,11117.1308,NA,6.72800000000000,6.93270000000000,0.15220000000000,5.51970000000000,19.0859,11110.5634,6.7196,6.5674,0.1522,6.4584,5.6287,4.4923,1.1364,0.2790,11110.5634,NA
parkey.exe,27808,0x12E93FCD700,DXGI,0,0,1,Hardware Composed: Independent Flip,11124.3096,NA,7.17880000000000,6.95730000000000,0.17250000000000,6.08170000000000,18.8644,11117.2830,7.1991,7.0266,0.1725,6.8953,6.2130,6.1872,0.0258,-0.2377,11117.2830,NA
parkey.exe,27808,0x12E93FCD700,DXGI,0,0,1,Hardware Composed: Independent Flip,11131.4846,NA,7.17500000000000,6.94070000000000,0.20040000000000,5.06000000000000,18.6301,11124.4821,7.2029,7.0025,0.2004,6.8285,5.2340,4.4931,0.7409,0.2584,11124.4821,NA
parkey.exe,27808,0x12E93FCD700,DXGI,0,0,1,Hardware Composed: Independent Flip,11138.5419,NA,7.05730000000000,6.92760000000000,0.22130000000000,4.98180000000000,18.5004,11131.6850,7.0782,6.8569,0.2213,6.6813,5.1574,4.5041,0.6533,0.2753,11131.6850,NA
parkey.exe,27808,0x12E93FCD700,DXGI,0,0,1,Hardware Composed: Independent Flip,11145.4115,NA,6.86960000000000,6.95570000000000,0.18040000000000,5.02820000000000,18.5865,11138.7632,6.8287,6.6483,0.1804,6.4937,5.1828,4.5013,0.6815,0.1225,11138.7632,NA
parkey.exe,27808,0x12E93FCD700,DXGI,0,0,1,Hardware Composed: Independent Flip,11152.0538,NA,6.64230000000000,6.95440000000000,0.20060000000000,5.29840000000000,18.8986,11145.5919,6.6625,6.4619,0.2006,6.3110,5.4493,4.4895,0.9598,-0.1257,11145.5919,NA
parkey.exe,27808,0x12E93FCD700,DXGI,0,0,1,Hardware Composed: Independent Flip,11158.9222,NA,6.86840000000000,6.96730000000000,0.22190000000000,6.46530000000000,18.9975,11152.2544,6.8897,6.6678,0.2219,6.5050,6.6281,6.6042,0.0239,-0.3048,11152.2544,NA
parkey.exe,27808,0x12E93FCD700,DXGI,0,0,1,Hardware Composed: Independent Flip,11165.9993,NA,7.07710000000000,6.93440000000000,0.16500000000000,5.26270000000000,18.8548,11159.1441,7.0202,6.8552,0.1650,6.7163,5.4016,4.4529,0.9487,-0.0447,11159.1441,NA
parkey.exe,27808,0x12E93FCD700,DXGI,0,0,1,Hardware Composed: Independent Flip,11172.7349,NA,6.73560000000000,6.94030000000000,0.15830000000000,5.88380000000000,19.0595,11166.1643,6.7289,6.5706,0.1583,6.4409,6.0135,5.2095,0.8040,0.0799,11166.1643,NA
parkey.exe,27808,0x12E93FCD700,DXGI,0,0,1,Hardware Composed: Independent Flip,11179.8972,NA,7.16230000000000,6.96730000000000,0.16660000000000,5.27100000000000,18.8645,11172.8932,7.1706,7.0040,0.1666,6.8618,5.4132,4.4746,0.9386,-0.2384,11172.8932,NA
parkey.exe,27808,0x12E93FCD700,DXGI,0,0,1,Hardware Composed: Independent Flip,11186.5693,NA,6.67210000000000,6.94180000000000,0.15170000000000,5.53600000000000,19.1342,11180.0638,6.6572,6.5055,0.1517,6.3902,5.6513,4.4886,1.1627,0.2288,11180.0638,NA
parkey.exe,27808,0x12E93FCD700,DXGI,0,0,1,Hardware Composed: Independent Flip,11193.6565,NA,7.08720000000000,6.96860000000000,0.17260000000000,6.00610000000000,19.0156,11186.7210,7.1081,6.9355,0.1726,6.8034,6.1382,6.1163,0.0219,-0.3114,11186.7210,NA
parkey.exe,27808,0x12E93FCD700,DXGI,0,0,1,Hardware Composed: Independent Flip,11200.5366,NA,6.88010000000000,6.95200000000000,0.16350000000000,5.49850000000000,19.0875,11193.8291,6.8710,6.7075,0.1635,6.5859,5.6201,4.4941,1.1260,0.1561,11193.8291,NA
parkey.exe,27808,0x12E93FCD700,DXGI,0,0,1,Hardware Composed: Independent Flip,11207.3493,NA,6.81270000000000,6.96090000000000,0.15370000000000,5.65800000000000,19.2357,11200.7001,6.8029,6.6492,0.1537,6.5294,5.7778,5.6519,0.1259,-0.0899,11200.7001,NA
parkey.exe,27808,0x12E93FCD700,DXGI,0,0,1,Hardware Composed: Independent Flip,11214.4492,NA,7.09990000000000,6.90950000000000,0.19220000000000,5.50430000000000,19.0453,11207.5030,7.1384,6.9462,0.1922,6.8085,5.6420,4.4889,1.1531,-0.1066,11207.5030,NA
parkey.exe,27808,0x12E93FCD700,DXGI,0,0,1,Hardware Composed: Independent Flip,11221.4944,NA,7.04520000000000,6.95670000000000,0.17820000000000,5.46580000000000,18.9568,11214.6414,7.0312,6.8530,0.1782,6.7080,5.6108,4.5113,1.0995,0.1817,11214.6414,NA
parkey.exe,27808,0x12E93FCD700,DXGI,0,0,1,Hardware Composed: Independent Flip,11228.5613,NA,7.06690000000000,7.00490000000000,0.16310000000000,5.24340000000000,18.8948,11221.6726,7.0518,6.8887,0.1631,6.7431,5.3890,4.4741,0.9149,0.0263,11221.6726,NA
parkey.exe,27808,0x12E93FCD700,DXGI,0,0,1,Hardware Composed: Independent Flip,11235.6956,NA,7.13430000000000,6.92460000000000,0.16990000000000,5.08770000000000,18.6851,11228.7244,7.1411,6.9712,0.1699,6.8298,5.2291,4.4865,0.7426,0.1272,11228.7244,NA
parkey.exe,27808,0x12E93FCD700,DXGI,0,0,1,Hardware Composed: Independent Flip,11242.1483,NA,6.45270000000000,6.92300000000000,0.17660000000000,6.47420000000000,19.1554,11235.8655,6.4594,6.2828,0.1766,6.1613,6.5957,6.5727,0.0230,0.2181,11235.8655,NA
parkey.exe,27808,0x12E93FCD700,DXGI,0,0,1,Hardware Composed: Independent Flip,11249.6452,NA,7.49690000000000,6.93310000000000,0.24480000000000,5.06340000000000,18.5916,11242.3249,7.5651,7.3203,0.2448,7.1548,5.2289,5.0351,0.1938,-0.4737,11242.3249,NA
parkey.exe,27808,0x12E93FCD700,DXGI,0,0,1,Hardware Composed: Independent Flip,11256.1879,NA,6.54270000000000,6.94560000000000,0.19330000000000,5.86600000000000,18.9945,11249.8900,6.4912,6.2979,0.1933,6.1488,6.0151,5.3962,0.6189,0.6195,11249.8900,NA
parkey.exe,27808,0x12E93FCD700,DXGI,0,0,1,Hardware Composed: Independent Flip,11263.3371,NA,7.14920000000000,7.00880000000000,0.18440000000000,5.23270000000000,18.8541,11256.3812,7.1403,6.9559,0.1844,6.8031,5.3855,4.5004,0.8851,-0.5176,11256.3812,NA
parkey.exe,27808,0x12E93FCD700,DXGI,0,0,1,Hardware Composed: Independent Flip,11269.9415,NA,6.60440000000000,6.91800000000000,0.15040000000000,5.56590000000000,19.1677,11263.5215,6.5704,6.4200,0.1504,6.3033,5.6826,4.4866,1.1960,0.2223,11263.5215,NA
parkey.exe,27808,0x12E93FCD700,DXGI,0,0,1,Hardware Composed: Independent Flip,11277.2138,NA,7.27230000000000,6.95370000000000,0.21730000000000,5.99980000000000,18.8491,11270.0919,7.3392,7.1219,0.2173,6.9625,6.1592,6.1343,0.0249,-0.3833,11270.0919,NA
parkey.exe,27808,0x12E93FCD700,DXGI,0,0,1,Hardware Composed: Independent Flip,11283.9242,NA,6.71040000000000,6.94340000000000,0.17600000000000,5.51090000000000,19.0821,11277.4311,6.6691,6.4931,0.1760,6.3750,5.6290,4.5068,1.1222,0.3958,11277.4311,NA
parkey.exe,27808,0x12E93FCD700,DXGI,0,0,1,Hardware Composed: Independent Flip,11290.6421,NA,6.71790000000000,6.95280000000000,0.13220000000000,6.20780000000000,19.3170,11284.1002,6.6741,6.5419,0.1322,6.4390,6.3107,5.6841,0.6266,-0.2837,11284.1002,NA
parkey.exe,27808,0x12E93FCD700,DXGI,0,0,1,Hardware Composed: Independent Flip,11298.0197,NA,7.37760000000000,6.94700000000000,0.18340000000000,5.29290000000000,18.8864,11290.7743,7.4288,7.2454,0.1834,7.0936,5.4447,4.4735,0.9712,-0.2729,11290.7743,NA
parkey.exe,27808,0x12E93FCD700,DXGI,0,0,1,Hardware Composed: Independent Flip,11304.5994,NA,6.57970000000000,6.93790000000000,0.15370000000000,6.13110000000000,19.2446,11298.2031,6.5500,6.3963,0.1537,6.2853,6.2421,4.9255,1.3166,0.4909,11298.2031,NA
parkey.exe,27808,0x12E93FCD700,DXGI,0,0,1,Hardware Composed: Independent Flip,11311.8100,NA,7.21060000000000,6.98440000000000,0.32430000000000,5.41560000000000,19.0184,11304.7531,7.3812,7.0569,0.3243,6.9101,5.5624,4.4893,1.0731,-0.4344,11304.7531,NA
parkey.exe,27808,0x12E93FCD700,DXGI,0,0,1,Hardware Composed: Independent Flip,11318.5521,NA,6.74210000000000,6.92150000000000,0.14900000000000,5.61830000000000,19.1978,11312.1343,6.5668,6.4178,0.1490,6.2948,5.7413,4.5185,1.2228,0.4597,11312.1343,NA
parkey.exe,27808,0x12E93FCD700,DXGI,0,0,1,Hardware Composed: Independent Flip,11325.3071,NA,6.75500000000000,6.96210000000000,0.14150000000000,6.73160000000000,19.4049,11318.7011,6.7475,6.6060,0.1415,6.5046,6.8330,6.8097,0.0233,-0.3953,11318.7011,NA
parkey.exe,27808,0x12E93FCD700,DXGI,0,0,1,Hardware Composed: Independent Flip,11332.7452,NA,7.43810000000000,6.94430000000000,0.16640000000000,5.33560000000000,18.9111,11325.4486,7.4630,7.2966,0.1664,7.1209,5.5113,4.4824,1.0289,-0.1968,11325.4486,NA
parkey.exe,27808,0x12E93FCD700,DXGI,0,0,1,Hardware Composed: Independent Flip,11339.1733,NA,6.42810000000000,6.94410000000000,0.14650000000000,6.22930000000000,19.4271,11332.9116,6.4082,6.2617,0.1465,6.1527,6.3383,5.2316,1.1067,0.5189,11332.9116,NA
parkey.exe,27808,0x12E93FCD700,DXGI,0,0,1,Hardware Composed: Independent Flip,11346.6310,NA,7.45770000000000,6.95830000000000,0.17360000000000,5.34710000000000,18.9277,11339.3198,7.4848,7.3112,0.1736,7.1559,5.5024,4.4934,1.0090,-0.5501,11339.3198,NA
parkey.exe,27808,0x12E93FCD700,DXGI,0,0,1,Hardware Composed: Independent Flip,11353.2369,NA,6.60590000000000,6.95610000000000,0.14340000000000,5.68240000000000,19.2779,11346.8046,6.5757,6.4323,0.1434,6.3112,5.8035,4.4873,1.3162,0.5287,11346.8046,NA
parkey.exe,27808,0x12E93FCD700,DXGI,0,0,1,Hardware Composed: Independent Flip,11360.5072,NA,7.27030000000000,6.95180000000000,0.17770000000000,6.00770000000000,18.9594,11353.3803,7.3046,7.1269,0.1777,6.9765,6.1581,6.1355,0.0226,-0.3761,11353.3803,NA
parkey.exe,27808,0x12E93FCD700,DXGI,0,0,1,Hardware Composed: Independent Flip,11367.3116,NA,6.80440000000000,6.92580000000000,0.15140000000000,5.53510000000000,19.0808,11360.6849,6.7781,6.6267,0.1514,6.4873,5.6745,4.5005,1.1740,0.3788,11360.6849,NA
parkey.exe,27808,0x12E93FCD700,DXGI,0,0,1,Hardware Composed: Independent Flip,11374.1068,NA,6.79520000000000,6.97370000000000,0.14590000000000,6.11060000000000,19.2593,11367.4630,6.7897,6.6438,0.1459,6.5288,6.2256,5.7138,0.5118,-0.1956,11367.4630,NA
parkey.exe,27808,0x12E93FCD700,DXGI,0,0,1,Hardware Composed: Independent Flip,11381.3723,NA,7.26550000000000,6.93980000000000,0.16470000000000,5.34170000000000,18.9336,11374.2527,7.2843,7.1196,0.1647,6.9709,5.4904,4.4949,0.9955,-0.1501,11374.2527,NA
parkey.exe,27808,0x12E93FCD700,DXGI,0,0,1,Hardware Composed: Independent Flip,11388.1106,NA,6.73830000000000,6.94710000000000,0.14650000000000,6.00460000000000,19.1424,11381.5370,6.7201,6.5736,0.1465,6.4639,6.1143,4.9028,1.2115,0.3372,11381.5370,NA
parkey.exe,27808,0x12E93FCD700,DXGI,0,0,1,Hardware Composed: Independent Flip,11395.1128,NA,7.00220000000000,6.96140000000000,0.18230000000000,5.52140000000000,19.1016,11388.2571,7.0380,6.8557,0.1823,6.6891,5.6880,5.0158,0.6722,-0.2413,11388.2571,NA
parkey.exe,27808,0x12E93FCD700,DXGI,0,0,1,Hardware Composed: Independent Flip,11402.1968,NA,7.08400000000000,6.93550000000000,0.17150000000000,5.38320000000000,18.9531,11395.2951,7.0732,6.9017,0.1715,6.7808,5.5041,4.5079,0.9962,0.1025,11395.2951,NA
parkey.exe,27808,0x12E93FCD700,DXGI,0,0,1,Hardware Composed: Independent Flip,11408.7041,NA,6.50730000000000,6.95530000000000,0.16350000000000,5.86660000000000,19.4011,11402.3683,6.4993,6.3358,0.1635,6.2238,5.9786,5.7250,0.2536,0.1179,11402.3683,NA
parkey.exe,27808,0x12E93FCD700,DXGI,0,0,1,Hardware Composed: Independent Flip,11416.0252,NA,7.32110000000000,6.98350000000000,0.17580000000000,5.43080000000000,19.0635,11408.8676,7.3334,7.1576,0.1758,7.0094,5.5790,4.4903,1.0887,-0.4842,11408.8676,NA
parkey.exe,27808,0x12E93FCD700,DXGI,0,0,1,Hardware Composed: Independent Flip,11422.6678,NA,6.64260000000000,6.92170000000000,0.14680000000000,5.77760000000000,19.3426,11416.2010,6.6136,6.4668,0.1468,6.3456,5.8988,4.8952,1.0036,0.4117,11416.2010,NA
parkey.exe,27808,0x12E93FCD700,DXGI,0,0,1,Hardware Composed: Independent Flip,11429.9294,NA,7.26160000000000,6.96310000000000,0.17610000000000,5.49380000000000,19.0441,11422.8146,7.2909,7.1148,0.1761,6.9619,5.6467,4.4911,1.1556,-0.3495,11422.8146,NA
parkey.exe,27808,0x12E93FCD700,DXGI,0,0,1,Hardware Composed: Independent Flip,11436.6054,NA,6.67600000000000,6.92670000000000,0.14680000000000,5.72760000000000,19.2948,11430.1055,6.6467,6.4999,0.1468,6.3811,5.8464,4.5030,1.3434,0.3642,11430.1055,NA
parkey.exe,27808,0x12E93FCD700,DXGI,0,0,1,Hardware Composed: Independent Flip,11444.1467,NA,7.54130000000000,6.96170000000000,0.17500000000000,6.03450000000000,18.7152,11436.7522,7.5695,7.3945,0.1750,7.2456,6.1834,6.1139,0.0695,-0.3150,11436.7522,NA
parkey.exe,27808,0x12E93FCD700,DXGI,0,0,1,Hardware Composed: Independent Flip,11450.7045,NA,6.55780000000000,6.94960000000000,0.16310000000000,5.52070000000000,19.1070,11444.3217,6.5459,6.3828,0.1631,6.2597,5.6438,4.5189,1.1249,0.6199,11444.3217,NA
parkey.exe,27808,0x12E93FCD700,DXGI,0,0,1,Hardware Composed: Independent Flip,11457.4366,NA,6.73210000000000,6.95130000000000,0.15840000000000,6.12540000000000,19.3262,11450.8676,6.7274,6.5690,0.1584,6.4521,6.2423,5.6763,0.5660,-0.4054,11450.8676,NA
parkey.exe,27808,0x12E93FCD700,DXGI,0,0,1,Hardware Composed: Independent Flip,11464.6018,NA,7.16520000000000,6.97390000000000,0.20490000000000,5.54380000000000,19.1349,11457.5950,7.2117,7.0068,0.2049,6.8432,5.7074,4.4993,1.2081,-0.2465,11457.5950,NA
parkey.exe,27808,0x12E93FCD700,DXGI,0,0,1,Hardware Composed: Independent Flip,11471.3889,NA,6.78710000000000,6.91140000000000,0.15640000000000,6.13460000000000,19.2592,11464.8067,6.7386,6.5822,0.1564,6.4366,6.2802,4.9109,1.3693,0.3003,11464.8067,NA
parkey.exe,27808,0x12E93FCD700,DXGI,0,0,1,Hardware Composed: Independent Flip,11478.5661,NA,7.17720000000000,6.98190000000000,0.17290000000000,5.50370000000000,19.0639,11471.5453,7.1937,7.0208,0.1729,6.8273,5.6972,4.5143,1.1829,-0.2433,11471.5453,NA
parkey.exe,27808,0x12E93FCD700,DXGI,0,0,1,Hardware Composed: Independent Flip,11485.4436,NA,6.87750000000000,6.93800000000000,0.18080000000000,5.52550000000000,19.1244,11478.7390,6.8854,6.7046,0.1808,6.5612,5.6689,4.4667,1.2022,0.2557,11478.7390,NA
parkey.exe,27808,0x12E93FCD700,DXGI,0,0,1,Hardware Composed: Independent Flip,11492.0600,NA,6.61640000000000,6.96930000000000,0.14410000000000,6.31050000000000,19.4773,11485.6244,6.5797,6.4356,0.1441,6.3297,6.4164,6.0701,0.3463,-0.0839,11485.6244,NA
parkey.exe,27808,0x12E93FCD700,DXGI,0,0,1,Hardware Composed: Independent Flip,11499.4475,NA,7.38750000000000,6.92710000000000,0.19130000000000,5.45040000000000,19.0169,11492.2041,7.4347,7.2434,0.1913,7.0841,5.6097,4.4856,1.1241,-0.3474,11492.2041,NA
parkey.exe,27808,0x12E93FCD700,DXGI,0,0,1,Hardware Composed: Independent Flip,11506.2920,NA,6.84450000000000,6.95650000000000,0.17640000000000,5.57890000000000,19.1289,11499.6388,6.8296,6.6532,0.1764,6.5044,5.7277,4.8741,0.8536,0.4782,11499.6388,NA
parkey.exe,27808,0x12E93FCD700,DXGI,0,0,1,Hardware Composed: Independent Flip,11513.2784,NA,6.98640000000000,6.99110000000000,0.22200000000000,5.51150000000000,19.1336,11506.4684,7.0320,6.8100,0.2220,6.6597,5.6618,4.4965,1.1653,-0.1615,11506.4684,NA
parkey.exe,27808,0x12E93FCD700,DXGI,0,0,1,Hardware Composed: Independent Flip,11520.2150,NA,6.93660000000000,6.92450000000000,0.15060000000000,5.51820000000000,19.1215,11513.5004,6.8652,6.7146,0.1506,6.6029,5.6299,4.4896,1.1403,0.1075,11513.5004,NA
parkey.exe,27808,0x12E93FCD700,DXGI,0,0,1,Hardware Composed: Independent Flip,11527.3615,NA,7.14650000000000,7.02230000000000,0.24890000000000,5.98240000000000,18.9973,11520.3656,7.2448,6.9959,0.2489,6.8145,6.1638,6.1388,0.0250,-0.1571,11520.3656,NA
parkey.exe,27808,0x12E93FCD700,DXGI,0,0,1,Hardware Composed: Independent Flip,11534.2990,NA,6.93750000000000,6.85440000000000,0.22480000000000,5.35760000000000,18.9142,11527.6104,6.9134,6.6886,0.2248,6.5118,5.5344,4.4879,1.0465,0.3904,11527.6104,NA
parkey.exe,27808,0x12E93FCD700,DXGI,0,0,1,Hardware Composed: Independent Flip,11541.1814,NA,6.88240000000000,6.95720000000000,0.22830000000000,6.14430000000000,18.9890,11534.5238,6.8859,6.6576,0.2283,6.4905,6.3114,6.2693,0.0421,-0.0438,11534.5238,NA
parkey.exe,27808,0x12E93FCD700,DXGI,0,0,1,Hardware Composed: Independent Flip,11548.2746,NA,7.09320000000000,6.93990000000000,0.18730000000000,5.33640000000000,18.8357,11541.4097,7.0522,6.8649,0.1873,6.7049,5.4964,4.6603,0.8361,-0.0540,11541.4097,NA
parkey.exe,27808,0x12E93FCD700,DXGI,0,0,1,Hardware Composed: Independent Flip,11554.6108,NA,6.33620000000000,6.92740000000000,0.16860000000000,6.30500000000000,19.4269,11548.4619,6.3175,6.1489,0.1686,6.0320,6.4219,5.0224,1.3995,0.1248,11548.4619,NA
parkey.exe,27808,0x12E93FCD700,DXGI,0,0,1,Hardware Composed: Independent Flip,11562.2017,NA,7.59090000000000,7.00270000000000,0.18070000000000,5.32810000000000,18.8387,11554.7794,7.6030,7.4223,0.1807,7.2635,5.4869,4.5804,0.9065,-0.6852,11554.7794,NA
parkey.exe,27808,0x12E93FCD700,DXGI,0,0,1,Hardware Composed: Independent Flip,11568.4915,NA,6.28980000000000,6.90730000000000,0.14310000000000,5.96380000000000,19.4562,11562.3824,6.2522,6.1091,0.1431,5.9948,6.0781,4.7029,1.3752,0.6957,11562.3824,NA
parkey.exe,27808,0x12E93FCD700,DXGI,0,0,1,Hardware Composed: Independent Flip,11575.2769,NA,6.78540000000000,6.98210000000000,0.12480000000000,6.46500000000000,19.6529,11568.6346,6.7671,6.6423,0.1248,6.5434,6.5639,6.2506,0.3133,-0.7299,11568.6346,NA
parkey.exe,27808,0x12E93FCD700,DXGI,0,0,1,Hardware Composed: Independent Flip,11582.7210,NA,7.44410000000000,6.90590000000000,0.17850000000000,5.66710000000000,19.1147,11575.4017,7.4978,7.3193,0.1785,7.1686,5.8178,4.7122,1.1056,-0.1388,11575.4017,NA
parkey.exe,27808,0x12E93FCD700,DXGI,0,0,1,Hardware Composed: Independent Flip,11589.2968,NA,6.57580000000000,6.94560000000000,0.17080000000000,6.38570000000000,19.4845,11582.8995,6.5681,6.3973,0.1708,6.2809,6.5021,5.3875,1.1146,0.5522,11582.8995,NA
parkey.exe,27808,0x12E93FCD700,DXGI,0,0,1,Hardware Composed: Independent Flip,11596.5416,NA,7.24480000000000,6.95520000000000,0.16300000000000,5.69620000000000,19.1949,11589.4676,7.2370,7.0740,0.1630,6.9325,5.8377,4.6709,1.1668,-0.3871,11589.4676,NA
parkey.exe,27808,0x12E93FCD700,DXGI,0,0,1,Hardware Composed: Independent Flip,11603.0282,NA,6.48660000000000,6.94820000000000,0.12400000000000,6.16670000000000,19.6565,11596.7046,6.4476,6.3236,0.1240,6.2256,6.2647,4.6836,1.5811,0.2888,11596.7046,NA
parkey.exe,27808,0x12E93FCD700,DXGI,0,0,1,Hardware Composed: Independent Flip,11610.0923,NA,7.06410000000000,6.96300000000000,0.13450000000000,6.04950000000000,19.5554,11603.1522,7.0746,6.9401,0.1345,6.8018,6.1878,5.4826,0.7052,-0.5154,11603.1522,NA
parkey.exe,27808,0x12E93FCD700,DXGI,0,0,1,Hardware Composed: Independent Flip,11616.9259,NA,6.83360000000000,6.93800000000000,0.10840000000000,6.17510000000000,19.6598,11610.2268,6.8075,6.6991,0.1084,6.6007,6.2735,4.7160,1.5575,0.1366,11610.2268,NA
parkey.exe,27808,0x12E93FCD700,DXGI,0,0,1,Hardware Composed: Independent Flip,11623.6977,NA,6.77180000000000,7.00690000000000,0.11870000000000,6.23290000000000,19.8949,11617.0343,6.7821,6.6634,0.1187,6.5277,6.3686,5.3826,0.9860,-0.1994,11617.0343,NA
parkey.exe,27808,0x12E93FCD700,DXGI,0,0,1,Hardware Composed: Independent Flip,11630.7610,NA,7.06330000000000,6.90150000000000,0.13100000000000,6.24460000000000,19.7331,11623.8164,7.0756,6.9446,0.1310,6.8263,6.3629,4.6800,1.6829,-0.1194,11623.8164,NA
parkey.exe,27808,0x12E93FCD700,DXGI,0,0,1,Hardware Composed: Independent Flip,11637.6654,NA,6.90440000000000,6.93240000000000,0.12060000000000,6.25360000000000,19.7611,11630.8920,6.8940,6.7734,0.1206,6.6868,6.3402,4.5922,1.7480,0.1432,11630.8920,NA
parkey.exe,27808,0x12E93FCD700,DXGI,0,0,1,Hardware Composed: Independent Flip,11644.9722,NA,7.30680000000000,6.98190000000000,0.16800000000000,5.95650000000000,19.4362,11637.7860,7.3542,7.1862,0.1680,7.0264,6.1163,4.6171,1.4992,-0.0879,11637.7860,NA
parkey.exe,27808,0x12E93FCD700,DXGI,0,0,1,Hardware Composed: Independent Flip,11651.5206,NA,6.54840000000000,6.91460000000000,0.16040000000000,6.33510000000000,19.8024,11645.1402,6.5408,6.3804,0.1604,6.2847,6.4308,4.7228,1.7080,0.4396,11645.1402,NA
parkey.exe,27808,0x12E93FCD700,DXGI,0,0,1,Hardware Composed: Independent Flip,11658.3430,NA,6.82240000000000,6.97090000000000,0.11920000000000,6.34830000000000,19.9509,11651.6810,6.7812,6.6620,0.1192,6.5740,6.4363,5.7970,0.6393,-0.4301,11651.6810,NA
parkey.exe,27808,0x12E93FCD700,DXGI,0,0,1,Hardware Composed: Independent Flip,11665.5318,NA,7.18880000000000,6.93440000000000,0.13290000000000,6.22740000000000,19.6965,11658.4622,7.2025,7.0696,0.1329,6.9628,6.3342,4.7065,1.6277,-0.1532,11658.4622,NA
parkey.exe,27808,0x12E93FCD700,DXGI,0,0,1,Hardware Composed: Independent Flip,11672.3034,NA,6.77160000000000,6.96070000000000,0.12790000000000,6.42770000000000,19.8856,11665.6647,6.7666,6.6387,0.1279,6.5136,6.5528,4.7308,1.8220,0.2418,11665.6647,NA
parkey.exe,27808,0x12E93FCD700,DXGI,0,0,1,Hardware Composed: Independent Flip,11679.3912,NA,7.08780000000000,6.96000000000000,0.14620000000000,6.25430000000000,19.7578,11672.4313,7.1061,6.9599,0.1462,6.8515,6.3627,4.6952,1.6675,-0.1934,11672.4313,NA
parkey.exe,27808,0x12E93FCD700,DXGI,0,0,1,Hardware Composed: Independent Flip,11686.2818,NA,6.89060000000000,6.94400000000000,0.11080000000000,6.32980000000000,19.8112,11679.5374,6.8552,6.7444,0.1108,6.6358,6.4384,4.6667,1.7717,0.1621,11679.5374,NA
parkey.exe,27808,0x12E93FCD700,DXGI,0,0,1,Hardware Composed: Independent Flip,11693.2098,NA,6.92800000000000,6.93770000000000,0.13450000000000,6.77690000000000,19.8209,11686.3926,6.9517,6.8172,0.1345,6.6687,6.9254,6.8932,0.0322,-0.0825,11686.3926,NA
parkey.exe,27808,0x12E93FCD700,DXGI,0,0,1,Hardware Composed: Independent Flip,11700.2086,NA,6.99880000000000,6.95950000000000,0.12360000000000,6.30240000000000,19.7816,11693.3443,6.9879,6.8643,0.1236,6.7733,6.3934,4.6111,1.7823,-0.0078,11693.3443,NA
parkey.exe,27808,0x12E93FCD700,DXGI,0,0,1,Hardware Composed: Independent Flip,11706.9657,NA,6.75710000000000,6.95420000000000,0.12520000000000,6.48250000000000,19.9787,11700.3322,6.7587,6.6335,0.1252,6.5437,6.5723,5.4944,1.0779,0.0337,11700.3322,NA
parkey.exe,27808,0x12E93FCD700,DXGI,0,0,1,Hardware Composed: Independent Flip,11714.0140,NA,7.04830000000000,6.95130000000000,0.13190000000000,6.39640000000000,19.8817,11707.0909,7.0550,6.9231,0.1319,6.8004,6.5191,4.6730,1.8461,-0.1926,11707.0909,NA
parkey.exe,27808,0x12E93FCD700,DXGI,0,0,1,Hardware Composed: Independent Flip,11721.0026,NA,6.98860000000000,6.94080000000000,0.12160000000000,6.86050000000000,19.8339,11714.1459,6.9783,6.8567,0.1216,6.7671,6.9501,5.1672,1.7829,0.1142,11714.1459,NA
parkey.exe,27808,0x12E93FCD700,DXGI,0,0,1,Hardware Composed: Independent Flip,11727.9864,NA,6.98380000000000,6.99100000000000,0.11490000000000,6.32900000000000,19.8411,11721.1242,6.9771,6.8622,0.1149,6.7651,6.4261,5.2107,1.2154,-0.0127,11721.1242,NA
parkey.exe,27808,0x12E93FCD700,DXGI,0,0,1,Hardware Composed: Independent Flip,11734.9106,NA,6.92420000000000,6.91740000000000,0.10770000000000,6.34430000000000,19.8343,11728.1013,6.9170,6.8093,0.1077,6.7193,6.4343,4.6958,1.7385,0.0597,11728.1013,NA
parkey.exe,27808,0x12E93FCD700,DXGI,0,0,1,Hardware Composed: Independent Flip,11741.6398,NA,6.72920000000000,6.94200000000000,0.11250000000000,6.52030000000000,20.0471,11735.0183,6.7340,6.6215,0.1125,6.5365,6.6053,5.8020,0.8033,-0.0250,11735.0183,NA
parkey.exe,27808,0x12E93FCD700,DXGI,0,0,1,Hardware Composed: Independent Flip,11748.8472,NA,7.20740000000000,6.95500000000000,0.12680000000000,6.31650000000000,19.7947,11741.7523,7.2217,7.0949,0.1268,6.9887,6.4227,4.6914,1.7313,-0.2210,11741.7523,NA
parkey.exe,27808,0x12E93FCD700,DXGI,0,0,1,Hardware Composed: Independent Flip,11755.6524,NA,6.80520000000000,6.94700000000000,0.12560000000000,6.44090000000000,19.9365,11748.9740,6.8040,6.6784,0.1256,6.5943,6.5250,4.6722,1.8528,0.2747,11748.9740,NA
parkey.exe,27808,0x12E93FCD700,DXGI,0,0,1,Hardware Composed: Independent Flip,11762.7171,NA,7.06470000000000,6.97320000000000,0.12910000000000,6.36750000000000,19.8450,11755.7780,7.0682,6.9391,0.1291,6.8303,6.4763,4.7089,1.7674,-0.1692,11755.7780,NA
parkey.exe,27808,0x12E93FCD700,DXGI,0,0,1,Hardware Composed: Independent Flip,11769.4878,NA,6.77070000000000,6.92930000000000,0.11940000000000,6.50210000000000,20.0036,11762.8462,6.7610,6.6416,0.1194,6.5553,6.5884,4.6645,1.9239,0.1389,11762.8462,NA
parkey.exe,27808,0x12E93FCD700,DXGI,0,0,1,Hardware Composed: Independent Flip,11776.4569,NA,6.96910000000000,6.96400000000000,0.15840000000000,6.81770000000000,19.9985,11769.6072,7.0081,6.8497,0.1584,6.7597,6.9077,6.5845,0.3232,-0.2030,11769.6072,NA
parkey.exe,27808,0x12E93FCD700,DXGI,0,0,1,Hardware Composed: Independent Flip,11783.5235,NA,7.06660000000000,6.93830000000000,0.12630000000000,6.41140000000000,19.8702,11776.6153,7.0345,6.9082,0.1263,6.7721,6.5475,4.6056,1.9419,0.0698,11776.6153,NA
parkey.exe,27808,0x12E93FCD700,DXGI,0,0,1,Hardware Composed: Independent Flip,11790.2646,NA,6.74110000000000,6.98730000000000,0.11910000000000,6.60640000000000,20.1164,11783.6498,6.7339,6.6148,0.1191,6.5275,6.6937,5.4953,1.1984,0.0472,11783.6498,NA
parkey.exe,27808,0x12E93FCD700,DXGI,0,0,1,Hardware Composed: Independent Flip,11797.7350,NA,7.47040000000000,6.91590000000000,0.15440000000000,6.08530000000000,19.5619,11790.3837,7.5057,7.3513,0.1544,7.2213,6.2153,4.6896,1.5257,-0.1820,11790.3837,NA
parkey.exe,27808,0x12E93FCD700,DXGI,0,0,1,Hardware Composed: Independent Flip,11804.2125,NA,6.47750000000000,6.94290000000000,0.10430000000000,6.85380000000000,20.0273,11797.8894,6.4274,6.3231,0.1043,6.2277,6.9492,4.9547,1.9945,0.5628,11797.8894,NA
parkey.exe,27808,0x12E93FCD700,DXGI,0,0,1,Hardware Composed: Independent Flip,11811.3711,NA,7.15860000000000,6.97460000000000,0.12270000000000,6.34790000000000,19.8433,11804.3168,7.1770,7.0543,0.1227,6.9441,6.4581,4.7820,1.6761,-0.5472,11804.3168,NA
parkey.exe,27808,0x12E93FCD700,DXGI,0,0,1,Hardware Composed: Independent Flip,11818.0786,NA,6.70750000000000,6.92980000000000,0.12540000000000,6.58170000000000,20.0656,11811.4938,6.7102,6.5848,0.1254,6.4830,6.6835,4.7014,1.9821,0.2472,11811.4938,NA
parkey.exe,27808,0x12E93FCD700,DXGI,0,0,1,Hardware Composed: Independent Flip,11825.0717,NA,6.99310000000000,6.95240000000000,0.19770000000000,6.43030000000000,20.0249,11818.2040,7.0654,6.8677,0.1977,6.7918,6.5062,5.7548,0.7514,-0.2422,11818.2040,NA
parkey.exe,27808,0x12E93FCD700,DXGI,0,0,1,Hardware Composed: Independent Flip,11832.0975,NA,7.02580000000000,6.94370000000000,0.11650000000000,6.46670000000000,19.9428,11825.2694,6.9446,6.8281,0.1165,6.7230,6.5718,4.6789,1.8929,0.1217,11825.2694,NA
parkey.exe,27808,0x12E93FCD700,DXGI,0,0,1,Hardware Composed: Independent Flip,11838.8625,NA,6.76500000000000,6.95570000000000,0.13540000000000,6.64480000000000,20.1335,11832.2140,6.7839,6.6485,0.1354,6.5571,6.7362,4.5309,2.2053,-0.0111,11832.2140,NA
parkey.exe,27808,0x12E93FCD700,DXGI,0,0,1,Hardware Composed: Independent Flip,11846.0666,NA,7.20410000000000,6.96500000000000,0.12730000000000,6.40540000000000,19.8944,11838.9979,7.1960,7.0687,0.1273,6.9432,6.5309,4.7049,1.8260,-0.1811,11838.9979,NA
parkey.exe,27808,0x12E93FCD700,DXGI,0,0,1,Hardware Composed: Independent Flip,11852.7550,NA,6.68840000000000,6.94260000000000,0.11160000000000,6.65350000000000,20.1486,11846.1939,6.6727,6.5611,0.1116,6.4820,6.7326,4.5371,2.1955,0.2534,11846.1939,NA
parkey.exe,27808,0x12E93FCD700,DXGI,0,0,1,Hardware Composed: Independent Flip,11859.8184,NA,7.06340000000000,6.95820000000000,0.17250000000000,6.84340000000000,20.0434,11852.8666,7.1243,6.9518,0.1725,6.8479,6.9473,6.5973,0.3500,-0.2855,11852.8666,NA
parkey.exe,27808,0x12E93FCD700,DXGI,0,0,1,Hardware Composed: Independent Flip,11867.3657,NA,7.54730000000000,6.93300000000000,0.16600000000000,5.95910000000000,19.4291,11859.9909,7.5408,7.3748,0.1660,7.2405,6.0934,4.6768,1.4166,0.1913,11859.9909,NA
parkey.exe,27808,0x12E93FCD700,DXGI,0,0,1,Hardware Composed: Independent Flip,11874.0354,NA,6.66970000000000,6.99790000000000,0.18120000000000,6.11760000000000,19.7573,11867.5317,6.6849,6.5037,0.1812,6.3839,6.2374,5.3579,0.8795,0.5429,11867.5317,NA
parkey.exe,27808,0x12E93FCD700,DXGI,0,0,1,Hardware Composed: Independent Flip,11881.1038,NA,7.06840000000000,6.90710000000000,0.14670000000000,6.10870000000000,19.5960,11874.2166,7.0339,6.8872,0.1467,6.7644,6.2315,4.6975,1.5340,-0.2222,11874.2166,NA
parkey.exe,27808,0x12E93FCD700,DXGI,0,0,1,Hardware Composed: Independent Flip,11887.6486,NA,6.54480000000000,6.95280000000000,0.15780000000000,6.85890000000000,20.0040,11881.2505,6.5559,6.3981,0.1578,6.2267,7.0303,4.9767,2.0536,0.0811,11881.2505,NA
parkey.exe,27808,0x12E93FCD700,DXGI,0,0,1,Hardware Composed: Independent Flip,11895.0459,NA,7.39730000000000,6.95240000000000,0.12910000000000,6.06940000000000,19.5591,11887.8064,7.3686,7.2395,0.1291,7.1231,6.1858,5.0977,1.0881,-0.3965,11887.8064,NA
parkey.exe,27808,0x12E93FCD700,DXGI,0,0,1,Hardware Composed: Independent Flip,11901.4207,NA,6.37480000000000,6.94250000000000,0.15200000000000,6.67100000000000,20.1268,11895.1750,6.3977,6.2457,0.1520,6.1363,6.7804,4.5772,2.2032,0.4261,11895.1750,NA
parkey.exe,27808,0x12E93FCD700,DXGI,0,0,1,Hardware Composed: Independent Flip,11908.4361,NA,7.01540000000000,6.94120000000000,0.13570000000000,6.99770000000000,20.0526,11901.5727,6.9991,6.8634,0.1357,6.7591,7.1020,6.7062,0.3958,-0.5435,11901.5727,NA
parkey.exe,27808,0x12E93FCD700,DXGI,0,0,1,Hardware Composed: Independent Flip,11915.7433,NA,7.30720000000000,6.95140000000000,0.13740000000000,6.22570000000000,19.6968,11908.5718,7.3089,7.1715,0.1374,7.0536,6.3436,5.0595,1.2841,0.0477,11908.5718,NA
parkey.exe,27808,0x12E93FCD700,DXGI,0,0,1,Hardware Composed: Independent Flip,11922.2989,NA,6.55560000000000,6.95340000000000,0.12570000000000,6.48540000000000,20.0946,11915.8807,6.5439,6.4182,0.1257,6.3228,6.5808,4.6144,1.9664,0.3555,11915.8807,NA
parkey.exe,27808,0x12E93FCD700,DXGI,0,0,1,Hardware Composed: Independent Flip,11929.7095,NA,7.41060000000000,6.97020000000000,0.13030000000000,6.16510000000000,19.6542,11922.4246,7.4152,7.2849,0.1303,7.1681,6.2819,4.7200,1.5619,-0.4263,11922.4246,NA
parkey.exe,27808,0x12E93FCD700,DXGI,0,0,1,Hardware Composed: Independent Flip,11936.1762,NA,6.46670000000000,6.92710000000000,0.11200000000000,6.62660000000000,20.1146,11929.8398,6.4484,6.3364,0.1120,6.2485,6.7145,4.7002,2.0143,0.4881,11929.8398,NA
parkey.exe,27808,0x12E93FCD700,DXGI,0,0,1,Hardware Composed: Independent Flip,11943.2300,NA,7.05380000000000,6.98310000000000,0.14070000000000,6.45980000000000,20.0439,11936.2882,7.0825,6.9418,0.1407,6.8360,6.5656,6.2605,0.3051,-0.5347,11936.2882,NA
parkey.exe,27808,0x12E93FCD700,DXGI,0,0,1,Hardware Composed: Independent Flip,11950.1915,NA,6.96150000000000,6.93280000000000,0.11530000000000,6.51130000000000,20.0152,11943.3707,6.9361,6.8208,0.1153,6.7248,6.6073,5.1625,1.4448,0.1497,11943.3707,NA
parkey.exe,27808,0x12E93FCD700,DXGI,0,0,1,Hardware Composed: Independent Flip,11957.3134,NA,7.12190000000000,7.00060000000000,0.12300000000000,6.27790000000000,19.8939,11950.3068,7.1296,7.0066,0.1230,6.9092,6.3753,5.4348,0.9405,-0.0645,11950.3068,NA
parkey.exe,27808,0x12E93FCD700,DXGI,0,0,1,Hardware Composed: Independent Flip,11964.1715,NA,6.85810000000000,6.92380000000000,0.14910000000000,6.44980000000000,19.9596,11957.4364,6.8842,6.7351,0.1491,6.6102,6.5747,4.6879,1.8868,0.2058,11957.4364,NA
parkey.exe,27808,0x12E93FCD700,DXGI,0,0,1,Hardware Composed: Independent Flip,11971.0697,NA,6.89820000000000,6.91980000000000,0.12460000000000,6.50000000000000,19.9812,11964.3206,6.8737,6.7491,0.1246,6.6480,6.6011,4.5935,2.0076,-0.0356,11964.3206,NA
parkey.exe,27808,0x12E93FCD700,DXGI,0,0,1,Hardware Composed: Independent Flip,11978.0494,NA,6.97970000000000,6.99300000000000,0.13330000000000,6.48940000000000,19.9945,11971.1943,6.9884,6.8551,0.1333,6.7415,6.6030,6.0971,0.5059,-0.1193,11971.1943,NA
parkey.exe,27808,0x12E93FCD700,DXGI,0,0,1,Hardware Composed: Independent Flip,11984.9704,NA,6.92100000000000,6.90310000000000,0.11130000000000,6.52410000000000,19.9766,11978.1827,6.8990,6.7877,0.1113,6.6720,6.6398,4.6979,1.9419,0.0853,11978.1827,NA
parkey.exe,27808,0x12E93FCD700,DXGI,0,0,1,Hardware Composed: Independent Flip,11991.7028,NA,6.73240000000000,6.95590000000000,0.11420000000000,6.76070000000000,20.2001,11985.0817,6.7353,6.6211,0.1142,6.4486,6.9332,5.7748,1.1584,-0.0569,11985.0817,NA
parkey.exe,27808,0x12E93FCD700,DXGI,0,0,1,Hardware Composed: Independent Flip,11999.1219,NA,7.41910000000000,6.99340000000000,0.12820000000000,6.24920000000000,19.7744,11991.8170,7.4331,7.3049,0.1282,7.0982,6.4559,4.6940,1.7619,-0.2581,11991.8170,NA
parkey.exe,27808,0x12E93FCD700,DXGI,0,0,1,Hardware Composed: Independent Flip,12005.9560,NA,6.83410000000000,6.89870000000000,0.13050000000000,6.37530000000000,19.8390,11999.2501,6.8364,6.7059,0.1305,6.5585,6.5227,4.6907,1.8320,0.5344,11999.2501,NA
parkey.exe,27808,0x12E93FCD700,DXGI,0,0,1,Hardware Composed: Independent Flip,12013.0911,NA,7.13510000000000,7.02040000000000,0.15950000000000,6.22010000000000,19.7243,12006.0865,7.1641,7.0046,0.1595,6.8659,6.3588,4.6700,1.6888,-0.1840,12006.0865,NA
parkey.exe,27808,0x12E93FCD700,DXGI,0,0,1,Hardware Composed: Independent Flip,12019.8326,NA,6.74150000000000,6.88570000000000,0.13660000000000,6.38180000000000,19.8685,12013.2506,6.7186,6.5820,0.1366,6.4442,6.5196,4.6861,1.8335,0.2784,12013.2506,NA
parkey.exe,27808,0x12E93FCD700,DXGI,0,0,1,Hardware Composed: Independent Flip,12026.6225,NA,6.78990000000000,6.94940000000000,0.18150000000000,6.50910000000000,20.0280,12019.9692,6.8348,6.6533,0.1815,6.5330,6.6294,6.1930,0.4364,-0.2308,12019.9692,NA
parkey.exe,27808,0x12E93FCD700,DXGI,0,0,1,Hardware Composed: Independent Flip,12033.8522,NA,7.22970000000000,6.95930000000000,0.14380000000000,6.30520000000000,19.7576,12026.8040,7.1920,7.0482,0.1438,6.9246,6.4288,4.7155,1.7133,-0.1245,12026.8040,NA
parkey.exe,27808,0x12E93FCD700,DXGI,0,0,1,Hardware Composed: Independent Flip,12040.3987,NA,6.54650000000000,7.01080000000000,0.12020000000000,6.57750000000000,20.2219,12033.9960,6.5229,6.4027,0.1202,6.2630,6.7172,5.2868,1.4304,0.1812,12033.9960,NA
parkey.exe,27808,0x12E93FCD700,DXGI,0,0,1,Hardware Composed: Independent Flip,12047.6311,NA,7.23240000000000,6.89030000000000,0.13790000000000,6.30480000000000,19.8798,12040.5189,7.2501,7.1122,0.1379,6.9215,6.4955,4.4938,2.0017,-0.3674,12040.5189,NA
parkey.exe,27808,0x12E93FCD700,DXGI,0,0,1,Hardware Composed: Independent Flip,12054.7614,NA,7.13030000000000,6.94950000000000,0.16960000000000,6.55430000000000,19.6990,12047.7690,7.1620,6.9924,0.1696,6.5764,6.9703,4.8667,2.1036,0.3006,12047.7690,NA
parkey.exe,27808,0x12E93FCD700,DXGI,0,0,1,Hardware Composed: Independent Flip,12061.6976,NA,6.93620000000000,6.97550000000000,0.16070000000000,6.15200000000000,19.7383,12054.9310,6.9273,6.7666,0.1607,6.6245,6.2941,6.0966,0.1975,0.1865,12054.9310,NA
parkey.exe,27808,0x12E93FCD700,DXGI,0,0,1,Hardware Composed: Independent Flip,12068.2221,NA,6.52450000000000,6.91330000000000,0.12790000000000,6.58540000000000,20.1271,12061.8583,6.4917,6.3638,0.1279,6.2750,6.6742,4.5017,2.1725,0.0140,12061.8583,NA
parkey.exe,27808,0x12E93FCD700,DXGI,0,0,1,Hardware Composed: Independent Flip,12075.1812,NA,6.95910000000000,6.94540000000000,0.13070000000000,6.57510000000000,20.1134,12068.3500,6.9619,6.8312,0.1307,6.6694,6.7369,5.7264,1.0105,-0.4537,12068.3500,NA
parkey.exe,27808,0x12E93FCD700,DXGI,0,0,1,Hardware Composed: Independent Flip,12082.3693,NA,7.18810000000000,6.95070000000000,0.11600000000000,6.30300000000000,19.8760,12075.3119,7.1734,7.0574,0.1160,6.9017,6.4587,4.4847,1.9740,0.0112,12075.3119,NA
parkey.exe,27808,0x12E93FCD700,DXGI,0,0,1,Hardware Composed: Independent Flip,12088.9502,NA,6.58090000000000,6.95120000000000,0.15110000000000,6.66790000000000,20.2463,12082.4853,6.6160,6.4649,0.1511,6.3771,6.7557,4.4898,2.2659,0.2222,12082.4853,NA
parkey.exe,27808,0x12E93FCD700,DXGI,0,0,1,Hardware Composed: Independent Flip,12096.1421,NA,7.19190000000000,6.94630000000000,0.11440000000000,6.43030000000000,20.0007,12089.1013,7.1552,7.0408,0.1144,6.8955,6.5756,4.4962,2.0794,-0.3303,12089.1013,NA
parkey.exe,27808,0x12E93FCD700,DXGI,0,0,1,Hardware Composed: Independent Flip,12102.7670,NA,6.62490000000000,6.94840000000000,0.11820000000000,6.74410000000000,20.3242,12096.2565,6.6287,6.5105,0.1182,6.4241,6.8305,4.4788,2.3517,0.2068,12096.2565,NA
parkey.exe,27808,0x12E93FCD700,DXGI,0,0,1,Hardware Composed: Independent Flip,12109.7340,NA,6.96700000000000,6.95440000000000,0.13270000000000,6.72490000000000,20.3116,12102.8852,6.9815,6.8488,0.1327,6.7284,6.8453,5.9444,0.9009,-0.3257,12102.8852,NA
parkey.exe,27808,0x12E93FCD700,DXGI,0,0,1,Hardware Composed: Independent Flip,12116.9198,NA,7.18580000000000,7.02380000000000,0.13920000000000,6.49140000000000,20.1496,12109.8667,7.1923,7.0531,0.1392,6.9454,6.5991,4.4826,2.1165,-0.0423,12109.8667,NA
parkey.exe,27808,0x12E93FCD700,DXGI,0,0,1,Hardware Composed: Independent Flip,12123.6303,NA,6.71050000000000,6.88080000000000,0.12250000000000,6.74070000000000,20.3199,12117.0590,6.6938,6.5713,0.1225,6.4805,6.8315,5.2755,1.5560,0.3115,12117.0590,NA
parkey.exe,27808,0x12E93FCD700,DXGI,0,0,1,Hardware Composed: Independent Flip,12130.7591,NA,7.12880000000000,6.95020000000000,0.11150000000000,6.62420000000000,20.1413,12123.7528,7.1178,7.0063,0.1115,6.8567,6.7738,4.4871,2.2867,-0.2564,12123.7528,NA
parkey.exe,27808,0x12E93FCD700,DXGI,0,0,1,Hardware Composed: Independent Flip,12137.5866,NA,6.82750000000000,6.96570000000000,0.10630000000000,7.06260000000000,20.2795,12130.8706,6.8223,6.7160,0.1063,6.6284,7.1502,4.8848,2.2654,0.1521,12130.8706,NA
parkey.exe,27808,0x12E93FCD700,DXGI,0,0,1,Hardware Composed: Independent Flip,12144.7341,NA,7.14750000000000,6.94190000000000,0.11020000000000,6.49310000000000,20.0739,12137.6929,7.1514,7.0412,0.1102,6.9563,6.5780,5.5348,1.0432,-0.1196,12137.6929,NA
parkey.exe,27808,0x12E93FCD700,DXGI,0,0,1,Hardware Composed: Independent Flip,12151.3801,NA,6.64600000000000,6.94200000000000,0.14650000000000,6.79280000000000,20.3699,12144.8443,6.6823,6.5358,0.1465,6.4458,6.8828,4.4768,2.4060,0.2094,12144.8443,NA
parkey.exe,27808,0x12E93FCD700,DXGI,0,0,1,Hardware Composed: Independent Flip,12158.6251,NA,7.24500000000000,6.94530000000000,0.11530000000000,6.49050000000000,20.0702,12151.5266,7.2138,7.0985,0.1153,6.9514,6.6376,5.6841,0.9535,-0.2630,12151.5266,NA
parkey.exe,27808,0x12E93FCD700,DXGI,0,0,1,Hardware Composed: Independent Flip,12165.5796,NA,6.95450000000000,6.97650000000000,0.11760000000000,6.49560000000000,20.0922,12158.7404,6.9568,6.8392,0.1176,6.6893,6.6455,4.4985,2.1470,0.2373,12158.7404,NA
parkey.exe,27808,0x12E93FCD700,DXGI,0,0,1,Hardware Composed: Independent Flip,12172.3008,NA,6.72120000000000,6.94020000000000,0.11800000000000,6.72030000000000,20.3112,12165.6972,6.7216,6.6036,0.1180,6.4816,6.8423,4.4835,2.3588,0.0166,12165.6972,NA
parkey.exe,27808,0x12E93FCD700,DXGI,0,0,1,Hardware Composed: Independent Flip,12179.3030,NA,7.00220000000000,6.95710000000000,0.11920000000000,6.68400000000000,20.2661,12172.4188,7.0034,6.8842,0.1192,6.7902,6.7780,4.4848,2.2932,-0.2355,12172.4188,NA
parkey.exe,27808,0x12E93FCD700,DXGI,0,0,1,Hardware Composed: Independent Flip,12186.3200,NA,7.01700000000000,6.92510000000000,0.10960000000000,6.60260000000000,20.1742,12179.4222,7.0074,6.8978,0.1096,6.7615,6.7389,4.4775,2.2614,0.0783,12179.4222,NA
parkey.exe,27808,0x12E93FCD700,DXGI,0,0,1,Hardware Composed: Independent Flip,12193.1611,NA,6.84110000000000,6.97890000000000,0.12250000000000,6.73570000000000,20.3120,12186.4296,6.8540,6.7315,0.1225,6.6053,6.8619,6.0669,0.7950,0.0285,12186.4296,NA
parkey.exe,27808,0x12E93FCD700,DXGI,0,0,1,Hardware Composed: Independent Flip,12200.2644,NA,7.10330000000000,6.93190000000000,0.11920000000000,6.55560000000000,20.1406,12193.2836,7.1000,6.9808,0.1192,6.8841,6.6523,4.4990,2.1533,-0.0779,12193.2836,NA
parkey.exe,27808,0x12E93FCD700,DXGI,0,0,1,Hardware Composed: Independent Flip,12206.9216,NA,6.65720000000000,6.97230000000000,0.11640000000000,6.87940000000000,20.4557,12200.3836,6.6544,6.5380,0.1164,6.4738,6.9436,5.2723,1.6713,0.1277,12200.3836,NA
parkey.exe,27808,0x12E93FCD700,DXGI,0,0,1,Hardware Composed: Independent Flip,12214.7475,NA,7.82590000000000,6.95110000000000,0.14010000000000,5.98700000000000,19.5809,12207.0380,7.8496,7.7095,0.1401,7.5122,6.1843,4.4819,1.7024,-0.2967,12207.0380,NA
parkey.exe,27808,0x12E93FCD700,DXGI,0,0,1,Hardware Composed: Independent Flip,12220.9245,NA,6.17700000000000,6.92060000000000,0.11520000000000,7.17390000000000,20.3245,12214.8876,6.1521,6.0369,0.1152,5.9482,7.2626,4.8874,2.3752,0.9290,12214.8876,NA
parkey.exe,27808,0x12E93FCD700,DXGI,0,0,1,Hardware Composed: Independent Flip,12227.9595,NA,7.03500000000000,6.97830000000000,0.13620000000000,6.70230000000000,20.2678,12221.0397,7.0560,6.9198,0.1362,7.0587,6.5634,5.5197,1.0437,-0.8262,12221.0397,NA
parkey.exe,27808,0x12E93FCD700,DXGI,0,0,1,Hardware Composed: Independent Flip,12235.0827,NA,7.12320000000000,6.94290000000000,0.13720000000000,6.49080000000000,20.0875,12228.0957,7.1242,6.9870,0.1372,6.8174,6.6604,4.5013,2.1591,0.1131,12228.0957,NA
parkey.exe,27808,0x12E93FCD700,DXGI,0,0,1,Hardware Composed: Independent Flip,12241.6759,NA,6.59320000000000,6.95250000000000,0.11500000000000,6.88290000000000,20.4468,12235.2199,6.5710,6.4560,0.1150,6.3870,6.9519,5.6419,1.3100,0.1717,12235.2199,NA
parkey.exe,27808,0x12E93FCD700,DXGI,0,0,1,Hardware Composed: Independent Flip,12249.5009,NA,7.82500000000000,6.93950000000000,0.41480000000000,5.99830000000000,19.5613,12241.7909,8.1248,7.7100,0.4148,7.4693,6.2390,4.5125,1.7265,-0.3685,12241.7909,NA
parkey.exe,27808,0x12E93FCD700,DXGI,0,0,1,Hardware Composed: Independent Flip,12256.0495,NA,6.54860000000000,6.94470000000000,0.13170000000000,6.75340000000000,19.9574,12249.9157,6.2655,6.1338,0.1317,5.9505,6.9367,4.8483,2.0884,1.1801,12249.9157,NA
parkey.exe,27808,0x12E93FCD700,DXGI,0,0,1,Hardware Composed: Independent Flip,12263.0714,NA,7.02190000000000,6.96000000000000,0.14800000000000,6.31990000000000,19.8955,12256.1812,7.0382,6.8902,0.1480,6.7398,6.4703,4.5395,1.9308,-0.6945,12256.1812,NA
parkey.exe,27808,0x12E93FCD700,DXGI,0,0,1,Hardware Composed: Independent Flip,12269.5542,NA,6.48280000000000,6.94030000000000,0.11950000000000,6.76640000000000,20.3530,12263.2194,6.4543,6.3348,0.1195,6.2074,6.8938,4.4947,2.3991,0.0979,12263.2194,NA
parkey.exe,27808,0x12E93FCD700,DXGI,0,0,1,Hardware Composed: Independent Flip,12276.3272,NA,6.77300000000000,6.95300000000000,0.14730000000000,6.96780000000000,20.5330,12269.6737,6.8008,6.6535,0.1473,6.6865,6.9348,6.1271,0.8077,-0.4987,12269.6737,NA
parkey.exe,27808,0x12E93FCD700,DXGI,0,0,1,Hardware Composed: Independent Flip,12283.6019,NA,7.27470000000000,6.93670000000000,0.12890000000000,6.63170000000000,20.1950,12276.4745,7.2563,7.1274,0.1289,6.9696,6.7895,4.4826,2.3069,-0.1359,12276.4745,NA
parkey.exe,27808,0x12E93FCD700,DXGI,0,0,1,Hardware Composed: Independent Flip,12290.3121,NA,6.71020000000000,6.97260000000000,0.11410000000000,6.86840000000000,20.4574,12283.7308,6.6954,6.5813,0.1141,6.5340,6.9157,5.2772,1.6385,0.2837,12283.7308,NA
parkey.exe,27808,0x12E93FCD700,DXGI,0,0,1,Hardware Composed: Independent Flip,12297.5650,NA,7.25290000000000,6.94260000000000,0.11620000000000,6.55550000000000,20.1471,12290.4262,7.2550,7.1388,0.1162,6.9756,6.7187,4.4952,2.2235,-0.2472,12290.4262,NA
parkey.exe,27808,0x12E93FCD700,DXGI,0,0,1,Hardware Composed: Independent Flip,12304.1455,NA,6.58050000000000,6.94380000000000,0.11130000000000,6.95240000000000,20.5104,12297.6812,6.5756,6.4643,0.1113,6.4706,6.9461,4.4938,2.4523,0.3112,12297.6812,NA
parkey.exe,27808,0x12E93FCD700,DXGI,0,0,1,Hardware Composed: Independent Flip,12311.3512,NA,7.20570000000000,6.97460000000000,0.11230000000000,6.68560000000000,20.2793,12304.2568,7.2067,7.0944,0.1123,6.9338,6.8462,4.4822,2.3640,-0.3990,12304.2568,NA
parkey.exe,27808,0x12E93FCD700,DXGI,0,0,1,Hardware Composed: Independent Flip,12318.1720,NA,6.82080000000000,6.92200000000000,0.11770000000000,6.81300000000000,20.3805,12311.4635,6.8262,6.7085,0.1177,6.6042,6.9173,4.4992,2.4181,0.2847,12311.4635,NA
parkey.exe,27808,0x12E93FCD700,DXGI,0,0,1,Hardware Composed: Independent Flip,12325.0343,NA,6.86230000000000,6.95750000000000,0.10860000000000,6.91180000000000,20.4757,12318.2897,6.8532,6.7446,0.1086,6.7279,6.9285,5.6258,1.3027,-0.1313,12318.2897,NA
parkey.exe,27808,0x12E93FCD700,DXGI,0,0,1,Hardware Composed: Independent Flip,12332.1977,NA,7.16340000000000,6.94010000000000,0.12150000000000,6.68180000000000,20.2524,12325.1429,7.1763,7.0548,0.1215,6.9074,6.8292,4.5104,2.3188,-0.0869,12325.1429,NA
parkey.exe,27808,0x12E93FCD700,DXGI,0,0,1,Hardware Composed: Independent Flip,12338.8473,NA,6.64960000000000,6.94310000000000,0.13290000000000,6.98790000000000,20.5459,12332.3192,6.6610,6.5281,0.1329,6.5898,6.9262,4.5175,2.4087,0.2332,12332.3192,NA
parkey.exe,27808,0x12E93FCD700,DXGI,0,0,1,Hardware Composed: Independent Flip,12346.1999,NA,7.35260000000000,6.96180000000000,0.11790000000000,6.57130000000000,20.1551,12338.9802,7.3376,7.2197,0.1179,7.0571,6.7339,4.4994,2.2345,-0.3008,12338.9802,NA
parkey.exe,27808,0x12E93FCD700,DXGI,0,0,1,Hardware Composed: Independent Flip,12352.8940,NA,6.69410000000000,6.94500000000000,0.10960000000000,6.81220000000000,20.4060,12346.3178,6.6858,6.5762,0.1096,6.4844,6.9040,4.4782,2.4258,0.3926,12346.3178,NA
parkey.exe,27808,0x12E93FCD700,DXGI,0,0,1,Hardware Composed: Independent Flip,12359.9639,NA,7.06990000000000,6.95310000000000,0.13130000000000,6.71730000000000,20.2892,12353.0036,7.0916,6.9603,0.1313,6.7441,6.9335,6.0943,0.8392,-0.2673,12353.0036,NA
parkey.exe,27808,0x12E93FCD700,DXGI,0,0,1,Hardware Composed: Independent Flip,12366.8673,NA,6.90340000000000,6.97370000000000,0.10990000000000,6.74300000000000,20.3595,12360.0952,6.8820,6.7721,0.1099,6.6327,6.8824,4.4952,2.3872,0.1179,12360.0952,NA
parkey.exe,27808,0x12E93FCD700,DXGI,0,0,1,Hardware Composed: Independent Flip,12373.6275,NA,6.76020000000000,6.94630000000000,0.11550000000000,6.95460000000000,20.5456,12366.9772,6.7658,6.6503,0.1155,6.6890,6.9159,5.2655,1.6504,-0.0643,12366.9772,NA
parkey.exe,27808,0x12E93FCD700,DXGI,0,0,1,Hardware Composed: Independent Flip,12380.7693,NA,7.14180000000000,6.92290000000000,0.11140000000000,6.76800000000000,20.3267,12373.7430,7.1377,7.0263,0.1114,6.8773,6.9170,4.4952,2.4218,-0.1571,12373.7430,NA
parkey.exe,27808,0x12E93FCD700,DXGI,0,0,1,Hardware Composed: Independent Flip,12387.5707,NA,6.80140000000000,6.96030000000000,0.11830000000000,6.92340000000000,20.4856,12380.8807,6.8083,6.6900,0.1183,6.7182,6.8952,4.4597,2.4355,0.1774,12380.8807,NA
parkey.exe,27808,0x12E93FCD700,DXGI,0,0,1,Hardware Composed: Independent Flip,12394.6540,NA,7.08330000000000,6.97870000000000,0.11500000000000,6.76510000000000,20.3810,12387.6890,7.0800,6.9650,0.1150,6.9417,6.7884,5.9678,0.8206,-0.1704,12387.6890,NA
parkey.exe,27808,0x12E93FCD700,DXGI,0,0,1,Hardware Composed: Independent Flip,12401.3958,NA,6.74180000000000,6.90800000000000,0.12590000000000,6.98530000000000,20.5472,12394.7690,6.7527,6.6268,0.1259,6.6741,6.9380,4.4821,2.4559,0.1720,12394.7690,NA
parkey.exe,27808,0x12E93FCD700,DXGI,0,0,1,Hardware Composed: Independent Flip,12408.4103,NA,7.01450000000000,6.95640000000000,0.12750000000000,6.95360000000000,20.4891,12401.5217,7.0161,6.8886,0.1275,6.8890,6.9532,5.6458,1.3074,-0.2037,12401.5217,NA
parkey.exe,27808,0x12E93FCD700,DXGI,0,0,1,Hardware Composed: Independent Flip,12415.3462,NA,6.93590000000000,6.95880000000000,0.10270000000000,6.92350000000000,20.5120,12408.5378,6.9111,6.8084,0.1027,6.8565,6.8754,4.4879,2.3875,0.0573,12408.5378,NA
parkey.exe,27808,0x12E93FCD700,DXGI,0,0,1,Hardware Composed: Independent Flip,12422.3407,NA,6.99450000000000,6.94720000000000,0.11270000000000,6.87870000000000,20.4647,12415.4489,7.0045,6.8918,0.1127,6.8486,6.9219,4.5134,2.4085,-0.0361,12415.4489,NA
parkey.exe,27808,0x12E93FCD700,DXGI,0,0,1,Hardware Composed: Independent Flip,12429.3013,NA,6.96060000000000,6.93770000000000,0.10300000000000,6.88080000000000,20.4418,12422.4534,6.9509,6.8479,0.1030,6.7959,6.9328,4.4856,2.4472,0.0668,12422.4534,NA
parkey.exe,27808,0x12E93FCD700,DXGI,0,0,1,Hardware Composed: Independent Flip,12436.2540,NA,6.95270000000000,6.96790000000000,0.11550000000000,6.86500000000000,20.4570,12429.4043,6.9652,6.8497,0.1155,6.8231,6.8916,4.4702,2.4214,-0.0170,12429.4043,NA
parkey.exe,27808,0x12E93FCD700,DXGI,0,0,1,Hardware Composed: Independent Flip,12442.9958,NA,6.74180000000000,6.95080000000000,0.11690000000000,7.06390000000000,20.6660,12436.3695,6.7432,6.6263,0.1169,6.7831,6.9071,6.3421,0.5650,0.0144,12436.3695,NA
parkey.exe,27808,0x12E93FCD700,DXGI,0,0,1,Hardware Composed: Independent Flip,12450.3276,NA,7.33180000000000,6.94420000000000,0.11920000000000,6.70790000000000,20.2784,12443.1127,7.3341,7.2149,0.1192,7.0456,6.8772,4.4822,2.3950,-0.2010,12443.1127,NA
parkey.exe,27808,0x12E93FCD700,DXGI,0,0,1,Hardware Composed: Independent Flip,12456.9595,NA,6.63190000000000,6.95620000000000,0.09710000000000,7.02520000000000,20.6027,12450.4468,6.6098,6.5127,0.0971,6.6216,6.9163,5.2705,1.6458,0.3779,12450.4468,NA
parkey.exe,27808,0x12E93FCD700,DXGI,0,0,1,Hardware Composed: Independent Flip,12464.1711,NA,7.21160000000000,6.93380000000000,0.13190000000000,6.75890000000000,20.3249,12457.0566,7.2464,7.1145,0.1319,6.9675,6.9059,4.4800,2.4259,-0.3240,12457.0566,NA
parkey.exe,27808,0x12E93FCD700,DXGI,0,0,1,Hardware Composed: Independent Flip,12470.8265,NA,6.65540000000000,6.94020000000000,0.11580000000000,7.45880000000000,20.6097,12464.3030,6.6393,6.5235,0.1158,6.6585,7.3238,4.8572,2.4666,0.3062,12464.3030,NA
parkey.exe,27808,0x12E93FCD700,DXGI,0,0,1,Hardware Composed: Independent Flip,12477.8434,NA,7.01690000000000,7.00120000000000,0.10990000000000,6.98200000000000,20.5940,12470.9423,7.0110,6.9011,0.1099,7.3430,6.5401,5.5860,0.9541,-0.3619,12470.9423,NA
parkey.exe,27808,0x12E93FCD700,DXGI,0,0,1,Hardware Composed: Independent Flip,12484.7877,NA,6.94430000000000,6.91490000000000,0.11800000000000,6.97000000000000,20.5646,12477.9533,6.9524,6.8344,0.1180,6.9035,6.9009,4.4882,2.4127,0.0961,12477.9533,NA
parkey.exe,27808,0x12E93FCD700,DXGI,0,0,1,Hardware Composed: Independent Flip,12491.7002,NA,6.91250000000000,6.97690000000000,0.11760000000000,7.04650000000000,20.6290,12484.9057,6.9121,6.7945,0.1176,6.8812,6.9598,5.7171,1.2427,-0.0245,12484.9057,NA
parkey.exe,27808,0x12E93FCD700,DXGI,0,0,1,Hardware Composed: Independent Flip,12499.0656,NA,7.36540000000000,6.92440000000000,0.11460000000000,6.61140000000000,20.1880,12491.8178,7.3624,7.2478,0.1146,7.0823,6.7769,4.4923,2.2846,-0.0123,12491.8178,NA
parkey.exe,27808,0x12E93FCD700,DXGI,0,0,1,Hardware Composed: Independent Flip,12505.5546,NA,6.48900000000000,6.95480000000000,0.12140000000000,7.09850000000000,20.6538,12499.1802,6.4958,6.3744,0.1214,6.5251,6.9478,4.4900,2.4578,0.4076,12499.1802,NA
parkey.exe,27808,0x12E93FCD700,DXGI,0,0,1,Hardware Composed: Independent Flip,12512.7127,NA,7.15810000000000,6.95790000000000,0.10590000000000,6.86530000000000,20.4536,12505.6760,7.1426,7.0367,0.1059,7.0077,6.8943,4.4862,2.4081,-0.4621,12505.6760,NA
parkey.exe,27808,0x12E93FCD700,DXGI,0,0,1,Hardware Composed: Independent Flip,12519.4050,NA,6.69230000000000,6.93780000000000,0.11160000000000,7.11350000000000,20.6991,12512.8186,6.6980,6.5864,0.1116,6.7915,6.9084,4.4882,2.4202,0.2048,12512.8186,NA
parkey.exe,27808,0x12E93FCD700,DXGI,0,0,1,Hardware Composed: Independent Flip,12526.4462,NA,7.04120000000000,6.95600000000000,0.12160000000000,7.04990000000000,20.6139,12519.5166,7.0512,6.9296,0.1216,7.0607,6.9188,6.1000,0.8188,-0.2580,12519.5166,NA
parkey.exe,27808,0x12E93FCD700,DXGI,0,0,1,Hardware Composed: Independent Flip,12533.5510,NA,7.10480000000000,6.94590000000000,0.10270000000000,6.87580000000000,20.4550,12526.5678,7.0859,6.9832,0.1027,6.9576,6.9014,4.4835,2.4179,0.1053,12526.5678,NA
parkey.exe,27808,0x12E93FCD700,DXGI,0,0,1,Hardware Composed: Independent Flip,12540.2441,NA,6.69310000000000,6.95520000000000,0.10770000000000,7.14030000000000,20.7171,12533.6537,6.6981,6.5904,0.1077,6.8015,6.9292,5.2532,1.6760,0.1307,12533.6537,NA
parkey.exe,27808,0x12E93FCD700,DXGI,0,0,1,Hardware Composed: Independent Flip,12547.6978,NA,7.45370000000000,6.95550000000000,0.13660000000000,6.61940000000000,20.2189,12540.3518,7.4826,7.3460,0.1366,7.1639,6.8015,4.4777,2.3238,-0.2574,12540.3518,NA
parkey.exe,27808,0x12E93FCD700,DXGI,0,0,1,Hardware Composed: Independent Flip,12554.1687,NA,6.47090000000000,6.94690000000000,0.13040000000000,7.51370000000000,20.6949,12547.8344,6.4647,6.3343,0.1304,6.5339,7.3141,4.8867,2.4274,0.5357,12547.8344,NA
parkey.exe,27808,0x12E93FCD700,DXGI,0,0,1,Hardware Composed: Independent Flip,12561.3034,NA,7.13470000000000,6.95410000000000,0.11720000000000,6.94410000000000,20.5143,12554.2991,7.1215,7.0043,0.1172,7.3833,6.5651,5.5867,0.9784,-0.4894,12554.2991,NA
parkey.exe,27808,0x12E93FCD700,DXGI,0,0,1,Hardware Composed: Independent Flip,12568.0906,NA,6.78720000000000,6.95300000000000,0.12410000000000,7.08990000000000,20.6801,12561.4206,6.7941,6.6700,0.1241,6.8599,6.9000,4.4805,2.4195,0.1685,12561.4206,NA
parkey.exe,27808,0x12E93FCD700,DXGI,0,0,1,Hardware Composed: Independent Flip,12574.9991,NA,6.90850000000000,6.95870000000000,0.11330000000000,7.14350000000000,20.7303,12568.2147,6.8977,6.7844,0.1133,7.0182,6.9097,5.6815,1.2282,-0.1646,12568.2147,NA
parkey.exe,27808,0x12E93FCD700,DXGI,0,0,1,Hardware Composed: Independent Flip,12582.1681,NA,7.16900000000000,6.92640000000000,0.12260000000000,6.92810000000000,20.4877,12575.1124,7.1783,7.0557,0.1226,7.0618,6.9220,4.4929,2.4291,-0.0287,12575.1124,NA
parkey.exe,27808,0x12E93FCD700,DXGI,0,0,1,Hardware Composed: Independent Flip,12588.9384,NA,6.77030000000000,6.95650000000000,0.13830000000000,7.10400000000000,20.6739,12582.2907,6.7860,6.6477,0.1383,6.8341,6.9176,4.4981,2.4195,0.2218,12582.2907,NA
parkey.exe,27808,0x12E93FCD700,DXGI,0,0,1,Hardware Composed: Independent Flip,12596.1101,NA,7.17170000000000,6.96300000000000,0.10990000000000,6.87460000000000,20.4652,12589.0767,7.1433,7.0334,0.1099,7.0161,6.8919,4.4774,2.4145,-0.1770,12589.0767,NA
parkey.exe,27808,0x12E93FCD700,DXGI,0,0,1,Hardware Composed: Independent Flip,12602.7848,NA,6.67470000000000,6.93780000000000,0.10630000000000,7.14330000000000,20.7283,12596.2200,6.6711,6.5648,0.1063,6.7909,6.9172,4.4813,2.4359,0.2055,12596.2200,NA
parkey.exe,27808,0x12E93FCD700,DXGI,0,0,1,Hardware Composed: Independent Flip,12609.7896,NA,7.00480000000000,6.95150000000000,0.11580000000000,7.11180000000000,20.6750,12602.8911,7.0143,6.8985,0.1158,7.1047,6.9056,5.7467,1.1589,-0.2804,12602.8911,NA
parkey.exe,27808,0x12E93FCD700,DXGI,0,0,1,Hardware Composed: Independent Flip,12616.8091,NA,7.01950000000000,6.94320000000000,0.10840000000000,7.03030000000000,20.5987,12609.9054,7.0121,6.9037,0.1084,7.0286,6.9054,4.8722,2.0332,0.0711,12609.9054,NA
parkey.exe,27808,0x12E93FCD700,DXGI,0,0,1,Hardware Composed: Independent Flip,12623.7076,NA,6.89850000000000,6.97590000000000,0.11290000000000,7.08400000000000,20.6761,12616.9175,6.9030,6.7901,0.1129,6.9523,6.9218,5.2560,1.6658,0.0362,12616.9175,NA
parkey.exe,27808,0x12E93FCD700,DXGI,0,0,1,Hardware Composed: Independent Flip,12630.7374,NA,7.02980000000000,6.92670000000000,0.13200000000000,6.99450000000000,20.5730,12623.8205,7.0489,6.9169,0.1320,7.0024,6.9090,4.5133,2.3957,-0.0237,12623.8205,NA
parkey.exe,27808,0x12E93FCD700,DXGI,0,0,1,Hardware Composed: Independent Flip,12637.6675,NA,6.93010000000000,6.95040000000000,0.12310000000000,7.43210000000000,20.5933,12630.8694,6.9212,6.7981,0.1231,6.8910,7.3392,4.8734,2.4658,0.0985,12630.8694,NA
parkey.exe,27808,0x12E93FCD700,DXGI,0,0,1,Hardware Composed: Independent Flip,12644.6933,NA,7.02580000000000,6.95950000000000,0.10780000000000,6.93590000000000,20.5270,12637.7906,7.0105,6.9027,0.1078,7.3090,6.5296,5.5328,0.9968,-0.0383,12637.7906,NA
parkey.exe,27808,0x12E93FCD700,DXGI,0,0,1,Hardware Composed: Independent Flip,12651.4718,NA,6.77850000000000,6.93780000000000,0.14170000000000,7.12610000000000,20.6863,12644.8011,6.8124,6.6707,0.1417,6.8586,6.9382,4.4927,2.4455,0.0727,12644.8011,NA
parkey.exe,27808,0x12E93FCD700,DXGI,0,0,1,Hardware Composed: Independent Flip,12658.4509,NA,6.97910000000000,6.95220000000000,0.12210000000000,7.10200000000000,20.6594,12651.6135,6.9595,6.8374,0.1221,7.0168,6.9226,5.6918,1.2308,-0.1398,12651.6135,NA
parkey.exe,27808,0x12E93FCD700,DXGI,0,0,1,Hardware Composed: Independent Flip,12665.5867,NA,7.13580000000000,6.96010000000000,0.12260000000000,6.89070000000000,20.4837,12658.5730,7.1363,7.0137,0.1226,7.0207,6.8837,4.5005,2.3832,-0.0006,12658.5730,NA
parkey.exe,27808,0x12E93FCD700,DXGI,0,0,1,Hardware Composed: Independent Flip,12672.2915,NA,6.70480000000000,6.93580000000000,0.10820000000000,7.14460000000000,20.7147,12665.7093,6.6904,6.5822,0.1082,6.7978,6.9290,4.4830,2.4460,0.2005,12665.7093,NA
parkey.exe,27808,0x12E93FCD700,DXGI,0,0,1,Hardware Composed: Independent Flip,12679.3825,NA,7.09100000000000,6.95760000000000,0.12330000000000,7.01580000000000,20.5813,12672.3997,7.1061,6.9828,0.1233,7.0639,6.9347,4.4846,2.4501,-0.2672,12672.3997,NA
parkey.exe,27808,0x12E93FCD700,DXGI,0,0,1,Hardware Composed: Independent Flip,12686.2009,NA,6.81840000000000,6.94620000000000,0.10660000000000,7.12440000000000,20.7091,12679.5058,6.8017,6.6951,0.1066,6.9230,6.8965,4.4695,2.4270,0.1599,12679.5058,NA
parkey.exe,27808,0x12E93FCD700,DXGI,0,0,1,Hardware Composed: Independent Flip,12693.1400,NA,6.93910000000000,6.96220000000000,0.11650000000000,7.16500000000000,20.7322,12686.3075,6.9490,6.8325,0.1165,7.0870,6.9105,6.1182,0.7923,-0.1605,12686.3075,NA
parkey.exe,27808,0x12E93FCD700,DXGI,0,0,1,Hardware Composed: Independent Flip,12700.1861,NA,7.04610000000000,6.94040000000000,0.14040000000000,7.03440000000000,20.6265,12693.2565,7.0700,6.9296,0.1404,7.0762,6.8878,4.4738,2.4140,0.0086,12693.2565,NA
parkey.exe,27808,0x12E93FCD700,DXGI,0,0,1,Hardware Composed: Independent Flip,12707.0128,NA,6.82670000000000,6.95160000000000,0.11520000000000,7.18680000000000,20.7514,12700.3265,6.8015,6.6863,0.1152,6.9300,6.9431,5.2896,1.6535,0.1184,12700.3265,NA
parkey.exe,27808,0x12E93FCD700,DXGI,0,0,1,Hardware Composed: Independent Flip,12714.0243,NA,7.01150000000000,6.95380000000000,0.13450000000000,7.11400000000000,20.6937,12707.1280,7.0308,6.8963,0.1345,7.1011,6.9092,4.5217,2.3875,-0.1523,12707.1280,NA
parkey.exe,27808,0x12E93FCD700,DXGI,0,0,1,Hardware Composed: Independent Flip,12720.9507,NA,6.92640000000000,6.93820000000000,0.11820000000000,7.75920000000000,20.7055,12714.1588,6.9101,6.7919,0.1182,7.0105,7.5406,5.0944,2.4462,0.0926,12714.1588,NA
parkey.exe,27808,0x12E93FCD700,DXGI,0,0,1,Hardware Composed: Independent Flip,12727.8878,NA,6.93710000000000,6.97110000000000,0.14060000000000,7.15930000000000,20.7395,12721.0689,6.9595,6.8189,0.1406,7.6410,6.3372,5.0922,1.2450,-0.0610,12721.0689,NA
parkey.exe,27808,0x12E93FCD700,DXGI,0,0,1,Hardware Composed: Independent Flip,12734.8657,NA,6.97790000000000,6.94000000000000,0.11500000000000,7.11080000000000,20.7016,12728.0284,6.9523,6.8373,0.1150,7.0523,6.8958,4.4773,2.4185,0.0195,12728.0284,NA
parkey.exe,27808,0x12E93FCD700,DXGI,0,0,1,Hardware Composed: Independent Flip,12741.7533,NA,6.88760000000000,6.95040000000000,0.11100000000000,7.20120000000000,20.7644,12734.9807,6.8836,6.7726,0.1110,7.0284,6.9454,5.6560,1.2894,0.0019,12734.9807,NA
parkey.exe,27808,0x12E93FCD700,DXGI,0,0,1,Hardware Composed: Independent Flip,12748.7930,NA,7.03970000000000,6.94450000000000,0.11260000000000,7.09700000000000,20.6692,12741.8643,7.0413,6.9287,0.1126,7.1163,6.9094,4.4777,2.4317,-0.0609,12741.8643,NA
parkey.exe,27808,0x12E93FCD700,DXGI,0,0,1,Hardware Composed: Independent Flip,12755.6666,NA,6.87360000000000,6.94130000000000,0.10990000000000,7.17400000000000,20.7369,12748.9056,6.8709,6.7610,0.1099,7.0120,6.9230,4.4989,2.4241,0.1000,12748.9056,NA
parkey.exe,27808,0x12E93FCD700,DXGI,0,0,1,Hardware Composed: Independent Flip,12762.7009,NA,7.03430000000000,6.96420000000000,0.15100000000000,7.08170000000000,20.6668,12755.7765,7.0754,6.9244,0.1510,7.0881,6.9180,4.4866,2.4314,-0.0933,12755.7765,NA
parkey.exe,27808,0x12E93FCD700,DXGI,0,0,1,Hardware Composed: Independent Flip,12769.5607,NA,6.85980000000000,6.94320000000000,0.11060000000000,7.17530000000000,20.7502,12762.8519,6.8194,6.7088,0.1106,6.9582,6.9259,4.4984,2.4275,0.1322,12762.8519,NA
parkey.exe,27808,0x12E93FCD700,DXGI,0,0,1,Hardware Composed: Independent Flip,12776.4931,NA,6.93240000000000,6.95330000000000,0.11190000000000,7.20260000000000,20.7711,12769.6713,6.9337,6.8218,0.1119,7.1044,6.9200,6.1480,0.7720,-0.1339,12769.6713,NA
parkey.exe,27808,0x12E93FCD700,DXGI,0,0,1,Hardware Composed: Independent Flip,12783.5024,NA,7.00930000000000,6.93990000000000,0.11360000000000,7.12340000000000,20.7017,12776.6050,7.0110,6.8974,0.1136,7.1178,6.9030,4.4784,2.4246,-0.0062,12776.6050,NA
parkey.exe,27808,0x12E93FCD700,DXGI,0,0,1,Hardware Composed: Independent Flip,12790.4073,NA,6.90490000000000,6.95840000000000,0.10850000000000,7.18150000000000,20.7552,12783.6160,6.8998,6.7913,0.1085,7.0723,6.9005,5.2780,1.6225,0.0526,12783.6160,NA
parkey.exe,27808,0x12E93FCD700,DXGI,0,0,1,Hardware Composed: Independent Flip,12797.4362,NA,7.02890000000000,6.95160000000000,0.11510000000000,7.08470000000000,20.6779,12790.5158,7.0355,6.9204,0.1151,7.1001,6.9050,4.4877,2.4173,-0.0518,12790.5158,NA
parkey.exe,27808,0x12E93FCD700,DXGI,0,0,1,Hardware Composed: Independent Flip,12804.3041,NA,6.86790000000000,6.94250000000000,0.10860000000000,7.19510000000000,20.7525,12797.5513,6.8614,6.7528,0.1086,6.9998,6.9481,4.5016,2.4465,0.0930,12797.5513,NA
parkey.exe,27808,0x12E93FCD700,DXGI,0,0,1,Hardware Composed: Independent Flip,12811.3477,NA,7.04360000000000,6.95290000000000,0.12800000000000,7.08700000000000,20.6618,12804.4127,7.0630,6.9350,0.1280,7.1174,6.9046,4.4782,2.4264,-0.0915,12804.4127,NA
parkey.exe,27808,0x12E93FCD700,DXGI,0,0,1,Hardware Composed: Independent Flip,12818.2102,NA,6.86250000000000,6.94580000000000,0.11250000000000,7.16680000000000,20.7451,12811.4757,6.8470,6.7345,0.1125,6.9866,6.9147,4.4898,2.4249,0.1172,12811.4757,NA
parkey.exe,27808,0x12E93FCD700,DXGI,0,0,1,Hardware Composed: Independent Flip,12825.1514,NA,6.94120000000000,6.95850000000000,0.10720000000000,7.18400000000000,20.7624,12818.3227,6.9359,6.8287,0.1072,7.0806,6.9321,5.6598,1.2723,-0.1115,12818.3227,NA
parkey.exe,27808,0x12E93FCD700,DXGI,0,0,1,Hardware Composed: Independent Flip,12832.1710,NA,7.01960000000000,6.95350000000000,0.10210000000000,7.10370000000000,20.6963,12825.2586,7.0145,6.9124,0.1021,7.0986,6.9175,4.4932,2.4243,-0.0176,12825.2586,NA
parkey.exe,27808,0x12E93FCD700,DXGI,0,0,1,Hardware Composed: Independent Flip,12839.0543,NA,6.88330000000000,6.95480000000000,0.12810000000000,7.17920000000000,20.7678,12832.2731,6.9093,6.7812,0.1281,7.0277,6.9327,4.5060,2.4267,0.0597,12832.2731,NA
parkey.exe,27808,0x12E93FCD700,DXGI,0,0,1,Hardware Composed: Independent Flip,12846.0426,NA,6.98830000000000,6.94520000000000,0.12090000000000,7.13490000000000,20.7247,12839.1824,6.9811,6.8602,0.1209,7.0781,6.9170,4.4747,2.4423,-0.0359,12839.1824,NA
parkey.exe,27808,0x12E93FCD700,DXGI,0,0,1,Hardware Composed: Independent Flip,12853.0195,NA,6.97690000000000,6.94720000000000,0.12760000000000,7.13120000000000,20.6950,12846.1635,6.9836,6.8560,0.1276,7.0769,6.9103,4.5113,2.3990,0.0339,12846.1635,NA
parkey.exe,27808,0x12E93FCD700,DXGI,0,0,1,Hardware Composed: Independent Flip,12859.9276,NA,6.90810000000000,6.95030000000000,0.13660000000000,7.16240000000000,20.7372,12853.1471,6.9171,6.7805,0.1366,7.0429,6.9000,6.1162,0.7838,0.0333,12853.1471,NA
parkey.exe,27808,0x12E93FCD700,DXGI,0,0,1,Hardware Composed: Independent Flip,12866.8826,NA,6.95500000000000,6.95070000000000,0.11270000000000,7.15210000000000,20.7329,12860.0642,6.9311,6.8184,0.1127,7.0514,6.9191,4.4903,2.4288,-0.0336,12860.0642,NA
parkey.exe,27808,0x12E93FCD700,DXGI,0,0,1,Hardware Composed: Independent Flip,12873.8136,NA,6.93100000000000,6.95600000000000,0.11330000000000,7.16240000000000,20.7579,12866.9953,6.9316,6.8183,0.1133,7.0672,6.9135,5.2542,1.6593,-0.0249,12866.9953,NA
parkey.exe,27808,0x12E93FCD700,DXGI,0,0,1,Hardware Composed: Independent Flip,12880.7857,NA,6.97210000000000,6.94430000000000,0.11750000000000,7.15370000000000,20.7301,12873.9269,6.9763,6.8588,0.1175,7.0828,6.9297,4.5006,2.4291,-0.0127,12873.9269,NA
parkey.exe,27808,0x12E93FCD700,DXGI,0,0,1,Hardware Composed: Independent Flip,12887.7615,NA,6.97580000000000,6.94260000000000,0.12720000000000,7.14280000000000,20.6969,12880.9032,6.9855,6.8583,0.1272,7.0698,6.9313,4.4780,2.4533,0.0337,12880.9032,NA
parkey.exe,27808,0x12E93FCD700,DXGI,0,0,1,Hardware Composed: Independent Flip,12894.7125,NA,6.95100000000000,6.97070000000000,0.14710000000000,7.53320000000000,20.7166,12887.8887,6.9709,6.8238,0.1471,7.0784,7.2786,6.2828,0.9958,0.0148,12887.8887,NA
parkey.exe,27808,0x12E93FCD700,DXGI,0,0,1,Hardware Composed: Independent Flip,12901.6570,NA,6.94450000000000,6.93330000000000,0.15490000000000,7.79480000000000,20.7054,12894.8596,6.9523,6.7974,0.1549,7.3861,7.2061,6.8036,0.4025,0.0376,12894.8596,NA
parkey.exe,27808,0x12E93FCD700,DXGI,0,0,1,Hardware Composed: Independent Flip,12908.6474,NA,6.99040000000000,6.95190000000000,0.12070000000000,7.11200000000000,20.6669,12901.8119,6.9562,6.8355,0.1207,7.6399,6.3076,5.5418,0.7658,0.0004,12901.8119,NA
parkey.exe,27808,0x12E93FCD700,DXGI,0,0,1,Hardware Composed: Independent Flip,12915.6096,NA,6.96220000000000,6.95470000000000,0.12680000000000,7.07400000000000,20.6594,12908.7681,6.9683,6.8415,0.1268,7.0209,6.8946,4.4946,2.4000,0.0015,12908.7681,NA
parkey.exe,27808,0x12E93FCD700,DXGI,0,0,1,Hardware Composed: Independent Flip,12922.4615,NA,6.85190000000000,6.95040000000000,0.11190000000000,7.17240000000000,20.7579,12915.7364,6.8370,6.7251,0.1119,6.9752,6.9223,4.4883,2.4340,0.0179,12915.7364,NA
parkey.exe,27808,0x12E93FCD700,DXGI,0,0,1,Hardware Composed: Independent Flip,12929.4228,NA,6.96130000000000,6.96340000000000,0.10870000000000,7.16820000000000,20.7600,12922.5734,6.9581,6.8494,0.1087,7.0848,6.9328,4.4912,2.4416,-0.1264,12922.5734,NA
parkey.exe,27808,0x12E93FCD700,DXGI,0,0,1,Hardware Composed: Independent Flip,12936.3686,NA,6.94580000000000,6.95000000000000,0.11100000000000,7.15730000000000,20.7642,12929.5315,6.9481,6.8371,0.1110,7.0858,6.9086,4.4975,2.4111,0.0081,12929.5315,NA
parkey.exe,27808,0x12E93FCD700,DXGI,0,0,1,Hardware Composed: Independent Flip,12943.3101,NA,6.94150000000000,6.94840000000000,0.10470000000000,7.20350000000000,20.7711,12936.4796,6.9352,6.8305,0.1047,7.1217,6.9123,6.0402,0.8721,-0.0003,12936.4796,NA
parkey.exe,27808,0x12E93FCD700,DXGI,0,0,1,Hardware Composed: Independent Flip,12950.4786,NA,7.16850000000000,6.94790000000000,0.13490000000000,6.96380000000000,20.5505,12943.4148,7.1987,7.0638,0.1349,7.1340,6.8936,4.4927,2.4009,-0.0127,12943.4148,NA
parkey.exe,27808,0x12E93FCD700,DXGI,0,0,1,Hardware Composed: Independent Flip,12957.2434,NA,6.76480000000000,6.97950000000000,0.12790000000000,7.16670000000000,20.7652,12950.6135,6.7578,6.6299,0.1279,6.8619,6.9347,4.8616,2.0731,0.2192,12950.6135,NA
parkey.exe,27808,0x12E93FCD700,DXGI,0,0,1,Hardware Composed: Independent Flip,12964.2821,NA,7.03870000000000,6.93840000000000,0.19830000000000,7.05220000000000,20.6649,12957.3713,7.1091,6.9108,0.1983,7.0713,6.8917,4.4611,2.4306,-0.1806,12957.3713,NA
parkey.exe,27808,0x12E93FCD700,DXGI,0,0,1,Hardware Composed: Independent Flip,12971.1488,NA,6.86670000000000,6.92650000000000,0.13110000000000,7.17670000000000,20.7247,12964.4804,6.7995,6.6684,0.1311,6.9068,6.9383,4.4854,2.4529,0.1826,12964.4804,NA
parkey.exe,27808,0x12E93FCD700,DXGI,0,0,1,Hardware Composed: Independent Flip,12978.1782,NA,7.02940000000000,6.98860000000000,0.17040000000000,7.10010000000000,20.6839,12971.2799,7.0687,6.8983,0.1704,7.0953,6.9031,6.1258,0.7773,-0.1891,12971.2799,NA
parkey.exe,27808,0x12E93FCD700,DXGI,0,0,1,Hardware Composed: Independent Flip,12985.2000,NA,7.02180000000000,6.91400000000000,0.13260000000000,6.98380000000000,20.5761,12978.3486,6.9840,6.8514,0.1326,6.9575,6.8777,4.4691,2.4086,0.1547,12978.3486,NA
parkey.exe,27808,0x12E93FCD700,DXGI,0,0,1,Hardware Composed: Independent Flip,12991.9801,NA,6.78010000000000,6.95580000000000,0.11990000000000,7.21350000000000,20.7518,12985.3326,6.7674,6.6475,0.1199,6.8907,6.9703,5.6350,1.3353,0.0282,12985.3326,NA
parkey.exe,27808,0x12E93FCD700,DXGI,0,0,1,Hardware Composed: Independent Flip,12999.3051,NA,7.32500000000000,6.94930000000000,0.15100000000000,6.78940000000000,20.3761,12992.1000,7.3561,7.2051,0.1510,7.1261,6.8684,4.4849,2.3835,-0.1819,12992.1000,NA
parkey.exe,27808,0x12E93FCD700,DXGI,0,0,1,Hardware Composed: Independent Flip,13005.8773,NA,6.57220000000000,6.93300000000000,0.12010000000000,7.18300000000000,20.7369,12999.4561,6.5413,6.4212,0.1201,6.6661,6.9381,4.4969,2.4412,0.4231,12999.4561,NA
parkey.exe,27808,0x12E93FCD700,DXGI,0,0,1,Hardware Composed: Independent Flip,13012.9391,NA,7.06180000000000,6.96370000000000,0.14260000000000,7.04930000000000,20.6388,13005.9974,7.0843,6.9417,0.1426,7.0918,6.8992,4.4860,2.4132,-0.4224,13005.9974,NA
parkey.exe,27808,0x12E93FCD700,DXGI,0,0,1,Hardware Composed: Independent Flip,13019.7930,NA,6.85390000000000,6.93510000000000,0.12860000000000,7.14900000000000,20.7200,13013.0817,6.8399,6.7113,0.1286,6.9403,6.9200,4.4703,2.4497,0.1492,13013.0817,NA
parkey.exe,27808,0x12E93FCD700,DXGI,0,0,1,Hardware Composed: Independent Flip,13026.7237,NA,6.93070000000000,6.95900000000000,0.15580000000000,7.18400000000000,20.7483,13019.9216,6.9579,6.8021,0.1558,7.0590,6.9271,6.1719,0.7552,-0.1191,13019.9216,NA
parkey.exe,27808,0x12E93FCD700,DXGI,0,0,1,Hardware Composed: Independent Flip,13033.7531,NA,7.02940000000000,7.00670000000000,0.12770000000000,7.17850000000000,20.7256,13026.8795,7.0013,6.8736,0.1277,7.0614,6.9907,4.5989,2.3918,-0.0488,13026.8795,NA
parkey.exe,27808,0x12E93FCD700,DXGI,0,0,1,Hardware Composed: Independent Flip,13040.6252,NA,6.87210000000000,6.96850000000000,0.13060000000000,7.27860000000000,20.8220,13033.8808,6.8750,6.7444,0.1306,7.0771,6.9459,5.3678,1.5781,0.0328,13033.8808,NA
parkey.exe,27808,0x12E93FCD700,DXGI,0,0,1,Hardware Composed: Independent Flip,13047.5984,NA,6.97320000000000,6.89830000000000,0.12050000000000,7.31880000000000,20.7471,13040.7558,6.9631,6.8426,0.1205,7.1962,6.9652,4.5996,2.3656,-0.0233,13040.7558,NA
parkey.exe,27808,0x12E93FCD700,DXGI,0,0,1,Hardware Composed: Independent Flip,13054.6654,NA,7.06700000000000,6.93990000000000,0.16090000000000,7.65470000000000,20.6200,13047.7189,7.1074,6.9465,0.1609,7.2765,7.3247,5.0231,2.3016,0.0232,13047.7189,NA
parkey.exe,27808,0x12E93FCD700,DXGI,0,0,1,Hardware Composed: Independent Flip,13061.9811,NA,7.31570000000000,6.94130000000000,0.12270000000000,6.70600000000000,20.2456,13054.8263,7.2775,7.1548,0.1227,7.4938,6.3670,6.3287,0.0383,0.1661,13054.8263,NA
parkey.exe,27808,0x12E93FCD700,DXGI,0,0,1,Hardware Composed: Independent Flip,13068.5012,NA,6.52010000000000,6.95490000000000,0.13490000000000,7.20150000000000,20.6804,13062.1038,6.5323,6.3974,0.1349,6.6161,6.9828,4.5986,2.3842,0.3226,13062.1038,NA
parkey.exe,27808,0x12E93FCD700,DXGI,0,0,1,Hardware Composed: Independent Flip,13075.4030,NA,6.90180000000000,6.95910000000000,0.13240000000000,7.22770000000000,20.7377,13068.6361,6.8993,6.7669,0.1324,7.0974,6.8972,5.7057,1.1915,-0.4268,13068.6361,NA
parkey.exe,27808,0x12E93FCD700,DXGI,0,0,1,Hardware Composed: Independent Flip,13082.3542,NA,6.95120000000000,6.92490000000000,0.11920000000000,7.26830000000000,20.7114,13075.5354,6.9380,6.8188,0.1192,7.1429,6.9442,4.5963,2.3479,-0.0256,13075.5354,NA
parkey.exe,27808,0x12E93FCD700,DXGI,0,0,1,Hardware Composed: Independent Flip,13089.3016,NA,6.94740000000000,6.94270000000000,0.15870000000000,7.15740000000000,20.7067,13082.4734,6.9869,6.8282,0.1587,7.1788,6.8068,4.4739,2.3329,-0.0047,13082.4734,NA
parkey.exe,27808,0x12E93FCD700,DXGI,0,0,1,Hardware Composed: Independent Flip,13096.2565,NA,6.95490000000000,6.96210000000000,0.11710000000000,7.23090000000000,20.7139,13089.4603,6.9133,6.7962,0.1171,7.0247,7.0024,4.5726,2.4298,0.0248,13089.4603,NA
parkey.exe,27808,0x12E93FCD700,DXGI,0,0,1,Hardware Composed: Independent Flip,13103.1679,NA,6.91140000000000,6.95660000000000,0.11810000000000,7.27300000000000,20.7591,13096.3736,6.9124,6.7943,0.1181,7.1435,6.9238,5.0472,1.8766,-0.0433,13096.3736,NA
parkey.exe,27808,0x12E93FCD700,DXGI,0,0,1,Hardware Composed: Independent Flip,13110.1147,NA,6.94680000000000,6.94080000000000,0.12060000000000,7.26060000000000,20.7531,13103.2860,6.9493,6.8287,0.1206,7.1948,6.8945,5.7729,1.1216,-0.0284,13103.2860,NA
parkey.exe,27808,0x12E93FCD700,DXGI,0,0,1,Hardware Composed: Independent Flip,13117.1161,NA,7.00140000000000,6.96510000000000,0.13930000000000,7.23010000000000,20.7168,13110.2353,7.0201,6.8808,0.1393,7.1973,6.9136,4.6064,2.3072,-0.0158,13110.2353,NA
parkey.exe,27808,0x12E93FCD700,DXGI,0,0,1,Hardware Composed: Independent Flip,13124.0288,NA,6.91270000000000,6.95870000000000,0.11940000000000,7.25770000000000,20.7628,13117.2554,6.8928,6.7734,0.1194,7.1132,6.9179,5.3448,1.5731,0.0614,13117.2554,NA
parkey.exe,27808,0x12E93FCD700,DXGI,0,0,1,Hardware Composed: Independent Flip,13130.9869,NA,6.95810000000000,6.93360000000000,0.12930000000000,7.26190000000000,20.7383,13124.1482,6.9680,6.8387,0.1293,7.1669,6.9337,4.5852,2.3485,-0.0408,13124.1482,NA
parkey.exe,27808,0x12E93FCD700,DXGI,0,0,1,Hardware Composed: Independent Flip,13137.9478,NA,6.96090000000000,6.94730000000000,0.12680000000000,7.16280000000000,20.7247,13131.1162,6.9584,6.8316,0.1268,7.1643,6.8301,4.4805,2.3496,0.0207,13131.1162,NA
parkey.exe,27808,0x12E93FCD700,DXGI,0,0,1,Hardware Composed: Independent Flip,13144.8944,NA,6.94660000000000,6.96120000000000,0.11310000000000,7.23940000000000,20.7393,13138.0746,6.9329,6.8198,0.1131,7.0890,6.9702,6.2045,0.7657,-0.0028,13138.0746,NA
parkey.exe,27808,0x12E93FCD700,DXGI,0,0,1,Hardware Composed: Independent Flip,13151.8398,NA,6.94540000000000,6.95560000000000,0.14820000000000,7.24780000000000,20.7495,13145.0075,6.9805,6.8323,0.1482,7.1532,6.9269,4.6002,2.3267,-0.0227,13145.0075,NA
parkey.exe,27808,0x12E93FCD700,DXGI,0,0,1,Hardware Composed: Independent Flip,13158.7743,NA,6.93450000000000,6.96530000000000,0.11410000000000,7.26600000000000,20.7803,13151.9880,6.9004,6.7863,0.1141,7.1402,6.9121,5.7576,1.1545,0.0152,13151.9880,NA
parkey.exe,27808,0x12E93FCD700,DXGI,0,0,1,Hardware Composed: Independent Flip,13165.7732,NA,6.99890000000000,6.91990000000000,0.12860000000000,7.23420000000000,20.7013,13158.8884,7.0134,6.8848,0.1286,7.2015,6.9175,4.5998,2.3177,-0.0195,13158.8884,NA
parkey.exe,27808,0x12E93FCD700,DXGI,0,0,1,Hardware Composed: Independent Flip,13172.6924,NA,6.91920000000000,6.93760000000000,0.11900000000000,7.54220000000000,20.7197,13165.9018,6.9096,6.7906,0.1190,7.1388,7.1940,4.8318,2.3622,0.0758,13165.9018,NA
parkey.exe,27808,0x12E93FCD700,DXGI,0,0,1,Hardware Composed: Independent Flip,13179.7136,NA,7.02120000000000,6.97280000000000,0.12920000000000,7.18260000000000,20.6713,13172.8114,7.0314,6.9022,0.1292,7.4232,6.6616,4.7320,1.9296,-0.0632,13172.8114,NA
parkey.exe,27808,0x12E93FCD700,DXGI,0,0,1,Hardware Composed: Independent Flip,13186.5880,NA,6.87440000000000,6.94310000000000,0.11870000000000,7.24250000000000,20.7400,13179.8428,6.8639,6.7452,0.1187,7.0830,6.9047,4.5786,2.3261,0.0883,13179.8428,NA
parkey.exe,27808,0x12E93FCD700,DXGI,0,0,1,Hardware Composed: Independent Flip,13193.5200,NA,6.93200000000000,6.97030000000000,0.11790000000000,7.28180000000000,20.7783,13186.7067,6.9312,6.8133,0.1179,7.1604,6.9347,6.1718,0.7629,-0.1064,13186.7067,NA
parkey.exe,27808,0x12E93FCD700,DXGI,0,0,1,Hardware Composed: Independent Flip,13200.5339,NA,7.01390000000000,6.93290000000000,0.13370000000000,7.23800000000000,20.6973,13193.6379,7.0297,6.8960,0.1337,7.2126,6.9214,4.6134,2.3080,-0.0017,13193.6379,NA
parkey.exe,27808,0x12E93FCD700,DXGI,0,0,1,Hardware Composed: Independent Flip,13207.4369,NA,6.90300000000000,6.96820000000000,0.11880000000000,7.26990000000000,20.7625,13200.6676,6.8881,6.7693,0.1188,7.1344,6.9048,5.3418,1.5630,0.0615,13200.6676,NA
parkey.exe,27808,0x12E93FCD700,DXGI,0,0,1,Hardware Composed: Independent Flip,13214.4357,NA,6.99880000000000,6.93670000000000,0.15840000000000,7.21420000000000,20.7004,13207.5557,7.0384,6.8800,0.1584,7.2044,6.8898,4.5963,2.2935,-0.0486,13207.5557,NA
parkey.exe,27808,0x12E93FCD700,DXGI,0,0,1,Hardware Composed: Independent Flip,13221.3412,NA,6.90550000000000,6.94460000000000,0.12240000000000,7.16730000000000,20.7395,13214.5941,6.8695,6.7471,0.1224,7.0890,6.8254,4.4821,2.3433,0.0938,13214.5941,NA
parkey.exe,27808,0x12E93FCD700,DXGI,0,0,1,Hardware Composed: Independent Flip,13228.3288,NA,6.98760000000000,6.94980000000000,0.12310000000000,7.23260000000000,20.7017,13221.4636,6.9883,6.8652,0.1231,7.0924,7.0054,6.2131,0.7923,-0.0803,13221.4636,NA
parkey.exe,27808,0x12E93FCD700,DXGI,0,0,1,Hardware Composed: Independent Flip,13235.3100,NA,6.98120000000000,6.95930000000000,0.14640000000000,7.19020000000000,20.6798,13228.4519,7.0045,6.8581,0.1464,7.1380,6.9103,4.5792,2.3311,0.0290,13228.4519,NA
parkey.exe,27808,0x12E93FCD700,DXGI,0,0,1,Hardware Composed: Independent Flip,13242.1912,NA,6.88120000000000,6.93780000000000,0.12710000000000,7.16810000000000,20.7364,13235.4564,6.8619,6.7348,0.1271,7.0712,6.8317,5.7425,1.0892,0.0667,13235.4564,NA
parkey.exe,27808,0x12E93FCD700,DXGI,0,0,1,Hardware Composed: Independent Flip,13249.1578,NA,6.96660000000000,6.95270000000000,0.13740000000000,7.25020000000000,20.7225,13242.3183,6.9769,6.8395,0.1374,7.0691,7.0206,4.5777,2.4429,-0.0908,13242.3183,NA
parkey.exe,27808,0x12E93FCD700,DXGI,0,0,1,Hardware Composed: Independent Flip,13256.0944,NA,6.93660000000000,6.95450000000000,0.12240000000000,7.53330000000000,20.7404,13249.2952,6.9216,6.7992,0.1224,7.1445,7.1880,4.8722,2.3158,0.0224,13249.2952,NA
parkey.exe,27808,0x12E93FCD700,DXGI,0,0,1,Hardware Composed: Independent Flip,13263.0475,NA,6.95310000000000,6.94870000000000,0.12090000000000,7.25870000000000,20.7360,13256.2168,6.9516,6.8307,0.1209,7.4109,6.6785,4.7410,1.9375,-0.0271,13256.2168,NA
parkey.exe,27808,0x12E93FCD700,DXGI,0,0,1,Hardware Composed: Independent Flip,13269.9831,NA,6.93560000000000,6.94920000000000,0.12340000000000,7.26010000000000,20.7496,13263.1684,6.9381,6.8147,0.1234,7.1706,6.9042,4.5684,2.3358,0.0024,13263.1684,NA
parkey.exe,27808,0x12E93FCD700,DXGI,0,0,1,Hardware Composed: Independent Flip,13276.9436,NA,6.96050000000000,6.94410000000000,0.14340000000000,7.27480000000000,20.7332,13270.1065,6.9805,6.8371,0.1434,7.1799,6.9320,6.1914,0.7406,-0.0060,13270.1065,NA
parkey.exe,27808,0x12E93FCD700,DXGI,0,0,1,Hardware Composed: Independent Flip,13283.9055,NA,6.96190000000000,6.94830000000000,0.13110000000000,7.24260000000000,20.7196,13277.0870,6.9496,6.8185,0.1311,7.1588,6.9023,4.5887,2.3136,0.0322,13277.0870,NA
parkey.exe,27808,0x12E93FCD700,DXGI,0,0,1,Hardware Composed: Independent Flip,13290.8372,NA,6.93170000000000,6.97530000000000,0.12490000000000,7.24190000000000,20.7632,13284.0366,6.9255,6.8006,0.1249,7.1661,6.8764,5.3409,1.5355,-0.0257,13284.0366,NA
parkey.exe,27808,0x12E93FCD700,DXGI,0,0,1,Hardware Composed: Independent Flip,13297.7957,NA,6.95850000000000,6.93260000000000,0.11810000000000,7.24590000000000,20.7373,13290.9621,6.9517,6.8336,0.1181,7.1653,6.9142,4.5869,2.3273,-0.0071,13290.9621,NA
parkey.exe,27808,0x12E93FCD700,DXGI,0,0,1,Hardware Composed: Independent Flip,13304.7216,NA,6.92590000000000,6.95520000000000,0.10370000000000,7.19360000000000,20.7666,13297.9138,6.9115,6.8078,0.1037,7.1528,6.8486,4.4729,2.3757,-0.0035,13297.9138,NA
parkey.exe,27808,0x12E93FCD700,DXGI,0,0,1,Hardware Composed: Independent Flip,13311.7119,NA,6.99030000000000,6.93920000000000,0.10820000000000,7.24400000000000,20.7155,13304.8253,6.9948,6.8866,0.1082,7.1384,6.9922,4.5900,2.4022,-0.0277,13304.8253,NA
parkey.exe,27808,0x12E93FCD700,DXGI,0,0,1,Hardware Composed: Independent Flip,13318.6335,NA,6.92160000000000,6.94090000000000,0.12000000000000,7.25730000000000,20.7348,13311.8201,6.9334,6.8134,0.1200,7.1917,6.8790,4.5709,2.3081,0.0539,13311.8201,NA
parkey.exe,27808,0x12E93FCD700,DXGI,0,0,1,Hardware Composed: Independent Flip,13325.5966,NA,6.96310000000000,6.96590000000000,0.11760000000000,7.25200000000000,20.7376,13318.7535,6.9607,6.8431,0.1176,7.1944,6.9007,5.7675,1.1332,-0.0325,13318.7535,NA
parkey.exe,27808,0x12E93FCD700,DXGI,0,0,1,Hardware Composed: Independent Flip,13332.5447,NA,6.94810000000000,6.95510000000000,0.11080000000000,7.24290000000000,20.7446,13325.7142,6.9413,6.8305,0.1108,7.1642,6.9092,4.5964,2.3128,0.0056,13325.7142,NA
parkey.exe,27808,0x12E93FCD700,DXGI,0,0,1,Hardware Composed: Independent Flip,13339.4740,NA,6.92930000000000,6.94090000000000,0.14400000000000,7.59980000000000,20.7562,13332.6555,6.9625,6.8185,0.1440,7.1588,7.2595,4.9261,2.3334,0.0004,13332.6555,NA
parkey.exe,27808,0x12E93FCD700,DXGI,0,0,1,Hardware Composed: Independent Flip,13346.4447,NA,6.97070000000000,6.97640000000000,0.11110000000000,7.26730000000000,20.7619,13339.6180,6.9378,6.8267,0.1111,7.4558,6.6382,4.5807,2.0575,-0.0139,13339.6180,NA
parkey.exe,27808,0x12E93FCD700,DXGI,0,0,1,Hardware Composed: Independent Flip,13353.3958,NA,6.95110000000000,6.91210000000000,0.11990000000000,7.25820000000000,20.7229,13346.5558,6.9599,6.8400,0.1199,7.1924,6.9058,4.6200,2.2858,0.0257,13346.5558,NA
parkey.exe,27808,0x12E93FCD700,DXGI,0,0,1,Hardware Composed: Independent Flip,13360.3293,NA,6.93350000000000,6.95900000000000,0.11570000000000,7.18220000000000,20.7484,13353.5157,6.9293,6.8136,0.1157,7.1757,6.8201,6.1361,0.6840,0.0009,13353.5157,NA
parkey.exe,27808,0x12E93FCD700,DXGI,0,0,1,Hardware Composed: Independent Flip,13367.3603,NA,7.03100000000000,6.95740000000000,0.13440000000000,7.17120000000000,20.6748,13360.4450,7.0497,6.9153,0.1344,7.0981,6.9884,4.5925,2.3959,-0.0281,13360.4450,NA
parkey.exe,27808,0x12E93FCD700,DXGI,0,0,1,Hardware Composed: Independent Flip,13374.2218,NA,6.86150000000000,6.94340000000000,0.11840000000000,7.28110000000000,20.7567,13367.4947,6.8455,6.7271,0.1184,7.0701,6.9381,5.3793,1.5588,0.1063,13367.4947,NA
parkey.exe,27808,0x12E93FCD700,DXGI,0,0,1,Hardware Composed: Independent Flip,13381.1884,NA,6.96660000000000,6.95050000000000,0.11110000000000,7.30430000000000,20.7406,13374.3402,6.9593,6.8482,0.1111,7.1945,6.9580,4.6188,2.3392,-0.1050,13374.3402,NA
parkey.exe,27808,0x12E93FCD700,DXGI,0,0,1,Hardware Composed: Independent Flip,13388.1418,NA,6.95340000000000,6.96060000000000,0.11910000000000,7.14550000000000,20.7478,13381.2995,6.9614,6.8423,0.1191,7.2285,6.7593,4.4654,2.2939,-0.0013,13381.2995,NA
parkey.exe,27808,0x12E93FCD700,DXGI,0,0,1,Hardware Composed: Independent Flip,13395.0841,NA,6.94230000000000,6.96100000000000,0.12430000000000,7.25720000000000,20.7665,13388.2609,6.9475,6.8232,0.1243,7.0805,6.9999,6.2298,0.7701,0.0004,13388.2609,NA
parkey.exe,27808,0x12E93FCD700,DXGI,0,0,1,Hardware Composed: Independent Flip,13402.0473,NA,6.96320000000000,6.93120000000000,0.14150000000000,7.28310000000000,20.7345,13395.2084,6.9804,6.8389,0.1415,7.1621,6.9599,4.6321,2.3278,0.0163,13395.2084,NA
parkey.exe,27808,0x12E93FCD700,DXGI,0,0,1,Hardware Composed: Independent Flip,13408.9969,NA,6.94960000000000,6.96510000000000,0.11980000000000,7.25960000000000,20.7500,13402.1888,6.9279,6.8081,0.1198,7.1750,6.8927,5.7378,1.1549,0.0153,13402.1888,NA
parkey.exe,27808,0x12E93FCD700,DXGI,0,0,1,Hardware Composed: Independent Flip,13415.9991,NA,7.00220000000000,6.93020000000000,0.12870000000000,7.20630000000000,20.6780,13409.1167,7.0111,6.8824,0.1287,7.1885,6.9002,4.5810,2.3192,-0.0023,13409.1167,NA
parkey.exe,27808,0x12E93FCD700,DXGI,0,0,1,Hardware Composed: Independent Flip,13422.8848,NA,6.88570000000000,6.95490000000000,0.11900000000000,7.55300000000000,20.7472,13416.1278,6.8760,6.7570,0.1190,7.1101,7.1999,4.8685,2.3314,0.0562,13416.1278,NA
parkey.exe,27808,0x12E93FCD700,DXGI,0,0,1,Hardware Composed: Independent Flip,13429.8718,NA,6.98700000000000,6.94940000000000,0.11750000000000,7.21890000000000,20.7096,13423.0038,6.9855,6.8680,0.1175,7.4340,6.6529,4.7449,1.9080,-0.0734,13423.0038,NA
parkey.exe,27808,0x12E93FCD700,DXGI,0,0,1,Hardware Composed: Independent Flip,13436.7720,NA,6.90020000000000,6.93660000000000,0.10470000000000,7.24960000000000,20.7460,13429.9893,6.8874,6.7827,0.1047,7.1350,6.8973,4.5757,2.3216,0.0489,13429.9893,NA
parkey.exe,27808,0x12E93FCD700,DXGI,0,0,1,Hardware Composed: Independent Flip,13443.7239,NA,6.95190000000000,6.97770000000000,0.11680000000000,7.27820000000000,20.7718,13436.8767,6.9640,6.8472,0.1168,7.2050,6.9204,6.1705,0.7499,-0.0903,13436.8767,NA
parkey.exe,27808,0x12E93FCD700,DXGI,0,0,1,Hardware Composed: Independent Flip,13450.7193,NA,6.99540000000000,6.93880000000000,0.13250000000000,7.21980000000000,20.7152,13443.8407,7.0111,6.8786,0.1325,7.1873,6.9111,4.5689,2.3422,0.0252,13443.8407,NA
parkey.exe,27808,0x12E93FCD700,DXGI,0,0,1,Hardware Composed: Independent Flip,13457.6110,NA,6.89170000000000,6.95630000000000,0.10420000000000,7.29880000000000,20.7798,13450.8518,6.8634,6.7592,0.1042,7.1188,6.9392,5.3613,1.5779,0.0548,13450.8518,NA
parkey.exe,27808,0x12E93FCD700,DXGI,0,0,1,Hardware Composed: Independent Flip,13464.6494,NA,7.03840000000000,6.94480000000000,0.14620000000000,7.21920000000000,20.6862,13457.7152,7.0804,6.9342,0.1462,7.2581,6.8953,4.5919,2.3034,-0.0814,13457.7152,NA
parkey.exe,27808,0x12E93FCD700,DXGI,0,0,1,Hardware Composed: Independent Flip,13471.5482,NA,6.89880000000000,6.94280000000000,0.12710000000000,7.17140000000000,20.7302,13464.7956,6.8797,6.7526,0.1271,7.1045,6.8195,4.4967,2.3228,0.1376,13464.7956,NA
parkey.exe,27808,0x12E93FCD700,DXGI,0,0,1,Hardware Composed: Independent Flip,13478.5231,NA,6.97490000000000,6.95990000000000,0.14450000000000,7.22820000000000,20.7152,13471.6753,6.9923,6.8478,0.1445,7.0978,6.9782,6.0290,0.9492,-0.0802,13471.6753,NA
parkey.exe,27808,0x12E93FCD700,DXGI,0,0,1,Hardware Composed: Independent Flip,13485.4475,NA,6.92440000000000,6.95390000000000,0.11790000000000,7.25760000000000,20.7447,13478.6676,6.8978,6.7799,0.1179,7.1117,6.9258,4.6089,2.3169,0.0384,13478.6676,NA
parkey.exe,27808,0x12E93FCD700,DXGI,0,0,1,Hardware Composed: Independent Flip,13492.3709,NA,6.92340000000000,6.95670000000000,0.10470000000000,7.29710000000000,20.7780,13485.5654,6.9102,6.8055,0.1047,7.1665,6.9361,5.7275,1.2086,-0.0589,13485.5654,NA
parkey.exe,27808,0x12E93FCD700,DXGI,0,0,1,Hardware Composed: Independent Flip,13499.3846,NA,7.01370000000000,6.94320000000000,0.13840000000000,7.23280000000000,20.7075,13492.4756,7.0474,6.9090,0.1384,7.2355,6.9063,4.6010,2.3053,-0.0330,13492.4756,NA
parkey.exe,27808,0x12E93FCD700,DXGI,0,0,1,Hardware Composed: Independent Flip,13506.3127,NA,6.92810000000000,6.95100000000000,0.13220000000000,7.28520000000000,20.7304,13499.5230,6.9219,6.7897,0.1322,7.1269,6.9480,4.6240,2.3240,0.0964,13499.5230,NA
parkey.exe,27808,0x12E93FCD700,DXGI,0,0,1,Hardware Composed: Independent Flip,13513.2689,NA,6.95620000000000,6.94560000000000,0.11850000000000,7.23950000000000,20.7198,13506.4449,6.9425,6.8240,0.1185,7.1862,6.8773,4.5755,2.3018,-0.0237,13506.4449,NA
parkey.exe,27808,0x12E93FCD700,DXGI,0,0,1,Hardware Composed: Independent Flip,13520.2123,NA,6.94340000000000,6.94360000000000,0.13170000000000,7.26500000000000,20.7200,13513.3874,6.9566,6.8249,0.1317,7.1511,6.9388,4.6135,2.3253,-0.0011,13513.3874,NA
parkey.exe,27808,0x12E93FCD700,DXGI,0,0,1,Hardware Composed: Independent Flip,13527.1785,NA,6.96620000000000,6.95160000000000,0.17390000000000,7.12960000000000,20.7054,13520.3440,7.0084,6.8345,0.1739,7.1991,6.7650,6.0671,0.6979,0.0050,13520.3440,NA
parkey.exe,27808,0x12E93FCD700,DXGI,0,0,1,Hardware Composed: Independent Flip,13534.1015,NA,6.92300000000000,6.95440000000000,0.11870000000000,7.24500000000000,20.7368,13527.3524,6.8678,6.7491,0.1187,6.9792,7.0149,4.5970,2.4179,0.0540,13527.3524,NA
parkey.exe,27808,0x12E93FCD700,DXGI,0,0,1,Hardware Composed: Independent Flip,13541.0447,NA,6.94320000000000,6.96230000000000,0.12810000000000,7.25120000000000,20.7559,13534.2202,6.9526,6.8245,0.1281,7.1791,6.8966,5.3063,1.5903,-0.0945,13534.2202,NA
parkey.exe,27808,0x12E93FCD700,DXGI,0,0,1,Hardware Composed: Independent Flip,13548.0079,NA,6.96320000000000,6.94570000000000,0.13140000000000,7.24260000000000,20.7384,13541.1728,6.9665,6.8351,0.1314,7.1505,6.9272,4.5772,2.3500,0.0069,13541.1728,NA
parkey.exe,27808,0x12E93FCD700,DXGI,0,0,1,Hardware Composed: Independent Flip,13554.9521,NA,6.94420000000000,6.94790000000000,0.12910000000000,7.18280000000000,20.7421,13548.1393,6.9419,6.8128,0.1291,7.1650,6.8306,4.5022,2.3284,0.0186,13548.1393,NA
parkey.exe,27808,0x12E93FCD700,DXGI,0,0,1,Hardware Composed: Independent Flip,13561.9138,NA,6.96170000000000,6.93800000000000,0.13030000000000,7.27410000000000,20.7184,13555.0812,6.9629,6.8326,0.1303,7.0845,7.0222,6.2528,0.7694,0.0039,13555.0812,NA
parkey.exe,27808,0x12E93FCD700,DXGI,0,0,1,Hardware Composed: Independent Flip,13568.8841,NA,6.97030000000000,6.96730000000000,0.14380000000000,7.22150000000000,20.7154,13562.0441,6.9838,6.8400,0.1438,7.1828,6.8787,4.5991,2.2796,-0.0044,13562.0441,NA
parkey.exe,27808,0x12E93FCD700,DXGI,0,0,1,Hardware Composed: Independent Flip,13575.8083,NA,6.92420000000000,6.94110000000000,0.12840000000000,7.24070000000000,20.7323,13569.0279,6.9088,6.7804,0.1284,7.1098,6.9113,5.7093,1.2020,0.0427,13569.0279,NA
parkey.exe,27808,0x12E93FCD700,DXGI,0,0,1,Hardware Composed: Independent Flip,13582.7350,NA,6.92670000000000,6.93370000000000,0.11240000000000,7.29970000000000,20.7393,13575.9367,6.9107,6.7983,0.1124,7.1438,6.9542,4.6157,2.3385,-0.0249,13575.9367,NA
parkey.exe,27808,0x12E93FCD700,DXGI,0,0,1,Hardware Composed: Independent Flip,13589.7142,NA,6.97920000000000,6.96230000000000,0.15010000000000,7.53690000000000,20.7224,13582.8474,7.0169,6.8668,0.1501,7.2215,7.1822,4.8670,2.3152,-0.0516,13582.8474,NA
parkey.exe,27808,0x12E93FCD700,DXGI,0,0,1,Hardware Composed: Independent Flip,13596.6477,NA,6.93350000000000,6.96050000000000,0.11270000000000,7.24410000000000,20.7494,13589.8643,6.8961,6.7834,0.1127,7.3868,6.6407,4.7436,1.8971,0.0564,13589.8643,NA
parkey.exe,27808,0x12E93FCD700,DXGI,0,0,1,Hardware Composed: Independent Flip,13603.5793,NA,6.93160000000000,6.95120000000000,0.13180000000000,7.27290000000000,20.7690,13596.7604,6.9507,6.8189,0.1318,7.1648,6.9270,4.5867,2.3403,-0.0551,13596.7604,NA
parkey.exe,27808,0x12E93FCD700,DXGI,0,0,1,Hardware Composed: Independent Flip,13610.5343,NA,6.95500000000000,6.93940000000000,0.10610000000000,7.27580000000000,20.7534,13603.7111,6.9293,6.8232,0.1061,7.2082,6.8908,5.8321,1.0587,0.0113,13603.7111,NA
parkey.exe,27808,0x12E93FCD700,DXGI,0,0,1,Hardware Composed: Independent Flip,13617.5273,NA,6.99300000000000,6.94850000000000,0.13010000000000,7.24280000000000,20.7089,13610.6404,7.0170,6.8869,0.1301,7.1996,6.9301,4.5793,2.3508,-0.0192,13610.6404,NA
parkey.exe,27808,0x12E93FCD700,DXGI,0,0,1,Hardware Composed: Independent Flip,13624.4730,NA,6.94570000000000,6.96220000000000,0.12480000000000,7.23270000000000,20.7254,13617.6574,6.9404,6.8156,0.1248,7.1462,6.9021,5.3637,1.5384,0.0548,13617.6574,NA
parkey.exe,27808,0x12E93FCD700,DXGI,0,0,1,Hardware Composed: Independent Flip,13631.4087,NA,6.93570000000000,6.93790000000000,0.13410000000000,7.23960000000000,20.7276,13624.5978,6.9450,6.8109,0.1341,7.1389,6.9116,5.4549,1.4567,0.0025,13624.5978,NA
parkey.exe,27808,0x12E93FCD700,DXGI,0,0,1,Hardware Composed: Independent Flip,13638.3393,NA,6.93060000000000,6.94280000000000,0.11520000000000,7.19730000000000,20.7398,13631.5428,6.9117,6.7965,0.1152,7.1343,6.8595,4.4897,2.3698,0.0022,13631.5428,NA
parkey.exe,27808,0x12E93FCD700,DXGI,0,0,1,Hardware Composed: Independent Flip,13645.3151,NA,6.97580000000000,6.96330000000000,0.10810000000000,7.23730000000000,20.7273,13638.4545,6.9687,6.8606,0.1081,7.1161,6.9818,6.2484,0.7334,-0.0516,13638.4545,NA
parkey.exe,27808,0x12E93FCD700,DXGI,0,0,1,Hardware Composed: Independent Flip,13652.2277,NA,6.91260000000000,6.94480000000000,0.13230000000000,7.26740000000000,20.7595,13645.4232,6.9368,6.8045,0.1323,7.1580,6.9139,4.5985,2.3154,0.0239,13645.4232,NA
parkey.exe,27808,0x12E93FCD700,DXGI,0,0,1,Hardware Composed: Independent Flip,13659.1743,NA,6.94660000000000,6.96300000000000,0.10640000000000,7.28370000000000,20.7759,13652.3600,6.9207,6.8143,0.1064,7.1674,6.9306,5.7367,1.1939,-0.0262,13652.3600,NA
parkey.exe,27808,0x12E93FCD700,DXGI,0,0,1,Hardware Composed: Independent Flip,13666.1630,NA,6.98870000000000,6.93620000000000,0.11190000000000,7.23660000000000,20.7234,13659.2807,6.9942,6.8823,0.1119,7.2021,6.9168,4.5715,2.3453,-0.0155,13659.2807,NA
parkey.exe,27808,0x12E93FCD700,DXGI,0,0,1,Hardware Composed: Independent Flip,13673.0815,NA,6.91850000000000,6.97180000000000,0.10940000000000,7.28490000000000,20.7767,13666.2749,6.9160,6.8066,0.1094,7.1552,6.9363,4.5748,2.3615,0.0224,13666.2749,NA
parkey.exe,27808,0x12E93FCD700,DXGI,0,0,1,Hardware Composed: Independent Flip,13680.0742,NA,6.99270000000000,6.93190000000000,0.11560000000000,7.25910000000000,20.7159,13673.1909,6.9989,6.8833,0.1156,7.2011,6.9413,4.6098,2.3315,-0.0159,13673.1909,NA
parkey.exe,27808,0x12E93FCD700,DXGI,0,0,1,Hardware Composed: Independent Flip,13686.9843,NA,6.91010000000000,6.94250000000000,0.11060000000000,7.28070000000000,20.7483,13680.1898,6.9051,6.7945,0.1106,7.1808,6.8944,4.5845,2.3099,0.0564,13680.1898,NA
parkey.exe,27808,0x12E93FCD700,DXGI,0,0,1,Hardware Composed: Independent Flip,13693.9537,NA,6.96940000000000,6.97810000000000,0.10860000000000,7.31950000000000,20.7570,13687.0949,6.9674,6.8588,0.1086,7.2293,6.9490,6.2990,0.6500,-0.0730,13687.0949,NA
parkey.exe,27808,0x12E93FCD700,DXGI,0,0,1,Hardware Composed: Independent Flip,13700.9323,NA,6.97860000000000,6.92270000000000,0.14670000000000,7.23040000000000,20.7011,13694.0623,7.0167,6.8700,0.1467,7.2375,6.8629,4.5912,2.2717,0.0447,13694.0623,NA
parkey.exe,27808,0x12E93FCD700,DXGI,0,0,1,Hardware Composed: Independent Flip,13707.8326,NA,6.90030000000000,6.95780000000000,0.11870000000000,7.28690000000000,20.7586,13701.0790,6.8723,6.7536,0.1187,7.1111,6.9294,5.3915,1.5379,0.0589,13701.0790,NA
parkey.exe,27808,0x12E93FCD700,DXGI,0,0,1,Hardware Composed: Independent Flip,13714.8654,NA,7.03280000000000,6.93710000000000,0.16070000000000,7.20070000000000,20.6629,13707.9513,7.0748,6.9141,0.1607,7.2052,6.9096,4.5919,2.3177,-0.0648,13707.9513,NA
parkey.exe,27808,0x12E93FCD700,DXGI,0,0,1,Hardware Composed: Independent Flip,13721.7226,NA,6.85720000000000,6.96470000000000,0.10850000000000,7.66320000000000,20.7704,13715.0261,6.8050,6.6965,0.1085,7.0707,7.2890,4.9650,2.3240,0.1101,13715.0261,NA
parkey.exe,27808,0x12E93FCD700,DXGI,0,0,1,Hardware Composed: Independent Flip,13728.7139,NA,6.99130000000000,6.94910000000000,0.12490000000000,7.23080000000000,20.7282,13721.8311,7.0077,6.8828,0.1249,7.5547,6.5589,5.6221,0.9368,-0.1441,13721.8311,NA
parkey.exe,27808,0x12E93FCD700,DXGI,0,0,1,Hardware Composed: Independent Flip,13735.6205,NA,6.90660000000000,6.98110000000000,0.09590000000000,7.31290000000000,20.8027,13728.8388,6.8776,6.7817,0.0959,7.1352,6.9594,4.5964,2.3630,0.0266,13728.8388,NA
parkey.exe,27808,0x12E93FCD700,DXGI,0,0,1,Hardware Composed: Independent Flip,13742.5920,NA,6.97150000000000,6.92260000000000,0.10690000000000,7.26660000000000,20.7538,13735.7164,6.9825,6.8756,0.1069,7.2435,6.8987,5.7531,1.1456,-0.0450,13735.7164,NA
parkey.exe,27808,0x12E93FCD700,DXGI,0,0,1,Hardware Composed: Independent Flip,13749.5527,NA,6.96070000000000,6.94720000000000,0.10140000000000,7.28900000000000,20.7403,13742.6989,6.9552,6.8538,0.1014,7.1836,6.9592,4.5897,2.3695,0.0353,13742.6989,NA
parkey.exe,27808,0x12E93FCD700,DXGI,0,0,1,Hardware Composed: Independent Flip,13756.5314,NA,6.97870000000000,6.95980000000000,0.11050000000000,7.12600000000000,20.7214,13749.6541,6.9878,6.8773,0.1105,7.2184,6.7849,4.4707,2.3142,-0.0046,13749.6541,NA
parkey.exe,27808,0x12E93FCD700,DXGI,0,0,1,Hardware Composed: Independent Flip,13763.4804,NA,6.94900000000000,6.92540000000000,0.13010000000000,7.25360000000000,20.6978,13756.6419,6.9686,6.8385,0.1301,7.0600,7.0321,4.5996,2.4325,0.0624,13756.6419,NA
parkey.exe,27808,0x12E93FCD700,DXGI,0,0,1,Hardware Composed: Independent Flip,13770.3822,NA,6.90180000000000,6.97280000000000,0.09640000000000,7.28510000000000,20.7688,13763.6105,6.8681,6.7717,0.0964,7.1546,6.9022,4.6242,2.2780,-0.0042,13763.6105,NA
parkey.exe,27808,0x12E93FCD700,DXGI,0,0,1,Hardware Composed: Independent Flip,13777.3620,NA,6.97980000000000,6.98420000000000,0.13730000000000,7.10530000000000,20.7732,13770.4786,7.0207,6.8834,0.1373,7.2428,6.7459,6.0910,0.6549,-0.1161,13770.4786,NA
parkey.exe,27808,0x12E93FCD700,DXGI,0,0,1,Hardware Composed: Independent Flip,13784.2976,NA,6.93560000000000,6.90570000000000,0.13030000000000,7.27630000000000,20.7433,13777.4993,6.9286,6.7983,0.1303,6.9969,7.0777,4.5828,2.4949,0.1150,13777.4993,NA
parkey.exe,27808,0x12E93FCD700,DXGI,0,0,1,Hardware Composed: Independent Flip,13791.2636,NA,6.96600000000000,6.95320000000000,0.12430000000000,7.29180000000000,20.7305,13784.4279,6.9600,6.8357,0.1243,7.1772,6.9503,5.3486,1.6017,-0.0246,13784.4279,NA
parkey.exe,27808,0x12E93FCD700,DXGI,0,0,1,Hardware Composed: Independent Flip,13798.2809,NA,7.01730000000000,6.95870000000000,0.14060000000000,7.17750000000000,20.6719,13791.3879,7.0336,6.8930,0.1406,7.1988,6.8717,4.5894,2.2823,0.0013,13791.3879,NA
parkey.exe,27808,0x12E93FCD700,DXGI,0,0,1,Hardware Composed: Independent Flip,13805.1409,NA,6.86000000000000,6.93760000000000,0.10820000000000,7.16280000000000,20.7495,13798.4215,6.8276,6.7194,0.1082,7.0655,6.8167,4.4697,2.3470,0.0960,13798.4215,NA
parkey.exe,27808,0x12E93FCD700,DXGI,0,0,1,Hardware Composed: Independent Flip,13812.1134,NA,6.97250000000000,6.94710000000000,0.11270000000000,7.25190000000000,20.7241,13805.2491,6.9770,6.8643,0.1127,7.1053,7.0109,4.5719,2.4390,-0.1195,13805.2491,NA
parkey.exe,27808,0x12E93FCD700,DXGI,0,0,1,Hardware Composed: Independent Flip,13819.0762,NA,6.96280000000000,6.94950000000000,0.14350000000000,7.23530000000000,20.7108,13812.2261,6.9936,6.8501,0.1435,7.1925,6.8929,4.5942,2.2987,0.0275,13812.2261,NA
parkey.exe,27808,0x12E93FCD700,DXGI,0,0,1,Hardware Composed: Independent Flip,13825.9900,NA,6.91380000000000,6.96100000000000,0.11160000000000,7.26170000000000,20.7580,13819.2197,6.8819,6.7703,0.1116,7.1204,6.9116,5.7819,1.1297,0.0326,13819.2197,NA
parkey.exe,27808,0x12E93FCD700,DXGI,0,0,1,Hardware Composed: Independent Flip,13832.9514,NA,6.96140000000000,6.93970000000000,0.12240000000000,7.25360000000000,20.7363,13826.1016,6.9722,6.8498,0.1224,7.1722,6.9312,4.5905,2.3407,-0.0578,13826.1016,NA
parkey.exe,27808,0x12E93FCD700,DXGI,0,0,1,Hardware Composed: Independent Flip,13839.8859,NA,6.93450000000000,6.95330000000000,0.13400000000000,7.36030000000000,20.7551,13833.0738,6.9461,6.8121,0.1340,7.1617,7.0107,4.6701,2.3406,0.0189,13833.0738,NA
parkey.exe,27808,0x12E93FCD700,DXGI,0,0,1,Hardware Composed: Independent Flip,13846.8859,NA,7.00000000000000,6.96440000000000,0.12280000000000,7.20320000000000,20.7195,13840.0199,6.9888,6.8660,0.1228,7.2568,6.8124,4.5749,2.2375,-0.0183,13840.0199,NA
parkey.exe,27808,0x12E93FCD700,DXGI,0,0,1,Hardware Composed: Independent Flip,13853.8197,NA,6.93380000000000,6.95150000000000,0.14890000000000,7.23320000000000,20.7372,13847.0087,6.9599,6.8110,0.1489,7.1357,6.9085,4.5849,2.3236,0.0373,13847.0087,NA
parkey.exe,27808,0x12E93FCD700,DXGI,0,0,1,Hardware Composed: Independent Flip,13860.7449,NA,6.92520000000000,6.93810000000000,0.11940000000000,7.15470000000000,20.7501,13853.9686,6.8957,6.7763,0.1194,7.1307,6.8003,6.0768,0.7235,0.0218,13853.9686,NA
parkey.exe,27808,0x12E93FCD700,DXGI,0,0,1,Hardware Composed: Independent Flip,13867.7213,NA,6.97640000000000,6.94350000000000,0.13630000000000,7.25300000000000,20.7172,13860.8643,6.9933,6.8570,0.1363,7.0631,7.0469,4.5872,2.4597,-0.0478,13860.8643,NA
parkey.exe,27808,0x12E93FCD700,DXGI,0,0,1,Hardware Composed: Independent Flip,13874.6576,NA,6.93630000000000,6.96220000000000,0.11180000000000,7.26250000000000,20.7431,13867.8576,6.9118,6.8000,0.1118,7.1488,6.9137,5.3967,1.5170,0.0311,13867.8576,NA
parkey.exe,27808,0x12E93FCD700,DXGI,0,0,1,Hardware Composed: Independent Flip,13881.6139,NA,6.95630000000000,6.94300000000000,0.11960000000000,7.25780000000000,20.7298,13874.7694,6.9641,6.8445,0.1196,7.1805,6.9218,4.6068,2.3150,-0.0312,13874.7694,NA
parkey.exe,27808,0x12E93FCD700,DXGI,0,0,1,Hardware Composed: Independent Flip,13888.5357,NA,6.92180000000000,6.94140000000000,0.11050000000000,7.17420000000000,20.7494,13881.7335,6.9127,6.8022,0.1105,7.1696,6.8068,4.4765,2.3303,0.0227,13881.7335,NA
parkey.exe,27808,0x12E93FCD700,DXGI,0,0,1,Hardware Composed: Independent Flip,13895.5302,NA,6.99450000000000,6.96980000000000,0.11420000000000,7.23320000000000,20.7247,13888.6462,6.9982,6.8840,0.1142,7.1090,7.0082,6.2206,0.7876,-0.0571,13888.6462,NA
parkey.exe,27808,0x12E93FCD700,DXGI,0,0,1,Hardware Composed: Independent Flip,13902.4472,NA,6.91700000000000,6.92890000000000,0.13740000000000,7.27730000000000,20.7366,13895.6444,6.9402,6.8028,0.1374,7.1511,6.9290,4.6252,2.3038,0.0693,13895.6444,NA
parkey.exe,27808,0x12E93FCD700,DXGI,0,0,1,Hardware Composed: Independent Flip,13909.3818,NA,6.93460000000000,6.98770000000000,0.10870000000000,7.29410000000000,20.7897,13902.5846,6.9059,6.7972,0.1087,7.1690,6.9223,5.7322,1.1901,-0.0475,13902.5846,NA
parkey.exe,27808,0x12E93FCD700,DXGI,0,0,1,Hardware Composed: Independent Flip,13916.3985,NA,7.01670000000000,6.92940000000000,0.13550000000000,7.08950000000000,20.7024,13909.4905,7.0435,6.9080,0.1355,7.2154,6.7821,5.6143,1.1678,-0.0235,13909.4905,NA
parkey.exe,27808,0x12E93FCD700,DXGI,0,0,1,Hardware Composed: Independent Flip,13923.2854,NA,6.88690000000000,6.93070000000000,0.11500000000000,7.20700000000000,20.7462,13916.5340,6.8664,6.7514,0.1150,6.9783,6.9801,4.4918,2.4883,0.1128,13916.5340,NA
parkey.exe,27808,0x12E93FCD700,DXGI,0,0,1,Hardware Composed: Independent Flip,13930.2994,NA,7.01400000000000,6.96340000000000,0.11630000000000,7.22350000000000,20.6956,13923.4004,7.0153,6.8990,0.1163,7.1151,7.0074,4.6240,2.3834,-0.0970,13923.4004,NA
parkey.exe,27808,0x12E93FCD700,DXGI,0,0,1,Hardware Composed: Independent Flip,13937.2021,NA,6.90270000000000,6.94230000000000,0.10960000000000,7.24080000000000,20.7352,13930.4157,6.8960,6.7864,0.1096,7.1411,6.8861,4.5904,2.2957,0.0730,13930.4157,NA
parkey.exe,27808,0x12E93FCD700,DXGI,0,0,1,Hardware Composed: Independent Flip,13944.1275,NA,6.92540000000000,6.96250000000000,0.11630000000000,7.18820000000000,20.7723,13937.3117,6.9321,6.8158,0.1163,7.2008,6.8032,6.0937,0.7095,-0.0665,13937.3117,NA
parkey.exe,27808,0x12E93FCD700,DXGI,0,0,1,Hardware Composed: Independent Flip,13951.1132,NA,6.98570000000000,6.93860000000000,0.11850000000000,7.23750000000000,20.7252,13944.2438,6.9879,6.8694,0.1185,7.1007,7.0062,4.5864,2.4198,-0.0065,13944.2438,NA
parkey.exe,27808,0x12E93FCD700,DXGI,0,0,1,Hardware Composed: Independent Flip,13958.0268,NA,6.91360000000000,6.97090000000000,0.09580000000000,7.29990000000000,20.7825,13951.2317,6.8909,6.7951,0.0958,7.1408,6.9542,5.3907,1.5635,0.0170,13951.2317,NA
parkey.exe,27808,0x12E93FCD700,DXGI,0,0,1,Hardware Composed: Independent Flip,13965.0240,NA,6.99720000000000,6.92780000000000,0.14210000000000,7.24190000000000,20.7131,13958.1226,7.0435,6.9014,0.1421,7.2352,6.9081,4.5902,2.3179,-0.0369,13958.1226,NA
parkey.exe,27808,0x12E93FCD700,DXGI,0,0,1,Hardware Composed: Independent Flip,13971.9522,NA,6.92820000000000,6.95200000000000,0.11170000000000,7.15930000000000,20.7369,13965.1661,6.8978,6.7861,0.1117,7.1516,6.7938,4.4589,2.3349,0.0915,13965.1661,NA
parkey.exe,27808,0x12E93FCD700,DXGI,0,0,1,Hardware Composed: Independent Flip,13978.9445,NA,6.99230000000000,6.95760000000000,0.12620000000000,7.20730000000000,20.7022,13972.0639,7.0068,6.8806,0.1262,7.1027,6.9852,6.0235,0.9617,-0.0598,13972.0639,NA
parkey.exe,27808,0x12E93FCD700,DXGI,0,0,1,Hardware Composed: Independent Flip,13985.8273,NA,6.88280000000000,6.95060000000000,0.10130000000000,7.28050000000000,20.7700,13979.0707,6.8579,6.7566,0.1013,7.1103,6.9268,4.5802,2.3466,0.0562,13979.0707,NA
parkey.exe,27808,0x12E93FCD700,DXGI,0,0,1,Hardware Composed: Independent Flip,13992.7867,NA,6.95940000000000,6.94590000000000,0.11340000000000,7.28370000000000,20.7565,13985.9286,6.9715,6.8581,0.1134,7.2096,6.9322,5.7311,1.2011,-0.0880,13985.9286,NA
parkey.exe,27808,0x12E93FCD700,DXGI,0,0,1,Hardware Composed: Independent Flip,13999.7838,NA,6.99710000000000,6.95870000000000,0.12190000000000,7.30160000000000,20.7181,13992.9001,7.0056,6.8837,0.1219,7.1994,6.9859,4.6455,2.3404,0.0128,13992.9001,NA
parkey.exe,27808,0x12E93FCD700,DXGI,0,0,1,Hardware Composed: Independent Flip,14006.7272,NA,6.94340000000000,6.93600000000000,0.13010000000000,7.22770000000000,20.7107,13999.9057,6.9516,6.8215,0.1301,7.2157,6.8335,4.5905,2.2430,0.0696,13999.9057,NA
parkey.exe,27808,0x12E93FCD700,DXGI,0,0,1,Hardware Composed: Independent Flip,14013.6452,NA,6.91800000000000,6.94410000000000,0.11040000000000,7.27810000000000,20.7368,14006.8573,6.8983,6.7879,0.1104,7.1227,6.9433,4.5957,2.3476,0.0075,14006.8573,NA
parkey.exe,27808,0x12E93FCD700,DXGI,0,0,1,Hardware Composed: Independent Flip,14020.6032,NA,6.95800000000000,6.96110000000000,0.11000000000000,7.27120000000000,20.7399,14013.7556,6.9576,6.8476,0.1100,7.2006,6.9182,4.6059,2.3123,-0.0628,14013.7556,NA
parkey.exe,27808,0x12E93FCD700,DXGI,0,0,1,Hardware Composed: Independent Flip,14027.5338,NA,6.93060000000000,6.94570000000000,0.12890000000000,7.17490000000000,20.7550,14020.7132,6.9495,6.8206,0.1289,7.1977,6.7978,6.0848,0.7130,0.0119,14020.7132,NA
parkey.exe,27808,0x12E93FCD700,DXGI,0,0,1,Hardware Composed: Independent Flip,14034.8575,NA,7.32370000000000,6.96130000000000,0.12640000000000,6.90290000000000,20.3926,14027.6627,7.3212,7.1948,0.1264,7.0707,7.0270,4.5876,2.4394,-0.0118,14027.6627,NA
parkey.exe,27808,0x12E93FCD700,DXGI,0,0,1,Hardware Composed: Independent Flip,14041.4380,NA,6.58050000000000,6.94300000000000,0.10850000000000,7.26800000000000,20.7551,14034.9839,6.5626,6.4541,0.1085,6.8065,6.9156,5.3764,1.5392,0.3782,14034.9839,NA
parkey.exe,27808,0x12E93FCD700,DXGI,0,0,1,Hardware Composed: Independent Flip,14048.4064,NA,6.96840000000000,6.95100000000000,0.12500000000000,7.25900000000000,20.7377,14041.5465,6.9849,6.8599,0.1250,7.1838,6.9351,4.5794,2.3557,-0.3884,14041.5465,NA
parkey.exe,27808,0x12E93FCD700,DXGI,0,0,1,Hardware Composed: Independent Flip,14055.3508,NA,6.94440000000000,6.94810000000000,0.10920000000000,7.65490000000000,20.7414,14048.5314,6.9286,6.8194,0.1092,7.1615,7.3128,4.9776,2.3352,0.0368,14048.5314,NA
parkey.exe,27808,0x12E93FCD700,DXGI,0,0,1,Hardware Composed: Independent Flip,14062.3178,NA,6.96700000000000,6.95190000000000,0.11760000000000,7.23990000000000,20.7263,14055.4600,6.9754,6.8578,0.1176,7.5457,6.5520,5.6413,0.9107,-0.0233,14055.4600,NA
parkey.exe,27808,0x12E93FCD700,DXGI,0,0,1,Hardware Composed: Independent Flip,14069.2426,NA,6.92480000000000,6.94830000000000,0.11240000000000,7.26680000000000,20.7498,14062.4354,6.9196,6.8072,0.1124,7.1606,6.9134,4.5700,2.3434,0.0271,14062.4354,NA
parkey.exe,27808,0x12E93FCD700,DXGI,0,0,1,Hardware Composed: Independent Flip,14076.1931,NA,6.95050000000000,6.94860000000000,0.11640000000000,7.26190000000000,20.7479,14069.3550,6.9545,6.8381,0.1164,7.1840,6.9160,5.7380,1.1780,-0.0290,14069.3550,NA
parkey.exe,27808,0x12E93FCD700,DXGI,0,0,1,Hardware Composed: Independent Flip,14083.1725,NA,6.97940000000000,6.95680000000000,0.11470000000000,7.23690000000000,20.7253,14076.3095,6.9777,6.8630,0.1147,7.1761,6.9238,4.5857,2.3381,-0.0023,14076.3095,NA
parkey.exe,27808,0x12E93FCD700,DXGI,0,0,1,Hardware Composed: Independent Flip,14090.0993,NA,6.92680000000000,6.94090000000000,0.13940000000000,7.25070000000000,20.7394,14083.2872,6.9515,6.8121,0.1394,7.1743,6.8885,4.5849,2.3036,0.0368,14083.2872,NA
parkey.exe,27808,0x12E93FCD700,DXGI,0,0,1,Hardware Composed: Independent Flip,14097.0453,NA,6.94600000000000,6.95000000000000,0.10780000000000,7.27310000000000,20.7434,14090.2387,6.9144,6.8066,0.1078,7.1358,6.9439,4.5968,2.3471,0.0015,14090.2387,NA
parkey.exe,27808,0x12E93FCD700,DXGI,0,0,1,Hardware Composed: Independent Flip,14103.9971,NA,6.95180000000000,6.96100000000000,0.12450000000000,7.27640000000000,20.7526,14097.1531,6.9685,6.8440,0.1245,7.1945,6.9259,4.6084,2.3175,-0.0466,14097.1531,NA
parkey.exe,27808,0x12E93FCD700,DXGI,0,0,1,Hardware Composed: Independent Flip,14110.9322,NA,6.93510000000000,6.96590000000000,0.10800000000000,7.27300000000000,20.7834,14104.1216,6.9186,6.8106,0.1080,7.2003,6.8833,5.7858,1.0975,0.0026,14104.1216,NA
parkey.exe,27808,0x12E93FCD700,DXGI,0,0,1,Hardware Composed: Independent Flip,14117.9247,NA,6.99250000000000,6.92800000000000,0.13350000000000,7.23240000000000,20.7189,14111.0402,7.0180,6.8845,0.1335,7.1908,6.9261,4.5734,2.3527,-0.0094,14111.0402,NA
parkey.exe,27808,0x12E93FCD700,DXGI,0,0,1,Hardware Composed: Independent Flip,14124.8432,NA,6.91850000000000,6.95410000000000,0.10640000000000,7.28460000000000,20.7545,14118.0582,6.8914,6.7850,0.1064,7.1485,6.9211,5.3582,1.5629,0.0639,14118.0582,NA
parkey.exe,27808,0x12E93FCD700,DXGI,0,0,1,Hardware Composed: Independent Flip,14131.8509,NA,7.00770000000000,6.93710000000000,0.13050000000000,7.20670000000000,20.6839,14124.9496,7.0318,6.9013,0.1305,7.2025,6.9055,5.0326,1.8729,-0.0457,14124.9496,NA
parkey.exe,27808,0x12E93FCD700,DXGI,0,0,1,Hardware Composed: Independent Flip,14138.7349,NA,6.88400000000000,6.95660000000000,0.10810000000000,7.16100000000000,20.7565,14131.9814,6.8616,6.7535,0.1081,7.1056,6.8089,4.4512,2.3577,0.0752,14131.9814,NA
parkey.exe,27808,0x12E93FCD700,DXGI,0,0,1,Hardware Composed: Independent Flip,14145.7099,NA,6.97500000000000,6.98090000000000,0.11260000000000,7.23390000000000,20.7624,14138.8430,6.9795,6.8669,0.1126,7.0817,7.0191,6.2859,0.7332,-0.1193,14138.8430,NA
parkey.exe,27808,0x12E93FCD700,DXGI,0,0,1,Hardware Composed: Independent Flip,14152.6377,NA,6.92780000000000,6.92600000000000,0.13190000000000,7.27140000000000,20.7606,14145.8225,6.9471,6.8152,0.1319,7.1472,6.9394,4.5871,2.3523,0.0535,14145.8225,NA
parkey.exe,27808,0x12E93FCD700,DXGI,0,0,1,Hardware Composed: Independent Flip,14159.5812,NA,6.94350000000000,6.96620000000000,0.10660000000000,7.32210000000000,20.7833,14152.7696,6.9182,6.8116,0.1066,7.1697,6.9640,5.7465,1.2175,-0.0191,14152.7696,NA
parkey.exe,27808,0x12E93FCD700,DXGI,0,0,1,Hardware Composed: Independent Flip,14166.6267,NA,7.04550000000000,6.94290000000000,0.13950000000000,7.19220000000000,20.6807,14159.6878,7.0784,6.9389,0.1395,7.2425,6.8886,4.6011,2.2875,-0.0247,14159.6878,NA
parkey.exe,27808,0x12E93FCD700,DXGI,0,0,1,Hardware Composed: Independent Flip,14173.5010,NA,6.87430000000000,6.94430000000000,0.12470000000000,7.18760000000000,20.7507,14166.7662,6.8595,6.7348,0.1247,7.0899,6.8325,4.4817,2.3508,0.1341,14166.7662,NA
parkey.exe,27808,0x12E93FCD700,DXGI,0,0,1,Hardware Composed: Independent Flip,14180.5035,NA,7.00250000000000,6.94920000000000,0.12050000000000,7.27060000000000,20.6974,14173.6257,6.9983,6.8778,0.1205,7.0853,7.0631,4.6364,2.4267,-0.0897,14173.6257,NA
parkey.exe,27808,0x12E93FCD700,DXGI,0,0,1,Hardware Composed: Independent Flip,14187.4144,NA,6.91090000000000,6.94100000000000,0.11910000000000,7.24460000000000,20.7275,14180.6240,6.9095,6.7904,0.1191,7.1821,6.8529,4.5751,2.2778,0.0573,14180.6240,NA
parkey.exe,27808,0x12E93FCD700,DXGI,0,0,1,Hardware Composed: Independent Flip,14194.3560,NA,6.94160000000000,6.98130000000000,0.14800000000000,7.26500000000000,20.7672,14187.5335,6.9705,6.8225,0.1480,7.1679,6.9196,6.1866,0.7330,-0.0718,14187.5335,NA
parkey.exe,27808,0x12E93FCD700,DXGI,0,0,1,Hardware Composed: Independent Flip,14201.3125,NA,6.95650000000000,6.92680000000000,0.12110000000000,7.26440000000000,20.7375,14194.5040,6.9296,6.8085,0.1211,7.1430,6.9299,4.6185,2.3114,0.0437,14194.5040,NA
parkey.exe,27808,0x12E93FCD700,DXGI,0,0,1,Hardware Composed: Independent Flip,14208.2349,NA,6.92240000000000,6.95840000000000,0.11460000000000,7.31520000000000,20.7735,14201.4336,6.9159,6.8013,0.1146,7.1936,6.9229,5.3784,1.5445,-0.0288,14201.4336,NA
parkey.exe,27808,0x12E93FCD700,DXGI,0,0,1,Hardware Composed: Independent Flip,14215.2928,NA,7.05790000000000,6.94630000000000,0.17340000000000,7.18110000000000,20.6619,14208.3495,7.1167,6.9433,0.1734,7.2276,6.8968,4.6042,2.2926,-0.0304,14208.3495,NA
parkey.exe,27808,0x12E93FCD700,DXGI,0,0,1,Hardware Composed: Independent Flip,14222.1395,NA,6.84670000000000,6.94270000000000,0.10330000000000,7.19950000000000,20.7579,14215.4662,6.7766,6.6733,0.1033,7.0418,6.8310,4.4800,2.3510,0.1740,14215.4662,NA
parkey.exe,27808,0x12E93FCD700,DXGI,0,0,1,Hardware Composed: Independent Flip,14229.1694,NA,7.02990000000000,6.94890000000000,0.15320000000000,7.19770000000000,20.6769,14222.2428,7.0798,6.9266,0.1532,7.1272,6.9971,6.2272,0.7699,-0.1723,14222.2428,NA
parkey.exe,27808,0x12E93FCD700,DXGI,0,0,1,Hardware Composed: Independent Flip,14236.0726,NA,6.90320000000000,6.94890000000000,0.12560000000000,7.24610000000000,20.7226,14229.3226,6.8756,6.7500,0.1256,7.0717,6.9244,4.5870,2.3374,0.1309,14229.3226,NA
parkey.exe,27808,0x12E93FCD700,DXGI,0,0,1,Hardware Composed: Independent Flip,14242.9942,NA,6.92160000000000,6.96010000000000,0.14120000000000,7.25990000000000,20.7611,14236.1982,6.9372,6.7960,0.1412,7.1510,6.9049,5.7611,1.1438,-0.0845,14236.1982,NA
parkey.exe,27808,0x12E93FCD700,DXGI,0,0,1,Hardware Composed: Independent Flip,14249.9593,NA,6.96510000000000,6.94240000000000,0.12420000000000,7.24960000000000,20.7384,14243.1354,6.9481,6.8239,0.1242,7.1463,6.9272,4.5759,2.3513,-0.0052,14243.1354,NA
parkey.exe,27808,0x12E93FCD700,DXGI,0,0,1,Hardware Composed: Independent Flip,14256.9274,NA,6.96810000000000,6.95390000000000,0.13080000000000,7.74840000000000,20.7242,14250.0835,6.9747,6.8439,0.1308,7.1514,7.4409,5.0594,2.3815,-0.0058,14250.0835,NA
parkey.exe,27808,0x12E93FCD700,DXGI,0,0,1,Hardware Composed: Independent Flip,14263.8762,NA,6.94880000000000,6.95900000000000,0.11790000000000,7.25710000000000,20.7344,14257.0582,6.9359,6.8180,0.1179,7.6176,6.4575,4.7373,1.7202,0.0157,14257.0582,NA
parkey.exe,27808,0x12E93FCD700,DXGI,0,0,1,Hardware Composed: Independent Flip,14270.7969,NA,6.92070000000000,6.94760000000000,0.19210000000000,7.26190000000000,20.7613,14263.9941,6.9949,6.8028,0.1921,7.1795,6.8852,4.5769,2.3083,-0.0117,14263.9941,NA
parkey.exe,27808,0x12E93FCD700,DXGI,0,0,1,Hardware Composed: Independent Flip,14277.7542,NA,6.95730000000000,6.93800000000000,0.14340000000000,7.28020000000000,20.7420,14270.9890,6.9086,6.7652,0.1434,7.1246,6.9208,6.2187,0.7021,0.0569,14270.9890,NA
parkey.exe,27808,0x12E93FCD700,DXGI,0,0,1,Hardware Composed: Independent Flip,14284.7302,NA,6.97600000000000,6.94200000000000,0.13090000000000,7.26460000000000,20.7080,14277.8976,6.9635,6.8326,0.1309,7.1643,6.9329,4.6047,2.3282,-0.0334,14277.8976,NA
parkey.exe,27808,0x12E93FCD700,DXGI,0,0,1,Hardware Composed: Independent Flip,14291.6653,NA,6.93510000000000,6.96360000000000,0.12200000000000,7.24440000000000,20.7365,14284.8611,6.9262,6.8042,0.1220,7.1699,6.8787,5.3983,1.4804,-0.0001,14284.8611,NA
parkey.exe,27808,0x12E93FCD700,DXGI,0,0,1,Hardware Composed: Independent Flip,14298.6168,NA,6.95150000000000,6.94640000000000,0.12460000000000,7.23860000000000,20.7314,14291.7873,6.9541,6.8295,0.1246,7.1538,6.9143,4.5845,2.3298,-0.0202,14291.7873,NA
parkey.exe,27808,0x12E93FCD700,DXGI,0,0,1,Hardware Composed: Independent Flip,14305.5364,NA,6.91960000000000,6.94560000000000,0.11380000000000,7.35610000000000,20.7574,14298.7414,6.9088,6.7950,0.1138,7.1408,7.0103,4.6698,2.3405,0.0085,14298.7414,NA
parkey.exe,27808,0x12E93FCD700,DXGI,0,0,1,Hardware Composed: Independent Flip,14312.5246,NA,6.98820000000000,6.96230000000000,0.11610000000000,7.23630000000000,20.7315,14305.6502,6.9905,6.8744,0.1161,7.2903,6.8204,4.5725,2.2479,-0.0535,14305.6502,NA
parkey.exe,27808,0x12E93FCD700,DXGI,0,0,1,Hardware Composed: Independent Flip,14319.4368,NA,6.91220000000000,6.96600000000000,0.11800000000000,7.27070000000000,20.7853,14312.6407,6.9141,6.7961,0.1180,7.1534,6.9134,4.5766,2.3368,0.0245,14312.6407,NA
parkey.exe,27808,0x12E93FCD700,DXGI,0,0,1,Hardware Composed: Independent Flip,14326.3933,NA,6.95650000000000,6.98720000000000,0.11100000000000,7.36890000000000,20.8160,14319.5548,6.9495,6.8385,0.1110,7.1833,7.0241,5.8076,1.2165,-0.0731,14319.5548,NA
parkey.exe,27808,0x12E93FCD700,DXGI,0,0,1,Hardware Composed: Independent Flip,14333.4583,NA,7.06500000000000,6.92530000000000,0.20540000000000,7.16910000000000,20.6763,14326.5043,7.1594,6.9540,0.2054,7.3110,6.8121,4.5897,2.2224,0.0242,14326.5043,NA
parkey.exe,27808,0x12E93FCD700,DXGI,0,0,1,Hardware Composed: Independent Flip,14340.3579,NA,6.89960000000000,6.94830000000000,0.17870000000000,7.65830000000000,20.7250,14333.6637,6.8729,6.6942,0.1787,7.0114,7.3411,4.9800,2.3611,0.2111,14333.6637,NA
parkey.exe,27808,0x12E93FCD700,DXGI,0,0,1,Hardware Composed: Independent Flip,14347.3787,NA,7.02080000000000,6.95200000000000,0.14080000000000,7.17300000000000,20.6562,14340.5366,6.9829,6.8421,0.1408,7.4796,6.5355,4.7202,1.8153,-0.0791,14340.5366,NA
parkey.exe,27808,0x12E93FCD700,DXGI,0,0,1,Hardware Composed: Independent Flip,14354.3063,NA,6.92760000000000,6.95510000000000,0.18090000000000,7.20200000000000,20.6837,14347.5195,6.9677,6.7868,0.1809,7.0867,6.9021,4.5896,2.3125,0.0278,14347.5195,NA
parkey.exe,27808,0x12E93FCD700,DXGI,0,0,1,Hardware Composed: Independent Flip,14361.3141,NA,7.00780000000000,6.97550000000000,0.21090000000000,7.04810000000000,20.6514,14354.4872,7.0378,6.8269,0.2109,7.0722,6.8028,6.0811,0.7217,-0.0078,14354.4872,NA
parkey.exe,27808,0x12E93FCD700,DXGI,0,0,1,Hardware Composed: Independent Flip,14368.2231,NA,6.90900000000000,6.93070000000000,0.19750000000000,7.19040000000000,20.6731,14361.5250,6.8956,6.6981,0.1975,6.8981,6.9904,4.5929,2.3975,0.1071,14361.5250,NA
parkey.exe,27808,0x12E93FCD700,DXGI,0,0,1,Hardware Composed: Independent Flip,14375.1634,NA,6.94030000000000,6.96110000000000,0.18030000000000,7.20490000000000,20.6939,14368.4206,6.9231,6.7428,0.1803,7.0298,6.9179,5.3622,1.5557,-0.0655,14368.4206,NA
parkey.exe,27808,0x12E93FCD700,DXGI,0,0,1,Hardware Composed: Independent Flip,14382.1397,NA,6.97630000000000,6.93830000000000,0.15480000000000,7.19790000000000,20.6559,14375.3437,6.9508,6.7960,0.1548,7.0769,6.9170,4.6013,2.3157,-0.0152,14375.3437,NA
parkey.exe,27808,0x12E93FCD700,DXGI,0,0,1,Hardware Composed: Independent Flip,14389.0697,NA,6.93000000000000,6.96180000000000,0.17340000000000,7.60050000000000,20.6877,14382.2945,6.9486,6.7752,0.1734,7.0811,7.2946,4.9703,2.3243,-0.0110,14382.2945,NA
parkey.exe,27808,0x12E93FCD700,DXGI,0,0,1,Hardware Composed: Independent Flip,14396.0782,NA,7.00850000000000,6.93380000000000,0.16120000000000,7.06160000000000,20.6130,14389.2431,6.9963,6.8351,0.1612,7.4271,6.4696,6.3440,0.1256,0.0148,14389.2431,NA
parkey.exe,27808,0x12E93FCD700,DXGI,0,0,1,Hardware Composed: Independent Flip,14402.9653,NA,6.88710000000000,6.94770000000000,0.20010000000000,7.23240000000000,20.6736,14396.2394,6.9260,6.7259,0.2001,6.9311,7.0272,4.6053,2.4219,0.0486,14396.2394,NA
parkey.exe,27808,0x12E93FCD700,DXGI,0,0,1,Hardware Composed: Independent Flip,14409.9631,NA,6.99780000000000,6.96650000000000,0.20090000000000,7.15520000000000,20.6423,14403.1654,6.9986,6.7977,0.2009,7.0708,6.8821,5.7281,1.1540,-0.0405,14403.1654,NA
parkey.exe,27808,0x12E93FCD700,DXGI,0,0,1,Hardware Composed: Independent Flip,14416.8727,NA,6.90960000000000,6.93700000000000,0.16230000000000,7.20170000000000,20.6697,14410.1640,6.8710,6.7087,0.1623,6.9856,6.9248,4.5928,2.3320,0.0616,14410.1640,NA
parkey.exe,27808,0x12E93FCD700,DXGI,0,0,1,Hardware Composed: Independent Flip,14423.7978,NA,6.92510000000000,6.94270000000000,0.17730000000000,7.84260000000000,20.6873,14417.0350,6.9401,6.7628,0.1773,7.0734,7.5320,5.1925,2.3395,-0.0717,14417.0350,NA
parkey.exe,27808,0x12E93FCD700,DXGI,0,0,1,Hardware Composed: Independent Flip,14430.8050,NA,7.00720000000000,6.94450000000000,0.15570000000000,7.17130000000000,20.6246,14423.9751,6.9856,6.8299,0.1557,7.6653,6.3359,5.2080,1.1279,-0.0044,14423.9751,NA
parkey.exe,27808,0x12E93FCD700,DXGI,0,0,1,Hardware Composed: Independent Flip,14437.6847,NA,6.87970000000000,6.95600000000000,0.15870000000000,7.21620000000000,20.7009,14430.9607,6.8827,6.7240,0.1587,7.0440,6.8962,4.5718,2.3244,0.0296,14430.9607,NA
parkey.exe,27808,0x12E93FCD700,DXGI,0,0,1,Hardware Composed: Independent Flip,14444.6367,NA,6.95200000000000,6.95320000000000,0.17730000000000,7.11870000000000,20.7021,14437.8434,6.9706,6.7933,0.1773,7.1264,6.7856,6.3271,0.4585,-0.0705,14437.8434,NA
parkey.exe,27808,0x12E93FCD700,DXGI,0,0,1,Hardware Composed: Independent Flip,14451.6198,NA,6.98310000000000,6.94140000000000,0.19850000000000,7.18620000000000,20.6604,14444.8140,7.0043,6.8058,0.1985,6.9701,7.0219,4.6288,2.3931,0.0292,14444.8140,NA
parkey.exe,27808,0x12E93FCD700,DXGI,0,0,1,Hardware Composed: Independent Flip,14458.5083,NA,6.88850000000000,6.96730000000000,0.13820000000000,7.24520000000000,20.7392,14451.8183,6.8282,6.6900,0.1382,7.0203,6.9149,4.9286,1.9863,0.0370,14451.8183,NA
parkey.exe,27808,0x12E93FCD700,DXGI,0,0,1,Hardware Composed: Independent Flip,14465.5130,NA,7.00470000000000,6.90790000000000,0.16360000000000,7.18680000000000,20.6424,14458.6465,7.0301,6.8665,0.1636,7.1597,6.8936,4.5847,2.3089,-0.0797,14458.6465,NA
parkey.exe,27808,0x12E93FCD700,DXGI,0,0,1,Hardware Composed: Independent Flip,14472.4008,NA,6.88780000000000,6.95230000000000,0.14110000000000,7.17570000000000,20.7069,14465.6766,6.8653,6.7242,0.1411,7.0552,6.8447,4.4815,2.3632,0.0778,14465.6766,NA
parkey.exe,27808,0x12E93FCD700,DXGI,0,0,1,Hardware Composed: Independent Flip,14479.3747,NA,6.97390000000000,6.95980000000000,0.13190000000000,7.21360000000000,20.6928,14472.5419,6.9647,6.8328,0.1319,7.0876,6.9588,6.2361,0.7227,-0.0945,14472.5419,NA
parkey.exe,27808,0x12E93FCD700,DXGI,0,0,1,Hardware Composed: Independent Flip,14486.2674,NA,6.89270000000000,6.94710000000000,0.12210000000000,7.26140000000000,20.7472,14479.5066,6.8829,6.7608,0.1221,7.1117,6.9105,4.6103,2.3002,0.0176,14479.5066,NA
parkey.exe,27808,0x12E93FCD700,DXGI,0,0,1,Hardware Composed: Independent Flip,14493.2192,NA,6.95180000000000,6.93770000000000,0.12090000000000,7.25120000000000,20.7331,14486.3895,6.9506,6.8297,0.1209,7.1756,6.9053,5.7603,1.1450,-0.0548,14486.3895,NA
parkey.exe,27808,0x12E93FCD700,DXGI,0,0,1,Hardware Composed: Independent Flip,14500.2026,NA,6.98340000000000,6.95640000000000,0.12460000000000,7.25390000000000,20.7061,14493.3401,6.9871,6.8625,0.1246,7.1818,6.9346,4.6272,2.3074,-0.0058,14493.3401,NA
parkey.exe,27808,0x12E93FCD700,DXGI,0,0,1,Hardware Composed: Independent Flip,14507.1298,NA,6.92720000000000,6.94220000000000,0.13130000000000,7.24170000000000,20.7211,14500.3272,6.9339,6.8026,0.1313,7.1606,6.8837,4.5918,2.2919,0.0449,14500.3272,NA
parkey.exe,27808,0x12E93FCD700,DXGI,0,0,1,Hardware Composed: Independent Flip,14514.0661,NA,6.93630000000000,6.95550000000000,0.12420000000000,7.25870000000000,20.7403,14507.2611,6.9292,6.8050,0.1242,7.1409,6.9228,4.5905,2.3323,-0.0216,14507.2611,NA
parkey.exe,27808,0x12E93FCD700,DXGI,0,0,1,Hardware Composed: Independent Flip,14521.0089,NA,6.94280000000000,6.97390000000000,0.11300000000000,7.27120000000000,20.7714,14514.1903,6.9316,6.8186,0.1130,7.1690,6.9208,4.5982,2.3226,-0.0447,14514.1903,NA
parkey.exe,27808,0x12E93FCD700,DXGI,0,0,1,Hardware Composed: Independent Flip,14527.9494,NA,6.94050000000000,6.93710000000000,0.13840000000000,7.17930000000000,20.7680,14521.1219,6.9659,6.8275,0.1384,7.2209,6.7859,6.0570,0.7289,-0.0055,14521.1219,NA
parkey.exe,27808,0x12E93FCD700,DXGI,0,0,1,Hardware Composed: Independent Flip,14534.9222,NA,6.97280000000000,6.99950000000000,0.12120000000000,7.27010000000000,20.7947,14528.0878,6.9556,6.8344,0.1212,7.0726,7.0319,4.5853,2.4466,-0.0336,14528.0878,NA
parkey.exe,27808,0x12E93FCD700,DXGI,0,0,1,Hardware Composed: Independent Flip,14541.9433,NA,7.02110000000000,6.92320000000000,0.16050000000000,7.19020000000000,20.6968,14535.0434,7.0604,6.8999,0.1605,7.1856,6.9045,4.9512,1.9533,0.0324,14535.0434,NA
parkey.exe,27808,0x12E93FCD700,DXGI,0,0,1,Hardware Composed: Independent Flip,14548.8567,NA,6.91340000000000,6.91350000000000,0.12750000000000,7.28680000000000,20.6969,14542.1038,6.8804,6.7529,0.1275,7.0610,6.9787,4.5940,2.3847,0.1469,14542.1038,NA
parkey.exe,27808,0x12E93FCD700,DXGI,0,0,1,Hardware Composed: Independent Flip,14555.9141,NA,7.05740000000000,6.95200000000000,0.39000000000000,7.05670000000000,20.5915,14548.9842,7.3199,6.9299,0.3900,7.2053,6.7813,4.5067,2.2746,-0.0716,14548.9842,NA
parkey.exe,27808,0x12E93FCD700,DXGI,0,0,1,Hardware Composed: Independent Flip,14562.7532,NA,6.83910000000000,6.95480000000000,0.13390000000000,7.21460000000000,20.7072,14556.3041,6.5830,6.4491,0.1339,6.6906,6.9731,6.2105,0.7626,0.3651,14556.3041,NA
parkey.exe,27808,0x12E93FCD700,DXGI,0,0,1,Hardware Composed: Independent Flip,14569.6623,NA,6.90910000000000,6.95060000000000,0.11960000000000,7.25110000000000,20.7487,14562.8871,6.8948,6.7752,0.1196,7.1086,6.9177,4.5985,2.3192,-0.3676,14562.8871,NA
parkey.exe,27808,0x12E93FCD700,DXGI,0,0,1,Hardware Composed: Independent Flip,14576.6042,NA,6.94190000000000,6.94290000000000,0.10900000000000,7.28230000000000,20.7497,14569.7819,6.9313,6.8223,0.1090,7.1593,6.9453,5.8084,1.1369,-0.0481,14569.7819,NA
parkey.exe,27808,0x12E93FCD700,DXGI,0,0,1,Hardware Composed: Independent Flip,14583.5890,NA,6.98480000000000,6.96270000000000,0.12730000000000,7.25810000000000,20.7276,14576.7132,7.0031,6.8758,0.1273,7.1982,6.9357,4.6135,2.3222,-0.0314,14576.7132,NA
parkey.exe,27808,0x12E93FCD700,DXGI,0,0,1,Hardware Composed: Independent Flip,14590.5158,NA,6.92680000000000,6.93950000000000,0.13600000000000,7.23930000000000,20.7403,14583.7163,6.9355,6.7995,0.1360,7.1632,6.8756,4.5931,2.2825,0.0636,14583.7163,NA
parkey.exe,27808,0x12E93FCD700,DXGI,0,0,1,Hardware Composed: Independent Flip,14597.4683,NA,6.95250000000000,6.95890000000000,0.12100000000000,7.26460000000000,20.7467,14590.6518,6.9375,6.8165,0.1210,7.1556,6.9255,4.5761,2.3494,-0.0234,14590.6518,NA
parkey.exe,27808,0x12E93FCD700,DXGI,0,0,1,Hardware Composed: Independent Flip,14604.4223,NA,6.95400000000000,6.94030000000000,0.12440000000000,7.25670000000000,20.7330,14597.5893,6.9574,6.8330,0.1244,7.1786,6.9111,4.6062,2.3049,-0.0028,14597.5893,NA
parkey.exe,27808,0x12E93FCD700,DXGI,0,0,1,Hardware Composed: Independent Flip,14611.3587,NA,6.93640000000000,6.94450000000000,0.11140000000000,7.32760000000000,20.7411,14604.5467,6.9234,6.8120,0.1114,7.1769,6.9627,6.2273,0.7354,0.0129,14604.5467,NA
parkey.exe,27808,0x12E93FCD700,DXGI,0,0,1,Hardware Composed: Independent Flip,14618.3455,NA,6.98680000000000,6.95490000000000,0.13060000000000,7.22140000000000,20.7092,14611.4701,7.0060,6.8754,0.1306,7.2410,6.8558,4.5944,2.2614,-0.0315,14611.4701,NA
parkey.exe,27808,0x12E93FCD700,DXGI,0,0,1,Hardware Composed: Independent Flip,14625.2477,NA,6.90220000000000,7.02550000000000,0.10740000000000,7.26930000000000,20.8325,14618.4761,6.8790,6.7716,0.1074,7.1217,6.9192,5.3610,1.5582,-0.0195,14618.4761,NA
parkey.exe,27808,0x12E93FCD700,DXGI,0,0,1,Hardware Composed: Independent Flip,14632.2299,NA,6.98220000000000,6.87720000000000,0.12970000000000,7.25460000000000,20.7275,14625.3551,7.0045,6.8748,0.1297,7.1941,6.9353,4.5974,2.3379,0.0018,14625.3551,NA
parkey.exe,27808,0x12E93FCD700,DXGI,0,0,1,Hardware Composed: Independent Flip,14639.1577,NA,6.92780000000000,6.94670000000000,0.12270000000000,7.20820000000000,20.7464,14632.3596,6.9208,6.7981,0.1227,7.1578,6.8485,4.4548,2.3937,0.0578,14632.3596,NA
parkey.exe,27808,0x12E93FCD700,DXGI,0,0,1,Hardware Composed: Independent Flip,14646.2177,NA,7.06000000000000,6.95380000000000,0.12100000000000,7.16870000000000,20.6402,14639.2804,7.0583,6.9373,0.1210,7.1392,6.9668,6.4148,0.5520,-0.0330,14639.2804,NA
parkey.exe,27808,0x12E93FCD700,DXGI,0,0,1,Hardware Composed: Independent Flip,14653.0601,NA,6.84240000000000,6.94650000000000,0.13340000000000,7.25750000000000,20.7443,14646.3387,6.8548,6.7214,0.1334,7.0741,6.9048,4.5793,2.3255,0.1118,14646.3387,NA
parkey.exe,27808,0x12E93FCD700,DXGI,0,0,1,Hardware Composed: Independent Flip,14659.9996,NA,6.93950000000000,6.96120000000000,0.10820000000000,7.29780000000000,20.7660,14653.1935,6.9143,6.8061,0.1082,7.2064,6.8975,5.7504,1.1471,-0.1064,14653.1935,NA
parkey.exe,27808,0x12E93FCD700,DXGI,0,0,1,Hardware Composed: Independent Flip,14666.9804,NA,6.98080000000000,6.94620000000000,0.12430000000000,7.24250000000000,20.7314,14660.1078,6.9969,6.8726,0.1243,7.2161,6.8990,4.5779,2.3211,-0.0319,14660.1078,NA
parkey.exe,27808,0x12E93FCD700,DXGI,0,0,1,Hardware Composed: Independent Flip,14673.9191,NA,6.93870000000000,6.94950000000000,0.12080000000000,7.26320000000000,20.7422,14667.1047,6.9352,6.8144,0.1208,7.1834,6.8942,4.5945,2.2997,0.0474,14667.1047,NA
parkey.exe,27808,0x12E93FCD700,DXGI,0,0,1,Hardware Composed: Independent Flip,14680.8935,NA,6.97440000000000,6.94350000000000,0.11870000000000,7.25070000000000,20.7113,14674.0399,6.9723,6.8536,0.1187,7.1650,6.9393,4.6010,2.3383,-0.0083,14674.0399,NA
parkey.exe,27808,0x12E93FCD700,DXGI,0,0,1,Hardware Composed: Independent Flip,14687.8166,NA,6.92310000000000,6.95700000000000,0.11640000000000,7.26360000000000,20.7452,14681.0122,6.9208,6.8044,0.1164,7.1848,6.8832,4.5825,2.3007,0.0153,14681.0122,NA
parkey.exe,27808,0x12E93FCD700,DXGI,0,0,1,Hardware Composed: Independent Flip,14694.7653,NA,6.94870000000000,6.94840000000000,0.11870000000000,7.29300000000000,20.7449,14687.9330,6.9510,6.8323,0.1187,7.1924,6.9329,6.2205,0.7124,-0.0276,14687.9330,NA
parkey.exe,27808,0x12E93FCD700,DXGI,0,0,1,Hardware Composed: Independent Flip,14701.7242,NA,6.95890000000000,6.95410000000000,0.12290000000000,7.27060000000000,20.7401,14694.8840,6.9631,6.8402,0.1229,7.1966,6.9142,4.6140,2.3002,-0.0031,14694.8840,NA
parkey.exe,27808,0x12E93FCD700,DXGI,0,0,1,Hardware Composed: Independent Flip,14708.6855,NA,6.96130000000000,6.97050000000000,0.12650000000000,7.24590000000000,20.7493,14701.8471,6.9649,6.8384,0.1265,7.2137,6.8706,5.3766,1.4940,-0.0074,14701.8471,NA
parkey.exe,27808,0x12E93FCD700,DXGI,0,0,1,Hardware Composed: Independent Flip,14715.6217,NA,6.93620000000000,6.92490000000000,0.12410000000000,7.26810000000000,20.7380,14708.8120,6.9338,6.8097,0.1241,7.1417,6.9361,4.5946,2.3415,0.0400,14708.8120,NA
parkey.exe,27808,0x12E93FCD700,DXGI,0,0,1,Hardware Composed: Independent Flip,14722.5626,NA,6.94090000000000,6.95080000000000,0.11200000000000,7.18800000000000,20.7479,14715.7458,6.9288,6.8168,0.1120,7.1750,6.8298,4.4738,2.3560,-0.0170,14715.7458,NA
parkey.exe,27808,0x12E93FCD700,DXGI,0,0,1,Hardware Composed: Independent Flip,14729.5929,NA,7.03030000000000,6.95550000000000,0.14230000000000,7.18360000000000,20.6731,14722.6746,7.0606,6.9183,0.1423,7.1421,6.9598,6.0541,0.9057,-0.0267,14722.6746,NA
parkey.exe,27808,0x12E93FCD700,DXGI,0,0,1,Hardware Composed: Independent Flip,14736.4683,NA,6.87540000000000,6.94930000000000,0.11640000000000,7.26230000000000,20.7470,14729.7352,6.8495,6.7331,0.1164,7.0697,6.9257,4.5782,2.3475,0.1113,14729.7352,NA
parkey.exe,27808,0x12E93FCD700,DXGI,0,0,1,Hardware Composed: Independent Flip,14743.4194,NA,6.95110000000000,6.94260000000000,0.11580000000000,7.25990000000000,20.7385,14736.5847,6.9505,6.8347,0.1158,7.1773,6.9173,5.7824,1.1349,-0.0931,14736.5847,NA
parkey.exe,27808,0x12E93FCD700,DXGI,0,0,1,Hardware Composed: Independent Flip,14750.3858,NA,6.96640000000000,6.94210000000000,0.11830000000000,7.24900000000000,20.7142,14743.5352,6.9689,6.8506,0.1183,7.1675,6.9321,4.5694,2.3627,0.0084,14743.5352,NA
parkey.exe,27808,0x12E93FCD700,DXGI,0,0,1,Hardware Composed: Independent Flip,14757.3233,NA,6.93750000000000,6.96480000000000,0.12740000000000,7.25110000000000,20.7415,14750.5041,6.9466,6.8192,0.1274,7.1611,6.9092,4.5870,2.3222,0.0041,14750.5041,NA
parkey.exe,27808,0x12E93FCD700,DXGI,0,0,1,Hardware Composed: Independent Flip,14764.2604,NA,6.93710000000000,6.99900000000000,0.11640000000000,7.27000000000000,20.8034,14757.4507,6.9261,6.8097,0.1164,7.1568,6.9229,4.6159,2.3070,-0.0524,14757.4507,NA
parkey.exe,27808,0x12E93FCD700,DXGI,0,0,1,Hardware Composed: Independent Flip,14771.1886,NA,6.92820000000000,6.89650000000000,0.09380000000000,7.29180000000000,20.7717,14764.3768,6.9056,6.8118,0.0938,7.1929,6.9107,4.6164,2.2943,0.0296,14764.3768,NA
parkey.exe,27808,0x12E93FCD700,DXGI,0,0,1,Hardware Composed: Independent Flip,14778.1556,NA,6.96700000000000,6.94760000000000,0.13190000000000,7.25380000000000,20.7523,14771.2824,7.0051,6.8732,0.1319,7.2412,6.8858,6.1680,0.7178,-0.0420,14771.2824,NA
parkey.exe,27808,0x12E93FCD700,DXGI,0,0,1,Hardware Composed: Independent Flip,14785.2106,NA,7.05500000000000,6.96380000000000,0.12840000000000,7.16100000000000,20.6611,14778.2875,7.0515,6.9231,0.1284,7.1516,6.9325,4.5828,2.3497,0.0413,14778.2875,NA
parkey.exe,27808,0x12E93FCD700,DXGI,0,0,1,Hardware Composed: Independent Flip,14792.0645,NA,6.85390000000000,6.93190000000000,0.11380000000000,7.26070000000000,20.7391,14785.3390,6.8393,6.7255,0.1138,7.0826,6.9036,5.3822,1.5214,0.1196,14785.3390,NA
parkey.exe,27808,0x12E93FCD700,DXGI,0,0,1,Hardware Composed: Independent Flip,14799.0287,NA,6.96420000000000,6.95140000000000,0.12960000000000,7.26650000000000,20.7263,14792.1783,6.9800,6.8504,0.1296,7.1705,6.9464,4.6000,2.3464,-0.1121,14792.1783,NA
parkey.exe,27808,0x12E93FCD700,DXGI,0,0,1,Hardware Composed: Independent Flip,14805.9979,NA,6.96920000000000,6.95470000000000,0.14660000000000,7.11920000000000,20.7118,14799.1583,6.9862,6.8396,0.1466,7.1668,6.7920,4.4800,2.3120,0.0253,14799.1583,NA
parkey.exe,27808,0x12E93FCD700,DXGI,0,0,1,Hardware Composed: Independent Flip,14812.9100,NA,6.91210000000000,6.95370000000000,0.12250000000000,7.26320000000000,20.7534,14806.1445,6.8880,6.7655,0.1225,7.0029,7.0258,6.2045,0.8213,0.0325,14806.1445,NA
parkey.exe,27808,0x12E93FCD700,DXGI,0,0,1,Hardware Composed: Independent Flip,14819.8564,NA,6.94640000000000,6.94760000000000,0.12390000000000,7.30300000000000,20.7546,14813.0325,6.9478,6.8239,0.1239,7.1667,6.9602,4.6420,2.3182,-0.0596,14813.0325,NA
parkey.exe,27808,0x12E93FCD700,DXGI,0,0,1,Hardware Composed: Independent Flip,14826.8121,NA,6.95570000000000,6.95030000000000,0.11460000000000,7.26780000000000,20.7492,14819.9803,6.9464,6.8318,0.1146,7.2096,6.8900,5.7715,1.1185,-0.0025,14819.9803,NA
parkey.exe,27808,0x12E93FCD700,DXGI,0,0,1,Hardware Composed: Independent Flip,14833.7840,NA,6.97190000000000,6.95690000000000,0.12260000000000,7.24730000000000,20.7342,14826.9267,6.9799,6.8573,0.1226,7.1758,6.9288,4.5995,2.3293,-0.0105,14826.9267,NA
parkey.exe,27808,0x12E93FCD700,DXGI,0,0,1,Hardware Composed: Independent Flip,14840.7149,NA,6.93090000000000,6.93690000000000,0.13570000000000,7.26330000000000,20.7402,14833.9066,6.9440,6.8083,0.1357,7.1641,6.9075,4.5992,2.3083,0.0430,14833.9066,NA
parkey.exe,27808,0x12E93FCD700,DXGI,0,0,1,Hardware Composed: Independent Flip,14847.6947,NA,6.97980000000000,6.96920000000000,0.14680000000000,7.25430000000000,20.7296,14840.8506,6.9909,6.8441,0.1468,7.1520,6.9464,4.5799,2.3665,-0.0252,14840.8506,NA
parkey.exe,27808,0x12E93FCD700,DXGI,0,0,1,Hardware Composed: Independent Flip,14854.6246,NA,6.92990000000000,6.94260000000000,0.12340000000000,7.23930000000000,20.7423,14847.8415,6.9065,6.7831,0.1234,7.1444,6.8780,4.5854,2.2926,0.0483,14847.8415,NA
parkey.exe,27808,0x12E93FCD700,DXGI,0,0,1,Hardware Composed: Independent Flip,14861.5535,NA,6.92890000000000,6.94590000000000,0.11010000000000,7.30070000000000,20.7593,14854.7480,6.9156,6.8055,0.1101,7.1558,6.9504,5.8251,1.1253,-0.0394,14854.7480,NA
parkey.exe,27808,0x12E93FCD700,DXGI,0,0,1,Hardware Composed: Independent Flip,14868.5592,NA,7.00570000000000,6.95240000000000,0.15770000000000,7.22110000000000,20.7060,14861.6636,7.0533,6.8956,0.1577,7.2224,6.8943,4.5891,2.3052,-0.0368,14861.6636,NA
parkey.exe,27808,0x12E93FCD700,DXGI,0,0,1,Hardware Composed: Independent Flip,14875.4627,NA,6.90350000000000,6.95510000000000,0.10750000000000,7.26500000000000,20.7576,14868.7169,6.8533,6.7458,0.1075,7.0907,6.9201,5.3436,1.5765,0.0982,14868.7169,NA
parkey.exe,27808,0x12E93FCD700,DXGI,0,0,1,Hardware Composed: Independent Flip,14882.4335,NA,6.97080000000000,6.94700000000000,0.12470000000000,7.26130000000000,20.7338,14875.5702,6.9880,6.8633,0.1247,7.1854,6.9392,4.5812,2.3580,-0.0937,14875.5702,NA
parkey.exe,27808,0x12E93FCD700,DXGI,0,0,1,Hardware Composed: Independent Flip,14889.3682,NA,6.93470000000000,6.97510000000000,0.11520000000000,7.64800000000000,20.7742,14882.5582,6.9252,6.8100,0.1152,7.1681,7.2899,4.9638,2.3261,0.0129,14882.5582,NA
parkey.exe,27808,0x12E93FCD700,DXGI,0,0,1,Hardware Composed: Independent Flip,14896.3543,NA,6.98610000000000,6.93890000000000,0.13360000000000,7.23070000000000,20.7270,14889.4834,7.0045,6.8709,0.1336,7.5328,6.5688,5.6638,0.9050,-0.0137,14889.4834,NA
parkey.exe,27808,0x12E93FCD700,DXGI,0,0,1,Hardware Composed: Independent Flip,14903.2713,NA,6.91700000000000,6.91610000000000,0.13450000000000,7.30040000000000,20.7261,14896.4879,6.9179,6.7834,0.1345,7.1299,6.9539,4.5884,2.3655,0.0884,14896.4879,NA
parkey.exe,27808,0x12E93FCD700,DXGI,0,0,1,Hardware Composed: Independent Flip,14910.2649,NA,6.99360000000000,6.99120000000000,0.13270000000000,7.13840000000000,20.7237,14903.4058,6.9918,6.8591,0.1327,7.2067,6.7908,5.6483,1.1425,-0.0733,14903.4058,NA
parkey.exe,27808,0x12E93FCD700,DXGI,0,0,1,Hardware Composed: Independent Flip,14917.2465,NA,6.98160000000000,6.93220000000000,0.14310000000000,7.18940000000000,20.6743,14910.3976,6.9920,6.8489,0.1431,7.0310,7.0073,5.7475,1.2598,0.0596,14910.3976,NA
parkey.exe,27808,0x12E93FCD700,DXGI,0,0,1,Hardware Composed: Independent Flip,14924.0954,NA,6.84890000000000,6.93380000000000,0.11310000000000,7.22830000000000,20.7592,14917.3896,6.8189,6.7058,0.1131,7.0698,6.8643,4.4874,2.3769,0.0582,14917.3896,NA
parkey.exe,27808,0x12E93FCD700,DXGI,0,0,1,Hardware Composed: Independent Flip,14931.1198,NA,7.02440000000000,6.96960000000000,0.12040000000000,7.20400000000000,20.7044,14924.2085,7.0317,6.9113,0.1204,7.1345,6.9808,4.5642,2.4166,-0.1507,14924.2085,NA
parkey.exe,27808,0x12E93FCD700,DXGI,0,0,1,Hardware Composed: Independent Flip,14938.0327,NA,6.91290000000000,6.95030000000000,0.12310000000000,7.23110000000000,20.7418,14931.2402,6.9156,6.7925,0.1231,7.1364,6.8872,4.5707,2.3165,0.0814,14931.2402,NA
parkey.exe,27808,0x12E93FCD700,DXGI,0,0,1,Hardware Composed: Independent Flip,14944.9507,NA,6.91800000000000,6.96560000000000,0.10950000000000,7.18300000000000,20.7894,14938.1558,6.9044,6.7949,0.1095,7.1695,6.8084,6.1043,0.7041,-0.0500,14938.1558,NA
parkey.exe,27808,0x12E93FCD700,DXGI,0,0,1,Hardware Composed: Independent Flip,14951.9554,NA,7.00470000000000,6.93030000000000,0.12010000000000,7.23630000000000,20.7150,14945.0602,7.0153,6.8952,0.1201,7.1058,7.0257,4.5976,2.4281,-0.0259,14945.0602,NA
parkey.exe,27808,0x12E93FCD700,DXGI,0,0,1,Hardware Composed: Independent Flip,14958.8703,NA,6.91490000000000,6.94470000000000,0.10250000000000,7.29720000000000,20.7448,14952.0755,6.8973,6.7948,0.1025,7.1495,6.9425,5.3980,1.5445,0.0706,14952.0755,NA
parkey.exe,27808,0x12E93FCD700,DXGI,0,0,1,Hardware Composed: Independent Flip,14965.8936,NA,7.02330000000000,6.94480000000000,0.15110000000000,7.19420000000000,20.6663,14958.9728,7.0719,6.9208,0.1511,7.2470,6.8680,5.1733,1.6947,-0.0475,14958.9728,NA
parkey.exe,27808,0x12E93FCD700,DXGI,0,0,1,Hardware Composed: Independent Flip,14972.7829,NA,6.88930000000000,6.94580000000000,0.12260000000000,7.15060000000000,20.7228,14966.0447,6.8608,6.7382,0.1226,7.0802,6.8086,5.6412,1.1674,0.1261,14966.0447,NA
parkey.exe,27808,0x12E93FCD700,DXGI,0,0,1,Hardware Composed: Independent Flip,14979.7593,NA,6.97640000000000,6.97960000000000,0.12810000000000,7.24290000000000,20.7260,14972.9055,6.9819,6.8538,0.1281,7.0792,7.0175,5.7070,1.3105,-0.1188,14972.9055,NA
parkey.exe,27808,0x12E93FCD700,DXGI,0,0,1,Hardware Composed: Independent Flip,14986.6864,NA,6.92710000000000,6.93900000000000,0.13910000000000,7.23730000000000,20.7379,14979.8874,6.9381,6.7990,0.1391,7.1494,6.8869,5.7573,1.1296,0.0429,14979.8874,NA
parkey.exe,27808,0x12E93FCD700,DXGI,0,0,1,Hardware Composed: Independent Flip,14993.6104,NA,6.92400000000000,6.94560000000000,0.11940000000000,7.28910000000000,20.7595,14986.8255,6.9043,6.7849,0.1194,7.1297,6.9443,5.7419,1.2024,-0.0075,14986.8255,NA
parkey.exe,27808,0x12E93FCD700,DXGI,0,0,1,Hardware Composed: Independent Flip,15000.6248,NA,7.01440000000000,6.93420000000000,0.13480000000000,7.25330000000000,20.6793,14993.7298,7.0298,6.8950,0.1348,7.1959,6.9524,5.7942,1.1582,-0.0299,14993.7298,NA
parkey.exe,27808,0x12E93FCD700,DXGI,0,0,1,Hardware Composed: Independent Flip,15007.5370,NA,6.91220000000000,6.96550000000000,0.12680000000000,7.94770000000000,20.7326,15000.7596,6.9042,6.7774,0.1268,7.1488,7.5763,5.2439,2.3324,0.0643,15000.7596,NA
parkey.exe,27808,0x12E93FCD700,DXGI,0,0,1,Hardware Composed: Independent Flip,15014.8603,NA,7.32330000000000,6.97440000000000,0.14660000000000,6.85700000000000,20.3837,15007.6638,7.3431,7.1965,0.1466,7.8209,6.2326,5.9487,0.2839,-0.0702,15007.6638,NA
parkey.exe,27808,0x12E93FCD700,DXGI,0,0,1,Hardware Composed: Independent Flip,15021.4114,NA,6.55110000000000,6.92360000000000,0.11690000000000,7.27440000000000,20.7562,15015.0069,6.5214,6.4045,0.1169,6.7329,6.9460,5.8319,1.1141,0.4195,15015.0069,NA
parkey.exe,27808,0x12E93FCD700,DXGI,0,0,1,Hardware Composed: Independent Flip,15028.3711,NA,6.95970000000000,6.98500000000000,0.13790000000000,7.17200000000000,20.7815,15021.5283,6.9807,6.8428,0.1379,7.2044,6.8104,6.0749,0.7355,-0.4636,15021.5283,NA
parkey.exe,27808,0x12E93FCD700,DXGI,0,0,1,Hardware Composed: Independent Flip,15035.4111,NA,7.04000000000000,6.90220000000000,0.14110000000000,7.17730000000000,20.6437,15028.5090,7.0432,6.9021,0.1411,7.0611,7.0183,5.8032,1.2151,0.0785,15028.5090,NA
parkey.exe,27808,0x12E93FCD700,DXGI,0,0,1,Hardware Composed: Independent Flip,15042.2745,NA,6.86340000000000,6.99710000000000,0.11670000000000,7.58200000000000,20.7774,15035.5522,6.8390,6.7223,0.1167,7.0669,7.2374,5.6299,1.6075,0.0461,15035.5522,NA
parkey.exe,27808,0x12E93FCD700,DXGI,0,0,1,Hardware Composed: Independent Flip,15049.2849,NA,7.01040000000000,6.91950000000000,0.12020000000000,7.17950000000000,20.6865,15042.3912,7.0139,6.8937,0.1202,7.4653,6.6079,5.5763,1.0316,-0.0805,15042.3912,NA
parkey.exe,27808,0x12E93FCD700,DXGI,0,0,1,Hardware Composed: Independent Flip,15056.1561,NA,6.87120000000000,6.94520000000000,0.11530000000000,7.20780000000000,20.7605,15049.4051,6.8663,6.7510,0.1153,7.0905,6.8683,5.7216,1.1467,0.0687,15049.4051,NA
parkey.exe,27808,0x12E93FCD700,DXGI,0,0,1,Hardware Composed: Independent Flip,15063.1746,NA,7.01850000000000,6.95110000000000,0.11540000000000,7.23650000000000,20.6931,15056.2714,7.0186,6.9032,0.1154,7.1364,7.0033,4.6114,2.3919,-0.0848,15056.2714,NA
parkey.exe,27808,0x12E93FCD700,DXGI,0,0,1,Hardware Composed: Independent Flip,15070.4591,NA,7.28450000000000,6.95570000000000,0.12680000000000,6.88090000000000,20.3643,15063.2900,7.2959,7.1691,0.1268,7.1545,6.8955,4.5866,2.3089,0.0629,15063.2900,NA
parkey.exe,27808,0x12E93FCD700,DXGI,0,0,1,Hardware Composed: Independent Flip,15077.0249,NA,6.56580000000000,6.95110000000000,0.11650000000000,7.26390000000000,20.7496,15070.5859,6.5555,6.4390,0.1165,6.7855,6.9174,5.7628,1.1546,0.3448,15070.5859,NA
parkey.exe,27808,0x12E93FCD700,DXGI,0,0,1,Hardware Composed: Independent Flip,15083.9969,NA,6.97200000000000,6.93950000000000,0.12620000000000,7.26270000000000,20.7171,15077.1414,6.9817,6.8555,0.1262,7.1706,6.9476,4.6109,2.3367,-0.3840,15077.1414,NA
parkey.exe,27808,0x12E93FCD700,DXGI,0,0,1,Hardware Composed: Independent Flip,15090.9286,NA,6.93170000000000,6.95480000000000,0.13520000000000,7.26320000000000,20.7402,15084.1231,6.9407,6.8055,0.1352,7.1691,6.8996,4.5770,2.3226,0.0269,15084.1231,NA
parkey.exe,27808,0x12E93FCD700,DXGI,0,0,1,Hardware Composed: Independent Flip,15097.8991,NA,6.97050000000000,6.96140000000000,0.11460000000000,7.23030000000000,20.7311,15091.0638,6.9499,6.8353,0.1146,7.1512,6.9144,4.5820,2.3324,-0.0207,15091.0638,NA
parkey.exe,27808,0x12E93FCD700,DXGI,0,0,1,Hardware Composed: Independent Flip,15104.8045,NA,6.90540000000000,6.94240000000000,0.10840000000000,7.29650000000000,20.7681,15098.0137,6.8992,6.7908,0.1084,7.1481,6.9392,4.6099,2.3293,0.0075,15098.0137,NA
parkey.exe,27808,0x12E93FCD700,DXGI,0,0,1,Hardware Composed: Independent Flip,15111.7714,NA,6.96690000000000,6.95200000000000,0.11510000000000,7.19610000000000,20.7532,15104.9129,6.9736,6.8585,0.1151,7.2402,6.8144,6.1676,0.6468,-0.0528,15104.9129,NA
parkey.exe,27808,0x12E93FCD700,DXGI,0,0,1,Hardware Composed: Independent Flip,15118.7654,NA,6.99400000000000,6.94740000000000,0.13300000000000,7.22660000000000,20.7066,15111.8865,7.0119,6.8789,0.1330,7.1150,6.9905,4.6082,2.3823,0.0262,15111.8865,NA
parkey.exe,27808,0x12E93FCD700,DXGI,0,0,1,Hardware Composed: Independent Flip,15125.6681,NA,6.90270000000000,6.93950000000000,0.10590000000000,7.28390000000000,20.7434,15118.8984,6.8756,6.7697,0.1059,7.1243,6.9293,5.3485,1.5808,0.0724,15118.8984,NA
parkey.exe,27808,0x12E93FCD700,DXGI,0,0,1,Hardware Composed: Independent Flip,15132.6476,NA,6.97950000000000,6.95900000000000,0.12250000000000,7.24650000000000,20.7229,15125.7740,6.9961,6.8736,0.1225,7.2101,6.9100,5.0386,1.8714,-0.0834,15125.7740,NA
parkey.exe,27808,0x12E93FCD700,DXGI,0,0,1,Hardware Composed: Independent Flip,15139.5781,NA,6.93050000000000,6.96080000000000,0.11590000000000,7.10380000000000,20.7532,15132.7701,6.9239,6.8080,0.1159,7.1547,6.7571,4.4536,2.3035,0.0353,15132.7701,NA
parkey.exe,27808,0x12E93FCD700,DXGI,0,0,1,Hardware Composed: Independent Flip,15146.5239,NA,6.94580000000000,6.94740000000000,0.10760000000000,7.25150000000000,20.7548,15139.6940,6.9375,6.8299,0.1076,7.0348,7.0466,6.1949,0.8517,-0.0235,15139.6940,NA
parkey.exe,27808,0x12E93FCD700,DXGI,0,0,1,Hardware Composed: Independent Flip,15153.4788,NA,6.95490000000000,6.95400000000000,0.13630000000000,7.28250000000000,20.7539,15146.6315,6.9836,6.8473,0.1363,7.2018,6.9280,4.5882,2.3398,-0.0165,15146.6315,NA
parkey.exe,27808,0x12E93FCD700,DXGI,0,0,1,Hardware Composed: Independent Flip,15160.4551,NA,6.97630000000000,6.93820000000000,0.12130000000000,7.26530000000000,20.7158,15153.6151,6.9613,6.8400,0.1213,7.1792,6.9261,5.7472,1.1789,0.0454,15153.6151,NA
parkey.exe,27808,0x12E93FCD700,DXGI,0,0,1,Hardware Composed: Independent Flip,15167.3908,NA,6.93570000000000,6.94520000000000,0.11940000000000,7.24580000000000,20.7253,15160.5764,6.9338,6.8144,0.1194,7.1759,6.8843,4.5815,2.3028,0.0161,15160.5764,NA
parkey.exe,27808,0x12E93FCD700,DXGI,0,0,1,Hardware Composed: Independent Flip,15174.3420,NA,6.95120000000000,6.96070000000000,0.12050000000000,7.23790000000000,20.7348,15167.5102,6.9523,6.8318,0.1205,7.1796,6.8901,4.5906,2.2995,-0.0269,15167.5102,NA
parkey.exe,27808,0x12E93FCD700,DXGI,0,0,1,Hardware Composed: Independent Flip,15181.2955,NA,6.95350000000000,6.95450000000000,0.12490000000000,7.26090000000000,20.7358,15174.4625,6.9579,6.8330,0.1249,7.1450,6.9489,4.6147,2.3342,-0.0022,15174.4625,NA
parkey.exe,27808,0x12E93FCD700,DXGI,0,0,1,Hardware Composed: Independent Flip,15188.2195,NA,6.92400000000000,6.93840000000000,0.11570000000000,7.26650000000000,20.7502,15181.4204,6.9148,6.7991,0.1157,7.1685,6.8971,4.5896,2.3075,0.0195,15181.4204,NA
parkey.exe,27808,0x12E93FCD700,DXGI,0,0,1,Hardware Composed: Independent Flip,15195.1793,NA,6.95980000000000,6.94830000000000,0.12360000000000,7.28930000000000,20.7387,15188.3352,6.9677,6.8441,0.1236,7.1937,6.9397,6.2133,0.7264,-0.0335,15188.3352,NA
parkey.exe,27808,0x12E93FCD700,DXGI,0,0,1,Hardware Composed: Independent Flip,15202.1449,NA,6.96560000000000,6.95040000000000,0.11720000000000,7.27380000000000,20.7235,15195.3029,6.9592,6.8420,0.1172,7.1931,6.9227,4.6062,2.3165,0.0173,15195.3029,NA
parkey.exe,27808,0x12E93FCD700,DXGI,0,0,1,Hardware Composed: Independent Flip,15209.0698,NA,6.92490000000000,6.94920000000000,0.11290000000000,7.25910000000000,20.7478,15202.2621,6.9206,6.8077,0.1129,7.1839,6.8829,5.3624,1.5205,0.0100,15202.2621,NA
parkey.exe,27808,0x12E93FCD700,DXGI,0,0,1,Hardware Composed: Independent Flip,15216.0357,NA,6.96590000000000,6.95770000000000,0.14200000000000,7.23430000000000,20.7396,15209.1827,6.9950,6.8530,0.1420,7.1748,6.9125,4.5852,2.3273,-0.0371,15209.1827,NA
parkey.exe,27808,0x12E93FCD700,DXGI,0,0,1,Hardware Composed: Independent Flip,15222.9718,NA,6.93610000000000,6.94920000000000,0.11770000000000,7.19220000000000,20.7527,15216.1777,6.9118,6.7941,0.1177,7.1414,6.8449,4.4938,2.3511,0.0458,15216.1777,NA
parkey.exe,27808,0x12E93FCD700,DXGI,0,0,1,Hardware Composed: Independent Flip,15229.9704,NA,6.99860000000000,6.97570000000000,0.13480000000000,7.21500000000000,20.7298,15223.0895,7.0157,6.8809,0.1348,7.1364,6.9595,6.2396,0.7199,-0.0639,15223.0895,NA
parkey.exe,27808,0x12E93FCD700,DXGI,0,0,1,Hardware Composed: Independent Flip,15236.8788,NA,6.90840000000000,6.93590000000000,0.12390000000000,7.25650000000000,20.7573,15230.1052,6.8975,6.7736,0.1239,7.1246,6.9055,4.5817,2.3238,0.0798,15230.1052,NA
parkey.exe,27808,0x12E93FCD700,DXGI,0,0,1,Hardware Composed: Independent Flip,15243.8254,NA,6.94660000000000,6.94330000000000,0.11900000000000,7.77900000000000,20.7540,15237.0027,6.9417,6.8227,0.1190,7.1622,7.4395,6.2513,1.1882,-0.0458,15237.0027,NA
parkey.exe,27808,0x12E93FCD700,DXGI,0,0,1,Hardware Composed: Independent Flip,15250.9110,NA,7.08560000000000,6.94970000000000,0.16130000000000,7.14730000000000,20.6181,15243.9444,7.1279,6.9666,0.1613,7.6600,6.4539,4.4934,1.9605,-0.0080,15243.9444,NA
parkey.exe,27808,0x12E93FCD700,DXGI,0,0,1,Hardware Composed: Independent Flip,15257.7533,NA,6.84230000000000,6.94390000000000,0.13200000000000,7.24840000000000,20.7197,15251.0723,6.8130,6.6810,0.1320,7.0193,6.9101,4.5927,2.3174,0.1840,15251.0723,NA
parkey.exe,27808,0x12E93FCD700,DXGI,0,0,1,Hardware Composed: Independent Flip,15264.6987,NA,6.94540000000000,6.97590000000000,0.11850000000000,7.26450000000000,20.7502,15257.8853,6.9319,6.8134,0.1185,7.1417,6.9362,4.6298,2.3064,-0.1629,15257.8853,NA
parkey.exe,27808,0x12E93FCD700,DXGI,0,0,1,Hardware Composed: Independent Flip,15271.6343,NA,6.93560000000000,6.92690000000000,0.11830000000000,7.25430000000000,20.7415,15264.8172,6.9354,6.8171,0.1183,7.1782,6.8932,4.5795,2.3137,0.0050,15264.8172,NA
parkey.exe,27808,0x12E93FCD700,DXGI,0,0,1,Hardware Composed: Independent Flip,15278.5796,NA,6.94530000000000,6.94440000000000,0.17050000000000,7.30240000000000,20.7406,15271.7526,6.9975,6.8270,0.1705,7.1774,6.9520,6.2114,0.7406,-0.0090,15271.7526,NA
parkey.exe,27808,0x12E93FCD700,DXGI,0,0,1,Hardware Composed: Independent Flip,15285.6115,NA,7.03190000000000,6.93970000000000,0.12930000000000,7.18240000000000,20.6484,15278.7501,6.9907,6.8614,0.1293,7.1634,6.8804,4.6123,2.2681,0.0578,15278.7501,NA
parkey.exe,27808,0x12E93FCD700,DXGI,0,0,1,Hardware Composed: Independent Flip,15292.4833,NA,6.87180000000000,6.97290000000000,0.11770000000000,7.24230000000000,20.7495,15285.7408,6.8602,6.7425,0.1177,7.0854,6.8994,5.3785,1.5209,0.0178,15285.7408,NA
parkey.exe,27808,0x12E93FCD700,DXGI,0,0,1,Hardware Composed: Independent Flip,15299.4379,NA,6.95460000000000,6.93340000000000,0.12120000000000,7.29160000000000,20.7283,15292.6010,6.9581,6.8369,0.1212,7.1926,6.9359,4.6416,2.2943,-0.0732,15292.6010,NA
parkey.exe,27808,0x12E93FCD700,DXGI,0,0,1,Hardware Composed: Independent Flip,15306.3765,NA,6.93860000000000,6.95440000000000,0.12590000000000,7.56050000000000,20.7441,15299.5591,6.9433,6.8174,0.1259,7.2033,7.1746,4.8991,2.2755,0.0037,15299.5591,NA
parkey.exe,27808,0x12E93FCD700,DXGI,0,0,1,Hardware Composed: Independent Flip,15313.3756,NA,6.99910000000000,6.95610000000000,0.13290000000000,7.21020000000000,20.7011,15306.5024,7.0061,6.8732,0.1329,7.4346,6.6488,5.6514,0.9974,-0.0128,15306.5024,NA
parkey.exe,27808,0x12E93FCD700,DXGI,0,0,1,Hardware Composed: Independent Flip,15320.2798,NA,6.90420000000000,6.94790000000000,0.12650000000000,7.28880000000000,20.7448,15313.5085,6.8978,6.7713,0.1265,7.1090,6.9511,4.6151,2.3360,0.0582,15313.5085,NA
parkey.exe,27808,0x12E93FCD700,DXGI,0,0,1,Hardware Composed: Independent Flip,15327.2260,NA,6.94620000000000,6.94190000000000,0.11380000000000,7.27720000000000,20.7405,15320.4063,6.9335,6.8197,0.1138,7.1932,6.9037,5.7842,1.1195,-0.0441,15320.4063,NA
parkey.exe,27808,0x12E93FCD700,DXGI,0,0,1,Hardware Composed: Independent Flip,15334.2069,NA,6.98090000000000,6.94600000000000,0.12580000000000,7.23970000000000,20.7056,15327.3398,6.9929,6.8671,0.1258,7.1888,6.9180,4.5794,2.3386,-0.0125,15327.3398,NA
parkey.exe,27808,0x12E93FCD700,DXGI,0,0,1,Hardware Composed: Independent Flip,15341.1279,NA,6.92100000000000,6.96080000000000,0.14030000000000,7.25070000000000,20.7454,15334.3327,6.9355,6.7952,0.1403,7.1437,6.9022,4.5986,2.3036,0.0321,15334.3327,NA
parkey.exe,27808,0x12E93FCD700,DXGI,0,0,1,Hardware Composed: Independent Flip,15348.0832,NA,6.95530000000000,6.96050000000000,0.11100000000000,7.24860000000000,20.7506,15341.2682,6.9260,6.8150,0.1110,7.1329,6.9307,4.5946,2.3361,-0.0250,15341.2682,NA
parkey.exe,27808,0x12E93FCD700,DXGI,0,0,1,Hardware Composed: Independent Flip,15355.0147,NA,6.93150000000000,6.93600000000000,0.11510000000000,7.26890000000000,20.7551,15348.1942,6.9356,6.8205,0.1151,7.1716,6.9178,4.5809,2.3369,-0.0100,15348.1942,NA
parkey.exe,27808,0x12E93FCD700,DXGI,0,0,1,Hardware Composed: Independent Flip,15361.9748,NA,6.96010000000000,6.97160000000000,0.11430000000000,7.27080000000000,20.7666,15355.1298,6.9593,6.8450,0.1143,7.2120,6.9038,5.8320,1.0718,-0.0360,15355.1298,NA
parkey.exe,27808,0x12E93FCD700,DXGI,0,0,1,Hardware Composed: Independent Flip,15368.9587,NA,6.98390000000000,6.93350000000000,0.12650000000000,7.22420000000000,20.7162,15362.0891,6.9961,6.8696,0.1265,7.1871,6.9067,4.5900,2.3167,0.0258,15362.0891,NA
parkey.exe,27808,0x12E93FCD700,DXGI,0,0,1,Hardware Composed: Independent Flip,15375.8585,NA,6.89980000000000,6.96410000000000,0.10600000000000,7.30090000000000,20.7805,15369.0852,6.8793,6.7733,0.1060,7.1245,6.9497,4.9398,2.0099,0.0320,15369.0852,NA
parkey.exe,27808,0x12E93FCD700,DXGI,0,0,1,Hardware Composed: Independent Flip,15382.8679,NA,7.00940000000000,6.94360000000000,0.12660000000000,7.22410000000000,20.7147,15375.9645,7.0300,6.9034,0.1266,7.2229,6.9046,4.5864,2.3182,-0.0643,15375.9645,NA
parkey.exe,27808,0x12E93FCD700,DXGI,0,0,1,Hardware Composed: Independent Flip,15389.7702,NA,6.90230000000000,6.93670000000000,0.11320000000000,7.56940000000000,20.7491,15382.9945,6.8889,6.7757,0.1132,7.1503,7.1948,4.8541,2.3407,0.0933,15382.9945,NA
parkey.exe,27808,0x12E93FCD700,DXGI,0,0,1,Hardware Composed: Independent Flip,15396.7597,NA,6.98950000000000,6.95750000000000,0.15940000000000,7.23700000000000,20.7171,15389.8834,7.0357,6.8763,0.1594,7.4562,6.6571,5.6519,1.0052,-0.0686,15389.8834,NA
parkey.exe,27808,0x12E93FCD700,DXGI,0,0,1,Hardware Composed: Independent Flip,15403.6860,NA,6.92630000000000,6.94860000000000,0.14300000000000,7.25840000000000,20.7394,15396.9191,6.9099,6.7669,0.1430,7.1104,6.9149,4.5822,2.3327,0.0871,15396.9191,NA
parkey.exe,27808,0x12E93FCD700,DXGI,0,0,1,Hardware Composed: Independent Flip,15410.6098,NA,6.92380000000000,6.95290000000000,0.11040000000000,7.28090000000000,20.7685,15403.8290,6.8912,6.7808,0.1104,7.1464,6.9153,5.7947,1.1206,-0.0430,15403.8290,NA
parkey.exe,27808,0x12E93FCD700,DXGI,0,0,1,Hardware Composed: Independent Flip,15417.5899,NA,6.98010000000000,6.95080000000000,0.12550000000000,7.24540000000000,20.7392,15410.7202,6.9952,6.8697,0.1255,7.1951,6.9200,4.5691,2.3509,-0.0596,15410.7202,NA
parkey.exe,27808,0x12E93FCD700,DXGI,0,0,1,Hardware Composed: Independent Flip,15424.5351,NA,6.94520000000000,6.94710000000000,0.12340000000000,7.25110000000000,20.7411,15417.7154,6.9431,6.8197,0.1234,7.1731,6.8977,4.5782,2.3195,0.0481,15417.7154,NA
parkey.exe,27808,0x12E93FCD700,DXGI,0,0,1,Hardware Composed: Independent Flip,15431.4955,NA,6.96040000000000,6.95570000000000,0.12200000000000,7.24730000000000,20.7364,15424.6585,6.9590,6.8370,0.1220,7.1521,6.9322,4.6111,2.3211,-0.0126,15424.6585,NA
parkey.exe,27808,0x12E93FCD700,DXGI,0,0,1,Hardware Composed: Independent Flip,15438.4330,NA,6.93750000000000,6.95450000000000,0.11740000000000,7.24200000000000,20.7534,15431.6175,6.9329,6.8155,0.1174,7.1575,6.9000,4.5546,2.3454,0.0045,15431.6175,NA
parkey.exe,27808,0x12E93FCD700,DXGI,0,0,1,Hardware Composed: Independent Flip,15445.3726,NA,6.93960000000000,6.93840000000000,0.10680000000000,7.17430000000000,20.7522,15438.5504,6.9290,6.8222,0.1068,7.1824,6.8141,6.1377,0.6764,-0.0055,15438.5504,NA
parkey.exe,27808,0x12E93FCD700,DXGI,0,0,1,Hardware Composed: Independent Flip,15452.3620,NA,6.98940000000000,6.95640000000000,0.13580000000000,7.24770000000000,20.7192,15445.4794,7.0184,6.8826,0.1358,7.1251,7.0052,4.5935,2.4117,-0.0274,15445.4794,NA
parkey.exe,27808,0x12E93FCD700,DXGI,0,0,1,Hardware Composed: Independent Flip,15459.2948,NA,6.93280000000000,6.97210000000000,0.11720000000000,7.26280000000000,20.7585,15452.4978,6.9142,6.7970,0.1172,7.1481,6.9117,5.4224,1.4893,0.0463,15452.4978,NA
parkey.exe,27808,0x12E93FCD700,DXGI,0,0,1,Hardware Composed: Independent Flip,15466.2385,NA,6.94370000000000,6.94780000000000,0.13940000000000,7.25980000000000,20.7626,15459.4120,6.9659,6.8265,0.1394,7.1688,6.9175,4.6073,2.3102,-0.0336,15459.4120,NA
parkey.exe,27808,0x12E93FCD700,DXGI,0,0,1,Hardware Composed: Independent Flip,15473.2058,NA,6.96730000000000,6.91720000000000,0.13910000000000,7.89560000000000,20.7125,15466.3779,6.9670,6.8279,0.1391,7.1674,7.5561,5.1729,2.3832,0.0487,15466.3779,NA
parkey.exe,27808,0x12E93FCD700,DXGI,0,0,1,Hardware Composed: Independent Flip,15480.2521,NA,7.04630000000000,6.97340000000000,0.16530000000000,7.15670000000000,20.6396,15473.3449,7.0725,6.9072,0.1653,7.7565,6.3074,6.2750,0.0324,-0.0064,15473.3449,NA
parkey.exe,27808,0x12E93FCD700,DXGI,0,0,1,Hardware Composed: Independent Flip,15487.1390,NA,6.88690000000000,6.94250000000000,0.14370000000000,7.18190000000000,20.6952,15480.4174,6.8653,6.7216,0.1437,7.0264,6.8771,4.5589,2.3182,0.1300,15480.4174,NA
parkey.exe,27808,0x12E93FCD700,DXGI,0,0,1,Hardware Composed: Independent Flip,15494.0256,NA,6.88660000000000,6.94650000000000,0.11790000000000,7.28240000000000,20.7551,15487.2827,6.8608,6.7429,0.1179,7.0944,6.9309,5.7572,1.1737,-0.0812,15487.2827,NA
parkey.exe,27808,0x12E93FCD700,DXGI,0,0,1,Hardware Composed: Independent Flip,15501.0507,NA,7.02510000000000,6.96970000000000,0.14620000000000,7.20740000000000,20.6997,15494.1435,7.0534,6.9072,0.1462,7.1915,6.9231,4.5931,2.3300,-0.1089,15494.1435,NA
parkey.exe,27808,0x12E93FCD700,DXGI,0,0,1,Hardware Composed: Independent Flip,15507.9441,NA,6.89340000000000,6.93350000000000,0.12270000000000,7.59240000000000,20.7398,15501.1969,6.8699,6.7472,0.1227,7.1125,7.2271,4.9329,2.2942,0.1199,15501.1969,NA
parkey.exe,27808,0x12E93FCD700,DXGI,0,0,1,Hardware Composed: Independent Flip,15514.8967,NA,6.95260000000000,6.96610000000000,0.11080000000000,7.27990000000000,20.7533,15508.0668,6.9407,6.8299,0.1108,7.4697,6.6401,4.5315,2.1086,-0.0962,15508.0668,NA
parkey.exe,27808,0x12E93FCD700,DXGI,0,0,1,Hardware Composed: Independent Flip,15521.9171,NA,7.02040000000000,6.93670000000000,0.16060000000000,7.19640000000000,20.6696,15515.0075,7.0702,6.9096,0.1606,7.2034,6.9026,4.6071,2.2955,0.0040,15515.0075,NA
parkey.exe,27808,0x12E93FCD700,DXGI,0,0,1,Hardware Composed: Independent Flip,15528.7971,NA,6.88000000000000,6.94340000000000,0.18130000000000,7.19200000000000,20.7330,15522.0777,6.9007,6.7194,0.1813,7.1003,6.8111,6.1186,0.6925,0.1268,15522.0777,NA
parkey.exe,27808,0x12E93FCD700,DXGI,0,0,1,Hardware Composed: Independent Flip,15535.8190,NA,7.02190000000000,6.96070000000000,0.15280000000000,7.18870000000000,20.6718,15528.9784,6.9934,6.8406,0.1528,7.1088,6.9205,4.6000,2.3205,-0.0600,15528.9784,NA
parkey.exe,27808,0x12E93FCD700,DXGI,0,0,1,Hardware Composed: Independent Flip,15542.6983,NA,6.87930000000000,6.96890000000000,0.12350000000000,7.24870000000000,20.7614,15535.9718,6.8500,6.7265,0.1235,7.0685,6.9067,5.4186,1.4881,0.0245,15535.9718,NA
parkey.exe,27808,0x12E93FCD700,DXGI,0,0,1,Hardware Composed: Independent Flip,15549.6528,NA,6.95450000000000,6.91290000000000,0.12630000000000,7.25900000000000,20.7198,15542.8218,6.9573,6.8310,0.1263,7.1475,6.9425,4.5885,2.3540,-0.0629,15542.8218,NA
parkey.exe,27808,0x12E93FCD700,DXGI,0,0,1,Hardware Composed: Independent Flip,15556.5964,NA,6.94360000000000,6.95360000000000,0.11650000000000,7.19740000000000,20.7298,15549.7791,6.9338,6.8173,0.1165,7.1637,6.8510,4.5051,2.3459,0.0037,15549.7791,NA
parkey.exe,27808,0x12E93FCD700,DXGI,0,0,1,Hardware Composed: Independent Flip,15563.5851,NA,6.98870000000000,6.96830000000000,0.13350000000000,7.21330000000000,20.7094,15556.7129,7.0057,6.8722,0.1335,7.1075,6.9780,4.6028,2.3752,-0.0345,15556.7129,NA
parkey.exe,27808,0x12E93FCD700,DXGI,0,0,1,Hardware Composed: Independent Flip,15570.4851,NA,6.90000000000000,6.93580000000000,0.12320000000000,7.23880000000000,20.7452,15563.7186,6.8897,6.7665,0.1232,7.1093,6.8960,4.5595,2.3365,0.0699,15563.7186,NA
parkey.exe,27808,0x12E93FCD700,DXGI,0,0,1,Hardware Composed: Independent Flip,15577.4274,NA,6.94230000000000,6.97300000000000,0.12340000000000,7.28390000000000,20.7759,15570.6083,6.9425,6.8191,0.1234,7.1675,6.9355,5.7425,1.1930,-0.0833,15570.6083,NA
parkey.exe,27808,0x12E93FCD700,DXGI,0,0,1,Hardware Composed: Independent Flip,15584.4292,NA,7.00180000000000,6.93250000000000,0.13030000000000,7.23670000000000,20.7066,15577.5508,7.0087,6.8784,0.1303,7.1870,6.9281,4.6226,2.3055,0.0100,15577.5508,NA
parkey.exe,27808,0x12E93FCD700,DXGI,0,0,1,Hardware Composed: Independent Flip,15591.3416,NA,6.91240000000000,6.95240000000000,0.16680000000000,7.27750000000000,20.7466,15584.5595,6.9489,6.7821,0.1668,7.1386,6.9210,4.6008,2.3202,0.0563,15584.5595,NA
parkey.exe,27808,0x12E93FCD700,DXGI,0,0,1,Hardware Composed: Independent Flip,15598.3194,NA,6.97780000000000,6.96430000000000,0.12040000000000,7.23740000000000,20.7331,15591.5084,6.9314,6.8110,0.1204,7.1362,6.9122,4.5847,2.3275,-0.0154,15591.5084,NA
parkey.exe,27808,0x12E93FCD700,DXGI,0,0,1,Hardware Composed: Independent Flip,15605.2265,NA,6.90710000000000,6.93060000000000,0.10900000000000,7.27160000000000,20.7566,15598.4398,6.8957,6.7867,0.1090,7.1482,6.9101,4.5686,2.3415,0.0008,15598.4398,NA
parkey.exe,27808,0x12E93FCD700,DXGI,0,0,1,Hardware Composed: Independent Flip,15612.1877,NA,6.96120000000000,6.95540000000000,0.11400000000000,7.30010000000000,20.7508,15605.3355,6.9662,6.8522,0.1140,7.2036,6.9487,6.2731,0.6756,-0.0597,15605.3355,NA
parkey.exe,27808,0x12E93FCD700,DXGI,0,0,1,Hardware Composed: Independent Flip,15619.1889,NA,7.00120000000000,6.94400000000000,0.11780000000000,7.23170000000000,20.6936,15612.3017,7.0050,6.8872,0.1178,7.2182,6.9007,4.6016,2.2991,0.0222,15612.3017,NA
parkey.exe,27808,0x12E93FCD700,DXGI,0,0,1,Hardware Composed: Independent Flip,15626.0848,NA,6.89590000000000,6.97490000000000,0.11700000000000,7.26890000000000,20.7726,15619.3067,6.8951,6.7781,0.1170,7.1462,6.9008,5.3911,1.5097,0.0301,15619.3067,NA
parkey.exe,27808,0x12E93FCD700,DXGI,0,0,1,Hardware Composed: Independent Flip,15633.0769,NA,6.99210000000000,6.93200000000000,0.13380000000000,7.22950000000000,20.7125,15626.2018,7.0089,6.8751,0.1338,7.1813,6.9233,4.5899,2.3334,-0.0369,15626.2018,NA
parkey.exe,27808,0x12E93FCD700,DXGI,0,0,1,Hardware Composed: Independent Flip,15639.9889,NA,6.91200000000000,6.95060000000000,0.11880000000000,7.58210000000000,20.7511,15633.2107,6.8970,6.7782,0.1188,7.1239,7.2364,4.8930,2.3434,0.0583,15633.2107,NA
parkey.exe,27808,0x12E93FCD700,DXGI,0,0,1,Hardware Composed: Independent Flip,15646.9928,NA,7.00390000000000,6.95610000000000,0.13950000000000,7.21680000000000,20.7033,15640.1077,7.0246,6.8851,0.1395,7.4633,6.6386,5.6522,0.9864,-0.0591,15640.1077,NA
parkey.exe,27808,0x12E93FCD700,DXGI,0,0,1,Hardware Composed: Independent Flip,15653.9003,NA,6.90750000000000,6.93180000000000,0.14470000000000,7.26500000000000,20.7276,15647.1323,6.9127,6.7680,0.1447,7.1213,6.9117,4.5818,2.3299,0.0928,15647.1323,NA
parkey.exe,27808,0x12E93FCD700,DXGI,0,0,1,Hardware Composed: Independent Flip,15660.8642,NA,6.96390000000000,6.95780000000000,0.12360000000000,7.26160000000000,20.7215,15654.0450,6.9428,6.8192,0.1236,7.1544,6.9264,6.2169,0.7095,-0.0451,15654.0450,NA
parkey.exe,27808,0x12E93FCD700,DXGI,0,0,1,Hardware Composed: Independent Flip,15667.8333,NA,6.96910000000000,6.95460000000000,0.13490000000000,7.21180000000000,20.7070,15660.9878,6.9804,6.8455,0.1349,7.1736,6.8837,4.5987,2.2850,-0.0118,15660.9878,NA
parkey.exe,27808,0x12E93FCD700,DXGI,0,0,1,Hardware Composed: Independent Flip,15674.7256,NA,6.89230000000000,6.92990000000000,0.10860000000000,7.26940000000000,20.7446,15667.9682,6.8660,6.7574,0.1086,7.1125,6.9143,4.5828,2.3315,0.0505,15667.9682,NA
parkey.exe,27808,0x12E93FCD700,DXGI,0,0,1,Hardware Composed: Independent Flip,15681.7027,NA,6.97710000000000,6.95690000000000,0.11010000000000,7.26160000000000,20.7244,15674.8342,6.9786,6.8685,0.1101,7.2136,6.9165,4.5916,2.3249,-0.0909,15674.8342,NA
parkey.exe,27808,0x12E93FCD700,DXGI,0,0,1,Hardware Composed: Independent Flip,15688.6552,NA,6.95250000000000,6.94750000000000,0.12320000000000,7.22400000000000,20.7194,15681.8128,6.9656,6.8424,0.1232,7.1876,6.8788,4.5895,2.2893,0.0311,15681.8128,NA
parkey.exe,27808,0x12E93FCD700,DXGI,0,0,1,Hardware Composed: Independent Flip,15695.5716,NA,6.91640000000000,6.95700000000000,0.11020000000000,7.28000000000000,20.7600,15688.7784,6.9034,6.7932,0.1102,7.1449,6.9283,6.2603,0.6680,0.0086,15688.7784,NA
parkey.exe,27808,0x12E93FCD700,DXGI,0,0,1,Hardware Composed: Independent Flip,15702.5418,NA,6.97020000000000,6.95380000000000,0.12060000000000,7.27100000000000,20.7436,15695.6818,6.9806,6.8600,0.1206,7.1939,6.9371,4.6187,2.3184,-0.0504,15695.6818,NA
parkey.exe,27808,0x12E93FCD700,DXGI,0,0,1,Hardware Composed: Independent Flip,15709.4746,NA,6.93280000000000,6.99170000000000,0.10810000000000,7.27450000000000,20.8025,15702.6624,6.9203,6.8122,0.1081,7.1728,6.9139,5.4038,1.5101,-0.0111,15702.6624,NA
parkey.exe,27808,0x12E93FCD700,DXGI,0,0,1,Hardware Composed: Independent Flip,15716.4482,NA,6.97360000000000,6.90610000000000,0.14060000000000,7.26080000000000,20.7350,15709.5827,7.0061,6.8655,0.1406,7.1884,6.9379,4.5804,2.3575,0.0142,15709.5827,NA
parkey.exe,27808,0x12E93FCD700,DXGI,0,0,1,Hardware Composed: Independent Flip,15723.3859,NA,6.93770000000000,6.95260000000000,0.10940000000000,7.59510000000000,20.7499,15716.5888,6.9065,6.7971,0.1094,7.1526,7.2396,4.8799,2.3597,0.0535,15716.5888,NA
parkey.exe,27808,0x12E93FCD700,DXGI,0,0,1,Hardware Composed: Independent Flip,15730.4299,NA,7.04400000000000,6.95540000000000,0.13210000000000,7.17320000000000,20.6613,15723.4953,7.0667,6.9346,0.1321,7.4857,6.6221,6.0194,0.6027,-0.0489,15723.4953,NA
parkey.exe,27808,0x12E93FCD700,DXGI,0,0,1,Hardware Composed: Independent Flip,15737.2917,NA,6.86180000000000,6.93600000000000,0.11310000000000,7.26050000000000,20.7355,15730.5620,6.8428,6.7297,0.1131,7.0712,6.9190,4.5810,2.3380,0.1307,15730.5620,NA
parkey.exe,27808,0x12E93FCD700,DXGI,0,0,1,Hardware Composed: Independent Flip,15744.2412,NA,6.94950000000000,6.97480000000000,0.11460000000000,7.26160000000000,20.7608,15737.4048,6.9510,6.8364,0.1146,7.1798,6.9182,5.8032,1.1150,-0.1320,15737.4048,NA
parkey.exe,27808,0x12E93FCD700,DXGI,0,0,1,Hardware Composed: Independent Flip,15751.2091,NA,6.96790000000000,6.93180000000000,0.11880000000000,7.23910000000000,20.7247,15744.3558,6.9721,6.8533,0.1188,7.1736,6.9188,4.5876,2.3312,0.0192,15744.3558,NA
parkey.exe,27808,0x12E93FCD700,DXGI,0,0,1,Hardware Composed: Independent Flip,15758.4028,NA,7.19370000000000,6.95220000000000,0.13040000000000,7.01810000000000,20.4832,15751.3279,7.2053,7.0749,0.1304,7.1494,6.9436,4.5949,2.3487,0.0199,15751.3279,NA
parkey.exe,27808,0x12E93FCD700,DXGI,0,0,1,Hardware Composed: Independent Flip,15765.1320,NA,6.72920000000000,6.95100000000000,0.13350000000000,7.21640000000000,20.7050,15758.5332,6.7323,6.5988,0.1335,6.9214,6.8938,4.5628,2.3310,0.2543,15758.5332,NA
parkey.exe,27808,0x12E93FCD700,DXGI,0,0,1,Hardware Composed: Independent Flip,15772.0218,NA,6.88980000000000,6.94850000000000,0.09870000000000,7.27520000000000,20.7637,15765.2655,6.8550,6.7563,0.0987,7.1060,6.9255,4.5959,2.3296,-0.2162,15765.2655,NA
parkey.exe,27808,0x12E93FCD700,DXGI,0,0,1,Hardware Composed: Independent Flip,15778.9919,NA,6.97010000000000,6.94760000000000,0.14090000000000,7.30110000000000,20.7412,15772.1205,7.0123,6.8714,0.1409,7.2465,6.9260,6.2715,0.6545,-0.0926,15772.1205,NA
parkey.exe,27808,0x12E93FCD700,DXGI,0,0,1,Hardware Composed: Independent Flip,15785.9498,NA,6.95790000000000,6.95450000000000,0.11040000000000,7.24910000000000,20.7378,15779.1328,6.9274,6.8170,0.1104,7.1990,6.8671,4.5872,2.2799,0.0578,15779.1328,NA
parkey.exe,27808,0x12E93FCD700,DXGI,0,0,1,Hardware Composed: Independent Flip,15792.8903,NA,6.94050000000000,6.96160000000000,0.11800000000000,7.25970000000000,20.7589,15786.0602,6.9481,6.8301,0.1180,7.1740,6.9158,5.3801,1.5357,-0.0342,15786.0602,NA
parkey.exe,27808,0x12E93FCD700,DXGI,0,0,1,Hardware Composed: Independent Flip,15799.8538,NA,6.96350000000000,6.94770000000000,0.12160000000000,7.28130000000000,20.7431,15793.0083,6.9671,6.8455,0.1216,7.1660,6.9608,4.6177,2.3431,0.0004,15793.0083,NA
parkey.exe,27808,0x12E93FCD700,DXGI,0,0,1,Hardware Composed: Independent Flip,15806.7867,NA,6.93290000000000,6.94350000000000,0.11680000000000,7.56140000000000,20.7537,15799.9754,6.9281,6.8113,0.1168,7.1916,7.1811,4.8477,2.3334,0.0236,15799.9754,NA
parkey.exe,27808,0x12E93FCD700,DXGI,0,0,1,Hardware Composed: Independent Flip,15813.7653,NA,6.97860000000000,6.97000000000000,0.12700000000000,7.23990000000000,20.7451,15806.9035,6.9888,6.8618,0.1270,7.4446,6.6571,5.6295,1.0276,-0.0419,15806.9035,NA
parkey.exe,27808,0x12E93FCD700,DXGI,0,0,1,Hardware Composed: Independent Flip,15820.7213,NA,6.95600000000000,6.92470000000000,0.13170000000000,7.26240000000000,20.7138,15813.8923,6.9607,6.8290,0.1317,7.1660,6.9254,4.6145,2.3109,0.0641,15813.8923,NA
parkey.exe,27808,0x12E93FCD700,DXGI,0,0,1,Hardware Composed: Independent Flip,15827.6500,NA,6.92870000000000,6.95300000000000,0.12060000000000,7.27050000000000,20.7381,15820.8530,6.9176,6.7970,0.1206,7.1622,6.9053,5.7644,1.1409,0.0077,15820.8530,NA
parkey.exe,27808,0x12E93FCD700,DXGI,0,0,1,Hardware Composed: Independent Flip,15834.6601,NA,7.01010000000000,6.96210000000000,0.13960000000000,7.17650000000000,20.6901,15827.7706,7.0291,6.8895,0.1396,7.1988,6.8672,4.5609,2.3063,-0.0445,15827.7706,NA
parkey.exe,27808,0x12E93FCD700,DXGI,0,0,1,Hardware Composed: Independent Flip,15841.5389,NA,6.87880000000000,6.93980000000000,0.14190000000000,7.15550000000000,20.7511,15834.7997,6.8811,6.7392,0.1419,7.0870,6.8077,4.4993,2.3084,0.0893,15834.7997,NA
parkey.exe,27808,0x12E93FCD700,DXGI,0,0,1,Hardware Composed: Independent Flip,15848.5089,NA,6.97000000000000,6.95870000000000,0.12150000000000,7.26190000000000,20.7398,15841.6808,6.9496,6.8281,0.1215,7.0379,7.0521,4.6060,2.4461,-0.0776,15841.6808,NA
parkey.exe,27808,0x12E93FCD700,DXGI,0,0,1,Hardware Composed: Independent Flip,15855.4614,NA,6.95250000000000,6.93640000000000,0.12030000000000,7.23040000000000,20.7237,15848.6304,6.9513,6.8310,0.1203,7.1715,6.8899,4.5626,2.3273,0.0132,15848.6304,NA
parkey.exe,27808,0x12E93FCD700,DXGI,0,0,1,Hardware Composed: Independent Flip,15862.3948,NA,6.93340000000000,6.93910000000000,0.11710000000000,7.27760000000000,20.7294,15855.5817,6.9302,6.8131,0.1171,7.1673,6.9234,5.8480,1.0754,0.0122,15855.5817,NA
parkey.exe,27808,0x12E93FCD700,DXGI,0,0,1,Hardware Composed: Independent Flip,15869.3696,NA,6.97480000000000,6.94880000000000,0.13730000000000,7.23700000000000,20.7034,15862.5119,6.9950,6.8577,0.1373,7.1940,6.9007,4.5947,2.3060,-0.0186,15862.5119,NA
parkey.exe,27808,0x12E93FCD700,DXGI,0,0,1,Hardware Composed: Independent Flip,15876.2841,NA,6.91450000000000,6.98710000000000,0.10730000000000,7.25090000000000,20.7760,15869.5069,6.8845,6.7772,0.1073,7.1296,6.8985,5.3644,1.5341,0.0079,15869.5069,NA
parkey.exe,27808,0x12E93FCD700,DXGI,0,0,1,Hardware Composed: Independent Flip,15883.2424,NA,6.95830000000000,6.93710000000000,0.12300000000000,7.25570000000000,20.7548,15876.3914,6.9740,6.8510,0.1230,7.1696,6.9371,4.5983,2.3388,-0.0526,15876.3914,NA
parkey.exe,27808,0x12E93FCD700,DXGI,0,0,1,Hardware Composed: Independent Flip,15890.1747,NA,6.93230000000000,6.98250000000000,0.11520000000000,7.59450000000000,20.8050,15883.3654,6.9245,6.8093,0.1152,7.1693,7.2345,4.8787,2.3558,-0.0085,15883.3654,NA
parkey.exe,27808,0x12E93FCD700,DXGI,0,0,1,Hardware Composed: Independent Flip,15897.1824,NA,7.00770000000000,6.94320000000000,0.12790000000000,7.23820000000000,20.7405,15890.2899,7.0204,6.8925,0.1279,7.4793,6.6514,5.6610,0.9904,-0.0187,15890.2899,NA
parkey.exe,27808,0x12E93FCD700,DXGI,0,0,1,Hardware Composed: Independent Flip,15904.1056,NA,6.92320000000000,6.90000000000000,0.13760000000000,7.31130000000000,20.7173,15897.3103,6.9329,6.7953,0.1376,7.1416,6.9650,4.5987,2.3663,0.1204,15897.3103,NA
parkey.exe,27808,0x12E93FCD700,DXGI,0,0,1,Hardware Composed: Independent Flip,15911.1065,NA,7.00090000000000,6.98960000000000,0.13190000000000,7.11760000000000,20.7060,15904.2432,6.9952,6.8633,0.1319,7.2355,6.7454,5.6748,1.0706,-0.0567,15904.2432,NA
parkey.exe,27808,0x12E93FCD700,DXGI,0,0,1,Hardware Composed: Independent Flip,15918.0863,NA,6.97980000000000,6.93400000000000,0.15150000000000,7.15920000000000,20.6602,15911.2384,6.9994,6.8479,0.1515,7.0155,6.9916,5.7149,1.2767,0.0612,15911.2384,NA
parkey.exe,27808,0x12E93FCD700,DXGI,0,0,1,Hardware Composed: Independent Flip,15924.9289,NA,6.84260000000000,6.92890000000000,0.11750000000000,7.58490000000000,20.7465,15918.2378,6.8086,6.6911,0.1175,7.0347,7.2413,4.8714,2.3699,0.0705,15918.2378,NA
parkey.exe,27808,0x12E93FCD700,DXGI,0,0,1,Hardware Composed: Independent Flip,15931.9671,NA,7.03820000000000,6.97290000000000,0.19120000000000,7.20120000000000,20.6812,15925.0464,7.1119,6.9207,0.1912,7.4674,6.6545,4.7514,1.9031,-0.1643,15925.0464,NA
parkey.exe,27808,0x12E93FCD700,DXGI,0,0,1,Hardware Composed: Independent Flip,15938.9124,NA,6.94530000000000,6.94700000000000,0.12120000000000,7.20180000000000,20.6829,15932.1583,6.8753,6.7541,0.1212,7.0424,6.9135,4.5905,2.3230,0.1649,15932.1583,NA
parkey.exe,27808,0x12E93FCD700,DXGI,0,0,1,Hardware Composed: Independent Flip,15945.7755,NA,6.86310000000000,6.94560000000000,0.11800000000000,7.29730000000000,20.7654,15939.0336,6.8599,6.7419,0.1180,7.1377,6.9015,6.2313,0.6702,-0.0703,15939.0336,NA
parkey.exe,27808,0x12E93FCD700,DXGI,0,0,1,Hardware Composed: Independent Flip,15952.7819,NA,7.00640000000000,6.94570000000000,0.14520000000000,7.23670000000000,20.7047,15945.8935,7.0336,6.8884,0.1452,7.2021,6.9230,4.5871,2.3359,-0.0858,15945.8935,NA
parkey.exe,27808,0x12E93FCD700,DXGI,0,0,1,Hardware Composed: Independent Flip,15959.7053,NA,6.92340000000000,6.96110000000000,0.14230000000000,7.28870000000000,20.7424,15952.9271,6.9205,6.7782,0.1423,7.1231,6.9438,5.4460,1.4978,0.0725,15952.9271,NA
parkey.exe,27808,0x12E93FCD700,DXGI,0,0,1,Hardware Composed: Independent Flip,15966.6623,NA,6.95700000000000,6.94170000000000,0.12600000000000,7.22160000000000,20.7271,15959.8476,6.9407,6.8147,0.1260,7.1787,6.8576,4.5784,2.2792,-0.0212,15959.8476,NA
parkey.exe,27808,0x12E93FCD700,DXGI,0,0,1,Hardware Composed: Independent Flip,15973.5867,NA,6.92440000000000,6.93650000000000,0.10610000000000,7.18100000000000,20.7392,15966.7883,6.9045,6.7984,0.1061,7.1471,6.8323,4.4833,2.3490,0.0042,15966.7883,NA
parkey.exe,27808,0x12E93FCD700,DXGI,0,0,1,Hardware Composed: Independent Flip,15980.5655,NA,6.97880000000000,6.96000000000000,0.12890000000000,7.27200000000000,20.7204,15973.6928,7.0016,6.8727,0.1289,7.1172,7.0275,6.0807,0.9468,-0.0555,15973.6928,NA
parkey.exe,27808,0x12E93FCD700,DXGI,0,0,1,Hardware Composed: Independent Flip,15987.4900,NA,6.92450000000000,6.95500000000000,0.11670000000000,7.23890000000000,20.7509,15980.6944,6.9123,6.7956,0.1167,7.1677,6.8668,4.5584,2.3084,0.0466,15980.6944,NA
parkey.exe,27808,0x12E93FCD700,DXGI,0,0,1,Hardware Composed: Independent Flip,15994.4328,NA,6.94280000000000,6.94680000000000,0.13250000000000,7.26100000000000,20.7549,15987.6067,6.9586,6.8261,0.1325,7.1724,6.9147,5.7558,1.1589,-0.0345,15987.6067,NA
parkey.exe,27808,0x12E93FCD700,DXGI,0,0,1,Hardware Composed: Independent Flip,16001.4030,NA,6.97020000000000,6.95250000000000,0.12020000000000,7.27440000000000,20.7372,15994.5653,6.9579,6.8377,0.1202,7.1525,6.9596,4.6119,2.3477,0.0061,15994.5653,NA
parkey.exe,27808,0x12E93FCD700,DXGI,0,0,1,Hardware Composed: Independent Flip,16008.3501,NA,6.94710000000000,6.94810000000000,0.11940000000000,7.25660000000000,20.7382,16001.5232,6.9463,6.8269,0.1194,7.1840,6.8995,4.6196,2.2799,0.0098,16001.5232,NA
parkey.exe,27808,0x12E93FCD700,DXGI,0,0,1,Hardware Composed: Independent Flip,16015.2937,NA,6.94360000000000,6.95220000000000,0.10570000000000,7.26560000000000,20.7468,16008.4695,6.9299,6.8242,0.1057,7.1673,6.9225,4.6082,2.3143,-0.0059,16008.4695,NA
parkey.exe,27808,0x12E93FCD700,DXGI,0,0,1,Hardware Composed: Independent Flip,16022.2440,NA,6.95030000000000,6.95270000000000,0.11610000000000,7.28000000000000,20.7492,16015.3994,6.9607,6.8446,0.1161,7.1889,6.9357,4.6061,2.3296,-0.0228,16015.3994,NA
parkey.exe,27808,0x12E93FCD700,DXGI,0,0,1,Hardware Composed: Independent Flip,16029.1937,NA,6.94970000000000,6.94460000000000,0.13580000000000,7.17370000000000,20.7441,16022.3601,6.9694,6.8336,0.1358,7.2132,6.7941,6.1401,0.6540,0.0161,16022.3601,NA
parkey.exe,27808,0x12E93FCD700,DXGI,0,0,1,Hardware Composed: Independent Flip,16036.1601,NA,6.96640000000000,6.95730000000000,0.11330000000000,7.25410000000000,20.7350,16029.3295,6.9439,6.8306,0.1133,7.0670,7.0177,4.5743,2.4434,0.0121,16029.3295,NA
parkey.exe,27808,0x12E93FCD700,DXGI,0,0,1,Hardware Composed: Independent Flip,16043.0966,NA,6.93650000000000,6.95780000000000,0.11830000000000,7.25670000000000,20.7563,16036.2734,6.9415,6.8232,0.1183,7.1725,6.9074,5.3795,1.5279,-0.0139,16036.2734,NA
parkey.exe,27808,0x12E93FCD700,DXGI,0,0,1,Hardware Composed: Independent Flip,16050.0546,NA,6.95800000000000,6.95220000000000,0.12240000000000,7.25940000000000,20.7505,16043.2149,6.9621,6.8397,0.1224,7.1945,6.9046,4.5810,2.3236,-0.0107,16043.2149,NA
parkey.exe,27808,0x12E93FCD700,DXGI,0,0,1,Hardware Composed: Independent Flip,16056.9991,NA,6.94450000000000,6.93840000000000,0.11810000000000,7.17150000000000,20.7444,16050.1770,6.9402,6.8221,0.1181,7.1689,6.8247,4.4880,2.3367,0.0237,16050.1770,NA
parkey.exe,27808,0x12E93FCD700,DXGI,0,0,1,Hardware Composed: Independent Flip,16063.9570,NA,6.95790000000000,6.96390000000000,0.09810000000000,7.28200000000000,20.7504,16057.1172,6.9379,6.8398,0.0981,7.0991,7.0227,4.5931,2.4296,-0.0237,16057.1172,NA
parkey.exe,27808,0x12E93FCD700,DXGI,0,0,1,Hardware Composed: Independent Flip,16070.9202,NA,6.96320000000000,6.93750000000000,0.12520000000000,7.24040000000000,20.7247,16064.0551,6.9903,6.8651,0.1252,7.2049,6.9006,4.5781,2.3225,0.0004,16064.0551,NA
parkey.exe,27808,0x12E93FCD700,DXGI,0,0,1,Hardware Composed: Independent Flip,16077.8466,NA,6.92640000000000,6.96300000000000,0.11570000000000,7.27410000000000,20.7613,16071.0454,6.9169,6.8012,0.1157,7.1501,6.9252,5.8081,1.1171,0.0273,16071.0454,NA
parkey.exe,27808,0x12E93FCD700,DXGI,0,0,1,Hardware Composed: Independent Flip,16084.8462,NA,6.99960000000000,6.94060000000000,0.12360000000000,7.21440000000000,20.7023,16077.9623,7.0075,6.8839,0.1236,7.1869,6.9114,4.5829,2.3285,-0.0237,16077.9623,NA
parkey.exe,27808,0x12E93FCD700,DXGI,0,0,1,Hardware Composed: Independent Flip,16091.7493,NA,6.90310000000000,6.98710000000000,0.14140000000000,7.16140000000000,20.7863,16084.9698,6.9209,6.7795,0.1414,7.1332,6.8077,4.4731,2.3346,0.0204,16084.9698,NA
parkey.exe,27808,0x12E93FCD700,DXGI,0,0,1,Hardware Composed: Independent Flip,16098.7288,NA,6.97950000000000,6.91760000000000,0.11260000000000,7.24260000000000,20.7244,16091.8907,6.9507,6.8381,0.1126,7.0470,7.0337,4.5834,2.4503,0.0033,16091.8907,NA
parkey.exe,27808,0x12E93FCD700,DXGI,0,0,1,Hardware Composed: Independent Flip,16105.6459,NA,6.91710000000000,6.94180000000000,0.11310000000000,7.34860000000000,20.7491,16098.8414,6.9176,6.8045,0.1131,7.1587,6.9944,4.6259,2.3685,0.0089,16098.8414,NA
parkey.exe,27808,0x12E93FCD700,DXGI,0,0,1,Hardware Composed: Independent Flip,16112.6443,NA,6.99840000000000,6.96660000000000,0.12020000000000,7.13130000000000,20.7173,16105.7590,7.0055,6.8853,0.1202,7.2657,6.7509,6.1637,0.5872,-0.0490,16105.7590,NA
parkey.exe,27808,0x12E93FCD700,DXGI,0,0,1,Hardware Composed: Independent Flip,16119.5986,NA,6.95430000000000,6.93450000000000,0.13520000000000,7.22390000000000,20.6975,16112.7645,6.9693,6.8341,0.1352,7.0561,7.0019,4.5958,2.4061,0.0710,16112.7645,NA
parkey.exe,27808,0x12E93FCD700,DXGI,0,0,1,Hardware Composed: Independent Flip,16126.5012,NA,6.90260000000000,6.95340000000000,0.11600000000000,7.28280000000000,20.7483,16119.7338,6.8834,6.7674,0.1160,7.1482,6.9020,5.3672,1.5348,0.0159,16119.7338,NA
parkey.exe,27808,0x12E93FCD700,DXGI,0,0,1,Hardware Composed: Independent Flip,16133.5039,NA,7.00270000000000,6.94260000000000,0.13460000000000,7.21030000000000,20.6882,16126.6172,7.0213,6.8867,0.1346,7.1961,6.9009,5.0399,1.8610,-0.0592,16126.6172,NA
parkey.exe,27808,0x12E93FCD700,DXGI,0,0,1,Hardware Composed: Independent Flip,16140.4037,NA,6.89980000000000,6.95090000000000,0.11690000000000,7.16470000000000,20.7393,16133.6385,6.8821,6.7652,0.1169,7.1061,6.8238,4.4995,2.3243,0.0704,16133.6385,NA
parkey.exe,27808,0x12E93FCD700,DXGI,0,0,1,Hardware Composed: Independent Flip,16147.3818,NA,6.97810000000000,6.96820000000000,0.13300000000000,7.22930000000000,20.7294,16140.5206,6.9942,6.8612,0.1330,7.0745,7.0160,6.0985,0.9175,-0.0861,16140.5206,NA
parkey.exe,27808,0x12E93FCD700,DXGI,0,0,1,Hardware Composed: Independent Flip,16154.2963,NA,6.91450000000000,6.94980000000000,0.13170000000000,7.26420000000000,20.7647,16147.5148,6.9132,6.7815,0.1317,7.1221,6.9236,4.5960,2.3276,0.0444,16147.5148,NA
parkey.exe,27808,0x12E93FCD700,DXGI,0,0,1,Hardware Composed: Independent Flip,16161.2362,NA,6.93990000000000,6.93160000000000,0.10210000000000,7.30510000000000,20.7564,16154.4280,6.9103,6.8082,0.1021,7.1622,6.9511,5.7522,1.1989,-0.0184,16154.4280,NA
parkey.exe,27808,0x12E93FCD700,DXGI,0,0,1,Hardware Composed: Independent Flip,16168.2296,NA,6.99340000000000,6.95250000000000,0.12290000000000,7.26850000000000,20.7155,16161.3383,7.0142,6.8913,0.1229,7.2346,6.9252,4.5801,2.3451,-0.0422,16161.3383,NA
parkey.exe,27808,0x12E93FCD700,DXGI,0,0,1,Hardware Composed: Independent Flip,16175.1841,NA,6.95450000000000,6.94740000000000,0.10240000000000,7.22200000000000,20.7084,16168.3525,6.9340,6.8316,0.1024,7.1709,6.8827,4.5729,2.3098,0.0668,16168.3525,NA
parkey.exe,27808,0x12E93FCD700,DXGI,0,0,1,Hardware Composed: Independent Flip,16182.0994,NA,6.91530000000000,6.95330000000000,0.10810000000000,7.26710000000000,20.7464,16175.2865,6.9210,6.8129,0.1081,7.1421,6.9379,4.5804,2.3575,-0.0193,16175.2865,NA
parkey.exe,27808,0x12E93FCD700,DXGI,0,0,1,Hardware Composed: Independent Flip,16189.0585,NA,6.95910000000000,6.95460000000000,0.16530000000000,7.23970000000000,20.7419,16182.2075,7.0163,6.8510,0.1653,7.1974,6.8933,4.5800,2.3133,-0.0336,16182.2075,NA
parkey.exe,27808,0x12E93FCD700,DXGI,0,0,1,Hardware Composed: Independent Flip,16195.9874,NA,6.92890000000000,6.94390000000000,0.11220000000000,7.27530000000000,20.7569,16189.2238,6.8758,6.7636,0.1122,7.1307,6.9082,6.1457,0.7625,0.0724,16189.2238,NA
parkey.exe,27808,0x12E93FCD700,DXGI,0,0,1,Hardware Composed: Independent Flip,16202.9564,NA,6.96900000000000,6.94230000000000,0.11810000000000,7.27280000000000,20.7302,16196.0996,6.9749,6.8568,0.1181,7.1877,6.9419,4.6286,2.3133,-0.0665,16196.0996,NA
parkey.exe,27808,0x12E93FCD700,DXGI,0,0,1,Hardware Composed: Independent Flip,16209.9112,NA,6.95480000000000,6.95900000000000,0.12270000000000,7.24620000000000,20.7344,16203.0745,6.9594,6.8367,0.1227,7.1858,6.8971,5.3594,1.5377,0.0159,16203.0745,NA
parkey.exe,27808,0x12E93FCD700,DXGI,0,0,1,Hardware Composed: Independent Flip,16216.8703,NA,6.95910000000000,6.96100000000000,0.15280000000000,7.23840000000000,20.7363,16210.0339,6.9892,6.8364,0.1528,7.1517,6.9231,4.6116,2.3115,-0.0016,16210.0339,NA
parkey.exe,27808,0x12E93FCD700,DXGI,0,0,1,Hardware Composed: Independent Flip,16223.7950,NA,6.92470000000000,6.94490000000000,0.12100000000000,7.16100000000000,20.7565,16217.0231,6.8929,6.7719,0.1210,7.1169,6.8160,4.4645,2.3515,0.0443,16217.0231,NA
parkey.exe,27808,0x12E93FCD700,DXGI,0,0,1,Hardware Composed: Independent Flip,16230.8110,NA,7.01600000000000,6.96500000000000,0.15560000000000,7.21610000000000,20.7055,16223.9160,7.0506,6.8950,0.1556,7.0901,7.0210,6.2367,0.7843,-0.0721,16223.9160,NA
parkey.exe,27808,0x12E93FCD700,DXGI,0,0,1,Hardware Composed: Independent Flip,16237.7382,NA,6.92720000000000,6.99400000000000,0.12650000000000,7.21530000000000,20.7723,16230.9666,6.8981,6.7716,0.1265,7.0869,6.9000,4.5582,2.3418,0.0566,16230.9666,NA
parkey.exe,27808,0x12E93FCD700,DXGI,0,0,1,Hardware Composed: Independent Flip,16244.6576,NA,6.91940000000000,6.91720000000000,0.11680000000000,7.18800000000000,20.7701,16237.8647,6.9097,6.7929,0.1168,7.1411,6.8398,5.7399,1.0999,-0.0191,16237.8647,NA
parkey.exe,27808,0x12E93FCD700,DXGI,0,0,1,Hardware Composed: Independent Flip,16251.6748,NA,7.01720000000000,6.94350000000000,0.14310000000000,7.26270000000000,20.6964,16244.7744,7.0435,6.9004,0.1431,7.0942,7.0689,4.5759,2.4930,-0.0338,16244.7744,NA
parkey.exe,27808,0x12E93FCD700,DXGI,0,0,1,Hardware Composed: Independent Flip,16258.7152,NA,7.04040000000000,6.94770000000000,0.20680000000000,7.12130000000000,20.6037,16251.8179,7.1041,6.8973,0.2068,7.1573,6.8613,4.5813,2.2800,0.0958,16251.8179,NA
parkey.exe,27808,0x12E93FCD700,DXGI,0,0,1,Hardware Composed: Independent Flip,16265.5887,NA,6.87350000000000,6.94980000000000,0.13850000000000,7.18580000000000,20.6800,16258.9220,6.8052,6.6667,0.1385,6.9784,6.8741,4.5861,2.2880,0.1543,16258.9220,NA
parkey.exe,27808,0x12E93FCD700,DXGI,0,0,1,Hardware Composed: Independent Flip,16272.4924,NA,6.90370000000000,6.93050000000000,0.14540000000000,7.24230000000000,20.7068,16265.7272,6.9106,6.7652,0.1454,7.1112,6.8963,4.5679,2.3284,-0.1253,16265.7272,NA
parkey.exe,27808,0x12E93FCD700,DXGI,0,0,1,Hardware Composed: Independent Flip,16279.4303,NA,6.93790000000000,6.97980000000000,0.15730000000000,7.12640000000000,20.7487,16272.6378,6.9498,6.7925,0.1573,7.1404,6.7785,6.0198,0.7587,-0.0692,16272.6378,NA
parkey.exe,27808,0x12E93FCD700,DXGI,0,0,1,Hardware Composed: Independent Flip,16286.4174,NA,6.98710000000000,6.91770000000000,0.14860000000000,7.18560000000000,20.6793,16279.5876,6.9784,6.8298,0.1486,7.0113,7.0041,4.5624,2.4417,0.0321,16279.5876,NA
parkey.exe,27808,0x12E93FCD700,DXGI,0,0,1,Hardware Composed: Independent Flip,16293.3017,NA,6.88430000000000,6.96900000000000,0.11430000000000,7.29560000000000,20.7640,16286.5660,6.8500,6.7357,0.1143,7.0936,6.9377,5.3704,1.5673,0.0094,16286.5660,NA
parkey.exe,27808,0x12E93FCD700,DXGI,0,0,1,Hardware Composed: Independent Flip,16300.3431,NA,7.04140000000000,6.93980000000000,0.15750000000000,7.19280000000000,20.6624,16293.4160,7.0846,6.9271,0.1575,7.2195,6.9004,4.5971,2.3033,-0.0898,16293.4160,NA
parkey.exe,27808,0x12E93FCD700,DXGI,0,0,1,Hardware Composed: Independent Flip,16307.1970,NA,6.85390000000000,6.93910000000000,0.11410000000000,7.19960000000000,20.7476,16300.5006,6.8105,6.6964,0.1141,7.0654,6.8306,4.4951,2.3355,0.1455,16300.5006,NA
parkey.exe,27808,0x12E93FCD700,DXGI,0,0,1,Hardware Composed: Independent Flip,16314.1845,NA,6.98750000000000,6.95700000000000,0.12670000000000,7.24860000000000,20.7171,16307.3111,7.0001,6.8734,0.1267,7.1147,7.0073,6.2606,0.7467,-0.1465,16307.3111,NA
parkey.exe,27808,0x12E93FCD700,DXGI,0,0,1,Hardware Composed: Independent Flip,16321.1204,NA,6.93590000000000,6.94410000000000,0.12700000000000,7.25890000000000,20.7253,16314.3112,6.9362,6.8092,0.1270,7.1501,6.9180,4.6057,2.3123,0.0560,16314.3112,NA
parkey.exe,27808,0x12E93FCD700,DXGI,0,0,1,Hardware Composed: Independent Flip,16328.0457,NA,6.92530000000000,6.96520000000000,0.11400000000000,7.28070000000000,20.7652,16321.2474,6.9123,6.7983,0.1140,7.1637,6.9153,5.7421,1.1732,-0.0290,16321.2474,NA
parkey.exe,27808,0x12E93FCD700,DXGI,0,0,1,Hardware Composed: Independent Flip,16335.0318,NA,6.98610000000000,6.93610000000000,0.14870000000000,7.23170000000000,20.7152,16328.1597,7.0208,6.8721,0.1487,7.1964,6.9074,4.5857,2.3217,-0.0238,16328.1597,NA
parkey.exe,27808,0x12E93FCD700,DXGI,0,0,1,Hardware Composed: Independent Flip,16341.9445,NA,6.91270000000000,6.95730000000000,0.11090000000000,7.20120000000000,20.7598,16335.1805,6.8749,6.7640,0.1109,7.1142,6.8510,4.5207,2.3303,0.0635,16335.1805,NA
parkey.exe,27808,0x12E93FCD700,DXGI,0,0,1,Hardware Composed: Independent Flip,16348.9709,NA,7.02640000000000,6.94990000000000,0.13450000000000,7.19720000000000,20.6833,16342.0554,7.0500,6.9155,0.1345,7.1281,6.9846,4.5777,2.4069,-0.0750,16342.0554,NA
parkey.exe,27808,0x12E93FCD700,DXGI,0,0,1,Hardware Composed: Independent Flip,16355.8449,NA,6.87400000000000,6.94550000000000,0.11360000000000,7.27660000000000,20.7548,16349.1054,6.8531,6.7395,0.1136,7.0888,6.9273,4.5815,2.3458,0.1045,16349.1054,NA
parkey.exe,27808,0x12E93FCD700,DXGI,0,0,1,Hardware Composed: Independent Flip,16362.8125,NA,6.96760000000000,6.95450000000000,0.11760000000000,7.26070000000000,20.7417,16355.9585,6.9716,6.8540,0.1176,7.2294,6.8853,5.8164,1.0689,-0.1014,16355.9585,NA
parkey.exe,27808,0x12E93FCD700,DXGI,0,0,1,Hardware Composed: Independent Flip,16369.7682,NA,6.95570000000000,6.94920000000000,0.12140000000000,7.24740000000000,20.7352,16362.9301,6.9595,6.8381,0.1214,7.1738,6.9117,4.5794,2.3323,0.0224,16362.9301,NA
parkey.exe,27808,0x12E93FCD700,DXGI,0,0,1,Hardware Composed: Independent Flip,16376.6990,NA,6.93080000000000,6.97970000000000,0.10860000000000,7.26490000000000,20.7841,16369.8896,6.9180,6.8094,0.1086,7.1514,6.9229,5.3618,1.5611,-0.0202,16369.8896,NA
parkey.exe,27808,0x12E93FCD700,DXGI,0,0,1,Hardware Composed: Independent Flip,16383.6844,NA,6.98540000000000,6.91950000000000,0.14230000000000,7.24790000000000,20.7182,16376.8076,7.0191,6.8768,0.1423,7.2125,6.9122,4.6101,2.3021,-0.0015,16376.8076,NA
parkey.exe,27808,0x12E93FCD700,DXGI,0,0,1,Hardware Composed: Independent Flip,16390.6134,NA,6.92900000000000,6.94550000000000,0.11210000000000,7.20430000000000,20.7347,16383.8267,6.8988,6.7867,0.1121,7.1378,6.8532,4.5029,2.3503,0.0736,16383.8267,NA
parkey.exe,27808,0x12E93FCD700,DXGI,0,0,1,Hardware Composed: Independent Flip,16397.6201,NA,7.00670000000000,6.96390000000000,0.14770000000000,7.18460000000000,20.6919,16390.7255,7.0423,6.8946,0.1477,7.1234,6.9558,6.2212,0.7346,-0.0651,16390.7255,NA
parkey.exe,27808,0x12E93FCD700,DXGI,0,0,1,Hardware Composed: Independent Flip,16404.5195,NA,6.89940000000000,6.94100000000000,0.13890000000000,7.25370000000000,20.7335,16397.7678,6.8906,6.7517,0.1389,7.0931,6.9123,4.5871,2.3252,0.1013,16397.7678,NA
parkey.exe,27808,0x12E93FCD700,DXGI,0,0,1,Hardware Composed: Independent Flip,16411.4533,NA,6.93380000000000,6.94240000000000,0.11680000000000,7.28380000000000,20.7421,16404.6584,6.9117,6.7949,0.1168,7.1462,6.9325,5.7738,1.1587,-0.0518,16404.6584,NA
parkey.exe,27808,0x12E93FCD700,DXGI,0,0,1,Hardware Composed: Independent Flip,16418.4384,NA,6.98510000000000,6.95180000000000,0.12860000000000,7.23610000000000,20.7088,16411.5701,6.9969,6.8683,0.1286,7.1959,6.9085,4.5951,2.3134,-0.0401,16411.5701,NA
parkey.exe,27808,0x12E93FCD700,DXGI,0,0,1,Hardware Composed: Independent Flip,16425.3449,NA,6.90650000000000,6.93500000000000,0.09630000000000,7.26720000000000,20.7373,16418.5670,6.8742,6.7779,0.0963,7.1390,6.9061,4.5734,2.3327,0.0619,16418.5670,NA
parkey.exe,27808,0x12E93FCD700,DXGI,0,0,1,Hardware Composed: Independent Flip,16432.3025,NA,6.95760000000000,6.97000000000000,0.11110000000000,7.26700000000000,20.7497,16425.4412,6.9724,6.8613,0.1111,7.1995,6.9288,4.5918,2.3370,-0.0958,16425.4412,NA
parkey.exe,27808,0x12E93FCD700,DXGI,0,0,1,Hardware Composed: Independent Flip,16439.2590,NA,6.95650000000000,6.96140000000000,0.12860000000000,7.25120000000000,20.7546,16432.4136,6.9740,6.8454,0.1286,7.1918,6.9048,4.5988,2.3060,0.0110,16432.4136,NA
parkey.exe,27808,0x12E93FCD700,DXGI,0,0,1,Hardware Composed: Independent Flip,16446.1758,NA,6.91680000000000,6.94030000000000,0.11440000000000,7.19610000000000,20.7781,16439.3876,6.9026,6.7882,0.1144,7.1939,6.7904,6.0865,0.7039,0.0337,16439.3876,NA
parkey.exe,27808,0x12E93FCD700,DXGI,0,0,1,Hardware Composed: Independent Flip,16453.1692,NA,6.99340000000000,6.94830000000000,0.12130000000000,7.26230000000000,20.7330,16446.2902,7.0003,6.8790,0.1213,7.1100,7.0313,4.5729,2.4584,-0.0457,16446.2902,NA
parkey.exe,27808,0x12E93FCD700,DXGI,0,0,1,Hardware Composed: Independent Flip,16460.1249,NA,6.95570000000000,6.94310000000000,0.13910000000000,7.26530000000000,20.7204,16453.2905,6.9735,6.8344,0.1391,7.1746,6.9251,5.3772,1.5479,0.0572,16453.2905,NA
parkey.exe,27808,0x12E93FCD700,DXGI,0,0,1,Hardware Composed: Independent Flip,16467.0614,NA,6.93650000000000,6.95950000000000,0.11500000000000,7.25520000000000,20.7434,16460.2640,6.9124,6.7974,0.1150,7.1565,6.8961,4.6027,2.2934,0.0140,16460.2640,NA
parkey.exe,27808,0x12E93FCD700,DXGI,0,0,1,Hardware Composed: Independent Flip,16474.0100,NA,6.94860000000000,6.94730000000000,0.12240000000000,7.62920000000000,20.7421,16467.1764,6.9560,6.8336,0.1224,7.1715,7.2913,4.9369,2.3544,-0.0349,16467.1764,NA
parkey.exe,27808,0x12E93FCD700,DXGI,0,0,1,Hardware Composed: Independent Flip,16480.9807,NA,6.97070000000000,6.95030000000000,0.12400000000000,7.25460000000000,20.7217,16474.1324,6.9723,6.8483,0.1240,7.5068,6.5961,5.6811,0.9150,0.0057,16474.1324,NA
parkey.exe,27808,0x12E93FCD700,DXGI,0,0,1,Hardware Composed: Independent Flip,16487.9145,NA,6.93380000000000,6.94940000000000,0.11920000000000,7.25690000000000,20.7373,16481.1047,6.9290,6.8098,0.1192,7.1637,6.9030,4.5663,2.3367,0.0229,16481.1047,NA
parkey.exe,27808,0x12E93FCD700,DXGI,0,0,1,Hardware Composed: Independent Flip,16494.8523,NA,6.93780000000000,6.94500000000000,0.10870000000000,7.26790000000000,20.7445,16488.0337,6.9273,6.8186,0.1087,7.1679,6.9186,5.7903,1.1283,-0.0160,16488.0337,NA
parkey.exe,27808,0x12E93FCD700,DXGI,0,0,1,Hardware Composed: Independent Flip,16501.8257,NA,6.97340000000000,6.96520000000000,0.11030000000000,7.26780000000000,20.7363,16494.9610,6.9750,6.8647,0.1103,7.1866,6.9459,4.6081,2.3378,-0.0379,16494.9610,NA
parkey.exe,27808,0x12E93FCD700,DXGI,0,0,1,Hardware Composed: Independent Flip,16508.7570,NA,6.93130000000000,6.94840000000000,0.11450000000000,7.26230000000000,20.7534,16501.9360,6.9355,6.8210,0.1145,7.1859,6.8974,4.5920,2.3054,0.0266,16501.9360,NA
parkey.exe,27808,0x12E93FCD700,DXGI,0,0,1,Hardware Composed: Independent Flip,16515.7044,NA,6.94740000000000,6.94040000000000,0.10700000000000,7.27560000000000,20.7464,16508.8715,6.9399,6.8329,0.1070,7.1715,6.9370,4.6033,2.3337,-0.0049,16508.8715,NA
parkey.exe,27808,0x12E93FCD700,DXGI,0,0,1,Hardware Composed: Independent Flip,16522.6700,NA,6.96560000000000,6.94980000000000,0.11700000000000,7.26570000000000,20.7306,16515.8114,6.9756,6.8586,0.1170,7.2002,6.9241,4.6054,2.3187,-0.0099,16515.8114,NA
parkey.exe,27808,0x12E93FCD700,DXGI,0,0,1,Hardware Composed: Independent Flip,16529.6155,NA,6.94550000000000,6.95830000000000,0.13750000000000,7.10790000000000,20.7434,16522.7870,6.9660,6.8285,0.1375,7.1924,6.7440,6.0599,0.6841,0.0173,16522.7870,NA
parkey.exe,27808,0x12E93FCD700,DXGI,0,0,1,Hardware Composed: Independent Flip,16536.5904,NA,6.97490000000000,6.94960000000000,0.13400000000000,7.22900000000000,20.7181,16529.7530,6.9714,6.8374,0.1340,6.9983,7.0681,4.5778,2.4903,0.0164,16529.7530,NA
parkey.exe,27808,0x12E93FCD700,DXGI,0,0,1,Hardware Composed: Independent Flip,16543.5026,NA,6.91220000000000,6.94980000000000,0.11170000000000,7.27360000000000,20.7557,16536.7244,6.8899,6.7782,0.1117,7.1206,6.9312,5.3521,1.5791,0.0216,16536.7244,NA
parkey.exe,27808,0x12E93FCD700,DXGI,0,0,1,Hardware Composed: Independent Flip,16550.4941,NA,6.99150000000000,6.96810000000000,0.13140000000000,7.24670000000000,20.7323,16543.6143,7.0112,6.8798,0.1314,7.1872,6.9393,4.6076,2.3317,-0.0782,16543.6143,NA
parkey.exe,27808,0x12E93FCD700,DXGI,0,0,1,Hardware Composed: Independent Flip,16557.4147,NA,6.92060000000000,6.93410000000000,0.12180000000000,7.18800000000000,20.7458,16550.6255,6.9110,6.7892,0.1218,7.1479,6.8293,4.4863,2.3430,0.0771,16550.6255,NA
parkey.exe,27808,0x12E93FCD700,DXGI,0,0,1,Hardware Composed: Independent Flip,16564.4017,NA,6.98700000000000,6.94430000000000,0.13390000000000,7.26530000000000,20.7031,16557.5365,6.9991,6.8652,0.1339,7.0981,7.0324,4.5840,2.4484,-0.0333,16557.5365,NA
parkey.exe,27808,0x12E93FCD700,DXGI,0,0,1,Hardware Composed: Independent Flip,16571.3798,NA,6.97810000000000,6.94580000000000,0.15830000000000,7.20050000000000,20.6708,16564.5356,7.0025,6.8442,0.1583,7.1662,6.8785,4.5776,2.3009,0.0533,16564.5356,NA
parkey.exe,27808,0x12E93FCD700,DXGI,0,0,1,Hardware Composed: Independent Flip,16578.2625,NA,6.88270000000000,6.96610000000000,0.12180000000000,7.25440000000000,20.7542,16571.5381,6.8462,6.7244,0.1218,7.0728,6.9060,5.8120,1.0940,0.0364,16571.5381,NA
parkey.exe,27808,0x12E93FCD700,DXGI,0,0,1,Hardware Composed: Independent Flip,16585.2189,NA,6.95640000000000,6.93700000000000,0.11210000000000,7.24990000000000,20.7348,16578.3843,6.9467,6.8346,0.1121,7.1583,6.9262,4.5763,2.3499,-0.0908,16578.3843,NA
parkey.exe,27808,0x12E93FCD700,DXGI,0,0,1,Hardware Composed: Independent Flip,16592.1530,NA,6.93410000000000,6.93870000000000,0.13710000000000,7.39600000000000,20.7394,16585.3310,6.9591,6.8220,0.1371,7.1728,7.0452,4.7031,2.3421,0.0080,16585.3310,NA
parkey.exe,27808,0x12E93FCD700,DXGI,0,0,1,Hardware Composed: Independent Flip,16599.1448,NA,6.99180000000000,6.97320000000000,0.12550000000000,7.26120000000000,20.7208,16592.2901,6.9802,6.8547,0.1255,7.2884,6.8275,4.6166,2.2109,-0.0141,16592.2901,NA
parkey.exe,27808,0x12E93FCD700,DXGI,0,0,1,Hardware Composed: Independent Flip,16606.0548,NA,6.91000000000000,6.94470000000000,0.11700000000000,7.24530000000000,20.7555,16599.2703,6.9015,6.7845,0.1170,7.1644,6.8654,4.5718,2.2936,0.0355,16599.2703,NA
parkey.exe,27808,0x12E93FCD700,DXGI,0,0,1,Hardware Composed: Independent Flip,16612.9974,NA,6.94260000000000,6.95370000000000,0.12280000000000,7.27790000000000,20.7666,16606.1718,6.9484,6.8256,0.1228,7.1699,6.9336,6.2311,0.7025,-0.0522,16606.1718,NA
parkey.exe,27808,0x12E93FCD700,DXGI,0,0,1,Hardware Composed: Independent Flip,16619.9873,NA,6.98990000000000,6.94290000000000,0.11090000000000,7.26390000000000,20.7196,16613.1202,6.9780,6.8671,0.1109,7.2015,6.9295,4.6265,2.3030,0.0055,16613.1202,NA
parkey.exe,27808,0x12E93FCD700,DXGI,0,0,1,Hardware Composed: Independent Flip,16626.9099,NA,6.92260000000000,6.94010000000000,0.11320000000000,7.25910000000000,20.7371,16620.0982,6.9249,6.8117,0.1132,7.1828,6.8880,5.3754,1.5126,0.0379,16620.0982,NA
parkey.exe,27808,0x12E93FCD700,DXGI,0,0,1,Hardware Composed: Independent Flip,16633.8879,NA,6.97800000000000,6.96180000000000,0.12680000000000,7.22230000000000,20.7209,16627.0231,6.9916,6.8648,0.1268,7.1768,6.9103,4.5641,2.3462,-0.0369,16627.0231,NA
parkey.exe,27808,0x12E93FCD700,DXGI,0,0,1,Hardware Composed: Independent Flip,16640.8121,NA,6.92420000000000,6.95440000000000,0.15650000000000,7.72200000000000,20.7511,16634.0147,6.9539,6.7974,0.1565,7.1312,7.3882,5.0405,2.3477,0.0372,16634.0147,NA
parkey.exe,27808,0x12E93FCD700,DXGI,0,0,1,Hardware Composed: Independent Flip,16647.7790,NA,6.96690000000000,6.94150000000000,0.11290000000000,7.25000000000000,20.7257,16640.9686,6.9233,6.8104,0.1129,7.5655,6.4949,5.6504,0.8445,0.0124,16640.9686,NA
parkey.exe,27808,0x12E93FCD700,DXGI,0,0,1,Hardware Composed: Independent Flip,16654.7132,NA,6.93420000000000,6.96300000000000,0.14320000000000,7.27070000000000,20.7545,16647.8919,6.9645,6.8213,0.1432,7.1688,6.9232,4.5977,2.3255,-0.0397,16647.8919,NA
parkey.exe,27808,0x12E93FCD700,DXGI,0,0,1,Hardware Composed: Independent Flip,16661.6670,NA,6.95380000000000,6.97300000000000,0.10950000000000,7.25240000000000,20.7737,16654.8564,6.9201,6.8106,0.1095,7.1586,6.9044,5.7362,1.1682,-0.0085,16654.8564,NA
parkey.exe,27808,0x12E93FCD700,DXGI,0,0,1,Hardware Composed: Independent Flip,16668.6187,NA,6.95170000000000,6.91560000000000,0.12300000000000,7.27280000000000,20.7376,16661.7765,6.9652,6.8422,0.1230,7.1757,6.9393,4.5746,2.3647,0.0045,16661.7765,NA
parkey.exe,27808,0x12E93FCD700,DXGI,0,0,1,Hardware Composed: Independent Flip,16675.5757,NA,6.95700000000000,6.94920000000000,0.12520000000000,7.18330000000000,20.7298,16668.7417,6.9592,6.8340,0.1252,7.1864,6.8309,4.5070,2.3239,0.0160,16668.7417,NA
parkey.exe,27808,0x12E93FCD700,DXGI,0,0,1,Hardware Composed: Independent Flip,16682.5591,NA,6.98340000000000,6.96540000000000,0.12430000000000,7.23430000000000,20.7118,16675.7009,6.9825,6.8582,0.1243,7.0848,7.0077,4.5912,2.4165,-0.0062,16675.7009,NA
parkey.exe,27808,0x12E93FCD700,DXGI,0,0,1,Hardware Composed: Independent Flip,16689.4726,NA,6.91350000000000,6.95940000000000,0.13450000000000,7.23720000000000,20.7577,16682.6834,6.9237,6.7892,0.1345,7.1387,6.8877,4.5670,2.3207,0.0231,16682.6834,NA
parkey.exe,27808,0x12E93FCD700,DXGI,0,0,1,Hardware Composed: Independent Flip,16696.4350,NA,6.96240000000000,6.93060000000000,0.14020000000000,7.24040000000000,20.7259,16689.6071,6.9681,6.8279,0.1402,7.1682,6.9001,6.1603,0.7398,-0.0069,16689.6071,NA
parkey.exe,27808,0x12E93FCD700,DXGI,0,0,1,Hardware Composed: Independent Flip,16703.4348,NA,6.99980000000000,6.93970000000000,0.16860000000000,7.23790000000000,20.6658,16696.5752,7.0282,6.8596,0.1686,7.1322,6.9653,4.6146,2.3507,0.0284,16696.5752,NA
parkey.exe,27808,0x12E93FCD700,DXGI,0,0,1,Hardware Composed: Independent Flip,16710.3572,NA,6.92240000000000,6.96770000000000,0.15880000000000,7.22440000000000,20.7111,16703.6034,6.9126,6.7538,0.1588,7.1033,6.8749,5.3718,1.5031,0.0605,16703.6034,NA
parkey.exe,27808,0x12E93FCD700,DXGI,0,0,1,Hardware Composed: Independent Flip,16717.2897,NA,6.93250000000000,6.94520000000000,0.13300000000000,7.22360000000000,20.7238,16710.5160,6.9067,6.7737,0.1330,7.0910,6.9063,4.5639,2.3424,-0.0326,16710.5160,NA
parkey.exe,27808,0x12E93FCD700,DXGI,0,0,1,Hardware Composed: Independent Flip,16724.2134,NA,6.92370000000000,6.95570000000000,0.12900000000000,7.13960000000000,20.7558,16717.4227,6.9197,6.7907,0.1290,7.1461,6.7842,4.4810,2.3032,-0.0490,16717.4227,NA
parkey.exe,27808,0x12E93FCD700,DXGI,0,0,1,Hardware Composed: Independent Flip,16731.1937,NA,6.98030000000000,6.93980000000000,0.12410000000000,7.24360000000000,20.7153,16724.3424,6.9754,6.8513,0.1241,7.0594,7.0355,6.2185,0.8170,-0.0201,16724.3424,NA
parkey.exe,27808,0x12E93FCD700,DXGI,0,0,1,Hardware Composed: Independent Flip,16738.1296,NA,6.93590000000000,6.94800000000000,0.12530000000000,7.26680000000000,20.7274,16731.3178,6.9371,6.8118,0.1253,7.1488,6.9298,4.5871,2.3427,0.0274,16731.3178,NA
parkey.exe,27808,0x12E93FCD700,DXGI,0,0,1,Hardware Composed: Independent Flip,16745.0748,NA,6.94520000000000,6.95030000000000,0.11700000000000,7.25350000000000,20.7325,16738.2549,6.9369,6.8199,0.1170,7.1731,6.9003,5.8343,1.0660,-0.0132,16738.2549,NA
parkey.exe,27808,0x12E93FCD700,DXGI,0,0,1,Hardware Composed: Independent Flip,16752.0392,NA,6.96440000000000,6.95330000000000,0.12940000000000,7.24350000000000,20.7214,16745.1918,6.9768,6.8474,0.1294,7.1602,6.9307,4.5994,2.3313,-0.0164,16745.1918,NA
parkey.exe,27808,0x12E93FCD700,DXGI,0,0,1,Hardware Composed: Independent Flip,16758.9620,NA,6.92280000000000,6.94590000000000,0.11960000000000,7.28610000000000,20.7445,16752.1686,6.9130,6.7934,0.1196,7.1462,6.9333,4.6132,2.3201,0.0309,16752.1686,NA
parkey.exe,27808,0x12E93FCD700,DXGI,0,0,1,Hardware Composed: Independent Flip,16765.9713,NA,7.00930000000000,6.96540000000000,0.14930000000000,7.20430000000000,20.7006,16759.0816,7.0390,6.8897,0.1493,7.2005,6.8935,4.5888,2.3047,-0.0524,16759.0816,NA
parkey.exe,27808,0x12E93FCD700,DXGI,0,0,1,Hardware Composed: Independent Flip,16772.8689,NA,6.89760000000000,6.93800000000000,0.12040000000000,7.24420000000000,20.7410,16766.1206,6.8687,6.7483,0.1204,7.0864,6.9061,4.5888,2.3173,0.1010,16766.1206,NA
parkey.exe,27808,0x12E93FCD700,DXGI,0,0,1,Hardware Composed: Independent Flip,16779.8064,NA,6.93750000000000,6.96480000000000,0.13900000000000,7.20860000000000,20.7683,16772.9893,6.9561,6.8171,0.1390,7.1896,6.8361,6.1367,0.6994,-0.0961,16772.9893,NA
parkey.exe,27808,0x12E93FCD700,DXGI,0,0,1,Hardware Composed: Independent Flip,16786.8733,NA,7.06690000000000,6.94190000000000,0.15520000000000,7.15660000000000,20.6433,16779.9454,7.0831,6.9279,0.1552,7.0974,6.9871,4.5857,2.4014,0.0142,16779.9454,NA
parkey.exe,27808,0x12E93FCD700,DXGI,0,0,1,Hardware Composed: Independent Flip,16793.7183,NA,6.84500000000000,6.94740000000000,0.12350000000000,7.27830000000000,20.7457,16787.0285,6.8133,6.6898,0.1235,7.0380,6.9301,5.3779,1.5522,0.1357,16787.0285,NA
parkey.exe,27808,0x12E93FCD700,DXGI,0,0,1,Hardware Composed: Independent Flip,16800.7280,NA,7.00970000000000,6.94500000000000,0.14580000000000,7.21810000000000,20.6810,16793.8418,7.0320,6.8862,0.1458,7.1843,6.9200,4.5950,2.3250,-0.1317,16793.8418,NA
parkey.exe,27808,0x12E93FCD700,DXGI,0,0,1,Hardware Composed: Independent Flip,16807.6322,NA,6.90420000000000,6.95160000000000,0.12030000000000,7.18070000000000,20.7284,16800.8738,6.8787,6.7584,0.1203,7.1222,6.8169,4.4916,2.3253,0.0804,16800.8738,NA
parkey.exe,27808,0x12E93FCD700,DXGI,0,0,1,Hardware Composed: Independent Flip,16814.6139,NA,6.98170000000000,6.96520000000000,0.12130000000000,7.21060000000000,20.7119,16807.7525,6.9827,6.8614,0.1213,7.0914,6.9806,6.2094,0.7712,-0.0865,16807.7525,NA
parkey.exe,27808,0x12E93FCD700,DXGI,0,0,1,Hardware Composed: Independent Flip,16821.5082,NA,6.89430000000000,6.93230000000000,0.12010000000000,7.28140000000000,20.7499,16814.7352,6.8931,6.7730,0.1201,7.1139,6.9405,4.6194,2.3211,0.0504,16814.7352,NA
parkey.exe,27808,0x12E93FCD700,DXGI,0,0,1,Hardware Composed: Independent Flip,16828.4657,NA,6.95750000000000,6.95180000000000,0.14690000000000,7.27990000000000,20.7442,16821.6283,6.9843,6.8374,0.1469,7.2001,6.9172,5.7412,1.1760,-0.0587,16821.6283,NA
parkey.exe,27808,0x12E93FCD700,DXGI,0,0,1,Hardware Composed: Independent Flip,16835.4615,NA,6.99580000000000,6.94480000000000,0.15480000000000,7.21490000000000,20.6932,16828.6126,7.0037,6.8489,0.1548,7.1565,6.9073,4.6021,2.3052,0.0395,16828.6126,NA
parkey.exe,27808,0x12E93FCD700,DXGI,0,0,1,Hardware Composed: Independent Flip,16842.3632,NA,6.90170000000000,6.96760000000000,0.11770000000000,7.26350000000000,20.7591,16835.6163,6.8646,6.7469,0.1177,7.0914,6.9190,4.5893,2.3297,0.0361,16835.6163,NA
parkey.exe,27808,0x12E93FCD700,DXGI,0,0,1,Hardware Composed: Independent Flip,16849.3250,NA,6.96180000000000,6.96330000000000,0.12700000000000,7.24490000000000,20.7606,16842.4809,6.9711,6.8441,0.1270,7.1691,6.9199,4.5802,2.3397,-0.0987,16842.4809,NA
parkey.exe,27808,0x12E93FCD700,DXGI,0,0,1,Hardware Composed: Independent Flip,16856.2528,NA,6.92780000000000,6.95800000000000,0.11010000000000,7.27470000000000,20.7908,16849.4520,6.9109,6.8008,0.1101,7.1707,6.9048,4.5653,2.3395,0.0131,16849.4520,NA
parkey.exe,27808,0x12E93FCD700,DXGI,0,0,1,Hardware Composed: Independent Flip,16863.2543,NA,7.00150000000000,6.92740000000000,0.17810000000000,7.26260000000000,20.7167,16856.3629,7.0695,6.8914,0.1781,7.2399,6.9141,5.8726,1.0415,-0.0165,16856.3629,NA
parkey.exe,27808,0x12E93FCD700,DXGI,0,0,1,Hardware Composed: Independent Flip,16870.2431,NA,6.98880000000000,6.94460000000000,0.15410000000000,7.24160000000000,20.6725,16863.4324,6.9648,6.8107,0.1541,7.1288,6.9235,4.6033,2.3202,0.1249,16863.4324,NA
parkey.exe,27808,0x12E93FCD700,DXGI,0,0,1,Hardware Composed: Independent Flip,16877.1917,NA,6.94860000000000,6.94470000000000,0.15480000000000,7.19520000000000,20.6686,16870.3972,6.9493,6.7945,0.1548,7.1268,6.8629,5.3603,1.5026,0.0201,16870.3972,NA
parkey.exe,27808,0x12E93FCD700,DXGI,0,0,1,Hardware Composed: Independent Flip,16884.0936,NA,6.90190000000000,6.93880000000000,0.12190000000000,7.26460000000000,20.7055,16877.3465,6.8690,6.7471,0.1219,7.0690,6.9427,4.6146,2.3281,0.0105,16877.3465,NA
parkey.exe,27808,0x12E93FCD700,DXGI,0,0,1,Hardware Composed: Independent Flip,16891.1006,NA,7.00700000000000,6.95320000000000,0.14520000000000,7.08500000000000,20.6517,16884.2155,7.0303,6.8851,0.1452,7.1776,6.7925,4.4936,2.2989,-0.0842,16884.2155,NA
parkey.exe,27808,0x12E93FCD700,DXGI,0,0,1,Hardware Composed: Independent Flip,16897.9846,NA,6.88400000000000,6.96600000000000,0.15140000000000,7.23220000000000,20.7337,16891.2458,6.8902,6.7388,0.1514,6.9747,6.9963,6.2105,0.7858,0.0643,16891.2458,NA
parkey.exe,27808,0x12E93FCD700,DXGI,0,0,1,Hardware Composed: Independent Flip,16904.8981,NA,6.91350000000000,6.92840000000000,0.11410000000000,7.29510000000000,20.7486,16898.1360,6.8762,6.7621,0.1141,7.1127,6.9445,4.9723,1.9722,-0.0382,16898.1360,NA
parkey.exe,27808,0x12E93FCD700,DXGI,0,0,1,Hardware Composed: Independent Flip,16911.8632,NA,6.96510000000000,6.96950000000000,0.12270000000000,7.57870000000000,20.7530,16905.0122,6.9737,6.8510,0.1227,7.2115,7.2182,6.0622,1.1560,-0.0933,16905.0122,NA
parkey.exe,27808,0x12E93FCD700,DXGI,0,0,1,Hardware Composed: Independent Flip,16918.8659,NA,7.00270000000000,6.95030000000000,0.13410000000000,7.18830000000000,20.7006,16911.9859,7.0141,6.8800,0.1341,7.4560,6.6123,5.6343,0.9780,0.0234,16911.9859,NA
parkey.exe,27808,0x12E93FCD700,DXGI,0,0,1,Hardware Composed: Independent Flip,16925.7464,NA,6.88050000000000,6.95010000000000,0.11430000000000,7.28180000000000,20.7702,16919.0000,6.8607,6.7464,0.1143,7.0836,6.9446,4.5788,2.3658,0.0640,16919.0000,NA
parkey.exe,27808,0x12E93FCD700,DXGI,0,0,1,Hardware Composed: Independent Flip,16932.7380,NA,6.99160000000000,6.95690000000000,0.12280000000000,7.24550000000000,20.7355,16925.8607,7.0001,6.8773,0.1228,7.1977,6.9251,4.5913,2.3338,-0.0962,16925.8607,NA
parkey.exe,27808,0x12E93FCD700,DXGI,0,0,1,Hardware Composed: Independent Flip,16939.6870,NA,6.94900000000000,6.94270000000000,0.13600000000000,7.27460000000000,20.7292,16932.8608,6.9622,6.8262,0.1360,7.1565,6.9443,4.6079,2.3364,0.0574,16932.8608,NA
parkey.exe,27808,0x12E93FCD700,DXGI,0,0,1,Hardware Composed: Independent Flip,16946.6270,NA,6.94000000000000,6.94790000000000,0.12010000000000,7.44630000000000,20.7371,16939.8230,6.9241,6.8040,0.1201,7.2005,7.0498,6.2440,0.8058,0.0143,16939.8230,NA
parkey.exe,27808,0x12E93FCD700,DXGI,0,0,1,Hardware Composed: Independent Flip,16953.6332,NA,7.00620000000000,6.97080000000000,0.31560000000000,7.20490000000000,20.7017,16946.7471,7.2017,6.8861,0.3156,7.3558,6.7352,4.5789,2.1563,-0.0467,16946.7471,NA
parkey.exe,27808,0x12E93FCD700,DXGI,0,0,1,Hardware Composed: Independent Flip,16960.5198,NA,6.88660000000000,6.91760000000000,0.11880000000000,7.65780000000000,20.7327,16953.9488,6.6898,6.5710,0.1188,6.9199,7.3089,5.8062,1.5027,0.2841,16953.9488,NA
parkey.exe,27808,0x12E93FCD700,DXGI,0,0,1,Hardware Composed: Independent Flip,16967.4958,NA,6.97600000000000,6.95540000000000,0.17070000000000,7.25240000000000,20.7121,16960.6386,7.0279,6.8572,0.1707,7.5390,6.5706,4.7572,1.8134,-0.2656,16960.6386,NA
parkey.exe,27808,0x12E93FCD700,DXGI,0,0,1,Hardware Composed: Independent Flip,16974.4508,NA,6.95500000000000,6.95720000000000,0.13140000000000,7.10220000000000,20.7143,16967.6665,6.9157,6.7843,0.1314,7.1217,6.7648,4.4683,2.2965,0.0707,16967.6665,NA
parkey.exe,27808,0x12E93FCD700,DXGI,0,0,1,Hardware Composed: Independent Flip,16981.3533,NA,6.90250000000000,6.94440000000000,0.12620000000000,7.26940000000000,20.7562,16974.5822,6.8973,6.7711,0.1262,7.0088,7.0317,5.8913,1.1404,-0.0287,16974.5822,NA
parkey.exe,27808,0x12E93FCD700,DXGI,0,0,1,Hardware Composed: Independent Flip,16988.3195,NA,6.96620000000000,6.95260000000000,0.12160000000000,7.26240000000000,20.7426,16981.4795,6.9616,6.8400,0.1216,7.1712,6.9312,4.5945,2.3367,-0.0553,16981.4795,NA
parkey.exe,27808,0x12E93FCD700,DXGI,0,0,1,Hardware Composed: Independent Flip,16995.2647,NA,6.94520000000000,6.98240000000000,0.11550000000000,7.25880000000000,20.7798,16988.4411,6.9391,6.8236,0.1155,7.1763,6.9061,5.9352,0.9709,-0.0208,16988.4411,NA
parkey.exe,27808,0x12E93FCD700,DXGI,0,0,1,Hardware Composed: Independent Flip,17002.2371,NA,6.97240000000000,6.90640000000000,0.12540000000000,7.23990000000000,20.7138,16995.3802,6.9823,6.8569,0.1254,7.1712,6.9256,4.6185,2.3071,0.0327,16995.3802,NA
parkey.exe,27808,0x12E93FCD700,DXGI,0,0,1,Hardware Composed: Independent Flip,17009.1667,NA,6.92960000000000,6.96080000000000,0.11690000000000,7.30710000000000,20.7450,17002.3625,6.9211,6.8042,0.1169,7.1674,6.9439,4.6029,2.3410,0.0215,17002.3625,NA
parkey.exe,27808,0x12E93FCD700,DXGI,0,0,1,Hardware Composed: Independent Flip,17016.1779,NA,7.01120000000000,6.95470000000000,0.12740000000000,7.19150000000000,20.6885,17009.2836,7.0217,6.8943,0.1274,7.2195,6.8663,4.5754,2.2909,-0.0336,17009.2836,NA
parkey.exe,27808,0x12E93FCD700,DXGI,0,0,1,Hardware Composed: Independent Flip,17023.0570,NA,6.87910000000000,6.95110000000000,0.11730000000000,7.27230000000000,20.7605,17016.3053,6.8690,6.7517,0.1173,7.0961,6.9279,4.5903,2.3376,0.0706,17016.3053,NA
parkey.exe,27808,0x12E93FCD700,DXGI,0,0,1,Hardware Composed: Independent Flip,17030.0127,NA,6.95570000000000,6.94370000000000,0.13300000000000,7.27690000000000,20.7485,17023.1743,6.9714,6.8384,0.1330,7.2047,6.9106,6.1936,0.7170,-0.0747,17023.1743,NA
parkey.exe,27808,0x12E93FCD700,DXGI,0,0,1,Hardware Composed: Independent Flip,17037.0003,NA,6.98760000000000,6.96100000000000,0.13140000000000,7.22220000000000,20.7219,17030.1457,6.9860,6.8546,0.1314,7.1710,6.9058,4.5886,2.3172,0.0104,17030.1457,NA
parkey.exe,27808,0x12E93FCD700,DXGI,0,0,1,Hardware Composed: Independent Flip,17043.9208,NA,6.92050000000000,6.94130000000000,0.12050000000000,7.25850000000000,20.7427,17037.1317,6.9096,6.7891,0.1205,7.1585,6.8891,5.3400,1.5491,0.0447,17037.1317,NA
parkey.exe,27808,0x12E93FCD700,DXGI,0,0,1,Hardware Composed: Independent Flip,17050.8869,NA,6.96610000000000,6.94970000000000,0.12300000000000,7.26100000000000,20.7263,17044.0413,6.9686,6.8456,0.1230,7.1598,6.9468,4.6145,2.3323,-0.0401,17044.0413,NA
parkey.exe,27808,0x12E93FCD700,DXGI,0,0,1,Hardware Composed: Independent Flip,17057.8297,NA,6.94280000000000,6.95490000000000,0.11590000000000,7.27770000000000,20.7384,17051.0099,6.9357,6.8198,0.1159,7.1694,6.9281,4.6081,2.3200,0.0137,17051.0099,NA
parkey.exe,27808,0x12E93FCD700,DXGI,0,0,1,Hardware Composed: Independent Flip,17064.7956,NA,6.96590000000000,6.94880000000000,0.13050000000000,7.22310000000000,20.7213,17057.9456,6.9805,6.8500,0.1305,7.2081,6.8650,4.5933,2.2717,-0.0131,17057.9456,NA
parkey.exe,27808,0x12E93FCD700,DXGI,0,0,1,Hardware Composed: Independent Flip,17071.7223,NA,6.92670000000000,6.94900000000000,0.11540000000000,7.26680000000000,20.7436,17064.9261,6.9116,6.7962,0.1154,7.1459,6.9171,4.5987,2.3184,0.0315,17064.9261,NA
parkey.exe,27808,0x12E93FCD700,DXGI,0,0,1,Hardware Composed: Independent Flip,17078.6727,NA,6.95040000000000,6.96220000000000,0.11960000000000,7.26350000000000,20.7554,17071.8377,6.9546,6.8350,0.1196,7.1869,6.9116,5.7631,1.1485,-0.0506,17071.8377,NA
parkey.exe,27808,0x12E93FCD700,DXGI,0,0,1,Hardware Composed: Independent Flip,17085.6377,NA,6.96500000000000,6.94000000000000,0.14010000000000,7.22750000000000,20.7304,17078.7923,6.9855,6.8454,0.1401,7.1682,6.9047,4.5658,2.3389,0.0146,17078.7923,NA
parkey.exe,27808,0x12E93FCD700,DXGI,0,0,1,Hardware Composed: Independent Flip,17092.5667,NA,6.92900000000000,6.95060000000000,0.11240000000000,7.27030000000000,20.7520,17085.7778,6.9013,6.7889,0.1124,7.1367,6.9225,4.5898,2.3327,0.0349,17085.7778,NA
parkey.exe,27808,0x12E93FCD700,DXGI,0,0,1,Hardware Composed: Independent Flip,17099.5510,NA,6.98430000000000,6.96670000000000,0.11520000000000,7.26790000000000,20.7344,17092.6791,6.9871,6.8719,0.1152,7.1846,6.9552,4.6001,2.3551,-0.0654,17092.6791,NA
parkey.exe,27808,0x12E93FCD700,DXGI,0,0,1,Hardware Composed: Independent Flip,17106.4710,NA,6.92000000000000,6.93800000000000,0.11880000000000,7.26120000000000,20.7524,17099.6662,6.9236,6.8048,0.1188,7.1855,6.8805,4.5672,2.3133,0.0491,17099.6662,NA
parkey.exe,27808,0x12E93FCD700,DXGI,0,0,1,Hardware Composed: Independent Flip,17113.4287,NA,6.95770000000000,6.93860000000000,0.13360000000000,7.29040000000000,20.7333,17106.5898,6.9725,6.8389,0.1336,7.2028,6.9265,6.2051,0.7214,-0.0150,17106.5898,NA
parkey.exe,27808,0x12E93FCD700,DXGI,0,0,1,Hardware Composed: Independent Flip,17120.6277,NA,7.19900000000000,6.96040000000000,0.13930000000000,7.04320000000000,20.4947,17113.5623,7.2047,7.0654,0.1393,7.1904,6.9182,4.6130,2.3052,0.0121,17113.5623,NA
parkey.exe,27808,0x12E93FCD700,DXGI,0,0,1,Hardware Composed: Independent Flip,17127.3371,NA,6.70940000000000,6.94570000000000,0.12780000000000,7.23940000000000,20.7310,17120.7670,6.6979,6.5701,0.1278,6.9383,6.8712,5.7427,1.1285,0.2590,17120.7670,NA
parkey.exe,27808,0x12E93FCD700,DXGI,0,0,1,Hardware Composed: Independent Flip,17134.2874,NA,6.95030000000000,6.95280000000000,0.13050000000000,7.26290000000000,20.7335,17127.4649,6.9530,6.8225,0.1305,7.1397,6.9457,4.5788,2.3669,-0.2549,17127.4649,NA
parkey.exe,27808,0x12E93FCD700,DXGI,0,0,1,Hardware Composed: Independent Flip,17141.2442,NA,6.95680000000000,6.94900000000000,0.12610000000000,7.50280000000000,20.7257,17134.4179,6.9524,6.8263,0.1261,7.1625,7.1666,4.8534,2.3132,0.0040,17134.4179,NA
parkey.exe,27808,0x12E93FCD700,DXGI,0,0,1,Hardware Composed: Independent Flip,17148.2042,NA,6.96000000000000,6.96800000000000,0.15040000000000,7.23120000000000,20.7337,17141.3703,6.9843,6.8339,0.1504,7.3767,6.6884,5.6444,1.0440,-0.0156,17141.3703,NA
parkey.exe,27808,0x12E93FCD700,DXGI,0,0,1,Hardware Composed: Independent Flip,17155.1232,NA,6.91900000000000,6.91620000000000,0.11600000000000,7.26980000000000,20.7309,17148.3546,6.8846,6.7686,0.1160,7.1110,6.9274,4.5783,2.3491,0.0681,17148.3546,NA
parkey.exe,27808,0x12E93FCD700,DXGI,0,0,1,Hardware Composed: Independent Flip,17162.0823,NA,6.95910000000000,6.97820000000000,0.12160000000000,7.27350000000000,20.7500,17155.2392,6.9647,6.8431,0.1216,7.1865,6.9301,5.6969,1.2332,-0.0936,17155.2392,NA
parkey.exe,27808,0x12E93FCD700,DXGI,0,0,1,Hardware Composed: Independent Flip,17169.0595,NA,6.97720000000000,6.94170000000000,0.12250000000000,7.20760000000000,20.7145,17162.2039,6.9781,6.8556,0.1225,7.1837,6.8795,4.5591,2.3204,0.0230,17162.2039,NA
parkey.exe,27808,0x12E93FCD700,DXGI,0,0,1,Hardware Composed: Independent Flip,17175.9525,NA,6.89300000000000,6.93810000000000,0.11250000000000,7.31710000000000,20.7596,17169.1820,6.8830,6.7705,0.1125,7.1124,6.9752,4.6080,2.3672,0.0400,17169.1820,NA
parkey.exe,27808,0x12E93FCD700,DXGI,0,0,1,Hardware Composed: Independent Flip,17182.9333,NA,6.98080000000000,6.97010000000000,0.10350000000000,7.27850000000000,20.7489,17176.0650,6.9718,6.8683,0.1035,7.2330,6.9138,4.5944,2.3194,-0.0871,17176.0650,NA
parkey.exe,27808,0x12E93FCD700,DXGI,0,0,1,Hardware Composed: Independent Flip,17189.8841,NA,6.95080000000000,6.93940000000000,0.12250000000000,7.23630000000000,20.7375,17183.0368,6.9698,6.8473,0.1225,7.2071,6.8765,4.5918,2.2847,0.0324,17183.0368,NA
parkey.exe,27808,0x12E93FCD700,DXGI,0,0,1,Hardware Composed: Independent Flip,17196.8045,NA,6.92040000000000,6.94270000000000,0.11790000000000,7.28420000000000,20.7598,17190.0066,6.9158,6.7979,0.1179,7.1571,6.9250,6.2287,0.6963,0.0271,17190.0066,NA
parkey.exe,27808,0x12E93FCD700,DXGI,0,0,1,Hardware Composed: Independent Flip,17203.8113,NA,7.00680000000000,6.97360000000000,0.12100000000000,7.23190000000000,20.7266,17196.9224,7.0099,6.8889,0.1210,7.2115,6.9093,4.5731,2.3362,-0.0578,17196.9224,NA
parkey.exe,27808,0x12E93FCD700,DXGI,0,0,1,Hardware Composed: Independent Flip,17210.7314,NA,6.92010000000000,6.92630000000000,0.13800000000000,7.24080000000000,20.7328,17203.9323,6.9371,6.7991,0.1380,7.1640,6.8759,5.3551,1.5208,0.0836,17203.9323,NA
parkey.exe,27808,0x12E93FCD700,DXGI,0,0,1,Hardware Composed: Independent Flip,17217.6806,NA,6.94920000000000,6.95520000000000,0.13070000000000,7.26880000000000,20.7388,17210.8694,6.9419,6.8112,0.1307,7.1457,6.9343,4.5967,2.3376,-0.0181,17210.8694,NA
parkey.exe,27808,0x12E93FCD700,DXGI,0,0,1,Hardware Composed: Independent Flip,17224.6554,NA,6.97480000000000,6.94340000000000,0.12380000000000,7.13540000000000,20.7074,17217.8113,6.9679,6.8441,0.1238,7.1927,6.7868,4.4864,2.3004,-0.0015,17217.8113,NA
parkey.exe,27808,0x12E93FCD700,DXGI,0,0,1,Hardware Composed: Independent Flip,17231.8418,NA,7.18640000000000,6.96990000000000,0.13680000000000,6.99720000000000,20.4909,17224.7792,7.1994,7.0626,0.1368,7.0694,6.9904,6.2280,0.7624,-0.0020,17224.7792,NA
parkey.exe,27808,0x12E93FCD700,DXGI,0,0,1,Hardware Composed: Independent Flip,17238.5346,NA,6.69280000000000,6.94130000000000,0.12650000000000,7.28060000000000,20.7394,17231.9786,6.6825,6.5560,0.1265,6.8854,6.9512,4.6273,2.3239,0.2581,17231.9786,NA
parkey.exe,27808,0x12E93FCD700,DXGI,0,0,1,Hardware Composed: Independent Flip,17245.4546,NA,6.92000000000000,6.94770000000000,0.10610000000000,7.20340000000000,20.7671,17238.6611,6.8996,6.7935,0.1061,7.1814,6.8155,5.7308,1.0847,-0.2652,17238.6611,NA
parkey.exe,27808,0x12E93FCD700,DXGI,0,0,1,Hardware Composed: Independent Flip,17252.4775,NA,7.02290000000000,6.94550000000000,0.13580000000000,7.21790000000000,20.6897,17245.5607,7.0526,6.9168,0.1358,7.1287,7.0060,4.5903,2.4157,-0.0459,17245.5607,NA
parkey.exe,27808,0x12E93FCD700,DXGI,0,0,1,Hardware Composed: Independent Flip,17259.3872,NA,6.90970000000000,6.98000000000000,0.12150000000000,7.27870000000000,20.7600,17252.6133,6.8954,6.7739,0.1215,7.1118,6.9408,4.6077,2.3331,0.0726,17252.6133,NA
parkey.exe,27808,0x12E93FCD700,DXGI,0,0,1,Hardware Composed: Independent Flip,17266.3516,NA,6.96440000000000,6.93520000000000,0.12800000000000,7.23590000000000,20.7308,17259.5087,6.9709,6.8429,0.1280,7.1802,6.8986,4.5736,2.3250,-0.0398,17259.5087,NA
parkey.exe,27808,0x12E93FCD700,DXGI,0,0,1,Hardware Composed: Independent Flip,17273.2704,NA,6.91880000000000,6.94310000000000,0.11170000000000,7.28830000000000,20.7551,17266.4796,6.9025,6.7908,0.1117,7.1415,6.9376,4.5662,2.3714,0.0278,17266.4796,NA
parkey.exe,27808,0x12E93FCD700,DXGI,0,0,1,Hardware Composed: Independent Flip,17280.6326,NA,7.36220000000000,6.95940000000000,0.15110000000000,6.80870000000000,20.3523,17273.3821,7.4016,7.2505,0.1511,7.2296,6.8296,6.1364,0.6932,-0.0569,17273.3821,NA
parkey.exe,27808,0x12E93FCD700,DXGI,0,0,1,Hardware Composed: Independent Flip,17287.2265,NA,6.59390000000000,6.94500000000000,0.12140000000000,7.21780000000000,20.7034,17280.7837,6.5642,6.4428,0.1214,6.6835,6.9771,4.5893,2.3878,0.4566,17280.7837,NA
parkey.exe,27808,0x12E93FCD700,DXGI,0,0,1,Hardware Composed: Independent Flip,17294.1235,NA,6.89700000000000,7.09190000000000,0.11120000000000,7.28150000000000,20.8983,17287.3479,6.8868,6.7756,0.1112,7.1373,6.9198,4.9417,1.9781,-0.5277,17287.3479,NA
parkey.exe,27808,0x12E93FCD700,DXGI,0,0,1,Hardware Composed: Independent Flip,17301.1397,NA,7.01620000000000,6.80960000000000,0.14680000000000,7.23490000000000,20.6917,17294.2347,7.0518,6.9050,0.1468,7.2015,6.9384,4.6140,2.3244,0.0772,17294.2347,NA
parkey.exe,27808,0x12E93FCD700,DXGI,0,0,1,Hardware Composed: Independent Flip,17308.0429,NA,6.90320000000000,6.94120000000000,0.13110000000000,7.46660000000000,20.7297,17301.2865,6.8875,6.7564,0.1311,7.1201,7.1029,4.5877,2.5152,0.1106,17301.2865,NA
parkey.exe,27808,0x12E93FCD700,DXGI,0,0,1,Hardware Composed: Independent Flip,17315.2354,NA,7.19250000000000,6.94880000000000,0.14170000000000,7.02270000000000,20.4860,17308.1740,7.2031,7.0614,0.1417,7.3836,6.7005,6.2367,0.4638,-0.0613,17308.1740,NA
parkey.exe,27808,0x12E93FCD700,DXGI,0,0,1,Hardware Composed: Independent Flip,17321.9410,NA,6.70560000000000,6.95550000000000,0.12970000000000,7.26810000000000,20.7359,17315.3771,6.6936,6.5639,0.1297,6.9106,6.9214,4.6178,2.3036,0.2476,17315.3771,NA
parkey.exe,27808,0x12E93FCD700,DXGI,0,0,1,Hardware Composed: Independent Flip,17328.8745,NA,6.93350000000000,6.95170000000000,0.11650000000000,7.26110000000000,20.7541,17322.0707,6.9203,6.8038,0.1165,7.1695,6.8954,5.7125,1.1829,-0.2581,17322.0707,NA
parkey.exe,27808,0x12E93FCD700,DXGI,0,0,1,Hardware Composed: Independent Flip,17335.8465,NA,6.97200000000000,6.94820000000000,0.14650000000000,7.25190000000000,20.7303,17328.9910,7.0020,6.8555,0.1465,7.1702,6.9372,4.5785,2.3587,-0.0279,17328.9910,NA
parkey.exe,27808,0x12E93FCD700,DXGI,0,0,1,Hardware Composed: Independent Flip,17342.7792,NA,6.93270000000000,6.95040000000000,0.11910000000000,7.32190000000000,20.7480,17335.9930,6.9053,6.7862,0.1191,7.1381,6.9700,4.6296,2.3404,0.0516,17335.9930,NA
parkey.exe,27808,0x12E93FCD700,DXGI,0,0,1,Hardware Composed: Independent Flip,17349.7343,NA,6.95510000000000,6.95560000000000,0.11560000000000,7.25660000000000,20.7485,17342.8983,6.9516,6.8360,0.1156,7.2264,6.8662,4.5869,2.2793,-0.0503,17342.8983,NA
parkey.exe,27808,0x12E93FCD700,DXGI,0,0,1,Hardware Composed: Independent Flip,17356.6718,NA,6.93750000000000,6.94400000000000,0.11020000000000,7.26870000000000,20.7550,17349.8499,6.9321,6.8219,0.1102,7.1690,6.9216,4.5692,2.3524,0.0076,17349.8499,NA
parkey.exe,27808,0x12E93FCD700,DXGI,0,0,1,Hardware Composed: Independent Flip,17363.6349,NA,6.96310000000000,6.94620000000000,0.11930000000000,7.26910000000000,20.7381,17356.7820,6.9722,6.8529,0.1193,7.2009,6.9211,5.8070,1.1141,-0.0141,17356.7820,NA
parkey.exe,27808,0x12E93FCD700,DXGI,0,0,1,Hardware Composed: Independent Flip,17370.5976,NA,6.96270000000000,6.94330000000000,0.12380000000000,7.25260000000000,20.7187,17363.7542,6.9672,6.8434,0.1238,7.1798,6.9162,4.5882,2.3280,0.0289,17363.7542,NA
parkey.exe,27808,0x12E93FCD700,DXGI,0,0,1,Hardware Composed: Independent Flip,17377.5299,NA,6.93230000000000,6.97150000000000,0.11550000000000,7.26490000000000,20.7579,17370.7214,6.9240,6.8085,0.1155,7.1587,6.9147,5.3755,1.5392,-0.0043,17370.7214,NA
parkey.exe,27808,0x12E93FCD700,DXGI,0,0,1,Hardware Composed: Independent Flip,17384.4974,NA,6.96750000000000,6.94140000000000,0.12260000000000,7.23740000000000,20.7318,17377.6454,6.9746,6.8520,0.1226,7.1824,6.9070,4.5999,2.3071,-0.0174,17377.6454,NA
parkey.exe,27808,0x12E93FCD700,DXGI,0,0,1,Hardware Composed: Independent Flip,17391.4215,NA,6.92410000000000,6.94350000000000,0.11870000000000,7.16210000000000,20.7512,17384.6200,6.9202,6.8015,0.1187,7.1441,6.8195,4.4496,2.3699,0.0311,17384.6200,NA
parkey.exe,27808,0x12E93FCD700,DXGI,0,0,1,Hardware Composed: Independent Flip,17398.4245,NA,7.00300000000000,6.95360000000000,0.13620000000000,7.24090000000000,20.7018,17391.5402,7.0205,6.8843,0.1362,7.0964,7.0288,6.2289,0.7999,-0.0334,17391.5402,NA
parkey.exe,27808,0x12E93FCD700,DXGI,0,0,1,Hardware Composed: Independent Flip,17405.3405,NA,6.91600000000000,6.94810000000000,0.12210000000000,7.24810000000000,20.7339,17398.5607,6.9019,6.7798,0.1221,7.1284,6.8995,4.5843,2.3152,0.0724,17398.5607,NA
parkey.exe,27808,0x12E93FCD700,DXGI,0,0,1,Hardware Composed: Independent Flip,17412.2788,NA,6.93830000000000,6.94580000000000,0.11390000000000,7.26680000000000,20.7414,17405.4626,6.9301,6.8162,0.1139,7.1572,6.9258,5.7515,1.1743,-0.0439,17405.4626,NA
parkey.exe,27808,0x12E93FCD700,DXGI,0,0,1,Hardware Composed: Independent Flip,17419.2496,NA,6.97080000000000,6.95900000000000,0.11410000000000,7.26880000000000,20.7296,17412.3927,6.9710,6.8569,0.1141,7.1800,6.9457,4.5945,2.3512,-0.0289,17412.3927,NA
parkey.exe,27808,0x12E93FCD700,DXGI,0,0,1,Hardware Composed: Independent Flip,17426.1764,NA,6.92680000000000,6.94490000000000,0.11570000000000,7.11670000000000,20.7477,17419.3637,6.9284,6.8127,0.1157,7.1871,6.7423,4.4622,2.2801,0.0261,17419.3637,NA
parkey.exe,27808,0x12E93FCD700,DXGI,0,0,1,Hardware Composed: Independent Flip,17433.1240,NA,6.94760000000000,6.95870000000000,0.11180000000000,7.28350000000000,20.7588,17426.2921,6.9437,6.8319,0.1118,7.0297,7.0857,4.5789,2.5068,-0.0303,17426.2921,NA
parkey.exe,27808,0x12E93FCD700,DXGI,0,0,1,Hardware Composed: Independent Flip,17440.0958,NA,6.97180000000000,6.94220000000000,0.12390000000000,7.25590000000000,20.7292,17433.2358,6.9839,6.8600,0.1239,7.2020,6.9139,4.5862,2.3277,0.0015,17433.2358,NA
parkey.exe,27808,0x12E93FCD700,DXGI,0,0,1,Hardware Composed: Independent Flip,17447.0252,NA,6.92940000000000,6.93940000000000,0.11430000000000,7.17960000000000,20.7392,17440.2197,6.9198,6.8055,0.1143,7.1904,6.7947,6.1033,0.6914,0.0445,17440.2197,NA
parkey.exe,27808,0x12E93FCD700,DXGI,0,0,1,Hardware Composed: Independent Flip,17454.0180,NA,6.99280000000000,6.96110000000000,0.12950000000000,7.22740000000000,20.7075,17447.1395,7.0080,6.8785,0.1295,7.1079,6.9980,4.5879,2.4101,-0.0413,17447.1395,NA
parkey.exe,27808,0x12E93FCD700,DXGI,0,0,1,Hardware Composed: Independent Flip,17460.9373,NA,6.91930000000000,6.94740000000000,0.14380000000000,7.25690000000000,20.7356,17454.1475,6.9336,6.7898,0.1438,7.1279,6.9188,5.3420,1.5768,0.0606,17454.1475,NA
parkey.exe,27808,0x12E93FCD700,DXGI,0,0,1,Hardware Composed: Independent Flip,17467.8895,NA,6.95220000000000,6.96090000000000,0.12630000000000,7.26010000000000,20.7443,17461.0811,6.9347,6.8084,0.1263,7.1375,6.9310,4.6071,2.3239,-0.0273,17461.0811,NA
parkey.exe,27808,0x12E93FCD700,DXGI,0,0,1,Hardware Composed: Independent Flip,17474.8204,NA,6.93090000000000,6.93720000000000,0.11040000000000,7.28250000000000,20.7506,17468.0158,6.9150,6.8046,0.1104,7.1676,6.9195,4.5893,2.3302,-0.0025,17468.0158,NA
parkey.exe,27808,0x12E93FCD700,DXGI,0,0,1,Hardware Composed: Independent Flip,17481.7975,NA,6.97710000000000,7.00300000000000,0.11340000000000,7.23210000000000,20.7765,17474.9308,6.9801,6.8667,0.1134,7.2287,6.8701,6.1957,0.6744,-0.0880,17474.9308,NA
parkey.exe,27808,0x12E93FCD700,DXGI,0,0,1,Hardware Composed: Independent Flip,17488.7374,NA,6.93990000000000,6.93710000000000,0.12010000000000,7.24820000000000,20.7737,17481.9109,6.9466,6.8265,0.1201,7.1714,6.9033,4.5938,2.3095,0.0430,17481.9109,NA
parkey.exe,27808,0x12E93FCD700,DXGI,0,0,1,Hardware Composed: Independent Flip,17495.6676,NA,6.93020000000000,6.92190000000000,0.11070000000000,7.33150000000000,20.7654,17488.8575,6.9208,6.8101,0.1107,7.1623,6.9793,5.7690,1.2103,0.0247,17488.8575,NA
parkey.exe,27808,0x12E93FCD700,DXGI,0,0,1,Hardware Composed: Independent Flip,17502.7446,NA,7.07700000000000,6.94140000000000,0.15120000000000,7.20850000000000,20.6298,17495.7783,7.1175,6.9663,0.1512,7.2571,6.9177,4.6108,2.3069,-0.0206,17495.7783,NA
parkey.exe,27808,0x12E93FCD700,DXGI,0,0,1,Hardware Composed: Independent Flip,17509.6714,NA,6.92680000000000,6.97820000000000,0.16080000000000,7.56300000000000,20.6812,17502.8958,6.9364,6.7756,0.1608,7.0921,7.2465,4.9912,2.2553,0.1393,17502.8958,NA
parkey.exe,27808,0x12E93FCD700,DXGI,0,0,1,Hardware Composed: Independent Flip,17516.5621,NA,6.89070000000000,6.93530000000000,0.12760000000000,7.24190000000000,20.7258,17509.8322,6.8575,6.7299,0.1276,7.4022,6.5696,5.5808,0.9888,0.0011,17509.8322,NA
parkey.exe,27808,0x12E93FCD700,DXGI,0,0,1,Hardware Composed: Independent Flip,17523.5321,NA,6.97000000000000,6.95290000000000,0.18030000000000,7.25470000000000,20.7087,17516.6897,7.0227,6.8424,0.1803,7.1469,6.9502,4.5922,2.3580,-0.0954,17516.6897,NA
parkey.exe,27808,0x12E93FCD700,DXGI,0,0,1,Hardware Composed: Independent Flip,17530.4725,NA,6.94040000000000,6.93570000000000,0.14140000000000,7.14580000000000,20.7040,17523.7124,6.9015,6.7601,0.1414,7.1081,6.7978,6.1521,0.6457,0.0870,17523.7124,NA
parkey.exe,27808,0x12E93FCD700,DXGI,0,0,1,Hardware Composed: Independent Flip,17537.4221,NA,6.94960000000000,6.95580000000000,0.13400000000000,7.22340000000000,20.7102,17530.6139,6.9422,6.8082,0.1340,7.0330,6.9986,4.5726,2.4260,-0.0543,17530.6139,NA
parkey.exe,27808,0x12E93FCD700,DXGI,0,0,1,Hardware Composed: Independent Flip,17544.3598,NA,6.93770000000000,6.95190000000000,0.13450000000000,7.23110000000000,20.7244,17537.5561,6.9382,6.8037,0.1345,7.1446,6.8902,5.3531,1.5371,-0.0097,17537.5561,NA
parkey.exe,27808,0x12E93FCD700,DXGI,0,0,1,Hardware Composed: Independent Flip,17551.3093,NA,6.94950000000000,6.94160000000000,0.13200000000000,7.24410000000000,20.7165,17544.4943,6.9470,6.8150,0.1320,7.1272,6.9319,4.6145,2.3174,-0.0034,17544.4943,NA
parkey.exe,27808,0x12E93FCD700,DXGI,0,0,1,Hardware Composed: Independent Flip,17558.2373,NA,6.92800000000000,6.95150000000000,0.11730000000000,7.12740000000000,20.7400,17551.4413,6.9133,6.7960,0.1173,7.1459,6.7775,4.4328,2.3447,-0.0045,17551.4413,NA
parkey.exe,27808,0x12E93FCD700,DXGI,0,0,1,Hardware Composed: Independent Flip,17565.2123,NA,6.97500000000000,6.94870000000000,0.14350000000000,7.22870000000000,20.7137,17558.3546,7.0012,6.8577,0.1435,7.0567,7.0297,4.5647,2.4650,-0.0354,17558.3546,NA
parkey.exe,27808,0x12E93FCD700,DXGI,0,0,1,Hardware Composed: Independent Flip,17572.1383,NA,6.92600000000000,6.94110000000000,0.12000000000000,7.26080000000000,20.7288,17565.3558,6.9025,6.7825,0.1200,7.1192,6.9241,4.5794,2.3447,0.0601,17565.3558,NA
parkey.exe,27808,0x12E93FCD700,DXGI,0,0,1,Hardware Composed: Independent Flip,17579.0819,NA,6.94360000000000,6.95450000000000,0.11470000000000,7.26690000000000,20.7397,17572.2583,6.9383,6.8236,0.1147,7.1722,6.9183,5.7806,1.1377,-0.0520,17572.2583,NA
parkey.exe,27808,0x12E93FCD700,DXGI,0,0,1,Hardware Composed: Independent Flip,17586.0422,NA,6.96030000000000,6.95770000000000,0.14490000000000,7.23550000000000,20.7371,17579.1966,6.9905,6.8456,0.1449,7.1834,6.8977,4.5614,2.3363,-0.0194,17579.1966,NA
parkey.exe,27808,0x12E93FCD700,DXGI,0,0,1,Hardware Composed: Independent Flip,17592.9484,NA,6.90620000000000,6.95540000000000,0.09530000000000,7.27990000000000,20.7863,17586.1871,6.8566,6.7613,0.0953,7.1151,6.9261,4.5950,2.3311,0.0351,17586.1871,NA
parkey.exe,27808,0x12E93FCD700,DXGI,0,0,1,Hardware Composed: Independent Flip,17599.9407,NA,6.99230000000000,6.96470000000000,0.13050000000000,7.27290000000000,20.7587,17593.0437,7.0275,6.8970,0.1305,7.2126,6.9573,4.6196,2.3377,-0.1081,17593.0437,NA
parkey.exe,27808,0x12E93FCD700,DXGI,0,0,1,Hardware Composed: Independent Flip,17606.8826,NA,6.94190000000000,6.94260000000000,0.11830000000000,7.25730000000000,20.7594,17600.0712,6.9297,6.8114,0.1183,7.1744,6.8943,4.5784,2.3159,0.0849,17600.0712,NA
parkey.exe,27808,0x12E93FCD700,DXGI,0,0,1,Hardware Composed: Independent Flip,17613.8378,NA,6.95520000000000,6.93240000000000,0.11920000000000,7.28660000000000,20.7366,17607.0009,6.9561,6.8369,0.1192,7.1944,6.9291,6.2440,0.6851,-0.0027,17607.0009,NA
parkey.exe,27808,0x12E93FCD700,DXGI,0,0,1,Hardware Composed: Independent Flip,17621.3330,NA,7.49520000000000,6.96620000000000,0.13190000000000,6.72950000000000,20.2076,17613.9570,7.5079,7.3760,0.1319,7.1985,6.9070,4.5699,2.3371,-0.0101,17613.9570,NA
parkey.exe,27808,0x12E93FCD700,DXGI,0,0,1,Hardware Composed: Independent Flip,17627.7569,NA,6.42390000000000,6.93540000000000,0.12490000000000,7.23220000000000,20.7191,17621.4649,6.4169,6.2920,0.1249,6.6526,6.8716,5.3639,1.5077,0.5725,17621.4649,NA
parkey.exe,27808,0x12E93FCD700,DXGI,0,0,1,Hardware Composed: Independent Flip,17634.6932,NA,6.93630000000000,6.95270000000000,0.12330000000000,7.26750000000000,20.7355,17627.8818,6.9347,6.8114,0.1233,7.1380,6.9409,4.5907,2.3502,-0.5358,17627.8818,NA
parkey.exe,27808,0x12E93FCD700,DXGI,0,0,1,Hardware Composed: Independent Flip,17641.6401,NA,6.94690000000000,6.94890000000000,0.11750000000000,7.68560000000000,20.7375,17634.8165,6.9411,6.8236,0.1175,7.1774,7.3318,5.0225,2.3093,-0.0142,17634.8165,NA
parkey.exe,27808,0x12E93FCD700,DXGI,0,0,1,Hardware Composed: Independent Flip,17648.6113,NA,6.97120000000000,6.94740000000000,0.15720000000000,7.23180000000000,20.7137,17641.7576,7.0109,6.8537,0.1572,7.5681,6.5174,5.6315,0.8859,-0.0063,17641.7576,NA
parkey.exe,27808,0x12E93FCD700,DXGI,0,0,1,Hardware Composed: Independent Flip,17655.5720,NA,6.96070000000000,6.96180000000000,0.15830000000000,7.22580000000000,20.7148,17648.7685,6.9618,6.8035,0.1583,7.1031,6.9262,4.5947,2.3315,0.0491,17648.7685,NA
parkey.exe,27808,0x12E93FCD700,DXGI,0,0,1,Hardware Composed: Independent Flip,17662.4874,NA,6.91540000000000,6.94580000000000,0.11760000000000,7.26880000000000,20.7452,17655.7303,6.8747,6.7571,0.1176,7.0986,6.9273,5.7283,1.1990,0.0160,17655.7303,NA
parkey.exe,27808,0x12E93FCD700,DXGI,0,0,1,Hardware Composed: Independent Flip,17669.4366,NA,6.94920000000000,6.94240000000000,0.11880000000000,7.27720000000000,20.7384,17662.6050,6.9504,6.8316,0.1188,7.1756,6.9332,4.5839,2.3493,-0.0677,17662.6050,NA
parkey.exe,27808,0x12E93FCD700,DXGI,0,0,1,Hardware Composed: Independent Flip,17676.3951,NA,6.95850000000000,6.95510000000000,0.11740000000000,7.25260000000000,20.7350,17669.5554,6.9571,6.8397,0.1174,7.1904,6.9019,4.5947,2.3072,-0.0047,17669.5554,NA
parkey.exe,27808,0x12E93FCD700,DXGI,0,0,1,Hardware Composed: Independent Flip,17683.3318,NA,6.93670000000000,6.94780000000000,0.10210000000000,7.28300000000000,20.7461,17676.5125,6.9214,6.8193,0.1021,7.1673,6.9350,4.5829,2.3521,0.0093,17676.5125,NA
parkey.exe,27808,0x12E93FCD700,DXGI,0,0,1,Hardware Composed: Independent Flip,17690.2936,NA,6.96180000000000,6.95510000000000,0.12640000000000,7.24920000000000,20.7394,17683.4339,6.9861,6.8597,0.1264,7.2119,6.8970,4.5709,2.3261,-0.0337,17683.4339,NA
parkey.exe,27808,0x12E93FCD700,DXGI,0,0,1,Hardware Composed: Independent Flip,17697.2503,NA,6.95670000000000,6.94280000000000,0.14780000000000,7.24620000000000,20.7255,17690.4200,6.9781,6.8303,0.1478,7.1639,6.9126,6.2380,0.6746,0.0433,17690.4200,NA
parkey.exe,27808,0x12E93FCD700,DXGI,0,0,1,Hardware Composed: Independent Flip,17704.2236,NA,6.97330000000000,6.96140000000000,0.12240000000000,7.25170000000000,20.7136,17697.3981,6.9479,6.8255,0.1224,7.1263,6.9509,4.5979,2.3530,0.0167,17697.3981,NA
parkey.exe,27808,0x12E93FCD700,DXGI,0,0,1,Hardware Composed: Independent Flip,17711.1348,NA,6.91120000000000,6.95220000000000,0.13940000000000,7.24970000000000,20.7546,17704.3460,6.9282,6.7888,0.1394,7.1637,6.8748,5.3971,1.4777,-0.0043,17704.3460,NA
parkey.exe,27808,0x12E93FCD700,DXGI,0,0,1,Hardware Composed: Independent Flip,17718.0935,NA,6.95870000000000,6.94050000000000,0.12270000000000,7.24960000000000,20.7364,17711.2742,6.9420,6.8193,0.1227,7.1414,6.9275,4.5697,2.3578,-0.0123,17711.2742,NA
parkey.exe,27808,0x12E93FCD700,DXGI,0,0,1,Hardware Composed: Independent Flip,17725.0415,NA,6.94800000000000,6.94290000000000,0.12380000000000,7.13140000000000,20.7313,17718.2162,6.9491,6.8253,0.1238,7.1609,6.7958,4.4646,2.3312,-0.0009,17718.2162,NA
parkey.exe,27808,0x12E93FCD700,DXGI,0,0,1,Hardware Composed: Independent Flip,17732.0118,NA,6.97030000000000,6.96250000000000,0.13510000000000,7.23710000000000,20.7235,17725.1653,6.9816,6.8465,0.1351,7.0705,7.0131,6.0244,0.9887,-0.0134,17725.1653,NA
parkey.exe,27808,0x12E93FCD700,DXGI,0,0,1,Hardware Composed: Independent Flip,17738.9369,NA,6.92510000000000,6.94680000000000,0.11870000000000,7.27470000000000,20.7452,17732.1469,6.9087,6.7900,0.1187,7.1362,6.9285,4.6288,2.2997,0.0348,17732.1469,NA
parkey.exe,27808,0x12E93FCD700,DXGI,0,0,1,Hardware Composed: Independent Flip,17745.8638,NA,6.92690000000000,6.94930000000000,0.11070000000000,7.28680000000000,20.7676,17739.0556,6.9189,6.8082,0.1107,7.1883,6.9067,5.7318,1.1749,-0.0406,17739.0556,NA
parkey.exe,27808,0x12E93FCD700,DXGI,0,0,1,Hardware Composed: Independent Flip,17752.8535,NA,6.98970000000000,6.95060000000000,0.11300000000000,7.23860000000000,20.7285,17745.9745,6.9920,6.8790,0.1130,7.2021,6.9155,4.5906,2.3249,-0.0317,17745.9745,NA
parkey.exe,27808,0x12E93FCD700,DXGI,0,0,1,Hardware Composed: Independent Flip,17759.7919,NA,6.93840000000000,6.95190000000000,0.12330000000000,7.26960000000000,20.7420,17752.9665,6.9487,6.8254,0.1233,7.1801,6.9149,4.6198,2.2951,0.0401,17752.9665,NA
parkey.exe,27808,0x12E93FCD700,DXGI,0,0,1,Hardware Composed: Independent Flip,17766.7409,NA,6.94900000000000,6.95880000000000,0.10880000000000,7.24940000000000,20.7518,17759.9152,6.9345,6.8257,0.1088,7.1722,6.9029,4.5977,2.3052,-0.0101,17759.9152,NA
parkey.exe,27808,0x12E93FCD700,DXGI,0,0,1,Hardware Composed: Independent Flip,17773.6917,NA,6.95080000000000,6.93980000000000,0.14330000000000,7.26180000000000,20.7408,17766.8497,6.9853,6.8420,0.1433,7.1917,6.9121,4.5693,2.3428,-0.0053,17766.8497,NA
parkey.exe,27808,0x12E93FCD700,DXGI,0,0,1,Hardware Composed: Independent Flip,17780.6256,NA,6.93390000000000,6.94570000000000,0.10950000000000,7.15700000000000,20.7526,17773.8350,6.9001,6.7906,0.1095,7.1666,6.7810,6.0841,0.6969,0.0396,17773.8350,NA
parkey.exe,27808,0x12E93FCD700,DXGI,0,0,1,Hardware Composed: Independent Flip,17787.6285,NA,7.00290000000000,6.95500000000000,0.12290000000000,7.20900000000000,20.7047,17780.7351,7.0163,6.8934,0.1229,7.0955,7.0069,4.6074,2.3995,-0.0549,17780.7351,NA
parkey.exe,27808,0x12E93FCD700,DXGI,0,0,1,Hardware Composed: Independent Flip,17794.5430,NA,6.91450000000000,6.96250000000000,0.11610000000000,7.25770000000000,20.7527,17787.7514,6.9077,6.7916,0.1161,7.1200,6.9293,5.3569,1.5724,0.0538,17787.7514,NA
parkey.exe,27808,0x12E93FCD700,DXGI,0,0,1,Hardware Composed: Independent Flip,17801.5066,NA,6.96360000000000,6.95680000000000,0.12620000000000,7.28050000000000,20.7459,17794.6591,6.9737,6.8475,0.1262,7.1639,6.9641,4.6196,2.3445,-0.0491,17794.6591,NA
parkey.exe,27808,0x12E93FCD700,DXGI,0,0,1,Hardware Composed: Independent Flip,17808.4336,NA,6.92700000000000,6.94060000000000,0.14980000000000,7.19000000000000,20.7595,17801.6328,6.9506,6.8008,0.1498,7.1904,6.8004,4.4981,2.3023,0.0331,17801.6328,NA
parkey.exe,27808,0x12E93FCD700,DXGI,0,0,1,Hardware Composed: Independent Flip,17815.4573,NA,7.02370000000000,6.95550000000000,0.17510000000000,7.21340000000000,20.6913,17808.5834,7.0490,6.8739,0.1751,7.0718,7.0155,6.2293,0.7862,-0.0049,17808.5834,NA
parkey.exe,27808,0x12E93FCD700,DXGI,0,0,1,Hardware Composed: Independent Flip,17822.3824,NA,6.92510000000000,6.93570000000000,0.14200000000000,7.24140000000000,20.7019,17815.6324,6.8920,6.7500,0.1420,7.0696,6.9218,4.5964,2.3254,0.1133,17815.6324,NA
parkey.exe,27808,0x12E93FCD700,DXGI,0,0,1,Hardware Composed: Independent Flip,17829.3250,NA,6.94260000000000,6.95460000000000,0.27580000000000,7.24760000000000,20.7139,17822.5244,7.0764,6.8006,0.2758,7.1564,6.8918,5.7842,1.1076,-0.0626,17822.5244,NA
parkey.exe,27808,0x12E93FCD700,DXGI,0,0,1,Hardware Composed: Independent Flip,17836.2809,NA,6.95590000000000,6.94690000000000,0.15920000000000,7.22200000000000,20.7049,17829.6008,6.8393,6.6801,0.1592,6.9996,6.9025,4.5968,2.3057,0.1295,17829.6008,NA
parkey.exe,27808,0x12E93FCD700,DXGI,0,0,1,Hardware Composed: Independent Flip,17843.1891,NA,6.90820000000000,6.94850000000000,0.11470000000000,7.15250000000000,20.7452,17836.4401,6.8637,6.7490,0.1147,7.1029,6.7986,4.4829,2.3157,-0.1092,17836.4401,NA
parkey.exe,27808,0x12E93FCD700,DXGI,0,0,1,Hardware Composed: Independent Flip,17850.1612,NA,6.97210000000000,6.95430000000000,0.12550000000000,7.24430000000000,20.7274,17843.3038,6.9829,6.8574,0.1255,7.0624,7.0393,4.5814,2.4579,-0.0906,17843.3038,NA
parkey.exe,27808,0x12E93FCD700,DXGI,0,0,1,Hardware Composed: Independent Flip,17857.0990,NA,6.93780000000000,6.93970000000000,0.12090000000000,7.25040000000000,20.7293,17850.2867,6.9332,6.8123,0.1209,7.1511,6.9116,4.5828,2.3288,0.0432,17850.2867,NA
parkey.exe,27808,0x12E93FCD700,DXGI,0,0,1,Hardware Composed: Independent Flip,17864.0417,NA,6.94270000000000,6.95380000000000,0.11920000000000,7.26780000000000,20.7404,17857.2199,6.9410,6.8218,0.1192,7.1732,6.9164,5.7941,1.1223,-0.0206,17857.2199,NA
parkey.exe,27808,0x12E93FCD700,DXGI,0,0,1,Hardware Composed: Independent Flip,17871.0087,NA,6.96700000000000,6.95720000000000,0.12400000000000,7.23550000000000,20.7306,17864.1609,6.9718,6.8478,0.1240,7.1812,6.9021,4.5726,2.3295,-0.0162,17864.1609,NA
parkey.exe,27808,0x12E93FCD700,DXGI,0,0,1,Hardware Composed: Independent Flip,17877.9368,NA,6.92810000000000,6.93600000000000,0.11660000000000,7.26600000000000,20.7385,17871.1327,6.9207,6.8041,0.1166,7.1374,6.9327,5.3571,1.5756,0.0358,17871.1327,NA
parkey.exe,27808,0x12E93FCD700,DXGI,0,0,1,Hardware Composed: Independent Flip,17884.9112,NA,6.97440000000000,6.95910000000000,0.12790000000000,7.23190000000000,20.7232,17878.0534,6.9857,6.8578,0.1279,7.1750,6.9147,4.5694,2.3453,-0.0384,17878.0534,NA
parkey.exe,27808,0x12E93FCD700,DXGI,0,0,1,Hardware Composed: Independent Flip,17891.8463,NA,6.93510000000000,6.95360000000000,0.11450000000000,7.67290000000000,20.7417,17885.0391,6.9217,6.8072,0.1145,7.1407,7.3394,5.0117,2.3277,0.0321,17885.0391,NA
parkey.exe,27808,0x12E93FCD700,DXGI,0,0,1,Hardware Composed: Independent Flip,17898.8098,NA,6.96350000000000,6.94070000000000,0.15540000000000,7.25510000000000,20.7189,17891.9608,7.0044,6.8490,0.1554,7.5584,6.5457,5.6404,0.9053,-0.0190,17891.9608,NA
parkey.exe,27808,0x12E93FCD700,DXGI,0,0,1,Hardware Composed: Independent Flip,17905.7383,NA,6.92850000000000,6.93550000000000,0.11640000000000,7.27370000000000,20.7259,17898.9652,6.8895,6.7731,0.1164,7.1505,6.8963,4.5629,2.3334,0.0689,17898.9652,NA
parkey.exe,27808,0x12E93FCD700,DXGI,0,0,1,Hardware Composed: Independent Flip,17912.6979,NA,6.95960000000000,7.00500000000000,0.12190000000000,7.78850000000000,20.7713,17905.8547,6.9651,6.8432,0.1219,7.1878,7.4439,6.2748,1.1691,-0.1155,17905.8547,NA
parkey.exe,27808,0x12E93FCD700,DXGI,0,0,1,Hardware Composed: Independent Flip,17919.6734,NA,6.97550000000000,6.92060000000000,0.13450000000000,7.20580000000000,20.7164,17912.8198,6.9881,6.8536,0.1345,7.6666,6.3928,5.8649,0.5279,0.0445,17912.8198,NA
parkey.exe,27808,0x12E93FCD700,DXGI,0,0,1,Hardware Composed: Independent Flip,17926.5740,NA,6.90060000000000,6.94720000000000,0.12380000000000,7.21640000000000,20.7630,17919.8079,6.8899,6.7661,0.1238,7.1013,6.8812,4.4960,2.3852,0.0409,17919.8079,NA
parkey.exe,27808,0x12E93FCD700,DXGI,0,0,1,Hardware Composed: Independent Flip,17933.5912,NA,7.01720000000000,6.97760000000000,0.12650000000000,7.20480000000000,20.7234,17926.6978,7.0199,6.8934,0.1265,7.1227,6.9755,4.5731,2.4024,-0.0877,17926.6978,NA
parkey.exe,27808,0x12E93FCD700,DXGI,0,0,1,Hardware Composed: Independent Flip,17940.4951,NA,6.90390000000000,6.93130000000000,0.12120000000000,7.27620000000000,20.7508,17933.7177,6.8986,6.7774,0.1212,7.1315,6.9221,4.6185,2.3036,0.0886,17933.7177,NA
parkey.exe,27808,0x12E93FCD700,DXGI,0,0,1,Hardware Composed: Independent Flip,17947.4370,NA,6.94190000000000,6.93780000000000,0.11580000000000,7.36050000000000,20.7467,17940.6163,6.9365,6.8207,0.1158,7.2262,6.9550,6.3476,0.6074,-0.0392,17940.6163,NA
parkey.exe,27808,0x12E93FCD700,DXGI,0,0,1,Hardware Composed: Independent Flip,17954.4755,NA,7.03850000000000,6.96090000000000,0.14110000000000,7.19450000000000,20.6691,17947.5528,7.0638,6.9227,0.1411,7.2752,6.8420,4.6028,2.2392,-0.0244,17947.5528,NA
parkey.exe,27808,0x12E93FCD700,DXGI,0,0,1,Hardware Composed: Independent Flip,17961.3668,NA,6.89130000000000,6.94380000000000,0.14890000000000,7.21860000000000,20.7216,17954.6166,6.8991,6.7502,0.1489,7.0875,6.8813,5.3400,1.5413,0.1200,17954.6166,NA
parkey.exe,27808,0x12E93FCD700,DXGI,0,0,1,Hardware Composed: Independent Flip,17968.2990,NA,6.93220000000000,6.95310000000000,0.12380000000000,7.26930000000000,20.7425,17961.5157,6.9071,6.7833,0.1238,7.1214,6.9312,4.5903,2.3409,-0.0540,17961.5157,NA
parkey.exe,27808,0x12E93FCD700,DXGI,0,0,1,Hardware Composed: Independent Flip,17975.2612,NA,6.96220000000000,6.93960000000000,0.12520000000000,7.66580000000000,20.7199,17968.4228,6.9636,6.8384,0.1252,7.1767,7.3275,5.0116,2.3159,-0.0325,17968.4228,NA
parkey.exe,27808,0x12E93FCD700,DXGI,0,0,1,Hardware Composed: Independent Flip,17982.2017,NA,6.94050000000000,6.96030000000000,0.13070000000000,7.25930000000000,20.7397,17975.3864,6.9460,6.8153,0.1307,7.5406,6.5340,5.6549,0.8791,0.0033,17975.3864,NA
parkey.exe,27808,0x12E93FCD700,DXGI,0,0,1,Hardware Composed: Independent Flip,17989.1546,NA,6.95290000000000,6.94260000000000,0.11920000000000,7.24160000000000,20.7294,17982.3324,6.9414,6.8222,0.1192,7.1646,6.8992,4.5824,2.3168,0.0034,17982.3324,NA
parkey.exe,27808,0x12E93FCD700,DXGI,0,0,1,Hardware Composed: Independent Flip,17996.0723,NA,6.91770000000000,6.96470000000000,0.10560000000000,7.28120000000000,20.7764,17989.2738,6.9041,6.7985,0.1056,7.1478,6.9319,5.7288,1.2031,-0.0233,17989.2738,NA
parkey.exe,27808,0x12E93FCD700,DXGI,0,0,1,Hardware Composed: Independent Flip,18003.0811,NA,7.00880000000000,6.94650000000000,0.13580000000000,7.24160000000000,20.7141,17996.1779,7.0390,6.9032,0.1358,7.2275,6.9173,4.5839,2.3334,-0.0424,17996.1779,NA
parkey.exe,27808,0x12E93FCD700,DXGI,0,0,1,Hardware Composed: Independent Flip,18009.9944,NA,6.91330000000000,6.94380000000000,0.13090000000000,7.58060000000000,20.7446,18003.2169,6.9084,6.7775,0.1309,7.1411,7.2170,4.9139,2.3031,0.0952,18003.2169,NA
parkey.exe,27808,0x12E93FCD700,DXGI,0,0,1,Hardware Composed: Independent Flip,18016.9843,NA,6.98990000000000,6.95030000000000,0.12900000000000,7.23600000000000,20.7050,18010.1253,6.9880,6.8590,0.1290,7.4497,6.6453,4.5587,2.0866,-0.0419,18010.1253,NA
parkey.exe,27808,0x12E93FCD700,DXGI,0,0,1,Hardware Composed: Independent Flip,18023.9026,NA,6.91830000000000,6.95000000000000,0.14010000000000,7.23740000000000,20.7367,18017.1133,6.9294,6.7893,0.1401,7.1537,6.8730,4.5704,2.3026,0.0380,18017.1133,NA
parkey.exe,27808,0x12E93FCD700,DXGI,0,0,1,Hardware Composed: Independent Flip,18030.8455,NA,6.94290000000000,6.96130000000000,0.11390000000000,7.31630000000000,20.7551,18024.0427,6.9167,6.8028,0.1139,7.1543,6.9648,6.2218,0.7430,-0.0319,18024.0427,NA
parkey.exe,27808,0x12E93FCD700,DXGI,0,0,1,Hardware Composed: Independent Flip,18037.8184,NA,6.97290000000000,6.94190000000000,0.11650000000000,7.24130000000000,20.7241,18030.9594,6.9755,6.8590,0.1165,7.2342,6.8661,4.5676,2.2985,-0.0252,18030.9594,NA
parkey.exe,27808,0x12E93FCD700,DXGI,0,0,1,Hardware Composed: Independent Flip,18044.7443,NA,6.92590000000000,6.94700000000000,0.11270000000000,7.27290000000000,20.7452,18037.9349,6.9221,6.8094,0.1127,7.1577,6.9246,5.3746,1.5500,0.0285,18037.9349,NA
parkey.exe,27808,0x12E93FCD700,DXGI,0,0,1,Hardware Composed: Independent Flip,18051.7244,NA,6.98010000000000,6.93850000000000,0.12730000000000,7.24450000000000,20.7036,18044.8570,6.9947,6.8674,0.1273,7.1852,6.9267,4.5699,2.3568,-0.0164,18044.8570,NA
parkey.exe,27808,0x12E93FCD700,DXGI,0,0,1,Hardware Composed: Independent Flip,18058.6524,NA,6.92800000000000,6.96290000000000,0.12440000000000,7.28890000000000,20.7385,18051.8517,6.9251,6.8007,0.1244,7.1503,6.9393,4.6094,2.3299,0.0318,18051.8517,NA
parkey.exe,27808,0x12E93FCD700,DXGI,0,0,1,Hardware Composed: Independent Flip,18065.6183,NA,6.96590000000000,6.94780000000000,0.12500000000000,7.21360000000000,20.7204,18058.7768,6.9665,6.8415,0.1250,7.1946,6.8605,4.5659,2.2946,-0.0227,18058.7768,NA
parkey.exe,27808,0x12E93FCD700,DXGI,0,0,1,Hardware Composed: Independent Flip,18072.5298,NA,6.91150000000000,6.95020000000000,0.09890000000000,7.27650000000000,20.7591,18065.7433,6.8854,6.7865,0.0989,7.1364,6.9266,4.5834,2.3432,0.0163,18065.7433,NA
parkey.exe,27808,0x12E93FCD700,DXGI,0,0,1,Hardware Composed: Independent Flip,18079.5014,NA,6.97160000000000,6.96950000000000,0.11770000000000,7.25180000000000,20.7570,18072.6287,6.9904,6.8727,0.1177,7.2097,6.9148,5.8306,1.0842,-0.0841,18072.6287,NA
parkey.exe,27808,0x12E93FCD700,DXGI,0,0,1,Hardware Composed: Independent Flip,18086.4672,NA,6.96580000000000,6.93440000000000,0.14440000000000,7.22950000000000,20.7256,18079.6191,6.9925,6.8481,0.1444,7.1570,6.9206,4.5744,2.3462,0.0560,18079.6191,NA
parkey.exe,27808,0x12E93FCD700,DXGI,0,0,1,Hardware Composed: Independent Flip,18093.4049,NA,6.93770000000000,6.94810000000000,0.13180000000000,7.27630000000000,20.7360,18086.6116,6.9251,6.7933,0.1318,7.1191,6.9505,4.6169,2.3336,0.0444,18086.6116,NA
parkey.exe,27808,0x12E93FCD700,DXGI,0,0,1,Hardware Composed: Independent Flip,18100.3914,NA,6.98650000000000,6.97300000000000,0.12970000000000,7.23070000000000,20.7225,18093.5367,6.9844,6.8547,0.1297,7.1994,6.8860,4.5953,2.2907,-0.0479,18093.5367,NA
parkey.exe,27808,0x12E93FCD700,DXGI,0,0,1,Hardware Composed: Independent Flip,18107.3006,NA,6.90920000000000,6.91990000000000,0.11940000000000,7.27310000000000,20.7332,18100.5211,6.8989,6.7795,0.1194,7.1548,6.8978,4.6114,2.2864,0.0645,18100.5211,NA
parkey.exe,27808,0x12E93FCD700,DXGI,0,0,1,Hardware Composed: Independent Flip,18114.2604,NA,6.95980000000000,6.95580000000000,0.14280000000000,7.18620000000000,20.7292,18107.4200,6.9832,6.8404,0.1428,7.2286,6.7980,6.1288,0.6692,-0.0569,18107.4200,NA
parkey.exe,27808,0x12E93FCD700,DXGI,0,0,1,Hardware Composed: Independent Flip,18121.2524,NA,6.99200000000000,6.95290000000000,0.14100000000000,7.21040000000000,20.6901,18114.4032,6.9902,6.8492,0.1410,7.0795,6.9801,4.6042,2.3759,0.0303,18114.4032,NA
parkey.exe,27808,0x12E93FCD700,DXGI,0,0,1,Hardware Composed: Independent Flip,18128.1344,NA,6.88200000000000,6.94680000000000,0.10630000000000,7.27070000000000,20.7549,18121.3934,6.8473,6.7410,0.1063,7.0987,6.9130,5.7268,1.1862,0.0434,18121.3934,NA
parkey.exe,27808,0x12E93FCD700,DXGI,0,0,1,Hardware Composed: Independent Flip,18135.1042,NA,6.96980000000000,6.94800000000000,0.11020000000000,7.25940000000000,20.7331,18128.2407,6.9737,6.8635,0.1102,7.1952,6.9277,4.6205,2.3072,-0.1007,18128.2407,NA
parkey.exe,27808,0x12E93FCD700,DXGI,0,0,1,Hardware Composed: Independent Flip,18142.0525,NA,6.94830000000000,6.95380000000000,0.14790000000000,7.68750000000000,20.7386,18135.2144,6.9860,6.8381,0.1479,7.1916,7.3340,5.0114,2.3226,0.0199,18135.2144,NA
parkey.exe,27808,0x12E93FCD700,DXGI,0,0,1,Hardware Composed: Independent Flip,18149.0085,NA,6.95600000000000,6.95460000000000,0.15050000000000,7.23300000000000,20.7372,18142.2004,6.9586,6.8081,0.1505,7.5396,6.5015,5.6495,0.8520,0.0314,18142.2004,NA
parkey.exe,27808,0x12E93FCD700,DXGI,0,0,1,Hardware Composed: Independent Flip,18155.9363,NA,6.92780000000000,6.94650000000000,0.11390000000000,7.27660000000000,20.7559,18149.1590,6.8912,6.7773,0.1139,7.1357,6.9182,4.5746,2.3436,0.0121,18149.1590,NA
parkey.exe,27808,0x12E93FCD700,DXGI,0,0,1,Hardware Composed: Independent Flip,18162.8998,NA,6.96350000000000,6.94080000000000,0.11700000000000,7.26190000000000,20.7332,18156.0502,6.9666,6.8496,0.1170,7.1958,6.9157,5.7131,1.2026,-0.0496,18156.0502,NA
parkey.exe,27808,0x12E93FCD700,DXGI,0,0,1,Hardware Composed: Independent Flip,18169.8559,NA,6.95610000000000,6.95310000000000,0.11840000000000,7.25000000000000,20.7302,18163.0168,6.9575,6.8391,0.1184,7.1765,6.9126,4.5813,2.3313,0.0135,18163.0168,NA
parkey.exe,27808,0x12E93FCD700,DXGI,0,0,1,Hardware Composed: Independent Flip,18176.7930,NA,6.93710000000000,6.96060000000000,0.11580000000000,7.26130000000000,20.7537,18169.9743,6.9345,6.8187,0.1158,7.1842,6.8958,4.5850,2.3108,-0.0031,18169.9743,NA
parkey.exe,27808,0x12E93FCD700,DXGI,0,0,1,Hardware Composed: Independent Flip,18183.7296,NA,6.93660000000000,6.96270000000000,0.11640000000000,7.28840000000000,20.7798,18176.9088,6.9372,6.8208,0.1164,7.1811,6.9281,4.5840,2.3441,-0.0282,18176.9088,NA
parkey.exe,27808,0x12E93FCD700,DXGI,0,0,1,Hardware Composed: Independent Flip,18190.6766,NA,6.94700000000000,6.93880000000000,0.10100000000000,7.28230000000000,20.7716,18183.8460,6.9316,6.8306,0.1010,7.2006,6.9123,4.5799,2.3324,-0.0016,18183.8460,NA
parkey.exe,27808,0x12E93FCD700,DXGI,0,0,1,Hardware Composed: Independent Flip,18197.6554,NA,6.97880000000000,6.94280000000000,0.11440000000000,7.26580000000000,20.7356,18190.7776,6.9922,6.8778,0.1144,7.2207,6.9229,6.2635,0.6594,-0.0112,18190.7776,NA
parkey.exe,27808,0x12E93FCD700,DXGI,0,0,1,Hardware Composed: Independent Flip,18204.6409,NA,6.98550000000000,6.97520000000000,0.13080000000000,7.22660000000000,20.7253,18197.7698,7.0019,6.8711,0.1308,7.2055,6.8922,4.5908,2.3014,0.0170,18197.7698,NA
parkey.exe,27808,0x12E93FCD700,DXGI,0,0,1,Hardware Composed: Independent Flip,18211.5556,NA,6.91470000000000,6.93900000000000,0.13870000000000,7.24930000000000,20.7496,18204.7717,6.9226,6.7839,0.1387,7.1291,6.9041,5.3711,1.5330,0.0629,18204.7717,NA
parkey.exe,27808,0x12E93FCD700,DXGI,0,0,1,Hardware Composed: Independent Flip,18218.5164,NA,6.96080000000000,6.94080000000000,0.12450000000000,7.28850000000000,20.7296,18211.6943,6.9466,6.8221,0.1245,7.1405,6.9701,4.6054,2.3647,-0.0182,18211.6943,NA
parkey.exe,27808,0x12E93FCD700,DXGI,0,0,1,Hardware Composed: Independent Flip,18225.4847,NA,6.96830000000000,6.96320000000000,0.12210000000000,7.15850000000000,20.7245,18218.6409,6.9659,6.8438,0.1221,7.2185,6.7838,4.5022,2.2816,-0.0166,18218.6409,NA
parkey.exe,27808,0x12E93FCD700,DXGI,0,0,1,Hardware Composed: Independent Flip,18232.4551,NA,6.97040000000000,6.92610000000000,0.14080000000000,7.21180000000000,20.6802,18225.6068,6.9891,6.8483,0.1408,7.0758,6.9843,6.2412,0.7431,0.0398,18225.6068,NA
parkey.exe,27808,0x12E93FCD700,DXGI,0,0,1,Hardware Composed: Independent Flip,18239.3575,NA,6.90240000000000,6.96100000000000,0.11970000000000,7.30280000000000,20.7388,18232.5959,6.8813,6.7616,0.1197,7.1001,6.9643,4.6268,2.3375,0.0281,18232.5959,NA
parkey.exe,27808,0x12E93FCD700,DXGI,0,0,1,Hardware Composed: Independent Flip,18246.3195,NA,6.96200000000000,6.97450000000000,0.12010000000000,7.22580000000000,20.7513,18239.4772,6.9624,6.8423,0.1201,7.2173,6.8508,5.7299,1.1209,-0.0932,18239.4772,NA
parkey.exe,27808,0x12E93FCD700,DXGI,0,0,1,Hardware Composed: Independent Flip,18253.2677,NA,6.94820000000000,6.92500000000000,0.13450000000000,7.26090000000000,20.7281,18246.4396,6.9626,6.8281,0.1345,7.1343,6.9547,4.5963,2.3584,0.0374,18246.4396,NA
parkey.exe,27808,0x12E93FCD700,DXGI,0,0,1,Hardware Composed: Independent Flip,18260.2130,NA,6.94530000000000,6.94930000000000,0.12340000000000,7.29850000000000,20.7321,18253.4022,6.9342,6.8108,0.1234,7.1613,6.9480,4.6221,2.3259,0.0133,18253.4022,NA
parkey.exe,27808,0x12E93FCD700,DXGI,0,0,1,Hardware Composed: Independent Flip,18267.2053,NA,6.99230000000000,6.96440000000000,0.17250000000000,7.21060000000000,20.7042,18260.3364,7.0414,6.8689,0.1725,7.2298,6.8497,4.5831,2.2666,-0.0302,18260.3364,NA
parkey.exe,27808,0x12E93FCD700,DXGI,0,0,1,Hardware Composed: Independent Flip,18274.1069,NA,6.90160000000000,6.93950000000000,0.15030000000000,7.24300000000000,20.7421,18267.3778,6.8794,6.7291,0.1503,7.0719,6.9002,4.5868,2.3134,0.1019,18267.3778,NA
parkey.exe,27808,0x12E93FCD700,DXGI,0,0,1,Hardware Composed: Independent Flip,18281.0495,NA,6.94260000000000,6.93160000000000,0.11950000000000,7.18570000000000,20.7311,18274.2572,6.9118,6.7923,0.1195,7.1508,6.8272,6.0965,0.7307,-0.0522,18274.2572,NA
parkey.exe,27808,0x12E93FCD700,DXGI,0,0,1,Hardware Composed: Independent Flip,18288.0564,NA,7.00690000000000,6.95060000000000,0.12220000000000,7.20950000000000,20.6748,18281.1690,7.0096,6.8874,0.1222,7.1123,6.9846,4.5878,2.3968,-0.0388,18281.1690,NA
parkey.exe,27808,0x12E93FCD700,DXGI,0,0,1,Hardware Composed: Independent Flip,18294.9523,NA,6.89590000000000,6.94660000000000,0.11820000000000,7.25360000000000,20.7255,18288.1786,6.8919,6.7737,0.1182,7.1196,6.9077,5.4019,1.5058,0.0630,18288.1786,NA
parkey.exe,27808,0x12E93FCD700,DXGI,0,0,1,Hardware Composed: Independent Flip,18301.9122,NA,6.95990000000000,6.96850000000000,0.12520000000000,7.25710000000000,20.7341,18295.0705,6.9669,6.8417,0.1252,7.1648,6.9340,4.6262,2.3078,-0.0766,18295.0705,NA
parkey.exe,27808,0x12E93FCD700,DXGI,0,0,1,Hardware Composed: Independent Flip,18308.8374,NA,6.92520000000000,6.94820000000000,0.11780000000000,7.15010000000000,20.7571,18302.0374,6.9178,6.8000,0.1178,7.1613,6.7888,4.4775,2.3113,0.0187,18302.0374,NA
parkey.exe,27808,0x12E93FCD700,DXGI,0,0,1,Hardware Composed: Independent Flip,18315.7891,NA,6.95170000000000,6.97800000000000,0.11200000000000,7.26480000000000,20.7834,18308.9552,6.9459,6.8339,0.1120,7.0633,7.0354,6.2228,0.8126,-0.0602,18308.9552,NA
parkey.exe,27808,0x12E93FCD700,DXGI,0,0,1,Hardware Composed: Independent Flip,18322.7513,NA,6.96220000000000,6.92830000000000,0.12120000000000,7.26740000000000,20.7495,18315.9011,6.9714,6.8502,0.1212,7.1981,6.9195,4.5960,2.3235,0.0176,18315.9011,NA
parkey.exe,27808,0x12E93FCD700,DXGI,0,0,1,Hardware Composed: Independent Flip,18329.7044,NA,6.95310000000000,6.95980000000000,0.21080000000000,7.27790000000000,20.7562,18322.8725,7.0427,6.8319,0.2108,7.1863,6.9235,5.8070,1.1165,0.0116,18322.8725,NA
parkey.exe,27808,0x12E93FCD700,DXGI,0,0,1,Hardware Composed: Independent Flip,18336.7199,NA,7.01550000000000,6.93670000000000,0.15670000000000,7.18660000000000,20.6774,18329.9152,6.9614,6.8047,0.1567,7.0955,6.8958,4.5595,2.3363,0.1060,18329.9152,NA
parkey.exe,27808,0x12E93FCD700,DXGI,0,0,1,Hardware Composed: Independent Flip,18343.6065,NA,6.88660000000000,6.94910000000000,0.13490000000000,7.15540000000000,20.7399,18336.8766,6.8648,6.7299,0.1349,7.0855,6.7998,4.4840,2.3158,0.0123,18336.8766,NA
parkey.exe,27808,0x12E93FCD700,DXGI,0,0,1,Hardware Composed: Independent Flip,18350.5760,NA,6.96950000000000,6.95610000000000,0.11220000000000,7.26550000000000,20.7265,18343.7414,6.9468,6.8346,0.1122,7.0730,7.0271,4.5897,2.4374,-0.0913,18343.7414,NA
parkey.exe,27808,0x12E93FCD700,DXGI,0,0,1,Hardware Composed: Independent Flip,18357.5175,NA,6.94150000000000,6.95660000000000,0.11820000000000,7.25960000000000,20.7416,18350.6882,6.9475,6.8293,0.1182,7.1851,6.9038,4.6098,2.2940,-0.0098,18350.6882,NA
parkey.exe,27808,0x12E93FCD700,DXGI,0,0,1,Hardware Composed: Independent Flip,18364.4664,NA,6.94890000000000,6.93770000000000,0.14860000000000,7.24970000000000,20.7304,18357.6357,6.9793,6.8307,0.1486,7.1830,6.8974,5.8864,1.0110,0.0098,18357.6357,NA
parkey.exe,27808,0x12E93FCD700,DXGI,0,0,1,Hardware Composed: Independent Flip,18371.4196,NA,6.95320000000000,6.96280000000000,0.12330000000000,7.25890000000000,20.7400,18364.6150,6.9279,6.8046,0.1233,7.1329,6.9306,4.5954,2.3352,0.0165,18364.6150,NA
parkey.exe,27808,0x12E93FCD700,DXGI,0,0,1,Hardware Composed: Independent Flip,18378.3703,NA,6.95070000000000,6.94330000000000,0.12030000000000,7.25490000000000,20.7326,18371.5429,6.9477,6.8274,0.1203,7.1672,6.9151,5.3732,1.5419,-0.0154,18371.5429,NA
parkey.exe,27808,0x12E93FCD700,DXGI,0,0,1,Hardware Composed: Independent Flip,18385.3186,NA,6.94830000000000,6.95390000000000,0.12790000000000,7.25910000000000,20.7382,18378.4906,6.9559,6.8280,0.1279,7.1608,6.9263,4.5733,2.3530,-0.0062,18378.4906,NA
parkey.exe,27808,0x12E93FCD700,DXGI,0,0,1,Hardware Composed: Independent Flip,18392.2697,NA,6.95110000000000,6.94560000000000,0.10710000000000,7.12730000000000,20.7327,18385.4465,6.9303,6.8232,0.1071,7.1560,6.7945,4.4570,2.3375,0.0103,18385.4465,NA
parkey.exe,27808,0x12E93FCD700,DXGI,0,0,1,Hardware Composed: Independent Flip,18399.2306,NA,6.96090000000000,6.93890000000000,0.15750000000000,7.27670000000000,20.7107,18392.3768,7.0113,6.8538,0.1575,7.0493,7.0812,6.2663,0.8149,-0.0086,18392.3768,NA
parkey.exe,27808,0x12E93FCD700,DXGI,0,0,1,Hardware Composed: Independent Flip,18406.1823,NA,6.95170000000000,6.96490000000000,0.11300000000000,7.22980000000000,20.7239,18399.3881,6.9072,6.7942,0.1130,7.1426,6.8814,4.5854,2.2960,0.0464,18399.3881,NA
parkey.exe,27808,0x12E93FCD700,DXGI,0,0,1,Hardware Composed: Independent Flip,18413.1079,NA,6.92560000000000,6.94470000000000,0.11150000000000,7.25440000000000,20.7430,18406.2953,6.9241,6.8126,0.1115,7.1797,6.8873,5.7921,1.0952,-0.0375,18406.2953,NA
parkey.exe,27808,0x12E93FCD700,DXGI,0,0,1,Hardware Composed: Independent Flip,18420.0551,NA,6.94720000000000,6.93020000000000,0.11830000000000,7.29750000000000,20.7260,18413.2194,6.9540,6.8357,0.1183,7.1723,6.9609,4.6173,2.3436,-0.0061,18413.2194,NA
parkey.exe,27808,0x12E93FCD700,DXGI,0,0,1,Hardware Composed: Independent Flip,18427.0149,NA,6.95980000000000,6.96450000000000,0.11800000000000,7.27360000000000,20.7307,18420.1734,6.9595,6.8415,0.1180,7.2122,6.9029,4.6151,2.2878,-0.0105,18420.1734,NA
parkey.exe,27808,0x12E93FCD700,DXGI,0,0,1,Hardware Composed: Independent Flip,18433.9709,NA,6.95600000000000,6.97120000000000,0.12280000000000,7.22650000000000,20.7459,18427.1329,6.9608,6.8380,0.1228,7.2022,6.8623,4.5960,2.2663,-0.0117,18427.1329,NA
parkey.exe,27808,0x12E93FCD700,DXGI,0,0,1,Hardware Composed: Independent Flip,18440.8720,NA,6.90110000000000,6.93450000000000,0.10040000000000,7.30730000000000,20.7793,18434.0937,6.8787,6.7783,0.1004,7.1522,6.9334,4.6065,2.3269,0.0263,18434.0937,NA
parkey.exe,27808,0x12E93FCD700,DXGI,0,0,1,Hardware Composed: Independent Flip,18447.8506,NA,6.97860000000000,6.95180000000000,0.11240000000000,7.18090000000000,20.7525,18440.9724,6.9906,6.8782,0.1124,7.2856,6.7735,6.2047,0.5688,-0.0731,18440.9724,NA
parkey.exe,27808,0x12E93FCD700,DXGI,0,0,1,Hardware Composed: Independent Flip,18454.9054,NA,7.05480000000000,6.94860000000000,0.22990000000000,7.17060000000000,20.6463,18447.9630,7.1723,6.9424,0.2299,7.1335,6.9795,4.5969,2.3826,0.0420,18447.9630,NA
parkey.exe,27808,0x12E93FCD700,DXGI,0,0,1,Hardware Composed: Independent Flip,18461.7588,NA,6.85340000000000,6.95360000000000,0.13820000000000,7.25460000000000,20.7465,18455.1353,6.7617,6.6235,0.1382,6.9777,6.9004,5.3419,1.5585,0.2187,18455.1353,NA
parkey.exe,27808,0x12E93FCD700,DXGI,0,0,1,Hardware Composed: Independent Flip,18468.7260,NA,6.96720000000000,6.94890000000000,0.12260000000000,7.23670000000000,20.7282,18461.8970,6.9516,6.8290,0.1226,7.1699,6.8958,4.5776,2.3182,-0.1872,18461.8970,NA
parkey.exe,27808,0x12E93FCD700,DXGI,0,0,1,Hardware Composed: Independent Flip,18475.6563,NA,6.93030000000000,6.94220000000000,0.11450000000000,7.65840000000000,20.7401,18468.8486,6.9222,6.8077,0.1145,7.1444,7.3217,4.9930,2.3287,0.0094,18468.8486,NA
parkey.exe,27808,0x12E93FCD700,DXGI,0,0,1,Hardware Composed: Independent Flip,18482.6176,NA,6.96130000000000,6.94820000000000,0.12320000000000,7.26020000000000,20.7270,18475.7708,6.9700,6.8468,0.1232,7.5439,6.5631,5.6217,0.9414,-0.0260,18475.7708,NA
parkey.exe,27808,0x12E93FCD700,DXGI,0,0,1,Hardware Composed: Independent Flip,18489.5714,NA,6.95380000000000,6.95320000000000,0.12760000000000,7.24340000000000,20.7264,18482.7408,6.9582,6.8306,0.1276,7.1693,6.9047,4.5747,2.3300,0.0168,18482.7408,NA
parkey.exe,27808,0x12E93FCD700,DXGI,0,0,1,Hardware Composed: Independent Flip,18496.4974,NA,6.92600000000000,7.04390000000000,0.11850000000000,7.26380000000000,20.8443,18489.6990,6.9169,6.7984,0.1185,7.1462,6.9160,5.7632,1.1528,-0.0857,18489.6990,NA
parkey.exe,27808,0x12E93FCD700,DXGI,0,0,1,Hardware Composed: Independent Flip,18503.4595,NA,6.96210000000000,6.87850000000000,0.12610000000000,7.27810000000000,20.7607,18496.6159,6.9697,6.8436,0.1261,7.1708,6.9509,4.5963,2.3546,0.0384,18496.6159,NA
parkey.exe,27808,0x12E93FCD700,DXGI,0,0,1,Hardware Composed: Independent Flip,18510.4062,NA,6.94670000000000,6.92730000000000,0.11850000000000,7.36810000000000,20.7413,18503.5856,6.9391,6.8206,0.1185,7.1835,7.0052,4.5944,2.4108,0.0424,18503.5856,NA
parkey.exe,27808,0x12E93FCD700,DXGI,0,0,1,Hardware Composed: Independent Flip,18517.4791,NA,7.07290000000000,6.96650000000000,0.13940000000000,7.15650000000000,20.6349,18510.5247,7.0938,6.9544,0.1394,7.2824,6.8285,4.6011,2.2274,-0.0274,18510.5247,NA
parkey.exe,27808,0x12E93FCD700,DXGI,0,0,1,Hardware Composed: Independent Flip,18524.3402,NA,6.86110000000000,6.93450000000000,0.14780000000000,7.21010000000000,20.7083,18517.6185,6.8695,6.7217,0.1478,7.0736,6.8582,4.5845,2.2737,0.1593,18517.6185,NA
parkey.exe,27808,0x12E93FCD700,DXGI,0,0,1,Hardware Composed: Independent Flip,18531.2522,NA,6.91200000000000,6.94990000000000,0.11880000000000,7.27130000000000,20.7462,18524.4880,6.8830,6.7642,0.1188,7.1203,6.9152,6.1133,0.8019,-0.0804,18524.4880,NA
parkey.exe,27808,0x12E93FCD700,DXGI,0,0,1,Hardware Composed: Independent Flip,18538.2607,NA,7.00850000000000,6.96470000000000,0.13710000000000,7.23620000000000,20.7024,18531.3710,7.0268,6.8897,0.1371,7.2000,6.9259,4.6276,2.2983,-0.0817,18531.3710,NA
parkey.exe,27808,0x12E93FCD700,DXGI,0,0,1,Hardware Composed: Independent Flip,18545.1488,NA,6.88810000000000,6.94210000000000,0.11290000000000,7.27560000000000,20.7564,18538.3978,6.8639,6.7510,0.1129,7.1288,6.8978,5.3600,1.5378,0.0847,18538.3978,NA
parkey.exe,27808,0x12E93FCD700,DXGI,0,0,1,Hardware Composed: Independent Flip,18552.1180,NA,6.96920000000000,6.94860000000000,0.11240000000000,7.27370000000000,20.7358,18545.2617,6.9687,6.8563,0.1124,7.1919,6.9381,4.5906,2.3475,-0.0847,18545.2617,NA
parkey.exe,27808,0x12E93FCD700,DXGI,0,0,1,Hardware Composed: Independent Flip,18559.0722,NA,6.95420000000000,6.96280000000000,0.12030000000000,7.11030000000000,20.7444,18552.2304,6.9621,6.8418,0.1203,7.1968,6.7553,4.4502,2.3051,0.0059,18552.2304,NA
parkey.exe,27808,0x12E93FCD700,DXGI,0,0,1,Hardware Composed: Independent Flip,18566.0315,NA,6.95930000000000,6.93220000000000,0.12760000000000,7.23990000000000,20.7173,18559.1925,6.9666,6.8390,0.1276,7.0445,7.0344,4.5800,2.4544,0.0299,18559.1925,NA
parkey.exe,27808,0x12E93FCD700,DXGI,0,0,1,Hardware Composed: Independent Flip,18572.9627,NA,6.93120000000000,6.95040000000000,0.11700000000000,7.27600000000000,20.7365,18566.1591,6.9206,6.8036,0.1170,7.1454,6.9342,4.5926,2.3416,0.0162,18566.1591,NA
parkey.exe,27808,0x12E93FCD700,DXGI,0,0,1,Hardware Composed: Independent Flip,18579.9364,NA,6.97370000000000,6.96260000000000,0.12910000000000,7.23300000000000,20.7254,18573.0797,6.9858,6.8567,0.1291,7.1913,6.8984,5.7261,1.1723,-0.0420,18573.0797,NA
parkey.exe,27808,0x12E93FCD700,DXGI,0,0,1,Hardware Composed: Independent Flip,18586.8746,NA,6.93820000000000,6.93850000000000,0.14850000000000,7.24420000000000,20.7257,18580.0655,6.9576,6.8091,0.1485,7.1289,6.9244,4.5917,2.3327,0.0473,18580.0655,NA
parkey.exe,27808,0x12E93FCD700,DXGI,0,0,1,Hardware Composed: Independent Flip,18593.8036,NA,6.92900000000000,6.95810000000000,0.11980000000000,7.13800000000000,20.7548,18587.0231,6.9003,6.7805,0.1198,7.1276,6.7909,4.4710,2.3199,-0.0005,18587.0231,NA
parkey.exe,27808,0x12E93FCD700,DXGI,0,0,1,Hardware Composed: Independent Flip,18600.7871,NA,6.98350000000000,6.96830000000000,0.12260000000000,7.25720000000000,20.7396,18593.9234,6.9863,6.8637,0.1226,7.0555,7.0654,4.6195,2.4459,-0.0680,18593.9234,NA
parkey.exe,27808,0x12E93FCD700,DXGI,0,0,1,Hardware Composed: Independent Flip,18607.7020,NA,6.91490000000000,6.92900000000000,0.11470000000000,7.27260000000000,20.7537,18600.9097,6.9070,6.7923,0.1147,7.1672,6.8977,4.5982,2.2995,0.0573,18600.9097,NA
parkey.exe,27808,0x12E93FCD700,DXGI,0,0,1,Hardware Composed: Independent Flip,18614.6686,NA,6.96660000000000,6.94820000000000,0.11700000000000,7.28260000000000,20.7353,18607.8167,6.9689,6.8519,0.1170,7.2158,6.9187,6.2304,0.6883,-0.0412,18607.8167,NA
parkey.exe,27808,0x12E93FCD700,DXGI,0,0,1,Hardware Composed: Independent Flip,18621.6706,NA,7.00200000000000,6.95690000000000,0.13040000000000,7.21540000000000,20.6902,18614.7856,7.0154,6.8850,0.1304,7.1906,6.9098,4.6092,2.3006,0.0120,18614.7856,NA
parkey.exe,27808,0x12E93FCD700,DXGI,0,0,1,Hardware Composed: Independent Flip,18628.5598,NA,6.88920000000000,6.94170000000000,0.11470000000000,7.24790000000000,20.7427,18621.8010,6.8735,6.7588,0.1147,7.1172,6.8895,5.3395,1.5500,0.0737,18621.8010,NA
parkey.exe,27808,0x12E93FCD700,DXGI,0,0,1,Hardware Composed: Independent Flip,18635.5203,NA,6.96050000000000,6.95560000000000,0.10930000000000,7.24990000000000,20.7378,18628.6745,6.9551,6.8458,0.1093,7.1791,6.9166,4.5856,2.3310,-0.0821,18628.6745,NA
parkey.exe,27808,0x12E93FCD700,DXGI,0,0,1,Hardware Composed: Independent Flip,18642.4786,NA,6.95830000000000,6.94330000000000,0.12170000000000,7.65650000000000,20.7228,18635.6296,6.9707,6.8490,0.1217,7.1863,7.3192,4.9928,2.3264,0.0118,18635.6296,NA
parkey.exe,27808,0x12E93FCD700,DXGI,0,0,1,Hardware Composed: Independent Flip,18649.4173,NA,6.93870000000000,6.95530000000000,0.14810000000000,7.24380000000000,20.7394,18642.6003,6.9651,6.8170,0.1481,7.5348,6.5260,5.6058,0.9202,0.0154,18642.6003,NA
parkey.exe,27808,0x12E93FCD700,DXGI,0,0,1,Hardware Composed: Independent Flip,18656.3634,NA,6.94610000000000,6.94930000000000,0.11940000000000,7.25650000000000,20.7426,18649.5654,6.9174,6.7980,0.1194,7.1422,6.9123,4.5750,2.3373,0.0158,18649.5654,NA
parkey.exe,27808,0x12E93FCD700,DXGI,0,0,1,Hardware Composed: Independent Flip,18663.3110,NA,6.94760000000000,6.94120000000000,0.12010000000000,7.25230000000000,20.7362,18656.4828,6.9483,6.8282,0.1201,7.1709,6.9096,5.7059,1.2037,-0.0238,18656.4828,NA
parkey.exe,27808,0x12E93FCD700,DXGI,0,0,1,Hardware Composed: Independent Flip,18670.2705,NA,6.95950000000000,6.96170000000000,0.11850000000000,7.24190000000000,20.7384,18663.4311,6.9579,6.8394,0.1185,7.1820,6.8993,4.5853,2.3140,-0.0134,18663.4311,NA
parkey.exe,27808,0x12E93FCD700,DXGI,0,0,1,Hardware Composed: Independent Flip,18677.2121,NA,6.94160000000000,6.94340000000000,0.12090000000000,7.11160000000000,20.7402,18670.3890,6.9440,6.8231,0.1209,7.1768,6.7579,4.4259,2.3320,0.0145,18670.3890,NA
parkey.exe,27808,0x12E93FCD700,DXGI,0,0,1,Hardware Composed: Independent Flip,18684.1514,NA,6.93930000000000,6.95670000000000,0.11390000000000,7.30690000000000,20.7576,18677.3330,6.9323,6.8184,0.1139,7.0352,7.0901,4.6271,2.4630,-0.0127,18677.3330,NA
parkey.exe,27808,0x12E93FCD700,DXGI,0,0,1,Hardware Composed: Independent Flip,18691.1374,NA,6.98600000000000,6.95280000000000,0.12620000000000,7.23260000000000,20.7244,18684.2653,6.9983,6.8721,0.1262,7.2281,6.8766,4.5822,2.2944,-0.0205,18684.2653,NA
parkey.exe,27808,0x12E93FCD700,DXGI,0,0,1,Hardware Composed: Independent Flip,18698.0525,NA,6.91510000000000,6.94270000000000,0.11900000000000,7.31910000000000,20.7520,18691.2636,6.9079,6.7889,0.1190,7.1655,6.9425,6.2171,0.7254,0.0556,18691.2636,NA
parkey.exe,27808,0x12E93FCD700,DXGI,0,0,1,Hardware Composed: Independent Flip,18705.0432,NA,6.99070000000000,6.93690000000000,0.11990000000000,7.25990000000000,20.6982,18698.1715,6.9916,6.8717,0.1199,7.2298,6.9018,4.6159,2.2859,-0.0290,18698.1715,NA
parkey.exe,27808,0x12E93FCD700,DXGI,0,0,1,Hardware Composed: Independent Flip,18712.0765,NA,7.03330000000000,6.96710000000000,0.14580000000000,7.15610000000000,20.6320,18705.1631,7.0592,6.9134,0.1458,7.1728,6.8967,5.3695,1.5272,0.0245,18705.1631,NA
parkey.exe,27808,0x12E93FCD700,DXGI,0,0,1,Hardware Composed: Independent Flip,18719.2796,NA,7.20310000000000,6.96620000000000,0.17100000000000,6.89840000000000,20.3951,18712.2223,7.2283,7.0573,0.1710,7.0543,6.9014,4.6078,2.2936,0.0930,18712.2223,NA
parkey.exe,27808,0x12E93FCD700,DXGI,0,0,1,Hardware Composed: Independent Flip,18725.8494,NA,6.56980000000000,6.93530000000000,0.12270000000000,7.14220000000000,20.7606,18719.4506,6.5215,6.3988,0.1227,6.7607,6.7803,4.4621,2.3182,0.2930,18719.4506,NA
parkey.exe,27808,0x12E93FCD700,DXGI,0,0,1,Hardware Composed: Independent Flip,18732.8411,NA,6.99170000000000,6.93940000000000,0.13230000000000,7.23830000000000,20.7083,18725.9721,7.0013,6.8690,0.1323,7.0671,7.0402,6.2815,0.7587,-0.4179,18725.9721,NA
parkey.exe,27808,0x12E93FCD700,DXGI,0,0,1,Hardware Composed: Independent Flip,18740.2905,NA,7.44940000000000,6.95830000000000,0.11990000000000,6.76820000000000,20.2172,18732.9734,7.4370,7.3171,0.1199,7.1576,6.9277,4.6202,2.3075,0.0430,18732.9734,NA
parkey.exe,27808,0x12E93FCD700,DXGI,0,0,1,Hardware Composed: Independent Flip,18746.7111,NA,6.42060000000000,6.95420000000000,0.11570000000000,7.25560000000000,20.7508,18740.4104,6.4164,6.3007,0.1157,6.6823,6.8740,5.7473,1.1267,0.4828,18740.4104,NA
parkey.exe,27808,0x12E93FCD700,DXGI,0,0,1,Hardware Composed: Independent Flip,18753.6794,NA,6.96830000000000,6.95150000000000,0.12720000000000,7.23330000000000,20.7340,18746.8268,6.9798,6.8526,0.1272,7.1679,6.9180,4.5657,2.3523,-0.5351,18746.8268,NA
parkey.exe,27808,0x12E93FCD700,DXGI,0,0,1,Hardware Composed: Independent Flip,18760.6208,NA,6.94140000000000,6.95380000000000,0.12340000000000,7.27820000000000,20.7464,18753.8066,6.9376,6.8142,0.1234,7.1421,6.9503,4.6055,2.3448,0.0260,18753.8066,NA
parkey.exe,27808,0x12E93FCD700,DXGI,0,0,1,Hardware Composed: Independent Flip,18767.5840,NA,6.96320000000000,6.93400000000000,0.13310000000000,7.24710000000000,20.7172,18760.7442,6.9729,6.8398,0.1331,7.1881,6.8988,4.5804,2.3184,0.0036,18760.7442,NA
parkey.exe,27808,0x12E93FCD700,DXGI,0,0,1,Hardware Composed: Independent Flip,18774.5346,NA,6.95060000000000,6.95390000000000,0.16050000000000,7.24310000000000,20.7205,18767.7171,6.9780,6.8175,0.1605,7.1713,6.8893,4.5677,2.3216,0.0190,18767.7171,NA
parkey.exe,27808,0x12E93FCD700,DXGI,0,0,1,Hardware Composed: Independent Flip,18781.4840,NA,6.94940000000000,6.94590000000000,0.16380000000000,7.22560000000000,20.7170,18774.6951,6.9527,6.7889,0.1638,7.1578,6.8567,6.1493,0.7074,0.0321,18774.6951,NA
parkey.exe,27808,0x12E93FCD700,DXGI,0,0,1,Hardware Composed: Independent Flip,18788.4176,NA,6.93360000000000,6.95870000000000,0.11060000000000,7.26030000000000,20.7421,18781.6478,6.8804,6.7698,0.1106,7.1087,6.9214,4.5839,2.3375,-0.0060,18781.6478,NA
parkey.exe,27808,0x12E93FCD700,DXGI,0,0,1,Hardware Composed: Independent Flip,18795.3551,NA,6.93750000000000,6.95990000000000,0.11770000000000,7.26680000000000,20.7645,18788.5282,6.9446,6.8269,0.1177,7.1827,6.9110,5.3640,1.5470,-0.0795,18788.5282,NA
parkey.exe,27808,0x12E93FCD700,DXGI,0,0,1,Hardware Composed: Independent Flip,18802.3152,NA,6.96010000000000,6.94590000000000,0.10670000000000,7.28250000000000,20.7503,18795.4728,6.9491,6.8424,0.1067,7.1784,6.9465,4.5961,2.3504,-0.0013,18795.4728,NA
parkey.exe,27808,0x12E93FCD700,DXGI,0,0,1,Hardware Composed: Independent Flip,18809.2669,NA,6.95170000000000,6.94530000000000,0.11550000000000,7.28140000000000,20.7439,18802.4219,6.9605,6.8450,0.1155,7.2110,6.9154,4.6045,2.3109,0.0038,18802.4219,NA
parkey.exe,27808,0x12E93FCD700,DXGI,0,0,1,Hardware Composed: Independent Flip,18816.2521,NA,6.98520000000000,6.94190000000000,0.11820000000000,7.21860000000000,20.7006,18809.3824,6.9879,6.8697,0.1182,7.1987,6.8896,6.1963,0.6933,0.0186,18809.3824,NA
parkey.exe,27808,0x12E93FCD700,DXGI,0,0,1,Hardware Composed: Independent Flip,18823.1739,NA,6.92180000000000,6.95340000000000,0.11370000000000,7.25710000000000,20.7322,18816.3703,6.9173,6.8036,0.1137,7.1537,6.9070,4.6019,2.3051,0.0345,18816.3703,NA
parkey.exe,27808,0x12E93FCD700,DXGI,0,0,1,Hardware Composed: Independent Flip,18830.1220,NA,6.94810000000000,6.98930000000000,0.11350000000000,7.25190000000000,20.7734,18823.2876,6.9479,6.8344,0.1135,7.1964,6.8899,5.7844,1.1055,-0.0720,18823.2876,NA
parkey.exe,27808,0x12E93FCD700,DXGI,0,0,1,Hardware Composed: Independent Flip,18837.0635,NA,6.94150000000000,6.92330000000000,0.12290000000000,7.25600000000000,20.7552,18830.2355,6.9509,6.8280,0.1229,7.1672,6.9168,4.5941,2.3227,0.0246,18830.2355,NA
parkey.exe,27808,0x12E93FCD700,DXGI,0,0,1,Hardware Composed: Independent Flip,18844.0101,NA,6.94660000000000,6.94580000000000,0.46480000000000,7.21410000000000,20.7544,18837.1864,7.2885,6.8237,0.4648,7.1693,6.8685,4.5062,2.3623,0.0051,18837.1864,NA
parkey.exe,27808,0x12E93FCD700,DXGI,0,0,1,Hardware Composed: Independent Flip,18851.0397,NA,7.02960000000000,6.94990000000000,0.13820000000000,7.20040000000000,20.6747,18844.4749,6.7030,6.5648,0.1382,6.7805,6.9847,4.5932,2.3915,0.3386,18844.4749,NA
parkey.exe,27808,0x12E93FCD700,DXGI,0,0,1,Hardware Composed: Independent Flip,18857.9316,NA,6.89190000000000,6.94630000000000,0.12820000000000,7.25700000000000,20.7291,18851.1779,6.8819,6.7537,0.1282,7.0963,6.9144,4.5845,2.3299,-0.2433,18851.1779,NA
parkey.exe,27808,0x12E93FCD700,DXGI,0,0,1,Hardware Composed: Independent Flip,18864.8898,NA,6.95820000000000,6.94370000000000,0.16410000000000,7.23150000000000,20.7146,18858.0598,6.9941,6.8300,0.1641,7.1926,6.8689,5.8259,1.0430,-0.0618,18858.0598,NA
parkey.exe,27808,0x12E93FCD700,DXGI,0,0,1,Hardware Composed: Independent Flip,18871.8363,NA,6.94650000000000,6.95500000000000,0.12490000000000,7.23240000000000,20.7231,18865.0539,6.9073,6.7824,0.1249,7.1219,6.8929,4.5705,2.3224,0.0391,18865.0539,NA
parkey.exe,27808,0x12E93FCD700,DXGI,0,0,1,Hardware Composed: Independent Flip,18878.7677,NA,6.93140000000000,6.96890000000000,0.11650000000000,7.24400000000000,20.7606,18871.9612,6.9230,6.8065,0.1165,7.1614,6.8891,5.3423,1.5468,-0.0616,18871.9612,NA
parkey.exe,27808,0x12E93FCD700,DXGI,0,0,1,Hardware Composed: Independent Flip,18885.7217,NA,6.95400000000000,6.97340000000000,0.11020000000000,7.24290000000000,20.7800,18878.8842,6.9477,6.8375,0.1102,7.1750,6.9054,4.5995,2.3059,-0.0504,18878.8842,NA
parkey.exe,27808,0x12E93FCD700,DXGI,0,0,1,Hardware Composed: Independent Flip,18892.6699,NA,6.94820000000000,6.91460000000000,0.11950000000000,7.66390000000000,20.7464,18885.8319,6.9575,6.8380,0.1195,7.1845,7.3174,4.9604,2.3570,0.0331,18885.8319,NA
parkey.exe,27808,0x12E93FCD700,DXGI,0,0,1,Hardware Composed: Independent Flip,18899.6630,NA,6.99310000000000,6.95480000000000,0.15400000000000,7.26140000000000,20.7081,18892.7894,7.0276,6.8736,0.1540,7.5444,6.5906,5.6553,0.9353,0.0027,18892.7894,NA
parkey.exe,27808,0x12E93FCD700,DXGI,0,0,1,Hardware Composed: Independent Flip,18906.6134,NA,6.95040000000000,6.93780000000000,0.12670000000000,7.22710000000000,20.6955,18899.8170,6.9231,6.7964,0.1267,7.1503,6.8732,5.3869,1.4863,0.0898,18899.8170,NA
parkey.exe,27808,0x12E93FCD700,DXGI,0,0,1,Hardware Composed: Independent Flip,18913.5435,NA,6.93010000000000,6.96470000000000,0.12330000000000,7.63310000000000,20.7301,18906.7401,6.9267,6.8034,0.1233,7.1354,7.3011,6.0877,1.2134,-0.0416,18906.7401,NA
parkey.exe,27808,0x12E93FCD700,DXGI,0,0,1,Hardware Composed: Independent Flip,18920.5180,NA,6.97450000000000,6.93880000000000,0.13330000000000,7.21250000000000,20.6944,18913.6668,6.9845,6.8512,0.1333,7.5098,6.5539,6.0210,0.5329,-0.0121,18913.6668,NA
parkey.exe,27808,0x12E93FCD700,DXGI,0,0,1,Hardware Composed: Independent Flip,18927.4183,NA,6.90030000000000,6.94440000000000,0.11920000000000,7.14140000000000,20.7385,18920.6513,6.8862,6.7670,0.1192,7.1093,6.7991,4.4560,2.3431,0.0401,18920.6513,NA
parkey.exe,27808,0x12E93FCD700,DXGI,0,0,1,Hardware Composed: Independent Flip,18934.4100,NA,6.99170000000000,6.98660000000000,0.13620000000000,7.21110000000000,20.7334,18927.5375,7.0087,6.8725,0.1362,7.0697,7.0139,4.5687,2.4452,-0.1004,18927.5375,NA
parkey.exe,27808,0x12E93FCD700,DXGI,0,0,1,Hardware Composed: Independent Flip,18941.3330,NA,6.92300000000000,6.92040000000000,0.12410000000000,7.24950000000000,20.7308,18934.5462,6.9109,6.7868,0.1241,7.1275,6.9088,4.6203,2.2885,0.0883,18934.5462,NA
parkey.exe,27808,0x12E93FCD700,DXGI,0,0,1,Hardware Composed: Independent Flip,18948.2662,NA,6.93320000000000,6.96150000000000,0.13680000000000,7.30810000000000,20.7591,18941.4571,6.9459,6.8091,0.1368,7.1874,6.9298,6.1640,0.7658,-0.0506,18941.4571,NA
parkey.exe,27808,0x12E93FCD700,DXGI,0,0,1,Hardware Composed: Independent Flip,18955.2921,NA,7.02590000000000,6.94090000000000,0.12420000000000,7.18090000000000,20.6741,18948.4030,7.0133,6.8891,0.1242,7.2281,6.8419,4.5983,2.2436,0.0050,18948.4030,NA
parkey.exe,27808,0x12E93FCD700,DXGI,0,0,1,Hardware Composed: Independent Flip,18962.1659,NA,6.87380000000000,6.94260000000000,0.13270000000000,7.28490000000000,20.7429,18955.4163,6.8823,6.7496,0.1327,7.1087,6.9258,5.3991,1.5267,0.0707,18955.4163,NA
parkey.exe,27808,0x12E93FCD700,DXGI,0,0,1,Hardware Composed: Independent Flip,18969.1712,NA,7.00530000000000,6.95860000000000,0.12340000000000,7.21470000000000,20.6962,18962.2986,6.9960,6.8726,0.1234,7.2071,6.8802,4.5883,2.2919,-0.0763,18962.2986,NA
parkey.exe,27808,0x12E93FCD700,DXGI,0,0,1,Hardware Composed: Independent Flip,18976.0778,NA,6.90660000000000,6.93970000000000,0.12730000000000,7.24950000000000,20.7293,18969.2946,6.9105,6.7832,0.1273,7.1215,6.9112,4.5802,2.3310,0.0563,18969.2946,NA
parkey.exe,27808,0x12E93FCD700,DXGI,0,0,1,Hardware Composed: Independent Flip,18983.0565,NA,6.97870000000000,6.95290000000000,0.12650000000000,7.22680000000000,20.7035,18976.2051,6.9779,6.8514,0.1265,7.1695,6.9087,6.2083,0.7004,-0.0424,18976.2051,NA
parkey.exe,27808,0x12E93FCD700,DXGI,0,0,1,Hardware Composed: Independent Flip,18989.9812,NA,6.92470000000000,6.95150000000000,0.12290000000000,7.23650000000000,20.7303,18983.1830,6.9211,6.7982,0.1229,7.1554,6.8793,4.5779,2.3014,0.0264,18983.1830,NA
parkey.exe,27808,0x12E93FCD700,DXGI,0,0,1,Hardware Composed: Independent Flip,18996.9113,NA,6.93010000000000,6.96980000000000,0.11910000000000,7.27500000000000,20.7700,18990.1041,6.9263,6.8072,0.1191,7.1679,6.9143,5.7823,1.1320,-0.0487,18990.1041,NA
parkey.exe,27808,0x12E93FCD700,DXGI,0,0,1,Hardware Composed: Independent Flip,19003.8690,NA,6.95770000000000,6.93400000000000,0.10260000000000,7.25390000000000,20.7463,18997.0304,6.9412,6.8386,0.1026,7.1960,6.8965,4.5583,2.3382,-0.0077,18997.0304,NA
parkey.exe,27808,0x12E93FCD700,DXGI,0,0,1,Hardware Composed: Independent Flip,19010.8191,NA,6.95010000000000,6.97640000000000,0.11430000000000,7.18460000000000,20.7726,19003.9716,6.9618,6.8475,0.1143,7.2055,6.8266,4.5106,2.3160,-0.0352,19003.9716,NA
parkey.exe,27808,0x12E93FCD700,DXGI,0,0,1,Hardware Composed: Independent Flip,19017.8200,NA,7.00090000000000,6.92560000000000,0.11560000000000,7.21330000000000,20.6973,19010.9334,7.0022,6.8866,0.1156,7.0989,7.0010,4.5719,2.4291,0.0362,19010.9334,NA
parkey.exe,27808,0x12E93FCD700,DXGI,0,0,1,Hardware Composed: Independent Flip,19024.7252,NA,6.90520000000000,6.94430000000000,0.14320000000000,7.29380000000000,20.7364,19017.9356,6.9328,6.7896,0.1432,7.1532,6.9302,4.5940,2.3362,0.0579,19017.9356,NA
parkey.exe,27808,0x12E93FCD700,DXGI,0,0,1,Hardware Composed: Independent Flip,19031.7320,NA,7.00680000000000,6.94800000000000,0.11940000000000,7.24890000000000,20.6776,19024.8684,6.9830,6.8636,0.1194,7.2144,6.8981,6.1956,0.7025,-0.0152,19024.8684,NA
parkey.exe,27808,0x12E93FCD700,DXGI,0,0,1,Hardware Composed: Independent Flip,19038.6477,NA,6.91570000000000,6.95570000000000,0.13770000000000,7.23430000000000,20.7176,19031.8514,6.9340,6.7963,0.1377,7.1538,6.8768,4.5915,2.2853,0.0273,19031.8514,NA
parkey.exe,27808,0x12E93FCD700,DXGI,0,0,1,Hardware Composed: Independent Flip,19045.5647,NA,6.91700000000000,6.95260000000000,0.11120000000000,7.24740000000000,20.7532,19038.7854,6.8905,6.7793,0.1112,7.1515,6.8752,5.3499,1.5253,-0.0186,19038.7854,NA
parkey.exe,27808,0x12E93FCD700,DXGI,0,0,1,Hardware Composed: Independent Flip,19052.5494,NA,6.98470000000000,6.95520000000000,0.12650000000000,7.22090000000000,20.7237,19045.6759,7.0000,6.8735,0.1265,7.1877,6.9067,4.5862,2.3205,-0.0647,19045.6759,NA
parkey.exe,27808,0x12E93FCD700,DXGI,0,0,1,Hardware Composed: Independent Flip,19059.4787,NA,6.92930000000000,6.93850000000000,0.12930000000000,7.17450000000000,20.7329,19052.6759,6.9321,6.8028,0.1293,7.1473,6.8300,4.5090,2.3210,0.0615,19052.6759,NA
parkey.exe,27808,0x12E93FCD700,DXGI,0,0,1,Hardware Composed: Independent Flip,19066.4617,NA,6.98300000000000,6.95770000000000,0.12950000000000,7.22120000000000,20.7076,19059.6080,6.9832,6.8537,0.1295,7.0754,6.9995,4.5650,2.4345,-0.0256,19059.6080,NA
parkey.exe,27808,0x12E93FCD700,DXGI,0,0,1,Hardware Composed: Independent Flip,19073.3872,NA,6.92550000000000,6.92380000000000,0.12830000000000,7.25260000000000,20.7059,19066.5912,6.9243,6.7960,0.1283,7.1470,6.9016,4.6281,2.2735,0.0594,19066.5912,NA
parkey.exe,27808,0x12E93FCD700,DXGI,0,0,1,Hardware Composed: Independent Flip,19080.3173,NA,6.93010000000000,6.97530000000000,0.11790000000000,7.26940000000000,20.7511,19073.5155,6.9197,6.8018,0.1179,7.1569,6.9143,5.7868,1.1275,-0.0510,19073.5155,NA
parkey.exe,27808,0x12E93FCD700,DXGI,0,0,1,Hardware Composed: Independent Flip,19087.2960,NA,6.97870000000000,6.94660000000000,0.14640000000000,7.19320000000000,20.7190,19080.4352,7.0072,6.8608,0.1464,7.1801,6.8739,4.5703,2.3036,-0.0269,19080.4352,NA
parkey.exe,27808,0x12E93FCD700,DXGI,0,0,1,Hardware Composed: Independent Flip,19094.1868,NA,6.89080000000000,6.94930000000000,0.10680000000000,7.21010000000000,20.7775,19087.4424,6.8512,6.7444,0.1068,7.1010,6.8535,4.4865,2.3670,0.0579,19087.4424,NA
parkey.exe,27808,0x12E93FCD700,DXGI,0,0,1,Hardware Composed: Independent Flip,19101.1775,NA,6.99070000000000,6.96740000000000,0.10540000000000,7.27080000000000,20.7542,19094.2936,6.9893,6.8839,0.1054,7.1314,7.0233,4.6027,2.4206,-0.1162,19094.2936,NA
parkey.exe,27808,0x12E93FCD700,DXGI,0,0,1,Hardware Composed: Independent Flip,19108.1225,NA,6.94500000000000,6.93770000000000,0.11710000000000,7.27630000000000,20.7469,19101.2829,6.9567,6.8396,0.1171,7.2237,6.8922,4.6194,2.2728,0.0516,19101.2829,NA
parkey.exe,27808,0x12E93FCD700,DXGI,0,0,1,Hardware Composed: Independent Flip,19115.0858,NA,6.96330000000000,6.94320000000000,0.14760000000000,7.28390000000000,20.7268,19108.2396,6.9938,6.8462,0.1476,7.2092,6.9209,6.2365,0.6844,0.0135,19108.2396,NA
parkey.exe,27808,0x12E93FCD700,DXGI,0,0,1,Hardware Composed: Independent Flip,19122.0744,NA,6.98860000000000,6.95540000000000,0.13650000000000,7.22200000000000,20.6936,19115.2334,6.9775,6.8410,0.1365,7.1729,6.8901,4.5818,2.3083,0.0384,19115.2334,NA
parkey.exe,27808,0x12E93FCD700,DXGI,0,0,1,Hardware Composed: Independent Flip,19128.9795,NA,6.90510000000000,6.96530000000000,0.11850000000000,7.25520000000000,20.7538,19122.2109,6.8871,6.7686,0.1185,7.1405,6.8833,5.3546,1.5287,0.0122,19122.2109,NA
parkey.exe,27808,0x12E93FCD700,DXGI,0,0,1,Hardware Composed: Independent Flip,19135.9298,NA,6.95030000000000,6.93330000000000,0.10970000000000,7.24870000000000,20.7368,19129.0980,6.9415,6.8318,0.1097,7.1673,6.9132,4.5924,2.3208,-0.0462,19129.0980,NA
parkey.exe,27808,0x12E93FCD700,DXGI,0,0,1,Hardware Composed: Independent Flip,19142.8807,NA,6.95090000000000,6.94990000000000,0.11850000000000,7.16770000000000,20.7358,19136.0395,6.9597,6.8412,0.1185,7.1746,6.8343,4.9162,1.9181,-0.0084,19136.0395,NA
parkey.exe,27808,0x12E93FCD700,DXGI,0,0,1,Hardware Composed: Independent Flip,19149.8475,NA,6.96680000000000,6.95370000000000,0.14820000000000,7.21770000000000,20.7227,19142.9992,6.9965,6.8483,0.1482,7.0756,6.9904,6.2235,0.7669,0.0060,19142.9992,NA
parkey.exe,27808,0x12E93FCD700,DXGI,0,0,1,Hardware Composed: Independent Flip,19156.7676,NA,6.92010000000000,6.95600000000000,0.10610000000000,7.26140000000000,20.7586,19149.9957,6.8780,6.7719,0.1061,7.1154,6.9179,4.5740,2.3439,0.0405,19149.9957,NA
parkey.exe,27808,0x12E93FCD700,DXGI,0,0,1,Hardware Composed: Independent Flip,19163.7273,NA,6.95970000000000,6.95180000000000,0.11300000000000,7.25180000000000,20.7507,19156.8737,6.9666,6.8536,0.1130,7.2070,6.8984,5.7547,1.1437,-0.0738,19156.8737,NA
parkey.exe,27808,0x12E93FCD700,DXGI,0,0,1,Hardware Composed: Independent Flip,19170.6912,NA,6.96390000000000,6.93870000000000,0.12120000000000,7.26090000000000,20.7255,19163.8403,6.9721,6.8509,0.1212,7.1893,6.9225,4.5852,2.3373,0.0279,19163.8403,NA
parkey.exe,27808,0x12E93FCD700,DXGI,0,0,1,Hardware Composed: Independent Flip,19177.6360,NA,6.94480000000000,6.94650000000000,0.12500000000000,7.54330000000000,20.7272,19170.8124,6.9486,6.8236,0.1250,7.1758,7.1911,4.9016,2.2895,0.0256,19170.8124,NA
parkey.exe,27808,0x12E93FCD700,DXGI,0,0,1,Hardware Composed: Independent Flip,19184.5906,NA,6.95460000000000,6.97150000000000,0.11930000000000,7.23780000000000,20.7441,19177.7610,6.9489,6.8296,0.1193,7.4183,6.6491,4.7329,1.9162,-0.0229,19177.7610,NA
parkey.exe,27808,0x12E93FCD700,DXGI,0,0,1,Hardware Composed: Independent Flip,19191.5337,NA,6.94310000000000,6.93060000000000,0.11960000000000,7.22960000000000,20.7316,19184.7099,6.9434,6.8238,0.1196,7.1784,6.8750,4.5713,2.3037,0.0183,19184.7099,NA
parkey.exe,27808,0x12E93FCD700,DXGI,0,0,1,Hardware Composed: Independent Flip,19198.4740,NA,6.94030000000000,6.97320000000000,0.14090000000000,7.26540000000000,20.7645,19191.6533,6.9616,6.8207,0.1409,7.1690,6.9171,6.1881,0.7290,-0.0298,19191.6533,NA
parkey.exe,27808,0x12E93FCD700,DXGI,0,0,1,Hardware Composed: Independent Flip,19205.4758,NA,7.00180000000000,6.93040000000000,0.12690000000000,7.19350000000000,20.6931,19198.6149,6.9878,6.8609,0.1269,7.1593,6.8951,4.5878,2.3073,0.0312,19198.6149,NA
parkey.exe,27808,0x12E93FCD700,DXGI,0,0,1,Hardware Composed: Independent Flip,19212.3675,NA,6.89170000000000,6.94110000000000,0.14520000000000,7.29290000000000,20.7425,19205.6027,6.9100,6.7648,0.1452,7.1194,6.9383,5.3688,1.5695,0.0467,19205.6027,NA
parkey.exe,27808,0x12E93FCD700,DXGI,0,0,1,Hardware Composed: Independent Flip,19219.3805,NA,7.01300000000000,6.96760000000000,0.13660000000000,7.25930000000000,20.6971,19212.5127,7.0044,6.8678,0.1366,7.1779,6.9492,4.6373,2.3119,-0.0576,19212.5127,NA
parkey.exe,27808,0x12E93FCD700,DXGI,0,0,1,Hardware Composed: Independent Flip,19226.2738,NA,6.89330000000000,6.93580000000000,0.11730000000000,7.17370000000000,20.7396,19219.5171,6.8740,6.7567,0.1173,7.1546,6.7758,4.5113,2.2645,0.0686,19219.5171,NA
parkey.exe,27808,0x12E93FCD700,DXGI,0,0,1,Hardware Composed: Independent Flip,19233.2677,NA,6.99390000000000,6.97180000000000,0.28830000000000,7.22950000000000,20.7175,19226.3911,7.1649,6.8766,0.2883,7.1156,6.9905,6.2241,0.7664,-0.0978,19226.3911,NA
parkey.exe,27808,0x12E93FCD700,DXGI,0,0,1,Hardware Composed: Independent Flip,19240.2034,NA,6.93570000000000,6.94100000000000,0.13330000000000,7.24050000000000,20.7228,19233.5560,6.7807,6.6474,0.1333,6.9726,6.9153,4.6032,2.3121,0.2239,19233.5560,NA
parkey.exe,27808,0x12E93FCD700,DXGI,0,0,1,Hardware Composed: Independent Flip,19247.1176,NA,6.91420000000000,6.94890000000000,0.11530000000000,7.28120000000000,20.7575,19240.3367,6.8962,6.7809,0.1153,7.1437,6.9184,5.7455,1.1729,-0.1682,19240.3367,NA
parkey.exe,27808,0x12E93FCD700,DXGI,0,0,1,Hardware Composed: Independent Flip,19254.1563,NA,7.03870000000000,6.94470000000000,0.15510000000000,7.18050000000000,20.6635,19247.2329,7.0785,6.9234,0.1551,7.2022,6.9017,4.8418,2.0599,-0.0485,19247.2329,NA
parkey.exe,27808,0x12E93FCD700,DXGI,0,0,1,Hardware Composed: Independent Flip,19261.0373,NA,6.88100000000000,6.95050000000000,0.12530000000000,7.27110000000000,20.7330,19254.3114,6.8512,6.7259,0.1253,7.0798,6.9172,4.6086,2.3086,0.1280,19254.3114,NA
parkey.exe,27808,0x12E93FCD700,DXGI,0,0,1,Hardware Composed: Independent Flip,19268.0001,NA,6.96280000000000,6.95390000000000,0.11840000000000,7.22870000000000,20.7241,19261.1626,6.9559,6.8375,0.1184,7.1765,6.8897,4.5864,2.3033,-0.1027,19261.1626,NA
parkey.exe,27808,0x12E93FCD700,DXGI,0,0,1,Hardware Composed: Independent Flip,19274.9344,NA,6.93430000000000,6.94030000000000,0.13460000000000,7.24400000000000,20.7301,19268.1185,6.9505,6.8159,0.1346,7.1612,6.8987,4.5646,2.3341,0.0156,19268.1185,NA
parkey.exe,27808,0x12E93FCD700,DXGI,0,0,1,Hardware Composed: Independent Flip,19281.8793,NA,6.94490000000000,6.95470000000000,0.14570000000000,7.15760000000000,20.7399,19275.0690,6.9560,6.8103,0.1457,7.1739,6.7940,6.0816,0.7124,-0.0042,19275.0690,NA
parkey.exe,27808,0x12E93FCD700,DXGI,0,0,1,Hardware Composed: Independent Flip,19288.8543,NA,6.97500000000000,6.95840000000000,0.11950000000000,7.21310000000000,20.7233,19282.0250,6.9488,6.8293,0.1195,7.0589,6.9835,4.5795,2.4040,-0.0024,19282.0250,NA
parkey.exe,27808,0x12E93FCD700,DXGI,0,0,1,Hardware Composed: Independent Flip,19295.7627,NA,6.90840000000000,6.95090000000000,0.10870000000000,7.28370000000000,20.7658,19288.9738,6.8976,6.7889,0.1087,7.1599,6.9127,5.4163,1.4964,-0.0021,19288.9738,NA
parkey.exe,27808,0x12E93FCD700,DXGI,0,0,1,Hardware Composed: Independent Flip,19302.7328,NA,6.97010000000000,6.94120000000000,0.10700000000000,7.27680000000000,20.7369,19295.8714,6.9684,6.8614,0.1070,7.2066,6.9316,4.5820,2.3496,-0.0436,19295.8714,NA
parkey.exe,27808,0x12E93FCD700,DXGI,0,0,1,Hardware Composed: Independent Flip,19309.6876,NA,6.95480000000000,6.95860000000000,0.11750000000000,7.14940000000000,20.7407,19302.8398,6.9653,6.8478,0.1175,7.2199,6.7773,4.4739,2.3034,0.0098,19302.8398,NA
parkey.exe,27808,0x12E93FCD700,DXGI,0,0,1,Hardware Composed: Independent Flip,19316.6725,NA,6.98490000000000,6.93500000000000,0.13160000000000,7.20500000000000,20.6908,19309.8051,6.9990,6.8674,0.1316,7.1028,6.9696,6.0392,0.9304,0.0303,19309.8051,NA
parkey.exe,27808,0x12E93FCD700,DXGI,0,0,1,Hardware Composed: Independent Flip,19323.5767,NA,6.90420000000000,6.93520000000000,0.11850000000000,7.31960000000000,20.7218,19316.8041,6.8911,6.7726,0.1185,7.1264,6.9658,4.6268,2.3390,0.0638,19316.8041,NA
parkey.exe,27808,0x12E93FCD700,DXGI,0,0,1,Hardware Composed: Independent Flip,19331.0438,NA,7.46710000000000,6.96420000000000,0.16630000000000,6.71720000000000,20.2189,19323.6952,7.5149,7.3486,0.1663,7.2747,6.7911,5.7753,1.0158,-0.0731,19323.6952,NA
parkey.exe,27808,0x12E93FCD700,DXGI,0,0,1,Hardware Composed: Independent Flip,19337.4772,NA,6.43340000000000,6.95640000000000,0.12700000000000,7.24180000000000,20.7419,19331.2101,6.3941,6.2671,0.1270,6.5983,6.9106,4.5983,2.3123,0.5585,19331.2101,NA
parkey.exe,27808,0x12E93FCD700,DXGI,0,0,1,Hardware Composed: Independent Flip,19344.4215,NA,6.94430000000000,6.95710000000000,0.12750000000000,7.59400000000000,20.7547,19337.6042,6.9448,6.8173,0.1275,7.1407,7.2706,4.9145,2.3561,-0.5630,19337.6042,NA
parkey.exe,27808,0x12E93FCD700,DXGI,0,0,1,Hardware Composed: Independent Flip,19351.3693,NA,6.94780000000000,6.95350000000000,0.12780000000000,7.25340000000000,20.7604,19344.5490,6.9481,6.8203,0.1278,7.4665,6.6072,4.5240,2.0832,-0.0087,19344.5490,NA
parkey.exe,27808,0x12E93FCD700,DXGI,0,0,1,Hardware Composed: Independent Flip,19358.3274,NA,6.95810000000000,6.94710000000000,0.11790000000000,7.32650000000000,20.7494,19351.4971,6.9482,6.8303,0.1179,7.1789,6.9779,4.6395,2.3384,0.0010,19351.4971,NA
parkey.exe,27808,0x12E93FCD700,DXGI,0,0,1,Hardware Composed: Independent Flip,19365.2837,NA,6.95630000000000,6.94860000000000,0.12190000000000,7.25210000000000,20.7417,19358.4453,6.9603,6.8384,0.1219,7.2810,6.8095,5.8397,0.9698,-0.0004,19358.4453,NA
parkey.exe,27808,0x12E93FCD700,DXGI,0,0,1,Hardware Composed: Independent Flip,19372.2587,NA,6.97500000000000,6.92350000000000,0.13030000000000,7.23540000000000,20.6902,19365.4056,6.9834,6.8531,0.1303,7.1816,6.9069,4.5919,2.3150,0.0368,19365.4056,NA
parkey.exe,27808,0x12E93FCD700,DXGI,0,0,1,Hardware Composed: Independent Flip,19379.1788,NA,6.92010000000000,7.02210000000000,0.11840000000000,7.26650000000000,20.7922,19372.3890,6.9082,6.7898,0.1184,7.1491,6.9072,5.3754,1.5318,-0.0387,19372.3890,NA
parkey.exe,27808,0x12E93FCD700,DXGI,0,0,1,Hardware Composed: Independent Flip,19386.1450,NA,6.96620000000000,6.90530000000000,0.10920000000000,7.21130000000000,20.7313,19379.2972,6.9570,6.8478,0.1092,7.1796,6.8795,4.5835,2.2960,0.0029,19379.2972,NA
parkey.exe,27808,0x12E93FCD700,DXGI,0,0,1,Hardware Composed: Independent Flip,19393.0608,NA,6.91580000000000,6.94140000000000,0.12700000000000,7.29180000000000,20.7569,19386.2542,6.9336,6.8066,0.1270,7.1440,6.9544,4.4852,2.4692,0.0156,19386.2542,NA
parkey.exe,27808,0x12E93FCD700,DXGI,0,0,1,Hardware Composed: Independent Flip,19400.1306,NA,7.06980000000000,6.94910000000000,0.15580000000000,7.15900000000000,20.6362,19393.1878,7.0986,6.9428,0.1558,7.2850,6.8168,6.2319,0.5849,-0.0155,19393.1878,NA
parkey.exe,27808,0x12E93FCD700,DXGI,0,0,1,Hardware Composed: Independent Flip,19406.9938,NA,6.86320000000000,6.96070000000000,0.13200000000000,7.22420000000000,20.7337,19400.2864,6.8394,6.7074,0.1320,7.0328,6.8988,4.5683,2.3305,0.1379,19400.2864,NA
parkey.exe,27808,0x12E93FCD700,DXGI,0,0,1,Hardware Composed: Independent Flip,19413.9227,NA,6.92890000000000,6.94530000000000,0.11970000000000,7.26460000000000,20.7501,19407.1258,6.9166,6.7969,0.1197,7.1494,6.9121,5.7772,1.1349,-0.1059,19407.1258,NA
parkey.exe,27808,0x12E93FCD700,DXGI,0,0,1,Hardware Composed: Independent Flip,19420.8822,NA,6.95950000000000,6.93930000000000,0.10560000000000,7.26380000000000,20.7299,19414.0424,6.9454,6.8398,0.1056,7.1734,6.9302,4.5815,2.3487,-0.0227,19414.0424,NA
parkey.exe,27808,0x12E93FCD700,DXGI,0,0,1,Hardware Composed: Independent Flip,19427.8332,NA,6.95100000000000,6.95770000000000,0.11900000000000,7.14570000000000,20.7366,19420.9878,6.9644,6.8454,0.1190,7.2174,6.7737,4.4832,2.2905,-0.0123,19420.9878,NA
parkey.exe,27808,0x12E93FCD700,DXGI,0,0,1,Hardware Composed: Independent Flip,19434.7850,NA,6.95180000000000,6.95620000000000,0.10970000000000,7.23360000000000,20.7410,19427.9522,6.9425,6.8328,0.1097,7.0792,6.9872,4.5839,2.4033,0.0082,19427.9522,NA
parkey.exe,27808,0x12E93FCD700,DXGI,0,0,1,Hardware Composed: Independent Flip,19441.7247,NA,6.93970000000000,6.94580000000000,0.12300000000000,7.27210000000000,20.7471,19434.8947,6.9530,6.8300,0.1230,7.1590,6.9431,4.6005,2.3426,-0.0033,19434.8947,NA
parkey.exe,27808,0x12E93FCD700,DXGI,0,0,1,Hardware Composed: Independent Flip,19448.6930,NA,6.96830000000000,6.95720000000000,0.13800000000000,7.15760000000000,20.7360,19441.8477,6.9833,6.8453,0.1380,7.2075,6.7954,6.1780,0.6174,-0.0042,19441.8477,NA
parkey.exe,27808,0x12E93FCD700,DXGI,0,0,1,Hardware Composed: Independent Flip,19455.6629,NA,6.96990000000000,6.94870000000000,0.13840000000000,7.21750000000000,20.7148,19448.8310,6.9703,6.8319,0.1384,7.0520,6.9974,4.5815,2.4159,0.0346,19448.8310,NA
parkey.exe,27808,0x12E93FCD700,DXGI,0,0,1,Hardware Composed: Independent Flip,19462.5717,NA,6.90880000000000,6.96810000000000,0.13720000000000,7.27260000000000,20.7741,19455.8013,6.9076,6.7704,0.1372,7.1313,6.9117,5.4330,1.4787,0.0022,19455.8013,NA
parkey.exe,27808,0x12E93FCD700,DXGI,0,0,1,Hardware Composed: Independent Flip,19469.5556,NA,6.98390000000000,6.93340000000000,0.12930000000000,7.22800000000000,20.7236,19462.7089,6.9760,6.8467,0.1293,7.1663,6.9084,4.5791,2.3293,-0.0258,19462.7089,NA
parkey.exe,27808,0x12E93FCD700,DXGI,0,0,1,Hardware Composed: Independent Flip,19476.4967,NA,6.94110000000000,6.94410000000000,0.11950000000000,7.17560000000000,20.7266,19469.6849,6.9313,6.8118,0.1195,7.1529,6.8345,4.4813,2.3532,0.0319,19469.6849,NA
parkey.exe,27808,0x12E93FCD700,DXGI,0,0,1,Hardware Composed: Independent Flip,19483.4703,NA,6.97360000000000,6.99200000000000,0.13120000000000,7.21650000000000,20.7450,19476.6162,6.9853,6.8541,0.1312,7.0921,6.9785,6.2104,0.7681,-0.0607,19476.6162,NA
parkey.exe,27808,0x12E93FCD700,DXGI,0,0,1,Hardware Composed: Independent Flip,19490.3943,NA,6.92400000000000,6.90970000000000,0.13150000000000,7.25880000000000,20.7307,19483.6015,6.9243,6.7928,0.1315,7.1370,6.9146,4.5955,2.3191,0.0756,19483.6015,NA
parkey.exe,27808,0x12E93FCD700,DXGI,0,0,1,Hardware Composed: Independent Flip,19497.3248,NA,6.93050000000000,6.97020000000000,0.10950000000000,7.29810000000000,20.7704,19490.5258,6.9085,6.7990,0.1095,7.1605,6.9366,5.7545,1.1821,-0.0459,19490.5258,NA
parkey.exe,27808,0x12E93FCD700,DXGI,0,0,1,Hardware Composed: Independent Flip,19504.3737,NA,7.04890000000000,6.92950000000000,0.14560000000000,7.19860000000000,20.6510,19497.4343,7.0850,6.9394,0.1456,7.2374,6.9006,4.6209,2.2797,-0.0210,19497.4343,NA
parkey.exe,27808,0x12E93FCD700,DXGI,0,0,1,Hardware Composed: Independent Flip,19511.2368,NA,6.86310000000000,7.01130000000000,0.12690000000000,7.67320000000000,20.7992,19504.5193,6.8444,6.7175,0.1269,7.0879,7.3028,4.9989,2.3039,0.0737,19504.5193,NA
parkey.exe,27808,0x12E93FCD700,DXGI,0,0,1,Hardware Composed: Independent Flip,19518.2296,NA,6.99280000000000,6.94880000000000,0.13720000000000,7.24770000000000,20.7552,19511.3637,7.0031,6.8659,0.1372,7.5463,6.5673,4.7613,1.8060,-0.1044,19511.3637,NA
parkey.exe,27808,0x12E93FCD700,DXGI,0,0,1,Hardware Composed: Independent Flip,19525.1293,NA,6.89970000000000,6.89370000000000,0.13960000000000,7.38650000000000,20.7492,19518.3668,6.9021,6.7625,0.1396,7.1403,7.0087,4.5806,2.4281,0.1094,19518.3668,NA
parkey.exe,27808,0x12E93FCD700,DXGI,0,0,1,Hardware Composed: Independent Flip,19532.3831,NA,7.25380000000000,6.97330000000000,0.31080000000000,7.03470000000000,20.4687,19525.2689,7.4250,7.1142,0.3108,7.3177,6.8312,6.2420,0.5892,-0.0712,19525.2689,NA
parkey.exe,27808,0x12E93FCD700,DXGI,0,0,1,Hardware Composed: Independent Flip,19539.2310,NA,6.84790000000000,6.93520000000000,0.22780000000000,7.07540000000000,20.5560,19532.6939,6.7649,6.5371,0.2278,6.7628,6.8497,4.5908,2.2589,0.4898,19532.6939,NA
parkey.exe,27808,0x12E93FCD700,DXGI,0,0,1,Hardware Composed: Independent Flip,19546.0407,NA,6.80970000000000,7.02860000000000,0.23360000000000,7.23300000000000,20.7749,19539.4588,6.8155,6.5819,0.2336,6.8879,6.9270,4.9657,1.9613,-0.2637,19539.4588,NA
parkey.exe,27808,0x12E93FCD700,DXGI,0,0,1,Hardware Composed: Independent Flip,19553.0380,NA,6.99730000000000,6.90980000000000,0.17090000000000,7.15700000000000,20.6874,19546.2743,6.9346,6.7637,0.1709,7.0270,6.8937,4.5737,2.3200,-0.0943,19546.2743,NA
parkey.exe,27808,0x12E93FCD700,DXGI,0,0,1,Hardware Composed: Independent Flip,19559.9187,NA,6.88070000000000,6.89820000000000,0.17350000000000,7.96020000000000,20.7049,19553.2089,6.8833,6.7098,0.1735,7.0440,7.6260,5.2146,2.4114,0.0364,19553.2089,NA
parkey.exe,27808,0x12E93FCD700,DXGI,0,0,1,Hardware Composed: Independent Flip,19567.0479,NA,7.12920000000000,6.96280000000000,0.16800000000000,7.09380000000000,20.5385,19560.0922,7.1237,6.9557,0.1680,7.7867,6.2628,4.7448,1.5180,-0.0795,19560.0922,NA
parkey.exe,27808,0x12E93FCD700,DXGI,0,0,1,Hardware Composed: Independent Flip,19573.8733,NA,6.82540000000000,6.95330000000000,0.15910000000000,7.17510000000000,20.6664,19567.2159,6.8165,6.6574,0.1591,6.9991,6.8334,4.5811,2.2523,0.1704,19567.2159,NA
parkey.exe,27808,0x12E93FCD700,DXGI,0,0,1,Hardware Composed: Independent Flip,19580.7540,NA,6.88070000000000,6.92870000000000,0.14550000000000,7.23770000000000,20.7144,19574.0324,6.8671,6.7216,0.1455,7.0493,6.9100,5.7904,1.1196,-0.1122,19574.0324,NA
parkey.exe,27808,0x12E93FCD700,DXGI,0,0,1,Hardware Composed: Independent Flip,19587.6998,NA,6.94580000000000,6.96500000000000,0.14030000000000,7.25190000000000,20.7336,19580.8995,6.9406,6.8003,0.1403,7.1403,6.9119,4.5730,2.3389,-0.0979,19580.8995,NA
parkey.exe,27808,0x12E93FCD700,DXGI,0,0,1,Hardware Composed: Independent Flip,19594.6377,NA,6.93790000000000,6.94970000000000,0.10320000000000,7.25030000000000,20.7454,19587.8401,6.9008,6.7976,0.1032,7.1405,6.9074,4.6095,2.2979,-0.0091,19587.8401,NA
parkey.exe,27808,0x12E93FCD700,DXGI,0,0,1,Hardware Composed: Independent Flip,19601.5725,NA,6.93480000000000,6.95310000000000,0.10390000000000,7.28630000000000,20.7637,19594.7409,6.9355,6.8316,0.1039,7.1754,6.9425,4.5737,2.3688,-0.0523,19594.7409,NA
parkey.exe,27808,0x12E93FCD700,DXGI,0,0,1,Hardware Composed: Independent Flip,19608.5379,NA,6.96540000000000,6.94320000000000,0.12380000000000,7.26380000000000,20.7415,19601.6764,6.9853,6.8615,0.1238,7.2179,6.9074,4.5809,2.3265,-0.0077,19601.6764,NA
parkey.exe,27808,0x12E93FCD700,DXGI,0,0,1,Hardware Composed: Independent Flip,19615.5093,NA,6.97140000000000,6.93690000000000,0.12170000000000,7.27220000000000,20.7070,19608.6617,6.9693,6.8476,0.1217,7.1781,6.9417,6.2326,0.7091,0.0484,19608.6617,NA
parkey.exe,27808,0x12E93FCD700,DXGI,0,0,1,Hardware Composed: Independent Flip,19622.4864,NA,6.97710000000000,6.95480000000000,0.11620000000000,7.21350000000000,20.6847,19615.6310,6.9716,6.8554,0.1162,7.1744,6.8945,4.5790,2.3155,0.0145,19615.6310,NA
parkey.exe,27808,0x12E93FCD700,DXGI,0,0,1,Hardware Composed: Independent Flip,19629.3868,NA,6.90040000000000,6.95990000000000,0.13020000000000,7.24510000000000,20.7442,19622.6026,6.9144,6.7842,0.1302,7.1523,6.8770,5.3727,1.5043,0.0117,19622.6026,NA
parkey.exe,27808,0x12E93FCD700,DXGI,0,0,1,Hardware Composed: Independent Flip,19636.3169,NA,6.93010000000000,6.92040000000000,0.10490000000000,7.25940000000000,20.7345,19629.5170,6.9048,6.7999,0.1049,7.1467,6.9126,4.5675,2.3451,-0.0060,19629.5170,NA
parkey.exe,27808,0x12E93FCD700,DXGI,0,0,1,Hardware Composed: Independent Flip,19643.2866,NA,6.96970000000000,6.95830000000000,0.11710000000000,7.75980000000000,20.7231,19636.4218,6.9819,6.8648,0.1171,7.2036,7.4210,5.0760,2.3450,-0.0535,19636.4218,NA
parkey.exe,27808,0x12E93FCD700,DXGI,0,0,1,Hardware Composed: Independent Flip,19650.2472,NA,6.96060000000000,7.00120000000000,0.14250000000000,7.21760000000000,20.7637,19643.4037,6.9860,6.8435,0.1425,7.6427,6.4184,5.5976,0.8208,-0.0193,19643.4037,NA
parkey.exe,27808,0x12E93FCD700,DXGI,0,0,1,Hardware Composed: Independent Flip,19657.1459,NA,6.89870000000000,6.92050000000000,0.10810000000000,7.28240000000000,20.7855,19650.3897,6.8643,6.7562,0.1081,7.1055,6.9331,4.6006,2.3325,0.0655,19650.3897,NA
parkey.exe,27808,0x12E93FCD700,DXGI,0,0,1,Hardware Composed: Independent Flip,19664.1116,NA,6.96570000000000,6.94120000000000,0.12130000000000,7.34040000000000,20.7610,19657.2540,6.9789,6.8576,0.1213,7.2350,6.9630,5.8073,1.1557,-0.0769,19657.2540,NA
parkey.exe,27808,0x12E93FCD700,DXGI,0,0,1,Hardware Composed: Independent Flip,19671.1596,NA,7.04800000000000,6.95910000000000,0.14470000000000,7.18500000000000,20.6721,19664.2329,7.0714,6.9267,0.1447,7.2530,6.8587,4.5821,2.2766,0.0198,19664.2329,NA
parkey.exe,27808,0x12E93FCD700,DXGI,0,0,1,Hardware Composed: Independent Flip,19678.0410,NA,6.88140000000000,6.94410000000000,0.11920000000000,7.26530000000000,20.7348,19671.3043,6.8559,6.7367,0.1192,7.0943,6.9077,4.5975,2.3102,0.1273,19671.3043,NA
parkey.exe,27808,0x12E93FCD700,DXGI,0,0,1,Hardware Composed: Independent Flip,19684.9865,NA,6.94550000000000,6.97060000000000,0.12630000000000,7.24850000000000,20.7599,19678.1602,6.9526,6.8263,0.1263,7.1737,6.9011,4.5678,2.3333,-0.1147,19678.1602,NA
parkey.exe,27808,0x12E93FCD700,DXGI,0,0,1,Hardware Composed: Independent Flip,19691.9420,NA,6.95550000000000,6.92970000000000,0.11520000000000,7.24650000000000,20.7341,19685.1128,6.9444,6.8292,0.1152,7.1750,6.9007,4.5686,2.3321,0.0229,19685.1128,NA
parkey.exe,27808,0x12E93FCD700,DXGI,0,0,1,Hardware Composed: Independent Flip,19698.8841,NA,6.94210000000000,6.94520000000000,0.14030000000000,7.38010000000000,20.7372,19692.0572,6.9672,6.8269,0.1403,7.1967,7.0103,6.3253,0.6850,-0.0008,19692.0572,NA
parkey.exe,27808,0x12E93FCD700,DXGI,0,0,1,Hardware Composed: Independent Flip,19705.8762,NA,6.99210000000000,6.95570000000000,0.13580000000000,7.20630000000000,20.7008,19699.0244,6.9876,6.8518,0.1358,7.2655,6.7926,4.5964,2.1962,0.0115,19699.0244,NA
parkey.exe,27808,0x12E93FCD700,DXGI,0,0,1,Hardware Composed: Independent Flip,19712.7849,NA,6.90870000000000,7.00790000000000,0.13580000000000,7.23440000000000,20.8000,19706.0120,6.9087,6.7729,0.1358,7.1240,6.8833,5.3794,1.5039,-0.0203,19706.0120,NA
parkey.exe,27808,0x12E93FCD700,DXGI,0,0,1,Hardware Composed: Independent Flip,19719.7285,NA,6.94360000000000,6.89920000000000,0.10640000000000,7.27490000000000,20.7556,19712.9207,6.9142,6.8078,0.1064,7.1452,6.9375,4.6127,2.3248,0.0095,19712.9207,NA
parkey.exe,27808,0x12E93FCD700,DXGI,0,0,1,Hardware Composed: Independent Flip,19726.6827,NA,6.95420000000000,6.94160000000000,0.11430000000000,7.78150000000000,20.7430,19719.8349,6.9621,6.8478,0.1143,7.2218,7.4075,5.0371,2.3704,-0.0274,19719.8349,NA
parkey.exe,27808,0x12E93FCD700,DXGI,0,0,1,Hardware Composed: Independent Flip,19733.7096,NA,7.02690000000000,6.94210000000000,0.13840000000000,7.19610000000000,20.6582,19726.7970,7.0510,6.9126,0.1384,7.6672,6.4415,5.6286,0.8129,0.0200,19726.7970,NA
parkey.exe,27808,0x12E93FCD700,DXGI,0,0,1,Hardware Composed: Independent Flip,19740.5980,NA,6.88840000000000,6.95960000000000,0.12810000000000,7.25350000000000,20.7294,19733.8480,6.8781,6.7500,0.1281,7.0888,6.9147,4.5933,2.3214,0.0914,19733.8480,NA
parkey.exe,27808,0x12E93FCD700,DXGI,0,0,1,Hardware Composed: Independent Flip,19747.5341,NA,6.93610000000000,6.95510000000000,0.12320000000000,7.25660000000000,20.7484,19740.7261,6.9312,6.8080,0.1232,7.1601,6.9045,5.8389,1.0656,-0.0770,19740.7261,NA
parkey.exe,27808,0x12E93FCD700,DXGI,0,0,1,Hardware Composed: Independent Flip,19754.4839,NA,6.94980000000000,6.94510000000000,0.12160000000000,7.25900000000000,20.7437,19747.6573,6.9482,6.8266,0.1216,7.1622,6.9234,4.5912,2.3322,-0.0139,19747.6573,NA
parkey.exe,27808,0x12E93FCD700,DXGI,0,0,1,Hardware Composed: Independent Flip,19761.4406,NA,6.95670000000000,6.94150000000000,0.12560000000000,7.25900000000000,20.7285,19754.6055,6.9607,6.8351,0.1256,7.1909,6.9032,4.5823,2.3209,0.0067,19754.6055,NA
parkey.exe,27808,0x12E93FCD700,DXGI,0,0,1,Hardware Composed: Independent Flip,19768.3980,NA,6.95740000000000,6.94190000000000,0.13030000000000,7.23830000000000,20.7130,19761.5662,6.9621,6.8318,0.1303,7.1861,6.8840,4.5924,2.2916,0.0188,19761.5662,NA
parkey.exe,27808,0x12E93FCD700,DXGI,0,0,1,Hardware Composed: Independent Flip,19775.3267,NA,6.92870000000000,7.00320000000000,0.12850000000000,7.26650000000000,20.7875,19768.5283,6.9269,6.7984,0.1285,7.1483,6.9166,4.6133,2.3033,-0.0411,19768.5283,NA
parkey.exe,27808,0x12E93FCD700,DXGI,0,0,1,Hardware Composed: Independent Flip,19782.2755,NA,6.94880000000000,6.90670000000000,0.13440000000000,7.13590000000000,20.7454,19775.4552,6.9547,6.8203,0.1344,7.1758,6.7804,6.0847,0.6957,0.0202,19775.4552,NA
parkey.exe,27808,0x12E93FCD700,DXGI,0,0,1,Hardware Composed: Independent Flip,19789.2177,NA,6.94220000000000,6.95800000000000,0.12130000000000,7.29570000000000,20.7612,19782.4099,6.9291,6.8078,0.1213,7.0270,7.0765,4.5771,2.4994,-0.0033,19782.4099,NA
parkey.exe,27808,0x12E93FCD700,DXGI,0,0,1,Hardware Composed: Independent Flip,19796.2399,NA,7.02220000000000,6.98990000000000,0.16820000000000,7.18150000000000,20.7289,19789.3390,7.0691,6.9009,0.1682,7.2240,6.8584,5.3664,1.4920,-0.0608,19789.3390,NA
parkey.exe,27808,0x12E93FCD700,DXGI,0,0,1,Hardware Composed: Independent Flip,19803.1233,NA,6.88340000000000,6.91680000000000,0.10480000000000,7.28620000000000,20.7623,19796.4081,6.8200,6.7152,0.1048,7.0482,6.9532,4.5936,2.3596,0.1523,19796.4081,NA
parkey.exe,27808,0x12E93FCD700,DXGI,0,0,1,Hardware Composed: Independent Flip,19810.0797,NA,6.95640000000000,6.95120000000000,0.11120000000000,7.68830000000000,20.7571,19803.2281,6.9628,6.8516,0.1112,7.2331,7.3068,4.9483,2.3585,-0.1312,19803.2281,NA
parkey.exe,27808,0x12E93FCD700,DXGI,0,0,1,Hardware Composed: Independent Flip,19817.1470,NA,7.06730000000000,6.95280000000000,0.15040000000000,7.16220000000000,20.6426,19810.1909,7.1065,6.9561,0.1504,7.5771,6.5412,6.0439,0.4973,0.0100,19810.1909,NA
parkey.exe,27808,0x12E93FCD700,DXGI,0,0,1,Hardware Composed: Independent Flip,19823.9996,NA,6.85260000000000,6.93260000000000,0.13070000000000,7.26190000000000,20.7226,19817.2974,6.8329,6.7022,0.1307,7.0466,6.9175,4.5840,2.3335,0.1739,19817.2974,NA
parkey.exe,27808,0x12E93FCD700,DXGI,0,0,1,Hardware Composed: Independent Flip,19830.9484,NA,6.94880000000000,6.94890000000000,0.11670000000000,7.25040000000000,20.7227,19824.1303,6.9348,6.8181,0.1167,7.1632,6.9053,5.8379,1.0674,-0.1160,19824.1303,NA
parkey.exe,27808,0x12E93FCD700,DXGI,0,0,1,Hardware Composed: Independent Flip,19837.9158,NA,6.96740000000000,6.95850000000000,0.13110000000000,7.26000000000000,20.7138,19831.0651,6.9818,6.8507,0.1311,7.1795,6.9312,4.6328,2.2984,-0.0237,19831.0651,NA
parkey.exe,27808,0x12E93FCD700,DXGI,0,0,1,Hardware Composed: Independent Flip,19844.8101,NA,6.89430000000000,6.95280000000000,0.10200000000000,7.28300000000000,20.7723,19838.0469,6.8652,6.7632,0.1020,7.1833,6.8629,4.6229,2.2400,0.0290,19838.0469,NA
parkey.exe,27808,0x12E93FCD700,DXGI,0,0,1,Hardware Composed: Independent Flip,19851.7737,NA,6.96360000000000,6.96030000000000,0.10570000000000,7.27120000000000,20.7690,19844.9121,6.9673,6.8616,0.1057,7.2119,6.9209,4.5648,2.3561,-0.0951,19844.9121,NA
parkey.exe,27808,0x12E93FCD700,DXGI,0,0,1,Hardware Composed: Independent Flip,19858.7006,NA,6.92690000000000,6.97410000000000,0.12090000000000,7.33930000000000,20.8162,19851.8794,6.9421,6.8212,0.1209,7.2228,6.9377,4.6281,2.3096,-0.0068,19851.8794,NA
parkey.exe,27808,0x12E93FCD700,DXGI,0,0,1,Hardware Composed: Independent Flip,19865.6573,NA,6.95670000000000,6.91410000000000,0.15060000000000,7.29810000000000,20.7736,19858.8215,6.9864,6.8358,0.1506,7.2423,6.8916,5.8035,1.0881,0.0280,19858.8215,NA
parkey.exe,27808,0x12E93FCD700,DXGI,0,0,1,Hardware Composed: Independent Flip,19872.6118,NA,6.95450000000000,6.94950000000000,0.12740000000000,7.31210000000000,20.7686,19865.8079,6.9313,6.8039,0.1274,7.1787,6.9373,4.5658,2.3715,0.0369,19865.8079,NA
parkey.exe,27808,0x12E93FCD700,DXGI,0,0,1,Hardware Composed: Independent Flip,19879.5848,NA,6.97300000000000,6.96960000000000,0.13130000000000,7.26440000000000,20.7652,19872.7392,6.9769,6.8456,0.1313,7.2258,6.8842,5.3815,1.5027,-0.0383,19872.7392,NA
parkey.exe,27808,0x12E93FCD700,DXGI,0,0,1,Hardware Composed: Independent Flip,19886.5575,NA,6.97270000000000,6.92090000000000,0.11660000000000,7.23210000000000,20.7134,19879.7161,6.9580,6.8414,0.1166,7.1642,6.9093,4.5851,2.3242,0.0560,19879.7161,NA
parkey.exe,27808,0x12E93FCD700,DXGI,0,0,1,Hardware Composed: Independent Flip,19893.4936,NA,6.93610000000000,6.96680000000000,0.12140000000000,7.65300000000000,20.7441,19886.6741,6.9409,6.8195,0.1214,7.1696,7.3029,4.9480,2.3549,-0.0088,19886.6741,NA
parkey.exe,27808,0x12E93FCD700,DXGI,0,0,1,Hardware Composed: Independent Flip,19900.4688,NA,6.97520000000000,6.97260000000000,0.14530000000000,7.22300000000000,20.7415,19893.6150,6.9991,6.8538,0.1453,7.5316,6.5452,6.0170,0.5282,-0.0317,19893.6150,NA
parkey.exe,27808,0x12E93FCD700,DXGI,0,0,1,Hardware Composed: Independent Flip,19907.3328,NA,6.86400000000000,6.92090000000000,0.10740000000000,7.31550000000000,20.7984,19900.6141,6.8261,6.7187,0.1074,7.1066,6.9276,5.4314,1.4962,0.0782,19900.6141,NA
parkey.exe,27808,0x12E93FCD700,DXGI,0,0,1,Hardware Composed: Independent Flip,19914.2978,NA,6.96500000000000,6.97410000000000,0.11360000000000,7.74570000000000,20.8075,19907.4402,6.9712,6.8576,0.1136,7.2618,7.3415,6.1213,1.2202,-0.1480,19907.4402,NA
parkey.exe,27808,0x12E93FCD700,DXGI,0,0,1,Hardware Composed: Independent Flip,19921.3096,NA,7.01180000000000,6.95480000000000,0.16150000000000,7.24380000000000,20.7505,19914.4114,7.0597,6.8982,0.1615,7.6321,6.5099,6.0272,0.4827,0.0164,19914.4114,NA
parkey.exe,27808,0x12E93FCD700,DXGI,0,0,1,Hardware Composed: Independent Flip,19928.2588,NA,6.94920000000000,6.93420000000000,0.12770000000000,7.25310000000000,20.7355,19921.4711,6.9154,6.7877,0.1277,7.1157,6.9251,4.5662,2.3589,0.1255,19921.4711,NA
parkey.exe,27808,0x12E93FCD700,DXGI,0,0,1,Hardware Composed: Independent Flip,19935.2496,NA,6.99080000000000,6.95450000000000,0.14730000000000,7.24380000000000,20.6992,19928.3865,7.0104,6.8631,0.1473,7.1847,6.9222,4.6074,2.3148,-0.0391,19928.3865,NA
parkey.exe,27808,0x12E93FCD700,DXGI,0,0,1,Hardware Composed: Independent Flip,19942.2372,NA,6.98760000000000,6.96150000000000,0.17070000000000,7.18260000000000,20.6731,19935.3969,7.0110,6.8403,0.1707,7.1317,6.8912,4.5703,2.3209,0.0489,19935.3969,NA
parkey.exe,27808,0x12E93FCD700,DXGI,0,0,1,Hardware Composed: Independent Flip,19949.1561,NA,6.91890000000000,6.94410000000000,0.13910000000000,7.22340000000000,20.6983,19942.4079,6.8873,6.7482,0.1391,7.0806,6.8910,5.8605,1.0305,0.0669,19942.4079,NA
parkey.exe,27808,0x12E93FCD700,DXGI,0,0,1,Hardware Composed: Independent Flip,19956.1347,NA,6.97860000000000,6.92450000000000,0.18150000000000,7.75680000000000,20.6442,19949.2952,7.0210,6.8395,0.1815,7.1092,7.4871,7.2247,0.2624,-0.0372,19949.2952,NA
parkey.exe,27808,0x12E93FCD700,DXGI,0,0,1,Hardware Composed: Independent Flip,19963.0182,NA,6.88350000000000,6.97870000000000,0.14580000000000,8.39950000000000,20.7394,19956.3162,6.8478,6.7020,0.1458,7.5753,7.5262,7.5060,0.0202,0.0423,19956.3162,NA
parkey.exe,27808,0x12E93FCD700,DXGI,0,0,1,Hardware Composed: Independent Flip,19970.0204,NA,7.00220000000000,6.93190000000000,0.14850000000000,7.07110000000000,20.6691,19963.1640,7.0049,6.8564,0.1485,8.2537,5.6738,5.5284,0.1454,-0.0841,19963.1640,NA
parkey.exe,27808,0x12E93FCD700,DXGI,0,0,1,Hardware Composed: Independent Flip,19976.8903,NA,6.86990000000000,6.93770000000000,0.12740000000000,7.20100000000000,20.7369,19970.1689,6.8488,6.7214,0.1274,6.9732,6.9492,5.7725,1.1767,0.0672,19970.1689,NA
parkey.exe,27808,0x12E93FCD700,DXGI,0,0,1,Hardware Composed: Independent Flip,19983.8956,NA,7.00530000000000,6.96470000000000,0.15650000000000,7.20550000000000,20.6963,19977.0177,7.0344,6.8779,0.1565,7.1190,6.9644,6.3484,0.6160,-0.1159,19977.0177,NA
parkey.exe,27808,0x12E93FCD700,DXGI,0,0,1,Hardware Composed: Independent Flip,19990.8291,NA,6.93350000000000,6.93820000000000,0.13790000000000,7.21220000000000,20.7010,19984.0521,6.9149,6.7770,0.1379,7.1043,6.8849,5.9062,0.9787,0.0962,19984.0521,NA
parkey.exe,27808,0x12E93FCD700,DXGI,0,0,1,Hardware Composed: Independent Flip,19997.7341,NA,6.90500000000000,6.96160000000000,0.11250000000000,7.18250000000000,20.7576,19990.9670,6.8796,6.7671,0.1125,7.1309,6.8187,5.6881,1.1306,-0.0467,19990.9670,NA
parkey.exe,27808,0x12E93FCD700,DXGI,0,0,1,Hardware Composed: Independent Flip,20004.7394,NA,7.00530000000000,6.93300000000000,0.12900000000000,7.20690000000000,20.6853,19997.8466,7.0218,6.8928,0.1290,7.1213,6.9784,5.7306,1.2478,-0.0534,19997.8466,NA
parkey.exe,27808,0x12E93FCD700,DXGI,0,0,1,Hardware Composed: Independent Flip,20011.6379,NA,6.89850000000000,6.94990000000000,0.12370000000000,7.55010000000000,20.7367,20004.8684,6.8932,6.7695,0.1237,7.1098,7.2098,4.8854,2.3244,0.0719,20004.8684,NA
parkey.exe,27808,0x12E93FCD700,DXGI,0,0,1,Hardware Composed: Independent Flip,20018.6272,NA,6.98930000000000,6.96060000000000,0.11750000000000,7.21950000000000,20.7080,20011.7616,6.9831,6.8656,0.1175,7.4264,6.6587,5.5794,1.0793,-0.0674,20011.7616,NA
parkey.exe,27808,0x12E93FCD700,DXGI,0,0,1,Hardware Composed: Independent Flip,20025.5180,NA,6.89080000000000,6.93210000000000,0.11290000000000,7.27620000000000,20.7493,20018.7447,6.8862,6.7733,0.1129,7.1493,6.9002,5.8742,1.0260,0.0510,20018.7447,NA
parkey.exe,27808,0x12E93FCD700,DXGI,0,0,1,Hardware Composed: Independent Flip,20032.4864,NA,6.96840000000000,6.96100000000000,0.12380000000000,7.56840000000000,20.7419,20025.6309,6.9793,6.8555,0.1238,7.1977,7.2262,6.5587,0.6675,-0.0748,20025.6309,NA
parkey.exe,27808,0x12E93FCD700,DXGI,0,0,1,Hardware Composed: Independent Flip,20039.4412,NA,6.95480000000000,6.95450000000000,0.13950000000000,7.23670000000000,20.7416,20032.6102,6.9705,6.8310,0.1395,7.4446,6.6231,5.9424,0.6807,0.0248,20032.6102,NA
parkey.exe,27808,0x12E93FCD700,DXGI,0,0,1,Hardware Composed: Independent Flip,20046.3819,NA,6.94070000000000,6.94410000000000,0.12640000000000,7.26700000000000,20.7450,20039.5807,6.9276,6.8012,0.1264,7.1273,6.9409,5.3678,1.5731,0.0264,20039.5807,NA
parkey.exe,27808,0x12E93FCD700,DXGI,0,0,1,Hardware Composed: Independent Flip,20053.3542,NA,6.97230000000000,6.96040000000000,0.12890000000000,7.23330000000000,20.7331,20046.5083,6.9748,6.8459,0.1289,7.1732,6.9060,5.8045,1.1015,-0.0328,20046.5083,NA
parkey.exe,27808,0x12E93FCD700,DXGI,0,0,1,Hardware Composed: Independent Flip,20060.2564,NA,6.90220000000000,6.95160000000000,0.13300000000000,7.19280000000000,20.7825,20053.4831,6.9063,6.7733,0.1330,7.1575,6.8086,4.4920,2.3166,0.0232,20053.4831,NA
parkey.exe,27808,0x12E93FCD700,DXGI,0,0,1,Hardware Composed: Independent Flip,20067.2075,NA,6.95110000000000,6.94150000000000,0.13680000000000,7.31020000000000,20.7729,20060.3894,6.9549,6.8181,0.1368,7.0866,7.0417,4.5971,2.4446,-0.0352,20060.3894,NA
parkey.exe,27808,0x12E93FCD700,DXGI,0,0,1,Hardware Composed: Independent Flip,20074.1637,NA,6.95620000000000,6.97510000000000,0.13580000000000,7.27920000000000,20.7918,20067.3443,6.9552,6.8194,0.1358,7.2070,6.8916,4.5550,2.3366,-0.0202,20067.3443,NA
parkey.exe,27808,0x12E93FCD700,DXGI,0,0,1,Hardware Composed: Independent Flip,20081.1068,NA,6.94310000000000,6.92160000000000,0.11830000000000,7.28950000000000,20.7703,20074.2995,6.9256,6.8073,0.1183,7.1990,6.8978,5.7991,1.0987,0.0336,20074.2995,NA
parkey.exe,27808,0x12E93FCD700,DXGI,0,0,1,Hardware Composed: Independent Flip,20088.0607,NA,6.95390000000000,6.96430000000000,0.15720000000000,7.29850000000000,20.7807,20081.2251,6.9928,6.8356,0.1572,7.2032,6.9309,4.5877,2.3432,-0.0387,20081.2251,NA
parkey.exe,27808,0x12E93FCD700,DXGI,0,0,1,Hardware Composed: Independent Flip,20095.0350,NA,6.97430000000000,6.94600000000000,0.12590000000000,7.25630000000000,20.7524,20088.2179,6.9430,6.8171,0.1259,7.1935,6.8799,4.5915,2.2884,0.0468,20088.2179,NA
parkey.exe,27808,0x12E93FCD700,DXGI,0,0,1,Hardware Composed: Independent Flip,20101.9428,NA,6.90780000000000,6.94290000000000,0.11470000000000,7.32580000000000,20.7875,20095.1609,6.8966,6.7819,0.1147,7.1606,6.9471,4.6012,2.3459,0.0001,20095.1609,NA
parkey.exe,27808,0x12E93FCD700,DXGI,0,0,1,Hardware Composed: Independent Flip,20108.9093,NA,6.96650000000000,6.94210000000000,0.11410000000000,7.30160000000000,20.7631,20102.0575,6.9659,6.8518,0.1141,7.2640,6.8894,4.5904,2.2990,-0.0455,20102.0575,NA
parkey.exe,27808,0x12E93FCD700,DXGI,0,0,1,Hardware Composed: Independent Flip,20115.8580,NA,6.94870000000000,6.96040000000000,0.15030000000000,7.27400000000000,20.7748,20109.0234,6.9849,6.8346,0.1503,7.2208,6.8878,6.1793,0.7085,0.0055,20109.0234,NA
parkey.exe,27808,0x12E93FCD700,DXGI,0,0,1,Hardware Composed: Independent Flip,20122.8007,NA,6.94270000000000,6.95620000000000,0.13310000000000,7.28860000000000,20.7883,20116.0083,6.9255,6.7924,0.1331,7.1751,6.9059,4.5846,2.3213,0.0287,20116.0083,NA
parkey.exe,27808,0x12E93FCD700,DXGI,0,0,1,Hardware Composed: Independent Flip,20129.7433,NA,6.94260000000000,6.96820000000000,0.11810000000000,7.30640000000000,20.8139,20122.9338,6.9276,6.8095,0.1181,7.2061,6.9098,5.3868,1.5230,-0.0427,20122.9338,NA
parkey.exe,27808,0x12E93FCD700,DXGI,0,0,1,Hardware Composed: Independent Flip,20136.6994,NA,6.95610000000000,6.92600000000000,0.10950000000000,7.29920000000000,20.7838,20129.8614,6.9475,6.8380,0.1095,7.2206,6.9166,4.5715,2.3451,0.0016,20129.8614,NA
parkey.exe,27808,0x12E93FCD700,DXGI,0,0,1,Hardware Composed: Independent Flip,20143.6565,NA,6.95710000000000,6.95400000000000,0.11780000000000,7.72700000000000,20.7807,20136.8089,6.9654,6.8476,0.1178,7.2419,7.3327,5.0009,2.3318,-0.0065,20136.8089,NA
parkey.exe,27808,0x12E93FCD700,DXGI,0,0,1,Hardware Composed: Independent Flip,20150.6183,NA,6.96180000000000,6.95060000000000,0.12540000000000,7.26960000000000,20.7695,20143.7743,6.9694,6.8440,0.1254,7.6092,6.5044,5.2335,1.2709,0.0148,20143.7743,NA
parkey.exe,27808,0x12E93FCD700,DXGI,0,0,1,Hardware Composed: Independent Flip,20157.5494,NA,6.93110000000000,6.94590000000000,0.12480000000000,7.35680000000000,20.7843,20150.7437,6.9305,6.8057,0.1248,7.2068,6.9557,5.0496,1.9061,0.0235,20150.7437,NA
parkey.exe,27808,0x12E93FCD700,DXGI,0,0,1,Hardware Composed: Independent Flip,20164.5056,NA,6.95620000000000,6.94840000000000,0.11840000000000,7.28930000000000,20.7765,20157.6742,6.9498,6.8314,0.1184,7.2624,6.8583,5.7434,1.1149,-0.0179,20157.6742,NA
parkey.exe,27808,0x12E93FCD700,DXGI,0,0,1,Hardware Composed: Independent Flip,20171.4669,NA,6.96130000000000,6.94140000000000,0.12870000000000,7.27690000000000,20.7566,20164.6240,6.9716,6.8429,0.1287,7.2225,6.8973,4.5868,2.3105,0.0084,20164.6240,NA
parkey.exe,27808,0x12E93FCD700,DXGI,0,0,1,Hardware Composed: Independent Flip,20178.4073,NA,6.94040000000000,6.94790000000000,0.12600000000000,7.33720000000000,20.7641,20171.5956,6.9377,6.8117,0.1260,7.2014,6.9475,4.6358,2.3117,0.0237,20171.5956,NA
parkey.exe,27808,0x12E93FCD700,DXGI,0,0,1,Hardware Composed: Independent Flip,20185.3479,NA,6.94060000000000,6.96340000000000,0.11360000000000,7.29190000000000,20.7869,20178.5333,6.9282,6.8146,0.1136,7.2646,6.8419,4.5926,2.2493,-0.0257,20178.5333,NA
parkey.exe,27808,0x12E93FCD700,DXGI,0,0,1,Hardware Composed: Independent Flip,20192.2945,NA,6.94660000000000,6.95540000000000,0.11770000000000,7.28760000000000,20.7957,20185.4615,6.9507,6.8330,0.1177,7.2126,6.9080,4.5738,2.3342,-0.0272,20185.4615,NA
parkey.exe,27808,0x12E93FCD700,DXGI,0,0,1,Hardware Composed: Independent Flip,20199.2356,NA,6.94110000000000,6.94200000000000,0.13790000000000,7.31950000000000,20.7966,20192.4122,6.9613,6.8234,0.1379,7.2057,6.9372,6.2166,0.7206,0.0087,20192.4122,NA
parkey.exe,27808,0x12E93FCD700,DXGI,0,0,1,Hardware Composed: Independent Flip,20206.2050,NA,6.96940000000000,6.98850000000000,0.11730000000000,7.31100000000000,20.8157,20199.3735,6.9488,6.8315,0.1173,7.2118,6.9307,4.5900,2.3407,-0.0272,20199.3735,NA
parkey.exe,27808,0x12E93FCD700,DXGI,0,0,1,Hardware Composed: Independent Flip,20213.1813,NA,6.97630000000000,6.92330000000000,0.14460000000000,7.26990000000000,20.7627,20206.3223,7.0036,6.8590,0.1446,7.2258,6.9031,5.3675,1.5356,0.0255,20206.3223,NA
parkey.exe,27808,0x12E93FCD700,DXGI,0,0,1,Hardware Composed: Independent Flip,20220.1250,NA,6.94370000000000,6.95950000000000,0.21120000000000,7.34890000000000,20.7785,20213.3259,7.0103,6.7991,0.2112,7.1926,6.9554,4.6006,2.3548,0.0441,20213.3259,NA
parkey.exe,27808,0x12E93FCD700,DXGI,0,0,1,Hardware Composed: Independent Flip,20227.1387,NA,7.01370000000000,6.94550000000000,0.17810000000000,7.60790000000000,20.7103,20220.3362,6.9806,6.8025,0.1781,7.2042,7.2062,4.9772,2.2290,0.0648,20220.3362,NA
parkey.exe,27808,0x12E93FCD700,DXGI,0,0,1,Hardware Composed: Independent Flip,20234.0368,NA,6.89810000000000,6.96540000000000,0.15660000000000,7.29160000000000,20.7776,20227.3168,6.8766,6.7200,0.1566,7.4298,6.5818,5.6585,0.9233,0.0152,20227.3168,NA
parkey.exe,27808,0x12E93FCD700,DXGI,0,0,1,Hardware Composed: Independent Flip,20240.9857,NA,6.94890000000000,6.92400000000000,0.15380000000000,7.29040000000000,20.7527,20234.1934,6.9461,6.7923,0.1538,7.1682,6.9145,4.6213,2.2932,-0.0474,20234.1934,NA
parkey.exe,27808,0x12E93FCD700,DXGI,0,0,1,Hardware Composed: Independent Flip,20247.9320,NA,6.94630000000000,6.94880000000000,0.14140000000000,7.28400000000000,20.7552,20241.1395,6.9339,6.7925,0.1414,7.1887,6.8878,5.8142,1.0736,-0.0027,20241.1395,NA
parkey.exe,27808,0x12E93FCD700,DXGI,0,0,1,Hardware Composed: Independent Flip,20254.9148,NA,6.98280000000000,6.96750000000000,0.16730000000000,7.25160000000000,20.7399,20248.0734,7.0087,6.8414,0.1673,7.1932,6.8998,4.6168,2.2830,-0.0336,20248.0734,NA
parkey.exe,27808,0x12E93FCD700,DXGI,0,0,1,Hardware Composed: Independent Flip,20261.8085,NA,6.89370000000000,6.93520000000000,0.12690000000000,7.29880000000000,20.7814,20255.0821,6.8533,6.7264,0.1269,7.1186,6.9066,4.5929,2.3137,0.0735,20255.0821,NA
parkey.exe,27808,0x12E93FCD700,DXGI,0,0,1,Hardware Composed: Independent Flip,20268.7686,NA,6.96010000000000,6.96540000000000,0.13820000000000,7.29870000000000,20.7867,20261.9354,6.9714,6.8332,0.1382,7.2248,6.9071,4.5843,2.3228,-0.1121,20261.9354,NA
parkey.exe,27808,0x12E93FCD700,DXGI,0,0,1,Hardware Composed: Independent Flip,20275.7208,NA,6.95220000000000,6.93780000000000,0.14000000000000,7.26960000000000,20.7723,20268.9068,6.9540,6.8140,0.1400,7.1895,6.8941,4.5699,2.3242,0.0336,20268.9068,NA
parkey.exe,27808,0x12E93FCD700,DXGI,0,0,1,Hardware Composed: Independent Flip,20282.6609,NA,6.94010000000000,6.94490000000000,0.14150000000000,7.19610000000000,20.7771,20275.8608,6.9416,6.8001,0.1415,7.1785,6.8177,6.1094,0.7083,0.0091,20275.8608,NA
parkey.exe,27808,0x12E93FCD700,DXGI,0,0,1,Hardware Composed: Independent Flip,20289.6494,NA,6.98850000000000,6.94790000000000,0.13720000000000,7.25210000000000,20.7365,20282.8024,6.9842,6.8470,0.1372,7.0844,7.0147,4.5606,2.4541,-0.0063,20282.8024,NA
parkey.exe,27808,0x12E93FCD700,DXGI,0,0,1,Hardware Composed: Independent Flip,20296.5647,NA,6.91530000000000,6.95130000000000,0.11620000000000,7.28440000000000,20.7725,20289.7866,6.8943,6.7781,0.1162,7.1681,6.8944,5.3515,1.5429,0.0329,20289.7866,NA
parkey.exe,27808,0x12E93FCD700,DXGI,0,0,1,Hardware Composed: Independent Flip,20303.5246,NA,6.95990000000000,6.95360000000000,0.13920000000000,7.29590000000000,20.7662,20296.6809,6.9829,6.8437,0.1392,7.2176,6.9220,4.5961,2.3259,-0.0593,20296.6809,NA
parkey.exe,27808,0x12E93FCD700,DXGI,0,0,1,Hardware Composed: Independent Flip,20310.4614,NA,6.93680000000000,6.95540000000000,0.11900000000000,7.62420000000000,20.7848,20303.6638,6.9166,6.7976,0.1190,7.1881,7.2337,4.9465,2.2872,0.0275,20303.6638,NA
parkey.exe,27808,0x12E93FCD700,DXGI,0,0,1,Hardware Composed: Independent Flip,20317.4099,NA,6.94850000000000,6.94710000000000,0.13120000000000,7.34120000000000,20.7834,20310.5804,6.9607,6.8295,0.1312,7.5052,6.6655,5.2763,1.3892,-0.0305,20310.5804,NA
parkey.exe,27808,0x12E93FCD700,DXGI,0,0,1,Hardware Composed: Independent Flip,20324.3744,NA,6.96450000000000,6.93950000000000,0.12190000000000,7.29690000000000,20.7584,20317.5411,6.9552,6.8333,0.1219,7.2445,6.8857,4.6038,2.2819,0.0212,20317.5411,NA
parkey.exe,27808,0x12E93FCD700,DXGI,0,0,1,Hardware Composed: Independent Flip,20331.4118,NA,7.03740000000000,6.95980000000000,0.23240000000000,7.19570000000000,20.6808,20324.4963,7.1479,6.9155,0.2324,7.2099,6.9013,5.7468,1.1545,-0.0046,20324.4963,NA
parkey.exe,27808,0x12E93FCD700,DXGI,0,0,1,Hardware Composed: Independent Flip,20338.2618,NA,6.85000000000000,6.94580000000000,0.12990000000000,7.31170000000000,20.7766,20331.6442,6.7475,6.6176,0.1299,6.9954,6.9339,4.6215,2.3124,0.2021,20331.6442,NA
parkey.exe,27808,0x12E93FCD700,DXGI,0,0,1,Hardware Composed: Independent Flip,20345.1924,NA,6.93060000000000,6.94670000000000,0.10510000000000,7.31920000000000,20.7927,20338.3917,6.9058,6.8007,0.1051,7.2108,6.9091,4.5691,2.3400,-0.1992,20338.3917,NA
parkey.exe,27808,0x12E93FCD700,DXGI,0,0,1,Hardware Composed: Independent Flip,20352.1623,NA,6.96990000000000,6.96050000000000,0.11330000000000,7.28620000000000,20.7833,20345.2975,6.9781,6.8648,0.1133,7.2474,6.9036,4.5866,2.3170,-0.0547,20345.2975,NA
parkey.exe,27808,0x12E93FCD700,DXGI,0,0,1,Hardware Composed: Independent Flip,20359.1049,NA,6.94260000000000,6.94520000000000,0.11200000000000,7.30770000000000,20.7859,20352.2756,6.9413,6.8293,0.1120,7.2281,6.9089,4.5813,2.3276,0.0329,20352.2756,NA
parkey.exe,27808,0x12E93FCD700,DXGI,0,0,1,Hardware Composed: Independent Flip,20366.4237,NA,7.31880000000000,6.94390000000000,0.14380000000000,6.94350000000000,20.4110,20359.2169,7.3506,7.2068,0.1438,7.2516,6.8987,5.7793,1.1194,-0.0026,20359.2169,NA
parkey.exe,27808,0x12E93FCD700,DXGI,0,0,1,Hardware Composed: Independent Flip,20373.0090,NA,6.58530000000000,6.95620000000000,0.10300000000000,7.28740000000000,20.7819,20366.5675,6.5445,6.4415,0.1030,6.8299,6.8990,4.5807,2.3183,0.3944,20366.5675,NA
parkey.exe,27808,0x12E93FCD700,DXGI,0,0,1,Hardware Composed: Independent Flip,20379.9614,NA,6.95240000000000,6.98760000000000,0.11480000000000,7.28960000000000,20.8171,20373.1120,6.9642,6.8494,0.1148,7.2375,6.9015,5.3548,1.5467,-0.4431,20373.1120,NA
parkey.exe,27808,0x12E93FCD700,DXGI,0,0,1,Hardware Composed: Independent Flip,20386.9090,NA,6.94760000000000,6.91930000000000,0.11140000000000,7.28280000000000,20.7888,20380.0762,6.9442,6.8328,0.1114,7.2055,6.9101,4.5612,2.3489,0.0449,20380.0762,NA
parkey.exe,27808,0x12E93FCD700,DXGI,0,0,1,Hardware Composed: Independent Flip,20393.8784,NA,6.96940000000000,6.94030000000000,0.14640000000000,7.79660000000000,20.7597,20387.0204,7.0044,6.8580,0.1464,7.2345,7.4201,5.0602,2.3599,0.0039,20387.0204,NA
parkey.exe,27808,0x12E93FCD700,DXGI,0,0,1,Hardware Composed: Independent Flip,20400.8903,NA,7.01190000000000,6.94780000000000,0.16910000000000,7.22850000000000,20.6956,20394.0248,7.0346,6.8655,0.1691,7.6502,6.4438,5.1791,1.2647,0.0566,20394.0248,NA
parkey.exe,27808,0x12E93FCD700,DXGI,0,0,1,Hardware Composed: Independent Flip,20407.7735,NA,6.88320000000000,6.96040000000000,0.12580000000000,7.28390000000000,20.7728,20401.0594,6.8399,6.7141,0.1258,7.0894,6.9086,4.5922,2.3164,0.0742,20401.0594,NA
parkey.exe,27808,0x12E93FCD700,DXGI,0,0,1,Hardware Composed: Independent Flip,20414.7051,NA,6.93160000000000,6.94010000000000,0.11210000000000,7.30500000000000,20.7813,20407.8993,6.9179,6.8058,0.1121,7.1863,6.9245,5.7795,1.1450,-0.1002,20407.8993,NA
parkey.exe,27808,0x12E93FCD700,DXGI,0,0,1,Hardware Composed: Independent Flip,20421.6527,NA,6.94760000000000,6.96000000000000,0.11010000000000,7.33140000000000,20.7937,20414.8172,6.9456,6.8355,0.1101,7.2253,6.9416,4.6038,2.3378,-0.0421,20414.8172,NA
parkey.exe,27808,0x12E93FCD700,DXGI,0,0,1,Hardware Composed: Independent Flip,20428.6130,NA,6.96030000000000,6.94440000000000,0.13840000000000,7.30140000000000,20.7778,20421.7628,6.9886,6.8502,0.1384,7.2542,6.8974,4.5833,2.3141,0.0012,20421.7628,NA
parkey.exe,27808,0x12E93FCD700,DXGI,0,0,1,Hardware Composed: Independent Flip,20435.5554,NA,6.94240000000000,6.93630000000000,0.11760000000000,7.30060000000000,20.7717,20428.7514,6.9216,6.8040,0.1176,7.2000,6.9046,4.5929,2.3117,0.0523,20428.7514,NA
parkey.exe,27808,0x12E93FCD700,DXGI,0,0,1,Hardware Composed: Independent Flip,20442.5278,NA,6.97240000000000,6.96230000000000,0.12350000000000,7.28490000000000,20.7616,20435.6730,6.9783,6.8548,0.1235,7.2373,6.9024,4.5955,2.3069,-0.0407,20435.6730,NA
parkey.exe,27808,0x12E93FCD700,DXGI,0,0,1,Hardware Composed: Independent Flip,20449.4646,NA,6.93680000000000,6.94740000000000,0.13710000000000,7.14660000000000,20.7722,20442.6513,6.9504,6.8133,0.1371,7.2469,6.7130,6.0778,0.6352,0.0309,20442.6513,NA
parkey.exe,27808,0x12E93FCD700,DXGI,0,0,1,Hardware Composed: Independent Flip,20456.4223,NA,6.95770000000000,6.94650000000000,0.14690000000000,7.26570000000000,20.7610,20449.6017,6.9675,6.8206,0.1469,7.0393,7.0470,4.5865,2.4605,0.0039,20449.6017,NA
parkey.exe,27808,0x12E93FCD700,DXGI,0,0,1,Hardware Composed: Independent Flip,20463.3592,NA,6.93690000000000,6.96560000000000,0.14440000000000,7.30220000000000,20.7897,20456.5692,6.9344,6.7900,0.1444,7.1538,6.9384,5.3612,1.5772,0.0019,20456.5692,NA
parkey.exe,27808,0x12E93FCD700,DXGI,0,0,1,Hardware Composed: Independent Flip,20470.3147,NA,6.95550000000000,6.94520000000000,0.13880000000000,7.27770000000000,20.7794,20463.5036,6.9499,6.8111,0.1388,7.1904,6.8984,4.5667,2.3317,-0.0108,20463.5036,NA
parkey.exe,27808,0x12E93FCD700,DXGI,0,0,1,Hardware Composed: Independent Flip,20477.2543,NA,6.93960000000000,6.94790000000000,0.11510000000000,7.90490000000000,20.7877,20470.4535,6.9159,6.8008,0.1151,7.1899,7.5158,5.1317,2.3841,0.0020,20470.4535,NA
parkey.exe,27808,0x12E93FCD700,DXGI,0,0,1,Hardware Composed: Independent Flip,20484.2873,NA,7.03300000000000,6.97210000000000,0.14340000000000,7.21280000000000,20.7268,20477.3694,7.0613,6.9179,0.1434,7.7898,6.3409,5.5512,0.7897,-0.0562,20477.3694,NA
parkey.exe,27808,0x12E93FCD700,DXGI,0,0,1,Hardware Composed: Independent Flip,20491.1723,NA,6.88500000000000,6.92720000000000,0.12830000000000,7.28750000000000,20.7690,20484.4307,6.8699,6.7416,0.1283,7.1227,6.9064,4.5938,2.3126,0.1341,20484.4307,NA
parkey.exe,27808,0x12E93FCD700,DXGI,0,0,1,Hardware Composed: Independent Flip,20498.1046,NA,6.93230000000000,6.95580000000000,0.10710000000000,7.33630000000000,20.7925,20491.3006,6.9111,6.8040,0.1071,7.1922,6.9481,5.7538,1.1943,-0.0859,20491.3006,NA
parkey.exe,27808,0x12E93FCD700,DXGI,0,0,1,Hardware Composed: Independent Flip,20505.1005,NA,6.99590000000000,6.94830000000000,0.14080000000000,7.27080000000000,20.7449,20498.2117,7.0296,6.8888,0.1408,7.2606,6.8990,4.5882,2.3108,-0.0372,20498.2117,NA
parkey.exe,27808,0x12E93FCD700,DXGI,0,0,1,Hardware Composed: Independent Flip,20512.0085,NA,6.90800000000000,6.93800000000000,0.11670000000000,7.30590000000000,20.7749,20505.2413,6.8839,6.7672,0.1167,7.1657,6.9074,4.6080,2.2994,0.0916,20505.2413,NA
parkey.exe,27808,0x12E93FCD700,DXGI,0,0,1,Hardware Composed: Independent Flip,20518.9833,NA,6.97480000000000,6.95970000000000,0.12070000000000,7.29830000000000,20.7598,20512.1252,6.9788,6.8581,0.1207,7.2220,6.9344,4.5907,2.3437,-0.0758,20512.1252,NA
parkey.exe,27808,0x12E93FCD700,DXGI,0,0,1,Hardware Composed: Independent Flip,20525.9115,NA,6.92820000000000,6.98080000000000,0.13320000000000,7.26910000000000,20.8124,20519.1040,6.9407,6.8075,0.1332,7.2532,6.8234,4.5874,2.2360,-0.0020,20519.1040,NA
parkey.exe,27808,0x12E93FCD700,DXGI,0,0,1,Hardware Composed: Independent Flip,20532.8486,NA,6.93710000000000,6.91420000000000,0.11510000000000,7.31650000000000,20.7895,20526.0447,6.9190,6.8039,0.1151,7.2056,6.9148,6.1762,0.7386,0.0265,20526.0447,NA
parkey.exe,27808,0x12E93FCD700,DXGI,0,0,1,Hardware Composed: Independent Flip,20539.8080,NA,6.95940000000000,6.95470000000000,0.10910000000000,7.35880000000000,20.7848,20532.9637,6.9534,6.8443,0.1091,7.2499,6.9532,4.5926,2.3606,-0.0357,20532.9637,NA
parkey.exe,27808,0x12E93FCD700,DXGI,0,0,1,Hardware Composed: Independent Flip,20546.8052,NA,6.99720000000000,6.95940000000000,0.15500000000000,7.25350000000000,20.7470,20539.9171,7.0431,6.8881,0.1550,7.2826,6.8590,5.3819,1.4771,-0.0060,20539.9171,NA
parkey.exe,27808,0x12E93FCD700,DXGI,0,0,1,Hardware Composed: Independent Flip,20553.7035,NA,6.89830000000000,6.94510000000000,0.11160000000000,7.30930000000000,20.7938,20546.9602,6.8549,6.7433,0.1116,7.1276,6.9250,4.5925,2.3325,0.0980,20546.9602,NA
parkey.exe,27808,0x12E93FCD700,DXGI,0,0,1,Hardware Composed: Independent Flip,20560.6566,NA,6.95310000000000,6.94790000000000,0.11570000000000,7.35200000000000,20.7886,20553.8151,6.9572,6.8415,0.1157,7.2281,6.9654,4.6320,2.3334,-0.0930,20553.8151,NA
parkey.exe,27808,0x12E93FCD700,DXGI,0,0,1,Hardware Composed: Independent Flip,20567.6287,NA,6.97210000000000,6.95980000000000,0.13200000000000,7.29100000000000,20.7763,20560.7723,6.9884,6.8564,0.1320,7.2657,6.8817,4.5851,2.2966,-0.0026,20560.7723,NA
parkey.exe,27808,0x12E93FCD700,DXGI,0,0,1,Hardware Composed: Independent Flip,20574.5629,NA,6.93420000000000,6.94130000000000,0.11650000000000,7.30340000000000,20.7834,20567.7607,6.9187,6.8022,0.1165,7.1870,6.9186,4.5814,2.3372,0.0471,20567.7607,NA
parkey.exe,27808,0x12E93FCD700,DXGI,0,0,1,Hardware Composed: Independent Flip,20581.5066,NA,6.94370000000000,6.94320000000000,0.11010000000000,7.32380000000000,20.7829,20574.6794,6.9373,6.8272,0.1101,7.2139,6.9371,5.7957,1.1414,-0.0245,20574.6794,NA
parkey.exe,27808,0x12E93FCD700,DXGI,0,0,1,Hardware Composed: Independent Flip,20588.4830,NA,6.97640000000000,6.96210000000000,0.12550000000000,7.28030000000000,20.7686,20581.6167,6.9918,6.8663,0.1255,7.2440,6.9026,4.5775,2.3251,-0.0248,20581.6167,NA
parkey.exe,27808,0x12E93FCD700,DXGI,0,0,1,Hardware Composed: Independent Flip,20595.4172,NA,6.93420000000000,6.94200000000000,0.11670000000000,7.28870000000000,20.7764,20588.6085,6.9254,6.8087,0.1167,7.1824,6.9150,4.5986,2.3164,0.0498,20588.6085,NA
parkey.exe,27808,0x12E93FCD700,DXGI,0,0,1,Hardware Composed: Independent Flip,20602.3530,NA,6.93580000000000,6.96720000000000,0.12010000000000,7.33080000000000,20.8078,20595.5339,6.9392,6.8191,0.1201,7.2012,6.9487,4.6057,2.3430,-0.0418,20595.5339,NA
parkey.exe,27808,0x12E93FCD700,DXGI,0,0,1,Hardware Composed: Independent Flip,20609.3163,NA,6.96330000000000,6.93560000000000,0.11490000000000,7.28560000000000,20.7801,20602.4731,6.9581,6.8432,0.1149,7.2342,6.8946,4.5706,2.3240,0.0036,20602.4731,NA
parkey.exe,27808,0x12E93FCD700,DXGI,0,0,1,Hardware Composed: Independent Flip,20616.2541,NA,6.93780000000000,6.94780000000000,0.11000000000000,7.33440000000000,20.7901,20609.4312,6.9329,6.8229,0.1100,7.2485,6.9088,6.2146,0.6942,0.0103,20609.4312,NA
parkey.exe,27808,0x12E93FCD700,DXGI,0,0,1,Hardware Composed: Independent Flip,20623.2505,NA,6.99640000000000,6.95000000000000,0.13590000000000,7.25060000000000,20.7437,20616.3641,7.0223,6.8864,0.1359,7.2491,6.8879,4.5661,2.3218,-0.0171,20616.3641,NA
parkey.exe,27808,0x12E93FCD700,DXGI,0,0,1,Hardware Composed: Independent Flip,20630.1636,NA,6.91310000000000,6.94720000000000,0.11490000000000,7.30010000000000,20.7778,20623.3864,6.8921,6.7772,0.1149,7.1678,6.9095,5.3529,1.5566,0.0751,20623.3864,NA
parkey.exe,27808,0x12E93FCD700,DXGI,0,0,1,Hardware Composed: Independent Flip,20637.1179,NA,6.95430000000000,6.95800000000000,0.12790000000000,7.29560000000000,20.7815,20630.2785,6.9673,6.8394,0.1279,7.2131,6.9219,4.5913,2.3306,-0.0659,20630.2785,NA
parkey.exe,27808,0x12E93FCD700,DXGI,0,0,1,Hardware Composed: Independent Flip,20644.0548,NA,6.93690000000000,6.94720000000000,0.11510000000000,7.58820000000000,20.7918,20637.2458,6.9241,6.8090,0.1151,7.1949,7.2023,4.8783,2.3240,0.0201,20637.2458,NA
parkey.exe,27808,0x12E93FCD700,DXGI,0,0,1,Hardware Composed: Independent Flip,20651.0026,NA,6.94780000000000,6.95740000000000,0.12110000000000,7.31260000000000,20.8014,20644.1699,6.9538,6.8327,0.1211,7.4731,6.6722,5.2112,1.4610,-0.0333,20644.1699,NA
parkey.exe,27808,0x12E93FCD700,DXGI,0,0,1,Hardware Composed: Independent Flip,20657.9633,NA,6.96070000000000,6.94660000000000,0.11780000000000,7.32300000000000,20.7873,20651.1237,6.9574,6.8396,0.1178,7.2228,6.9398,4.6080,2.3318,0.0072,20651.1237,NA
parkey.exe,27808,0x12E93FCD700,DXGI,0,0,1,Hardware Composed: Independent Flip,20664.9102,NA,6.94690000000000,6.96480000000000,0.11060000000000,7.33470000000000,20.8052,20658.0811,6.9397,6.8291,0.1106,7.2354,6.9284,5.7360,1.1924,-0.0074,20658.0811,NA
parkey.exe,27808,0x12E93FCD700,DXGI,0,0,1,Hardware Composed: Independent Flip,20671.9091,NA,6.99890000000000,6.93550000000000,0.13290000000000,7.26800000000000,20.7418,20665.0208,7.0212,6.8883,0.1329,7.2526,6.9037,4.6095,2.2942,0.0042,20665.0208,NA
parkey.exe,27808,0x12E93FCD700,DXGI,0,0,1,Hardware Composed: Independent Flip,20678.8263,NA,6.91720000000000,6.94330000000000,0.12840000000000,7.32050000000000,20.7679,20672.0420,6.9127,6.7843,0.1284,7.1691,6.9357,4.6029,2.3328,0.0779,20672.0420,NA
parkey.exe,27808,0x12E93FCD700,DXGI,0,0,1,Hardware Composed: Independent Flip,20685.7839,NA,6.95760000000000,6.97310000000000,0.11430000000000,7.28650000000000,20.7834,20678.9547,6.9435,6.8292,0.1143,7.2197,6.8960,4.5684,2.3276,-0.0604,20678.9547,NA
parkey.exe,27808,0x12E93FCD700,DXGI,0,0,1,Hardware Composed: Independent Flip,20692.7158,NA,6.93190000000000,6.93810000000000,0.11890000000000,7.28340000000000,20.7896,20685.8982,6.9365,6.8176,0.1189,7.2039,6.8971,4.5868,2.3103,0.0054,20685.8982,NA
parkey.exe,27808,0x12E93FCD700,DXGI,0,0,1,Hardware Composed: Independent Flip,20699.6612,NA,6.94540000000000,6.95510000000000,0.15000000000000,7.24170000000000,20.7993,20692.8347,6.9765,6.8265,0.1500,7.2375,6.8307,6.1385,0.6922,-0.0186,20692.8347,NA
parkey.exe,27808,0x12E93FCD700,DXGI,0,0,1,Hardware Composed: Independent Flip,20706.6664,NA,7.00520000000000,6.93690000000000,0.14550000000000,7.28640000000000,20.7310,20699.8112,7.0007,6.8552,0.1455,7.1250,7.0166,4.6193,2.3973,0.0396,20699.8112,NA
parkey.exe,27808,0x12E93FCD700,DXGI,0,0,1,Hardware Composed: Independent Flip,20713.5704,NA,6.90400000000000,6.96380000000000,0.13740000000000,7.31410000000000,20.7908,20706.8119,6.8959,6.7585,0.1374,7.1733,6.8993,5.3775,1.5218,0.0369,20706.8119,NA
parkey.exe,27808,0x12E93FCD700,DXGI,0,0,1,Hardware Composed: Independent Flip,20720.5547,NA,6.98430000000000,6.93820000000000,0.13410000000000,7.27100000000000,20.7447,20713.7078,6.9810,6.8469,0.1341,7.2056,6.9123,4.6173,2.2950,-0.0423,20713.7078,NA
parkey.exe,27808,0x12E93FCD700,DXGI,0,0,1,Hardware Composed: Independent Flip,20727.4614,NA,6.90670000000000,6.94570000000000,0.11780000000000,7.73270000000000,20.7837,20720.6888,6.8904,6.7726,0.1178,7.1710,7.3343,4.9847,2.3496,0.0353,20720.6888,NA
parkey.exe,27808,0x12E93FCD700,DXGI,0,0,1,Hardware Composed: Independent Flip,20734.4543,NA,6.99290000000000,6.96130000000000,0.14080000000000,7.26590000000000,20.7521,20727.5792,7.0159,6.8751,0.1408,7.6149,6.5261,4.7467,1.7794,-0.0709,20727.5792,NA
parkey.exe,27808,0x12E93FCD700,DXGI,0,0,1,Hardware Composed: Independent Flip,20741.3616,NA,6.90730000000000,6.93880000000000,0.11340000000000,7.32770000000000,20.7836,20734.5951,6.8799,6.7665,0.1134,7.1541,6.9401,4.6274,2.3127,0.0771,20734.5951,NA
parkey.exe,27808,0x12E93FCD700,DXGI,0,0,1,Hardware Composed: Independent Flip,20748.3049,NA,6.94330000000000,6.95170000000000,0.10850000000000,7.31620000000000,20.7920,20741.4750,6.9384,6.8299,0.1085,7.2450,6.9011,5.7304,1.1707,-0.0718,20741.4750,NA
parkey.exe,27808,0x12E93FCD700,DXGI,0,0,1,Hardware Composed: Independent Flip,20755.2857,NA,6.98080000000000,6.95490000000000,0.12920000000000,7.27860000000000,20.7661,20748.4134,7.0015,6.8723,0.1292,7.2359,6.9150,4.5861,2.3289,-0.0165,20748.4134,NA
parkey.exe,27808,0x12E93FCD700,DXGI,0,0,1,Hardware Composed: Independent Flip,20762.2055,NA,6.91980000000000,6.94600000000000,0.10900000000000,7.32150000000000,20.7923,20755.4149,6.8996,6.7906,0.1090,7.1801,6.9320,4.6092,2.3228,0.0555,20755.4149,NA
parkey.exe,27808,0x12E93FCD700,DXGI,0,0,1,Hardware Composed: Independent Flip,20769.1716,NA,6.96610000000000,6.94400000000000,0.12880000000000,7.29840000000000,20.7702,20762.3145,6.9859,6.8571,0.1288,7.2392,6.9163,4.6068,2.3095,-0.0444,20762.3145,NA
parkey.exe,27808,0x12E93FCD700,DXGI,0,0,1,Hardware Composed: Independent Flip,20776.1149,NA,6.94330000000000,6.95090000000000,0.12670000000000,7.28290000000000,20.7778,20769.3004,6.9412,6.8145,0.1267,7.2009,6.8965,4.5630,2.3335,0.0350,20769.3004,NA
parkey.exe,27808,0x12E93FCD700,DXGI,0,0,1,Hardware Composed: Independent Flip,20783.0589,NA,6.94400000000000,6.95730000000000,0.39830000000000,7.24170000000000,20.7911,20776.2416,7.2156,6.8173,0.3983,7.2270,6.8320,6.1385,0.6935,-0.0161,20776.2416,NA
parkey.exe,27808,0x12E93FCD700,DXGI,0,0,1,Hardware Composed: Independent Flip,20790.2848,NA,7.22590000000000,6.94740000000000,0.13560000000000,7.02200000000000,20.5126,20783.4572,6.9632,6.8276,0.1356,6.8756,6.9740,4.5911,2.3829,0.2682,20783.4572,NA
parkey.exe,27808,0x12E93FCD700,DXGI,0,0,1,Hardware Composed: Independent Flip,20796.9564,NA,6.67160000000000,6.95760000000000,0.11490000000000,7.31250000000000,20.7986,20790.4204,6.6509,6.5360,0.1149,6.9181,6.9304,5.3518,1.5786,0.0056,20790.4204,NA
parkey.exe,27808,0x12E93FCD700,DXGI,0,0,1,Hardware Composed: Independent Flip,20803.9246,NA,6.96820000000000,6.95460000000000,0.12090000000000,7.28230000000000,20.7850,20797.0713,6.9742,6.8533,0.1209,7.2218,6.9138,4.5832,2.3306,-0.3037,20797.0713,NA
parkey.exe,27808,0x12E93FCD700,DXGI,0,0,1,Hardware Composed: Independent Flip,20810.8597,NA,6.93510000000000,6.96030000000000,0.11040000000000,7.65590000000000,20.8102,20804.0455,6.9246,6.8142,0.1104,7.2414,7.2287,4.9268,2.3019,0.0139,20804.0455,NA
parkey.exe,27808,0x12E93FCD700,DXGI,0,0,1,Hardware Composed: Independent Flip,20817.8279,NA,6.96820000000000,6.94720000000000,0.11820000000000,7.33060000000000,20.7892,20810.9701,6.9760,6.8578,0.1182,7.5455,6.6429,5.2414,1.4015,-0.0226,20810.9701,NA
parkey.exe,27808,0x12E93FCD700,DXGI,0,0,1,Hardware Composed: Independent Flip,20824.7781,NA,6.95020000000000,6.93460000000000,0.11990000000000,7.29490000000000,20.7736,20817.9461,6.9519,6.8320,0.1199,7.2425,6.8844,4.5698,2.3146,0.0414,20817.9461,NA
parkey.exe,27808,0x12E93FCD700,DXGI,0,0,1,Hardware Composed: Independent Flip,20831.7317,NA,6.95360000000000,6.94480000000000,0.11100000000000,7.29430000000000,20.7648,20824.8980,6.9447,6.8337,0.1110,7.2282,6.8998,5.7517,1.1481,0.0071,20824.8980,NA
parkey.exe,27808,0x12E93FCD700,DXGI,0,0,1,Hardware Composed: Independent Flip,20838.7093,NA,6.97760000000000,6.96230000000000,0.15890000000000,7.28380000000000,20.7495,20831.8427,7.0255,6.8666,0.1589,7.2321,6.9183,4.6389,2.2794,-0.0176,20831.8427,NA
parkey.exe,27808,0x12E93FCD700,DXGI,0,0,1,Hardware Composed: Independent Flip,20845.6192,NA,6.90990000000000,6.93120000000000,0.12210000000000,7.29190000000000,20.7708,20838.8682,6.8731,6.7510,0.1221,7.1572,6.8857,4.5671,2.3186,0.0943,20838.8682,NA
parkey.exe,27808,0x12E93FCD700,DXGI,0,0,1,Hardware Composed: Independent Flip,20852.5598,NA,6.94060000000000,6.95580000000000,0.11040000000000,7.31980000000000,20.7860,20845.7413,6.9289,6.8185,0.1104,7.1947,6.9436,4.5976,2.3460,-0.0827,20845.7413,NA
parkey.exe,27808,0x12E93FCD700,DXGI,0,0,1,Hardware Composed: Independent Flip,20859.5176,NA,6.95780000000000,6.95890000000000,0.10590000000000,7.30810000000000,20.7871,20852.6702,6.9533,6.8474,0.1059,7.2342,6.9213,4.6215,2.2998,-0.0300,20852.6702,NA
parkey.exe,27808,0x12E93FCD700,DXGI,0,0,1,Hardware Composed: Independent Flip,20866.4632,NA,6.94560000000000,6.94330000000000,0.14180000000000,7.29290000000000,20.7848,20859.6235,6.9815,6.8397,0.1418,7.2694,6.8632,5.8156,1.0476,0.0100,20859.6235,NA
parkey.exe,27808,0x12E93FCD700,DXGI,0,0,1,Hardware Composed: Independent Flip,20873.4228,NA,6.95960000000000,6.97000000000000,0.16450000000000,7.30030000000000,20.7952,20866.6050,6.9823,6.8178,0.1645,7.1797,6.9384,4.5914,2.3470,0.0115,20866.6050,NA
parkey.exe,27808,0x12E93FCD700,DXGI,0,0,1,Hardware Composed: Independent Flip,20880.3607,NA,6.93790000000000,6.95280000000000,0.11150000000000,7.30680000000000,20.8101,20873.5873,6.8849,6.7734,0.1115,7.1675,6.9127,5.3545,1.5582,0.0295,20873.5873,NA
parkey.exe,27808,0x12E93FCD700,DXGI,0,0,1,Hardware Composed: Independent Flip,20887.3195,NA,6.95880000000000,6.94100000000000,0.12800000000000,7.31770000000000,20.7923,20880.4722,6.9753,6.8473,0.1280,7.2168,6.9482,4.6015,2.3467,-0.0561,20880.4722,NA
parkey.exe,27808,0x12E93FCD700,DXGI,0,0,1,Hardware Composed: Independent Flip,20894.2924,NA,6.97290000000000,6.95620000000000,0.13050000000000,7.78720000000000,20.7756,20887.4475,6.9754,6.8449,0.1305,7.2257,7.4064,5.0825,2.3239,0.0191,20887.4475,NA
parkey.exe,27808,0x12E93FCD700,DXGI,0,0,1,Hardware Composed: Independent Flip,20901.2335,NA,6.94110000000000,6.94910000000000,0.13300000000000,7.29760000000000,20.7836,20894.4229,6.9436,6.8106,0.1330,7.6567,6.4515,4.7282,1.7233,0.0263,20894.4229,NA
parkey.exe,27808,0x12E93FCD700,DXGI,0,0,1,Hardware Composed: Independent Flip,20908.1932,NA,6.95970000000000,6.93490000000000,0.14420000000000,7.19530000000000,20.7588,20901.3665,6.9709,6.8267,0.1442,7.1912,6.8308,5.6684,1.1624,0.0087,20901.3665,NA
parkey.exe,27808,0x12E93FCD700,DXGI,0,0,1,Hardware Composed: Independent Flip,20915.1463,NA,6.95310000000000,6.95950000000000,0.13300000000000,7.29940000000000,20.7652,20908.3374,6.9419,6.8089,0.1330,7.0746,7.0337,5.8313,1.2024,0.0114,20908.3374,NA
parkey.exe,27808,0x12E93FCD700,DXGI,0,0,1,Hardware Composed: Independent Flip,20922.0952,NA,6.94890000000000,6.94590000000000,0.12900000000000,7.29920000000000,20.7622,20915.2793,6.9449,6.8159,0.1290,7.1999,6.9152,4.6003,2.3149,-0.0040,20915.2793,NA
parkey.exe,27808,0x12E93FCD700,DXGI,0,0,1,Hardware Composed: Independent Flip,20929.0149,NA,6.91970000000000,6.94080000000000,0.12030000000000,7.31160000000000,20.7833,20922.2242,6.9110,6.7907,0.1203,7.1996,6.9027,4.5855,2.3172,0.0041,20922.2242,NA
parkey.exe,27808,0x12E93FCD700,DXGI,0,0,1,Hardware Composed: Independent Flip,20935.9816,NA,6.96670000000000,6.96660000000000,0.11930000000000,7.29160000000000,20.7832,20929.1352,6.9657,6.8464,0.1193,7.2194,6.9186,4.5796,2.3390,-0.0556,20929.1352,NA
parkey.exe,27808,0x12E93FCD700,DXGI,0,0,1,Hardware Composed: Independent Flip,20942.9168,NA,6.93520000000000,6.93900000000000,0.11500000000000,7.30310000000000,20.7870,20936.1009,6.9309,6.8159,0.1150,7.2047,6.9143,4.5828,2.3315,0.0267,20936.1009,NA
parkey.exe,27808,0x12E93FCD700,DXGI,0,0,1,Hardware Composed: Independent Flip,20949.8532,NA,6.93640000000000,6.96510000000000,0.11470000000000,7.39550000000000,20.8157,20943.0318,6.9361,6.8214,0.1147,7.2438,6.9731,6.2550,0.7181,-0.0342,20943.0318,NA
parkey.exe,27808,0x12E93FCD700,DXGI,0,0,1,Hardware Composed: Independent Flip,20956.8562,NA,7.00300000000000,6.93400000000000,0.14850000000000,7.27000000000000,20.7467,20949.9679,7.0368,6.8883,0.1485,7.3107,6.8476,4.5958,2.2518,0.0021,20949.9679,NA
parkey.exe,27808,0x12E93FCD700,DXGI,0,0,1,Hardware Composed: Independent Flip,20963.7652,NA,6.90900000000000,6.96430000000000,0.13020000000000,7.32420000000000,20.8020,20957.0047,6.8907,6.7605,0.1302,7.1525,6.9322,5.3425,1.5897,0.0725,20957.0047,NA
parkey.exe,27808,0x12E93FCD700,DXGI,0,0,1,Hardware Composed: Independent Flip,20970.7505,NA,6.98530000000000,6.93970000000000,0.14090000000000,7.27590000000000,20.7564,20963.8954,6.9960,6.8551,0.1409,7.2194,6.9116,4.5903,2.3213,-0.0490,20963.8954,NA
parkey.exe,27808,0x12E93FCD700,DXGI,0,0,1,Hardware Composed: Independent Flip,20977.6650,NA,6.91450000000000,6.94520000000000,0.11310000000000,7.75890000000000,20.7871,20970.8914,6.8867,6.7736,0.1131,7.1648,7.3677,5.0590,2.3087,0.0508,20970.8914,NA
parkey.exe,27808,0x12E93FCD700,DXGI,0,0,1,Hardware Composed: Independent Flip,20984.6528,NA,6.98780000000000,6.95970000000000,0.13080000000000,7.27930000000000,20.7590,20977.7781,7.0055,6.8747,0.1308,7.6458,6.5082,5.2033,1.3049,-0.0730,20977.7781,NA
parkey.exe,27808,0x12E93FCD700,DXGI,0,0,1,Hardware Composed: Independent Flip,20991.5763,NA,6.92350000000000,6.94110000000000,0.11340000000000,7.28580000000000,20.7766,20984.7836,6.9061,6.7927,0.1134,7.1807,6.8978,4.5708,2.3270,0.0644,20984.7836,NA
parkey.exe,27808,0x12E93FCD700,DXGI,0,0,1,Hardware Composed: Independent Flip,20998.5341,NA,6.95780000000000,6.94760000000000,0.36460000000000,7.29510000000000,20.7664,20991.6897,7.2090,6.8444,0.3646,7.2144,6.9251,5.8133,1.1118,-0.0415,20991.6897,NA
parkey.exe,27808,0x12E93FCD700,DXGI,0,0,1,Hardware Composed: Independent Flip,21005.4912,NA,6.95710000000000,6.95920000000000,0.12090000000000,7.28230000000000,20.7685,20998.8987,6.7134,6.5925,0.1209,6.9614,6.9134,4.5789,2.3345,0.2498,20998.8987,NA
parkey.exe,27808,0x12E93FCD700,DXGI,0,0,1,Hardware Composed: Independent Flip,21012.4223,NA,6.93110000000000,6.94630000000000,0.11380000000000,7.30110000000000,20.7837,21005.6121,6.9240,6.8102,0.1138,7.1899,6.9214,4.6213,2.3001,-0.2329,21005.6121,NA
parkey.exe,27808,0x12E93FCD700,DXGI,0,0,1,Hardware Composed: Independent Flip,21019.3782,NA,6.95590000000000,6.95570000000000,0.12770000000000,7.33180000000000,20.7835,21012.5361,6.9698,6.8421,0.1277,7.2087,6.9652,4.6257,2.3395,-0.0317,21012.5361,NA
parkey.exe,27808,0x12E93FCD700,DXGI,0,0,1,Hardware Composed: Independent Flip,21026.3291,NA,6.95090000000000,6.92720000000000,0.14160000000000,7.28500000000000,20.7598,21019.5059,6.9648,6.8232,0.1416,7.2388,6.8694,4.5677,2.3017,0.0426,21019.5059,NA
parkey.exe,27808,0x12E93FCD700,DXGI,0,0,1,Hardware Composed: Independent Flip,21033.2673,NA,6.93820000000000,6.96740000000000,0.11270000000000,7.30990000000000,20.7890,21026.4707,6.9093,6.7966,0.1127,7.1852,6.9213,6.2168,0.7045,-0.0026,21026.4707,NA
parkey.exe,27808,0x12E93FCD700,DXGI,0,0,1,Hardware Composed: Independent Flip,21040.2416,NA,6.97430000000000,6.95390000000000,0.11630000000000,7.28300000000000,20.7686,21033.3800,6.9779,6.8616,0.1163,7.2327,6.9119,4.6038,2.3081,-0.0446,21033.3800,NA
parkey.exe,27808,0x12E93FCD700,DXGI,0,0,1,Hardware Composed: Independent Flip,21047.1509,NA,6.90930000000000,6.94670000000000,0.11350000000000,7.31670000000000,20.8060,21040.3579,6.9065,6.7930,0.1135,7.1956,6.9141,5.3391,1.5750,0.0312,21040.3579,NA
parkey.exe,27808,0x12E93FCD700,DXGI,0,0,1,Hardware Composed: Independent Flip,21054.1733,NA,7.02240000000000,6.96910000000000,0.14320000000000,7.24100000000000,20.7527,21047.2644,7.0521,6.9089,0.1432,7.2492,6.9007,4.5829,2.3178,-0.0626,21047.2644,NA
parkey.exe,27808,0x12E93FCD700,DXGI,0,0,1,Hardware Composed: Independent Flip,21061.0709,NA,6.89760000000000,6.92740000000000,0.12990000000000,7.30920000000000,20.7825,21054.3165,6.8843,6.7544,0.1299,7.1539,6.9097,4.6195,2.2902,0.1247,21054.3165,NA
parkey.exe,27808,0x12E93FCD700,DXGI,0,0,1,Hardware Composed: Independent Flip,21068.0469,NA,6.97600000000000,6.94730000000000,0.13980000000000,7.29750000000000,20.7538,21061.2008,6.9859,6.8461,0.1398,7.2062,6.9374,4.5670,2.3704,-0.0630,21061.2008,NA
parkey.exe,27808,0x12E93FCD700,DXGI,0,0,1,Hardware Composed: Independent Flip,21075.0113,NA,6.96440000000000,6.96010000000000,0.13910000000000,7.25940000000000,20.7495,21068.1867,6.9637,6.8246,0.1391,7.1902,6.8938,4.5815,2.3123,0.0258,21068.1867,NA
parkey.exe,27808,0x12E93FCD700,DXGI,0,0,1,Hardware Composed: Independent Flip,21081.9216,NA,6.91030000000000,6.94110000000000,0.11640000000000,7.30260000000000,20.7803,21075.1504,6.8876,6.7712,0.1164,7.1460,6.9278,5.7755,1.1523,0.0226,21075.1504,NA
parkey.exe,27808,0x12E93FCD700,DXGI,0,0,1,Hardware Composed: Independent Flip,21088.8723,NA,6.95070000000000,6.95820000000000,0.14470000000000,7.30860000000000,20.7878,21082.0380,6.9790,6.8343,0.1447,7.2119,6.9310,4.5728,2.3582,-0.0706,21082.0380,NA
parkey.exe,27808,0x12E93FCD700,DXGI,0,0,1,Hardware Composed: Independent Flip,21095.8247,NA,6.95240000000000,6.94790000000000,0.11760000000000,7.29460000000000,20.7833,21089.0170,6.9253,6.8077,0.1176,7.1932,6.9091,4.5803,2.3288,0.0311,21089.0170,NA
parkey.exe,27808,0x12E93FCD700,DXGI,0,0,1,Hardware Composed: Independent Flip,21102.7646,NA,6.93990000000000,6.94890000000000,0.10890000000000,7.33670000000000,20.7923,21095.9423,6.9312,6.8223,0.1089,7.2006,6.9584,4.6191,2.3393,-0.0236,21095.9423,NA
parkey.exe,27808,0x12E93FCD700,DXGI,0,0,1,Hardware Composed: Independent Flip,21109.7277,NA,6.96310000000000,6.95640000000000,0.11720000000000,7.27950000000000,20.7856,21102.8735,6.9714,6.8542,0.1172,7.2590,6.8747,4.5854,2.2893,-0.0252,21102.8735,NA
parkey.exe,27808,0x12E93FCD700,DXGI,0,0,1,Hardware Composed: Independent Flip,21116.6801,NA,6.95240000000000,7.02190000000000,0.11460000000000,7.30420000000000,20.8551,21109.8449,6.9498,6.8352,0.1146,7.2283,6.9111,6.1837,0.7274,-0.0505,21109.8449,NA
parkey.exe,27808,0x12E93FCD700,DXGI,0,0,1,Hardware Composed: Independent Flip,21123.6550,NA,6.97490000000000,6.88460000000000,0.14870000000000,7.27520000000000,20.7648,21116.7947,7.0090,6.8603,0.1487,7.2392,6.8963,4.5963,2.3000,0.0652,21116.7947,NA
parkey.exe,27808,0x12E93FCD700,DXGI,0,0,1,Hardware Composed: Independent Flip,21130.5810,NA,6.92600000000000,6.97730000000000,0.11920000000000,7.38770000000000,20.8161,21123.8037,6.8965,6.7773,0.1192,7.1568,7.0082,5.3701,1.6381,0.0317,21123.8037,NA
parkey.exe,27808,0x12E93FCD700,DXGI,0,0,1,Hardware Composed: Independent Flip,21137.6771,NA,7.09610000000000,6.92040000000000,0.18950000000000,7.19700000000000,20.6404,21130.7002,7.1664,6.9769,0.1895,7.3008,6.8731,4.6298,2.2433,-0.0239,21130.7002,NA
parkey.exe,27808,0x12E93FCD700,DXGI,0,0,1,Hardware Composed: Independent Flip,21144.5009,NA,6.82380000000000,6.94540000000000,0.15240000000000,7.80640000000000,20.7620,21137.8666,6.7867,6.6343,0.1524,7.0604,7.3803,5.0572,2.3231,0.2210,21137.8666,NA
parkey.exe,27808,0x12E93FCD700,DXGI,0,0,1,Hardware Composed: Independent Flip,21151.4782,NA,6.97730000000000,6.94550000000000,0.15690000000000,7.26320000000000,20.7302,21144.6533,6.9818,6.8249,0.1569,7.6540,6.4341,5.6473,0.7868,-0.1588,21144.6533,NA
parkey.exe,27808,0x12E93FCD700,DXGI,0,0,1,Hardware Composed: Independent Flip,21158.3969,NA,6.91870000000000,6.94940000000000,0.15080000000000,7.30540000000000,20.7609,21151.6351,6.9126,6.7618,0.1508,7.1417,6.9255,4.6208,2.3047,0.0324,21151.6351,NA
parkey.exe,27808,0x12E93FCD700,DXGI,0,0,1,Hardware Composed: Independent Flip,21165.3316,NA,6.93470000000000,6.94070000000000,0.11970000000000,7.30190000000000,20.7669,21158.5477,6.9036,6.7839,0.1197,7.1813,6.9045,5.7263,1.1782,-0.0281,21158.5477,NA
parkey.exe,27808,0x12E93FCD700,DXGI,0,0,1,Hardware Composed: Independent Flip,21172.2811,NA,6.94950000000000,6.94170000000000,0.11880000000000,7.29190000000000,20.7591,21165.4513,6.9486,6.8298,0.1188,7.2108,6.9109,5.0418,1.8691,-0.0381,21165.4513,NA
parkey.exe,27808,0x12E93FCD700,DXGI,0,0,1,Hardware Composed: Independent Flip,21179.2176,NA,6.93650000000000,6.94870000000000,0.11230000000000,7.32770000000000,20.7713,21172.3999,6.9300,6.8177,0.1123,7.2066,6.9388,4.6305,2.3083,-0.0001,21172.3999,NA
parkey.exe,27808,0x12E93FCD700,DXGI,0,0,1,Hardware Composed: Independent Flip,21186.1738,NA,6.95620000000000,6.97730000000000,0.12310000000000,7.27670000000000,20.7924,21179.3299,6.9670,6.8439,0.1231,7.2345,6.8861,4.5791,2.3070,-0.0473,21179.3299,NA
parkey.exe,27808,0x12E93FCD700,DXGI,0,0,1,Hardware Composed: Independent Flip,21193.1016,NA,6.92780000000000,6.94050000000000,0.11080000000000,7.28710000000000,20.8051,21186.2969,6.9155,6.8047,0.1108,7.2043,6.8875,4.5850,2.3025,0.0265,21186.2969,NA
parkey.exe,27808,0x12E93FCD700,DXGI,0,0,1,Hardware Composed: Independent Flip,21200.0438,NA,6.94220000000000,6.96240000000000,0.11070000000000,7.42590000000000,20.8253,21193.2124,6.9421,6.8314,0.1107,7.2280,7.0293,6.2411,0.7882,-0.0469,21193.2124,NA
parkey.exe,27808,0x12E93FCD700,DXGI,0,0,1,Hardware Composed: Independent Flip,21207.0524,NA,7.00860000000000,6.94050000000000,0.14410000000000,7.26940000000000,20.7572,21200.1545,7.0420,6.8979,0.1441,7.3486,6.8187,4.5737,2.2450,0.0016,21200.1545,NA
parkey.exe,27808,0x12E93FCD700,DXGI,0,0,1,Hardware Composed: Independent Flip,21213.9673,NA,6.91490000000000,6.95370000000000,0.13060000000000,7.32160000000000,20.7960,21207.1965,6.9014,6.7708,0.1306,7.1532,6.9392,5.3752,1.5640,0.0883,21207.1965,NA
parkey.exe,27808,0x12E93FCD700,DXGI,0,0,1,Hardware Composed: Independent Flip,21220.9639,NA,6.99660000000000,6.96290000000000,0.14960000000000,7.28120000000000,20.7623,21214.0979,7.0156,6.8660,0.1496,7.2183,6.9289,4.5887,2.3402,-0.0615,21214.0979,NA
parkey.exe,27808,0x12E93FCD700,DXGI,0,0,1,Hardware Composed: Independent Flip,21227.8727,NA,6.90880000000000,6.92550000000000,0.11770000000000,7.65040000000000,20.7790,21221.1135,6.8769,6.7592,0.1177,7.1613,7.2483,4.9126,2.3357,0.0901,21221.1135,NA
parkey.exe,27808,0x12E93FCD700,DXGI,0,0,1,Hardware Composed: Independent Flip,21234.8408,NA,6.96810000000000,6.97410000000000,0.14640000000000,7.30070000000000,20.7850,21227.9904,6.9968,6.8504,0.1464,7.5327,6.6184,5.2276,1.3908,-0.0972,21227.9904,NA
parkey.exe,27808,0x12E93FCD700,DXGI,0,0,1,Hardware Composed: Independent Flip,21241.7980,NA,6.95720000000000,6.93120000000000,0.13030000000000,7.29570000000000,20.7590,21234.9872,6.9411,6.8108,0.1303,7.1833,6.9232,4.6092,2.3140,0.0656,21234.9872,NA
parkey.exe,27808,0x12E93FCD700,DXGI,0,0,1,Hardware Composed: Independent Flip,21248.7088,NA,6.91080000000000,6.95760000000000,0.10840000000000,7.33160000000000,20.8058,21241.9283,6.8889,6.7805,0.1084,7.1918,6.9203,5.8319,1.0884,-0.0165,21241.9283,NA
parkey.exe,27808,0x12E93FCD700,DXGI,0,0,1,Hardware Composed: Independent Flip,21255.7065,NA,6.99770000000000,6.95030000000000,0.11530000000000,7.26480000000000,20.7584,21248.8172,7.0046,6.8893,0.1153,7.2530,6.9011,4.5785,2.3226,-0.0614,21248.8172,NA
parkey.exe,27808,0x12E93FCD700,DXGI,0,0,1,Hardware Composed: Independent Flip,21262.6199,NA,6.91340000000000,6.94590000000000,0.11590000000000,7.31660000000000,20.7909,21255.8218,6.9140,6.7981,0.1159,7.1792,6.9355,4.5918,2.3437,0.0587,21255.8218,NA
parkey.exe,27808,0x12E93FCD700,DXGI,0,0,1,Hardware Composed: Independent Flip,21269.5881,NA,6.96820000000000,6.95600000000000,0.12970000000000,7.29600000000000,20.7787,21262.7358,6.9820,6.8523,0.1297,7.2280,6.9203,4.5895,2.3308,-0.0420,21262.7358,NA
parkey.exe,27808,0x12E93FCD700,DXGI,0,0,1,Hardware Composed: Independent Flip,21276.5262,NA,6.93810000000000,6.94980000000000,0.12850000000000,7.29980000000000,20.7904,21269.7178,6.9369,6.8084,0.1285,7.1970,6.9112,4.5941,2.3171,0.0322,21269.7178,NA
parkey.exe,27808,0x12E93FCD700,DXGI,0,0,1,Hardware Composed: Independent Flip,21283.4729,NA,6.94670000000000,6.95610000000000,0.11070000000000,7.23670000000000,20.7998,21276.6547,6.9289,6.8182,0.1107,7.2206,6.8343,6.1491,0.6852,-0.0192,21276.6547,NA
parkey.exe,27808,0x12E93FCD700,DXGI,0,0,1,Hardware Composed: Independent Flip,21290.8194,NA,7.34650000000000,6.94690000000000,0.13170000000000,6.95520000000000,20.4002,21283.5836,7.3675,7.2358,0.1317,7.1535,7.0375,4.6398,2.3977,-0.0180,21283.5836,NA
parkey.exe,27808,0x12E93FCD700,DXGI,0,0,1,Hardware Composed: Independent Flip,21297.3740,NA,6.55460000000000,6.94980000000000,0.09870000000000,7.33700000000000,20.7954,21290.9511,6.5216,6.4229,0.0987,6.8563,6.9036,5.3908,1.5128,0.4177,21290.9511,NA
parkey.exe,27808,0x12E93FCD700,DXGI,0,0,1,Hardware Composed: Independent Flip,21304.3536,NA,6.97960000000000,6.94890000000000,0.13030000000000,7.28510000000000,20.7647,21297.4727,7.0112,6.8809,0.1303,7.2665,6.8995,4.5990,2.3005,-0.4273,21297.4727,NA
parkey.exe,27808,0x12E93FCD700,DXGI,0,0,1,Hardware Composed: Independent Flip,21311.2867,NA,6.93310000000000,6.93520000000000,0.11690000000000,7.70500000000000,20.7668,21304.4839,6.9197,6.8028,0.1169,7.2096,7.2982,5.0063,2.2919,0.0760,21304.4839,NA
parkey.exe,27808,0x12E93FCD700,DXGI,0,0,1,Hardware Composed: Independent Flip,21318.2448,NA,6.95810000000000,6.95590000000000,0.11750000000000,7.31250000000000,20.7646,21311.4036,6.9587,6.8412,0.1175,7.5881,6.5656,4.7543,1.8113,-0.0362,21311.4036,NA
parkey.exe,27808,0x12E93FCD700,DXGI,0,0,1,Hardware Composed: Independent Flip,21325.1848,NA,6.94000000000000,6.95090000000000,0.11490000000000,7.28070000000000,20.7755,21318.3623,6.9374,6.8225,0.1149,7.2221,6.8811,4.5677,2.3134,0.0078,21318.3623,NA
parkey.exe,27808,0x12E93FCD700,DXGI,0,0,1,Hardware Composed: Independent Flip,21332.1196,NA,6.93480000000000,6.95660000000000,0.11690000000000,7.31330000000000,20.7973,21325.2997,6.9368,6.8199,0.1169,7.1973,6.9359,5.7935,1.1424,-0.0192,21325.2997,NA
parkey.exe,27808,0x12E93FCD700,DXGI,0,0,1,Hardware Composed: Independent Flip,21339.0849,NA,6.96530000000000,6.96470000000000,0.14530000000000,7.30630000000000,20.7967,21332.2365,6.9937,6.8484,0.1453,7.2206,6.9341,4.5930,2.3411,-0.0279,21332.2365,NA
parkey.exe,27808,0x12E93FCD700,DXGI,0,0,1,Hardware Composed: Independent Flip,21346.0243,NA,6.93940000000000,6.92900000000000,0.11120000000000,7.30720000000000,20.7863,21339.2302,6.9053,6.7941,0.1112,7.1877,6.9136,4.6054,2.3082,0.0647,21339.2302,NA
parkey.exe,27808,0x12E93FCD700,DXGI,0,0,1,Hardware Composed: Independent Flip,21352.9857,NA,6.96140000000000,6.95180000000000,0.12840000000000,7.33220000000000,20.7767,21346.1355,6.9786,6.8502,0.1284,7.2202,6.9622,4.6249,2.3373,-0.0465,21346.1355,NA
parkey.exe,27808,0x12E93FCD700,DXGI,0,0,1,Hardware Composed: Independent Flip,21359.9467,NA,6.96100000000000,6.93570000000000,0.12350000000000,7.28180000000000,20.7514,21353.1141,6.9561,6.8326,0.1235,7.2390,6.8754,4.5977,2.2777,0.0429,21353.1141,NA
parkey.exe,27808,0x12E93FCD700,DXGI,0,0,1,Hardware Composed: Independent Flip,21366.8754,NA,6.92870000000000,6.96110000000000,0.11830000000000,7.28660000000000,20.7838,21360.0702,6.9235,6.8052,0.1183,7.2154,6.8764,5.7912,1.0852,-0.0050,21360.0702,NA
parkey.exe,27808,0x12E93FCD700,DXGI,0,0,1,Hardware Composed: Independent Flip,21373.8422,NA,6.96680000000000,6.96060000000000,0.12550000000000,7.26750000000000,20.7776,21366.9937,6.9740,6.8485,0.1255,7.2271,6.8889,4.5925,2.2964,-0.0371,21366.9937,NA
parkey.exe,27808,0x12E93FCD700,DXGI,0,0,1,Hardware Composed: Independent Flip,21380.7661,NA,6.92390000000000,6.95240000000000,0.11710000000000,7.31130000000000,20.8061,21373.9677,6.9155,6.7984,0.1171,7.1744,6.9353,5.3620,1.5733,0.0216,21373.9677,NA
parkey.exe,27808,0x12E93FCD700,DXGI,0,0,1,Hardware Composed: Independent Flip,21387.7247,NA,6.95860000000000,6.94330000000000,0.12680000000000,7.31540000000000,20.7908,21380.8832,6.9683,6.8415,0.1268,7.2173,6.9396,4.5826,2.3570,-0.0278,21380.8832,NA
parkey.exe,27808,0x12E93FCD700,DXGI,0,0,1,Hardware Composed: Independent Flip,21394.6830,NA,6.95830000000000,6.95100000000000,0.11670000000000,7.71310000000000,20.7835,21387.8515,6.9482,6.8315,0.1167,7.2194,7.3252,5.0124,2.3128,0.0173,21387.8515,NA
parkey.exe,27808,0x12E93FCD700,DXGI,0,0,1,Hardware Composed: Independent Flip,21401.6334,NA,6.95040000000000,6.97500000000000,0.12460000000000,7.31000000000000,20.8081,21394.7997,6.9583,6.8337,0.1246,7.5964,6.5473,5.2059,1.3414,-0.0268,21394.7997,NA
parkey.exe,27808,0x12E93FCD700,DXGI,0,0,1,Hardware Composed: Independent Flip,21408.5843,NA,6.95090000000000,6.93540000000000,0.12070000000000,7.29980000000000,20.7926,21401.7580,6.9470,6.8263,0.1207,7.2170,6.9091,4.6183,2.2908,0.0229,21401.7580,NA
parkey.exe,27808,0x12E93FCD700,DXGI,0,0,1,Hardware Composed: Independent Flip,21415.5383,NA,6.95400000000000,6.94350000000000,0.12180000000000,7.31930000000000,20.7821,21408.7050,6.9551,6.8333,0.1218,7.2081,6.9445,5.7357,1.2088,0.0035,21408.7050,NA
parkey.exe,27808,0x12E93FCD700,DXGI,0,0,1,Hardware Composed: Independent Flip,21422.5534,NA,7.01510000000000,6.94230000000000,0.18580000000000,7.25410000000000,20.7093,21415.6601,7.0791,6.8933,0.1858,7.2270,6.9204,4.6281,2.2923,0.0128,21415.6601,NA
parkey.exe,27808,0x12E93FCD700,DXGI,0,0,1,Hardware Composed: Independent Flip,21429.4547,NA,6.90130000000000,6.94170000000000,0.13610000000000,7.28690000000000,20.7497,21422.7392,6.8516,6.7155,0.1361,7.0969,6.9055,4.5754,2.3301,0.1374,21422.7392,NA
parkey.exe,27808,0x12E93FCD700,DXGI,0,0,1,Hardware Composed: Independent Flip,21436.3963,NA,6.94160000000000,6.96630000000000,0.13320000000000,7.28620000000000,20.7744,21429.5908,6.9387,6.8055,0.1332,7.1752,6.9165,4.5764,2.3401,-0.1147,21429.5908,NA
parkey.exe,27808,0x12E93FCD700,DXGI,0,0,1,Hardware Composed: Independent Flip,21443.3188,NA,6.92250000000000,6.94320000000000,0.11170000000000,7.29090000000000,20.7951,21436.5295,6.9010,6.7893,0.1117,7.1836,6.8966,4.5766,2.3200,-0.0045,21436.5295,NA
parkey.exe,27808,0x12E93FCD700,DXGI,0,0,1,Hardware Composed: Independent Flip,21450.2716,NA,6.95280000000000,6.95810000000000,0.11840000000000,7.19950000000000,20.8004,21443.4305,6.9595,6.8411,0.1184,7.2448,6.7958,6.1248,0.6710,-0.0571,21443.4305,NA
parkey.exe,27808,0x12E93FCD700,DXGI,0,0,1,Hardware Composed: Independent Flip,21457.2437,NA,6.97210000000000,6.94250000000000,0.12280000000000,7.29360000000000,20.7708,21450.3900,6.9765,6.8537,0.1228,7.1206,7.0267,4.5944,2.4323,0.0170,21450.3900,NA
parkey.exe,27808,0x12E93FCD700,DXGI,0,0,1,Hardware Composed: Independent Flip,21464.1782,NA,6.93450000000000,6.99030000000000,0.13800000000000,7.30870000000000,20.8266,21457.3665,6.9497,6.8117,0.1380,7.2039,6.9165,5.3708,1.5457,-0.0138,21457.3665,NA
parkey.exe,27808,0x12E93FCD700,DXGI,0,0,1,Hardware Composed: Independent Flip,21471.1448,NA,6.96660000000000,6.91810000000000,0.12420000000000,7.27110000000000,20.7781,21464.3162,6.9528,6.8286,0.1242,7.1980,6.9017,4.5725,2.3292,0.0316,21464.3162,NA
parkey.exe,27808,0x12E93FCD700,DXGI,0,0,1,Hardware Composed: Independent Flip,21478.0856,NA,6.94080000000000,6.94980000000000,0.11950000000000,7.74800000000000,20.7871,21471.2690,6.9361,6.8166,0.1195,7.2043,7.3603,4.9816,2.3787,0.0030,21471.2690,NA
parkey.exe,27808,0x12E93FCD700,DXGI,0,0,1,Hardware Composed: Independent Flip,21485.0816,NA,6.99600000000000,6.95930000000000,0.15580000000000,7.24480000000000,20.7504,21478.2051,7.0323,6.8765,0.1558,7.6285,6.4928,5.1801,1.3127,-0.0232,21478.2051,NA
parkey.exe,27808,0x12E93FCD700,DXGI,0,0,1,Hardware Composed: Independent Flip,21491.9907,NA,6.90910000000000,6.93120000000000,0.12550000000000,7.33130000000000,20.7725,21485.2374,6.8788,6.7533,0.1255,7.1241,6.9605,4.5968,2.3637,0.1011,21485.2374,NA
parkey.exe,27808,0x12E93FCD700,DXGI,0,0,1,Hardware Composed: Independent Flip,21499.4817,NA,7.49100000000000,6.97070000000000,0.13030000000000,6.77880000000000,20.2522,21492.1162,7.4958,7.3655,0.1303,7.2368,6.9075,5.7959,1.1116,-0.0919,21492.1162,NA
parkey.exe,27808,0x12E93FCD700,DXGI,0,0,1,Hardware Composed: Independent Flip,21505.9199,NA,6.43820000000000,6.95310000000000,0.14740000000000,7.25940000000000,20.7671,21499.6120,6.4553,6.3079,0.1474,6.6808,6.8865,4.5986,2.2879,0.5427,21499.6120,NA
parkey.exe,27808,0x12E93FCD700,DXGI,0,0,1,Hardware Composed: Independent Flip,21512.8221,NA,6.90220000000000,6.92380000000000,0.10690000000000,7.33280000000000,20.7887,21506.0673,6.8617,6.7548,0.1069,7.1419,6.9457,4.5865,2.3592,-0.4685,21506.0673,NA
parkey.exe,27808,0x12E93FCD700,DXGI,0,0,1,Hardware Composed: Independent Flip,21519.8167,NA,6.99460000000000,6.95160000000000,0.13570000000000,7.38140000000000,20.7457,21512.9290,7.0234,6.8877,0.1357,7.2556,7.0135,4.6150,2.3985,-0.0899,21512.9290,NA
parkey.exe,27808,0x12E93FCD700,DXGI,0,0,1,Hardware Composed: Independent Flip,21526.7810,NA,6.96430000000000,6.94910000000000,0.20640000000000,7.23010000000000,20.7305,21519.9524,7.0350,6.8286,0.2064,7.2873,6.7714,4.5722,2.1992,0.0743,21519.9524,NA
parkey.exe,27808,0x12E93FCD700,DXGI,0,0,1,Hardware Composed: Independent Flip,21533.6726,NA,6.89160000000000,6.95590000000000,0.11570000000000,7.31560000000000,20.7948,21526.9874,6.8009,6.6852,0.1157,7.0793,6.9215,6.2299,0.6916,0.0791,21526.9874,NA
parkey.exe,27808,0x12E93FCD700,DXGI,0,0,1,Hardware Composed: Independent Flip,21540.6398,NA,6.96720000000000,6.93960000000000,0.13050000000000,7.30530000000000,20.7672,21533.7883,6.9820,6.8515,0.1305,7.2329,6.9239,4.6153,2.3086,-0.1387,21533.7883,NA
parkey.exe,27808,0x12E93FCD700,DXGI,0,0,1,Hardware Composed: Independent Flip,21547.5827,NA,6.94290000000000,6.95470000000000,0.12300000000000,7.32950000000000,20.7790,21540.7703,6.9354,6.8124,0.1230,7.2062,6.9357,5.3458,1.5899,0.0273,21540.7703,NA
parkey.exe,27808,0x12E93FCD700,DXGI,0,0,1,Hardware Composed: Independent Flip,21554.5607,NA,6.97800000000000,6.95150000000000,0.11620000000000,7.26070000000000,20.7525,21547.7057,6.9712,6.8550,0.1162,7.2396,6.8761,4.6020,2.2741,-0.0161,21547.7057,NA
parkey.exe,27808,0x12E93FCD700,DXGI,0,0,1,Hardware Composed: Independent Flip,21561.4751,NA,6.91440000000000,6.94820000000000,0.12030000000000,7.35730000000000,20.7863,21554.6769,6.9185,6.7982,0.1203,7.1732,6.9823,4.6379,2.3444,0.0230,21554.6769,NA
parkey.exe,27808,0x12E93FCD700,DXGI,0,0,1,Hardware Composed: Independent Flip,21568.4245,NA,6.94940000000000,6.96630000000000,0.10930000000000,7.30160000000000,20.8032,21561.5954,6.9384,6.8291,0.1093,7.2660,6.8647,4.5956,2.2691,-0.0478,21561.5954,NA
parkey.exe,27808,0x12E93FCD700,DXGI,0,0,1,Hardware Composed: Independent Flip,21575.3678,NA,6.94330000000000,6.96880000000000,0.10010000000000,7.31470000000000,20.8287,21568.5338,6.9341,6.8340,0.1001,7.2173,6.9314,4.5784,2.3530,-0.0304,21568.5338,NA
parkey.exe,27808,0x12E93FCD700,DXGI,0,0,1,Hardware Composed: Independent Flip,21582.3159,NA,6.94810000000000,6.93150000000000,0.10520000000000,7.32810000000000,20.8121,21575.4679,6.9532,6.8480,0.1052,7.2424,6.9337,5.7643,1.1694,0.0026,21575.4679,NA
parkey.exe,27808,0x12E93FCD700,DXGI,0,0,1,Hardware Composed: Independent Flip,21589.3120,NA,6.99610000000000,6.94480000000000,0.18170000000000,7.30990000000000,20.7608,21582.4211,7.0726,6.8909,0.1817,7.2519,6.9489,4.5935,2.3554,0.0084,21582.4211,NA
parkey.exe,27808,0x12E93FCD700,DXGI,0,0,1,Hardware Composed: Independent Flip,21596.2796,NA,6.96760000000000,6.94450000000000,0.15180000000000,7.26360000000000,20.7377,21589.4937,6.9377,6.7859,0.1518,7.1651,6.8844,4.5848,2.2996,0.1281,21589.4937,NA
parkey.exe,27808,0x12E93FCD700,DXGI,0,0,1,Hardware Composed: Independent Flip,21603.1963,NA,6.91670000000000,6.96510000000000,0.13770000000000,7.29470000000000,20.7861,21596.4314,6.9026,6.7649,0.1377,7.1387,6.9209,4.5967,2.3242,-0.0274,21596.4314,NA
parkey.exe,27808,0x12E93FCD700,DXGI,0,0,1,Hardware Composed: Independent Flip,21610.1363,NA,6.94000000000000,6.93460000000000,0.12210000000000,7.29610000000000,20.7807,21603.3340,6.9244,6.8023,0.1221,7.1867,6.9117,4.5920,2.3197,-0.0320,21603.3340,NA
parkey.exe,27808,0x12E93FCD700,DXGI,0,0,1,Hardware Composed: Independent Flip,21617.0787,NA,6.94240000000000,6.95900000000000,0.11930000000000,7.35020000000000,20.7973,21610.2584,6.9396,6.8203,0.1193,7.2214,6.9491,6.2334,0.7157,-0.0346,21610.2584,NA
parkey.exe,27808,0x12E93FCD700,DXGI,0,0,1,Hardware Composed: Independent Flip,21624.0977,NA,7.01900000000000,6.94760000000000,0.15350000000000,7.23490000000000,20.7259,21617.1980,7.0532,6.8997,0.1535,7.2799,6.8547,4.6024,2.2523,-0.0080,21617.1980,NA
parkey.exe,27808,0x12E93FCD700,DXGI,0,0,1,Hardware Composed: Independent Flip,21630.9791,NA,6.88140000000000,6.95320000000000,0.11180000000000,7.31870000000000,20.7977,21624.2512,6.8397,6.7279,0.1118,7.1107,6.9359,5.3541,1.5818,0.1000,21624.2512,NA
parkey.exe,27808,0x12E93FCD700,DXGI,0,0,1,Hardware Composed: Independent Flip,21637.9510,NA,6.97190000000000,6.93140000000000,0.12350000000000,7.29910000000000,20.7572,21631.0909,6.9836,6.8601,0.1235,7.2318,6.9274,4.5978,2.3296,-0.0917,21631.0909,NA
parkey.exe,27808,0x12E93FCD700,DXGI,0,0,1,Hardware Composed: Independent Flip,21644.8855,NA,6.93450000000000,6.96760000000000,0.11340000000000,7.68990000000000,20.7903,21638.0745,6.9244,6.8110,0.1134,7.2290,7.2719,4.9866,2.2853,0.0160,21638.0745,NA
parkey.exe,27808,0x12E93FCD700,DXGI,0,0,1,Hardware Composed: Independent Flip,21651.8437,NA,6.95820000000000,6.95450000000000,0.13260000000000,7.28510000000000,20.7866,21644.9989,6.9774,6.8448,0.1326,7.5765,6.5534,4.7416,1.8118,-0.0301,21644.9989,NA
parkey.exe,27808,0x12E93FCD700,DXGI,0,0,1,Hardware Composed: Independent Flip,21658.7755,NA,6.93180000000000,6.93800000000000,0.12150000000000,7.34390000000000,20.7928,21651.9763,6.9207,6.7992,0.1215,7.1823,6.9608,4.6272,2.3336,0.0394,21651.9763,NA
parkey.exe,27808,0x12E93FCD700,DXGI,0,0,1,Hardware Composed: Independent Flip,21665.7363,NA,6.96080000000000,6.95870000000000,0.11090000000000,7.31310000000000,20.7907,21658.8970,6.9502,6.8393,0.1109,7.2509,6.9015,5.7254,1.1761,-0.0380,21658.8970,NA
parkey.exe,27808,0x12E93FCD700,DXGI,0,0,1,Hardware Composed: Independent Flip,21672.7018,NA,6.96550000000000,6.95200000000000,0.12360000000000,7.27560000000000,20.7772,21665.8472,6.9782,6.8546,0.1236,7.2303,6.8999,4.5673,2.3326,-0.0018,21665.8472,NA
parkey.exe,27808,0x12E93FCD700,DXGI,0,0,1,Hardware Composed: Independent Flip,21679.6306,NA,6.92880000000000,6.92470000000000,0.11140000000000,7.32430000000000,20.7731,21672.8254,6.9166,6.8052,0.1114,7.1805,6.9490,4.6284,2.3206,0.0535,21672.8254,NA
parkey.exe,27808,0x12E93FCD700,DXGI,0,0,1,Hardware Composed: Independent Flip,21686.6031,NA,6.97250000000000,6.97490000000000,0.12280000000000,7.29570000000000,20.7755,21679.7420,6.9839,6.8611,0.1228,7.2375,6.9193,4.5907,2.3286,-0.0583,21679.7420,NA
parkey.exe,27808,0x12E93FCD700,DXGI,0,0,1,Hardware Composed: Independent Flip,21693.5412,NA,6.93810000000000,6.94350000000000,0.11060000000000,7.27520000000000,20.7809,21686.7259,6.9259,6.8153,0.1106,7.2089,6.8816,4.5832,2.2984,0.0404,21686.7259,NA
parkey.exe,27808,0x12E93FCD700,DXGI,0,0,1,Hardware Composed: Independent Flip,21700.4650,NA,6.92380000000000,6.94290000000000,0.11190000000000,7.32720000000000,20.8000,21693.6518,6.9251,6.8132,0.1119,7.2079,6.9325,6.2571,0.6754,-0.0170,21693.6518,NA
parkey.exe,27808,0x12E93FCD700,DXGI,0,0,1,Hardware Composed: Independent Flip,21707.4662,NA,7.00120000000000,6.95250000000000,0.12560000000000,7.29610000000000,20.7513,21700.5769,7.0149,6.8893,0.1256,7.2442,6.9412,4.6075,2.3337,-0.0274,21700.5769,NA
parkey.exe,27808,0x12E93FCD700,DXGI,0,0,1,Hardware Composed: Independent Flip,21714.3935,NA,6.92730000000000,6.95780000000000,0.15340000000000,7.27950000000000,20.7818,21707.5918,6.9551,6.8017,0.1534,7.2022,6.8790,5.3534,1.5256,0.0571,21707.5918,NA
parkey.exe,27808,0x12E93FCD700,DXGI,0,0,1,Hardware Composed: Independent Flip,21721.3358,NA,6.94230000000000,6.95990000000000,0.12510000000000,7.30730000000000,20.7994,21714.5469,6.9140,6.7889,0.1251,7.1518,6.9444,4.5878,2.3566,-0.0048,21714.5469,NA
parkey.exe,27808,0x12E93FCD700,DXGI,0,0,1,Hardware Composed: Independent Flip,21728.2797,NA,6.94390000000000,6.93520000000000,0.11570000000000,7.91600000000000,20.7907,21721.4609,6.9345,6.8188,0.1157,7.2140,7.5208,5.9573,1.5635,-0.0212,21721.4609,NA
parkey.exe,27808,0x12E93FCD700,DXGI,0,0,1,Hardware Composed: Independent Flip,21735.2723,NA,6.99260000000000,6.94950000000000,0.12540000000000,7.27850000000000,20.7476,21728.3954,7.0023,6.8769,0.1254,7.8003,6.3551,5.2081,1.1470,-0.0150,21728.3954,NA
parkey.exe,27808,0x12E93FCD700,DXGI,0,0,1,Hardware Composed: Independent Flip,21742.2059,NA,6.93360000000000,6.96090000000000,0.11780000000000,7.30400000000000,20.7749,21735.3977,6.9260,6.8082,0.1178,7.1808,6.9314,4.6208,2.3106,0.0414,21735.3977,NA
parkey.exe,27808,0x12E93FCD700,DXGI,0,0,1,Hardware Composed: Independent Flip,21749.1334,NA,6.92750000000000,6.94810000000000,0.11440000000000,7.30250000000000,20.7955,21742.3237,6.9241,6.8097,0.1144,7.2189,6.8933,5.7742,1.1191,-0.0221,21742.3237,NA
parkey.exe,27808,0x12E93FCD700,DXGI,0,0,1,Hardware Composed: Independent Flip,21756.0937,NA,6.96030000000000,6.94740000000000,0.12790000000000,7.30410000000000,20.7826,21749.2478,6.9738,6.8459,0.1279,7.2147,6.9353,4.6025,2.3328,-0.0233,21749.2478,NA
parkey.exe,27808,0x12E93FCD700,DXGI,0,0,1,Hardware Composed: Independent Flip,21763.0395,NA,6.94580000000000,6.94590000000000,0.10360000000000,7.30590000000000,20.7827,21756.2216,6.9215,6.8179,0.1036,7.2063,6.9175,4.5932,2.3243,0.0279,21756.2216,NA
parkey.exe,27808,0x12E93FCD700,DXGI,0,0,1,Hardware Composed: Independent Flip,21769.9873,NA,6.94780000000000,6.94900000000000,0.11010000000000,7.30360000000000,20.7839,21763.1431,6.9543,6.8442,0.1101,7.2441,6.9037,4.5920,2.3117,-0.0275,21763.1431,NA
parkey.exe,27808,0x12E93FCD700,DXGI,0,0,1,Hardware Composed: Independent Flip,21776.9600,NA,6.97270000000000,6.95930000000000,0.16070000000000,7.28380000000000,20.7705,21770.0974,7.0233,6.8626,0.1607,7.2278,6.9186,4.5883,2.3303,-0.0050,21770.0974,NA
parkey.exe,27808,0x12E93FCD700,DXGI,0,0,1,Hardware Composed: Independent Flip,21783.8840,NA,6.92400000000000,6.93940000000000,0.11210000000000,7.38760000000000,20.7859,21777.1207,6.8754,6.7633,0.1121,7.1653,6.9856,6.2464,0.7392,0.0839,21777.1207,NA
parkey.exe,27808,0x12E93FCD700,DXGI,0,0,1,Hardware Composed: Independent Flip,21790.8598,NA,6.97580000000000,6.96440000000000,0.12950000000000,7.28900000000000,20.7745,21783.9961,6.9932,6.8637,0.1295,7.3098,6.8429,4.6130,2.2299,-0.0890,21783.9961,NA
parkey.exe,27808,0x12E93FCD700,DXGI,0,0,1,Hardware Composed: Independent Flip,21797.7973,NA,6.93750000000000,6.95470000000000,0.12210000000000,7.32850000000000,20.7917,21790.9893,6.9301,6.8080,0.1221,7.1888,6.9477,5.4047,1.5430,0.0385,21790.9893,NA
parkey.exe,27808,0x12E93FCD700,DXGI,0,0,1,Hardware Composed: Independent Flip,21804.7340,NA,6.93670000000000,6.92650000000000,0.11020000000000,7.31640000000000,20.7815,21797.9194,6.9248,6.8146,0.1102,7.2290,6.9020,4.6072,2.2948,0.0036,21797.9194,NA
parkey.exe,27808,0x12E93FCD700,DXGI,0,0,1,Hardware Composed: Independent Flip,21811.6966,NA,6.96260000000000,6.95390000000000,0.11270000000000,7.66950000000000,20.7728,21804.8442,6.9651,6.8524,0.1127,7.2362,7.2857,4.9417,2.3440,-0.0291,21804.8442,NA
parkey.exe,27808,0x12E93FCD700,DXGI,0,0,1,Hardware Composed: Independent Flip,21818.6681,NA,6.97150000000000,6.97200000000000,0.14620000000000,7.29220000000000,20.7733,21811.8093,7.0050,6.8588,0.1462,7.5568,6.5942,4.7624,1.8318,-0.0069,21811.8093,NA
parkey.exe,27808,0x12E93FCD700,DXGI,0,0,1,Hardware Composed: Independent Flip,21825.5704,NA,6.90230000000000,6.93170000000000,0.11590000000000,7.31010000000000,20.8027,21818.8143,6.8720,6.7561,0.1159,7.1771,6.8891,4.5700,2.3191,0.0733,21818.8143,NA
parkey.exe,27808,0x12E93FCD700,DXGI,0,0,1,Hardware Composed: Independent Flip,21832.5244,NA,6.95400000000000,6.94620000000000,0.11220000000000,7.34030000000000,20.7949,21825.6863,6.9503,6.8381,0.1122,7.2249,6.9535,5.8202,1.1333,-0.0742,21825.6863,NA
parkey.exe,27808,0x12E93FCD700,DXGI,0,0,1,Hardware Composed: Independent Flip,21839.5321,NA,7.00770000000000,6.96180000000000,0.16410000000000,7.28400000000000,20.7490,21832.6366,7.0596,6.8955,0.1641,7.2526,6.9269,4.6141,2.3128,-0.0115,21832.6366,NA
parkey.exe,27808,0x12E93FCD700,DXGI,0,0,1,Hardware Composed: Independent Flip,21846.4405,NA,6.90840000000000,6.94370000000000,0.11590000000000,7.29510000000000,20.7843,21839.6962,6.8602,6.7443,0.1159,7.1493,6.8901,4.5856,2.3045,0.1159,21839.6962,NA
parkey.exe,27808,0x12E93FCD700,DXGI,0,0,1,Hardware Composed: Independent Flip,21853.3784,NA,6.93790000000000,6.95890000000000,0.10600000000000,7.32440000000000,20.8053,21846.5564,6.9280,6.8220,0.1060,7.2028,6.9436,4.5779,2.3657,-0.0987,21846.5564,NA
parkey.exe,27808,0x12E93FCD700,DXGI,0,0,1,Hardware Composed: Independent Flip,21860.3454,NA,6.96700000000000,6.92410000000000,0.11990000000000,7.30130000000000,20.7624,21853.4844,6.9809,6.8610,0.1199,7.2461,6.9162,4.6110,2.3052,0.0039,21853.4844,NA
parkey.exe,27808,0x12E93FCD700,DXGI,0,0,1,Hardware Composed: Independent Flip,21867.2795,NA,6.93410000000000,6.96530000000000,0.09740000000000,7.32250000000000,20.7936,21860.4653,6.9116,6.8142,0.0974,7.2289,6.9078,5.8433,1.0645,0.0156,21860.4653,NA
parkey.exe,27808,0x12E93FCD700,DXGI,0,0,1,Hardware Composed: Independent Flip,21874.5689,NA,7.28940000000000,6.94880000000000,0.14130000000000,6.95420000000000,20.4530,21867.3769,7.3333,7.1920,0.1413,7.2550,6.8912,4.5891,2.3021,-0.0372,21867.3769,NA
parkey.exe,27808,0x12E93FCD700,DXGI,0,0,1,Hardware Composed: Independent Flip,21881.1704,NA,6.60150000000000,6.97070000000000,0.11320000000000,7.33140000000000,20.8222,21874.7102,6.5734,6.4602,0.1132,6.8398,6.9518,5.3680,1.5838,0.3626,21874.7102,NA
parkey.exe,27808,0x12E93FCD700,DXGI,0,0,1,Hardware Composed: Independent Flip,21888.1495,NA,6.97910000000000,6.94890000000000,0.12730000000000,7.28040000000000,20.7920,21881.2836,6.9932,6.8659,0.1273,7.2412,6.9051,4.5875,2.3176,-0.3755,21881.2836,NA
parkey.exe,27808,0x12E93FCD700,DXGI,0,0,1,Hardware Composed: Independent Flip,21895.0924,NA,6.94290000000000,6.92970000000000,0.12010000000000,7.96640000000000,20.7788,21888.2768,6.9357,6.8156,0.1201,7.1903,7.5917,5.2284,2.3633,0.0635,21888.2768,NA
parkey.exe,27808,0x12E93FCD700,DXGI,0,0,1,Hardware Composed: Independent Flip,21902.0810,NA,6.98860000000000,6.97480000000000,0.17370000000000,7.16160000000000,20.7650,21895.2125,7.0422,6.8685,0.1737,7.8463,6.1838,5.9038,0.2800,-0.0391,21895.2125,NA
parkey.exe,27808,0x12E93FCD700,DXGI,0,0,1,Hardware Composed: Independent Flip,21909.0161,NA,6.93510000000000,6.92890000000000,0.12810000000000,7.18070000000000,20.7588,21902.2547,6.8895,6.7614,0.1281,7.0444,6.8977,5.6853,1.2124,0.1133,21902.2547,NA
parkey.exe,27808,0x12E93FCD700,DXGI,0,0,1,Hardware Composed: Independent Flip,21915.9790,NA,6.96290000000000,6.98230000000000,0.10110000000000,7.29870000000000,20.7782,21909.1442,6.9359,6.8348,0.1011,7.0768,7.0567,5.8367,1.2200,-0.0928,21909.1442,NA
parkey.exe,27808,0x12E93FCD700,DXGI,0,0,1,Hardware Composed: Independent Flip,21922.9815,NA,7.00250000000000,6.92550000000000,0.11270000000000,7.21320000000000,20.7012,21916.0801,7.0141,6.9014,0.1127,7.2278,6.8868,4.6041,2.2827,0.0104,21916.0801,NA
parkey.exe,27808,0x12E93FCD700,DXGI,0,0,1,Hardware Composed: Independent Flip,21929.8374,NA,6.85590000000000,6.93310000000000,0.11670000000000,7.84000000000000,20.7784,21923.0942,6.8599,6.7432,0.1167,7.1300,7.4532,5.1013,2.3519,0.0810,21923.0942,NA
parkey.exe,27808,0x12E93FCD700,DXGI,0,0,1,Hardware Composed: Independent Flip,21936.8589,NA,7.02150000000000,6.97390000000000,0.16650000000000,7.24500000000000,20.7308,21929.9541,7.0713,6.9048,0.1665,7.7233,6.4265,4.7555,1.6710,-0.1140,21929.9541,NA
parkey.exe,27808,0x12E93FCD700,DXGI,0,0,1,Hardware Composed: Independent Flip,21943.7515,NA,6.89260000000000,6.94000000000000,0.12830000000000,7.26390000000000,20.7782,21937.0254,6.8544,6.7261,0.1283,7.1098,6.8802,4.5610,2.3192,0.1313,21937.0254,NA
parkey.exe,27808,0x12E93FCD700,DXGI,0,0,1,Hardware Composed: Independent Flip,21950.6872,NA,6.93570000000000,6.98990000000000,0.12020000000000,7.34170000000000,20.8324,21943.8798,6.9276,6.8074,0.1202,7.1887,6.9604,6.2156,0.7448,-0.1355,21943.8798,NA
parkey.exe,27808,0x12E93FCD700,DXGI,0,0,1,Hardware Composed: Independent Flip,21957.6927,NA,7.00550000000000,6.91500000000000,0.14470000000000,7.27540000000000,20.7419,21950.8074,7.0300,6.8853,0.1447,7.2598,6.9009,4.6080,2.2929,0.0126,21950.8074,NA
parkey.exe,27808,0x12E93FCD700,DXGI,0,0,1,Hardware Composed: Independent Flip,21964.5880,NA,6.89530000000000,6.94060000000000,0.12470000000000,7.36340000000000,20.7872,21957.8374,6.8753,6.7506,0.1247,7.1594,6.9546,5.3907,1.5639,0.0894,21957.8374,NA
parkey.exe,27808,0x12E93FCD700,DXGI,0,0,1,Hardware Composed: Independent Flip,21971.6065,NA,7.01850000000000,6.94960000000000,0.17130000000000,7.24630000000000,20.7183,21964.7127,7.0651,6.8938,0.1713,7.2735,6.8666,4.5938,2.2728,-0.0743,21964.7127,NA
parkey.exe,27808,0x12E93FCD700,DXGI,0,0,1,Hardware Composed: Independent Flip,21978.5018,NA,6.89530000000000,6.94330000000000,0.16740000000000,7.64130000000000,20.7663,21971.7778,6.8914,6.7240,0.1674,7.1301,7.2352,4.9235,2.3117,0.1218,21971.7778,NA
parkey.exe,27808,0x12E93FCD700,DXGI,0,0,1,Hardware Composed: Independent Flip,21985.4834,NA,6.98160000000000,6.95620000000000,0.17720000000000,7.25950000000000,20.7409,21978.6692,6.9914,6.8142,0.1772,7.4739,6.5998,4.7423,1.8575,-0.0648,21978.6692,NA
parkey.exe,27808,0x12E93FCD700,DXGI,0,0,1,Hardware Composed: Independent Flip,21992.3896,NA,6.90620000000000,6.96060000000000,0.11700000000000,7.28970000000000,20.7953,21985.6606,6.8460,6.7290,0.1170,7.1102,6.9085,4.5823,2.3262,0.0308,21985.6606,NA
parkey.exe,27808,0x12E93FCD700,DXGI,0,0,1,Hardware Composed: Independent Flip,21999.3301,NA,6.94050000000000,6.94040000000000,0.11560000000000,7.30710000000000,20.7952,21992.5066,6.9391,6.8235,0.1156,7.2010,6.9296,5.8031,1.1265,-0.0944,21992.5066,NA
parkey.exe,27808,0x12E93FCD700,DXGI,0,0,1,Hardware Composed: Independent Flip,22006.2983,NA,6.96820000000000,6.94700000000000,0.12830000000000,7.30330000000000,20.7740,21999.4457,6.9809,6.8526,0.1283,7.2167,6.9392,4.5805,2.3587,-0.0079,21999.4457,NA
parkey.exe,27808,0x12E93FCD700,DXGI,0,0,1,Hardware Composed: Independent Flip,22013.2530,NA,6.95470000000000,6.95510000000000,0.12500000000000,7.28090000000000,20.7744,22006.4266,6.9514,6.8264,0.1250,7.2037,6.9036,4.5888,2.3148,0.0258,22006.4266,NA
parkey.exe,27808,0x12E93FCD700,DXGI,0,0,1,Hardware Composed: Independent Flip,22020.1967,NA,6.94370000000000,6.97580000000000,0.12880000000000,7.30660000000000,20.8065,22013.3780,6.9475,6.8187,0.1288,7.1839,6.9414,4.6016,2.3398,-0.0244,22013.3780,NA
parkey.exe,27808,0x12E93FCD700,DXGI,0,0,1,Hardware Composed: Independent Flip,22027.1399,NA,6.94320000000000,6.92380000000000,0.13320000000000,7.29900000000000,20.7871,22020.3255,6.9476,6.8144,0.1332,7.2047,6.9087,4.5795,2.3292,0.0237,22020.3255,NA
parkey.exe,27808,0x12E93FCD700,DXGI,0,0,1,Hardware Composed: Independent Flip,22034.0865,NA,6.94660000000000,6.94920000000000,0.31790000000000,7.33830000000000,20.7897,22027.2731,7.1313,6.8134,0.3179,7.2342,6.9175,6.2081,0.7094,-0.0016,22027.2731,NA
parkey.exe,27808,0x12E93FCD700,DXGI,0,0,1,Hardware Composed: Independent Flip,22041.0918,NA,7.00530000000000,6.94030000000000,0.12770000000000,7.27750000000000,20.7247,22034.4044,6.8151,6.6874,0.1277,7.0480,6.9169,4.6082,2.3087,0.1910,22034.4044,NA
parkey.exe,27808,0x12E93FCD700,DXGI,0,0,1,Hardware Composed: Independent Flip,22047.9933,NA,6.90150000000000,6.95240000000000,0.11810000000000,7.29970000000000,20.7756,22041.2195,6.8919,6.7738,0.1181,7.1821,6.8914,5.3582,1.5332,-0.1373,22041.2195,NA
parkey.exe,27808,0x12E93FCD700,DXGI,0,0,1,Hardware Composed: Independent Flip,22054.9531,NA,6.95980000000000,6.97320000000000,0.12690000000000,7.28350000000000,20.7890,22048.1114,6.9686,6.8417,0.1269,7.2102,6.9150,4.5904,2.3246,-0.0813,22048.1114,NA
parkey.exe,27808,0x12E93FCD700,DXGI,0,0,1,Hardware Composed: Independent Flip,22061.8815,NA,6.92840000000000,6.93910000000000,0.11400000000000,7.30150000000000,20.7997,22055.0800,6.9155,6.8015,0.1140,7.1854,6.9176,4.5760,2.3416,0.0295,22055.0800,NA
parkey.exe,27808,0x12E93FCD700,DXGI,0,0,1,Hardware Composed: Independent Flip,22068.8257,NA,6.94420000000000,6.95090000000000,0.09960000000000,7.33000000000000,20.8064,22061.9955,6.9298,6.8302,0.0996,7.2076,6.9526,4.5726,2.3800,-0.0354,22061.9955,NA
parkey.exe,27808,0x12E93FCD700,DXGI,0,0,1,Hardware Composed: Independent Flip,22075.8165,NA,6.99080000000000,6.95240000000000,0.13170000000000,7.28170000000000,20.7680,22068.9253,7.0229,6.8912,0.1317,7.2566,6.9163,4.5751,2.3412,-0.0226,22068.9253,NA
parkey.exe,27808,0x12E93FCD700,DXGI,0,0,1,Hardware Composed: Independent Flip,22082.7450,NA,6.92850000000000,6.95940000000000,0.11130000000000,7.30280000000000,20.7989,22075.9482,6.9081,6.7968,0.1113,7.1821,6.9175,5.8133,1.1042,0.0635,22075.9482,NA
parkey.exe,27808,0x12E93FCD700,DXGI,0,0,1,Hardware Composed: Independent Flip,22089.7090,NA,6.96400000000000,6.94060000000000,0.13940000000000,7.29310000000000,20.7755,22082.8563,6.9921,6.8527,0.1394,7.2249,6.9209,4.6182,2.3027,-0.0325,22082.8563,NA
parkey.exe,27808,0x12E93FCD700,DXGI,0,0,1,Hardware Composed: Independent Flip,22096.6503,NA,6.94130000000000,6.95650000000000,0.11430000000000,7.31560000000000,20.7907,22089.8484,6.9162,6.8019,0.1143,7.1808,6.9367,4.6109,2.3258,0.0356,22089.8484,NA
parkey.exe,27808,0x12E93FCD700,DXGI,0,0,1,Hardware Composed: Independent Flip,22103.6232,NA,6.97290000000000,6.92890000000000,0.13430000000000,7.30420000000000,20.7467,22096.7646,6.9929,6.8586,0.1343,7.2279,6.9349,4.6119,2.3230,-0.0127,22096.7646,NA
parkey.exe,27808,0x12E93FCD700,DXGI,0,0,1,Hardware Composed: Independent Flip,22110.5473,NA,6.92410000000000,6.96200000000000,0.11870000000000,7.30170000000000,20.7846,22103.7575,6.9085,6.7898,0.1187,7.2027,6.8888,4.5735,2.3153,0.0309,22103.7575,NA
parkey.exe,27808,0x12E93FCD700,DXGI,0,0,1,Hardware Composed: Independent Flip,22117.5424,NA,6.99510000000000,6.94860000000000,0.12140000000000,7.25330000000000,20.7381,22110.6660,6.9978,6.8764,0.1214,7.2799,6.8498,6.2015,0.6483,-0.0401,22110.6660,NA
parkey.exe,27808,0x12E93FCD700,DXGI,0,0,1,Hardware Composed: Independent Flip,22124.7022,NA,7.15980000000000,6.95460000000000,0.15390000000000,7.04520000000000,20.5329,22117.6638,7.1923,7.0384,0.1539,7.1595,6.9241,4.5695,2.3546,0.0432,22117.6638,NA
parkey.exe,27808,0x12E93FCD700,DXGI,0,0,1,Hardware Composed: Independent Flip,22131.3998,NA,6.69760000000000,6.95400000000000,0.11680000000000,7.30010000000000,20.7893,22124.8561,6.6605,6.5437,0.1168,6.9213,6.9225,5.3423,1.5802,0.2383,22124.8561,NA
parkey.exe,27808,0x12E93FCD700,DXGI,0,0,1,Hardware Composed: Independent Flip,22138.3544,NA,6.95460000000000,6.94220000000000,0.13080000000000,7.32190000000000,20.7769,22131.5166,6.9686,6.8378,0.1308,7.2073,6.9524,4.5909,2.3615,-0.2817,22131.5166,NA
parkey.exe,27808,0x12E93FCD700,DXGI,0,0,1,Hardware Composed: Independent Flip,22145.2969,NA,6.94250000000000,6.94370000000000,0.11050000000000,7.63480000000000,20.7781,22138.4852,6.9222,6.8117,0.1105,7.2200,7.2265,4.9428,2.2837,0.0249,22138.4852,NA
parkey.exe,27808,0x12E93FCD700,DXGI,0,0,1,Hardware Composed: Independent Flip,22152.2605,NA,6.96360000000000,6.94970000000000,0.12530000000000,7.28780000000000,20.7642,22145.4074,6.9784,6.8531,0.1253,7.5243,6.6166,5.1943,1.4223,-0.0275,22145.4074,NA
parkey.exe,27808,0x12E93FCD700,DXGI,0,0,1,Hardware Composed: Independent Flip,22159.1971,NA,6.93660000000000,6.96680000000000,0.11310000000000,7.31660000000000,20.7944,22152.3858,6.9244,6.8113,0.1131,7.1916,6.9363,4.6368,2.2995,0.0116,22152.3858,NA
parkey.exe,27808,0x12E93FCD700,DXGI,0,0,1,Hardware Composed: Independent Flip,22166.1374,NA,6.94030000000000,6.93960000000000,0.11000000000000,7.29630000000000,20.7937,22159.3102,6.9372,6.8272,0.1100,7.2369,6.8866,5.7169,1.1697,-0.0152,22159.3102,NA
parkey.exe,27808,0x12E93FCD700,DXGI,0,0,1,Hardware Composed: Independent Flip,22173.0979,NA,6.96050000000000,6.94830000000000,0.12490000000000,7.31110000000000,20.7815,22166.2474,6.9754,6.8505,0.1249,7.2393,6.9223,4.5905,2.3318,-0.0111,22166.2474,NA
parkey.exe,27808,0x12E93FCD700,DXGI,0,0,1,Hardware Composed: Independent Flip,22180.0561,NA,6.95820000000000,6.94200000000000,0.12130000000000,7.28570000000000,20.7653,22173.2228,6.9546,6.8333,0.1213,7.2161,6.9029,5.3836,1.5193,0.0334,22173.2228,NA
parkey.exe,27808,0x12E93FCD700,DXGI,0,0,1,Hardware Composed: Independent Flip,22186.9972,NA,6.94110000000000,6.96980000000000,0.11450000000000,7.29820000000000,20.7940,22180.1774,6.9343,6.8198,0.1145,7.1879,6.9301,4.5701,2.3600,-0.0152,22180.1774,NA
parkey.exe,27808,0x12E93FCD700,DXGI,0,0,1,Hardware Composed: Independent Flip,22193.9371,NA,6.93990000000000,6.95200000000000,0.10090000000000,7.29910000000000,20.8061,22187.1117,6.9263,6.8254,0.1009,7.2116,6.9129,4.5848,2.3281,-0.0177,22187.1117,NA
parkey.exe,27808,0x12E93FCD700,DXGI,0,0,1,Hardware Composed: Independent Flip,22200.8864,NA,6.94930000000000,6.93870000000000,0.14280000000000,7.18670000000000,20.7955,22194.0380,6.9912,6.8484,0.1428,7.2531,6.7820,6.0689,0.7131,-0.0124,22194.0380,NA
parkey.exe,27808,0x12E93FCD700,DXGI,0,0,1,Hardware Composed: Independent Flip,22208.1274,NA,7.24100000000000,6.96250000000000,0.14370000000000,7.02270000000000,20.5170,22201.0292,7.2419,7.0982,0.1437,7.1030,7.0179,4.5801,2.4378,0.0287,22201.0292,NA
parkey.exe,27808,0x12E93FCD700,DXGI,0,0,1,Hardware Composed: Independent Flip,22214.8158,NA,6.68840000000000,6.99420000000000,0.15300000000000,7.27950000000000,20.8228,22208.2711,6.6977,6.5447,0.1530,6.9320,6.8922,5.3529,1.5393,0.2477,22208.2711,NA
parkey.exe,27808,0x12E93FCD700,DXGI,0,0,1,Hardware Composed: Independent Flip,22221.7581,NA,6.94230000000000,6.88990000000000,0.13200000000000,7.30530000000000,20.7704,22214.9688,6.9213,6.7893,0.1320,7.1525,6.9421,4.5906,2.3515,-0.1922,22214.9688,NA
parkey.exe,27808,0x12E93FCD700,DXGI,0,0,1,Hardware Composed: Independent Flip,22228.9803,NA,7.22220000000000,6.97040000000000,0.13950000000000,7.55600000000000,20.5186,22221.8901,7.2297,7.0902,0.1395,7.2309,7.4153,5.0567,2.3586,-0.0491,22221.8901,NA
parkey.exe,27808,0x12E93FCD700,DXGI,0,0,1,Hardware Composed: Independent Flip,22235.7418,NA,6.76150000000000,6.93870000000000,0.14870000000000,7.20070000000000,20.6958,22229.1198,6.7707,6.6220,0.1487,7.4165,6.4062,5.6317,0.7745,0.2910,22229.1198,NA
parkey.exe,27808,0x12E93FCD700,DXGI,0,0,1,Hardware Composed: Independent Flip,22242.6153,NA,6.87350000000000,6.95220000000000,0.13570000000000,7.32420000000000,20.7745,22235.8905,6.8605,6.7248,0.1357,7.0824,6.9666,4.5917,2.3749,-0.1815,22235.8905,NA
parkey.exe,27808,0x12E93FCD700,DXGI,0,0,1,Hardware Composed: Independent Flip,22249.5909,NA,6.97560000000000,6.93800000000000,0.14960000000000,7.25330000000000,20.7369,22242.7510,6.9895,6.8399,0.1496,7.2462,6.8470,5.7417,1.1053,-0.0775,22242.7510,NA
parkey.exe,27808,0x12E93FCD700,DXGI,0,0,1,Hardware Composed: Independent Flip,22256.5176,NA,6.92670000000000,6.96310000000000,0.13140000000000,7.28480000000000,20.7733,22249.7405,6.9085,6.7771,0.1314,7.3282,6.7337,4.7232,2.0105,0.0264,22249.7405,NA
parkey.exe,27808,0x12E93FCD700,DXGI,0,0,1,Hardware Composed: Independent Flip,22263.8270,NA,7.30940000000000,6.95260000000000,0.13610000000000,6.91230000000000,20.4165,22256.6490,7.3141,7.1780,0.1361,7.2136,6.8767,4.6054,2.2713,-0.0441,22256.6490,NA
parkey.exe,27808,0x12E93FCD700,DXGI,0,0,1,Hardware Composed: Independent Flip,22270.3926,NA,6.56560000000000,6.92680000000000,0.13680000000000,7.31850000000000,20.7777,22263.9631,6.5663,6.4295,0.1368,6.8089,6.9391,4.5858,2.3533,0.3873,22263.9631,NA
parkey.exe,27808,0x12E93FCD700,DXGI,0,0,1,Hardware Composed: Independent Flip,22277.3566,NA,6.96400000000000,6.95450000000000,0.14580000000000,7.31510000000000,20.7682,22270.5294,6.9730,6.8272,0.1458,7.2146,6.9277,4.5965,2.3312,-0.3882,22270.5294,NA
parkey.exe,27808,0x12E93FCD700,DXGI,0,0,1,Hardware Composed: Independent Flip,22284.3107,NA,6.95410000000000,6.96600000000000,0.12540000000000,7.18660000000000,20.7801,22277.5024,6.9337,6.8083,0.1254,7.2235,6.7714,6.0980,0.6734,0.0070,22277.5024,NA
parkey.exe,27808,0x12E93FCD700,DXGI,0,0,1,Hardware Composed: Independent Flip,22291.2418,NA,6.93110000000000,6.94340000000000,0.11820000000000,7.30050000000000,20.7924,22284.4361,6.9239,6.8057,0.1182,7.0876,7.0186,4.5686,2.4500,-0.0097,22284.4361,NA
parkey.exe,27808,0x12E93FCD700,DXGI,0,0,1,Hardware Composed: Independent Flip,22298.1904,NA,6.94860000000000,6.96510000000000,0.11620000000000,7.31940000000000,20.8089,22291.3600,6.9466,6.8304,0.1162,7.2130,6.9368,5.3405,1.5963,-0.0412,22291.3600,NA
parkey.exe,27808,0x12E93FCD700,DXGI,0,0,1,Hardware Composed: Independent Flip,22305.1741,NA,6.98370000000000,6.94410000000000,0.26660000000000,7.29570000000000,20.7693,22298.3066,7.1341,6.8675,0.2666,7.2321,6.9311,4.5992,2.3319,0.0025,22298.3066,NA
parkey.exe,27808,0x12E93FCD700,DXGI,0,0,1,Hardware Composed: Independent Flip,22312.0973,NA,6.92320000000000,6.93490000000000,0.11640000000000,7.66550000000000,20.7810,22305.4407,6.7730,6.6566,0.1164,7.0601,7.2620,4.9568,2.3052,0.1992,22305.4407,NA
parkey.exe,27808,0x12E93FCD700,DXGI,0,0,1,Hardware Composed: Independent Flip,22319.0894,NA,6.99210000000000,6.95410000000000,0.13060000000000,7.28200000000000,20.7430,22312.2137,7.0063,6.8757,0.1306,7.5491,6.6086,4.7620,1.8466,-0.1811,22312.2137,NA
parkey.exe,27808,0x12E93FCD700,DXGI,0,0,1,Hardware Composed: Independent Flip,22326.0030,NA,6.91360000000000,6.95540000000000,0.10880000000000,7.29010000000000,20.7848,22319.2200,6.8918,6.7830,0.1088,7.1813,6.8918,4.5799,2.3119,0.0509,22319.2200,NA
parkey.exe,27808,0x12E93FCD700,DXGI,0,0,1,Hardware Composed: Independent Flip,22332.9387,NA,6.93570000000000,6.92960000000000,0.10730000000000,7.31350000000000,20.7787,22326.1118,6.9342,6.8269,0.1073,7.2099,6.9305,5.7313,1.1992,-0.0378,22326.1118,NA
parkey.exe,27808,0x12E93FCD700,DXGI,0,0,1,Hardware Composed: Independent Flip,22339.9035,NA,6.96480000000000,6.98040000000000,0.14320000000000,7.33120000000000,20.7943,22333.0460,7.0007,6.8575,0.1432,7.2317,6.9570,4.6129,2.3441,-0.0462,22333.0460,NA
parkey.exe,27808,0x12E93FCD700,DXGI,0,0,1,Hardware Composed: Independent Flip,22346.8559,NA,6.95240000000000,6.94090000000000,0.11850000000000,7.27490000000000,20.7828,22340.0467,6.9277,6.8092,0.1185,7.2204,6.8637,4.5862,2.2775,0.0598,22340.0467,NA
parkey.exe,27808,0x12E93FCD700,DXGI,0,0,1,Hardware Composed: Independent Flip,22353.7891,NA,6.93320000000000,6.96170000000000,0.12240000000000,7.33150000000000,20.8113,22346.9744,6.9371,6.8147,0.1224,7.1840,6.9622,4.5892,2.3730,-0.0340,22346.9744,NA
parkey.exe,27808,0x12E93FCD700,DXGI,0,0,1,Hardware Composed: Independent Flip,22360.7719,NA,6.98280000000000,6.93330000000000,0.12300000000000,7.28630000000000,20.7618,22353.9115,6.9834,6.8604,0.1230,7.2436,6.9031,4.5829,2.3202,0.0038,22353.9115,NA
parkey.exe,27808,0x12E93FCD700,DXGI,0,0,1,Hardware Composed: Independent Flip,22367.7072,NA,6.93530000000000,6.95700000000000,0.11520000000000,7.30810000000000,20.7835,22360.8949,6.9275,6.8123,0.1152,7.2005,6.9199,5.8062,1.1137,0.0264,22360.8949,NA
parkey.exe,27808,0x12E93FCD700,DXGI,0,0,1,Hardware Composed: Independent Flip,22374.6766,NA,6.96940000000000,6.95140000000000,0.13010000000000,7.27680000000000,20.7655,22367.8224,6.9843,6.8542,0.1301,7.2236,6.9074,4.5775,2.3299,-0.0239,22367.8224,NA
parkey.exe,27808,0x12E93FCD700,DXGI,0,0,1,Hardware Composed: Independent Flip,22381.5913,NA,6.91470000000000,6.93570000000000,0.11530000000000,7.32290000000000,20.7865,22374.8067,6.8999,6.7846,0.1153,7.1766,6.9309,5.3655,1.5654,0.0486,22374.8067,NA
parkey.exe,27808,0x12E93FCD700,DXGI,0,0,1,Hardware Composed: Independent Flip,22388.5656,NA,6.97430000000000,6.96840000000000,0.13030000000000,7.29950000000000,20.7806,22381.7066,6.9893,6.8590,0.1303,7.2381,6.9204,4.6073,2.3131,-0.0685,22381.7066,NA
parkey.exe,27808,0x12E93FCD700,DXGI,0,0,1,Hardware Composed: Independent Flip,22395.5036,NA,6.93800000000000,6.96110000000000,0.11270000000000,7.29260000000000,20.8037,22388.6959,6.9204,6.8077,0.1127,7.2034,6.8969,4.6128,2.2841,0.0282,22388.6959,NA
parkey.exe,27808,0x12E93FCD700,DXGI,0,0,1,Hardware Composed: Independent Flip,22402.4351,NA,6.93150000000000,6.92660000000000,0.11990000000000,7.32820000000000,20.7988,22395.6163,6.9387,6.8188,0.1199,7.2036,6.9434,5.8622,1.0812,-0.0062,22395.6163,NA
parkey.exe,27808,0x12E93FCD700,DXGI,0,0,1,Hardware Composed: Independent Flip,22409.4117,NA,6.97660000000000,6.95660000000000,0.11790000000000,7.31980000000000,20.7788,22402.5550,6.9746,6.8567,0.1179,7.2347,6.9418,4.5773,2.3645,-0.0179,22402.5550,NA
parkey.exe,27808,0x12E93FCD700,DXGI,0,0,1,Hardware Composed: Independent Flip,22416.3719,NA,6.96020000000000,6.94830000000000,0.20450000000000,7.28390000000000,20.7669,22409.5296,7.0468,6.8423,0.2045,7.2298,6.8964,5.7783,1.1181,0.0263,22409.5296,NA
parkey.exe,27808,0x12E93FCD700,DXGI,0,0,1,Hardware Composed: Independent Flip,22423.3004,NA,6.92850000000000,6.94820000000000,0.11050000000000,7.30430000000000,20.7866,22416.5764,6.8345,6.7240,0.1105,7.1115,6.9168,4.5825,2.3343,0.0986,22416.5764,NA
parkey.exe,27808,0x12E93FCD700,DXGI,0,0,1,Hardware Composed: Independent Flip,22430.2517,NA,6.95130000000000,6.96430000000000,0.11600000000000,7.30230000000000,20.7996,22423.4109,6.9568,6.8408,0.1160,7.2234,6.9197,4.6037,2.3160,-0.1298,22423.4109,NA
parkey.exe,27808,0x12E93FCD700,DXGI,0,0,1,Hardware Composed: Independent Flip,22437.2114,NA,6.95970000000000,6.94280000000000,0.12530000000000,7.35750000000000,20.7827,22430.3677,6.9690,6.8437,0.1253,7.2159,6.9853,4.6729,2.3124,0.0140,22430.3677,NA
parkey.exe,27808,0x12E93FCD700,DXGI,0,0,1,Hardware Composed: Independent Flip,22444.1468,NA,6.93540000000000,6.95310000000000,0.11010000000000,7.30930000000000,20.8004,22437.3367,6.9202,6.8101,0.1101,7.2628,6.8566,4.5892,2.2674,0.0159,22437.3367,NA
parkey.exe,27808,0x12E93FCD700,DXGI,0,0,1,Hardware Composed: Independent Flip,22451.2962,NA,7.14940000000000,6.94510000000000,0.14880000000000,7.11560000000000,20.5961,22444.2569,7.1881,7.0393,0.1488,7.2436,6.9113,6.2729,0.6384,-0.0249,22444.2569,NA
parkey.exe,27808,0x12E93FCD700,DXGI,0,0,1,Hardware Composed: Independent Flip,22458.0663,NA,6.77010000000000,6.95190000000000,0.12290000000000,7.34930000000000,20.7779,22451.4450,6.7442,6.6213,0.1229,7.0003,6.9703,4.6197,2.3506,0.2362,22451.4450,NA
parkey.exe,27808,0x12E93FCD700,DXGI,0,0,1,Hardware Composed: Independent Flip,22465.0381,NA,6.97180000000000,6.93540000000000,0.15610000000000,7.27080000000000,20.7415,22458.1892,7.0050,6.8489,0.1561,7.2601,6.8596,5.3787,1.4809,-0.1912,22458.1892,NA
parkey.exe,27808,0x12E93FCD700,DXGI,0,0,1,Hardware Composed: Independent Flip,22471.9699,NA,6.93180000000000,6.95850000000000,0.12780000000000,7.29090000000000,20.7682,22465.1942,6.9035,6.7757,0.1278,7.1416,6.9250,4.5760,2.3490,0.0465,22465.1942,NA
parkey.exe,27808,0x12E93FCD700,DXGI,0,0,1,Hardware Composed: Independent Flip,22478.9176,NA,6.94770000000000,6.94770000000000,0.11750000000000,7.60920000000000,20.7682,22472.0977,6.9374,6.8199,0.1175,7.1878,7.2413,4.9178,2.3235,-0.0442,22472.0977,NA
parkey.exe,27808,0x12E93FCD700,DXGI,0,0,1,Hardware Composed: Independent Flip,22485.8642,NA,6.94660000000000,6.95000000000000,0.12950000000000,7.29210000000000,20.7716,22479.0351,6.9586,6.8291,0.1295,7.4917,6.6295,4.7392,1.8903,-0.0126,22479.0351,NA
parkey.exe,27808,0x12E93FCD700,DXGI,0,0,1,Hardware Composed: Independent Flip,22492.8013,NA,6.93710000000000,6.94570000000000,0.11270000000000,7.30210000000000,20.7802,22485.9937,6.9203,6.8076,0.1127,7.1901,6.9196,4.5881,2.3315,0.0129,22485.9937,NA
parkey.exe,27808,0x12E93FCD700,DXGI,0,0,1,Hardware Composed: Independent Flip,22499.7487,NA,6.94740000000000,6.95140000000000,0.11830000000000,7.29700000000000,20.7842,22492.9140,6.9530,6.8347,0.1183,7.2219,6.9098,5.7655,1.1443,-0.0311,22492.9140,NA
parkey.exe,27808,0x12E93FCD700,DXGI,0,0,1,Hardware Composed: Independent Flip,22506.7062,NA,6.95750000000000,6.94730000000000,0.12500000000000,7.31310000000000,20.7740,22499.8670,6.9642,6.8392,0.1250,7.2033,6.9490,4.6111,2.3379,0.0057,22499.8670,NA
parkey.exe,27808,0x12E93FCD700,DXGI,0,0,1,Hardware Composed: Independent Flip,22513.6435,NA,6.93730000000000,6.94910000000000,0.12160000000000,7.30820000000000,20.7858,22506.8312,6.9339,6.8123,0.1216,7.2140,6.9065,4.6098,2.2967,0.0151,22506.8312,NA
parkey.exe,27808,0x12E93FCD700,DXGI,0,0,1,Hardware Composed: Independent Flip,22520.6008,NA,6.95730000000000,6.96350000000000,0.12640000000000,7.32020000000000,20.7920,22513.7651,6.9621,6.8357,0.1264,7.2106,6.9453,4.6102,2.3351,-0.0296,22513.7651,NA
parkey.exe,27808,0x12E93FCD700,DXGI,0,0,1,Hardware Composed: Independent Flip,22527.5443,NA,6.94350000000000,6.94810000000000,0.13710000000000,7.29600000000000,20.7966,22520.7272,6.9542,6.8171,0.1371,7.2250,6.8881,4.5561,2.3320,0.0140,22520.7272,NA
parkey.exe,27808,0x12E93FCD700,DXGI,0,0,1,Hardware Composed: Independent Flip,22534.4887,NA,6.94440000000000,6.96070000000000,0.10830000000000,7.35620000000000,20.8129,22527.6814,6.9156,6.8073,0.1083,7.2179,6.9456,6.2313,0.7143,-0.0065,22527.6814,NA
parkey.exe,27808,0x12E93FCD700,DXGI,0,0,1,Hardware Composed: Independent Flip,22541.4973,NA,7.00860000000000,6.92110000000000,0.14170000000000,7.28080000000000,20.7254,22534.5970,7.0420,6.9003,0.1417,7.2810,6.9001,4.6059,2.2942,-0.0055,22534.5970,NA
parkey.exe,27808,0x12E93FCD700,DXGI,0,0,1,Hardware Composed: Independent Flip,22548.4069,NA,6.90960000000000,6.95930000000000,0.11490000000000,7.30730000000000,20.7751,22541.6390,6.8828,6.7679,0.1149,7.1675,6.9077,5.3696,1.5381,0.0827,22541.6390,NA
parkey.exe,27808,0x12E93FCD700,DXGI,0,0,1,Hardware Composed: Independent Flip,22555.3752,NA,6.96830000000000,6.96480000000000,0.12750000000000,7.27010000000000,20.7716,22548.5218,6.9809,6.8534,0.1275,7.2167,6.9068,4.6123,2.2945,-0.0820,22548.5218,NA
parkey.exe,27808,0x12E93FCD700,DXGI,0,0,1,Hardware Composed: Independent Flip,22562.2780,NA,6.90280000000000,6.94320000000000,0.10630000000000,7.32690000000000,20.8120,22555.5027,6.8816,6.7753,0.1063,7.1685,6.9337,4.5856,2.3481,0.0377,22555.5027,NA
parkey.exe,27808,0x12E93FCD700,DXGI,0,0,1,Hardware Composed: Independent Flip,22569.2481,NA,6.97010000000000,6.96660000000000,0.10860000000000,7.31190000000000,20.8085,22562.3843,6.9724,6.8638,0.1086,7.2504,6.9253,4.6018,2.3235,-0.0850,22562.3843,NA
parkey.exe,27808,0x12E93FCD700,DXGI,0,0,1,Hardware Composed: Independent Flip,22576.2134,NA,6.96530000000000,6.93410000000000,0.11290000000000,7.29850000000000,20.7773,22569.3567,6.9696,6.8567,0.1129,7.2324,6.9228,4.5894,2.3334,0.0383,22569.3567,NA
parkey.exe,27808,0x12E93FCD700,DXGI,0,0,1,Hardware Composed: Independent Flip,22583.1472,NA,6.93380000000000,6.93630000000000,0.11030000000000,7.31280000000000,20.7798,22576.3263,6.9312,6.8209,0.1103,7.2152,6.9185,5.7938,1.1247,0.0333,22576.3263,NA
parkey.exe,27808,0x12E93FCD700,DXGI,0,0,1,Hardware Composed: Independent Flip,22590.1407,NA,6.99350000000000,6.96140000000000,0.13580000000000,7.32620000000000,20.7477,22583.2575,7.0190,6.8832,0.1358,7.2487,6.9607,4.6398,2.3209,-0.0302,22583.2575,NA
parkey.exe,27808,0x12E93FCD700,DXGI,0,0,1,Hardware Composed: Independent Flip,22597.0594,NA,6.91870000000000,6.96270000000000,0.12810000000000,7.30650000000000,20.7917,22590.2765,6.9110,6.7829,0.1281,7.2264,6.8630,4.6390,2.2240,0.0563,22590.2765,NA
parkey.exe,27808,0x12E93FCD700,DXGI,0,0,1,Hardware Composed: Independent Flip,22603.9933,NA,6.93390000000000,6.94870000000000,0.13080000000000,7.32170000000000,20.8065,22597.1875,6.9366,6.8058,0.1308,7.2123,6.9152,4.5854,2.3298,-0.0377,22597.1875,NA
parkey.exe,27808,0x12E93FCD700,DXGI,0,0,1,Hardware Composed: Independent Flip,22610.9592,NA,6.96590000000000,6.94090000000000,0.11610000000000,7.30520000000000,20.7815,22604.1241,6.9512,6.8351,0.1161,7.2230,6.9173,4.5922,2.3251,-0.0043,22604.1241,NA
parkey.exe,27808,0x12E93FCD700,DXGI,0,0,1,Hardware Composed: Independent Flip,22618.0985,NA,7.13930000000000,6.95540000000000,0.13220000000000,7.02710000000000,20.5976,22611.0753,7.1554,7.0232,0.1322,7.2883,6.7620,6.1047,0.6573,-0.0042,22611.0753,NA
parkey.exe,27808,0x12E93FCD700,DXGI,0,0,1,Hardware Composed: Independent Flip,22624.8920,NA,6.79350000000000,6.95180000000000,0.14010000000000,7.25680000000000,20.7559,22618.2307,6.8014,6.6613,0.1401,6.9513,6.9668,4.5680,2.3988,0.2036,22618.2307,NA
parkey.exe,27808,0x12E93FCD700,DXGI,0,0,1,Hardware Composed: Independent Flip,22631.8068,NA,6.91480000000000,6.94240000000000,0.11260000000000,7.30570000000000,20.7835,22625.0321,6.8873,6.7747,0.1126,7.1450,6.9354,5.3614,1.5740,-0.1410,22625.0321,NA
parkey.exe,27808,0x12E93FCD700,DXGI,0,0,1,Hardware Composed: Independent Flip,22638.7794,NA,6.97260000000000,6.95640000000000,0.13800000000000,7.30510000000000,20.7673,22631.9194,6.9980,6.8600,0.1380,7.2170,6.9481,4.6184,2.3297,-0.0691,22631.9194,NA
parkey.exe,27808,0x12E93FCD700,DXGI,0,0,1,Hardware Composed: Independent Flip,22645.7091,NA,6.92970000000000,6.95780000000000,0.11520000000000,7.64000000000000,20.7954,22638.9174,6.9069,6.7917,0.1152,7.1945,7.2372,4.9238,2.3134,0.0402,22638.9174,NA
parkey.exe,27808,0x12E93FCD700,DXGI,0,0,1,Hardware Composed: Independent Flip,22652.6591,NA,6.95000000000000,6.94740000000000,0.14480000000000,7.29920000000000,20.7928,22645.8243,6.9796,6.8348,0.1448,7.5248,6.6092,4.7288,1.8804,-0.0405,22645.8243,NA
parkey.exe,27808,0x12E93FCD700,DXGI,0,0,1,Hardware Composed: Independent Flip,22659.6111,NA,6.95200000000000,6.96280000000000,0.11530000000000,7.32390000000000,20.8036,22652.8039,6.9225,6.8072,0.1153,7.1845,6.9466,4.5934,2.3532,0.0168,22652.8039,NA
parkey.exe,27808,0x12E93FCD700,DXGI,0,0,1,Hardware Composed: Independent Flip,22666.5666,NA,6.95550000000000,6.93660000000000,0.11100000000000,7.29850000000000,20.7847,22659.7264,6.9512,6.8402,0.1110,7.2366,6.9021,5.7585,1.1436,-0.0141,22659.7264,NA
parkey.exe,27808,0x12E93FCD700,DXGI,0,0,1,Hardware Composed: Independent Flip,22673.5220,NA,6.95540000000000,6.95100000000000,0.12440000000000,7.32060000000000,20.7803,22666.6776,6.9688,6.8444,0.1244,7.2165,6.9485,4.5832,2.3653,0.0002,22666.6776,NA
parkey.exe,27808,0x12E93FCD700,DXGI,0,0,1,Hardware Composed: Independent Flip,22680.5241,NA,7.00210000000000,6.94470000000000,0.12940000000000,7.25860000000000,20.7229,22673.6464,7.0071,6.8777,0.1294,7.2297,6.9066,4.6053,2.3013,0.0241,22673.6464,NA
parkey.exe,27808,0x12E93FCD700,DXGI,0,0,1,Hardware Composed: Independent Flip,22687.4210,NA,6.89690000000000,6.95190000000000,0.12030000000000,7.29240000000000,20.7779,22680.6535,6.8878,6.7675,0.1203,7.1506,6.9093,4.5724,2.3369,0.0552,22680.6535,NA
parkey.exe,27808,0x12E93FCD700,DXGI,0,0,1,Hardware Composed: Independent Flip,22694.3766,NA,6.95560000000000,6.94650000000000,0.14050000000000,7.27400000000000,20.7688,22687.5413,6.9758,6.8353,0.1405,7.2272,6.8821,4.5676,2.3145,-0.0587,22687.5413,NA
parkey.exe,27808,0x12E93FCD700,DXGI,0,0,1,Hardware Composed: Independent Flip,22701.3135,NA,6.93690000000000,6.94120000000000,0.12410000000000,7.36450000000000,20.7731,22694.5171,6.9205,6.7964,0.1241,7.2232,6.9377,6.3279,0.6098,0.0346,22694.5171,NA
parkey.exe,27808,0x12E93FCD700,DXGI,0,0,1,Hardware Composed: Independent Flip,22708.2758,NA,6.96230000000000,6.96230000000000,0.12420000000000,7.28590000000000,20.7731,22701.4376,6.9624,6.8382,0.1242,7.2690,6.8551,4.5913,2.2638,-0.0418,22701.4376,NA
parkey.exe,27808,0x12E93FCD700,DXGI,0,0,1,Hardware Composed: Independent Flip,22715.2086,NA,6.93280000000000,6.94250000000000,0.13420000000000,7.29890000000000,20.7828,22708.4000,6.9428,6.8086,0.1342,7.2025,6.9050,5.3835,1.5215,0.0199,22708.4000,NA
parkey.exe,27808,0x12E93FCD700,DXGI,0,0,1,Hardware Composed: Independent Flip,22722.1604,NA,6.95180000000000,6.94950000000000,0.12300000000000,7.32280000000000,20.7805,22715.3428,6.9406,6.8176,0.1230,7.1920,6.9484,4.6221,2.3263,-0.0067,22715.3428,NA
parkey.exe,27808,0x12E93FCD700,DXGI,0,0,1,Hardware Composed: Independent Flip,22729.1136,NA,6.95320000000000,6.95360000000000,0.11510000000000,7.58000000000000,20.7809,22722.2834,6.9453,6.8302,0.1151,7.2315,7.1787,4.8809,2.2978,-0.0130,22722.2834,NA
parkey.exe,27808,0x12E93FCD700,DXGI,0,0,1,Hardware Composed: Independent Flip,22736.0661,NA,6.95250000000000,6.94670000000000,0.10300000000000,7.29830000000000,20.7751,22729.2287,6.9404,6.8374,0.1030,7.4649,6.6708,4.7619,1.9089,-0.0014,22729.2287,NA
parkey.exe,27808,0x12E93FCD700,DXGI,0,0,1,Hardware Composed: Independent Flip,22743.0018,NA,6.93570000000000,6.95360000000000,0.10770000000000,7.30250000000000,20.7930,22736.1691,6.9404,6.8327,0.1077,7.2288,6.9064,5.4490,1.4574,-0.0132,22736.1691,NA
parkey.exe,27808,0x12E93FCD700,DXGI,0,0,1,Hardware Composed: Independent Flip,22749.9593,NA,6.95750000000000,6.95390000000000,0.11660000000000,7.29590000000000,20.7894,22743.1095,6.9664,6.8498,0.1166,7.2272,6.9185,5.7675,1.1510,-0.0135,22743.1095,NA
parkey.exe,27808,0x12E93FCD700,DXGI,0,0,1,Hardware Composed: Independent Flip,22756.9169,NA,6.95760000000000,6.95030000000000,0.12640000000000,7.32750000000000,20.7821,22750.0759,6.9674,6.8410,0.1264,7.2046,6.9639,4.6133,2.3506,0.0161,22750.0759,NA
parkey.exe,27808,0x12E93FCD700,DXGI,0,0,1,Hardware Composed: Independent Flip,22763.8665,NA,6.94960000000000,6.94530000000000,0.11710000000000,7.30100000000000,20.7778,22757.0433,6.9403,6.8232,0.1171,7.2359,6.8883,4.5828,2.3055,0.0221,22757.0433,NA
parkey.exe,27808,0x12E93FCD700,DXGI,0,0,1,Hardware Composed: Independent Flip,22770.8220,NA,6.95550000000000,6.96360000000000,0.12180000000000,7.28360000000000,20.7859,22763.9836,6.9602,6.8384,0.1218,7.2123,6.9097,4.5723,2.3374,-0.0233,22763.9836,NA
parkey.exe,27808,0x12E93FCD700,DXGI,0,0,1,Hardware Composed: Independent Flip,22777.7674,NA,6.94540000000000,6.93780000000000,0.14380000000000,7.31140000000000,20.7783,22770.9438,6.9674,6.8236,0.1438,7.2123,6.9227,4.5976,2.3251,0.0224,22770.9438,NA
parkey.exe,27808,0x12E93FCD700,DXGI,0,0,1,Hardware Composed: Independent Flip,22784.7016,NA,6.93420000000000,6.95820000000000,0.09580000000000,7.21670000000000,20.8023,22777.9112,6.8862,6.7904,0.0958,7.2319,6.7752,6.0643,0.7109,0.0092,22777.9112,NA
parkey.exe,27808,0x12E93FCD700,DXGI,0,0,1,Hardware Composed: Independent Flip,22791.7035,NA,7.00190000000000,6.93320000000000,0.13170000000000,7.26140000000000,20.7336,22784.7974,7.0378,6.9061,0.1317,7.1538,7.0137,4.5767,2.4370,-0.0470,22784.7974,NA
parkey.exe,27808,0x12E93FCD700,DXGI,0,0,1,Hardware Composed: Independent Flip,22798.6116,NA,6.90810000000000,6.96380000000000,0.12160000000000,7.33370000000000,20.7893,22791.8352,6.8980,6.7764,0.1216,7.1606,6.9495,5.3872,1.5623,0.0740,22791.8352,NA
parkey.exe,27808,0x12E93FCD700,DXGI,0,0,1,Hardware Composed: Independent Flip,22805.5973,NA,6.98570000000000,6.95670000000000,0.14170000000000,7.25530000000000,20.7603,22798.7332,7.0058,6.8641,0.1417,7.2355,6.8839,4.5926,2.2913,-0.0587,22798.7332,NA
parkey.exe,27808,0x12E93FCD700,DXGI,0,0,1,Hardware Composed: Independent Flip,22812.5084,NA,6.91110000000000,6.94740000000000,0.11970000000000,7.84800000000000,20.7966,22805.7390,6.8891,6.7694,0.1197,7.1427,7.4747,5.1347,2.3400,0.0584,22805.7390,NA
parkey.exe,27808,0x12E93FCD700,DXGI,0,0,1,Hardware Composed: Independent Flip,22819.4848,NA,6.97640000000000,6.94780000000000,0.10850000000000,7.30920000000000,20.7680,22812.6281,6.9652,6.8567,0.1085,7.7283,6.4376,4.7279,1.7097,-0.0587,22812.6281,NA
parkey.exe,27808,0x12E93FCD700,DXGI,0,0,1,Hardware Composed: Independent Flip,22826.4377,NA,6.95290000000000,6.94700000000000,0.13540000000000,7.28520000000000,20.7621,22819.5933,6.9798,6.8444,0.1354,7.2434,6.8862,4.5843,2.3019,0.0182,22819.5933,NA
parkey.exe,27808,0x12E93FCD700,DXGI,0,0,1,Hardware Composed: Independent Flip,22833.3749,NA,6.93720000000000,6.96320000000000,0.13370000000000,7.29950000000000,20.7881,22826.5731,6.9355,6.8018,0.1337,7.1865,6.9148,5.7539,1.1609,0.0166,22826.5731,NA
parkey.exe,27808,0x12E93FCD700,DXGI,0,0,1,Hardware Composed: Independent Flip,22840.3337,NA,6.95880000000000,6.96270000000000,0.15270000000000,7.30330000000000,20.7920,22833.5086,6.9778,6.8251,0.1527,7.1957,6.9327,4.5917,2.3410,-0.0272,22833.5086,NA
parkey.exe,27808,0x12E93FCD700,DXGI,0,0,1,Hardware Composed: Independent Flip,22847.2649,NA,6.93120000000000,6.93930000000000,0.11900000000000,7.31550000000000,20.8001,22840.4864,6.8975,6.7785,0.1190,7.1844,6.9096,4.5927,2.3169,0.0385,22840.4864,NA
parkey.exe,27808,0x12E93FCD700,DXGI,0,0,1,Hardware Composed: Independent Flip,22854.2461,NA,6.98120000000000,6.94780000000000,0.15260000000000,7.30500000000000,20.7667,22847.3839,7.0148,6.8622,0.1526,7.2268,6.9404,4.6017,2.3387,-0.0503,22847.3839,NA
parkey.exe,27808,0x12E93FCD700,DXGI,0,0,1,Hardware Composed: Independent Flip,22861.2123,NA,6.96620000000000,6.93800000000000,0.16300000000000,7.28780000000000,20.7385,22854.3987,6.9766,6.8136,0.1630,7.1849,6.9165,4.5771,2.3394,0.0768,22854.3987,NA
parkey.exe,27808,0x12E93FCD700,DXGI,0,0,1,Hardware Composed: Independent Flip,22868.1509,NA,6.93860000000000,6.94880000000000,0.16130000000000,7.28760000000000,20.7487,22861.3753,6.9369,6.7756,0.1613,7.1584,6.9048,5.7734,1.1314,0.0278,22861.3753,NA
parkey.exe,27808,0x12E93FCD700,DXGI,0,0,1,Hardware Composed: Independent Flip,22875.0932,NA,6.94230000000000,6.95080000000000,0.15570000000000,7.28120000000000,20.7572,22868.3122,6.9367,6.7810,0.1557,7.1567,6.9055,4.5941,2.3114,-0.0139,22868.3122,NA
parkey.exe,27808,0x12E93FCD700,DXGI,0,0,1,Hardware Composed: Independent Flip,22882.0193,NA,6.92610000000000,6.95190000000000,0.11640000000000,7.29460000000000,20.7830,22875.2489,6.8868,6.7704,0.1164,7.1547,6.9103,5.3524,1.5579,-0.0152,22875.2489,NA
parkey.exe,27808,0x12E93FCD700,DXGI,0,0,1,Hardware Composed: Independent Flip,22888.9716,NA,6.95230000000000,6.94850000000000,0.11560000000000,7.29940000000000,20.7792,22882.1357,6.9515,6.8359,0.1156,7.2036,6.9317,4.6117,2.3200,-0.0617,22882.1357,NA
parkey.exe,27808,0x12E93FCD700,DXGI,0,0,1,Hardware Composed: Independent Flip,22895.9156,NA,6.94400000000000,6.92600000000000,0.11370000000000,7.83390000000000,20.7612,22889.0872,6.9421,6.8284,0.1137,7.2127,7.4496,5.1093,2.3403,0.0255,22889.0872,NA
parkey.exe,27808,0x12E93FCD700,DXGI,0,0,1,Hardware Composed: Independent Flip,22902.8799,NA,6.96430000000000,6.98910000000000,0.14520000000000,7.58800000000000,20.7860,22896.0293,6.9958,6.8506,0.1452,7.7202,6.7184,6.6278,0.0906,-0.0470,22896.0293,NA
parkey.exe,27808,0x12E93FCD700,DXGI,0,0,1,Hardware Composed: Independent Flip,22909.8189,NA,6.93900000000000,6.94150000000000,0.12030000000000,7.26070000000000,20.7885,22903.0251,6.9141,6.7938,0.1203,7.4428,6.6117,6.0324,0.5793,0.0543,22903.0251,NA
parkey.exe,27808,0x12E93FCD700,DXGI,0,0,1,Hardware Composed: Independent Flip,22916.8030,NA,6.98410000000000,6.94530000000000,0.12170000000000,7.28200000000000,20.7497,22909.9392,6.9855,6.8638,0.1217,7.1931,6.9527,5.7585,1.1942,-0.0312,22909.9392,NA
parkey.exe,27808,0x12E93FCD700,DXGI,0,0,1,Hardware Composed: Independent Flip,22923.7856,NA,6.98260000000000,6.95300000000000,0.10520000000000,7.23860000000000,20.7201,22916.9247,6.9661,6.8609,0.1052,7.1852,6.9143,4.6022,2.3121,0.0325,22916.9247,NA
parkey.exe,27808,0x12E93FCD700,DXGI,0,0,1,Hardware Composed: Independent Flip,22930.6747,NA,6.88910000000000,6.93500000000000,0.11820000000000,7.29160000000000,20.7660,22923.8908,6.9021,6.7839,0.1182,7.1629,6.9126,4.5847,2.3279,0.0311,22923.8908,NA
parkey.exe,27808,0x12E93FCD700,DXGI,0,0,1,Hardware Composed: Independent Flip,22937.6224,NA,6.94770000000000,6.97540000000000,0.11810000000000,7.30410000000000,20.7937,22930.7929,6.9476,6.8295,0.1181,7.1987,6.9349,4.5941,2.3408,-0.0733,22930.7929,NA
parkey.exe,27808,0x12E93FCD700,DXGI,0,0,1,Hardware Composed: Independent Flip,22944.5680,NA,6.94560000000000,6.94180000000000,0.11000000000000,7.28000000000000,20.7899,22937.7405,6.9375,6.8275,0.1100,7.2493,6.8582,4.5814,2.2768,0.0058,22937.7405,NA
parkey.exe,27808,0x12E93FCD700,DXGI,0,0,1,Hardware Composed: Independent Flip,22951.5021,NA,6.93410000000000,6.94560000000000,0.11380000000000,7.32420000000000,20.8014,22944.6780,6.9379,6.8241,0.1138,7.2192,6.9291,6.2369,0.6922,-0.0081,22944.6780,NA
parkey.exe,27808,0x12E93FCD700,DXGI,0,0,1,Hardware Composed: Independent Flip,22958.5007,NA,6.99860000000000,6.94990000000000,0.14340000000000,7.29310000000000,20.7527,22951.6159,7.0282,6.8848,0.1434,7.2679,6.9100,4.6211,2.2889,-0.0120,22951.6159,NA
parkey.exe,27808,0x12E93FCD700,DXGI,0,0,1,Hardware Composed: Independent Flip,22965.4323,NA,6.93160000000000,6.94160000000000,0.16000000000000,7.29230000000000,20.7627,22958.6441,6.9482,6.7882,0.1600,7.1778,6.9027,5.3336,1.5691,0.0866,22958.6441,NA
parkey.exe,27808,0x12E93FCD700,DXGI,0,0,1,Hardware Composed: Independent Flip,22972.3821,NA,6.94980000000000,6.95070000000000,0.13840000000000,7.29280000000000,20.7636,22965.5923,6.9282,6.7898,0.1384,7.1555,6.9271,4.5816,2.3455,-0.0025,22965.5923,NA
parkey.exe,27808,0x12E93FCD700,DXGI,0,0,1,Hardware Composed: Independent Flip,22979.3202,NA,6.93810000000000,6.95220000000000,0.11930000000000,7.62400000000000,20.7777,22972.5205,6.9190,6.7997,0.1193,7.1846,7.2391,4.9261,2.3130,-0.0240,22972.5205,NA
