Application,ProcessID,SwapChainAddress,PresentRuntime,SyncInterval,PresentFlags,AllowsTearing,PresentMode,TimeInMs,MsBetweenSimulationStart,MsBetweenPresents,MsBetweenDisplayChange,MsInPresentAPI,MsRenderPresentLatency,MsUntilDisplayed,CPUStartTimeInMs,MsBetweenAppStart,MsCPUBusy,MsCPUWait,MsGPULatency,MsGPUTime,MsGPUBusy,MsGPUWait,MsAnimationError,AnimationTime,MsFlipDelay
parkey.exe,41688,0x23B9193FB10,DXGI,1,0,0,Composed: Flip,8031.6025,NA,13.87750000000000,19.28640000000000,0.12930000000000,0.41360000000000,33.0017,8017.8399,13.8919,13.7626,0.1293,0.3106,13.8656,8.8527,5.0129,-5.4688,8017.8399,NA
parkey.exe,41688,0x23B9193FB10,DXGI,1,0,0,Composed: Flip,8052.4798,NA,20.87730000000000,15.45100000000000,0.13360000000000,0.42070000000000,27.5754,8031.7318,20.8816,20.7480,0.1336,0.3392,20.8295,8.7377,12.0918,-1.5591,8031.7318,NA
parkey.exe,41688,0x23B9193FB10,DXGI,1,0,0,Composed: Flip,8066.3194,NA,13.83960000000000,17.90030000000000,0.14430000000000,0.41290000000000,31.6361,8052.6134,13.8503,13.7060,0.1443,0.3264,13.7925,8.8455,4.9470,2.9813,8052.6134,NA
parkey.exe,41688,0x23B9193FB10,DXGI,1,0,0,Composed: Flip,8087.2388,NA,20.91940000000000,16.69000000000000,0.12830000000000,0.41980000000000,27.4067,8066.4637,20.9034,20.7751,0.1283,0.3238,20.8711,8.7546,12.1165,-2.8397,8066.4637,NA
parkey.exe,41688,0x23B9193FB10,DXGI,1,0,0,Composed: Flip,8101.0242,NA,13.78540000000000,14.03320000000000,0.10800000000000,0.39650000000000,27.6545,8087.3671,13.7651,13.6571,0.1080,0.3263,13.7273,8.8032,4.9241,6.8702,8087.3671,NA
parkey.exe,41688,0x23B9193FB10,DXGI,1,0,0,Composed: Flip,8115.2036,NA,14.17940000000000,19.32260000000000,0.15060000000000,0.41600000000000,32.7977,8101.1322,14.2220,14.0714,0.1506,0.3244,14.1630,8.8660,5.2970,-5.5575,8101.1322,NA
parkey.exe,41688,0x23B9193FB10,DXGI,1,0,0,Composed: Flip,8135.8059,NA,20.60230000000000,15.40010000000000,0.13130000000000,0.41930000000000,27.5955,8115.3542,20.5830,20.4517,0.1313,0.3011,20.5699,8.7461,11.8238,-1.1781,8115.3542,NA
parkey.exe,41688,0x23B9193FB10,DXGI,1,0,0,Composed: Flip,8149.7256,NA,13.91970000000000,17.95630000000000,0.13450000000000,0.77110000000000,31.6321,8135.9372,13.9229,13.7884,0.1345,0.3171,14.2424,9.1780,5.0644,2.6267,8135.9372,NA
parkey.exe,41688,0x23B9193FB10,DXGI,1,0,0,Composed: Flip,8170.5443,NA,20.81870000000000,16.68830000000000,0.14070000000000,0.42130000000000,27.5017,8149.8601,20.8249,20.6842,0.1407,0.6366,20.4689,8.8832,11.5857,-2.7654,8149.8601,NA
parkey.exe,41688,0x23B9193FB10,DXGI,1,0,0,Composed: Flip,8184.4102,NA,13.86590000000000,13.97590000000000,0.12700000000000,0.40680000000000,27.6117,8170.6850,13.8522,13.7252,0.1270,0.3176,13.8144,8.8274,4.9870,6.8490,8170.6850,NA
parkey.exe,41688,0x23B9193FB10,DXGI,1,0,0,Composed: Flip,8198.3200,NA,13.90980000000000,19.38370000000000,0.14400000000000,0.39180000000000,33.0856,8184.5372,13.9268,13.7828,0.1440,0.3055,13.8691,8.8129,5.0562,-5.5315,8184.5372,NA
parkey.exe,41688,0x23B9193FB10,DXGI,1,0,0,Composed: Flip,8219.2784,NA,20.95840000000000,15.34010000000000,0.13600000000000,0.42950000000000,27.4673,8198.4640,20.9504,20.8144,0.1360,0.2940,20.9499,8.7188,12.2311,-1.4133,8198.4640,NA
parkey.exe,41688,0x23B9193FB10,DXGI,1,0,0,Composed: Flip,8233.0474,NA,13.76900000000000,18.01160000000000,0.12170000000000,0.81210000000000,31.7099,8219.4144,13.7547,13.6330,0.1217,0.3531,14.0920,8.9061,5.1859,2.9388,8219.4144,NA
parkey.exe,41688,0x23B9193FB10,DXGI,1,0,0,Composed: Flip,8253.9359,NA,20.88850000000000,16.73370000000000,0.16720000000000,0.39810000000000,27.5551,8233.1691,20.9340,20.7668,0.1672,0.6904,20.4745,8.8202,11.6543,-2.9790,8233.1691,NA
parkey.exe,41688,0x23B9193FB10,DXGI,1,0,0,Composed: Flip,8267.7239,NA,13.78800000000000,13.87000000000000,0.10330000000000,0.41680000000000,27.6371,8254.1031,13.7241,13.6208,0.1033,0.2678,13.7698,8.8057,4.9641,7.0640,8254.1031,NA
parkey.exe,41688,0x23B9193FB10,DXGI,1,0,0,Composed: Flip,8281.7298,NA,14.00590000000000,19.44090000000000,0.15340000000000,0.38930000000000,33.0721,8267.8272,14.0560,13.9026,0.1534,0.3437,13.9482,8.7030,5.2452,-5.7168,8267.8272,NA
parkey.exe,41688,0x23B9193FB10,DXGI,1,0,0,Composed: Flip,8302.5374,NA,20.80760000000000,15.29110000000000,0.14070000000000,0.40920000000000,27.5556,8281.8832,20.7949,20.6542,0.1407,0.2828,20.7806,8.7729,12.0077,-1.2351,8281.8832,NA
parkey.exe,41688,0x23B9193FB10,DXGI,1,0,0,Composed: Flip,8316.3693,NA,13.83190000000000,18.06750000000000,0.14600000000000,0.39650000000000,31.7912,8302.6781,13.8372,13.6912,0.1460,0.3076,13.7801,8.7578,5.0223,2.7274,8302.6781,NA
parkey.exe,41688,0x23B9193FB10,DXGI,1,0,0,Composed: Flip,8337.2974,NA,20.92810000000000,16.67050000000000,0.13200000000000,0.41310000000000,27.5336,8316.5153,20.9141,20.7821,0.1320,0.2834,20.9118,8.7155,12.1963,-2.8333,8316.5153,NA
parkey.exe,41688,0x23B9193FB10,DXGI,1,0,0,Composed: Flip,8351.1079,NA,13.81050000000000,13.89670000000000,0.11390000000000,0.40170000000000,27.6198,8337.4294,13.7924,13.6785,0.1139,0.3441,13.7361,8.8037,4.9324,7.0174,8337.4294,NA
parkey.exe,41688,0x23B9193FB10,DXGI,1,0,0,Composed: Flip,8365.0066,NA,13.89870000000000,19.48370000000000,0.13850000000000,0.38610000000000,33.2048,8351.2218,13.9233,13.7848,0.1385,0.3121,13.8588,8.7288,5.1300,-5.6913,8351.2218,NA
parkey.exe,41688,0x23B9193FB10,DXGI,1,0,0,Composed: Flip,8385.9558,NA,20.94920000000000,15.24440000000000,0.14500000000000,0.39350000000000,27.5000,8365.1451,20.9557,20.8107,0.1450,0.3140,20.8902,8.7028,12.1874,-1.3211,8365.1451,NA
parkey.exe,41688,0x23B9193FB10,DXGI,1,0,0,Composed: Flip,8399.7450,NA,13.78920000000000,18.11720000000000,0.11500000000000,0.94660000000000,31.8280,8386.1008,13.7592,13.6442,0.1150,0.3185,14.2723,9.0060,5.2663,2.8385,8386.1008,NA
parkey.exe,41688,0x23B9193FB10,DXGI,1,0,0,Composed: Flip,8420.5638,NA,20.81880000000000,16.67530000000000,0.12660000000000,0.40180000000000,27.6845,8399.8600,20.8304,20.7038,0.1266,0.8316,20.2740,8.8855,11.3885,-2.9161,8399.8600,NA
parkey.exe,41688,0x23B9193FB10,DXGI,1,0,0,Composed: Flip,8434.5107,NA,13.94690000000000,16.68310000000000,0.12400000000000,0.40390000000000,30.4207,8420.6904,13.9443,13.8203,0.1240,0.3061,13.9181,8.8578,5.0603,4.1473,8420.6904,NA
parkey.exe,41688,0x23B9193FB10,DXGI,1,0,0,Composed: Flip,8448.2794,NA,13.76870000000000,16.68850000000000,0.15090000000000,0.41420000000000,33.3405,8434.6347,13.7956,13.6447,0.1509,0.3100,13.7489,8.4706,5.2783,-2.7442,8434.6347,NA
parkey.exe,41688,0x23B9193FB10,DXGI,1,0,0,Composed: Flip,8469.2337,NA,20.95430000000000,16.67760000000000,0.12320000000000,0.42430000000000,29.0638,8448.4303,20.9266,20.8034,0.1232,0.3072,20.9205,8.8560,12.0645,-2.8820,8448.4303,NA
parkey.exe,41688,0x23B9193FB10,DXGI,1,0,0,Composed: Flip,8483.0978,NA,13.86410000000000,16.67620000000000,0.13500000000000,0.74090000000000,31.8759,8469.3569,13.8759,13.7409,0.1350,0.3343,14.1475,8.7340,5.4135,4.2504,8469.3569,NA
parkey.exe,41688,0x23B9193FB10,DXGI,1,0,0,Composed: Flip,8503.9108,NA,20.81300000000000,16.50640000000000,0.14890000000000,0.40900000000000,27.5693,8483.2328,20.8269,20.6780,0.1489,0.6059,20.4811,8.4061,12.0750,-2.6305,8483.2328,NA
parkey.exe,41688,0x23B9193FB10,DXGI,1,0,0,Composed: Flip,8517.8878,NA,13.97700000000000,7.04190000000000,0.13990000000000,0.40280000000000,20.6342,8504.0597,13.9680,13.8281,0.1399,0.2911,13.9398,8.7584,5.1814,13.7850,8504.0597,NA
parkey.exe,41688,0x23B9193FB10,DXGI,1,0,0,Composed: Flip,8531.7011,NA,13.81330000000000,26.49180000000000,0.15190000000000,0.41430000000000,33.3127,8518.0277,13.8253,13.6734,0.1519,0.2950,13.7927,8.6960,5.0967,-12.5238,8518.0277,NA
parkey.exe,41688,0x23B9193FB10,DXGI,1,0,0,Composed: Flip,8552.6015,NA,20.90040000000000,8.13420000000000,0.12130000000000,0.38480000000000,20.5465,8531.8530,20.8698,20.7485,0.1213,0.3117,20.8216,8.6886,12.1330,5.6911,8531.8530,NA
parkey.exe,41688,0x23B9193FB10,DXGI,1,0,0,Composed: Flip,8566.4473,NA,13.84580000000000,25.22270000000000,0.15380000000000,0.93610000000000,31.9234,8552.7228,13.8783,13.7245,0.1538,0.3196,14.3410,9.4244,4.9166,-4.3529,8552.7228,NA
parkey.exe,41688,0x23B9193FB10,DXGI,1,0,0,Composed: Flip,8587.3677,NA,20.92040000000000,9.50290000000000,0.14050000000000,0.42140000000000,20.5059,8566.6011,20.9071,20.7666,0.1405,0.7823,20.4057,8.6022,11.8035,4.3754,8566.6011,NA
parkey.exe,41688,0x23B9193FB10,DXGI,1,0,0,Composed: Flip,8601.1431,NA,13.77540000000000,13.89740000000000,0.13870000000000,0.39280000000000,20.6279,8587.5082,13.7736,13.6349,0.1387,0.3285,13.6992,9.0664,4.6328,7.0097,8587.5082,NA
parkey.exe,41688,0x23B9193FB10,DXGI,1,0,0,Composed: Flip,8615.0518,NA,13.90870000000000,26.66090000000000,0.14300000000000,0.39350000000000,33.3801,8601.2818,13.9130,13.7700,0.1430,0.2822,13.8813,8.6829,5.1984,-12.8873,8601.2818,NA
parkey.exe,41688,0x23B9193FB10,DXGI,1,0,0,Composed: Flip,8635.9596,NA,20.90780000000000,8.11610000000000,0.14440000000000,0.40670000000000,20.5884,8615.1948,20.9092,20.7648,0.1444,0.3271,20.8444,8.6334,12.2110,5.7969,8615.1948,NA
parkey.exe,41688,0x23B9193FB10,DXGI,1,0,0,Composed: Flip,8649.7678,NA,13.80820000000000,25.23070000000000,0.12680000000000,0.92870000000000,32.0109,8636.1040,13.7906,13.6638,0.1268,0.3107,14.2818,9.6694,4.6124,-4.3215,8636.1040,NA
parkey.exe,41688,0x23B9193FB10,DXGI,1,0,0,Composed: Flip,8670.6756,NA,20.90780000000000,16.68980000000000,0.15780000000000,0.41910000000000,27.7929,8649.8946,20.9388,20.7810,0.1578,0.8019,20.3982,9.2260,11.1722,-2.8992,8649.8946,NA
parkey.exe,41688,0x23B9193FB10,DXGI,1,0,0,Composed: Flip,8684.5577,NA,13.88210000000000,6.65300000000000,0.14030000000000,0.40200000000000,20.5638,8670.8334,13.8646,13.7243,0.1403,0.2975,13.8288,8.7316,5.0972,14.2858,8670.8334,NA
parkey.exe,41688,0x23B9193FB10,DXGI,1,0,0,Composed: Flip,8698.3710,NA,13.81330000000000,26.69240000000000,0.16900000000000,0.39390000000000,33.4429,8684.6980,13.8420,13.6730,0.1690,0.2901,13.7768,8.4604,5.3164,-12.8278,8684.6980,NA
parkey.exe,41688,0x23B9193FB10,DXGI,1,0,0,Composed: Flip,8719.3163,NA,20.94530000000000,16.68320000000000,0.13750000000000,0.39850000000000,29.1808,8698.5400,20.9138,20.7763,0.1375,0.2698,20.9050,8.6563,12.2487,-2.8412,8698.5400,NA
parkey.exe,41688,0x23B9193FB10,DXGI,1,0,0,Composed: Flip,8733.0954,NA,13.77910000000000,16.67370000000000,0.13660000000000,0.80280000000000,32.0754,8719.4538,13.7782,13.6416,0.1366,0.2963,14.1481,9.1530,4.9951,4.2401,8719.4538,NA
parkey.exe,41688,0x23B9193FB10,DXGI,1,0,0,Composed: Flip,8754.0577,NA,20.96230000000000,16.40550000000000,0.16610000000000,0.41170000000000,27.5186,8733.2320,20.9918,20.8257,0.1661,0.6662,20.5712,8.9169,11.6543,-2.6273,8733.2320,NA
parkey.exe,41688,0x23B9193FB10,DXGI,1,0,0,Composed: Flip,8767.8781,NA,13.82040000000000,13.88990000000000,0.12190000000000,0.40020000000000,27.5881,8754.2238,13.7762,13.6543,0.1219,0.3017,13.7528,8.8191,4.9337,7.1019,8754.2238,NA
parkey.exe,41688,0x23B9193FB10,DXGI,1,0,0,Composed: Flip,8781.7596,NA,13.88150000000000,19.75010000000000,0.19460000000000,0.38920000000000,33.4567,8768.0000,13.9542,13.7596,0.1946,0.3108,13.8380,8.7403,5.0977,-5.9739,8768.0000,NA
parkey.exe,41688,0x23B9193FB10,DXGI,1,0,0,Composed: Flip,8802.6624,NA,20.90280000000000,14.97620000000000,0.14160000000000,0.39900000000000,27.5301,8781.9542,20.8498,20.7082,0.1416,0.2401,20.8671,8.7398,12.1273,-1.0220,8781.9542,NA
parkey.exe,41688,0x23B9193FB10,DXGI,1,0,0,Composed: Flip,8816.5288,NA,13.86640000000000,18.38130000000000,0.17260000000000,0.40170000000000,32.0450,8802.8040,13.8974,13.7248,0.1726,0.2903,13.8362,8.8166,5.0196,2.4685,8802.8040,NA
parkey.exe,41688,0x23B9193FB10,DXGI,1,0,0,Composed: Flip,8837.4048,NA,20.87600000000000,16.33980000000000,0.14500000000000,0.40430000000000,27.5088,8816.7014,20.8484,20.7034,0.1450,0.2636,20.8441,8.7411,12.1030,-2.4424,8816.7014,NA
parkey.exe,41688,0x23B9193FB10,DXGI,1,0,0,Composed: Flip,8851.2688,NA,13.86400000000000,13.91280000000000,0.12300000000000,0.39830000000000,27.5576,8837.5498,13.8420,13.7190,0.1230,0.2909,13.8264,8.8404,4.9860,6.9356,8837.5498,NA
parkey.exe,41688,0x23B9193FB10,DXGI,1,0,0,Composed: Flip,8865.0985,NA,13.82970000000000,19.79320000000000,0.11660000000000,0.40830000000000,33.5211,8851.3918,13.8233,13.7067,0.1166,0.3107,13.8043,8.6954,5.1089,-5.9512,8851.3918,NA
parkey.exe,41688,0x23B9193FB10,DXGI,1,0,0,Composed: Flip,8886.0236,NA,20.92510000000000,14.90890000000000,0.16130000000000,0.42560000000000,27.5049,8865.2151,20.9698,20.8085,0.1613,0.3299,20.9042,8.7343,12.1699,-1.0856,8865.2151,NA
parkey.exe,41688,0x23B9193FB10,DXGI,1,0,0,Composed: Flip,8899.8793,NA,13.85570000000000,18.44920000000000,0.12650000000000,1.00340000000000,32.0984,8886.1849,13.8209,13.6944,0.1265,0.2965,14.4013,9.4312,4.9701,2.5206,8886.1849,NA
parkey.exe,41688,0x23B9193FB10,DXGI,1,0,0,Composed: Flip,8920.6885,NA,20.80920000000000,9.28600000000000,0.13700000000000,0.38250000000000,20.5752,8900.0058,20.8197,20.6827,0.1370,0.8769,20.1883,8.8612,11.3271,4.5349,8900.0058,NA
parkey.exe,41688,0x23B9193FB10,DXGI,1,0,0,Composed: Flip,8934.4917,NA,13.80320000000000,24.07390000000000,0.11330000000000,0.40420000000000,30.8459,8920.8255,13.7795,13.6662,0.1133,0.3022,13.7682,8.8563,4.9119,-3.2542,8920.8255,NA
parkey.exe,41688,0x23B9193FB10,DXGI,1,0,0,Composed: Flip,8948.3627,NA,13.87100000000000,16.67820000000000,0.14320000000000,0.42520000000000,33.6531,8934.6050,13.9009,13.7577,0.1432,0.3125,13.8704,8.7041,5.1663,-2.8987,8934.6050,NA
parkey.exe,41688,0x23B9193FB10,DXGI,1,0,0,Composed: Flip,8969.3286,NA,20.96590000000000,16.67670000000000,0.13380000000000,0.42560000000000,29.3639,8948.5059,20.9565,20.8227,0.1338,0.6207,20.6276,8.9029,11.7247,-2.7758,8948.5059,NA
parkey.exe,41688,0x23B9193FB10,DXGI,1,0,0,Composed: Flip,8983.1808,NA,13.85220000000000,16.68050000000000,0.15930000000000,0.80780000000000,32.1922,8969.4624,13.8777,13.7184,0.1593,0.3278,14.1984,9.1664,5.0320,4.2760,8969.4624,NA
parkey.exe,41688,0x23B9193FB10,DXGI,1,0,0,Composed: Flip,9004.0076,NA,20.82680000000000,9.24070000000000,0.15250000000000,0.40360000000000,20.6061,8983.3401,20.8200,20.6675,0.1525,0.6485,20.4226,8.9701,11.4525,4.6370,8983.3401,NA
parkey.exe,41688,0x23B9193FB10,DXGI,1,0,0,Composed: Flip,9017.8826,NA,13.87500000000000,24.16610000000000,0.11330000000000,0.30210000000000,30.8972,9004.1601,13.8358,13.7225,0.1133,0.5555,13.4691,8.2205,5.2486,-3.3461,9004.1601,NA
parkey.exe,41688,0x23B9193FB10,DXGI,1,0,0,Composed: Flip,9031.7120,NA,13.82940000000000,16.63700000000000,0.11790000000000,0.43110000000000,33.7048,9017.9959,13.8340,13.7161,0.1179,0.2114,13.9358,8.6923,5.2435,-2.8012,9017.9959,NA
parkey.exe,41688,0x23B9193FB10,DXGI,1,0,0,Composed: Flip,9052.6672,NA,20.95520000000000,16.67910000000000,0.11690000000000,0.39350000000000,29.4287,9031.8299,20.9542,20.8373,0.1169,0.4655,20.7653,8.9124,11.8529,-2.8451,9031.8299,NA
parkey.exe,41688,0x23B9193FB10,DXGI,1,0,0,Composed: Flip,9066.4198,NA,13.75260000000000,16.71730000000000,0.12790000000000,0.80360000000000,32.3934,9052.7841,13.7636,13.6357,0.1279,0.3071,14.1322,9.1786,4.9536,4.2369,9052.7841,NA
parkey.exe,41688,0x23B9193FB10,DXGI,1,0,0,Composed: Flip,9087.3438,NA,20.92400000000000,16.65420000000000,0.12990000000000,0.42080000000000,28.1236,9066.5477,20.9260,20.7961,0.1299,0.6757,20.5412,9.0996,11.4416,-2.8906,9066.5477,NA
parkey.exe,41688,0x23B9193FB10,DXGI,1,0,0,Composed: Flip,9101.2764,NA,13.93260000000000,6.38690000000000,0.13800000000000,0.79520000000000,20.5779,9087.4737,13.9407,13.8027,0.1380,0.3215,14.2764,9.1418,5.1346,14.5391,9087.4737,NA
parkey.exe,41688,0x23B9193FB10,DXGI,1,0,0,Composed: Flip,9115.0552,NA,13.77880000000000,26.97080000000000,0.10940000000000,0.40160000000000,33.7699,9101.4144,13.7502,13.6408,0.1094,0.6572,13.3852,8.9206,4.4646,-13.0301,9101.4144,NA
parkey.exe,41688,0x23B9193FB10,DXGI,1,0,0,Composed: Flip,9136.0138,NA,20.95860000000000,16.66800000000000,0.13990000000000,0.41220000000000,29.4793,9115.1646,20.9891,20.8492,0.1399,0.3332,20.9282,8.6703,12.2579,-2.9178,9115.1646,NA
parkey.exe,41688,0x23B9193FB10,DXGI,1,0,0,Composed: Flip,9149.8804,NA,13.86660000000000,16.68880000000000,0.14750000000000,0.83070000000000,32.3015,9136.1537,13.8742,13.7267,0.1475,0.3077,14.2497,9.2560,4.9937,4.3003,9136.1537,NA
parkey.exe,41688,0x23B9193FB10,DXGI,1,0,0,Composed: Flip,9170.7267,NA,20.84630000000000,16.69290000000000,0.13470000000000,0.42530000000000,28.1481,9150.0279,20.8335,20.6988,0.1347,0.6832,20.4409,8.9729,11.4680,-2.8187,9150.0279,NA
parkey.exe,41688,0x23B9193FB10,DXGI,1,0,0,Composed: Flip,9184.5745,NA,13.84780000000000,16.66510000000000,0.12280000000000,0.30290000000000,30.9654,9170.8614,13.8359,13.7131,0.1228,0.4558,13.5602,8.2007,5.3595,4.1684,9170.8614,NA
parkey.exe,41688,0x23B9193FB10,DXGI,1,0,0,Composed: Flip,9198.4695,NA,13.89500000000000,16.68410000000000,0.14400000000000,0.39430000000000,33.7545,9184.6973,13.9162,13.7722,0.1440,0.2023,13.9642,8.7134,5.2508,-2.8482,9184.6973,NA
parkey.exe,41688,0x23B9193FB10,DXGI,1,0,0,Composed: Flip,9219.3392,NA,20.86970000000000,16.66980000000000,0.12910000000000,0.40470000000000,29.5546,9198.6135,20.8548,20.7257,0.1291,0.3015,20.8289,8.7266,12.1023,-2.7536,9198.6135,NA
parkey.exe,41688,0x23B9193FB10,DXGI,1,0,0,Composed: Flip,9233.1840,NA,13.84480000000000,16.69220000000000,0.15720000000000,0.41280000000000,32.4020,9219.4683,13.8729,13.7157,0.1572,0.3085,13.8200,8.4289,5.3911,4.1626,9219.4683,NA
parkey.exe,41688,0x23B9193FB10,DXGI,1,0,0,Composed: Flip,9254.1117,NA,20.92770000000000,16.68160000000000,0.16420000000000,0.40190000000000,28.1559,9233.3412,20.9347,20.7705,0.1642,0.2877,20.8847,8.8219,12.0628,-2.8087,9233.3412,NA
parkey.exe,41688,0x23B9193FB10,DXGI,1,0,0,Composed: Flip,9267.9713,NA,13.85960000000000,16.67440000000000,0.11090000000000,0.68780000000000,30.9707,9254.2759,13.8063,13.6954,0.1109,0.2728,14.1104,8.6755,5.4349,4.2603,9254.2759,NA
parkey.exe,41688,0x23B9193FB10,DXGI,1,0,0,Composed: Flip,9281.8002,NA,13.82890000000000,16.67930000000000,0.11680000000000,0.40350000000000,33.8211,9268.0822,13.8348,13.7180,0.1168,0.5769,13.5446,8.8080,4.7366,-2.8730,9268.0822,NA
parkey.exe,41688,0x23B9193FB10,DXGI,1,0,0,Composed: Flip,9302.6261,NA,20.82590000000000,16.68520000000000,0.13240000000000,0.40220000000000,29.6804,9281.9170,20.8415,20.7091,0.1324,0.5283,20.5830,8.3301,12.2529,-2.8504,9281.9170,NA
parkey.exe,41688,0x23B9193FB10,DXGI,1,0,0,Composed: Flip,9316.6054,NA,13.97930000000000,16.67430000000000,0.15140000000000,0.39910000000000,32.3754,9302.7585,13.9983,13.8469,0.1514,0.2987,13.9473,8.7655,5.1818,4.1672,9302.7585,NA
parkey.exe,41688,0x23B9193FB10,DXGI,1,0,0,Composed: Flip,9337.3450,NA,20.73960000000000,16.67830000000000,0.12850000000000,0.42360000000000,28.3141,9316.7568,20.7167,20.5882,0.1285,0.2773,20.7345,8.8557,11.8788,-2.6800,9316.7568,NA
parkey.exe,41688,0x23B9193FB10,DXGI,1,0,0,Composed: Flip,9351.3434,NA,13.99840000000000,16.68360000000000,0.15080000000000,0.42750000000000,30.9993,9337.4735,14.0207,13.8699,0.1508,0.3227,13.9747,8.7820,5.1927,4.0331,9337.4735,NA
parkey.exe,41688,0x23B9193FB10,DXGI,1,0,0,Composed: Flip,9372.1309,NA,20.78750000000000,16.72010000000000,0.14430000000000,0.42800000000000,26.9319,9351.4942,20.7810,20.6367,0.1443,0.3108,20.7539,8.4354,12.3185,-2.6994,9351.4942,NA
parkey.exe,41688,0x23B9193FB10,DXGI,1,0,0,Composed: Flip,9386.1038,NA,13.97290000000000,16.65630000000000,0.16600000000000,0.43760000000000,29.6153,9372.2752,13.9946,13.8286,0.1660,0.3209,13.9453,8.7539,5.1914,4.1247,9372.2752,NA
parkey.exe,41688,0x23B9193FB10,DXGI,1,0,0,Composed: Flip,9400.0063,NA,13.90250000000000,16.66780000000000,0.16670000000000,0.38350000000000,32.3806,9386.2698,13.9032,13.7365,0.1667,0.3152,13.8048,8.4265,5.3783,-2.6732,9386.2698,NA
parkey.exe,41688,0x23B9193FB10,DXGI,1,0,0,Composed: Flip,9420.8745,NA,20.86820000000000,16.67190000000000,0.14620000000000,0.42020000000000,28.1843,9400.1730,20.8477,20.7015,0.1462,0.2665,20.8552,8.8475,12.0077,-2.7687,9400.1730,NA
parkey.exe,41688,0x23B9193FB10,DXGI,1,0,0,Composed: Flip,9434.7060,NA,13.83150000000000,16.69260000000000,0.12750000000000,0.83790000000000,31.0454,9421.0207,13.8128,13.6853,0.1275,0.3210,14.2022,9.1639,5.0383,4.1551,9421.0207,NA
parkey.exe,41688,0x23B9193FB10,DXGI,1,0,0,Composed: Flip,9455.6441,NA,20.93810000000000,16.68510000000000,0.25040000000000,0.40690000000000,26.7924,9434.8335,21.0610,20.8106,0.2504,0.7104,20.5071,8.9992,11.5079,-2.8723,9434.8335,NA
parkey.exe,41688,0x23B9193FB10,DXGI,1,0,0,Composed: Flip,9469.4062,NA,13.76210000000000,16.68530000000000,0.13500000000000,0.40000000000000,29.7156,9455.8945,13.6467,13.5117,0.1350,0.2074,13.7043,8.4135,5.2908,4.3757,9455.8945,NA
parkey.exe,41688,0x23B9193FB10,DXGI,1,0,0,Composed: Flip,9483.3742,NA,13.96800000000000,16.66860000000000,0.16660000000000,0.38850000000000,32.4162,9469.5412,13.9996,13.8330,0.1666,0.3188,13.9027,8.7599,5.1428,-3.0219,9469.5412,NA
parkey.exe,41688,0x23B9193FB10,DXGI,1,0,0,Composed: Flip,9504.1261,NA,20.75190000000000,15.86140000000000,0.14880000000000,0.40330000000000,27.5257,9483.5408,20.7341,20.5853,0.1488,0.2871,20.7015,8.7466,11.9549,-1.8618,9483.5408,NA
parkey.exe,41688,0x23B9193FB10,DXGI,1,0,0,Composed: Flip,9518.0813,NA,13.95520000000000,17.49740000000000,0.14310000000000,0.40020000000000,31.0679,9504.2749,13.9495,13.8064,0.1431,0.2850,13.9216,8.7618,5.1598,3.2367,9504.2749,NA
parkey.exe,41688,0x23B9193FB10,DXGI,1,0,0,Composed: Flip,9538.9163,NA,20.83500000000000,16.68130000000000,0.15230000000000,0.32730000000000,26.9142,9518.2244,20.8442,20.6919,0.1523,0.2877,20.7315,8.6361,12.0954,-2.7318,9518.2244,NA
parkey.exe,41688,0x23B9193FB10,DXGI,1,0,0,Composed: Flip,9552.7780,NA,13.86170000000000,16.67290000000000,0.12420000000000,0.41110000000000,29.7254,9539.0686,13.8336,13.7094,0.1242,0.2240,13.8965,8.8350,5.0615,4.1713,9539.0686,NA
parkey.exe,41688,0x23B9193FB10,DXGI,1,0,0,Composed: Flip,9566.6651,NA,13.88710000000000,16.68440000000000,0.21670000000000,0.45040000000000,32.5227,9552.9022,13.9796,13.7629,0.2167,0.3254,13.8879,8.8362,5.0517,-2.8508,9552.9022,NA
parkey.exe,41688,0x23B9193FB10,DXGI,1,0,0,Composed: Flip,9587.4998,NA,20.83470000000000,15.85450000000000,0.14700000000000,0.42750000000000,27.5425,9566.8818,20.7650,20.6180,0.1470,0.3156,20.7299,9.0034,11.7265,-1.8749,9566.8818,NA
parkey.exe,41688,0x23B9193FB10,DXGI,1,0,0,Composed: Flip,9601.4353,NA,13.93550000000000,17.49380000000000,0.13170000000000,0.76960000000000,31.1008,9587.6468,13.9202,13.7885,0.1317,0.3198,14.2383,9.2119,5.0264,3.2712,9587.6468,NA
parkey.exe,41688,0x23B9193FB10,DXGI,1,0,0,Composed: Flip,9622.1993,NA,20.76400000000000,16.68990000000000,0.13710000000000,0.40630000000000,27.0267,9601.5670,20.7694,20.6323,0.1371,0.6379,20.4007,8.8940,11.5067,-2.7697,9601.5670,NA
parkey.exe,41688,0x23B9193FB10,DXGI,1,0,0,Composed: Flip,9636.0532,NA,13.85390000000000,14.44220000000000,0.15360000000000,0.39340000000000,27.6150,9622.3364,13.8704,13.7168,0.1536,0.3046,13.8056,8.7938,5.0118,6.3272,9622.3364,NA
parkey.exe,41688,0x23B9193FB10,DXGI,1,0,0,Composed: Flip,9649.9656,NA,13.91240000000000,18.91010000000000,0.12490000000000,0.41630000000000,32.6127,9636.2068,13.8837,13.7588,0.1249,0.2973,13.8778,8.8078,5.0700,-5.0397,9636.2068,NA
parkey.exe,41688,0x23B9193FB10,DXGI,1,0,0,Composed: Flip,9670.8404,NA,20.87480000000000,15.81350000000000,0.13360000000000,0.40970000000000,27.5514,9650.0905,20.8835,20.7499,0.1336,0.3213,20.8383,8.7356,12.1027,-1.9298,9650.0905,NA
parkey.exe,41688,0x23B9193FB10,DXGI,1,0,0,Composed: Flip,9684.7008,NA,13.86040000000000,17.54630000000000,0.11600000000000,0.30190000000000,31.2373,9670.9740,13.8428,13.7268,0.1160,0.3335,13.6952,8.7339,4.9613,3.3372,9670.9740,NA
parkey.exe,41688,0x23B9193FB10,DXGI,1,0,0,Composed: Flip,9705.5704,NA,20.86960000000000,16.68690000000000,0.16550000000000,0.41690000000000,27.0546,9684.8168,20.9191,20.7536,0.1655,0.2144,20.9561,8.7364,12.2197,-2.8441,9684.8168,NA
parkey.exe,41688,0x23B9193FB10,DXGI,1,0,0,Composed: Flip,9719.4471,NA,13.87670000000000,14.37690000000000,0.12000000000000,0.39940000000000,27.5548,9705.7359,13.8312,13.7112,0.1200,0.2822,13.8284,8.8147,5.0137,6.5422,9705.7359,NA
parkey.exe,41688,0x23B9193FB10,DXGI,1,0,0,Composed: Flip,9733.3229,NA,13.87580000000000,18.99070000000000,0.14230000000000,0.41790000000000,32.6697,9719.5671,13.8981,13.7558,0.1423,0.3106,13.8631,8.7733,5.0898,-5.1595,9719.5671,NA
parkey.exe,41688,0x23B9193FB10,DXGI,1,0,0,Composed: Flip,9754.2475,NA,20.92460000000000,15.74690000000000,0.17750000000000,0.39300000000000,27.4920,9733.4652,20.9598,20.7823,0.1775,0.3319,20.8434,8.7368,12.1066,-1.8488,9733.4652,NA
parkey.exe,41688,0x23B9193FB10,DXGI,1,0,0,Composed: Flip,9768.0285,NA,13.78100000000000,17.60570000000000,0.12040000000000,0.42590000000000,31.3167,9754.4250,13.7239,13.6035,0.1204,0.2485,13.7809,8.4748,5.3061,3.3541,9754.4250,NA
parkey.exe,41688,0x23B9193FB10,DXGI,1,0,0,Composed: Flip,9788.9875,NA,20.95900000000000,16.68150000000000,0.14320000000000,0.40410000000000,27.0392,9768.1489,20.9818,20.8386,0.1432,0.3448,20.8979,8.6956,12.2023,-2.9576,9768.1489,NA
parkey.exe,41688,0x23B9193FB10,DXGI,1,0,0,Composed: Flip,9802.8227,NA,13.83520000000000,14.33930000000000,0.15190000000000,0.39020000000000,27.5433,9789.1307,13.8439,13.6920,0.1519,0.3176,13.7646,8.4698,5.2948,6.6425,9789.1307,NA
parkey.exe,41688,0x23B9193FB10,DXGI,1,0,0,Composed: Flip,9816.7020,NA,13.87930000000000,19.02300000000000,0.22560000000000,0.38470000000000,32.6870,9802.9746,13.9530,13.7274,0.2256,0.2788,13.8333,8.7695,5.0638,-5.1791,9802.9746,NA
parkey.exe,41688,0x23B9193FB10,DXGI,1,0,0,Composed: Flip,9837.5489,NA,20.84690000000000,15.70500000000000,0.12850000000000,0.38720000000000,27.5451,9816.9276,20.7498,20.6213,0.1285,0.2155,20.7930,8.9343,11.8587,-1.7520,9816.9276,NA
parkey.exe,41688,0x23B9193FB10,DXGI,1,0,0,Composed: Flip,9851.4274,NA,13.87850000000000,17.64870000000000,0.17200000000000,0.86160000000000,31.3153,9837.6774,13.9220,13.7500,0.1720,0.3150,14.2966,9.2977,4.9989,3.1011,9837.6774,NA
parkey.exe,41688,0x23B9193FB10,DXGI,1,0,0,Composed: Flip,9872.2885,NA,20.86110000000000,16.69270000000000,0.13400000000000,0.42430000000000,27.1469,9851.5994,20.8231,20.6891,0.1340,0.6896,20.4238,8.9386,11.4852,-2.7707,9851.5994,NA
parkey.exe,41688,0x23B9193FB10,DXGI,1,0,0,Composed: Flip,9886.7921,NA,14.50360000000000,14.28790000000000,0.55530000000000,1.43170000000000,26.9312,9872.4225,14.9249,14.3696,0.5553,0.3324,15.4689,9.8603,5.6086,6.5352,9872.4225,NA
parkey.exe,41688,0x23B9193FB10,DXGI,1,0,0,Composed: Flip,9900.1341,NA,13.34200000000000,19.06710000000000,0.18350000000000,0.40620000000000,32.6563,9887.3474,12.9702,12.7867,0.1835,0.8764,12.3165,8.9368,3.3797,-4.1422,9887.3474,NA
parkey.exe,41688,0x23B9193FB10,DXGI,1,0,0,Composed: Flip,9920.9737,NA,20.83960000000000,15.67050000000000,0.16490000000000,0.39870000000000,27.4872,9900.3176,20.8210,20.6561,0.1649,0.2598,20.7950,8.7245,12.0705,-2.7003,9900.3176,NA
parkey.exe,41688,0x23B9193FB10,DXGI,1,0,0,Composed: Flip,9934.8601,NA,13.88640000000000,17.68010000000000,0.16530000000000,0.30260000000000,31.2809,9921.1386,13.8868,13.7215,0.1653,0.2662,13.7579,8.3965,5.3614,3.1409,9921.1386,NA
parkey.exe,41688,0x23B9193FB10,DXGI,1,0,0,Composed: Flip,9955.6145,NA,20.75440000000000,16.69270000000000,0.16230000000000,0.39500000000000,27.2192,9935.0254,20.7514,20.5891,0.1623,0.1603,20.8238,8.7277,12.0961,-2.8059,9935.0254,NA
parkey.exe,41688,0x23B9193FB10,DXGI,1,0,0,Composed: Flip,9969.5288,NA,13.91430000000000,14.22460000000000,0.12340000000000,0.41140000000000,27.5295,9955.7768,13.8754,13.7520,0.1234,0.2638,13.8996,8.4797,5.4199,6.5268,9955.7768,NA
parkey.exe,41688,0x23B9193FB10,DXGI,1,0,0,Composed: Flip,9983.3986,NA,13.86980000000000,19.13190000000000,0.15140000000000,0.39100000000000,32.7916,9969.6522,13.8978,13.7464,0.1514,0.3200,13.8174,8.7507,5.0667,-5.2565,9969.6522,NA
parkey.exe,41688,0x23B9193FB10,DXGI,1,0,0,Composed: Flip,10004.2268,NA,20.82820000000000,15.58900000000000,0.15300000000000,0.39840000000000,27.5524,9983.5500,20.8298,20.6768,0.1530,0.3027,20.7725,8.7361,12.0364,-1.6912,9983.5500,NA
parkey.exe,41688,0x23B9193FB10,DXGI,1,0,0,Composed: Flip,10018.1026,NA,13.87580000000000,17.75950000000000,0.12110000000000,0.89320000000000,31.4361,10004.3798,13.8439,13.7228,0.1211,0.2807,14.3353,9.2934,5.0419,3.0703,10004.3798,NA
parkey.exe,41688,0x23B9193FB10,DXGI,1,0,0,Composed: Flip,10038.9349,NA,20.83230000000000,16.69470000000000,0.13530000000000,0.40300000000000,27.2985,10018.2237,20.8465,20.7112,0.1353,0.7721,20.3421,8.8202,11.5219,-2.8508,10018.2237,NA
parkey.exe,41688,0x23B9193FB10,DXGI,1,0,0,Composed: Flip,10052.7836,NA,13.84870000000000,14.17050000000000,0.11060000000000,0.39650000000000,27.6203,10039.0702,13.8240,13.7134,0.1106,0.3028,13.8071,8.7522,5.0549,6.6760,10039.0702,NA
parkey.exe,41688,0x23B9193FB10,DXGI,1,0,0,Composed: Flip,10066.6999,NA,13.91630000000000,19.18430000000000,0.15040000000000,0.41770000000000,32.8883,10052.8942,13.9561,13.8057,0.1504,0.3136,13.9098,8.8172,5.0926,-5.3603,10052.8942,NA
parkey.exe,41688,0x23B9193FB10,DXGI,1,0,0,Composed: Flip,10087.4880,NA,20.78810000000000,16.70980000000000,0.11250000000000,0.42320000000000,28.8100,10066.8503,20.7502,20.6377,0.1125,0.2986,20.7623,8.7047,12.0576,-2.7537,10066.8503,NA
parkey.exe,41688,0x23B9193FB10,DXGI,1,0,0,Composed: Flip,10101.3816,NA,13.89360000000000,16.64630000000000,0.11560000000000,0.39790000000000,31.5627,10087.6005,13.8967,13.7811,0.1156,0.3403,13.8387,8.7464,5.0923,4.1039,10087.6005,NA
parkey.exe,41688,0x23B9193FB10,DXGI,1,0,0,Composed: Flip,10122.3352,NA,20.95360000000000,16.68780000000000,0.14390000000000,0.41360000000000,27.2969,10101.4972,20.9819,20.8380,0.1439,0.4473,20.8043,8.7894,12.0149,-2.7911,10101.4972,NA
parkey.exe,41688,0x23B9193FB10,DXGI,1,0,0,Composed: Flip,10136.0868,NA,13.75160000000000,16.68870000000000,0.19230000000000,0.40740000000000,30.2340,10122.4791,13.8000,13.6077,0.1923,0.3273,13.6878,8.8229,4.8649,4.2932,10122.4791,NA
parkey.exe,41688,0x23B9193FB10,DXGI,1,0,0,Composed: Flip,10149.9758,NA,13.88900000000000,16.66700000000000,0.13850000000000,0.42040000000000,33.0120,10136.2791,13.8352,13.6967,0.1385,0.2702,13.8469,8.4558,5.3911,-2.8670,10136.2791,NA
parkey.exe,41688,0x23B9193FB10,DXGI,1,0,0,Composed: Flip,10170.9426,NA,20.96680000000000,16.68860000000000,0.13030000000000,0.41580000000000,28.7338,10150.1143,20.9586,20.8283,0.1303,0.3121,20.9320,8.8086,12.1234,-2.8534,10150.1143,NA
parkey.exe,41688,0x23B9193FB10,DXGI,1,0,0,Composed: Flip,10184.7018,NA,13.75920000000000,16.68600000000000,0.12830000000000,0.75170000000000,31.6606,10171.0729,13.7572,13.6289,0.1283,0.3150,14.0656,8.7386,5.3270,4.2726,10171.0729,NA
parkey.exe,41688,0x23B9193FB10,DXGI,1,0,0,Composed: Flip,10205.6121,NA,20.91030000000000,16.67910000000000,0.13170000000000,0.42750000000000,27.4294,10184.8301,20.9137,20.7820,0.1317,0.6234,20.5861,9.0474,11.5387,-2.9219,10184.8301,NA
parkey.exe,41688,0x23B9193FB10,DXGI,1,0,0,Composed: Flip,10219.4878,NA,13.87570000000000,16.66930000000000,0.12390000000000,0.39840000000000,30.2230,10205.7438,13.8679,13.7440,0.1239,0.6096,13.5328,8.2884,5.2444,4.2444,10205.7438,NA
parkey.exe,41688,0x23B9193FB10,DXGI,1,0,0,Composed: Flip,10233.4271,NA,13.93930000000000,16.68600000000000,0.13680000000000,0.41100000000000,32.9697,10219.6117,13.9522,13.8154,0.1368,0.3050,13.9214,8.7364,5.1850,-2.8181,10219.6117,NA
parkey.exe,41688,0x23B9193FB10,DXGI,1,0,0,Composed: Flip,10254.1945,NA,20.76740000000000,16.67120000000000,0.14290000000000,0.39610000000000,28.8735,10233.5639,20.7735,20.6306,0.1429,0.3037,20.7230,8.7916,11.9314,-2.7190,10233.5639,NA
parkey.exe,41688,0x23B9193FB10,DXGI,1,0,0,Composed: Flip,10268.0553,NA,13.86080000000000,16.68600000000000,0.10750000000000,0.42600000000000,31.6987,10254.3374,13.8254,13.7179,0.1075,0.2749,13.8690,8.8121,5.0569,4.0875,10254.3374,NA
parkey.exe,41688,0x23B9193FB10,DXGI,1,0,0,Composed: Flip,10288.9637,NA,20.90840000000000,16.68230000000000,0.13760000000000,0.41530000000000,27.4726,10268.1628,20.9385,20.8009,0.1376,0.3464,20.8698,8.4096,12.4602,-2.8569,10268.1628,NA
parkey.exe,41688,0x23B9193FB10,DXGI,1,0,0,Composed: Flip,10302.8454,NA,13.88170000000000,16.67180000000000,0.12870000000000,0.40340000000000,30.2627,10289.1013,13.8728,13.7441,0.1287,0.3074,13.8401,8.7500,5.0901,4.2667,10289.1013,NA
parkey.exe,41688,0x23B9193FB10,DXGI,1,0,0,Composed: Flip,10316.6849,NA,13.83950000000000,16.68770000000000,0.18080000000000,0.39560000000000,33.1109,10302.9741,13.8916,13.7108,0.1808,0.3122,13.7942,8.4092,5.3850,-2.8149,10302.9741,NA
parkey.exe,41688,0x23B9193FB10,DXGI,1,0,0,Composed: Flip,10337.5926,NA,20.90770000000000,16.68200000000000,0.15060000000000,0.40710000000000,28.8852,10316.8657,20.8775,20.7269,0.1506,0.2631,20.8709,8.8278,12.0431,-2.7904,10316.8657,NA
parkey.exe,41688,0x23B9193FB10,DXGI,1,0,0,Composed: Flip,10351.4269,NA,13.83430000000000,16.67260000000000,0.11870000000000,0.90000000000000,31.7235,10337.7432,13.8024,13.6837,0.1187,0.3198,14.2639,8.9307,5.3332,4.2049,10337.7432,NA
parkey.exe,41688,0x23B9193FB10,DXGI,1,0,0,Composed: Flip,10372.3178,NA,20.89090000000000,16.75670000000000,0.13040000000000,0.41940000000000,27.5893,10351.5456,20.9026,20.7722,0.1304,0.7813,20.4103,9.0253,11.3850,-2.9543,10351.5456,NA
parkey.exe,41688,0x23B9193FB10,DXGI,1,0,0,Composed: Flip,10386.1005,NA,13.78270000000000,16.60150000000000,0.12720000000000,0.38620000000000,30.4081,10372.4482,13.7795,13.6523,0.1272,0.3126,13.7259,8.4225,5.3034,4.3011,10372.4482,NA
parkey.exe,41688,0x23B9193FB10,DXGI,1,0,0,Composed: Flip,10400.0802,NA,13.97970000000000,16.68930000000000,0.12950000000000,0.39960000000000,33.1177,10386.2277,13.9820,13.8525,0.1295,0.3097,13.9424,8.7555,5.1869,-2.9098,10386.2277,NA
parkey.exe,41688,0x23B9193FB10,DXGI,1,0,0,Composed: Flip,10421.0523,NA,20.97210000000000,15.32760000000000,0.15330000000000,0.39040000000000,27.4732,10400.2097,20.9959,20.8426,0.1533,0.3063,20.9267,8.4538,12.4729,-1.3456,10400.2097,NA
parkey.exe,41688,0x23B9193FB10,DXGI,1,0,0,Composed: Flip,10434.8702,NA,13.81790000000000,18.02120000000000,0.12940000000000,0.85170000000000,31.6765,10421.2056,13.7940,13.6646,0.1294,0.2693,14.2470,8.9617,5.2853,2.9747,10421.2056,NA
parkey.exe,41688,0x23B9193FB10,DXGI,1,0,0,Composed: Flip,10455.7088,NA,20.83860000000000,16.71880000000000,0.16620000000000,0.40310000000000,27.5567,10434.9996,20.8754,20.7092,0.1662,0.7223,20.3900,8.8964,11.4936,-2.9248,10434.9996,NA
parkey.exe,41688,0x23B9193FB10,DXGI,1,0,0,Composed: Flip,10469.5566,NA,13.84780000000000,13.87130000000000,0.13020000000000,0.41790000000000,27.5802,10455.8750,13.8118,13.6816,0.1302,0.2718,13.8277,8.8065,5.0212,7.0041,10455.8750,NA
parkey.exe,41688,0x23B9193FB10,DXGI,1,0,0,Composed: Flip,10483.4392,NA,13.88260000000000,19.45590000000000,0.13920000000000,0.38440000000000,33.1535,10469.6868,13.8916,13.7524,0.1392,0.3225,13.8143,8.7231,5.0912,-5.6441,10469.6868,NA
parkey.exe,41688,0x23B9193FB10,DXGI,1,0,0,Composed: Flip,10504.3010,NA,20.86180000000000,15.27850000000000,0.15450000000000,0.39840000000000,27.5702,10483.5784,20.8771,20.7226,0.1545,0.3218,20.7992,8.7244,12.0748,-1.3869,10483.5784,NA
parkey.exe,41688,0x23B9193FB10,DXGI,1,0,0,Composed: Flip,10518.2035,NA,13.90250000000000,18.07860000000000,0.13030000000000,0.90220000000000,31.7463,10504.4555,13.8783,13.7480,0.1303,0.2824,14.3678,9.2573,5.1105,2.7985,10504.4555,NA
parkey.exe,41688,0x23B9193FB10,DXGI,1,0,0,Composed: Flip,10538.9982,NA,20.79470000000000,16.65070000000000,0.12390000000000,0.40840000000000,27.6023,10518.3338,20.7883,20.6644,0.1239,0.7719,20.3009,8.9064,11.3945,-2.7724,10518.3338,NA
parkey.exe,41688,0x23B9193FB10,DXGI,1,0,0,Composed: Flip,10552.9072,NA,13.90900000000000,13.90240000000000,0.11570000000000,0.40170000000000,27.5957,10539.1221,13.9008,13.7851,0.1157,0.3155,13.8713,8.8050,5.0663,6.8859,10539.1221,NA
parkey.exe,41688,0x23B9193FB10,DXGI,1,0,0,Composed: Flip,10566.7624,NA,13.85520000000000,19.49400000000000,0.18160000000000,0.40960000000000,33.2345,10553.0229,13.9211,13.7395,0.1816,0.3123,13.8368,8.7961,5.0407,-5.5932,10553.0229,NA
parkey.exe,41688,0x23B9193FB10,DXGI,1,0,0,Composed: Flip,10587.6704,NA,20.90800000000000,16.67990000000000,0.12110000000000,0.41120000000000,29.0064,10566.9440,20.8475,20.7264,0.1211,0.2887,20.8489,8.7370,12.1119,-2.7588,10566.9440,NA
parkey.exe,41688,0x23B9193FB10,DXGI,1,0,0,Composed: Flip,10601.4457,NA,13.77530000000000,16.67870000000000,0.14430000000000,0.83730000000000,31.9098,10587.7915,13.7985,13.6542,0.1443,0.3198,14.1717,9.2454,4.9263,4.1688,10587.7915,NA
parkey.exe,41688,0x23B9193FB10,DXGI,1,0,0,Composed: Flip,10622.3213,NA,20.87560000000000,16.67330000000000,0.12240000000000,0.40540000000000,27.7075,10601.5900,20.8537,20.7313,0.1224,0.6930,20.4437,9.1287,11.3150,-2.8748,10601.5900,NA
parkey.exe,41688,0x23B9193FB10,DXGI,1,0,0,Composed: Flip,10636.1983,NA,13.87700000000000,16.69100000000000,0.13740000000000,0.39780000000000,30.5215,10622.4437,13.8920,13.7546,0.1374,0.3155,13.8369,8.7753,5.0616,4.1627,10622.4437,NA
parkey.exe,41688,0x23B9193FB10,DXGI,1,0,0,Composed: Flip,10650.0423,NA,13.84400000000000,16.68010000000000,0.11410000000000,0.41830000000000,33.3576,10636.3357,13.8207,13.7066,0.1141,0.2903,13.8346,8.4315,5.4031,-2.7881,10636.3357,NA
parkey.exe,41688,0x23B9193FB10,DXGI,1,0,0,Composed: Flip,10670.9643,NA,20.92200000000000,15.12220000000000,0.12800000000000,0.42560000000000,27.5578,10650.1564,20.9359,20.8079,0.1280,0.3625,20.8710,9.1084,11.7626,-1.3015,10650.1564,NA
parkey.exe,41688,0x23B9193FB10,DXGI,1,0,0,Composed: Flip,10684.9304,NA,13.96610000000000,18.23650000000000,0.13850000000000,0.42380000000000,31.8282,10671.0923,13.9766,13.8381,0.1385,0.3309,13.9310,8.7769,5.1541,2.6994,10671.0923,NA
parkey.exe,41688,0x23B9193FB10,DXGI,1,0,0,Composed: Flip,10705.7637,NA,20.83330000000000,9.55510000000000,0.16250000000000,0.43760000000000,20.5500,10685.0689,20.8573,20.6948,0.1625,0.3208,20.8116,8.7698,12.0418,4.4215,10685.0689,NA
parkey.exe,41688,0x23B9193FB10,DXGI,1,0,0,Composed: Flip,10719.5799,NA,13.81620000000000,13.87580000000000,0.15050000000000,0.40170000000000,20.6096,10705.9262,13.8042,13.6537,0.1505,0.3136,13.7418,8.8081,4.9337,6.9815,10705.9262,NA
parkey.exe,41688,0x23B9193FB10,DXGI,1,0,0,Composed: Flip,10733.5085,NA,13.92860000000000,26.60740000000000,0.16610000000000,0.41740000000000,33.2884,10719.7304,13.9442,13.7781,0.1661,0.2819,13.9136,8.6682,5.2454,-12.8032,10719.7304,NA
parkey.exe,41688,0x23B9193FB10,DXGI,1,0,0,Composed: Flip,10754.3721,NA,20.86360000000000,8.12160000000000,0.16340000000000,0.41630000000000,20.5464,10733.6746,20.8609,20.6975,0.1634,0.2885,20.8253,8.7040,12.1213,5.8226,10733.6746,NA
parkey.exe,41688,0x23B9193FB10,DXGI,1,0,0,Composed: Flip,10768.1772,NA,13.80510000000000,25.23740000000000,0.12940000000000,0.75670000000000,31.9787,10754.5355,13.7711,13.6417,0.1294,0.2914,14.1070,9.2599,4.8471,-4.3765,10754.5355,NA
parkey.exe,41688,0x23B9193FB10,DXGI,1,0,0,Composed: Flip,10789.1055,NA,20.92830000000000,16.68610000000000,0.12690000000000,0.39960000000000,27.7365,10768.3066,20.9258,20.7989,0.1269,0.6273,20.5712,8.8421,11.7291,-2.9150,10768.3066,NA
parkey.exe,41688,0x23B9193FB10,DXGI,1,0,0,Composed: Flip,10802.8953,NA,13.78980000000000,6.69940000000000,0.13850000000000,0.39730000000000,20.6461,10789.2324,13.8014,13.6629,0.1385,0.3022,13.7580,8.7825,4.9755,14.2264,10789.2324,NA
parkey.exe,41688,0x23B9193FB10,DXGI,1,0,0,Composed: Flip,10816.7825,NA,13.88720000000000,26.65730000000000,0.18640000000000,0.39520000000000,33.4162,10803.0338,13.9351,13.7487,0.1864,0.2858,13.8581,8.8737,4.9844,-12.8559,10803.0338,NA
parkey.exe,41688,0x23B9193FB10,DXGI,1,0,0,Composed: Flip,10837.7558,NA,20.97330000000000,16.69350000000000,0.13760000000000,0.40720000000000,29.1364,10816.9689,20.9245,20.7869,0.1376,0.2709,20.9232,8.7228,12.2004,-2.7584,10816.9689,NA
parkey.exe,41688,0x23B9193FB10,DXGI,1,0,0,Composed: Flip,10851.5478,NA,13.79200000000000,16.68030000000000,0.13430000000000,0.81140000000000,32.0247,10837.8934,13.7887,13.6544,0.1343,0.3056,14.1602,9.1409,5.0193,4.2442,10837.8934,NA
parkey.exe,41688,0x23B9193FB10,DXGI,1,0,0,Composed: Flip,10872.4616,NA,20.91380000000000,16.66140000000000,0.14410000000000,0.42610000000000,27.7723,10851.6821,20.9236,20.7795,0.1441,0.6771,20.5285,8.9132,11.6153,-2.8727,10851.6821,NA
parkey.exe,41688,0x23B9193FB10,DXGI,1,0,0,Composed: Flip,10886.2590,NA,13.79740000000000,16.69000000000000,0.13780000000000,0.30310000000000,30.6649,10872.6057,13.7911,13.6533,0.1378,0.3186,13.6378,8.6362,5.0016,4.2336,10872.6057,NA
parkey.exe,41688,0x23B9193FB10,DXGI,1,0,0,Composed: Flip,10900.1730,NA,13.91400000000000,16.67670000000000,0.13030000000000,0.38950000000000,33.4276,10886.3968,13.9065,13.7762,0.1303,0.1927,13.9730,8.7690,5.2040,-2.8856,10886.3968,NA
parkey.exe,41688,0x23B9193FB10,DXGI,1,0,0,Composed: Flip,10921.0426,NA,20.86960000000000,16.67710000000000,0.12090000000000,0.40430000000000,29.2351,10900.3033,20.8602,20.7393,0.1209,0.3191,20.8245,8.7951,12.0294,-2.7706,10900.3033,NA
parkey.exe,41688,0x23B9193FB10,DXGI,1,0,0,Composed: Flip,10934.8924,NA,13.84980000000000,16.68520000000000,0.13280000000000,0.82020000000000,32.0705,10921.1635,13.8617,13.7289,0.1328,0.3168,14.2323,9.1900,5.0423,4.1750,10921.1635,NA
parkey.exe,41688,0x23B9193FB10,DXGI,1,0,0,Composed: Flip,10955.8108,NA,20.91840000000000,16.68450000000000,0.16070000000000,0.40250000000000,27.8366,10935.0252,20.9463,20.7856,0.1607,0.6874,20.5007,9.1632,11.3375,-2.8228,10935.0252,NA
parkey.exe,41688,0x23B9193FB10,DXGI,1,0,0,Composed: Flip,10969.5727,NA,13.76190000000000,6.58760000000000,0.11100000000000,0.41010000000000,20.6623,10955.9715,13.7122,13.6012,0.1110,0.2829,13.7284,8.7643,4.9641,14.3587,10955.9715,NA
parkey.exe,41688,0x23B9193FB10,DXGI,1,0,0,Composed: Flip,10983.5310,NA,13.95830000000000,26.77080000000000,0.17110000000000,0.38690000000000,33.4748,10969.6837,14.0184,13.8473,0.1711,0.3329,13.9013,8.4091,5.4922,-13.0586,10969.6837,NA
parkey.exe,41688,0x23B9193FB10,DXGI,1,0,0,Composed: Flip,11004.4420,NA,20.91100000000000,7.96180000000000,0.15210000000000,0.44300000000000,20.5256,10983.7021,20.8920,20.7399,0.1521,0.2618,20.9211,8.7491,12.1720,6.0566,10983.7021,NA
parkey.exe,41688,0x23B9193FB10,DXGI,1,0,0,Composed: Flip,11018.2630,NA,13.82100000000000,25.39740000000000,0.13860000000000,0.96160000000000,32.1020,11004.5941,13.8075,13.6689,0.1386,0.3213,14.3092,8.9942,5.3150,-4.5054,11004.5941,NA
parkey.exe,41688,0x23B9193FB10,DXGI,1,0,0,Composed: Flip,11039.2296,NA,20.96660000000000,9.33700000000000,0.14920000000000,0.38320000000000,20.4724,11018.4016,20.9772,20.8280,0.1492,0.8230,20.3882,8.5838,11.8044,4.4705,11018.4016,NA
parkey.exe,41688,0x23B9193FB10,DXGI,1,0,0,Composed: Flip,11053.0387,NA,13.80910000000000,24.02340000000000,0.14500000000000,0.40360000000000,30.6867,11039.3788,13.8049,13.6599,0.1450,0.2961,13.7674,8.7946,4.9728,-3.0462,11039.3788,NA
parkey.exe,41688,0x23B9193FB10,DXGI,1,0,0,Composed: Flip,11066.9180,NA,13.87930000000000,16.67760000000000,0.18120000000000,0.41620000000000,33.4850,11053.1837,13.9155,13.7343,0.1812,0.2874,13.8631,8.7171,5.1460,-2.8727,11053.1837,NA
parkey.exe,41688,0x23B9193FB10,DXGI,1,0,0,Composed: Flip,11087.7963,NA,20.87830000000000,16.67800000000000,0.12600000000000,0.41600000000000,29.2847,11067.0992,20.8231,20.6971,0.1260,0.3030,20.8101,8.8196,11.9905,-2.7625,11067.0992,NA
parkey.exe,41688,0x23B9193FB10,DXGI,1,0,0,Composed: Flip,11101.7097,NA,13.91340000000000,16.68570000000000,0.22430000000000,0.38990000000000,32.0570,11087.9223,14.0117,13.7874,0.2243,0.3248,13.8525,8.7879,5.0646,4.1374,11087.9223,NA
parkey.exe,41688,0x23B9193FB10,DXGI,1,0,0,Composed: Flip,11122.5419,NA,20.83220000000000,16.68560000000000,0.14670000000000,0.38850000000000,27.9104,11101.9340,20.7546,20.6079,0.1467,0.2203,20.7761,8.9987,11.7774,-2.6739,11101.9340,NA
parkey.exe,41688,0x23B9193FB10,DXGI,1,0,0,Composed: Flip,11136.3780,NA,13.83610000000000,16.67600000000000,0.15260000000000,0.31060000000000,30.7503,11122.6886,13.8420,13.6894,0.1526,0.2944,13.7056,8.4892,5.2164,4.0786,11122.6886,NA
parkey.exe,41688,0x23B9193FB10,DXGI,1,0,0,Composed: Flip,11150.2839,NA,13.90590000000000,16.67920000000000,0.14210000000000,0.41310000000000,33.5236,11136.5306,13.8954,13.7533,0.1421,0.1910,13.9754,8.7528,5.2226,-2.8372,11136.5306,NA
parkey.exe,41688,0x23B9193FB10,DXGI,1,0,0,Composed: Flip,11171.1300,NA,20.84610000000000,16.67080000000000,0.13980000000000,0.40020000000000,29.3483,11150.4260,20.8438,20.7040,0.1398,0.3508,20.7534,8.7569,11.9965,-2.7754,11150.4260,NA
parkey.exe,41688,0x23B9193FB10,DXGI,1,0,0,Composed: Flip,11185.0230,NA,13.89300000000000,16.68320000000000,0.16310000000000,0.81470000000000,32.1385,11171.2698,13.9163,13.7532,0.1631,0.3190,14.2489,9.1279,5.1210,4.1606,11171.2698,NA
parkey.exe,41688,0x23B9193FB10,DXGI,1,0,0,Composed: Flip,11205.8791,NA,20.85610000000000,9.23600000000000,0.15760000000000,0.42450000000000,20.5184,11185.1861,20.8506,20.6930,0.1576,0.6516,20.4659,9.2181,11.2478,4.6803,11185.1861,NA
parkey.exe,41688,0x23B9193FB10,DXGI,1,0,0,Composed: Flip,11219.7015,NA,13.82240000000000,24.12730000000000,0.12490000000000,0.42870000000000,30.8233,11206.0367,13.7897,13.6648,0.1249,0.2990,13.7945,8.8208,4.9737,-3.2767,11206.0367,NA
parkey.exe,41688,0x23B9193FB10,DXGI,1,0,0,Composed: Flip,11233.5540,NA,13.85250000000000,16.68210000000000,0.15200000000000,0.39040000000000,33.6529,11219.8264,13.8796,13.7276,0.1520,0.3343,13.7837,8.6883,5.0954,-2.8924,11219.8264,NA
parkey.exe,41688,0x23B9193FB10,DXGI,1,0,0,Composed: Flip,11254.4771,NA,20.92310000000000,14.79750000000000,0.16100000000000,0.40670000000000,27.5273,11233.7060,20.9321,20.7711,0.1610,0.2992,20.8786,8.7753,12.1033,-0.9179,11233.7060,NA
parkey.exe,41688,0x23B9193FB10,DXGI,1,0,0,Composed: Flip,11268.3757,NA,13.89860000000000,18.55890000000000,0.15730000000000,0.83560000000000,32.1876,11254.6381,13.8949,13.7376,0.1573,0.2820,14.2912,8.9293,5.3619,2.3732,11254.6381,NA
parkey.exe,41688,0x23B9193FB10,DXGI,1,0,0,Composed: Flip,11289.2651,NA,20.88940000000000,16.17480000000000,0.13410000000000,0.42380000000000,27.4730,11268.5330,20.8662,20.7321,0.1341,0.6783,20.4776,8.8918,11.5858,-2.2799,11268.5330,NA
parkey.exe,41688,0x23B9193FB10,DXGI,1,0,0,Composed: Flip,11303.1339,NA,13.86880000000000,13.88820000000000,0.12210000000000,0.31590000000000,27.4924,11289.3992,13.8568,13.7347,0.1221,0.3258,13.7248,8.3777,5.3471,6.9780,11289.3992,NA
parkey.exe,41688,0x23B9193FB10,DXGI,1,0,0,Composed: Flip,11316.9123,NA,13.77840000000000,19.97850000000000,0.15460000000000,0.40450000000000,33.6925,11303.2560,13.8109,13.6563,0.1546,0.2204,13.8404,8.7176,5.1228,-6.1217,11303.2560,NA
parkey.exe,41688,0x23B9193FB10,DXGI,1,0,0,Composed: Flip,11337.8088,NA,20.89650000000000,14.74430000000000,0.13880000000000,0.39350000000000,27.5403,11317.0669,20.8807,20.7419,0.1388,0.2876,20.8478,8.6344,12.2134,-0.9334,11317.0669,NA
parkey.exe,41688,0x23B9193FB10,DXGI,1,0,0,Composed: Flip,11351.7442,NA,13.93540000000000,18.60980000000000,0.16440000000000,0.39690000000000,32.2147,11337.9476,13.9610,13.7966,0.1644,0.2873,13.9062,8.7498,5.1564,2.2709,11337.9476,NA
parkey.exe,41688,0x23B9193FB10,DXGI,1,0,0,Composed: Flip,11372.5550,NA,20.81080000000000,16.12450000000000,0.14320000000000,0.38390000000000,27.5284,11351.9086,20.7896,20.6464,0.1432,0.2951,20.7352,8.7686,11.9666,-2.1635,11351.9086,NA
parkey.exe,41688,0x23B9193FB10,DXGI,1,0,0,Composed: Flip,11386.4032,NA,13.84820000000000,13.88440000000000,0.15630000000000,0.84330000000000,27.5646,11372.6982,13.8613,13.7050,0.1563,0.2985,14.2498,9.1942,5.0556,6.9052,11372.6982,NA
parkey.exe,41688,0x23B9193FB10,DXGI,1,0,0,Composed: Flip,11400.2429,NA,13.83970000000000,20.03580000000000,0.12090000000000,0.40100000000000,33.7607,11386.5595,13.8043,13.6834,0.1209,0.6870,13.3974,8.9088,4.4886,-6.1745,11386.5595,NA
parkey.exe,41688,0x23B9193FB10,DXGI,1,0,0,Composed: Flip,11421.1321,NA,20.88920000000000,14.70140000000000,0.13830000000000,0.40720000000000,27.5729,11400.3638,20.9066,20.7683,0.1383,0.3219,20.8536,8.7269,12.1267,-0.8971,11400.3638,NA
parkey.exe,41688,0x23B9193FB10,DXGI,1,0,0,Composed: Flip,11434.9999,NA,13.86780000000000,18.65390000000000,0.16350000000000,0.40090000000000,32.3590,11421.2704,13.8930,13.7295,0.1635,0.3141,13.8163,8.8317,4.9846,2.2527,11421.2704,NA
parkey.exe,41688,0x23B9193FB10,DXGI,1,0,0,Composed: Flip,11455.8762,NA,20.87630000000000,16.06740000000000,0.16300000000000,0.39900000000000,27.5501,11435.1634,20.8758,20.7128,0.1630,0.2721,20.8397,8.7824,12.0573,-2.1744,11435.1634,NA
parkey.exe,41688,0x23B9193FB10,DXGI,1,0,0,Composed: Flip,11469.6853,NA,13.80910000000000,13.89100000000000,0.12490000000000,0.40380000000000,27.6320,11456.0392,13.7710,13.6461,0.1249,0.2742,13.7757,8.8055,4.9702,6.9848,11456.0392,NA
parkey.exe,41688,0x23B9193FB10,DXGI,1,0,0,Composed: Flip,11483.5999,NA,13.91460000000000,20.08890000000000,0.12920000000000,0.40280000000000,33.8063,11469.8102,13.9189,13.7897,0.1292,0.3045,13.8880,8.7633,5.1247,-6.3179,11469.8102,NA
parkey.exe,41688,0x23B9193FB10,DXGI,1,0,0,Composed: Flip,11504.4884,NA,20.88850000000000,14.63750000000000,0.16240000000000,0.39950000000000,27.5553,11483.7291,20.9217,20.7593,0.1624,0.3626,20.7962,8.6942,12.1020,-0.7186,11483.7291,NA
parkey.exe,41688,0x23B9193FB10,DXGI,1,0,0,Composed: Flip,11518.3364,NA,13.84800000000000,18.71750000000000,0.11610000000000,0.80810000000000,32.4248,11504.6508,13.8017,13.6856,0.1161,0.2623,14.2314,9.2103,5.0211,2.2042,11504.6508,NA
parkey.exe,41688,0x23B9193FB10,DXGI,1,0,0,Composed: Flip,11539.1807,NA,20.84430000000000,16.01630000000000,0.18140000000000,0.40150000000000,27.5968,11518.4525,20.9096,20.7282,0.1814,0.6920,20.4377,8.8659,11.5718,-2.2146,11518.4525,NA
parkey.exe,41688,0x23B9193FB10,DXGI,1,0,0,Composed: Flip,11553.0708,NA,13.89010000000000,17.34220000000000,0.26050000000000,0.38780000000000,31.0489,11539.3621,13.9692,13.7087,0.2605,0.2431,13.8534,8.7567,5.0967,3.5674,11539.3621,NA
parkey.exe,41688,0x23B9193FB10,DXGI,1,0,0,Composed: Flip,11573.9202,NA,20.84940000000000,16.68610000000000,0.15240000000000,0.41610000000000,26.8856,11553.3313,20.7413,20.5889,0.1524,0.1856,20.8194,8.7226,12.0968,-2.7169,11553.3313,NA
parkey.exe,41688,0x23B9193FB10,DXGI,1,0,0,Composed: Flip,11587.8123,NA,13.89210000000000,14.58160000000000,0.12440000000000,0.40840000000000,27.5751,11574.0726,13.8641,13.7397,0.1244,0.2998,13.8483,8.8232,5.0251,6.1597,11574.0726,NA
parkey.exe,41688,0x23B9193FB10,DXGI,1,0,0,Composed: Flip,11601.6955,NA,13.88320000000000,18.77950000000000,0.12160000000000,0.39670000000000,32.4714,11587.9367,13.8804,13.7588,0.1216,0.3117,13.8438,8.8112,5.0326,-4.9154,11587.9367,NA
parkey.exe,41688,0x23B9193FB10,DXGI,1,0,0,Composed: Flip,11622.5414,NA,20.84590000000000,15.93840000000000,0.13070000000000,0.40550000000000,27.5639,11601.8171,20.8550,20.7243,0.1307,0.3050,20.8248,8.7505,12.0743,-2.0580,11601.8171,NA
parkey.exe,41688,0x23B9193FB10,DXGI,1,0,0,Composed: Flip,11636.3872,NA,13.84580000000000,17.41520000000000,0.14630000000000,0.40460000000000,31.1333,11622.6721,13.8614,13.7151,0.1463,0.3152,13.8045,8.8050,4.9995,3.4398,11622.6721,NA
parkey.exe,41688,0x23B9193FB10,DXGI,1,0,0,Composed: Flip,11657.2680,NA,20.88080000000000,16.68700000000000,0.12730000000000,0.40490000000000,26.9395,11636.5335,20.8618,20.7345,0.1273,0.2934,20.8460,8.7946,12.0514,-2.8256,11636.5335,NA
parkey.exe,41688,0x23B9193FB10,DXGI,1,0,0,Composed: Flip,11671.1315,NA,13.86350000000000,14.58490000000000,0.12320000000000,0.42350000000000,27.6609,11657.3953,13.8594,13.7362,0.1232,0.3138,13.8459,8.8114,5.0345,6.2769,11657.3953,NA
parkey.exe,41688,0x23B9193FB10,DXGI,1,0,0,Composed: Flip,11685.0593,NA,13.92780000000000,18.77530000000000,0.14720000000000,0.42200000000000,32.5084,11671.2547,13.9518,13.8046,0.1472,0.3371,13.8895,8.8197,5.0698,-4.9159,11671.2547,NA
parkey.exe,41688,0x23B9193FB10,DXGI,1,0,0,Composed: Flip,11705.9306,NA,20.87130000000000,15.90870000000000,0.16460000000000,0.41960000000000,27.5458,11685.2065,20.8887,20.7241,0.1646,0.3160,20.8277,8.7756,12.0521,-1.9569,11685.2065,NA
parkey.exe,41688,0x23B9193FB10,DXGI,1,0,0,Composed: Flip,11719.8384,NA,13.90780000000000,17.46130000000000,0.13270000000000,0.38740000000000,31.0993,11706.0952,13.8759,13.7432,0.1327,0.2984,13.8322,8.8395,4.9927,3.4274,11706.0952,NA
parkey.exe,41688,0x23B9193FB10,DXGI,1,0,0,Composed: Flip,11740.6359,NA,20.79750000000000,16.67510000000000,0.15000000000000,0.40320000000000,26.9769,11719.9711,20.8148,20.6648,0.1500,0.3105,20.7575,8.7821,11.9754,-2.7992,11719.9711,NA
parkey.exe,41688,0x23B9193FB10,DXGI,1,0,0,Composed: Flip,11754.6247,NA,13.98880000000000,7.48860000000000,0.17550000000000,0.86790000000000,20.4767,11740.7859,14.0143,13.8388,0.1755,0.2892,14.4175,9.2591,5.1584,13.3262,11740.7859,NA
parkey.exe,41688,0x23B9193FB10,DXGI,1,0,0,Composed: Flip,11768.3262,NA,13.70150000000000,25.87570000000000,0.14000000000000,0.42140000000000,32.6509,11754.8002,13.6660,13.5260,0.1400,0.6924,13.2550,9.0442,4.2108,-11.8614,11754.8002,NA
parkey.exe,41688,0x23B9193FB10,DXGI,1,0,0,Composed: Flip,11789.1930,NA,20.86680000000000,16.67230000000000,0.28760000000000,0.41750000000000,28.4564,11768.4662,21.0144,20.7268,0.2876,0.3201,20.8242,8.7641,12.0601,-3.0063,11768.4662,NA
parkey.exe,41688,0x23B9193FB10,DXGI,1,0,0,Composed: Flip,11803.1168,NA,13.92380000000000,16.67880000000000,0.11840000000000,0.30040000000000,31.2114,11789.4806,13.7546,13.6362,0.1184,0.1973,13.7393,8.6476,5.0917,4.3356,11789.4806,NA
parkey.exe,41688,0x23B9193FB10,DXGI,1,0,0,Composed: Flip,11823.9075,NA,20.79070000000000,16.68270000000000,0.16100000000000,0.39560000000000,27.1034,11803.2352,20.8333,20.6723,0.1610,0.2339,20.8340,8.4426,12.3914,-2.9281,11803.2352,NA
parkey.exe,41688,0x23B9193FB10,DXGI,1,0,0,Composed: Flip,11837.8391,NA,13.93160000000000,16.67840000000000,0.12080000000000,0.40390000000000,29.8502,11824.0685,13.8914,13.7706,0.1208,0.2650,13.9095,8.7493,5.1602,4.1549,11824.0685,NA
parkey.exe,41688,0x23B9193FB10,DXGI,1,0,0,Composed: Flip,11851.6825,NA,13.84340000000000,16.68710000000000,0.15190000000000,0.41120000000000,32.6939,11837.9599,13.8745,13.7226,0.1519,0.3173,13.8165,8.4202,5.3963,-2.7957,11837.9599,NA
parkey.exe,41688,0x23B9193FB10,DXGI,1,0,0,Composed: Flip,11872.5783,NA,20.89580000000000,16.67930000000000,0.14120000000000,0.40050000000000,28.4774,11851.8344,20.8851,20.7439,0.1412,0.3083,20.8361,8.9787,11.8574,-2.8048,11851.8344,NA
parkey.exe,41688,0x23B9193FB10,DXGI,1,0,0,Composed: Flip,11886.4197,NA,13.84140000000000,16.67300000000000,0.15750000000000,0.91380000000000,31.3090,11872.7195,13.8577,13.7002,0.1575,0.5856,14.0284,8.7862,5.2422,4.2121,11872.7195,NA
parkey.exe,41688,0x23B9193FB10,DXGI,1,0,0,Composed: Flip,11907.3068,NA,20.88710000000000,16.68340000000000,0.13230000000000,0.40940000000000,27.1053,11886.5772,20.8619,20.7296,0.1323,0.7563,20.3827,8.9688,11.4139,-2.8257,11886.5772,NA
parkey.exe,41688,0x23B9193FB10,DXGI,1,0,0,Composed: Flip,11921.0961,NA,13.78930000000000,16.67770000000000,0.10720000000000,0.42240000000000,29.9937,11907.4391,13.7642,13.6570,0.1072,0.6000,13.4794,8.3107,5.1687,4.1842,11907.4391,NA
parkey.exe,41688,0x23B9193FB10,DXGI,1,0,0,Composed: Flip,11935.0618,NA,13.96570000000000,16.68270000000000,0.12570000000000,0.40930000000000,32.7107,11921.2033,13.9842,13.8585,0.1257,0.3426,13.9252,8.7854,5.1398,-2.9185,11921.2033,NA
parkey.exe,41688,0x23B9193FB10,DXGI,1,0,0,Composed: Flip,11955.8808,NA,20.81900000000000,16.67440000000000,0.15860000000000,0.39970000000000,28.5661,11935.1875,20.8519,20.6933,0.1586,0.3447,20.7483,8.8632,11.8851,-2.6902,11935.1875,NA
parkey.exe,41688,0x23B9193FB10,DXGI,1,0,0,Composed: Flip,11969.7701,NA,13.88930000000000,16.68330000000000,0.11210000000000,0.78960000000000,31.3601,11956.0394,13.8428,13.7307,0.1121,0.2802,14.2401,9.1025,5.1376,4.1686,11956.0394,NA
parkey.exe,41688,0x23B9193FB10,DXGI,1,0,0,Composed: Flip,11990.6402,NA,20.87010000000000,16.68170000000000,0.17990000000000,0.40820000000000,27.1717,11969.8822,20.9379,20.7580,0.1799,0.6775,20.4887,7.6136,12.8751,-2.8389,11969.8822,NA
parkey.exe,41688,0x23B9193FB10,DXGI,1,0,0,Composed: Flip,12004.5194,NA,13.87920000000000,16.67710000000000,0.15130000000000,0.40550000000000,29.9696,11990.8201,13.8506,13.6993,0.1513,0.2886,13.8162,8.8282,4.9880,4.2608,11990.8201,NA
parkey.exe,41688,0x23B9193FB10,DXGI,1,0,0,Composed: Flip,12018.3622,NA,13.84280000000000,16.68640000000000,0.14530000000000,0.40060000000000,32.8132,12004.6707,13.8368,13.6915,0.1453,0.2904,13.8017,8.4823,5.3194,-2.8358,12004.6707,NA
parkey.exe,41688,0x23B9193FB10,DXGI,1,0,0,Composed: Flip,12039.2895,NA,20.92730000000000,16.69680000000000,0.13320000000000,0.40260000000000,28.5827,12018.5075,20.9152,20.7820,0.1332,0.2897,20.8949,8.8281,12.0668,-2.8600,12018.5075,NA
parkey.exe,41688,0x23B9193FB10,DXGI,1,0,0,Composed: Flip,12053.0883,NA,13.79880000000000,16.66280000000000,0.13040000000000,0.71710000000000,31.4467,12039.4227,13.7960,13.6656,0.1304,0.3120,14.0707,8.7304,5.3403,4.2524,12039.4227,NA
parkey.exe,41688,0x23B9193FB10,DXGI,1,0,0,Composed: Flip,12074.0316,NA,20.94330000000000,16.68310000000000,0.15170000000000,0.42250000000000,27.1865,12053.2187,20.9646,20.8129,0.1517,0.5867,20.6487,9.2407,11.4080,-2.8871,12053.2187,NA
parkey.exe,41688,0x23B9193FB10,DXGI,1,0,0,Composed: Flip,12087.8862,NA,13.85460000000000,14.27880000000000,0.11360000000000,0.39440000000000,27.6107,12074.1833,13.8165,13.7029,0.1136,0.3059,13.7914,8.7625,5.0289,6.6858,12074.1833,NA
parkey.exe,41688,0x23B9193FB10,DXGI,1,0,0,Composed: Flip,12101.8047,NA,13.91850000000000,19.07350000000000,0.12630000000000,0.74430000000000,32.7657,12087.9998,13.9312,13.8049,0.1263,0.3095,14.2397,8.8938,5.3459,-5.2570,12087.9998,NA
parkey.exe,41688,0x23B9193FB10,DXGI,1,0,0,Composed: Flip,12122.6391,NA,20.83440000000000,15.62850000000000,0.13340000000000,0.39570000000000,27.5598,12101.9310,20.8415,20.7081,0.1334,0.6180,20.4858,8.8386,11.6472,-1.6973,12101.9310,NA
parkey.exe,41688,0x23B9193FB10,DXGI,1,0,0,Composed: Flip,12136.4741,NA,13.83500000000000,17.72750000000000,0.12120000000000,0.24910000000000,31.4523,12122.7725,13.8228,13.7016,0.1212,0.2933,13.6574,8.6500,5.0074,3.1140,12122.7725,NA
parkey.exe,41688,0x23B9193FB10,DXGI,1,0,0,Composed: Flip,12157.3824,NA,20.90830000000000,16.68590000000000,0.13440000000000,0.39970000000000,27.2299,12136.5953,20.9215,20.7871,0.1344,0.1827,21.0041,8.7578,12.2463,-2.8631,12136.5953,NA
parkey.exe,41688,0x23B9193FB10,DXGI,1,0,0,Composed: Flip,12171.2093,NA,13.82690000000000,14.21740000000000,0.12020000000000,0.41020000000000,27.6204,12157.5168,13.8127,13.6925,0.1202,0.3006,13.8021,8.7938,5.0083,6.7041,12157.5168,NA
parkey.exe,41688,0x23B9193FB10,DXGI,1,0,0,Composed: Flip,12185.1262,NA,13.91690000000000,19.14510000000000,0.13330000000000,0.42630000000000,32.8486,12171.3295,13.9300,13.7967,0.1333,0.3256,13.8974,8.7607,5.1367,-5.3324,12171.3295,NA
parkey.exe,41688,0x23B9193FB10,DXGI,1,0,0,Composed: Flip,12205.9810,NA,20.85480000000000,15.57110000000000,0.15600000000000,0.41030000000000,27.5649,12185.2595,20.8775,20.7215,0.1560,0.3414,20.7904,8.7780,12.0124,-1.6411,12185.2595,NA
parkey.exe,41688,0x23B9193FB10,DXGI,1,0,0,Composed: Flip,12219.8823,NA,13.90130000000000,17.78250000000000,0.13010000000000,0.80670000000000,31.4461,12206.1370,13.8754,13.7453,0.1301,0.2943,14.2577,9.1902,5.0675,3.0950,12206.1370,NA
parkey.exe,41688,0x23B9193FB10,DXGI,1,0,0,Composed: Flip,12240.7512,NA,20.86890000000000,16.68600000000000,0.14010000000000,0.39940000000000,27.2632,12220.0124,20.8789,20.7388,0.1401,0.6766,20.4616,8.8329,11.6287,-2.8106,12220.0124,NA
parkey.exe,41688,0x23B9193FB10,DXGI,1,0,0,Composed: Flip,12254.6728,NA,13.92160000000000,7.16660000000000,0.18060000000000,0.92400000000000,20.5082,12240.8913,13.9621,13.7815,0.1806,0.2922,14.4133,9.2984,5.1149,13.7123,12240.8913,NA
parkey.exe,41688,0x23B9193FB10,DXGI,1,0,0,Composed: Flip,12268.4081,NA,13.73530000000000,26.20100000000000,0.13850000000000,0.43040000000000,32.9739,12254.8534,13.6932,13.5547,0.1385,0.7434,13.2417,9.0234,4.2183,-12.2389,12254.8534,NA
parkey.exe,41688,0x23B9193FB10,DXGI,1,0,0,Composed: Flip,12289.3330,NA,20.92490000000000,16.67210000000000,0.15120000000000,0.39150000000000,28.7211,12268.5466,20.9376,20.7864,0.1512,0.3296,20.8483,8.6975,12.1508,-2.9789,12268.5466,NA
parkey.exe,41688,0x23B9193FB10,DXGI,1,0,0,Composed: Flip,12303.1672,NA,13.83420000000000,16.67860000000000,0.13230000000000,0.39770000000000,31.5655,12289.4842,13.8153,13.6830,0.1323,0.2710,13.8097,8.7963,5.0134,4.2590,12289.4842,NA
parkey.exe,41688,0x23B9193FB10,DXGI,1,0,0,Composed: Flip,12324.0200,NA,20.85280000000000,16.68400000000000,0.15850000000000,0.40290000000000,27.3967,12303.2995,20.8790,20.7205,0.1585,0.3165,20.8069,8.5913,12.2156,-2.8687,12303.2995,NA
parkey.exe,41688,0x23B9193FB10,DXGI,1,0,0,Composed: Flip,12337.8910,NA,13.87100000000000,16.67440000000000,0.10650000000000,0.39860000000000,30.2001,12324.1785,13.8190,13.7125,0.1065,0.2775,13.8336,8.7657,5.0679,4.2046,12324.1785,NA
parkey.exe,41688,0x23B9193FB10,DXGI,1,0,0,Composed: Flip,12351.7523,NA,13.86130000000000,16.68760000000000,0.16050000000000,0.40980000000000,33.0264,12337.9975,13.9153,13.7548,0.1605,0.3194,13.8452,8.4245,5.4207,-2.8686,12337.9975,NA
parkey.exe,41688,0x23B9193FB10,DXGI,1,0,0,Composed: Flip,12372.6645,NA,20.91220000000000,16.69320000000000,0.13290000000000,0.42140000000000,28.8074,12351.9128,20.8846,20.7517,0.1329,0.3259,20.8472,9.1301,11.7171,-2.7779,12351.9128,NA
parkey.exe,41688,0x23B9193FB10,DXGI,1,0,0,Composed: Flip,12386.6500,NA,13.98550000000000,16.68050000000000,0.19110000000000,0.99680000000000,31.5024,12372.7974,14.0437,13.8526,0.1911,0.4387,14.4107,8.8960,5.5147,4.2041,12372.7974,NA
parkey.exe,41688,0x23B9193FB10,DXGI,1,0,0,Composed: Flip,12407.4315,NA,20.78150000000000,16.66930000000000,0.13100000000000,0.41160000000000,27.3902,12386.8411,20.7214,20.5904,0.1310,0.8057,20.1963,8.9376,11.2587,-2.6256,12386.8411,NA
parkey.exe,41688,0x23B9193FB10,DXGI,1,0,0,Composed: Flip,12421.2418,NA,13.81030000000000,16.67820000000000,0.12300000000000,0.40090000000000,30.2581,12407.5625,13.8023,13.6793,0.1230,0.3124,13.7678,8.4329,5.3349,4.0432,12407.5625,NA
parkey.exe,41688,0x23B9193FB10,DXGI,1,0,0,Composed: Flip,12435.1430,NA,13.90120000000000,16.68740000000000,0.12060000000000,0.40390000000000,33.0443,12421.3648,13.8988,13.7782,0.1206,0.2998,13.8823,8.7960,5.0863,-2.8851,12421.3648,NA
parkey.exe,41688,0x23B9193FB10,DXGI,1,0,0,Composed: Flip,12455.9572,NA,20.81420000000000,16.66720000000000,0.15940000000000,0.40200000000000,28.8973,12435.2636,20.8530,20.6936,0.1594,0.3155,20.7801,8.7938,11.9863,-2.7684,12435.2636,NA
parkey.exe,41688,0x23B9193FB10,DXGI,1,0,0,Composed: Flip,12469.8568,NA,13.89960000000000,16.68330000000000,0.10780000000000,0.42340000000000,31.6810,12456.1166,13.8480,13.7402,0.1078,0.2830,13.8806,8.8201,5.0605,4.1697,12456.1166,NA
parkey.exe,41688,0x23B9193FB10,DXGI,1,0,0,Composed: Flip,12490.6770,NA,20.82020000000000,16.68480000000000,0.12850000000000,0.42160000000000,27.5456,12469.9646,20.8409,20.7124,0.1285,0.3471,20.7869,8.4027,12.3842,-2.8368,12469.9646,NA
parkey.exe,41688,0x23B9193FB10,DXGI,1,0,0,Composed: Flip,12504.5961,NA,13.91910000000000,16.67390000000000,0.14190000000000,0.41610000000000,30.3004,12490.8055,13.9325,13.7906,0.1419,0.3235,13.8832,8.7814,5.1018,4.1670,12490.8055,NA
parkey.exe,41688,0x23B9193FB10,DXGI,1,0,0,Composed: Flip,12518.4421,NA,13.84600000000000,16.68670000000000,0.12910000000000,0.46870000000000,33.1411,12504.7380,13.8332,13.7041,0.1291,0.3102,13.8626,8.4679,5.3947,-2.7542,12504.7380,NA
parkey.exe,41688,0x23B9193FB10,DXGI,1,0,0,Composed: Flip,12539.3733,NA,20.93120000000000,16.69200000000000,0.13420000000000,0.40320000000000,28.9019,12518.5712,20.9363,20.8021,0.1342,0.4087,20.7966,8.8399,11.9567,-2.8588,12518.5712,NA
parkey.exe,41688,0x23B9193FB10,DXGI,1,0,0,Composed: Flip,12553.1628,NA,13.78950000000000,16.66850000000000,0.11080000000000,0.83490000000000,31.7809,12539.5075,13.7661,13.6553,0.1108,0.2925,14.1977,8.8727,5.3250,4.2678,12539.5075,NA
parkey.exe,41688,0x23B9193FB10,DXGI,1,0,0,Composed: Flip,12574.1087,NA,20.94590000000000,16.76610000000000,0.13860000000000,0.40530000000000,27.6011,12553.2736,20.9737,20.8351,0.1386,0.7241,20.5163,8.7257,11.7906,-3.0000,12553.2736,NA
parkey.exe,41688,0x23B9193FB10,DXGI,1,0,0,Composed: Flip,12587.9409,NA,13.83220000000000,13.80770000000000,0.12470000000000,0.39480000000000,27.5766,12574.2473,13.8183,13.6936,0.1247,0.2942,13.7942,8.7778,5.0164,7.1660,12574.2473,NA
parkey.exe,41688,0x23B9193FB10,DXGI,1,0,0,Composed: Flip,12601.9481,NA,14.00720000000000,19.46240000000000,0.15810000000000,0.40560000000000,33.0318,12588.0656,14.0406,13.8825,0.1581,0.2908,13.9973,8.7724,5.2249,-5.6441,12588.0656,NA
parkey.exe,41688,0x23B9193FB10,DXGI,1,0,0,Composed: Flip,12622.7474,NA,20.79930000000000,8.39460000000000,0.14320000000000,0.40060000000000,20.6271,12602.1062,20.7844,20.6412,0.1432,0.2880,20.7538,8.6694,12.0844,5.6460,12602.1062,NA
parkey.exe,41688,0x23B9193FB10,DXGI,1,0,0,Composed: Flip,12636.5451,NA,13.79770000000000,24.96400000000000,0.14370000000000,0.89730000000000,31.7934,12622.8906,13.7982,13.6545,0.1437,0.3264,14.2254,9.3284,4.8970,-4.1796,12622.8906,NA
parkey.exe,41688,0x23B9193FB10,DXGI,1,0,0,Composed: Flip,12657.6234,NA,21.07830000000000,9.70980000000000,0.18070000000000,0.39010000000000,20.4249,12636.6888,21.1153,20.9346,0.1807,0.7536,20.5711,9.0311,11.5400,4.0884,12636.6888,NA
parkey.exe,41688,0x23B9193FB10,DXGI,1,0,0,Composed: Flip,12671.3039,NA,13.68050000000000,13.87560000000000,0.12140000000000,0.40380000000000,20.6200,12657.8041,13.6212,13.4998,0.1214,0.2659,13.6377,8.8237,4.8140,7.2397,12657.8041,NA
parkey.exe,41688,0x23B9193FB10,DXGI,1,0,0,Composed: Flip,12685.2859,NA,13.98200000000000,26.47020000000000,0.28350000000000,0.41160000000000,33.1082,12671.4253,14.1441,13.8606,0.2835,0.3019,13.9703,8.6908,5.2795,-12.8490,12671.4253,NA
parkey.exe,41688,0x23B9193FB10,DXGI,1,0,0,Composed: Flip,12706.1221,NA,20.83620000000000,8.27660000000000,0.16440000000000,0.41160000000000,20.5486,12685.5694,20.7171,20.5527,0.1644,0.1859,20.7784,8.7116,12.0668,5.8675,12685.5694,NA
parkey.exe,41688,0x23B9193FB10,DXGI,1,0,0,Composed: Flip,12719.9466,NA,13.82450000000000,25.07660000000000,0.12660000000000,0.77080000000000,31.8007,12706.2865,13.7867,13.6601,0.1266,0.3090,14.1219,9.1382,4.9837,-4.3595,12706.2865,NA
parkey.exe,41688,0x23B9193FB10,DXGI,1,0,0,Composed: Flip,12740.9003,NA,20.95370000000000,9.70730000000000,0.15420000000000,0.40350000000000,20.5543,12720.0732,20.9813,20.8271,0.1542,0.6442,20.5864,8.8195,11.7669,4.0794,12720.0732,NA
parkey.exe,41688,0x23B9193FB10,DXGI,1,0,0,Composed: Flip,12754.6919,NA,13.79160000000000,13.89710000000000,0.16660000000000,0.37600000000000,20.6598,12741.0545,13.8040,13.6374,0.1666,0.2822,13.7312,8.8532,4.8780,7.0842,12741.0545,NA
parkey.exe,41688,0x23B9193FB10,DXGI,1,0,0,Composed: Flip,12768.6662,NA,13.97430000000000,26.44430000000000,0.20660000000000,0.42940000000000,33.1298,12754.8585,14.0143,13.8077,0.2066,0.2849,13.9522,8.9588,4.9934,-12.6403,12754.8585,NA
parkey.exe,41688,0x23B9193FB10,DXGI,1,0,0,Composed: Flip,12789.4637,NA,20.79750000000000,8.27130000000000,0.16020000000000,0.78060000000000,20.6036,12768.8728,20.7511,20.5909,0.1602,0.2587,21.1128,9.3237,11.7891,5.7430,12768.8728,NA
parkey.exe,41688,0x23B9193FB10,DXGI,1,0,0,Composed: Flip,12803.2404,NA,13.77670000000000,25.07260000000000,0.13150000000000,0.77330000000000,31.8995,12789.6239,13.7480,13.6165,0.1315,0.6204,13.7694,9.5760,4.1934,-4.3215,12789.6239,NA
parkey.exe,41688,0x23B9193FB10,DXGI,1,0,0,Composed: Flip,12824.1563,NA,20.91590000000000,9.64940000000000,0.17240000000000,0.41020000000000,20.6330,12803.3719,20.9568,20.7844,0.1724,0.6418,20.5528,8.9581,11.5947,4.0986,12803.3719,NA
parkey.exe,41688,0x23B9193FB10,DXGI,1,0,0,Composed: Flip,12837.9684,NA,13.81210000000000,13.88310000000000,0.11980000000000,0.78240000000000,20.7040,12824.3287,13.7595,13.6397,0.1198,0.4216,14.0005,9.3336,4.6669,7.0737,12824.3287,NA
parkey.exe,41688,0x23B9193FB10,DXGI,1,0,0,Composed: Flip,12851.8695,NA,13.90110000000000,26.50700000000000,0.15020000000000,0.77460000000000,33.3099,12838.0882,13.9315,13.7813,0.1502,0.6626,13.8933,9.2892,4.6041,-12.7475,12838.0882,NA
parkey.exe,41688,0x23B9193FB10,DXGI,1,0,0,Composed: Flip,12872.9017,NA,21.03220000000000,8.16890000000000,0.16870000000000,0.78370000000000,20.4466,12852.0197,21.0507,20.8820,0.1687,0.6244,21.0413,9.4909,11.5504,5.7626,12852.0197,NA
parkey.exe,41688,0x23B9193FB10,DXGI,1,0,0,Composed: Flip,12886.5734,NA,13.67170000000000,25.19560000000000,0.13700000000000,0.78780000000000,31.9705,12873.0704,13.6400,13.5030,0.1370,0.6150,13.6758,9.5886,4.0872,-4.1449,12873.0704,NA
parkey.exe,41688,0x23B9193FB10,DXGI,1,0,0,Composed: Flip,12907.4947,NA,20.92130000000000,9.57480000000000,0.11600000000000,0.78240000000000,20.6240,12886.7104,20.9003,20.7843,0.1160,0.6508,20.9159,9.2903,11.6256,4.0652,12886.7104,NA
parkey.exe,41688,0x23B9193FB10,DXGI,1,0,0,Composed: Flip,12921.3030,NA,13.80830000000000,13.89750000000000,0.13260000000000,0.78100000000000,20.7132,12907.6107,13.8249,13.6923,0.1326,0.6664,13.8069,9.4115,4.3954,7.0028,12907.6107,NA
parkey.exe,41688,0x23B9193FB10,DXGI,1,0,0,Composed: Flip,12935.1786,NA,13.87560000000000,26.57280000000000,0.12740000000000,0.80240000000000,33.4104,12921.4356,13.8704,13.7430,0.1274,0.6484,13.8970,9.3671,4.5299,-12.7479,12921.4356,NA
parkey.exe,41688,0x23B9193FB10,DXGI,1,0,0,Composed: Flip,12956.0401,NA,20.86150000000000,16.67010000000000,0.15270000000000,0.39720000000000,29.2190,12935.3060,20.8868,20.7341,0.1527,0.6750,20.4563,8.9473,11.5090,-2.7997,12935.3060,NA
parkey.exe,41688,0x23B9193FB10,DXGI,1,0,0,Composed: Flip,12969.8956,NA,13.85550000000000,16.67970000000000,0.10620000000000,0.52830000000000,32.0432,12956.1928,13.8090,13.7028,0.1062,0.2787,13.9524,8.6880,5.2644,4.2071,12956.1928,NA
parkey.exe,41688,0x23B9193FB10,DXGI,1,0,0,Composed: Flip,12990.9006,NA,21.00500000000000,16.69030000000000,0.14080000000000,0.80860000000000,27.7285,12970.0018,21.0396,20.8988,0.1408,0.4221,21.2853,9.7489,11.5364,-2.8813,12970.0018,NA
parkey.exe,41688,0x23B9193FB10,DXGI,1,0,0,Composed: Flip,13004.6249,NA,13.72430000000000,16.67600000000000,0.12420000000000,0.44020000000000,30.6802,12991.0414,13.7077,13.5835,0.1242,0.6678,13.3559,8.8065,4.5494,4.3636,12991.0414,NA
parkey.exe,41688,0x23B9193FB10,DXGI,1,0,0,Composed: Flip,13018.5343,NA,13.90940000000000,16.68560000000000,0.18820000000000,0.40510000000000,33.4564,13004.7491,13.9734,13.7852,0.1882,0.3728,13.8175,8.3916,5.4259,-2.9779,13004.7491,NA
parkey.exe,41688,0x23B9193FB10,DXGI,1,0,0,Composed: Flip,13039.4516,NA,20.91730000000000,16.67710000000000,0.11840000000000,0.75820000000000,29.2162,13018.7225,20.8475,20.7291,0.1184,0.2731,21.2142,9.4761,11.7381,-2.7037,13018.7225,NA
parkey.exe,41688,0x23B9193FB10,DXGI,1,0,0,Composed: Flip,13053.3078,NA,13.85620000000000,16.67250000000000,0.18840000000000,0.41500000000000,32.0325,13039.5700,13.9262,13.7378,0.1884,0.6398,13.5130,7.6091,5.9039,4.1750,13039.5700,NA
parkey.exe,41688,0x23B9193FB10,DXGI,1,0,0,Composed: Flip,13074.1834,NA,20.87560000000000,16.68540000000000,0.14030000000000,0.78610000000000,27.8423,13053.4962,20.8275,20.6872,0.1403,0.2929,21.1804,9.5135,11.6669,-2.7592,13053.4962,NA
parkey.exe,41688,0x23B9193FB10,DXGI,1,0,0,Composed: Flip,13087.9919,NA,13.80850000000000,16.67880000000000,0.11020000000000,0.30360000000000,30.7126,13074.3237,13.7784,13.6682,0.1102,0.6458,13.3260,7.4813,5.8447,4.1487,13074.3237,NA
parkey.exe,41688,0x23B9193FB10,DXGI,1,0,0,Composed: Flip,13101.9630,NA,13.97110000000000,16.68160000000000,0.13090000000000,0.79550000000000,33.4231,13088.1021,13.9918,13.8609,0.1309,0.2132,14.4432,9.1552,5.2880,-2.9032,13088.1021,NA
parkey.exe,41688,0x23B9193FB10,DXGI,1,0,0,Composed: Flip,13122.8321,NA,20.86910000000000,16.67190000000000,0.14360000000000,0.38020000000000,29.2259,13102.0939,20.8818,20.7382,0.1436,0.6646,20.4538,8.8819,11.5719,-2.6801,13102.0939,NA
parkey.exe,41688,0x23B9193FB10,DXGI,1,0,0,Composed: Flip,13136.6575,NA,13.82540000000000,16.68040000000000,0.15600000000000,0.96380000000000,32.0809,13122.9757,13.8378,13.6818,0.1560,0.2738,14.3718,9.3739,4.9979,4.2014,13122.9757,NA
parkey.exe,41688,0x23B9193FB10,DXGI,1,0,0,Composed: Flip,13157.5249,NA,20.86740000000000,9.42690000000000,0.13680000000000,0.77220000000000,20.6404,13136.8135,20.8482,20.7114,0.1368,0.8078,20.6758,9.4102,11.2656,4.4109,13136.8135,NA
parkey.exe,41688,0x23B9193FB10,DXGI,1,0,0,Composed: Flip,13171.3096,NA,13.78470000000000,23.94150000000000,0.10560000000000,0.78030000000000,30.7972,13157.6617,13.7535,13.6479,0.1056,0.6354,13.7928,9.3635,4.4293,-3.0933,13157.6617,NA
parkey.exe,41688,0x23B9193FB10,DXGI,1,0,0,Composed: Flip,13185.2042,NA,13.89460000000000,16.68010000000000,0.11290000000000,0.81560000000000,33.5827,13171.4152,13.9019,13.7890,0.1129,0.6747,13.9299,9.3653,4.5646,-2.9266,13171.4152,NA
parkey.exe,41688,0x23B9193FB10,DXGI,1,0,0,Composed: Flip,13206.1426,NA,20.93840000000000,16.67200000000000,0.13630000000000,0.78920000000000,29.3163,13185.3171,20.9618,20.8255,0.1363,0.7027,20.9120,9.4723,11.4397,-2.7701,13185.3171,NA
parkey.exe,41688,0x23B9193FB10,DXGI,1,0,0,Composed: Flip,13219.9362,NA,13.79360000000000,16.68660000000000,0.11430000000000,0.76430000000000,32.2093,13206.2789,13.7716,13.6573,0.1143,0.6529,13.7687,7.9621,5.8066,4.2752,13206.2789,NA
parkey.exe,41688,0x23B9193FB10,DXGI,1,0,0,Composed: Flip,13240.9328,NA,20.99660000000000,16.69030000000000,0.13770000000000,0.40800000000000,27.9030,13220.0505,21.0200,20.8823,0.1377,0.6500,20.6403,9.0363,11.6040,-2.9187,13220.0505,NA
parkey.exe,41688,0x23B9193FB10,DXGI,1,0,0,Composed: Flip,13254.7130,NA,13.78020000000000,6.61220000000000,0.12110000000000,0.80390000000000,20.7350,13241.0705,13.7636,13.6425,0.1211,0.3086,14.1378,9.1473,4.9905,14.4078,13241.0705,NA
parkey.exe,41688,0x23B9193FB10,DXGI,1,0,0,Composed: Flip,13268.5994,NA,13.88640000000000,26.74190000000000,0.13980000000000,0.80090000000000,33.5905,13254.8341,13.9051,13.7653,0.1398,0.6828,13.8834,9.5391,4.3443,-12.9783,13254.8341,NA
parkey.exe,41688,0x23B9193FB10,DXGI,1,0,0,Composed: Flip,13289.4855,NA,20.88610000000000,16.67920000000000,0.17580000000000,0.41160000000000,29.3836,13268.7392,20.9221,20.7463,0.1758,0.6611,20.4968,8.9384,11.5584,-2.7741,13268.7392,NA
parkey.exe,41688,0x23B9193FB10,DXGI,1,0,0,Composed: Flip,13303.3795,NA,13.89400000000000,16.67610000000000,0.13500000000000,0.76870000000000,32.1657,13289.6613,13.8532,13.7182,0.1350,0.2671,14.2198,9.0928,5.1270,4.2460,13289.6613,NA
parkey.exe,41688,0x23B9193FB10,DXGI,1,0,0,Composed: Flip,13324.1572,NA,20.77770000000000,16.21410000000000,0.13120000000000,0.79740000000000,27.6021,13303.5145,20.7739,20.6427,0.1312,0.6337,20.8064,9.3643,11.4421,-2.3609,13303.5145,NA
parkey.exe,41688,0x23B9193FB10,DXGI,1,0,0,Composed: Flip,13338.2636,NA,14.10640000000000,17.15070000000000,0.18080000000000,0.80940000000000,30.6464,13324.2884,14.1560,13.9752,0.1808,0.6662,14.1184,9.3258,4.7926,3.6232,13324.2884,NA
parkey.exe,41688,0x23B9193FB10,DXGI,1,0,0,Composed: Flip,13351.9719,NA,13.70830000000000,16.69430000000000,0.16660000000000,0.40450000000000,33.6324,13338.4444,13.6941,13.5275,0.1666,0.6286,13.3034,8.7160,4.5874,-2.5383,13338.4444,NA
parkey.exe,41688,0x23B9193FB10,DXGI,1,0,0,Composed: Flip,13372.8802,NA,20.90830000000000,16.66440000000000,0.13930000000000,0.76250000000000,29.3885,13352.1385,20.8810,20.7417,0.1393,0.5693,20.9349,9.2837,11.6512,-2.9703,13352.1385,NA
parkey.exe,41688,0x23B9193FB10,DXGI,1,0,0,Composed: Flip,13386.6555,NA,13.77530000000000,16.67890000000000,0.11380000000000,0.89600000000000,32.2921,13373.0195,13.7498,13.6360,0.1138,0.6232,13.9088,8.0968,5.8120,4.2021,13373.0195,NA
parkey.exe,41688,0x23B9193FB10,DXGI,1,0,0,Composed: Flip,13407.5397,NA,20.88420000000000,16.71500000000000,0.10670000000000,0.78990000000000,28.1229,13386.7693,20.8771,20.7704,0.1067,0.7822,20.7781,9.4083,11.3698,-2.9652,13386.7693,NA
parkey.exe,41688,0x23B9193FB10,DXGI,1,0,0,Composed: Flip,13421.3534,NA,13.81370000000000,16.64390000000000,0.11860000000000,0.77900000000000,30.9531,13407.6464,13.8256,13.7070,0.1186,0.6832,13.8028,9.2483,4.5545,4.2332,13407.6464,NA
parkey.exe,41688,0x23B9193FB10,DXGI,1,0,0,Composed: Flip,13435.2601,NA,13.90670000000000,16.67980000000000,0.11170000000000,0.79170000000000,33.7262,13421.4720,13.8998,13.7881,0.1117,0.6604,13.9194,8.0348,5.8846,-2.8542,13421.4720,NA
parkey.exe,41688,0x23B9193FB10,DXGI,1,0,0,Composed: Flip,13456.1788,NA,20.91870000000000,16.67940000000000,0.12780000000000,0.76470000000000,29.4869,13435.3718,20.9348,20.8070,0.1278,0.6800,20.8917,9.4094,11.4823,-2.7796,13435.3718,NA
parkey.exe,41688,0x23B9193FB10,DXGI,1,0,0,Composed: Flip,13469.9929,NA,13.81410000000000,16.68300000000000,0.13650000000000,0.78740000000000,32.3558,13456.3066,13.8228,13.6863,0.1365,0.6369,13.8368,7.9465,5.8903,4.2518,13456.3066,NA
parkey.exe,41688,0x23B9193FB10,DXGI,1,0,0,Composed: Flip,13490.9013,NA,20.90840000000000,16.70030000000000,0.13920000000000,0.78300000000000,28.1477,13470.1294,20.9111,20.7719,0.1392,0.6509,20.9040,9.3878,11.5162,-2.8775,13470.1294,NA
parkey.exe,41688,0x23B9193FB10,DXGI,1,0,0,Composed: Flip,13504.7639,NA,13.86260000000000,6.44330000000000,0.12440000000000,0.41230000000000,20.7284,13491.0405,13.8478,13.7234,0.1244,0.6438,13.4919,7.6347,5.8572,14.4678,13491.0405,NA
parkey.exe,41688,0x23B9193FB10,DXGI,1,0,0,Composed: Flip,13518.6299,NA,13.86600000000000,26.89920000000000,0.14280000000000,0.77720000000000,33.7616,13504.8883,13.8844,13.7416,0.1428,0.6282,13.8906,9.3528,4.5378,-13.0514,13504.8883,NA
parkey.exe,41688,0x23B9193FB10,DXGI,1,0,0,Composed: Flip,13539.4704,NA,20.84050000000000,16.67120000000000,0.12900000000000,0.38330000000000,29.5923,13518.7727,20.8267,20.6977,0.1290,0.6344,20.4466,8.8929,11.5537,-2.7868,13518.7727,NA
parkey.exe,41688,0x23B9193FB10,DXGI,1,0,0,Composed: Flip,13553.4016,NA,13.93120000000000,16.68270000000000,0.14150000000000,0.77000000000000,32.3438,13539.5994,13.9437,13.8022,0.1415,0.4115,14.1607,9.0766,5.0841,4.1440,13539.5994,NA
parkey.exe,41688,0x23B9193FB10,DXGI,1,0,0,Composed: Flip,13574.2003,NA,20.79870000000000,16.68890000000000,0.12330000000000,0.76850000000000,28.2340,13553.5431,20.7805,20.6572,0.1233,0.6285,20.7972,9.3175,11.4797,-2.7452,13553.5431,NA
parkey.exe,41688,0x23B9193FB10,DXGI,1,0,0,Composed: Flip,13588.1199,NA,13.91960000000000,16.67730000000000,0.10210000000000,0.76380000000000,30.9917,13574.3236,13.8984,13.7963,0.1021,0.6452,13.9149,9.2508,4.6641,4.1032,13574.3236,NA
parkey.exe,41688,0x23B9193FB10,DXGI,1,0,0,Composed: Flip,13601.9343,NA,13.81440000000000,16.68560000000000,0.11450000000000,0.78700000000000,33.8629,13588.2220,13.8268,13.7123,0.1145,0.6617,13.8376,8.3590,5.4786,-2.7872,13588.2220,NA
parkey.exe,41688,0x23B9193FB10,DXGI,1,0,0,Composed: Flip,13622.9142,NA,20.97990000000000,16.67650000000000,0.15580000000000,0.76470000000000,29.5595,13602.0488,21.0212,20.8654,0.1558,0.6725,20.9576,9.5760,11.3816,-2.8497,13602.0488,NA
parkey.exe,41688,0x23B9193FB10,DXGI,1,0,0,Composed: Flip,13636.7287,NA,13.81450000000000,16.68270000000000,0.13980000000000,0.79630000000000,32.4277,13623.0700,13.7985,13.6587,0.1398,0.6089,13.8461,7.9871,5.8590,4.3385,13623.0700,NA
parkey.exe,41688,0x23B9193FB10,DXGI,1,0,0,Composed: Flip,13657.6378,NA,20.90910000000000,16.69110000000000,0.13400000000000,0.77600000000000,28.2097,13636.8685,20.9033,20.7693,0.1340,0.6565,20.8888,9.4827,11.4061,-2.8926,13636.8685,NA
parkey.exe,41688,0x23B9193FB10,DXGI,1,0,0,Composed: Flip,13671.4577,NA,13.81990000000000,16.65960000000000,0.12680000000000,0.29530000000000,31.0494,13657.7718,13.8127,13.6859,0.1268,0.6420,13.3392,7.4501,5.8891,4.2437,13657.7718,NA
parkey.exe,41688,0x23B9193FB10,DXGI,1,0,0,Composed: Flip,13692.4428,NA,20.98510000000000,16.69040000000000,0.17890000000000,0.25260000000000,26.7547,13671.5845,21.0372,20.8583,0.1789,0.2181,20.8928,8.6336,12.2592,-2.8777,13671.5845,NA
parkey.exe,41688,0x23B9193FB10,DXGI,1,0,0,Composed: Flip,13706.1691,NA,13.72630000000000,14.57120000000000,0.14000000000000,0.42750000000000,27.5996,13692.6217,13.6874,13.5474,0.1400,0.4938,13.4811,8.9716,4.5095,6.4660,13692.6217,NA
parkey.exe,41688,0x23B9193FB10,DXGI,1,0,0,Composed: Flip,13720.2163,NA,14.04720000000000,18.78300000000000,0.16600000000000,0.40090000000000,32.3354,13706.3091,14.0732,13.9072,0.1660,0.4461,13.8620,8.6932,5.1688,-5.0956,13706.3091,NA
parkey.exe,41688,0x23B9193FB10,DXGI,1,0,0,Composed: Flip,13741.1144,NA,20.89810000000000,9.09070000000000,0.21910000000000,0.39050000000000,20.5280,13720.3823,20.9512,20.7321,0.2191,0.2701,20.8525,8.8070,12.0455,4.9825,13720.3823,NA
parkey.exe,41688,0x23B9193FB10,DXGI,1,0,0,Composed: Flip,13754.7828,NA,13.66840000000000,24.26970000000000,0.16340000000000,0.77850000000000,31.1293,13741.3335,13.6127,13.4493,0.1634,0.2324,13.9954,9.1845,4.8109,-3.3185,13741.3335,NA
parkey.exe,41688,0x23B9193FB10,DXGI,1,0,0,Composed: Flip,13775.7809,NA,20.99810000000000,16.68530000000000,0.14280000000000,0.39000000000000,26.8165,13754.9462,20.9775,20.8347,0.1428,0.6151,20.6096,8.8466,11.7630,-3.0726,13754.9462,NA
parkey.exe,41688,0x23B9193FB10,DXGI,1,0,0,Composed: Flip,13789.5661,NA,13.78520000000000,14.52170000000000,0.14040000000000,0.42230000000000,27.5530,13775.9237,13.7828,13.6424,0.1404,0.2851,13.7796,9.2217,4.5579,6.4558,13775.9237,NA
parkey.exe,41688,0x23B9193FB10,DXGI,1,0,0,Composed: Flip,13803.5665,NA,14.00040000000000,18.83290000000000,0.14820000000000,0.40350000000000,32.3855,13789.7065,14.0082,13.8600,0.1482,0.3132,13.9503,8.7685,5.1818,-5.0501,13789.7065,NA
parkey.exe,41688,0x23B9193FB10,DXGI,1,0,0,Composed: Flip,13824.3654,NA,20.79890000000000,9.00060000000000,0.17540000000000,0.80710000000000,20.5872,13803.7147,20.8261,20.6507,0.1754,0.3068,21.1510,9.1812,11.9698,5.0076,13803.7147,NA
parkey.exe,41688,0x23B9193FB10,DXGI,1,0,0,Composed: Flip,13838.1400,NA,13.77460000000000,24.35560000000000,0.12430000000000,0.78680000000000,31.1682,13824.5408,13.7235,13.5992,0.1243,0.6317,13.7543,9.6276,4.1267,-3.5295,13824.5408,NA
parkey.exe,41688,0x23B9193FB10,DXGI,1,0,0,Composed: Flip,13859.1023,NA,20.96230000000000,16.68840000000000,0.15440000000000,0.38580000000000,26.8943,13838.2643,20.9924,20.8380,0.1544,0.6625,20.5613,8.9491,11.6122,-2.9649,13838.2643,NA
parkey.exe,41688,0x23B9193FB10,DXGI,1,0,0,Composed: Flip,13872.8985,NA,13.79620000000000,14.47140000000000,0.14780000000000,0.39950000000000,27.5695,13859.2567,13.7896,13.6418,0.1478,0.5685,13.4728,8.9039,4.5689,6.5210,13859.2567,NA
parkey.exe,41688,0x23B9193FB10,DXGI,1,0,0,Composed: Flip,13886.9254,NA,14.02690000000000,18.88720000000000,0.17970000000000,0.78380000000000,32.4298,13873.0463,14.0588,13.8791,0.1797,0.2997,14.3632,9.2230,5.1402,-5.0976,13873.0463,NA
parkey.exe,41688,0x23B9193FB10,DXGI,1,0,0,Composed: Flip,13907.6829,NA,20.75750000000000,8.95310000000000,0.13630000000000,0.79210000000000,20.6254,13887.1051,20.7141,20.5778,0.1363,0.6041,20.7658,9.1474,11.6184,5.1057,13887.1051,NA
parkey.exe,41688,0x23B9193FB10,DXGI,1,0,0,Composed: Flip,13921.4935,NA,13.81060000000000,24.40130000000000,0.12180000000000,0.81240000000000,31.2161,13907.8192,13.7961,13.6743,0.1218,0.6558,13.8309,9.4896,4.3413,-3.6872,13907.8192,NA
parkey.exe,41688,0x23B9193FB10,DXGI,1,0,0,Composed: Flip,13942.3928,NA,20.89930000000000,16.69270000000000,0.17400000000000,0.82930000000000,27.0095,13921.6153,20.9515,20.7775,0.1740,0.6906,20.9162,9.3545,11.5617,-2.8966,13921.6153,NA
parkey.exe,41688,0x23B9193FB10,DXGI,1,0,0,Composed: Flip,13956.2445,NA,13.85170000000000,14.40690000000000,0.14000000000000,0.38410000000000,27.5647,13942.5668,13.8177,13.6777,0.1400,0.6553,13.4065,9.1020,4.3045,6.5446,13942.5668,NA
parkey.exe,41688,0x23B9193FB10,DXGI,1,0,0,Composed: Flip,13970.1791,NA,13.93460000000000,18.94580000000000,0.12480000000000,0.78410000000000,32.5759,13956.3845,13.9194,13.7946,0.1248,0.2977,14.2810,9.3050,4.9760,-5.1281,13956.3845,NA
parkey.exe,41688,0x23B9193FB10,DXGI,1,0,0,Composed: Flip,13991.0667,NA,20.88760000000000,8.89840000000000,0.13530000000000,0.78350000000000,20.5867,13970.3039,20.8981,20.7628,0.1353,0.6593,20.8870,9.3557,11.5313,5.0210,13970.3039,NA
parkey.exe,41688,0x23B9193FB10,DXGI,1,0,0,Composed: Flip,14004.8408,NA,13.77410000000000,24.46210000000000,0.14420000000000,0.79050000000000,31.2747,13991.2020,13.7830,13.6388,0.1442,0.6482,13.7811,9.4184,4.3627,-3.5640,13991.2020,NA
parkey.exe,41688,0x23B9193FB10,DXGI,1,0,0,Composed: Flip,14025.7770,NA,20.93620000000000,16.69240000000000,0.15030000000000,0.85520000000000,27.0309,14004.9850,20.9423,20.7920,0.1503,0.6463,21.0009,9.3394,11.6615,-2.9094,14004.9850,NA
parkey.exe,41688,0x23B9193FB10,DXGI,1,0,0,Composed: Flip,14039.5790,NA,13.80200000000000,14.34570000000000,0.13320000000000,0.39730000000000,27.5746,14025.9273,13.7849,13.6517,0.1332,0.7049,13.3441,9.1463,4.1978,6.5966,14025.9273,NA
parkey.exe,41688,0x23B9193FB10,DXGI,1,0,0,Composed: Flip,14053.6606,NA,14.08160000000000,19.00620000000000,0.16710000000000,0.39690000000000,32.4992,14039.7122,14.1155,13.9484,0.1671,0.3110,14.0343,8.8551,5.1792,-5.2213,14039.7122,NA
parkey.exe,41688,0x23B9193FB10,DXGI,1,0,0,Composed: Flip,14074.3248,NA,20.66420000000000,16.68990000000000,0.14560000000000,0.40240000000000,28.5249,14053.8277,20.6427,20.4971,0.1456,0.2783,20.6212,8.8000,11.8212,-2.5744,14053.8277,NA
parkey.exe,41688,0x23B9193FB10,DXGI,1,0,0,Composed: Flip,14088.2709,NA,13.94610000000000,16.67770000000000,0.13840000000000,0.42080000000000,31.2565,14074.4704,13.9389,13.8005,0.1384,0.5807,13.6406,8.6981,4.9425,3.9650,14074.4704,NA
parkey.exe,41688,0x23B9193FB10,DXGI,1,0,0,Composed: Flip,14109.1189,NA,20.84800000000000,16.67270000000000,0.12720000000000,0.43040000000000,27.0812,14088.4093,20.8368,20.7096,0.1272,0.6033,20.5367,8.3372,12.1995,-2.7338,14088.4093,NA
parkey.exe,41688,0x23B9193FB10,DXGI,1,0,0,Composed: Flip,14122.9642,NA,13.84530000000000,7.42710000000000,0.13180000000000,0.39300000000000,20.6630,14109.2461,13.8499,13.7181,0.1318,0.3395,13.7716,8.4868,5.2848,13.4097,14109.2461,NA
parkey.exe,41688,0x23B9193FB10,DXGI,1,0,0,Composed: Flip,14136.8423,NA,13.87810000000000,25.93620000000000,0.16440000000000,0.77930000000000,32.7211,14123.0960,13.9107,13.7463,0.1644,0.3150,14.2106,8.8156,5.3950,-12.0863,14123.0960,NA
parkey.exe,41688,0x23B9193FB10,DXGI,1,0,0,Composed: Flip,14157.6462,NA,20.80390000000000,8.77440000000000,0.13220000000000,0.39840000000000,20.6916,14137.0067,20.7717,20.6395,0.1322,0.6149,20.4230,8.9621,11.4609,5.1363,14137.0067,NA
parkey.exe,41688,0x23B9193FB10,DXGI,1,0,0,Composed: Flip,14171.5171,NA,13.87090000000000,24.58330000000000,0.11410000000000,0.76830000000000,31.4040,14157.7784,13.8528,13.7387,0.1141,0.6158,13.8912,8.3646,5.5266,-3.8116,14157.7784,NA
parkey.exe,41688,0x23B9193FB10,DXGI,1,0,0,Composed: Flip,14192.4868,NA,20.96970000000000,16.68380000000000,0.20060000000000,0.39750000000000,27.1181,14171.6312,21.0562,20.8556,0.2006,0.6542,20.5989,8.9608,11.6381,-2.8310,14171.6312,NA
parkey.exe,41688,0x23B9193FB10,DXGI,1,0,0,Composed: Flip,14206.2510,NA,13.76420000000000,14.25400000000000,0.11980000000000,0.39870000000000,27.6079,14192.6874,13.6834,13.5636,0.1198,0.2253,13.7370,8.7638,4.9732,6.8022,14192.6874,NA
parkey.exe,41688,0x23B9193FB10,DXGI,1,0,0,Composed: Flip,14220.2585,NA,14.00750000000000,19.09980000000000,0.14610000000000,0.79060000000000,32.7002,14206.3708,14.0338,13.8877,0.1461,0.3474,14.3309,9.3015,5.0294,-5.4164,14206.3708,NA
parkey.exe,41688,0x23B9193FB10,DXGI,1,0,0,Composed: Flip,14241.0935,NA,20.83500000000000,16.68440000000000,0.13830000000000,0.40340000000000,28.5496,14220.4046,20.8272,20.6889,0.1383,0.6445,20.4478,8.7922,11.6556,-2.6506,14220.4046,NA
parkey.exe,41688,0x23B9193FB10,DXGI,1,0,0,Composed: Flip,14254.8902,NA,13.79670000000000,16.68690000000000,0.13270000000000,0.35440000000000,31.4398,14241.2318,13.7911,13.6584,0.1327,0.4372,13.5756,8.4965,5.0791,4.1403,14241.2318,NA
parkey.exe,41688,0x23B9193FB10,DXGI,1,0,0,Composed: Flip,14275.7490,NA,20.85880000000000,16.67140000000000,0.13730000000000,0.40130000000000,27.2524,14255.0229,20.8634,20.7261,0.1373,0.2605,20.8669,8.7378,12.1291,-2.8803,14255.0229,NA
parkey.exe,41688,0x23B9193FB10,DXGI,1,0,0,Composed: Flip,14289.7030,NA,13.95400000000000,16.67670000000000,0.13420000000000,0.40070000000000,29.9751,14275.8863,13.9509,13.8167,0.1342,0.2917,13.9257,8.7654,5.1603,4.1867,14275.8863,NA
parkey.exe,41688,0x23B9193FB10,DXGI,1,0,0,Composed: Flip,14303.5067,NA,13.80370000000000,16.69180000000000,0.13500000000000,0.38670000000000,32.8632,14289.8372,13.8045,13.6695,0.1350,0.2938,13.7624,8.7138,5.0486,-2.7409,14289.8372,NA
parkey.exe,41688,0x23B9193FB10,DXGI,1,0,0,Composed: Flip,14324.4190,NA,20.91230000000000,16.68240000000000,0.16550000000000,0.78860000000000,28.6333,14303.6417,20.9428,20.7773,0.1655,0.3088,21.2571,9.6027,11.6544,-2.8779,14303.6417,NA
parkey.exe,41688,0x23B9193FB10,DXGI,1,0,0,Composed: Flip,14338.1845,NA,13.76550000000000,16.66840000000000,0.10690000000000,0.30820000000000,31.5362,14324.5845,13.7069,13.6000,0.1069,0.6231,13.2851,7.5179,5.7672,4.2744,14324.5845,NA
parkey.exe,41688,0x23B9193FB10,DXGI,1,0,0,Composed: Flip,14359.1074,NA,20.92290000000000,16.68320000000000,0.12260000000000,0.39650000000000,27.2965,14338.2914,20.9386,20.8160,0.1226,0.2232,20.9893,8.5474,12.4419,-2.9763,14338.2914,NA
parkey.exe,41688,0x23B9193FB10,DXGI,1,0,0,Composed: Flip,14373.0358,NA,13.92840000000000,16.67650000000000,0.12280000000000,0.30420000000000,30.0446,14359.2300,13.9286,13.8058,0.1228,0.2995,13.8105,8.6658,5.1447,4.2621,14359.2300,NA
parkey.exe,41688,0x23B9193FB10,DXGI,1,0,0,Composed: Flip,14386.9504,NA,13.91460000000000,16.68310000000000,0.20190000000000,0.82090000000000,32.8131,14373.1586,13.9937,13.7918,0.2019,0.2041,14.4086,9.2192,5.1894,-2.7545,14373.1586,NA
parkey.exe,41688,0x23B9193FB10,DXGI,1,0,0,Composed: Flip,14407.7662,NA,20.81580000000000,16.67670000000000,0.12380000000000,0.79170000000000,28.6740,14387.1523,20.7377,20.6139,0.1238,0.6190,20.7866,9.4702,11.3164,-2.6830,14387.1523,NA
parkey.exe,41688,0x23B9193FB10,DXGI,1,0,0,Composed: Flip,14421.6548,NA,13.88860000000000,16.67320000000000,0.15740000000000,0.83430000000000,31.4586,14407.8900,13.9222,13.7648,0.1574,0.6679,13.9312,9.2943,4.6369,4.0645,14407.8900,NA
parkey.exe,41688,0x23B9193FB10,DXGI,1,0,0,Composed: Flip,14442.4833,NA,20.82850000000000,16.69040000000000,0.16660000000000,0.39760000000000,27.3205,14421.8122,20.8377,20.6711,0.1666,0.6769,20.3918,8.9420,11.4498,-2.7682,14421.8122,NA
parkey.exe,41688,0x23B9193FB10,DXGI,1,0,0,Composed: Flip,14456.2779,NA,13.79460000000000,16.67730000000000,0.11080000000000,0.40700000000000,30.2032,14442.6499,13.7388,13.6280,0.1108,0.5234,13.5116,8.6747,4.8369,4.1604,14442.6499,NA
parkey.exe,41688,0x23B9193FB10,DXGI,1,0,0,Composed: Flip,14470.3017,NA,14.02380000000000,16.68540000000000,0.12840000000000,0.78240000000000,32.8648,14456.3887,14.0414,13.9130,0.1284,0.4228,14.2726,9.0867,5.1859,-2.9466,14456.3887,NA
parkey.exe,41688,0x23B9193FB10,DXGI,1,0,0,Composed: Flip,14491.0934,NA,20.79170000000000,16.66530000000000,0.13480000000000,0.60430000000000,28.7384,14470.4301,20.7981,20.6633,0.1348,0.6540,20.6136,9.2137,11.3999,-2.6239,14470.4301,NA
parkey.exe,41688,0x23B9193FB10,DXGI,1,0,0,Composed: Flip,14504.8832,NA,13.78980000000000,16.69130000000000,0.11980000000000,0.30250000000000,31.6399,14491.2282,13.7748,13.6550,0.1198,0.4695,13.4880,8.8424,4.6456,4.1068,14491.2282,NA
parkey.exe,41688,0x23B9193FB10,DXGI,1,0,0,Composed: Flip,14525.7217,NA,20.83850000000000,16.67720000000000,0.11810000000000,0.82060000000000,27.4786,14505.0030,20.8368,20.7187,0.1181,0.2997,21.2396,9.0987,12.1409,-2.9024,14505.0030,NA
parkey.exe,41688,0x23B9193FB10,DXGI,1,0,0,Composed: Flip,14539.6328,NA,13.91110000000000,16.67740000000000,0.10800000000000,0.39610000000000,30.2449,14525.8398,13.9010,13.7930,0.1080,0.7025,13.4866,7.6258,5.8608,4.1594,14525.8398,NA
parkey.exe,41688,0x23B9193FB10,DXGI,1,0,0,Composed: Flip,14553.5814,NA,13.94860000000000,16.67960000000000,0.13320000000000,0.80310000000000,32.9759,14539.7408,13.9738,13.8406,0.1332,0.3264,14.3173,9.2241,5.0932,-2.7786,14539.7408,NA
parkey.exe,41688,0x23B9193FB10,DXGI,1,0,0,Composed: Flip,14574.4162,NA,20.83480000000000,16.69020000000000,0.14700000000000,0.76110000000000,28.8313,14553.7146,20.8486,20.7016,0.1470,0.6699,20.7928,9.5393,11.2535,-2.7164,14553.7146,NA
parkey.exe,41688,0x23B9193FB10,DXGI,1,0,0,Composed: Flip,14588.2400,NA,13.82380000000000,16.67000000000000,0.10920000000000,0.81600000000000,31.6775,14574.5632,13.7860,13.6768,0.1092,0.6141,13.8787,8.0054,5.8733,4.1786,14574.5632,NA
parkey.exe,41688,0x23B9193FB10,DXGI,1,0,0,Composed: Flip,14609.1440,NA,20.90400000000000,16.68620000000000,0.13100000000000,0.78470000000000,27.4597,14588.3492,20.9258,20.7948,0.1310,0.7068,20.8727,9.4541,11.4186,-2.9002,14588.3492,NA
parkey.exe,41688,0x23B9193FB10,DXGI,1,0,0,Composed: Flip,14622.9772,NA,13.83320000000000,16.68020000000000,0.11020000000000,0.78430000000000,30.3067,14609.2750,13.8124,13.7022,0.1102,0.6537,13.8328,7.9730,5.8598,4.2456,14609.2750,NA
parkey.exe,41688,0x23B9193FB10,DXGI,1,0,0,Composed: Flip,14636.9039,NA,13.92670000000000,16.68390000000000,0.14700000000000,0.77960000000000,33.0639,14623.0874,13.9635,13.8165,0.1470,0.6741,13.9220,9.2340,4.6880,-2.8715,14623.0874,NA
parkey.exe,41688,0x23B9193FB10,DXGI,1,0,0,Composed: Flip,14657.7964,NA,20.89250000000000,16.67820000000000,0.14670000000000,0.38690000000000,28.8496,14637.0509,20.8922,20.7455,0.1467,0.6326,20.4998,9.1057,11.3941,-2.7147,14637.0509,NA
parkey.exe,41688,0x23B9193FB10,DXGI,1,0,0,Composed: Flip,14671.6390,NA,13.84260000000000,16.67410000000000,0.10500000000000,0.80530000000000,31.6811,14657.9431,13.8009,13.6959,0.1050,0.5124,13.9888,9.0255,4.9633,4.2181,14657.9431,NA
parkey.exe,41688,0x23B9193FB10,DXGI,1,0,0,Composed: Flip,14692.4727,NA,20.83370000000000,16.68540000000000,0.15620000000000,0.38740000000000,27.5328,14671.7440,20.8849,20.7287,0.1562,0.7003,20.4158,7.6093,12.8065,-2.8845,14671.7440,NA
parkey.exe,41688,0x23B9193FB10,DXGI,1,0,0,Composed: Flip,14706.3644,NA,13.89170000000000,16.67910000000000,0.11880000000000,0.79680000000000,30.3202,14692.6289,13.8543,13.7355,0.1188,0.3005,14.2318,9.2227,5.0091,4.2058,14692.6289,NA
parkey.exe,41688,0x23B9193FB10,DXGI,1,0,0,Composed: Flip,14720.2663,NA,13.90190000000000,16.68720000000000,0.13010000000000,0.69150000000000,33.1055,14706.4832,13.9132,13.7831,0.1301,0.6780,13.7966,7.8672,5.9294,-2.8329,14706.4832,NA
parkey.exe,41688,0x23B9193FB10,DXGI,1,0,0,Composed: Flip,14741.1578,NA,20.89150000000000,16.66860000000000,0.13360000000000,0.76620000000000,28.8826,14720.3964,20.8950,20.7614,0.1336,0.5614,20.9662,9.3912,11.5750,-2.7554,14720.3964,NA
parkey.exe,41688,0x23B9193FB10,DXGI,1,0,0,Composed: Flip,14755.0352,NA,13.87740000000000,16.68590000000000,0.16040000000000,0.79900000000000,31.6911,14741.2914,13.9042,13.7438,0.1604,0.6326,13.9102,7.9756,5.9346,4.2091,14741.2914,NA
parkey.exe,41688,0x23B9193FB10,DXGI,1,0,0,Composed: Flip,14775.8809,NA,20.84570000000000,9.80120000000000,0.13940000000000,0.77440000000000,20.6466,14755.1956,20.8247,20.6853,0.1394,0.6386,20.8211,9.5374,11.2837,4.1030,14755.1956,NA
parkey.exe,41688,0x23B9193FB10,DXGI,1,0,0,Composed: Flip,14789.6629,NA,13.78200000000000,23.56300000000000,0.11220000000000,0.77160000000000,30.4276,14776.0203,13.7548,13.6426,0.1122,0.6350,13.7792,7.9245,5.8547,-2.7383,14776.0203,NA
parkey.exe,41688,0x23B9193FB10,DXGI,1,0,0,Composed: Flip,14803.5760,NA,13.91310000000000,16.67530000000000,0.12760000000000,0.79700000000000,33.1898,14789.7751,13.9285,13.8009,0.1276,0.6594,13.9385,9.3298,4.6087,-2.9205,14789.7751,NA
parkey.exe,41688,0x23B9193FB10,DXGI,1,0,0,Composed: Flip,14824.4381,NA,20.86210000000000,16.67820000000000,0.15770000000000,0.42820000000000,29.0059,14803.7036,20.8922,20.7345,0.1577,0.6694,20.4933,9.0534,11.4399,-2.7497,14803.7036,NA
parkey.exe,41688,0x23B9193FB10,DXGI,1,0,0,Composed: Flip,14838.3265,NA,13.88840000000000,16.68190000000000,0.10230000000000,0.30550000000000,31.7994,14824.5958,13.8330,13.7307,0.1023,0.5597,13.4765,8.6008,4.8757,4.2103,14824.5958,NA
parkey.exe,41688,0x23B9193FB10,DXGI,1,0,0,Composed: Flip,14859.1505,NA,20.82400000000000,16.70120000000000,0.12290000000000,0.75880000000000,27.6766,14838.4288,20.8446,20.7217,0.1229,0.3444,21.1361,8.6760,12.4601,-2.8682,14838.4288,NA
parkey.exe,41688,0x23B9193FB10,DXGI,1,0,0,Composed: Flip,14873.0616,NA,13.91110000000000,16.66040000000000,0.13320000000000,0.76720000000000,30.4259,14859.2734,13.9214,13.7882,0.1332,0.6359,13.9195,9.2915,4.6280,4.1842,14859.2734,NA
parkey.exe,41688,0x23B9193FB10,DXGI,1,0,0,Composed: Flip,14886.8905,NA,13.82890000000000,16.67880000000000,0.13970000000000,0.81930000000000,33.2758,14873.1948,13.8354,13.6957,0.1397,0.6340,13.8810,7.9918,5.8892,-2.7574,14873.1948,NA
parkey.exe,41688,0x23B9193FB10,DXGI,1,0,0,Composed: Flip,14907.8443,NA,20.95380000000000,16.68340000000000,0.11980000000000,0.78540000000000,29.0054,14887.0302,20.9339,20.8141,0.1198,0.6796,20.9199,9.3932,11.5267,-2.8480,14887.0302,NA
parkey.exe,41688,0x23B9193FB10,DXGI,1,0,0,Composed: Flip,14921.7531,NA,13.90880000000000,16.68210000000000,0.16270000000000,0.78060000000000,31.7787,14907.9641,13.9517,13.7890,0.1627,0.6656,13.9040,7.9723,5.9317,4.2518,14907.9641,NA
parkey.exe,41688,0x23B9193FB10,DXGI,1,0,0,Composed: Flip,14942.7711,NA,21.01800000000000,9.67080000000000,0.15280000000000,0.76590000000000,20.4315,14921.9158,21.0081,20.8553,0.1528,0.6179,21.0033,9.4186,11.5847,4.2809,14921.9158,NA
parkey.exe,41688,0x23B9193FB10,DXGI,1,0,0,Composed: Flip,14956.3552,NA,13.58410000000000,23.69050000000000,0.11110000000000,0.23860000000000,30.5379,14942.9239,13.5424,13.4313,0.1111,0.6131,13.0568,7.4030,5.6538,-2.6824,14942.9239,NA
parkey.exe,41688,0x23B9193FB10,DXGI,1,0,0,Composed: Flip,14970.2405,NA,13.88530000000000,16.67830000000000,0.12720000000000,0.80790000000000,33.3309,14956.4663,13.9014,13.7742,0.1272,0.1726,14.4095,9.3426,5.0669,-3.1359,14956.4663,NA
parkey.exe,41688,0x23B9193FB10,DXGI,1,0,0,Composed: Flip,14991.1379,NA,20.89740000000000,16.67260000000000,0.12080000000000,0.39160000000000,29.1061,14970.3677,20.8910,20.7702,0.1208,0.6807,20.4811,7.5756,12.9055,-2.7712,14970.3677,NA
parkey.exe,41688,0x23B9193FB10,DXGI,1,0,0,Composed: Flip,15005.0076,NA,13.86970000000000,16.68210000000000,0.13480000000000,0.79220000000000,31.9185,14991.2587,13.8837,13.7489,0.1348,0.2927,14.2484,9.1272,5.1212,4.2089,14991.2587,NA
parkey.exe,41688,0x23B9193FB10,DXGI,1,0,0,Composed: Flip,15025.8242,NA,20.81660000000000,16.67910000000000,0.12360000000000,0.42030000000000,27.7810,15005.1424,20.8054,20.6818,0.1236,0.6574,20.4447,7.6417,12.8030,-2.7954,15005.1424,NA
parkey.exe,41688,0x23B9193FB10,DXGI,1,0,0,Composed: Flip,15039.7487,NA,13.92450000000000,16.67890000000000,0.09990000000000,0.76500000000000,30.5354,15025.9478,13.9008,13.8009,0.0999,0.6101,13.9558,9.0195,4.9363,4.1265,15025.9478,NA
parkey.exe,41688,0x23B9193FB10,DXGI,1,0,0,Composed: Flip,15053.6220,NA,13.87330000000000,16.68280000000000,0.13980000000000,0.78180000000000,33.3449,15039.8486,13.9132,13.7734,0.1398,0.6651,13.8901,7.9797,5.9104,-2.7820,15039.8486,NA
parkey.exe,41688,0x23B9193FB10,DXGI,1,0,0,Composed: Flip,15074.5271,NA,20.90510000000000,16.67880000000000,0.15270000000000,0.78640000000000,29.1186,15053.7618,20.9180,20.7653,0.1527,0.6420,20.9097,9.3600,11.5497,-2.7656,15053.7618,NA
parkey.exe,41688,0x23B9193FB10,DXGI,1,0,0,Composed: Flip,15088.3455,NA,13.81840000000000,16.67820000000000,0.14390000000000,1.03810000000000,31.9784,15074.6798,13.8096,13.6657,0.1439,0.6337,14.0701,8.2387,5.8314,4.2398,15074.6798,NA
parkey.exe,41688,0x23B9193FB10,DXGI,1,0,0,Composed: Flip,15109.3305,NA,20.98500000000000,9.51930000000000,0.14600000000000,0.80290000000000,20.5127,15088.4894,20.9871,20.8411,0.1460,0.8942,20.7498,9.4760,11.2738,4.2903,15088.4894,NA
parkey.exe,41688,0x23B9193FB10,DXGI,1,0,0,Composed: Flip,15123.1019,NA,13.77140000000000,13.94790000000000,0.12680000000000,0.39480000000000,20.6892,15109.4765,13.7522,13.6254,0.1268,0.6569,13.3633,8.9049,4.4584,7.0392,15109.4765,NA
parkey.exe,41688,0x23B9193FB10,DXGI,1,0,0,Composed: Flip,15136.9438,NA,13.84190000000000,26.58400000000000,0.14770000000000,0.80770000000000,33.4313,15123.2287,13.8628,13.7151,0.1477,0.3034,14.2194,9.0876,5.1318,-12.8318,15123.2287,NA
parkey.exe,41688,0x23B9193FB10,DXGI,1,0,0,Composed: Flip,15157.8238,NA,20.88000000000000,16.69220000000000,0.13340000000000,0.40020000000000,29.2435,15137.0915,20.8657,20.7323,0.1334,0.6600,20.4725,8.9418,11.5307,-2.8294,15137.0915,NA
parkey.exe,41688,0x23B9193FB10,DXGI,1,0,0,Composed: Flip,15171.7696,NA,13.94580000000000,16.67310000000000,0.15000000000000,0.80000000000000,31.9708,15157.9572,13.9624,13.8124,0.1500,0.5928,14.0196,9.0627,4.9569,4.1926,15157.9572,NA
parkey.exe,41688,0x23B9193FB10,DXGI,1,0,0,Composed: Flip,15192.6518,NA,20.88220000000000,16.76830000000000,0.19070000000000,0.38500000000000,27.8569,15171.9196,20.9229,20.7322,0.1907,0.6500,20.4672,8.9578,11.5094,-2.8059,15171.9196,NA
parkey.exe,41688,0x23B9193FB10,DXGI,1,0,0,Composed: Flip,15206.6563,NA,14.00450000000000,16.59320000000000,0.19740000000000,0.40840000000000,30.4456,15192.8425,14.0112,13.8138,0.1974,0.2542,13.9680,8.7927,5.1753,4.3297,15192.8425,NA
parkey.exe,41688,0x23B9193FB10,DXGI,1,0,0,Composed: Flip,15221.0727,NA,14.41640000000000,16.67830000000000,0.44480000000000,0.47790000000000,32.7075,15206.8537,14.6638,14.2190,0.4448,0.2766,14.4203,8.5141,5.9062,-2.6671,15206.8537,NA
parkey.exe,41688,0x23B9193FB10,DXGI,1,0,0,Composed: Flip,15241.3418,NA,20.26910000000000,16.67570000000000,0.17100000000000,0.40620000000000,29.1141,15221.5175,19.9953,19.8243,0.1710,0.0960,20.1345,8.8086,11.3259,-2.0119,15221.5175,NA
parkey.exe,41688,0x23B9193FB10,DXGI,1,0,0,Composed: Flip,15255.2133,NA,13.87150000000000,16.68770000000000,0.28180000000000,0.40240000000000,31.9303,15241.5128,13.9823,13.7005,0.2818,0.2862,13.8167,8.5397,5.2770,3.3076,15241.5128,NA
parkey.exe,41688,0x23B9193FB10,DXGI,1,0,0,Composed: Flip,15276.0336,NA,20.82030000000000,16.68480000000000,0.15190000000000,0.39330000000000,27.7948,15255.4951,20.6904,20.5385,0.1519,0.1848,20.7470,8.7848,11.9622,-2.7025,15255.4951,NA
parkey.exe,41688,0x23B9193FB10,DXGI,1,0,0,Composed: Flip,15290.1809,NA,14.14730000000000,16.66060000000000,0.32510000000000,0.38550000000000,30.3081,15276.1855,14.3205,13.9954,0.3251,0.3186,14.0623,8.5246,5.5377,4.0298,15276.1855,NA
parkey.exe,41688,0x23B9193FB10,DXGI,1,0,0,Composed: Flip,15303.9642,NA,13.78330000000000,16.68740000000000,0.19610000000000,0.40830000000000,33.2122,15290.5060,13.6543,13.4582,0.1961,0.1374,13.7291,8.7600,4.9691,-2.3669,15290.5060,NA
parkey.exe,41688,0x23B9193FB10,DXGI,1,0,0,Composed: Flip,15324.5253,NA,20.56110000000000,16.67440000000000,0.16370000000000,0.65330000000000,29.3255,15304.1603,20.5287,20.3650,0.1637,0.2717,20.7466,8.6039,12.1427,-3.0201,15304.1603,NA
parkey.exe,41688,0x23B9193FB10,DXGI,1,0,0,Composed: Flip,15338.4458,NA,13.92050000000000,16.69420000000000,0.13120000000000,0.76240000000000,32.0992,15324.6890,13.8880,13.7568,0.1312,0.4896,14.0296,9.1748,4.8548,3.8345,15324.6890,NA
parkey.exe,41688,0x23B9193FB10,DXGI,1,0,0,Composed: Flip,15359.2402,NA,20.79440000000000,16.66330000000000,0.12700000000000,0.76180000000000,27.9681,15338.5770,20.7902,20.6632,0.1270,0.6312,20.7938,9.4834,11.3104,-2.7753,15338.5770,NA
parkey.exe,41688,0x23B9193FB10,DXGI,1,0,0,Composed: Flip,15373.1426,NA,13.90240000000000,16.68540000000000,0.10210000000000,0.59830000000000,30.7511,15359.3672,13.8775,13.7754,0.1021,0.6348,13.7389,9.0909,4.6480,4.1048,15359.3672,NA
parkey.exe,41688,0x23B9193FB10,DXGI,1,0,0,Composed: Flip,15386.9815,NA,13.83890000000000,16.68170000000000,0.12660000000000,0.78590000000000,33.5939,15373.2447,13.8634,13.7368,0.1266,0.4962,14.0265,8.4557,5.5708,-2.8042,15373.2447,NA
parkey.exe,41688,0x23B9193FB10,DXGI,1,0,0,Composed: Flip,15407.8800,NA,20.89850000000000,16.67310000000000,0.11690000000000,0.79520000000000,29.3685,15387.1081,20.8888,20.7719,0.1169,0.6593,20.9078,9.5204,11.3874,-2.8097,15387.1081,NA
parkey.exe,41688,0x23B9193FB10,DXGI,1,0,0,Composed: Flip,15421.7830,NA,13.90300000000000,16.68560000000000,0.17770000000000,0.79530000000000,32.1511,15407.9969,13.9638,13.7861,0.1777,0.6783,13.9031,7.9686,5.9345,4.2032,15407.9969,NA
parkey.exe,41688,0x23B9193FB10,DXGI,1,0,0,Composed: Flip,15442.6819,NA,20.89890000000000,16.68270000000000,0.15540000000000,0.76230000000000,27.9349,15421.9607,20.8766,20.7212,0.1554,0.6176,20.8659,9.3149,11.5510,-2.7189,15421.9607,NA
parkey.exe,41688,0x23B9193FB10,DXGI,1,0,0,Composed: Flip,15456.5067,NA,13.82480000000000,6.56570000000000,0.14840000000000,0.38700000000000,20.6758,15442.8373,13.8178,13.6694,0.1484,0.6069,13.4495,7.5673,5.8822,14.3109,15442.8373,NA
parkey.exe,41688,0x23B9193FB10,DXGI,1,0,0,Composed: Flip,15470.3303,NA,13.82360000000000,26.78910000000000,0.12270000000000,0.80300000000000,33.6413,15456.6551,13.7979,13.6752,0.1227,0.2766,14.2016,9.5766,4.6250,-12.9713,15456.6551,NA
parkey.exe,41688,0x23B9193FB10,DXGI,1,0,0,Composed: Flip,15491.1831,NA,20.85280000000000,16.68820000000000,0.12900000000000,0.76600000000000,29.4767,15470.4530,20.8591,20.7301,0.1290,0.6803,20.8158,9.2396,11.5762,-2.8903,15470.4530,NA
parkey.exe,41688,0x23B9193FB10,DXGI,1,0,0,Composed: Flip,15505.1183,NA,13.93520000000000,16.67790000000000,0.14150000000000,0.80560000000000,32.2194,15491.3121,13.9477,13.8062,0.1415,0.6370,13.9748,9.3894,4.5854,4.1812,15491.3121,NA
parkey.exe,41688,0x23B9193FB10,DXGI,1,0,0,Composed: Flip,15525.9564,NA,20.83810000000000,16.67580000000000,0.13740000000000,0.43190000000000,28.0571,15505.2598,20.8340,20.6966,0.1374,0.6641,20.4644,8.9806,11.4838,-2.7281,15505.2598,NA
parkey.exe,41688,0x23B9193FB10,DXGI,1,0,0,Composed: Flip,15539.8313,NA,13.87490000000000,16.68190000000000,0.11080000000000,0.76210000000000,30.8641,15526.0938,13.8483,13.7375,0.1108,0.6687,13.8309,9.1667,4.6642,4.1521,15526.0938,NA
parkey.exe,41688,0x23B9193FB10,DXGI,1,0,0,Composed: Flip,15553.6614,NA,13.83010000000000,16.67770000000000,0.11940000000000,0.80140000000000,33.7117,15539.9421,13.8387,13.7193,0.1194,0.6513,13.8694,7.9839,5.8855,-2.8294,15539.9421,NA
parkey.exe,41688,0x23B9193FB10,DXGI,1,0,0,Composed: Flip,15574.6432,NA,20.98180000000000,16.68490000000000,0.15150000000000,0.76030000000000,29.4148,15553.7808,21.0139,20.8624,0.1515,0.6820,20.9407,9.5668,11.3739,-2.8462,15553.7808,NA
parkey.exe,41688,0x23B9193FB10,DXGI,1,0,0,Composed: Flip,15588.4171,NA,13.77390000000000,16.67800000000000,0.11260000000000,0.78350000000000,32.3189,15574.7947,13.7350,13.6224,0.1126,0.6088,13.7971,7.9719,5.8252,4.3359,15574.7947,NA
parkey.exe,41688,0x23B9193FB10,DXGI,1,0,0,Composed: Flip,15609.3496,NA,20.93250000000000,9.24630000000000,0.13540000000000,0.83640000000000,20.6327,15588.5297,20.9553,20.8199,0.1354,0.6709,20.9854,9.4531,11.5323,4.4887,15588.5297,NA
parkey.exe,41688,0x23B9193FB10,DXGI,1,0,0,Composed: Flip,15623.1333,NA,13.78370000000000,24.11680000000000,0.11080000000000,0.79530000000000,30.9658,15609.4850,13.7591,13.6483,0.1108,0.7010,13.7426,7.9890,5.7536,-3.1615,15609.4850,NA
parkey.exe,41688,0x23B9193FB10,DXGI,1,0,0,Composed: Flip,15637.0243,NA,13.89100000000000,16.67750000000000,0.13250000000000,0.79450000000000,33.7523,15623.2441,13.9127,13.7802,0.1325,0.6845,13.8902,9.2884,4.6018,-2.9184,15623.2441,NA
parkey.exe,41688,0x23B9193FB10,DXGI,1,0,0,Composed: Flip,15657.9191,NA,20.89480000000000,16.67990000000000,0.13180000000000,0.77820000000000,29.5374,15637.1568,20.8941,20.7623,0.1318,0.6620,20.8785,9.4481,11.4304,-2.7672,15637.1568,NA
parkey.exe,41688,0x23B9193FB10,DXGI,1,0,0,Composed: Flip,15671.8048,NA,13.88570000000000,16.68510000000000,0.10930000000000,0.80030000000000,32.3368,15658.0509,13.8632,13.7539,0.1093,0.6464,13.9078,9.3229,4.5849,4.2090,15658.0509,NA
parkey.exe,41688,0x23B9193FB10,DXGI,1,0,0,Composed: Flip,15692.6626,NA,20.85780000000000,16.70030000000000,0.14080000000000,0.39740000000000,28.1793,15671.9141,20.8893,20.7485,0.1408,0.6910,20.4549,7.6483,12.8066,-2.8371,15671.9141,NA
parkey.exe,41688,0x23B9193FB10,DXGI,1,0,0,Composed: Flip,15706.5612,NA,13.89860000000000,16.66420000000000,0.12630000000000,0.76750000000000,30.9449,15692.8034,13.8841,13.7578,0.1263,0.2852,14.2401,9.1711,5.0690,4.2251,15692.8034,NA
parkey.exe,41688,0x23B9193FB10,DXGI,1,0,0,Composed: Flip,15720.3957,NA,13.83450000000000,16.67490000000000,0.13920000000000,0.43180000000000,33.7853,15706.6875,13.8474,13.7082,0.1392,0.6412,13.4988,8.0971,5.4017,-2.7908,15706.6875,NA
parkey.exe,41688,0x23B9193FB10,DXGI,1,0,0,Composed: Flip,15741.4927,NA,21.09700000000000,16.66880000000000,0.16110000000000,0.38670000000000,29.3571,15720.5349,21.1189,20.9578,0.1611,0.5704,20.7741,8.8578,11.9163,-2.8214,15720.5349,NA
parkey.exe,41688,0x23B9193FB10,DXGI,1,0,0,Composed: Flip,15755.2279,NA,13.73520000000000,16.68530000000000,0.19740000000000,0.40410000000000,32.3072,15741.6538,13.7715,13.5741,0.1974,0.2793,13.6989,8.3732,5.3257,4.4336,15741.6538,NA
parkey.exe,41688,0x23B9193FB10,DXGI,1,0,0,Composed: Flip,15776.0272,NA,20.79930000000000,16.67970000000000,0.12060000000000,0.75890000000000,28.1876,15755.4253,20.7225,20.6019,0.1206,0.2596,21.1012,9.4164,11.6848,-2.9082,15755.4253,NA
parkey.exe,41688,0x23B9193FB10,DXGI,1,0,0,Composed: Flip,15789.8833,NA,13.85610000000000,6.36030000000000,0.13110000000000,0.71150000000000,20.6918,15776.1478,13.8666,13.7355,0.1311,0.6383,13.8087,7.9077,5.9010,14.3622,15776.1478,NA
parkey.exe,41688,0x23B9193FB10,DXGI,1,0,0,Composed: Flip,15803.7260,NA,13.84270000000000,27.00580000000000,0.11890000000000,0.79880000000000,33.8549,15790.0144,13.8305,13.7116,0.1189,0.5804,13.9300,9.4300,4.5000,-13.1392,15790.0144,NA
parkey.exe,41688,0x23B9193FB10,DXGI,1,0,0,Composed: Flip,15824.6029,NA,20.87690000000000,16.67190000000000,0.14140000000000,0.41270000000000,29.6499,15803.8449,20.8994,20.7580,0.1414,0.6799,20.4908,8.9120,11.5788,-2.8414,15803.8449,NA
parkey.exe,41688,0x23B9193FB10,DXGI,1,0,0,Composed: Flip,15838.5378,NA,13.93490000000000,16.68370000000000,0.13190000000000,0.76970000000000,32.3987,15824.7443,13.9254,13.7935,0.1319,0.3112,14.2520,9.2479,5.0041,4.2157,15824.7443,NA
parkey.exe,41688,0x23B9193FB10,DXGI,1,0,0,Composed: Flip,15859.3098,NA,20.77200000000000,16.68040000000000,0.12630000000000,0.76330000000000,28.3071,15838.6697,20.7664,20.6401,0.1263,0.6378,20.7656,9.2581,11.5075,-2.7550,15838.6697,NA
parkey.exe,41688,0x23B9193FB10,DXGI,1,0,0,Composed: Flip,15873.2036,NA,13.89380000000000,16.67340000000000,0.09770000000000,0.76970000000000,31.0867,15859.4361,13.8652,13.7675,0.0977,0.6370,13.9002,9.2369,4.6633,4.0930,15859.4361,NA
parkey.exe,41688,0x23B9193FB10,DXGI,1,0,0,Composed: Flip,15894.0476,NA,20.84400000000000,16.69500000000000,0.14240000000000,0.40300000000000,26.9377,15873.3013,20.8887,20.7463,0.1424,0.6720,20.4773,7.6033,12.8740,-2.8298,15873.3013,NA
parkey.exe,41688,0x23B9193FB10,DXGI,1,0,0,Composed: Flip,15907.9676,NA,13.92000000000000,16.67680000000000,0.11730000000000,0.79470000000000,29.6945,15894.1900,13.8949,13.7776,0.1173,0.5809,13.9914,9.0454,4.9460,4.2119,15894.1900,NA
parkey.exe,41688,0x23B9193FB10,DXGI,1,0,0,Composed: Flip,15921.8228,NA,13.85520000000000,16.67560000000000,0.11640000000000,0.76780000000000,32.5149,15908.0849,13.8543,13.7379,0.1164,0.6774,13.8283,7.9786,5.8497,-2.7807,15908.0849,NA
parkey.exe,41688,0x23B9193FB10,DXGI,1,0,0,Composed: Flip,15942.7215,NA,20.89870000000000,9.05030000000000,0.12120000000000,0.39390000000000,20.6665,15921.9392,20.9035,20.7823,0.1212,0.6514,20.5248,9.0865,11.4383,4.8040,15921.9392,NA
parkey.exe,41688,0x23B9193FB10,DXGI,1,0,0,Composed: Flip,15956.5543,NA,13.83280000000000,24.30910000000000,0.13100000000000,0.77270000000000,31.1428,15942.8427,13.8426,13.7116,0.1310,0.3640,14.1203,7.9267,6.1936,-3.4056,15942.8427,NA
parkey.exe,41688,0x23B9193FB10,DXGI,1,0,0,Composed: Flip,15977.4355,NA,20.88120000000000,16.68460000000000,0.16030000000000,0.81320000000000,26.9462,15956.6853,20.9105,20.7502,0.1603,0.6417,20.9217,9.3607,11.5610,-2.8420,15956.6853,NA
parkey.exe,41688,0x23B9193FB10,DXGI,1,0,0,Composed: Flip,15991.3511,NA,13.91560000000000,7.63390000000000,0.14160000000000,0.38680000000000,20.6645,15977.5958,13.8969,13.7553,0.1416,0.6529,13.4892,8.0731,5.4161,13.2766,15977.5958,NA
parkey.exe,41688,0x23B9193FB10,DXGI,1,0,0,Composed: Flip,16005.1986,NA,13.84750000000000,25.72260000000000,0.12620000000000,0.81420000000000,32.5396,15991.4927,13.8321,13.7059,0.1262,0.3789,14.1412,9.6743,4.4669,-11.8257,15991.4927,NA
parkey.exe,41688,0x23B9193FB10,DXGI,1,0,0,Composed: Flip,16026.1565,NA,20.95790000000000,16.69370000000000,0.14610000000000,0.43280000000000,28.2754,16005.3248,20.9778,20.8317,0.1461,0.6880,20.5765,9.0063,11.5702,-2.8616,16005.3248,NA
parkey.exe,41688,0x23B9193FB10,DXGI,1,0,0,Composed: Flip,16039.8734,NA,13.71690000000000,16.66870000000000,0.11440000000000,0.40720000000000,31.2272,16026.3026,13.6852,13.5708,0.1144,0.3203,13.6577,8.7562,4.9015,4.3091,16026.3026,NA
parkey.exe,41688,0x23B9193FB10,DXGI,1,0,0,Composed: Flip,16060.8559,NA,20.98250000000000,16.68480000000000,0.13900000000000,0.78260000000000,26.9295,16039.9878,21.0071,20.8681,0.1390,0.3302,21.3205,9.4688,11.8517,-2.9996,16039.9878,NA
parkey.exe,41688,0x23B9193FB10,DXGI,1,0,0,Composed: Flip,16074.6567,NA,13.80080000000000,14.45480000000000,0.13650000000000,0.39980000000000,27.5835,16060.9949,13.7983,13.6618,0.1365,0.6436,13.4180,9.2283,4.1897,6.5523,16060.9949,NA
parkey.exe,41688,0x23B9193FB10,DXGI,1,0,0,Composed: Flip,16088.7415,NA,14.08480000000000,18.89940000000000,0.23100000000000,0.41830000000000,32.3981,16074.7932,14.1793,13.9483,0.2310,0.2947,14.0719,8.7730,5.2989,-5.1011,16074.7932,NA
parkey.exe,41688,0x23B9193FB10,DXGI,1,0,0,Composed: Flip,16109.4690,NA,20.72750000000000,8.92440000000000,0.13420000000000,0.42950000000000,20.5950,16088.9725,20.6307,20.4965,0.1342,0.2371,20.6889,8.8846,11.8043,5.2549,16088.9725,NA
parkey.exe,41688,0x23B9193FB10,DXGI,1,0,0,Composed: Flip,16123.2522,NA,13.78320000000000,24.43560000000000,0.11930000000000,0.77520000000000,31.2474,16109.6032,13.7683,13.6490,0.1193,0.3297,14.0945,9.2301,4.8644,-3.8049,16109.6032,NA
parkey.exe,41688,0x23B9193FB10,DXGI,1,0,0,Composed: Flip,16144.2157,NA,20.96350000000000,16.68010000000000,0.18100000000000,0.81130000000000,26.9640,16123.3715,21.0252,20.8442,0.1810,0.6559,20.9996,9.3967,11.6029,-2.9118,16123.3715,NA
parkey.exe,41688,0x23B9193FB10,DXGI,1,0,0,Composed: Flip,16158.0037,NA,13.78800000000000,14.40860000000000,0.12280000000000,0.40290000000000,27.5846,16144.3967,13.7298,13.6070,0.1228,0.6303,13.3796,9.1296,4.2500,6.6166,16144.3967,NA
parkey.exe,41688,0x23B9193FB10,DXGI,1,0,0,Composed: Flip,16172.0954,NA,14.09170000000000,18.96020000000000,0.19420000000000,0.41460000000000,32.4531,16158.1265,14.1631,13.9689,0.1942,0.3051,14.0784,8.7570,5.3214,-5.2304,16158.1265,NA
parkey.exe,41688,0x23B9193FB10,DXGI,1,0,0,Composed: Flip,16192.8474,NA,20.75200000000000,8.84900000000000,0.15780000000000,0.39860000000000,20.5501,16172.2896,20.7156,20.5578,0.1578,0.2761,20.6803,8.7115,11.9688,5.3141,16172.2896,NA
parkey.exe,41688,0x23B9193FB10,DXGI,1,0,0,Composed: Flip,16206.9301,NA,14.08270000000000,24.52370000000000,0.22130000000000,0.41160000000000,30.9911,16193.0052,14.1462,13.9249,0.2213,0.2726,14.0639,8.8221,5.2418,-3.8081,16193.0052,NA
parkey.exe,41688,0x23B9193FB10,DXGI,1,0,0,Composed: Flip,16227.6396,NA,20.70950000000000,16.67500000000000,0.24840000000000,0.46500000000000,26.9566,16207.1514,20.7366,20.4882,0.2484,0.2802,20.6730,8.7359,11.9371,-2.5288,16207.1514,NA
parkey.exe,41688,0x23B9193FB10,DXGI,1,0,0,Composed: Flip,16241.3858,NA,13.74620000000000,14.34700000000000,0.12580000000000,0.39510000000000,27.5574,16227.8880,13.6236,13.4978,0.1258,0.3170,13.5759,8.7682,4.8077,6.3896,16227.8880,NA
parkey.exe,41688,0x23B9193FB10,DXGI,1,0,0,Composed: Flip,16255.3884,NA,14.00260000000000,19.00950000000000,0.16800000000000,0.39950000000000,32.5643,16241.5116,14.0448,13.8768,0.1680,0.2967,13.9796,8.7804,5.1992,-5.3859,16241.5116,NA
parkey.exe,41688,0x23B9193FB10,DXGI,1,0,0,Composed: Flip,16276.1883,NA,20.79990000000000,8.82210000000000,0.17290000000000,0.41000000000000,20.5865,16255.5564,20.8048,20.6319,0.1729,0.2683,20.7736,8.9301,11.8435,5.2227,16255.5564,NA
parkey.exe,41688,0x23B9193FB10,DXGI,1,0,0,Composed: Flip,16290.0575,NA,13.86920000000000,24.54440000000000,0.14320000000000,0.75010000000000,31.2617,16276.3612,13.8395,13.6963,0.1432,0.2806,14.1658,9.4937,4.6721,-3.7396,16276.3612,NA
parkey.exe,41688,0x23B9193FB10,DXGI,1,0,0,Composed: Flip,16310.9157,NA,20.85820000000000,16.67250000000000,0.14180000000000,0.82680000000000,27.0760,16290.2007,20.8568,20.7150,0.1418,0.6069,20.9349,9.3739,11.5610,-2.8330,16290.2007,NA
parkey.exe,41688,0x23B9193FB10,DXGI,1,0,0,Composed: Flip,16324.7028,NA,13.78710000000000,14.29140000000000,0.14940000000000,0.43620000000000,27.5803,16311.0575,13.7947,13.6453,0.1494,0.6850,13.3965,9.1641,4.2324,6.5654,16311.0575,NA
parkey.exe,41688,0x23B9193FB10,DXGI,1,0,0,Composed: Flip,16338.7175,NA,14.01470000000000,19.06300000000000,0.17350000000000,0.79230000000000,32.6286,16324.8522,14.0388,13.8653,0.1735,0.3176,14.3400,9.1996,5.1404,-5.2683,16324.8522,NA
parkey.exe,41688,0x23B9193FB10,DXGI,1,0,0,Composed: Flip,16359.4920,NA,20.77450000000000,8.78510000000000,0.13310000000000,0.59920000000000,20.6392,16338.8910,20.7341,20.6010,0.1331,0.6188,20.5814,9.0137,11.5677,5.2537,16338.8910,NA
parkey.exe,41688,0x23B9193FB10,DXGI,1,0,0,Composed: Flip,16373.3124,NA,13.82040000000000,24.57510000000000,0.13020000000000,0.77550000000000,31.3939,16359.6251,13.8175,13.6873,0.1302,0.4661,13.9967,9.5715,4.4252,-3.8410,16359.6251,NA
parkey.exe,41688,0x23B9193FB10,DXGI,1,0,0,Composed: Flip,16394.2555,NA,20.94310000000000,16.68200000000000,0.17040000000000,0.40760000000000,27.1328,16373.4426,20.9833,20.8129,0.1704,0.6453,20.5752,8.9171,11.6581,-2.8645,16373.4426,NA
parkey.exe,41688,0x23B9193FB10,DXGI,1,0,0,Composed: Flip,16408.0736,NA,13.81810000000000,14.24090000000000,0.14120000000000,0.41360000000000,27.5556,16394.4259,13.7889,13.6477,0.1412,0.2955,13.7658,9.0886,4.6772,6.7424,16394.4259,NA
parkey.exe,41688,0x23B9193FB10,DXGI,1,0,0,Composed: Flip,16422.0152,NA,13.94160000000000,19.11590000000000,0.13680000000000,0.79890000000000,32.7299,16408.2148,13.9372,13.8004,0.1368,0.3049,14.2944,9.2045,5.0899,-5.3270,16408.2148,NA
parkey.exe,41688,0x23B9193FB10,DXGI,1,0,0,Composed: Flip,16442.9471,NA,20.93190000000000,16.67660000000000,0.14160000000000,0.39200000000000,28.4746,16422.1520,20.9367,20.7951,0.1416,0.6621,20.5250,8.7589,11.7661,-2.7394,16422.1520,NA
parkey.exe,41688,0x23B9193FB10,DXGI,1,0,0,Composed: Flip,16456.6002,NA,13.65310000000000,16.67950000000000,0.11990000000000,0.76550000000000,31.5010,16443.0887,13.6314,13.5115,0.1199,0.3130,13.9640,9.0985,4.8655,4.2572,16443.0887,NA
parkey.exe,41688,0x23B9193FB10,DXGI,1,0,0,Composed: Flip,16477.5020,NA,20.90180000000000,16.67760000000000,0.12890000000000,0.39720000000000,27.2768,16456.7201,20.9108,20.7819,0.1289,0.6456,20.5335,7.6496,12.8839,-3.0462,16456.7201,NA
parkey.exe,41688,0x23B9193FB10,DXGI,1,0,0,Composed: Flip,16491.3627,NA,13.86070000000000,16.69110000000000,0.10270000000000,0.76100000000000,30.1072,16477.6309,13.8345,13.7318,0.1027,0.5945,13.8983,8.9683,4.9300,4.2197,16477.6309,NA
parkey.exe,41688,0x23B9193FB10,DXGI,1,0,0,Composed: Flip,16505.2406,NA,13.87790000000000,16.68100000000000,0.20980000000000,0.44030000000000,32.9103,16491.4654,13.9850,13.7752,0.2098,0.6583,13.5572,7.5969,5.9603,-2.8465,16491.4654,NA
parkey.exe,41688,0x23B9193FB10,DXGI,1,0,0,Composed: Flip,16526.1796,NA,20.93900000000000,16.67900000000000,0.15630000000000,0.78760000000000,28.6503,16505.4504,20.8855,20.7292,0.1563,0.4508,21.0660,9.3097,11.7563,-2.6940,16505.4504,NA
parkey.exe,41688,0x23B9193FB10,DXGI,1,0,0,Composed: Flip,16539.9824,NA,13.80280000000000,16.66960000000000,0.13410000000000,0.68600000000000,31.5171,16526.3359,13.7806,13.6465,0.1341,0.6313,13.7012,7.8929,5.8083,4.2159,16526.3359,NA
parkey.exe,41688,0x23B9193FB10,DXGI,1,0,0,Composed: Flip,16560.8672,NA,20.88480000000000,16.69010000000000,0.12820000000000,0.76120000000000,27.3224,16540.1165,20.8789,20.7507,0.1282,0.5519,20.9600,9.5099,11.4501,-2.9095,16540.1165,NA
parkey.exe,41688,0x23B9193FB10,DXGI,1,0,0,Composed: Flip,16574.6892,NA,13.82200000000000,16.67580000000000,0.10670000000000,0.26480000000000,30.1762,16560.9954,13.8005,13.6938,0.1067,0.6330,13.3256,7.4563,5.8693,4.2031,16560.9954,NA
parkey.exe,41688,0x23B9193FB10,DXGI,1,0,0,Composed: Flip,16588.6580,NA,13.96880000000000,16.68070000000000,0.15430000000000,0.81930000000000,32.8881,16574.7959,14.0164,13.8621,0.1543,0.1776,14.5038,9.2253,5.2785,-2.8802,16574.7959,NA
parkey.exe,41688,0x23B9193FB10,DXGI,1,0,0,Composed: Flip,16609.4532,NA,20.79520000000000,16.68710000000000,0.13300000000000,0.77570000000000,28.7800,16588.8123,20.7739,20.6409,0.1330,0.6650,20.7516,9.4448,11.3068,-2.6707,16588.8123,NA
parkey.exe,41688,0x23B9193FB10,DXGI,1,0,0,Composed: Flip,16623.3631,NA,13.90990000000000,16.67070000000000,0.11620000000000,0.80060000000000,31.5408,16609.5862,13.8931,13.7769,0.1162,0.6427,13.9348,9.2997,4.6351,4.1032,16609.5862,NA
parkey.exe,41688,0x23B9193FB10,DXGI,1,0,0,Composed: Flip,16644.2474,NA,20.88430000000000,16.67490000000000,0.17510000000000,0.42490000000000,27.3314,16623.4793,20.9432,20.7681,0.1751,0.6844,20.5086,7.6283,12.8803,-2.7818,16623.4793,NA
parkey.exe,41688,0x23B9193FB10,DXGI,1,0,0,Composed: Flip,16658.3541,NA,14.10670000000000,16.67930000000000,0.12180000000000,0.77350000000000,29.9040,16644.4225,14.0534,13.9316,0.1218,0.2776,14.4275,9.1596,5.2679,4.2639,16644.4225,NA
parkey.exe,41688,0x23B9193FB10,DXGI,1,0,0,Composed: Flip,16672.0106,NA,13.65650000000000,16.68780000000000,0.12400000000000,0.78530000000000,32.9353,16658.4759,13.6587,13.5347,0.1240,0.6517,13.6683,7.9953,5.6730,-2.6344,16658.4759,NA
parkey.exe,41688,0x23B9193FB10,DXGI,1,0,0,Composed: Flip,16693.0020,NA,20.99140000000000,16.68860000000000,0.13650000000000,0.76290000000000,28.6325,16672.1346,21.0039,20.8674,0.1365,0.6613,20.9690,9.3870,11.5820,-3.0299,16672.1346,NA
parkey.exe,41688,0x23B9193FB10,DXGI,1,0,0,Composed: Flip,16706.6903,NA,13.68830000000000,16.67190000000000,0.14990000000000,0.29020000000000,31.6161,16693.1385,13.7017,13.5518,0.1499,0.6264,13.2156,7.4729,5.7427,4.3320,16693.1385,NA
parkey.exe,41688,0x23B9193FB10,DXGI,1,0,0,Composed: Flip,16727.5663,NA,20.87600000000000,16.68920000000000,0.11710000000000,0.80000000000000,27.4293,16706.8402,20.8432,20.7261,0.1171,0.1873,21.3388,9.1636,12.1752,-2.9875,16706.8402,NA
parkey.exe,41688,0x23B9193FB10,DXGI,1,0,0,Composed: Flip,16741.3980,NA,13.83170000000000,16.67220000000000,0.11110000000000,0.43900000000000,30.2698,16727.6834,13.8257,13.7146,0.1111,0.6829,13.4707,7.5984,5.8723,4.1710,16727.6834,NA
parkey.exe,41688,0x23B9193FB10,DXGI,1,0,0,Composed: Flip,16755.3518,NA,13.95380000000000,16.69750000000000,0.12860000000000,0.38610000000000,33.0135,16741.5091,13.9713,13.8427,0.1286,0.6591,13.5697,8.8518,4.7179,-2.8718,16741.5091,NA
parkey.exe,41688,0x23B9193FB10,DXGI,1,0,0,Composed: Flip,16776.1875,NA,20.83570000000000,16.66420000000000,0.14490000000000,0.62150000000000,28.8420,16755.4804,20.8520,20.7071,0.1449,0.4117,20.9169,9.1606,11.7563,-2.6929,16755.4804,NA
parkey.exe,41688,0x23B9193FB10,DXGI,1,0,0,Composed: Flip,16790.0460,NA,13.85850000000000,16.67440000000000,0.11540000000000,0.73900000000000,31.6579,16776.3324,13.8290,13.7136,0.1154,0.4766,13.9760,9.1664,4.8096,4.1776,16776.3324,NA
parkey.exe,41688,0x23B9193FB10,DXGI,1,0,0,Composed: Flip,16810.8399,NA,20.79390000000000,16.69940000000000,0.11980000000000,0.40950000000000,27.5634,16790.1614,20.7983,20.6785,0.1198,0.6236,20.4644,8.6167,11.8477,-2.8704,16790.1614,NA
parkey.exe,41688,0x23B9193FB10,DXGI,1,0,0,Composed: Flip,16824.7875,NA,13.94760000000000,16.66700000000000,0.11150000000000,0.77510000000000,30.2828,16810.9597,13.9393,13.8278,0.1115,0.5849,14.0180,9.0781,4.9399,4.1313,16810.9597,NA
parkey.exe,41688,0x23B9193FB10,DXGI,1,0,0,Composed: Flip,16838.6660,NA,13.87850000000000,16.68020000000000,0.17080000000000,0.41110000000000,33.0845,16824.8990,13.9378,13.7670,0.1708,0.6636,13.5145,8.9171,4.5974,-2.7409,16824.8990,NA
parkey.exe,41688,0x23B9193FB10,DXGI,1,0,0,Composed: Flip,16859.5815,NA,20.91550000000000,16.67770000000000,0.14140000000000,0.76660000000000,28.8467,16838.8368,20.8861,20.7447,0.1414,0.2931,21.2182,9.5048,11.7134,-2.7399,16838.8368,NA
parkey.exe,41688,0x23B9193FB10,DXGI,1,0,0,Composed: Flip,16873.3954,NA,13.81390000000000,16.68120000000000,0.15320000000000,0.83370000000000,31.7140,16859.7229,13.8257,13.6725,0.1532,0.6252,13.8810,9.3813,4.4997,4.2049,16859.7229,NA
parkey.exe,41688,0x23B9193FB10,DXGI,1,0,0,Composed: Flip,16894.3200,NA,20.92460000000000,16.69380000000000,0.15210000000000,0.40430000000000,27.4832,16873.5486,20.9235,20.7714,0.1521,0.6805,20.4952,8.9584,11.5368,-2.8681,16873.5486,NA
parkey.exe,41688,0x23B9193FB10,DXGI,1,0,0,Composed: Flip,16908.1049,NA,13.78490000000000,16.66440000000000,0.10890000000000,0.41340000000000,30.3627,16894.4721,13.7417,13.6328,0.1089,0.5391,13.5071,8.6328,4.8743,4.2591,16894.4721,NA
parkey.exe,41688,0x23B9193FB10,DXGI,1,0,0,Composed: Flip,16922.1478,NA,14.04290000000000,16.70030000000000,0.12570000000000,0.40600000000000,33.0201,16908.2138,14.0597,13.9340,0.1257,0.3281,14.0119,8.7268,5.2851,-2.9586,16908.2138,NA
parkey.exe,41688,0x23B9193FB10,DXGI,1,0,0,Composed: Flip,16942.8277,NA,20.67990000000000,16.66220000000000,0.12500000000000,0.59670000000000,29.0024,16922.2735,20.6792,20.5542,0.1250,0.4775,20.6734,9.0816,11.5918,-2.6025,16922.2735,NA
parkey.exe,41688,0x23B9193FB10,DXGI,1,0,0,Composed: Flip,16956.7481,NA,13.92040000000000,16.68560000000000,0.11830000000000,0.78020000000000,31.7676,16942.9527,13.9137,13.7954,0.1183,0.4717,14.1039,9.1803,4.9236,3.9936,16942.9527,NA
parkey.exe,41688,0x23B9193FB10,DXGI,1,0,0,Composed: Flip,16977.6072,NA,20.85910000000000,16.66810000000000,0.15270000000000,0.38520000000000,27.5766,16956.8664,20.8935,20.7408,0.1527,0.6619,20.4641,9.0894,11.3747,-2.7544,16956.8664,NA
parkey.exe,41688,0x23B9193FB10,DXGI,1,0,0,Composed: Flip,16991.5726,NA,13.96540000000000,16.68630000000000,0.12280000000000,0.76360000000000,30.2975,16977.7599,13.9355,13.8127,0.1228,0.5419,14.0344,9.0431,4.9913,4.2072,16977.7599,NA
parkey.exe,41688,0x23B9193FB10,DXGI,1,0,0,Composed: Flip,17005.5510,NA,13.97840000000000,16.67830000000000,0.13380000000000,0.79930000000000,32.9974,16991.6954,13.9894,13.8556,0.1338,0.6408,14.0141,9.3265,4.6876,-2.7428,16991.6954,NA
parkey.exe,41688,0x23B9193FB10,DXGI,1,0,0,Composed: Flip,17026.2195,NA,20.66850000000000,16.67590000000000,0.14040000000000,0.78370000000000,29.0048,17005.6848,20.6751,20.5347,0.1404,0.6655,20.6529,9.3795,11.2734,-2.6865,17005.6848,NA
parkey.exe,41688,0x23B9193FB10,DXGI,1,0,0,Composed: Flip,17040.1151,NA,13.89560000000000,16.68140000000000,0.11970000000000,0.69510000000000,31.7906,17026.3599,13.8749,13.7552,0.1197,0.6433,13.8070,8.8882,4.9188,3.9937,17026.3599,NA
parkey.exe,41688,0x23B9193FB10,DXGI,1,0,0,Composed: Flip,17060.9311,NA,20.81600000000000,16.72710000000000,0.10300000000000,0.76480000000000,27.7017,17040.2348,20.7993,20.6963,0.1030,0.5754,20.8857,9.3579,11.5278,-2.8522,17040.2348,NA
parkey.exe,41688,0x23B9193FB10,DXGI,1,0,0,Composed: Flip,17074.7777,NA,13.84660000000000,16.64390000000000,0.11230000000000,0.77070000000000,30.4990,17061.0341,13.8559,13.7436,0.1123,0.6618,13.8525,9.3173,4.5352,4.1554,17061.0341,NA
parkey.exe,41688,0x23B9193FB10,DXGI,1,0,0,Composed: Flip,17088.7849,NA,14.00720000000000,16.68690000000000,0.25040000000000,0.84040000000000,33.1787,17074.8900,14.1453,13.8949,0.2504,0.6584,14.0769,8.0145,6.0624,-2.8310,17074.8900,NA
parkey.exe,41688,0x23B9193FB10,DXGI,1,0,0,Composed: Flip,17109.8394,NA,21.05450000000000,16.66820000000000,0.16620000000000,0.85060000000000,28.7924,17089.0353,20.9703,20.8041,0.1662,0.5900,21.0647,9.6603,11.4044,-2.5229,17089.0353,NA
parkey.exe,41688,0x23B9193FB10,DXGI,1,0,0,Composed: Flip,17123.7124,NA,13.87300000000000,16.68640000000000,0.16480000000000,0.75630000000000,31.6058,17110.0056,13.8716,13.7068,0.1648,0.6844,13.7787,9.0465,4.7322,4.2839,17110.0056,NA
parkey.exe,41688,0x23B9193FB10,DXGI,1,0,0,Composed: Flip,17144.3215,NA,20.60910000000000,9.65310000000000,0.15360000000000,0.79210000000000,20.6498,17123.8772,20.5979,20.4443,0.1536,0.5915,20.6449,9.7132,10.9317,4.2185,17123.8772,NA
parkey.exe,41688,0x23B9193FB10,DXGI,1,0,0,Composed: Flip,17158.1392,NA,13.81770000000000,23.70310000000000,0.11100000000000,0.77950000000000,30.5352,17144.4751,13.7751,13.6641,0.1110,0.6385,13.8051,7.9899,5.8152,-3.1052,17144.4751,NA
parkey.exe,41688,0x23B9193FB10,DXGI,1,0,0,Composed: Flip,17172.0269,NA,13.88770000000000,16.67960000000000,0.13170000000000,0.39060000000000,33.3271,17158.2502,13.9084,13.7767,0.1317,0.6685,13.4988,8.9242,4.5746,-2.9045,17158.2502,NA
parkey.exe,41688,0x23B9193FB10,DXGI,1,0,0,Composed: Flip,17192.9440,NA,20.91710000000000,16.67630000000000,0.14190000000000,0.38790000000000,29.0863,17172.1586,20.9273,20.7854,0.1419,1.3586,19.8147,7.4618,12.3529,-2.7679,17172.1586,NA
parkey.exe,41688,0x23B9193FB10,DXGI,1,0,0,Composed: Flip,17206.8233,NA,13.87930000000000,16.68790000000000,0.13200000000000,0.30280000000000,31.8949,17193.0859,13.8694,13.7374,0.1320,0.3022,13.7380,8.6691,5.0689,4.2394,17193.0859,NA
parkey.exe,41688,0x23B9193FB10,DXGI,1,0,0,Composed: Flip,17227.6553,NA,20.83200000000000,16.67360000000000,0.11900000000000,0.41740000000000,27.7365,17206.9553,20.8190,20.7000,0.1190,0.3246,20.7928,8.3418,12.4510,-2.8042,17206.9553,NA
parkey.exe,41688,0x23B9193FB10,DXGI,1,0,0,Composed: Flip,17241.5307,NA,13.87540000000000,16.68270000000000,0.11910000000000,0.59790000000000,30.5438,17227.7743,13.8755,13.7564,0.1191,0.3433,14.0110,9.0900,4.9210,4.1363,17227.7743,NA
parkey.exe,41688,0x23B9193FB10,DXGI,1,0,0,Composed: Flip,17255.4010,NA,13.87030000000000,16.68570000000000,0.13790000000000,0.77600000000000,33.3592,17241.6498,13.8891,13.7512,0.1379,0.4788,14.0484,8.4791,5.5693,-2.8102,17241.6498,NA
parkey.exe,41688,0x23B9193FB10,DXGI,1,0,0,Composed: Flip,17276.3209,NA,20.91990000000000,16.67310000000000,0.15370000000000,0.75960000000000,29.1124,17255.5389,20.9357,20.7820,0.1537,0.6381,20.9035,9.2437,11.6598,-2.7840,17255.5389,NA
parkey.exe,41688,0x23B9193FB10,DXGI,1,0,0,Composed: Flip,17290.1241,NA,13.80320000000000,16.68020000000000,0.13150000000000,0.77870000000000,31.9894,17276.4746,13.7810,13.6495,0.1315,0.6059,13.8223,7.9088,5.9135,4.2555,17276.4746,NA
parkey.exe,41688,0x23B9193FB10,DXGI,1,0,0,Composed: Flip,17311.0379,NA,20.91380000000000,16.70280000000000,0.12500000000000,0.78530000000000,27.7784,17290.2556,20.9073,20.7823,0.1250,0.6472,20.9204,9.4053,11.5151,-2.9218,17290.2556,NA
parkey.exe,41688,0x23B9193FB10,DXGI,1,0,0,Composed: Flip,17324.9222,NA,13.88430000000000,6.74680000000000,0.14070000000000,0.42040000000000,20.6409,17311.1629,13.9000,13.7593,0.1407,0.6603,13.5194,7.6344,5.8850,14.1605,17311.1629,NA
parkey.exe,41688,0x23B9193FB10,DXGI,1,0,0,Composed: Flip,17338.7295,NA,13.80730000000000,26.59980000000000,0.17660000000000,0.78670000000000,33.4334,17325.0629,13.8432,13.6666,0.1766,0.3198,14.1335,9.5142,4.6193,-12.6998,17325.0629,NA
parkey.exe,41688,0x23B9193FB10,DXGI,1,0,0,Composed: Flip,17359.6068,NA,20.87730000000000,16.67120000000000,0.11840000000000,0.30580000000000,29.2273,17338.9061,20.8191,20.7007,0.1184,0.6101,20.3964,8.7859,11.6105,-2.8280,17338.9061,NA
parkey.exe,41688,0x23B9193FB10,DXGI,1,0,0,Composed: Flip,17373.5258,NA,13.91900000000000,16.68020000000000,0.13050000000000,0.92100000000000,31.9885,17359.7252,13.9311,13.8006,0.1305,0.2157,14.5059,9.3287,5.1772,4.1389,17359.7252,NA
parkey.exe,41688,0x23B9193FB10,DXGI,1,0,0,Composed: Flip,17394.3086,NA,20.78280000000000,16.68100000000000,0.15150000000000,0.78730000000000,27.8867,17373.6563,20.8038,20.6523,0.1515,0.7905,20.6491,9.4112,11.2379,-2.7499,17373.6563,NA
parkey.exe,41688,0x23B9193FB10,DXGI,1,0,0,Composed: Flip,17408.2191,NA,13.91050000000000,16.68110000000000,0.11420000000000,0.78090000000000,30.6573,17394.4601,13.8732,13.7590,0.1142,0.6358,13.9041,9.1594,4.7447,4.1227,17394.4601,NA
parkey.exe,41688,0x23B9193FB10,DXGI,1,0,0,Composed: Flip,17422.0453,NA,13.82620000000000,16.67870000000000,0.10980000000000,0.79890000000000,33.5098,17408.3333,13.8218,13.7120,0.1098,0.6667,13.8442,8.0091,5.8351,-2.8055,17408.3333,NA
parkey.exe,41688,0x23B9193FB10,DXGI,1,0,0,Composed: Flip,17443.0019,NA,20.95660000000000,16.68600000000000,0.12910000000000,0.78420000000000,29.2392,17422.1551,20.9759,20.8468,0.1291,0.6891,20.9419,9.6097,11.3322,-2.8642,17422.1551,NA
parkey.exe,41688,0x23B9193FB10,DXGI,1,0,0,Composed: Flip,17456.8437,NA,13.84180000000000,16.67960000000000,0.16000000000000,0.77770000000000,32.0770,17443.1310,13.8727,13.7127,0.1600,0.6551,13.8353,7.9504,5.8849,4.2963,17443.1310,NA
parkey.exe,41688,0x23B9193FB10,DXGI,1,0,0,Composed: Flip,17477.7163,NA,20.87260000000000,9.48470000000000,0.13280000000000,0.39870000000000,20.6891,17457.0037,20.8454,20.7126,0.1328,0.6177,20.4936,7.5762,12.9174,4.3880,17457.0037,NA
parkey.exe,41688,0x23B9193FB10,DXGI,1,0,0,Composed: Flip,17491.6227,NA,13.90640000000000,13.87220000000000,0.20390000000000,0.78870000000000,20.6549,17477.8491,13.9775,13.7736,0.2039,0.3211,14.2412,9.5584,4.6828,6.9732,17477.8491,NA
parkey.exe,41688,0x23B9193FB10,DXGI,1,0,0,Composed: Flip,17505.4741,NA,13.85140000000000,26.68430000000000,0.17500000000000,0.82670000000000,33.4878,17491.8266,13.8225,13.6475,0.1750,0.5848,13.8894,9.3591,4.5303,-12.7068,17491.8266,NA
parkey.exe,41688,0x23B9193FB10,DXGI,1,0,0,Composed: Flip,17526.3859,NA,20.91180000000000,16.67370000000000,0.14960000000000,0.39920000000000,29.2497,17505.6491,20.8864,20.7368,0.1496,0.6517,20.4843,8.9245,11.5598,-2.8512,17505.6491,NA
parkey.exe,41688,0x23B9193FB10,DXGI,1,0,0,Composed: Flip,17540.1581,NA,13.77220000000000,16.68990000000000,0.10890000000000,0.76540000000000,32.1674,17526.5355,13.7315,13.6226,0.1089,0.2959,14.0921,9.2999,4.7922,4.1965,17526.5355,NA
parkey.exe,41688,0x23B9193FB10,DXGI,1,0,0,Composed: Flip,17561.0777,NA,20.91960000000000,16.67960000000000,0.18260000000000,0.76910000000000,27.9274,17540.2670,20.9933,20.8107,0.1826,0.6565,20.9233,9.4010,11.5223,-2.9481,17540.2670,NA
parkey.exe,41688,0x23B9193FB10,DXGI,1,0,0,Composed: Flip,17574.9930,NA,13.91530000000000,6.60830000000000,0.15860000000000,0.78780000000000,20.6204,17561.2603,13.8913,13.7327,0.1586,0.5865,13.9340,9.2688,4.6652,14.3850,17561.2603,NA
parkey.exe,41688,0x23B9193FB10,DXGI,1,0,0,Composed: Flip,17588.7587,NA,13.76570000000000,26.74690000000000,0.14390000000000,0.78930000000000,33.6016,17575.1516,13.7510,13.6071,0.1439,0.6292,13.7672,9.5888,4.1784,-12.8556,17575.1516,NA
parkey.exe,41688,0x23B9193FB10,DXGI,1,0,0,Composed: Flip,17609.6181,NA,20.85940000000000,16.67970000000000,0.12800000000000,0.75920000000000,29.4219,17588.9026,20.8435,20.7155,0.1280,0.6454,20.8293,9.2721,11.5572,-2.9287,17588.9026,NA
parkey.exe,41688,0x23B9193FB10,DXGI,1,0,0,Composed: Flip,17623.5109,NA,13.89280000000000,16.67950000000000,0.09360000000000,0.78690000000000,32.2086,17609.7461,13.8584,13.7648,0.0936,0.6312,13.9205,9.2535,4.6670,4.1640,17609.7461,NA
parkey.exe,41688,0x23B9193FB10,DXGI,1,0,0,Composed: Flip,17644.3800,NA,20.86910000000000,16.67180000000000,0.14790000000000,0.42340000000000,28.0113,17623.6045,20.9234,20.7755,0.1479,0.6933,20.5056,7.6352,12.8704,-2.8134,17623.6045,NA
parkey.exe,41688,0x23B9193FB10,DXGI,1,0,0,Composed: Flip,17658.2790,NA,13.89900000000000,16.68830000000000,0.11620000000000,0.76280000000000,30.8006,17644.5279,13.8673,13.7511,0.1162,0.6074,13.9065,9.0116,4.8949,4.2351,17644.5279,NA
parkey.exe,41688,0x23B9193FB10,DXGI,1,0,0,Composed: Flip,17672.0916,NA,13.81260000000000,16.69660000000000,0.10930000000000,0.78760000000000,33.6846,17658.3952,13.8057,13.6964,0.1093,0.6466,13.8374,8.0022,5.8352,-2.8293,17658.3952,NA
parkey.exe,41688,0x23B9193FB10,DXGI,1,0,0,Composed: Flip,17693.0973,NA,21.00570000000000,16.66420000000000,0.16160000000000,0.81320000000000,29.3431,17672.2009,21.0580,20.8964,0.1616,0.6783,21.0313,9.6858,11.3455,-2.8585,17672.2009,NA
parkey.exe,41688,0x23B9193FB10,DXGI,1,0,0,Composed: Flip,17706.8681,NA,13.77080000000000,16.68240000000000,0.17780000000000,0.78620000000000,32.2547,17693.2589,13.7870,13.6092,0.1778,1.2932,13.1022,7.8570,5.2452,4.3756,17693.2589,NA
parkey.exe,41688,0x23B9193FB10,DXGI,1,0,0,Composed: Flip,17727.7645,NA,20.89640000000000,16.69800000000000,0.13530000000000,0.78600000000000,28.0563,17707.0459,20.8539,20.7186,0.1353,0.6084,20.8962,9.3545,11.5417,-2.9110,17707.0459,NA
parkey.exe,41688,0x23B9193FB10,DXGI,1,0,0,Composed: Flip,17741.6636,NA,13.89910000000000,6.49230000000000,0.17030000000000,0.86320000000000,20.6495,17727.8998,13.9341,13.7638,0.1703,0.6507,13.9763,8.0647,5.9116,14.3616,17727.8998,NA
parkey.exe,41688,0x23B9193FB10,DXGI,1,0,0,Composed: Flip,17755.4883,NA,13.82470000000000,26.85390000000000,0.13560000000000,0.80280000000000,33.6787,17741.8339,13.7900,13.6544,0.1356,0.6929,13.7643,9.4952,4.2691,-12.9198,17741.8339,NA
parkey.exe,41688,0x23B9193FB10,DXGI,1,0,0,Composed: Flip,17776.3414,NA,20.85310000000000,16.67470000000000,0.16020000000000,0.40400000000000,29.5003,17755.6239,20.8777,20.7175,0.1602,0.6672,20.4543,9.0527,11.4016,-2.8847,17755.6239,NA
parkey.exe,41688,0x23B9193FB10,DXGI,1,0,0,Composed: Flip,17790.2499,NA,13.90850000000000,16.67820000000000,0.12260000000000,0.95190000000000,32.2700,17776.5016,13.8709,13.7483,0.1226,0.2789,14.4213,9.3536,5.0677,4.1995,17776.5016,NA
parkey.exe,41688,0x23B9193FB10,DXGI,1,0,0,Composed: Flip,17811.0653,NA,20.81540000000000,16.69790000000000,0.13490000000000,0.82240000000000,28.1525,17790.3725,20.8277,20.6928,0.1349,0.8293,20.6859,9.3842,11.3017,-2.8270,17790.3725,NA
parkey.exe,41688,0x23B9193FB10,DXGI,1,0,0,Composed: Flip,17824.9673,NA,13.90200000000000,16.66400000000000,0.12870000000000,0.78990000000000,30.9145,17811.2002,13.8958,13.7671,0.1287,0.6875,13.8695,9.1549,4.7146,4.1637,17811.2002,NA
parkey.exe,41688,0x23B9193FB10,DXGI,1,0,0,Composed: Flip,17838.8102,NA,13.84290000000000,16.67890000000000,0.14260000000000,0.77200000000000,33.7505,17825.0960,13.8568,13.7142,0.1426,0.6612,13.8250,7.9752,5.8498,-2.7831,17825.0960,NA
parkey.exe,41688,0x23B9193FB10,DXGI,1,0,0,Composed: Flip,17859.7413,NA,20.93110000000000,16.67830000000000,0.12580000000000,0.76520000000000,29.4977,17838.9528,20.9143,20.7885,0.1258,0.6294,20.9243,9.4265,11.4978,-2.8215,17838.9528,NA
parkey.exe,41688,0x23B9193FB10,DXGI,1,0,0,Composed: Flip,17873.5448,NA,13.80350000000000,16.68190000000000,0.13910000000000,0.77330000000000,32.3761,17859.8671,13.8168,13.6777,0.1391,0.6394,13.8116,7.9721,5.8395,4.2324,17859.8671,NA
parkey.exe,41688,0x23B9193FB10,DXGI,1,0,0,Composed: Flip,17894.5182,NA,20.97340000000000,16.70120000000000,0.16240000000000,0.75690000000000,28.1039,17873.6839,20.9967,20.8343,0.1624,0.6342,20.9570,9.4686,11.4884,-2.8844,17873.6839,NA
parkey.exe,41688,0x23B9193FB10,DXGI,1,0,0,Composed: Flip,17908.2891,NA,13.77090000000000,16.65450000000000,0.10980000000000,0.31520000000000,30.9875,17894.6806,13.7183,13.6085,0.1098,0.5945,13.3292,7.5491,5.7801,4.3422,17894.6806,NA
parkey.exe,41688,0x23B9193FB10,DXGI,1,0,0,Composed: Flip,17922.2048,NA,13.91570000000000,16.69500000000000,0.11860000000000,0.76760000000000,33.7668,17908.3989,13.9245,13.8059,0.1186,0.2485,14.3250,9.2428,5.0822,-2.9767,17908.3989,NA
parkey.exe,41688,0x23B9193FB10,DXGI,1,0,0,Composed: Flip,17943.0113,NA,20.80650000000000,16.67100000000000,0.11240000000000,0.78800000000000,29.6313,17922.3234,20.8003,20.6879,0.1124,0.6490,20.8269,9.4040,11.4229,-2.7465,17922.3234,NA
parkey.exe,41688,0x23B9193FB10,DXGI,1,0,0,Composed: Flip,17956.9906,NA,13.97930000000000,16.68000000000000,0.12790000000000,0.76830000000000,32.3320,17943.1237,13.9948,13.8669,0.1279,0.6756,13.9596,9.2474,4.7122,4.1203,17943.1237,NA
parkey.exe,41688,0x23B9193FB10,DXGI,1,0,0,Composed: Flip,17977.7299,NA,20.73930000000000,16.68300000000000,0.12690000000000,0.79850000000000,28.2757,17957.1185,20.7383,20.6114,0.1269,0.6404,20.7695,9.3492,11.4203,-2.6882,17957.1185,NA
parkey.exe,41688,0x23B9193FB10,DXGI,1,0,0,Composed: Flip,17991.6382,NA,13.90830000000000,16.68000000000000,0.09900000000000,0.76180000000000,31.0474,17977.8568,13.8804,13.7814,0.0990,0.6716,13.8716,8.9764,4.8952,4.0583,17977.8568,NA
parkey.exe,41688,0x23B9193FB10,DXGI,1,0,0,Composed: Flip,18005.4835,NA,13.84530000000000,16.67730000000000,0.11570000000000,0.79820000000000,33.8794,17991.7372,13.8620,13.7463,0.1157,0.6628,13.8817,8.0000,5.8817,-2.7969,17991.7372,NA
parkey.exe,41688,0x23B9193FB10,DXGI,1,0,0,Composed: Flip,18026.4421,NA,20.95860000000000,16.68110000000000,0.18440000000000,0.77580000000000,29.6019,18005.5992,21.0273,20.8429,0.1844,0.6825,20.9362,9.3285,11.6077,-2.8191,18005.5992,NA
parkey.exe,41688,0x23B9193FB10,DXGI,1,0,0,Composed: Flip,18040.2720,NA,13.82990000000000,16.67800000000000,0.12960000000000,0.40300000000000,32.4500,18026.6265,13.7751,13.6455,0.1296,0.5914,13.4571,8.3605,5.0966,4.3493,18026.6265,NA
parkey.exe,41688,0x23B9193FB10,DXGI,1,0,0,Composed: Flip,18061.1323,NA,20.86030000000000,16.71010000000000,0.12890000000000,0.77220000000000,28.2998,18040.4016,20.8596,20.7307,0.1289,0.3054,21.1975,9.1780,12.0195,-2.9350,18040.4016,NA
parkey.exe,41688,0x23B9193FB10,DXGI,1,0,0,Composed: Flip,18075.0157,NA,13.88340000000000,16.65150000000000,0.11080000000000,0.73660000000000,31.0679,18061.2612,13.8653,13.7545,0.1108,0.6433,13.8478,7.9119,5.9359,4.2081,18061.2612,NA
parkey.exe,41688,0x23B9193FB10,DXGI,1,0,0,Composed: Flip,18095.9001,NA,20.88440000000000,16.68150000000000,0.15070000000000,0.77400000000000,26.8650,18075.1265,20.9243,20.7736,0.1507,0.6258,20.9218,9.3923,11.5295,-2.8162,18075.1265,NA
parkey.exe,41688,0x23B9193FB10,DXGI,1,0,0,Composed: Flip,18109.6961,NA,13.79600000000000,16.68530000000000,0.10810000000000,0.39700000000000,29.7543,18096.0508,13.7534,13.6453,0.1081,0.6233,13.4190,8.9514,4.4676,4.2390,18096.0508,NA
parkey.exe,41688,0x23B9193FB10,DXGI,1,0,0,Composed: Flip,18123.6188,NA,13.92270000000000,16.67290000000000,0.38520000000000,0.83360000000000,32.5045,18109.8042,14.1998,13.8146,0.3852,0.3129,14.3353,8.8893,5.4460,-2.9195,18109.8042,NA
parkey.exe,41688,0x23B9193FB10,DXGI,1,0,0,Composed: Flip,18144.5008,NA,20.88200000000000,16.68020000000000,0.18430000000000,0.42080000000000,28.3027,18124.0040,20.6811,20.4968,0.1843,0.4484,20.4692,9.1617,11.3075,-2.4804,18124.0040,NA
parkey.exe,41688,0x23B9193FB10,DXGI,1,0,0,Composed: Flip,18158.3163,NA,13.81550000000000,16.68250000000000,0.09790000000000,0.77070000000000,31.1697,18144.6851,13.7291,13.6312,0.0979,0.2867,14.1152,9.1229,4.9923,3.9986,18144.6851,NA
parkey.exe,41688,0x23B9193FB10,DXGI,1,0,0,Composed: Flip,18179.1445,NA,20.82820000000000,16.68420000000000,0.13060000000000,0.41070000000000,27.0257,18158.4142,20.8609,20.7303,0.1306,0.6728,20.4682,7.6474,12.8208,-2.9551,18158.4142,NA
parkey.exe,41688,0x23B9193FB10,DXGI,1,0,0,Composed: Flip,18193.1172,NA,13.97270000000000,16.67680000000000,0.12280000000000,0.39970000000000,29.7298,18179.2751,13.9649,13.8421,0.1228,0.4189,13.8229,8.6701,5.1528,4.1841,18179.2751,NA
parkey.exe,41688,0x23B9193FB10,DXGI,1,0,0,Composed: Flip,18206.9839,NA,13.86670000000000,16.69030000000000,0.17760000000000,0.42420000000000,32.5534,18193.2400,13.9215,13.7439,0.1776,0.3100,13.8581,8.6146,5.2435,-2.7254,18193.2400,NA
parkey.exe,41688,0x23B9193FB10,DXGI,1,0,0,Composed: Flip,18227.8745,NA,20.89060000000000,16.66940000000000,0.12800000000000,0.78880000000000,28.3322,18207.1615,20.8410,20.7130,0.1280,0.5717,20.9301,9.4233,11.5068,-2.7479,18207.1615,NA
parkey.exe,41688,0x23B9193FB10,DXGI,1,0,0,Composed: Flip,18241.7921,NA,13.91760000000000,16.68550000000000,0.12770000000000,0.78530000000000,31.1001,18228.0025,13.9173,13.7896,0.1277,0.6608,13.9141,7.9994,5.9147,4.1555,18228.0025,NA
parkey.exe,41688,0x23B9193FB10,DXGI,1,0,0,Composed: Flip,18262.5666,NA,20.77450000000000,16.68500000000000,0.12680000000000,0.42870000000000,27.0106,18241.9198,20.7736,20.6468,0.1268,0.6576,20.4179,8.6006,11.8173,-2.7677,18241.9198,NA
parkey.exe,41688,0x23B9193FB10,DXGI,1,0,0,Composed: Flip,18276.5894,NA,14.02280000000000,7.54910000000000,0.18880000000000,0.39130000000000,20.5369,18262.6934,14.0848,13.8960,0.1888,0.6085,13.6788,8.3397,5.3391,13.2245,18262.6934,NA
parkey.exe,41688,0x23B9193FB10,DXGI,1,0,0,Composed: Flip,18290.3087,NA,13.71930000000000,25.80150000000000,0.14810000000000,0.78300000000000,32.6191,18276.7782,13.6786,13.5305,0.1481,0.2685,14.0450,9.2140,4.8310,-11.7167,18276.7782,NA
parkey.exe,41688,0x23B9193FB10,DXGI,1,0,0,Composed: Flip,18311.1398,NA,20.83110000000000,16.68170000000000,0.11960000000000,0.40800000000000,28.4697,18290.4568,20.8026,20.6830,0.1196,0.6349,20.4561,8.9960,11.4601,-3.0031,18290.4568,NA
parkey.exe,41688,0x23B9193FB10,DXGI,1,0,0,Composed: Flip,18325.0587,NA,13.91890000000000,16.67630000000000,0.14020000000000,0.41350000000000,31.2271,18311.2594,13.9395,13.7993,0.1402,0.5699,13.6429,8.6766,4.9663,4.1263,18311.2594,NA
parkey.exe,41688,0x23B9193FB10,DXGI,1,0,0,Composed: Flip,18345.8981,NA,20.83940000000000,16.68100000000000,0.15200000000000,0.42880000000000,27.0687,18325.1989,20.8512,20.6992,0.1520,0.4635,20.6645,8.0493,12.6152,-2.7415,18325.1989,NA
parkey.exe,41688,0x23B9193FB10,DXGI,1,0,0,Composed: Flip,18359.7749,NA,13.87680000000000,16.68420000000000,0.10150000000000,0.76920000000000,29.8761,18346.0501,13.8263,13.7248,0.1015,0.3315,14.1625,9.2144,4.9481,4.1670,18346.0501,NA
parkey.exe,41688,0x23B9193FB10,DXGI,1,0,0,Composed: Flip,18373.6382,NA,13.86330000000000,16.69830000000000,0.11160000000000,0.77280000000000,32.7111,18359.8764,13.8734,13.7618,0.1116,0.6677,13.8669,7.9907,5.8762,-2.8720,18359.8764,NA
parkey.exe,41688,0x23B9193FB10,DXGI,1,0,0,Composed: Flip,18394.5603,NA,20.92210000000000,16.68150000000000,0.13970000000000,0.61160000000000,28.4705,18373.7498,20.9502,20.8105,0.1397,0.6612,20.7609,9.3794,11.3815,-2.8081,18373.7498,NA
parkey.exe,41688,0x23B9193FB10,DXGI,1,0,0,Composed: Flip,18408.4304,NA,13.87010000000000,16.65750000000000,0.14500000000000,1.11120000000000,31.2579,18394.7000,13.8754,13.7304,0.1450,0.4719,14.3697,8.7737,5.5960,4.2927,18394.7000,NA
parkey.exe,41688,0x23B9193FB10,DXGI,1,0,0,Composed: Flip,18429.3373,NA,20.90690000000000,16.68140000000000,0.14500000000000,0.78790000000000,27.0324,18408.5754,20.9069,20.7619,0.1450,0.9662,20.5836,9.3698,11.2138,-2.8060,18408.5754,NA
parkey.exe,41688,0x23B9193FB10,DXGI,1,0,0,Composed: Flip,18443.0902,NA,13.75290000000000,16.67900000000000,0.11550000000000,0.63640000000000,29.9585,18429.4823,13.7234,13.6079,0.1155,0.6429,13.6014,7.8382,5.7632,4.2279,18429.4823,NA
parkey.exe,41688,0x23B9193FB10,DXGI,1,0,0,Composed: Flip,18457.0408,NA,13.95060000000000,16.69530000000000,0.15830000000000,0.80010000000000,32.7032,18443.2057,13.9934,13.8351,0.1583,0.5209,14.1143,9.2215,4.8928,-2.9719,18443.2057,NA
parkey.exe,41688,0x23B9193FB10,DXGI,1,0,0,Composed: Flip,18477.8215,NA,20.78070000000000,16.66400000000000,0.11240000000000,0.40500000000000,28.5865,18457.1991,20.7348,20.6224,0.1124,0.6418,20.3856,9.1017,11.2839,-2.6706,18457.1991,NA
parkey.exe,41688,0x23B9193FB10,DXGI,1,0,0,Composed: Flip,18491.7292,NA,13.90770000000000,16.67490000000000,0.09940000000000,0.76440000000000,31.3537,18477.9339,13.8947,13.7953,0.0994,0.5830,13.9767,9.0118,4.9649,4.0599,18477.9339,NA
parkey.exe,41688,0x23B9193FB10,DXGI,1,0,0,Composed: Flip,18512.5280,NA,20.79880000000000,16.68870000000000,0.11690000000000,0.77740000000000,27.2436,18491.8286,20.8163,20.6994,0.1169,0.6650,20.8118,8.0045,12.8073,-2.7940,18491.8286,NA
parkey.exe,41688,0x23B9193FB10,DXGI,1,0,0,Composed: Flip,18526.5671,NA,14.03910000000000,16.67330000000000,0.15550000000000,0.64700000000000,29.8778,18512.6449,14.0777,13.9222,0.1555,0.6605,13.9087,9.1451,4.7636,4.1430,18512.6449,NA
parkey.exe,41688,0x23B9193FB10,DXGI,1,0,0,Composed: Flip,18540.3702,NA,13.80310000000000,16.69160000000000,0.14210000000000,0.76500000000000,32.7663,18526.7226,13.7897,13.6476,0.1421,0.4915,13.9211,8.3641,5.5570,-2.6139,18526.7226,NA
parkey.exe,41688,0x23B9193FB10,DXGI,1,0,0,Composed: Flip,18561.2441,NA,20.87390000000000,16.66970000000000,0.12890000000000,0.77210000000000,28.5621,18540.5123,20.8607,20.7318,0.1289,0.6229,20.8810,9.4956,11.3854,-2.8800,18540.5123,NA
parkey.exe,41688,0x23B9193FB10,DXGI,1,0,0,Composed: Flip,18575.0591,NA,13.81500000000000,16.68310000000000,0.10590000000000,0.73330000000000,31.4302,18561.3730,13.7920,13.6861,0.1059,0.6432,13.7762,7.9074,5.8688,4.1776,18561.3730,NA
parkey.exe,41688,0x23B9193FB10,DXGI,1,0,0,Composed: Flip,18595.9405,NA,20.88140000000000,16.68330000000000,0.13780000000000,0.77100000000000,27.2321,18575.1650,20.9133,20.7755,0.1378,0.6274,20.9191,9.4586,11.4605,-2.8913,18575.1650,NA
parkey.exe,41688,0x23B9193FB10,DXGI,1,0,0,Composed: Flip,18609.7844,NA,13.84390000000000,16.67520000000000,0.11480000000000,0.40020000000000,30.0634,18596.0783,13.8209,13.7061,0.1148,0.6332,13.4731,7.5855,5.8876,4.2381,18596.0783,NA
parkey.exe,41688,0x23B9193FB10,DXGI,1,0,0,Composed: Flip,18623.7128,NA,13.92840000000000,16.68000000000000,0.11510000000000,0.78720000000000,32.8150,18609.8992,13.9287,13.8136,0.1151,0.3147,14.2861,9.2245,5.0616,-2.8591,18609.8992,NA
parkey.exe,41688,0x23B9193FB10,DXGI,1,0,0,Composed: Flip,18644.5118,NA,20.79900000000000,16.68330000000000,0.14820000000000,0.79640000000000,28.6993,18623.8279,20.8321,20.6839,0.1482,0.6721,20.8082,9.4042,11.4040,-2.7546,18623.8279,NA
parkey.exe,41688,0x23B9193FB10,DXGI,1,0,0,Composed: Flip,18658.4174,NA,13.90560000000000,16.67130000000000,0.10060000000000,0.71410000000000,31.4650,18644.6600,13.8580,13.7574,0.1006,0.6482,13.8233,9.1582,4.6651,4.1608,18644.6600,NA
parkey.exe,41688,0x23B9193FB10,DXGI,1,0,0,Composed: Flip,18679.2485,NA,20.83110000000000,16.69690000000000,0.11730000000000,0.76430000000000,27.3308,18658.5180,20.8478,20.7305,0.1173,0.6135,20.8813,9.0078,11.8735,-2.8389,18658.5180,NA
parkey.exe,41688,0x23B9193FB10,DXGI,1,0,0,Composed: Flip,18693.1495,NA,13.90100000000000,16.67560000000000,0.11540000000000,0.77240000000000,30.1054,18679.3658,13.8991,13.7837,0.1154,0.6470,13.9091,9.3082,4.6009,4.1722,18679.3658,NA
parkey.exe,41688,0x23B9193FB10,DXGI,1,0,0,Composed: Flip,18707.1071,NA,13.95760000000000,16.67820000000000,0.20060000000000,0.42500000000000,32.8260,18693.2649,14.0428,13.8422,0.2006,0.6570,13.6102,7.6430,5.9672,-2.7791,18693.2649,NA
parkey.exe,41688,0x23B9193FB10,DXGI,1,0,0,Composed: Flip,18727.9650,NA,20.85790000000000,16.70720000000000,0.13380000000000,0.78710000000000,28.6753,18707.3077,20.7911,20.6573,0.1338,0.2790,21.1654,9.4537,11.7117,-2.6644,18707.3077,NA
parkey.exe,41688,0x23B9193FB10,DXGI,1,0,0,Composed: Flip,18741.7275,NA,13.76250000000000,16.65240000000000,0.13840000000000,0.78320000000000,31.5652,18728.0988,13.7671,13.6287,0.1384,0.6533,13.7586,7.9526,5.8060,4.1387,18728.0988,NA
parkey.exe,41688,0x23B9193FB10,DXGI,1,0,0,Composed: Flip,18762.7670,NA,21.03950000000000,16.68340000000000,0.14820000000000,0.42850000000000,27.2091,18741.8659,21.0493,20.9011,0.1482,0.6448,20.6848,9.1319,11.5529,-2.9163,18741.8659,NA
parkey.exe,41688,0x23B9193FB10,DXGI,1,0,0,Composed: Flip,18776.6154,NA,13.84840000000000,7.22340000000000,0.16680000000000,0.84080000000000,20.5841,18762.9152,13.8670,13.7002,0.1668,0.5757,13.9653,8.7817,5.1836,13.8259,18762.9152,NA
parkey.exe,41688,0x23B9193FB10,DXGI,1,0,0,Composed: Flip,18790.3552,NA,13.73980000000000,26.13550000000000,0.12410000000000,0.76970000000000,32.9798,18776.7822,13.6971,13.5730,0.1241,0.6740,13.6687,9.2780,4.3907,-12.2685,18776.7822,NA
parkey.exe,41688,0x23B9193FB10,DXGI,1,0,0,Composed: Flip,18811.2406,NA,20.88540000000000,16.67210000000000,0.12920000000000,0.40040000000000,28.7665,18790.4793,20.8905,20.7613,0.1292,0.6456,20.5161,8.9526,11.5635,-2.9750,18790.4793,NA
parkey.exe,41688,0x23B9193FB10,DXGI,1,0,0,Composed: Flip,18825.1278,NA,13.88720000000000,16.68520000000000,0.10740000000000,0.76720000000000,31.5645,18811.3698,13.8654,13.7580,0.1074,0.3038,14.2214,9.1525,5.0689,4.2053,18811.3698,NA
parkey.exe,41688,0x23B9193FB10,DXGI,1,0,0,Composed: Flip,18845.9526,NA,20.82480000000000,16.68520000000000,0.15010000000000,0.42750000000000,27.4249,18825.2352,20.8675,20.7174,0.1501,0.6598,20.4851,7.6425,12.8426,-2.8198,18825.2352,NA
parkey.exe,41688,0x23B9193FB10,DXGI,1,0,0,Composed: Flip,18859.8520,NA,13.89940000000000,16.67210000000000,0.11070000000000,0.76860000000000,30.1976,18846.1027,13.8600,13.7493,0.1107,0.3255,14.1924,9.3070,4.8854,4.1954,18846.1027,NA
parkey.exe,41688,0x23B9193FB10,DXGI,1,0,0,Composed: Flip,18873.7483,NA,13.89630000000000,16.68490000000000,0.12460000000000,0.79620000000000,32.9862,18859.9627,13.9102,13.7856,0.1246,0.6579,13.9239,8.0122,5.9117,-2.8249,18859.9627,NA
parkey.exe,41688,0x23B9193FB10,DXGI,1,0,0,Composed: Flip,18894.6401,NA,20.89180000000000,16.67990000000000,0.15390000000000,0.76250000000000,28.7743,18873.8729,20.9211,20.7672,0.1539,0.6716,20.8581,9.4394,11.4187,-2.7697,18873.8729,NA
parkey.exe,41688,0x23B9193FB10,DXGI,1,0,0,Composed: Flip,18908.5467,NA,13.90660000000000,16.67620000000000,0.19590000000000,0.68930000000000,31.5439,18894.7940,13.9486,13.7527,0.1959,0.6086,13.8334,7.9252,5.9082,4.2449,18894.7940,NA
parkey.exe,41688,0x23B9193FB10,DXGI,1,0,0,Composed: Flip,18929.3515,NA,20.80480000000000,16.68500000000000,0.13000000000000,0.79710000000000,27.4241,18908.7426,20.7389,20.6089,0.1300,0.4934,20.9126,9.4168,11.4958,-2.7364,18908.7426,NA
parkey.exe,41688,0x23B9193FB10,DXGI,1,0,0,Composed: Flip,18943.2328,NA,13.88130000000000,7.12890000000000,0.12660000000000,1.24420000000000,20.6717,18929.4815,13.8779,13.7513,0.1266,0.6671,14.3284,8.9056,5.4228,13.6100,18929.4815,NA
parkey.exe,41688,0x23B9193FB10,DXGI,1,0,0,Composed: Flip,18957.0605,NA,13.82770000000000,26.23480000000000,0.14150000000000,0.77900000000000,33.0788,18943.3594,13.8426,13.7011,0.1415,1.1176,13.3625,9.8521,3.5104,-12.3569,18943.3594,NA
parkey.exe,41688,0x23B9193FB10,DXGI,1,0,0,Composed: Flip,18977.9638,NA,20.90330000000000,16.67480000000000,0.12290000000000,0.40140000000000,28.8503,18957.2020,20.8847,20.7618,0.1229,0.6375,20.5257,8.9859,11.5398,-2.8322,18957.2020,NA
parkey.exe,41688,0x23B9193FB10,DXGI,1,0,0,Composed: Flip,18991.8226,NA,13.85880000000000,16.68440000000000,0.10070000000000,0.30900000000000,31.6759,18978.0867,13.8366,13.7359,0.1007,0.5964,13.4485,8.5875,4.8610,4.2003,18978.0867,NA
parkey.exe,41688,0x23B9193FB10,DXGI,1,0,0,Composed: Flip,19012.6553,NA,20.83270000000000,16.68110000000000,0.12590000000000,0.77200000000000,27.5243,18991.9233,20.8579,20.7320,0.1259,0.4360,21.0680,8.4254,12.6426,-2.8445,18991.9233,NA
parkey.exe,41688,0x23B9193FB10,DXGI,1,0,0,Composed: Flip,19026.5989,NA,13.94360000000000,16.67750000000000,0.14030000000000,0.78860000000000,30.2582,19012.7812,13.9580,13.8177,0.1403,0.6461,13.9602,9.2488,4.7114,4.1804,19012.7812,NA
parkey.exe,41688,0x23B9193FB10,DXGI,1,0,0,Composed: Flip,19040.4441,NA,13.84520000000000,16.67740000000000,0.13470000000000,0.29850000000000,33.0904,19026.7392,13.8396,13.7049,0.1347,0.6483,13.3551,7.5164,5.8387,-2.7194,19026.7392,NA
parkey.exe,41688,0x23B9193FB10,DXGI,1,0,0,Composed: Flip,19061.3222,NA,20.87810000000000,16.67500000000000,0.13050000000000,0.76460000000000,28.8873,19040.5788,20.8739,20.7434,0.1305,0.2120,21.2960,9.5700,11.7260,-2.8354,19040.5788,NA
parkey.exe,41688,0x23B9193FB10,DXGI,1,0,0,Composed: Flip,19075.2216,NA,13.89940000000000,16.69390000000000,0.13620000000000,0.82250000000000,31.6818,19061.4527,13.9051,13.7689,0.1362,0.6341,13.9573,7.9951,5.9622,4.1800,19061.4527,NA
parkey.exe,41688,0x23B9193FB10,DXGI,1,0,0,Composed: Flip,19096.0342,NA,20.81260000000000,16.74800000000000,0.14070000000000,0.76970000000000,27.6172,19075.3578,20.8171,20.6764,0.1407,0.6863,20.7598,9.3819,11.3779,-2.8429,19075.3578,NA
parkey.exe,41688,0x23B9193FB10,DXGI,1,0,0,Composed: Flip,19109.8839,NA,13.84970000000000,16.60510000000000,0.11580000000000,0.40080000000000,30.3726,19096.1749,13.8248,13.7090,0.1158,0.6290,13.4808,8.5582,4.9226,4.2120,19096.1749,NA
parkey.exe,41688,0x23B9193FB10,DXGI,1,0,0,Composed: Flip,19124.0324,NA,14.14850000000000,16.68160000000000,0.12820000000000,0.78350000000000,32.9057,19109.9997,14.1609,14.0327,0.1282,0.3128,14.5034,8.8751,5.6283,-2.8568,19109.9997,NA
parkey.exe,41688,0x23B9193FB10,DXGI,1,0,0,Composed: Flip,19144.6197,NA,20.58730000000000,16.67910000000000,0.14690000000000,0.41500000000000,28.9975,19124.1606,20.6060,20.4591,0.1469,0.6553,20.2188,8.0092,12.2096,-2.5182,19124.1606,NA
parkey.exe,41688,0x23B9193FB10,DXGI,1,0,0,Composed: Flip,19158.5193,NA,13.89960000000000,16.67940000000000,0.10970000000000,0.75710000000000,31.7773,19144.7666,13.8624,13.7527,0.1097,0.4153,14.0945,9.0439,5.0506,3.9266,19144.7666,NA
parkey.exe,41688,0x23B9193FB10,DXGI,1,0,0,Composed: Flip,19179.3440,NA,20.82470000000000,16.66200000000000,0.11690000000000,0.39780000000000,27.6146,19158.6290,20.8319,20.7150,0.1169,0.6474,20.4654,7.5843,12.8811,-2.7996,19158.6290,NA
parkey.exe,41688,0x23B9193FB10,DXGI,1,0,0,Composed: Flip,19193.2428,NA,13.89880000000000,16.70870000000000,0.10140000000000,0.38630000000000,30.4245,19179.4609,13.8833,13.7819,0.1014,0.3205,13.8477,8.8348,5.0129,4.1232,19179.4609,NA
parkey.exe,41688,0x23B9193FB10,DXGI,1,0,0,Composed: Flip,19207.6033,NA,14.36050000000000,16.67540000000000,0.25800000000000,0.75780000000000,32.7394,19193.3442,14.5171,14.2591,0.2580,0.4260,14.5909,8.5349,6.0560,-2.7921,19193.3442,NA
parkey.exe,41688,0x23B9193FB10,DXGI,1,0,0,Composed: Flip,19228.0586,NA,20.45530000000000,16.67380000000000,0.13940000000000,0.79090000000000,28.9579,19207.8613,20.3367,20.1973,0.1394,0.4998,20.4884,9.6105,10.8779,-2.1567,19207.8613,NA
parkey.exe,41688,0x23B9193FB10,DXGI,1,0,0,Composed: Flip,19241.9072,NA,13.84860000000000,16.67930000000000,0.14220000000000,0.89450000000000,31.7886,19228.1980,13.8514,13.7092,0.1422,0.6515,13.9522,8.0775,5.8747,3.6574,19228.1980,NA
parkey.exe,41688,0x23B9193FB10,DXGI,1,0,0,Composed: Flip,19262.7313,NA,20.82410000000000,9.69960000000000,0.12760000000000,0.78400000000000,20.6641,19242.0494,20.8095,20.6819,0.1276,0.7523,20.7136,9.3623,11.3513,4.1518,19242.0494,NA
parkey.exe,41688,0x23B9193FB10,DXGI,1,0,0,Composed: Flip,19276.5436,NA,13.81230000000000,23.66270000000000,0.11740000000000,0.77280000000000,30.5145,19262.8589,13.8021,13.6847,0.1174,0.6564,13.8011,7.9947,5.8064,-2.8532,19262.8589,NA
parkey.exe,41688,0x23B9193FB10,DXGI,1,0,0,Composed: Flip,19290.4845,NA,13.94090000000000,16.68170000000000,0.12990000000000,0.79410000000000,33.2553,19276.6610,13.9534,13.8235,0.1299,0.6554,13.9622,9.3323,4.6299,-2.8796,19276.6610,NA
parkey.exe,41688,0x23B9193FB10,DXGI,1,0,0,Composed: Flip,19311.3047,NA,20.82020000000000,16.67810000000000,0.12770000000000,0.59960000000000,29.1132,19290.6144,20.8180,20.6903,0.1277,0.6642,20.6257,9.2986,11.3271,-2.7247,19290.6144,NA
parkey.exe,41688,0x23B9193FB10,DXGI,1,0,0,Composed: Flip,19325.2040,NA,13.89930000000000,16.68480000000000,0.11150000000000,0.79070000000000,31.8987,19311.4324,13.8831,13.7716,0.1115,0.4719,14.0904,9.2650,4.8254,4.1332,19311.4324,NA
parkey.exe,41688,0x23B9193FB10,DXGI,1,0,0,Composed: Flip,19346.0499,NA,20.84590000000000,16.67420000000000,0.31210000000000,0.42150000000000,27.7270,19325.3155,21.0465,20.7344,0.3121,0.6792,20.4767,7.6375,12.8392,-2.7911,19325.3155,NA
parkey.exe,41688,0x23B9193FB10,DXGI,1,0,0,Composed: Flip,19359.9204,NA,13.87050000000000,16.68420000000000,0.10280000000000,0.77070000000000,30.5407,19346.3620,13.6612,13.5584,0.1028,0.1402,14.1889,9.1340,5.0549,4.3623,19346.3620,NA
parkey.exe,41688,0x23B9193FB10,DXGI,1,0,0,Composed: Flip,19373.7923,NA,13.87190000000000,16.67780000000000,0.11500000000000,0.76400000000000,33.3466,19360.0232,13.8841,13.7691,0.1150,0.6679,13.8652,7.9663,5.8989,-3.0166,19360.0232,NA
parkey.exe,41688,0x23B9193FB10,DXGI,1,0,0,Composed: Flip,19394.7263,NA,20.93400000000000,16.67780000000000,0.14890000000000,0.75600000000000,29.0904,19373.9073,20.9679,20.8190,0.1489,0.6490,20.9260,9.3784,11.5476,-2.7937,19373.9073,NA
parkey.exe,41688,0x23B9193FB10,DXGI,1,0,0,Composed: Flip,19408.5659,NA,13.83960000000000,16.69080000000000,0.12870000000000,0.81360000000000,31.9416,19394.8752,13.8194,13.6907,0.1287,0.6071,13.8972,8.0009,5.8963,4.2771,19394.8752,NA
parkey.exe,41688,0x23B9193FB10,DXGI,1,0,0,Composed: Flip,19429.4950,NA,20.92910000000000,16.67410000000000,0.14550000000000,0.78670000000000,27.6866,19408.6946,20.9459,20.8004,0.1455,0.6849,20.9022,9.4194,11.4828,-2.8547,19408.6946,NA
parkey.exe,41688,0x23B9193FB10,DXGI,1,0,0,Composed: Flip,19443.3465,NA,13.85150000000000,6.80550000000000,0.12920000000000,0.71010000000000,20.6406,19429.6405,13.8352,13.7060,0.1292,0.6412,13.7749,7.9163,5.8586,14.1404,19429.6405,NA
parkey.exe,41688,0x23B9193FB10,DXGI,1,0,0,Composed: Flip,19457.1203,NA,13.77380000000000,26.56360000000000,0.13110000000000,0.77720000000000,33.4304,19443.4757,13.7757,13.6446,0.1311,0.5809,13.8409,9.4515,4.3894,-12.7284,19443.4757,NA
parkey.exe,41688,0x23B9193FB10,DXGI,1,0,0,Composed: Flip,19478.1001,NA,20.97980000000000,8.17940000000000,0.18220000000000,0.40030000000000,20.6300,19457.2514,21.0309,20.8487,0.1822,0.6461,20.6029,8.9086,11.6943,5.5963,19457.2514,NA
parkey.exe,41688,0x23B9193FB10,DXGI,1,0,0,Composed: Flip,19491.9177,NA,13.81760000000000,25.18250000000000,0.12840000000000,0.76890000000000,31.9949,19478.2823,13.7638,13.6354,0.1284,0.2512,14.1531,9.3255,4.8276,-4.1516,19478.2823,NA
parkey.exe,41688,0x23B9193FB10,DXGI,1,0,0,Composed: Flip,19512.7694,NA,20.85170000000000,16.42770000000000,0.15000000000000,0.40200000000000,27.5709,19492.0461,20.8733,20.7233,0.1500,0.6405,20.4848,8.9242,11.5606,-2.6639,19492.0461,NA
parkey.exe,41688,0x23B9193FB10,DXGI,1,0,0,Composed: Flip,19526.8191,NA,14.04970000000000,7.02430000000000,0.20190000000000,0.38640000000000,20.5455,19512.9194,14.1016,13.8997,0.2019,0.3057,13.9804,8.8137,5.1667,13.8490,19512.9194,NA
parkey.exe,41688,0x23B9193FB10,DXGI,1,0,0,Composed: Flip,19540.6100,NA,13.79090000000000,26.58740000000000,0.20240000000000,0.41720000000000,33.3420,19527.0210,13.7914,13.5890,0.2024,0.2257,13.7805,8.7200,5.0605,-12.4858,19527.0210,NA
parkey.exe,41688,0x23B9193FB10,DXGI,1,0,0,Composed: Flip,19561.5480,NA,20.93800000000000,8.20210000000000,0.16680000000000,0.40250000000000,20.6061,19540.8124,20.9024,20.7356,0.1668,0.2544,20.8837,8.9140,11.9697,5.5893,19540.8124,NA
parkey.exe,41688,0x23B9193FB10,DXGI,1,0,0,Composed: Flip,19575.3365,NA,13.78850000000000,25.16360000000000,0.16750000000000,0.77440000000000,31.9812,19561.7148,13.7892,13.6217,0.1675,0.2899,14.1062,9.4943,4.6119,-4.2612,19561.7148,NA
parkey.exe,41688,0x23B9193FB10,DXGI,1,0,0,Composed: Flip,19596.5275,NA,21.19100000000000,9.43790000000000,0.27090000000000,0.39010000000000,20.2281,19575.5040,21.2944,21.0235,0.2709,0.6069,20.8067,9.3274,11.4793,4.3513,19575.5040,NA
parkey.exe,41688,0x23B9193FB10,DXGI,1,0,0,Composed: Flip,19610.1150,NA,13.58750000000000,23.93700000000000,0.14910000000000,0.39500000000000,30.5776,19596.7984,13.4657,13.3166,0.1491,0.1866,13.5250,9.0486,4.4764,-2.6426,19596.7984,NA
parkey.exe,41688,0x23B9193FB10,DXGI,1,0,0,Composed: Flip,19624.0655,NA,13.95050000000000,16.68110000000000,0.26460000000000,0.42150000000000,33.3082,19610.2641,14.0660,13.8014,0.2646,0.3097,13.9132,8.7005,5.2127,-3.2154,19610.2641,NA
parkey.exe,41688,0x23B9193FB10,DXGI,1,0,0,Composed: Flip,19645.0346,NA,20.96910000000000,16.67360000000000,0.22790000000000,0.40150000000000,29.0127,19624.3301,20.9324,20.7045,0.2279,0.2042,20.9018,9.0020,11.8998,-2.6076,19624.3301,NA
parkey.exe,41688,0x23B9193FB10,DXGI,1,0,0,Composed: Flip,19658.8949,NA,13.86030000000000,16.68870000000000,0.24290000000000,0.42070000000000,31.8411,19645.2625,13.8753,13.6324,0.2429,0.2440,13.8091,8.8089,5.0002,4.2437,19645.2625,NA
parkey.exe,41688,0x23B9193FB10,DXGI,1,0,0,Composed: Flip,19679.6747,NA,20.77980000000000,9.42830000000000,0.18910000000000,0.39170000000000,20.4896,19659.1378,20.7260,20.5369,0.1891,0.2931,20.6355,9.0942,11.5413,4.4470,19659.1378,NA
parkey.exe,41688,0x23B9193FB10,DXGI,1,0,0,Composed: Flip,19693.5202,NA,13.84550000000000,13.82230000000000,0.15060000000000,0.30380000000000,20.4664,19679.8638,13.8070,13.6564,0.1506,0.2598,13.7004,8.3386,5.3618,6.9037,19679.8638,NA
parkey.exe,41688,0x23B9193FB10,DXGI,1,0,0,Composed: Flip,19707.6174,NA,14.09720000000000,26.76680000000000,0.20840000000000,0.44230000000000,33.1360,19693.6708,14.1550,13.9466,0.2084,0.2020,14.1869,8.9920,5.1949,-12.9598,19693.6708,NA
parkey.exe,41688,0x23B9193FB10,DXGI,1,0,0,Composed: Flip,19728.2867,NA,20.66930000000000,16.67360000000000,0.25130000000000,0.41960000000000,29.1403,19707.8258,20.7122,20.4609,0.2513,0.2691,20.6114,8.7096,11.9018,-2.5186,19707.8258,NA
parkey.exe,41688,0x23B9193FB10,DXGI,1,0,0,Composed: Flip,19742.1828,NA,13.89610000000000,16.68180000000000,0.22690000000000,0.41010000000000,31.9260,19728.5380,13.8717,13.6448,0.2269,0.2289,13.8260,8.7285,5.0975,4.0304,19728.5380,NA
parkey.exe,41688,0x23B9193FB10,DXGI,1,0,0,Composed: Flip,19763.0023,NA,20.81950000000000,9.39370000000000,0.15990000000000,0.40760000000000,20.5002,19742.4097,20.7525,20.5926,0.1599,0.2356,20.7646,9.0562,11.7084,4.4780,19742.4097,NA
parkey.exe,41688,0x23B9193FB10,DXGI,1,0,0,Composed: Flip,19776.7169,NA,13.71460000000000,13.89910000000000,0.16700000000000,0.77260000000000,20.6847,19763.1622,13.7217,13.5547,0.1670,0.3015,14.0258,9.2041,4.8217,6.8534,19763.1622,NA
parkey.exe,41688,0x23B9193FB10,DXGI,1,0,0,Composed: Flip,19790.6070,NA,13.89010000000000,26.74540000000000,0.13960000000000,0.77190000000000,33.5400,19776.8839,13.8627,13.7231,0.1396,0.6056,13.8894,9.2702,4.6192,-13.0237,19776.8839,NA
parkey.exe,41688,0x23B9193FB10,DXGI,1,0,0,Composed: Flip,19811.5965,NA,20.98950000000000,7.90900000000000,0.15020000000000,0.39840000000000,20.4595,19790.7466,21.0001,20.8499,0.1502,0.6323,20.6160,8.8762,11.7398,5.9537,19790.7466,NA
parkey.exe,41688,0x23B9193FB10,DXGI,1,0,0,Composed: Flip,19825.3580,NA,13.76150000000000,25.47070000000000,0.14940000000000,0.79630000000000,32.1687,19811.7467,13.7607,13.6113,0.1494,0.4032,14.0044,9.3929,4.6115,-4.4706,19811.7467,NA
parkey.exe,41688,0x23B9193FB10,DXGI,1,0,0,Composed: Flip,19846.1573,NA,20.79930000000000,16.65270000000000,0.16250000000000,0.40230000000000,28.0221,19825.5074,20.8124,20.6499,0.1625,0.6469,20.4053,8.8526,11.5527,-2.8920,19825.5074,NA
parkey.exe,41688,0x23B9193FB10,DXGI,1,0,0,Composed: Flip,19860.0737,NA,13.91640000000000,16.68770000000000,0.11560000000000,0.76750000000000,30.7934,19846.3198,13.8695,13.7539,0.1156,0.2974,14.2240,9.1603,5.0637,4.1247,19846.3198,NA
parkey.exe,41688,0x23B9193FB10,DXGI,1,0,0,Composed: Flip,19873.8730,NA,13.79930000000000,16.68290000000000,0.12050000000000,0.76280000000000,33.6770,19860.1893,13.8042,13.6837,0.1205,0.6519,13.7946,7.9867,5.8079,-2.8134,19860.1893,NA
parkey.exe,41688,0x23B9193FB10,DXGI,1,0,0,Composed: Flip,19894.8460,NA,20.97300000000000,7.90250000000000,0.15210000000000,0.76870000000000,20.6065,19873.9935,21.0046,20.8525,0.1521,0.6423,20.9789,7.9465,13.0324,5.9017,19873.9935,NA
parkey.exe,41688,0x23B9193FB10,DXGI,1,0,0,Composed: Flip,19908.6459,NA,13.79990000000000,25.45880000000000,0.12050000000000,0.94520000000000,32.2654,19894.9981,13.7683,13.6478,0.1205,0.6166,13.9764,9.6301,4.3463,-4.4542,19894.9981,NA
parkey.exe,41688,0x23B9193FB10,DXGI,1,0,0,Composed: Flip,19929.5081,NA,20.86220000000000,16.67950000000000,0.14300000000000,0.80740000000000,28.0827,19908.7664,20.8847,20.7417,0.1430,0.8247,20.7244,9.5827,11.1417,-2.9112,19908.7664,NA
parkey.exe,41688,0x23B9193FB10,DXGI,1,0,0,Composed: Flip,19943.3933,NA,13.88520000000000,16.67380000000000,0.12830000000000,0.32100000000000,30.8713,19929.6511,13.8705,13.7422,0.1283,0.6644,13.3988,7.9505,5.4483,4.2109,19929.6511,NA
parkey.exe,41688,0x23B9193FB10,DXGI,1,0,0,Composed: Flip,19957.2972,NA,13.90390000000000,16.68500000000000,0.15160000000000,0.38800000000000,33.6524,19943.5216,13.9272,13.7756,0.1516,0.2183,13.9453,8.7617,5.1836,-2.8145,19943.5216,NA
parkey.exe,41688,0x23B9193FB10,DXGI,1,0,0,Composed: Flip,19978.0743,NA,20.77710000000000,16.68290000000000,0.13610000000000,0.76330000000000,29.5582,19957.4488,20.7616,20.6255,0.1361,0.2958,21.0930,9.3040,11.7890,-2.7557,19957.4488,NA
parkey.exe,41688,0x23B9193FB10,DXGI,1,0,0,Composed: Flip,19991.9898,NA,13.91550000000000,16.67890000000000,0.13050000000000,0.81600000000000,32.3216,19978.2104,13.9099,13.7794,0.1305,0.6272,13.9682,7.9950,5.9732,4.0827,19978.2104,NA
parkey.exe,41688,0x23B9193FB10,DXGI,1,0,0,Composed: Flip,20012.9004,NA,20.91060000000000,16.68340000000000,0.11840000000000,0.76210000000000,28.0944,19992.1203,20.8985,20.7801,0.1184,0.6855,20.8567,9.4117,11.4450,-2.7735,19992.1203,NA
parkey.exe,41688,0x23B9193FB10,DXGI,1,0,0,Composed: Flip,20026.7499,NA,13.84950000000000,6.42460000000000,0.16130000000000,0.77100000000000,20.6695,20013.0188,13.8924,13.7311,0.1613,0.6437,13.8584,7.9708,5.8876,14.4739,20013.0188,NA
parkey.exe,41688,0x23B9193FB10,DXGI,1,0,0,Composed: Flip,20040.5597,NA,13.80980000000000,26.93680000000000,0.11710000000000,0.78600000000000,33.7965,20026.9112,13.7656,13.6485,0.1171,0.6097,13.8248,9.4197,4.4051,-13.0444,20026.9112,NA
parkey.exe,41688,0x23B9193FB10,DXGI,1,0,0,Composed: Flip,20061.4431,NA,20.88340000000000,16.66910000000000,0.13520000000000,0.76470000000000,29.5822,20040.6768,20.9015,20.7663,0.1352,0.6689,20.8621,9.2832,11.5789,-2.9035,20040.6768,NA
parkey.exe,41688,0x23B9193FB10,DXGI,1,0,0,Composed: Flip,20075.3198,NA,13.87670000000000,16.68590000000000,0.15920000000000,0.41310000000000,32.3914,20061.5783,13.9007,13.7415,0.1592,0.6295,13.5251,7.6016,5.9235,4.2156,20061.5783,NA
parkey.exe,41688,0x23B9193FB10,DXGI,1,0,0,Composed: Flip,20096.2823,NA,20.96250000000000,9.11270000000000,0.15780000000000,0.76000000000000,20.5416,20075.4790,20.9611,20.8033,0.1578,0.4116,21.1517,9.2238,11.9279,4.7880,20075.4790,NA
parkey.exe,41688,0x23B9193FB10,DXGI,1,0,0,Composed: Flip,20110.0465,NA,13.76420000000000,24.24470000000000,0.11130000000000,0.39940000000000,31.0221,20096.4401,13.7177,13.6064,0.1113,0.6022,13.4036,8.8659,4.5377,-3.2836,20096.4401,NA
parkey.exe,41688,0x23B9193FB10,DXGI,1,0,0,Composed: Flip,20123.9303,NA,13.88380000000000,16.68360000000000,0.12110000000000,0.80140000000000,33.8219,20110.1578,13.8936,13.7725,0.1211,0.3099,14.2640,9.0963,5.1677,-2.9659,20110.1578,NA
parkey.exe,41688,0x23B9193FB10,DXGI,1,0,0,Composed: Flip,20144.7802,NA,20.84990000000000,16.67090000000000,0.15440000000000,0.83830000000000,29.6429,20124.0514,20.8832,20.7288,0.1544,0.6803,20.8868,9.5119,11.3749,-2.7773,20124.0514,NA
parkey.exe,41688,0x23B9193FB10,DXGI,1,0,0,Composed: Flip,20158.7644,NA,13.98420000000000,16.68530000000000,0.13190000000000,1.04840000000000,32.3440,20144.9346,13.9617,13.8298,0.1319,0.6839,14.1943,9.4244,4.7699,4.1979,20144.9346,NA
parkey.exe,41688,0x23B9193FB10,DXGI,1,0,0,Composed: Flip,20179.5393,NA,20.77490000000000,9.10600000000000,0.10750000000000,0.76620000000000,20.6751,20158.8963,20.7505,20.6430,0.1075,0.9165,20.4927,9.3139,11.1788,4.8557,20158.8963,NA
parkey.exe,41688,0x23B9193FB10,DXGI,1,0,0,Composed: Flip,20193.3764,NA,13.83710000000000,24.25750000000000,0.10560000000000,0.77550000000000,31.0955,20179.6468,13.8352,13.7296,0.1056,0.6587,13.8464,9.3091,4.5373,-3.5070,20179.6468,NA
parkey.exe,41688,0x23B9193FB10,DXGI,1,0,0,Composed: Flip,20207.2565,NA,13.88010000000000,16.68310000000000,0.13020000000000,0.80140000000000,33.8985,20193.4820,13.9047,13.7745,0.1302,0.6699,13.9060,9.3740,4.5320,-2.8479,20193.4820,NA
parkey.exe,41688,0x23B9193FB10,DXGI,1,0,0,Composed: Flip,20228.2242,NA,20.96770000000000,16.67390000000000,0.13300000000000,0.40060000000000,29.6047,20207.3867,20.9705,20.8375,0.1330,0.6712,20.5669,9.1608,11.4061,-2.7692,20207.3867,NA
parkey.exe,41688,0x23B9193FB10,DXGI,1,0,0,Composed: Flip,20242.0217,NA,13.79750000000000,16.67640000000000,0.14280000000000,0.96590000000000,32.4836,20228.3572,13.8073,13.6645,0.1428,0.5586,14.0718,9.2627,4.8091,4.2941,20228.3572,NA
parkey.exe,41688,0x23B9193FB10,DXGI,1,0,0,Composed: Flip,20262.8525,NA,20.83080000000000,16.69660000000000,0.12740000000000,0.78790000000000,28.3494,20242.1645,20.8154,20.6880,0.1274,0.8231,20.6528,9.4007,11.2521,-2.8893,20242.1645,NA
parkey.exe,41688,0x23B9193FB10,DXGI,1,0,0,Composed: Flip,20276.9376,NA,14.08510000000000,16.66470000000000,0.18170000000000,0.31050000000000,30.9290,20262.9799,14.1394,13.9577,0.1817,0.6605,13.6077,8.8156,4.7921,4.1507,20262.9799,NA
parkey.exe,41688,0x23B9193FB10,DXGI,1,0,0,Composed: Flip,20297.6557,NA,20.71810000000000,16.68960000000000,0.14050000000000,0.39910000000000,26.9005,20277.1193,20.6769,20.5364,0.1405,0.1618,20.7737,8.7052,12.0685,-2.5502,20277.1193,NA
parkey.exe,41688,0x23B9193FB10,DXGI,1,0,0,Composed: Flip,20311.5439,NA,13.88820000000000,16.67170000000000,0.13290000000000,0.40410000000000,29.6840,20297.7962,13.8806,13.7477,0.1329,0.3157,13.8361,8.8251,5.0110,4.0052,20297.7962,NA
parkey.exe,41688,0x23B9193FB10,DXGI,1,0,0,Composed: Flip,20325.3400,NA,13.79610000000000,16.68460000000000,0.10710000000000,0.78560000000000,32.5725,20311.6768,13.7703,13.6632,0.1071,0.4067,14.0421,8.7103,5.3318,-2.8040,20311.6768,NA
parkey.exe,41688,0x23B9193FB10,DXGI,1,0,0,Composed: Flip,20346.2864,NA,20.94640000000000,16.67630000000000,0.15730000000000,0.41170000000000,28.3024,20325.4471,20.9966,20.8393,0.1573,0.6785,20.5725,9.0865,11.4860,-2.9060,20325.4471,NA
parkey.exe,41688,0x23B9193FB10,DXGI,1,0,0,Composed: Flip,20360.0986,NA,13.81220000000000,16.67870000000000,0.10830000000000,0.30320000000000,31.1689,20346.4437,13.7632,13.6549,0.1083,0.4123,13.5458,8.5684,4.9774,4.3179,20346.4437,NA
parkey.exe,41688,0x23B9193FB10,DXGI,1,0,0,Composed: Flip,20380.9431,NA,20.84450000000000,16.69390000000000,0.12310000000000,0.79650000000000,27.0183,20360.2069,20.8593,20.7362,0.1231,0.2212,21.3115,9.1806,12.1309,-2.9307,20360.2069,NA
parkey.exe,41688,0x23B9193FB10,DXGI,1,0,0,Composed: Flip,20394.8800,NA,13.93690000000000,16.67690000000000,0.14400000000000,0.62610000000000,29.7583,20381.0662,13.9578,13.8138,0.1440,0.6734,13.7665,9.1138,4.6527,4.1824,20381.0662,NA
parkey.exe,41688,0x23B9193FB10,DXGI,1,0,0,Composed: Flip,20408.7688,NA,13.88880000000000,16.67930000000000,0.14980000000000,0.42060000000000,32.5488,20395.0240,13.8946,13.7448,0.1498,0.4821,13.6833,8.0801,5.6032,-2.7215,20395.0240,NA
parkey.exe,41688,0x23B9193FB10,DXGI,1,0,0,Composed: Flip,20429.6439,NA,20.87510000000000,16.67090000000000,0.14680000000000,0.39330000000000,28.3446,20408.9186,20.8721,20.7253,0.1468,0.3019,20.8167,8.7927,12.0240,-2.7763,20408.9186,NA
parkey.exe,41688,0x23B9193FB10,DXGI,1,0,0,Composed: Flip,20443.5499,NA,13.90600000000000,16.68190000000000,0.16260000000000,0.42200000000000,31.1205,20429.7907,13.9218,13.7592,0.1626,0.2777,13.9035,8.8464,5.0571,4.1902,20429.7907,NA
parkey.exe,41688,0x23B9193FB10,DXGI,1,0,0,Composed: Flip,20464.2731,NA,20.72320000000000,16.69270000000000,0.15280000000000,0.42370000000000,27.0900,20443.7125,20.7134,20.5606,0.1528,0.3111,20.6732,8.5111,12.1621,-2.7709,20443.7125,NA
parkey.exe,41688,0x23B9193FB10,DXGI,1,0,0,Composed: Flip,20478.1948,NA,13.92170000000000,16.67010000000000,0.11410000000000,0.40200000000000,29.8384,20464.4259,13.8830,13.7689,0.1141,0.4231,13.7478,8.3426,5.4052,4.0433,20464.4259,NA
parkey.exe,41688,0x23B9193FB10,DXGI,1,0,0,Composed: Flip,20492.0935,NA,13.89870000000000,16.68730000000000,0.11420000000000,0.76340000000000,32.6270,20478.3089,13.8988,13.7846,0.1142,0.3389,14.2091,9.1773,5.0318,-2.8043,20478.3089,NA
parkey.exe,41688,0x23B9193FB10,DXGI,1,0,0,Composed: Flip,20512.8667,NA,20.77320000000000,16.69020000000000,0.11910000000000,0.76410000000000,28.5440,20492.2077,20.7781,20.6590,0.1191,0.6492,20.7739,9.3709,11.4030,-2.7914,20492.2077,NA
parkey.exe,41688,0x23B9193FB10,DXGI,1,0,0,Composed: Flip,20526.8489,NA,13.98220000000000,16.66160000000000,0.17170000000000,0.83200000000000,31.2234,20512.9858,14.0348,13.8631,0.1717,0.6450,14.0501,8.0380,6.0121,4.1165,20512.9858,NA
parkey.exe,41688,0x23B9193FB10,DXGI,1,0,0,Composed: Flip,20547.6895,NA,20.84060000000000,16.68080000000000,0.12650000000000,0.78420000000000,27.0636,20527.0206,20.7954,20.6689,0.1265,0.6603,20.7928,9.4340,11.3588,-2.6460,20527.0206,NA
parkey.exe,41688,0x23B9193FB10,DXGI,1,0,0,Composed: Flip,20561.4840,NA,13.79450000000000,16.67700000000000,0.13820000000000,0.75970000000000,29.9461,20547.8160,13.8062,13.6680,0.1382,0.6577,13.7700,7.9653,5.8047,4.1184,20547.8160,NA
parkey.exe,41688,0x23B9193FB10,DXGI,1,0,0,Composed: Flip,20575.4205,NA,13.93650000000000,16.68450000000000,0.13330000000000,0.77100000000000,32.6941,20561.6222,13.9316,13.7983,0.1333,0.6215,13.9478,7.9789,5.9689,-2.8783,20561.6222,NA
parkey.exe,41688,0x23B9193FB10,DXGI,1,0,0,Composed: Flip,20596.3259,NA,20.90540000000000,16.67920000000000,0.15130000000000,0.75990000000000,28.4679,20575.5538,20.9234,20.7721,0.1513,0.6377,20.8943,9.2653,11.6290,-2.7476,20575.5538,NA
parkey.exe,41688,0x23B9193FB10,DXGI,1,0,0,Composed: Flip,20610.1013,NA,13.77540000000000,16.67530000000000,0.10750000000000,0.77520000000000,31.3678,20596.4772,13.7316,13.6241,0.1075,0.6086,13.7907,7.9902,5.8005,4.2481,20596.4772,NA
parkey.exe,41688,0x23B9193FB10,DXGI,1,0,0,Composed: Flip,20631.1629,NA,21.06160000000000,16.69270000000000,0.14170000000000,0.39990000000000,26.9989,20610.2088,21.0958,20.9541,0.1417,0.6677,20.6863,7.5924,13.0939,-2.9611,20610.2088,NA
parkey.exe,41688,0x23B9193FB10,DXGI,1,0,0,Composed: Flip,20644.8960,NA,13.73310000000000,16.67750000000000,0.13910000000000,0.78040000000000,29.9433,20631.3046,13.7305,13.5914,0.1391,0.5898,13.7820,8.9953,4.7867,4.4183,20631.3046,NA
parkey.exe,41688,0x23B9193FB10,DXGI,1,0,0,Composed: Flip,20658.8774,NA,13.98140000000000,16.69400000000000,0.19290000000000,0.38970000000000,32.6559,20645.0351,14.0352,13.8423,0.1929,0.6413,13.5907,7.5922,5.9985,-2.9635,20645.0351,NA
parkey.exe,41688,0x23B9193FB10,DXGI,1,0,0,Composed: Flip,20679.6433,NA,20.76590000000000,16.66670000000000,0.13020000000000,0.39750000000000,28.5567,20659.0703,20.7032,20.5730,0.1302,0.2684,20.7021,8.7499,11.9522,-2.6315,20659.0703,NA
parkey.exe,41688,0x23B9193FB10,DXGI,1,0,0,Composed: Flip,20693.5114,NA,13.86810000000000,16.67310000000000,0.12200000000000,0.74040000000000,31.3617,20679.7735,13.8599,13.7379,0.1220,0.2907,14.1876,8.9128,5.2748,4.0301,20679.7735,NA
parkey.exe,41688,0x23B9193FB10,DXGI,1,0,0,Composed: Flip,20714.3626,NA,20.85120000000000,16.69490000000000,0.18980000000000,0.38500000000000,27.2054,20693.6334,20.9190,20.7292,0.1898,0.6184,20.4958,8.8988,11.5970,-2.8350,20693.6334,NA
parkey.exe,41688,0x23B9193FB10,DXGI,1,0,0,Composed: Flip,20728.3545,NA,13.99190000000000,7.40260000000000,0.13950000000000,0.40560000000000,20.6161,20714.5524,13.9416,13.8021,0.1395,0.2488,13.9589,8.7944,5.1645,13.5164,20714.5524,NA
parkey.exe,41688,0x23B9193FB10,DXGI,1,0,0,Composed: Flip,20742.2075,NA,13.85300000000000,25.95290000000000,0.14100000000000,0.80840000000000,32.7160,20728.4940,13.8545,13.7135,0.1410,0.3054,14.2165,8.8616,5.3549,-12.0113,20728.4940,NA
parkey.exe,41688,0x23B9193FB10,DXGI,1,0,0,Composed: Flip,20763.1578,NA,20.95030000000000,8.77200000000000,0.16930000000000,0.42650000000000,20.5377,20742.3485,20.9786,20.8093,0.1693,0.6674,20.5684,9.0275,11.5409,5.0825,20742.3485,NA
parkey.exe,41688,0x23B9193FB10,DXGI,1,0,0,Composed: Flip,20776.9650,NA,13.80720000000000,24.58640000000000,0.15190000000000,0.31350000000000,31.3169,20763.3271,13.7898,13.6379,0.1519,0.3168,13.6346,9.0734,4.5612,-3.6078,20763.3271,NA
parkey.exe,41688,0x23B9193FB10,DXGI,1,0,0,Composed: Flip,20797.9008,NA,20.93580000000000,16.68810000000000,0.16000000000000,0.38410000000000,27.0692,20777.1169,20.9439,20.7839,0.1600,0.2125,20.9555,8.9473,12.0082,-2.8983,20777.1169,NA
parkey.exe,41688,0x23B9193FB10,DXGI,1,0,0,Composed: Flip,20811.6137,NA,13.71290000000000,14.23590000000000,0.12650000000000,0.39980000000000,27.5922,20798.0608,13.6794,13.5529,0.1265,0.2919,13.6608,8.8218,4.8390,6.7080,20798.0608,NA
parkey.exe,41688,0x23B9193FB10,DXGI,1,0,0,Composed: Flip,20825.5828,NA,13.96910000000000,19.12640000000000,0.14590000000000,0.80680000000000,32.7495,20811.7402,13.9885,13.8426,0.1459,0.2943,14.3551,9.1963,5.1588,-5.4470,20811.7402,NA
parkey.exe,41688,0x23B9193FB10,DXGI,1,0,0,Composed: Flip,20846.4815,NA,20.89870000000000,8.70140000000000,0.16890000000000,0.41700000000000,20.5522,20825.7287,20.9217,20.7528,0.1689,0.6609,20.5089,8.9437,11.5652,5.2871,20825.7287,NA
parkey.exe,41688,0x23B9193FB10,DXGI,1,0,0,Composed: Flip,20860.2685,NA,13.78700000000000,24.63960000000000,0.14980000000000,0.77620000000000,31.4048,20846.6504,13.7679,13.6181,0.1498,0.2821,14.1122,9.9718,4.1404,-3.7179,20846.6504,NA
parkey.exe,41688,0x23B9193FB10,DXGI,1,0,0,Composed: Flip,20881.2566,NA,20.98810000000000,16.70630000000000,0.16770000000000,0.41530000000000,27.1230,20860.4183,21.0060,20.8383,0.1677,0.6264,20.6272,9.3242,11.3030,-2.9384,20860.4183,NA
parkey.exe,41688,0x23B9193FB10,DXGI,1,0,0,Composed: Flip,20894.9546,NA,13.69800000000000,14.14230000000000,0.16690000000000,0.41000000000000,27.5673,20881.4243,13.6972,13.5303,0.1669,0.2870,13.6533,8.8863,4.7670,6.8637,20881.4243,NA
parkey.exe,41688,0x23B9193FB10,DXGI,1,0,0,Composed: Flip,20908.9993,NA,14.04470000000000,19.20190000000000,0.22270000000000,0.40320000000000,32.7245,20895.1215,14.1005,13.8778,0.2227,0.2758,14.0052,8.7449,5.2603,-5.5047,20895.1215,NA
parkey.exe,41688,0x23B9193FB10,DXGI,1,0,0,Composed: Flip,20929.7628,NA,20.76350000000000,8.58870000000000,0.13690000000000,0.40560000000000,20.5497,20909.2220,20.6777,20.5408,0.1369,0.2452,20.7012,8.7623,11.9389,5.5118,20909.2220,NA
parkey.exe,41688,0x23B9193FB10,DXGI,1,0,0,Composed: Flip,20943.6174,NA,13.85460000000000,24.76840000000000,0.13480000000000,0.79970000000000,31.4635,20929.8997,13.8525,13.7177,0.1348,0.4359,14.0815,9.3067,4.7748,-4.0907,20929.8997,NA
parkey.exe,41688,0x23B9193FB10,DXGI,1,0,0,Composed: Flip,20964.4876,NA,20.87020000000000,16.68460000000000,0.16080000000000,0.80420000000000,27.2779,20943.7522,20.8962,20.7354,0.1608,0.6649,20.8747,9.2315,11.6432,-2.8321,20943.7522,NA
parkey.exe,41688,0x23B9193FB10,DXGI,1,0,0,Composed: Flip,20978.3024,NA,13.81480000000000,14.11160000000000,0.13860000000000,0.39010000000000,27.5747,20964.6484,13.7926,13.6540,0.1386,0.6434,13.4007,9.2023,4.1984,6.7846,20964.6484,NA
parkey.exe,41688,0x23B9193FB10,DXGI,1,0,0,Composed: Flip,20992.3175,NA,14.01510000000000,19.25580000000000,0.15800000000000,0.39770000000000,32.8154,20978.4410,14.0345,13.8765,0.1580,0.3068,13.9674,8.7748,5.1926,-5.4632,20978.4410,NA
parkey.exe,41688,0x23B9193FB10,DXGI,1,0,0,Composed: Flip,21013.0947,NA,20.77720000000000,8.58320000000000,0.12310000000000,0.75740000000000,20.6214,20992.4755,20.7423,20.6192,0.1231,0.2867,21.0899,9.2263,11.8636,5.4513,20992.4755,NA
parkey.exe,41688,0x23B9193FB10,DXGI,1,0,0,Composed: Flip,21026.9266,NA,13.83190000000000,24.75870000000000,0.17590000000000,0.71800000000000,31.5482,21013.2178,13.8847,13.7088,0.1759,0.6343,13.7925,9.3522,4.4403,-4.0164,21013.2178,NA
parkey.exe,41688,0x23B9193FB10,DXGI,1,0,0,Composed: Flip,21047.8232,NA,20.89660000000000,16.69160000000000,0.12910000000000,0.80990000000000,27.3432,21027.1025,20.8498,20.7207,0.1291,0.5421,20.9885,9.4534,11.5351,-2.8069,21027.1025,NA
parkey.exe,41688,0x23B9193FB10,DXGI,1,0,0,Composed: Flip,21061.6771,NA,13.85390000000000,14.05420000000000,0.14080000000000,0.41250000000000,27.5435,21047.9523,13.8656,13.7248,0.1408,0.6808,13.4565,9.2004,4.2561,6.7956,21047.9523,NA
parkey.exe,41688,0x23B9193FB10,DXGI,1,0,0,Composed: Flip,21075.6643,NA,13.98720000000000,19.30740000000000,0.25180000000000,0.39400000000000,32.8637,21061.8179,14.0982,13.8464,0.2518,0.3073,13.9331,8.7312,5.2019,-5.4418,21061.8179,NA
parkey.exe,41688,0x23B9193FB10,DXGI,1,0,0,Composed: Flip,21096.4109,NA,20.74660000000000,16.68690000000000,0.14170000000000,0.40440000000000,28.8040,21075.9161,20.6365,20.4948,0.1417,0.1799,20.7193,8.9030,11.8163,-2.5887,21075.9161,NA
parkey.exe,41688,0x23B9193FB10,DXGI,1,0,0,Composed: Flip,21110.3112,NA,13.90030000000000,16.66710000000000,0.12910000000000,0.30620000000000,31.5708,21096.5526,13.8877,13.7586,0.1291,0.2925,13.7723,8.6443,5.1280,3.9694,21096.5526,NA
parkey.exe,41688,0x23B9193FB10,DXGI,1,0,0,Composed: Flip,21131.1799,NA,20.86870000000000,16.68740000000000,0.13400000000000,0.43160000000000,27.3895,21110.4403,20.8736,20.7396,0.1340,0.2135,20.9577,9.1697,11.7880,-2.7997,21110.4403,NA
parkey.exe,41688,0x23B9193FB10,DXGI,1,0,0,Composed: Flip,21145.0807,NA,13.90080000000000,7.10990000000000,0.17670000000000,0.80960000000000,20.5986,21131.3139,13.9435,13.7668,0.1767,0.3360,14.2404,8.8526,5.3878,13.7637,21131.3139,NA
parkey.exe,41688,0x23B9193FB10,DXGI,1,0,0,Composed: Flip,21158.8566,NA,13.77590000000000,26.25080000000000,0.13840000000000,0.76680000000000,33.0735,21145.2574,13.7376,13.5992,0.1384,0.6329,13.7331,9.6121,4.1210,-12.3073,21145.2574,NA
parkey.exe,41688,0x23B9193FB10,DXGI,1,0,0,Composed: Flip,21179.7135,NA,20.85690000000000,16.67780000000000,0.13200000000000,0.85470000000000,28.8944,21158.9950,20.8505,20.7185,0.1320,0.6284,20.9448,9.3960,11.5488,-2.9402,21158.9950,NA
parkey.exe,41688,0x23B9193FB10,DXGI,1,0,0,Composed: Flip,21193.6293,NA,13.91580000000000,16.66760000000000,0.14670000000000,0.89220000000000,31.6462,21179.8455,13.9305,13.7838,0.1467,0.7227,13.9533,8.0665,5.8868,4.1829,21179.8455,NA
parkey.exe,41688,0x23B9193FB10,DXGI,1,0,0,Composed: Flip,21214.5212,NA,20.89190000000000,16.69160000000000,0.15660000000000,0.76120000000000,27.4459,21193.7760,20.9018,20.7452,0.1566,0.7455,20.7609,9.7705,10.9904,-2.7611,21193.7760,NA
parkey.exe,41688,0x23B9193FB10,DXGI,1,0,0,Composed: Flip,21228.3428,NA,13.82160000000000,16.67190000000000,0.13070000000000,0.39490000000000,30.2962,21214.6778,13.7957,13.6650,0.1307,0.6046,13.4553,7.6158,5.8395,4.2299,21214.6778,NA
parkey.exe,41688,0x23B9193FB10,DXGI,1,0,0,Composed: Flip,21242.2830,NA,13.94020000000000,16.68390000000000,0.15520000000000,0.41670000000000,33.0399,21228.4735,13.9647,13.8095,0.1552,0.3112,13.9150,8.7852,5.1298,-2.8882,21228.4735,NA
parkey.exe,41688,0x23B9193FB10,DXGI,1,0,0,Composed: Flip,21263.1730,NA,20.89000000000000,16.68370000000000,0.12890000000000,0.42600000000000,28.8336,21242.4382,20.8637,20.7348,0.1289,0.6315,20.5293,8.9227,11.6066,-2.7190,21242.4382,NA
parkey.exe,41688,0x23B9193FB10,DXGI,1,0,0,Composed: Flip,21277.1017,NA,13.92870000000000,16.67570000000000,0.17460000000000,0.92830000000000,31.5806,21263.3019,13.9744,13.7998,0.1746,0.3472,14.3809,9.4053,4.9756,4.1880,21263.3019,NA
parkey.exe,41688,0x23B9193FB10,DXGI,1,0,0,Composed: Flip,21298.0273,NA,20.92560000000000,9.80700000000000,0.21810000000000,0.39800000000000,20.4620,21277.2763,20.9691,20.7510,0.2181,0.7537,20.3953,8.9264,11.4689,4.1674,21277.2763,NA
parkey.exe,41688,0x23B9193FB10,DXGI,1,0,0,Composed: Flip,21311.7976,NA,13.77030000000000,23.55210000000000,0.13560000000000,0.40230000000000,30.2438,21298.2454,13.6878,13.5522,0.1356,0.2128,13.7417,8.7717,4.9700,-2.5830,21298.2454,NA
parkey.exe,41688,0x23B9193FB10,DXGI,1,0,0,Composed: Flip,21325.6025,NA,13.80490000000000,16.68440000000000,0.16390000000000,0.41340000000000,33.1233,21311.9332,13.8332,13.6693,0.1639,0.2966,13.7861,8.9848,4.8013,-2.9966,21311.9332,NA
parkey.exe,41688,0x23B9193FB10,DXGI,1,0,0,Composed: Flip,21346.5334,NA,20.93090000000000,16.67470000000000,0.16330000000000,0.40090000000000,28.8671,21325.7664,20.9303,20.7670,0.1633,0.3064,20.8615,9.1387,11.7228,-2.8415,21325.7664,NA
parkey.exe,41688,0x23B9193FB10,DXGI,1,0,0,Composed: Flip,21360.3771,NA,13.84370000000000,16.67960000000000,0.16510000000000,0.80460000000000,31.7030,21346.6967,13.8455,13.6804,0.1651,0.2824,14.2026,9.2907,4.9119,4.2507,21346.6967,NA
parkey.exe,41688,0x23B9193FB10,DXGI,1,0,0,Composed: Flip,21381.2579,NA,20.88080000000000,9.75080000000000,0.14080000000000,0.40630000000000,20.5730,21360.5422,20.8565,20.7157,0.1408,0.6395,20.4825,8.9419,11.5406,4.0947,21360.5422,NA
parkey.exe,41688,0x23B9193FB10,DXGI,1,0,0,Composed: Flip,21395.0617,NA,13.80380000000000,23.61700000000000,0.15510000000000,0.77200000000000,30.3862,21381.3987,13.8181,13.6630,0.1551,0.6142,13.8208,9.0287,4.7921,-2.7605,21381.3987,NA
parkey.exe,41688,0x23B9193FB10,DXGI,1,0,0,Composed: Flip,21408.8946,NA,13.83290000000000,16.67950000000000,0.18030000000000,0.40140000000000,33.2328,21395.2168,13.8581,13.6778,0.1803,0.6169,13.4623,9.0084,4.4539,-2.8614,21395.2168,NA
parkey.exe,41688,0x23B9193FB10,DXGI,1,0,0,Composed: Flip,21429.8604,NA,20.96580000000000,16.67760000000000,0.13820000000000,0.41000000000000,28.9446,21409.0749,20.9237,20.7855,0.1382,0.5740,20.6215,8.9204,11.7011,-2.8195,21409.0749,NA
parkey.exe,41688,0x23B9193FB10,DXGI,1,0,0,Composed: Flip,21443.6765,NA,13.81610000000000,16.68170000000000,0.15910000000000,0.86480000000000,31.8102,21429.9986,13.8370,13.6779,0.1591,0.6050,13.9377,9.2601,4.6776,4.2420,21429.9986,NA
parkey.exe,41688,0x23B9193FB10,DXGI,1,0,0,Composed: Flip,21464.6089,NA,20.93240000000000,9.68070000000000,0.16090000000000,0.41830000000000,20.5585,21443.8356,20.9342,20.7733,0.1609,0.7057,20.4859,9.1497,11.3362,4.1563,21443.8356,NA
parkey.exe,41688,0x23B9193FB10,DXGI,1,0,0,Composed: Flip,21478.4042,NA,13.79530000000000,23.67590000000000,0.12860000000000,0.77550000000000,30.4391,21464.7698,13.7630,13.6344,0.1286,0.3110,14.0989,9.1975,4.9014,-2.7417,21464.7698,NA
parkey.exe,41688,0x23B9193FB10,DXGI,1,0,0,Composed: Flip,21492.2401,NA,13.83590000000000,16.68410000000000,0.19380000000000,0.40970000000000,33.2873,21478.5328,13.9011,13.7073,0.1938,0.6469,13.4701,8.9028,4.5673,-2.9211,21478.5328,NA
parkey.exe,41688,0x23B9193FB10,DXGI,1,0,0,Composed: Flip,21513.1646,NA,20.92450000000000,16.67730000000000,0.13440000000000,0.76810000000000,29.0401,21492.4339,20.8651,20.7307,0.1344,0.2839,21.2149,9.1242,12.0907,-2.7762,21492.4339,NA
parkey.exe,41688,0x23B9193FB10,DXGI,1,0,0,Composed: Flip,21526.9730,NA,13.80840000000000,16.68370000000000,0.14390000000000,0.79100000000000,31.9154,21513.2990,13.8179,13.6740,0.1439,0.6337,13.8313,7.9958,5.8355,4.1814,21513.2990,NA
parkey.exe,41688,0x23B9193FB10,DXGI,1,0,0,Composed: Flip,21547.8956,NA,20.92260000000000,9.62540000000000,0.11640000000000,0.84250000000000,20.6182,21527.1169,20.8951,20.7787,0.1164,0.6471,20.9741,9.3848,11.5893,4.1925,21527.1169,NA
parkey.exe,41688,0x23B9193FB10,DXGI,1,0,0,Composed: Flip,21561.7146,NA,13.81900000000000,23.73290000000000,0.12180000000000,0.78210000000000,30.5321,21548.0120,13.8244,13.7026,0.1218,0.7261,13.7586,9.1816,4.5770,-2.8378,21548.0120,NA
parkey.exe,41688,0x23B9193FB10,DXGI,1,0,0,Composed: Flip,21575.5748,NA,13.86020000000000,16.67960000000000,0.14830000000000,0.85410000000000,33.3515,21561.8364,13.8867,13.7384,0.1483,0.6603,13.9322,9.3475,4.5847,-2.8552,21561.8364,NA
parkey.exe,41688,0x23B9193FB10,DXGI,1,0,0,Composed: Flip,21596.5260,NA,20.95120000000000,16.70390000000000,0.15320000000000,0.76520000000000,29.1042,21575.7231,20.9561,20.8029,0.1532,0.7058,20.8623,9.2702,11.5921,-2.8172,21575.7231,NA
parkey.exe,41688,0x23B9193FB10,DXGI,1,0,0,Composed: Flip,21610.2667,NA,13.74070000000000,16.66460000000000,0.09870000000000,0.77100000000000,32.0281,21596.6792,13.6862,13.5875,0.0987,0.6120,13.7465,7.9537,5.7928,4.2915,21596.6792,NA
parkey.exe,41688,0x23B9193FB10,DXGI,1,0,0,Composed: Flip,21631.2097,NA,20.94300000000000,16.67840000000000,0.13270000000000,0.39510000000000,27.7635,21610.3654,20.9770,20.8443,0.1327,0.6723,20.5671,7.6119,12.9552,-2.9922,21610.3654,NA
parkey.exe,41688,0x23B9193FB10,DXGI,1,0,0,Composed: Flip,21645.1006,NA,13.89090000000000,16.67650000000000,0.12790000000000,0.39950000000000,30.5491,21631.3424,13.8861,13.7582,0.1279,0.2952,13.8625,8.7656,5.0969,4.3005,21631.3424,NA
parkey.exe,41688,0x23B9193FB10,DXGI,1,0,0,Composed: Flip,21658.8993,NA,13.79870000000000,16.68220000000000,0.16590000000000,0.80550000000000,33.4326,21645.2285,13.8367,13.6708,0.1659,0.5854,13.8909,8.7437,5.1472,-2.7961,21645.2285,NA
parkey.exe,41688,0x23B9193FB10,DXGI,1,0,0,Composed: Flip,21679.8326,NA,20.93330000000000,16.67540000000000,0.14290000000000,0.79670000000000,29.1747,21659.0652,20.9103,20.7674,0.1429,0.6396,20.9245,9.4062,11.5183,-2.8387,21659.0652,NA
parkey.exe,41688,0x23B9193FB10,DXGI,1,0,0,Composed: Flip,21693.7006,NA,13.86800000000000,16.70330000000000,0.11080000000000,0.68360000000000,32.0100,21679.9755,13.8359,13.7251,0.1108,0.6538,13.7549,9.1272,4.6277,4.2070,21679.9755,NA
parkey.exe,41688,0x23B9193FB10,DXGI,1,0,0,Composed: Flip,21714.4839,NA,20.78330000000000,16.66440000000000,0.12300000000000,0.75850000000000,27.8911,21693.8114,20.7955,20.6725,0.1230,0.5728,20.8582,9.4833,11.3749,-2.8285,21693.8114,NA
parkey.exe,41688,0x23B9193FB10,DXGI,1,0,0,Composed: Flip,21728.4837,NA,13.99980000000000,6.75400000000000,0.13340000000000,0.41110000000000,20.6453,21714.6069,14.0102,13.8768,0.1334,0.6355,13.6524,7.6893,5.9631,14.0415,21714.6069,NA
parkey.exe,41688,0x23B9193FB10,DXGI,1,0,0,Composed: Flip,21742.3088,NA,13.82510000000000,26.60840000000000,0.15730000000000,0.82040000000000,33.4286,21728.6171,13.8490,13.6917,0.1573,0.3380,14.1741,9.2915,4.8826,-12.5982,21728.6171,NA
parkey.exe,41688,0x23B9193FB10,DXGI,1,0,0,Composed: Flip,21763.1764,NA,20.86760000000000,16.67060000000000,0.14240000000000,0.42270000000000,29.2316,21742.4661,20.8527,20.7103,0.1424,0.6631,20.4699,9.0162,11.4537,-2.8216,21742.4661,NA
parkey.exe,41688,0x23B9193FB10,DXGI,1,0,0,Composed: Flip,21777.1632,NA,13.98680000000000,16.68530000000000,0.18050000000000,0.84900000000000,31.9301,21763.3188,14.0249,13.8444,0.1805,0.5838,14.1096,8.7806,5.3290,4.1674,21763.3188,NA
parkey.exe,41688,0x23B9193FB10,DXGI,1,0,0,Composed: Flip,21797.9641,NA,20.80090000000000,16.67640000000000,0.19680000000000,0.39210000000000,27.8056,21777.3437,20.8172,20.6204,0.1968,0.6685,20.3440,9.1139,11.2301,-2.6515,21777.3437,NA
parkey.exe,41688,0x23B9193FB10,DXGI,1,0,0,Composed: Flip,21811.6895,NA,13.72540000000000,16.68340000000000,0.23460000000000,0.60240000000000,30.7636,21798.1609,13.7632,13.5286,0.2346,0.5387,13.5923,8.4856,5.1067,4.1338,21798.1609,NA
parkey.exe,41688,0x23B9193FB10,DXGI,1,0,0,Composed: Flip,21825.5904,NA,13.90090000000000,16.68280000000000,0.11530000000000,0.41040000000000,33.5455,21811.9241,13.7816,13.6663,0.1153,0.3678,13.7089,8.0393,5.6696,-2.9196,21811.9241,NA
parkey.exe,41688,0x23B9193FB10,DXGI,1,0,0,Composed: Flip,21846.5871,NA,20.99670000000000,16.66730000000000,0.15500000000000,0.77950000000000,29.2161,21825.7057,21.0364,20.8814,0.1550,0.3565,21.3044,9.3320,11.9724,-2.8857,21825.7057,NA
parkey.exe,41688,0x23B9193FB10,DXGI,1,0,0,Composed: Flip,21860.3006,NA,13.71350000000000,16.68940000000000,0.09690000000000,0.75610000000000,32.1920,21846.7421,13.6554,13.5585,0.0969,0.6245,13.6901,7.9707,5.7194,4.3470,21846.7421,NA
parkey.exe,41688,0x23B9193FB10,DXGI,1,0,0,Composed: Flip,21881.2343,NA,20.93370000000000,9.41840000000000,0.15520000000000,0.40270000000000,20.6767,21860.3975,20.9920,20.8368,0.1552,0.6592,20.5803,7.5802,13.0001,4.2370,21860.3975,NA
parkey.exe,41688,0x23B9193FB10,DXGI,1,0,0,Composed: Flip,21895.0779,NA,13.84360000000000,23.93950000000000,0.16110000000000,0.78280000000000,30.7726,21881.3895,13.8495,13.6884,0.1611,0.3013,14.1699,9.6678,4.5021,-2.9475,21881.3895,NA
parkey.exe,41688,0x23B9193FB10,DXGI,1,0,0,Composed: Flip,21908.9620,NA,13.88410000000000,16.68620000000000,0.11480000000000,0.77690000000000,33.5747,21895.2390,13.8378,13.7230,0.1148,0.6217,13.8782,9.3222,4.5560,-2.8367,21895.2390,NA
parkey.exe,41688,0x23B9193FB10,DXGI,1,0,0,Composed: Flip,21929.8374,NA,20.87540000000000,7.94180000000000,0.11980000000000,0.79090000000000,20.6411,21909.0768,20.8804,20.7606,0.1198,0.6621,20.8894,9.3670,11.5224,5.8960,21909.0768,NA
parkey.exe,41688,0x23B9193FB10,DXGI,1,0,0,Composed: Flip,21943.7169,NA,13.87950000000000,25.41820000000000,0.15580000000000,0.79860000000000,32.1798,21929.9572,13.9155,13.7597,0.1558,0.6711,13.8872,9.0343,4.8529,-4.5378,21929.9572,NA
parkey.exe,41688,0x23B9193FB10,DXGI,1,0,0,Composed: Flip,21964.5194,NA,20.80250000000000,16.68670000000000,0.12500000000000,0.78200000000000,28.0640,21943.8727,20.7717,20.6467,0.1250,0.6428,20.7859,9.2047,11.5812,-2.7712,21943.8727,NA
parkey.exe,41688,0x23B9193FB10,DXGI,1,0,0,Composed: Flip,21978.5487,NA,14.02930000000000,6.56480000000000,0.18780000000000,0.38320000000000,20.5995,21964.6444,14.0921,13.9043,0.1878,0.6570,13.6305,7.6266,6.0039,14.2069,21964.6444,NA
parkey.exe,41688,0x23B9193FB10,DXGI,1,0,0,Composed: Flip,21992.3514,NA,13.80270000000000,26.77760000000000,0.13800000000000,0.77750000000000,33.5744,21978.7365,13.7529,13.6149,0.1380,0.2330,14.1594,8.9123,5.2471,-12.6855,21978.7365,NA
parkey.exe,41688,0x23B9193FB10,DXGI,1,0,0,Composed: Flip,22013.1605,NA,20.80910000000000,16.69240000000000,0.14860000000000,0.59640000000000,29.4577,21992.4894,20.8197,20.6711,0.1486,0.6395,20.6280,9.1145,11.5135,-2.9395,21992.4894,NA
parkey.exe,41688,0x23B9193FB10,DXGI,1,0,0,Composed: Flip,22027.0067,NA,13.84620000000000,16.68150000000000,0.10250000000000,0.81280000000000,32.2930,22013.3091,13.8001,13.6976,0.1025,0.4478,14.0626,8.5227,5.5399,4.1382,22013.3091,NA
parkey.exe,41688,0x23B9193FB10,DXGI,1,0,0,Composed: Flip,22047.9952,NA,20.98850000000000,16.69720000000000,0.12400000000000,0.78180000000000,28.0017,22027.1092,21.0100,20.8860,0.1240,0.7103,20.9575,7.9648,12.9927,-2.8971,22027.1092,NA
parkey.exe,41688,0x23B9193FB10,DXGI,1,0,0,Composed: Flip,22061.7608,NA,13.76560000000000,16.65880000000000,0.10860000000000,0.41850000000000,30.8949,22048.1192,13.7502,13.6416,0.1086,0.6578,13.4023,7.6025,5.7998,4.3512,22048.1192,NA
parkey.exe,41688,0x23B9193FB10,DXGI,1,0,0,Composed: Flip,22075.6558,NA,13.89500000000000,16.67890000000000,0.14730000000000,0.39040000000000,33.6788,22061.8694,13.9337,13.7864,0.1473,0.3404,13.8364,8.3912,5.4452,-2.9287,22061.8694,NA
parkey.exe,41688,0x23B9193FB10,DXGI,1,0,0,Composed: Flip,22096.6224,NA,20.96660000000000,16.67760000000000,0.13870000000000,0.76900000000000,29.3898,22075.8031,20.9580,20.8193,0.1387,0.5624,21.0259,8.6969,12.3290,-2.7439,22075.8031,NA
parkey.exe,41688,0x23B9193FB10,DXGI,1,0,0,Composed: Flip,22110.3848,NA,13.76240000000000,16.67580000000000,0.11810000000000,0.91830000000000,32.3032,22096.7611,13.7418,13.6237,0.1181,0.6303,13.9117,7.9971,5.9146,4.2822,22096.7611,NA
parkey.exe,41688,0x23B9193FB10,DXGI,1,0,0,Composed: Flip,22131.3768,NA,20.99200000000000,9.28080000000000,0.16080000000000,0.41950000000000,20.5920,22110.5029,21.0347,20.8739,0.1608,0.8002,20.4932,9.0846,11.4086,4.4610,22110.5029,NA
parkey.exe,41688,0x23B9193FB10,DXGI,1,0,0,Composed: Flip,22145.1761,NA,13.79930000000000,13.89760000000000,0.15120000000000,0.80080000000000,20.6903,22131.5376,13.7897,13.6385,0.1512,0.2914,14.1479,9.4300,4.7179,7.1371,22131.5376,NA
parkey.exe,41688,0x23B9193FB10,DXGI,1,0,0,Composed: Flip,22159.1670,NA,13.99090000000000,26.87100000000000,0.18590000000000,0.79100000000000,33.5704,22145.3273,14.0256,13.8397,0.1859,0.6496,13.9811,9.4110,4.5701,-13.0813,22145.3273,NA
parkey.exe,41688,0x23B9193FB10,DXGI,1,0,0,Composed: Flip,22179.9621,NA,20.79510000000000,7.87290000000000,0.12290000000000,0.65320000000000,20.6482,22159.3529,20.7321,20.6092,0.1229,0.6051,20.6573,9.1877,11.4696,6.1527,22159.3529,NA
parkey.exe,41688,0x23B9193FB10,DXGI,1,0,0,Composed: Flip,22193.8057,NA,13.84360000000000,25.48540000000000,0.15910000000000,0.77460000000000,32.2900,22180.0850,13.8798,13.7207,0.1591,0.5303,13.9650,9.6919,4.2731,-4.7533,22180.0850,NA
parkey.exe,41688,0x23B9193FB10,DXGI,1,0,0,Composed: Flip,22214.6979,NA,20.89220000000000,9.21420000000000,0.14420000000000,0.77020000000000,20.6120,22193.9648,20.8773,20.7331,0.1442,0.6155,20.8878,9.3329,11.5549,4.6656,22193.9648,NA
parkey.exe,41688,0x23B9193FB10,DXGI,1,0,0,Composed: Flip,22228.5287,NA,13.83080000000000,13.88850000000000,0.12130000000000,0.77780000000000,20.6697,22214.8421,13.8079,13.6866,0.1213,0.6260,13.8384,9.3520,4.4864,6.9888,22214.8421,NA
parkey.exe,41688,0x23B9193FB10,DXGI,1,0,0,Composed: Flip,22242.3995,NA,13.87080000000000,26.93690000000000,0.12400000000000,0.80990000000000,33.7358,22228.6500,13.8735,13.7495,0.1240,0.6565,13.9029,9.3715,4.5314,-13.1290,22228.6500,NA
parkey.exe,41688,0x23B9193FB10,DXGI,1,0,0,Composed: Flip,22263.3067,NA,20.90720000000000,7.84140000000000,0.15340000000000,0.78570000000000,20.6700,22242.5235,20.9366,20.7832,0.1534,0.6859,20.8830,9.3459,11.5371,6.0321,22242.5235,NA
parkey.exe,41688,0x23B9193FB10,DXGI,1,0,0,Composed: Flip,22277.2112,NA,13.90450000000000,25.52320000000000,0.30150000000000,0.41420000000000,32.2887,22263.4601,14.0526,13.7511,0.3015,0.6323,13.5330,9.2475,4.2855,-4.5866,22263.4601,NA
parkey.exe,41688,0x23B9193FB10,DXGI,1,0,0,Composed: Flip,22298.1205,NA,20.90930000000000,9.19920000000000,0.16420000000000,0.38470000000000,20.5786,22277.5127,20.7720,20.6078,0.1642,0.1839,20.8086,8.9695,11.8391,4.8534,22277.5127,NA
parkey.exe,41688,0x23B9193FB10,DXGI,1,0,0,Composed: Flip,22311.9206,NA,13.80010000000000,13.85950000000000,0.16810000000000,0.75830000000000,20.6380,22298.2847,13.8040,13.6359,0.1681,0.5703,13.8239,9.3550,4.4689,6.9125,22298.2847,NA
parkey.exe,41688,0x23B9193FB10,DXGI,1,0,0,Composed: Flip,22325.8006,NA,13.88000000000000,26.99480000000000,0.17570000000000,0.80880000000000,33.7528,22312.0887,13.8876,13.7119,0.1757,0.5902,13.9305,9.3604,4.5701,-13.1908,22312.0887,NA
parkey.exe,41688,0x23B9193FB10,DXGI,1,0,0,Composed: Flip,22346.7419,NA,20.94130000000000,7.67210000000000,0.14840000000000,0.40410000000000,20.4836,22325.9763,20.9140,20.7656,0.1484,0.6331,20.5366,8.8935,11.6431,6.2155,22325.9763,NA
parkey.exe,41688,0x23B9193FB10,DXGI,1,0,0,Composed: Flip,22360.5916,NA,13.84970000000000,25.67870000000000,0.16430000000000,0.40410000000000,32.3126,22346.8903,13.8656,13.7013,0.1643,0.2987,13.8067,8.8632,4.9435,-4.7647,22346.8903,NA
parkey.exe,41688,0x23B9193FB10,DXGI,1,0,0,Composed: Flip,22381.4027,NA,20.81110000000000,9.10330000000000,0.17370000000000,0.78770000000000,20.6048,22360.7559,20.8205,20.6468,0.1737,0.2912,21.1433,9.2427,11.9006,4.7623,22360.7559,NA
parkey.exe,41688,0x23B9193FB10,DXGI,1,0,0,Composed: Flip,22395.2293,NA,13.82660000000000,24.24520000000000,0.12490000000000,0.77700000000000,31.0234,22381.5764,13.7778,13.6529,0.1249,0.6140,13.8159,9.4997,4.3162,-3.4247,22381.5764,NA
parkey.exe,41688,0x23B9193FB10,DXGI,1,0,0,Composed: Flip,22416.2189,NA,20.98960000000000,16.69290000000000,0.16880000000000,0.39710000000000,26.7267,22395.3542,21.0335,20.8647,0.1688,0.6521,20.6097,8.9274,11.6823,-2.9151,22395.3542,NA
parkey.exe,41688,0x23B9193FB10,DXGI,1,0,0,Composed: Flip,22429.9958,NA,13.77690000000000,14.57070000000000,0.15890000000000,0.40910000000000,27.5205,22416.3877,13.7670,13.6081,0.1589,0.2868,13.7304,9.0823,4.6481,6.4628,22416.3877,NA
parkey.exe,41688,0x23B9193FB10,DXGI,1,0,0,Composed: Flip,22443.9350,NA,13.93920000000000,18.78690000000000,0.17570000000000,0.24860000000000,32.3682,22430.1547,13.9560,13.7803,0.1757,0.2871,13.7418,8.6086,5.1332,-5.0199,22430.1547,NA
parkey.exe,41688,0x23B9193FB10,DXGI,1,0,0,Composed: Flip,22464.8450,NA,20.91000000000000,9.07790000000000,0.15280000000000,0.78420000000000,20.5361,22444.1107,20.8871,20.7343,0.1528,0.1078,21.4107,9.1661,12.2446,4.8781,22444.1107,NA
parkey.exe,41688,0x23B9193FB10,DXGI,1,0,0,Composed: Flip,22478.5743,NA,13.72930000000000,24.27270000000000,0.12580000000000,0.77500000000000,31.0795,22464.9978,13.7023,13.5765,0.1258,0.6314,13.7201,9.3669,4.3532,-3.3856,22464.9978,NA
parkey.exe,41688,0x23B9193FB10,DXGI,1,0,0,Composed: Flip,22499.5289,NA,20.95460000000000,16.69890000000000,0.16900000000000,0.38860000000000,26.8238,22478.7001,20.9978,20.8288,0.1690,0.6492,20.5682,8.9667,11.6015,-2.9966,22478.7001,NA
parkey.exe,41688,0x23B9193FB10,DXGI,1,0,0,Composed: Flip,22513.3344,NA,13.80550000000000,14.50500000000000,0.18720000000000,0.39820000000000,27.5233,22499.6979,13.8237,13.6365,0.1872,0.2701,13.7646,9.1460,4.6186,6.4928,22499.6979,NA
parkey.exe,41688,0x23B9193FB10,DXGI,1,0,0,Composed: Flip,22527.2796,NA,13.94520000000000,18.85540000000000,0.13140000000000,0.42970000000000,32.4335,22513.5216,13.8894,13.7580,0.1314,0.2553,13.9324,8.7909,5.1415,-5.0317,22513.5216,NA
parkey.exe,41688,0x23B9193FB10,DXGI,1,0,0,Composed: Flip,22547.9754,NA,20.69580000000000,9.00220000000000,0.13130000000000,0.79030000000000,20.7399,22527.4110,20.6957,20.5644,0.1313,0.5198,20.8349,8.9811,11.8538,4.8872,22527.4110,NA
parkey.exe,41688,0x23B9193FB10,DXGI,1,0,0,Composed: Flip,22561.9166,NA,13.94120000000000,24.34970000000000,0.13130000000000,0.79530000000000,31.1484,22548.1067,13.9412,13.8099,0.1313,0.6590,13.9462,8.0259,5.9203,-3.6540,22548.1067,NA
parkey.exe,41688,0x23B9193FB10,DXGI,1,0,0,Composed: Flip,22582.7672,NA,20.85060000000000,16.68440000000000,0.17080000000000,0.42360000000000,26.9822,22562.0479,20.8901,20.7193,0.1708,0.6640,20.4789,8.9890,11.4899,-2.7432,22562.0479,NA
parkey.exe,41688,0x23B9193FB10,DXGI,1,0,0,Composed: Flip,22596.6410,NA,13.87380000000000,16.67850000000000,0.12590000000000,0.40780000000000,29.7869,22582.9380,13.8289,13.7030,0.1259,0.3049,13.8059,9.0683,4.7376,4.2116,22582.9380,NA
parkey.exe,41688,0x23B9193FB10,DXGI,1,0,0,Composed: Flip,22610.7006,NA,14.05960000000000,16.67350000000000,0.19520000000000,0.39910000000000,32.4008,22596.7669,14.1289,13.9337,0.1952,0.3138,14.0190,8.7544,5.2646,-2.8446,22596.7669,NA
parkey.exe,41688,0x23B9193FB10,DXGI,1,0,0,Composed: Flip,22631.4156,NA,20.71500000000000,16.67880000000000,0.14270000000000,0.38490000000000,28.3646,22610.8958,20.6625,20.5198,0.1427,0.2373,20.6674,9.1527,11.5147,-2.5499,22610.8958,NA
parkey.exe,41688,0x23B9193FB10,DXGI,1,0,0,Composed: Flip,22645.2858,NA,13.87020000000000,16.67870000000000,0.16670000000000,0.78690000000000,31.1731,22631.5583,13.8942,13.7275,0.1667,0.2988,14.2156,9.1734,5.0422,3.9838,22631.5583,NA
parkey.exe,41688,0x23B9193FB10,DXGI,1,0,0,Composed: Flip,22666.1847,NA,20.89890000000000,16.68490000000000,0.13870000000000,0.42140000000000,26.9591,22645.4525,20.8709,20.7322,0.1387,0.6202,20.5334,7.6075,12.9259,-2.7907,22645.4525,NA
parkey.exe,41688,0x23B9193FB10,DXGI,1,0,0,Composed: Flip,22680.0339,NA,13.84920000000000,7.53510000000000,0.12690000000000,0.75940000000000,20.6450,22666.3234,13.8374,13.7105,0.1269,0.6019,13.8680,8.7558,5.1122,13.3358,22666.3234,NA
parkey.exe,41688,0x23B9193FB10,DXGI,1,0,0,Composed: Flip,22693.8915,NA,13.85760000000000,25.82110000000000,0.14890000000000,0.76910000000000,32.6085,22680.1608,13.8796,13.7307,0.1489,0.6325,13.8673,9.2717,4.5956,-11.9837,22680.1608,NA
parkey.exe,41688,0x23B9193FB10,DXGI,1,0,0,Composed: Flip,22714.8045,NA,20.91300000000000,16.67910000000000,0.16170000000000,0.80290000000000,28.3746,22694.0404,20.9258,20.7641,0.1617,0.6202,20.9468,9.3755,11.5713,-2.7995,22694.0404,NA
parkey.exe,41688,0x23B9193FB10,DXGI,1,0,0,Composed: Flip,22728.6455,NA,13.84100000000000,16.68750000000000,0.12480000000000,0.84110000000000,31.2211,22714.9662,13.8041,13.6793,0.1248,0.6412,13.8792,9.2787,4.6005,4.2383,22714.9662,NA
parkey.exe,41688,0x23B9193FB10,DXGI,1,0,0,Composed: Flip,22749.4839,NA,20.83840000000000,16.69250000000000,0.12900000000000,0.78100000000000,27.0752,22728.7703,20.8426,20.7136,0.1290,0.7163,20.7783,9.4121,11.3662,-2.8884,22728.7703,NA
parkey.exe,41688,0x23B9193FB10,DXGI,1,0,0,Composed: Flip,22763.3258,NA,13.84190000000000,16.66030000000000,0.12360000000000,0.41720000000000,29.8936,22749.6129,13.8365,13.7129,0.1236,0.6520,13.4781,7.6372,5.8409,4.1823,22749.6129,NA
parkey.exe,41688,0x23B9193FB10,DXGI,1,0,0,Composed: Flip,22777.3277,NA,14.00190000000000,16.68130000000000,0.20660000000000,0.39260000000000,32.5730,22763.4494,14.0849,13.8783,0.2066,0.3179,13.9530,8.7270,5.2260,-2.8448,22763.4494,NA
parkey.exe,41688,0x23B9193FB10,DXGI,1,0,0,Composed: Flip,22798.0955,NA,20.76780000000000,16.68370000000000,0.11730000000000,0.80960000000000,28.4889,22777.5343,20.6785,20.5612,0.1173,0.2617,21.1091,9.1794,11.9297,-2.5988,22777.5343,NA
parkey.exe,41688,0x23B9193FB10,DXGI,1,0,0,Composed: Flip,22811.8818,NA,13.78630000000000,16.67290000000000,0.10730000000000,0.40540000000000,31.3755,22798.2128,13.7763,13.6690,0.1073,0.6923,13.3821,8.8520,4.5301,4.0056,22798.2128,NA
parkey.exe,41688,0x23B9193FB10,DXGI,1,0,0,Composed: Flip,22832.7903,NA,20.90850000000000,16.68760000000000,0.15920000000000,0.40730000000000,27.1546,22811.9891,20.9604,20.8012,0.1592,0.4180,20.7905,8.3319,12.4586,-2.9113,22811.9891,NA
parkey.exe,41688,0x23B9193FB10,DXGI,1,0,0,Composed: Flip,22846.6589,NA,13.86860000000000,16.67560000000000,0.10480000000000,0.77790000000000,29.9616,22832.9495,13.8142,13.7094,0.1048,0.2804,14.2069,9.1542,5.0527,4.2848,22832.9495,NA
parkey.exe,41688,0x23B9193FB10,DXGI,1,0,0,Composed: Flip,22860.5291,NA,13.87020000000000,16.68060000000000,0.14910000000000,0.76270000000000,32.7720,22846.7637,13.9145,13.7654,0.1491,0.6731,13.8550,9.3086,4.5464,-2.8664,22846.7637,NA
parkey.exe,41688,0x23B9193FB10,DXGI,1,0,0,Composed: Flip,22881.4968,NA,20.96770000000000,8.80160000000000,0.13690000000000,0.82630000000000,20.6059,22860.6782,20.9555,20.8186,0.1369,0.6136,21.0313,8.0269,13.0044,5.1129,22860.6782,NA
parkey.exe,41688,0x23B9193FB10,DXGI,1,0,0,Composed: Flip,22895.2812,NA,13.78440000000000,24.56420000000000,0.14250000000000,0.77720000000000,31.3857,22881.6337,13.7900,13.6475,0.1425,0.6894,13.7353,9.5320,4.2033,-3.6087,22881.6337,NA
parkey.exe,41688,0x23B9193FB10,DXGI,1,0,0,Composed: Flip,22916.2364,NA,20.95520000000000,16.67760000000000,0.14590000000000,0.80020000000000,27.1081,22895.4237,20.9586,20.8127,0.1459,0.6347,20.9782,9.3887,11.5895,-2.8876,22895.4237,NA
parkey.exe,41688,0x23B9193FB10,DXGI,1,0,0,Composed: Flip,22930.0202,NA,13.78380000000000,14.25490000000000,0.12040000000000,0.42320000000000,27.5792,22916.3823,13.7583,13.6379,0.1204,0.6543,13.4068,9.1951,4.2117,6.7037,22916.3823,NA
parkey.exe,41688,0x23B9193FB10,DXGI,1,0,0,Composed: Flip,22943.9754,NA,13.95520000000000,19.10480000000000,0.16630000000000,0.80170000000000,32.7288,22930.1406,14.0011,13.8348,0.1663,0.3485,14.2880,9.2865,5.0015,-5.3465,22930.1406,NA
parkey.exe,41688,0x23B9193FB10,DXGI,1,0,0,Composed: Flip,22964.8775,NA,20.90210000000000,8.75880000000000,0.17900000000000,0.78360000000000,20.5855,22944.1417,20.9148,20.7358,0.1790,0.6354,20.8840,9.3417,11.5423,5.2423,22944.1417,NA
parkey.exe,41688,0x23B9193FB10,DXGI,1,0,0,Composed: Flip,22978.6833,NA,13.80580000000000,24.60090000000000,0.15350000000000,0.30640000000000,31.3806,22965.0565,13.7803,13.6268,0.1535,0.6046,13.3286,9.0096,4.3190,-3.6861,22965.0565,NA
parkey.exe,41688,0x23B9193FB10,DXGI,1,0,0,Composed: Flip,22999.5784,NA,20.89510000000000,16.68040000000000,0.13990000000000,0.78320000000000,27.1659,22978.8368,20.8815,20.7416,0.1399,0.2058,21.3190,9.3879,11.9311,-2.9001,22978.8368,NA
parkey.exe,41688,0x23B9193FB10,DXGI,1,0,0,Composed: Flip,23013.3691,NA,13.79070000000000,14.20390000000000,0.13510000000000,0.40070000000000,27.5791,22999.7183,13.7859,13.6508,0.1351,0.6433,13.4082,9.2296,4.1786,6.6776,22999.7183,NA
parkey.exe,41688,0x23B9193FB10,DXGI,1,0,0,Composed: Flip,23027.3546,NA,13.98550000000000,19.15610000000000,0.22610000000000,0.42460000000000,32.7497,23013.5042,14.0765,13.8504,0.2261,0.2999,13.9751,8.8209,5.1542,-5.3702,23013.5042,NA
parkey.exe,41688,0x23B9193FB10,DXGI,1,0,0,Composed: Flip,23048.1360,NA,20.78140000000000,16.69220000000000,0.12100000000000,0.78140000000000,28.6605,23027.5807,20.6763,20.5553,0.1210,0.2387,21.0980,9.2391,11.8589,-2.6157,23027.5807,NA
parkey.exe,41688,0x23B9193FB10,DXGI,1,0,0,Composed: Flip,23062.0534,NA,13.91740000000000,16.66800000000000,0.12850000000000,0.80820000000000,31.4111,23048.2570,13.9249,13.7964,0.1285,0.6604,13.9442,8.0295,5.9147,4.0083,23048.2570,NA
parkey.exe,41688,0x23B9193FB10,DXGI,1,0,0,Composed: Flip,23082.9147,NA,20.86130000000000,16.68220000000000,0.16340000000000,0.43740000000000,27.2320,23062.1819,20.8962,20.7328,0.1634,0.6797,20.4905,9.1640,11.3265,-2.7573,23062.1819,NA
parkey.exe,41688,0x23B9193FB10,DXGI,1,0,0,Composed: Flip,23096.6933,NA,13.77860000000000,14.14560000000000,0.12100000000000,0.40240000000000,27.5990,23083.0781,13.7362,13.6152,0.1210,0.5687,13.4489,8.3296,5.1193,6.7506,23083.0781,NA
parkey.exe,41688,0x23B9193FB10,DXGI,1,0,0,Composed: Flip,23110.6325,NA,13.93920000000000,19.21620000000000,0.12150000000000,0.38920000000000,32.8760,23096.8143,13.9397,13.8182,0.1215,0.3022,13.9052,8.7293,5.1759,-5.4800,23096.8143,NA
parkey.exe,41688,0x23B9193FB10,DXGI,1,0,0,Composed: Flip,23131.4379,NA,20.80540000000000,16.68410000000000,0.13920000000000,0.41530000000000,28.7547,23110.7540,20.8231,20.6839,0.1392,0.3214,20.7778,8.7652,12.0126,-2.7444,23110.7540,NA
parkey.exe,41688,0x23B9193FB10,DXGI,1,0,0,Composed: Flip,23145.3627,NA,13.92480000000000,16.67300000000000,0.14330000000000,0.76450000000000,31.5029,23131.5771,13.9289,13.7856,0.1433,0.3214,14.2287,9.2419,4.9868,4.1501,23131.5771,NA
parkey.exe,41688,0x23B9193FB10,DXGI,1,0,0,Composed: Flip,23166.2011,NA,20.83840000000000,16.68940000000000,0.13600000000000,0.43280000000000,27.3539,23145.5060,20.8311,20.6951,0.1360,0.6212,20.5067,7.6424,12.8643,-2.7605,23145.5060,NA
parkey.exe,41688,0x23B9193FB10,DXGI,1,0,0,Composed: Flip,23180.0261,NA,13.82500000000000,16.66740000000000,0.11760000000000,0.39990000000000,30.1963,23166.3371,13.8066,13.6890,0.1176,0.3451,13.7438,9.2545,4.4893,4.1637,23166.3371,NA
parkey.exe,41688,0x23B9193FB10,DXGI,1,0,0,Composed: Flip,23194.0247,NA,13.99860000000000,16.68280000000000,0.15250000000000,0.66900000000000,32.8805,23180.1437,14.0335,13.8810,0.1525,0.3222,14.2278,8.9382,5.2896,-2.8762,23180.1437,NA
parkey.exe,41688,0x23B9193FB10,DXGI,1,0,0,Composed: Flip,23214.8702,NA,20.84550000000000,16.68820000000000,0.15870000000000,0.77570000000000,28.7232,23194.1772,20.8517,20.6930,0.1587,0.5165,20.9522,9.5182,11.4340,-2.6547,23194.1772,NA
parkey.exe,41688,0x23B9193FB10,DXGI,1,0,0,Composed: Flip,23228.6593,NA,13.78910000000000,16.67170000000000,0.12890000000000,0.79830000000000,31.6058,23215.0289,13.7593,13.6304,0.1289,0.6170,13.8117,8.0020,5.8097,4.1800,23215.0289,NA
parkey.exe,41688,0x23B9193FB10,DXGI,1,0,0,Composed: Flip,23249.6308,NA,20.97150000000000,16.68630000000000,0.13900000000000,0.78060000000000,27.3206,23228.7882,20.9816,20.8426,0.1390,0.6694,20.9538,9.4161,11.5377,-2.9270,23228.7882,NA
parkey.exe,41688,0x23B9193FB10,DXGI,1,0,0,Composed: Flip,23263.4032,NA,13.77240000000000,7.14840000000000,0.13490000000000,0.79600000000000,20.6966,23249.7698,13.7683,13.6334,0.1349,0.6416,13.7878,7.9797,5.8081,13.8332,23249.7698,NA
parkey.exe,41688,0x23B9193FB10,DXGI,1,0,0,Composed: Flip,23277.2628,NA,13.85960000000000,26.21690000000000,0.14320000000000,0.77020000000000,33.0539,23263.5381,13.8679,13.7247,0.1432,0.6611,13.8338,8.8875,4.9463,-12.4486,23263.5381,NA
parkey.exe,41688,0x23B9193FB10,DXGI,1,0,0,Composed: Flip,23298.1407,NA,20.87790000000000,8.45450000000000,0.14670000000000,0.78960000000000,20.6305,23277.4060,20.8814,20.7347,0.1467,0.6270,20.8973,9.3757,11.5216,5.4134,23277.4060,NA
parkey.exe,41688,0x23B9193FB10,DXGI,1,0,0,Composed: Flip,23312.0091,NA,13.86840000000000,24.89410000000000,0.13500000000000,0.74820000000000,31.6562,23298.2874,13.8567,13.7217,0.1350,0.6429,13.8270,9.4770,4.3500,-4.0127,23298.2874,NA
parkey.exe,41688,0x23B9193FB10,DXGI,1,0,0,Composed: Flip,23332.8687,NA,20.85960000000000,16.68350000000000,0.15640000000000,0.77500000000000,27.4801,23312.1441,20.8810,20.7246,0.1564,0.6132,20.8864,9.2442,11.6422,-2.8268,23312.1441,NA
parkey.exe,41688,0x23B9193FB10,DXGI,1,0,0,Composed: Flip,23346.7286,NA,13.85990000000000,16.68120000000000,0.13020000000000,0.59590000000000,30.3014,23333.0251,13.8337,13.7035,0.1302,0.6186,13.6808,9.2810,4.3998,4.1998,23333.0251,NA
parkey.exe,41688,0x23B9193FB10,DXGI,1,0,0,Composed: Flip,23360.7132,NA,13.98460000000000,16.69250000000000,0.13610000000000,0.77510000000000,33.0093,23346.8588,13.9905,13.8544,0.1361,0.5565,14.0730,9.0862,4.9868,-2.8588,23346.8588,NA
parkey.exe,41688,0x23B9193FB10,DXGI,1,0,0,Composed: Flip,23381.5714,NA,20.85820000000000,16.70690000000000,0.13780000000000,0.66650000000000,28.8580,23360.8493,20.8599,20.7221,0.1378,0.6390,20.7496,9.3955,11.3541,-2.7164,23360.8493,NA
parkey.exe,41688,0x23B9193FB10,DXGI,1,0,0,Composed: Flip,23395.3369,NA,13.76550000000000,16.63540000000000,0.15940000000000,0.39970000000000,31.7279,23381.7092,13.7871,13.6277,0.1594,0.5287,13.4987,8.0708,5.4279,4.2245,23381.7092,NA
parkey.exe,41688,0x23B9193FB10,DXGI,1,0,0,Composed: Flip,23416.3084,NA,20.97150000000000,16.68970000000000,0.14390000000000,0.37850000000000,27.4461,23395.4963,20.9560,20.8121,0.1439,0.5862,20.6044,8.3128,12.2916,-2.9026,23395.4963,NA
parkey.exe,41688,0x23B9193FB10,DXGI,1,0,0,Composed: Flip,23430.0880,NA,13.77960000000000,7.04290000000000,0.12580000000000,0.39430000000000,20.7094,23416.4523,13.7615,13.6357,0.1258,0.3999,13.6301,8.3156,5.3145,13.9131,23416.4523,NA
parkey.exe,41688,0x23B9193FB10,DXGI,1,0,0,Composed: Flip,23444.0087,NA,13.92070000000000,26.31650000000000,0.13630000000000,0.82390000000000,33.1052,23430.2138,13.9312,13.7949,0.1363,0.3167,14.3021,9.4081,4.8940,-12.5550,23430.2138,NA
parkey.exe,41688,0x23B9193FB10,DXGI,1,0,0,Composed: Flip,23464.8313,NA,20.82260000000000,8.35630000000000,0.15210000000000,0.40500000000000,20.6389,23444.1450,20.8384,20.6863,0.1521,0.6876,20.4037,8.8569,11.5468,5.5749,23444.1450,NA
parkey.exe,41688,0x23B9193FB10,DXGI,1,0,0,Composed: Flip,23478.7218,NA,13.89050000000000,25.00420000000000,0.12100000000000,0.81150000000000,31.7526,23464.9834,13.8594,13.7384,0.1210,0.4053,14.1446,9.2263,4.9183,-4.1658,23464.9834,NA
parkey.exe,41688,0x23B9193FB10,DXGI,1,0,0,Composed: Flip,23499.5781,NA,20.85630000000000,9.78070000000000,0.15310000000000,0.75480000000000,20.6770,23478.8428,20.8884,20.7353,0.1531,0.6905,20.7996,9.1850,11.6146,4.0787,23478.8428,NA
parkey.exe,41688,0x23B9193FB10,DXGI,1,0,0,Composed: Flip,23513.4306,NA,13.85250000000000,23.57740000000000,0.12800000000000,0.76630000000000,30.4019,23499.7312,13.8274,13.6994,0.1280,0.6017,13.8640,9.4628,4.4012,-2.6890,23499.7312,NA
parkey.exe,41688,0x23B9193FB10,DXGI,1,0,0,Composed: Flip,23527.3215,NA,13.89090000000000,16.67330000000000,0.14200000000000,0.83380000000000,33.1843,23513.5586,13.9049,13.7629,0.1420,0.6383,13.9584,9.3834,4.5750,-2.8459,23513.5586,NA
parkey.exe,41688,0x23B9193FB10,DXGI,1,0,0,Composed: Flip,23548.2367,NA,20.91520000000000,16.68910000000000,0.14010000000000,0.78290000000000,28.9582,23527.4635,20.9133,20.7732,0.1401,0.6918,20.8643,8.4028,12.4615,-2.7842,23527.4635,NA
parkey.exe,41688,0x23B9193FB10,DXGI,1,0,0,Composed: Flip,23562.0435,NA,13.80680000000000,16.67000000000000,0.13970000000000,0.89280000000000,31.8214,23548.3768,13.8064,13.6667,0.1397,0.6428,13.9167,8.1072,5.8095,4.2433,23548.3768,NA
parkey.exe,41688,0x23B9193FB10,DXGI,1,0,0,Composed: Flip,23582.9929,NA,20.94940000000000,16.72120000000000,0.15530000000000,0.77730000000000,27.5932,23562.1832,20.9650,20.8097,0.1553,0.7531,20.8339,9.4185,11.4154,-2.9148,23562.1832,NA
parkey.exe,41688,0x23B9193FB10,DXGI,1,0,0,Composed: Flip,23596.7678,NA,13.77490000000000,6.89780000000000,0.12040000000000,0.39810000000000,20.7161,23583.1482,13.7400,13.6196,0.1204,0.6220,13.3957,7.6065,5.7892,14.0672,23583.1482,NA
parkey.exe,41688,0x23B9193FB10,DXGI,1,0,0,Composed: Flip,23610.6856,NA,13.91780000000000,26.43770000000000,0.14620000000000,0.77870000000000,33.2360,23596.8882,13.9436,13.7974,0.1462,0.3109,14.2652,9.3525,4.9127,-12.6977,23596.8882,NA
parkey.exe,41688,0x23B9193FB10,DXGI,1,0,0,Composed: Flip,23631.5313,NA,20.84570000000000,8.29680000000000,0.13030000000000,0.39970000000000,20.6871,23610.8318,20.8298,20.6995,0.1303,0.6325,20.4667,8.9537,11.5130,5.6468,23610.8318,NA
parkey.exe,41688,0x23B9193FB10,DXGI,1,0,0,Composed: Flip,23645.4162,NA,13.88490000000000,25.05270000000000,0.13820000000000,0.67900000000000,31.8549,23631.6616,13.8928,13.7546,0.1382,0.3172,14.1164,9.2536,4.8628,-4.2229,23631.6616,NA
parkey.exe,41688,0x23B9193FB10,DXGI,1,0,0,Composed: Flip,23666.2685,NA,20.85230000000000,9.67130000000000,0.13570000000000,0.41010000000000,20.6739,23645.5544,20.8498,20.7141,0.1357,0.5408,20.5834,8.9862,11.5972,4.2215,23645.5544,NA
parkey.exe,41688,0x23B9193FB10,DXGI,1,0,0,Composed: Flip,23680.1186,NA,13.85010000000000,23.69250000000000,0.11800000000000,0.77990000000000,30.5163,23666.4042,13.8324,13.7144,0.1180,0.3358,14.1585,9.6749,4.4836,-2.8427,23666.4042,NA
parkey.exe,41688,0x23B9193FB10,DXGI,1,0,0,Composed: Flip,23694.0134,NA,13.89480000000000,16.68670000000000,0.13020000000000,0.39180000000000,33.3082,23680.2366,13.9070,13.7768,0.1302,0.6619,13.5067,8.9576,4.5491,-2.8543,23680.2366,NA
parkey.exe,41688,0x23B9193FB10,DXGI,1,0,0,Composed: Flip,23714.9563,NA,20.94290000000000,16.68240000000000,0.15900000000000,0.78100000000000,29.0477,23694.1436,20.9717,20.8127,0.1590,0.3175,21.2762,8.9752,12.3010,-2.7754,23694.1436,NA
parkey.exe,41688,0x23B9193FB10,DXGI,1,0,0,Composed: Flip,23728.8447,NA,13.88840000000000,16.69230000000000,0.13380000000000,0.79210000000000,31.8516,23715.1153,13.8632,13.7294,0.1338,0.6220,13.8995,8.4522,5.4473,4.2794,23715.1153,NA
parkey.exe,41688,0x23B9193FB10,DXGI,1,0,0,Composed: Flip,23749.6856,NA,20.84090000000000,16.66330000000000,0.14050000000000,0.78750000000000,27.6740,23728.9785,20.8476,20.7071,0.1405,0.6583,20.8363,9.4750,11.3613,-2.8001,23728.9785,NA
parkey.exe,41688,0x23B9193FB10,DXGI,1,0,0,Composed: Flip,23763.6254,NA,13.93980000000000,6.83830000000000,0.17980000000000,0.42880000000000,20.5725,23749.8261,13.9791,13.7993,0.1798,0.6470,13.5811,7.6320,5.9491,14.0093,23749.8261,NA
parkey.exe,41688,0x23B9193FB10,DXGI,1,0,0,Composed: Flip,23777.4429,NA,13.81750000000000,26.52310000000000,0.16360000000000,0.40920000000000,33.2781,23763.8052,13.8013,13.6377,0.1636,0.2848,13.7621,8.3931,5.3690,-12.5440,23763.8052,NA
parkey.exe,41688,0x23B9193FB10,DXGI,1,0,0,Composed: Flip,23798.2485,NA,20.80560000000000,8.20350000000000,0.16010000000000,0.79330000000000,20.6760,23777.6065,20.8021,20.6420,0.1601,0.2752,21.1601,9.3809,11.7792,5.5978,23777.6065,NA
parkey.exe,41688,0x23B9193FB10,DXGI,1,0,0,Composed: Flip,23812.1254,NA,13.87690000000000,25.15170000000000,0.12740000000000,0.77140000000000,31.9508,23798.4086,13.8442,13.7168,0.1274,0.6332,13.8550,9.4986,4.3564,-4.3496,23798.4086,NA
parkey.exe,41688,0x23B9193FB10,DXGI,1,0,0,Composed: Flip,23832.9781,NA,20.85270000000000,9.55510000000000,0.16180000000000,0.39750000000000,20.6532,23812.2528,20.8871,20.7253,0.1618,0.6440,20.4788,8.9652,11.5136,4.2891,23812.2528,NA
parkey.exe,41688,0x23B9193FB10,DXGI,1,0,0,Composed: Flip,23846.8209,NA,13.84280000000000,23.80560000000000,0.12030000000000,0.78400000000000,30.6160,23833.1399,13.8013,13.6810,0.1203,0.2874,14.1776,9.6300,4.5476,-2.9185,23833.1399,NA
parkey.exe,41688,0x23B9193FB10,DXGI,1,0,0,Composed: Flip,23860.7852,NA,13.96430000000000,16.68490000000000,0.17570000000000,0.80850000000000,33.3366,23846.9412,14.0197,13.8440,0.1757,0.6637,13.9888,9.3870,4.6018,-2.8836,23846.9412,NA
parkey.exe,41688,0x23B9193FB10,DXGI,1,0,0,Composed: Flip,23881.6557,NA,20.87050000000000,16.67370000000000,0.14140000000000,0.81020000000000,29.1398,23860.9609,20.8362,20.6948,0.1414,0.6328,20.8722,9.3828,11.4894,-2.6540,23860.9609,NA
parkey.exe,41688,0x23B9193FB10,DXGI,1,0,0,Composed: Flip,23895.4727,NA,13.81700000000000,16.67660000000000,0.14990000000000,0.92170000000000,31.9994,23881.7971,13.8255,13.6756,0.1499,0.6688,13.9285,8.1589,5.7696,4.1596,23881.7971,NA
parkey.exe,41688,0x23B9193FB10,DXGI,1,0,0,Composed: Flip,23916.3674,NA,20.89470000000000,16.68690000000000,0.13890000000000,0.77010000000000,27.7916,23895.6226,20.8837,20.7448,0.1389,0.7718,20.7431,9.3767,11.3664,-2.8614,23895.6226,NA
parkey.exe,41688,0x23B9193FB10,DXGI,1,0,0,Composed: Flip,23930.1703,NA,13.80290000000000,6.72610000000000,0.11520000000000,0.39850000000000,20.7148,23916.5063,13.7792,13.6640,0.1152,0.6312,13.4313,7.5919,5.8394,14.1576,23916.5063,NA
parkey.exe,41688,0x23B9193FB10,DXGI,1,0,0,Composed: Flip,23944.0625,NA,13.89220000000000,26.63150000000000,0.14720000000000,0.80380000000000,33.4541,23930.2855,13.9242,13.7770,0.1472,0.3291,14.2517,9.4062,4.8455,-12.8523,23930.2855,NA
parkey.exe,41688,0x23B9193FB10,DXGI,1,0,0,Composed: Flip,23964.9129,NA,20.85040000000000,16.68240000000000,0.14950000000000,0.80310000000000,29.2861,23944.2097,20.8527,20.7032,0.1495,0.6566,20.8497,9.3235,11.5262,-2.7582,23944.2097,NA
parkey.exe,41688,0x23B9193FB10,DXGI,1,0,0,Composed: Flip,23978.8449,NA,13.93200000000000,16.67750000000000,0.13130000000000,0.77580000000000,32.0316,23965.0624,13.9138,13.7825,0.1313,0.6536,13.9047,9.3013,4.6034,4.1752,23965.0624,NA
parkey.exe,41688,0x23B9193FB10,DXGI,1,0,0,Composed: Flip,23999.7525,NA,20.90760000000000,16.68460000000000,0.17580000000000,0.39640000000000,27.8086,23978.9762,20.9521,20.7763,0.1758,0.6445,20.5282,8.9685,11.5597,-2.7708,23978.9762,NA
parkey.exe,41688,0x23B9193FB10,DXGI,1,0,0,Composed: Flip,24013.5400,NA,13.78750000000000,16.67600000000000,0.12100000000000,0.76920000000000,30.6971,23999.9283,13.7327,13.6117,0.1210,0.2481,14.1328,9.1073,5.0255,4.2761,23999.9283,NA
parkey.exe,41688,0x23B9193FB10,DXGI,1,0,0,Composed: Flip,24027.4555,NA,13.91550000000000,16.67790000000000,0.18040000000000,0.81860000000000,33.4595,24013.6610,13.9749,13.7945,0.1804,0.6482,13.9649,8.0413,5.9236,-2.9452,24013.6610,NA
parkey.exe,41688,0x23B9193FB10,DXGI,1,0,0,Composed: Flip,24048.3114,NA,20.85590000000000,16.68180000000000,0.14100000000000,0.80230000000000,29.2854,24027.6359,20.8165,20.6755,0.1410,0.6382,20.8396,9.5098,11.3298,-2.7069,24027.6359,NA
parkey.exe,41688,0x23B9193FB10,DXGI,1,0,0,Composed: Flip,24062.1664,NA,13.85500000000000,16.68650000000000,0.17810000000000,0.81220000000000,32.1169,24048.4524,13.8921,13.7140,0.1781,0.6613,13.8649,7.9603,5.9046,4.1300,24048.4524,NA
parkey.exe,41688,0x23B9193FB10,DXGI,1,0,0,Composed: Flip,24083.0501,NA,20.88370000000000,9.35430000000000,0.15290000000000,0.42030000000000,20.5875,24062.3445,20.8585,20.7056,0.1529,0.6341,20.4918,8.9327,11.5591,4.5378,24062.3445,NA
parkey.exe,41688,0x23B9193FB10,DXGI,1,0,0,Composed: Flip,24096.8604,NA,13.81030000000000,13.93750000000000,0.11650000000000,0.39990000000000,20.7147,24083.2030,13.7739,13.6574,0.1165,0.2965,13.7608,8.4386,5.3222,6.9210,24083.2030,NA
parkey.exe,41688,0x23B9193FB10,DXGI,1,0,0,Composed: Flip,24110.7633,NA,13.90290000000000,26.74570000000000,0.11970000000000,0.77630000000000,33.5575,24096.9769,13.9061,13.7864,0.1197,0.3102,14.2525,9.0593,5.1932,-12.9718,24096.9769,NA
parkey.exe,41688,0x23B9193FB10,DXGI,1,0,0,Composed: Flip,24131.6302,NA,20.86690000000000,7.93140000000000,0.13280000000000,0.39910000000000,20.6220,24110.8830,20.8800,20.7472,0.1328,0.6566,20.4897,8.9725,11.5172,5.9747,24110.8830,NA
parkey.exe,41688,0x23B9193FB10,DXGI,1,0,0,Composed: Flip,24145.4950,NA,13.86480000000000,25.44250000000000,0.14670000000000,0.80990000000000,32.1997,24131.7630,13.8787,13.7320,0.1467,0.5891,13.9528,9.1616,4.7912,-4.5625,24131.7630,NA
parkey.exe,41688,0x23B9193FB10,DXGI,1,0,0,Composed: Flip,24166.3617,NA,20.86670000000000,9.32220000000000,0.15500000000000,0.80210000000000,20.6552,24145.6417,20.8750,20.7200,0.1550,0.6632,20.8589,9.2204,11.6385,4.5565,24145.6417,NA
parkey.exe,41688,0x23B9193FB10,DXGI,1,0,0,Composed: Flip,24180.2051,NA,13.84340000000000,24.02460000000000,0.11960000000000,0.78230000000000,30.8364,24166.5167,13.8080,13.6884,0.1196,0.6471,13.8236,9.6047,4.2189,-3.1496,24166.5167,NA
parkey.exe,41688,0x23B9193FB10,DXGI,1,0,0,Composed: Flip,24194.0879,NA,13.88280000000000,16.68120000000000,0.12480000000000,0.78680000000000,33.6348,24180.3247,13.8880,13.7632,0.1248,0.6627,13.8873,9.3557,4.5316,-2.8732,24180.3247,NA
parkey.exe,41688,0x23B9193FB10,DXGI,1,0,0,Composed: Flip,24215.0378,NA,20.94990000000000,16.67690000000000,0.15710000000000,0.76350000000000,29.3618,24194.2127,20.9822,20.8251,0.1571,0.6620,20.9266,8.4399,12.4867,-2.7889,24194.2127,NA
parkey.exe,41688,0x23B9193FB10,DXGI,1,0,0,Composed: Flip,24228.8951,NA,13.85730000000000,16.68280000000000,0.13800000000000,0.79540000000000,32.1873,24215.1949,13.8382,13.7002,0.1380,0.6064,13.8892,8.3918,5.4974,4.2994,24215.1949,NA
parkey.exe,41688,0x23B9193FB10,DXGI,1,0,0,Composed: Flip,24249.8682,NA,20.97310000000000,16.68160000000000,0.22290000000000,0.79300000000000,27.8958,24229.0331,21.0580,20.8351,0.2229,0.6574,20.9707,9.3607,11.6100,-2.8434,24229.0331,NA
parkey.exe,41688,0x23B9193FB10,DXGI,1,0,0,Composed: Flip,24263.5689,NA,13.70070000000000,6.51680000000000,0.20770000000000,0.41010000000000,20.7119,24250.0911,13.6855,13.4778,0.2077,0.5701,13.3178,7.5898,5.7280,14.5412,24250.0911,NA
parkey.exe,41688,0x23B9193FB10,DXGI,1,0,0,Composed: Flip,24277.4589,NA,13.89000000000000,26.84560000000000,0.15590000000000,0.78010000000000,33.6675,24263.7766,13.8382,13.6823,0.1559,0.2760,14.1864,9.4231,4.7633,-13.1601,24263.7766,NA
parkey.exe,41688,0x23B9193FB10,DXGI,1,0,0,Composed: Flip,24298.3112,NA,20.85230000000000,7.88430000000000,0.14860000000000,0.77400000000000,20.6995,24277.6148,20.8450,20.6964,0.1486,0.6242,20.8462,9.3772,11.4690,5.9539,24277.6148,NA
parkey.exe,41688,0x23B9193FB10,DXGI,1,0,0,Composed: Flip,24312.1786,NA,13.86740000000000,25.48000000000000,0.12930000000000,0.79400000000000,32.3121,24298.4598,13.8481,13.7188,0.1293,0.6254,13.8874,8.4700,5.4174,-4.6350,24298.4598,NA
parkey.exe,41688,0x23B9193FB10,DXGI,1,0,0,Composed: Flip,24333.0604,NA,20.88180000000000,9.25090000000000,0.15780000000000,0.39670000000000,20.6812,24312.3079,20.9103,20.7525,0.1578,0.6647,20.4845,8.8917,11.5928,4.5972,24312.3079,NA
parkey.exe,41688,0x23B9193FB10,DXGI,1,0,0,Composed: Flip,24346.8973,NA,13.83690000000000,24.10320000000000,0.11610000000000,0.77860000000000,30.9475,24333.2182,13.7952,13.6791,0.1161,0.2895,14.1682,9.5416,4.6266,-3.1929,24333.2182,NA
parkey.exe,41688,0x23B9193FB10,DXGI,1,0,0,Composed: Flip,24360.7769,NA,13.87960000000000,16.68950000000000,0.11480000000000,0.79870000000000,33.7574,24347.0134,13.8783,13.7635,0.1148,0.6625,13.8997,9.4209,4.4788,-2.8943,24347.0134,NA
parkey.exe,41688,0x23B9193FB10,DXGI,1,0,0,Composed: Flip,24381.7658,NA,20.98890000000000,16.66460000000000,0.15130000000000,0.80480000000000,29.4331,24360.8917,21.0254,20.8741,0.1513,0.6839,20.9950,9.3518,11.6432,-2.7863,24360.8917,NA
parkey.exe,41688,0x23B9193FB10,DXGI,1,0,0,Composed: Flip,24395.6178,NA,13.85200000000000,16.69090000000000,0.21680000000000,0.39390000000000,32.2720,24381.9171,13.9175,13.7007,0.2168,0.6535,13.4411,7.6115,5.8296,4.3345,24381.9171,NA
parkey.exe,41688,0x23B9193FB10,DXGI,1,0,0,Composed: Flip,24416.5201,NA,20.90230000000000,16.69120000000000,0.16030000000000,0.77560000000000,28.0609,24395.8346,20.8458,20.6855,0.1603,0.2569,21.2042,9.4747,11.7295,-2.7737,24395.8346,NA
parkey.exe,41688,0x23B9193FB10,DXGI,1,0,0,Composed: Flip,24430.3121,NA,13.79200000000000,6.38790000000000,0.12650000000000,0.31720000000000,20.6568,24416.6804,13.7582,13.6317,0.1265,0.6153,13.3336,7.5036,5.8300,14.4579,24416.6804,NA
parkey.exe,41688,0x23B9193FB10,DXGI,1,0,0,Composed: Flip,24444.1472,NA,13.83510000000000,26.95540000000000,0.13280000000000,0.80130000000000,33.7771,24430.4386,13.8414,13.7086,0.1328,0.2217,14.2882,9.2390,5.0492,-13.1972,24430.4386,NA
parkey.exe,41688,0x23B9193FB10,DXGI,1,0,0,Composed: Flip,24465.0007,NA,20.85350000000000,7.78210000000000,0.17040000000000,0.41050000000000,20.7057,24444.2800,20.8911,20.7207,0.1704,0.6685,20.4627,8.9474,11.5153,6.0593,24444.2800,NA
parkey.exe,41688,0x23B9193FB10,DXGI,1,0,0,Composed: Flip,24478.8956,NA,13.89490000000000,25.58200000000000,0.14230000000000,0.77600000000000,32.3928,24465.1711,13.8668,13.7245,0.1423,0.4238,14.0767,9.2460,4.8307,-4.6909,24465.1711,NA
parkey.exe,41688,0x23B9193FB10,DXGI,1,0,0,Composed: Flip,24499.7273,NA,20.83170000000000,9.15050000000000,0.12770000000000,0.76320000000000,20.7116,24479.0379,20.8171,20.6894,0.1277,0.6337,20.8189,9.2774,11.5415,4.7163,24479.0379,NA
parkey.exe,41688,0x23B9193FB10,DXGI,1,0,0,Composed: Flip,24513.5886,NA,13.86130000000000,24.20670000000000,0.12960000000000,0.78020000000000,31.0570,24499.8550,13.8632,13.7336,0.1296,0.6355,13.8783,9.4703,4.4080,-3.3896,24499.8550,NA
parkey.exe,41688,0x23B9193FB10,DXGI,1,0,0,Composed: Flip,24527.4508,NA,13.86220000000000,16.67570000000000,0.12110000000000,0.79260000000000,33.8705,24513.7182,13.8537,13.7326,0.1211,0.6506,13.8746,9.2678,4.6068,-2.8125,24513.7182,NA
parkey.exe,41688,0x23B9193FB10,DXGI,1,0,0,Composed: Flip,24548.4169,NA,20.96610000000000,16.67890000000000,0.12910000000000,0.76300000000000,29.5833,24527.5719,20.9741,20.8450,0.1291,0.6715,20.9365,7.9669,12.9696,-2.8252,24527.5719,NA
parkey.exe,41688,0x23B9193FB10,DXGI,1,0,0,Composed: Flip,24562.2037,NA,13.78680000000000,16.68200000000000,0.11980000000000,0.79200000000000,32.4785,24548.5460,13.7775,13.6577,0.1198,0.6339,13.8158,7.9812,5.8346,4.2921,24548.5460,NA
parkey.exe,41688,0x23B9193FB10,DXGI,1,0,0,Composed: Flip,24583.1770,NA,20.97330000000000,16.69870000000000,0.16420000000000,0.82750000000000,28.2039,24562.3235,21.0177,20.8535,0.1642,0.6722,21.0088,8.0067,13.0021,-2.9212,24562.3235,NA
parkey.exe,41688,0x23B9193FB10,DXGI,1,0,0,Composed: Flip,24596.9658,NA,13.78880000000000,16.66070000000000,0.12360000000000,0.40050000000000,31.0758,24583.3412,13.7482,13.6246,0.1236,0.6633,13.3618,7.9921,5.3697,4.3570,24583.3412,NA
parkey.exe,41688,0x23B9193FB10,DXGI,1,0,0,Composed: Flip,24617.8797,NA,20.91390000000000,16.68460000000000,0.13530000000000,0.38650000000000,26.8465,24597.0894,20.9256,20.7903,0.1353,0.3059,20.8709,8.9725,11.8984,-2.9364,24597.0894,NA
parkey.exe,41688,0x23B9193FB10,DXGI,1,0,0,Composed: Flip,24631.7018,NA,13.82210000000000,7.66690000000000,0.14610000000000,0.38200000000000,20.6913,24618.0150,13.8329,13.6868,0.1461,0.4176,13.6512,8.3001,5.3511,13.2587,24618.0150,NA
parkey.exe,41688,0x23B9193FB10,DXGI,1,0,0,Composed: Flip,24645.5751,NA,13.87330000000000,25.69170000000000,0.14970000000000,0.80690000000000,32.5097,24631.8479,13.8769,13.7272,0.1497,0.5543,13.9798,9.0793,4.9005,-11.8588,24631.8479,NA
parkey.exe,41688,0x23B9193FB10,DXGI,1,0,0,Composed: Flip,24666.4459,NA,20.87080000000000,9.03450000000000,0.13110000000000,0.40810000000000,20.6734,24645.7248,20.8522,20.7211,0.1311,0.6572,20.4720,8.9628,11.5092,4.8424,24645.7248,NA
parkey.exe,41688,0x23B9193FB10,DXGI,1,0,0,Composed: Flip,24680.2821,NA,13.83620000000000,24.32480000000000,0.11610000000000,0.78380000000000,31.1620,24666.5770,13.8212,13.7051,0.1161,0.3325,14.1564,9.6421,4.5143,-3.4726,24666.5770,NA
parkey.exe,41688,0x23B9193FB10,DXGI,1,0,0,Composed: Flip,24701.1526,NA,20.87050000000000,16.68030000000000,0.14290000000000,0.79880000000000,26.9718,24680.3982,20.8973,20.7544,0.1429,0.6677,20.8855,9.3247,11.5608,-2.8591,24680.3982,NA
parkey.exe,41688,0x23B9193FB10,DXGI,1,0,0,Composed: Flip,24715.0257,NA,13.87310000000000,16.67690000000000,0.17750000000000,0.38610000000000,29.7756,24701.2955,13.9077,13.7302,0.1775,0.6559,13.4604,9.2041,4.2563,4.2204,24701.2955,NA
parkey.exe,41688,0x23B9193FB10,DXGI,1,0,0,Composed: Flip,24729.0559,NA,14.03020000000000,16.68140000000000,0.15870000000000,0.78200000000000,32.4268,24715.2032,14.0114,13.8527,0.1587,0.3750,14.2597,9.0037,5.2560,-2.7737,24715.2032,NA
parkey.exe,41688,0x23B9193FB10,DXGI,1,0,0,Composed: Flip,24749.8250,NA,20.76910000000000,16.75910000000000,0.12050000000000,0.76430000000000,28.4168,24729.2146,20.7309,20.6104,0.1205,0.6233,20.7514,9.5506,11.2008,-2.7477,24729.2146,NA
parkey.exe,41688,0x23B9193FB10,DXGI,1,0,0,Composed: Flip,24763.6575,NA,13.83250000000000,16.61550000000000,0.11400000000000,0.39260000000000,31.1998,24749.9455,13.8260,13.7120,0.1140,0.6438,13.4608,7.5912,5.8696,4.1154,24749.9455,NA
parkey.exe,41688,0x23B9193FB10,DXGI,1,0,0,Composed: Flip,24784.5979,NA,20.94040000000000,16.68670000000000,0.16320000000000,0.40590000000000,26.9461,24763.7715,20.9896,20.8264,0.1632,0.3044,20.9279,8.5596,12.3683,-2.8607,24763.7715,NA
parkey.exe,41688,0x23B9193FB10,DXGI,1,0,0,Composed: Flip,24798.4065,NA,13.80860000000000,7.54640000000000,0.13840000000000,0.39300000000000,20.6839,24784.7611,13.7838,13.6454,0.1384,0.4086,13.6298,8.3480,5.2818,13.4432,24784.7611,NA
parkey.exe,41688,0x23B9193FB10,DXGI,1,0,0,Composed: Flip,24812.2787,NA,13.87220000000000,25.79700000000000,0.12800000000000,0.77960000000000,32.6087,24798.5449,13.8618,13.7338,0.1280,0.6045,13.9089,9.4506,4.4583,-12.0132,24798.5449,NA
parkey.exe,41688,0x23B9193FB10,DXGI,1,0,0,Composed: Flip,24833.1424,NA,20.86370000000000,8.92930000000000,0.13320000000000,0.40410000000000,20.6743,24812.4067,20.8689,20.7357,0.1332,0.6516,20.4882,8.9604,11.5278,4.9325,24812.4067,NA
parkey.exe,41688,0x23B9193FB10,DXGI,1,0,0,Composed: Flip,24846.9784,NA,13.83600000000000,24.42560000000000,0.11580000000000,0.77860000000000,31.2639,24833.2756,13.8186,13.7028,0.1158,0.3054,14.1760,9.4608,4.7152,-3.5567,24833.2756,NA
parkey.exe,41688,0x23B9193FB10,DXGI,1,0,0,Composed: Flip,24867.8350,NA,20.85660000000000,16.68460000000000,0.16180000000000,0.81190000000000,27.0919,24847.0942,20.9026,20.7408,0.1618,0.6628,20.8899,9.3450,11.5449,-2.8660,24847.0942,NA
parkey.exe,41688,0x23B9193FB10,DXGI,1,0,0,Composed: Flip,24881.7451,NA,13.91010000000000,16.67750000000000,0.13660000000000,0.42250000000000,29.8593,24867.9968,13.8849,13.7483,0.1366,0.6501,13.5207,9.0596,4.4611,4.2251,24867.9968,NA
parkey.exe,41688,0x23B9193FB10,DXGI,1,0,0,Composed: Flip,24895.6993,NA,13.95420000000000,16.70370000000000,0.18080000000000,0.38830000000000,32.6088,24881.8817,13.9984,13.8176,0.1808,0.3173,13.8886,8.7535,5.1351,-2.8188,24881.8817,NA
parkey.exe,41688,0x23B9193FB10,DXGI,1,0,0,Composed: Flip,24916.5635,NA,20.86420000000000,8.87310000000000,0.12410000000000,0.76710000000000,20.6177,24895.8801,20.8075,20.6834,0.1241,0.5525,20.8980,8.6433,12.2547,5.1253,24895.8801,NA
parkey.exe,41688,0x23B9193FB10,DXGI,1,0,0,Composed: Flip,24930.4212,NA,13.85770000000000,24.46180000000000,0.17410000000000,0.70670000000000,31.2218,24916.6876,13.9077,13.7336,0.1741,0.6430,13.7973,9.2478,4.5495,-3.6543,24916.6876,NA
parkey.exe,41688,0x23B9193FB10,DXGI,1,0,0,Composed: Flip,24951.3091,NA,20.88790000000000,16.70110000000000,0.16510000000000,0.77330000000000,27.0350,24930.5953,20.8789,20.7138,0.1651,0.5326,20.9545,9.5270,11.4275,-2.7934,24930.5953,NA
parkey.exe,41688,0x23B9193FB10,DXGI,1,0,0,Composed: Flip,24965.1153,NA,13.80620000000000,14.33690000000000,0.11880000000000,0.41650000000000,27.5657,24951.4742,13.7599,13.6411,0.1188,0.6082,13.4494,9.1438,4.3056,6.5420,24951.4742,NA
parkey.exe,41688,0x23B9193FB10,DXGI,1,0,0,Composed: Flip,24979.0896,NA,13.97430000000000,19.01280000000000,0.13310000000000,0.82210000000000,32.6042,24965.2341,13.9886,13.8555,0.1331,0.3417,14.3359,9.2879,5.0480,-5.2529,24965.2341,NA
parkey.exe,41688,0x23B9193FB10,DXGI,1,0,0,Composed: Flip,24999.9062,NA,20.81660000000000,8.84640000000000,0.17850000000000,0.64610000000000,20.6340,24979.2227,20.8620,20.6835,0.1785,0.6890,20.6406,9.0129,11.6277,5.1422,24979.2227,NA
parkey.exe,41688,0x23B9193FB10,DXGI,1,0,0,Composed: Flip,25013.7221,NA,13.81590000000000,24.50930000000000,0.14040000000000,0.81170000000000,31.3274,25000.0847,13.7778,13.6374,0.1404,0.4676,13.9815,9.5777,4.4038,-3.6473,25000.0847,NA
parkey.exe,41688,0x23B9193FB10,DXGI,1,0,0,Composed: Flip,25034.7082,NA,20.98610000000000,16.69250000000000,0.14690000000000,0.40100000000000,27.0338,25013.8625,20.9926,20.8457,0.1469,0.6713,20.5754,8.9332,11.6422,-2.9147,25013.8625,NA
parkey.exe,41688,0x23B9193FB10,DXGI,1,0,0,Composed: Flip,25048.5242,NA,13.81600000000000,14.28530000000000,0.16760000000000,0.40500000000000,27.5031,25034.8551,13.8367,13.6691,0.1676,0.2932,13.7809,8.8304,4.9505,6.7073,25034.8551,NA
parkey.exe,41688,0x23B9193FB10,DXGI,1,0,0,Composed: Flip,25062.4692,NA,13.94500000000000,19.07810000000000,0.18840000000000,0.43350000000000,32.6362,25048.6918,13.9658,13.7774,0.1884,0.2697,13.9412,8.7580,5.1832,-5.2414,25048.6918,NA
parkey.exe,41688,0x23B9193FB10,DXGI,1,0,0,Composed: Flip,25083.3033,NA,20.83410000000000,8.70810000000000,0.14020000000000,0.42510000000000,20.5102,25062.6576,20.7859,20.6457,0.1402,0.2813,20.7895,8.8672,11.9223,5.2577,25062.6576,NA
parkey.exe,41688,0x23B9193FB10,DXGI,1,0,0,Composed: Flip,25097.1040,NA,13.80070000000000,24.63730000000000,0.12810000000000,0.68840000000000,31.3468,25083.4435,13.7886,13.6605,0.1281,0.3180,14.0309,9.1165,4.9144,-3.8514,25083.4435,NA
parkey.exe,41688,0x23B9193FB10,DXGI,1,0,0,Composed: Flip,25118.0536,NA,20.94960000000000,16.67960000000000,0.16290000000000,0.40430000000000,27.0768,25097.2321,20.9844,20.8215,0.1629,0.5603,20.6655,8.6312,12.0343,-2.8910,25097.2321,NA
parkey.exe,41688,0x23B9193FB10,DXGI,1,0,0,Composed: Flip,25131.8217,NA,13.76810000000000,14.25350000000000,0.14540000000000,0.39450000000000,27.5622,25118.2165,13.7506,13.6052,0.1454,0.2842,13.7155,8.5278,5.1877,6.7309,25118.2165,NA
parkey.exe,41688,0x23B9193FB10,DXGI,1,0,0,Composed: Flip,25145.9071,NA,14.08540000000000,19.11260000000000,0.23090000000000,0.42440000000000,32.5894,25131.9671,14.1709,13.9400,0.2309,0.2957,14.0687,8.9527,5.1160,-5.3620,25131.9671,NA
parkey.exe,41688,0x23B9193FB10,DXGI,1,0,0,Composed: Flip,25166.6743,NA,20.76720000000000,8.72590000000000,0.15670000000000,0.42480000000000,20.5481,25146.1380,20.6930,20.5363,0.1567,0.2418,20.7193,8.8205,11.8988,5.4450,25146.1380,NA
parkey.exe,41688,0x23B9193FB10,DXGI,1,0,0,Composed: Flip,25180.4258,NA,13.75150000000000,24.62410000000000,0.14520000000000,0.78310000000000,31.4207,25166.8310,13.7400,13.5948,0.1452,0.3056,14.0723,9.1839,4.8884,-3.9311,25166.8310,NA
parkey.exe,41688,0x23B9193FB10,DXGI,1,0,0,Composed: Flip,25201.5006,NA,21.07480000000000,16.69700000000000,0.19510000000000,0.41370000000000,27.0429,25180.5710,21.1247,20.9296,0.1951,0.6379,20.7054,8.9661,11.7393,-2.9570,25180.5710,NA
parkey.exe,41688,0x23B9193FB10,DXGI,1,0,0,Composed: Flip,25215.1515,NA,13.65090000000000,14.18180000000000,0.14520000000000,0.39910000000000,27.5738,25201.6957,13.6010,13.4558,0.1452,0.2694,13.5855,9.1660,4.4195,6.9429,25201.6957,NA
parkey.exe,41688,0x23B9193FB10,DXGI,1,0,0,Composed: Flip,25229.1570,NA,14.00550000000000,19.16400000000000,0.17500000000000,0.78710000000000,32.7323,25215.2967,14.0353,13.8603,0.1750,0.3056,14.3418,9.2455,5.0963,-5.5630,25215.2967,NA
parkey.exe,41688,0x23B9193FB10,DXGI,1,0,0,Composed: Flip,25249.9520,NA,20.79500000000000,8.66870000000000,0.14640000000000,0.77730000000000,20.6060,25229.3320,20.7664,20.6200,0.1464,0.6121,20.7852,9.1537,11.6315,5.3666,25229.3320,NA
parkey.exe,41688,0x23B9193FB10,DXGI,1,0,0,Composed: Flip,25263.7490,NA,13.79700000000000,24.69530000000000,0.11930000000000,0.67660000000000,31.5043,25250.0984,13.7699,13.6506,0.1193,0.6309,13.6963,9.3370,4.3593,-3.9289,25250.0984,NA
parkey.exe,41688,0x23B9193FB10,DXGI,1,0,0,Composed: Flip,25284.6901,NA,20.94110000000000,16.68750000000000,0.13920000000000,0.79850000000000,27.2507,25263.8683,20.9610,20.8218,0.1392,0.5573,21.0630,9.2927,11.7703,-2.9176,25263.8683,NA
parkey.exe,41688,0x23B9193FB10,DXGI,1,0,0,Composed: Flip,25298.5247,NA,13.83460000000000,14.13330000000000,0.14420000000000,0.38880000000000,27.5494,25284.8293,13.8396,13.6954,0.1442,0.6593,13.4249,9.0066,4.4183,6.8277,25284.8293,NA
parkey.exe,41688,0x23B9193FB10,DXGI,1,0,0,Composed: Flip,25312.5339,NA,14.00920000000000,19.22380000000000,0.19740000000000,0.38830000000000,32.7640,25298.6689,14.0624,13.8650,0.1974,0.2964,13.9569,8.6792,5.2777,-5.3842,25298.6689,NA
parkey.exe,41688,0x23B9193FB10,DXGI,1,0,0,Composed: Flip,25333.2983,NA,20.76440000000000,8.60590000000000,0.13960000000000,0.75890000000000,20.6055,25312.7313,20.7066,20.5670,0.1396,0.2613,21.0646,9.2410,11.8236,5.4565,25312.7313,NA
parkey.exe,41688,0x23B9193FB10,DXGI,1,0,0,Composed: Flip,25347.1202,NA,13.82190000000000,24.74800000000000,0.18280000000000,0.79600000000000,31.5316,25333.4379,13.8651,13.6823,0.1828,0.6193,13.8590,9.7137,4.1453,-4.0414,25333.4379,NA
parkey.exe,41688,0x23B9193FB10,DXGI,1,0,0,Composed: Flip,25368.0194,NA,20.89920000000000,16.69440000000000,0.14320000000000,0.77990000000000,27.3268,25347.3030,20.8596,20.7164,0.1432,0.6132,20.8831,9.3159,11.5672,-2.8293,25347.3030,NA
parkey.exe,41688,0x23B9193FB10,DXGI,1,0,0,Composed: Flip,25381.7892,NA,13.76980000000000,7.19820000000000,0.12860000000000,0.82540000000000,20.7552,25368.1626,13.7552,13.6266,0.1286,0.6367,13.8153,8.0094,5.8059,13.6614,25368.1626,NA
parkey.exe,41688,0x23B9193FB10,DXGI,1,0,0,Composed: Flip,25395.7345,NA,13.94530000000000,26.15990000000000,0.14240000000000,0.77770000000000,32.9698,25381.9178,13.9591,13.8167,0.1424,0.6968,13.8976,8.4450,5.4526,-12.4047,25381.9178,NA
parkey.exe,41688,0x23B9193FB10,DXGI,1,0,0,Composed: Flip,25416.5541,NA,20.81960000000000,8.54180000000000,0.13760000000000,0.79920000000000,20.6920,25395.8769,20.8148,20.6772,0.1376,0.6353,20.8411,9.3761,11.4650,5.4173,25395.8769,NA
parkey.exe,41688,0x23B9193FB10,DXGI,1,0,0,Composed: Flip,25430.4563,NA,13.90220000000000,24.81440000000000,0.13380000000000,0.56780000000000,31.6042,25416.6917,13.8984,13.7646,0.1338,0.6616,13.6708,8.2053,5.4655,-3.9996,25416.6917,NA
parkey.exe,41688,0x23B9193FB10,DXGI,1,0,0,Composed: Flip,25451.2721,NA,20.81580000000000,16.69190000000000,0.14140000000000,0.62660000000000,27.4803,25430.5901,20.8234,20.6820,0.1414,0.4340,20.8746,9.4303,11.4443,-2.7935,25430.5901,NA
parkey.exe,41688,0x23B9193FB10,DXGI,1,0,0,Composed: Flip,25465.1777,NA,13.90560000000000,16.67370000000000,0.13400000000000,0.42430000000000,30.2484,25451.4135,13.8982,13.7642,0.1340,0.4852,13.7033,8.9888,4.7145,4.1497,25451.4135,NA
parkey.exe,41688,0x23B9193FB10,DXGI,1,0,0,Composed: Flip,25479.1405,NA,13.96280000000000,16.66740000000000,0.14140000000000,0.78320000000000,32.9530,25465.3117,13.9702,13.8288,0.1414,0.3373,14.2747,9.2992,4.9755,-2.7692,25465.3117,NA
parkey.exe,41688,0x23B9193FB10,DXGI,1,0,0,Composed: Flip,25499.9493,NA,20.80880000000000,16.67910000000000,0.16970000000000,0.79620000000000,28.8233,25479.2819,20.8371,20.6674,0.1697,0.6418,20.8218,9.3320,11.4898,-2.7089,25479.2819,NA
parkey.exe,41688,0x23B9193FB10,DXGI,1,0,0,Composed: Flip,25513.8858,NA,13.93650000000000,16.68040000000000,0.18280000000000,0.25620000000000,31.5672,25500.1190,13.9496,13.7668,0.1828,0.6265,13.3965,8.6838,4.7127,4.1567,25500.1190,NA
parkey.exe,41688,0x23B9193FB10,DXGI,1,0,0,Composed: Flip,25534.6836,NA,20.79780000000000,16.69320000000000,0.13200000000000,0.76040000000000,27.4626,25514.0686,20.7470,20.6150,0.1320,0.1249,21.2505,9.1576,12.0929,-2.7436,25514.0686,NA
parkey.exe,41688,0x23B9193FB10,DXGI,1,0,0,Composed: Flip,25548.5410,NA,13.85740000000000,13.96780000000000,0.13070000000000,0.40240000000000,27.5730,25534.8156,13.8561,13.7254,0.1307,0.6284,13.4994,8.9825,4.5169,6.7792,25534.8156,NA
parkey.exe,41688,0x23B9193FB10,DXGI,1,0,0,Composed: Flip,25562.5697,NA,14.02870000000000,19.37970000000000,0.20040000000000,0.41780000000000,32.9240,25548.6717,14.0984,13.8980,0.2004,0.3008,14.0150,8.7819,5.2331,-5.5236,25548.6717,NA
parkey.exe,41688,0x23B9193FB10,DXGI,1,0,0,Composed: Flip,25583.3562,NA,20.78650000000000,8.49740000000000,0.13750000000000,0.65260000000000,20.6349,25562.7701,20.7236,20.5861,0.1375,0.2896,20.9491,9.0609,11.8882,5.6010,25562.7701,NA
parkey.exe,41688,0x23B9193FB10,DXGI,1,0,0,Composed: Flip,25597.1843,NA,13.82810000000000,24.86000000000000,0.15140000000000,0.29260000000000,31.6668,25583.4937,13.8420,13.6906,0.1514,0.5151,13.4681,9.0027,4.4654,-4.1364,25583.4937,NA
parkey.exe,41688,0x23B9193FB10,DXGI,1,0,0,Composed: Flip,25618.0897,NA,20.90540000000000,16.69260000000000,0.16000000000000,0.38090000000000,27.4540,25597.3357,20.9140,20.7540,0.1600,0.1924,20.9425,8.9523,11.9902,-2.8506,25597.3357,NA
parkey.exe,41688,0x23B9193FB10,DXGI,1,0,0,Composed: Flip,25631.8858,NA,13.79610000000000,13.91560000000000,0.13480000000000,0.40280000000000,27.5735,25618.2497,13.7709,13.6361,0.1348,0.5866,13.4523,8.9605,4.4918,6.9984,25618.2497,NA
parkey.exe,41688,0x23B9193FB10,DXGI,1,0,0,Composed: Flip,25645.8938,NA,14.00800000000000,19.44220000000000,0.14300000000000,0.81000000000000,33.0077,25632.0206,14.0162,13.8732,0.1430,0.2973,14.3859,9.1642,5.2217,-5.6713,25632.0206,NA
parkey.exe,41688,0x23B9193FB10,DXGI,1,0,0,Composed: Flip,25666.6982,NA,20.80440000000000,8.40140000000000,0.12170000000000,0.67750000000000,20.6047,25646.0368,20.7831,20.6614,0.1217,0.6670,20.6719,9.0430,11.6289,5.6148,25646.0368,NA
parkey.exe,41688,0x23B9193FB10,DXGI,1,0,0,Composed: Flip,25680.5135,NA,13.81530000000000,24.95450000000000,0.15130000000000,0.69070000000000,31.7439,25666.8199,13.8449,13.6936,0.1513,0.5558,13.8285,9.4048,4.4237,-4.1714,25666.8199,NA
parkey.exe,41688,0x23B9193FB10,DXGI,1,0,0,Composed: Flip,25701.4335,NA,20.92000000000000,9.80660000000000,0.12810000000000,0.42600000000000,20.6305,25680.6648,20.8968,20.7687,0.1281,0.5394,20.6553,8.9815,11.6738,4.0383,25680.6648,NA
parkey.exe,41688,0x23B9193FB10,DXGI,1,0,0,Composed: Flip,25715.2355,NA,13.80200000000000,13.85910000000000,0.13740000000000,0.77540000000000,20.6876,25701.5616,13.8113,13.6739,0.1374,0.6188,13.8305,9.2729,4.5576,7.0377,25701.5616,NA
parkey.exe,41688,0x23B9193FB10,DXGI,1,0,0,Composed: Flip,25729.1853,NA,13.94980000000000,26.38580000000000,0.16000000000000,0.80430000000000,33.1236,25715.3729,13.9724,13.8124,0.1600,0.6380,13.9787,9.7644,4.2143,-12.5745,25715.3729,NA
parkey.exe,41688,0x23B9193FB10,DXGI,1,0,0,Composed: Flip,25750.0833,NA,20.89800000000000,8.28610000000000,0.18740000000000,0.38490000000000,20.5117,25729.3453,20.9254,20.7380,0.1874,0.6443,20.4786,8.7442,11.7344,5.6863,25729.3453,NA
parkey.exe,41688,0x23B9193FB10,DXGI,1,0,0,Composed: Flip,25763.8966,NA,13.81330000000000,25.07600000000000,0.21910000000000,0.40480000000000,31.7744,25750.2707,13.8450,13.6259,0.2191,0.2550,13.7757,8.9664,4.8093,-4.1506,25750.2707,NA
parkey.exe,41688,0x23B9193FB10,DXGI,1,0,0,Composed: Flip,25784.9065,NA,21.00990000000000,9.72080000000000,0.16700000000000,0.42760000000000,20.4853,25764.1157,20.9578,20.7908,0.1670,0.2431,20.9753,8.8917,12.0836,4.1242,25764.1157,NA
parkey.exe,41688,0x23B9193FB10,DXGI,1,0,0,Composed: Flip,25798.6196,NA,13.71310000000000,13.88650000000000,0.13200000000000,0.77670000000000,20.6587,25785.0735,13.6781,13.5461,0.1320,0.2986,14.0242,9.4866,4.5376,7.0713,25785.0735,NA
parkey.exe,41688,0x23B9193FB10,DXGI,1,0,0,Composed: Flip,25812.5072,NA,13.88760000000000,26.41830000000000,0.21280000000000,0.79030000000000,33.1894,25798.7516,13.9684,13.7556,0.2128,0.6447,13.9012,9.3803,4.5209,-12.7402,25798.7516,NA
parkey.exe,41688,0x23B9193FB10,DXGI,1,0,0,Composed: Flip,25833.4061,NA,20.89890000000000,8.24460000000000,0.14740000000000,0.61090000000000,20.5351,25812.7200,20.8335,20.6861,0.1474,0.5775,20.7195,9.1428,11.5767,5.7238,25812.7200,NA
parkey.exe,41688,0x23B9193FB10,DXGI,1,0,0,Composed: Flip,25847.2086,NA,13.80250000000000,25.12680000000000,0.12460000000000,0.73510000000000,31.8594,25833.5535,13.7797,13.6551,0.1246,0.4635,13.9267,9.3789,4.5478,-4.2933,25833.5535,NA
parkey.exe,41688,0x23B9193FB10,DXGI,1,0,0,Composed: Flip,25868.1367,NA,20.92810000000000,16.67570000000000,0.16750000000000,0.80310000000000,27.6070,25847.3332,20.9710,20.8035,0.1675,0.6105,20.9961,9.3114,11.6847,-2.8960,25847.3332,NA
parkey.exe,41688,0x23B9193FB10,DXGI,1,0,0,Composed: Flip,25881.9586,NA,13.82190000000000,6.88840000000000,0.13370000000000,0.40240000000000,20.6735,25868.3042,13.7881,13.6544,0.1337,0.6356,13.4212,7.5665,5.8547,14.0826,25868.3042,NA
parkey.exe,41688,0x23B9193FB10,DXGI,1,0,0,Composed: Flip,25895.8402,NA,13.88160000000000,26.47730000000000,0.15830000000000,0.77930000000000,33.2692,25882.0923,13.9062,13.7479,0.1583,0.3232,14.2040,9.1806,5.0234,-12.6892,25882.0923,NA
parkey.exe,41688,0x23B9193FB10,DXGI,1,0,0,Composed: Flip,25916.7591,NA,20.91890000000000,8.17990000000000,0.19910000000000,0.40010000000000,20.5302,25895.9985,20.9597,20.7606,0.1991,0.6210,20.5397,9.1169,11.4228,5.7263,25895.9985,NA
parkey.exe,41688,0x23B9193FB10,DXGI,1,0,0,Composed: Flip,25930.6284,NA,13.86930000000000,25.17940000000000,0.22170000000000,0.79180000000000,31.8403,25916.9582,13.8919,13.6702,0.2217,0.2338,14.2282,9.3802,4.8480,-4.2197,25916.9582,NA
parkey.exe,41688,0x23B9193FB10,DXGI,1,0,0,Composed: Flip,25951.4428,NA,20.81440000000000,9.60640000000000,0.17230000000000,0.41990000000000,20.6323,25930.8501,20.7650,20.5927,0.1723,0.5701,20.4425,8.9131,11.5294,4.2855,25930.8501,NA
parkey.exe,41688,0x23B9193FB10,DXGI,1,0,0,Composed: Flip,25965.2988,NA,13.85600000000000,23.74750000000000,0.14810000000000,0.79650000000000,30.5238,25951.6151,13.8318,13.6837,0.1481,0.2948,14.1854,9.6215,4.5639,-2.9825,25951.6151,NA
parkey.exe,41688,0x23B9193FB10,DXGI,1,0,0,Composed: Flip,25979.1540,NA,13.85520000000000,16.68720000000000,0.14870000000000,0.39640000000000,33.3558,25965.4469,13.8558,13.7071,0.1487,0.6484,13.4551,8.9093,4.5458,-2.8554,25965.4469,NA
parkey.exe,41688,0x23B9193FB10,DXGI,1,0,0,Composed: Flip,26000.1205,NA,20.96650000000000,16.66780000000000,0.16740000000000,0.43160000000000,29.0571,25979.3027,20.9852,20.8178,0.1674,0.2927,20.9567,8.8468,12.1099,-2.8120,25979.3027,NA
parkey.exe,41688,0x23B9193FB10,DXGI,1,0,0,Composed: Flip,26013.9836,NA,13.86310000000000,16.68140000000000,0.18430000000000,0.82160000000000,31.8754,26000.2879,13.8800,13.6957,0.1843,0.3227,14.1946,8.9447,5.2499,4.3038,26000.2879,NA
parkey.exe,41688,0x23B9193FB10,DXGI,1,0,0,Composed: Flip,26034.8011,NA,20.81750000000000,16.68900000000000,0.13760000000000,0.76710000000000,27.7469,26014.1679,20.7708,20.6332,0.1376,0.6373,20.7630,9.1277,11.6353,-2.8090,26014.1679,NA
parkey.exe,41688,0x23B9193FB10,DXGI,1,0,0,Composed: Flip,26048.6032,NA,13.80210000000000,6.76220000000000,0.11740000000000,0.79400000000000,20.7070,26034.9387,13.7819,13.6645,0.1174,0.6295,13.8290,8.0245,5.8045,14.0086,26034.9387,NA
parkey.exe,41688,0x23B9193FB10,DXGI,1,0,0,Composed: Flip,26062.5469,NA,13.94370000000000,26.60050000000000,0.17030000000000,0.80280000000000,33.3638,26048.7206,13.9966,13.8263,0.1703,0.6766,13.9525,8.8911,5.0614,-12.8186,26048.7206,NA
parkey.exe,41688,0x23B9193FB10,DXGI,1,0,0,Composed: Flip,26083.3667,NA,20.81980000000000,8.08210000000000,0.13590000000000,0.40410000000000,20.6261,26062.7172,20.7854,20.6495,0.1359,0.6325,20.4211,8.9701,11.4510,5.9145,26062.7172,NA
parkey.exe,41688,0x23B9193FB10,DXGI,1,0,0,Composed: Flip,26097.2519,NA,13.88520000000000,25.27150000000000,0.13880000000000,0.87170000000000,32.0124,26083.5026,13.8881,13.7493,0.1388,0.5920,14.0290,9.2809,4.7481,-4.4861,26083.5026,NA
parkey.exe,41688,0x23B9193FB10,DXGI,1,0,0,Composed: Flip,26118.1742,NA,20.92230000000000,9.50610000000000,0.16040000000000,0.38860000000000,20.5962,26097.3907,20.9439,20.7835,0.1604,0.7329,20.4392,8.8976,11.5416,4.3820,26097.3907,NA
parkey.exe,41688,0x23B9193FB10,DXGI,1,0,0,Composed: Flip,26131.9633,NA,13.78910000000000,23.85710000000000,0.13850000000000,0.77350000000000,30.6642,26118.3346,13.7672,13.6287,0.1385,0.2933,14.1089,9.2330,4.8759,-2.9132,26118.3346,NA
parkey.exe,41688,0x23B9193FB10,DXGI,1,0,0,Composed: Flip,26145.8366,NA,13.87330000000000,16.67830000000000,0.15340000000000,0.84190000000000,33.4692,26132.1018,13.8882,13.7348,0.1534,0.6350,13.9417,9.4364,4.5053,-2.9111,26132.1018,NA
parkey.exe,41688,0x23B9193FB10,DXGI,1,0,0,Composed: Flip,26166.7854,NA,20.94880000000000,16.67860000000000,0.13650000000000,0.78250000000000,29.1990,26145.9900,20.9319,20.7954,0.1365,0.6885,20.8894,9.5186,11.3708,-2.7904,26145.9900,NA
parkey.exe,41688,0x23B9193FB10,DXGI,1,0,0,Composed: Flip,26180.5334,NA,13.74800000000000,16.69620000000000,0.16880000000000,0.86300000000000,32.1472,26166.9219,13.7803,13.6115,0.1688,0.6460,13.8285,8.0347,5.7938,4.2357,26166.9219,NA
parkey.exe,41688,0x23B9193FB10,DXGI,1,0,0,Composed: Flip,26201.5022,NA,20.96880000000000,16.67300000000000,0.16940000000000,0.78690000000000,27.8514,26180.7022,20.9694,20.8000,0.1694,0.6942,20.8927,9.3914,11.5013,-2.8927,26180.7022,NA
parkey.exe,41688,0x23B9193FB10,DXGI,1,0,0,Composed: Flip,26215.3909,NA,13.88870000000000,6.64930000000000,0.15240000000000,0.40650000000000,20.6120,26201.6716,13.8717,13.7193,0.1524,0.6175,13.5083,8.0826,5.4257,14.3201,26201.6716,NA
parkey.exe,41688,0x23B9193FB10,DXGI,1,0,0,Composed: Flip,26229.2142,NA,13.82330000000000,26.71420000000000,0.19570000000000,0.77120000000000,33.5029,26215.5433,13.8666,13.6709,0.1957,0.2992,14.1429,9.4512,4.6917,-12.8425,26215.5433,NA
parkey.exe,41688,0x23B9193FB10,DXGI,1,0,0,Composed: Flip,26250.0348,NA,20.82060000000000,8.02770000000000,0.15440000000000,0.78320000000000,20.7100,26229.4099,20.7793,20.6249,0.1544,0.5755,20.8326,9.3508,11.4818,5.8389,26229.4099,NA
parkey.exe,41688,0x23B9193FB10,DXGI,1,0,0,Composed: Flip,26263.9381,NA,13.90330000000000,25.31980000000000,0.14690000000000,0.83020000000000,32.1265,26250.1892,13.8958,13.7489,0.1469,0.6288,13.9503,9.5452,4.4051,-4.5405,26250.1892,NA
parkey.exe,41688,0x23B9193FB10,DXGI,1,0,0,Composed: Flip,26284.7783,NA,20.84020000000000,9.39270000000000,0.15050000000000,0.78590000000000,20.6790,26264.0850,20.8438,20.6933,0.1505,0.6833,20.7959,9.3569,11.4390,4.5031,26264.0850,NA
parkey.exe,41688,0x23B9193FB10,DXGI,1,0,0,Composed: Flip,26298.6534,NA,13.87510000000000,23.96700000000000,0.13400000000000,0.77710000000000,30.7709,26284.9288,13.8586,13.7246,0.1340,0.6354,13.8663,9.5286,4.3377,-3.1232,26284.9288,NA
parkey.exe,41688,0x23B9193FB10,DXGI,1,0,0,Composed: Flip,26312.4997,NA,13.84630000000000,16.68150000000000,0.14290000000000,0.78520000000000,33.6061,26298.7874,13.8552,13.7123,0.1429,0.6431,13.8544,9.3584,4.4960,-2.8229,26298.7874,NA
parkey.exe,41688,0x23B9193FB10,DXGI,1,0,0,Composed: Flip,26333.4586,NA,20.95890000000000,16.67670000000000,0.13860000000000,0.75820000000000,29.3239,26312.6426,20.9546,20.8160,0.1386,0.6423,20.9319,9.3935,11.5384,-2.8215,26312.6426,NA
parkey.exe,41688,0x23B9193FB10,DXGI,1,0,0,Composed: Flip,26347.2700,NA,13.81140000000000,16.68320000000000,0.13350000000000,0.42280000000000,32.1957,26333.5972,13.8063,13.6728,0.1335,0.6196,13.4760,7.6426,5.8334,4.2714,26333.5972,NA
parkey.exe,41688,0x23B9193FB10,DXGI,1,0,0,Composed: Flip,26368.1756,NA,20.90560000000000,16.68570000000000,0.13980000000000,0.78290000000000,27.9758,26347.4035,20.9119,20.7721,0.1398,0.5999,20.9551,8.7440,12.2111,-2.8794,26347.4035,NA
parkey.exe,41688,0x23B9193FB10,DXGI,1,0,0,Composed: Flip,26382.0038,NA,13.82820000000000,16.67440000000000,0.11730000000000,0.30740000000000,30.8220,26368.3154,13.8057,13.6884,0.1173,0.6431,13.3527,7.4979,5.8548,4.2375,26368.3154,NA
parkey.exe,41688,0x23B9193FB10,DXGI,1,0,0,Composed: Flip,26395.9096,NA,13.90580000000000,16.68290000000000,0.12900000000000,0.76240000000000,33.5991,26382.1211,13.9175,13.7885,0.1290,0.2058,14.3451,9.0829,5.2622,-2.8772,26382.1211,NA
parkey.exe,41688,0x23B9193FB10,DXGI,1,0,0,Composed: Flip,26416.9144,NA,21.00480000000000,16.69010000000000,0.18060000000000,0.40090000000000,29.2844,26396.0386,21.0564,20.8758,0.1806,0.6334,20.6433,8.9837,11.6596,-2.7726,26396.0386,NA
parkey.exe,41688,0x23B9193FB10,DXGI,1,0,0,Composed: Flip,26430.6619,NA,13.74750000000000,16.66730000000000,0.15490000000000,0.77130000000000,32.2042,26417.0950,13.7218,13.5669,0.1549,0.2537,14.0845,9.1313,4.9532,4.3891,26417.0950,NA
parkey.exe,41688,0x23B9193FB10,DXGI,1,0,0,Composed: Flip,26451.4945,NA,20.83260000000000,16.69500000000000,0.14140000000000,0.40850000000000,28.0666,26430.8168,20.8191,20.6777,0.1414,0.6164,20.4698,8.9422,11.5276,-2.9732,26430.8168,NA
parkey.exe,41688,0x23B9193FB10,DXGI,1,0,0,Composed: Flip,26465.3398,NA,13.84530000000000,16.66600000000000,0.10540000000000,0.78430000000000,30.8873,26451.6359,13.8093,13.7039,0.1054,0.2950,14.1932,9.1586,5.0346,4.1531,26451.6359,NA
parkey.exe,41688,0x23B9193FB10,DXGI,1,0,0,Composed: Flip,26479.1658,NA,13.82600000000000,16.68180000000000,0.10000000000000,0.77710000000000,33.7431,26465.4452,13.8206,13.7206,0.1000,0.6789,13.8188,7.9979,5.8209,-2.8725,26465.4452,NA
parkey.exe,41688,0x23B9193FB10,DXGI,1,0,0,Composed: Flip,26500.1526,NA,20.98680000000000,16.67200000000000,0.15510000000000,0.78950000000000,29.4283,26479.2658,21.0419,20.8868,0.1551,0.6771,20.9992,9.4101,11.5891,-2.8514,26479.2658,NA
parkey.exe,41688,0x23B9193FB10,DXGI,1,0,0,Composed: Flip,26513.9396,NA,13.78700000000000,16.68610000000000,0.13310000000000,0.75630000000000,32.3274,26500.3077,13.7650,13.6319,0.1331,0.6344,13.7538,7.9405,5.8133,4.3558,26500.3077,NA
parkey.exe,41688,0x23B9193FB10,DXGI,1,0,0,Composed: Flip,26534.8427,NA,20.90310000000000,16.68540000000000,0.12690000000000,0.77000000000000,28.1097,26514.0727,20.8969,20.7700,0.1269,0.6232,20.9168,9.4476,11.4692,-2.9204,26514.0727,NA
parkey.exe,41688,0x23B9193FB10,DXGI,1,0,0,Composed: Flip,26548.6855,NA,13.84280000000000,6.43940000000000,0.12240000000000,0.40010000000000,20.7063,26534.9696,13.8383,13.7159,0.1224,0.6431,13.4729,7.5792,5.8937,14.4575,26534.9696,NA
parkey.exe,41688,0x23B9193FB10,DXGI,1,0,0,Composed: Flip,26562.5785,NA,13.89300000000000,26.92020000000000,0.16200000000000,0.81060000000000,33.7335,26548.8079,13.9326,13.7706,0.1620,0.4049,14.1763,9.2453,4.9310,-13.0819,26548.8079,NA
parkey.exe,41688,0x23B9193FB10,DXGI,1,0,0,Composed: Flip,26583.4249,NA,20.84640000000000,7.76400000000000,0.12700000000000,0.79460000000000,20.6511,26562.7405,20.8114,20.6844,0.1270,0.6486,20.8304,9.3295,11.5009,6.1686,26562.7405,NA
parkey.exe,41688,0x23B9193FB10,DXGI,1,0,0,Composed: Flip,26597.3231,NA,13.89820000000000,25.59480000000000,0.12480000000000,0.76640000000000,32.3477,26583.5519,13.8960,13.7712,0.1248,0.6676,13.8700,9.4404,4.4296,-4.7834,26583.5519,NA
parkey.exe,41688,0x23B9193FB10,DXGI,1,0,0,Composed: Flip,26618.2396,NA,20.91650000000000,9.18560000000000,0.17290000000000,0.38710000000000,20.6168,26597.4479,20.9646,20.7917,0.1729,0.6416,20.5372,8.8299,11.7073,4.7104,26597.4479,NA
parkey.exe,41688,0x23B9193FB10,DXGI,1,0,0,Composed: Flip,26632.0231,NA,13.78350000000000,24.17450000000000,0.11940000000000,0.78610000000000,31.0078,26618.4125,13.7300,13.6106,0.1194,0.5543,13.8424,9.2287,4.6137,-3.2099,26618.4125,NA
parkey.exe,41688,0x23B9193FB10,DXGI,1,0,0,Composed: Flip,26645.8860,NA,13.86290000000000,16.67540000000000,0.11900000000000,0.80250000000000,33.8203,26632.1425,13.8625,13.7435,0.1190,0.6667,13.8793,9.3749,4.5044,-2.9454,26632.1425,NA
parkey.exe,41688,0x23B9193FB10,DXGI,1,0,0,Composed: Flip,26666.8439,NA,20.95790000000000,16.68350000000000,0.12200000000000,0.77820000000000,29.5459,26646.0050,20.9609,20.8389,0.1220,0.6835,20.9336,9.3423,11.5913,-2.8210,26646.0050,NA
parkey.exe,41688,0x23B9193FB10,DXGI,1,0,0,Composed: Flip,26680.7557,NA,13.91180000000000,16.67510000000000,0.14220000000000,0.78990000000000,32.3092,26666.9659,13.9320,13.7898,0.1422,0.6562,13.9235,7.9766,5.9469,4.2858,26666.9659,NA
parkey.exe,41688,0x23B9193FB10,DXGI,1,0,0,Composed: Flip,26701.6154,NA,20.85970000000000,16.68740000000000,0.13960000000000,0.78110000000000,28.1369,26680.8979,20.8571,20.7175,0.1396,0.6477,20.8509,7.9781,12.8728,-2.7554,26680.8979,NA
parkey.exe,41688,0x23B9193FB10,DXGI,1,0,0,Composed: Flip,26715.3912,NA,13.77580000000000,6.34070000000000,0.12490000000000,0.40650000000000,20.7018,26701.7550,13.7611,13.6362,0.1249,0.6415,13.4012,7.5639,5.8373,14.5164,26701.7550,NA
parkey.exe,41688,0x23B9193FB10,DXGI,1,0,0,Composed: Flip,26729.2627,NA,13.87150000000000,27.02490000000000,0.12710000000000,0.79790000000000,33.8552,26715.5161,13.8737,13.7466,0.1271,0.6103,13.9342,9.1747,4.7595,-13.2638,26715.5161,NA
parkey.exe,41688,0x23B9193FB10,DXGI,1,0,0,Composed: Flip,26750.1202,NA,20.85750000000000,7.70090000000000,0.14500000000000,0.78680000000000,20.6986,26729.3898,20.8754,20.7304,0.1450,0.6708,20.8464,9.3359,11.5105,6.1728,26729.3898,NA
parkey.exe,41688,0x23B9193FB10,DXGI,1,0,0,Composed: Flip,26764.0653,NA,13.94510000000000,25.65910000000000,0.15560000000000,0.42200000000000,32.4126,26750.2652,13.9557,13.8001,0.1556,0.6418,13.5803,9.1029,4.4774,-4.7837,26750.2652,NA
parkey.exe,41688,0x23B9193FB10,DXGI,1,0,0,Composed: Flip,26784.8685,NA,20.80320000000000,9.06720000000000,0.15480000000000,0.80160000000000,20.6766,26764.2209,20.8024,20.6476,0.1548,0.2938,21.1554,9.3744,11.7810,4.8885,26764.2209,NA
parkey.exe,41688,0x23B9193FB10,DXGI,1,0,0,Composed: Flip,26798.7315,NA,13.86300000000000,24.28620000000000,0.13960000000000,0.77540000000000,31.0998,26785.0233,13.8478,13.7082,0.1396,0.6468,13.8368,9.4424,4.3944,-3.4838,26785.0233,NA
parkey.exe,41688,0x23B9193FB10,DXGI,1,0,0,Composed: Flip,26819.6325,NA,20.90100000000000,16.68060000000000,0.14590000000000,0.42560000000000,26.8794,26798.8711,20.9073,20.7614,0.1459,0.6358,20.5512,8.9713,11.5799,-2.8328,26798.8711,NA
parkey.exe,41688,0x23B9193FB10,DXGI,1,0,0,Composed: Flip,26833.4640,NA,13.83150000000000,16.67470000000000,0.14500000000000,0.40670000000000,29.7226,26819.7784,13.8306,13.6856,0.1450,0.3297,13.7626,9.2689,4.4937,4.2326,26819.7784,NA
parkey.exe,41688,0x23B9193FB10,DXGI,1,0,0,Composed: Flip,26847.4881,NA,14.02410000000000,16.68240000000000,0.15880000000000,0.81000000000000,32.3809,26833.6090,14.0379,13.8791,0.1588,0.3090,14.3801,9.3248,5.0553,-2.8518,26833.6090,NA
parkey.exe,41688,0x23B9193FB10,DXGI,1,0,0,Composed: Flip,26868.3254,NA,20.83730000000000,16.73100000000000,0.14120000000000,0.76110000000000,28.2746,26847.6469,20.8197,20.6785,0.1412,0.6512,20.7884,9.3769,11.4115,-2.6931,26847.6469,NA
parkey.exe,41688,0x23B9193FB10,DXGI,1,0,0,Composed: Flip,26882.0561,NA,13.73070000000000,16.62740000000000,0.14170000000000,0.79590000000000,31.1713,26868.4666,13.7312,13.5895,0.1417,0.6199,13.7655,8.0088,5.7567,4.1923,26868.4666,NA
parkey.exe,41688,0x23B9193FB10,DXGI,1,0,0,Composed: Flip,26903.0136,NA,20.95750000000000,16.68530000000000,0.14610000000000,0.78740000000000,26.8991,26882.1978,20.9619,20.8158,0.1461,0.6542,20.9490,8.3594,12.5896,-2.9541,26882.1978,NA
parkey.exe,41688,0x23B9193FB10,DXGI,1,0,0,Composed: Flip,26916.8036,NA,13.79000000000000,7.60230000000000,0.12460000000000,0.40660000000000,20.7114,26903.1597,13.7685,13.6439,0.1246,0.6413,13.4092,7.5742,5.8350,13.3596,26903.1597,NA
parkey.exe,41688,0x23B9193FB10,DXGI,1,0,0,Composed: Flip,26930.6927,NA,13.88910000000000,25.75860000000000,0.12030000000000,0.77990000000000,32.5809,26916.9282,13.8848,13.7645,0.1203,0.3118,14.2326,9.7049,4.5277,-11.9901,26916.9282,NA
parkey.exe,41688,0x23B9193FB10,DXGI,1,0,0,Composed: Flip,26951.5516,NA,20.85890000000000,8.96870000000000,0.15220000000000,0.39890000000000,20.6907,26930.8130,20.8908,20.7386,0.1522,0.6596,20.4779,8.9860,11.4919,4.9161,26930.8130,NA
parkey.exe,41688,0x23B9193FB10,DXGI,1,0,0,Composed: Flip,26965.3998,NA,13.84820000000000,24.39050000000000,0.11410000000000,0.78590000000000,31.2330,26951.7038,13.8101,13.6960,0.1141,0.5477,13.9342,9.0785,4.8557,-3.4997,26951.7038,NA
parkey.exe,41688,0x23B9193FB10,DXGI,1,0,0,Composed: Flip,26986.2771,NA,20.87730000000000,16.67910000000000,0.14650000000000,0.81340000000000,27.0348,26965.5139,20.9097,20.7632,0.1465,0.6718,20.9048,9.3383,11.5665,-2.8690,26965.5139,NA
parkey.exe,41688,0x23B9193FB10,DXGI,1,0,0,Composed: Flip,27000.1519,NA,13.87480000000000,16.67720000000000,0.13220000000000,0.42700000000000,29.8372,26986.4236,13.8605,13.7283,0.1322,0.6669,13.4884,9.2338,4.2546,4.2325,26986.4236,NA
parkey.exe,41688,0x23B9193FB10,DXGI,1,0,0,Composed: Flip,27014.1004,NA,13.94850000000000,16.68140000000000,0.16060000000000,0.77480000000000,32.5701,27000.2841,13.9769,13.8163,0.1606,0.3293,14.2618,9.2179,5.0439,-2.8209,27000.2841,NA
parkey.exe,41688,0x23B9193FB10,DXGI,1,0,0,Composed: Flip,27034.9800,NA,20.87960000000000,16.68730000000000,0.15770000000000,0.78270000000000,28.3778,27014.2610,20.8767,20.7190,0.1577,0.6142,20.8875,9.3803,11.5072,-2.7104,27014.2610,NA
parkey.exe,41688,0x23B9193FB10,DXGI,1,0,0,Composed: Flip,27048.7420,NA,13.76200000000000,16.67280000000000,0.12230000000000,0.38510000000000,31.2886,27035.1377,13.7266,13.6043,0.1223,0.6250,13.3644,8.0719,5.2925,4.2039,27035.1377,NA
parkey.exe,41688,0x23B9193FB10,DXGI,1,0,0,Composed: Flip,27069.6813,NA,20.93930000000000,16.68550000000000,0.14290000000000,0.77940000000000,27.0348,27048.8643,20.9599,20.8170,0.1429,0.4149,21.1815,9.1374,12.0441,-2.9589,27048.8643,NA
parkey.exe,41688,0x23B9193FB10,DXGI,1,0,0,Composed: Flip,27083.4949,NA,13.81360000000000,7.49790000000000,0.12590000000000,0.40090000000000,20.7191,27069.8242,13.7966,13.6707,0.1259,0.6365,13.4351,7.5728,5.8623,13.4620,27069.8242,NA
parkey.exe,41688,0x23B9193FB10,DXGI,1,0,0,Composed: Flip,27097.4004,NA,13.90550000000000,25.86180000000000,0.13750000000000,0.77010000000000,32.6754,27083.6208,13.9171,13.7796,0.1375,0.3197,14.2300,9.3237,4.9063,-12.0652,27083.6208,NA
parkey.exe,41688,0x23B9193FB10,DXGI,1,0,0,Composed: Flip,27118.3637,NA,20.96330000000000,8.81010000000000,0.14210000000000,0.38700000000000,20.5222,27097.5379,20.9679,20.8258,0.1421,0.6326,20.5802,8.8527,11.7275,5.1070,27097.5379,NA
parkey.exe,41688,0x23B9193FB10,DXGI,1,0,0,Composed: Flip,27132.1482,NA,13.78450000000000,24.54580000000000,0.14180000000000,0.30920000000000,31.2835,27118.5058,13.7842,13.6424,0.1418,0.3050,13.6466,9.1413,4.5053,-3.5779,27118.5058,NA
parkey.exe,41688,0x23B9193FB10,DXGI,1,0,0,Composed: Flip,27153.0011,NA,20.85290000000000,16.68940000000000,0.13490000000000,0.39960000000000,27.1200,27132.2900,20.8460,20.7111,0.1349,0.1889,20.9218,8.7011,12.2207,-2.9052,27132.2900,NA
parkey.exe,41688,0x23B9193FB10,DXGI,1,0,0,Composed: Flip,27166.8534,NA,13.85230000000000,16.66940000000000,0.11910000000000,0.40660000000000,29.9371,27153.1360,13.8365,13.7174,0.1191,0.3133,13.8107,9.3002,4.5105,4.1766,27153.1360,NA
parkey.exe,41688,0x23B9193FB10,DXGI,1,0,0,Composed: Flip,27180.8316,NA,13.97820000000000,16.68960000000000,0.14890000000000,0.61980000000000,32.6485,27166.9725,14.0080,13.8591,0.1489,0.3294,14.1495,9.0438,5.1057,-2.8531,27166.9725,NA
parkey.exe,41688,0x23B9193FB10,DXGI,1,0,0,Composed: Flip,27201.6744,NA,20.84280000000000,16.69470000000000,0.15660000000000,0.78480000000000,28.5004,27180.9805,20.8505,20.6939,0.1566,0.4709,21.0078,9.4696,11.5382,-2.6867,27180.9805,NA
parkey.exe,41688,0x23B9193FB10,DXGI,1,0,0,Composed: Flip,27215.4593,NA,13.78490000000000,16.65050000000000,0.16850000000000,0.38550000000000,31.3660,27201.8310,13.7968,13.6283,0.1685,0.6282,13.3856,7.5921,5.7935,4.2000,27201.8310,NA
parkey.exe,41688,0x23B9193FB10,DXGI,1,0,0,Composed: Flip,27236.4042,NA,20.94490000000000,16.69590000000000,0.13510000000000,0.78770000000000,27.1170,27215.6278,20.9115,20.7764,0.1351,0.5962,20.9679,9.2222,11.7457,-2.8991,27215.6278,NA
parkey.exe,41688,0x23B9193FB10,DXGI,1,0,0,Composed: Flip,27250.1866,NA,13.78240000000000,7.40160000000000,0.12740000000000,0.64040000000000,20.7362,27236.5393,13.7747,13.6473,0.1274,0.6526,13.6351,8.2448,5.3903,13.5099,27236.5393,NA
parkey.exe,41688,0x23B9193FB10,DXGI,1,0,0,Composed: Flip,27264.1207,NA,13.93410000000000,25.95650000000000,0.16980000000000,0.80080000000000,32.7586,27250.3140,13.9765,13.8067,0.1698,0.5130,14.0945,9.6684,4.4261,-12.1818,27250.3140,NA
parkey.exe,41688,0x23B9193FB10,DXGI,1,0,0,Composed: Flip,27285.0234,NA,20.90270000000000,8.76010000000000,0.14400000000000,0.41810000000000,20.6160,27264.2905,20.8769,20.7329,0.1440,0.6310,20.5200,8.9184,11.6016,5.2164,27264.2905,NA
parkey.exe,41688,0x23B9193FB10,DXGI,1,0,0,Composed: Flip,27298.8183,NA,13.79490000000000,24.59980000000000,0.13650000000000,0.78300000000000,31.4209,27285.1674,13.7874,13.6509,0.1365,0.5777,13.8562,9.2788,4.5774,-3.7229,27285.1674,NA
parkey.exe,41688,0x23B9193FB10,DXGI,1,0,0,Composed: Flip,27319.6723,NA,20.85400000000000,16.67810000000000,0.16720000000000,0.78470000000000,27.2450,27298.9548,20.8847,20.7175,0.1672,0.6465,20.8557,9.3152,11.5405,-2.8907,27298.9548,NA
parkey.exe,41688,0x23B9193FB10,DXGI,1,0,0,Composed: Flip,27333.5189,NA,13.84660000000000,16.67990000000000,0.27320000000000,0.40660000000000,30.0783,27319.8395,13.9526,13.6794,0.2732,0.6175,13.4685,9.2140,4.2545,4.2048,27319.8395,NA
parkey.exe,41688,0x23B9193FB10,DXGI,1,0,0,Composed: Flip,27347.4949,NA,13.97600000000000,16.67580000000000,0.12580000000000,0.80500000000000,32.7781,27333.7921,13.8286,13.7028,0.1258,0.1657,14.3421,9.1465,5.1956,-2.7232,27333.7921,NA
parkey.exe,41688,0x23B9193FB10,DXGI,1,0,0,Composed: Flip,27368.3537,NA,20.85880000000000,16.69190000000000,0.13940000000000,0.78610000000000,28.6112,27347.6207,20.8724,20.7330,0.1394,0.6792,20.8399,8.3828,12.4571,-2.8633,27347.6207,NA
parkey.exe,41688,0x23B9193FB10,DXGI,1,0,0,Composed: Flip,27382.1728,NA,13.81910000000000,16.67210000000000,0.14530000000000,0.80610000000000,31.4642,27368.4931,13.8250,13.6797,0.1453,0.6467,13.8391,7.9995,5.8396,4.2003,27368.4931,NA
parkey.exe,41688,0x23B9193FB10,DXGI,1,0,0,Composed: Flip,27403.1026,NA,20.92980000000000,16.69050000000000,0.14940000000000,0.78000000000000,27.2249,27382.3181,20.9339,20.7845,0.1494,0.6608,20.9037,9.5051,11.3986,-2.8655,27382.3181,NA
parkey.exe,41688,0x23B9193FB10,DXGI,1,0,0,Composed: Flip,27416.9161,NA,13.81350000000000,7.27660000000000,0.13200000000000,0.39020000000000,20.6880,27403.2520,13.7961,13.6641,0.1320,0.6306,13.4237,7.5533,5.8704,13.6573,27403.2520,NA
parkey.exe,41688,0x23B9193FB10,DXGI,1,0,0,Composed: Flip,27430.7983,NA,13.88220000000000,26.08660000000000,0.12850000000000,0.77710000000000,32.8924,27417.0481,13.8787,13.7502,0.1285,0.3047,14.2226,9.5893,4.6333,-12.2905,27417.0481,NA
parkey.exe,41688,0x23B9193FB10,DXGI,1,0,0,Composed: Flip,27451.6291,NA,20.83080000000000,8.58900000000000,0.16100000000000,0.78150000000000,20.6506,27430.9268,20.8633,20.7023,0.1610,0.6486,20.8352,9.3496,11.4856,5.2897,27430.9268,NA
parkey.exe,41688,0x23B9193FB10,DXGI,1,0,0,Composed: Flip,27465.5624,NA,13.93330000000000,24.75890000000000,0.13770000000000,0.81460000000000,31.4762,27451.7901,13.9100,13.7723,0.1377,0.6205,13.9664,9.5306,4.4358,-3.8956,27451.7901,NA
parkey.exe,41688,0x23B9193FB10,DXGI,1,0,0,Composed: Flip,27486.4607,NA,20.89830000000000,16.67990000000000,0.16410000000000,0.63930000000000,27.2578,27465.7001,20.9247,20.7606,0.1641,0.6769,20.7230,9.0813,11.6417,-2.7699,27465.7001,NA
parkey.exe,41688,0x23B9193FB10,DXGI,1,0,0,Composed: Flip,27500.2490,NA,13.78830000000000,16.67590000000000,0.13390000000000,0.42800000000000,30.1454,27486.6248,13.7581,13.6242,0.1339,0.4752,13.5770,9.1890,4.3880,4.2488,27486.6248,NA
parkey.exe,41688,0x23B9193FB10,DXGI,1,0,0,Composed: Flip,27514.1958,NA,13.94680000000000,16.67830000000000,0.15780000000000,0.40850000000000,32.8769,27500.3829,13.9707,13.8129,0.1578,0.3283,13.8931,8.8885,5.0046,-2.9202,27500.3829,NA
parkey.exe,41688,0x23B9193FB10,DXGI,1,0,0,Composed: Flip,27535.0712,NA,20.87540000000000,16.70250000000000,0.13990000000000,0.39380000000000,28.7040,27514.3536,20.8575,20.7176,0.1399,0.2974,20.8140,9.0571,11.7569,-2.7318,27514.3536,NA
parkey.exe,41688,0x23B9193FB10,DXGI,1,0,0,Composed: Flip,27548.8246,NA,13.75340000000000,16.66550000000000,0.11420000000000,0.76040000000000,31.6161,27535.2111,13.7277,13.6135,0.1142,0.4599,13.9140,8.6498,5.2642,4.1920,27535.2111,NA
parkey.exe,41688,0x23B9193FB10,DXGI,1,0,0,Composed: Flip,27569.7777,NA,20.95310000000000,16.67900000000000,0.15900000000000,0.79100000000000,27.3420,27548.9388,20.9979,20.8389,0.1590,0.6462,20.9837,8.0024,12.9813,-2.9513,27548.9388,NA
parkey.exe,41688,0x23B9193FB10,DXGI,1,0,0,Composed: Flip,27583.5643,NA,13.78660000000000,16.68930000000000,0.11070000000000,0.39380000000000,30.2447,27569.9367,13.7383,13.6276,0.1107,0.6320,13.3894,7.5634,5.8260,4.3086,27569.9367,NA
parkey.exe,41688,0x23B9193FB10,DXGI,1,0,0,Composed: Flip,27597.4924,NA,13.92810000000000,16.67770000000000,0.12110000000000,0.79390000000000,32.9943,27583.6750,13.9385,13.8174,0.1211,0.3208,14.2905,9.2784,5.0121,-2.9394,27583.6750,NA
parkey.exe,41688,0x23B9193FB10,DXGI,1,0,0,Composed: Flip,27618.3746,NA,20.88220000000000,16.67010000000000,0.14620000000000,0.40350000000000,28.7822,27597.6135,20.9073,20.7611,0.1462,0.6728,20.4918,9.1224,11.3694,-2.7316,27597.6135,NA
parkey.exe,41688,0x23B9193FB10,DXGI,1,0,0,Composed: Flip,27632.2790,NA,13.90440000000000,16.67900000000000,0.14950000000000,0.30730000000000,31.5568,27618.5208,13.9077,13.7582,0.1495,0.2962,13.7693,8.7775,4.9918,4.2283,27618.5208,NA
parkey.exe,41688,0x23B9193FB10,DXGI,1,0,0,Composed: Flip,27653.0638,NA,20.78480000000000,16.68440000000000,0.13580000000000,0.39560000000000,27.4564,27632.4285,20.7711,20.6353,0.1358,0.2797,20.7512,8.3133,12.4379,-2.7767,27632.4285,NA
parkey.exe,41688,0x23B9193FB10,DXGI,1,0,0,Composed: Flip,27666.9490,NA,13.88520000000000,16.68560000000000,0.11410000000000,0.76710000000000,30.2568,27653.1996,13.8635,13.7494,0.1141,0.3092,14.2073,9.2432,4.9641,4.0855,27653.1996,NA
parkey.exe,41688,0x23B9193FB10,DXGI,1,0,0,Composed: Flip,27680.8184,NA,13.86940000000000,16.67280000000000,0.15750000000000,0.82780000000000,33.0602,27667.0631,13.9128,13.7553,0.1575,0.6530,13.9301,8.0225,5.9076,-2.8093,27667.0631,NA
parkey.exe,41688,0x23B9193FB10,DXGI,1,0,0,Composed: Flip,27701.7368,NA,20.91840000000000,16.70470000000000,0.15630000000000,0.78690000000000,28.8465,27680.9759,20.9172,20.7609,0.1563,0.6703,20.8775,9.4284,11.4491,-2.7919,27680.9759,NA
parkey.exe,41688,0x23B9193FB10,DXGI,1,0,0,Composed: Flip,27715.5768,NA,13.84000000000000,16.66460000000000,0.13410000000000,0.78730000000000,31.6711,27701.8931,13.8178,13.6837,0.1341,0.6306,13.8404,7.9530,5.8874,4.2526,27701.8931,NA
parkey.exe,41688,0x23B9193FB10,DXGI,1,0,0,Composed: Flip,27736.4851,NA,20.90830000000000,16.67840000000000,0.12790000000000,0.76330000000000,27.4412,27715.7109,20.9021,20.7742,0.1279,0.6532,20.8843,9.5219,11.3624,-2.8606,27715.7109,NA
parkey.exe,41688,0x23B9193FB10,DXGI,1,0,0,Composed: Flip,27750.3332,NA,13.84810000000000,7.07220000000000,0.27030000000000,0.38940000000000,20.6653,27736.6130,13.9905,13.7202,0.2703,0.6354,13.4742,7.5622,5.9120,13.8299,27736.6130,NA
parkey.exe,41688,0x23B9193FB10,DXGI,1,0,0,Composed: Flip,27764.2115,NA,13.87830000000000,26.28630000000000,0.17090000000000,0.79830000000000,33.0733,27750.6035,13.7789,13.6080,0.1709,0.1828,14.2235,9.3058,4.9177,-12.2958,27750.6035,NA
parkey.exe,41688,0x23B9193FB10,DXGI,1,0,0,Composed: Flip,27785.0802,NA,20.86870000000000,8.43550000000000,0.24720000000000,0.45100000000000,20.6401,27764.3824,20.9450,20.6978,0.2472,0.6274,20.5214,9.0216,11.4998,5.3434,27764.3824,NA
parkey.exe,41688,0x23B9193FB10,DXGI,1,0,0,Composed: Flip,27798.9115,NA,13.83130000000000,24.92850000000000,0.12140000000000,0.77820000000000,31.7373,27785.3274,13.7055,13.5841,0.1214,0.2913,14.0710,9.2460,4.8250,-3.9835,27785.3274,NA
parkey.exe,41688,0x23B9193FB10,DXGI,1,0,0,Composed: Flip,27819.7874,NA,20.87590000000000,16.75590000000000,0.16080000000000,0.42620000000000,27.6173,27799.0329,20.9153,20.7545,0.1608,0.6568,20.5239,8.9913,11.5326,-3.0504,27799.0329,NA
parkey.exe,41688,0x23B9193FB10,DXGI,1,0,0,Composed: Flip,27833.6434,NA,13.85600000000000,16.59840000000000,0.12040000000000,0.40790000000000,30.3597,27819.9482,13.8156,13.6952,0.1204,0.2987,13.8044,9.3116,4.4928,4.3169,27819.9482,NA
parkey.exe,41688,0x23B9193FB10,DXGI,1,0,0,Composed: Flip,27847.5627,NA,13.91930000000000,16.67790000000000,0.12830000000000,0.39070000000000,33.1183,27833.7638,13.9272,13.7989,0.1283,0.3085,13.8811,8.7243,5.1568,-2.8623,27833.7638,NA
parkey.exe,41688,0x23B9193FB10,DXGI,1,0,0,Composed: Flip,27868.4468,NA,20.88410000000000,16.68290000000000,0.13980000000000,0.78870000000000,28.9171,27847.6910,20.8956,20.7558,0.1398,0.3116,21.2329,9.2189,12.0140,-2.7557,27847.6910,NA
parkey.exe,41688,0x23B9193FB10,DXGI,1,0,0,Composed: Flip,27882.3025,NA,13.85570000000000,16.68000000000000,0.16670000000000,0.82070000000000,31.7414,27868.5866,13.8826,13.7159,0.1667,0.6489,13.8877,8.0572,5.8305,4.2156,27868.5866,NA
parkey.exe,41688,0x23B9193FB10,DXGI,1,0,0,Composed: Flip,27903.1678,NA,20.86530000000000,16.66340000000000,0.14400000000000,0.78950000000000,27.5395,27882.4692,20.8426,20.6986,0.1440,0.6540,20.8341,9.4815,11.3526,-2.7808,27882.4692,NA
parkey.exe,41688,0x23B9193FB10,DXGI,1,0,0,Composed: Flip,27917.0165,NA,13.84870000000000,6.97080000000000,0.13150000000000,0.40760000000000,20.6616,27903.3118,13.8362,13.7047,0.1315,0.6455,13.4668,7.5862,5.8806,13.8718,27903.3118,NA
parkey.exe,41688,0x23B9193FB10,DXGI,1,0,0,Composed: Flip,27930.9485,NA,13.93200000000000,26.40880000000000,0.14180000000000,0.79350000000000,33.1384,27917.1480,13.9423,13.8005,0.1418,0.6332,13.9608,8.7163,5.2445,-12.5726,27917.1480,NA
parkey.exe,41688,0x23B9193FB10,DXGI,1,0,0,Composed: Flip,27951.7559,NA,20.80740000000000,16.67570000000000,0.16380000000000,0.40220000000000,29.0067,27931.0903,20.8294,20.6656,0.1638,0.6517,20.4161,8.9868,11.4293,-2.7334,27931.0903,NA
parkey.exe,41688,0x23B9193FB10,DXGI,1,0,0,Composed: Flip,27965.6552,NA,13.89930000000000,16.69290000000000,0.11660000000000,0.85660000000000,31.8003,27951.9197,13.8521,13.7355,0.1166,0.2960,14.2961,9.2660,5.0301,4.1365,27951.9197,NA
