Application,ProcessID,SwapChainAddress,PresentRuntime,SyncInterval,PresentFlags,AllowsTearing,PresentMode,TimeInMs,MsBetweenSimulationStart,MsBetweenPresents,MsBetweenDisplayChange,MsInPresentAPI,MsRenderPresentLatency,MsUntilDisplayed,CPUStartTimeInMs,MsBetweenAppStart,MsCPUBusy,MsCPUWait,MsGPULatency,MsGPUTime,MsGPUBusy,MsGPUWait,MsAnimationError,AnimationTime,MsFlipDelay
parkey.exe,39100,0x0,Other,-1,0,0,Composed: Copy with GPU GDI,8025.8104,NA,16.41490000000000,16.69490000000000,0.00000000000000,6.13150000000000,26.4729,8009.3955,16.4149,16.4149,0.0000,16.2126,6.3338,6.3338,0.0000,0.2143,8009.3955,NA
parkey.exe,39100,0x0,Other,-1,0,0,Composed: Copy with GPU GDI,8042.2786,NA,16.46820000000000,16.68670000000000,0.00000000000000,7.41140000000000,26.6914,8025.8104,16.4682,16.4682,0.0000,16.2611,7.6185,7.6185,0.0000,-0.2718,8025.8104,NA
parkey.exe,39100,0x0,Other,-1,0,0,Composed: Copy with GPU GDI,8059.3636,NA,17.08500000000000,16.74030000000000,0.00000000000000,6.20710000000000,26.3467,8042.2786,17.0850,17.0850,0.0000,16.8611,6.4310,6.4310,0.0000,-0.2721,8042.2786,NA
parkey.exe,39100,0x0,Other,-1,0,0,Composed: Copy with GPU GDI,8076.1579,NA,16.79430000000000,16.60360000000000,0.00000000000000,7.48000000000000,26.1560,8059.3636,16.7943,16.7943,0.0000,16.5248,7.7495,7.7495,0.0000,0.4814,8059.3636,NA
parkey.exe,39100,0x0,Other,-1,0,0,Composed: Copy with GPU GDI,8092.8086,NA,16.65070000000000,16.67610000000000,0.00000000000000,8.64150000000000,26.1814,8076.1579,16.6507,16.6507,0.0000,16.4423,8.8499,8.8499,0.0000,0.1182,8076.1579,NA
parkey.exe,39100,0x0,Other,-1,0,0,Composed: Copy with GPU GDI,8109.2475,NA,16.43890000000000,16.68920000000000,0.00000000000000,6.14860000000000,26.4317,8092.8086,16.4389,16.4389,0.0000,16.2376,6.3499,6.3499,0.0000,-0.0385,8092.8086,NA
parkey.exe,39100,0x0,Other,-1,0,0,Composed: Copy with GPU GDI,8125.5104,NA,16.26290000000000,16.69300000000000,0.00000000000000,6.15480000000000,26.8618,8109.2475,16.2629,16.2629,0.0000,16.0903,6.3274,6.3274,0.0000,-0.2541,8109.2475,NA
parkey.exe,39100,0x0,Other,-1,0,0,Composed: Copy with GPU GDI,8142.4323,NA,16.92190000000000,16.65550000000000,0.00000000000000,6.01510000000000,26.5954,8125.5104,16.9219,16.9219,0.0000,16.7164,6.2206,6.2206,0.0000,-0.3926,8125.5104,NA
parkey.exe,39100,0x0,Other,-1,0,0,Composed: Copy with GPU GDI,8159.1588,NA,16.72650000000000,16.68200000000000,0.00000000000000,7.54150000000000,26.5509,8142.4323,16.7265,16.7265,0.0000,16.5175,7.7505,7.7505,0.0000,0.2399,8142.4323,NA
parkey.exe,39100,0x0,Other,-1,0,0,Composed: Copy with GPU GDI,8175.5428,NA,16.38400000000000,16.69060000000000,0.00000000000000,8.60580000000000,26.8575,8159.1588,16.3840,16.3840,0.0000,16.2013,8.7885,8.7885,0.0000,0.0359,8159.1588,NA
parkey.exe,39100,0x0,Other,-1,0,0,Composed: Copy with GPU GDI,8192.2988,NA,16.75600000000000,16.67590000000000,0.00000000000000,6.15260000000000,26.7774,8175.5428,16.7560,16.7560,0.0000,16.5798,6.3288,6.3288,0.0000,-0.2919,8175.5428,NA
parkey.exe,39100,0x0,Other,-1,0,0,Composed: Copy with GPU GDI,8208.9740,NA,16.67520000000000,16.68000000000000,0.00000000000000,7.45450000000000,26.7822,8192.2988,16.6752,16.6752,0.0000,16.4929,7.6368,7.6368,0.0000,0.0760,8192.2988,NA
parkey.exe,39100,0x0,Other,-1,0,0,Composed: Copy with GPU GDI,8225.7547,NA,16.78070000000000,16.67990000000000,0.00000000000000,6.14810000000000,26.6814,8208.9740,16.7807,16.7807,0.0000,16.5822,6.3466,6.3466,0.0000,-0.0047,8208.9740,NA
parkey.exe,39100,0x0,Other,-1,0,0,Composed: Copy with GPU GDI,8242.4061,NA,16.65140000000000,16.67590000000000,0.00000000000000,7.57470000000000,26.7059,8225.7547,16.6514,16.6514,0.0000,16.4862,7.7399,7.7399,0.0000,0.1048,8225.7547,NA
parkey.exe,39100,0x0,Other,-1,0,0,Composed: Copy with GPU GDI,8258.9749,NA,16.56880000000000,16.68700000000000,0.00000000000000,8.51340000000000,26.8241,8242.4061,16.5688,16.5688,0.0000,16.3637,8.7185,8.7185,0.0000,-0.0356,8242.4061,NA
parkey.exe,39100,0x0,Other,-1,0,0,Composed: Copy with GPU GDI,8275.4264,NA,16.45150000000000,16.67850000000000,0.00000000000000,6.12960000000000,27.0511,8258.9749,16.4515,16.4515,0.0000,16.2865,6.2946,6.2946,0.0000,-0.1097,8258.9749,NA
parkey.exe,39100,0x0,Other,-1,0,0,Composed: Copy with GPU GDI,8292.7062,NA,17.27980000000000,16.68260000000000,0.00000000000000,7.41420000000000,26.4539,8275.4264,17.2798,17.2798,0.0000,17.0687,7.6253,7.6075,0.0178,-0.2311,8275.4264,NA
parkey.exe,39100,0x0,Other,-1,0,0,Composed: Copy with GPU GDI,8308.9368,NA,16.23060000000000,16.68050000000000,0.00000000000000,6.06730000000000,26.9038,8292.7062,16.2306,16.2306,0.0000,16.0776,6.2203,6.2203,0.0000,0.5993,8292.7062,NA
parkey.exe,39100,0x0,Other,-1,0,0,Composed: Copy with GPU GDI,8325.6907,NA,16.75390000000000,16.67850000000000,0.00000000000000,6.14260000000000,26.8284,8308.9368,16.7539,16.7539,0.0000,16.5424,6.3541,6.3541,0.0000,-0.4479,8308.9368,NA
parkey.exe,39100,0x0,Other,-1,0,0,Composed: Copy with GPU GDI,8342.3547,NA,16.66400000000000,16.71720000000000,0.00000000000000,8.52480000000000,26.8816,8325.6907,16.6640,16.6640,0.0000,16.4561,8.7327,8.7327,0.0000,0.0367,8325.6907,NA
parkey.exe,39100,0x0,Other,-1,0,0,Composed: Copy with GPU GDI,8359.1900,NA,16.83530000000000,16.64880000000000,0.00000000000000,6.11050000000000,26.6951,8342.3547,16.8353,16.8353,0.0000,16.6308,6.3150,6.3150,0.0000,0.0152,8342.3547,NA
parkey.exe,39100,0x0,Other,-1,0,0,Composed: Copy with GPU GDI,8375.4403,NA,16.25030000000000,16.67890000000000,0.00000000000000,7.44610000000000,27.1237,8359.1900,16.2503,16.2503,0.0000,16.0860,7.6104,7.6104,0.0000,0.1564,8359.1900,NA
parkey.exe,39100,0x0,Other,-1,0,0,Composed: Copy with GPU GDI,8392.5602,NA,17.11990000000000,16.67110000000000,0.00000000000000,5.98480000000000,26.6749,8375.4403,17.1199,17.1199,0.0000,16.9054,6.1993,6.1993,0.0000,-0.4208,8375.4403,NA
parkey.exe,39100,0x0,Other,-1,0,0,Composed: Copy with GPU GDI,8408.7915,NA,16.23130000000000,16.68600000000000,0.00000000000000,7.48970000000000,27.1296,8392.5602,16.2313,16.2313,0.0000,16.0629,7.6581,7.6581,0.0000,0.4339,8392.5602,NA
parkey.exe,39100,0x0,Other,-1,0,0,Composed: Copy with GPU GDI,8425.8723,NA,17.08080000000000,16.67590000000000,0.00000000000000,7.71840000000000,26.7247,8408.7915,17.0808,17.0808,0.0000,16.8967,7.9025,7.9025,0.0000,-0.4446,8408.7915,NA
parkey.exe,39100,0x0,Other,-1,0,0,Composed: Copy with GPU GDI,8442.3494,NA,16.47710000000000,16.68120000000000,0.00000000000000,6.12290000000000,26.9288,8425.8723,16.4771,16.4771,0.0000,16.2864,6.3136,6.3136,0.0000,0.3996,8425.8723,NA
parkey.exe,39100,0x0,Other,-1,0,0,Composed: Copy with GPU GDI,8458.9381,NA,16.58870000000000,16.68040000000000,0.00000000000000,7.36130000000000,27.0205,8442.3494,16.5887,16.5887,0.0000,16.4059,7.5441,7.5441,0.0000,-0.2033,8442.3494,NA
parkey.exe,39100,0x0,Other,-1,0,0,Composed: Copy with GPU GDI,8475.6709,NA,16.73280000000000,16.67660000000000,0.00000000000000,6.73190000000000,26.9643,8458.9381,16.7328,16.7328,0.0000,16.5395,6.9252,6.9252,0.0000,-0.0879,8458.9381,NA
parkey.exe,39100,0x0,Other,-1,0,0,Composed: Copy with GPU GDI,8492.3710,NA,16.70010000000000,16.68140000000000,0.00000000000000,7.50600000000000,26.9456,8475.6709,16.7001,16.7001,0.0000,16.5096,7.6965,7.6965,0.0000,0.0514,8475.6709,NA
parkey.exe,39100,0x0,Other,-1,0,0,Composed: Copy with GPU GDI,8508.9586,NA,16.58760000000000,16.68410000000000,0.00000000000000,8.58590000000000,27.0421,8492.3710,16.5876,16.5876,0.0000,16.3992,8.7743,8.7743,0.0000,0.0160,8492.3710,NA
parkey.exe,39100,0x0,Other,-1,0,0,Composed: Copy with GPU GDI,8525.9071,NA,16.94850000000000,16.68060000000000,0.00000000000000,6.13960000000000,26.7742,8508.9586,16.9485,16.9485,0.0000,16.7923,6.2958,6.2958,0.0000,-0.0930,8508.9586,NA
parkey.exe,39100,0x0,Other,-1,0,0,Composed: Copy with GPU GDI,8542.1179,NA,16.21080000000000,16.68270000000000,0.00000000000000,7.62650000000000,27.2461,8525.9071,16.2108,16.2108,0.0000,16.0565,7.7808,7.7808,0.0000,0.2658,8525.9071,NA
parkey.exe,39100,0x0,Other,-1,0,0,Composed: Copy with GPU GDI,8559.1241,NA,17.00620000000000,16.68170000000000,0.00000000000000,6.01250000000000,26.9216,8542.1179,17.0062,17.0062,0.0000,16.8095,6.2092,6.2092,0.0000,-0.4709,8542.1179,NA
parkey.exe,39100,0x0,Other,-1,0,0,Composed: Copy with GPU GDI,8575.7706,NA,16.64650000000000,16.67390000000000,0.00000000000000,7.49190000000000,26.9490,8559.1241,16.6465,16.6465,0.0000,16.4488,7.6896,7.6896,0.0000,0.3323,8559.1241,NA
parkey.exe,39100,0x0,Other,-1,0,0,Composed: Copy with GPU GDI,8592.3141,NA,16.54350000000000,16.67070000000000,0.00000000000000,8.55330000000000,27.0762,8575.7706,16.5435,16.5435,0.0000,16.3517,8.7451,8.7451,0.0000,-0.0242,8575.7706,NA
parkey.exe,39100,0x0,Other,-1,0,0,Composed: Copy with GPU GDI,8608.9688,NA,16.65470000000000,16.69810000000000,0.00000000000000,6.09180000000000,27.1196,8592.3141,16.6547,16.6547,0.0000,16.4489,6.2976,6.2976,0.0000,-0.1546,8592.3141,NA
parkey.exe,39100,0x0,Other,-1,0,0,Composed: Copy with GPU GDI,8625.6028,NA,16.63400000000000,16.68660000000000,0.00000000000000,6.13540000000000,27.1722,8608.9688,16.6340,16.6340,0.0000,16.4297,6.3397,6.3397,0.0000,-0.0319,8608.9688,NA
parkey.exe,39100,0x0,Other,-1,0,0,Composed: Copy with GPU GDI,8642.3106,NA,16.70780000000000,16.66680000000000,0.00000000000000,6.36480000000000,27.1312,8625.6028,16.7078,16.7078,0.0000,16.5281,6.5445,6.5445,0.0000,-0.0328,8625.6028,NA
parkey.exe,39100,0x0,Other,-1,0,0,Composed: Copy with GPU GDI,8659.3393,NA,17.02870000000000,16.67960000000000,0.00000000000000,7.46700000000000,26.7821,8642.3106,17.0287,17.0287,0.0000,16.7806,7.7151,7.7151,0.0000,0.0282,8642.3106,NA
parkey.exe,39100,0x0,Other,-1,0,0,Composed: Copy with GPU GDI,8676.0879,NA,16.74860000000000,16.61190000000000,0.00000000000000,8.37510000000000,26.6454,8659.3393,16.7486,16.7486,0.0000,16.5253,8.5984,8.5984,0.0000,0.4168,8659.3393,NA
parkey.exe,39100,0x0,Other,-1,0,0,Composed: Copy with GPU GDI,8692.8021,NA,16.71420000000000,16.76630000000000,0.00000000000000,6.07350000000000,26.6975,8676.0879,16.7142,16.7142,0.0000,16.4699,6.3178,6.3178,0.0000,-0.0177,8676.0879,NA
parkey.exe,39100,0x0,Other,-1,0,0,Composed: Copy with GPU GDI,8709.2952,NA,16.49310000000000,16.66860000000000,0.00000000000000,7.49610000000000,26.8730,8692.8021,16.4931,16.4931,0.0000,16.2397,7.7495,7.6764,0.0731,0.0456,8692.8021,NA
parkey.exe,39100,0x0,Other,-1,0,0,Composed: Copy with GPU GDI,8725.8361,NA,16.54090000000000,16.66900000000000,0.00000000000000,6.08710000000000,27.0011,8709.2952,16.5409,16.5409,0.0000,16.3342,6.2938,6.2938,0.0000,-0.1759,8709.2952,NA
parkey.exe,39100,0x0,Other,-1,0,0,Composed: Copy with GPU GDI,8742.0274,NA,16.19130000000000,16.69150000000000,0.00000000000000,7.59400000000000,27.5013,8725.8361,16.1913,16.1913,0.0000,16.0307,7.7546,7.7546,0.0000,-0.1506,8725.8361,NA
parkey.exe,39100,0x0,Other,-1,0,0,Composed: Copy with GPU GDI,8758.6100,NA,16.58260000000000,16.55540000000000,0.00000000000000,8.67480000000000,27.4741,8742.0274,16.5826,16.5826,0.0000,16.4417,8.8157,8.8157,0.0000,-0.3641,8742.0274,NA
parkey.exe,39100,0x0,Other,-1,0,0,Composed: Copy with GPU GDI,8777.2350,NA,18.62500000000000,16.80950000000000,0.00000000000000,6.05330000000000,25.6586,8758.6100,18.6250,18.6250,0.0000,18.3498,6.3285,6.3285,0.0000,-0.2269,8758.6100,NA
parkey.exe,39100,0x0,Other,-1,0,0,Composed: Copy with GPU GDI,8792.7338,NA,15.49880000000000,16.67620000000000,0.00000000000000,7.47260000000000,26.8360,8777.2350,15.4988,15.4988,0.0000,15.2524,7.7190,7.6859,0.0331,1.9488,8777.2350,NA
parkey.exe,39100,0x0,Other,-1,0,0,Composed: Copy with GPU GDI,8809.4472,NA,16.71340000000000,16.68230000000000,0.00000000000000,6.33790000000000,26.8049,8792.7338,16.7134,16.7134,0.0000,16.5000,6.5513,6.5513,0.0000,-1.1835,8792.7338,NA
parkey.exe,39100,0x0,Other,-1,0,0,Composed: Copy with GPU GDI,8825.6270,NA,16.17980000000000,16.66950000000000,0.00000000000000,6.15870000000000,27.2946,8809.4472,16.1798,16.1798,0.0000,15.9910,6.3475,6.3475,0.0000,0.0439,8809.4472,NA
parkey.exe,39100,0x0,Other,-1,0,0,Composed: Copy with GPU GDI,8841.9465,NA,16.31950000000000,16.50360000000000,0.00000000000000,8.30150000000000,27.4787,8825.6270,16.3195,16.3195,0.0000,16.1656,8.4554,8.4554,0.0000,-0.3238,8825.6270,NA
parkey.exe,39100,0x0,Other,-1,0,0,Composed: Copy with GPU GDI,8858.6398,NA,16.69330000000000,16.85390000000000,0.00000000000000,6.15260000000000,27.6393,8841.9465,16.6933,16.6933,0.0000,16.5287,6.3172,6.3172,0.0000,-0.5344,8841.9465,NA
parkey.exe,39100,0x0,Other,-1,0,0,Composed: Copy with GPU GDI,8875.4699,NA,16.83010000000000,16.69210000000000,0.00000000000000,7.57170000000000,27.5013,8858.6398,16.8301,16.8301,0.0000,16.6487,7.7531,7.7531,0.0000,0.0012,8858.6398,NA
parkey.exe,39100,0x0,Other,-1,0,0,Composed: Copy with GPU GDI,8891.9047,NA,16.43480000000000,16.66780000000000,0.00000000000000,7.83060000000000,27.7343,8875.4699,16.4348,16.4348,0.0000,16.2846,7.9808,7.9808,0.0000,0.1623,8875.4699,NA
parkey.exe,39100,0x0,Other,-1,0,0,Composed: Copy with GPU GDI,8908.6714,NA,16.76670000000000,16.69460000000000,0.00000000000000,7.50430000000000,27.6622,8891.9047,16.7667,16.7667,0.0000,16.5947,7.6763,7.6763,0.0000,-0.2598,8891.9047,NA
parkey.exe,39100,0x0,Other,-1,0,0,Composed: Copy with GPU GDI,8925.1367,NA,16.46530000000000,9.55080000000000,0.00000000000000,7.97760000000000,20.7477,8908.6714,16.4653,16.4653,0.0000,16.3317,8.1112,8.1112,0.0000,7.2159,8908.6714,NA
parkey.exe,39100,0x0,Other,-1,0,0,Composed: Copy with GPU GDI,8941.6350,NA,16.49830000000000,23.80080000000000,0.00000000000000,6.23160000000000,28.0502,8925.1367,16.4983,16.4983,0.0000,16.3813,6.3486,6.3486,0.0000,-7.3355,8925.1367,NA
parkey.exe,39100,0x0,Other,-1,0,0,Composed: Copy with GPU GDI,8958.2901,NA,16.65510000000000,16.67860000000000,0.00000000000000,7.64430000000000,28.0737,8941.6350,16.6551,16.6551,0.0000,16.5368,7.7626,7.7626,0.0000,-0.1803,8941.6350,NA
parkey.exe,39100,0x0,Other,-1,0,0,Composed: Copy with GPU GDI,8975.1343,NA,16.84420000000000,16.68170000000000,0.00000000000000,6.96550000000000,27.9112,8958.2901,16.8442,16.8442,0.0000,16.7118,7.0979,7.0979,0.0000,-0.0266,8958.2901,NA
parkey.exe,39100,0x0,Other,-1,0,0,Composed: Copy with GPU GDI,8991.8842,NA,16.74990000000000,16.69630000000000,0.00000000000000,7.57780000000000,27.8576,8975.1343,16.7499,16.7499,0.0000,16.6221,7.7056,7.7056,0.0000,0.1479,8975.1343,NA
parkey.exe,39100,0x0,Other,-1,0,0,Composed: Copy with GPU GDI,9008.4710,NA,16.58680000000000,16.65760000000000,0.00000000000000,8.66250000000000,27.9284,8991.8842,16.5868,16.5868,0.0000,16.4686,8.7807,8.7807,0.0000,0.0923,8991.8842,NA
parkey.exe,39100,0x0,Other,-1,0,0,Composed: Copy with GPU GDI,9025.2769,NA,16.80590000000000,16.69330000000000,0.00000000000000,6.16110000000000,27.8158,9008.4710,16.8059,16.8059,0.0000,16.6458,6.3212,6.3212,0.0000,-0.1065,9008.4710,NA
parkey.exe,39100,0x0,Other,-1,0,0,Composed: Copy with GPU GDI,9041.7036,NA,16.42670000000000,16.68780000000000,0.00000000000000,7.66700000000000,28.0769,9025.2769,16.4267,16.4267,0.0000,16.3029,7.7908,7.7908,0.0000,0.1181,9025.2769,NA
parkey.exe,39100,0x0,Other,-1,0,0,Composed: Copy with GPU GDI,9058.6222,NA,16.91860000000000,16.66880000000000,0.00000000000000,6.85300000000000,27.8271,9041.7036,16.9186,16.9186,0.0000,16.7677,7.0039,7.0039,0.0000,-0.2421,9041.7036,NA
parkey.exe,39100,0x0,Other,-1,0,0,Composed: Copy with GPU GDI,9075.1167,NA,16.49450000000000,16.67930000000000,0.00000000000000,7.57230000000000,28.0119,9058.6222,16.4945,16.4945,0.0000,16.3640,7.7028,7.7028,0.0000,0.2393,9058.6222,NA
parkey.exe,39100,0x0,Other,-1,0,0,Composed: Copy with GPU GDI,9091.6719,NA,16.55520000000000,16.34210000000000,0.00000000000000,8.63130000000000,27.7988,9075.1167,16.5552,16.5552,0.0000,16.4201,8.7664,8.7664,0.0000,0.1524,9075.1167,NA
parkey.exe,39100,0x0,Other,-1,0,0,Composed: Copy with GPU GDI,9108.3128,NA,16.64090000000000,17.01550000000000,0.00000000000000,6.16200000000000,28.1734,9091.6719,16.6409,16.6409,0.0000,16.5025,6.3004,6.3004,0.0000,-0.4603,9091.6719,NA
parkey.exe,39100,0x0,Other,-1,0,0,Composed: Copy with GPU GDI,9124.8762,NA,16.56340000000000,16.68180000000000,0.00000000000000,6.20800000000000,28.2918,9108.3128,16.5634,16.5634,0.0000,16.4546,6.3168,6.3168,0.0000,-0.0409,9108.3128,NA
parkey.exe,39100,0x0,Other,-1,0,0,Composed: Copy with GPU GDI,9141.9137,NA,17.03750000000000,16.67600000000000,0.00000000000000,6.87700000000000,27.9303,9124.8762,17.0375,17.0375,0.0000,16.9071,7.0074,7.0074,0.0000,-0.1126,9124.8762,NA
parkey.exe,39100,0x0,Other,-1,0,0,Composed: Copy with GPU GDI,9158.3415,NA,16.42780000000000,16.68860000000000,0.00000000000000,7.50590000000000,28.1911,9141.9137,16.4278,16.4278,0.0000,16.3160,7.6177,7.6177,0.0000,0.3489,9141.9137,NA
parkey.exe,39100,0x0,Other,-1,0,0,Composed: Copy with GPU GDI,9175.0673,NA,16.72580000000000,16.27880000000000,0.00000000000000,8.63120000000000,27.7441,9158.3415,16.7258,16.7258,0.0000,16.5921,8.7649,8.7649,0.0000,0.1490,9158.3415,NA
parkey.exe,39100,0x0,Other,-1,0,0,Composed: Copy with GPU GDI,9191.7395,NA,16.67220000000000,17.07670000000000,0.00000000000000,6.16980000000000,28.1486,9175.0673,16.6722,16.6722,0.0000,16.5480,6.2940,6.2940,0.0000,-0.3509,9175.0673,NA
parkey.exe,39100,0x0,Other,-1,0,0,Composed: Copy with GPU GDI,9208.2551,NA,16.51560000000000,16.67630000000000,0.00000000000000,7.63190000000000,28.3093,9191.7395,16.5156,16.5156,0.0000,16.4013,7.7462,7.7462,0.0000,-0.0041,9191.7395,NA
parkey.exe,39100,0x0,Other,-1,0,0,Composed: Copy with GPU GDI,9225.7519,NA,17.49680000000000,16.68960000000000,0.00000000000000,6.01560000000000,27.5021,9208.2551,17.4968,17.4968,0.0000,17.1866,6.3258,6.3258,0.0000,-0.1740,9208.2551,NA
parkey.exe,39100,0x0,Other,-1,0,0,Composed: Copy with GPU GDI,9242.0627,NA,16.31080000000000,16.67410000000000,0.00000000000000,8.29930000000000,27.8654,9225.7519,16.3108,16.3108,0.0000,16.1963,8.4138,8.4138,0.0000,0.8227,9225.7519,NA
parkey.exe,39100,0x0,Other,-1,0,0,Composed: Copy with GPU GDI,9258.2941,NA,16.23140000000000,16.23680000000000,0.00000000000000,8.67580000000000,27.8708,9242.0627,16.2314,16.2314,0.0000,16.1223,8.7849,8.7849,0.0000,0.0740,9242.0627,NA
parkey.exe,39100,0x0,Other,-1,0,0,Composed: Copy with GPU GDI,9275.0776,NA,16.78350000000000,17.11980000000000,0.00000000000000,6.20000000000000,28.2071,9258.2941,16.7835,16.7835,0.0000,16.6629,6.3206,6.3206,0.0000,-0.8884,9258.2941,NA
parkey.exe,39100,0x0,Other,-1,0,0,Composed: Copy with GPU GDI,9291.6122,NA,16.53460000000000,16.68780000000000,0.00000000000000,7.59520000000000,28.3603,9275.0776,16.5346,16.5346,0.0000,16.4277,7.7021,7.7021,0.0000,0.0957,9275.0776,NA
parkey.exe,39100,0x0,Other,-1,0,0,Composed: Copy with GPU GDI,9308.2626,NA,16.65040000000000,16.67220000000000,0.00000000000000,7.34330000000000,28.3821,9291.6122,16.6504,16.6504,0.0000,16.6359,7.3578,7.3578,0.0000,-0.1376,9291.6122,NA
parkey.exe,39100,0x0,Other,-1,0,0,Composed: Copy with GPU GDI,9324.8939,NA,16.63130000000000,16.68830000000000,0.00000000000000,6.20730000000000,28.4391,9308.2626,16.6313,16.6313,0.0000,16.5201,6.3185,6.3185,0.0000,-0.0379,9308.2626,NA
parkey.exe,39100,0x0,Other,-1,0,0,Composed: Copy with GPU GDI,9341.6495,NA,16.75560000000000,16.17570000000000,0.00000000000000,8.67580000000000,27.8592,9324.8939,16.7556,16.7556,0.0000,16.6483,8.7831,8.7831,0.0000,0.4556,9324.8939,NA
parkey.exe,39100,0x0,Other,-1,0,0,Composed: Copy with GPU GDI,9358.2588,NA,16.60930000000000,17.17780000000000,0.00000000000000,6.17570000000000,28.4277,9341.6495,16.6093,16.6093,0.0000,16.4822,6.3028,6.3028,0.0000,-0.4222,9341.6495,NA
parkey.exe,39100,0x0,Other,-1,0,0,Composed: Copy with GPU GDI,9375.1496,NA,16.89080000000000,16.68430000000000,0.00000000000000,7.50520000000000,28.2212,9358.2588,16.8908,16.8908,0.0000,16.7295,7.6665,7.6665,0.0000,-0.0750,9358.2588,NA
parkey.exe,39100,0x0,Other,-1,0,0,Composed: Copy with GPU GDI,9391.6906,NA,16.54100000000000,16.67490000000000,0.00000000000000,7.38530000000000,28.3551,9375.1496,16.5410,16.5410,0.0000,16.5049,7.4214,7.4214,0.0000,0.2159,9375.1496,NA
parkey.exe,39100,0x0,Other,-1,0,0,Composed: Copy with GPU GDI,9408.5420,NA,16.85140000000000,16.68790000000000,0.00000000000000,7.55540000000000,28.1916,9391.6906,16.8514,16.8514,0.0000,16.7329,7.6739,7.6739,0.0000,-0.1469,9391.6906,NA
parkey.exe,39100,0x0,Other,-1,0,0,Composed: Copy with GPU GDI,9425.2333,NA,16.69130000000000,9.25560000000000,0.00000000000000,7.96480000000000,20.7559,9408.5420,16.6913,16.6913,0.0000,16.5396,8.1165,8.1165,0.0000,7.5958,9408.5420,NA
parkey.exe,39100,0x0,Other,-1,0,0,Composed: Copy with GPU GDI,9442.0890,NA,16.85570000000000,24.11930000000000,0.00000000000000,6.14250000000000,28.0195,9425.2333,16.8557,16.8557,0.0000,16.6764,6.3218,6.3218,0.0000,-7.4280,9425.2333,NA
parkey.exe,39100,0x0,Other,-1,0,0,Composed: Copy with GPU GDI,9458.6576,NA,16.56860000000000,16.67080000000000,0.00000000000000,7.57780000000000,28.1217,9442.0890,16.5686,16.5686,0.0000,16.4077,7.7387,7.7387,0.0000,0.1849,9442.0890,NA
parkey.exe,39100,0x0,Other,-1,0,0,Composed: Copy with GPU GDI,9475.3599,NA,16.70230000000000,16.66970000000000,0.00000000000000,6.94850000000000,28.0891,9458.6576,16.7023,16.7023,0.0000,16.5330,7.1178,7.1178,0.0000,-0.1011,9458.6576,NA
parkey.exe,39100,0x0,Other,-1,0,0,Composed: Copy with GPU GDI,9492.1885,NA,16.82860000000000,16.68660000000000,0.00000000000000,7.53650000000000,27.9471,9475.3599,16.8286,16.8286,0.0000,16.6571,7.7080,7.7080,0.0000,0.0157,9475.3599,NA
parkey.exe,39100,0x0,Other,-1,0,0,Composed: Copy with GPU GDI,9508.5815,NA,16.39300000000000,16.68510000000000,0.00000000000000,8.62930000000000,28.2392,9492.1885,16.3930,16.3930,0.0000,16.2573,8.7650,8.7650,0.0000,0.1435,9492.1885,NA
parkey.exe,39100,0x0,Other,-1,0,0,Composed: Copy with GPU GDI,9525.1753,NA,16.59380000000000,16.67670000000000,0.00000000000000,6.16200000000000,28.3221,9508.5815,16.5938,16.5938,0.0000,16.4459,6.3099,6.3099,0.0000,-0.2837,9508.5815,NA
parkey.exe,39100,0x0,Other,-1,0,0,Composed: Copy with GPU GDI,9541.7122,NA,16.53690000000000,16.67960000000000,0.00000000000000,7.63360000000000,28.4648,9525.1753,16.5369,16.5369,0.0000,16.4132,7.7573,7.7573,0.0000,-0.0858,9525.1753,NA
parkey.exe,39100,0x0,Other,-1,0,0,Composed: Copy with GPU GDI,9558.3534,NA,16.64120000000000,16.67440000000000,0.00000000000000,7.42940000000000,28.4980,9541.7122,16.6412,16.6412,0.0000,16.6473,7.4233,7.4233,0.0000,-0.1375,9541.7122,NA
parkey.exe,39100,0x0,Other,-1,0,0,Composed: Copy with GPU GDI,9574.9916,NA,16.63820000000000,16.68110000000000,0.00000000000000,7.55490000000000,28.5409,9558.3534,16.6382,16.6382,0.0000,16.5017,7.6914,7.6914,0.0000,-0.0399,9558.3534,NA
parkey.exe,39100,0x0,Other,-1,0,0,Composed: Copy with GPU GDI,9591.7359,NA,16.74430000000000,16.01970000000000,0.00000000000000,8.66570000000000,27.8163,9574.9916,16.7443,16.7443,0.0000,16.6167,8.7933,8.7933,0.0000,0.6185,9574.9916,NA
parkey.exe,39100,0x0,Other,-1,0,0,Composed: Copy with GPU GDI,9608.2871,NA,16.55120000000000,17.34200000000000,0.00000000000000,6.14620000000000,28.6071,9591.7359,16.5512,16.5512,0.0000,16.4057,6.2917,6.2917,0.0000,-0.5977,9591.7359,NA
parkey.exe,39100,0x0,Other,-1,0,0,Composed: Copy with GPU GDI,9624.8547,NA,16.56760000000000,16.67920000000000,0.00000000000000,6.21250000000000,28.7187,9608.2871,16.5676,16.5676,0.0000,16.4671,6.3130,6.3130,0.0000,-0.1280,9608.2871,NA
parkey.exe,39100,0x0,Other,-1,0,0,Composed: Copy with GPU GDI,9641.6436,NA,16.78890000000000,16.68220000000000,0.00000000000000,7.41020000000000,28.6120,9624.8547,16.7889,16.7889,0.0000,16.8239,7.3752,7.3752,0.0000,-0.1146,9624.8547,NA
parkey.exe,39100,0x0,Other,-1,0,0,Composed: Copy with GPU GDI,9658.2038,NA,16.56020000000000,16.67820000000000,0.00000000000000,7.62650000000000,28.7300,9641.6436,16.5602,16.5602,0.0000,16.4465,7.7402,7.7402,0.0000,0.1107,9641.6436,NA
parkey.exe,39100,0x0,Other,-1,0,0,Composed: Copy with GPU GDI,9675.1644,NA,16.96060000000000,15.97640000000000,0.00000000000000,8.67860000000000,27.7458,9658.2038,16.9606,16.9606,0.0000,16.8257,8.8135,8.8135,0.0000,0.5838,9658.2038,NA
parkey.exe,39100,0x0,Other,-1,0,0,Composed: Copy with GPU GDI,9691.7604,NA,16.59600000000000,17.38540000000000,0.00000000000000,6.16930000000000,28.5352,9675.1644,16.5960,16.5960,0.0000,16.4656,6.2997,6.2997,0.0000,-0.4248,9675.1644,NA
parkey.exe,39100,0x0,Other,-1,0,0,Composed: Copy with GPU GDI,9708.1862,NA,16.42580000000000,16.67860000000000,0.00000000000000,8.27160000000000,28.7880,9691.7604,16.4258,16.4258,0.0000,16.3090,8.3884,8.3884,0.0000,-0.0826,9691.7604,NA
parkey.exe,39100,0x0,Other,-1,0,0,Composed: Copy with GPU GDI,9724.8931,NA,16.70690000000000,16.68730000000000,0.00000000000000,6.23250000000000,28.7684,9708.1862,16.7069,16.7069,0.0000,16.5952,6.3442,6.3442,0.0000,-0.2615,9708.1862,NA
parkey.exe,39100,0x0,Other,-1,0,0,Composed: Copy with GPU GDI,9741.6477,NA,16.75460000000000,16.67800000000000,0.00000000000000,7.64900000000000,28.6918,9724.8931,16.7546,16.7546,0.0000,16.6388,7.7648,7.7648,0.0000,0.0289,9724.8931,NA
parkey.exe,39100,0x0,Other,-1,0,0,Composed: Copy with GPU GDI,9758.5488,NA,16.90110000000000,15.92010000000000,0.00000000000000,8.61930000000000,27.7108,9741.6477,16.9011,16.9011,0.0000,16.7397,8.7807,8.7807,0.0000,0.8345,9741.6477,NA
parkey.exe,39100,0x0,Other,-1,0,0,Composed: Copy with GPU GDI,9775.1498,NA,16.60100000000000,17.43710000000000,0.00000000000000,6.14390000000000,28.5469,9758.5488,16.6010,16.6010,0.0000,16.4602,6.2847,6.2847,0.0000,-0.5360,9758.5488,NA
parkey.exe,39100,0x0,Other,-1,0,0,Composed: Copy with GPU GDI,9791.5487,NA,16.39890000000000,16.68120000000000,0.00000000000000,8.35020000000000,28.8292,9775.1498,16.3989,16.3989,0.0000,16.2843,8.4648,8.4648,0.0000,-0.0802,9775.1498,NA
parkey.exe,39100,0x0,Other,-1,0,0,Composed: Copy with GPU GDI,9808.3824,NA,16.83370000000000,16.67850000000000,0.00000000000000,7.32350000000000,28.6740,9791.5487,16.8337,16.8337,0.0000,16.7036,7.4536,7.4536,0.0000,-0.2796,9791.5487,NA
parkey.exe,39100,0x0,Other,-1,0,0,Composed: Copy with GPU GDI,9825.1199,NA,16.73750000000000,16.68040000000000,0.00000000000000,6.15730000000000,28.6169,9808.3824,16.7375,16.7375,0.0000,16.5724,6.3224,6.3224,0.0000,0.1533,9808.3824,NA
parkey.exe,39100,0x0,Other,-1,0,0,Composed: Copy with GPU GDI,9841.6122,NA,16.49230000000000,15.85840000000000,0.00000000000000,8.66780000000000,27.9830,9825.1199,16.4923,16.4923,0.0000,16.3780,8.7821,8.7821,0.0000,0.8791,9825.1199,NA
parkey.exe,39100,0x0,Other,-1,0,0,Composed: Copy with GPU GDI,9858.7169,NA,17.10470000000000,17.49990000000000,0.00000000000000,7.00230000000000,28.3782,9841.6122,17.1047,17.1047,0.0000,16.9267,7.1803,7.1803,0.0000,-1.0076,9841.6122,NA
parkey.exe,39100,0x0,Other,-1,0,0,Composed: Copy with GPU GDI,9875.0231,NA,16.30620000000000,16.68230000000000,0.00000000000000,8.30960000000000,28.7543,9858.7169,16.3062,16.3062,0.0000,16.1196,8.4962,8.4962,0.0000,0.4224,9858.7169,NA
parkey.exe,39100,0x0,Other,-1,0,0,Composed: Copy with GPU GDI,9891.7326,NA,16.70950000000000,16.67800000000000,0.00000000000000,8.22760000000000,28.7228,9875.0231,16.7095,16.7095,0.0000,16.5738,8.3633,8.3633,0.0000,-0.3718,9875.0231,NA
parkey.exe,39100,0x0,Other,-1,0,0,Composed: Copy with GPU GDI,9908.3320,NA,16.59940000000000,16.68140000000000,0.00000000000000,7.60390000000000,28.8048,9891.7326,16.5994,16.5994,0.0000,16.4858,7.7175,7.7175,0.0000,0.0281,9891.7326,NA
parkey.exe,39100,0x0,Other,-1,0,0,Composed: Copy with GPU GDI,9925.4484,NA,17.11640000000000,8.92110000000000,0.00000000000000,7.89340000000000,20.6095,9908.3320,17.1164,17.1164,0.0000,16.9291,8.0807,8.0807,0.0000,7.6783,9908.3320,NA
parkey.exe,39100,0x0,Other,-1,0,0,Composed: Copy with GPU GDI,9942.0078,NA,16.55940000000000,24.44310000000000,0.00000000000000,6.19810000000000,28.4932,9925.4484,16.5594,16.5594,0.0000,16.4147,6.3428,6.3428,0.0000,-7.3267,9925.4484,NA
parkey.exe,39100,0x0,Other,-1,0,0,Composed: Copy with GPU GDI,9958.2892,NA,16.28140000000000,16.67230000000000,0.00000000000000,8.37140000000000,28.8841,9942.0078,16.2814,16.2814,0.0000,16.1764,8.4764,8.4764,0.0000,-0.1129,9942.0078,NA
parkey.exe,39100,0x0,Other,-1,0,0,Composed: Copy with GPU GDI,9975.0101,NA,16.72090000000000,16.69200000000000,0.00000000000000,7.33230000000000,28.8552,9958.2892,16.7209,16.7209,0.0000,16.5936,7.4596,7.4596,0.0000,-0.4106,9958.2892,NA
parkey.exe,39100,0x0,Other,-1,0,0,Composed: Copy with GPU GDI,9991.5715,NA,16.56140000000000,16.67570000000000,0.00000000000000,7.57350000000000,28.9695,9975.0101,16.5614,16.5614,0.0000,16.4425,7.6924,7.6924,0.0000,0.0452,9975.0101,NA
parkey.exe,39100,0x0,Other,-1,0,0,Composed: Copy with GPU GDI,10008.4277,NA,16.85620000000000,16.67740000000000,0.00000000000000,8.59680000000000,28.7907,9991.5715,16.8562,16.8562,0.0000,16.6968,8.7562,8.7562,0.0000,-0.1160,9991.5715,NA
parkey.exe,39100,0x0,Other,-1,0,0,Composed: Copy with GPU GDI,10025.2097,NA,16.78200000000000,16.68970000000000,0.00000000000000,6.15000000000000,28.6984,10008.4277,16.7820,16.7820,0.0000,16.6302,6.3018,6.3018,0.0000,0.1665,10008.4277,NA
parkey.exe,39100,0x0,Other,-1,0,0,Composed: Copy with GPU GDI,10041.5210,NA,16.31130000000000,16.66550000000000,0.00000000000000,8.31470000000000,29.0526,10025.2097,16.3113,16.3113,0.0000,16.1947,8.4313,8.4313,0.0000,0.1165,10025.2097,NA
parkey.exe,39100,0x0,Other,-1,0,0,Composed: Copy with GPU GDI,10058.4704,NA,16.94940000000000,16.68510000000000,0.00000000000000,7.39920000000000,28.7883,10041.5210,16.9494,16.9494,0.0000,16.8933,7.4553,7.4553,0.0000,-0.3738,10041.5210,NA
parkey.exe,39100,0x0,Other,-1,0,0,Composed: Copy with GPU GDI,10075.1859,NA,16.71550000000000,16.67840000000000,0.00000000000000,7.56870000000000,28.7512,10058.4704,16.7155,16.7155,0.0000,16.5931,7.6911,7.6911,0.0000,0.2710,10058.4704,NA
parkey.exe,39100,0x0,Other,-1,0,0,Composed: Copy with GPU GDI,10091.6083,NA,16.42240000000000,15.70250000000000,0.00000000000000,8.69490000000000,28.0313,10075.1859,16.4224,16.4224,0.0000,16.3139,8.8034,8.8034,0.0000,1.0130,10075.1859,NA
parkey.exe,39100,0x0,Other,-1,0,0,Composed: Copy with GPU GDI,10108.2924,NA,16.68410000000000,17.66150000000000,0.00000000000000,6.17440000000000,29.0087,10091.6083,16.6841,16.6841,0.0000,16.5645,6.2940,6.2940,0.0000,-1.2391,10091.6083,NA
parkey.exe,39100,0x0,Other,-1,0,0,Composed: Copy with GPU GDI,10125.3505,NA,17.05810000000000,16.68100000000000,0.00000000000000,7.88900000000000,28.6316,10108.2924,17.0581,17.0581,0.0000,16.8609,8.0862,8.0862,0.0000,0.0031,10108.2924,NA
parkey.exe,39100,0x0,Other,-1,0,0,Composed: Copy with GPU GDI,10142.4017,NA,17.05120000000000,16.67610000000000,0.00000000000000,6.29530000000000,28.2565,10125.3505,17.0512,17.0512,0.0000,16.7905,6.5560,6.5560,0.0000,0.3820,10125.3505,NA
parkey.exe,39100,0x0,Other,-1,0,0,Composed: Copy with GPU GDI,10158.5620,NA,16.16030000000000,16.68520000000000,0.00000000000000,7.52320000000000,28.7814,10142.4017,16.1603,16.1603,0.0000,16.0220,7.6615,7.6615,0.0000,0.3660,10142.4017,NA
parkey.exe,39100,0x0,Other,-1,0,0,Composed: Copy with GPU GDI,10175.0539,NA,16.49190000000000,15.64770000000000,0.00000000000000,8.68610000000000,27.9372,10158.5620,16.4919,16.4919,0.0000,16.3771,8.8009,8.8009,0.0000,0.5126,10158.5620,NA
parkey.exe,39100,0x0,Other,-1,0,0,Composed: Copy with GPU GDI,10191.9121,NA,16.85820000000000,17.70810000000000,0.00000000000000,6.14910000000000,28.7871,10175.0539,16.8582,16.8582,0.0000,16.7102,6.2971,6.2971,0.0000,-1.2162,10175.0539,NA
parkey.exe,39100,0x0,Other,-1,0,0,Composed: Copy with GPU GDI,10208.3037,NA,16.39160000000000,16.68020000000000,0.00000000000000,8.29480000000000,29.0757,10191.9121,16.3916,16.3916,0.0000,16.2738,8.4126,8.4126,0.0000,0.1780,10191.9121,NA
parkey.exe,39100,0x0,Other,-1,0,0,Composed: Copy with GPU GDI,10224.9545,NA,16.65080000000000,16.68240000000000,0.00000000000000,6.87880000000000,29.1073,10208.3037,16.6508,16.6508,0.0000,16.5199,7.0097,7.0097,0.0000,-0.2908,10208.3037,NA
parkey.exe,39100,0x0,Other,-1,0,0,Composed: Copy with GPU GDI,10242.0985,NA,17.14400000000000,16.68410000000000,0.00000000000000,7.54460000000000,28.6474,10224.9545,17.1440,17.1440,0.0000,16.9702,7.7184,7.7184,0.0000,-0.0333,10224.9545,NA
parkey.exe,39100,0x0,Other,-1,0,0,Composed: Copy with GPU GDI,10258.5604,NA,16.46190000000000,15.59680000000000,0.00000000000000,8.59580000000000,27.7823,10242.0985,16.4619,16.4619,0.0000,16.3183,8.7394,8.7394,0.0000,1.5472,10242.0985,NA
parkey.exe,39100,0x0,Other,-1,0,0,Composed: Copy with GPU GDI,10274.9920,NA,16.43160000000000,17.76440000000000,0.00000000000000,6.17920000000000,29.1151,10258.5604,16.4316,16.4316,0.0000,16.3043,6.3065,6.3065,0.0000,-1.3025,10258.5604,NA
parkey.exe,39100,0x0,Other,-1,0,0,Composed: Copy with GPU GDI,10291.5774,NA,16.58540000000000,16.67620000000000,0.00000000000000,8.34050000000000,29.2059,10274.9920,16.5854,16.5854,0.0000,16.4789,8.4470,8.4470,0.0000,-0.2446,10274.9920,NA
parkey.exe,39100,0x0,Other,-1,0,0,Composed: Copy with GPU GDI,10308.2674,NA,16.69000000000000,16.68610000000000,0.00000000000000,8.55920000000000,29.2020,10291.5774,16.6900,16.6900,0.0000,16.5636,8.6856,8.6856,0.0000,-0.1007,10291.5774,NA
parkey.exe,39100,0x0,Other,-1,0,0,Composed: Copy with GPU GDI,10325.0081,NA,16.74070000000000,16.67000000000000,0.00000000000000,6.14190000000000,29.1313,10308.2674,16.7407,16.7407,0.0000,16.5732,6.3094,6.3094,0.0000,0.0200,10308.2674,NA
parkey.exe,39100,0x0,Other,-1,0,0,Composed: Copy with GPU GDI,10341.9035,NA,16.89540000000000,15.53840000000000,0.00000000000000,8.71620000000000,27.7743,10325.0081,16.8954,16.8954,0.0000,16.7458,8.8658,8.8658,0.0000,1.2023,10325.0081,NA
parkey.exe,39100,0x0,Other,-1,0,0,Composed: Copy with GPU GDI,10358.3798,NA,16.47630000000000,17.84390000000000,0.00000000000000,6.17280000000000,29.1419,10341.9035,16.4763,16.4763,0.0000,16.3362,6.3129,6.3129,0.0000,-0.9485,10341.9035,NA
parkey.exe,39100,0x0,Other,-1,0,0,Composed: Copy with GPU GDI,10374.9655,NA,16.58570000000000,16.66320000000000,0.00000000000000,8.10010000000000,29.2194,10358.3798,16.5857,16.5857,0.0000,16.4306,8.2552,8.2552,0.0000,-0.1869,10358.3798,NA
parkey.exe,39100,0x0,Other,-1,0,0,Composed: Copy with GPU GDI,10392.0215,NA,17.05600000000000,16.67790000000000,0.00000000000000,7.25410000000000,28.8413,10374.9655,17.0560,17.0560,0.0000,16.8660,7.4441,7.4441,0.0000,-0.0922,10374.9655,NA
parkey.exe,39100,0x0,Other,-1,0,0,Composed: Copy with GPU GDI,10408.3922,NA,16.37070000000000,16.69180000000000,0.00000000000000,7.55330000000000,29.1624,10392.0215,16.3707,16.3707,0.0000,16.2457,7.6783,7.6783,0.0000,0.3642,10392.0215,NA
parkey.exe,39100,0x0,Other,-1,0,0,Composed: Copy with GPU GDI,10424.9012,NA,16.50900000000000,16.67410000000000,0.00000000000000,7.99980000000000,29.3275,10408.3922,16.5090,16.5090,0.0000,16.3979,8.1109,8.1109,0.0000,-0.3034,10408.3922,NA
parkey.exe,39100,0x0,Other,-1,0,0,Composed: Copy with GPU GDI,10441.8095,NA,16.90830000000000,16.67940000000000,0.00000000000000,7.22920000000000,29.0986,10424.9012,16.9083,16.9083,0.0000,16.7538,7.3837,7.3837,0.0000,-0.1704,10424.9012,NA
parkey.exe,39100,0x0,Other,-1,0,0,Composed: Copy with GPU GDI,10458.3096,NA,16.50010000000000,16.67810000000000,0.00000000000000,8.31490000000000,29.2766,10441.8095,16.5001,16.5001,0.0000,16.3704,8.4446,8.4446,0.0000,0.2302,10441.8095,NA
parkey.exe,39100,0x0,Other,-1,0,0,Composed: Copy with GPU GDI,10474.8792,NA,16.56960000000000,16.67820000000000,0.00000000000000,8.66120000000000,29.3852,10458.3096,16.5696,16.5696,0.0000,16.4610,8.7698,8.7698,0.0000,-0.1781,10458.3096,NA
parkey.exe,39100,0x0,Other,-1,0,0,Composed: Copy with GPU GDI,10491.5615,NA,16.68230000000000,16.68200000000000,0.00000000000000,7.47330000000000,29.3849,10474.8792,16.6823,16.6823,0.0000,16.5641,7.5915,7.5915,0.0000,-0.1124,10474.8792,NA
parkey.exe,39100,0x0,Other,-1,0,0,Composed: Copy with GPU GDI,10508.4579,NA,16.89640000000000,16.67620000000000,0.00000000000000,8.71330000000000,29.1647,10491.5615,16.8964,16.8964,0.0000,16.7604,8.8493,8.8493,0.0000,0.0061,10491.5615,NA
parkey.exe,39100,0x0,Other,-1,0,0,Composed: Copy with GPU GDI,10525.2210,NA,16.76310000000000,16.69180000000000,0.00000000000000,6.13200000000000,29.0934,10508.4579,16.7631,16.7631,0.0000,16.6112,6.2839,6.2839,0.0000,0.2046,10508.4579,NA
parkey.exe,39100,0x0,Other,-1,0,0,Composed: Copy with GPU GDI,10541.8295,NA,16.60850000000000,16.67230000000000,0.00000000000000,8.28010000000000,29.1572,10525.2210,16.6085,16.6085,0.0000,16.4572,8.4314,8.4314,0.0000,0.0908,10525.2210,NA
parkey.exe,39100,0x0,Other,-1,0,0,Composed: Copy with GPU GDI,10558.3377,NA,16.50820000000000,16.67770000000000,0.00000000000000,8.56170000000000,29.3267,10541.8295,16.5082,16.5082,0.0000,16.3842,8.6857,8.6857,0.0000,-0.0692,10541.8295,NA
parkey.exe,39100,0x0,Other,-1,0,0,Composed: Copy with GPU GDI,10574.9810,NA,16.64330000000000,16.68350000000000,0.00000000000000,7.39250000000000,29.3669,10558.3377,16.6433,16.6433,0.0000,16.5205,7.5153,7.5153,0.0000,-0.1753,10558.3377,NA
parkey.exe,39100,0x0,Other,-1,0,0,Composed: Copy with GPU GDI,10591.5862,NA,16.60520000000000,16.66860000000000,0.00000000000000,8.62810000000000,29.4303,10574.9810,16.6052,16.6052,0.0000,16.4847,8.7486,8.7486,0.0000,-0.0253,10574.9810,NA
parkey.exe,39100,0x0,Other,-1,0,0,Composed: Copy with GPU GDI,10608.5106,NA,16.92440000000000,16.68710000000000,0.00000000000000,7.18920000000000,29.1930,10591.5862,16.9244,16.9244,0.0000,16.7483,7.3653,7.3653,0.0000,-0.0819,10591.5862,NA
parkey.exe,39100,0x0,Other,-1,0,0,Composed: Copy with GPU GDI,10625.0652,NA,16.55460000000000,16.68530000000000,0.00000000000000,7.95530000000000,29.3237,10608.5106,16.5546,16.5546,0.0000,16.4410,8.0689,8.0689,0.0000,0.2391,10608.5106,NA
parkey.exe,39100,0x0,Other,-1,0,0,Composed: Copy with GPU GDI,10641.6586,NA,16.59340000000000,16.67640000000000,0.00000000000000,8.50140000000000,29.4067,10625.0652,16.5934,16.5934,0.0000,16.4778,8.6170,8.6170,0.0000,-0.1218,10625.0652,NA
parkey.exe,39100,0x0,Other,-1,0,0,Composed: Copy with GPU GDI,10658.6278,NA,16.96920000000000,16.68590000000000,0.00000000000000,7.59380000000000,29.1234,10641.6586,16.9692,16.9692,0.0000,16.8073,7.7557,7.7557,0.0000,-0.0925,10641.6586,NA
parkey.exe,39100,0x0,Other,-1,0,0,Composed: Copy with GPU GDI,10675.0343,NA,16.40650000000000,16.67430000000000,0.00000000000000,8.59610000000000,29.3912,10658.6278,16.4065,16.4065,0.0000,16.2687,8.7339,8.7339,0.0000,0.2949,10658.6278,NA
parkey.exe,39100,0x0,Other,-1,0,0,Composed: Copy with GPU GDI,10691.7056,NA,16.67130000000000,16.68530000000000,0.00000000000000,7.24610000000000,29.4052,10675.0343,16.6713,16.6713,0.0000,16.5367,7.3807,7.3807,0.0000,-0.2788,10675.0343,NA
parkey.exe,39100,0x0,Other,-1,0,0,Composed: Copy with GPU GDI,10708.6683,NA,16.96270000000000,16.69430000000000,0.00000000000000,8.29560000000000,29.1368,10691.7056,16.9627,16.9627,0.0000,16.8028,8.4555,8.4555,0.0000,-0.0230,10691.7056,NA
parkey.exe,39100,0x0,Other,-1,0,0,Composed: Copy with GPU GDI,10725.0066,NA,16.33830000000000,16.65720000000000,0.00000000000000,6.92980000000000,29.4557,10708.6683,16.3383,16.3383,0.0000,16.2185,7.0496,7.0496,0.0000,0.3055,10708.6683,NA
parkey.exe,39100,0x0,Other,-1,0,0,Composed: Copy with GPU GDI,10741.5776,NA,16.57100000000000,16.68360000000000,0.00000000000000,7.49250000000000,29.5683,10725.0066,16.5710,16.5710,0.0000,16.4590,7.6045,7.6045,0.0000,-0.3453,10725.0066,NA
parkey.exe,39100,0x0,Other,-1,0,0,Composed: Copy with GPU GDI,10758.2463,NA,16.66870000000000,16.67520000000000,0.00000000000000,8.68980000000000,29.5748,10741.5776,16.6687,16.6687,0.0000,16.5557,8.8028,8.8028,0.0000,-0.1042,10741.5776,NA
parkey.exe,39100,0x0,Other,-1,0,0,Composed: Copy with GPU GDI,10774.9300,NA,16.68370000000000,16.68530000000000,0.00000000000000,7.27580000000000,29.5764,10758.2463,16.6837,16.6837,0.0000,16.5542,7.4053,7.4053,0.0000,-0.0166,10758.2463,NA
parkey.exe,39100,0x0,Other,-1,0,0,Composed: Copy with GPU GDI,10791.4207,NA,16.49070000000000,9.74060000000000,0.00000000000000,8.28080000000000,22.8263,10774.9300,16.4907,16.4907,0.0000,16.3898,8.3817,8.3817,0.0000,6.9431,10774.9300,NA
parkey.exe,39100,0x0,Other,-1,0,0,Composed: Copy with GPU GDI,10808.2097,NA,16.78900000000000,23.61980000000000,0.00000000000000,7.37210000000000,29.6571,10791.4207,16.7890,16.7890,0.0000,16.9022,7.2589,7.2589,0.0000,-7.1291,10791.4207,NA
parkey.exe,39100,0x0,Other,-1,0,0,Composed: Copy with GPU GDI,10824.8945,NA,16.68480000000000,16.68120000000000,0.00000000000000,6.21030000000000,29.6535,10808.2097,16.6848,16.6848,0.0000,16.5693,6.3258,6.3258,0.0000,0.1078,10808.2097,NA
parkey.exe,39100,0x0,Other,-1,0,0,Composed: Copy with GPU GDI,10841.5148,NA,16.62030000000000,15.27280000000000,0.00000000000000,8.69300000000000,28.3060,10824.8945,16.6203,16.6203,0.0000,16.5149,8.7984,8.7984,0.0000,1.4120,10824.8945,NA
parkey.exe,39100,0x0,Other,-1,0,0,Composed: Copy with GPU GDI,10858.6943,NA,17.17950000000000,18.09870000000000,0.00000000000000,8.74710000000000,29.2252,10841.5148,17.1795,17.1795,0.0000,17.0169,8.9097,8.9097,0.0000,-1.4784,10841.5148,NA
parkey.exe,39100,0x0,Other,-1,0,0,Composed: Copy with GPU GDI,10875.0717,NA,16.37740000000000,16.57710000000000,0.00000000000000,8.31560000000000,29.4249,10858.6943,16.3774,16.3774,0.0000,16.2433,8.4497,8.4497,0.0000,0.6024,10858.6943,NA
parkey.exe,39100,0x0,Other,-1,0,0,Composed: Copy with GPU GDI,10891.6201,NA,16.54840000000000,16.77440000000000,0.00000000000000,8.70920000000000,29.6509,10875.0717,16.5484,16.5484,0.0000,16.3984,8.8592,8.8592,0.0000,-0.3970,10875.0717,NA
parkey.exe,39100,0x0,Other,-1,0,0,Composed: Copy with GPU GDI,10908.2479,NA,16.62780000000000,16.68310000000000,0.00000000000000,7.44370000000000,29.7062,10891.6201,16.6278,16.6278,0.0000,16.5006,7.5709,7.5709,0.0000,-0.1347,10891.6201,NA
parkey.exe,39100,0x0,Other,-1,0,0,Composed: Copy with GPU GDI,10924.9125,NA,16.66460000000000,16.66860000000000,0.00000000000000,7.94200000000000,29.7102,10908.2479,16.6646,16.6646,0.0000,16.5494,8.0572,8.0572,0.0000,-0.0408,10908.2479,NA
parkey.exe,39100,0x0,Other,-1,0,0,Composed: Copy with GPU GDI,10941.5472,NA,16.63470000000000,16.68750000000000,0.00000000000000,7.29950000000000,29.7630,10924.9125,16.6347,16.6347,0.0000,16.5166,7.4176,7.4176,0.0000,-0.0229,10924.9125,NA
parkey.exe,39100,0x0,Other,-1,0,0,Composed: Copy with GPU GDI,10958.3982,NA,16.85100000000000,9.62940000000000,0.00000000000000,8.30240000000000,22.5414,10941.5472,16.8510,16.8510,0.0000,16.7196,8.4338,8.4338,0.0000,7.0053,10941.5472,NA
parkey.exe,39100,0x0,Other,-1,0,0,Composed: Copy with GPU GDI,10974.8568,NA,16.45860000000000,23.72970000000000,0.00000000000000,7.41410000000000,29.8125,10958.3982,16.4586,16.4586,0.0000,16.5935,7.2792,7.2792,0.0000,-6.8787,10958.3982,NA
parkey.exe,39100,0x0,Other,-1,0,0,Composed: Copy with GPU GDI,10991.4994,NA,16.64260000000000,16.69310000000000,0.00000000000000,7.40080000000000,29.8630,10974.8568,16.6426,16.6426,0.0000,16.5186,7.5248,7.5248,0.0000,-0.2345,10974.8568,NA
parkey.exe,39100,0x0,Other,-1,0,0,Composed: Copy with GPU GDI,11008.0775,NA,16.57810000000000,16.66640000000000,0.00000000000000,8.71240000000000,29.9513,10991.4994,16.5781,16.5781,0.0000,16.4687,8.8218,8.8218,0.0000,-0.0238,10991.4994,NA
parkey.exe,39100,0x0,Other,-1,0,0,Composed: Copy with GPU GDI,11025.1300,NA,17.05250000000000,16.68730000000000,0.00000000000000,6.15140000000000,29.5861,11008.0775,17.0525,17.0525,0.0000,16.8997,6.3042,6.3042,0.0000,-0.1092,11008.0775,NA
parkey.exe,39100,0x0,Other,-1,0,0,Composed: Copy with GPU GDI,11041.4220,NA,16.29200000000000,9.58410000000000,0.00000000000000,8.34920000000000,22.8782,11025.1300,16.2920,16.2920,0.0000,16.1871,8.4541,8.4541,0.0000,7.4684,11025.1300,NA
parkey.exe,39100,0x0,Other,-1,0,0,Composed: Copy with GPU GDI,11058.2232,NA,16.80120000000000,23.77040000000000,0.00000000000000,7.46480000000000,29.8474,11041.4220,16.8012,16.8012,0.0000,16.9624,7.3036,7.3036,0.0000,-7.4784,11041.4220,NA
parkey.exe,39100,0x0,Other,-1,0,0,Composed: Copy with GPU GDI,11074.9757,NA,16.75250000000000,16.67990000000000,0.00000000000000,7.41960000000000,29.7748,11058.2232,16.7525,16.7525,0.0000,16.6242,7.5479,7.5479,0.0000,0.1213,11058.2232,NA
parkey.exe,39100,0x0,Other,-1,0,0,Composed: Copy with GPU GDI,11091.8321,NA,16.85640000000000,16.67580000000000,0.00000000000000,8.71890000000000,29.5942,11074.9757,16.8564,16.8564,0.0000,16.7401,8.8352,8.8352,0.0000,0.0767,11074.9757,NA
parkey.exe,39100,0x0,Other,-1,0,0,Composed: Copy with GPU GDI,11108.4484,NA,16.61630000000000,16.68850000000000,0.00000000000000,7.24790000000000,29.6664,11091.8321,16.6163,16.6163,0.0000,16.4893,7.3749,7.3749,0.0000,0.1679,11091.8321,NA
parkey.exe,39100,0x0,Other,-1,0,0,Composed: Copy with GPU GDI,11124.7475,NA,16.29910000000000,9.53340000000000,0.00000000000000,7.99250000000000,22.9007,11108.4484,16.2991,16.2991,0.0000,16.1755,8.1161,8.1161,0.0000,7.0829,11108.4484,NA
parkey.exe,39100,0x0,Other,-1,0,0,Composed: Copy with GPU GDI,11141.5612,NA,16.81370000000000,23.82270000000000,0.00000000000000,8.23350000000000,29.9097,11124.7475,16.8137,16.8137,0.0000,16.6653,8.3819,8.3819,0.0000,-7.5236,11124.7475,NA
parkey.exe,39100,0x0,Other,-1,0,0,Composed: Copy with GPU GDI,11158.1678,NA,16.60660000000000,16.68030000000000,0.00000000000000,7.45470000000000,29.9834,11141.5612,16.6066,16.6066,0.0000,16.5007,7.5606,7.5606,0.0000,0.1334,11141.5612,NA
parkey.exe,39100,0x0,Other,-1,0,0,Composed: Copy with GPU GDI,11174.7339,NA,16.56610000000000,16.67930000000000,0.00000000000000,8.67870000000000,30.0966,11158.1678,16.5661,16.5661,0.0000,16.4556,8.7892,8.7892,0.0000,-0.0727,11158.1678,NA
parkey.exe,39100,0x0,Other,-1,0,0,Composed: Copy with GPU GDI,11191.4453,NA,16.71140000000000,16.68190000000000,0.00000000000000,7.28420000000000,30.0671,11174.7339,16.7114,16.7114,0.0000,16.6020,7.3936,7.3936,0.0000,-0.1158,11174.7339,NA
parkey.exe,39100,0x0,Other,-1,0,0,Composed: Copy with GPU GDI,11208.3295,NA,16.88420000000000,16.67380000000000,0.00000000000000,8.28660000000000,29.8567,11191.4453,16.8842,16.8842,0.0000,16.7508,8.4200,8.4200,0.0000,0.0376,11191.4453,NA
parkey.exe,39100,0x0,Other,-1,0,0,Composed: Copy with GPU GDI,11224.8007,NA,16.47120000000000,16.68670000000000,0.00000000000000,7.38310000000000,30.0722,11208.3295,16.4712,16.4712,0.0000,16.3590,7.4953,7.4953,0.0000,0.1975,11208.3295,NA
parkey.exe,39100,0x0,Other,-1,0,0,Composed: Copy with GPU GDI,11241.4352,NA,16.63450000000000,16.68120000000000,0.00000000000000,7.46800000000000,30.1189,11224.8007,16.6345,16.6345,0.0000,16.5242,7.5783,7.5783,0.0000,-0.2100,11224.8007,NA
parkey.exe,39100,0x0,Other,-1,0,0,Composed: Copy with GPU GDI,11258.3338,NA,16.89860000000000,16.67310000000000,0.00000000000000,8.60150000000000,29.8934,11241.4352,16.8986,16.8986,0.0000,16.7636,8.7365,8.7365,0.0000,-0.0386,11241.4352,NA
parkey.exe,39100,0x0,Other,-1,0,0,Composed: Copy with GPU GDI,11275.2962,NA,16.96240000000000,16.69370000000000,0.00000000000000,7.23250000000000,29.6247,11258.3338,16.9624,16.9624,0.0000,16.8101,7.3848,7.3848,0.0000,0.2049,11258.3338,NA
parkey.exe,39100,0x0,Other,-1,0,0,Composed: Copy with GPU GDI,11291.5029,NA,16.20670000000000,9.42440000000000,0.00000000000000,8.29230000000000,22.8424,11275.2962,16.2067,16.2067,0.0000,16.0965,8.4025,8.4025,0.0000,7.5380,11275.2962,NA
parkey.exe,39100,0x0,Other,-1,0,0,Composed: Copy with GPU GDI,11308.2299,NA,16.72700000000000,23.93040000000000,0.00000000000000,7.36300000000000,30.0458,11291.5029,16.7270,16.7270,0.0000,16.6129,7.4771,7.4771,0.0000,-7.7237,11291.5029,NA
parkey.exe,39100,0x0,Other,-1,0,0,Composed: Copy with GPU GDI,11324.8146,NA,16.58470000000000,16.67950000000000,0.00000000000000,6.21310000000000,30.1406,11308.2299,16.5847,16.5847,0.0000,16.4748,6.3230,6.3230,0.0000,0.0475,11308.2299,NA
parkey.exe,39100,0x0,Other,-1,0,0,Composed: Copy with GPU GDI,11341.4197,NA,16.60510000000000,16.67730000000000,0.00000000000000,8.66790000000000,30.2128,11324.8146,16.6051,16.6051,0.0000,16.4967,8.7763,8.7763,0.0000,-0.0926,11324.8146,NA
parkey.exe,39100,0x0,Other,-1,0,0,Composed: Copy with GPU GDI,11358.0642,NA,16.64450000000000,16.68100000000000,0.00000000000000,7.30360000000000,30.2493,11341.4197,16.6445,16.6445,0.0000,16.5377,7.4104,7.4104,0.0000,-0.0759,11341.4197,NA
parkey.exe,39100,0x0,Other,-1,0,0,Composed: Copy with GPU GDI,11375.2031,NA,17.13890000000000,16.27400000000000,0.00000000000000,8.26820000000000,29.3844,11358.0642,17.1389,17.1389,0.0000,16.9681,8.4390,8.4390,0.0000,0.3705,11358.0642,NA
parkey.exe,39100,0x0,Other,-1,0,0,Composed: Copy with GPU GDI,11391.6006,NA,16.39750000000000,17.08130000000000,0.00000000000000,8.49360000000000,30.0682,11375.2031,16.3975,16.3975,0.0000,16.2695,8.6216,8.6216,0.0000,0.0576,11375.2031,NA
parkey.exe,39100,0x0,Other,-1,0,0,Composed: Copy with GPU GDI,11408.1324,NA,16.53180000000000,16.68860000000000,0.00000000000000,7.47740000000000,30.2250,11391.6006,16.5318,16.5318,0.0000,16.4208,7.5884,7.5884,0.0000,-0.2911,11391.6006,NA
parkey.exe,39100,0x0,Other,-1,0,0,Composed: Copy with GPU GDI,11424.7756,NA,16.64320000000000,16.67320000000000,0.00000000000000,8.03400000000000,30.2550,11408.1324,16.6432,16.6432,0.0000,16.5348,8.1424,8.1424,0.0000,-0.1414,11408.1324,NA
parkey.exe,39100,0x0,Other,-1,0,0,Composed: Copy with GPU GDI,11441.7324,NA,16.95680000000000,16.68680000000000,0.00000000000000,7.13290000000000,29.9850,11424.7756,16.9568,16.9568,0.0000,16.8162,7.2735,7.2735,0.0000,-0.0436,11424.7756,NA
parkey.exe,39100,0x0,Other,-1,0,0,Composed: Copy with GPU GDI,11458.6694,NA,16.93700000000000,16.22250000000000,0.00000000000000,8.20300000000000,29.2705,11441.7324,16.9370,16.9370,0.0000,16.7573,8.3827,8.3827,0.0000,0.7343,11441.7324,NA
parkey.exe,39100,0x0,Other,-1,0,0,Composed: Copy with GPU GDI,11475.6606,NA,16.99120000000000,17.16250000000000,0.00000000000000,7.20030000000000,29.4418,11458.6694,16.9912,16.9912,0.0000,16.8027,7.3888,7.3888,0.0000,-0.2255,11458.6694,NA
parkey.exe,39100,0x0,Other,-1,0,0,Composed: Copy with GPU GDI,11492.1863,NA,16.52570000000000,16.65470000000000,0.00000000000000,7.55610000000000,29.5708,11475.6606,16.5257,16.5257,0.0000,16.3409,7.7409,7.7409,0.0000,0.3365,11475.6606,NA
parkey.exe,39100,0x0,Other,-1,0,0,Composed: Copy with GPU GDI,11508.8442,NA,16.65790000000000,16.68150000000000,0.00000000000000,8.33570000000000,29.5944,11492.1863,16.6579,16.6579,0.0000,16.4794,8.5142,8.5142,0.0000,-0.1558,11492.1863,NA
parkey.exe,39100,0x0,Other,-1,0,0,Composed: Copy with GPU GDI,11525.0530,NA,16.20880000000000,16.68380000000000,0.00000000000000,6.16970000000000,30.0694,11508.8442,16.2088,16.2088,0.0000,16.0596,6.3189,6.3189,0.0000,-0.0259,11508.8442,NA
parkey.exe,39100,0x0,Other,-1,0,0,Composed: Copy with GPU GDI,11541.6716,NA,16.61860000000000,9.27060000000000,0.00000000000000,8.28270000000000,22.7214,11525.0530,16.6186,16.6186,0.0000,16.4819,8.4194,8.4194,0.0000,6.9382,11525.0530,NA
parkey.exe,39100,0x0,Other,-1,0,0,Composed: Copy with GPU GDI,11558.1679,NA,16.49630000000000,24.08430000000000,0.00000000000000,8.24630000000000,30.3094,11541.6716,16.4963,16.4963,0.0000,16.3733,8.3693,8.3693,0.0000,-7.4657,11541.6716,NA
parkey.exe,39100,0x0,Other,-1,0,0,Composed: Copy with GPU GDI,11574.8469,NA,16.67900000000000,16.67930000000000,0.00000000000000,7.44280000000000,30.3097,11558.1679,16.6790,16.6790,0.0000,16.5607,7.5611,7.5611,0.0000,-0.1830,11558.1679,NA
parkey.exe,39100,0x0,Other,-1,0,0,Composed: Copy with GPU GDI,11591.5490,NA,16.70210000000000,16.67940000000000,0.00000000000000,8.65690000000000,30.2870,11574.8469,16.7021,16.7021,0.0000,16.5844,8.7746,8.7746,0.0000,-0.0004,11574.8469,NA
parkey.exe,39100,0x0,Other,-1,0,0,Composed: Copy with GPU GDI,11608.2992,NA,16.75020000000000,16.68950000000000,0.00000000000000,7.58800000000000,30.2263,11591.5490,16.7502,16.7502,0.0000,16.6144,7.7238,7.7238,0.0000,0.0126,11591.5490,NA
parkey.exe,39100,0x0,Other,-1,0,0,Composed: Copy with GPU GDI,11624.7117,NA,16.41250000000000,9.20330000000000,0.00000000000000,8.02060000000000,23.0171,11608.2992,16.4125,16.4125,0.0000,16.3104,8.1227,8.1227,0.0000,7.5469,11608.2992,NA
parkey.exe,39100,0x0,Other,-1,0,0,Composed: Copy with GPU GDI,11641.5099,NA,16.79820000000000,24.14980000000000,0.00000000000000,8.25420000000000,30.3687,11624.7117,16.7982,16.7982,0.0000,16.6460,8.4064,8.4064,0.0000,-7.7373,11624.7117,NA
parkey.exe,39100,0x0,Other,-1,0,0,Composed: Copy with GPU GDI,11658.1339,NA,16.62400000000000,16.67930000000000,0.00000000000000,7.42040000000000,30.4240,11641.5099,16.6240,16.6240,0.0000,16.5128,7.5316,7.5316,0.0000,0.1189,11641.5099,NA
parkey.exe,39100,0x0,Other,-1,0,0,Composed: Copy with GPU GDI,11674.7059,NA,16.57200000000000,16.67820000000000,0.00000000000000,8.67310000000000,30.5302,11658.1339,16.5720,16.5720,0.0000,16.4651,8.7800,8.7800,0.0000,-0.0542,11658.1339,NA
parkey.exe,39100,0x0,Other,-1,0,0,Composed: Copy with GPU GDI,11691.4520,NA,16.74610000000000,16.67880000000000,0.00000000000000,7.56100000000000,30.4629,11674.7059,16.7461,16.7461,0.0000,16.6272,7.6799,7.6799,0.0000,-0.1068,11674.7059,NA
parkey.exe,39100,0x0,Other,-1,0,0,Composed: Copy with GPU GDI,11708.0639,NA,16.61190000000000,16.68630000000000,0.00000000000000,8.39080000000000,30.5373,11691.4520,16.6119,16.6119,0.0000,16.5108,8.4919,8.4919,0.0000,0.0598,11691.4520,NA
parkey.exe,39100,0x0,Other,-1,0,0,Composed: Copy with GPU GDI,11724.7728,NA,16.70890000000000,16.67680000000000,0.00000000000000,7.48800000000000,30.5052,11708.0639,16.7089,16.7089,0.0000,16.5894,7.6075,7.6075,0.0000,-0.0649,11708.0639,NA
parkey.exe,39100,0x0,Other,-1,0,0,Composed: Copy with GPU GDI,11741.5582,NA,16.78540000000000,16.68470000000000,0.00000000000000,7.46320000000000,30.4045,11724.7728,16.7854,16.7854,0.0000,16.6654,7.5832,7.5832,0.0000,0.0242,11724.7728,NA
parkey.exe,39100,0x0,Other,-1,0,0,Composed: Copy with GPU GDI,11758.0482,NA,16.49000000000000,16.67070000000000,0.00000000000000,8.62200000000000,30.5852,11741.5582,16.4900,16.4900,0.0000,16.3837,8.7283,8.7283,0.0000,0.1147,11741.5582,NA
parkey.exe,39100,0x0,Other,-1,0,0,Composed: Copy with GPU GDI,11774.8445,NA,16.79630000000000,16.69160000000000,0.00000000000000,7.31310000000000,30.4805,11758.0482,16.7963,16.7963,0.0000,16.6765,7.4329,7.4329,0.0000,-0.2016,11758.0482,NA
parkey.exe,39100,0x0,Other,-1,0,0,Composed: Copy with GPU GDI,11791.3653,NA,16.52080000000000,9.11520000000000,0.00000000000000,8.37240000000000,23.0749,11774.8445,16.5208,16.5208,0.0000,16.4212,8.4720,8.4720,0.0000,7.6811,11774.8445,NA
parkey.exe,39100,0x0,Other,-1,0,0,Composed: Copy with GPU GDI,11808.7841,NA,17.41880000000000,24.23910000000000,0.00000000000000,7.34610000000000,29.8952,11791.3653,17.4188,17.4188,0.0000,17.4970,7.2679,7.2679,0.0000,-7.7183,11791.3653,NA
parkey.exe,39100,0x0,Other,-1,0,0,Composed: Copy with GPU GDI,11825.4047,NA,16.62060000000000,16.68010000000000,0.00000000000000,6.12020000000000,29.9547,11808.7841,16.6206,16.6206,0.0000,16.4484,6.2924,6.2924,0.0000,0.7387,11808.7841,NA
parkey.exe,39100,0x0,Other,-1,0,0,Composed: Copy with GPU GDI,11841.4937,NA,16.08900000000000,14.63770000000000,0.00000000000000,8.58620000000000,28.5034,11825.4047,16.0890,16.0890,0.0000,15.9641,8.7111,8.7111,0.0000,1.9829,11825.4047,NA
parkey.exe,39100,0x0,Other,-1,0,0,Composed: Copy with GPU GDI,11858.5239,NA,17.03020000000000,18.72280000000000,0.00000000000000,8.53720000000000,30.1960,11841.4937,17.0302,17.0302,0.0000,16.9074,8.6600,8.6600,0.0000,-2.6338,11841.4937,NA
parkey.exe,39100,0x0,Other,-1,0,0,Composed: Copy with GPU GDI,11874.8170,NA,16.29310000000000,9.06150000000000,0.00000000000000,8.34170000000000,22.9644,11858.5239,16.2931,16.2931,0.0000,16.1754,8.4594,8.4594,0.0000,7.9687,11858.5239,NA
parkey.exe,39100,0x0,Other,-1,0,0,Composed: Copy with GPU GDI,11891.6091,NA,16.79210000000000,24.28890000000000,0.00000000000000,8.27840000000000,30.4612,11874.8170,16.7921,16.7921,0.0000,16.6428,8.4277,8.4277,0.0000,-7.9958,11874.8170,NA
parkey.exe,39100,0x0,Other,-1,0,0,Composed: Copy with GPU GDI,11908.2242,NA,16.61510000000000,16.69130000000000,0.00000000000000,7.76440000000000,30.5374,11891.6091,16.6151,16.6151,0.0000,16.4692,7.9103,7.9103,0.0000,0.1008,11891.6091,NA
parkey.exe,39100,0x0,Other,-1,0,0,Composed: Copy with GPU GDI,11924.7934,NA,16.56920000000000,16.68150000000000,0.00000000000000,7.99030000000000,30.6497,11908.2242,16.5692,16.5692,0.0000,16.4664,8.0931,8.0931,0.0000,-0.0664,11908.2242,NA
parkey.exe,39100,0x0,Other,-1,0,0,Composed: Copy with GPU GDI,11941.4786,NA,16.68520000000000,16.68390000000000,0.00000000000000,7.14990000000000,30.6484,11924.7934,16.6852,16.6852,0.0000,16.5483,7.2868,7.2868,0.0000,-0.1147,11924.7934,NA
parkey.exe,39100,0x0,Other,-1,0,0,Composed: Copy with GPU GDI,11958.0616,NA,16.58300000000000,9.00270000000000,0.00000000000000,8.30290000000000,23.0681,11941.4786,16.5830,16.5830,0.0000,16.4663,8.4196,8.4196,0.0000,7.6825,11941.4786,NA
parkey.exe,39100,0x0,Other,-1,0,0,Composed: Copy with GPU GDI,11974.9797,NA,16.91810000000000,24.35170000000000,0.00000000000000,8.26840000000000,30.5017,11958.0616,16.9181,16.9181,0.0000,16.7496,8.4369,8.4369,0.0000,-7.7687,11958.0616,NA
parkey.exe,39100,0x0,Other,-1,0,0,Composed: Copy with GPU GDI,11991.5715,NA,16.59180000000000,16.68530000000000,0.00000000000000,7.79070000000000,30.5952,11974.9797,16.5918,16.5918,0.0000,16.4663,7.9162,7.9162,0.0000,0.2328,11974.9797,NA
parkey.exe,39100,0x0,Other,-1,0,0,Composed: Copy with GPU GDI,12008.1102,NA,16.53870000000000,16.67250000000000,0.00000000000000,8.62980000000000,30.7290,11991.5715,16.5387,16.5387,0.0000,16.4255,8.7430,8.7430,0.0000,-0.0807,11991.5715,NA
parkey.exe,39100,0x0,Other,-1,0,0,Composed: Copy with GPU GDI,12025.1405,NA,17.03030000000000,16.68040000000000,0.00000000000000,6.17750000000000,30.3791,12008.1102,17.0303,17.0303,0.0000,16.8908,6.3170,6.3170,0.0000,-0.1417,12008.1102,NA
parkey.exe,39100,0x0,Other,-1,0,0,Composed: Copy with GPU GDI,12041.5998,NA,16.45930000000000,8.95160000000000,0.00000000000000,8.29380000000000,22.8714,12025.1405,16.4593,16.4593,0.0000,16.3450,8.4081,8.4081,0.0000,8.0787,12025.1405,NA
parkey.exe,39100,0x0,Other,-1,0,0,Composed: Copy with GPU GDI,12058.3404,NA,16.74060000000000,24.41200000000000,0.00000000000000,8.14200000000000,30.5428,12041.5998,16.7406,16.7406,0.0000,16.5986,8.2840,8.2840,0.0000,-7.9527,12041.5998,NA
parkey.exe,39100,0x0,Other,-1,0,0,Composed: Copy with GPU GDI,12074.7705,NA,16.43010000000000,16.68040000000000,0.00000000000000,7.78960000000000,30.7931,12058.3404,16.4301,16.4301,0.0000,16.3149,7.9048,7.9048,0.0000,0.0602,12058.3404,NA
parkey.exe,39100,0x0,Other,-1,0,0,Composed: Copy with GPU GDI,12091.4930,NA,16.72250000000000,16.68220000000000,0.00000000000000,8.61390000000000,30.7528,12074.7705,16.7225,16.7225,0.0000,16.6024,8.7340,8.7340,0.0000,-0.2521,12074.7705,NA
parkey.exe,39100,0x0,Other,-1,0,0,Composed: Copy with GPU GDI,12108.1188,NA,16.62580000000000,16.67700000000000,0.00000000000000,8.62210000000000,30.8040,12091.4930,16.6258,16.6258,0.0000,16.4953,8.7526,8.7526,0.0000,0.0455,12091.4930,NA
parkey.exe,39100,0x0,Other,-1,0,0,Composed: Copy with GPU GDI,12124.8322,NA,16.71340000000000,16.67540000000000,0.00000000000000,7.94690000000000,30.7660,12108.1188,16.7134,16.7134,0.0000,16.5964,8.0639,8.0639,0.0000,-0.0496,12108.1188,NA
parkey.exe,39100,0x0,Other,-1,0,0,Composed: Copy with GPU GDI,12141.9158,NA,17.08360000000000,16.68290000000000,0.00000000000000,7.94130000000000,30.3653,12124.8322,17.0836,17.0836,0.0000,16.9435,8.0814,8.0814,0.0000,0.0305,12124.8322,NA
parkey.exe,39100,0x0,Other,-1,0,0,Composed: Copy with GPU GDI,12158.6230,NA,16.70720000000000,16.68060000000000,0.00000000000000,7.67770000000000,30.3387,12141.9158,16.7072,16.7072,0.0000,16.5259,7.8590,7.8590,0.0000,0.4030,12141.9158,NA
parkey.exe,39100,0x0,Other,-1,0,0,Composed: Copy with GPU GDI,12174.9242,NA,16.30120000000000,16.68580000000000,0.00000000000000,8.61360000000000,30.7233,12158.6230,16.3012,16.3012,0.0000,16.1696,8.7452,8.7452,0.0000,0.0214,12158.6230,NA
parkey.exe,39100,0x0,Other,-1,0,0,Composed: Copy with GPU GDI,12191.5801,NA,16.65590000000000,16.68780000000000,0.00000000000000,7.28320000000000,30.7552,12174.9242,16.6559,16.6559,0.0000,16.5340,7.4051,7.4051,0.0000,-0.3866,12174.9242,NA
parkey.exe,39100,0x0,Other,-1,0,0,Composed: Copy with GPU GDI,12208.0845,NA,16.50440000000000,16.66770000000000,0.00000000000000,8.32260000000000,30.9185,12191.5801,16.5044,16.5044,0.0000,16.3920,8.4350,8.4350,0.0000,-0.0118,12191.5801,NA
parkey.exe,39100,0x0,Other,-1,0,0,Composed: Copy with GPU GDI,12224.8335,NA,16.74900000000000,16.67790000000000,0.00000000000000,7.77730000000000,30.8474,12208.0845,16.7490,16.7490,0.0000,16.6257,7.9006,7.9006,0.0000,-0.1735,12208.0845,NA
parkey.exe,39100,0x0,Other,-1,0,0,Composed: Copy with GPU GDI,12241.4427,NA,16.60920000000000,16.68560000000000,0.00000000000000,7.81150000000000,30.9238,12224.8335,16.6092,16.6092,0.0000,16.4963,7.9244,7.9244,0.0000,0.0634,12224.8335,NA
parkey.exe,39100,0x0,Other,-1,0,0,Composed: Copy with GPU GDI,12258.1318,NA,16.68910000000000,16.67860000000000,0.00000000000000,8.61520000000000,30.9133,12241.4427,16.6891,16.6891,0.0000,16.5813,8.7230,8.7230,0.0000,-0.0694,12241.4427,NA
parkey.exe,39100,0x0,Other,-1,0,0,Composed: Copy with GPU GDI,12274.7757,NA,16.64390000000000,16.68090000000000,0.00000000000000,7.20730000000000,30.9503,12258.1318,16.6439,16.6439,0.0000,16.5178,7.3334,7.3334,0.0000,0.0082,12258.1318,NA
parkey.exe,39100,0x0,Other,-1,0,0,Composed: Copy with GPU GDI,12291.4851,NA,16.70940000000000,8.79480000000000,0.00000000000000,8.34620000000000,23.0357,12274.7757,16.7094,16.7094,0.0000,16.5998,8.4558,8.4558,0.0000,7.8491,12274.7757,NA
parkey.exe,39100,0x0,Other,-1,0,0,Composed: Copy with GPU GDI,12308.3875,NA,16.90240000000000,24.56530000000000,0.00000000000000,8.17660000000000,30.6986,12291.4851,16.9024,16.9024,0.0000,16.7548,8.3242,8.3242,0.0000,-7.8559,12291.4851,NA
parkey.exe,39100,0x0,Other,-1,0,0,Composed: Copy with GPU GDI,12324.8559,NA,16.46840000000000,16.68000000000000,0.00000000000000,7.82580000000000,30.9102,12308.3875,16.4684,16.4684,0.0000,16.3621,7.9321,7.9321,0.0000,0.2224,12308.3875,NA
parkey.exe,39100,0x0,Other,-1,0,0,Composed: Copy with GPU GDI,12341.4015,NA,16.54560000000000,16.68190000000000,0.00000000000000,8.30680000000000,31.0465,12324.8559,16.5456,16.5456,0.0000,16.4304,8.4220,8.4220,0.0000,-0.2135,12324.8559,NA
parkey.exe,39100,0x0,Other,-1,0,0,Composed: Copy with GPU GDI,12358.2037,NA,16.80220000000000,16.68850000000000,0.00000000000000,8.57970000000000,30.9328,12341.4015,16.8022,16.8022,0.0000,16.6706,8.7113,8.7113,0.0000,-0.1429,12341.4015,NA
parkey.exe,39100,0x0,Other,-1,0,0,Composed: Copy with GPU GDI,12374.8288,NA,16.62510000000000,16.66970000000000,0.00000000000000,8.35130000000000,30.9774,12358.2037,16.6251,16.6251,0.0000,16.5133,8.4631,8.4631,0.0000,0.1325,12358.2037,NA
parkey.exe,39100,0x0,Other,-1,0,0,Composed: Copy with GPU GDI,12391.7865,NA,16.95770000000000,16.69890000000000,0.00000000000000,7.98380000000000,30.7186,12374.8288,16.9577,16.9577,0.0000,16.7904,8.1511,8.1511,0.0000,-0.0738,12374.8288,NA
parkey.exe,39100,0x0,Other,-1,0,0,Composed: Copy with GPU GDI,12408.0824,NA,16.29590000000000,16.66510000000000,0.00000000000000,7.81520000000000,31.0878,12391.7865,16.2959,16.2959,0.0000,16.1890,7.9221,7.9221,0.0000,0.2926,12391.7865,NA
parkey.exe,39100,0x0,Other,-1,0,0,Composed: Copy with GPU GDI,12424.7407,NA,16.65830000000000,16.67410000000000,0.00000000000000,8.04900000000000,31.1036,12408.0824,16.6583,16.6583,0.0000,16.5507,8.1566,8.1566,0.0000,-0.3782,12408.0824,NA
parkey.exe,39100,0x0,Other,-1,0,0,Composed: Copy with GPU GDI,12441.4302,NA,16.68950000000000,16.68560000000000,0.00000000000000,8.29330000000000,31.0997,12424.7407,16.6895,16.6895,0.0000,16.5671,8.4157,8.4157,0.0000,-0.0273,12424.7407,NA
parkey.exe,39100,0x0,Other,-1,0,0,Composed: Copy with GPU GDI,12458.0892,NA,16.65900000000000,8.68500000000000,0.00000000000000,8.27340000000000,23.1257,12441.4302,16.6590,16.6590,0.0000,16.5449,8.3875,8.3875,0.0000,8.0045,12441.4302,NA
parkey.exe,39100,0x0,Other,-1,0,0,Composed: Copy with GPU GDI,12474.7492,NA,16.66000000000000,24.67370000000000,0.00000000000000,8.72800000000000,31.1394,12458.0892,16.6600,16.6600,0.0000,16.5486,8.8394,8.8394,0.0000,-8.0147,12458.0892,NA
parkey.exe,39100,0x0,Other,-1,0,0,Composed: Copy with GPU GDI,12491.7335,NA,16.98430000000000,16.68330000000000,0.00000000000000,7.72890000000000,30.8384,12474.7492,16.9843,16.9843,0.0000,16.8345,7.8787,7.8787,0.0000,-0.0233,12474.7492,NA
parkey.exe,39100,0x0,Other,-1,0,0,Composed: Copy with GPU GDI,12508.3771,NA,16.64360000000000,16.67730000000000,0.00000000000000,8.66200000000000,30.8721,12491.7335,16.6436,16.6436,0.0000,16.5078,8.7978,8.7978,0.0000,0.3070,12491.7335,NA
parkey.exe,39100,0x0,Other,-1,0,0,Composed: Copy with GPU GDI,12524.9578,NA,16.58070000000000,16.68400000000000,0.00000000000000,6.07400000000000,30.9754,12508.3771,16.5807,16.5807,0.0000,16.4442,6.2105,6.2105,0.0000,-0.0404,12508.3771,NA
parkey.exe,39100,0x0,Other,-1,0,0,Composed: Copy with GPU GDI,12541.5131,NA,16.55530000000000,16.66740000000000,0.00000000000000,8.31030000000000,31.0875,12524.9578,16.5553,16.5553,0.0000,16.4301,8.4355,8.4355,0.0000,-0.0867,12524.9578,NA
parkey.exe,39100,0x0,Other,-1,0,0,Composed: Copy with GPU GDI,12558.2077,NA,16.69460000000000,16.69940000000000,0.00000000000000,8.46300000000000,31.0923,12541.5131,16.6946,16.6946,0.0000,16.5452,8.6124,8.6124,0.0000,-0.1441,12541.5131,NA
parkey.exe,39100,0x0,Other,-1,0,0,Composed: Copy with GPU GDI,12574.8518,NA,16.64410000000000,16.66990000000000,0.00000000000000,7.81190000000000,31.1181,12558.2077,16.6441,16.6441,0.0000,16.5248,7.9312,7.9312,0.0000,0.0247,12558.2077,NA
parkey.exe,39100,0x0,Other,-1,0,0,Composed: Copy with GPU GDI,12591.4868,NA,16.63500000000000,16.68090000000000,0.00000000000000,8.42290000000000,31.1640,12574.8518,16.6350,16.6350,0.0000,16.5245,8.5334,8.5334,0.0000,-0.0368,12574.8518,NA
parkey.exe,39100,0x0,Other,-1,0,0,Composed: Copy with GPU GDI,12608.1279,NA,16.64110000000000,16.67620000000000,0.00000000000000,8.30390000000000,31.1991,12591.4868,16.6411,16.6411,0.0000,16.5291,8.4159,8.4159,0.0000,-0.0412,12591.4868,NA
parkey.exe,39100,0x0,Other,-1,0,0,Composed: Copy with GPU GDI,12624.9497,NA,16.82180000000000,16.68400000000000,0.00000000000000,7.88920000000000,31.0613,12608.1279,16.8218,16.8218,0.0000,16.6856,8.0254,8.0254,0.0000,-0.0429,12608.1279,NA
parkey.exe,39100,0x0,Other,-1,0,0,Composed: Copy with GPU GDI,12641.4627,NA,16.51300000000000,16.68080000000000,0.00000000000000,7.71880000000000,31.2291,12624.9497,16.5130,16.5130,0.0000,16.3974,7.8344,7.8344,0.0000,0.1410,12624.9497,NA
parkey.exe,39100,0x0,Other,-1,0,0,Composed: Copy with GPU GDI,12658.0966,NA,16.63390000000000,16.68050000000000,0.00000000000000,7.80160000000000,31.2757,12641.4627,16.6339,16.6339,0.0000,16.5233,7.9122,7.9122,0.0000,-0.1675,12641.4627,NA
parkey.exe,39100,0x0,Other,-1,0,0,Composed: Copy with GPU GDI,12674.7960,NA,16.69940000000000,16.67880000000000,0.00000000000000,8.20340000000000,31.2551,12658.0966,16.6994,16.6994,0.0000,16.5588,8.3440,8.3440,0.0000,-0.0449,12658.0966,NA
parkey.exe,39100,0x0,Other,-1,0,0,Composed: Copy with GPU GDI,12691.4975,NA,16.70150000000000,16.68050000000000,0.00000000000000,7.51180000000000,31.2341,12674.7960,16.7015,16.7015,0.0000,16.5795,7.6338,7.6338,0.0000,0.0189,12674.7960,NA
parkey.exe,39100,0x0,Other,-1,0,0,Composed: Copy with GPU GDI,12707.9996,NA,16.50210000000000,16.67670000000000,0.00000000000000,7.97500000000000,31.4087,12691.4975,16.5021,16.5021,0.0000,16.3822,8.0949,8.0949,0.0000,0.0248,12691.4975,NA
parkey.exe,39100,0x0,Other,-1,0,0,Composed: Copy with GPU GDI,12724.6885,NA,16.68890000000000,16.68300000000000,0.00000000000000,7.98280000000000,31.4028,12707.9996,16.6889,16.6889,0.0000,16.7628,7.9089,7.9089,0.0000,-0.1809,12707.9996,NA
parkey.exe,39100,0x0,Other,-1,0,0,Composed: Copy with GPU GDI,12741.3447,NA,16.65620000000000,16.68310000000000,0.00000000000000,7.71610000000000,31.4297,12724.6885,16.6562,16.6562,0.0000,16.5455,7.8268,7.8268,0.0000,0.0058,12724.6885,NA
parkey.exe,39100,0x0,Other,-1,0,0,Composed: Copy with GPU GDI,12758.0626,NA,16.71790000000000,16.68250000000000,0.00000000000000,8.25510000000000,31.3943,12741.3447,16.7179,16.7179,0.0000,16.6069,8.3661,8.3661,0.0000,-0.0263,12741.3447,NA
parkey.exe,39100,0x0,Other,-1,0,0,Composed: Copy with GPU GDI,12774.7937,NA,16.73110000000000,16.67570000000000,0.00000000000000,8.50830000000000,31.3389,12758.0626,16.7311,16.7311,0.0000,16.6073,8.6321,8.6321,0.0000,0.0422,12758.0626,NA
parkey.exe,39100,0x0,Other,-1,0,0,Composed: Copy with GPU GDI,12791.5475,NA,16.75380000000000,16.67320000000000,0.00000000000000,8.40350000000000,31.2583,12774.7937,16.7538,16.7538,0.0000,16.6327,8.5246,8.5246,0.0000,0.0579,12774.7937,NA
parkey.exe,39100,0x0,Other,-1,0,0,Composed: Copy with GPU GDI,12808.2219,NA,16.67440000000000,16.68260000000000,0.00000000000000,8.73600000000000,31.2665,12791.5475,16.6744,16.6744,0.0000,16.5486,8.8618,8.8618,0.0000,0.0712,12791.5475,NA
parkey.exe,39100,0x0,Other,-1,0,0,Composed: Copy with GPU GDI,12824.7628,NA,16.54090000000000,16.68710000000000,0.00000000000000,7.85400000000000,31.4127,12808.2219,16.5409,16.5409,0.0000,16.4323,7.9626,7.9626,0.0000,-0.0127,12808.2219,NA
parkey.exe,39100,0x0,Other,-1,0,0,Composed: Copy with GPU GDI,12841.3845,NA,16.62170000000000,13.94480000000000,0.00000000000000,8.18130000000000,28.7358,12824.7628,16.6217,16.6217,0.0000,16.5095,8.2935,8.2935,0.0000,2.5961,12824.7628,NA
parkey.exe,39100,0x0,Other,-1,0,0,Composed: Copy with GPU GDI,12858.5036,NA,17.11910000000000,7.00460000000000,0.00000000000000,9.12890000000000,18.6213,12841.3845,17.1191,17.1191,0.0000,16.9648,9.2832,9.2832,0.0000,9.6171,12841.3845,NA
parkey.exe,39100,0x0,Other,-1,0,0,Composed: Copy with GPU GDI,12874.8993,NA,16.39570000000000,29.08340000000000,0.00000000000000,8.18150000000000,31.3090,12858.5036,16.3957,16.3957,0.0000,16.2445,8.3327,8.3327,0.0000,-11.9643,12858.5036,NA
parkey.exe,39100,0x0,Other,-1,0,0,Composed: Copy with GPU GDI,12891.6657,NA,16.76640000000000,16.68800000000000,0.00000000000000,8.81400000000000,31.2306,12874.8993,16.7664,16.7664,0.0000,16.6215,8.9589,8.9589,0.0000,-0.2923,12874.8993,NA
parkey.exe,39100,0x0,Other,-1,0,0,Composed: Copy with GPU GDI,12908.1074,NA,16.44170000000000,16.69510000000000,0.00000000000000,7.68790000000000,31.4840,12891.6657,16.4417,16.4417,0.0000,16.3179,7.8117,7.8117,0.0000,0.0713,12891.6657,NA
parkey.exe,39100,0x0,Other,-1,0,0,Composed: Copy with GPU GDI,12924.7079,NA,16.60050000000000,16.65840000000000,0.00000000000000,8.02580000000000,31.5419,12908.1074,16.6005,16.6005,0.0000,16.4997,8.1266,8.1266,0.0000,-0.2167,12908.1074,NA
parkey.exe,39100,0x0,Other,-1,0,0,Composed: Copy with GPU GDI,12941.5802,NA,16.87230000000000,16.68160000000000,0.00000000000000,8.68190000000000,31.3512,12924.7079,16.8723,16.8723,0.0000,16.7577,8.7965,8.7965,0.0000,-0.0811,12924.7079,NA
parkey.exe,39100,0x0,Other,-1,0,0,Composed: Copy with GPU GDI,12958.0804,NA,16.50020000000000,16.68290000000000,0.00000000000000,8.54840000000000,31.5339,12941.5802,16.5002,16.5002,0.0000,16.3698,8.6788,8.6788,0.0000,0.1894,12941.5802,NA
parkey.exe,39100,0x0,Other,-1,0,0,Composed: Copy with GPU GDI,12974.6787,NA,16.59830000000000,16.68460000000000,0.00000000000000,8.62360000000000,31.6202,12958.0804,16.5983,16.5983,0.0000,16.4837,8.7382,8.7382,0.0000,-0.1844,12958.0804,NA
parkey.exe,39100,0x0,Other,-1,0,0,Composed: Copy with GPU GDI,12991.3986,NA,16.71990000000000,9.73720000000000,0.00000000000000,7.68740000000000,24.6375,12974.6787,16.7199,16.7199,0.0000,16.5820,7.8253,7.8253,0.0000,6.8611,12974.6787,NA
parkey.exe,39100,0x0,Other,-1,0,0,Composed: Copy with GPU GDI,13008.4069,NA,17.00830000000000,23.61870000000000,0.00000000000000,8.54810000000000,31.2479,12991.3986,17.0083,17.0083,0.0000,16.8627,8.6937,8.6937,0.0000,-6.8988,12991.3986,NA
parkey.exe,39100,0x0,Other,-1,0,0,Composed: Copy with GPU GDI,13024.9569,NA,16.55000000000000,16.68270000000000,0.00000000000000,6.19630000000000,31.3806,13008.4069,16.5500,16.5500,0.0000,16.4305,6.3158,6.3158,0.0000,0.3256,13008.4069,NA
parkey.exe,39100,0x0,Other,-1,0,0,Composed: Copy with GPU GDI,13041.2962,NA,16.33930000000000,16.67180000000000,0.00000000000000,8.67900000000000,31.7131,13024.9569,16.3393,16.3393,0.0000,16.2258,8.7925,8.7925,0.0000,-0.1218,13024.9569,NA
parkey.exe,39100,0x0,Other,-1,0,0,Composed: Copy with GPU GDI,13058.2133,NA,16.91710000000000,5.54960000000000,0.00000000000000,8.92870000000000,20.3456,13041.2962,16.9171,16.9171,0.0000,16.9227,8.9231,8.9231,0.0000,10.7897,13041.2962,NA
parkey.exe,39100,0x0,Other,-1,0,0,Composed: Copy with GPU GDI,13074.8428,NA,16.62950000000000,20.82150000000000,0.00000000000000,8.15570000000000,24.5376,13058.2133,16.6295,16.6295,0.0000,16.5075,8.2777,8.2777,0.0000,-3.9044,13058.2133,NA
parkey.exe,39100,0x0,Other,-1,0,0,Composed: Copy with GPU GDI,13091.7658,NA,16.92300000000000,23.68240000000000,0.00000000000000,8.54370000000000,31.2970,13074.8428,16.9230,16.9230,0.0000,16.7779,8.6888,8.6888,0.0000,-7.0529,13074.8428,NA
parkey.exe,39100,0x0,Other,-1,0,0,Composed: Copy with GPU GDI,13108.3223,NA,16.55650000000000,16.67910000000000,0.00000000000000,7.15480000000000,31.4196,13091.7658,16.5565,16.5565,0.0000,16.4219,7.2894,7.2894,0.0000,0.2439,13091.7658,NA
parkey.exe,39100,0x0,Other,-1,0,0,Composed: Copy with GPU GDI,13124.7088,NA,16.38650000000000,16.67340000000000,0.00000000000000,8.02710000000000,31.7065,13108.3223,16.3865,16.3865,0.0000,16.2862,8.1274,8.1274,0.0000,-0.1169,13108.3223,NA
parkey.exe,39100,0x0,Other,-1,0,0,Composed: Copy with GPU GDI,13141.4419,NA,16.73310000000000,16.68400000000000,0.00000000000000,9.02030000000000,31.6574,13124.7088,16.7331,16.7331,0.0000,16.8527,8.9007,8.9007,0.0000,-0.2975,13124.7088,NA
parkey.exe,39100,0x0,Other,-1,0,0,Composed: Copy with GPU GDI,13158.0918,NA,16.64990000000000,16.67460000000000,0.00000000000000,8.12940000000000,31.6821,13141.4419,16.6499,16.6499,0.0000,16.5139,8.2654,8.2654,0.0000,0.0585,13141.4419,NA
parkey.exe,39100,0x0,Other,-1,0,0,Composed: Copy with GPU GDI,13174.6887,NA,16.59690000000000,6.84740000000000,0.00000000000000,8.98510000000000,21.9326,13158.0918,16.5969,16.5969,0.0000,16.4836,9.0984,9.0984,0.0000,9.8025,13158.0918,NA
parkey.exe,39100,0x0,Other,-1,0,0,Composed: Copy with GPU GDI,13191.4566,NA,16.76790000000000,26.51350000000000,0.00000000000000,7.99380000000000,31.6782,13174.6887,16.7679,16.7679,0.0000,16.6477,8.1140,8.1140,0.0000,-9.9166,13174.6887,NA
parkey.exe,39100,0x0,Other,-1,0,0,Composed: Copy with GPU GDI,13208.0955,NA,16.63890000000000,16.68220000000000,0.00000000000000,8.30450000000000,31.7215,13191.4566,16.6389,16.6389,0.0000,16.5293,8.4141,8.4141,0.0000,0.0857,13191.4566,NA
parkey.exe,39100,0x0,Other,-1,0,0,Composed: Copy with GPU GDI,13224.7867,NA,16.69120000000000,16.68680000000000,0.00000000000000,7.96440000000000,31.7171,13208.0955,16.6912,16.6912,0.0000,16.5421,8.1135,8.1135,0.0000,-0.0479,13208.0955,NA
parkey.exe,39100,0x0,Other,-1,0,0,Composed: Copy with GPU GDI,13241.3757,NA,16.58900000000000,16.67290000000000,0.00000000000000,8.62360000000000,31.8010,13224.7867,16.5890,16.5890,0.0000,16.4833,8.7293,8.7293,0.0000,0.0183,13224.7867,NA
parkey.exe,39100,0x0,Other,-1,0,0,Composed: Copy with GPU GDI,13258.5508,NA,17.17510000000000,6.79870000000000,0.00000000000000,8.53830000000000,21.4246,13241.3757,17.1751,17.1751,0.0000,16.9955,8.7179,8.7179,0.0000,9.7903,13241.3757,NA
parkey.exe,39100,0x0,Other,-1,0,0,Composed: Copy with GPU GDI,13274.8757,NA,16.32490000000000,26.56740000000000,0.00000000000000,8.04350000000000,31.6671,13258.5508,16.3249,16.3249,0.0000,16.1914,8.1770,8.1770,0.0000,-9.3923,13258.5508,NA
parkey.exe,39100,0x0,Other,-1,0,0,Composed: Copy with GPU GDI,13291.5274,NA,16.65170000000000,16.67370000000000,0.00000000000000,8.76590000000000,31.6891,13274.8757,16.6517,16.6517,0.0000,16.5257,8.8919,8.8919,0.0000,-0.3488,13274.8757,NA
parkey.exe,39100,0x0,Other,-1,0,0,Composed: Copy with GPU GDI,13308.2789,NA,16.75150000000000,16.69010000000000,0.00000000000000,8.40080000000000,31.6277,13291.5274,16.7515,16.7515,0.0000,16.6087,8.5436,8.5436,0.0000,-0.0384,13291.5274,NA
parkey.exe,39100,0x0,Other,-1,0,0,Composed: Copy with GPU GDI,13324.9611,NA,16.68220000000000,16.67390000000000,0.00000000000000,7.81300000000000,31.6194,13308.2789,16.6822,16.6822,0.0000,16.5510,7.9442,7.9442,0.0000,0.0776,13308.2789,NA
parkey.exe,39100,0x0,Other,-1,0,0,Composed: Copy with GPU GDI,13341.6253,NA,16.66420000000000,16.68230000000000,0.00000000000000,8.79640000000000,31.6375,13324.9611,16.6642,16.6642,0.0000,16.5443,8.9163,8.9163,0.0000,-0.0001,13324.9611,NA
parkey.exe,39100,0x0,Other,-1,0,0,Composed: Copy with GPU GDI,13358.1330,NA,16.50770000000000,16.68400000000000,0.00000000000000,8.03370000000000,31.8138,13341.6253,16.5077,16.5077,0.0000,16.3973,8.1441,8.1441,0.0000,-0.0198,13341.6253,NA
parkey.exe,39100,0x0,Other,-1,0,0,Composed: Copy with GPU GDI,13374.8827,NA,16.74970000000000,1.16590000000000,0.00000000000000,8.70410000000000,16.2300,13358.1330,16.7497,16.7497,0.0000,16.6207,8.8331,8.8331,0.0000,15.3418,13358.1330,NA
parkey.exe,39100,0x0,Other,-1,0,0,Composed: Copy with GPU GDI,13391.9348,NA,17.05210000000000,20.82830000000000,0.00000000000000,8.81120000000000,20.0062,13374.8827,17.0521,17.0521,0.0000,16.9589,8.9044,8.9044,0.0000,-4.0786,13374.8827,NA
parkey.exe,39100,0x0,Other,-1,0,0,Composed: Copy with GPU GDI,13408.1314,NA,16.19660000000000,28.03990000000000,0.00000000000000,8.45550000000000,31.8495,13391.9348,16.1966,16.1966,0.0000,16.0629,8.5892,8.5892,0.0000,-10.9878,13391.9348,NA
parkey.exe,39100,0x0,Other,-1,0,0,Composed: Copy with GPU GDI,13425.1125,NA,16.98110000000000,16.68150000000000,0.00000000000000,8.00940000000000,31.5499,13408.1314,16.9811,16.9811,0.0000,16.8053,8.1852,8.1852,0.0000,-0.4849,13408.1314,NA
parkey.exe,39100,0x0,Other,-1,0,0,Composed: Copy with GPU GDI,13442.5143,NA,17.40180000000000,16.67620000000000,0.00000000000000,7.07950000000000,30.8243,13425.1125,17.4018,17.4018,0.0000,17.2151,7.2662,7.2662,0.0000,0.3049,13425.1125,NA
parkey.exe,39100,0x0,Other,-1,0,0,Composed: Copy with GPU GDI,13458.7078,NA,16.19350000000000,8.00980000000000,0.00000000000000,8.76160000000000,22.6406,13442.5143,16.1935,16.1935,0.0000,16.0199,8.9352,8.9352,0.0000,9.3920,13442.5143,NA
parkey.exe,39100,0x0,Other,-1,0,0,Composed: Copy with GPU GDI,13474.9319,NA,16.22410000000000,13.92740000000000,0.00000000000000,8.68410000000000,20.3439,13458.7078,16.2241,16.2241,0.0000,16.2474,8.6608,8.6608,0.0000,2.2661,13458.7078,NA
parkey.exe,39100,0x0,Other,-1,0,0,Composed: Copy with GPU GDI,13492.1342,NA,17.20230000000000,28.10520000000000,0.00000000000000,8.50640000000000,31.2468,13474.9319,17.2023,17.2023,0.0000,17.0220,8.6867,8.6867,0.0000,-11.8811,13474.9319,NA
parkey.exe,39100,0x0,Other,-1,0,0,Composed: Copy with GPU GDI,13508.3773,NA,16.24310000000000,16.70330000000000,0.00000000000000,8.74060000000000,31.7070,13492.1342,16.2431,16.2431,0.0000,16.0860,8.8977,8.8977,0.0000,0.4990,13492.1342,NA
parkey.exe,39100,0x0,Other,-1,0,0,Composed: Copy with GPU GDI,13525.3789,NA,17.00160000000000,16.66890000000000,0.00000000000000,6.94310000000000,31.3743,13508.3773,17.0016,17.0016,0.0000,16.8367,7.1080,7.1080,0.0000,-0.4258,13508.3773,NA
parkey.exe,39100,0x0,Other,-1,0,0,Composed: Copy with GPU GDI,13541.7966,NA,16.41770000000000,1.05470000000000,0.00000000000000,8.60930000000000,16.0113,13525.3789,16.4177,16.4177,0.0000,16.2548,8.7722,8.7722,0.0000,15.9469,13525.3789,NA
parkey.exe,39100,0x0,Other,-1,0,0,Composed: Copy with GPU GDI,13559.2229,NA,17.42630000000000,20.82820000000000,0.00000000000000,8.55320000000000,19.4132,13541.7966,17.4263,17.4263,0.0000,17.3666,8.6129,8.6129,0.0000,-4.4105,13541.7966,NA
parkey.exe,39100,0x0,Other,-1,0,0,Composed: Copy with GPU GDI,13574.8758,NA,15.65290000000000,13.87870000000000,0.00000000000000,8.78470000000000,17.6390,13559.2229,15.6529,15.6529,0.0000,15.5125,8.9251,8.9251,0.0000,3.5476,13559.2229,NA
parkey.exe,39100,0x0,Other,-1,0,0,Composed: Copy with GPU GDI,13591.5161,NA,16.64030000000000,20.84770000000000,0.00000000000000,8.92670000000000,21.8464,13574.8758,16.6403,16.6403,0.0000,16.5143,9.0527,9.0527,0.0000,-5.1948,13574.8758,NA
parkey.exe,39100,0x0,Other,-1,0,0,Composed: Copy with GPU GDI,13608.1568,NA,16.64070000000000,26.78100000000000,0.00000000000000,8.40880000000000,31.9867,13591.5161,16.6407,16.6407,0.0000,16.6321,8.4174,8.4174,0.0000,-10.1407,13591.5161,NA
parkey.exe,39100,0x0,Other,-1,0,0,Composed: Copy with GPU GDI,13625.1599,NA,17.00310000000000,16.67670000000000,0.00000000000000,7.88750000000000,31.6603,13608.1568,17.0031,17.0031,0.0000,16.8390,8.0516,8.0516,0.0000,-0.0360,13608.1568,NA
parkey.exe,39100,0x0,Other,-1,0,0,Composed: Copy with GPU GDI,13641.5776,NA,16.41770000000000,5.16170000000000,0.00000000000000,8.85550000000000,20.4043,13625.1599,16.4177,16.4177,0.0000,16.2623,9.0109,9.0109,0.0000,11.8414,13625.1599,NA
parkey.exe,39100,0x0,Other,-1,0,0,Composed: Copy with GPU GDI,13658.1775,NA,16.59990000000000,28.20170000000000,0.00000000000000,8.70500000000000,32.0061,13641.5776,16.5999,16.5999,0.0000,16.4777,8.8272,8.8272,0.0000,-11.7840,13641.5776,NA
parkey.exe,39100,0x0,Other,-1,0,0,Composed: Copy with GPU GDI,13674.8773,NA,16.69980000000000,6.54810000000000,0.00000000000000,8.83810000000000,21.8544,13658.1775,16.6998,16.6998,0.0000,16.5440,8.9939,8.9939,0.0000,10.0518,13658.1775,NA
parkey.exe,39100,0x0,Other,-1,0,0,Composed: Copy with GPU GDI,13691.5302,NA,16.65290000000000,26.81340000000000,0.00000000000000,8.13760000000000,32.0149,13674.8773,16.6529,16.6529,0.0000,16.5390,8.2515,8.2515,0.0000,-10.1136,13674.8773,NA
parkey.exe,39100,0x0,Other,-1,0,0,Composed: Copy with GPU GDI,13708.1101,NA,16.57990000000000,0.94450000000000,0.00000000000000,8.76990000000000,16.3795,13691.5302,16.5799,16.5799,0.0000,16.4658,8.8840,8.8840,0.0000,15.7084,13691.5302,NA
parkey.exe,39100,0x0,Other,-1,0,0,Composed: Copy with GPU GDI,13724.7971,NA,16.68700000000000,32.41410000000000,0.00000000000000,8.06140000000000,32.1066,13708.1101,16.6870,16.6870,0.0000,16.5777,8.1707,8.1707,0.0000,-15.8342,13708.1101,NA
parkey.exe,39100,0x0,Other,-1,0,0,Composed: Copy with GPU GDI,13741.3064,NA,16.50930000000000,2.34450000000000,0.00000000000000,8.73620000000000,17.9418,13724.7971,16.5093,16.5093,0.0000,16.3941,8.8514,8.8514,0.0000,14.3425,13724.7971,NA
parkey.exe,39100,0x0,Other,-1,0,0,Composed: Copy with GPU GDI,13758.0674,NA,16.76100000000000,20.82720000000000,0.00000000000000,8.66840000000000,22.0080,13741.3064,16.7610,16.7610,0.0000,16.6511,8.7783,8.7783,0.0000,-4.3179,13741.3064,NA
parkey.exe,39100,0x0,Other,-1,0,0,Composed: Copy with GPU GDI,13775.6751,NA,17.60770000000000,26.87270000000000,0.00000000000000,8.58530000000000,31.2730,13758.0674,17.6077,17.6077,0.0000,17.4069,8.7861,8.7861,0.0000,-10.1117,13758.0674,NA
parkey.exe,39100,0x0,Other,-1,0,0,Composed: Copy with GPU GDI,13791.5767,NA,15.90160000000000,0.89000000000000,0.00000000000000,8.75470000000000,16.2614,13775.6751,15.9016,15.9016,0.0000,15.7817,8.8746,8.8746,0.0000,16.7177,13775.6751,NA
parkey.exe,39100,0x0,Other,-1,0,0,Composed: Copy with GPU GDI,13808.6978,NA,17.12110000000000,20.84140000000000,0.00000000000000,8.85190000000000,19.9817,13791.5767,17.1211,17.1211,0.0000,16.9558,9.0172,9.0172,0.0000,-4.9398,13791.5767,NA
parkey.exe,39100,0x0,Other,-1,0,0,Composed: Copy with GPU GDI,13824.6942,NA,15.99640000000000,20.78330000000000,0.00000000000000,7.82960000000000,24.7686,13808.6978,15.9964,15.9964,0.0000,15.8810,7.9450,7.9450,0.0000,-3.6622,13808.6978,NA
parkey.exe,39100,0x0,Other,-1,0,0,Composed: Copy with GPU GDI,13841.5875,NA,16.89330000000000,13.96110000000000,0.00000000000000,8.81390000000000,21.8364,13824.6942,16.8933,16.8933,0.0000,16.7524,8.9548,8.9548,0.0000,2.0353,13824.6942,NA
parkey.exe,39100,0x0,Other,-1,0,0,Composed: Copy with GPU GDI,13858.4173,NA,16.82980000000000,26.92400000000000,0.00000000000000,8.81730000000000,31.9306,13841.5875,16.8298,16.8298,0.0000,16.6849,8.9622,8.9622,0.0000,-10.0307,13841.5875,NA
parkey.exe,39100,0x0,Other,-1,0,0,Composed: Copy with GPU GDI,13875.0967,NA,16.67940000000000,0.84820000000000,0.00000000000000,8.84290000000000,16.0994,13858.4173,16.6794,16.6794,0.0000,16.5357,8.9866,8.9866,0.0000,15.9816,13858.4173,NA
parkey.exe,39100,0x0,Other,-1,0,0,Composed: Copy with GPU GDI,13891.5840,NA,16.48730000000000,20.83070000000000,0.00000000000000,8.70930000000000,20.4428,13875.0967,16.4873,16.4873,0.0000,16.3659,8.8307,8.8307,0.0000,-4.1513,13875.0967,NA
parkey.exe,39100,0x0,Other,-1,0,0,Composed: Copy with GPU GDI,13908.0974,NA,16.51340000000000,13.89100000000000,0.00000000000000,7.48710000000000,17.8204,13891.5840,16.5134,16.5134,0.0000,16.3690,7.6315,7.6315,0.0000,2.5963,13891.5840,NA
parkey.exe,39100,0x0,Other,-1,0,0,Composed: Copy with GPU GDI,13925.1858,NA,17.08840000000000,20.84000000000000,0.00000000000000,8.77560000000000,21.5720,13908.0974,17.0884,17.0884,0.0000,16.9281,8.9359,8.9359,0.0000,-4.3266,13908.0974,NA
parkey.exe,39100,0x0,Other,-1,0,0,Composed: Copy with GPU GDI,13941.7144,NA,16.52860000000000,13.92700000000000,0.00000000000000,8.92430000000000,18.9704,13925.1858,16.5286,16.5286,0.0000,16.3700,9.0829,9.0829,0.0000,3.1614,13925.1858,NA
parkey.exe,39100,0x0,Other,-1,0,0,Composed: Copy with GPU GDI,13958.3364,NA,16.62200000000000,20.74480000000000,0.00000000000000,8.86200000000000,23.0932,13941.7144,16.6220,16.6220,0.0000,16.4642,9.0198,9.0198,0.0000,-4.2162,13941.7144,NA
parkey.exe,39100,0x0,Other,-1,0,0,Composed: Copy with GPU GDI,13975.0781,NA,16.74170000000000,13.94670000000000,0.00000000000000,8.70450000000000,20.2982,13958.3364,16.7417,16.7417,0.0000,16.5880,8.8582,8.8582,0.0000,2.6753,13958.3364,NA
parkey.exe,39100,0x0,Other,-1,0,0,Composed: Copy with GPU GDI,13991.8211,NA,16.74300000000000,13.88400000000000,0.00000000000000,8.38740000000000,17.4392,13975.0781,16.7430,16.7430,0.0000,16.5874,8.5430,8.5430,0.0000,2.8577,13975.0781,NA
parkey.exe,39100,0x0,Other,-1,0,0,Composed: Copy with GPU GDI,14008.4366,NA,16.61550000000000,20.86420000000000,0.00000000000000,8.76220000000000,21.6879,13991.8211,16.6155,16.6155,0.0000,16.4666,8.9111,8.9111,0.0000,-4.1212,13991.8211,NA
parkey.exe,39100,0x0,Other,-1,0,0,Composed: Copy with GPU GDI,14025.5534,NA,17.11680000000000,27.03150000000000,0.00000000000000,7.18160000000000,31.6026,14008.4366,17.1168,17.1168,0.0000,16.8670,7.4314,7.4314,0.0000,-10.4160,14008.4366,NA
parkey.exe,39100,0x0,Other,-1,0,0,Composed: Copy with GPU GDI,14041.6193,NA,16.06590000000000,0.73610000000000,0.00000000000000,8.80840000000000,16.2728,14025.5534,16.0659,16.0659,0.0000,15.9258,8.9485,8.9485,0.0000,16.3807,14025.5534,NA
parkey.exe,39100,0x0,Other,-1,0,0,Composed: Copy with GPU GDI,14058.2712,NA,16.65190000000000,20.83240000000000,0.00000000000000,8.94120000000000,20.4533,14041.6193,16.6519,16.6519,0.0000,16.5028,9.0903,9.0903,0.0000,-4.7665,14041.6193,NA
parkey.exe,39100,0x0,Other,-1,0,0,Composed: Copy with GPU GDI,14074.7460,NA,16.47480000000000,13.87930000000000,0.00000000000000,8.75790000000000,17.8578,14058.2712,16.4748,16.4748,0.0000,16.3614,8.8713,8.8713,0.0000,2.7726,14058.2712,NA
parkey.exe,39100,0x0,Other,-1,0,0,Composed: Copy with GPU GDI,14091.4400,NA,16.69400000000000,20.85080000000000,0.00000000000000,8.66890000000000,22.0146,14074.7460,16.6940,16.6940,0.0000,16.5660,8.7969,8.7969,0.0000,-4.3760,14074.7460,NA
parkey.exe,39100,0x0,Other,-1,0,0,Composed: Copy with GPU GDI,14108.1767,NA,16.73670000000000,13.89010000000000,0.00000000000000,8.75590000000000,19.1680,14091.4400,16.7367,16.7367,0.0000,16.6139,8.8787,8.8787,0.0000,2.8039,14091.4400,NA
parkey.exe,39100,0x0,Other,-1,0,0,Composed: Copy with GPU GDI,14124.9420,NA,16.76530000000000,29.88470000000000,0.00000000000000,8.00410000000000,32.2874,14108.1767,16.7653,16.7653,0.0000,16.6303,8.1391,8.1391,0.0000,-13.1480,14108.1767,NA
parkey.exe,39100,0x0,Other,-1,0,0,Composed: Copy with GPU GDI,14142.0989,NA,17.15690000000000,4.85890000000000,0.00000000000000,8.77340000000000,19.9894,14124.9420,17.1569,17.1569,0.0000,16.9513,8.9790,8.9790,0.0000,11.9064,14124.9420,NA
parkey.exe,39100,0x0,Other,-1,0,0,Composed: Copy with GPU GDI,14158.5603,NA,16.46140000000000,13.86040000000000,0.00000000000000,8.74230000000000,17.3884,14142.0989,16.4614,16.4614,0.0000,16.2854,8.9183,8.9183,0.0000,3.2965,14142.0989,NA
parkey.exe,39100,0x0,Other,-1,0,0,Composed: Copy with GPU GDI,14174.8715,NA,16.31120000000000,20.83910000000000,0.00000000000000,8.69920000000000,21.9163,14158.5603,16.3112,16.3112,0.0000,16.1782,8.8322,8.8322,0.0000,-4.3777,14158.5603,NA
parkey.exe,39100,0x0,Other,-1,0,0,Composed: Copy with GPU GDI,14191.4707,NA,16.59920000000000,13.90230000000000,0.00000000000000,8.75580000000000,19.2194,14174.8715,16.5992,16.5992,0.0000,16.4556,8.8994,8.8994,0.0000,2.4089,14174.8715,NA
parkey.exe,39100,0x0,Other,-1,0,0,Composed: Copy with GPU GDI,14208.0524,NA,16.58170000000000,13.88350000000000,0.00000000000000,8.80190000000000,16.5212,14191.4707,16.5817,16.5817,0.0000,16.4764,8.9072,8.9072,0.0000,2.7157,14191.4707,NA
parkey.exe,39100,0x0,Other,-1,0,0,Composed: Copy with GPU GDI,14225.0112,NA,16.95880000000000,32.74180000000000,0.00000000000000,7.96490000000000,32.3042,14208.0524,16.9588,16.9588,0.0000,16.7946,8.1291,8.1291,0.0000,-16.1601,14208.0524,NA
parkey.exe,39100,0x0,Other,-1,0,0,Composed: Copy with GPU GDI,14241.3581,NA,16.34690000000000,2.01120000000000,0.00000000000000,8.75650000000000,17.9685,14225.0112,16.3469,16.3469,0.0000,16.2336,8.8698,8.8698,0.0000,14.9476,14225.0112,NA
parkey.exe,39100,0x0,Other,-1,0,0,Composed: Copy with GPU GDI,14258.1819,NA,16.82380000000000,20.83360000000000,0.00000000000000,8.74340000000000,21.9783,14241.3581,16.8238,16.8238,0.0000,16.6797,8.8875,8.8875,0.0000,-4.4867,14241.3581,NA
parkey.exe,39100,0x0,Other,-1,0,0,Composed: Copy with GPU GDI,14275.2151,NA,17.03320000000000,13.88830000000000,0.00000000000000,8.68690000000000,18.8334,14258.1819,17.0332,17.0332,0.0000,16.8496,8.8705,8.8705,0.0000,2.9355,14258.1819,NA
parkey.exe,39100,0x0,Other,-1,0,0,Composed: Copy with GPU GDI,14291.8183,NA,16.60320000000000,20.77310000000000,0.00000000000000,8.62470000000000,23.0033,14275.2151,16.6032,16.6032,0.0000,16.4608,8.7671,8.7671,0.0000,-3.7399,14275.2151,NA
parkey.exe,39100,0x0,Other,-1,0,0,Composed: Copy with GPU GDI,14308.1842,NA,16.36590000000000,13.94310000000000,0.00000000000000,8.68170000000000,20.5805,14291.8183,16.3659,16.3659,0.0000,16.2382,8.8094,8.8094,0.0000,2.6601,14291.8183,NA
parkey.exe,39100,0x0,Other,-1,0,0,Composed: Copy with GPU GDI,14325.0111,NA,16.82690000000000,28.62810000000000,0.00000000000000,7.82410000000000,32.3817,14308.1842,16.8269,16.8269,0.0000,16.6882,7.9628,7.9628,0.0000,-12.2622,14308.1842,NA
parkey.exe,39100,0x0,Other,-1,0,0,Composed: Copy with GPU GDI,14341.5727,NA,16.56160000000000,6.11020000000000,0.00000000000000,8.69050000000000,21.9303,14325.0111,16.5616,16.5616,0.0000,16.4442,8.8079,8.8079,0.0000,10.7167,14325.0111,NA
parkey.exe,39100,0x0,Other,-1,0,0,Composed: Copy with GPU GDI,14358.0254,NA,16.45270000000000,13.87070000000000,0.00000000000000,8.75610000000000,19.3483,14341.5727,16.4527,16.4527,0.0000,16.3417,8.8671,8.8671,0.0000,2.6909,14341.5727,NA
parkey.exe,39100,0x0,Other,-1,0,0,Composed: Copy with GPU GDI,14374.7757,NA,16.75030000000000,13.92240000000000,0.00000000000000,8.77870000000000,16.5204,14358.0254,16.7503,16.7503,0.0000,16.6260,8.9030,8.9030,0.0000,2.5303,14358.0254,NA
parkey.exe,39100,0x0,Other,-1,0,0,Composed: Copy with GPU GDI,14392.2375,NA,17.46180000000000,20.82460000000000,0.00000000000000,8.83970000000000,19.8832,14374.7757,17.4618,17.4618,0.0000,17.3083,8.9932,8.9932,0.0000,-4.0743,14374.7757,NA
parkey.exe,39100,0x0,Other,-1,0,0,Composed: Copy with GPU GDI,14408.4088,NA,16.17130000000000,13.90460000000000,0.00000000000000,8.71410000000000,17.6165,14392.2375,16.1713,16.1713,0.0000,16.0239,8.8615,8.8615,0.0000,3.5572,14392.2375,NA
parkey.exe,39100,0x0,Other,-1,0,0,Composed: Copy with GPU GDI,14424.9935,NA,16.58470000000000,31.44720000000000,0.00000000000000,8.00710000000000,32.4790,14408.4088,16.5847,16.5847,0.0000,16.4351,8.1567,8.1567,0.0000,-15.2759,14408.4088,NA
parkey.exe,39100,0x0,Other,-1,0,0,Composed: Copy with GPU GDI,14441.3207,NA,16.32720000000000,3.25610000000000,0.00000000000000,8.73250000000000,19.4079,14424.9935,16.3272,16.3272,0.0000,16.2104,8.8493,8.8493,0.0000,13.3286,14424.9935,NA
parkey.exe,39100,0x0,Other,-1,0,0,Composed: Copy with GPU GDI,14457.9770,NA,16.65630000000000,13.91180000000000,0.00000000000000,9.00560000000000,16.6634,14441.3207,16.6563,16.6563,0.0000,16.5492,9.1127,9.1127,0.0000,2.4154,14441.3207,NA
parkey.exe,39100,0x0,Other,-1,0,0,Composed: Copy with GPU GDI,14474.7446,NA,16.76760000000000,20.83160000000000,0.00000000000000,8.65590000000000,20.7274,14457.9770,16.7676,16.7676,0.0000,16.6015,8.8220,8.8220,0.0000,-4.1753,14457.9770,NA
parkey.exe,39100,0x0,Other,-1,0,0,Composed: Copy with GPU GDI,14491.5979,NA,16.85330000000000,13.87900000000000,0.00000000000000,8.70090000000000,17.7531,14474.7446,16.8533,16.8533,0.0000,16.7152,8.8390,8.8390,0.0000,2.8886,14474.7446,NA
parkey.exe,39100,0x0,Other,-1,0,0,Composed: Copy with GPU GDI,14508.0955,NA,16.49760000000000,20.82640000000000,0.00000000000000,8.71970000000000,22.0819,14491.5979,16.4976,16.4976,0.0000,16.3837,8.8336,8.8336,0.0000,-3.9731,14491.5979,NA
parkey.exe,39100,0x0,Other,-1,0,0,Composed: Copy with GPU GDI,14524.8474,NA,16.75190000000000,27.38360000000000,0.00000000000000,6.84340000000000,32.7136,14508.0955,16.7519,16.7519,0.0000,16.6244,6.9709,6.9709,0.0000,-10.8860,14508.0955,NA
parkey.exe,39100,0x0,Other,-1,0,0,Composed: Copy with GPU GDI,14541.6854,NA,16.83800000000000,7.30310000000000,0.00000000000000,8.74890000000000,23.1787,14524.8474,16.8380,16.8380,0.0000,16.6976,8.8893,8.8893,0.0000,9.4488,14524.8474,NA
parkey.exe,39100,0x0,Other,-1,0,0,Composed: Copy with GPU GDI,14558.2713,NA,16.58590000000000,13.95070000000000,0.00000000000000,8.68070000000000,20.5435,14541.6854,16.5859,16.5859,0.0000,16.4461,8.8205,8.8205,0.0000,2.8873,14541.6854,NA
parkey.exe,39100,0x0,Other,-1,0,0,Composed: Copy with GPU GDI,14574.8169,NA,16.54560000000000,13.87980000000000,0.00000000000000,8.72780000000000,17.8777,14558.2713,16.5456,16.5456,0.0000,16.4223,8.8511,8.8511,0.0000,2.7061,14558.2713,NA
parkey.exe,39100,0x0,Other,-1,0,0,Composed: Copy with GPU GDI,14591.5976,NA,16.78070000000000,20.84390000000000,0.00000000000000,8.69750000000000,21.9409,14574.8169,16.7807,16.7807,0.0000,16.6424,8.8358,8.8358,0.0000,-4.2983,14574.8169,NA
parkey.exe,39100,0x0,Other,-1,0,0,Composed: Copy with GPU GDI,14608.1254,NA,16.52780000000000,13.88940000000000,0.00000000000000,8.75230000000000,19.3025,14591.5976,16.5278,16.5278,0.0000,16.3965,8.8836,8.8836,0.0000,2.8913,14591.5976,NA
parkey.exe,39100,0x0,Other,-1,0,0,Composed: Copy with GPU GDI,14624.8627,NA,16.73730000000000,30.20680000000000,0.00000000000000,8.04570000000000,32.7720,14608.1254,16.7373,16.7373,0.0000,16.6134,8.1696,8.1696,0.0000,-13.6790,14608.1254,NA
parkey.exe,39100,0x0,Other,-1,0,0,Composed: Copy with GPU GDI,14641.3880,NA,16.52530000000000,4.52720000000000,0.00000000000000,8.76170000000000,20.7739,14624.8627,16.5253,16.5253,0.0000,16.4111,8.8759,8.8759,0.0000,12.2101,14624.8627,NA
parkey.exe,39100,0x0,Other,-1,0,0,Composed: Copy with GPU GDI,14657.9847,NA,16.59670000000000,13.89020000000000,0.00000000000000,8.80340000000000,18.0674,14641.3880,16.5967,16.5967,0.0000,16.4945,8.9056,8.9056,0.0000,2.6351,14641.3880,NA
parkey.exe,39100,0x0,Other,-1,0,0,Composed: Copy with GPU GDI,14674.6864,NA,16.70170000000000,20.82120000000000,0.00000000000000,8.67690000000000,22.1869,14657.9847,16.7017,16.7017,0.0000,16.5721,8.8065,8.8065,0.0000,-4.2245,14657.9847,NA
parkey.exe,39100,0x0,Other,-1,0,0,Composed: Copy with GPU GDI,14691.5251,NA,16.83870000000000,13.89640000000000,0.00000000000000,8.76160000000000,19.2446,14674.6864,16.8387,16.8387,0.0000,16.7032,8.8971,8.8971,0.0000,2.8053,14674.6864,NA
parkey.exe,39100,0x0,Other,-1,0,0,Composed: Copy with GPU GDI,14708.0264,NA,16.50130000000000,13.89820000000000,0.00000000000000,8.97180000000000,16.6415,14691.5251,16.5013,16.5013,0.0000,16.3903,9.0828,9.0828,0.0000,2.9405,14691.5251,NA
parkey.exe,39100,0x0,Other,-1,0,0,Composed: Copy with GPU GDI,14724.7962,NA,16.76980000000000,33.04300000000000,0.00000000000000,8.13110000000000,32.9147,14708.0264,16.7698,16.7698,0.0000,16.7689,8.1320,8.1320,0.0000,-16.5417,14708.0264,NA
parkey.exe,39100,0x0,Other,-1,0,0,Composed: Copy with GPU GDI,14741.3133,NA,16.51710000000000,1.68560000000000,0.00000000000000,8.79600000000000,18.0832,14724.7962,16.5171,16.5171,0.0000,16.4074,8.9057,8.9057,0.0000,15.0842,14724.7962,NA
parkey.exe,39100,0x0,Other,-1,0,0,Composed: Copy with GPU GDI,14758.1132,NA,16.79990000000000,20.84820000000000,0.00000000000000,8.70020000000000,22.1315,14741.3133,16.7999,16.7999,0.0000,16.6411,8.8590,8.8590,0.0000,-4.3311,14741.3133,NA
parkey.exe,39100,0x0,Other,-1,0,0,Composed: Copy with GPU GDI,14774.8811,NA,16.76790000000000,13.88570000000000,0.00000000000000,8.75670000000000,19.2493,14758.1132,16.7679,16.7679,0.0000,16.6302,8.8944,8.8944,0.0000,2.9142,14758.1132,NA
parkey.exe,39100,0x0,Other,-1,0,0,Composed: Copy with GPU GDI,14791.7888,NA,16.90770000000000,13.89700000000000,0.00000000000000,8.73200000000000,16.2386,14774.8811,16.9077,16.9077,0.0000,16.7415,8.8982,8.8982,0.0000,2.8709,14774.8811,NA
parkey.exe,39100,0x0,Other,-1,0,0,Composed: Copy with GPU GDI,14808.1686,NA,16.37980000000000,20.82730000000000,0.00000000000000,8.70570000000000,20.6861,14791.7888,16.3798,16.3798,0.0000,16.2806,8.8049,8.8049,0.0000,-3.9196,14791.7888,NA
parkey.exe,39100,0x0,Other,-1,0,0,Composed: Copy with GPU GDI,14824.7770,NA,16.60840000000000,28.94600000000000,0.00000000000000,7.65230000000000,33.0237,14808.1686,16.6084,16.6084,0.0000,16.4888,7.7719,7.7719,0.0000,-12.5662,14808.1686,NA
parkey.exe,39100,0x0,Other,-1,0,0,Composed: Copy with GPU GDI,14842.2510,NA,17.47400000000000,5.79180000000000,0.00000000000000,8.44290000000000,21.3415,14824.7770,17.4740,17.4740,0.0000,17.2567,8.6602,8.6602,0.0000,10.8166,14824.7770,NA
parkey.exe,39100,0x0,Other,-1,0,0,Composed: Copy with GPU GDI,14858.8514,NA,16.60040000000000,13.88040000000000,0.00000000000000,8.67840000000000,18.6215,14842.2510,16.6004,16.6004,0.0000,16.4066,8.8722,8.8722,0.0000,3.5936,14842.2510,NA
parkey.exe,39100,0x0,Other,-1,0,0,Composed: Copy with GPU GDI,14875.0543,NA,16.20290000000000,13.89220000000000,0.00000000000000,8.86050000000000,16.3108,14858.8514,16.2029,16.2029,0.0000,16.0679,8.9955,8.9955,0.0000,2.7082,14858.8514,NA
parkey.exe,39100,0x0,Other,-1,0,0,Composed: Copy with GPU GDI,14891.6825,NA,16.62820000000000,20.83740000000000,0.00000000000000,8.78020000000000,20.5200,14875.0543,16.6282,16.6282,0.0000,16.5116,8.8968,8.8968,0.0000,-4.6345,14875.0543,NA
parkey.exe,39100,0x0,Other,-1,0,0,Composed: Copy with GPU GDI,14908.1932,NA,16.51070000000000,13.87800000000000,0.00000000000000,8.79380000000000,17.8873,14891.6825,16.5107,16.5107,0.0000,16.3818,8.9227,8.9227,0.0000,2.7502,14891.6825,NA
parkey.exe,39100,0x0,Other,-1,0,0,Composed: Copy with GPU GDI,14924.7665,NA,16.57330000000000,31.79780000000000,0.00000000000000,7.95890000000000,33.1118,14908.1932,16.5733,16.5733,0.0000,16.4466,8.0856,8.0856,0.0000,-15.2871,14908.1932,NA
parkey.exe,39100,0x0,Other,-1,0,0,Composed: Copy with GPU GDI,14941.3698,NA,16.60330000000000,2.96420000000000,0.00000000000000,8.65770000000000,19.4727,14924.7665,16.6033,16.6033,0.0000,16.4661,8.7949,8.7949,0.0000,13.6091,14924.7665,NA
parkey.exe,39100,0x0,Other,-1,0,0,Composed: Copy with GPU GDI,14958.0186,NA,16.64880000000000,13.87620000000000,0.00000000000000,8.97320000000000,16.7001,14941.3698,16.6488,16.6488,0.0000,16.5268,9.0952,9.0952,0.0000,2.7271,14941.3698,NA
parkey.exe,39100,0x0,Other,-1,0,0,Composed: Copy with GPU GDI,14974.8264,NA,16.80780000000000,20.83520000000000,0.00000000000000,8.69780000000000,20.7275,14958.0186,16.8078,16.8078,0.0000,16.6367,8.8689,8.8689,0.0000,-4.1864,14958.0186,NA
parkey.exe,39100,0x0,Other,-1,0,0,Composed: Copy with GPU GDI,14991.4228,NA,16.59640000000000,13.87630000000000,0.00000000000000,8.80110000000000,18.0074,14974.8264,16.5964,16.5964,0.0000,16.5136,8.8839,8.8839,0.0000,2.9315,14974.8264,NA
parkey.exe,39100,0x0,Other,-1,0,0,Composed: Copy with GPU GDI,15008.1626,NA,16.73980000000000,20.84560000000000,0.00000000000000,8.71780000000000,22.1132,14991.4228,16.7398,16.7398,0.0000,16.6079,8.8497,8.8497,0.0000,-4.2492,14991.4228,NA
parkey.exe,39100,0x0,Other,-1,0,0,Composed: Copy with GPU GDI,15024.8032,NA,16.64060000000000,27.70090000000000,0.00000000000000,6.88090000000000,33.1735,15008.1626,16.6406,16.6406,0.0000,16.5188,7.0027,7.0027,0.0000,-10.9611,15008.1626,NA
parkey.exe,39100,0x0,Other,-1,0,0,Composed: Copy with GPU GDI,15041.4261,NA,16.62290000000000,0.12650000000000,0.00000000000000,9.00260000000000,16.6771,15024.8032,16.6229,16.6229,0.0000,16.4918,9.1337,9.1337,0.0000,16.5141,15024.8032,NA
parkey.exe,39100,0x0,Other,-1,0,0,Composed: Copy with GPU GDI,15058.2682,NA,16.84210000000000,20.79620000000000,0.00000000000000,8.73450000000000,20.6312,15041.4261,16.8421,16.8421,0.0000,16.7246,8.8520,8.8520,0.0000,-4.1733,15041.4261,NA
parkey.exe,39100,0x0,Other,-1,0,0,Composed: Copy with GPU GDI,15074.9374,NA,16.66920000000000,13.89720000000000,0.00000000000000,8.50380000000000,17.8592,15058.2682,16.6692,16.6692,0.0000,16.5284,8.6446,8.6446,0.0000,2.9449,15058.2682,NA
parkey.exe,39100,0x0,Other,-1,0,0,Composed: Copy with GPU GDI,15091.4202,NA,16.48280000000000,20.82880000000000,0.00000000000000,8.71450000000000,22.2052,15074.9374,16.4828,16.4828,0.0000,16.3306,8.8667,8.8667,0.0000,-4.1596,15074.9374,NA
parkey.exe,39100,0x0,Other,-1,0,0,Composed: Copy with GPU GDI,15108.0284,NA,16.60820000000000,13.88940000000000,0.00000000000000,8.79030000000000,19.4864,15091.4202,16.6082,16.6082,0.0000,16.4992,8.8993,8.8993,0.0000,2.5934,15091.4202,NA
parkey.exe,39100,0x0,Other,-1,0,0,Composed: Copy with GPU GDI,15124.8239,NA,16.79550000000000,30.52600000000000,0.00000000000000,8.01150000000000,33.2169,15108.0284,16.7955,16.7955,0.0000,16.6711,8.1359,8.1359,0.0000,-13.9178,15108.0284,NA
parkey.exe,39100,0x0,Other,-1,0,0,Composed: Copy with GPU GDI,15141.6421,NA,16.81820000000000,4.21690000000000,0.00000000000000,8.67860000000000,20.6156,15124.8239,16.8182,16.8182,0.0000,16.6679,8.8289,8.8289,0.0000,12.5786,15124.8239,NA
parkey.exe,39100,0x0,Other,-1,0,0,Composed: Copy with GPU GDI,15158.4376,NA,16.79550000000000,13.88570000000000,0.00000000000000,8.75990000000000,17.7058,15141.6421,16.7955,16.7955,0.0000,16.6536,8.9018,8.9018,0.0000,2.9325,15141.6421,NA
parkey.exe,39100,0x0,Other,-1,0,0,Composed: Copy with GPU GDI,15175.1697,NA,16.73210000000000,20.82010000000000,0.00000000000000,8.81020000000000,21.7938,15158.4376,16.7321,16.7321,0.0000,16.5629,8.9794,8.9794,0.0000,-4.0246,15158.4376,NA
parkey.exe,39100,0x0,Other,-1,0,0,Composed: Copy with GPU GDI,15191.6123,NA,16.44260000000000,13.89010000000000,0.00000000000000,8.74520000000000,19.2413,15175.1697,16.4426,16.4426,0.0000,16.2943,8.8935,8.8935,0.0000,2.8420,15175.1697,NA
parkey.exe,39100,0x0,Other,-1,0,0,Composed: Copy with GPU GDI,15208.1040,NA,16.49170000000000,13.88060000000000,0.00000000000000,8.91230000000000,16.6302,15191.6123,16.4917,16.4917,0.0000,16.3600,9.0440,9.0440,0.0000,2.5620,15191.6123,NA
parkey.exe,39100,0x0,Other,-1,0,0,Composed: Copy with GPU GDI,15224.8374,NA,16.73340000000000,33.39800000000000,0.00000000000000,8.01790000000000,33.2948,15208.1040,16.7334,16.7334,0.0000,16.5868,8.1645,8.1645,0.0000,-16.9063,15208.1040,NA
parkey.exe,39100,0x0,Other,-1,0,0,Composed: Copy with GPU GDI,15241.4261,NA,16.58870000000000,1.37230000000000,0.00000000000000,8.78400000000000,18.0784,15224.8374,16.5887,16.5887,0.0000,16.4719,8.9008,8.9008,0.0000,15.3611,15224.8374,NA
parkey.exe,39100,0x0,Other,-1,0,0,Composed: Copy with GPU GDI,15257.9691,NA,16.54300000000000,20.81880000000000,0.00000000000000,8.72950000000000,22.3542,15241.4261,16.5430,16.5430,0.0000,16.4322,8.8403,8.8403,0.0000,-4.2301,15241.4261,NA
parkey.exe,39100,0x0,Other,-1,0,0,Composed: Copy with GPU GDI,15274.6598,NA,16.69070000000000,13.88270000000000,0.00000000000000,8.80110000000000,19.5462,15257.9691,16.6907,16.6907,0.0000,16.5756,8.9162,8.9162,0.0000,2.6603,15257.9691,NA
parkey.exe,39100,0x0,Other,-1,0,0,Composed: Copy with GPU GDI,15291.4639,NA,16.80410000000000,13.89740000000000,0.00000000000000,8.69560000000000,16.6395,15274.6598,16.8041,16.8041,0.0000,16.6873,8.8124,8.8124,0.0000,2.7933,15274.6598,NA
parkey.exe,39100,0x0,Other,-1,0,0,Composed: Copy with GPU GDI,15308.2158,NA,16.75190000000000,20.83260000000000,0.00000000000000,8.68940000000000,20.7202,15291.4639,16.7519,16.7519,0.0000,16.5833,8.8580,8.8580,0.0000,-4.0285,15291.4639,NA
parkey.exe,39100,0x0,Other,-1,0,0,Composed: Copy with GPU GDI,15324.6436,NA,16.42780000000000,29.27600000000000,0.00000000000000,7.32500000000000,33.5684,15308.2158,16.4278,16.4278,0.0000,16.3205,7.4323,7.4323,0.0000,-12.5241,15308.2158,NA
parkey.exe,39100,0x0,Other,-1,0,0,Composed: Copy with GPU GDI,15341.3803,NA,16.73670000000000,5.46110000000000,0.00000000000000,8.69950000000000,22.2928,15324.6436,16.7367,16.7367,0.0000,16.6265,8.8097,8.8097,0.0000,10.9667,15324.6436,NA
parkey.exe,39100,0x0,Other,-1,0,0,Composed: Copy with GPU GDI,15357.9480,NA,16.56770000000000,13.88490000000000,0.00000000000000,8.30670000000000,19.6100,15341.3803,16.5677,16.5677,0.0000,16.4566,8.4178,8.4178,0.0000,2.8518,15341.3803,NA
parkey.exe,39100,0x0,Other,-1,0,0,Composed: Copy with GPU GDI,15374.7729,NA,16.82490000000000,13.89160000000000,0.00000000000000,8.92960000000000,16.6767,15357.9480,16.8249,16.8249,0.0000,16.6990,9.0555,9.0555,0.0000,2.6761,15357.9480,NA
parkey.exe,39100,0x0,Other,-1,0,0,Composed: Copy with GPU GDI,15391.5630,NA,16.79010000000000,20.84040000000000,0.00000000000000,8.66520000000000,20.7270,15374.7729,16.7901,16.7901,0.0000,16.5742,8.8811,8.8811,0.0000,-4.0155,15374.7729,NA
parkey.exe,39100,0x0,Other,-1,0,0,Composed: Copy with GPU GDI,15408.0792,NA,16.51620000000000,13.88090000000000,0.00000000000000,8.78410000000000,18.0917,15391.5630,16.5162,16.5162,0.0000,16.4059,8.8944,8.8944,0.0000,2.9092,15391.5630,NA
parkey.exe,39100,0x0,Other,-1,0,0,Composed: Copy with GPU GDI,15425.0738,NA,16.99460000000000,32.12510000000000,0.00000000000000,7.93750000000000,33.2222,15408.0792,16.9946,16.9946,0.0000,16.8593,8.0728,8.0728,0.0000,-15.6089,15408.0792,NA
parkey.exe,39100,0x0,Other,-1,0,0,Composed: Copy with GPU GDI,15441.5335,NA,16.45970000000000,2.61930000000000,0.00000000000000,8.34440000000000,19.3818,15425.0738,16.4597,16.4597,0.0000,16.3261,8.4780,8.4780,0.0000,14.3753,15425.0738,NA
parkey.exe,39100,0x0,Other,-1,0,0,Composed: Copy with GPU GDI,15458.4511,NA,16.91760000000000,13.89160000000000,0.00000000000000,8.43350000000000,16.3558,15441.5335,16.9176,16.9176,0.0000,16.7556,8.5955,8.5955,0.0000,2.5681,15441.5335,NA
parkey.exe,39100,0x0,Other,-1,0,0,Composed: Copy with GPU GDI,15474.9901,NA,16.53900000000000,20.83700000000000,0.00000000000000,8.56690000000000,20.6538,15458.4511,16.5390,16.5390,0.0000,16.3645,8.7414,8.7414,0.0000,-3.9194,15458.4511,NA
parkey.exe,39100,0x0,Other,-1,0,0,Composed: Copy with GPU GDI,15491.9964,NA,17.00630000000000,13.88460000000000,0.00000000000000,8.67420000000000,17.5321,15474.9901,17.0063,17.0063,0.0000,16.8133,8.8672,8.8672,0.0000,2.6544,15474.9901,NA
parkey.exe,39100,0x0,Other,-1,0,0,Composed: Copy with GPU GDI,15508.3264,NA,16.33000000000000,20.83860000000000,0.00000000000000,8.54700000000000,22.0407,15491.9964,16.3300,16.3300,0.0000,16.1782,8.6988,8.6988,0.0000,-3.8323,15491.9964,NA
parkey.exe,39100,0x0,Other,-1,0,0,Composed: Copy with GPU GDI,15524.8859,NA,16.55950000000000,NA,0.00000000000000,6.86320000000000,NA,15508.3264,16.5595,16.5595,0.0000,16.4430,6.9797,6.9797,0.0000,NA,NA,NA
parkey.exe,39100,0x0,Other,-1,0,0,Composed: Copy with GPU GDI,15541.4506,NA,16.56470000000000,27.76570000000000,0.00000000000000,9.05490000000000,16.6822,15524.8859,16.5647,16.5647,0.0000,16.4516,9.1680,9.1680,0.0000,5.1238,15524.8859,NA
parkey.exe,39100,0x0,Other,-1,0,0,Composed: Copy with GPU GDI,15558.2948,NA,16.84420000000000,20.85620000000000,0.00000000000000,8.67770000000000,20.6942,15541.4506,16.8442,16.8442,0.0000,16.7004,8.8215,8.8215,0.0000,-4.2915,15541.4506,NA
parkey.exe,39100,0x0,Other,-1,0,0,Composed: Copy with GPU GDI,15575.0551,NA,16.76030000000000,13.87450000000000,0.00000000000000,8.48570000000000,17.8084,15558.2948,16.7603,16.7603,0.0000,16.6148,8.6312,8.6312,0.0000,2.9697,15558.2948,NA
parkey.exe,39100,0x0,Other,-1,0,0,Composed: Copy with GPU GDI,15591.5364,NA,16.48130000000000,20.84340000000000,0.00000000000000,8.74510000000000,22.1705,15575.0551,16.4813,16.4813,0.0000,16.3491,8.8773,8.8773,0.0000,-4.0831,15575.0551,NA
parkey.exe,39100,0x0,Other,-1,0,0,Composed: Copy with GPU GDI,15607.9915,NA,16.45510000000000,13.88810000000000,0.00000000000000,8.27900000000000,19.6035,15591.5364,16.4551,16.4551,0.0000,16.3324,8.4017,8.4017,0.0000,2.5932,15591.5364,NA
parkey.exe,39100,0x0,Other,-1,0,0,Composed: Copy with GPU GDI,15624.7126,NA,16.72110000000000,30.85380000000000,0.00000000000000,8.03730000000000,33.7362,15607.9915,16.7211,16.7211,0.0000,16.5979,8.1605,8.1605,0.0000,-14.3987,15607.9915,NA
parkey.exe,39100,0x0,Other,-1,0,0,Composed: Copy with GPU GDI,15641.4347,NA,16.72210000000000,3.89070000000000,0.00000000000000,8.71050000000000,20.9048,15624.7126,16.7221,16.7221,0.0000,16.6016,8.8310,8.8310,0.0000,12.8304,15624.7126,NA
parkey.exe,39100,0x0,Other,-1,0,0,Composed: Copy with GPU GDI,15658.0149,NA,16.58020000000000,13.88050000000000,0.00000000000000,8.49000000000000,18.2051,15641.4347,16.5802,16.5802,0.0000,16.4664,8.6038,8.6038,0.0000,2.8416,15641.4347,NA
parkey.exe,39100,0x0,Other,-1,0,0,Composed: Copy with GPU GDI,15674.6982,NA,16.68330000000000,20.83630000000000,0.00000000000000,8.56100000000000,22.3581,15658.0149,16.6833,16.6833,0.0000,16.5661,8.6782,8.6782,0.0000,-4.2561,15658.0149,NA
parkey.exe,39100,0x0,Other,-1,0,0,Composed: Copy with GPU GDI,15691.4576,NA,16.75940000000000,13.91290000000000,0.00000000000000,8.77380000000000,19.5116,15674.6982,16.7594,16.7594,0.0000,16.6204,8.9128,8.9128,0.0000,2.7704,15674.6982,NA
parkey.exe,39100,0x0,Other,-1,0,0,Composed: Copy with GPU GDI,15708.0946,NA,16.63700000000000,13.87050000000000,0.00000000000000,8.30310000000000,16.7451,15691.4576,16.6370,16.6370,0.0000,16.5135,8.4266,8.4266,0.0000,2.8889,15691.4576,NA
parkey.exe,39100,0x0,Other,-1,0,0,Composed: Copy with GPU GDI,15725.1881,NA,17.09350000000000,33.69110000000000,0.00000000000000,7.92100000000000,33.3427,15708.0946,17.0935,17.0935,0.0000,16.9230,8.0915,8.0915,0.0000,-17.0541,15708.0946,NA
parkey.exe,39100,0x0,Other,-1,0,0,Composed: Copy with GPU GDI,15741.4520,NA,16.26390000000000,1.04560000000000,0.00000000000000,8.43750000000000,18.1244,15725.1881,16.2639,16.2639,0.0000,16.1429,8.5585,8.5585,0.0000,16.0479,15725.1881,NA
parkey.exe,39100,0x0,Other,-1,0,0,Composed: Copy with GPU GDI,15758.0555,NA,16.60350000000000,20.82870000000000,0.00000000000000,8.57590000000000,22.3496,15741.4520,16.6035,16.6035,0.0000,16.5013,8.6781,8.6781,0.0000,-4.5648,15741.4520,NA
parkey.exe,39100,0x0,Other,-1,0,0,Composed: Copy with GPU GDI,15774.7758,NA,16.72030000000000,13.90060000000000,0.00000000000000,8.43180000000000,19.5299,15758.0555,16.7203,16.7203,0.0000,16.5952,8.5569,8.5569,0.0000,2.7029,15758.0555,NA
parkey.exe,39100,0x0,Other,-1,0,0,Composed: Copy with GPU GDI,15791.4526,NA,16.67680000000000,13.87520000000000,0.00000000000000,8.36750000000000,16.7283,15774.7758,16.6768,16.6768,0.0000,16.5660,8.4783,8.4783,0.0000,2.8451,15774.7758,NA
parkey.exe,39100,0x0,Other,-1,0,0,Composed: Copy with GPU GDI,15808.1734,NA,16.72080000000000,20.85130000000000,0.00000000000000,8.70740000000000,20.8588,15791.4526,16.7208,16.7208,0.0000,16.5964,8.8318,8.8318,0.0000,-4.1745,15791.4526,NA
parkey.exe,39100,0x0,Other,-1,0,0,Composed: Copy with GPU GDI,15824.6721,NA,16.49870000000000,29.58190000000000,0.00000000000000,7.32430000000000,33.9420,15808.1734,16.4987,16.4987,0.0000,16.3817,7.4413,7.4413,0.0000,-12.8611,15808.1734,NA
parkey.exe,39100,0x0,Other,-1,0,0,Composed: Copy with GPU GDI,15841.3459,NA,16.67380000000000,5.13470000000000,0.00000000000000,8.57750000000000,22.4029,15824.6721,16.6738,16.6738,0.0000,16.5594,8.6919,8.6919,0.0000,11.3640,15824.6721,NA
parkey.exe,39100,0x0,Other,-1,0,0,Composed: Copy with GPU GDI,15858.4474,NA,17.10150000000000,13.90470000000000,0.00000000000000,8.85260000000000,19.2061,15841.3459,17.1015,17.1015,0.0000,16.9377,9.0164,9.0164,0.0000,2.7691,15841.3459,NA
parkey.exe,39100,0x0,Other,-1,0,0,Composed: Copy with GPU GDI,15874.7999,NA,16.35250000000000,13.88390000000000,0.00000000000000,8.40890000000000,16.7375,15858.4474,16.3525,16.3525,0.0000,16.2246,8.5368,8.5368,0.0000,3.2176,15858.4474,NA
parkey.exe,39100,0x0,Other,-1,0,0,Composed: Copy with GPU GDI,15891.4117,NA,16.61180000000000,20.84200000000000,0.00000000000000,8.75830000000000,20.9677,15874.7999,16.6118,16.6118,0.0000,16.4908,8.8793,8.8793,0.0000,-4.4895,15874.7999,NA
parkey.exe,39100,0x0,Other,-1,0,0,Composed: Copy with GPU GDI,15908.1469,NA,16.73520000000000,13.88930000000000,0.00000000000000,8.76610000000000,18.1218,15891.4117,16.7352,16.7352,0.0000,16.6041,8.8972,8.8972,0.0000,2.7225,15891.4117,NA
parkey.exe,39100,0x0,Other,-1,0,0,Composed: Copy with GPU GDI,15924.8340,NA,16.68710000000000,32.42460000000000,0.00000000000000,8.04770000000000,33.8593,15908.1469,16.6871,16.6871,0.0000,16.5565,8.1783,8.1783,0.0000,-15.6894,15908.1469,NA
parkey.exe,39100,0x0,Other,-1,0,0,Composed: Copy with GPU GDI,15941.3590,NA,16.52500000000000,2.29900000000000,0.00000000000000,8.38350000000000,19.6333,15924.8340,16.5250,16.5250,0.0000,16.3992,8.5093,8.5093,0.0000,14.3881,15924.8340,NA
parkey.exe,39100,0x0,Other,-1,0,0,Composed: Copy with GPU GDI,15958.1055,NA,16.74650000000000,13.90020000000000,0.00000000000000,8.38450000000000,16.7870,15941.3590,16.7465,16.7465,0.0000,16.6308,8.5002,8.5002,0.0000,2.6248,15941.3590,NA
parkey.exe,39100,0x0,Other,-1,0,0,Composed: Copy with GPU GDI,15974.7526,NA,16.64710000000000,20.82670000000000,0.00000000000000,8.73130000000000,20.9666,15958.1055,16.6471,16.6471,0.0000,16.5073,8.8711,8.8711,0.0000,-4.0802,15958.1055,NA
parkey.exe,39100,0x0,Other,-1,0,0,Composed: Copy with GPU GDI,15991.4121,NA,16.65950000000000,13.87910000000000,0.00000000000000,8.31740000000000,18.1862,15974.7526,16.6595,16.6595,0.0000,16.5484,8.4285,8.4285,0.0000,2.7680,15974.7526,NA
parkey.exe,39100,0x0,Other,-1,0,0,Composed: Copy with GPU GDI,16008.1072,NA,16.69510000000000,20.85360000000000,0.00000000000000,8.47560000000000,22.3447,15991.4121,16.6951,16.6951,0.0000,16.5810,8.5897,8.5897,0.0000,-4.1941,15991.4121,NA
parkey.exe,39100,0x0,Other,-1,0,0,Composed: Copy with GPU GDI,16024.6800,NA,16.57280000000000,NA,0.00000000000000,6.07450000000000,NA,16008.1072,16.5728,16.5728,0.0000,16.4466,6.2007,6.2007,0.0000,NA,NA,NA
parkey.exe,39100,0x0,Other,-1,0,0,Composed: Copy with GPU GDI,16041.3964,NA,16.71640000000000,27.76600000000000,0.00000000000000,8.36660000000000,16.8215,16024.6800,16.7164,16.7164,0.0000,16.5988,8.4842,8.4842,0.0000,5.5019,16024.6800,NA
parkey.exe,39100,0x0,Other,-1,0,0,Composed: Copy with GPU GDI,16058.0789,NA,16.68250000000000,20.83990000000000,0.00000000000000,8.95910000000000,20.9789,16041.3964,16.6825,16.6825,0.0000,16.5736,9.0680,9.0680,0.0000,-4.1235,16041.3964,NA
parkey.exe,39100,0x0,Other,-1,0,0,Composed: Copy with GPU GDI,16074.6503,NA,16.57140000000000,13.90380000000000,0.00000000000000,8.31300000000000,18.3113,16058.0789,16.5714,16.5714,0.0000,16.4545,8.4299,8.4299,0.0000,2.7787,16058.0789,NA
parkey.exe,39100,0x0,Other,-1,0,0,Composed: Copy with GPU GDI,16091.6807,NA,17.03040000000000,20.84580000000000,0.00000000000000,8.34520000000000,22.1267,16074.6503,17.0304,17.0304,0.0000,16.8867,8.4889,8.4889,0.0000,-4.2744,16074.6503,NA
parkey.exe,39100,0x0,Other,-1,0,0,Composed: Copy with GPU GDI,16108.1151,NA,16.43440000000000,13.87300000000000,0.00000000000000,8.52100000000000,19.5653,16091.6807,16.4344,16.4344,0.0000,16.3081,8.6473,8.6473,0.0000,3.1574,16091.6807,NA
parkey.exe,39100,0x0,Other,-1,0,0,Composed: Copy with GPU GDI,16124.8360,NA,16.72090000000000,31.18060000000000,0.00000000000000,7.97790000000000,34.0250,16108.1151,16.7209,16.7209,0.0000,16.5896,8.1092,8.1092,0.0000,-14.7462,16108.1151,NA
parkey.exe,39100,0x0,Other,-1,0,0,Composed: Copy with GPU GDI,16141.9180,NA,17.08200000000000,3.56930000000000,0.00000000000000,8.56540000000000,20.5123,16124.8360,17.0820,17.0820,0.0000,16.8250,8.8224,8.8224,0.0000,13.1516,16124.8360,NA
parkey.exe,39100,0x0,Other,-1,0,0,Composed: Copy with GPU GDI,16158.6840,NA,16.76600000000000,13.86830000000000,0.00000000000000,8.31240000000000,17.6146,16141.9180,16.7660,16.7660,0.0000,16.5791,8.4993,8.4993,0.0000,3.2137,16141.9180,NA
parkey.exe,39100,0x0,Other,-1,0,0,Composed: Copy with GPU GDI,16174.9102,NA,16.22620000000000,20.86430000000000,0.00000000000000,8.54650000000000,22.2527,16158.6840,16.2262,16.2262,0.0000,16.0793,8.6934,8.6934,0.0000,-4.0983,16158.6840,NA
parkey.exe,39100,0x0,Other,-1,0,0,Composed: Copy with GPU GDI,16191.5879,NA,16.67770000000000,13.88120000000000,0.00000000000000,8.42400000000000,19.4562,16174.9102,16.6777,16.6777,0.0000,16.5592,8.5425,8.5425,0.0000,2.3450,16174.9102,NA
parkey.exe,39100,0x0,Other,-1,0,0,Composed: Copy with GPU GDI,16208.6058,NA,17.01790000000000,13.86690000000000,0.00000000000000,8.28890000000000,16.3052,16191.5879,17.0179,17.0179,0.0000,16.8053,8.5015,8.5015,0.0000,2.8108,16191.5879,NA
parkey.exe,39100,0x0,Other,-1,0,0,Composed: Copy with GPU GDI,16224.9563,NA,16.35050000000000,17.34570000000000,0.00000000000000,6.21200000000000,17.3004,16208.6058,16.3505,16.3505,0.0000,16.2014,6.3611,6.3611,0.0000,-0.3278,16208.6058,NA
parkey.exe,39100,0x0,Other,-1,0,0,Composed: Copy with GPU GDI,16241.5323,NA,16.57600000000000,16.68300000000000,0.00000000000000,8.03070000000000,17.4074,16224.9563,16.5760,16.5760,0.0000,16.4354,8.1713,8.1713,0.0000,-0.3325,16224.9563,NA
parkey.exe,39100,0x0,Other,-1,0,0,Composed: Copy with GPU GDI,16258.3916,NA,16.85930000000000,16.67640000000000,0.00000000000000,7.99620000000000,17.2245,16241.5323,16.8593,16.8593,0.0000,16.7003,8.1552,8.1552,0.0000,-0.1004,16241.5323,NA
parkey.exe,39100,0x0,Other,-1,0,0,Composed: Copy with GPU GDI,16274.9803,NA,16.58870000000000,NA,0.00000000000000,7.94850000000000,NA,16258.3916,16.5887,16.5887,0.0000,16.4342,8.1030,8.1030,0.0000,NA,NA,NA
parkey.exe,39100,0x0,Other,-1,0,0,Composed: Copy with GPU GDI,16291.3332,NA,16.35290000000000,32.65340000000000,0.00000000000000,8.39660000000000,16.9363,16274.9803,16.3529,16.3529,0.0000,16.2358,8.5137,8.5137,0.0000,0.7946,16274.9803,NA
parkey.exe,39100,0x0,Other,-1,0,0,Composed: Copy with GPU GDI,16308.1172,NA,16.78400000000000,20.84070000000000,0.00000000000000,8.29180000000000,20.9930,16291.3332,16.7840,16.7840,0.0000,16.6737,8.4021,8.4021,0.0000,-4.4878,16291.3332,NA
parkey.exe,39100,0x0,Other,-1,0,0,Composed: Copy with GPU GDI,16324.7119,NA,16.59470000000000,29.91000000000000,0.00000000000000,7.28440000000000,34.3083,16308.1172,16.5947,16.5947,0.0000,16.4745,7.4046,7.4046,0.0000,-13.1260,16308.1172,NA
parkey.exe,39100,0x0,Other,-1,0,0,Composed: Copy with GPU GDI,16341.4362,NA,16.72430000000000,4.82910000000000,0.00000000000000,8.34970000000000,22.4131,16324.7119,16.7243,16.7243,0.0000,16.6054,8.4686,8.4686,0.0000,11.7656,16324.7119,NA
parkey.exe,39100,0x0,Other,-1,0,0,Composed: Copy with GPU GDI,16358.1490,NA,16.71280000000000,13.88360000000000,0.00000000000000,7.72910000000000,19.5839,16341.4362,16.7128,16.7128,0.0000,16.5780,7.8639,7.8639,0.0000,2.8407,16341.4362,NA
parkey.exe,39100,0x0,Other,-1,0,0,Composed: Copy with GPU GDI,16374.7651,NA,16.61610000000000,13.89880000000000,0.00000000000000,8.31640000000000,16.8666,16358.1490,16.6161,16.6161,0.0000,16.4815,8.4510,8.4510,0.0000,2.8140,16358.1490,NA
parkey.exe,39100,0x0,Other,-1,0,0,Composed: Copy with GPU GDI,16391.4686,NA,16.70350000000000,20.83740000000000,0.00000000000000,8.35740000000000,21.0005,16374.7651,16.7035,16.7035,0.0000,16.5828,8.4781,8.4781,0.0000,-4.2213,16374.7651,NA
parkey.exe,39100,0x0,Other,-1,0,0,Composed: Copy with GPU GDI,16407.9807,NA,16.51210000000000,13.88890000000000,0.00000000000000,8.34980000000000,18.3773,16391.4686,16.5121,16.5121,0.0000,16.4065,8.4554,8.4554,0.0000,2.8146,16391.4686,NA
parkey.exe,39100,0x0,Other,-1,0,0,Composed: Copy with GPU GDI,16424.8698,NA,16.88910000000000,32.75440000000000,0.00000000000000,7.97520000000000,34.2426,16407.9807,16.8891,16.8891,0.0000,16.7322,8.1321,8.1321,0.0000,-16.2423,16407.9807,NA
parkey.exe,39100,0x0,Other,-1,0,0,Composed: Copy with GPU GDI,16441.4752,NA,16.60540000000000,1.96150000000000,0.00000000000000,8.37930000000000,19.5987,16424.8698,16.6054,16.6054,0.0000,16.4685,8.5162,8.5162,0.0000,14.9276,16424.8698,NA
parkey.exe,39100,0x0,Other,-1,0,0,Composed: Copy with GPU GDI,16458.0577,NA,16.58250000000000,13.89650000000000,0.00000000000000,8.38090000000000,16.9127,16441.4752,16.5825,16.5825,0.0000,16.4358,8.5276,8.5276,0.0000,2.7089,16441.4752,NA
parkey.exe,39100,0x0,Other,-1,0,0,Composed: Copy with GPU GDI,16474.8711,NA,16.81340000000000,20.84380000000000,0.00000000000000,8.30600000000000,20.9431,16458.0577,16.8134,16.8134,0.0000,16.6693,8.4501,8.4501,0.0000,-4.2613,16458.0577,NA
parkey.exe,39100,0x0,Other,-1,0,0,Composed: Copy with GPU GDI,16491.4213,NA,16.55020000000000,13.89220000000000,0.00000000000000,8.31190000000000,18.2851,16474.8711,16.5502,16.5502,0.0000,16.4220,8.4401,8.4401,0.0000,2.9212,16474.8711,NA
parkey.exe,39100,0x0,Other,-1,0,0,Composed: Copy with GPU GDI,16508.5992,NA,17.17790000000000,20.83900000000000,0.00000000000000,8.32280000000000,21.9462,16491.4213,17.1779,17.1779,0.0000,16.9921,8.5086,8.5086,0.0000,-4.2888,16491.4213,NA
parkey.exe,39100,0x0,Other,-1,0,0,Composed: Copy with GPU GDI,16525.2722,NA,16.67300000000000,NA,0.00000000000000,6.84270000000000,NA,16508.5992,16.6730,16.6730,0.0000,16.4973,7.0184,7.0184,0.0000,NA,NA,NA
parkey.exe,39100,0x0,Other,-1,0,0,Composed: Copy with GPU GDI,16541.5946,NA,16.32240000000000,27.76950000000000,0.00000000000000,8.41480000000000,16.7203,16525.2722,16.3224,16.3224,0.0000,16.1853,8.5519,8.5519,0.0000,6.0814,16525.2722,NA
parkey.exe,39100,0x0,Other,-1,0,0,Composed: Copy with GPU GDI,16558.2405,NA,16.64590000000000,20.85240000000000,0.00000000000000,8.43010000000000,20.9268,16541.5946,16.6459,16.6459,0.0000,16.5261,8.5499,8.5499,0.0000,-4.5300,16541.5946,NA
parkey.exe,39100,0x0,Other,-1,0,0,Composed: Copy with GPU GDI,16574.9163,NA,16.67580000000000,13.89630000000000,0.00000000000000,8.32230000000000,18.1473,16558.2405,16.6758,16.6758,0.0000,16.5354,8.4627,8.4627,0.0000,2.7496,16558.2405,NA
parkey.exe,39100,0x0,Other,-1,0,0,Composed: Copy with GPU GDI,16591.7375,NA,16.82120000000000,20.83090000000000,0.00000000000000,8.24940000000000,22.1570,16574.9163,16.8212,16.8212,0.0000,16.5944,8.4762,8.4762,0.0000,-4.1551,16574.9163,NA
parkey.exe,39100,0x0,Other,-1,0,0,Composed: Copy with GPU GDI,16608.3864,NA,16.64890000000000,13.89180000000000,0.00000000000000,8.40140000000000,19.3999,16591.7375,16.6489,16.6489,0.0000,16.4868,8.5635,8.5635,0.0000,2.9294,16591.7375,NA
parkey.exe,39100,0x0,Other,-1,0,0,Composed: Copy with GPU GDI,16624.7503,NA,16.36390000000000,31.48060000000000,0.00000000000000,7.81920000000000,34.5166,16608.3864,16.3639,16.3639,0.0000,16.2528,7.9303,7.9303,0.0000,-14.8317,16608.3864,NA
parkey.exe,39100,0x0,Other,-1,0,0,Composed: Copy with GPU GDI,16641.8431,NA,17.09280000000000,3.24470000000000,0.00000000000000,8.29840000000000,20.6685,16624.7503,17.0928,17.0928,0.0000,16.9463,8.4449,8.4449,0.0000,13.1192,16624.7503,NA
parkey.exe,39100,0x0,Other,-1,0,0,Composed: Copy with GPU GDI,16658.0282,NA,16.18510000000000,13.88420000000000,0.00000000000000,8.33800000000000,18.3676,16641.8431,16.1851,16.1851,0.0000,16.0687,8.4544,8.4544,0.0000,3.2086,16641.8431,NA
parkey.exe,39100,0x0,Other,-1,0,0,Composed: Copy with GPU GDI,16674.6011,NA,16.57290000000000,20.83290000000000,0.00000000000000,8.32620000000000,22.6276,16658.0282,16.5729,16.5729,0.0000,16.4622,8.4369,8.4369,0.0000,-4.6478,16658.0282,NA
parkey.exe,39100,0x0,Other,-1,0,0,Composed: Copy with GPU GDI,16691.2124,NA,16.61130000000000,13.90310000000000,0.00000000000000,8.34080000000000,19.9194,16674.6011,16.6113,16.6113,0.0000,16.4979,8.4542,8.4542,0.0000,2.6698,16674.6011,NA
parkey.exe,39100,0x0,Other,-1,0,0,Composed: Copy with GPU GDI,16707.9890,NA,16.77660000000000,13.87830000000000,0.00000000000000,8.33530000000000,17.0211,16691.2124,16.7766,16.7766,0.0000,16.6661,8.4458,8.4458,0.0000,2.7330,16691.2124,NA
parkey.exe,39100,0x0,Other,-1,0,0,Composed: Copy with GPU GDI,16724.6653,NA,16.67630000000000,17.65110000000000,0.00000000000000,6.18180000000000,17.9959,16707.9890,16.6763,16.6763,0.0000,16.5359,6.3222,6.3222,0.0000,-0.8745,16707.9890,NA
parkey.exe,39100,0x0,Other,-1,0,0,Composed: Copy with GPU GDI,16741.1826,NA,16.51730000000000,16.67910000000000,0.00000000000000,8.07120000000000,18.1577,16724.6653,16.5173,16.5173,0.0000,16.4208,8.1677,8.1677,0.0000,-0.0028,16724.6653,NA
parkey.exe,39100,0x0,Other,-1,0,0,Composed: Copy with GPU GDI,16757.9184,NA,16.73580000000000,16.67600000000000,0.00000000000000,8.03150000000000,18.0979,16741.1826,16.7358,16.7358,0.0000,16.6329,8.1344,8.1344,0.0000,-0.1587,16741.1826,NA
parkey.exe,39100,0x0,Other,-1,0,0,Composed: Copy with GPU GDI,16774.5657,NA,16.64730000000000,NA,0.00000000000000,7.98720000000000,NA,16757.9184,16.6473,16.6473,0.0000,16.5376,8.0969,8.0969,0.0000,NA,NA,NA
parkey.exe,39100,0x0,Other,-1,0,0,Composed: Copy with GPU GDI,16791.3059,NA,16.74020000000000,32.34310000000000,0.00000000000000,8.34860000000000,17.0535,16774.5657,16.7402,16.7402,0.0000,16.6242,8.4646,8.4646,0.0000,1.0400,16774.5657,NA
parkey.exe,39100,0x0,Other,-1,0,0,Composed: Copy with GPU GDI,16808.0134,NA,16.70750000000000,20.85640000000000,0.00000000000000,8.34910000000000,21.2024,16791.3059,16.7075,16.7075,0.0000,16.5958,8.4608,8.4608,0.0000,-4.1162,16791.3059,NA
parkey.exe,39100,0x0,Other,-1,0,0,Composed: Copy with GPU GDI,16825.4624,NA,17.44900000000000,30.21300000000000,0.00000000000000,7.70770000000000,33.9664,16808.0134,17.4490,17.4490,0.0000,17.2494,7.9073,7.9073,0.0000,-13.5055,16808.0134,NA
parkey.exe,39100,0x0,Other,-1,0,0,Composed: Copy with GPU GDI,16841.8186,NA,16.35620000000000,4.50260000000000,0.00000000000000,8.56280000000000,22.1128,16825.4624,16.3562,16.3562,0.0000,16.2080,8.7110,8.7110,0.0000,12.9464,16825.4624,NA
parkey.exe,39100,0x0,Other,-1,0,0,Composed: Copy with GPU GDI,16858.4670,NA,16.64840000000000,13.88270000000000,0.00000000000000,8.76390000000000,19.3471,16841.8186,16.6484,16.6484,0.0000,16.4689,8.9434,8.9434,0.0000,2.4735,16841.8186,NA
parkey.exe,39100,0x0,Other,-1,0,0,Composed: Copy with GPU GDI,16874.8311,NA,16.36410000000000,13.90800000000000,0.00000000000000,8.78560000000000,16.8910,16858.4670,16.3641,16.3641,0.0000,16.2370,8.9127,8.9127,0.0000,2.7404,16858.4670,NA
parkey.exe,39100,0x0,Other,-1,0,0,Composed: Copy with GPU GDI,16891.5439,NA,16.71280000000000,20.81640000000000,0.00000000000000,8.32720000000000,20.9946,16874.8311,16.7128,16.7128,0.0000,16.5849,8.4551,8.4551,0.0000,-4.4523,16874.8311,NA
parkey.exe,39100,0x0,Other,-1,0,0,Composed: Copy with GPU GDI,16908.0460,NA,16.50210000000000,13.89850000000000,0.00000000000000,8.32240000000000,18.3910,16891.5439,16.5021,16.5021,0.0000,16.3706,8.4539,8.4539,0.0000,2.8143,16891.5439,NA
parkey.exe,39100,0x0,Other,-1,0,0,Composed: Copy with GPU GDI,16924.6300,NA,16.58400000000000,33.06910000000000,0.00000000000000,7.92520000000000,34.8761,16908.0460,16.5840,16.5840,0.0000,16.4719,8.0373,8.0373,0.0000,-16.5670,16908.0460,NA
parkey.exe,39100,0x0,Other,-1,0,0,Composed: Copy with GPU GDI,16941.2632,NA,16.63320000000000,1.66030000000000,0.00000000000000,8.34480000000000,19.9032,16924.6300,16.6332,16.6332,0.0000,16.5193,8.4587,8.4587,0.0000,14.9237,16924.6300,NA
parkey.exe,39100,0x0,Other,-1,0,0,Composed: Copy with GPU GDI,16958.0275,NA,16.76430000000000,13.87580000000000,0.00000000000000,8.31560000000000,17.0147,16941.2632,16.7643,16.7643,0.0000,16.6613,8.4186,8.4186,0.0000,2.7574,16941.2632,NA
parkey.exe,39100,0x0,Other,-1,0,0,Composed: Copy with GPU GDI,16974.5964,NA,16.56890000000000,20.85470000000000,0.00000000000000,8.33810000000000,21.3005,16958.0275,16.5689,16.5689,0.0000,16.4269,8.4801,8.4801,0.0000,-4.0904,16958.0275,NA
parkey.exe,39100,0x0,Other,-1,0,0,Composed: Copy with GPU GDI,16991.3212,NA,16.72480000000000,13.87580000000000,0.00000000000000,8.30470000000000,18.4515,16974.5964,16.7248,16.7248,0.0000,16.6041,8.4254,8.4254,0.0000,2.6931,16974.5964,NA
parkey.exe,39100,0x0,Other,-1,0,0,Composed: Copy with GPU GDI,17007.8914,NA,16.57020000000000,20.86420000000000,0.00000000000000,8.33980000000000,22.7455,16991.3212,16.5702,16.5702,0.0000,16.4558,8.4542,8.4542,0.0000,-4.1394,16991.3212,NA
parkey.exe,39100,0x0,Other,-1,0,0,Composed: Copy with GPU GDI,17024.7753,NA,16.88390000000000,NA,0.00000000000000,6.12610000000000,NA,17007.8914,16.8839,16.8839,0.0000,16.7478,6.2622,6.2622,0.0000,NA,NA,NA
parkey.exe,39100,0x0,Other,-1,0,0,Composed: Copy with GPU GDI,17041.7961,NA,17.02080000000000,27.80290000000000,0.00000000000000,8.44290000000000,16.6437,17024.7753,17.0208,17.0208,0.0000,16.8393,8.6244,8.6244,0.0000,5.6512,17024.7753,NA
parkey.exe,39100,0x0,Other,-1,0,0,Composed: Copy with GPU GDI,17058.6602,NA,16.86410000000000,20.84950000000000,0.00000000000000,7.89850000000000,20.6291,17041.7961,16.8641,16.8641,0.0000,16.6927,8.0699,8.0699,0.0000,-3.8287,17041.7961,NA
parkey.exe,39100,0x0,Other,-1,0,0,Composed: Copy with GPU GDI,17075.3829,NA,16.72270000000000,13.89000000000000,0.00000000000000,8.29390000000000,17.7964,17058.6602,16.7227,16.7227,0.0000,16.5340,8.4826,8.4826,0.0000,2.9741,17058.6602,NA
parkey.exe,39100,0x0,Other,-1,0,0,Composed: Copy with GPU GDI,17092.1512,NA,16.76830000000000,20.83690000000000,0.00000000000000,8.26490000000000,21.8650,17075.3829,16.7683,16.7683,0.0000,16.5562,8.4770,8.4770,0.0000,-4.1142,17075.3829,NA
parkey.exe,39100,0x0,Other,-1,0,0,Composed: Copy with GPU GDI,17108.7921,NA,16.64090000000000,13.88400000000000,0.00000000000000,8.10010000000000,19.1081,17092.1512,16.6409,16.6409,0.0000,16.4371,8.3039,8.3039,0.0000,2.8843,17092.1512,NA
parkey.exe,39100,0x0,Other,-1,0,0,Composed: Copy with GPU GDI,17125.4108,NA,16.61870000000000,31.77570000000000,0.00000000000000,7.89640000000000,34.2651,17108.7921,16.6187,16.6187,0.0000,16.4224,8.0927,8.0927,0.0000,-15.1348,17108.7921,NA
parkey.exe,39100,0x0,Other,-1,0,0,Composed: Copy with GPU GDI,17142.0021,NA,16.59130000000000,2.93060000000000,0.00000000000000,8.26850000000000,20.6044,17125.4108,16.5913,16.5913,0.0000,16.3818,8.4780,8.4780,0.0000,13.6881,17125.4108,NA
parkey.exe,39100,0x0,Other,-1,0,0,Composed: Copy with GPU GDI,17158.5690,NA,16.56690000000000,13.89330000000000,0.00000000000000,8.23200000000000,17.9308,17142.0021,16.5669,16.5669,0.0000,16.3824,8.4165,8.4165,0.0000,2.6980,17142.0021,NA
parkey.exe,39100,0x0,Other,-1,0,0,Composed: Copy with GPU GDI,17175.0134,NA,16.44440000000000,20.82450000000000,0.00000000000000,8.56560000000000,22.3109,17158.5690,16.4444,16.4444,0.0000,16.3057,8.7043,8.7043,0.0000,-4.2576,17158.5690,NA
parkey.exe,39100,0x0,Other,-1,0,0,Composed: Copy with GPU GDI,17191.7616,NA,16.74820000000000,13.88780000000000,0.00000000000000,8.28490000000000,19.4505,17175.0134,16.7482,16.7482,0.0000,16.5878,8.4453,8.4453,0.0000,2.5566,17175.0134,NA
parkey.exe,39100,0x0,Other,-1,0,0,Composed: Copy with GPU GDI,17208.1435,NA,16.38190000000000,13.87720000000000,0.00000000000000,8.28420000000000,16.9458,17191.7616,16.3819,16.3819,0.0000,16.2318,8.4343,8.4343,0.0000,2.8710,17191.7616,NA
parkey.exe,39100,0x0,Other,-1,0,0,Composed: Copy with GPU GDI,17224.6830,NA,16.53950000000000,17.98100000000000,0.00000000000000,6.19580000000000,18.3873,17208.1435,16.5395,16.5395,0.0000,16.4180,6.3173,6.3173,0.0000,-1.5991,17208.1435,NA
parkey.exe,39100,0x0,Other,-1,0,0,Composed: Copy with GPU GDI,17241.2138,NA,16.53080000000000,16.67940000000000,0.00000000000000,8.04180000000000,18.5359,17224.6830,16.5308,16.5308,0.0000,16.4206,8.1520,8.1520,0.0000,-0.1399,17224.6830,NA
parkey.exe,39100,0x0,Other,-1,0,0,Composed: Copy with GPU GDI,17258.1147,NA,16.90090000000000,16.67760000000000,0.00000000000000,7.98420000000000,18.3126,17241.2138,16.9009,16.9009,0.0000,16.7663,8.1188,8.1188,0.0000,-0.1468,17241.2138,NA
parkey.exe,39100,0x0,Other,-1,0,0,Composed: Copy with GPU GDI,17274.8827,NA,16.76800000000000,16.68540000000000,0.00000000000000,7.90850000000000,18.2300,17258.1147,16.7680,16.7680,0.0000,16.6331,8.0434,8.0434,0.0000,0.2155,17258.1147,NA
parkey.exe,39100,0x0,Other,-1,0,0,Composed: Copy with GPU GDI,17291.3760,NA,16.49330000000000,16.68400000000000,0.00000000000000,7.95520000000000,18.4207,17274.8827,16.4933,16.4933,0.0000,16.3577,8.0908,8.0908,0.0000,0.0840,17274.8827,NA
parkey.exe,39100,0x0,Other,-1,0,0,Composed: Copy with GPU GDI,17308.0262,NA,16.65020000000000,33.34730000000000,0.00000000000000,7.94450000000000,35.1178,17291.3760,16.6502,16.6502,0.0000,16.5416,8.0531,8.0531,0.0000,-16.8540,17291.3760,NA
parkey.exe,39100,0x0,Other,-1,0,0,Composed: Copy with GPU GDI,17324.7696,NA,16.74340000000000,16.68900000000000,0.00000000000000,7.32130000000000,35.0634,17308.0262,16.7434,16.7434,0.0000,16.6138,7.4509,7.4509,0.0000,-0.0388,17308.0262,NA
parkey.exe,39100,0x0,Other,-1,0,0,Composed: Copy with GPU GDI,17341.3059,NA,16.53630000000000,4.19810000000000,0.00000000000000,8.32080000000000,22.7252,17324.7696,16.5363,16.5363,0.0000,16.4207,8.4364,8.4364,0.0000,12.5453,17324.7696,NA
parkey.exe,39100,0x0,Other,-1,0,0,Composed: Copy with GPU GDI,17358.1010,NA,16.79510000000000,13.87840000000000,0.00000000000000,8.29480000000000,19.8085,17341.3059,16.7951,16.7951,0.0000,16.6621,8.4278,8.4278,0.0000,2.6579,17341.3059,NA
parkey.exe,39100,0x0,Other,-1,0,0,Composed: Copy with GPU GDI,17374.6788,NA,16.57780000000000,13.89590000000000,0.00000000000000,8.31670000000000,17.1266,17358.1010,16.5778,16.5778,0.0000,16.4588,8.4357,8.4357,0.0000,2.8992,17358.1010,NA
parkey.exe,39100,0x0,Other,-1,0,0,Composed: Copy with GPU GDI,17391.3552,NA,16.67640000000000,20.83050000000000,0.00000000000000,8.33610000000000,21.2807,17374.6788,16.6764,16.6764,0.0000,16.5705,8.4420,8.4420,0.0000,-4.2527,17374.6788,NA
parkey.exe,39100,0x0,Other,-1,0,0,Composed: Copy with GPU GDI,17407.9845,NA,16.62930000000000,13.89710000000000,0.00000000000000,8.35110000000000,18.5485,17391.3552,16.6293,16.6293,0.0000,16.5163,8.4641,8.4641,0.0000,2.7793,17391.3552,NA
parkey.exe,39100,0x0,Other,-1,0,0,Composed: Copy with GPU GDI,17424.5895,NA,16.60500000000000,33.38190000000000,0.00000000000000,8.14710000000000,35.3254,17407.9845,16.6050,16.6050,0.0000,16.4943,8.2578,8.2578,0.0000,-16.7526,17407.9845,NA
parkey.exe,39100,0x0,Other,-1,0,0,Composed: Copy with GPU GDI,17441.6375,NA,17.04800000000000,1.34130000000000,0.00000000000000,8.29840000000000,19.6187,17424.5895,17.0480,17.0480,0.0000,16.8886,8.4578,8.4578,0.0000,15.2637,17424.5895,NA
parkey.exe,39100,0x0,Other,-1,0,0,Composed: Copy with GPU GDI,17458.2180,NA,16.58050000000000,13.91510000000000,0.00000000000000,7.78180000000000,16.9533,17441.6375,16.5805,16.5805,0.0000,16.4223,7.9400,7.9400,0.0000,3.1329,17441.6375,NA
parkey.exe,39100,0x0,Other,-1,0,0,Composed: Copy with GPU GDI,17475.0232,NA,16.80520000000000,20.81410000000000,0.00000000000000,8.31840000000000,20.9622,17458.2180,16.8052,16.8052,0.0000,16.6401,8.4835,8.4835,0.0000,-4.2336,17458.2180,NA
parkey.exe,39100,0x0,Other,-1,0,0,Composed: Copy with GPU GDI,17491.8176,NA,16.79440000000000,13.89370000000000,0.00000000000000,8.20730000000000,18.0615,17475.0232,16.7944,16.7944,0.0000,16.5924,8.4093,8.4093,0.0000,2.9115,17475.0232,NA
parkey.exe,39100,0x0,Other,-1,0,0,Composed: Copy with GPU GDI,17508.1647,NA,16.34710000000000,20.84290000000000,0.00000000000000,8.38350000000000,22.5573,17491.8176,16.3471,16.3471,0.0000,16.2143,8.5163,8.5163,0.0000,-4.0485,17491.8176,NA
parkey.exe,39100,0x0,Other,-1,0,0,Composed: Copy with GPU GDI,17525.1402,NA,16.97550000000000,NA,0.00000000000000,6.88320000000000,NA,17508.1647,16.9755,16.9755,0.0000,16.8283,7.0304,7.0304,0.0000,NA,NA,NA
parkey.exe,39100,0x0,Other,-1,0,0,Composed: Copy with GPU GDI,17541.2871,NA,16.14690000000000,27.77250000000000,0.00000000000000,8.30130000000000,17.2074,17525.1402,16.1469,16.1469,0.0000,16.0326,8.4156,8.4156,0.0000,5.5501,17525.1402,NA
parkey.exe,39100,0x0,Other,-1,0,0,Composed: Copy with GPU GDI,17557.8997,NA,16.61260000000000,20.83120000000000,0.00000000000000,7.96750000000000,21.4260,17541.2871,16.6126,16.6126,0.0000,16.4937,8.0864,8.0864,0.0000,-4.6843,17541.2871,NA
parkey.exe,39100,0x0,Other,-1,0,0,Composed: Copy with GPU GDI,17574.6690,NA,16.76930000000000,13.90660000000000,0.00000000000000,8.50700000000000,18.5633,17557.8997,16.7693,16.7693,0.0000,16.6518,8.6245,8.6245,0.0000,2.7060,17557.8997,NA
parkey.exe,39100,0x0,Other,-1,0,0,Composed: Copy with GPU GDI,17591.5868,NA,16.91780000000000,20.83250000000000,0.00000000000000,8.37030000000000,22.4780,17574.6690,16.9178,16.9178,0.0000,16.7698,8.5183,8.5183,0.0000,-4.0632,17574.6690,NA
parkey.exe,39100,0x0,Other,-1,0,0,Composed: Copy with GPU GDI,17608.2459,NA,16.65910000000000,13.89360000000000,0.00000000000000,8.22740000000000,19.7125,17591.5868,16.6591,16.6591,0.0000,16.5221,8.3644,8.3644,0.0000,3.0242,17591.5868,NA
parkey.exe,39100,0x0,Other,-1,0,0,Composed: Copy with GPU GDI,17624.8015,NA,16.55560000000000,32.12160000000000,0.00000000000000,7.78560000000000,35.2785,17608.2459,16.5556,16.5556,0.0000,16.4199,7.9213,7.9213,0.0000,-15.4625,17608.2459,NA
parkey.exe,39100,0x0,Other,-1,0,0,Composed: Copy with GPU GDI,17642.0338,NA,17.23230000000000,2.60280000000000,0.00000000000000,8.50590000000000,20.6490,17624.8015,17.2323,17.2323,0.0000,17.0461,8.6921,8.6921,0.0000,13.9528,17624.8015,NA
parkey.exe,39100,0x0,Other,-1,0,0,Composed: Copy with GPU GDI,17658.1084,NA,16.07460000000000,13.87190000000000,0.00000000000000,7.94990000000000,18.4463,17642.0338,16.0746,16.0746,0.0000,15.9383,8.0862,8.0862,0.0000,3.3604,17642.0338,NA
parkey.exe,39100,0x0,Other,-1,0,0,Composed: Copy with GPU GDI,17674.6319,NA,16.52350000000000,20.86480000000000,0.00000000000000,8.32550000000000,22.7876,17658.1084,16.5235,16.5235,0.0000,16.4064,8.4426,8.4426,0.0000,-4.7902,17658.1084,NA
parkey.exe,39100,0x0,Other,-1,0,0,Composed: Copy with GPU GDI,17691.9182,NA,17.28630000000000,13.88690000000000,0.00000000000000,7.66100000000000,19.3882,17674.6319,17.2863,17.2863,0.0000,17.1056,7.8417,7.8417,0.0000,2.6366,17674.6319,NA
parkey.exe,39100,0x0,Other,-1,0,0,Composed: Copy with GPU GDI,17708.3364,NA,16.41820000000000,13.85520000000000,0.00000000000000,8.10010000000000,16.8252,17691.9182,16.4182,16.4182,0.0000,16.2583,8.2600,8.2600,0.0000,3.4311,17691.9182,NA
parkey.exe,39100,0x0,Other,-1,0,0,Composed: Copy with GPU GDI,17724.8913,NA,16.55490000000000,18.31920000000000,0.00000000000000,6.16380000000000,18.5895,17708.3364,16.5549,16.5549,0.0000,16.3967,6.3220,6.3220,0.0000,-1.9010,17708.3364,NA
parkey.exe,39100,0x0,Other,-1,0,0,Composed: Copy with GPU GDI,17741.5445,NA,16.65320000000000,16.69230000000000,0.00000000000000,7.98290000000000,18.6286,17724.8913,16.6532,16.6532,0.0000,16.5080,8.1281,8.1281,0.0000,-0.1374,17724.8913,NA
parkey.exe,39100,0x0,Other,-1,0,0,Composed: Copy with GPU GDI,17757.9786,NA,16.43410000000000,16.67170000000000,0.00000000000000,7.87040000000000,18.8662,17741.5445,16.4341,16.4341,0.0000,16.3147,7.9898,7.9898,0.0000,-0.0185,17741.5445,NA
parkey.exe,39100,0x0,Other,-1,0,0,Composed: Copy with GPU GDI,17774.6400,NA,16.66140000000000,16.66930000000000,0.00000000000000,7.83570000000000,18.8741,17757.9786,16.6614,16.6614,0.0000,16.5414,7.9557,7.9557,0.0000,-0.2352,17757.9786,NA
parkey.exe,39100,0x0,Other,-1,0,0,Composed: Copy with GPU GDI,17791.2307,NA,16.59070000000000,16.68540000000000,0.00000000000000,7.84160000000000,18.9688,17774.6400,16.5907,16.5907,0.0000,16.4748,7.9575,7.9575,0.0000,-0.0240,17774.6400,NA
parkey.exe,39100,0x0,Other,-1,0,0,Composed: Copy with GPU GDI,17808.0583,NA,16.82760000000000,33.35800000000000,0.00000000000000,7.81120000000000,35.4992,17791.2307,16.8276,16.8276,0.0000,16.7061,7.9327,7.9327,0.0000,-16.7673,17791.2307,NA
parkey.exe,39100,0x0,Other,-1,0,0,Composed: Copy with GPU GDI,17824.8443,NA,16.78600000000000,16.67620000000000,0.00000000000000,7.23220000000000,35.3894,17808.0583,16.7860,16.7860,0.0000,16.5929,7.4253,7.4253,0.0000,0.1514,17808.0583,NA
parkey.exe,39100,0x0,Other,-1,0,0,Composed: Copy with GPU GDI,17841.5459,NA,16.70160000000000,3.81990000000000,0.00000000000000,8.64330000000000,22.5077,17824.8443,16.7016,16.7016,0.0000,16.5663,8.7786,8.7786,0.0000,12.9661,17824.8443,NA
parkey.exe,39100,0x0,Other,-1,0,0,Composed: Copy with GPU GDI,17858.1338,NA,16.58790000000000,13.94710000000000,0.00000000000000,8.95550000000000,19.8669,17841.5459,16.5879,16.5879,0.0000,16.4600,9.0834,9.0834,0.0000,2.7545,17841.5459,NA
parkey.exe,39100,0x0,Other,-1,0,0,Composed: Copy with GPU GDI,17874.7372,NA,16.60340000000000,13.89040000000000,0.00000000000000,8.05310000000000,17.1539,17858.1338,16.6034,16.6034,0.0000,16.4780,8.1785,8.1785,0.0000,2.6975,17858.1338,NA
parkey.exe,39100,0x0,Other,-1,0,0,Composed: Copy with GPU GDI,17891.4336,NA,16.69640000000000,20.83280000000000,0.00000000000000,7.84490000000000,21.2903,17874.7372,16.6964,16.6964,0.0000,16.5502,7.9911,7.9911,0.0000,-4.2294,17874.7372,NA
parkey.exe,39100,0x0,Other,-1,0,0,Composed: Copy with GPU GDI,17908.1406,NA,16.70700000000000,13.89640000000000,0.00000000000000,8.29840000000000,18.4797,17891.4336,16.7070,16.7070,0.0000,16.5729,8.4325,8.4325,0.0000,2.8000,17891.4336,NA
parkey.exe,39100,0x0,Other,-1,0,0,Composed: Copy with GPU GDI,17924.7720,NA,16.63140000000000,33.69870000000000,0.00000000000000,8.01990000000000,35.5470,17908.1406,16.6314,16.6314,0.0000,16.4907,8.1606,8.1606,0.0000,-16.9917,17908.1406,NA
parkey.exe,39100,0x0,Other,-1,0,0,Composed: Copy with GPU GDI,17941.2580,NA,16.48600000000000,1.02780000000000,0.00000000000000,7.95460000000000,20.0888,17924.7720,16.4860,16.4860,0.0000,16.3724,8.0682,8.0682,0.0000,15.6036,17924.7720,NA
parkey.exe,39100,0x0,Other,-1,0,0,Composed: Copy with GPU GDI,17957.8980,NA,16.64000000000000,13.88070000000000,0.00000000000000,8.02750000000000,17.3295,17941.2580,16.6400,16.6400,0.0000,16.5283,8.1392,8.1392,0.0000,2.6053,17941.2580,NA
parkey.exe,39100,0x0,Other,-1,0,0,Composed: Copy with GPU GDI,17974.7378,NA,16.83980000000000,20.84980000000000,0.00000000000000,8.31240000000000,21.3395,17957.8980,16.8398,16.8398,0.0000,16.7030,8.4492,8.4492,0.0000,-4.2098,17957.8980,NA
parkey.exe,39100,0x0,Other,-1,0,0,Composed: Copy with GPU GDI,17991.4778,NA,16.74000000000000,13.89240000000000,0.00000000000000,7.83990000000000,18.4919,17974.7378,16.7400,16.7400,0.0000,16.6046,7.9753,7.9753,0.0000,2.9474,17974.7378,NA
parkey.exe,39100,0x0,Other,-1,0,0,Composed: Copy with GPU GDI,18007.9543,NA,16.47650000000000,13.88800000000000,0.00000000000000,8.30510000000000,15.9034,17991.4778,16.4765,16.4765,0.0000,16.3646,8.4170,8.4170,0.0000,2.8520,17991.4778,NA
parkey.exe,39100,0x0,Other,-1,0,0,Composed: Copy with GPU GDI,18024.7523,NA,16.79800000000000,NA,0.00000000000000,6.19580000000000,NA,18007.9543,16.7980,16.7980,0.0000,16.6658,6.3280,6.3280,0.0000,NA,NA,NA
parkey.exe,39100,0x0,Other,-1,0,0,Composed: Copy with GPU GDI,18041.3106,NA,16.55830000000000,34.73190000000000,0.00000000000000,8.05110000000000,17.2790,18024.7523,16.5583,16.5583,0.0000,16.4378,8.1716,8.1716,0.0000,-1.4574,18024.7523,NA
parkey.exe,39100,0x0,Other,-1,0,0,Composed: Copy with GPU GDI,18057.9632,NA,16.65260000000000,20.83580000000000,0.00000000000000,7.88960000000000,21.4622,18041.3106,16.6526,16.6526,0.0000,16.5390,8.0032,8.0032,0.0000,-4.2775,18041.3106,NA
parkey.exe,39100,0x0,Other,-1,0,0,Composed: Copy with GPU GDI,18074.7318,NA,16.76860000000000,13.89330000000000,0.00000000000000,7.81730000000000,18.5869,18057.9632,16.7686,16.7686,0.0000,16.6458,7.9401,7.9401,0.0000,2.7593,18057.9632,NA
parkey.exe,39100,0x0,Other,-1,0,0,Composed: Copy with GPU GDI,18091.3843,NA,16.65250000000000,20.84310000000000,0.00000000000000,8.33220000000000,22.7775,18074.7318,16.6525,16.6525,0.0000,16.5261,8.4586,8.4586,0.0000,-4.0745,18074.7318,NA
parkey.exe,39100,0x0,Other,-1,0,0,Composed: Copy with GPU GDI,18108.0177,NA,16.63340000000000,13.86120000000000,0.00000000000000,8.24870000000000,20.0053,18091.3843,16.6334,16.6334,0.0000,16.5004,8.3817,8.3817,0.0000,2.7913,18091.3843,NA
parkey.exe,39100,0x0,Other,-1,0,0,Composed: Copy with GPU GDI,18124.7647,NA,16.74700000000000,32.46020000000000,0.00000000000000,7.79600000000000,35.7185,18108.0177,16.7470,16.7470,0.0000,16.6043,7.9387,7.9387,0.0000,-15.8268,18108.0177,NA
parkey.exe,39100,0x0,Other,-1,0,0,Composed: Copy with GPU GDI,18141.7679,NA,17.00320000000000,2.28940000000000,0.00000000000000,7.75030000000000,21.0047,18124.7647,17.0032,17.0032,0.0000,16.8252,7.9283,7.9283,0.0000,14.4576,18124.7647,NA
parkey.exe,39100,0x0,Other,-1,0,0,Composed: Copy with GPU GDI,18158.3742,NA,16.60630000000000,13.88210000000000,0.00000000000000,7.96810000000000,18.2805,18141.7679,16.6063,16.6063,0.0000,16.4494,8.1250,8.1250,0.0000,3.1211,18141.7679,NA
parkey.exe,39100,0x0,Other,-1,0,0,Composed: Copy with GPU GDI,18174.8665,NA,16.49230000000000,20.84380000000000,0.00000000000000,8.35010000000000,22.6320,18158.3742,16.4923,16.4923,0.0000,16.3573,8.4851,8.4851,0.0000,-4.2375,18158.3742,NA
parkey.exe,39100,0x0,Other,-1,0,0,Composed: Copy with GPU GDI,18191.5302,NA,16.66370000000000,13.88600000000000,0.00000000000000,7.99480000000000,19.8543,18174.8665,16.6637,16.6637,0.0000,16.5260,8.1325,8.1325,0.0000,2.6063,18174.8665,NA
parkey.exe,39100,0x0,Other,-1,0,0,Composed: Copy with GPU GDI,18207.9018,NA,16.37160000000000,13.89070000000000,0.00000000000000,7.82850000000000,17.3734,18191.5302,16.3716,16.3716,0.0000,16.2528,7.9473,7.9473,0.0000,2.7730,18191.5302,NA
parkey.exe,39100,0x0,Other,-1,0,0,Composed: Copy with GPU GDI,18224.6290,NA,16.72720000000000,18.60850000000000,0.00000000000000,6.19680000000000,19.2547,18207.9018,16.7272,16.7272,0.0000,16.6063,6.3177,6.3177,0.0000,-2.2369,18207.9018,NA
parkey.exe,39100,0x0,Other,-1,0,0,Composed: Copy with GPU GDI,18241.3866,NA,16.75760000000000,16.67530000000000,0.00000000000000,7.77110000000000,19.1724,18224.6290,16.7576,16.7576,0.0000,16.5938,7.9349,7.9349,0.0000,0.0519,18224.6290,NA
parkey.exe,39100,0x0,Other,-1,0,0,Composed: Copy with GPU GDI,18257.9180,NA,16.53140000000000,16.69910000000000,0.00000000000000,7.87960000000000,19.3401,18241.3866,16.5314,16.5314,0.0000,16.4218,7.9892,7.9892,0.0000,0.0585,18241.3866,NA
parkey.exe,39100,0x0,Other,-1,0,0,Composed: Copy with GPU GDI,18274.6858,NA,16.76780000000000,16.66900000000000,0.00000000000000,7.84140000000000,19.2413,18257.9180,16.7678,16.7678,0.0000,16.6510,7.9582,7.9582,0.0000,-0.1376,18257.9180,NA
parkey.exe,39100,0x0,Other,-1,0,0,Composed: Copy with GPU GDI,18291.2261,NA,16.54030000000000,16.67480000000000,0.00000000000000,8.03800000000000,19.3758,18274.6858,16.5403,16.5403,0.0000,16.4268,8.1515,8.1515,0.0000,0.0930,18274.6858,NA
parkey.exe,39100,0x0,Other,-1,0,0,Composed: Copy with GPU GDI,18308.1348,NA,16.90870000000000,33.36370000000000,0.00000000000000,7.86360000000000,35.8308,18291.2261,16.9087,16.9087,0.0000,16.7930,7.9793,7.9793,0.0000,-16.8234,18291.2261,NA
parkey.exe,39100,0x0,Other,-1,0,0,Composed: Copy with GPU GDI,18324.6677,NA,16.53290000000000,16.68020000000000,0.00000000000000,7.30940000000000,35.9781,18308.1348,16.5329,16.5329,0.0000,16.4119,7.4304,7.4304,0.0000,0.2285,18308.1348,NA
parkey.exe,39100,0x0,Other,-1,0,0,Composed: Copy with GPU GDI,18341.5096,NA,16.84190000000000,3.54930000000000,0.00000000000000,8.30080000000000,22.6855,18324.6677,16.8419,16.8419,0.0000,16.6899,8.4528,8.4528,0.0000,12.9836,18324.6677,NA
parkey.exe,39100,0x0,Other,-1,0,0,Composed: Copy with GPU GDI,18358.2609,NA,16.75130000000000,13.88330000000000,0.00000000000000,7.85570000000000,19.8175,18341.5096,16.7513,16.7513,0.0000,16.6051,8.0019,8.0019,0.0000,2.9586,18341.5096,NA
parkey.exe,39100,0x0,Other,-1,0,0,Composed: Copy with GPU GDI,18374.8256,NA,16.56470000000000,13.89790000000000,0.00000000000000,7.79430000000000,17.1507,18358.2609,16.5647,16.5647,0.0000,16.4441,7.9149,7.9149,0.0000,2.8534,18358.2609,NA
parkey.exe,39100,0x0,Other,-1,0,0,Composed: Copy with GPU GDI,18391.4097,NA,16.58410000000000,20.83260000000000,0.00000000000000,7.85010000000000,21.3992,18374.8256,16.5841,16.5841,0.0000,16.4609,7.9733,7.9733,0.0000,-4.2679,18374.8256,NA
parkey.exe,39100,0x0,Other,-1,0,0,Composed: Copy with GPU GDI,18408.2214,NA,16.81170000000000,13.89330000000000,0.00000000000000,7.73950000000000,18.4808,18391.4097,16.8117,16.8117,0.0000,16.6799,7.8713,7.8713,0.0000,2.6908,18391.4097,NA
parkey.exe,39100,0x0,Other,-1,0,0,Composed: Copy with GPU GDI,18424.5838,NA,16.36240000000000,17.34270000000000,0.00000000000000,6.21460000000000,19.4611,18408.2214,16.3624,16.3624,0.0000,16.2487,6.3283,6.3283,0.0000,-0.5310,18408.2214,NA
parkey.exe,39100,0x0,Other,-1,0,0,Composed: Copy with GPU GDI,18441.5209,NA,16.93710000000000,16.68820000000000,0.00000000000000,7.82740000000000,19.2122,18424.5838,16.9371,16.9371,0.0000,16.7835,7.9810,7.9810,0.0000,-0.3258,18424.5838,NA
parkey.exe,39100,0x0,Other,-1,0,0,Composed: Copy with GPU GDI,18458.5781,NA,17.05720000000000,16.67860000000000,0.00000000000000,7.72980000000000,18.8336,18441.5209,17.0572,17.0572,0.0000,16.8490,7.9380,7.9380,0.0000,0.2585,18441.5209,NA
parkey.exe,39100,0x0,Other,-1,0,0,Composed: Copy with GPU GDI,18474.8674,NA,16.28930000000000,NA,0.00000000000000,7.81120000000000,NA,18458.5781,16.2893,16.2893,0.0000,16.1446,7.9559,7.9559,0.0000,NA,NA,NA
parkey.exe,39100,0x0,Other,-1,0,0,Composed: Copy with GPU GDI,18491.4481,NA,16.58070000000000,32.66310000000000,0.00000000000000,7.87640000000000,18.6267,18474.8674,16.5807,16.5807,0.0000,16.4662,7.9909,7.9909,0.0000,0.6834,18474.8674,NA
parkey.exe,39100,0x0,Other,-1,0,0,Composed: Copy with GPU GDI,18508.1156,NA,16.66750000000000,17.37350000000000,0.00000000000000,7.76440000000000,19.3327,18491.4481,16.6675,16.6675,0.0000,16.5259,7.9060,7.9060,0.0000,-0.7928,18491.4481,NA
parkey.exe,39100,0x0,Other,-1,0,0,Composed: Copy with GPU GDI,18524.9282,NA,16.81260000000000,16.68010000000000,0.00000000000000,6.20020000000000,19.2002,18508.1156,16.8126,16.8126,0.0000,16.6663,6.3465,6.3465,0.0000,-0.0126,18508.1156,NA
parkey.exe,39100,0x0,Other,-1,0,0,Composed: Copy with GPU GDI,18541.3989,NA,16.47070000000000,16.67630000000000,0.00000000000000,7.86180000000000,19.4058,18524.9282,16.4707,16.4707,0.0000,16.3508,7.9817,7.9817,0.0000,0.1363,18524.9282,NA
parkey.exe,39100,0x0,Other,-1,0,0,Composed: Copy with GPU GDI,18557.9507,NA,16.55180000000000,NA,0.00000000000000,7.84740000000000,NA,18541.3989,16.5518,16.5518,0.0000,16.4325,7.9667,7.9667,0.0000,NA,NA,NA
parkey.exe,39100,0x0,Other,-1,0,0,Composed: Copy with GPU GDI,18574.6001,NA,16.64940000000000,32.59430000000000,0.00000000000000,7.90140000000000,18.7989,18557.9507,16.6494,16.6494,0.0000,16.5340,8.0168,8.0168,0.0000,0.4282,18557.9507,NA
parkey.exe,39100,0x0,Other,-1,0,0,Composed: Copy with GPU GDI,18591.4661,NA,16.86600000000000,17.44270000000000,0.00000000000000,7.85630000000000,19.3756,18574.6001,16.8660,16.8660,0.0000,16.7451,7.9772,7.9772,0.0000,-0.7933,18574.6001,NA
parkey.exe,39100,0x0,Other,-1,0,0,Composed: Copy with GPU GDI,18608.0424,NA,16.57630000000000,16.68760000000000,0.00000000000000,7.84180000000000,19.4869,18591.4661,16.5763,16.5763,0.0000,16.4644,7.9537,7.9537,0.0000,0.1784,18591.4661,NA
parkey.exe,39100,0x0,Other,-1,0,0,Composed: Copy with GPU GDI,18624.6238,NA,16.58140000000000,16.67790000000000,0.00000000000000,6.18070000000000,19.5834,18608.0424,16.5814,16.5814,0.0000,16.4676,6.2945,6.2945,0.0000,-0.1016,18608.0424,NA
parkey.exe,39100,0x0,Other,-1,0,0,Composed: Copy with GPU GDI,18641.3875,NA,16.76370000000000,NA,0.00000000000000,7.85880000000000,NA,18624.6238,16.7637,16.7637,0.0000,16.6330,7.9895,7.9895,0.0000,NA,NA,NA
parkey.exe,39100,0x0,Other,-1,0,0,Composed: Copy with GPU GDI,18658.2087,NA,16.82120000000000,32.53770000000000,0.00000000000000,7.85100000000000,18.5362,18641.3875,16.8212,16.8212,0.0000,16.6746,7.9976,7.9976,0.0000,0.8074,18641.3875,NA
parkey.exe,39100,0x0,Other,-1,0,0,Composed: Copy with GPU GDI,18674.7641,NA,16.55540000000000,17.50670000000000,0.00000000000000,7.84630000000000,19.4875,18658.2087,16.5554,16.5554,0.0000,16.4237,7.9780,7.9780,0.0000,-0.6855,18658.2087,NA
parkey.exe,39100,0x0,Other,-1,0,0,Composed: Copy with GPU GDI,18691.4086,NA,16.64450000000000,16.67930000000000,0.00000000000000,7.84020000000000,19.5223,18674.7641,16.6445,16.6445,0.0000,16.5064,7.9783,7.9783,0.0000,-0.1239,18674.7641,NA
parkey.exe,39100,0x0,Other,-1,0,0,Composed: Copy with GPU GDI,18708.0498,NA,16.64120000000000,16.67680000000000,0.00000000000000,7.80770000000000,19.5579,18691.4086,16.6412,16.6412,0.0000,16.4993,7.9496,7.9496,0.0000,-0.0323,18691.4086,NA
parkey.exe,39100,0x0,Other,-1,0,0,Composed: Copy with GPU GDI,18724.5658,NA,16.51600000000000,16.68960000000000,0.00000000000000,6.22980000000000,19.7315,18708.0498,16.5160,16.5160,0.0000,16.4082,6.3376,6.3376,0.0000,-0.0484,18708.0498,NA
parkey.exe,39100,0x0,Other,-1,0,0,Composed: Copy with GPU GDI,18741.1520,NA,16.58620000000000,16.66830000000000,0.00000000000000,7.81570000000000,19.8136,18724.5658,16.5862,16.5862,0.0000,16.4805,7.9214,7.9214,0.0000,-0.1523,18724.5658,NA
parkey.exe,39100,0x0,Other,-1,0,0,Composed: Copy with GPU GDI,18757.8719,NA,16.71990000000000,16.68800000000000,0.00000000000000,7.84660000000000,19.7817,18741.1520,16.7199,16.7199,0.0000,16.5786,7.9879,7.9879,0.0000,-0.1018,18741.1520,NA
parkey.exe,39100,0x0,Other,-1,0,0,Composed: Copy with GPU GDI,18774.7656,NA,16.89370000000000,16.68160000000000,0.00000000000000,7.76420000000000,19.5696,18757.8719,16.8937,16.8937,0.0000,16.7370,7.9209,7.9209,0.0000,0.0383,18757.8719,NA
parkey.exe,39100,0x0,Other,-1,0,0,Composed: Copy with GPU GDI,18791.4853,NA,16.71970000000000,16.67320000000000,0.00000000000000,7.82710000000000,19.5231,18774.7656,16.7197,16.7197,0.0000,16.5841,7.9627,7.9627,0.0000,0.2205,18774.7656,NA
parkey.exe,39100,0x0,Other,-1,0,0,Composed: Copy with GPU GDI,18808.1057,NA,16.62040000000000,33.36220000000000,0.00000000000000,7.80890000000000,36.2649,18791.4853,16.6204,16.6204,0.0000,16.4820,7.9473,7.9473,0.0000,-16.6425,18791.4853,NA
parkey.exe,39100,0x0,Other,-1,0,0,Composed: Copy with GPU GDI,18824.5855,NA,16.47980000000000,6.01180000000000,0.00000000000000,7.30930000000000,25.7969,18808.1057,16.4798,16.4798,0.0000,16.3589,7.4302,7.4302,0.0000,10.6086,18808.1057,NA
parkey.exe,39100,0x0,Other,-1,0,0,Composed: Copy with GPU GDI,18841.5130,NA,16.92750000000000,10.66790000000000,0.00000000000000,8.55410000000000,19.5373,18824.5855,16.9275,16.9275,0.0000,16.7862,8.6954,8.6954,0.0000,5.8119,18824.5855,NA
parkey.exe,39100,0x0,Other,-1,0,0,Composed: Copy with GPU GDI,18858.2419,NA,16.72890000000000,16.68190000000000,0.00000000000000,7.78110000000000,19.4903,18841.5130,16.7289,16.7289,0.0000,16.5793,7.9307,7.9307,0.0000,0.2456,18841.5130,NA
parkey.exe,39100,0x0,Other,-1,0,0,Composed: Copy with GPU GDI,18874.6766,NA,16.43470000000000,16.67760000000000,0.00000000000000,7.30650000000000,19.7332,18858.2419,16.4347,16.4347,0.0000,16.3066,7.4346,7.4346,0.0000,0.0513,18858.2419,NA
parkey.exe,39100,0x0,Other,-1,0,0,Composed: Copy with GPU GDI,18891.3901,NA,16.71350000000000,NA,0.00000000000000,7.80680000000000,NA,18874.6766,16.7135,16.7135,0.0000,16.5759,7.9444,7.9444,0.0000,NA,NA,NA
parkey.exe,39100,0x0,Other,-1,0,0,Composed: Copy with GPU GDI,18908.1731,NA,16.78300000000000,32.37660000000000,0.00000000000000,7.81010000000000,18.6133,18891.3901,16.7830,16.7830,0.0000,16.6387,7.9544,7.9544,0.0000,0.7716,18891.3901,NA
parkey.exe,39100,0x0,Other,-1,0,0,Composed: Copy with GPU GDI,18924.6486,NA,16.47550000000000,17.66780000000000,0.00000000000000,6.14050000000000,19.8056,18908.1731,16.4755,16.4755,0.0000,16.3561,6.2599,6.2599,0.0000,-0.8848,18908.1731,NA
parkey.exe,39100,0x0,Other,-1,0,0,Composed: Copy with GPU GDI,18941.2238,NA,16.57520000000000,16.67940000000000,0.00000000000000,7.85930000000000,19.9098,18924.6486,16.5752,16.5752,0.0000,16.4645,7.9700,7.9700,0.0000,-0.2039,18924.6486,NA
parkey.exe,39100,0x0,Other,-1,0,0,Composed: Copy with GPU GDI,18957.8918,NA,16.66800000000000,16.67520000000000,0.00000000000000,7.86840000000000,19.9170,18941.2238,16.6680,16.6680,0.0000,16.5529,7.9835,7.9835,0.0000,-0.1000,18941.2238,NA
parkey.exe,39100,0x0,Other,-1,0,0,Composed: Copy with GPU GDI,18974.6933,NA,16.80150000000000,NA,0.00000000000000,7.78960000000000,NA,18957.8918,16.8015,16.8015,0.0000,16.6799,7.9112,7.9112,0.0000,NA,NA,NA
parkey.exe,39100,0x0,Other,-1,0,0,Composed: Copy with GPU GDI,18991.2504,NA,16.55710000000000,32.32450000000000,0.00000000000000,7.81410000000000,18.8829,18974.6933,16.5571,16.5571,0.0000,16.4233,7.9479,7.9479,0.0000,1.1450,18974.6933,NA
parkey.exe,39100,0x0,Other,-1,0,0,Composed: Copy with GPU GDI,19008.1057,NA,16.85530000000000,17.71420000000000,0.00000000000000,7.79080000000000,19.7418,18991.2504,16.8553,16.8553,0.0000,16.7167,7.9294,7.9294,0.0000,-1.1571,18991.2504,NA
parkey.exe,39100,0x0,Other,-1,0,0,Composed: Copy with GPU GDI,19024.8167,NA,16.71100000000000,16.68990000000000,0.00000000000000,6.19660000000000,19.7207,19008.1057,16.7110,16.7110,0.0000,16.5891,6.3185,6.3121,0.0064,0.1654,19008.1057,NA
parkey.exe,39100,0x0,Other,-1,0,0,Composed: Copy with GPU GDI,19041.2510,NA,16.43430000000000,16.67990000000000,0.00000000000000,7.35670000000000,19.9663,19024.8167,16.4343,16.4343,0.0000,16.3240,7.4670,7.4670,0.0000,0.0311,19024.8167,NA
parkey.exe,39100,0x0,Other,-1,0,0,Composed: Copy with GPU GDI,19058.2870,NA,17.03600000000000,16.68120000000000,0.00000000000000,7.29310000000000,19.6115,19041.2510,17.0360,17.0360,0.0000,16.8742,7.4549,7.4549,0.0000,-0.2469,19041.2510,NA
parkey.exe,39100,0x0,Other,-1,0,0,Composed: Copy with GPU GDI,19075.0313,NA,16.74430000000000,16.67220000000000,0.00000000000000,7.84360000000000,19.5394,19058.2870,16.7443,16.7443,0.0000,16.5859,8.0020,8.0020,0.0000,0.3638,19058.2870,NA
parkey.exe,39100,0x0,Other,-1,0,0,Composed: Copy with GPU GDI,19091.3342,NA,16.30290000000000,16.68460000000000,0.00000000000000,7.29490000000000,19.9211,19075.0313,16.3029,16.3029,0.0000,16.1723,7.4255,7.4255,0.0000,0.0597,19075.0313,NA
parkey.exe,39100,0x0,Other,-1,0,0,Composed: Copy with GPU GDI,19108.0949,NA,16.76070000000000,16.67770000000000,0.00000000000000,7.27650000000000,19.8381,19091.3342,16.7607,16.7607,0.0000,16.6265,7.4107,7.4107,0.0000,-0.3748,19091.3342,NA
parkey.exe,39100,0x0,Other,-1,0,0,Composed: Copy with GPU GDI,19124.6998,NA,16.60490000000000,16.67950000000000,0.00000000000000,6.17560000000000,19.9127,19108.0949,16.6049,16.6049,0.0000,16.4733,6.3072,6.3072,0.0000,0.0812,19108.0949,NA
parkey.exe,39100,0x0,Other,-1,0,0,Composed: Copy with GPU GDI,19141.3036,NA,16.60380000000000,16.69720000000000,0.00000000000000,7.33110000000000,20.0061,19124.6998,16.6038,16.6038,0.0000,16.4899,7.4450,7.4450,0.0000,-0.0923,19124.6998,NA
parkey.exe,39100,0x0,Other,-1,0,0,Composed: Copy with GPU GDI,19157.9875,NA,16.68390000000000,16.65880000000000,0.00000000000000,7.35830000000000,19.9810,19141.3036,16.6839,16.6839,0.0000,16.5610,7.4812,7.4812,0.0000,-0.0550,19141.3036,NA
parkey.exe,39100,0x0,Other,-1,0,0,Composed: Copy with GPU GDI,19174.7613,NA,16.77380000000000,16.69470000000000,0.00000000000000,7.28530000000000,19.9019,19157.9875,16.7738,16.7738,0.0000,16.6366,7.4225,7.4225,0.0000,-0.0108,19157.9875,NA
parkey.exe,39100,0x0,Other,-1,0,0,Composed: Copy with GPU GDI,19191.4594,NA,16.69810000000000,16.67960000000000,0.00000000000000,7.23550000000000,19.8834,19174.7613,16.6981,16.6981,0.0000,16.4992,7.4344,7.4344,0.0000,0.0942,19174.7613,NA
parkey.exe,39100,0x0,Other,-1,0,0,Composed: Copy with GPU GDI,19207.9535,NA,16.49410000000000,16.66910000000000,0.00000000000000,7.29450000000000,20.0584,19191.4594,16.4941,16.4941,0.0000,16.3693,7.4193,7.4193,0.0000,0.0290,19191.4594,NA
parkey.exe,39100,0x0,Other,-1,0,0,Composed: Copy with GPU GDI,19224.6271,NA,16.67360000000000,16.69510000000000,0.00000000000000,6.21390000000000,20.0799,19207.9535,16.6736,16.6736,0.0000,16.5546,6.3329,6.3329,0.0000,-0.2010,19207.9535,NA
parkey.exe,39100,0x0,Other,-1,0,0,Composed: Copy with GPU GDI,19241.4835,NA,16.85640000000000,16.66860000000000,0.00000000000000,7.33470000000000,19.8921,19224.6271,16.8564,16.8564,0.0000,16.7276,7.4635,7.4635,0.0000,0.0050,19224.6271,NA
parkey.exe,39100,0x0,Other,-1,0,0,Composed: Copy with GPU GDI,19258.0698,NA,16.58630000000000,16.68610000000000,0.00000000000000,7.34300000000000,19.9919,19241.4835,16.5863,16.5863,0.0000,16.4529,7.4764,7.4764,0.0000,0.1703,19241.4835,NA
parkey.exe,39100,0x0,Other,-1,0,0,Composed: Copy with GPU GDI,19275.0000,NA,16.93020000000000,16.68390000000000,0.00000000000000,7.25710000000000,19.7456,19258.0698,16.9302,16.9302,0.0000,16.7467,7.4406,7.4406,0.0000,-0.0976,19258.0698,NA
parkey.exe,39100,0x0,Other,-1,0,0,Composed: Copy with GPU GDI,19291.3259,NA,16.32590000000000,16.67270000000000,0.00000000000000,7.32120000000000,20.0924,19275.0000,16.3259,16.3259,0.0000,16.1983,7.4488,7.4488,0.0000,0.2575,19275.0000,NA
parkey.exe,39100,0x0,Other,-1,0,0,Composed: Copy with GPU GDI,19307.9915,NA,16.66560000000000,33.35660000000000,0.00000000000000,8.16760000000000,36.7834,19291.3259,16.6656,16.6656,0.0000,16.5562,8.2770,8.2770,0.0000,-17.0307,19291.3259,NA
parkey.exe,39100,0x0,Other,-1,0,0,Composed: Copy with GPU GDI,19324.6833,NA,16.69180000000000,NA,0.00000000000000,7.33640000000000,NA,19307.9915,16.6918,16.6918,0.0000,16.5774,7.4508,7.4508,0.0000,NA,NA,NA
parkey.exe,39100,0x0,Other,-1,0,0,Composed: Copy with GPU GDI,19341.2179,NA,16.53460000000000,16.68030000000000,0.00000000000000,7.33170000000000,20.2373,19324.6833,16.5346,16.5346,0.0000,16.4148,7.4515,7.4515,0.0000,16.6771,19324.6833,NA
parkey.exe,39100,0x0,Other,-1,0,0,Composed: Copy with GPU GDI,19357.9045,NA,16.68660000000000,16.68180000000000,0.00000000000000,7.35070000000000,20.2325,19341.2179,16.6866,16.6866,0.0000,16.5820,7.4553,7.4553,0.0000,-0.1472,19341.2179,NA
parkey.exe,39100,0x0,Other,-1,0,0,Composed: Copy with GPU GDI,19374.6554,NA,16.75090000000000,16.67900000000000,0.00000000000000,7.31020000000000,20.1606,19357.9045,16.7509,16.7509,0.0000,16.6231,7.4380,7.4380,0.0000,0.0076,19357.9045,NA
parkey.exe,39100,0x0,Other,-1,0,0,Composed: Copy with GPU GDI,19391.3387,NA,16.68330000000000,16.68440000000000,0.00000000000000,7.28820000000000,20.1617,19374.6554,16.6833,16.6833,0.0000,16.5611,7.4104,7.4104,0.0000,0.0665,19374.6554,NA
parkey.exe,39100,0x0,Other,-1,0,0,Composed: Copy with GPU GDI,19407.9741,NA,16.63540000000000,16.67780000000000,0.00000000000000,7.33270000000000,20.2041,19391.3387,16.6354,16.6354,0.0000,16.5153,7.4528,7.4528,0.0000,0.0055,19391.3387,NA
parkey.exe,39100,0x0,Other,-1,0,0,Composed: Copy with GPU GDI,19424.5208,NA,16.54670000000000,16.68540000000000,0.00000000000000,6.19530000000000,20.3428,19407.9741,16.5467,16.5467,0.0000,16.4276,6.3144,6.3144,0.0000,-0.0500,19407.9741,NA
parkey.exe,39100,0x0,Other,-1,0,0,Composed: Copy with GPU GDI,19441.6280,NA,17.10720000000000,16.79050000000000,0.00000000000000,7.09030000000000,20.0261,19424.5208,17.1072,17.1072,0.0000,16.7488,7.4487,7.4487,0.0000,-0.2438,19424.5208,NA
parkey.exe,39100,0x0,Other,-1,0,0,Composed: Copy with GPU GDI,19458.5845,NA,16.95650000000000,16.57780000000000,0.00000000000000,7.28990000000000,19.6474,19441.6280,16.9565,16.9565,0.0000,16.8048,7.4416,7.4416,0.0000,0.5294,19441.6280,NA
parkey.exe,39100,0x0,Other,-1,0,0,Composed: Copy with GPU GDI,19475.3556,NA,16.77110000000000,16.71470000000000,0.00000000000000,7.23720000000000,19.5910,19458.5845,16.7711,16.7711,0.0000,16.5670,7.4413,7.4413,0.0000,0.2418,19458.5845,NA
parkey.exe,39100,0x0,Other,-1,0,0,Composed: Copy with GPU GDI,19492.2418,NA,16.88620000000000,16.62750000000000,0.00000000000000,6.83440000000000,19.3323,19475.3556,16.8862,16.8862,0.0000,16.6663,7.0543,7.0543,0.0000,0.1436,19475.3556,NA
parkey.exe,39100,0x0,Other,-1,0,0,Composed: Copy with GPU GDI,19508.6154,NA,16.37360000000000,16.69390000000000,0.00000000000000,7.19600000000000,19.6526,19492.2418,16.3736,16.3736,0.0000,16.1557,7.4139,7.4139,0.0000,0.1923,19492.2418,NA
parkey.exe,39100,0x0,Other,-1,0,0,Composed: Copy with GPU GDI,19525.5479,NA,16.93250000000000,16.65760000000000,0.00000000000000,6.15260000000000,19.3777,19508.6154,16.9325,16.9325,0.0000,16.7748,6.3103,6.3103,0.0000,-0.2840,19508.6154,NA
parkey.exe,39100,0x0,Other,-1,0,0,Composed: Copy with GPU GDI,19541.9062,NA,16.35830000000000,16.70130000000000,0.00000000000000,6.89220000000000,19.7207,19525.5479,16.3583,16.3583,0.0000,16.1563,7.0942,7.0942,0.0000,0.2312,19525.5479,NA
parkey.exe,39100,0x0,Other,-1,0,0,Composed: Copy with GPU GDI,19558.4183,NA,16.51210000000000,16.68350000000000,0.00000000000000,7.27390000000000,19.8921,19541.9062,16.5121,16.5121,0.0000,16.3409,7.4451,7.4451,0.0000,-0.3252,19541.9062,NA
parkey.exe,39100,0x0,Other,-1,0,0,Composed: Copy with GPU GDI,19575.1994,NA,16.78110000000000,16.66620000000000,0.00000000000000,7.26340000000000,19.7772,19558.4183,16.7811,16.7811,0.0000,16.5956,7.4489,7.4489,0.0000,-0.1541,19558.4183,NA
parkey.exe,39100,0x0,Other,-1,0,0,Composed: Copy with GPU GDI,19591.8402,NA,16.64080000000000,16.70130000000000,0.00000000000000,7.30420000000000,19.8377,19575.1994,16.6408,16.6408,0.0000,16.4742,7.4708,7.4708,0.0000,0.0798,19575.1994,NA
parkey.exe,39100,0x0,Other,-1,0,0,Composed: Copy with GPU GDI,19608.5103,NA,16.67010000000000,16.72680000000000,0.00000000000000,7.77870000000000,19.8944,19591.8402,16.6701,16.6701,0.0000,16.4819,7.9669,7.9669,0.0000,-0.0860,19591.8402,NA
parkey.exe,39100,0x0,Other,-1,0,0,Composed: Copy with GPU GDI,19625.2585,NA,16.74820000000000,16.63850000000000,0.00000000000000,6.09970000000000,19.7847,19608.5103,16.7482,16.7482,0.0000,16.5459,6.3020,6.3020,0.0000,0.0316,19608.5103,NA
parkey.exe,39100,0x0,Other,-1,0,0,Composed: Copy with GPU GDI,19641.8433,NA,16.58480000000000,16.64240000000000,0.00000000000000,7.24070000000000,19.8423,19625.2585,16.5848,16.5848,0.0000,16.3934,7.4321,7.4321,0.0000,0.1058,19625.2585,NA
parkey.exe,39100,0x0,Other,-1,0,0,Composed: Copy with GPU GDI,19658.5420,NA,16.69870000000000,16.69370000000000,0.00000000000000,7.24290000000000,19.8373,19641.8433,16.6987,16.6987,0.0000,16.5118,7.4298,7.4298,0.0000,-0.1089,19641.8433,NA
parkey.exe,39100,0x0,Other,-1,0,0,Composed: Copy with GPU GDI,19675.0678,NA,16.52580000000000,16.68890000000000,0.00000000000000,7.22790000000000,20.0004,19658.5420,16.5258,16.5258,0.0000,16.3499,7.4038,7.4038,0.0000,0.0098,19658.5420,NA
parkey.exe,39100,0x0,Other,-1,0,0,Composed: Copy with GPU GDI,19691.9673,NA,16.89950000000000,16.69750000000000,0.00000000000000,6.86870000000000,19.7984,19675.0678,16.8995,16.8995,0.0000,16.7041,7.0641,7.0641,0.0000,-0.1717,19675.0678,NA
parkey.exe,39100,0x0,Other,-1,0,0,Composed: Copy with GPU GDI,19708.3119,NA,16.34460000000000,16.65630000000000,0.00000000000000,6.85560000000000,20.1101,19691.9673,16.3446,16.3446,0.0000,16.1355,7.0647,7.0647,0.0000,0.2432,19691.9673,NA
parkey.exe,39100,0x0,Other,-1,0,0,Composed: Copy with GPU GDI,19725.0120,NA,16.70010000000000,16.69050000000000,0.00000000000000,6.15230000000000,20.1005,19708.3119,16.7001,16.7001,0.0000,16.5328,6.3196,6.3196,0.0000,-0.3459,19708.3119,NA
parkey.exe,39100,0x0,Other,-1,0,0,Composed: Copy with GPU GDI,19741.8653,NA,16.85330000000000,16.66550000000000,0.00000000000000,6.48990000000000,19.9127,19725.0120,16.8533,16.8533,0.0000,16.6601,6.6831,6.6831,0.0000,0.0346,19725.0120,NA
parkey.exe,39100,0x0,Other,-1,0,0,Composed: Copy with GPU GDI,19758.4604,NA,16.59510000000000,16.68520000000000,0.00000000000000,6.13420000000000,20.0028,19741.8653,16.5951,16.5951,0.0000,16.3901,6.3392,6.3392,0.0000,0.1681,19741.8653,NA
parkey.exe,39100,0x0,Other,-1,0,0,Composed: Copy with GPU GDI,19775.0610,NA,16.60060000000000,16.67920000000000,0.00000000000000,7.22260000000000,20.0814,19758.4604,16.6006,16.6006,0.0000,16.4243,7.3989,7.3989,0.0000,-0.0841,19758.4604,NA
parkey.exe,39100,0x0,Other,-1,0,0,Composed: Copy with GPU GDI,19791.6884,NA,16.62740000000000,16.68240000000000,0.00000000000000,6.91250000000000,20.1364,19775.0610,16.6274,16.6274,0.0000,16.4712,7.0687,7.0687,0.0000,-0.0818,19775.0610,NA
parkey.exe,39100,0x0,Other,-1,0,0,Composed: Copy with GPU GDI,19808.3564,NA,16.66800000000000,16.67910000000000,0.00000000000000,6.92340000000000,20.1475,19791.6884,16.6680,16.6680,0.0000,16.4895,7.1019,7.1019,0.0000,-0.0517,19791.6884,NA
parkey.exe,39100,0x0,Other,-1,0,0,Composed: Copy with GPU GDI,19825.0510,NA,16.69460000000000,16.68290000000000,0.00000000000000,6.17460000000000,20.1358,19808.3564,16.6946,16.6946,0.0000,16.5280,6.3412,6.3412,0.0000,-0.0149,19808.3564,NA
parkey.exe,39100,0x0,Other,-1,0,0,Composed: Copy with GPU GDI,19841.9916,NA,16.94060000000000,16.68920000000000,0.00000000000000,6.84760000000000,19.8844,19825.0510,16.9406,16.9406,0.0000,16.7119,7.0763,7.0763,0.0000,0.0054,19825.0510,NA
parkey.exe,39100,0x0,Other,-1,0,0,Composed: Copy with GPU GDI,19858.6878,NA,16.69620000000000,16.67560000000000,0.00000000000000,6.87970000000000,19.8638,19841.9916,16.6962,16.6962,0.0000,16.4926,7.0833,7.0833,0.0000,0.2650,19841.9916,NA
parkey.exe,39100,0x0,Other,-1,0,0,Composed: Copy with GPU GDI,19875.1632,NA,16.47540000000000,16.67320000000000,0.00000000000000,7.27640000000000,20.0616,19858.6878,16.4754,16.4754,0.0000,16.2945,7.4573,7.4573,0.0000,0.0230,19858.6878,NA
parkey.exe,39100,0x0,Other,-1,0,0,Composed: Copy with GPU GDI,19891.7495,NA,16.58630000000000,16.67650000000000,0.00000000000000,7.22920000000000,20.1518,19875.1632,16.5863,16.5863,0.0000,16.4122,7.4033,7.4033,0.0000,-0.2011,19875.1632,NA
parkey.exe,39100,0x0,Other,-1,0,0,Composed: Copy with GPU GDI,19908.3809,NA,16.63140000000000,16.67750000000000,0.00000000000000,7.25710000000000,20.1979,19891.7495,16.6314,16.6314,0.0000,16.4670,7.4215,7.4215,0.0000,-0.0912,19891.7495,NA
parkey.exe,39100,0x0,Other,-1,0,0,Composed: Copy with GPU GDI,19925.0292,NA,16.64830000000000,16.70050000000000,0.00000000000000,6.12890000000000,20.2501,19908.3809,16.6483,16.6483,0.0000,16.4811,6.2961,6.2961,0.0000,-0.0691,19908.3809,NA
parkey.exe,39100,0x0,Other,-1,0,0,Composed: Copy with GPU GDI,19941.8282,NA,16.79900000000000,16.66390000000000,0.00000000000000,6.14280000000000,20.1150,19925.0292,16.7990,16.7990,0.0000,16.6061,6.3357,6.3357,0.0000,-0.0156,19925.0292,NA
parkey.exe,39100,0x0,Other,-1,0,0,Composed: Copy with GPU GDI,19959.8547,NA,18.02650000000000,16.68140000000000,0.00000000000000,7.72780000000000,18.7699,19941.8282,18.0265,18.0265,0.0000,17.7437,8.0106,8.0106,0.0000,0.1176,19941.8282,NA
parkey.exe,39100,0x0,Other,-1,0,0,Composed: Copy with GPU GDI,19975.1449,NA,15.29020000000000,16.68080000000000,0.00000000000000,7.27070000000000,20.1605,19959.8547,15.2902,15.2902,0.0000,15.1241,7.4368,7.4368,0.0000,1.3457,19959.8547,NA
parkey.exe,39100,0x0,Other,-1,0,0,Composed: Copy with GPU GDI,19991.3897,NA,16.24480000000000,16.67330000000000,0.00000000000000,7.27740000000000,20.5890,19975.1449,16.2448,16.2448,0.0000,16.1002,7.4220,7.4220,0.0000,-1.3831,19975.1449,NA
parkey.exe,39100,0x0,Other,-1,0,0,Composed: Copy with GPU GDI,20007.9444,NA,16.55470000000000,16.68610000000000,0.00000000000000,7.31270000000000,20.7204,19991.3897,16.5547,16.5547,0.0000,16.4316,7.4358,7.4358,0.0000,-0.4413,19991.3897,NA
parkey.exe,39100,0x0,Other,-1,0,0,Composed: Copy with GPU GDI,20024.8389,NA,16.89450000000000,16.68010000000000,0.00000000000000,6.16550000000000,20.5060,20007.9444,16.8945,16.8945,0.0000,16.7212,6.3388,6.3388,0.0000,-0.1254,20007.9444,NA
parkey.exe,39100,0x0,Other,-1,0,0,Composed: Copy with GPU GDI,20041.4284,NA,16.58950000000000,16.68190000000000,0.00000000000000,7.32880000000000,20.5984,20024.8389,16.5895,16.5895,0.0000,16.4593,7.4590,7.4590,0.0000,0.2126,20024.8389,NA
parkey.exe,39100,0x0,Other,-1,0,0,Composed: Copy with GPU GDI,20058.0242,NA,16.59580000000000,16.67850000000000,0.00000000000000,7.30190000000000,20.6811,20041.4284,16.5958,16.5958,0.0000,16.4447,7.4530,7.4530,0.0000,-0.0890,20041.4284,NA
parkey.exe,39100,0x0,Other,-1,0,0,Composed: Copy with GPU GDI,20074.6148,NA,16.59060000000000,16.70040000000000,0.00000000000000,7.30620000000000,20.7909,20058.0242,16.5906,16.5906,0.0000,16.4602,7.4366,7.4366,0.0000,-0.1046,20058.0242,NA
parkey.exe,39100,0x0,Other,-1,0,0,Composed: Copy with GPU GDI,20091.5258,NA,16.91100000000000,16.66080000000000,0.00000000000000,6.12980000000000,20.5407,20074.6148,16.9110,16.9110,0.0000,16.7436,6.2972,6.2972,0.0000,-0.0702,20074.6148,NA
parkey.exe,39100,0x0,Other,-1,0,0,Composed: Copy with GPU GDI,20108.5404,NA,17.01460000000000,16.68190000000000,0.00000000000000,6.86280000000000,20.2080,20091.5258,17.0146,17.0146,0.0000,16.8206,7.0568,7.0568,0.0000,0.2291,20091.5258,NA
parkey.exe,39100,0x0,Other,-1,0,0,Composed: Copy with GPU GDI,20125.1739,NA,16.63350000000000,16.69660000000000,0.00000000000000,6.14930000000000,20.2711,20108.5404,16.6335,16.6335,0.0000,16.4626,6.3202,6.3202,0.0000,0.3180,20108.5404,NA
parkey.exe,39100,0x0,Other,-1,0,0,Composed: Copy with GPU GDI,20142.2176,NA,17.04370000000000,16.67550000000000,0.00000000000000,7.20850000000000,19.9029,20125.1739,17.0437,17.0437,0.0000,16.7906,7.4616,7.4616,0.0000,-0.0420,20125.1739,NA
parkey.exe,39100,0x0,Other,-1,0,0,Composed: Copy with GPU GDI,20158.5942,NA,16.37660000000000,16.66570000000000,0.00000000000000,7.22520000000000,20.1920,20142.2176,16.3766,16.3766,0.0000,16.1783,7.4235,7.4235,0.0000,0.3780,20142.2176,NA
parkey.exe,39100,0x0,Other,-1,0,0,Composed: Copy with GPU GDI,20174.8871,NA,16.29290000000000,16.68020000000000,0.00000000000000,7.27780000000000,20.5793,20158.5942,16.2929,16.2929,0.0000,16.1437,7.4270,7.4270,0.0000,-0.3036,20158.5942,NA
parkey.exe,39100,0x0,Other,-1,0,0,Composed: Copy with GPU GDI,20191.3754,NA,16.48830000000000,16.68130000000000,0.00000000000000,7.28530000000000,20.7723,20174.8871,16.4883,16.4883,0.0000,16.3434,7.4302,7.4302,0.0000,-0.3884,20174.8871,NA
parkey.exe,39100,0x0,Other,-1,0,0,Composed: Copy with GPU GDI,20208.1172,NA,16.74180000000000,16.68100000000000,0.00000000000000,7.29870000000000,20.7115,20191.3754,16.7418,16.7418,0.0000,16.5943,7.4462,7.4462,0.0000,-0.1927,20191.3754,NA
parkey.exe,39100,0x0,Other,-1,0,0,Composed: Copy with GPU GDI,20224.5741,NA,16.45690000000000,16.68330000000000,0.00000000000000,6.22890000000000,20.9379,20208.1172,16.4569,16.4569,0.0000,16.3413,6.3445,6.3430,0.0015,0.0585,20208.1172,NA
parkey.exe,39100,0x0,Other,-1,0,0,Composed: Copy with GPU GDI,20241.2383,NA,16.66420000000000,16.67450000000000,0.00000000000000,7.33590000000000,20.9482,20224.5741,16.6642,16.6642,0.0000,16.5484,7.4517,7.4517,0.0000,-0.2176,20224.5741,NA
parkey.exe,39100,0x0,Other,-1,0,0,Composed: Copy with GPU GDI,20257.8963,NA,16.65800000000000,16.68640000000000,0.00000000000000,7.36790000000000,20.9766,20241.2383,16.6580,16.6580,0.0000,16.5456,7.4803,7.4803,0.0000,-0.0222,20241.2383,NA
parkey.exe,39100,0x0,Other,-1,0,0,Composed: Copy with GPU GDI,20274.8934,NA,16.99710000000000,16.67520000000000,0.00000000000000,7.25260000000000,20.6547,20257.8963,16.9971,16.9971,0.0000,16.8280,7.4217,7.4217,0.0000,-0.0172,20257.8963,NA
parkey.exe,39100,0x0,Other,-1,0,0,Composed: Copy with GPU GDI,20291.3007,NA,16.40730000000000,16.68300000000000,0.00000000000000,7.31760000000000,20.9304,20274.8934,16.4073,16.4073,0.0000,16.2806,7.4443,7.4443,0.0000,0.3141,20274.8934,NA
parkey.exe,39100,0x0,Other,-1,0,0,Composed: Copy with GPU GDI,20307.7828,NA,16.48210000000000,16.67630000000000,0.00000000000000,7.32850000000000,21.1246,20291.3007,16.4821,16.4821,0.0000,16.3726,7.4380,7.4380,0.0000,-0.2690,20291.3007,NA
parkey.exe,39100,0x0,Other,-1,0,0,Composed: Copy with GPU GDI,20324.6319,NA,16.84910000000000,16.67940000000000,0.00000000000000,6.20990000000000,20.9549,20307.7828,16.8491,16.8491,0.0000,16.7436,6.3154,6.3154,0.0000,-0.1973,20307.7828,NA
parkey.exe,39100,0x0,Other,-1,0,0,Composed: Copy with GPU GDI,20341.0831,NA,16.45120000000000,16.68550000000000,0.00000000000000,7.36160000000000,21.1892,20324.6319,16.4512,16.4512,0.0000,16.3566,7.4562,7.4562,0.0000,0.1636,20324.6319,NA
parkey.exe,39100,0x0,Other,-1,0,0,Composed: Copy with GPU GDI,20357.7522,NA,16.66910000000000,16.67190000000000,0.00000000000000,7.34620000000000,21.1920,20341.0831,16.6691,16.6691,0.0000,16.5625,7.4528,7.4528,0.0000,-0.2207,20341.0831,NA
parkey.exe,39100,0x0,Other,-1,0,0,Composed: Copy with GPU GDI,20374.4343,NA,16.68210000000000,16.68480000000000,0.00000000000000,7.32480000000000,21.1947,20357.7522,16.6821,16.6821,0.0000,16.5759,7.4310,7.4310,0.0000,-0.0157,20357.7522,NA
parkey.exe,39100,0x0,Other,-1,0,0,Composed: Copy with GPU GDI,20391.1842,NA,16.74990000000000,16.69110000000000,0.00000000000000,7.30290000000000,21.1359,20374.4343,16.7499,16.7499,0.0000,16.6319,7.4209,7.4209,0.0000,-0.0090,20374.4343,NA
parkey.exe,39100,0x0,Other,-1,0,0,Composed: Copy with GPU GDI,20407.8627,NA,16.67850000000000,16.67380000000000,0.00000000000000,7.33170000000000,21.1312,20391.1842,16.6785,16.6785,0.0000,16.5590,7.4512,7.4512,0.0000,0.0761,20391.1842,NA
parkey.exe,39100,0x0,Other,-1,0,0,Composed: Copy with GPU GDI,20424.5072,NA,16.64450000000000,16.68070000000000,0.00000000000000,6.18410000000000,21.1674,20407.8627,16.6445,16.6445,0.0000,16.5267,6.3019,6.3019,0.0000,-0.0022,20407.8627,NA
parkey.exe,39100,0x0,Other,-1,0,0,Composed: Copy with GPU GDI,20441.0202,NA,16.51300000000000,16.67080000000000,0.00000000000000,7.33900000000000,21.3252,20424.5072,16.5130,16.5130,0.0000,16.4050,7.4470,7.4470,0.0000,-0.0263,20424.5072,NA
parkey.exe,39100,0x0,Other,-1,0,0,Composed: Copy with GPU GDI,20457.7052,NA,16.68500000000000,16.70380000000000,0.00000000000000,7.34630000000000,21.3440,20441.0202,16.6850,16.6850,0.0000,16.5882,7.4431,7.4431,0.0000,-0.1908,20441.0202,NA
parkey.exe,39100,0x0,Other,-1,0,0,Composed: Copy with GPU GDI,20474.4535,NA,16.74830000000000,16.66700000000000,0.00000000000000,6.89700000000000,21.2627,20457.7052,16.7483,16.7483,0.0000,16.6061,7.0392,7.0392,0.0000,0.0180,20457.7052,NA
parkey.exe,39100,0x0,Other,-1,0,0,Composed: Copy with GPU GDI,20491.9772,NA,17.52370000000000,16.67780000000000,0.00000000000000,7.24910000000000,20.4168,20474.4535,17.5237,17.5237,0.0000,17.3385,7.4343,7.4343,0.0000,0.0705,20474.4535,NA
parkey.exe,39100,0x0,Other,-1,0,0,Composed: Copy with GPU GDI,20508.4516,NA,16.47440000000000,16.69250000000000,0.00000000000000,7.24740000000000,20.6349,20491.9772,16.4744,16.4744,0.0000,16.2690,7.4528,7.4528,0.0000,0.8312,20491.9772,NA
parkey.exe,39100,0x0,Other,-1,0,0,Composed: Copy with GPU GDI,20524.9465,NA,16.49490000000000,16.66510000000000,0.00000000000000,6.14280000000000,20.8051,20508.4516,16.4949,16.4949,0.0000,16.3333,6.3044,6.3044,0.0000,-0.1907,20508.4516,NA
parkey.exe,39100,0x0,Other,-1,0,0,Composed: Copy with GPU GDI,20541.4312,NA,16.48470000000000,16.68220000000000,0.00000000000000,7.31880000000000,21.0026,20524.9465,16.4847,16.4847,0.0000,16.3362,7.4673,7.4673,0.0000,-0.1873,20524.9465,NA
parkey.exe,39100,0x0,Other,-1,0,0,Composed: Copy with GPU GDI,20558.0568,NA,16.62560000000000,16.67980000000000,0.00000000000000,7.33300000000000,21.0568,20541.4312,16.6256,16.6256,0.0000,16.5101,7.4485,7.4485,0.0000,-0.1951,20541.4312,NA
parkey.exe,39100,0x0,Other,-1,0,0,Composed: Copy with GPU GDI,20574.7375,NA,16.68070000000000,16.67750000000000,0.00000000000000,7.29940000000000,21.0536,20558.0568,16.6807,16.6807,0.0000,16.5398,7.4403,7.4403,0.0000,-0.0519,20558.0568,NA
parkey.exe,39100,0x0,Other,-1,0,0,Composed: Copy with GPU GDI,20591.2065,NA,16.46900000000000,16.68500000000000,0.00000000000000,7.31180000000000,21.2696,20574.7375,16.4690,16.4690,0.0000,16.3600,7.4208,7.4208,0.0000,-0.0043,20574.7375,NA
parkey.exe,39100,0x0,Other,-1,0,0,Composed: Copy with GPU GDI,20607.9085,NA,16.70200000000000,16.67300000000000,0.00000000000000,6.92950000000000,21.2406,20591.2065,16.7020,16.7020,0.0000,16.5771,7.0544,7.0544,0.0000,-0.2040,20591.2065,NA
parkey.exe,39100,0x0,Other,-1,0,0,Composed: Copy with GPU GDI,20624.6198,NA,16.71130000000000,16.68170000000000,0.00000000000000,6.19410000000000,21.2110,20607.9085,16.7113,16.7113,0.0000,16.5826,6.3228,6.3228,0.0000,0.0203,20607.9085,NA
parkey.exe,39100,0x0,Other,-1,0,0,Composed: Copy with GPU GDI,20641.3038,NA,16.68400000000000,16.69070000000000,0.00000000000000,7.33030000000000,21.2177,20624.6198,16.6840,16.6840,0.0000,16.5545,7.4598,7.4598,0.0000,0.0206,20624.6198,NA
parkey.exe,39100,0x0,Other,-1,0,0,Composed: Copy with GPU GDI,20657.8553,NA,16.55150000000000,16.66930000000000,0.00000000000000,6.94310000000000,21.3355,20641.3038,16.5515,16.5515,0.0000,16.4341,7.0605,7.0605,0.0000,0.0147,20641.3038,NA
parkey.exe,39100,0x0,Other,-1,0,0,Composed: Copy with GPU GDI,20674.6709,NA,16.81560000000000,16.69290000000000,0.00000000000000,7.28600000000000,21.2128,20657.8553,16.8156,16.8156,0.0000,16.6786,7.4230,7.4230,0.0000,-0.1414,20657.8553,NA
parkey.exe,39100,0x0,Other,-1,0,0,Composed: Copy with GPU GDI,20691.1144,NA,16.44350000000000,16.66360000000000,0.00000000000000,7.31900000000000,21.4329,20674.6709,16.4435,16.4435,0.0000,16.3278,7.4347,7.4347,0.0000,0.1520,20674.6709,NA
parkey.exe,39100,0x0,Other,-1,0,0,Composed: Copy with GPU GDI,20707.7615,NA,16.64710000000000,16.69200000000000,0.00000000000000,6.93410000000000,21.4778,20691.1144,16.6471,16.6471,0.0000,16.5300,7.0512,7.0512,0.0000,-0.2485,20691.1144,NA
parkey.exe,39100,0x0,Other,-1,0,0,Composed: Copy with GPU GDI,20724.8661,NA,17.10460000000000,16.68160000000000,0.00000000000000,6.13540000000000,21.0548,20707.7615,17.1046,17.1046,0.0000,16.9541,6.2859,6.2859,0.0000,-0.0345,20707.7615,NA
parkey.exe,39100,0x0,Other,-1,0,0,Composed: Copy with GPU GDI,20741.8654,NA,16.99930000000000,16.66890000000000,0.00000000000000,7.31940000000000,20.7244,20724.8661,16.9993,16.9993,0.0000,16.8215,7.4972,7.4972,0.0000,0.4357,20724.8661,NA
parkey.exe,39100,0x0,Other,-1,0,0,Composed: Copy with GPU GDI,20757.9563,NA,16.09090000000000,16.68470000000000,0.00000000000000,7.29520000000000,21.3182,20741.8654,16.0909,16.0909,0.0000,15.9546,7.4315,7.4315,0.0000,0.3146,20741.8654,NA
parkey.exe,39100,0x0,Other,-1,0,0,Composed: Copy with GPU GDI,20774.5811,NA,16.62480000000000,16.67400000000000,0.00000000000000,7.31870000000000,21.3674,20757.9563,16.6248,16.6248,0.0000,16.5178,7.4257,7.4257,0.0000,-0.5831,20757.9563,NA
parkey.exe,39100,0x0,Other,-1,0,0,Composed: Copy with GPU GDI,20791.1997,NA,16.61860000000000,16.68620000000000,0.00000000000000,6.93690000000000,21.4350,20774.5811,16.6186,16.6186,0.0000,16.4838,7.0717,7.0717,0.0000,-0.0614,20774.5811,NA
parkey.exe,39100,0x0,Other,-1,0,0,Composed: Copy with GPU GDI,20807.9075,NA,16.70780000000000,16.68170000000000,0.00000000000000,6.93310000000000,21.4089,20791.1997,16.7078,16.7078,0.0000,16.5849,7.0560,7.0560,0.0000,-0.0631,20791.1997,NA
parkey.exe,39100,0x0,Other,-1,0,0,Composed: Copy with GPU GDI,20824.5630,NA,16.65550000000000,16.67780000000000,0.00000000000000,6.21700000000000,21.4312,20807.9075,16.6555,16.6555,0.0000,16.5382,6.3343,6.3343,0.0000,0.0300,20807.9075,NA
parkey.exe,39100,0x0,Other,-1,0,0,Composed: Copy with GPU GDI,20841.3082,NA,16.74520000000000,16.68340000000000,0.00000000000000,6.96040000000000,21.3694,20824.5630,16.7452,16.7452,0.0000,16.6090,7.0966,7.0966,0.0000,-0.0279,20824.5630,NA
parkey.exe,39100,0x0,Other,-1,0,0,Composed: Copy with GPU GDI,20857.8996,NA,16.59140000000000,16.69460000000000,0.00000000000000,6.96150000000000,21.4726,20841.3082,16.5914,16.5914,0.0000,16.4670,7.0859,7.0859,0.0000,0.0506,20841.3082,NA
parkey.exe,39100,0x0,Other,-1,0,0,Composed: Copy with GPU GDI,20874.4992,NA,16.59960000000000,16.66130000000000,0.00000000000000,6.96250000000000,21.5343,20857.8996,16.5996,16.5996,0.0000,16.4872,7.0749,7.0749,0.0000,-0.0699,20857.8996,NA
parkey.exe,39100,0x0,Other,-1,0,0,Composed: Copy with GPU GDI,20891.2220,NA,16.72280000000000,16.68590000000000,0.00000000000000,6.94020000000000,21.4974,20874.4992,16.7228,16.7228,0.0000,16.6058,7.0572,7.0572,0.0000,-0.0863,20874.4992,NA
parkey.exe,39100,0x0,Other,-1,0,0,Composed: Copy with GPU GDI,20907.8923,NA,16.67030000000000,16.67520000000000,0.00000000000000,6.95200000000000,21.5023,20891.2220,16.6703,16.6703,0.0000,16.5534,7.0689,7.0689,0.0000,0.0476,20891.2220,NA
parkey.exe,39100,0x0,Other,-1,0,0,Composed: Copy with GPU GDI,20924.4119,NA,16.51960000000000,16.68360000000000,0.00000000000000,6.18290000000000,21.6663,20907.8923,16.5196,16.5196,0.0000,16.4102,6.2923,6.2923,0.0000,-0.0133,20907.8923,NA
parkey.exe,39100,0x0,Other,-1,0,0,Composed: Copy with GPU GDI,20941.1137,NA,16.70180000000000,16.67720000000000,0.00000000000000,6.92310000000000,21.6417,20924.4119,16.7018,16.7018,0.0000,16.5635,7.0614,7.0614,0.0000,-0.1576,20924.4119,NA
parkey.exe,39100,0x0,Other,-1,0,0,Composed: Copy with GPU GDI,20957.8098,NA,16.69610000000000,16.68120000000000,0.00000000000000,6.97390000000000,21.6268,20941.1137,16.6961,16.6961,0.0000,16.5848,7.0852,7.0852,0.0000,0.0206,20941.1137,NA
parkey.exe,39100,0x0,Other,-1,0,0,Composed: Copy with GPU GDI,20974.5616,NA,16.75180000000000,16.68040000000000,0.00000000000000,6.90520000000000,21.5554,20957.8098,16.7518,16.7518,0.0000,16.6191,7.0379,7.0379,0.0000,0.0157,20957.8098,NA
parkey.exe,39100,0x0,Other,-1,0,0,Composed: Copy with GPU GDI,20991.0844,NA,16.52280000000000,16.67500000000000,0.00000000000000,6.95270000000000,21.7076,20974.5616,16.5228,16.5228,0.0000,16.4149,7.0606,7.0606,0.0000,0.0768,20974.5616,NA
parkey.exe,39100,0x0,Other,-1,0,0,Composed: Copy with GPU GDI,21007.6989,NA,16.61450000000000,16.68660000000000,0.00000000000000,6.97640000000000,21.7797,20991.0844,16.6145,16.6145,0.0000,16.5129,7.0780,7.0780,0.0000,-0.1638,20991.0844,NA
parkey.exe,39100,0x0,Other,-1,0,0,Composed: Copy with GPU GDI,21024.5618,NA,16.86290000000000,16.67700000000000,0.00000000000000,6.17060000000000,21.5938,21007.6989,16.8629,16.8629,0.0000,16.7195,6.3140,6.3140,0.0000,-0.0625,21007.6989,NA
parkey.exe,39100,0x0,Other,-1,0,0,Composed: Copy with GPU GDI,21041.0770,NA,16.51520000000000,16.68140000000000,0.00000000000000,6.93730000000000,21.7600,21024.5618,16.5152,16.5152,0.0000,16.3573,7.0952,7.0952,0.0000,0.1815,21024.5618,NA
parkey.exe,39100,0x0,Other,-1,0,0,Composed: Copy with GPU GDI,21057.7843,NA,16.70730000000000,16.67680000000000,0.00000000000000,6.99140000000000,21.7295,21041.0770,16.7073,16.7073,0.0000,16.5930,7.1057,7.1057,0.0000,-0.1616,21041.0770,NA
parkey.exe,39100,0x0,Other,-1,0,0,Composed: Copy with GPU GDI,21074.4498,NA,16.66550000000000,16.68320000000000,0.00000000000000,6.58090000000000,21.7472,21057.7843,16.6655,16.6655,0.0000,16.5507,6.6957,6.6957,0.0000,0.0241,21057.7843,NA
parkey.exe,39100,0x0,Other,-1,0,0,Composed: Copy with GPU GDI,21091.0862,NA,16.63640000000000,16.68130000000000,0.00000000000000,6.95450000000000,21.7921,21074.4498,16.6364,16.6364,0.0000,16.5291,7.0618,7.0618,0.0000,-0.0158,21074.4498,NA
parkey.exe,39100,0x0,Other,-1,0,0,Composed: Copy with GPU GDI,21107.8472,NA,16.76100000000000,16.67440000000000,0.00000000000000,6.94630000000000,21.7055,21091.0862,16.7610,16.7610,0.0000,16.6507,7.0566,7.0566,0.0000,-0.0380,21091.0862,NA
parkey.exe,39100,0x0,Other,-1,0,0,Composed: Copy with GPU GDI,21124.5772,NA,16.73000000000000,16.91790000000000,0.00000000000000,6.20810000000000,21.8934,21107.8472,16.7300,16.7300,0.0000,16.6062,6.3319,6.3319,0.0000,-0.1569,21107.8472,NA
parkey.exe,39100,0x0,Other,-1,0,0,Composed: Copy with GPU GDI,21141.0795,NA,16.50230000000000,16.44760000000000,0.00000000000000,6.57970000000000,21.8387,21124.5772,16.5023,16.5023,0.0000,16.3916,6.6904,6.6904,0.0000,0.2824,21124.5772,NA
parkey.exe,39100,0x0,Other,-1,0,0,Composed: Copy with GPU GDI,21157.8098,NA,16.73030000000000,16.68180000000000,0.00000000000000,6.24880000000000,21.7902,21141.0795,16.7303,16.7303,0.0000,16.6124,6.3667,6.3667,0.0000,-0.1795,21141.0795,NA
parkey.exe,39100,0x0,Other,-1,0,0,Composed: Copy with GPU GDI,21174.4356,NA,16.62580000000000,16.68220000000000,0.00000000000000,6.93470000000000,21.8466,21157.8098,16.6258,16.6258,0.0000,16.5122,7.0483,7.0483,0.0000,0.0481,21157.8098,NA
parkey.exe,39100,0x0,Other,-1,0,0,Composed: Copy with GPU GDI,21191.2126,NA,16.77700000000000,16.67160000000000,0.00000000000000,6.87630000000000,21.7412,21174.4356,16.7770,16.7770,0.0000,16.5906,7.0627,7.0627,0.0000,-0.0458,21174.4356,NA
parkey.exe,39100,0x0,Other,-1,0,0,Composed: Copy with GPU GDI,21207.8221,NA,16.60950000000000,16.68760000000000,0.00000000000000,6.93350000000000,21.8193,21191.2126,16.6095,16.6095,0.0000,16.4859,7.0571,7.0571,0.0000,0.0894,21191.2126,NA
parkey.exe,39100,0x0,Other,-1,0,0,Composed: Copy with GPU GDI,21224.9069,NA,17.08480000000000,16.67850000000000,0.00000000000000,6.14370000000000,21.4130,21207.8221,17.0848,17.0848,0.0000,16.9320,6.2965,6.2965,0.0000,-0.0690,21207.8221,NA
parkey.exe,39100,0x0,Other,-1,0,0,Composed: Copy with GPU GDI,21241.3411,NA,16.43420000000000,16.67980000000000,0.00000000000000,6.95270000000000,21.6586,21224.9069,16.4342,16.4342,0.0000,16.2996,7.0873,7.0873,0.0000,0.4050,21224.9069,NA
parkey.exe,39100,0x0,Other,-1,0,0,Composed: Copy with GPU GDI,21257.7781,NA,16.43700000000000,16.68130000000000,0.00000000000000,6.57810000000000,21.9029,21241.3411,16.4370,16.4370,0.0000,16.3243,6.6908,6.6908,0.0000,-0.2471,21241.3411,NA
parkey.exe,39100,0x0,Other,-1,0,0,Composed: Copy with GPU GDI,21274.5373,NA,16.75920000000000,16.68980000000000,0.00000000000000,6.88440000000000,21.8335,21257.7781,16.7592,16.7592,0.0000,16.5904,7.0532,7.0532,0.0000,-0.2528,21257.7781,NA
parkey.exe,39100,0x0,Other,-1,0,0,Composed: Copy with GPU GDI,21291.0989,NA,16.56160000000000,16.66860000000000,0.00000000000000,6.55820000000000,21.9405,21274.5373,16.5616,16.5616,0.0000,16.4412,6.6786,6.6786,0.0000,0.0906,21274.5373,NA
parkey.exe,39100,0x0,Other,-1,0,0,Composed: Copy with GPU GDI,21307.7399,NA,16.64100000000000,16.68330000000000,0.00000000000000,6.55300000000000,21.9828,21291.0989,16.6410,16.6410,0.0000,16.5214,6.6726,6.6726,0.0000,-0.1217,21291.0989,NA
parkey.exe,39100,0x0,Other,-1,0,0,Composed: Copy with GPU GDI,21324.5656,NA,16.82570000000000,16.67760000000000,0.00000000000000,6.21140000000000,21.8347,21307.7399,16.8257,16.8257,0.0000,16.7235,6.3136,6.3136,0.0000,-0.0366,21307.7399,NA
parkey.exe,39100,0x0,Other,-1,0,0,Composed: Copy with GPU GDI,21341.0192,NA,16.45360000000000,16.68470000000000,0.00000000000000,6.59860000000000,22.0658,21324.5656,16.4536,16.4536,0.0000,16.3500,6.7022,6.7022,0.0000,0.1410,21324.5656,NA
parkey.exe,39100,0x0,Other,-1,0,0,Composed: Copy with GPU GDI,21357.7042,NA,16.68500000000000,16.69830000000000,0.00000000000000,6.62900000000000,22.0791,21341.0192,16.6850,16.6850,0.0000,16.5808,6.7332,6.7332,0.0000,-0.2447,21341.0192,NA
parkey.exe,39100,0x0,Other,-1,0,0,Composed: Copy with GPU GDI,21374.4572,NA,16.75300000000000,16.65440000000000,0.00000000000000,6.18520000000000,21.9805,21357.7042,16.7530,16.7530,0.0000,16.6374,6.3008,6.3008,0.0000,0.0306,21357.7042,NA
parkey.exe,39100,0x0,Other,-1,0,0,Composed: Copy with GPU GDI,21391.2069,NA,16.74970000000000,16.68470000000000,0.00000000000000,6.93100000000000,21.9155,21374.4572,16.7497,16.7497,0.0000,16.6178,7.0629,7.0629,0.0000,0.0683,21374.4572,NA
parkey.exe,39100,0x0,Other,-1,0,0,Composed: Copy with GPU GDI,21407.7564,NA,16.54950000000000,16.67700000000000,0.00000000000000,6.95440000000000,22.0430,21391.2069,16.5495,16.5495,0.0000,16.4392,7.0647,7.0647,0.0000,0.0727,21391.2069,NA
parkey.exe,39100,0x0,Other,-1,0,0,Composed: Copy with GPU GDI,21424.4391,NA,16.68270000000000,16.68820000000000,0.00000000000000,6.21750000000000,22.0485,21407.7564,16.6827,16.6827,0.0000,16.5683,6.3319,6.3319,0.0000,-0.1387,21407.7564,NA
parkey.exe,39100,0x0,Other,-1,0,0,Composed: Copy with GPU GDI,21441.1906,NA,16.75150000000000,16.66710000000000,0.00000000000000,6.58820000000000,21.9641,21424.4391,16.7515,16.7515,0.0000,16.6319,6.7078,6.7078,0.0000,0.0156,21424.4391,NA
parkey.exe,39100,0x0,Other,-1,0,0,Composed: Copy with GPU GDI,21458.2599,NA,17.06930000000000,16.68630000000000,0.00000000000000,6.19450000000000,21.5811,21441.1906,17.0693,17.0693,0.0000,16.9248,6.3390,6.3390,0.0000,0.0652,21441.1906,NA
parkey.exe,39100,0x0,Other,-1,0,0,Composed: Copy with GPU GDI,21475.0298,NA,16.76990000000000,16.68330000000000,0.00000000000000,6.90630000000000,21.4945,21458.2599,16.7699,16.7699,0.0000,16.5759,7.1003,7.1003,0.0000,0.3860,21458.2599,NA
parkey.exe,39100,0x0,Other,-1,0,0,Composed: Copy with GPU GDI,21491.6159,NA,16.58610000000000,16.68150000000000,0.00000000000000,6.91290000000000,21.5899,21475.0298,16.5861,16.5861,0.0000,16.4299,7.0691,7.0691,0.0000,0.0884,21475.0298,NA
parkey.exe,39100,0x0,Other,-1,0,0,Composed: Copy with GPU GDI,21508.0702,NA,16.45430000000000,16.67720000000000,0.00000000000000,6.16630000000000,21.8128,21491.6159,16.4543,16.4543,0.0000,16.3033,6.3173,6.3173,0.0000,-0.0911,21491.6159,NA
parkey.exe,39100,0x0,Other,-1,0,0,Composed: Copy with GPU GDI,21524.6019,NA,16.53170000000000,16.68570000000000,0.00000000000000,6.19780000000000,21.9668,21508.0702,16.5317,16.5317,0.0000,16.4083,6.3212,6.3212,0.0000,-0.2314,21508.0702,NA
parkey.exe,39100,0x0,Other,-1,0,0,Composed: Copy with GPU GDI,21541.1621,NA,16.56020000000000,16.67790000000000,0.00000000000000,6.17940000000000,22.0845,21524.6019,16.5602,16.5602,0.0000,16.4239,6.3157,6.3157,0.0000,-0.1462,21524.6019,NA
parkey.exe,39100,0x0,Other,-1,0,0,Composed: Copy with GPU GDI,21557.8137,NA,16.65160000000000,16.67730000000000,0.00000000000000,6.19030000000000,22.1102,21541.1621,16.6516,16.6516,0.0000,16.5190,6.3229,6.3229,0.0000,-0.1171,21541.1621,NA
parkey.exe,39100,0x0,Other,-1,0,0,Composed: Copy with GPU GDI,21574.4019,NA,16.58820000000000,16.67970000000000,0.00000000000000,6.19850000000000,22.2017,21557.8137,16.5882,16.5882,0.0000,16.4781,6.3086,6.3086,0.0000,-0.0281,21557.8137,NA
parkey.exe,39100,0x0,Other,-1,0,0,Composed: Copy with GPU GDI,21591.0971,NA,16.69520000000000,16.68180000000000,0.00000000000000,6.17620000000000,22.1883,21574.4019,16.6952,16.6952,0.0000,16.5759,6.2955,6.2955,0.0000,-0.0936,21574.4019,NA
parkey.exe,39100,0x0,Other,-1,0,0,Composed: Copy with GPU GDI,21607.7336,NA,16.63650000000000,16.68800000000000,0.00000000000000,6.19210000000000,22.2398,21591.0971,16.6365,16.6365,0.0000,16.5248,6.3038,6.3038,0.0000,0.0072,21591.0971,NA
parkey.exe,39100,0x0,Other,-1,0,0,Composed: Copy with GPU GDI,21624.5168,NA,16.78320000000000,16.67520000000000,0.00000000000000,6.21020000000000,22.1318,21607.7336,16.7832,16.7832,0.0000,16.6606,6.3328,6.3328,0.0000,-0.0387,21607.7336,NA
parkey.exe,39100,0x0,Other,-1,0,0,Composed: Copy with GPU GDI,21641.1964,NA,16.67960000000000,9.77890000000000,0.00000000000000,6.20150000000000,15.2311,21624.5168,16.6796,16.6796,0.0000,16.5470,6.3341,6.3341,0.0000,7.0043,21624.5168,NA
parkey.exe,39100,0x0,Other,-1,0,0,Composed: Copy with GPU GDI,21657.7611,NA,16.56470000000000,23.59330000000000,0.00000000000000,6.22780000000000,22.2597,21641.1964,16.5647,16.5647,0.0000,16.4599,6.3326,6.3326,0.0000,-6.9137,21641.1964,NA
parkey.exe,39100,0x0,Other,-1,0,0,Composed: Copy with GPU GDI,21674.4492,NA,16.68810000000000,16.67950000000000,0.00000000000000,6.18240000000000,22.2511,21657.7611,16.6881,16.6881,0.0000,16.5604,6.3101,6.3101,0.0000,-0.1148,21657.7611,NA
parkey.exe,39100,0x0,Other,-1,0,0,Composed: Copy with GPU GDI,21691.2631,NA,16.81390000000000,16.66080000000000,0.00000000000000,6.11920000000000,22.0980,21674.4492,16.8139,16.8139,0.0000,16.6134,6.3197,6.3197,0.0000,0.0273,21674.4492,NA
parkey.exe,39100,0x0,Other,-1,0,0,Composed: Copy with GPU GDI,21707.7388,NA,16.47570000000000,16.68140000000000,0.00000000000000,6.18490000000000,22.3037,21691.2631,16.4757,16.4757,0.0000,16.3485,6.3121,6.3121,0.0000,0.1325,21691.2631,NA
parkey.exe,39100,0x0,Other,-1,0,0,Composed: Copy with GPU GDI,21724.5559,NA,16.81710000000000,16.68610000000000,0.00000000000000,6.20780000000000,22.1727,21707.7388,16.8171,16.8171,0.0000,16.6990,6.3259,6.3259,0.0000,-0.2104,21707.7388,NA
parkey.exe,39100,0x0,Other,-1,0,0,Composed: Copy with GPU GDI,21741.1810,NA,16.62510000000000,16.67720000000000,0.00000000000000,6.20940000000000,22.2248,21724.5559,16.6251,16.6251,0.0000,16.4898,6.3447,6.3447,0.0000,0.1399,21724.5559,NA
parkey.exe,39100,0x0,Other,-1,0,0,Composed: Copy with GPU GDI,21757.9944,NA,16.81340000000000,16.67940000000000,0.00000000000000,6.21350000000000,22.0908,21741.1810,16.8134,16.8134,0.0000,16.6926,6.3343,6.3343,0.0000,-0.0543,21741.1810,NA
parkey.exe,39100,0x0,Other,-1,0,0,Composed: Copy with GPU GDI,21774.5065,NA,16.51210000000000,16.67550000000000,0.00000000000000,6.21190000000000,22.2542,21757.9944,16.5121,16.5121,0.0000,16.3913,6.3327,6.3327,0.0000,0.1379,21757.9944,NA
parkey.exe,39100,0x0,Other,-1,0,0,Composed: Copy with GPU GDI,21791.0925,NA,16.58600000000000,16.68550000000000,0.00000000000000,6.19250000000000,22.3537,21774.5065,16.5860,16.5860,0.0000,16.4633,6.3152,6.3152,0.0000,-0.1734,21774.5065,NA
parkey.exe,39100,0x0,Other,-1,0,0,Composed: Copy with GPU GDI,21807.7519,NA,16.65940000000000,9.68250000000000,0.00000000000000,6.17150000000000,15.3768,21791.0925,16.6594,16.6594,0.0000,16.5264,6.3045,6.3045,0.0000,6.9035,21791.0925,NA
parkey.exe,39100,0x0,Other,-1,0,0,Composed: Copy with GPU GDI,21824.4213,NA,16.66940000000000,23.67820000000000,0.00000000000000,6.22290000000000,22.3856,21807.7519,16.6694,16.6694,0.0000,16.5638,6.3285,6.3285,0.0000,-7.0188,21807.7519,NA
parkey.exe,39100,0x0,Other,-1,0,0,Composed: Copy with GPU GDI,21841.0556,NA,16.63430000000000,16.68620000000000,0.00000000000000,6.23220000000000,22.4375,21824.4213,16.6343,16.6343,0.0000,16.5196,6.3469,6.3469,0.0000,-0.0168,21824.4213,NA
parkey.exe,39100,0x0,Other,-1,0,0,Composed: Copy with GPU GDI,21858.0123,NA,16.95670000000000,16.66580000000000,0.00000000000000,6.17930000000000,22.1466,21841.0556,16.9567,16.9567,0.0000,16.8076,6.3284,6.3284,0.0000,-0.0315,21841.0556,NA
parkey.exe,39100,0x0,Other,-1,0,0,Composed: Copy with GPU GDI,21874.3935,NA,16.38120000000000,16.69540000000000,0.00000000000000,6.23510000000000,22.4608,21858.0123,16.3812,16.3812,0.0000,16.2813,6.3350,6.3350,0.0000,0.2613,21858.0123,NA
parkey.exe,39100,0x0,Other,-1,0,0,Composed: Copy with GPU GDI,21891.1854,NA,16.79190000000000,9.62550000000000,0.00000000000000,6.19030000000000,15.2944,21874.3935,16.7919,16.7919,0.0000,16.6715,6.3107,6.3107,0.0000,6.7557,21874.3935,NA
parkey.exe,39100,0x0,Other,-1,0,0,Composed: Copy with GPU GDI,21907.8432,NA,16.65780000000000,23.73680000000000,0.00000000000000,6.18840000000000,22.3734,21891.1854,16.6578,16.6578,0.0000,16.5411,6.3051,6.3051,0.0000,-6.9449,21891.1854,NA
parkey.exe,39100,0x0,Other,-1,0,0,Composed: Copy with GPU GDI,21925.1372,NA,17.29400000000000,16.67430000000000,0.00000000000000,6.11100000000000,21.7537,21907.8432,17.2940,17.2940,0.0000,17.1088,6.2962,6.2962,0.0000,-0.0165,21907.8432,NA
parkey.exe,39100,0x0,Other,-1,0,0,Composed: Copy with GPU GDI,21941.4353,NA,16.29810000000000,16.67060000000000,0.00000000000000,6.18150000000000,22.1262,21925.1372,16.2981,16.2981,0.0000,16.1456,6.3340,6.3340,0.0000,0.6234,21925.1372,NA
parkey.exe,39100,0x0,Other,-1,0,0,Composed: Copy with GPU GDI,21958.3531,NA,16.91780000000000,16.69780000000000,0.00000000000000,6.05620000000000,21.9062,21941.4353,16.9178,16.9178,0.0000,16.6387,6.3353,6.3353,0.0000,-0.3997,21941.4353,NA
parkey.exe,39100,0x0,Other,-1,0,0,Composed: Copy with GPU GDI,21975.0448,NA,16.69170000000000,9.56670000000000,0.00000000000000,6.13330000000000,14.7812,21958.3531,16.6917,16.6917,0.0000,16.5027,6.3223,6.3223,0.0000,7.3511,21958.3531,NA
parkey.exe,39100,0x0,Other,-1,0,0,Composed: Copy with GPU GDI,21991.7188,NA,16.67400000000000,23.78520000000000,0.00000000000000,6.12630000000000,21.8924,21975.0448,16.6740,16.6740,0.0000,16.4920,6.3083,6.3083,0.0000,-7.0935,21975.0448,NA
parkey.exe,39100,0x0,Other,-1,0,0,Composed: Copy with GPU GDI,22008.3664,NA,16.64760000000000,16.72260000000000,0.00000000000000,6.14430000000000,21.9674,21991.7188,16.6476,16.6476,0.0000,16.4503,6.3416,6.3416,0.0000,-0.0486,21991.7188,NA
parkey.exe,39100,0x0,Other,-1,0,0,Composed: Copy with GPU GDI,22025.0227,NA,16.65630000000000,16.64680000000000,0.00000000000000,6.18930000000000,21.9579,22008.3664,16.6563,16.6563,0.0000,16.4691,6.3765,6.3765,0.0000,0.0008,22008.3664,NA
parkey.exe,39100,0x0,Other,-1,0,0,Composed: Copy with GPU GDI,22041.8026,NA,16.77990000000000,16.67530000000000,0.00000000000000,6.10150000000000,21.8533,22025.0227,16.7799,16.7799,0.0000,16.5606,6.3208,6.3208,0.0000,-0.0190,22025.0227,NA
parkey.exe,39100,0x0,Other,-1,0,0,Composed: Copy with GPU GDI,22058.4675,NA,16.66490000000000,9.52960000000000,0.00000000000000,6.10670000000000,14.7180,22041.8026,16.6649,16.6649,0.0000,16.4535,6.3181,6.3181,0.0000,7.2503,22041.8026,NA
parkey.exe,39100,0x0,Other,-1,0,0,Composed: Copy with GPU GDI,22075.0961,NA,16.62860000000000,23.83440000000000,0.00000000000000,6.13210000000000,21.9238,22058.4675,16.6286,16.6286,0.0000,16.4395,6.3212,6.3212,0.0000,-7.1695,22058.4675,NA
parkey.exe,39100,0x0,Other,-1,0,0,Composed: Copy with GPU GDI,22091.7515,NA,16.65540000000000,16.67790000000000,0.00000000000000,6.11750000000000,21.9463,22075.0961,16.6554,16.6554,0.0000,16.4671,6.3058,6.3058,0.0000,-0.0493,22075.0961,NA
parkey.exe,39100,0x0,Other,-1,0,0,Composed: Copy with GPU GDI,22108.5077,NA,16.75620000000000,16.68800000000000,0.00000000000000,6.12440000000000,21.8781,22091.7515,16.7562,16.7562,0.0000,16.5691,6.3115,6.3115,0.0000,-0.0326,22091.7515,NA
parkey.exe,39100,0x0,Other,-1,0,0,Composed: Copy with GPU GDI,22125.0699,NA,16.56220000000000,16.69360000000000,0.00000000000000,6.11850000000000,22.0095,22108.5077,16.5622,16.5622,0.0000,16.3943,6.2864,6.2864,0.0000,0.0626,22108.5077,NA
parkey.exe,39100,0x0,Other,-1,0,0,Composed: Copy with GPU GDI,22141.8587,NA,16.78880000000000,9.48400000000000,0.00000000000000,6.13730000000000,14.7047,22125.0699,16.7888,16.7888,0.0000,16.5865,6.3396,6.3396,0.0000,7.0782,22125.0699,NA
parkey.exe,39100,0x0,Other,-1,0,0,Composed: Copy with GPU GDI,22158.6561,NA,16.79740000000000,23.85510000000000,0.00000000000000,6.15950000000000,21.7624,22141.8587,16.7974,16.7974,0.0000,16.5821,6.3748,6.3748,0.0000,-7.0663,22141.8587,NA
parkey.exe,39100,0x0,Other,-1,0,0,Composed: Copy with GPU GDI,22175.2948,NA,16.63870000000000,16.68210000000000,0.00000000000000,6.11330000000000,21.8058,22158.6561,16.6387,16.6387,0.0000,16.4256,6.3264,6.3264,0.0000,0.1153,22158.6561,NA
parkey.exe,39100,0x0,Other,-1,0,0,Composed: Copy with GPU GDI,22191.8957,NA,16.60090000000000,16.67130000000000,0.00000000000000,6.09630000000000,21.8762,22175.2948,16.6009,16.6009,0.0000,16.4100,6.2872,6.2872,0.0000,-0.0326,22175.2948,NA
parkey.exe,39100,0x0,Other,-1,0,0,Composed: Copy with GPU GDI,22208.4643,NA,16.56860000000000,16.69010000000000,0.00000000000000,6.14170000000000,21.9977,22191.8957,16.5686,16.5686,0.0000,16.3986,6.3117,6.3117,0.0000,-0.0892,22191.8957,NA
parkey.exe,39100,0x0,Other,-1,0,0,Composed: Copy with GPU GDI,22225.0497,NA,16.58540000000000,16.67150000000000,0.00000000000000,6.17710000000000,22.0838,22208.4643,16.5854,16.5854,0.0000,16.4274,6.3351,6.3351,0.0000,-0.1029,22208.4643,NA
parkey.exe,39100,0x0,Other,-1,0,0,Composed: Copy with GPU GDI,22241.6272,NA,16.57750000000000,16.70380000000000,0.00000000000000,6.17660000000000,22.2101,22225.0497,16.5775,16.5775,0.0000,16.4151,6.3390,6.3390,0.0000,-0.1184,22225.0497,NA
parkey.exe,39100,0x0,Other,-1,0,0,Composed: Copy with GPU GDI,22258.3324,NA,16.70520000000000,16.66540000000000,0.00000000000000,6.12260000000000,22.1703,22241.6272,16.7052,16.7052,0.0000,16.4947,6.3331,6.3331,0.0000,-0.0879,22241.6272,NA
parkey.exe,39100,0x0,Other,-1,0,0,Composed: Copy with GPU GDI,22275.2438,NA,16.91140000000000,16.68110000000000,0.00000000000000,6.13910000000000,21.9400,22258.3324,16.9114,16.9114,0.0000,16.7020,6.3485,6.3485,0.0000,0.0241,22258.3324,NA
parkey.exe,39100,0x0,Other,-1,0,0,Composed: Copy with GPU GDI,22291.8524,NA,16.60860000000000,16.66810000000000,0.00000000000000,6.10370000000000,21.9995,22275.2438,16.6086,16.6086,0.0000,16.3857,6.3266,6.3266,0.0000,0.2433,22275.2438,NA
parkey.exe,39100,0x0,Other,-1,0,0,Composed: Copy with GPU GDI,22308.5014,NA,16.64900000000000,9.37630000000000,0.00000000000000,6.14540000000000,14.7268,22291.8524,16.6490,16.6490,0.0000,16.4598,6.3346,6.3346,0.0000,7.2323,22291.8524,NA
parkey.exe,39100,0x0,Other,-1,0,0,Composed: Copy with GPU GDI,22325.0213,NA,16.51990000000000,24.00690000000000,0.00000000000000,6.15050000000000,22.2138,22308.5014,16.5199,16.5199,0.0000,16.3426,6.3278,6.3278,0.0000,-7.3579,22308.5014,NA
parkey.exe,39100,0x0,Other,-1,0,0,Composed: Copy with GPU GDI,22341.7568,NA,16.73550000000000,16.67590000000000,0.00000000000000,6.15590000000000,22.1542,22325.0213,16.7355,16.7355,0.0000,16.5742,6.3172,6.3172,0.0000,-0.1560,22325.0213,NA
parkey.exe,39100,0x0,Other,-1,0,0,Composed: Copy with GPU GDI,22358.5702,NA,16.81340000000000,16.66570000000000,0.00000000000000,6.11930000000000,22.0065,22341.7568,16.8134,16.8134,0.0000,16.5905,6.3422,6.3422,0.0000,0.0698,22341.7568,NA
parkey.exe,39100,0x0,Other,-1,0,0,Composed: Copy with GPU GDI,22375.0923,NA,16.52210000000000,16.69040000000000,0.00000000000000,6.16200000000000,22.1748,22358.5702,16.5221,16.5221,0.0000,16.3352,6.3489,6.3489,0.0000,0.1230,22358.5702,NA
parkey.exe,39100,0x0,Other,-1,0,0,Composed: Copy with GPU GDI,22391.8183,NA,16.72600000000000,16.67150000000000,0.00000000000000,6.16760000000000,22.1203,22375.0923,16.7260,16.7260,0.0000,16.5294,6.3642,6.3424,0.0218,-0.1494,22375.0923,NA
parkey.exe,39100,0x0,Other,-1,0,0,Composed: Copy with GPU GDI,22409.1974,NA,17.37910000000000,16.73890000000000,0.00000000000000,6.00540000000000,21.4801,22391.8183,17.3791,17.3791,0.0000,17.0851,6.2994,6.2994,0.0000,-0.0129,22391.8183,NA
parkey.exe,39100,0x0,Other,-1,0,0,Composed: Copy with GPU GDI,22424.9253,NA,15.72790000000000,16.63180000000000,0.00000000000000,6.26740000000000,22.3840,22409.1974,15.7279,15.7279,0.0000,15.5711,6.4242,6.4134,0.0108,0.7473,22409.1974,NA
parkey.exe,39100,0x0,Other,-1,0,0,Composed: Copy with GPU GDI,22441.3960,NA,16.47070000000000,16.67480000000000,0.00000000000000,6.10260000000000,22.5881,22424.9253,16.4707,16.4707,0.0000,16.2392,6.3341,6.3341,0.0000,-0.9469,22424.9253,NA
parkey.exe,39100,0x0,Other,-1,0,0,Composed: Copy with GPU GDI,22458.5788,NA,17.18280000000000,16.67790000000000,0.00000000000000,6.09960000000000,22.0832,22441.3960,17.1828,17.1828,0.0000,16.9816,6.3008,6.3008,0.0000,-0.2072,22441.3960,NA
parkey.exe,39100,0x0,Other,-1,0,0,Composed: Copy with GPU GDI,22475.6844,NA,17.10560000000000,16.67790000000000,0.00000000000000,6.06060000000000,21.6555,22458.5788,17.1056,17.1056,0.0000,16.8347,6.3315,6.3315,0.0000,0.5049,22458.5788,NA
parkey.exe,39100,0x0,Other,-1,0,0,Composed: Copy with GPU GDI,22492.6237,NA,16.93930000000000,16.67800000000000,0.00000000000000,6.09060000000000,21.3942,22475.6844,16.9393,16.9393,0.0000,16.7129,6.3170,6.3170,0.0000,0.4276,22475.6844,NA
parkey.exe,39100,0x0,Other,-1,0,0,Composed: Copy with GPU GDI,22508.5798,NA,15.95610000000000,16.67920000000000,0.00000000000000,6.08130000000000,22.1173,22492.6237,15.9561,15.9561,0.0000,15.7407,6.2967,6.2967,0.0000,0.2601,22492.6237,NA
parkey.exe,39100,0x0,Other,-1,0,0,Composed: Copy with GPU GDI,22524.8415,NA,16.26170000000000,16.69090000000000,0.00000000000000,6.17000000000000,22.5465,22508.5798,16.2617,16.2617,0.0000,16.1057,6.3260,6.3260,0.0000,-0.7348,22508.5798,NA
parkey.exe,39100,0x0,Other,-1,0,0,Composed: Copy with GPU GDI,22541.2622,NA,16.42070000000000,16.66820000000000,0.00000000000000,6.16350000000000,22.7940,22524.8415,16.4207,16.4207,0.0000,16.2641,6.3201,6.3201,0.0000,-0.4065,22524.8415,NA
parkey.exe,39100,0x0,Other,-1,0,0,Composed: Copy with GPU GDI,22558.0702,NA,16.80800000000000,9.20710000000000,0.00000000000000,6.15930000000000,15.1931,22541.2622,16.8080,16.8080,0.0000,16.6541,6.3132,6.3132,0.0000,7.2136,22541.2622,NA
parkey.exe,39100,0x0,Other,-1,0,0,Composed: Copy with GPU GDI,22574.6426,NA,16.57240000000000,24.16800000000000,0.00000000000000,6.25650000000000,22.7887,22558.0702,16.5724,16.5724,0.0000,16.4387,6.3902,6.3386,0.0516,-7.3600,22558.0702,NA
parkey.exe,39100,0x0,Other,-1,0,0,Composed: Copy with GPU GDI,22591.3939,NA,16.75130000000000,16.67700000000000,0.00000000000000,6.15760000000000,22.7144,22574.6426,16.7513,16.7513,0.0000,16.6105,6.2984,6.2984,0.0000,-0.1046,22574.6426,NA
parkey.exe,39100,0x0,Other,-1,0,0,Composed: Copy with GPU GDI,22607.9018,NA,16.50790000000000,16.66410000000000,0.00000000000000,6.19600000000000,22.8706,22591.3939,16.5079,16.5079,0.0000,16.3811,6.3228,6.3228,0.0000,0.0872,22591.3939,NA
parkey.exe,39100,0x0,Other,-1,0,0,Composed: Copy with GPU GDI,22624.4409,NA,16.53910000000000,16.70550000000000,0.00000000000000,6.88700000000000,23.0370,22607.9018,16.5391,16.5391,0.0000,16.4148,7.0113,7.0113,0.0000,-0.1976,22607.9018,NA
parkey.exe,39100,0x0,Other,-1,0,0,Composed: Copy with GPU GDI,22641.2834,NA,16.84250000000000,9.12860000000000,0.00000000000000,6.17850000000000,15.3231,22624.4409,16.8425,16.8425,0.0000,16.7094,6.3116,6.3116,0.0000,7.4105,22624.4409,NA
parkey.exe,39100,0x0,Other,-1,0,0,Composed: Copy with GPU GDI,22657.8439,NA,16.56050000000000,24.20480000000000,0.00000000000000,6.22870000000000,22.9674,22641.2834,16.5605,16.5605,0.0000,16.4472,6.3420,6.3420,0.0000,-7.3623,22641.2834,NA
parkey.exe,39100,0x0,Other,-1,0,0,Composed: Copy with GPU GDI,22674.4493,NA,16.60540000000000,16.68840000000000,0.00000000000000,6.20470000000000,23.0504,22657.8439,16.6054,16.6054,0.0000,16.4931,6.3170,6.3170,0.0000,-0.1279,22657.8439,NA
parkey.exe,39100,0x0,Other,-1,0,0,Composed: Copy with GPU GDI,22691.4590,NA,17.00970000000000,16.67060000000000,0.00000000000000,6.24800000000000,22.7113,22674.4493,17.0097,17.0097,0.0000,16.8860,6.3717,6.3717,0.0000,-0.0652,22674.4493,NA
parkey.exe,39100,0x0,Other,-1,0,0,Composed: Copy with GPU GDI,22707.8969,NA,16.43790000000000,16.68590000000000,0.00000000000000,6.16390000000000,22.9593,22691.4590,16.4379,16.4379,0.0000,16.3123,6.2895,6.2895,0.0000,0.3238,22691.4590,NA
parkey.exe,39100,0x0,Other,-1,0,0,Composed: Copy with GPU GDI,22724.4363,NA,16.53940000000000,16.68040000000000,0.00000000000000,6.19610000000000,23.1003,22707.8969,16.5394,16.5394,0.0000,16.4308,6.3047,6.3047,0.0000,-0.2425,22707.8969,NA
parkey.exe,39100,0x0,Other,-1,0,0,Composed: Copy with GPU GDI,22740.9802,NA,16.54390000000000,16.68240000000000,0.00000000000000,6.23860000000000,23.2388,22724.4363,16.5439,16.5439,0.0000,16.4334,6.3491,6.3491,0.0000,-0.1430,22724.4363,NA
parkey.exe,39100,0x0,Other,-1,0,0,Composed: Copy with GPU GDI,22757.6357,NA,16.65550000000000,16.67680000000000,0.00000000000000,6.21780000000000,23.2601,22740.9802,16.6555,16.6555,0.0000,16.5471,6.3262,6.3262,0.0000,-0.1329,22740.9802,NA
parkey.exe,39100,0x0,Other,-1,0,0,Composed: Copy with GPU GDI,22774.5610,NA,16.92530000000000,16.68130000000000,0.00000000000000,6.19520000000000,23.0161,22757.6357,16.9253,16.9253,0.0000,16.7987,6.3218,6.3218,0.0000,-0.0258,22757.6357,NA
parkey.exe,39100,0x0,Other,-1,0,0,Composed: Copy with GPU GDI,22791.1933,NA,16.63230000000000,16.68390000000000,0.00000000000000,6.17160000000000,23.0677,22774.5610,16.6323,16.6323,0.0000,16.5016,6.3023,6.3023,0.0000,0.2414,22774.5610,NA
parkey.exe,39100,0x0,Other,-1,0,0,Composed: Copy with GPU GDI,22808.3093,NA,17.11600000000000,16.69720000000000,0.00000000000000,6.12020000000000,22.6489,22791.1933,17.1160,17.1160,0.0000,16.9225,6.3137,6.3137,0.0000,-0.0649,22791.1933,NA
parkey.exe,39100,0x0,Other,-1,0,0,Composed: Copy with GPU GDI,22825.0335,NA,16.72420000000000,16.65660000000000,0.00000000000000,6.12820000000000,22.5813,22808.3093,16.7242,16.7242,0.0000,16.5438,6.3086,6.3086,0.0000,0.4594,22808.3093,NA
parkey.exe,39100,0x0,Other,-1,0,0,Composed: Copy with GPU GDI,22841.2834,NA,16.24990000000000,16.70170000000000,0.00000000000000,6.19680000000000,23.0331,22825.0335,16.2499,16.2499,0.0000,16.1120,6.3347,6.3347,0.0000,0.0225,22825.0335,NA
parkey.exe,39100,0x0,Other,-1,0,0,Composed: Copy with GPU GDI,22858.2415,NA,16.95810000000000,16.66050000000000,0.00000000000000,6.17680000000000,22.7355,22841.2834,16.9581,16.9581,0.0000,16.7974,6.3375,6.3375,0.0000,-0.4106,22841.2834,NA
parkey.exe,39100,0x0,Other,-1,0,0,Composed: Copy with GPU GDI,22874.4660,NA,16.22450000000000,16.68090000000000,0.00000000000000,6.17810000000000,23.1919,22858.2415,16.2245,16.2245,0.0000,16.0963,6.3063,6.3063,0.0000,0.2772,22858.2415,NA
parkey.exe,39100,0x0,Other,-1,0,0,Composed: Copy with GPU GDI,22891.2376,NA,16.77160000000000,8.99040000000000,0.00000000000000,6.17730000000000,15.4107,22874.4660,16.7716,16.7716,0.0000,16.6426,6.3063,6.3063,0.0000,7.2341,22874.4660,NA
parkey.exe,39100,0x0,Other,-1,0,0,Composed: Copy with GPU GDI,22907.8747,NA,16.63710000000000,24.36940000000000,0.00000000000000,6.15860000000000,23.1430,22891.2376,16.6371,16.6371,0.0000,16.4883,6.3074,6.3074,0.0000,-7.5978,22891.2376,NA
parkey.exe,39100,0x0,Other,-1,0,0,Composed: Copy with GPU GDI,22924.6038,NA,16.72910000000000,16.68730000000000,0.00000000000000,6.18660000000000,23.1012,22907.8747,16.7291,16.7291,0.0000,16.6005,6.3152,6.3152,0.0000,-0.0502,22907.8747,NA
parkey.exe,39100,0x0,Other,-1,0,0,Composed: Copy with GPU GDI,22941.1005,NA,16.49670000000000,16.67380000000000,0.00000000000000,6.21530000000000,23.2783,22924.6038,16.4967,16.4967,0.0000,16.3826,6.3294,6.3294,0.0000,0.0553,22924.6038,NA
parkey.exe,39100,0x0,Other,-1,0,0,Composed: Copy with GPU GDI,22957.8325,NA,16.73200000000000,16.67870000000000,0.00000000000000,6.20380000000000,23.2250,22941.1005,16.7320,16.7320,0.0000,16.6081,6.3277,6.3277,0.0000,-0.1820,22941.1005,NA
parkey.exe,39100,0x0,Other,-1,0,0,Composed: Copy with GPU GDI,22974.3437,NA,16.51120000000000,8.94830000000000,0.00000000000000,6.18770000000000,15.6621,22957.8325,16.5112,16.5112,0.0000,16.3971,6.3018,6.3018,0.0000,7.7837,22957.8325,NA
parkey.exe,39100,0x0,Other,-1,0,0,Composed: Copy with GPU GDI,22991.1588,NA,16.81510000000000,24.41350000000000,0.00000000000000,6.13870000000000,23.2605,22974.3437,16.8151,16.8151,0.0000,16.6858,6.2680,6.2680,0.0000,-7.9023,22974.3437,NA
parkey.exe,39100,0x0,Other,-1,0,0,Composed: Copy with GPU GDI,23007.6572,NA,16.49840000000000,16.67880000000000,0.00000000000000,6.19770000000000,23.4409,22991.1588,16.4984,16.4984,0.0000,16.3951,6.3010,6.3010,0.0000,0.1363,22991.1588,NA
parkey.exe,39100,0x0,Other,-1,0,0,Composed: Copy with GPU GDI,23024.7519,NA,17.09470000000000,16.67940000000000,0.00000000000000,6.13900000000000,23.0256,23007.6572,17.0947,17.0947,0.0000,16.9349,6.2988,6.2988,0.0000,-0.1810,23007.6572,NA
parkey.exe,39100,0x0,Other,-1,0,0,Composed: Copy with GPU GDI,23041.0029,NA,16.25100000000000,16.68120000000000,0.00000000000000,6.21550000000000,23.4558,23024.7519,16.2510,16.2510,0.0000,16.1358,6.3307,6.3307,0.0000,0.4135,23024.7519,NA
parkey.exe,39100,0x0,Other,-1,0,0,Composed: Copy with GPU GDI,23057.7617,NA,16.75880000000000,8.87160000000000,0.00000000000000,6.16390000000000,15.5686,23041.0029,16.7588,16.7588,0.0000,16.6159,6.3068,6.3068,0.0000,7.3794,23041.0029,NA
parkey.exe,39100,0x0,Other,-1,0,0,Composed: Copy with GPU GDI,23074.3767,NA,16.61500000000000,24.48970000000000,0.00000000000000,6.18910000000000,23.4433,23057.7617,16.6150,16.6150,0.0000,16.4971,6.3070,6.3070,0.0000,-7.7309,23057.7617,NA
parkey.exe,39100,0x0,Other,-1,0,0,Composed: Copy with GPU GDI,23091.0884,NA,16.71170000000000,16.68180000000000,0.00000000000000,6.16270000000000,23.4134,23074.3767,16.7117,16.7117,0.0000,16.5831,6.2913,6.2913,0.0000,-0.0668,23074.3767,NA
parkey.exe,39100,0x0,Other,-1,0,0,Composed: Copy with GPU GDI,23107.6284,NA,16.54000000000000,16.67830000000000,0.00000000000000,6.19150000000000,23.5517,23091.0884,16.5400,16.5400,0.0000,16.4291,6.3024,6.3024,0.0000,0.0334,23091.0884,NA
parkey.exe,39100,0x0,Other,-1,0,0,Composed: Copy with GPU GDI,23124.8845,NA,17.25610000000000,16.68110000000000,0.00000000000000,6.16830000000000,22.9767,23107.6284,17.2561,17.2561,0.0000,17.1213,6.3031,6.3031,0.0000,-0.1411,23107.6284,NA
parkey.exe,39100,0x0,Other,-1,0,0,Composed: Copy with GPU GDI,23141.0790,NA,16.19450000000000,8.83600000000000,0.00000000000000,6.16650000000000,15.6182,23124.8845,16.1945,16.1945,0.0000,16.0539,6.3071,6.3071,0.0000,8.4201,23124.8845,NA
parkey.exe,39100,0x0,Other,-1,0,0,Composed: Copy with GPU GDI,23157.6234,NA,16.54440000000000,24.52110000000000,0.00000000000000,6.21460000000000,23.5949,23141.0790,16.5444,16.5444,0.0000,16.4366,6.3224,6.3224,0.0000,-8.3266,23141.0790,NA
parkey.exe,39100,0x0,Other,-1,0,0,Composed: Copy with GPU GDI,23174.2763,NA,16.65290000000000,16.68390000000000,0.00000000000000,6.21430000000000,23.6259,23157.6234,16.6529,16.6529,0.0000,16.5453,6.3219,6.3219,0.0000,-0.1395,23157.6234,NA
parkey.exe,39100,0x0,Other,-1,0,0,Composed: Copy with GPU GDI,23191.2604,NA,16.98410000000000,16.67990000000000,0.00000000000000,6.19840000000000,23.3217,23174.2763,16.9841,16.9841,0.0000,16.8557,6.3268,6.3268,0.0000,-0.0270,23174.2763,NA
parkey.exe,39100,0x0,Other,-1,0,0,Composed: Copy with GPU GDI,23207.8070,NA,16.54660000000000,16.67620000000000,0.00000000000000,6.17370000000000,23.4513,23191.2604,16.5466,16.5466,0.0000,16.4121,6.3082,6.3082,0.0000,0.3079,23191.2604,NA
parkey.exe,39100,0x0,Other,-1,0,0,Composed: Copy with GPU GDI,23224.3457,NA,16.53870000000000,16.67900000000000,0.00000000000000,6.20750000000000,23.5916,23207.8070,16.5387,16.5387,0.0000,16.4333,6.3129,6.3129,0.0000,-0.1324,23207.8070,NA
parkey.exe,39100,0x0,Other,-1,0,0,Composed: Copy with GPU GDI,23240.9702,NA,16.62450000000000,16.68280000000000,0.00000000000000,6.20930000000000,23.6499,23224.3457,16.6245,16.6245,0.0000,16.5180,6.3158,6.3158,0.0000,-0.1441,23224.3457,NA
parkey.exe,39100,0x0,Other,-1,0,0,Composed: Copy with GPU GDI,23257.5913,NA,16.62110000000000,16.69000000000000,0.00000000000000,6.22330000000000,23.7188,23240.9702,16.6211,16.6211,0.0000,16.5211,6.3233,6.3233,0.0000,-0.0655,23240.9702,NA
parkey.exe,39100,0x0,Other,-1,0,0,Composed: Copy with GPU GDI,23274.5087,NA,16.91740000000000,16.68240000000000,0.00000000000000,6.20170000000000,23.4838,23257.5913,16.9174,16.9174,0.0000,16.7864,6.3327,6.3327,0.0000,-0.0613,23257.5913,NA
parkey.exe,39100,0x0,Other,-1,0,0,Composed: Copy with GPU GDI,23291.2993,NA,16.79060000000000,16.67160000000000,0.00000000000000,6.15940000000000,23.3648,23274.5087,16.7906,16.7906,0.0000,16.6328,6.3172,6.3172,0.0000,0.2458,23274.5087,NA
parkey.exe,39100,0x0,Other,-1,0,0,Composed: Copy with GPU GDI,23307.8903,NA,16.59100000000000,16.68190000000000,0.00000000000000,6.17530000000000,23.4557,23291.2993,16.5910,16.5910,0.0000,16.4543,6.3120,6.3120,0.0000,0.1087,23291.2993,NA
parkey.exe,39100,0x0,Other,-1,0,0,Composed: Copy with GPU GDI,23324.8459,NA,16.95560000000000,16.67550000000000,0.00000000000000,5.93900000000000,23.1756,23307.8903,16.9556,16.9556,0.0000,16.6254,6.2692,6.2692,0.0000,-0.0845,23307.8903,NA
parkey.exe,39100,0x0,Other,-1,0,0,Composed: Copy with GPU GDI,23341.1931,NA,16.34720000000000,16.68930000000000,0.00000000000000,6.68340000000000,23.5177,23324.8459,16.3472,16.3472,0.0000,16.2341,6.7965,6.7965,0.0000,0.2663,23324.8459,NA
parkey.exe,39100,0x0,Other,-1,0,0,Composed: Copy with GPU GDI,23358.1477,NA,16.95460000000000,16.67220000000000,0.00000000000000,6.18030000000000,23.2353,23341.1931,16.9546,16.9546,0.0000,16.8044,6.3305,6.3305,0.0000,-0.3250,23341.1931,NA
parkey.exe,39100,0x0,Other,-1,0,0,Composed: Copy with GPU GDI,23374.6580,NA,16.51030000000000,16.68080000000000,0.00000000000000,6.19080000000000,23.4058,23358.1477,16.5103,16.5103,0.0000,16.3825,6.3186,6.3186,0.0000,0.2738,23358.1477,NA
parkey.exe,39100,0x0,Other,-1,0,0,Composed: Copy with GPU GDI,23391.2031,NA,16.54510000000000,8.67000000000000,0.00000000000000,6.20400000000000,15.5307,23374.6580,16.5451,16.5451,0.0000,16.4240,6.3251,6.3251,0.0000,7.8403,23374.6580,NA
parkey.exe,39100,0x0,Other,-1,0,0,Composed: Copy with GPU GDI,23407.7856,NA,16.58250000000000,24.69550000000000,0.00000000000000,6.18300000000000,23.6437,23391.2031,16.5825,16.5825,0.0000,16.4801,6.2854,6.2854,0.0000,-8.1504,23391.2031,NA
parkey.exe,39100,0x0,Other,-1,0,0,Composed: Copy with GPU GDI,23424.3641,NA,16.57850000000000,16.68170000000000,0.00000000000000,6.18630000000000,23.7469,23407.7856,16.5785,16.5785,0.0000,16.4609,6.3039,6.3039,0.0000,-0.0992,23407.7856,NA
parkey.exe,39100,0x0,Other,-1,0,0,Composed: Copy with GPU GDI,23441.1538,NA,16.78970000000000,16.67530000000000,0.00000000000000,6.21270000000000,23.6325,23424.3641,16.7897,16.7897,0.0000,16.6717,6.3307,6.3307,0.0000,-0.0968,23424.3641,NA
parkey.exe,39100,0x0,Other,-1,0,0,Composed: Copy with GPU GDI,23458.0547,NA,16.90090000000000,16.72610000000000,0.00000000000000,6.15720000000000,23.4577,23441.1538,16.9009,16.9009,0.0000,16.7440,6.3141,6.3141,0.0000,0.0636,23441.1538,NA
parkey.exe,39100,0x0,Other,-1,0,0,Composed: Copy with GPU GDI,23474.7215,NA,16.66680000000000,16.64170000000000,0.00000000000000,6.19530000000000,23.4326,23458.0547,16.6668,16.6668,0.0000,16.5007,6.3614,6.3614,0.0000,0.2592,23458.0547,NA
parkey.exe,39100,0x0,Other,-1,0,0,Composed: Copy with GPU GDI,23491.6168,NA,16.89530000000000,16.70880000000000,0.00000000000000,6.13370000000000,23.2461,23474.7215,16.8953,16.8953,0.0000,16.7114,6.3176,6.3176,0.0000,-0.0420,23474.7215,NA
parkey.exe,39100,0x0,Other,-1,0,0,Composed: Copy with GPU GDI,23507.7915,NA,16.17470000000000,16.65000000000000,0.00000000000000,6.23500000000000,23.7214,23491.6168,16.1747,16.1747,0.0000,16.0486,6.3611,6.3445,0.0166,0.2453,23491.6168,NA
parkey.exe,39100,0x0,Other,-1,0,0,Composed: Copy with GPU GDI,23525.1981,NA,17.40660000000000,16.68420000000000,0.00000000000000,6.10260000000000,22.9990,23507.7915,17.4066,17.4066,0.0000,17.1881,6.3211,6.3211,0.0000,-0.5095,23507.7915,NA
parkey.exe,39100,0x0,Other,-1,0,0,Composed: Copy with GPU GDI,23541.6177,NA,16.41960000000000,16.67000000000000,0.00000000000000,6.16420000000000,23.2494,23525.1981,16.4196,16.4196,0.0000,16.2401,6.3437,6.3437,0.0000,0.7366,23525.1981,NA
parkey.exe,39100,0x0,Other,-1,0,0,Composed: Copy with GPU GDI,23558.0481,NA,16.43040000000000,16.67190000000000,0.00000000000000,6.19780000000000,23.4909,23541.6177,16.4304,16.4304,0.0000,16.2939,6.3343,6.3343,0.0000,-0.2523,23541.6177,NA
parkey.exe,39100,0x0,Other,-1,0,0,Composed: Copy with GPU GDI,23574.7129,NA,16.66480000000000,16.68990000000000,0.00000000000000,6.08870000000000,23.5160,23558.0481,16.6648,16.6648,0.0000,16.4884,6.2651,6.2651,0.0000,-0.2595,23558.0481,NA
parkey.exe,39100,0x0,Other,-1,0,0,Composed: Copy with GPU GDI,23591.2570,NA,16.54410000000000,16.68020000000000,0.00000000000000,6.15960000000000,23.6521,23574.7129,16.5441,16.5441,0.0000,16.3954,6.3083,6.3083,0.0000,-0.0154,23574.7129,NA
parkey.exe,39100,0x0,Other,-1,0,0,Composed: Copy with GPU GDI,23608.3100,NA,17.05300000000000,16.67830000000000,0.00000000000000,6.04900000000000,23.2774,23591.2570,17.0530,17.0530,0.0000,16.7936,6.3084,6.3084,0.0000,-0.1342,23591.2570,NA
parkey.exe,39100,0x0,Other,-1,0,0,Composed: Copy with GPU GDI,23624.6404,NA,16.33040000000000,16.67770000000000,0.00000000000000,6.15860000000000,23.6247,23608.3100,16.3304,16.3304,0.0000,16.1994,6.2896,6.2896,0.0000,0.3753,23608.3100,NA
parkey.exe,39100,0x0,Other,-1,0,0,Composed: Copy with GPU GDI,23641.2528,NA,16.61240000000000,16.68470000000000,0.00000000000000,6.18770000000000,23.6970,23624.6404,16.6124,16.6124,0.0000,16.4739,6.3262,6.3262,0.0000,-0.3543,23624.6404,NA
parkey.exe,39100,0x0,Other,-1,0,0,Composed: Copy with GPU GDI,23658.1707,NA,16.91790000000000,16.67730000000000,0.00000000000000,6.05030000000000,23.4564,23641.2528,16.9179,16.9179,0.0000,16.7647,6.2035,6.2035,0.0000,-0.0649,23641.2528,NA
parkey.exe,39100,0x0,Other,-1,0,0,Composed: Copy with GPU GDI,23674.5770,NA,16.40630000000000,16.67540000000000,0.00000000000000,6.21200000000000,23.7255,23658.1707,16.4063,16.4063,0.0000,16.2757,6.3426,6.3426,0.0000,0.2425,23658.1707,NA
parkey.exe,39100,0x0,Other,-1,0,0,Composed: Copy with GPU GDI,23691.1300,NA,16.55300000000000,16.68640000000000,0.00000000000000,6.16940000000000,23.8589,23674.5770,16.5530,16.5530,0.0000,16.4305,6.2919,6.2919,0.0000,-0.2801,23674.5770,NA
parkey.exe,39100,0x0,Other,-1,0,0,Composed: Copy with GPU GDI,23707.8883,NA,16.75830000000000,16.67810000000000,0.00000000000000,6.19090000000000,23.7787,23691.1300,16.7583,16.7583,0.0000,16.6311,6.3181,6.3181,0.0000,-0.1251,23691.1300,NA
parkey.exe,39100,0x0,Other,-1,0,0,Composed: Copy with GPU GDI,23724.3691,NA,16.48080000000000,16.68430000000000,0.00000000000000,6.18430000000000,23.9822,23707.8883,16.4808,16.4808,0.0000,16.3649,6.3002,6.3002,0.0000,0.0740,23707.8883,NA
parkey.exe,39100,0x0,Other,-1,0,0,Composed: Copy with GPU GDI,23740.9852,NA,16.61610000000000,16.68410000000000,0.00000000000000,6.21220000000000,24.0502,23724.3691,16.6161,16.6161,0.0000,16.5033,6.3250,6.3250,0.0000,-0.2033,23724.3691,NA
parkey.exe,39100,0x0,Other,-1,0,0,Composed: Copy with GPU GDI,23757.6176,NA,16.63240000000000,16.67310000000000,0.00000000000000,6.19080000000000,24.0909,23740.9852,16.6324,16.6324,0.0000,16.5217,6.3015,6.3015,0.0000,-0.0570,23740.9852,NA
parkey.exe,39100,0x0,Other,-1,0,0,Composed: Copy with GPU GDI,23774.2759,NA,16.65830000000000,16.68620000000000,0.00000000000000,6.20200000000000,24.1188,23757.6176,16.6583,16.6583,0.0000,16.5549,6.3054,6.3054,0.0000,-0.0538,23757.6176,NA
parkey.exe,39100,0x0,Other,-1,0,0,Composed: Copy with GPU GDI,23791.1473,NA,16.87140000000000,16.67710000000000,0.00000000000000,6.19300000000000,23.9245,23774.2759,16.8714,16.8714,0.0000,16.7533,6.3111,6.3111,0.0000,-0.0188,23774.2759,NA
parkey.exe,39100,0x0,Other,-1,0,0,Composed: Copy with GPU GDI,23807.8545,NA,16.70720000000000,16.67000000000000,0.00000000000000,6.14700000000000,23.8873,23791.1473,16.7072,16.7072,0.0000,16.5540,6.3002,6.3002,0.0000,0.2014,23791.1473,NA
parkey.exe,39100,0x0,Other,-1,0,0,Composed: Copy with GPU GDI,23824.5207,NA,16.66620000000000,16.69230000000000,0.00000000000000,6.09310000000000,23.9134,23807.8545,16.6662,16.6662,0.0000,16.5310,6.2283,6.2283,0.0000,0.0149,23807.8545,NA
parkey.exe,39100,0x0,Other,-1,0,0,Composed: Copy with GPU GDI,23840.9882,NA,16.46750000000000,9.80330000000000,0.00000000000000,6.93450000000000,17.2492,23824.5207,16.4675,16.4675,0.0000,16.3575,7.0445,7.0445,0.0000,6.8629,23824.5207,NA
parkey.exe,39100,0x0,Other,-1,0,0,Composed: Copy with GPU GDI,23858.3223,NA,17.33410000000000,23.56470000000000,0.00000000000000,6.06810000000000,23.4798,23840.9882,17.3341,17.3341,0.0000,17.0803,6.3219,6.3219,0.0000,-7.0972,23840.9882,NA
parkey.exe,39100,0x0,Other,-1,0,0,Composed: Copy with GPU GDI,23875.0692,NA,16.74690000000000,16.66900000000000,0.00000000000000,6.22930000000000,23.4019,23858.3223,16.7469,16.7469,0.0000,16.6116,6.3646,6.3646,0.0000,0.6651,23858.3223,NA
parkey.exe,39100,0x0,Other,-1,0,0,Composed: Copy with GPU GDI,23891.2058,NA,16.13660000000000,16.68100000000000,0.00000000000000,6.16440000000000,23.9463,23875.0692,16.1366,16.1366,0.0000,16.0111,6.2899,6.2899,0.0000,0.0659,23875.0692,NA
parkey.exe,39100,0x0,Other,-1,0,0,Composed: Copy with GPU GDI,23908.0765,NA,16.87070000000000,16.67970000000000,0.00000000000000,6.04890000000000,23.7553,23891.2058,16.8707,16.8707,0.0000,16.7154,6.2042,6.2042,0.0000,-0.5431,23891.2058,NA
parkey.exe,39100,0x0,Other,-1,0,0,Composed: Copy with GPU GDI,23924.7546,NA,16.67810000000000,9.72420000000000,0.00000000000000,6.14790000000000,16.8014,23908.0765,16.6781,16.6781,0.0000,16.5176,6.3084,6.3084,0.0000,7.1465,23908.0765,NA
parkey.exe,39100,0x0,Other,-1,0,0,Composed: Copy with GPU GDI,23941.2492,NA,16.49460000000000,23.63690000000000,0.00000000000000,6.17250000000000,23.9437,23924.7546,16.4946,16.4946,0.0000,16.3560,6.3111,6.3111,0.0000,-6.9588,23924.7546,NA
parkey.exe,39100,0x0,Other,-1,0,0,Composed: Copy with GPU GDI,23958.0158,NA,16.76660000000000,16.67930000000000,0.00000000000000,6.13690000000000,23.8564,23941.2492,16.7666,16.7666,0.0000,16.6097,6.2938,6.2938,0.0000,-0.1847,23941.2492,NA
parkey.exe,39100,0x0,Other,-1,0,0,Composed: Copy with GPU GDI,23974.6007,NA,16.58490000000000,16.67690000000000,0.00000000000000,6.16120000000000,23.9484,23958.0158,16.5849,16.5849,0.0000,16.4434,6.3027,6.3027,0.0000,0.0897,23958.0158,NA
parkey.exe,39100,0x0,Other,-1,0,0,Composed: Copy with GPU GDI,23991.3702,NA,16.76950000000000,16.68740000000000,0.00000000000000,6.50670000000000,23.8663,23974.6007,16.7695,16.7695,0.0000,16.6370,6.6392,6.6392,0.0000,-0.1025,23974.6007,NA
parkey.exe,39100,0x0,Other,-1,0,0,Composed: Copy with GPU GDI,24007.6529,NA,16.28270000000000,9.68090000000000,0.00000000000000,6.17910000000000,17.2645,23991.3702,16.2827,16.2827,0.0000,16.1734,6.2884,6.2884,0.0000,7.0886,23991.3702,NA
parkey.exe,39100,0x0,Other,-1,0,0,Composed: Copy with GPU GDI,24024.6021,NA,16.94920000000000,23.66900000000000,0.00000000000000,6.16850000000000,23.9843,24007.6529,16.9492,16.9492,0.0000,16.8095,6.3082,6.3082,0.0000,-7.3863,24007.6529,NA
parkey.exe,39100,0x0,Other,-1,0,0,Composed: Copy with GPU GDI,24041.0367,NA,16.43460000000000,16.68360000000000,0.00000000000000,6.23630000000000,24.2333,24024.6021,16.4346,16.4346,0.0000,16.3113,6.3596,6.3596,0.0000,0.2656,24024.6021,NA
parkey.exe,39100,0x0,Other,-1,0,0,Composed: Copy with GPU GDI,24057.6966,NA,16.65990000000000,16.67810000000000,0.00000000000000,6.19100000000000,24.2515,24041.0367,16.6599,16.6599,0.0000,16.5109,6.3400,6.3400,0.0000,-0.2435,24041.0367,NA
parkey.exe,39100,0x0,Other,-1,0,0,Composed: Copy with GPU GDI,24074.3846,NA,16.68800000000000,16.68360000000000,0.00000000000000,6.39180000000000,24.2471,24057.6966,16.6880,16.6880,0.0000,16.5500,6.5298,6.5298,0.0000,-0.0237,24057.6966,NA
parkey.exe,39100,0x0,Other,-1,0,0,Composed: Copy with GPU GDI,24091.0900,NA,16.70540000000000,9.63070000000000,0.00000000000000,6.14730000000000,17.1724,24074.3846,16.7054,16.7054,0.0000,16.5571,6.2956,6.2956,0.0000,7.0573,24074.3846,NA
parkey.exe,39100,0x0,Other,-1,0,0,Composed: Copy with GPU GDI,24107.9302,NA,16.84020000000000,23.73320000000000,0.00000000000000,6.21070000000000,24.0654,24091.0900,16.8402,16.8402,0.0000,16.7360,6.3149,6.3149,0.0000,-7.0278,24091.0900,NA
parkey.exe,39100,0x0,Other,-1,0,0,Composed: Copy with GPU GDI,24124.4825,NA,16.55230000000000,16.67890000000000,0.00000000000000,6.20250000000000,24.1920,24107.9302,16.5523,16.5523,0.0000,16.4257,6.3291,6.3291,0.0000,0.1613,24107.9302,NA
parkey.exe,39100,0x0,Other,-1,0,0,Composed: Copy with GPU GDI,24141.4011,NA,16.91860000000000,16.67470000000000,0.00000000000000,6.14740000000000,23.9481,24124.4825,16.9186,16.9186,0.0000,16.7577,6.3083,6.3083,0.0000,-0.1224,24124.4825,NA
parkey.exe,39100,0x0,Other,-1,0,0,Composed: Copy with GPU GDI,24158.0919,NA,16.69080000000000,16.68470000000000,0.00000000000000,6.04790000000000,23.9420,24141.4011,16.6908,16.6908,0.0000,16.5258,6.2129,6.2129,0.0000,0.2339,24141.4011,NA
parkey.exe,39100,0x0,Other,-1,0,0,Composed: Copy with GPU GDI,24174.4992,NA,16.40730000000000,9.56760000000000,0.00000000000000,6.20310000000000,17.1023,24158.0919,16.4073,16.4073,0.0000,16.2778,6.3326,6.3326,0.0000,7.1232,24158.0919,NA
parkey.exe,39100,0x0,Other,-1,0,0,Composed: Copy with GPU GDI,24190.9514,NA,16.45220000000000,23.79140000000000,0.00000000000000,6.20610000000000,24.4415,24174.4992,16.4522,16.4522,0.0000,16.3462,6.3121,6.3121,0.0000,-7.3841,24174.4992,NA
parkey.exe,39100,0x0,Other,-1,0,0,Composed: Copy with GPU GDI,24207.6899,NA,16.73850000000000,16.68050000000000,0.00000000000000,6.19680000000000,24.3835,24190.9514,16.7385,16.7385,0.0000,16.6254,6.3099,6.3099,0.0000,-0.2283,24190.9514,NA
parkey.exe,39100,0x0,Other,-1,0,0,Composed: Copy with GPU GDI,24224.2944,NA,16.60450000000000,16.67410000000000,0.00000000000000,6.19470000000000,24.4531,24207.6899,16.6045,16.6045,0.0000,16.4847,6.3145,6.3145,0.0000,0.0644,24207.6899,NA
parkey.exe,39100,0x0,Other,-1,0,0,Composed: Copy with GPU GDI,24240.9199,NA,16.62550000000000,16.68360000000000,0.00000000000000,6.28680000000000,24.5112,24224.2944,16.6255,16.6255,0.0000,16.5198,6.3925,6.3660,0.0265,-0.0791,24224.2944,NA
parkey.exe,39100,0x0,Other,-1,0,0,Composed: Copy with GPU GDI,24257.6072,NA,16.68730000000000,9.50640000000000,0.00000000000000,6.18270000000000,17.3303,24240.9199,16.6873,16.6873,0.0000,16.5754,6.2946,6.2946,0.0000,7.1191,24240.9199,NA
parkey.exe,39100,0x0,Other,-1,0,0,Composed: Copy with GPU GDI,24274.3086,NA,16.70140000000000,23.85670000000000,0.00000000000000,6.19420000000000,24.4856,24257.6072,16.7014,16.7014,0.0000,16.5890,6.3066,6.3066,0.0000,-7.1694,24257.6072,NA
parkey.exe,39100,0x0,Other,-1,0,0,Composed: Copy with GPU GDI,24291.1310,NA,16.82240000000000,16.68250000000000,0.00000000000000,6.18810000000000,24.3457,24274.3086,16.8224,16.8224,0.0000,16.6910,6.3195,6.3195,0.0000,0.0189,24274.3086,NA
parkey.exe,39100,0x0,Other,-1,0,0,Composed: Copy with GPU GDI,24307.7431,NA,16.61210000000000,16.67470000000000,0.00000000000000,6.22070000000000,24.4083,24291.1310,16.6121,16.6121,0.0000,16.5051,6.3277,6.3277,0.0000,0.1477,24291.1310,NA
parkey.exe,39100,0x0,Other,-1,0,0,Composed: Copy with GPU GDI,24324.9536,NA,17.21050000000000,16.68390000000000,0.00000000000000,6.02880000000000,23.8817,24307.7431,17.2105,17.2105,0.0000,17.0283,6.2110,6.2110,0.0000,-0.0718,24307.7431,NA
parkey.exe,39100,0x0,Other,-1,0,0,Composed: Copy with GPU GDI,24341.0162,NA,16.06260000000000,9.46800000000000,0.00000000000000,6.22740000000000,17.2871,24324.9536,16.0626,16.0626,0.0000,15.9494,6.3406,6.3406,0.0000,7.7425,24324.9536,NA
parkey.exe,39100,0x0,Other,-1,0,0,Composed: Copy with GPU GDI,24357.6746,NA,16.65840000000000,23.89200000000000,0.00000000000000,6.54280000000000,24.5207,24341.0162,16.6584,16.6584,0.0000,16.5563,6.6449,6.6449,0.0000,-7.8294,24341.0162,NA
parkey.exe,39100,0x0,Other,-1,0,0,Composed: Copy with GPU GDI,24374.4345,NA,16.75990000000000,16.68060000000000,0.00000000000000,6.20770000000000,24.4414,24357.6746,16.7599,16.7599,0.0000,16.6413,6.3263,6.3263,0.0000,-0.0222,24357.6746,NA
parkey.exe,39100,0x0,Other,-1,0,0,Composed: Copy with GPU GDI,24391.0568,NA,16.62230000000000,16.67680000000000,0.00000000000000,6.18560000000000,24.4959,24374.4345,16.6223,16.6223,0.0000,16.5005,6.3074,6.3074,0.0000,0.0831,24374.4345,NA
parkey.exe,39100,0x0,Other,-1,0,0,Composed: Copy with GPU GDI,24407.5865,NA,16.52970000000000,16.68100000000000,0.00000000000000,6.53630000000000,24.6472,24391.0568,16.5297,16.5297,0.0000,16.4206,6.6454,6.6454,0.0000,-0.0587,24391.0568,NA
parkey.exe,39100,0x0,Other,-1,0,0,Composed: Copy with GPU GDI,24424.2879,NA,16.70140000000000,16.68810000000000,0.00000000000000,6.23050000000000,24.6339,24407.5865,16.7014,16.7014,0.0000,16.6010,6.3309,6.3309,0.0000,-0.1584,24407.5865,NA
parkey.exe,39100,0x0,Other,-1,0,0,Composed: Copy with GPU GDI,24440.8982,NA,16.61030000000000,16.67640000000000,0.00000000000000,6.20940000000000,24.7000,24424.2879,16.6103,16.6103,0.0000,16.5046,6.3151,6.3151,0.0000,0.0250,24424.2879,NA
parkey.exe,39100,0x0,Other,-1,0,0,Composed: Copy with GPU GDI,24457.8811,NA,16.98290000000000,16.68010000000000,0.00000000000000,6.17450000000000,24.3972,24440.8982,16.9829,16.9829,0.0000,16.8346,6.3228,6.3228,0.0000,-0.0698,24440.8982,NA
parkey.exe,39100,0x0,Other,-1,0,0,Composed: Copy with GPU GDI,24474.3756,NA,16.49450000000000,16.68770000000000,0.00000000000000,6.20810000000000,24.5904,24457.8811,16.4945,16.4945,0.0000,16.3857,6.3169,6.3169,0.0000,0.2952,24457.8811,NA
parkey.exe,39100,0x0,Other,-1,0,0,Composed: Copy with GPU GDI,24491.0159,NA,16.64030000000000,16.67150000000000,0.00000000000000,6.43440000000000,24.6216,24474.3756,16.6403,16.6403,0.0000,16.5197,6.5550,6.5550,0.0000,-0.1770,24474.3756,NA
parkey.exe,39100,0x0,Other,-1,0,0,Composed: Copy with GPU GDI,24507.8232,NA,16.80730000000000,9.37330000000000,0.00000000000000,6.15050000000000,17.1876,24491.0159,16.8073,16.8073,0.0000,16.6654,6.2924,6.2924,0.0000,7.2670,24491.0159,NA
parkey.exe,39100,0x0,Other,-1,0,0,Composed: Copy with GPU GDI,24525.1709,NA,17.34770000000000,23.98850000000000,0.00000000000000,6.15260000000000,23.8284,24507.8232,17.3477,17.3477,0.0000,17.1961,6.3042,6.3042,0.0000,-7.1812,24507.8232,NA
parkey.exe,39100,0x0,Other,-1,0,0,Composed: Copy with GPU GDI,24541.5604,NA,16.38950000000000,16.68070000000000,0.00000000000000,6.16240000000000,24.1196,24525.1709,16.3895,16.3895,0.0000,16.2158,6.3361,6.3361,0.0000,0.6670,24525.1709,NA
parkey.exe,39100,0x0,Other,-1,0,0,Composed: Copy with GPU GDI,24557.8992,NA,16.33880000000000,16.67670000000000,0.00000000000000,6.17190000000000,24.4575,24541.5604,16.3388,16.3388,0.0000,16.1931,6.3176,6.3176,0.0000,-0.2872,24541.5604,NA
parkey.exe,39100,0x0,Other,-1,0,0,Composed: Copy with GPU GDI,24574.5519,NA,16.65270000000000,16.68430000000000,0.00000000000000,6.16840000000000,24.4891,24557.8992,16.6527,16.6527,0.0000,16.4931,6.3280,6.3280,0.0000,-0.3455,24557.8992,NA
parkey.exe,39100,0x0,Other,-1,0,0,Composed: Copy with GPU GDI,24591.2431,NA,16.69120000000000,9.29510000000000,0.00000000000000,6.16260000000000,17.0930,24574.5519,16.6912,16.6912,0.0000,16.5512,6.3026,6.3026,0.0000,7.3576,24574.5519,NA
parkey.exe,39100,0x0,Other,-1,0,0,Composed: Copy with GPU GDI,24607.8406,NA,16.59750000000000,24.05920000000000,0.00000000000000,6.18360000000000,24.5547,24591.2431,16.5975,16.5975,0.0000,16.4669,6.3142,6.3142,0.0000,-7.3680,24591.2431,NA
parkey.exe,39100,0x0,Other,-1,0,0,Composed: Copy with GPU GDI,24624.2880,NA,16.44740000000000,16.70810000000000,0.00000000000000,6.17260000000000,24.8154,24607.8406,16.4474,16.4474,0.0000,16.3332,6.2868,6.2868,0.0000,-0.1106,24607.8406,NA
parkey.exe,39100,0x0,Other,-1,0,0,Composed: Copy with GPU GDI,24641.0974,NA,16.80940000000000,16.65030000000000,0.00000000000000,6.18420000000000,24.6563,24624.2880,16.8094,16.8094,0.0000,16.6839,6.3097,6.3097,0.0000,-0.2029,24624.2880,NA
parkey.exe,39100,0x0,Other,-1,0,0,Composed: Copy with GPU GDI,24657.7802,NA,16.68280000000000,16.68720000000000,0.00000000000000,7.20730000000000,24.6607,24641.0974,16.6828,16.6828,0.0000,16.5534,7.3367,7.3367,0.0000,0.1222,24641.0974,NA
parkey.exe,39100,0x0,Other,-1,0,0,Composed: Copy with GPU GDI,24674.2941,NA,16.51390000000000,9.24380000000000,0.00000000000000,6.19290000000000,17.3906,24657.7802,16.5139,16.5139,0.0000,16.3987,6.3081,6.3081,0.0000,7.4390,24657.7802,NA
parkey.exe,39100,0x0,Other,-1,0,0,Composed: Copy with GPU GDI,24690.9732,NA,16.67910000000000,24.11630000000000,0.00000000000000,6.20390000000000,24.8278,24674.2941,16.6791,16.6791,0.0000,16.5709,6.3121,6.3121,0.0000,-7.6024,24674.2941,NA
parkey.exe,39100,0x0,Other,-1,0,0,Composed: Copy with GPU GDI,24707.5415,NA,16.56830000000000,16.68110000000000,0.00000000000000,6.19340000000000,24.9406,24690.9732,16.5683,16.5683,0.0000,16.4579,6.3038,6.3038,0.0000,-0.0020,24690.9732,NA
parkey.exe,39100,0x0,Other,-1,0,0,Composed: Copy with GPU GDI,24724.4305,NA,16.88900000000000,16.68190000000000,0.00000000000000,6.16790000000000,24.7335,24707.5415,16.8890,16.8890,0.0000,16.7486,6.3083,6.3083,0.0000,-0.1136,24707.5415,NA
parkey.exe,39100,0x0,Other,-1,0,0,Composed: Copy with GPU GDI,24741.0381,NA,16.60760000000000,16.67560000000000,0.00000000000000,6.17340000000000,24.8015,24724.4305,16.6076,16.6076,0.0000,16.4722,6.3088,6.3088,0.0000,0.2134,24724.4305,NA
parkey.exe,39100,0x0,Other,-1,0,0,Composed: Copy with GPU GDI,24757.6835,NA,16.64540000000000,9.17920000000000,0.00000000000000,6.21350000000000,17.3353,24741.0381,16.6454,16.6454,0.0000,16.5294,6.3295,6.3295,0.0000,7.4284,24741.0381,NA
parkey.exe,39100,0x0,Other,-1,0,0,Composed: Copy with GPU GDI,24774.3168,NA,16.63330000000000,24.18700000000000,0.00000000000000,6.24390000000000,24.8890,24757.6835,16.6333,16.6333,0.0000,16.5229,6.3543,6.3543,0.0000,-7.5416,24757.6835,NA
parkey.exe,39100,0x0,Other,-1,0,0,Composed: Copy with GPU GDI,24790.9825,NA,16.66570000000000,16.67520000000000,0.00000000000000,6.20970000000000,24.8985,24774.3168,16.6657,16.6657,0.0000,16.5480,6.3274,6.3274,0.0000,-0.0419,24774.3168,NA
parkey.exe,39100,0x0,Other,-1,0,0,Composed: Copy with GPU GDI,24807.8238,NA,16.84130000000000,16.67800000000000,0.00000000000000,6.21410000000000,24.7352,24790.9825,16.8413,16.8413,0.0000,16.7234,6.3320,6.3320,0.0000,-0.0123,24790.9825,NA
parkey.exe,39100,0x0,Other,-1,0,0,Composed: Copy with GPU GDI,24824.5272,NA,16.70340000000000,16.69140000000000,0.00000000000000,6.39620000000000,24.7232,24807.8238,16.7034,16.7034,0.0000,16.5602,6.5394,6.5394,0.0000,0.1499,24807.8238,NA
parkey.exe,39100,0x0,Other,-1,0,0,Composed: Copy with GPU GDI,24841.5199,NA,16.99270000000000,9.12760000000000,0.00000000000000,6.14290000000000,16.8581,24824.5272,16.9927,16.9927,0.0000,16.8116,6.3240,6.3240,0.0000,7.5758,24824.5272,NA
parkey.exe,39100,0x0,Other,-1,0,0,Composed: Copy with GPU GDI,24857.6816,NA,16.16170000000000,24.24060000000000,0.00000000000000,6.25130000000000,24.9370,24841.5199,16.1617,16.1617,0.0000,16.0547,6.3583,6.3583,0.0000,-7.2479,24841.5199,NA
parkey.exe,39100,0x0,Other,-1,0,0,Composed: Copy with GPU GDI,24874.3333,NA,16.65170000000000,16.66440000000000,0.00000000000000,6.20340000000000,24.9497,24857.6816,16.6517,16.6517,0.0000,16.5397,6.3154,6.3154,0.0000,-0.5027,24857.6816,NA
parkey.exe,39100,0x0,Other,-1,0,0,Composed: Copy with GPU GDI,24891.0080,NA,16.67470000000000,16.67450000000000,0.00000000000000,6.20210000000000,24.9495,24874.3333,16.6747,16.6747,0.0000,16.5562,6.3206,6.3206,0.0000,-0.0228,24874.3333,NA
parkey.exe,39100,0x0,Other,-1,0,0,Composed: Copy with GPU GDI,24907.6508,NA,16.64280000000000,16.68440000000000,0.00000000000000,6.52860000000000,24.9911,24891.0080,16.6428,16.6428,0.0000,16.4877,6.6837,6.6837,0.0000,-0.0097,24891.0080,NA
parkey.exe,39100,0x0,Other,-1,0,0,Composed: Copy with GPU GDI,24924.2924,NA,16.64160000000000,16.68090000000000,0.00000000000000,6.20610000000000,25.0304,24907.6508,16.6416,16.6416,0.0000,16.5253,6.3224,6.3224,0.0000,-0.0381,24907.6508,NA
parkey.exe,39100,0x0,Other,-1,0,0,Composed: Copy with GPU GDI,24940.8636,NA,16.57120000000000,16.67740000000000,0.00000000000000,6.23390000000000,25.1366,24924.2924,16.5712,16.5712,0.0000,16.4510,6.3541,6.3541,0.0000,-0.0358,24924.2924,NA
parkey.exe,39100,0x0,Other,-1,0,0,Composed: Copy with GPU GDI,24957.5570,NA,16.69340000000000,16.68790000000000,0.00000000000000,6.32130000000000,25.1311,24940.8636,16.6934,16.6934,0.0000,16.5802,6.4345,6.4345,0.0000,-0.1167,24940.8636,NA
parkey.exe,39100,0x0,Other,-1,0,0,Composed: Copy with GPU GDI,24974.3250,NA,16.76800000000000,16.67100000000000,0.00000000000000,6.24280000000000,25.0341,24957.5570,16.7680,16.7680,0.0000,16.6618,6.3490,6.3490,0.0000,0.0224,24957.5570,NA
parkey.exe,39100,0x0,Other,-1,0,0,Composed: Copy with GPU GDI,24991.3570,NA,17.03200000000000,16.68490000000000,0.00000000000000,6.11190000000000,24.6870,24974.3250,17.0320,17.0320,0.0000,16.8732,6.2707,6.2457,0.0250,0.0831,24974.3250,NA
parkey.exe,39100,0x0,Other,-1,0,0,Composed: Copy with GPU GDI,25008.1535,NA,16.79650000000000,9.05600000000000,0.00000000000000,6.18650000000000,16.9465,24991.3570,16.7965,16.7965,0.0000,16.6466,6.3364,6.3364,0.0000,7.9760,24991.3570,NA
parkey.exe,39100,0x0,Other,-1,0,0,Composed: Copy with GPU GDI,25024.7055,NA,16.55200000000000,24.30510000000000,0.00000000000000,6.12960000000000,24.6996,25008.1535,16.5520,16.5520,0.0000,16.3981,6.2835,6.2835,0.0000,-7.5086,25008.1535,NA
parkey.exe,39100,0x0,Other,-1,0,0,Composed: Copy with GPU GDI,25040.9260,NA,16.22050000000000,16.67930000000000,0.00000000000000,6.21220000000000,25.1584,25024.7055,16.2205,16.2205,0.0000,16.1018,6.3309,6.3309,0.0000,-0.1273,25024.7055,NA
parkey.exe,39100,0x0,Other,-1,0,0,Composed: Copy with GPU GDI,25057.5868,NA,16.66080000000000,16.68140000000000,0.00000000000000,6.22580000000000,25.1790,25040.9260,16.6608,16.6608,0.0000,16.5512,6.3354,6.3354,0.0000,-0.4609,25040.9260,NA
parkey.exe,39100,0x0,Other,-1,0,0,Composed: Copy with GPU GDI,25074.2536,NA,16.66680000000000,16.68650000000000,0.00000000000000,6.94380000000000,25.1987,25057.5868,16.6668,16.6668,0.0000,16.5335,7.0771,7.0771,0.0000,-0.0257,25057.5868,NA
parkey.exe,39100,0x0,Other,-1,0,0,Composed: Copy with GPU GDI,25090.9813,NA,16.72770000000000,8.97510000000000,0.00000000000000,6.16480000000000,17.4461,25074.2536,16.7277,16.7277,0.0000,16.5878,6.3047,6.3047,0.0000,7.6917,25074.2536,NA
parkey.exe,39100,0x0,Other,-1,0,0,Composed: Copy with GPU GDI,25107.6151,NA,16.63380000000000,24.38060000000000,0.00000000000000,6.16210000000000,25.1929,25090.9813,16.6338,16.6338,0.0000,16.4984,6.2975,6.2975,0.0000,-7.6529,25090.9813,NA
parkey.exe,39100,0x0,Other,-1,0,0,Composed: Copy with GPU GDI,25124.2036,NA,16.58850000000000,16.68320000000000,0.00000000000000,6.29880000000000,25.2876,25107.6151,16.5885,16.5885,0.0000,16.4793,6.4080,6.4080,0.0000,-0.0494,25107.6151,NA
parkey.exe,39100,0x0,Other,-1,0,0,Composed: Copy with GPU GDI,25140.9708,NA,16.76720000000000,16.67890000000000,0.00000000000000,6.19770000000000,25.1993,25124.2036,16.7672,16.7672,0.0000,16.6397,6.3252,6.3252,0.0000,-0.0904,25124.2036,NA
parkey.exe,39100,0x0,Other,-1,0,0,Composed: Copy with GPU GDI,25158.1347,NA,17.16390000000000,16.67820000000000,0.00000000000000,6.19460000000000,24.7136,25140.9708,17.1639,17.1639,0.0000,16.9802,6.3783,6.3783,0.0000,0.0890,25140.9708,NA
parkey.exe,39100,0x0,Other,-1,0,0,Composed: Copy with GPU GDI,25174.9184,NA,16.78370000000000,16.68550000000000,0.00000000000000,6.13960000000000,24.6154,25158.1347,16.7837,16.7837,0.0000,16.5947,6.3286,6.3286,0.0000,0.4784,25158.1347,NA
parkey.exe,39100,0x0,Other,-1,0,0,Composed: Copy with GPU GDI,25191.5063,NA,16.58790000000000,16.67240000000000,0.00000000000000,7.44000000000000,24.6999,25174.9184,16.5879,16.5879,0.0000,16.4231,7.6048,7.6048,0.0000,0.1113,25174.9184,NA
parkey.exe,39100,0x0,Other,-1,0,0,Composed: Copy with GPU GDI,25208.2841,NA,16.77780000000000,16.68290000000000,0.00000000000000,5.98680000000000,24.6050,25191.5063,16.7778,16.7778,0.0000,16.4814,6.2832,6.2832,0.0000,-0.0950,25191.5063,NA
parkey.exe,39100,0x0,Other,-1,0,0,Composed: Copy with GPU GDI,25225.0542,NA,16.77010000000000,16.67950000000000,0.00000000000000,6.08650000000000,24.5144,25208.2841,16.7701,16.7701,0.0000,16.5734,6.2832,6.2832,0.0000,0.0983,25208.2841,NA
parkey.exe,39100,0x0,Other,-1,0,0,Composed: Copy with GPU GDI,25241.6500,NA,16.59580000000000,16.67990000000000,0.00000000000000,6.16110000000000,24.5985,25225.0542,16.5958,16.5958,0.0000,16.4076,6.3493,6.3493,0.0000,0.0902,25225.0542,NA
parkey.exe,39100,0x0,Other,-1,0,0,Composed: Copy with GPU GDI,25257.8896,NA,16.23960000000000,16.67970000000000,0.00000000000000,6.16730000000000,25.0386,25241.6500,16.2396,16.2396,0.0000,16.0937,6.3132,6.3132,0.0000,-0.0839,25241.6500,NA
parkey.exe,39100,0x0,Other,-1,0,0,Composed: Copy with GPU GDI,25274.4060,NA,16.51640000000000,16.68150000000000,0.00000000000000,7.46500000000000,25.2037,25257.8896,16.5164,16.5164,0.0000,16.3806,7.6008,7.6008,0.0000,-0.4419,25257.8896,NA
parkey.exe,39100,0x0,Other,-1,0,0,Composed: Copy with GPU GDI,25291.4222,NA,17.01620000000000,16.71110000000000,0.00000000000000,6.14880000000000,24.8986,25274.4060,17.0162,17.0162,0.0000,16.8641,6.3009,6.3009,0.0000,-0.1947,25274.4060,NA
parkey.exe,39100,0x0,Other,-1,0,0,Composed: Copy with GPU GDI,25307.8479,NA,16.42570000000000,16.65250000000000,0.00000000000000,6.18690000000000,25.1254,25291.4222,16.4257,16.4257,0.0000,16.2929,6.3197,6.3197,0.0000,0.3637,25291.4222,NA
parkey.exe,39100,0x0,Other,-1,0,0,Composed: Copy with GPU GDI,25324.4083,NA,16.56040000000000,16.67960000000000,0.00000000000000,6.51890000000000,25.2446,25307.8479,16.5604,16.5604,0.0000,16.4452,6.6341,6.6341,0.0000,-0.2539,25307.8479,NA
parkey.exe,39100,0x0,Other,-1,0,0,Composed: Copy with GPU GDI,25341.3327,NA,16.92440000000000,8.81640000000000,0.00000000000000,6.17290000000000,17.1366,25324.4083,16.9244,16.9244,0.0000,16.7690,6.3283,6.3283,0.0000,7.7440,25324.4083,NA
parkey.exe,39100,0x0,Other,-1,0,0,Composed: Copy with GPU GDI,25357.7525,NA,16.41980000000000,24.53970000000000,0.00000000000000,6.19380000000000,25.2565,25341.3327,16.4198,16.4198,0.0000,16.2745,6.3391,6.3391,0.0000,-7.6153,25341.3327,NA
parkey.exe,39100,0x0,Other,-1,0,0,Composed: Copy with GPU GDI,25374.4198,NA,16.66730000000000,16.67970000000000,0.00000000000000,6.19490000000000,25.2689,25357.7525,16.6673,16.6673,0.0000,16.5358,6.3264,6.3264,0.0000,-0.2599,25357.7525,NA
parkey.exe,39100,0x0,Other,-1,0,0,Composed: Copy with GPU GDI,25391.1583,NA,16.73850000000000,16.68170000000000,0.00000000000000,6.17360000000000,25.2121,25374.4198,16.7385,16.7385,0.0000,16.6014,6.3107,6.3107,0.0000,-0.0144,25374.4198,NA
parkey.exe,39100,0x0,Other,-1,0,0,Composed: Copy with GPU GDI,25407.7756,NA,16.61730000000000,16.68220000000000,0.00000000000000,6.51410000000000,25.2770,25391.1583,16.6173,16.6173,0.0000,16.5176,6.6138,6.6138,0.0000,0.0563,25391.1583,NA
parkey.exe,39100,0x0,Other,-1,0,0,Composed: Copy with GPU GDI,25424.2720,NA,16.49640000000000,16.67970000000000,0.00000000000000,6.18580000000000,25.4603,25407.7756,16.4964,16.4964,0.0000,16.3867,6.2955,6.2955,0.0000,-0.0624,25407.7756,NA
parkey.exe,39100,0x0,Other,-1,0,0,Composed: Copy with GPU GDI,25441.2966,NA,17.02460000000000,16.69360000000000,0.00000000000000,6.12940000000000,25.1293,25424.2720,17.0246,17.0246,0.0000,16.8606,6.2934,6.2934,0.0000,-0.1972,25424.2720,NA
parkey.exe,39100,0x0,Other,-1,0,0,Composed: Copy with GPU GDI,25458.2015,NA,16.90490000000000,16.66570000000000,0.00000000000000,6.13030000000000,24.8901,25441.2966,16.9049,16.9049,0.0000,16.7348,6.3004,6.3004,0.0000,0.3589,25441.2966,NA
parkey.exe,39100,0x0,Other,-1,0,0,Composed: Copy with GPU GDI,25474.8604,NA,16.65890000000000,16.68120000000000,0.00000000000000,6.12080000000000,24.9124,25458.2015,16.6589,16.6589,0.0000,16.4729,6.3068,6.3068,0.0000,0.2237,25458.2015,NA
parkey.exe,39100,0x0,Other,-1,0,0,Composed: Copy with GPU GDI,25491.3016,NA,16.44120000000000,16.68020000000000,0.00000000000000,6.37310000000000,25.1514,25474.8604,16.4412,16.4412,0.0000,16.2948,6.5195,6.5195,0.0000,-0.0213,25474.8604,NA
parkey.exe,39100,0x0,Other,-1,0,0,Composed: Copy with GPU GDI,25507.7975,NA,16.49590000000000,16.67090000000000,0.00000000000000,6.19600000000000,25.3264,25491.3016,16.4959,16.4959,0.0000,16.3809,6.3110,6.3110,0.0000,-0.2297,25491.3016,NA
parkey.exe,39100,0x0,Other,-1,0,0,Composed: Copy with GPU GDI,25524.4841,NA,16.68660000000000,16.68780000000000,0.00000000000000,7.44590000000000,25.3276,25507.7975,16.6866,16.6866,0.0000,16.5550,7.5775,7.5775,0.0000,-0.1919,25507.7975,NA
parkey.exe,39100,0x0,Other,-1,0,0,Composed: Copy with GPU GDI,25541.0096,NA,16.52550000000000,16.68030000000000,0.00000000000000,6.19670000000000,25.4824,25524.4841,16.5255,16.5255,0.0000,16.4070,6.3152,6.3152,0.0000,0.0063,25524.4841,NA
parkey.exe,39100,0x0,Other,-1,0,0,Composed: Copy with GPU GDI,25557.5890,NA,16.57940000000000,16.68020000000000,0.00000000000000,6.20050000000000,25.5832,25541.0096,16.5794,16.5794,0.0000,16.4588,6.3211,6.3211,0.0000,-0.1547,25541.0096,NA
parkey.exe,39100,0x0,Other,-1,0,0,Composed: Copy with GPU GDI,25574.6284,NA,17.03940000000000,16.68280000000000,0.00000000000000,6.46030000000000,25.2266,25557.5890,17.0394,17.0394,0.0000,16.8949,6.6048,6.6048,0.0000,-0.1034,25557.5890,NA
parkey.exe,39100,0x0,Other,-1,0,0,Composed: Copy with GPU GDI,25590.9808,NA,16.35240000000000,16.67280000000000,0.00000000000000,6.16250000000000,25.5470,25574.6284,16.3524,16.3524,0.0000,16.2099,6.3050,6.3050,0.0000,0.3666,25574.6284,NA
parkey.exe,39100,0x0,Other,-1,0,0,Composed: Copy with GPU GDI,25607.9107,NA,16.92990000000000,16.69760000000000,0.00000000000000,7.45900000000000,25.3147,25590.9808,16.9299,16.9299,0.0000,16.7836,7.6053,7.6053,0.0000,-0.3452,25590.9808,NA
parkey.exe,39100,0x0,Other,-1,0,0,Composed: Copy with GPU GDI,25624.2984,NA,16.38770000000000,16.67050000000000,0.00000000000000,6.09250000000000,25.5975,25607.9107,16.3877,16.3877,0.0000,16.2665,6.2137,6.2137,0.0000,0.2594,25607.9107,NA
parkey.exe,39100,0x0,Other,-1,0,0,Composed: Copy with GPU GDI,25641.3641,NA,17.06570000000000,16.67870000000000,0.00000000000000,6.10340000000000,25.2105,25624.2984,17.0657,17.0657,0.0000,16.8917,6.2774,6.2774,0.0000,-0.2910,25624.2984,NA
parkey.exe,39100,0x0,Other,-1,0,0,Composed: Copy with GPU GDI,25657.6587,NA,16.29460000000000,16.67940000000000,0.00000000000000,7.91820000000000,25.5953,25641.3641,16.2946,16.2946,0.0000,16.1482,8.0646,8.0646,0.0000,0.3863,25641.3641,NA
parkey.exe,39100,0x0,Other,-1,0,0,Composed: Copy with GPU GDI,25674.6750,NA,17.01630000000000,16.69420000000000,0.00000000000000,6.17930000000000,25.2732,25657.6587,17.0163,17.0163,0.0000,16.8524,6.3432,6.3432,0.0000,-0.3996,25657.6587,NA
parkey.exe,39100,0x0,Other,-1,0,0,Composed: Copy with GPU GDI,25691.5858,NA,16.91080000000000,16.66420000000000,0.00000000000000,7.48570000000000,25.0266,25674.6750,16.9108,16.9108,0.0000,16.7259,7.6706,7.6706,0.0000,0.3521,25674.6750,NA
parkey.exe,39100,0x0,Other,-1,0,0,Composed: Copy with GPU GDI,25708.1584,NA,16.57260000000000,16.68310000000000,0.00000000000000,6.17730000000000,25.1371,25691.5858,16.5726,16.5726,0.0000,16.4057,6.3442,6.3442,0.0000,0.2277,25691.5858,NA
parkey.exe,39100,0x0,Other,-1,0,0,Composed: Copy with GPU GDI,25724.5485,NA,16.39010000000000,16.68970000000000,0.00000000000000,6.16390000000000,25.4367,25708.1584,16.3901,16.3901,0.0000,16.2499,6.3041,6.3041,0.0000,-0.1171,25708.1584,NA
parkey.exe,39100,0x0,Other,-1,0,0,Composed: Copy with GPU GDI,25741.1912,NA,16.64270000000000,16.66560000000000,0.00000000000000,6.17610000000000,25.4596,25724.5485,16.6427,16.6427,0.0000,16.5030,6.3158,6.3158,0.0000,-0.2755,25724.5485,NA
parkey.exe,39100,0x0,Other,-1,0,0,Composed: Copy with GPU GDI,25758.1011,NA,16.90990000000000,16.68810000000000,0.00000000000000,6.11340000000000,25.2378,25741.1912,16.9099,16.9099,0.0000,16.7272,6.2961,6.2961,0.0000,-0.0454,25741.1912,NA
parkey.exe,39100,0x0,Other,-1,0,0,Composed: Copy with GPU GDI,25774.2380,NA,16.13690000000000,16.67620000000000,0.00000000000000,7.53350000000000,25.7771,25758.1011,16.1369,16.1369,0.0000,16.0218,7.6486,7.6486,0.0000,0.2337,25758.1011,NA
parkey.exe,39100,0x0,Other,-1,0,0,Composed: Copy with GPU GDI,25791.0099,NA,16.77190000000000,16.69000000000000,0.00000000000000,6.06960000000000,25.6952,25774.2380,16.7719,16.7719,0.0000,16.6480,6.1935,6.1935,0.0000,-0.5531,25774.2380,NA
parkey.exe,39100,0x0,Other,-1,0,0,Composed: Copy with GPU GDI,25807.7668,NA,16.75690000000000,16.67760000000000,0.00000000000000,6.16230000000000,25.6159,25791.0099,16.7569,16.7569,0.0000,16.6334,6.2858,6.2858,0.0000,0.0943,25791.0099,NA
parkey.exe,39100,0x0,Other,-1,0,0,Composed: Copy with GPU GDI,25824.2900,NA,16.52320000000000,16.67800000000000,0.00000000000000,7.02210000000000,25.7707,25807.7668,16.5232,16.5232,0.0000,16.4058,7.1395,7.1395,0.0000,0.0789,25807.7668,NA
parkey.exe,39100,0x0,Other,-1,0,0,Composed: Copy with GPU GDI,25841.3597,NA,17.06970000000000,16.66820000000000,0.00000000000000,6.17310000000000,25.3692,25824.2900,17.0697,17.0697,0.0000,16.9214,6.3214,6.3214,0.0000,-0.1450,25824.2900,NA
parkey.exe,39100,0x0,Other,-1,0,0,Composed: Copy with GPU GDI,25857.9436,NA,16.58390000000000,16.68410000000000,0.00000000000000,7.50600000000000,25.4694,25841.3597,16.5839,16.5839,0.0000,16.4376,7.6523,7.6523,0.0000,0.3856,25841.3597,NA
parkey.exe,39100,0x0,Other,-1,0,0,Composed: Copy with GPU GDI,25874.4946,NA,16.55100000000000,16.68680000000000,0.00000000000000,6.05110000000000,25.6052,25857.9436,16.5510,16.5510,0.0000,16.3888,6.2133,6.2133,0.0000,-0.1029,25857.9436,NA
parkey.exe,39100,0x0,Other,-1,0,0,Composed: Copy with GPU GDI,25891.1144,NA,16.61980000000000,16.67300000000000,0.00000000000000,6.13270000000000,25.6584,25874.4946,16.6198,16.6198,0.0000,16.4467,6.3058,6.3058,0.0000,-0.1220,25874.4946,NA
parkey.exe,39100,0x0,Other,-1,0,0,Composed: Copy with GPU GDI,25907.7131,NA,16.59870000000000,16.68410000000000,0.00000000000000,6.95610000000000,25.7438,25891.1144,16.5987,16.5987,0.0000,16.4597,7.0951,7.0951,0.0000,-0.0643,25891.1144,NA
parkey.exe,39100,0x0,Other,-1,0,0,Composed: Copy with GPU GDI,25924.4008,NA,16.68770000000000,16.68110000000000,0.00000000000000,6.17440000000000,25.7372,25907.7131,16.6877,16.6877,0.0000,16.5606,6.3015,6.3015,0.0000,-0.0824,25907.7131,NA
parkey.exe,39100,0x0,Other,-1,0,0,Composed: Copy with GPU GDI,25941.0506,NA,16.64980000000000,16.67810000000000,0.00000000000000,6.22490000000000,25.7655,25924.4008,16.6498,16.6498,0.0000,16.5381,6.3366,6.3366,0.0000,0.0096,25924.4008,NA
parkey.exe,39100,0x0,Other,-1,0,0,Composed: Copy with GPU GDI,25957.6517,NA,16.60110000000000,16.68200000000000,0.00000000000000,6.10170000000000,25.8464,25941.0506,16.6011,16.6011,0.0000,16.4875,6.2153,6.2153,0.0000,-0.0322,25941.0506,NA
parkey.exe,39100,0x0,Other,-1,0,0,Composed: Copy with GPU GDI,25974.3702,NA,16.71850000000000,16.68190000000000,0.00000000000000,6.20580000000000,25.8098,25957.6517,16.7185,16.7185,0.0000,16.5880,6.3363,6.3363,0.0000,-0.0808,25957.6517,NA
parkey.exe,39100,0x0,Other,-1,0,0,Composed: Copy with GPU GDI,25991.1542,NA,16.78400000000000,16.67780000000000,0.00000000000000,6.87380000000000,25.7036,25974.3702,16.7840,16.7840,0.0000,16.6302,7.0276,7.0276,0.0000,0.0407,25974.3702,NA
parkey.exe,39100,0x0,Other,-1,0,0,Composed: Copy with GPU GDI,26007.6048,NA,16.45060000000000,16.67930000000000,0.00000000000000,6.19940000000000,25.9323,25991.1542,16.4506,16.4506,0.0000,16.3378,6.3122,6.3122,0.0000,0.1047,25991.1542,NA
parkey.exe,39100,0x0,Other,-1,0,0,Composed: Copy with GPU GDI,26024.4225,NA,16.81770000000000,16.68950000000000,0.00000000000000,7.42800000000000,25.8041,26007.6048,16.8177,16.8177,0.0000,16.6912,7.5545,7.5545,0.0000,-0.2389,26007.6048,NA
parkey.exe,39100,0x0,Other,-1,0,0,Composed: Copy with GPU GDI,26040.8833,NA,16.46080000000000,9.76490000000000,0.00000000000000,6.20430000000000,19.1082,26024.4225,16.4608,16.4608,0.0000,16.3220,6.3431,6.3431,0.0000,7.0528,26024.4225,NA
parkey.exe,39100,0x0,Other,-1,0,0,Composed: Copy with GPU GDI,26057.5638,NA,16.68050000000000,23.58240000000000,0.00000000000000,6.21370000000000,26.0101,26040.8833,16.6805,16.6805,0.0000,16.5671,6.3271,6.3271,0.0000,-7.1216,26040.8833,NA
parkey.exe,39100,0x0,Other,-1,0,0,Composed: Copy with GPU GDI,26074.2739,NA,16.71010000000000,16.68740000000000,0.00000000000000,7.11380000000000,25.9874,26057.5638,16.7101,16.7101,0.0000,16.6003,7.2236,7.2236,0.0000,-0.0069,26057.5638,NA
parkey.exe,39100,0x0,Other,-1,0,0,Composed: Copy with GPU GDI,26090.8789,NA,16.60500000000000,16.67270000000000,0.00000000000000,6.16790000000000,26.0551,26074.2739,16.6050,16.6050,0.0000,16.4893,6.2836,6.2836,0.0000,0.0374,26074.2739,NA
parkey.exe,39100,0x0,Other,-1,0,0,Composed: Copy with GPU GDI,26107.4992,NA,16.62030000000000,16.68360000000000,0.00000000000000,7.66360000000000,26.1184,26090.8789,16.6203,16.6203,0.0000,16.4875,7.7964,7.7964,0.0000,-0.0786,26090.8789,NA
parkey.exe,39100,0x0,Other,-1,0,0,Composed: Copy with GPU GDI,26124.4623,NA,16.96310000000000,16.70150000000000,0.00000000000000,6.07680000000000,25.8568,26107.4992,16.9631,16.9631,0.0000,16.8257,6.2142,6.2142,0.0000,-0.0812,26107.4992,NA
parkey.exe,39100,0x0,Other,-1,0,0,Composed: Copy with GPU GDI,26141.3336,NA,16.87130000000000,16.66160000000000,0.00000000000000,6.12370000000000,25.6471,26124.4623,16.8713,16.8713,0.0000,16.6614,6.3336,6.3336,0.0000,0.3015,26124.4623,NA
parkey.exe,39100,0x0,Other,-1,0,0,Composed: Copy with GPU GDI,26157.9997,NA,16.66610000000000,16.67600000000000,0.00000000000000,6.47980000000000,25.6570,26141.3336,16.6661,16.6661,0.0000,16.5098,6.6361,6.6361,0.0000,0.1953,26141.3336,NA
parkey.exe,39100,0x0,Other,-1,0,0,Composed: Copy with GPU GDI,26174.5994,NA,16.59970000000000,16.67910000000000,0.00000000000000,5.97950000000000,25.7364,26157.9997,16.5997,16.5997,0.0000,16.2257,6.3535,6.3535,0.0000,-0.0130,26157.9997,NA
parkey.exe,39100,0x0,Other,-1,0,0,Composed: Copy with GPU GDI,26190.9846,NA,16.38520000000000,16.68030000000000,0.00000000000000,7.53550000000000,26.0315,26174.5994,16.3852,16.3852,0.0000,16.2696,7.6511,7.6511,0.0000,-0.0806,26174.5994,NA
parkey.exe,39100,0x0,Other,-1,0,0,Composed: Copy with GPU GDI,26207.6034,NA,16.61880000000000,9.66800000000000,0.00000000000000,6.09830000000000,19.0807,26190.9846,16.6188,16.6188,0.0000,16.5062,6.2109,6.2109,0.0000,6.7172,26190.9846,NA
parkey.exe,39100,0x0,Other,-1,0,0,Composed: Copy with GPU GDI,26224.2672,NA,16.66380000000000,23.69640000000000,0.00000000000000,6.21180000000000,26.1133,26207.6034,16.6638,16.6638,0.0000,16.5487,6.3269,6.3269,0.0000,-7.0776,26207.6034,NA
parkey.exe,39100,0x0,Other,-1,0,0,Composed: Copy with GPU GDI,26240.8917,NA,16.62450000000000,16.67990000000000,0.00000000000000,6.21390000000000,26.1687,26224.2672,16.6245,16.6245,0.0000,16.5152,6.3232,6.3232,0.0000,-0.0161,26224.2672,NA
parkey.exe,39100,0x0,Other,-1,0,0,Composed: Copy with GPU GDI,26257.5631,NA,16.67140000000000,16.67960000000000,0.00000000000000,6.20770000000000,26.1769,26240.8917,16.6714,16.6714,0.0000,16.5546,6.3245,6.3245,0.0000,-0.0551,26240.8917,NA
parkey.exe,39100,0x0,Other,-1,0,0,Composed: Copy with GPU GDI,26274.1635,NA,16.60040000000000,16.69400000000000,0.00000000000000,7.67540000000000,26.2705,26257.5631,16.6004,16.6004,0.0000,16.4912,7.7846,7.7846,0.0000,-0.0226,26257.5631,NA
parkey.exe,39100,0x0,Other,-1,0,0,Composed: Copy with GPU GDI,26290.9558,NA,16.79230000000000,9.59460000000000,0.00000000000000,6.08800000000000,19.0728,26274.1635,16.7923,16.7923,0.0000,16.6635,6.2168,6.2168,0.0000,7.0058,26274.1635,NA
parkey.exe,39100,0x0,Other,-1,0,0,Composed: Copy with GPU GDI,26307.9479,NA,16.99210000000000,23.75310000000000,0.00000000000000,6.14160000000000,25.8338,26290.9558,16.9921,16.9921,0.0000,16.8397,6.2940,6.2940,0.0000,-6.9608,26290.9558,NA
parkey.exe,39100,0x0,Other,-1,0,0,Composed: Copy with GPU GDI,26324.2937,NA,16.34580000000000,16.68150000000000,0.00000000000000,7.08210000000000,26.1695,26307.9479,16.3458,16.3458,0.0000,16.2070,7.2209,7.2209,0.0000,0.3106,26307.9479,NA
parkey.exe,39100,0x0,Other,-1,0,0,Composed: Copy with GPU GDI,26340.8777,NA,16.58400000000000,16.67630000000000,0.00000000000000,6.19340000000000,26.2618,26324.2937,16.5840,16.5840,0.0000,16.4717,6.3057,6.3057,0.0000,-0.3305,26324.2937,NA
parkey.exe,39100,0x0,Other,-1,0,0,Composed: Copy with GPU GDI,26357.7067,NA,16.82900000000000,16.68310000000000,0.00000000000000,7.50750000000000,26.1159,26340.8777,16.8290,16.8290,0.0000,16.6936,7.6429,7.6429,0.0000,-0.0991,26340.8777,NA
parkey.exe,39100,0x0,Other,-1,0,0,Composed: Copy with GPU GDI,26374.6856,NA,16.97890000000000,9.54370000000000,0.00000000000000,6.02770000000000,18.6807,26357.7067,16.9789,16.9789,0.0000,16.8219,6.1847,6.1847,0.0000,7.2853,26357.7067,NA
parkey.exe,39100,0x0,Other,-1,0,0,Composed: Copy with GPU GDI,26391.0289,NA,16.34330000000000,23.82030000000000,0.00000000000000,6.20900000000000,26.1577,26374.6856,16.3433,16.3433,0.0000,16.2150,6.3373,6.3373,0.0000,-6.8414,26374.6856,NA
parkey.exe,39100,0x0,Other,-1,0,0,Composed: Copy with GPU GDI,26407.7793,NA,16.75040000000000,16.67100000000000,0.00000000000000,7.05710000000000,26.0783,26391.0289,16.7504,16.7504,0.0000,16.6243,7.1832,7.1832,0.0000,-0.3277,26391.0289,NA
parkey.exe,39100,0x0,Other,-1,0,0,Composed: Copy with GPU GDI,26424.2669,NA,16.48760000000000,16.68240000000000,0.00000000000000,6.20330000000000,26.2731,26407.7793,16.4876,16.4876,0.0000,16.3758,6.3151,6.3151,0.0000,0.0680,26407.7793,NA
parkey.exe,39100,0x0,Other,-1,0,0,Composed: Copy with GPU GDI,26440.8779,NA,16.61100000000000,16.68300000000000,0.00000000000000,6.20000000000000,26.3451,26424.2669,16.6110,16.6110,0.0000,16.5038,6.3072,6.3072,0.0000,-0.1954,26424.2669,NA
parkey.exe,39100,0x0,Other,-1,0,0,Composed: Copy with GPU GDI,26457.5584,NA,16.68050000000000,9.49730000000000,0.00000000000000,6.42850000000000,19.1619,26440.8779,16.6805,16.6805,0.0000,16.5696,6.5394,6.5394,0.0000,7.1137,26440.8779,NA
parkey.exe,39100,0x0,Other,-1,0,0,Composed: Copy with GPU GDI,26474.2093,NA,16.65090000000000,23.87870000000000,0.00000000000000,6.20900000000000,26.3897,26457.5584,16.6509,16.6509,0.0000,16.5426,6.3173,6.3173,0.0000,-7.1982,26457.5584,NA
parkey.exe,39100,0x0,Other,-1,0,0,Composed: Copy with GPU GDI,26490.8770,NA,16.66770000000000,16.67110000000000,0.00000000000000,7.46810000000000,26.3931,26474.2093,16.6677,16.6677,0.0000,16.5574,7.5784,7.5784,0.0000,-0.0202,26474.2093,NA
parkey.exe,39100,0x0,Other,-1,0,0,Composed: Copy with GPU GDI,26507.8198,NA,16.94280000000000,16.67360000000000,0.00000000000000,6.15640000000000,26.1239,26490.8770,16.9428,16.9428,0.0000,16.8097,6.2895,6.2895,0.0000,-0.0059,26490.8770,NA
parkey.exe,39100,0x0,Other,-1,0,0,Composed: Copy with GPU GDI,26524.2714,NA,16.45160000000000,16.68240000000000,0.00000000000000,7.64130000000000,26.3547,26507.8198,16.4516,16.4516,0.0000,16.3447,7.7482,7.7482,0.0000,0.2604,26507.8198,NA
parkey.exe,39100,0x0,Other,-1,0,0,Composed: Copy with GPU GDI,26541.0804,NA,16.80900000000000,9.43280000000000,0.00000000000000,6.20340000000000,18.9785,26524.2714,16.8090,16.8090,0.0000,16.6729,6.3395,6.3395,0.0000,7.0188,26524.2714,NA
parkey.exe,39100,0x0,Other,-1,0,0,Composed: Copy with GPU GDI,26557.5289,NA,16.44850000000000,23.92490000000000,0.00000000000000,6.22400000000000,26.4549,26541.0804,16.4485,16.4485,0.0000,16.3410,6.3315,6.3315,0.0000,-7.1159,26541.0804,NA
parkey.exe,39100,0x0,Other,-1,0,0,Composed: Copy with GPU GDI,26574.2658,NA,16.73690000000000,16.68370000000000,0.00000000000000,7.50800000000000,26.4017,26557.5289,16.7369,16.7369,0.0000,16.6200,7.6249,7.6249,0.0000,-0.2352,26557.5289,NA
parkey.exe,39100,0x0,Other,-1,0,0,Composed: Copy with GPU GDI,26591.1053,NA,16.83950000000000,16.67190000000000,0.00000000000000,6.18500000000000,26.2341,26574.2658,16.8395,16.8395,0.0000,16.7124,6.3121,6.3121,0.0000,0.0650,26574.2658,NA
parkey.exe,39100,0x0,Other,-1,0,0,Composed: Copy with GPU GDI,26607.5273,NA,16.42200000000000,16.68620000000000,0.00000000000000,7.57810000000000,26.4983,26591.1053,16.4220,16.4220,0.0000,16.3160,7.6841,7.6841,0.0000,0.1533,26591.1053,NA
parkey.exe,39100,0x0,Other,-1,0,0,Composed: Copy with GPU GDI,26624.2999,NA,16.77260000000000,16.67510000000000,0.00000000000000,6.08560000000000,26.4008,26607.5273,16.7726,16.7726,0.0000,16.6291,6.2291,6.2291,0.0000,-0.2531,26607.5273,NA
parkey.exe,39100,0x0,Other,-1,0,0,Composed: Copy with GPU GDI,26640.9725,NA,16.67260000000000,16.68100000000000,0.00000000000000,6.17290000000000,26.4092,26624.2999,16.6726,16.6726,0.0000,16.5409,6.3046,6.3046,0.0000,0.0916,26624.2999,NA
parkey.exe,39100,0x0,Other,-1,0,0,Composed: Copy with GPU GDI,26657.6091,NA,16.63660000000000,16.68440000000000,0.00000000000000,7.17500000000000,26.4570,26640.9725,16.6366,16.6366,0.0000,16.5170,7.2946,7.2946,0.0000,-0.0118,26640.9725,NA
parkey.exe,39100,0x0,Other,-1,0,0,Composed: Copy with GPU GDI,26674.3116,NA,16.70250000000000,16.68220000000000,0.00000000000000,6.09740000000000,26.4367,26657.6091,16.7025,16.7025,0.0000,16.5812,6.2187,6.2187,0.0000,-0.0456,26657.6091,NA
parkey.exe,39100,0x0,Other,-1,0,0,Composed: Copy with GPU GDI,26690.9990,NA,16.68740000000000,16.67790000000000,0.00000000000000,7.61910000000000,26.4272,26674.3116,16.6874,16.6874,0.0000,16.5622,7.7443,7.7443,0.0000,0.0246,26674.3116,NA
parkey.exe,39100,0x0,Other,-1,0,0,Composed: Copy with GPU GDI,26707.6108,NA,16.61180000000000,9.33670000000000,0.00000000000000,6.39490000000000,19.1521,26690.9990,16.6118,16.6118,0.0000,16.4866,6.5201,6.5201,0.0000,7.3507,26690.9990,NA
parkey.exe,39100,0x0,Other,-1,0,0,Composed: Copy with GPU GDI,26724.1939,NA,16.58310000000000,24.03540000000000,0.00000000000000,6.22540000000000,26.6044,26707.6108,16.5831,16.5831,0.0000,16.4839,6.3246,6.3246,0.0000,-7.4236,26707.6108,NA
parkey.exe,39100,0x0,Other,-1,0,0,Composed: Copy with GPU GDI,26740.9296,NA,16.73570000000000,16.66890000000000,0.00000000000000,6.18710000000000,26.5376,26724.1939,16.7357,16.7357,0.0000,16.5979,6.3249,6.3249,0.0000,-0.0858,26724.1939,NA
parkey.exe,39100,0x0,Other,-1,0,0,Composed: Copy with GPU GDI,26757.5147,NA,16.58510000000000,16.67700000000000,0.00000000000000,6.19610000000000,26.6295,26740.9296,16.5851,16.5851,0.0000,16.4725,6.3087,6.3087,0.0000,0.0587,26740.9296,NA
parkey.exe,39100,0x0,Other,-1,0,0,Composed: Copy with GPU GDI,26774.2739,NA,16.75920000000000,16.68400000000000,0.00000000000000,7.63820000000000,26.5543,26757.5147,16.7592,16.7592,0.0000,16.6321,7.7653,7.7653,0.0000,-0.0989,26757.5147,NA
parkey.exe,39100,0x0,Other,-1,0,0,Composed: Copy with GPU GDI,26791.1289,NA,16.85500000000000,9.28530000000000,0.00000000000000,6.11000000000000,18.9846,26774.2739,16.8550,16.8550,0.0000,16.7384,6.2266,6.2266,0.0000,7.4739,26774.2739,NA
parkey.exe,39100,0x0,Other,-1,0,0,Composed: Copy with GPU GDI,26807.7259,NA,16.59700000000000,24.07360000000000,0.00000000000000,6.19540000000000,26.4612,26791.1289,16.5970,16.5970,0.0000,16.4651,6.3273,6.3273,0.0000,-7.2186,26791.1289,NA
parkey.exe,39100,0x0,Other,-1,0,0,Composed: Copy with GPU GDI,26824.2994,NA,16.57350000000000,16.68300000000000,0.00000000000000,7.48700000000000,26.5707,26807.7259,16.5735,16.5735,0.0000,16.4461,7.6144,7.6144,0.0000,-0.0860,26807.7259,NA
parkey.exe,39100,0x0,Other,-1,0,0,Composed: Copy with GPU GDI,26840.8893,NA,16.58990000000000,7.87610000000000,0.00000000000000,7.09250000000000,17.8569,26824.2994,16.5899,16.5899,0.0000,16.4693,7.2131,7.2131,0.0000,8.6974,26824.2994,NA
parkey.exe,39100,0x0,Other,-1,0,0,Composed: Copy with GPU GDI,26857.8708,NA,16.98150000000000,25.48270000000000,0.00000000000000,8.30770000000000,26.3581,26840.8893,16.9815,16.9815,0.0000,16.8400,8.4492,8.4492,0.0000,-8.8928,26840.8893,NA
parkey.exe,39100,0x0,Other,-1,0,0,Composed: Copy with GPU GDI,26874.6447,NA,16.77390000000000,9.24060000000000,0.00000000000000,6.01130000000000,18.8248,26857.8708,16.7739,16.7739,0.0000,16.5893,6.1959,6.1959,0.0000,7.7409,26857.8708,NA
parkey.exe,39100,0x0,Other,-1,0,0,Composed: Copy with GPU GDI,26891.2550,NA,16.61030000000000,24.11890000000000,0.00000000000000,6.13090000000000,26.3334,26874.6447,16.6103,16.6103,0.0000,16.4345,6.3067,6.3067,0.0000,-7.3450,26874.6447,NA
parkey.exe,39100,0x0,Other,-1,0,0,Composed: Copy with GPU GDI,26907.6315,NA,16.37650000000000,16.68040000000000,0.00000000000000,7.51200000000000,26.6373,26891.2550,16.3765,16.3765,0.0000,16.2613,7.6272,7.6272,0.0000,-0.0701,26891.2550,NA
parkey.exe,39100,0x0,Other,-1,0,0,Composed: Copy with GPU GDI,26924.3304,NA,16.69890000000000,16.68030000000000,0.00000000000000,6.16290000000000,26.6187,26907.6315,16.6989,16.6989,0.0000,16.5641,6.2977,6.2977,0.0000,-0.3038,26907.6315,NA
parkey.exe,39100,0x0,Other,-1,0,0,Composed: Copy with GPU GDI,26940.8107,NA,16.48030000000000,16.68540000000000,0.00000000000000,6.22900000000000,26.8238,26924.3304,16.4803,16.4803,0.0000,16.3699,6.3394,6.3394,0.0000,0.0135,26924.3304,NA
parkey.exe,39100,0x0,Other,-1,0,0,Composed: Copy with GPU GDI,26957.7567,NA,16.94600000000000,9.17260000000000,0.00000000000000,6.45500000000000,19.0504,26940.8107,16.9460,16.9460,0.0000,16.8374,6.5636,6.5636,0.0000,7.3077,26940.8107,NA
parkey.exe,39100,0x0,Other,-1,0,0,Composed: Copy with GPU GDI,26974.1875,NA,16.43080000000000,24.18310000000000,0.00000000000000,6.21260000000000,26.8027,26957.7567,16.4308,16.4308,0.0000,16.3238,6.3196,6.3196,0.0000,-7.2371,26957.7567,NA
parkey.exe,39100,0x0,Other,-1,0,0,Composed: Copy with GPU GDI,26990.9203,NA,16.73280000000000,16.67860000000000,0.00000000000000,7.49030000000000,26.7485,26974.1875,16.7328,16.7328,0.0000,16.6257,7.5974,7.5974,0.0000,-0.2478,26974.1875,NA
parkey.exe,39100,0x0,Other,-1,0,0,Composed: Copy with GPU GDI,27007.4677,NA,16.54740000000000,16.68170000000000,0.00000000000000,6.19010000000000,26.8828,26990.9203,16.5474,16.5474,0.0000,16.4426,6.2949,6.2949,0.0000,0.0511,26990.9203,NA
parkey.exe,39100,0x0,Other,-1,0,0,Composed: Copy with GPU GDI,27024.4208,NA,16.95310000000000,16.68030000000000,0.00000000000000,7.58160000000000,26.6100,27007.4677,16.9531,16.9531,0.0000,16.8144,7.7203,7.7203,0.0000,-0.1329,27007.4677,NA
parkey.exe,39100,0x0,Other,-1,0,0,Composed: Copy with GPU GDI,27040.9807,NA,16.55990000000000,9.14150000000000,0.00000000000000,6.24120000000000,19.1916,27024.4208,16.5599,16.5599,0.0000,16.4458,6.3553,6.3553,0.0000,7.8116,27024.4208,NA
parkey.exe,39100,0x0,Other,-1,0,0,Composed: Copy with GPU GDI,27057.5657,NA,16.58500000000000,24.21880000000000,0.00000000000000,6.20870000000000,26.8254,27040.9807,16.5850,16.5850,0.0000,16.4752,6.3185,6.3185,0.0000,-7.6589,27040.9807,NA
parkey.exe,39100,0x0,Other,-1,0,0,Composed: Copy with GPU GDI,27074.2720,NA,16.70630000000000,16.67650000000000,0.00000000000000,7.51330000000000,26.7956,27057.5657,16.7063,16.7063,0.0000,16.5843,7.6353,7.6353,0.0000,-0.0915,27057.5657,NA
parkey.exe,39100,0x0,Other,-1,0,0,Composed: Copy with GPU GDI,27091.0180,NA,16.74600000000000,16.68400000000000,0.00000000000000,6.24260000000000,26.7336,27074.2720,16.7460,16.7460,0.0000,16.6215,6.3671,6.3671,0.0000,0.0223,27074.2720,NA
parkey.exe,39100,0x0,Other,-1,0,0,Composed: Copy with GPU GDI,27107.5353,NA,16.51730000000000,16.67930000000000,0.00000000000000,7.62980000000000,26.8956,27091.0180,16.5173,16.5173,0.0000,16.3790,7.7681,7.7681,0.0000,0.0667,27091.0180,NA
parkey.exe,39100,0x0,Other,-1,0,0,Composed: Copy with GPU GDI,27124.1593,NA,16.62400000000000,16.68410000000000,0.00000000000000,6.89020000000000,26.9557,27107.5353,16.6240,16.6240,0.0000,16.5090,7.0052,7.0052,0.0000,-0.1668,27107.5353,NA
parkey.exe,39100,0x0,Other,-1,0,0,Composed: Copy with GPU GDI,27141.3159,NA,17.15660000000000,16.68070000000000,0.00000000000000,6.16060000000000,26.4798,27124.1593,17.1566,17.1566,0.0000,16.9844,6.3328,6.3328,0.0000,-0.0567,27124.1593,NA
parkey.exe,39100,0x0,Other,-1,0,0,Composed: Copy with GPU GDI,27158.1877,NA,16.87180000000000,16.69090000000000,0.00000000000000,8.65170000000000,26.2989,27141.3159,16.8718,16.8718,0.0000,16.6841,8.8394,8.8394,0.0000,0.4657,27141.3159,NA
parkey.exe,39100,0x0,Other,-1,0,0,Composed: Copy with GPU GDI,27174.9164,NA,16.72870000000000,16.66960000000000,0.00000000000000,6.13920000000000,26.2398,27158.1877,16.7287,16.7287,0.0000,16.5387,6.3292,6.3292,0.0000,0.2022,27158.1877,NA
parkey.exe,39100,0x0,Other,-1,0,0,Composed: Copy with GPU GDI,27191.6062,NA,16.68980000000000,16.69140000000000,0.00000000000000,7.42510000000000,26.2414,27174.9164,16.6898,16.6898,0.0000,16.4904,7.6245,7.6245,0.0000,0.0373,27174.9164,NA
parkey.exe,39100,0x0,Other,-1,0,0,Composed: Copy with GPU GDI,27208.2885,NA,16.68230000000000,16.67030000000000,0.00000000000000,6.35830000000000,26.2294,27191.6062,16.6823,16.6823,0.0000,16.4892,6.5514,6.5514,0.0000,0.0195,27191.6062,NA
parkey.exe,39100,0x0,Other,-1,0,0,Composed: Copy with GPU GDI,27225.0308,NA,16.74230000000000,16.68230000000000,0.00000000000000,7.53520000000000,26.1694,27208.2885,16.7423,16.7423,0.0000,16.5417,7.7358,7.7358,0.0000,0.0000,27208.2885,NA
parkey.exe,39100,0x0,Other,-1,0,0,Composed: Copy with GPU GDI,27241.7776,NA,16.74680000000000,16.68190000000000,0.00000000000000,7.74180000000000,26.1045,27225.0308,16.7468,16.7468,0.0000,16.5940,7.8946,7.8946,0.0000,0.0604,27225.0308,NA
parkey.exe,39100,0x0,Other,-1,0,0,Composed: Copy with GPU GDI,27258.3277,NA,16.55010000000000,16.67580000000000,0.00000000000000,6.12960000000000,26.2302,27241.7776,16.5501,16.5501,0.0000,16.3599,6.3198,6.3198,0.0000,0.0710,27241.7776,NA
parkey.exe,39100,0x0,Other,-1,0,0,Composed: Copy with GPU GDI,27274.8875,NA,16.55980000000000,16.68080000000000,0.00000000000000,7.47810000000000,26.3512,27258.3277,16.5598,16.5598,0.0000,16.3736,7.6643,7.6643,0.0000,-0.1307,27258.3277,NA
parkey.exe,39100,0x0,Other,-1,0,0,Composed: Copy with GPU GDI,27291.2179,NA,16.33040000000000,8.97650000000000,0.00000000000000,6.06930000000000,18.9973,27274.8875,16.3304,16.3304,0.0000,16.1760,6.2237,6.2237,0.0000,7.5833,27274.8875,NA
parkey.exe,39100,0x0,Other,-1,0,0,Composed: Copy with GPU GDI,27308.1361,NA,16.91820000000000,24.37160000000000,0.00000000000000,6.16730000000000,26.4507,27291.2179,16.9182,16.9182,0.0000,16.7687,6.3168,6.3168,0.0000,-8.0412,27291.2179,NA
parkey.exe,39100,0x0,Other,-1,0,0,Composed: Copy with GPU GDI,27324.4239,NA,16.28780000000000,16.68620000000000,0.00000000000000,8.61080000000000,26.8491,27308.1361,16.2878,16.2878,0.0000,16.1513,8.7473,8.7473,0.0000,0.2320,27308.1361,NA
parkey.exe,39100,0x0,Other,-1,0,0,Composed: Copy with GPU GDI,27341.0761,NA,16.65220000000000,16.67960000000000,0.00000000000000,6.18570000000000,26.8765,27324.4239,16.6522,16.6522,0.0000,16.5305,6.3074,6.3074,0.0000,-0.3918,27324.4239,NA
parkey.exe,39100,0x0,Other,-1,0,0,Composed: Copy with GPU GDI,27357.5753,NA,16.49920000000000,16.69530000000000,0.00000000000000,7.69350000000000,27.0726,27341.0761,16.4992,16.4992,0.0000,16.3806,7.8121,7.8121,0.0000,-0.0431,27341.0761,NA
parkey.exe,39100,0x0,Other,-1,0,0,Composed: Copy with GPU GDI,27374.4241,NA,16.84880000000000,16.66020000000000,0.00000000000000,6.81280000000000,26.8840,27357.5753,16.8488,16.8488,0.0000,16.6497,7.0119,7.0119,0.0000,-0.1610,27357.5753,NA
parkey.exe,39100,0x0,Other,-1,0,0,Composed: Copy with GPU GDI,27391.2573,NA,16.83320000000000,16.68330000000000,0.00000000000000,7.47340000000000,26.7341,27374.4241,16.8332,16.8332,0.0000,16.6659,7.6407,7.6407,0.0000,0.1655,27374.4241,NA
parkey.exe,39100,0x0,Other,-1,0,0,Composed: Copy with GPU GDI,27407.6112,NA,16.35390000000000,16.69220000000000,0.00000000000000,8.58310000000000,27.0724,27391.2573,16.3539,16.3539,0.0000,16.2312,8.7058,8.7058,0.0000,0.1410,27391.2573,NA
parkey.exe,39100,0x0,Other,-1,0,0,Composed: Copy with GPU GDI,27424.2629,NA,16.65170000000000,16.67550000000000,0.00000000000000,6.19500000000000,27.0962,27407.6112,16.6517,16.6517,0.0000,16.5298,6.3169,6.3169,0.0000,-0.3216,27407.6112,NA
parkey.exe,39100,0x0,Other,-1,0,0,Composed: Copy with GPU GDI,27440.9801,NA,16.71720000000000,16.67650000000000,0.00000000000000,6.27990000000000,27.0555,27424.2629,16.7172,16.7172,0.0000,16.5934,6.4037,6.3854,0.0183,-0.0248,27424.2629,NA
parkey.exe,39100,0x0,Other,-1,0,0,Composed: Copy with GPU GDI,27457.9152,NA,16.93510000000000,16.68230000000000,0.00000000000000,6.38870000000000,26.8027,27440.9801,16.9351,16.9351,0.0000,16.7915,6.5323,6.5323,0.0000,0.0349,27440.9801,NA
parkey.exe,39100,0x0,Other,-1,0,0,Composed: Copy with GPU GDI,27474.6221,NA,16.70690000000000,16.68100000000000,0.00000000000000,7.62690000000000,26.7768,27457.9152,16.7069,16.7069,0.0000,16.5419,7.7919,7.7919,0.0000,0.2541,27457.9152,NA
parkey.exe,39100,0x0,Other,-1,0,0,Composed: Copy with GPU GDI,27491.3569,NA,16.73480000000000,16.67960000000000,0.00000000000000,8.58700000000000,26.7216,27474.6221,16.7348,16.7348,0.0000,16.5657,8.7561,8.7561,0.0000,0.0273,27474.6221,NA
parkey.exe,39100,0x0,Other,-1,0,0,Composed: Copy with GPU GDI,27508.2332,NA,16.87630000000000,16.67920000000000,0.00000000000000,6.11730000000000,26.5245,27491.3569,16.8763,16.8763,0.0000,16.6873,6.3063,6.3063,0.0000,0.0556,27491.3569,NA
parkey.exe,39100,0x0,Other,-1,0,0,Composed: Copy with GPU GDI,27524.7357,NA,16.50250000000000,16.68000000000000,0.00000000000000,7.45280000000000,26.7020,27508.2332,16.5025,16.5025,0.0000,16.3351,7.6202,7.6202,0.0000,0.1963,27508.2332,NA
parkey.exe,39100,0x0,Other,-1,0,0,Composed: Copy with GPU GDI,27540.8996,NA,16.16390000000000,8.82050000000000,0.00000000000000,6.08270000000000,19.3586,27524.7357,16.1639,16.1639,0.0000,16.0370,6.2096,6.2096,0.0000,7.6820,27524.7357,NA
parkey.exe,39100,0x0,Other,-1,0,0,Composed: Copy with GPU GDI,27557.6508,NA,16.75120000000000,24.54330000000000,0.00000000000000,6.22630000000000,27.1507,27540.8996,16.7512,16.7512,0.0000,16.6341,6.3434,6.3434,0.0000,-8.3794,27540.8996,NA
parkey.exe,39100,0x0,Other,-1,0,0,Composed: Copy with GPU GDI,27574.3386,NA,16.68780000000000,16.67780000000000,0.00000000000000,8.64250000000000,27.1407,27557.6508,16.6878,16.6878,0.0000,16.5623,8.7680,8.7680,0.0000,0.0734,27557.6508,NA
parkey.exe,39100,0x0,Other,-1,0,0,Composed: Copy with GPU GDI,27590.9378,NA,16.59920000000000,16.68140000000000,0.00000000000000,6.20990000000000,27.2229,27574.3386,16.5992,16.5992,0.0000,16.4832,6.3259,6.3259,0.0000,0.0064,27574.3386,NA
parkey.exe,39100,0x0,Other,-1,0,0,Composed: Copy with GPU GDI,27607.5550,NA,16.61720000000000,16.67720000000000,0.00000000000000,7.59830000000000,27.2829,27590.9378,16.6172,16.6172,0.0000,16.5065,7.7090,7.7090,0.0000,-0.0780,27590.9378,NA
parkey.exe,39100,0x0,Other,-1,0,0,Composed: Copy with GPU GDI,27624.2594,NA,16.70440000000000,16.68590000000000,0.00000000000000,6.91180000000000,27.2644,27607.5550,16.7044,16.7044,0.0000,16.5623,7.0539,7.0539,0.0000,-0.0687,27607.5550,NA
parkey.exe,39100,0x0,Other,-1,0,0,Composed: Copy with GPU GDI,27640.9972,NA,16.73780000000000,16.67580000000000,0.00000000000000,6.17160000000000,27.2024,27624.2594,16.7378,16.7378,0.0000,16.6170,6.2924,6.2924,0.0000,0.0286,27624.2594,NA
parkey.exe,39100,0x0,Other,-1,0,0,Composed: Copy with GPU GDI,27657.5231,NA,16.52590000000000,16.68070000000000,0.00000000000000,8.66550000000000,27.3572,27640.9972,16.5259,16.5259,0.0000,16.3883,8.8031,8.8031,0.0000,0.0571,27640.9972,NA
parkey.exe,39100,0x0,Other,-1,0,0,Composed: Copy with GPU GDI,27674.3560,NA,16.83290000000000,16.68530000000000,0.00000000000000,6.18180000000000,27.2096,27657.5231,16.8329,16.8329,0.0000,16.6855,6.3292,6.3292,0.0000,-0.1594,27657.5231,NA
parkey.exe,39100,0x0,Other,-1,0,0,Composed: Copy with GPU GDI,27691.0618,NA,16.70580000000000,16.67600000000000,0.00000000000000,7.58900000000000,27.1798,27674.3560,16.7058,16.7058,0.0000,16.5772,7.7176,7.7176,0.0000,0.1569,27674.3560,NA
parkey.exe,39100,0x0,Other,-1,0,0,Composed: Copy with GPU GDI,27707.5310,NA,16.46920000000000,16.67220000000000,0.00000000000000,6.97600000000000,27.3828,27691.0618,16.4692,16.4692,0.0000,16.3595,7.0857,7.0857,0.0000,0.0336,27691.0618,NA
parkey.exe,39100,0x0,Other,-1,0,0,Composed: Copy with GPU GDI,27724.3202,NA,16.78920000000000,16.68700000000000,0.00000000000000,7.54200000000000,27.2806,27707.5310,16.7892,16.7892,0.0000,16.6756,7.6556,7.6556,0.0000,-0.2178,27707.5310,NA
parkey.exe,39100,0x0,Other,-1,0,0,Composed: Copy with GPU GDI,27740.7964,NA,16.47620000000000,16.67940000000000,0.00000000000000,7.98730000000000,27.4838,27724.3202,16.4762,16.4762,0.0000,16.3684,8.0951,8.0951,0.0000,0.1098,27724.3202,NA
parkey.exe,39100,0x0,Other,-1,0,0,Composed: Copy with GPU GDI,27757.6230,NA,16.82660000000000,16.68050000000000,0.00000000000000,6.19230000000000,27.3377,27740.7964,16.8266,16.8266,0.0000,16.6943,6.3246,6.3246,0.0000,-0.2043,27740.7964,NA
parkey.exe,39100,0x0,Other,-1,0,0,Composed: Copy with GPU GDI,27774.1370,NA,16.51400000000000,16.67800000000000,0.00000000000000,7.65280000000000,27.5017,27757.6230,16.5140,16.5140,0.0000,16.4019,7.7649,7.7649,0.0000,0.1486,27757.6230,NA
parkey.exe,39100,0x0,Other,-1,0,0,Composed: Copy with GPU GDI,27790.9988,NA,16.86180000000000,16.67990000000000,0.00000000000000,6.90320000000000,27.3198,27774.1370,16.8618,16.8618,0.0000,16.7274,7.0376,7.0376,0.0000,-0.1659,27774.1370,NA
parkey.exe,39100,0x0,Other,-1,0,0,Composed: Copy with GPU GDI,27807.6337,NA,16.63490000000000,16.67780000000000,0.00000000000000,7.62380000000000,27.3627,27790.9988,16.6349,16.6349,0.0000,16.5147,7.7440,7.7440,0.0000,0.1840,27790.9988,NA
parkey.exe,39100,0x0,Other,-1,0,0,Composed: Copy with GPU GDI,27824.8699,NA,17.23620000000000,16.68450000000000,0.00000000000000,8.62380000000000,26.8110,27807.6337,17.2362,17.2362,0.0000,17.0430,8.8170,8.8170,0.0000,-0.0496,27807.6337,NA
parkey.exe,39100,0x0,Other,-1,0,0,Composed: Copy with GPU GDI,27841.1468,NA,16.27690000000000,16.70360000000000,0.00000000000000,6.14700000000000,27.2377,27824.8699,16.2769,16.2769,0.0000,16.1309,6.2930,6.2930,0.0000,0.5326,27824.8699,NA
parkey.exe,39100,0x0,Other,-1,0,0,Composed: Copy with GPU GDI,27857.7462,NA,16.59940000000000,16.66380000000000,0.00000000000000,7.65970000000000,27.3021,27841.1468,16.5994,16.5994,0.0000,16.4649,7.7942,7.7942,0.0000,-0.3869,27841.1468,NA
parkey.exe,39100,0x0,Other,-1,0,0,Composed: Copy with GPU GDI,27874.5735,NA,16.82730000000000,16.67450000000000,0.00000000000000,8.49880000000000,27.1493,27857.7462,16.8273,16.8273,0.0000,16.6553,8.6708,8.6708,0.0000,-0.0751,27857.7462,NA
parkey.exe,39100,0x0,Other,-1,0,0,Composed: Copy with GPU GDI,27890.9543,NA,16.38080000000000,16.67630000000000,0.00000000000000,7.60770000000000,27.4448,27874.5735,16.3808,16.3808,0.0000,16.2564,7.7321,7.7321,0.0000,0.1510,27874.5735,NA
parkey.exe,39100,0x0,Other,-1,0,0,Composed: Copy with GPU GDI,27907.7301,NA,16.77580000000000,16.68880000000000,0.00000000000000,8.68760000000000,27.3578,27890.9543,16.7758,16.7758,0.0000,16.6339,8.8295,8.8295,0.0000,-0.3080,27890.9543,NA
parkey.exe,39100,0x0,Other,-1,0,0,Composed: Copy with GPU GDI,27924.4116,NA,16.68150000000000,16.67300000000000,0.00000000000000,6.20460000000000,27.3493,27907.7301,16.6815,16.6815,0.0000,16.5653,6.3208,6.3208,0.0000,0.1028,27907.7301,NA
parkey.exe,39100,0x0,Other,-1,0,0,Composed: Copy with GPU GDI,27940.8625,NA,16.45090000000000,16.68130000000000,0.00000000000000,6.19370000000000,27.5797,27924.4116,16.4509,16.4509,0.0000,16.3441,6.3005,6.3005,0.0000,0.0002,27924.4116,NA
parkey.exe,39100,0x0,Other,-1,0,0,Composed: Copy with GPU GDI,27957.4642,NA,16.60170000000000,16.67570000000000,0.00000000000000,7.34880000000000,27.6537,27940.8625,16.6017,16.6017,0.0000,16.5623,7.3882,7.3882,0.0000,-0.2248,27940.8625,NA
parkey.exe,39100,0x0,Other,-1,0,0,Composed: Copy with GPU GDI,27974.1484,NA,16.68420000000000,16.68390000000000,0.00000000000000,7.56230000000000,27.6534,27957.4642,16.6842,16.6842,0.0000,16.5753,7.6712,7.6712,0.0000,-0.0822,27957.4642,NA
parkey.exe,39100,0x0,Other,-1,0,0,Composed: Copy with GPU GDI,27990.7658,NA,16.61740000000000,16.68110000000000,0.00000000000000,8.68200000000000,27.7171,27974.1484,16.6174,16.6174,0.0000,16.5166,8.7828,8.7828,0.0000,0.0031,27974.1484,NA
parkey.exe,39100,0x0,Other,-1,0,0,Composed: Copy with GPU GDI,28007.5457,NA,16.77990000000000,16.68600000000000,0.00000000000000,6.17820000000000,27.6232,27990.7658,16.7799,16.7799,0.0000,16.6520,6.3061,6.3061,0.0000,-0.0686,27990.7658,NA
parkey.exe,39100,0x0,Other,-1,0,0,Composed: Copy with GPU GDI,28024.4563,NA,16.91060000000000,16.67470000000000,0.00000000000000,7.65130000000000,27.3873,28007.5457,16.9106,16.9106,0.0000,16.7863,7.7756,7.7756,0.0000,0.1052,28007.5457,NA
parkey.exe,39100,0x0,Other,-1,0,0,Composed: Copy with GPU GDI,28040.9624,NA,16.50610000000000,16.67380000000000,0.00000000000000,6.08040000000000,27.5550,28024.4563,16.5061,16.5061,0.0000,16.3793,6.2072,6.2072,0.0000,0.2368,28024.4563,NA
parkey.exe,39100,0x0,Other,-1,0,0,Composed: Copy with GPU GDI,28057.4694,NA,16.50700000000000,16.68130000000000,0.00000000000000,7.63530000000000,27.7293,28040.9624,16.5070,16.5070,0.0000,16.3991,7.7432,7.7432,0.0000,-0.1752,28040.9624,NA
parkey.exe,39100,0x0,Other,-1,0,0,Composed: Copy with GPU GDI,28074.1353,NA,16.66590000000000,16.69500000000000,0.00000000000000,8.69960000000000,27.7584,28057.4694,16.6659,16.6659,0.0000,16.5539,8.8116,8.8116,0.0000,-0.1880,28057.4694,NA
parkey.exe,39100,0x0,Other,-1,0,0,Composed: Copy with GPU GDI,28090.8677,NA,16.73240000000000,16.67300000000000,0.00000000000000,6.17040000000000,27.6990,28074.1353,16.7324,16.7324,0.0000,16.6144,6.2884,6.2884,0.0000,-0.0071,28074.1353,NA
parkey.exe,39100,0x0,Other,-1,0,0,Composed: Copy with GPU GDI,28107.4818,NA,16.61410000000000,16.68180000000000,0.00000000000000,7.63670000000000,27.7667,28090.8677,16.6141,16.6141,0.0000,16.4947,7.7561,7.7561,0.0000,0.0506,28090.8677,NA
parkey.exe,39100,0x0,Other,-1,0,0,Composed: Copy with GPU GDI,28124.4260,NA,16.94420000000000,16.67880000000000,0.00000000000000,6.84100000000000,27.5013,28107.4818,16.9442,16.9442,0.0000,16.7643,7.0209,7.0209,0.0000,-0.0647,28107.4818,NA
parkey.exe,39100,0x0,Other,-1,0,0,Composed: Copy with GPU GDI,28141.2057,NA,16.77970000000000,16.68280000000000,0.00000000000000,6.18440000000000,27.4044,28124.4260,16.7797,16.7797,0.0000,16.6192,6.3449,6.3449,0.0000,0.2614,28124.4260,NA
parkey.exe,39100,0x0,Other,-1,0,0,Composed: Copy with GPU GDI,28158.0625,NA,16.85680000000000,16.69260000000000,0.00000000000000,8.64360000000000,27.2402,28141.2057,16.8568,16.8568,0.0000,16.6962,8.8042,8.8042,0.0000,0.0871,28141.2057,NA
parkey.exe,39100,0x0,Other,-1,0,0,Composed: Copy with GPU GDI,28174.2709,NA,16.20840000000000,16.65870000000000,0.00000000000000,6.21390000000000,27.6905,28158.0625,16.2084,16.2084,0.0000,16.0843,6.3380,6.3380,0.0000,0.1981,28158.0625,NA
parkey.exe,39100,0x0,Other,-1,0,0,Composed: Copy with GPU GDI,28190.9420,NA,16.67110000000000,16.68360000000000,0.00000000000000,7.65400000000000,27.7030,28174.2709,16.6711,16.6711,0.0000,16.5540,7.7711,7.7711,0.0000,-0.4752,28174.2709,NA
parkey.exe,39100,0x0,Other,-1,0,0,Composed: Copy with GPU GDI,28207.4665,NA,16.52450000000000,16.67550000000000,0.00000000000000,7.36640000000000,27.8540,28190.9420,16.5245,16.5245,0.0000,16.4767,7.4142,7.4142,0.0000,-0.0044,28190.9420,NA
parkey.exe,39100,0x0,Other,-1,0,0,Composed: Copy with GPU GDI,28224.2240,NA,16.75750000000000,16.68720000000000,0.00000000000000,7.58040000000000,27.7837,28207.4665,16.7575,16.7575,0.0000,16.6484,7.6895,7.6895,0.0000,-0.1627,28207.4665,NA
parkey.exe,39100,0x0,Other,-1,0,0,Composed: Copy with GPU GDI,28240.9175,NA,16.69350000000000,9.75220000000000,0.00000000000000,8.03490000000000,20.8424,28224.2240,16.6935,16.6935,0.0000,16.5831,8.1453,8.1453,0.0000,7.0053,28224.2240,NA
parkey.exe,39100,0x0,Other,-1,0,0,Composed: Copy with GPU GDI,28257.6492,NA,16.73170000000000,23.60640000000000,0.00000000000000,6.22060000000000,27.7171,28240.9175,16.7317,16.7317,0.0000,16.6054,6.3469,6.3469,0.0000,-6.9129,28240.9175,NA
parkey.exe,39100,0x0,Other,-1,0,0,Composed: Copy with GPU GDI,28274.1171,NA,16.46790000000000,16.68300000000000,0.00000000000000,7.63010000000000,27.9322,28257.6492,16.4679,16.4679,0.0000,16.3565,7.7415,7.7415,0.0000,0.0487,28257.6492,NA
parkey.exe,39100,0x0,Other,-1,0,0,Composed: Copy with GPU GDI,28291.2269,NA,17.10980000000000,16.67420000000000,0.00000000000000,6.84850000000000,27.4966,28274.1171,17.1098,17.1098,0.0000,16.9254,7.0329,7.0329,0.0000,-0.2063,28274.1171,NA
parkey.exe,39100,0x0,Other,-1,0,0,Composed: Copy with GPU GDI,28307.7714,NA,16.54450000000000,16.68170000000000,0.00000000000000,7.59420000000000,27.6338,28291.2269,16.5445,16.5445,0.0000,16.3947,7.7440,7.7440,0.0000,0.4281,28291.2269,NA
parkey.exe,39100,0x0,Other,-1,0,0,Composed: Copy with GPU GDI,28324.1493,NA,16.37790000000000,16.68100000000000,0.00000000000000,8.66920000000000,27.9369,28307.7714,16.3779,16.3779,0.0000,16.2680,8.7791,8.7791,0.0000,-0.1365,28307.7714,NA
parkey.exe,39100,0x0,Other,-1,0,0,Composed: Copy with GPU GDI,28340.9411,NA,16.79180000000000,16.68190000000000,0.00000000000000,6.20000000000000,27.8270,28324.1493,16.7918,16.7918,0.0000,16.6589,6.3329,6.3329,0.0000,-0.3040,28324.1493,NA
parkey.exe,39100,0x0,Other,-1,0,0,Composed: Copy with GPU GDI,28357.7973,NA,16.85620000000000,16.67580000000000,0.00000000000000,7.64220000000000,27.6466,28340.9411,16.8562,16.8562,0.0000,16.7296,7.7688,7.7688,0.0000,0.1160,28340.9411,NA
parkey.exe,39100,0x0,Other,-1,0,0,Composed: Copy with GPU GDI,28374.6095,NA,16.81220000000000,16.68070000000000,0.00000000000000,6.27560000000000,27.5151,28357.7973,16.8122,16.8122,0.0000,16.5503,6.5375,6.5375,0.0000,0.1755,28357.7973,NA
parkey.exe,39100,0x0,Other,-1,0,0,Composed: Copy with GPU GDI,28390.9931,NA,16.38360000000000,16.68480000000000,0.00000000000000,7.59700000000000,27.8163,28374.6095,16.3836,16.3836,0.0000,16.2352,7.7454,7.7454,0.0000,0.1274,28374.6095,NA
parkey.exe,39100,0x0,Other,-1,0,0,Composed: Copy with GPU GDI,28407.5797,NA,16.58660000000000,16.53430000000000,0.00000000000000,8.64920000000000,27.7640,28390.9931,16.5866,16.5866,0.0000,16.4555,8.7803,8.7803,0.0000,-0.1507,28390.9931,NA
parkey.exe,39100,0x0,Other,-1,0,0,Composed: Copy with GPU GDI,28424.4925,NA,16.91280000000000,16.82420000000000,0.00000000000000,6.16650000000000,27.6754,28407.5797,16.9128,16.9128,0.0000,16.7624,6.3169,6.3169,0.0000,-0.2376,28407.5797,NA
parkey.exe,39100,0x0,Other,-1,0,0,Composed: Copy with GPU GDI,28440.9058,NA,16.41330000000000,16.67950000000000,0.00000000000000,6.20480000000000,27.9416,28424.4925,16.4133,16.4133,0.0000,16.2936,6.3245,6.3245,0.0000,0.2333,28424.4925,NA
parkey.exe,39100,0x0,Other,-1,0,0,Composed: Copy with GPU GDI,28457.5986,NA,16.69280000000000,16.67340000000000,0.00000000000000,7.33150000000000,27.9222,28440.9058,16.6928,16.6928,0.0000,16.6106,7.4137,7.4137,0.0000,-0.2601,28440.9058,NA
parkey.exe,39100,0x0,Other,-1,0,0,Composed: Copy with GPU GDI,28474.2611,NA,16.66250000000000,16.69040000000000,0.00000000000000,7.61130000000000,27.9501,28457.5986,16.6625,16.6625,0.0000,16.5435,7.7303,7.7303,0.0000,0.0024,28457.5986,NA
parkey.exe,39100,0x0,Other,-1,0,0,Composed: Copy with GPU GDI,28490.9689,NA,16.70780000000000,16.47880000000000,0.00000000000000,8.65100000000000,27.7211,28474.2611,16.7078,16.7078,0.0000,16.5850,8.7738,8.7738,0.0000,0.1837,28474.2611,NA
parkey.exe,39100,0x0,Other,-1,0,0,Composed: Copy with GPU GDI,28507.5993,NA,16.63040000000000,16.87610000000000,0.00000000000000,6.15730000000000,27.9668,28490.9689,16.6304,16.6304,0.0000,16.5000,6.2877,6.2877,0.0000,-0.1683,28490.9689,NA
parkey.exe,39100,0x0,Other,-1,0,0,Composed: Copy with GPU GDI,28524.1306,NA,16.53130000000000,16.68860000000000,0.00000000000000,7.62740000000000,28.1241,28507.5993,16.5313,16.5313,0.0000,16.4223,7.7364,7.7364,0.0000,-0.0582,28507.5993,NA
parkey.exe,39100,0x0,Other,-1,0,0,Composed: Copy with GPU GDI,28540.9577,NA,16.82710000000000,16.67260000000000,0.00000000000000,6.00970000000000,27.9696,28524.1306,16.8271,16.8271,0.0000,16.6380,6.1988,6.1988,0.0000,-0.1413,28524.1306,NA
parkey.exe,39100,0x0,Other,-1,0,0,Composed: Copy with GPU GDI,28557.4309,NA,16.47320000000000,16.68480000000000,0.00000000000000,7.68240000000000,28.1812,28540.9577,16.4732,16.4732,0.0000,16.3642,7.7914,7.7914,0.0000,0.1423,28540.9577,NA
parkey.exe,39100,0x0,Other,-1,0,0,Composed: Copy with GPU GDI,28574.1670,NA,16.73610000000000,16.43590000000000,0.00000000000000,8.71730000000000,27.8810,28557.4309,16.7361,16.7361,0.0000,16.6316,8.8218,8.8218,0.0000,0.0373,28557.4309,NA
parkey.exe,39100,0x0,Other,-1,0,0,Composed: Copy with GPU GDI,28590.9723,NA,16.80530000000000,16.93330000000000,0.00000000000000,6.16490000000000,28.0090,28574.1670,16.8053,16.8053,0.0000,16.6794,6.2908,6.2908,0.0000,-0.1972,28574.1670,NA
parkey.exe,39100,0x0,Other,-1,0,0,Composed: Copy with GPU GDI,28607.6195,NA,16.64720000000000,16.67080000000000,0.00000000000000,7.58950000000000,28.0326,28590.9723,16.6472,16.6472,0.0000,16.5253,7.7114,7.7114,0.0000,0.1345,28590.9723,NA
parkey.exe,39100,0x0,Other,-1,0,0,Composed: Copy with GPU GDI,28624.2701,NA,16.65060000000000,16.68010000000000,0.00000000000000,7.33630000000000,28.0621,28607.6195,16.6506,16.6506,0.0000,16.5779,7.4090,7.4090,0.0000,-0.0329,28607.6195,NA
parkey.exe,39100,0x0,Other,-1,0,0,Composed: Copy with GPU GDI,28640.7955,NA,16.52540000000000,16.68090000000000,0.00000000000000,6.18760000000000,28.2176,28624.2701,16.5254,16.5254,0.0000,16.4127,6.3003,6.3003,0.0000,-0.0303,28624.2701,NA
parkey.exe,39100,0x0,Other,-1,0,0,Composed: Copy with GPU GDI,28657.6726,NA,16.87710000000000,16.37790000000000,0.00000000000000,8.63410000000000,27.7184,28640.7955,16.8771,16.8771,0.0000,16.7097,8.8015,8.8015,0.0000,0.1475,28640.7955,NA
parkey.exe,39100,0x0,Other,-1,0,0,Composed: Copy with GPU GDI,28674.2418,NA,16.56920000000000,16.98050000000000,0.00000000000000,6.15850000000000,28.1297,28657.6726,16.5692,16.5692,0.0000,16.4084,6.3193,6.3193,0.0000,-0.1034,28657.6726,NA
parkey.exe,39100,0x0,Other,-1,0,0,Composed: Copy with GPU GDI,28691.2729,NA,17.03110000000000,16.68300000000000,0.00000000000000,9.02330000000000,27.7816,28674.2418,17.0311,17.0311,0.0000,16.8870,9.1674,9.1674,0.0000,-0.1138,28674.2418,NA
parkey.exe,39100,0x0,Other,-1,0,0,Composed: Copy with GPU GDI,28707.6801,NA,16.40720000000000,16.67580000000000,0.00000000000000,8.56330000000000,28.0502,28691.2729,16.4072,16.4072,0.0000,16.2564,8.7141,8.7141,0.0000,0.3553,28691.2729,NA
parkey.exe,39100,0x0,Other,-1,0,0,Composed: Copy with GPU GDI,28724.2927,NA,16.61260000000000,16.68960000000000,0.00000000000000,7.70700000000000,28.1272,28707.6801,16.6126,16.6126,0.0000,16.4990,7.8206,7.8206,0.0000,-0.2824,28707.6801,NA
parkey.exe,39100,0x0,Other,-1,0,0,Composed: Copy with GPU GDI,28740.7867,NA,16.49400000000000,9.43370000000000,0.00000000000000,8.06610000000000,21.0669,28724.2927,16.4940,16.4940,0.0000,16.3844,8.1757,8.1757,0.0000,7.1789,28724.2927,NA
parkey.exe,39100,0x0,Other,-1,0,0,Composed: Copy with GPU GDI,28757.5789,NA,16.79220000000000,23.92160000000000,0.00000000000000,6.18790000000000,28.1963,28740.7867,16.7922,16.7922,0.0000,16.6667,6.3134,6.3134,0.0000,-7.4276,28740.7867,NA
parkey.exe,39100,0x0,Other,-1,0,0,Composed: Copy with GPU GDI,28774.0920,NA,16.51310000000000,16.68500000000000,0.00000000000000,7.69510000000000,28.3682,28757.5789,16.5131,16.5131,0.0000,16.4037,7.8045,7.8045,0.0000,0.1072,28757.5789,NA
parkey.exe,39100,0x0,Other,-1,0,0,Composed: Copy with GPU GDI,28790.7914,NA,16.69940000000000,16.67150000000000,0.00000000000000,8.19560000000000,28.3403,28774.0920,16.6994,16.6994,0.0000,16.5721,8.3229,8.3229,0.0000,-0.1584,28774.0920,NA
parkey.exe,39100,0x0,Other,-1,0,0,Composed: Copy with GPU GDI,28807.6435,NA,16.85210000000000,16.68120000000000,0.00000000000000,7.52710000000000,28.1694,28790.7914,16.8521,16.8521,0.0000,16.7310,7.6482,7.6482,0.0000,0.0182,28790.7914,NA
parkey.exe,39100,0x0,Other,-1,0,0,Composed: Copy with GPU GDI,28824.2478,NA,16.60430000000000,16.67980000000000,0.00000000000000,8.66370000000000,28.2449,28807.6435,16.6043,16.6043,0.0000,16.4920,8.7760,8.7760,0.0000,0.1723,28807.6435,NA
parkey.exe,39100,0x0,Other,-1,0,0,Composed: Copy with GPU GDI,28840.7630,NA,16.51520000000000,6.59140000000000,0.00000000000000,6.19660000000000,18.3211,28824.2478,16.5152,16.5152,0.0000,16.4026,6.3092,6.3092,0.0000,10.0129,28824.2478,NA
parkey.exe,39100,0x0,Other,-1,0,0,Composed: Copy with GPU GDI,28857.7033,NA,16.94030000000000,26.76660000000000,0.00000000000000,7.95240000000000,28.1474,28840.7630,16.9403,16.9403,0.0000,16.8020,8.0907,8.0907,0.0000,-10.2514,28840.7630,NA
parkey.exe,39100,0x0,Other,-1,0,0,Composed: Copy with GPU GDI,28874.2304,NA,16.52710000000000,16.67870000000000,0.00000000000000,7.84930000000000,28.2990,28857.7033,16.5271,16.5271,0.0000,16.3969,7.9795,7.9795,0.0000,0.2616,28857.7033,NA
parkey.exe,39100,0x0,Other,-1,0,0,Composed: Copy with GPU GDI,28891.1275,NA,16.89710000000000,16.68140000000000,0.00000000000000,7.48880000000000,28.0833,28874.2304,16.8971,16.8971,0.0000,16.7158,7.6701,7.6701,0.0000,-0.1543,28874.2304,NA
parkey.exe,39100,0x0,Other,-1,0,0,Composed: Copy with GPU GDI,28907.4498,NA,16.32230000000000,16.22160000000000,0.00000000000000,8.66660000000000,27.9826,28891.1275,16.3223,16.3223,0.0000,16.2167,8.7722,8.7722,0.0000,0.6755,28891.1275,NA
parkey.exe,39100,0x0,Other,-1,0,0,Composed: Copy with GPU GDI,28924.2280,NA,16.77820000000000,17.14280000000000,0.00000000000000,6.19300000000000,28.3472,28907.4498,16.7782,16.7782,0.0000,16.6626,6.3086,6.3086,0.0000,-0.8205,28907.4498,NA
parkey.exe,39100,0x0,Other,-1,0,0,Composed: Copy with GPU GDI,28941.2964,NA,17.06840000000000,16.67930000000000,0.00000000000000,6.15460000000000,27.9581,28924.2280,17.0684,17.0684,0.0000,16.8982,6.3248,6.3248,0.0000,0.0989,28924.2280,NA
parkey.exe,39100,0x0,Other,-1,0,0,Composed: Copy with GPU GDI,28957.4954,NA,16.19900000000000,16.67540000000000,0.00000000000000,7.45340000000000,28.4345,28941.2964,16.1990,16.1990,0.0000,16.2511,7.4013,7.4013,0.0000,0.3930,28941.2964,NA
parkey.exe,39100,0x0,Other,-1,0,0,Composed: Copy with GPU GDI,28974.0744,NA,16.57900000000000,16.68410000000000,0.00000000000000,7.65000000000000,28.5396,28957.4954,16.5790,16.5790,0.0000,16.4706,7.7584,7.7584,0.0000,-0.4851,28957.4954,NA
parkey.exe,39100,0x0,Other,-1,0,0,Composed: Copy with GPU GDI,28990.7788,NA,16.70440000000000,16.16990000000000,0.00000000000000,8.70050000000000,28.0051,28974.0744,16.7044,16.7044,0.0000,16.5937,8.8112,8.8112,0.0000,0.4091,28974.0744,NA
parkey.exe,39100,0x0,Other,-1,0,0,Composed: Copy with GPU GDI,29007.5113,NA,16.73250000000000,17.19740000000000,0.00000000000000,6.17680000000000,28.4700,28990.7788,16.7325,16.7325,0.0000,16.6063,6.3030,6.3030,0.0000,-0.4930,28990.7788,NA
parkey.exe,39100,0x0,Other,-1,0,0,Composed: Copy with GPU GDI,29024.3548,NA,16.84350000000000,16.67810000000000,0.00000000000000,7.53890000000000,28.3046,29007.5113,16.8435,16.8435,0.0000,16.6777,7.7047,7.7047,0.0000,0.0544,29007.5113,NA
parkey.exe,39100,0x0,Other,-1,0,0,Composed: Copy with GPU GDI,29040.7872,NA,16.43240000000000,16.68450000000000,0.00000000000000,6.43240000000000,28.5567,29024.3548,16.4324,16.4324,0.0000,16.3230,6.5418,6.5418,0.0000,0.1590,29024.3548,NA
parkey.exe,39100,0x0,Other,-1,0,0,Composed: Copy with GPU GDI,29057.4577,NA,16.67050000000000,16.67180000000000,0.00000000000000,7.59860000000000,28.5580,29040.7872,16.6705,16.6705,0.0000,16.5602,7.7089,7.7089,0.0000,-0.2394,29040.7872,NA
parkey.exe,39100,0x0,Other,-1,0,0,Composed: Copy with GPU GDI,29074.1189,NA,16.66120000000000,16.12300000000000,0.00000000000000,8.71110000000000,28.0198,29057.4577,16.6612,16.6612,0.0000,16.5437,8.8286,8.8286,0.0000,0.5475,29057.4577,NA
parkey.exe,39100,0x0,Other,-1,0,0,Composed: Copy with GPU GDI,29090.8098,NA,16.69090000000000,17.23810000000000,0.00000000000000,6.16920000000000,28.5670,29074.1189,16.6909,16.6909,0.0000,16.5729,6.2872,6.2872,0.0000,-0.5769,29074.1189,NA
parkey.exe,39100,0x0,Other,-1,0,0,Composed: Copy with GPU GDI,29107.3612,NA,16.55140000000000,16.68010000000000,0.00000000000000,7.65020000000000,28.6957,29090.8098,16.5514,16.5514,0.0000,16.4453,7.7563,7.7563,0.0000,0.0108,29090.8098,NA
parkey.exe,39100,0x0,Other,-1,0,0,Composed: Copy with GPU GDI,29124.1505,NA,16.78930000000000,16.67920000000000,0.00000000000000,8.50050000000000,28.5856,29107.3612,16.7893,16.7893,0.0000,16.6765,8.6133,8.6133,0.0000,-0.1278,29107.3612,NA
parkey.exe,39100,0x0,Other,-1,0,0,Composed: Copy with GPU GDI,29140.9623,NA,16.81180000000000,16.68220000000000,0.00000000000000,6.15460000000000,28.4560,29124.1505,16.8118,16.8118,0.0000,16.6260,6.3404,6.3404,0.0000,0.1071,29124.1505,NA
parkey.exe,39100,0x0,Other,-1,0,0,Composed: Copy with GPU GDI,29157.4614,NA,16.49910000000000,16.05550000000000,0.00000000000000,8.70220000000000,28.0124,29140.9623,16.4991,16.4991,0.0000,16.3945,8.8068,8.8068,0.0000,0.7563,29140.9623,NA
parkey.exe,39100,0x0,Other,-1,0,0,Composed: Copy with GPU GDI,29174.2410,NA,16.77960000000000,17.31330000000000,0.00000000000000,6.15280000000000,28.5461,29157.4614,16.7796,16.7796,0.0000,16.6286,6.3038,6.3038,0.0000,-0.8142,29157.4614,NA
parkey.exe,39100,0x0,Other,-1,0,0,Composed: Copy with GPU GDI,29190.8826,NA,16.64160000000000,16.67370000000000,0.00000000000000,7.61230000000000,28.5782,29174.2410,16.6416,16.6416,0.0000,16.5174,7.7365,7.7365,0.0000,0.1059,29174.2410,NA
parkey.exe,39100,0x0,Other,-1,0,0,Composed: Copy with GPU GDI,29207.4423,NA,16.55970000000000,16.67230000000000,0.00000000000000,8.46570000000000,28.6908,29190.8826,16.5597,16.5597,0.0000,16.4396,8.5858,8.5858,0.0000,-0.0307,29190.8826,NA
parkey.exe,39100,0x0,Other,-1,0,0,Composed: Copy with GPU GDI,29224.1384,NA,16.69610000000000,16.69530000000000,0.00000000000000,7.57520000000000,28.6900,29207.4423,16.6961,16.6961,0.0000,16.5769,7.6944,7.6944,0.0000,-0.1356,29207.4423,NA
parkey.exe,39100,0x0,Other,-1,0,0,Composed: Copy with GPU GDI,29240.8678,NA,16.72940000000000,9.10520000000000,0.00000000000000,7.97050000000000,21.0658,29224.1384,16.7294,16.7294,0.0000,16.6162,8.0837,8.0837,0.0000,7.5909,29224.1384,NA
parkey.exe,39100,0x0,Other,-1,0,0,Composed: Copy with GPU GDI,29257.5582,NA,16.69040000000000,24.24880000000000,0.00000000000000,6.18990000000000,28.6242,29240.8678,16.6904,16.6904,0.0000,16.5618,6.3185,6.3185,0.0000,-7.5194,29240.8678,NA
parkey.exe,39100,0x0,Other,-1,0,0,Composed: Copy with GPU GDI,29274.0918,NA,16.53360000000000,16.67550000000000,0.00000000000000,7.58540000000000,28.7661,29257.5582,16.5336,16.5336,0.0000,16.4223,7.6967,7.6967,0.0000,0.0149,29257.5582,NA
parkey.exe,39100,0x0,Other,-1,0,0,Composed: Copy with GPU GDI,29290.7853,NA,16.69350000000000,16.67640000000000,0.00000000000000,8.54010000000000,28.7490,29274.0918,16.6935,16.6935,0.0000,16.5715,8.6621,8.6621,0.0000,-0.1428,29274.0918,NA
parkey.exe,39100,0x0,Other,-1,0,0,Composed: Copy with GPU GDI,29307.7228,NA,16.93750000000000,16.69410000000000,0.00000000000000,7.51230000000000,28.5056,29290.7853,16.9375,16.9375,0.0000,16.8028,7.6470,7.6470,0.0000,-0.0006,29290.7853,NA
parkey.exe,39100,0x0,Other,-1,0,0,Composed: Copy with GPU GDI,29324.3776,NA,16.65480000000000,16.66760000000000,0.00000000000000,8.65330000000000,28.5184,29307.7228,16.6548,16.6548,0.0000,16.5130,8.7951,8.7951,0.0000,0.2699,29307.7228,NA
parkey.exe,39100,0x0,Other,-1,0,0,Composed: Copy with GPU GDI,29341.0159,NA,16.63830000000000,16.68400000000000,0.00000000000000,6.14160000000000,28.5641,29324.3776,16.6383,16.6383,0.0000,16.4743,6.3056,6.3056,0.0000,-0.0292,29324.3776,NA
parkey.exe,39100,0x0,Other,-1,0,0,Composed: Copy with GPU GDI,29357.6226,NA,16.60670000000000,16.68330000000000,0.00000000000000,8.35320000000000,28.6407,29341.0159,16.6067,16.6067,0.0000,16.4893,8.4706,8.4706,0.0000,-0.0450,29341.0159,NA
parkey.exe,39100,0x0,Other,-1,0,0,Composed: Copy with GPU GDI,29374.3162,NA,16.69360000000000,16.68290000000000,0.00000000000000,8.46770000000000,28.6300,29357.6226,16.6936,16.6936,0.0000,16.5399,8.6214,8.6214,0.0000,-0.0762,29357.6226,NA
parkey.exe,39100,0x0,Other,-1,0,0,Composed: Copy with GPU GDI,29390.8324,NA,16.51620000000000,16.67550000000000,0.00000000000000,7.54670000000000,28.7893,29374.3162,16.5162,16.5162,0.0000,16.3977,7.6652,7.6652,0.0000,0.0181,29374.3162,NA
parkey.exe,39100,0x0,Other,-1,0,0,Composed: Copy with GPU GDI,29407.4994,NA,16.66700000000000,15.90270000000000,0.00000000000000,8.65830000000000,28.0250,29390.8324,16.6670,16.6670,0.0000,16.5367,8.7886,8.7886,0.0000,0.6135,29390.8324,NA
parkey.exe,39100,0x0,Other,-1,0,0,Composed: Copy with GPU GDI,29424.2721,NA,16.77270000000000,17.46240000000000,0.00000000000000,6.19190000000000,28.7147,29407.4994,16.7727,16.7727,0.0000,16.6454,6.3192,6.3192,0.0000,-0.7954,29407.4994,NA
parkey.exe,39100,0x0,Other,-1,0,0,Composed: Copy with GPU GDI,29440.9712,NA,16.69910000000000,16.68510000000000,0.00000000000000,7.98330000000000,28.7007,29424.2721,16.6991,16.6991,0.0000,16.5692,8.1132,8.1132,0.0000,0.0876,29424.2721,NA
parkey.exe,39100,0x0,Other,-1,0,0,Composed: Copy with GPU GDI,29458.0064,NA,17.03520000000000,16.67890000000000,0.00000000000000,7.18820000000000,28.3444,29440.9712,17.0352,17.0352,0.0000,16.8529,7.3705,7.3705,0.0000,0.0202,29440.9712,NA
parkey.exe,39100,0x0,Other,-1,0,0,Composed: Copy with GPU GDI,29475.1899,NA,17.18350000000000,16.67220000000000,0.00000000000000,7.52720000000000,27.8331,29458.0064,17.1835,17.1835,0.0000,16.9973,7.7134,7.7134,0.0000,0.3630,29458.0064,NA
parkey.exe,39100,0x0,Other,-1,0,0,Composed: Copy with GPU GDI,29490.9877,NA,15.79780000000000,15.85580000000000,0.00000000000000,8.76670000000000,27.8911,29475.1899,15.7978,15.7978,0.0000,15.6609,8.9036,8.9036,0.0000,1.3277,29475.1899,NA
parkey.exe,39100,0x0,Other,-1,0,0,Composed: Copy with GPU GDI,29507.6007,NA,16.61300000000000,17.50530000000000,0.00000000000000,6.16660000000000,28.7834,29490.9877,16.6130,16.6130,0.0000,16.4763,6.3033,6.3033,0.0000,-1.7075,29490.9877,NA
parkey.exe,39100,0x0,Other,-1,0,0,Composed: Copy with GPU GDI,29524.7002,NA,17.09950000000000,16.67820000000000,0.00000000000000,8.22680000000000,28.3621,29507.6007,17.0995,17.0995,0.0000,16.9101,8.4162,8.4162,0.0000,-0.0652,29507.6007,NA
parkey.exe,39100,0x0,Other,-1,0,0,Composed: Copy with GPU GDI,29540.8284,NA,16.12820000000000,16.67720000000000,0.00000000000000,6.88990000000000,28.9111,29524.7002,16.1282,16.1282,0.0000,15.9983,7.0198,7.0198,0.0000,0.4223,29524.7002,NA
parkey.exe,39100,0x0,Other,-1,0,0,Composed: Copy with GPU GDI,29557.5889,NA,16.76050000000000,16.68300000000000,0.00000000000000,7.63240000000000,28.8336,29540.8284,16.7605,16.7605,0.0000,16.6240,7.7689,7.7689,0.0000,-0.5548,29540.8284,NA
parkey.exe,39100,0x0,Other,-1,0,0,Composed: Copy with GPU GDI,29574.3385,NA,16.74960000000000,15.79410000000000,0.00000000000000,8.68900000000000,27.8781,29557.5889,16.7496,16.7496,0.0000,16.6335,8.8051,8.8051,0.0000,0.9664,29557.5889,NA
parkey.exe,39100,0x0,Other,-1,0,0,Composed: Copy with GPU GDI,29590.8726,NA,16.53410000000000,17.56940000000000,0.00000000000000,6.19350000000000,28.9134,29574.3385,16.5341,16.5341,0.0000,16.4194,6.3082,6.3082,0.0000,-0.8198,29574.3385,NA
parkey.exe,39100,0x0,Other,-1,0,0,Composed: Copy with GPU GDI,29607.5042,NA,16.63160000000000,16.68300000000000,0.00000000000000,8.14780000000000,28.9648,29590.8726,16.6316,16.6316,0.0000,16.5044,8.2750,8.2750,0.0000,-0.1489,29590.8726,NA
parkey.exe,39100,0x0,Other,-1,0,0,Composed: Copy with GPU GDI,29624.1071,NA,16.60290000000000,16.67840000000000,0.00000000000000,8.59420000000000,29.0403,29607.5042,16.6029,16.6029,0.0000,16.4816,8.7155,8.7155,0.0000,-0.0468,29607.5042,NA
parkey.exe,39100,0x0,Other,-1,0,0,Composed: Copy with GPU GDI,29640.8496,NA,16.74250000000000,16.67740000000000,0.00000000000000,6.18680000000000,28.9752,29624.1071,16.7425,16.7425,0.0000,16.6315,6.2978,6.2978,0.0000,-0.0745,29624.1071,NA
parkey.exe,39100,0x0,Other,-1,0,0,Composed: Copy with GPU GDI,29657.3797,NA,16.53010000000000,15.74390000000000,0.00000000000000,8.67660000000000,28.1890,29640.8496,16.5301,16.5301,0.0000,16.4021,8.8046,8.8046,0.0000,0.9986,29640.8496,NA
parkey.exe,39100,0x0,Other,-1,0,0,Composed: Copy with GPU GDI,29674.1443,NA,16.76460000000000,17.62050000000000,0.00000000000000,6.23290000000000,29.0449,29657.3797,16.7646,16.7646,0.0000,16.6450,6.3525,6.3525,0.0000,-1.0904,29657.3797,NA
parkey.exe,39100,0x0,Other,-1,0,0,Composed: Copy with GPU GDI,29691.1207,NA,16.97640000000000,16.68160000000000,0.00000000000000,8.32820000000000,28.7501,29674.1443,16.9764,16.9764,0.0000,16.8476,8.4570,8.4570,0.0000,0.0830,29674.1443,NA
parkey.exe,39100,0x0,Other,-1,0,0,Composed: Copy with GPU GDI,29707.8350,NA,16.71430000000000,16.67530000000000,0.00000000000000,8.63280000000000,28.7111,29691.1207,16.7143,16.7143,0.0000,16.5418,8.8053,8.8053,0.0000,0.3011,29691.1207,NA
parkey.exe,39100,0x0,Other,-1,0,0,Composed: Copy with GPU GDI,29724.2890,NA,16.45400000000000,16.68030000000000,0.00000000000000,7.57540000000000,28.9374,29707.8350,16.4540,16.4540,0.0000,16.3273,7.7021,7.7021,0.0000,0.0340,29707.8350,NA
parkey.exe,39100,0x0,Other,-1,0,0,Composed: Copy with GPU GDI,29741.1545,NA,16.86550000000000,16.68880000000000,0.00000000000000,7.98280000000000,28.7607,29724.2890,16.8655,16.8655,0.0000,16.7211,8.1272,8.1272,0.0000,-0.2348,29724.2890,NA
parkey.exe,39100,0x0,Other,-1,0,0,Composed: Copy with GPU GDI,29757.7006,NA,16.54610000000000,16.66640000000000,0.00000000000000,7.25640000000000,28.8810,29741.1545,16.5461,16.5461,0.0000,16.4090,7.3935,7.3935,0.0000,0.1991,29741.1545,NA
parkey.exe,39100,0x0,Other,-1,0,0,Composed: Copy with GPU GDI,29774.6438,NA,16.94320000000000,16.68490000000000,0.00000000000000,8.18550000000000,28.6227,29757.7006,16.9432,16.9432,0.0000,16.7807,8.3480,8.3480,0.0000,-0.1388,29757.7006,NA
parkey.exe,39100,0x0,Other,-1,0,0,Composed: Copy with GPU GDI,29791.2552,NA,16.61140000000000,16.68060000000000,0.00000000000000,7.33720000000000,28.6919,29774.6438,16.6114,16.6114,0.0000,16.5815,7.3671,7.3671,0.0000,0.2626,29774.6438,NA
parkey.exe,39100,0x0,Other,-1,0,0,Composed: Copy with GPU GDI,29807.6656,NA,16.41040000000000,16.68000000000000,0.00000000000000,7.57190000000000,28.9615,29791.2552,16.4104,16.4104,0.0000,16.2781,7.7042,7.7042,0.0000,-0.0686,29791.2552,NA
parkey.exe,39100,0x0,Other,-1,0,0,Composed: Copy with GPU GDI,29824.1831,NA,16.51750000000000,16.67430000000000,0.00000000000000,8.67320000000000,29.1183,29807.6656,16.5175,16.5175,0.0000,16.3970,8.7937,8.7937,0.0000,-0.2639,29807.6656,NA
parkey.exe,39100,0x0,Other,-1,0,0,Composed: Copy with GPU GDI,29841.0252,NA,16.84210000000000,16.68570000000000,0.00000000000000,7.26740000000000,28.9619,29824.1831,16.8421,16.8421,0.0000,16.7015,7.4080,7.4080,0.0000,-0.1682,29824.1831,NA
parkey.exe,39100,0x0,Other,-1,0,0,Composed: Copy with GPU GDI,29857.5017,NA,16.47650000000000,16.68500000000000,0.00000000000000,8.36140000000000,29.1704,29841.0252,16.4765,16.4765,0.0000,16.3553,8.4826,8.4826,0.0000,0.1571,29841.0252,NA
parkey.exe,39100,0x0,Other,-1,0,0,Composed: Copy with GPU GDI,29874.2092,NA,16.70750000000000,16.67480000000000,0.00000000000000,8.69360000000000,29.1377,29857.5017,16.7075,16.7075,0.0000,16.5859,8.8152,8.8152,0.0000,-0.1983,29857.5017,NA
parkey.exe,39100,0x0,Other,-1,0,0,Composed: Copy with GPU GDI,29890.8588,NA,16.64960000000000,16.68090000000000,0.00000000000000,7.38980000000000,29.1690,29874.2092,16.6496,16.6496,0.0000,16.5263,7.5131,7.5131,0.0000,0.0266,29874.2092,NA
parkey.exe,39100,0x0,Other,-1,0,0,Composed: Copy with GPU GDI,29907.4082,NA,16.54940000000000,16.67840000000000,0.00000000000000,8.69470000000000,29.2980,29890.8588,16.5494,16.5494,0.0000,16.4462,8.7979,8.7979,0.0000,-0.0288,29890.8588,NA
parkey.exe,39100,0x0,Other,-1,0,0,Composed: Copy with GPU GDI,29924.2758,NA,16.86760000000000,16.68020000000000,0.00000000000000,7.23270000000000,29.1106,29907.4082,16.8676,16.8676,0.0000,16.7144,7.3859,7.3859,0.0000,-0.1308,29907.4082,NA
parkey.exe,39100,0x0,Other,-1,0,0,Composed: Copy with GPU GDI,29940.7441,NA,16.46830000000000,16.68490000000000,0.00000000000000,8.06350000000000,29.3272,29924.2758,16.4683,16.4683,0.0000,16.3631,8.1687,8.1687,0.0000,0.1827,29924.2758,NA
parkey.exe,39100,0x0,Other,-1,0,0,Composed: Copy with GPU GDI,29957.4702,NA,16.72610000000000,16.67670000000000,0.00000000000000,8.63410000000000,29.2778,29940.7441,16.7261,16.7261,0.0000,16.6052,8.7550,8.7550,0.0000,-0.2084,29940.7441,NA
parkey.exe,39100,0x0,Other,-1,0,0,Composed: Copy with GPU GDI,29974.4015,NA,16.93130000000000,16.68040000000000,0.00000000000000,7.65750000000000,29.0269,29957.4702,16.9313,16.9313,0.0000,16.7694,7.8194,7.8194,0.0000,0.0457,29957.4702,NA
parkey.exe,39100,0x0,Other,-1,0,0,Composed: Copy with GPU GDI,29990.8130,NA,16.41150000000000,16.68790000000000,0.00000000000000,8.67560000000000,29.3033,29974.4015,16.4115,16.4115,0.0000,16.2916,8.7955,8.7955,0.0000,0.2434,29974.4015,NA
parkey.exe,39100,0x0,Other,-1,0,0,Composed: Copy with GPU GDI,30007.5309,NA,16.71790000000000,16.67240000000000,0.00000000000000,7.23290000000000,29.2578,29990.8130,16.7179,16.7179,0.0000,16.5767,7.3741,7.3741,0.0000,-0.2609,29990.8130,NA
parkey.exe,39100,0x0,Other,-1,0,0,Composed: Copy with GPU GDI,30024.3356,NA,16.80470000000000,16.68280000000000,0.00000000000000,8.32210000000000,29.1359,30007.5309,16.8047,16.8047,0.0000,16.6786,8.4482,8.4482,0.0000,0.0351,30007.5309,NA
parkey.exe,39100,0x0,Other,-1,0,0,Composed: Copy with GPU GDI,30040.8346,NA,16.49900000000000,16.68390000000000,0.00000000000000,6.89990000000000,29.3208,30024.3356,16.4990,16.4990,0.0000,16.3542,7.0447,7.0447,0.0000,0.1208,30024.3356,NA
parkey.exe,39100,0x0,Other,-1,0,0,Composed: Copy with GPU GDI,30057.4086,NA,16.57400000000000,16.67790000000000,0.00000000000000,7.46620000000000,29.4247,30040.8346,16.5740,16.5740,0.0000,16.4635,7.5767,7.5767,0.0000,-0.1789,30040.8346,NA
parkey.exe,39100,0x0,Other,-1,0,0,Composed: Copy with GPU GDI,30074.0054,NA,16.59680000000000,16.67020000000000,0.00000000000000,8.73080000000000,29.4981,30057.4086,16.5968,16.5968,0.0000,16.4943,8.8333,8.8333,0.0000,-0.0962,30057.4086,NA
parkey.exe,39100,0x0,Other,-1,0,0,Composed: Copy with GPU GDI,30090.7574,NA,16.75200000000000,16.68930000000000,0.00000000000000,7.26410000000000,29.4354,30074.0054,16.7520,16.7520,0.0000,16.6263,7.3898,7.3898,0.0000,-0.0925,30074.0054,NA
parkey.exe,39100,0x0,Other,-1,0,0,Composed: Copy with GPU GDI,30107.5091,NA,16.75170000000000,16.67680000000000,0.00000000000000,8.30360000000000,29.3605,30090.7574,16.7517,16.7517,0.0000,16.6404,8.4149,8.4149,0.0000,0.0752,30090.7574,NA
parkey.exe,39100,0x0,Other,-1,0,0,Composed: Copy with GPU GDI,30124.3671,NA,16.85800000000000,16.68250000000000,0.00000000000000,7.36960000000000,29.1850,30107.5091,16.8580,16.8580,0.0000,16.7161,7.5115,7.5115,0.0000,0.0692,30107.5091,NA
parkey.exe,39100,0x0,Other,-1,0,0,Composed: Copy with GPU GDI,30140.8760,NA,16.50890000000000,16.68040000000000,0.00000000000000,6.19700000000000,29.3565,30124.3671,16.5089,16.5089,0.0000,16.3899,6.3160,6.3160,0.0000,0.1776,30124.3671,NA
parkey.exe,39100,0x0,Other,-1,0,0,Composed: Copy with GPU GDI,30157.8648,NA,16.98880000000000,16.67160000000000,0.00000000000000,8.63650000000000,29.0393,30140.8760,16.9888,16.9888,0.0000,16.8306,8.7947,8.7947,0.0000,-0.1627,30140.8760,NA
parkey.exe,39100,0x0,Other,-1,0,0,Composed: Copy with GPU GDI,30174.5795,NA,16.71470000000000,16.68520000000000,0.00000000000000,7.23350000000000,29.0098,30157.8648,16.7147,16.7147,0.0000,16.5263,7.4219,7.4219,0.0000,0.3036,30157.8648,NA
parkey.exe,39100,0x0,Other,-1,0,0,Composed: Copy with GPU GDI,30191.0022,NA,16.42270000000000,16.67960000000000,0.00000000000000,8.27300000000000,29.2667,30174.5795,16.4227,16.4227,0.0000,16.2750,8.4207,8.4207,0.0000,0.0351,30174.5795,NA
parkey.exe,39100,0x0,Other,-1,0,0,Composed: Copy with GPU GDI,30207.7134,NA,16.71120000000000,16.67740000000000,0.00000000000000,8.49260000000000,29.2329,30191.0022,16.7112,16.7112,0.0000,16.5627,8.6411,8.6411,0.0000,-0.2547,30191.0022,NA
parkey.exe,39100,0x0,Other,-1,0,0,Composed: Copy with GPU GDI,30224.2537,NA,16.54030000000000,16.69000000000000,0.00000000000000,7.43860000000000,29.3826,30207.7134,16.5403,16.5403,0.0000,16.4284,7.5505,7.5505,0.0000,0.0212,30207.7134,NA
parkey.exe,39100,0x0,Other,-1,0,0,Composed: Copy with GPU GDI,30240.7057,NA,16.45200000000000,16.67110000000000,0.00000000000000,8.03920000000000,29.6017,30224.2537,16.4520,16.4520,0.0000,16.3443,8.1469,8.1213,0.0256,-0.1308,30224.2537,NA
parkey.exe,39100,0x0,Other,-1,0,0,Composed: Copy with GPU GDI,30257.4724,NA,16.76670000000000,16.68920000000000,0.00000000000000,7.26560000000000,29.5242,30240.7057,16.7667,16.7667,0.0000,16.6449,7.3874,7.3874,0.0000,-0.2372,30240.7057,NA
parkey.exe,39100,0x0,Other,-1,0,0,Composed: Copy with GPU GDI,30274.2843,NA,16.81190000000000,16.67980000000000,0.00000000000000,8.29270000000000,29.3921,30257.4724,16.8119,16.8119,0.0000,16.6743,8.4303,8.4303,0.0000,0.0869,30257.4724,NA
parkey.exe,39100,0x0,Other,-1,0,0,Composed: Copy with GPU GDI,30290.7922,NA,16.50790000000000,16.67620000000000,0.00000000000000,8.63470000000000,29.5604,30274.2843,16.5079,16.5079,0.0000,16.3794,8.7632,8.7632,0.0000,0.1357,30274.2843,NA
parkey.exe,39100,0x0,Other,-1,0,0,Composed: Copy with GPU GDI,30307.3888,NA,16.59660000000000,16.67810000000000,0.00000000000000,7.43440000000000,29.6419,30290.7922,16.5966,16.5966,0.0000,16.4846,7.5464,7.5464,0.0000,-0.1702,30290.7922,NA
parkey.exe,39100,0x0,Other,-1,0,0,Composed: Copy with GPU GDI,30324.2169,NA,16.82810000000000,16.67620000000000,0.00000000000000,8.62490000000000,29.4900,30307.3888,16.8281,16.8281,0.0000,16.6985,8.7545,8.7545,0.0000,-0.0796,30307.3888,NA
parkey.exe,39100,0x0,Other,-1,0,0,Composed: Copy with GPU GDI,30340.7770,NA,16.56010000000000,16.68180000000000,0.00000000000000,6.20840000000000,29.6117,30324.2169,16.5601,16.5601,0.0000,16.4480,6.3205,6.3205,0.0000,0.1463,30324.2169,NA
parkey.exe,39100,0x0,Other,-1,0,0,Composed: Copy with GPU GDI,30357.4352,NA,16.65820000000000,9.80210000000000,0.00000000000000,8.36650000000000,22.7556,30340.7770,16.6582,16.6582,0.0000,16.5465,8.4782,8.4782,0.0000,6.7580,30340.7770,NA
parkey.exe,39100,0x0,Other,-1,0,0,Composed: Copy with GPU GDI,30374.1208,NA,16.68560000000000,23.56220000000000,0.00000000000000,7.38810000000000,29.6322,30357.4352,16.6856,16.6856,0.0000,16.8289,7.2448,7.2448,0.0000,-6.9040,30357.4352,NA
parkey.exe,39100,0x0,Other,-1,0,0,Composed: Copy with GPU GDI,30390.8590,NA,16.73820000000000,16.68040000000000,0.00000000000000,7.41020000000000,29.5744,30374.1208,16.7382,16.7382,0.0000,16.6014,7.5470,7.5470,0.0000,0.0052,30374.1208,NA
parkey.exe,39100,0x0,Other,-1,0,0,Composed: Copy with GPU GDI,30407.4791,NA,16.62010000000000,16.67350000000000,0.00000000000000,8.61550000000000,29.6278,30390.8590,16.6201,16.6201,0.0000,16.4698,8.7658,8.7658,0.0000,0.0647,30390.8590,NA
parkey.exe,39100,0x0,Other,-1,0,0,Composed: Copy with GPU GDI,30424.1282,NA,16.64910000000000,16.68530000000000,0.00000000000000,7.26740000000000,29.6640,30407.4791,16.6491,16.6491,0.0000,16.5245,7.3920,7.3920,0.0000,-0.0652,30407.4791,NA
parkey.exe,39100,0x0,Other,-1,0,0,Composed: Copy with GPU GDI,30440.8823,NA,16.75410000000000,9.73730000000000,0.00000000000000,7.97690000000000,22.6472,30424.1282,16.7541,16.7541,0.0000,16.6255,8.1055,8.1055,0.0000,6.9118,30424.1282,NA
parkey.exe,39100,0x0,Other,-1,0,0,Composed: Copy with GPU GDI,30457.4230,NA,16.54070000000000,23.63270000000000,0.00000000000000,7.39410000000000,29.7392,30440.8823,16.5407,16.5407,0.0000,16.4074,7.5274,7.5274,0.0000,-6.8786,30440.8823,NA
parkey.exe,39100,0x0,Other,-1,0,0,Composed: Copy with GPU GDI,30474.3005,NA,16.87750000000000,16.67660000000000,0.00000000000000,7.38390000000000,29.5383,30457.4230,16.8775,16.8775,0.0000,16.7360,7.5254,7.5254,0.0000,-0.1359,30457.4230,NA
parkey.exe,39100,0x0,Other,-1,0,0,Composed: Copy with GPU GDI,30490.9648,NA,16.66430000000000,16.66990000000000,0.00000000000000,8.61400000000000,29.5439,30474.3005,16.6643,16.6643,0.0000,16.5247,8.7536,8.7536,0.0000,0.2076,30474.3005,NA
parkey.exe,39100,0x0,Other,-1,0,0,Composed: Copy with GPU GDI,30507.5423,NA,16.57750000000000,16.68770000000000,0.00000000000000,7.25370000000000,29.6541,30490.9648,16.5775,16.5775,0.0000,16.4415,7.3897,7.3897,0.0000,-0.0234,30490.9648,NA
parkey.exe,39100,0x0,Other,-1,0,0,Composed: Copy with GPU GDI,30524.0343,NA,16.49200000000000,16.67650000000000,0.00000000000000,8.33550000000000,29.8386,30507.5423,16.4920,16.4920,0.0000,16.3808,8.4467,8.4467,0.0000,-0.0990,30507.5423,NA
parkey.exe,39100,0x0,Other,-1,0,0,Composed: Copy with GPU GDI,30540.9008,NA,16.86650000000000,16.68310000000000,0.00000000000000,7.00720000000000,29.6552,30524.0343,16.8665,16.8665,0.0000,16.7260,7.1477,7.1477,0.0000,-0.1911,30524.0343,NA
parkey.exe,39100,0x0,Other,-1,0,0,Composed: Copy with GPU GDI,30557.3939,NA,16.49310000000000,16.67870000000000,0.00000000000000,7.44720000000000,29.8408,30540.9008,16.4931,16.4931,0.0000,16.3802,7.5601,7.5601,0.0000,0.1878,30540.9008,NA
parkey.exe,39100,0x0,Other,-1,0,0,Composed: Copy with GPU GDI,30574.0693,NA,16.67540000000000,16.67530000000000,0.00000000000000,8.68890000000000,29.8407,30557.3939,16.6754,16.6754,0.0000,16.5567,8.8076,8.8076,0.0000,-0.1822,30557.3939,NA
parkey.exe,39100,0x0,Other,-1,0,0,Composed: Copy with GPU GDI,30590.8697,NA,16.80040000000000,16.68500000000000,0.00000000000000,7.27310000000000,29.7253,30574.0693,16.8004,16.8004,0.0000,16.6727,7.4008,7.4008,0.0000,-0.0096,30574.0693,NA
parkey.exe,39100,0x0,Other,-1,0,0,Composed: Copy with GPU GDI,30607.4042,NA,16.53450000000000,9.64590000000000,0.00000000000000,8.32190000000000,22.8367,30590.8697,16.5345,16.5345,0.0000,16.4250,8.4314,8.4314,0.0000,7.1545,30590.8697,NA
parkey.exe,39100,0x0,Other,-1,0,0,Composed: Copy with GPU GDI,30624.0413,NA,16.63710000000000,23.71410000000000,0.00000000000000,8.22610000000000,29.9137,30607.4042,16.6371,16.6371,0.0000,16.4891,8.3741,8.3741,0.0000,-7.1796,30607.4042,NA
parkey.exe,39100,0x0,Other,-1,0,0,Composed: Copy with GPU GDI,30641.0550,NA,17.01370000000000,16.68940000000000,0.00000000000000,6.14690000000000,29.5894,30624.0413,17.0137,17.0137,0.0000,16.8690,6.2916,6.2916,0.0000,-0.0523,30624.0413,NA
parkey.exe,39100,0x0,Other,-1,0,0,Composed: Copy with GPU GDI,30657.4487,NA,16.39370000000000,16.66860000000000,0.00000000000000,8.61290000000000,29.8643,30641.0550,16.3937,16.3937,0.0000,16.2837,8.7229,8.7229,0.0000,0.3451,30641.0550,NA
parkey.exe,39100,0x0,Other,-1,0,0,Composed: Copy with GPU GDI,30674.1651,NA,16.71640000000000,16.68310000000000,0.00000000000000,7.27250000000000,29.8310,30657.4487,16.7164,16.7164,0.0000,16.6041,7.3848,7.3848,0.0000,-0.2894,30657.4487,NA
parkey.exe,39100,0x0,Other,-1,0,0,Composed: Copy with GPU GDI,30690.6976,NA,16.53250000000000,9.57480000000000,0.00000000000000,8.28170000000000,22.8733,30674.1651,16.5325,16.5325,0.0000,16.4015,8.4127,8.4127,0.0000,7.1416,30674.1651,NA
parkey.exe,39100,0x0,Other,-1,0,0,Composed: Copy with GPU GDI,30707.5224,NA,16.82480000000000,23.78760000000000,0.00000000000000,8.82850000000000,29.8361,30690.6976,16.8248,16.8248,0.0000,16.6750,8.9783,8.9783,0.0000,-7.2551,30690.6976,NA
parkey.exe,39100,0x0,Other,-1,0,0,Composed: Copy with GPU GDI,30724.1220,NA,16.59960000000000,16.68370000000000,0.00000000000000,7.47200000000000,29.9202,30707.5224,16.5996,16.5996,0.0000,16.4795,7.5921,7.5921,0.0000,0.1411,30707.5224,NA
parkey.exe,39100,0x0,Other,-1,0,0,Composed: Copy with GPU GDI,30740.8520,NA,16.73000000000000,16.67390000000000,0.00000000000000,7.97760000000000,29.8641,30724.1220,16.7300,16.7300,0.0000,16.6075,8.1001,8.1001,0.0000,-0.0743,30724.1220,NA
parkey.exe,39100,0x0,Other,-1,0,0,Composed: Copy with GPU GDI,30757.5503,NA,16.69830000000000,16.67870000000000,0.00000000000000,7.27120000000000,29.8445,30740.8520,16.6983,16.6983,0.0000,16.5755,7.3940,7.3940,0.0000,0.0513,30740.8520,NA
parkey.exe,39100,0x0,Other,-1,0,0,Composed: Copy with GPU GDI,30774.6749,NA,17.12460000000000,16.41900000000000,0.00000000000000,8.21420000000000,29.1389,30757.5503,17.1246,17.1246,0.0000,16.9445,8.3943,8.3943,0.0000,0.2793,30757.5503,NA
parkey.exe,39100,0x0,Other,-1,0,0,Composed: Copy with GPU GDI,30790.9658,NA,16.29090000000000,16.94420000000000,0.00000000000000,8.71930000000000,29.7922,30774.6749,16.2909,16.2909,0.0000,16.1597,8.8505,8.8505,0.0000,0.1804,30774.6749,NA
parkey.exe,39100,0x0,Other,-1,0,0,Composed: Copy with GPU GDI,30807.4987,NA,16.53290000000000,16.68030000000000,0.00000000000000,7.42950000000000,29.9396,30790.9658,16.5329,16.5329,0.0000,16.4099,7.5525,7.5525,0.0000,-0.3894,30790.9658,NA
parkey.exe,39100,0x0,Other,-1,0,0,Composed: Copy with GPU GDI,30824.2293,NA,16.73060000000000,16.67560000000000,0.00000000000000,8.65840000000000,29.8846,30807.4987,16.7306,16.7306,0.0000,16.6068,8.7822,8.7822,0.0000,-0.1427,30807.4987,NA
parkey.exe,39100,0x0,Other,-1,0,0,Composed: Copy with GPU GDI,30840.7343,NA,16.50500000000000,5.31840000000000,0.00000000000000,7.18320000000000,18.6980,30824.2293,16.5050,16.5050,0.0000,16.3887,7.2995,7.2995,0.0000,11.4122,30824.2293,NA
parkey.exe,39100,0x0,Other,-1,0,0,Composed: Copy with GPU GDI,30857.7914,NA,17.05710000000000,20.83890000000000,0.00000000000000,8.37370000000000,22.4798,30840.7343,17.0571,17.0571,0.0000,16.8953,8.5355,8.5355,0.0000,-4.3339,30840.7343,NA
parkey.exe,39100,0x0,Other,-1,0,0,Composed: Copy with GPU GDI,30874.2289,NA,16.43750000000000,23.89650000000000,0.00000000000000,8.18020000000000,29.9388,30857.7914,16.4375,16.4375,0.0000,16.3102,8.3075,8.3075,0.0000,-6.8394,30857.7914,NA
parkey.exe,39100,0x0,Other,-1,0,0,Composed: Copy with GPU GDI,30890.8214,NA,16.59250000000000,16.67270000000000,0.00000000000000,7.43790000000000,30.0190,30874.2289,16.5925,16.5925,0.0000,16.4777,7.5527,7.5527,0.0000,-0.2352,30874.2289,NA
parkey.exe,39100,0x0,Other,-1,0,0,Composed: Copy with GPU GDI,30907.4324,NA,16.61100000000000,16.67330000000000,0.00000000000000,8.64080000000000,30.0813,30890.8214,16.6110,16.6110,0.0000,16.4832,8.7686,8.7686,0.0000,-0.0808,30890.8214,NA
parkey.exe,39100,0x0,Other,-1,0,0,Composed: Copy with GPU GDI,30924.2922,NA,16.85980000000000,16.68280000000000,0.00000000000000,7.11470000000000,29.9043,30907.4324,16.8598,16.8598,0.0000,16.7065,7.2680,7.2680,0.0000,-0.0718,30907.4324,NA
parkey.exe,39100,0x0,Other,-1,0,0,Composed: Copy with GPU GDI,30940.7641,NA,16.47190000000000,9.41140000000000,0.00000000000000,7.98110000000000,22.8438,30924.2922,16.4719,16.4719,0.0000,16.3503,8.1027,8.1027,0.0000,7.4484,30924.2922,NA
parkey.exe,39100,0x0,Other,-1,0,0,Composed: Copy with GPU GDI,30957.3578,NA,16.59370000000000,23.95260000000000,0.00000000000000,8.25740000000000,30.2027,30940.7641,16.5937,16.5937,0.0000,16.4818,8.3693,8.3693,0.0000,-7.4807,30940.7641,NA
parkey.exe,39100,0x0,Other,-1,0,0,Composed: Copy with GPU GDI,30974.0550,NA,16.69720000000000,16.68140000000000,0.00000000000000,7.39010000000000,30.1869,30957.3578,16.6972,16.6972,0.0000,16.5857,7.5016,7.5016,0.0000,-0.0877,30957.3578,NA
parkey.exe,39100,0x0,Other,-1,0,0,Composed: Copy with GPU GDI,30991.0536,NA,16.99860000000000,16.67850000000000,0.00000000000000,8.72150000000000,29.8668,30974.0550,16.9986,16.9986,0.0000,16.8534,8.8667,8.8667,0.0000,0.0187,30974.0550,NA
parkey.exe,39100,0x0,Other,-1,0,0,Composed: Copy with GPU GDI,31007.6086,NA,16.55500000000000,16.67780000000000,0.00000000000000,7.15770000000000,29.9896,30991.0536,16.5550,16.5550,0.0000,16.4305,7.2822,7.2822,0.0000,0.3208,30991.0536,NA
parkey.exe,39100,0x0,Other,-1,0,0,Composed: Copy with GPU GDI,31024.3128,NA,16.70420000000000,16.67900000000000,0.00000000000000,8.26240000000000,29.9644,31007.6086,16.7042,16.7042,0.0000,16.5690,8.3976,8.3976,0.0000,-0.1240,31007.6086,NA
parkey.exe,39100,0x0,Other,-1,0,0,Composed: Copy with GPU GDI,31040.6957,NA,16.38290000000000,16.67990000000000,0.00000000000000,7.45390000000000,30.2614,31024.3128,16.3829,16.3829,0.0000,16.2583,7.5785,7.5785,0.0000,0.0243,31024.3128,NA
parkey.exe,39100,0x0,Other,-1,0,0,Composed: Copy with GPU GDI,31057.5041,NA,16.80840000000000,16.68400000000000,0.00000000000000,7.44930000000000,30.1370,31040.6957,16.8084,16.8084,0.0000,16.6759,7.5818,7.5818,0.0000,-0.3011,31040.6957,NA
parkey.exe,39100,0x0,Other,-1,0,0,Composed: Copy with GPU GDI,31074.0399,NA,16.53580000000000,16.67850000000000,0.00000000000000,8.65540000000000,30.2797,31057.5041,16.5358,16.5358,0.0000,16.4194,8.7718,8.7718,0.0000,0.1299,31057.5041,NA
parkey.exe,39100,0x0,Other,-1,0,0,Composed: Copy with GPU GDI,31090.7688,NA,16.72890000000000,16.68610000000000,0.00000000000000,7.15830000000000,30.2369,31074.0399,16.7289,16.7289,0.0000,16.5949,7.2923,7.2923,0.0000,-0.1503,31074.0399,NA
parkey.exe,39100,0x0,Other,-1,0,0,Composed: Copy with GPU GDI,31107.3768,NA,16.60800000000000,9.31390000000000,0.00000000000000,7.91500000000000,22.9428,31090.7688,16.6080,16.6080,0.0000,16.5012,8.0218,8.0218,0.0000,7.4150,31090.7688,NA
parkey.exe,39100,0x0,Other,-1,0,0,Composed: Copy with GPU GDI,31124.0625,NA,16.68570000000000,24.04490000000000,0.00000000000000,8.32160000000000,30.3020,31107.3768,16.6857,16.6857,0.0000,16.5687,8.4386,8.4386,0.0000,-7.4369,31107.3768,NA
parkey.exe,39100,0x0,Other,-1,0,0,Composed: Copy with GPU GDI,31140.8337,NA,16.77120000000000,16.67890000000000,0.00000000000000,6.19780000000000,30.2097,31124.0625,16.7712,16.7712,0.0000,16.6427,6.3263,6.3263,0.0000,0.0068,31124.0625,NA
parkey.exe,39100,0x0,Other,-1,0,0,Composed: Copy with GPU GDI,31157.2959,NA,16.46220000000000,16.67710000000000,0.00000000000000,8.48420000000000,30.4246,31140.8337,16.4622,16.4622,0.0000,16.3574,8.5890,8.5890,0.0000,0.0941,31140.8337,NA
parkey.exe,39100,0x0,Other,-1,0,0,Composed: Copy with GPU GDI,31174.2283,NA,16.93240000000000,16.68350000000000,0.00000000000000,7.12390000000000,30.1757,31157.2959,16.9324,16.9324,0.0000,16.7759,7.2804,7.2804,0.0000,-0.2213,31157.2959,NA
parkey.exe,39100,0x0,Other,-1,0,0,Composed: Copy with GPU GDI,31190.8233,NA,16.59500000000000,9.25030000000000,0.00000000000000,8.30300000000000,22.8310,31174.2283,16.5950,16.5950,0.0000,16.4771,8.4209,8.4209,0.0000,7.6821,31174.2283,NA
parkey.exe,39100,0x0,Other,-1,0,0,Composed: Copy with GPU GDI,31207.3963,NA,16.57300000000000,24.11290000000000,0.00000000000000,8.27830000000000,30.3709,31190.8233,16.5730,16.5730,0.0000,16.4546,8.3967,8.3967,0.0000,-7.5179,31190.8233,NA
parkey.exe,39100,0x0,Other,-1,0,0,Composed: Copy with GPU GDI,31224.0431,NA,16.64680000000000,16.67870000000000,0.00000000000000,7.44710000000000,30.4028,31207.3963,16.6468,16.6468,0.0000,16.5340,7.5599,7.5599,0.0000,-0.1057,31207.3963,NA
parkey.exe,39100,0x0,Other,-1,0,0,Composed: Copy with GPU GDI,31240.7457,NA,16.70260000000000,16.67170000000000,0.00000000000000,7.98070000000000,30.3719,31224.0431,16.7026,16.7026,0.0000,16.5790,8.1043,8.1043,0.0000,-0.0249,31224.0431,NA
parkey.exe,39100,0x0,Other,-1,0,0,Composed: Copy with GPU GDI,31257.3777,NA,16.63200000000000,16.68580000000000,0.00000000000000,7.16210000000000,30.4257,31240.7457,16.6320,16.6320,0.0000,16.5215,7.2726,7.2726,0.0000,0.0168,31240.7457,NA
parkey.exe,39100,0x0,Other,-1,0,0,Composed: Copy with GPU GDI,31274.0363,NA,16.65860000000000,9.21020000000000,0.00000000000000,8.38580000000000,22.9773,31257.3777,16.6586,16.6586,0.0000,16.5427,8.5017,8.5017,0.0000,7.4218,31257.3777,NA
parkey.exe,39100,0x0,Other,-1,0,0,Composed: Copy with GPU GDI,31290.9719,NA,16.93560000000000,24.17780000000000,0.00000000000000,7.54840000000000,30.2195,31274.0363,16.9356,16.9356,0.0000,17.0440,7.4400,7.4400,0.0000,-7.5192,31274.0363,NA
parkey.exe,39100,0x0,Other,-1,0,0,Composed: Copy with GPU GDI,31307.8410,NA,16.86910000000000,16.65270000000000,0.00000000000000,7.40000000000000,30.0031,31290.9719,16.8691,16.8691,0.0000,16.7106,7.5585,7.5585,0.0000,0.2829,31290.9719,NA
parkey.exe,39100,0x0,Other,-1,0,0,Composed: Copy with GPU GDI,31324.1126,NA,16.27160000000000,16.67970000000000,0.00000000000000,8.71340000000000,30.4112,31307.8410,16.2716,16.2716,0.0000,16.1561,8.8289,8.8289,0.0000,0.1894,31307.8410,NA
parkey.exe,39100,0x0,Other,-1,0,0,Composed: Copy with GPU GDI,31340.7901,NA,16.67750000000000,16.68600000000000,0.00000000000000,6.18360000000000,30.4197,31324.1126,16.6775,16.6775,0.0000,16.5441,6.3170,6.3170,0.0000,-0.4144,31324.1126,NA
parkey.exe,39100,0x0,Other,-1,0,0,Composed: Copy with GPU GDI,31357.3041,NA,16.51400000000000,9.13760000000000,0.00000000000000,8.30480000000000,23.0433,31340.7901,16.5140,16.5140,0.0000,16.4088,8.4100,8.4100,0.0000,7.5399,31340.7901,NA
parkey.exe,39100,0x0,Other,-1,0,0,Composed: Copy with GPU GDI,31374.2871,NA,16.98300000000000,24.21800000000000,0.00000000000000,8.18550000000000,30.2783,31357.3041,16.9830,16.9830,0.0000,16.8328,8.3357,8.3357,0.0000,-7.7040,31357.3041,NA
parkey.exe,39100,0x0,Other,-1,0,0,Composed: Copy with GPU GDI,31390.9567,NA,16.66960000000000,16.67630000000000,0.00000000000000,7.43250000000000,30.2850,31374.2871,16.6696,16.6696,0.0000,16.5242,7.5779,7.5779,0.0000,0.3067,31374.2871,NA
parkey.exe,39100,0x0,Other,-1,0,0,Composed: Copy with GPU GDI,31407.3988,NA,16.44210000000000,16.68410000000000,0.00000000000000,8.70970000000000,30.5270,31390.9567,16.4421,16.4421,0.0000,16.3189,8.8329,8.8329,0.0000,-0.0145,31390.9567,NA
parkey.exe,39100,0x0,Other,-1,0,0,Composed: Copy with GPU GDI,31424.0846,NA,16.68580000000000,16.68050000000000,0.00000000000000,8.20730000000000,30.5217,31407.3988,16.6858,16.6858,0.0000,16.5625,8.3306,8.3306,0.0000,-0.2384,31407.3988,NA
parkey.exe,39100,0x0,Other,-1,0,0,Composed: Copy with GPU GDI,31440.9308,NA,16.84620000000000,16.69920000000000,0.00000000000000,8.15170000000000,30.3747,31424.0846,16.8462,16.8462,0.0000,16.6977,8.3002,8.3002,0.0000,-0.0134,31424.0846,NA
parkey.exe,39100,0x0,Other,-1,0,0,Composed: Copy with GPU GDI,31457.7917,NA,16.86090000000000,16.66090000000000,0.00000000000000,8.02680000000000,30.1747,31440.9308,16.8609,16.8609,0.0000,16.6998,8.1879,8.1879,0.0000,0.1853,31440.9308,NA
parkey.exe,39100,0x0,Other,-1,0,0,Composed: Copy with GPU GDI,31474.8404,NA,17.04870000000000,16.68190000000000,0.00000000000000,7.71660000000000,29.8079,31457.7917,17.0487,17.0487,0.0000,16.8320,7.9333,7.9333,0.0000,0.1790,31457.7917,NA
parkey.exe,39100,0x0,Other,-1,0,0,Composed: Copy with GPU GDI,31491.2059,NA,16.36550000000000,16.67840000000000,0.00000000000000,8.60390000000000,30.1208,31474.8404,16.3655,16.3655,0.0000,16.2059,8.7635,8.7635,0.0000,0.3703,31474.8404,NA
parkey.exe,39100,0x0,Other,-1,0,0,Composed: Copy with GPU GDI,31507.9311,NA,16.72520000000000,16.68620000000000,0.00000000000000,7.19590000000000,30.0818,31491.2059,16.7252,16.7252,0.0000,16.5389,7.3822,7.3822,0.0000,-0.3207,31491.2059,NA
parkey.exe,39100,0x0,Other,-1,0,0,Composed: Copy with GPU GDI,31524.2145,NA,16.28340000000000,16.67280000000000,0.00000000000000,8.26180000000000,30.4712,31507.9311,16.2834,16.2834,0.0000,16.1510,8.3942,8.3942,0.0000,0.0524,31507.9311,NA
parkey.exe,39100,0x0,Other,-1,0,0,Composed: Copy with GPU GDI,31540.7894,NA,16.57490000000000,16.67770000000000,0.00000000000000,7.38060000000000,30.5740,31524.2145,16.5749,16.5749,0.0000,16.4594,7.4961,7.4961,0.0000,-0.3943,31524.2145,NA
parkey.exe,39100,0x0,Other,-1,0,0,Composed: Copy with GPU GDI,31557.3876,NA,16.59820000000000,16.68460000000000,0.00000000000000,7.80790000000000,30.6604,31540.7894,16.5982,16.5982,0.0000,16.4887,7.9174,7.9174,0.0000,-0.1097,31540.7894,NA
parkey.exe,39100,0x0,Other,-1,0,0,Composed: Copy with GPU GDI,31574.0860,NA,16.69840000000000,16.67620000000000,0.00000000000000,8.61210000000000,30.6382,31557.3876,16.6984,16.6984,0.0000,16.5811,8.7294,8.7294,0.0000,-0.0780,31557.3876,NA
parkey.exe,39100,0x0,Other,-1,0,0,Composed: Copy with GPU GDI,31590.8574,NA,16.77140000000000,16.67880000000000,0.00000000000000,7.14410000000000,30.5456,31574.0860,16.7714,16.7714,0.0000,16.6174,7.2981,7.2981,0.0000,0.0196,31574.0860,NA
parkey.exe,39100,0x0,Other,-1,0,0,Composed: Copy with GPU GDI,31607.2926,NA,16.43520000000000,8.98250000000000,0.00000000000000,8.28450000000000,23.0929,31590.8574,16.4352,16.4352,0.0000,16.3230,8.3967,8.3967,0.0000,7.7889,31590.8574,NA
parkey.exe,39100,0x0,Other,-1,0,0,Composed: Copy with GPU GDI,31624.0277,NA,16.73510000000000,24.38400000000000,0.00000000000000,8.55380000000000,30.7418,31607.2926,16.7351,16.7351,0.0000,16.6084,8.6805,8.6805,0.0000,-7.9488,31607.2926,NA
parkey.exe,39100,0x0,Other,-1,0,0,Composed: Copy with GPU GDI,31640.7782,NA,16.75050000000000,16.67990000000000,0.00000000000000,7.78890000000000,30.6712,31624.0277,16.7505,16.7505,0.0000,16.6252,7.9142,7.9142,0.0000,0.0552,31624.0277,NA
parkey.exe,39100,0x0,Other,-1,0,0,Composed: Copy with GPU GDI,31657.5392,NA,16.76100000000000,16.68320000000000,0.00000000000000,8.63990000000000,30.5934,31640.7782,16.7610,16.7610,0.0000,16.6338,8.7671,8.7671,0.0000,0.0673,31640.7782,NA
parkey.exe,39100,0x0,Other,-1,0,0,Composed: Copy with GPU GDI,31674.0468,NA,16.50760000000000,16.68080000000000,0.00000000000000,7.64750000000000,30.7666,31657.5392,16.5076,16.5076,0.0000,16.3849,7.7702,7.7702,0.0000,0.0802,31657.5392,NA
parkey.exe,39100,0x0,Other,-1,0,0,Composed: Copy with GPU GDI,31690.6465,NA,16.59970000000000,16.67550000000000,0.00000000000000,8.31720000000000,30.8424,31674.0468,16.5997,16.5997,0.0000,16.4835,8.4334,8.4334,0.0000,-0.1679,31674.0468,NA
parkey.exe,39100,0x0,Other,-1,0,0,Composed: Copy with GPU GDI,31707.8661,NA,17.21960000000000,6.16480000000000,0.00000000000000,8.26690000000000,19.7876,31690.6465,17.2196,17.2196,0.0000,16.9490,8.5375,8.5375,0.0000,10.4349,31690.6465,NA
parkey.exe,39100,0x0,Other,-1,0,0,Composed: Copy with GPU GDI,31724.3712,NA,16.50510000000000,27.19520000000000,0.00000000000000,7.80030000000000,30.4777,31707.8661,16.5051,16.5051,0.0000,16.3587,7.9467,7.9467,0.0000,-9.9756,31707.8661,NA
parkey.exe,39100,0x0,Other,-1,0,0,Composed: Copy with GPU GDI,31741.1384,NA,16.76720000000000,16.67880000000000,0.00000000000000,7.99450000000000,30.3893,31724.3712,16.7672,16.7672,0.0000,16.6138,8.1479,8.1479,0.0000,-0.1737,31724.3712,NA
parkey.exe,39100,0x0,Other,-1,0,0,Composed: Copy with GPU GDI,31757.5515,NA,16.41310000000000,16.68740000000000,0.00000000000000,7.24180000000000,30.6636,31741.1384,16.4131,16.4131,0.0000,16.2932,7.3617,7.3617,0.0000,0.0798,31741.1384,NA
parkey.exe,39100,0x0,Other,-1,0,0,Composed: Copy with GPU GDI,31774.1496,NA,16.59810000000000,16.67470000000000,0.00000000000000,8.26940000000000,30.7402,31757.5515,16.5981,16.5981,0.0000,16.4687,8.3988,8.3988,0.0000,-0.2616,31757.5515,NA
parkey.exe,39100,0x0,Other,-1,0,0,Composed: Copy with GPU GDI,31790.7295,NA,16.57990000000000,16.68150000000000,0.00000000000000,8.56250000000000,30.8418,31774.1496,16.5799,16.5799,0.0000,16.5391,8.6033,8.6033,0.0000,-0.0834,31774.1496,NA
parkey.exe,39100,0x0,Other,-1,0,0,Composed: Copy with GPU GDI,31807.4393,NA,16.70980000000000,16.67750000000000,0.00000000000000,7.79050000000000,30.8095,31790.7295,16.7098,16.7098,0.0000,16.5774,7.9229,7.9229,0.0000,-0.0976,31790.7295,NA
parkey.exe,39100,0x0,Other,-1,0,0,Composed: Copy with GPU GDI,31824.0402,NA,16.60090000000000,14.36200000000000,0.00000000000000,8.65370000000000,28.5706,31807.4393,16.6009,16.6009,0.0000,16.4849,8.7697,8.7697,0.0000,2.3478,31807.4393,NA
parkey.exe,39100,0x0,Other,-1,0,0,Composed: Copy with GPU GDI,31841.0588,NA,17.01860000000000,18.99720000000000,0.00000000000000,7.43590000000000,30.5492,31824.0402,17.0186,17.0186,0.0000,16.8535,7.6010,7.6010,0.0000,-2.3963,31824.0402,NA
parkey.exe,39100,0x0,Other,-1,0,0,Composed: Copy with GPU GDI,31857.4160,NA,16.35720000000000,16.67900000000000,0.00000000000000,8.34420000000000,30.8710,31841.0588,16.3572,16.3572,0.0000,16.2396,8.4618,8.4618,0.0000,0.3396,31841.0588,NA
parkey.exe,39100,0x0,Other,-1,0,0,Composed: Copy with GPU GDI,31874.0051,NA,16.58910000000000,16.68010000000000,0.00000000000000,8.66610000000000,30.9620,31857.4160,16.5891,16.5891,0.0000,16.5784,8.6768,8.6768,0.0000,-0.3229,31857.4160,NA
parkey.exe,39100,0x0,Other,-1,0,0,Composed: Copy with GPU GDI,31890.7633,NA,16.75820000000000,16.68540000000000,0.00000000000000,7.78040000000000,30.8892,31874.0051,16.7582,16.7582,0.0000,16.6423,7.8963,7.8963,0.0000,-0.0963,31874.0051,NA
parkey.exe,39100,0x0,Other,-1,0,0,Composed: Copy with GPU GDI,31907.5253,NA,16.76200000000000,16.69290000000000,0.00000000000000,8.20750000000000,30.8201,31890.7633,16.7620,16.7620,0.0000,16.5264,8.4431,8.4431,0.0000,0.0653,31890.7633,NA
parkey.exe,39100,0x0,Other,-1,0,0,Composed: Copy with GPU GDI,31924.2373,NA,16.71200000000000,16.66340000000000,0.00000000000000,8.63500000000000,30.7715,31907.5253,16.7120,16.7120,0.0000,16.5772,8.7698,8.7698,0.0000,0.0986,31907.5253,NA
parkey.exe,39100,0x0,Other,-1,0,0,Composed: Copy with GPU GDI,31940.7194,NA,16.48210000000000,8.77020000000000,0.00000000000000,7.96280000000000,23.0596,31924.2373,16.4821,16.4821,0.0000,16.3666,8.0783,8.0783,0.0000,7.9418,31924.2373,NA
parkey.exe,39100,0x0,Other,-1,0,0,Composed: Copy with GPU GDI,31957.3587,NA,16.63930000000000,24.60160000000000,0.00000000000000,8.70330000000000,31.0219,31940.7194,16.6393,16.6393,0.0000,16.4925,8.8501,8.8501,0.0000,-8.1195,31940.7194,NA
parkey.exe,39100,0x0,Other,-1,0,0,Composed: Copy with GPU GDI,31974.0050,NA,16.64630000000000,16.67640000000000,0.00000000000000,7.79990000000000,31.0520,31957.3587,16.6463,16.6463,0.0000,16.5300,7.9162,7.9162,0.0000,-0.0371,31957.3587,NA
parkey.exe,39100,0x0,Other,-1,0,0,Composed: Copy with GPU GDI,31990.6587,NA,16.65370000000000,16.67890000000000,0.00000000000000,8.33190000000000,31.0772,31974.0050,16.6537,16.6537,0.0000,16.5492,8.4364,8.4364,0.0000,-0.0326,31974.0050,NA
parkey.exe,39100,0x0,Other,-1,0,0,Composed: Copy with GPU GDI,32007.6137,NA,16.95500000000000,16.67420000000000,0.00000000000000,7.28900000000000,30.7964,31990.6587,16.9550,16.9550,0.0000,16.8010,7.4430,7.4430,0.0000,-0.0205,31990.6587,NA
parkey.exe,39100,0x0,Other,-1,0,0,Composed: Copy with GPU GDI,32024.2172,NA,16.60350000000000,16.68080000000000,0.00000000000000,8.22660000000000,30.8737,32007.6137,16.6035,16.6035,0.0000,16.4630,8.3671,8.3671,0.0000,0.2742,32007.6137,NA
parkey.exe,39100,0x0,Other,-1,0,0,Composed: Copy with GPU GDI,32041.0112,NA,16.79400000000000,16.68070000000000,0.00000000000000,7.41610000000000,30.7604,32024.2172,16.7940,16.7940,0.0000,16.6656,7.5445,7.5445,0.0000,-0.0772,32024.2172,NA
parkey.exe,39100,0x0,Other,-1,0,0,Composed: Copy with GPU GDI,32057.3806,NA,16.36940000000000,16.68350000000000,0.00000000000000,7.77410000000000,31.0745,32041.0112,16.3694,16.3694,0.0000,16.2497,7.8938,7.8938,0.0000,0.1105,32041.0112,NA
parkey.exe,39100,0x0,Other,-1,0,0,Composed: Copy with GPU GDI,32074.0122,NA,16.63160000000000,16.67860000000000,0.00000000000000,8.20400000000000,31.1215,32057.3806,16.6316,16.6316,0.0000,16.5099,8.3257,8.3257,0.0000,-0.3092,32057.3806,NA
parkey.exe,39100,0x0,Other,-1,0,0,Composed: Copy with GPU GDI,32090.6473,NA,16.63510000000000,16.67930000000000,0.00000000000000,8.56890000000000,31.1657,32074.0122,16.6351,16.6351,0.0000,16.5131,8.6909,8.6909,0.0000,-0.0477,32074.0122,NA
parkey.exe,39100,0x0,Other,-1,0,0,Composed: Copy with GPU GDI,32107.2729,NA,16.62560000000000,16.68410000000000,0.00000000000000,8.23490000000000,31.2242,32090.6473,16.6256,16.6256,0.0000,16.5150,8.3455,8.3455,0.0000,-0.0490,32090.6473,NA
parkey.exe,39100,0x0,Other,-1,0,0,Composed: Copy with GPU GDI,32124.2039,NA,16.93100000000000,16.68620000000000,0.00000000000000,8.37900000000000,30.9794,32107.2729,16.9310,16.9310,0.0000,16.7918,8.5182,8.5182,0.0000,-0.0606,32107.2729,NA
parkey.exe,39100,0x0,Other,-1,0,0,Composed: Copy with GPU GDI,32141.1350,NA,16.93110000000000,16.67710000000000,0.00000000000000,7.79890000000000,30.7254,32124.2039,16.9311,16.9311,0.0000,16.7732,7.9568,7.9568,0.0000,0.2539,32124.2039,NA
parkey.exe,39100,0x0,Other,-1,0,0,Composed: Copy with GPU GDI,32157.7752,NA,16.64020000000000,16.67460000000000,0.00000000000000,8.70670000000000,30.7598,32141.1350,16.6402,16.6402,0.0000,16.4665,8.8804,8.8804,0.0000,0.2565,32141.1350,NA
parkey.exe,39100,0x0,Other,-1,0,0,Composed: Copy with GPU GDI,32174.2108,NA,16.43560000000000,16.68240000000000,0.00000000000000,8.53380000000000,31.0066,32157.7752,16.4356,16.4356,0.0000,16.2922,8.6772,8.6772,0.0000,-0.0422,32157.7752,NA
parkey.exe,39100,0x0,Other,-1,0,0,Composed: Copy with GPU GDI,32190.7326,NA,16.52180000000000,16.67550000000000,0.00000000000000,8.31330000000000,31.1603,32174.2108,16.5218,16.5218,0.0000,16.3774,8.4577,8.4577,0.0000,-0.2399,32174.2108,NA
parkey.exe,39100,0x0,Other,-1,0,0,Composed: Copy with GPU GDI,32207.4040,NA,16.67140000000000,16.67830000000000,0.00000000000000,8.70500000000000,31.1672,32190.7326,16.6714,16.6714,0.0000,16.5394,8.8370,8.8370,0.0000,-0.1565,32190.7326,NA
parkey.exe,39100,0x0,Other,-1,0,0,Composed: Copy with GPU GDI,32224.1123,NA,16.70830000000000,16.68890000000000,0.00000000000000,7.66850000000000,31.1478,32207.4040,16.7083,16.7083,0.0000,16.5823,7.7945,7.7945,0.0000,-0.0175,32207.4040,NA
parkey.exe,39100,0x0,Other,-1,0,0,Composed: Copy with GPU GDI,32240.6337,NA,16.52140000000000,16.67600000000000,0.00000000000000,8.00800000000000,31.3024,32224.1123,16.5214,16.5214,0.0000,16.4091,8.1203,8.1203,0.0000,0.0323,32224.1123,NA
parkey.exe,39100,0x0,Other,-1,0,0,Composed: Copy with GPU GDI,32257.3303,NA,16.69660000000000,16.67970000000000,0.00000000000000,8.54200000000000,31.2855,32240.6337,16.6966,16.6966,0.0000,16.5738,8.6648,8.6648,0.0000,-0.1583,32240.6337,NA
parkey.exe,39100,0x0,Other,-1,0,0,Composed: Copy with GPU GDI,32274.3998,NA,17.06950000000000,16.69150000000000,0.00000000000000,8.66670000000000,30.9075,32257.3303,17.0695,17.0695,0.0000,16.9152,8.8210,8.8210,0.0000,0.0051,32257.3303,NA
parkey.exe,39100,0x0,Other,-1,0,0,Composed: Copy with GPU GDI,32290.9059,NA,16.50610000000000,16.67380000000000,0.00000000000000,8.67550000000000,31.0752,32274.3998,16.5061,16.5061,0.0000,16.5711,8.6105,8.6105,0.0000,0.3957,32274.3998,NA
parkey.exe,39100,0x0,Other,-1,0,0,Composed: Copy with GPU GDI,32307.5637,NA,16.65780000000000,16.67980000000000,0.00000000000000,7.68060000000000,31.0972,32290.9059,16.6578,16.6578,0.0000,16.5302,7.8082,7.8082,0.0000,-0.1737,32290.9059,NA
parkey.exe,39100,0x0,Other,-1,0,0,Composed: Copy with GPU GDI,32324.3270,NA,16.76330000000000,16.67600000000000,0.00000000000000,8.73350000000000,31.0099,32307.5637,16.7633,16.7633,0.0000,16.6150,8.8818,8.8818,0.0000,-0.0182,32307.5637,NA
parkey.exe,39100,0x0,Other,-1,0,0,Composed: Copy with GPU GDI,32340.7501,NA,16.42310000000000,16.68690000000000,0.00000000000000,6.16330000000000,31.2737,32324.3270,16.4231,16.4231,0.0000,16.2979,6.2885,6.2885,0.0000,0.0764,32324.3270,NA
parkey.exe,39100,0x0,Other,-1,0,0,Composed: Copy with GPU GDI,32357.3068,NA,16.55670000000000,1.58400000000000,0.00000000000000,8.72410000000000,16.3010,32340.7501,16.5567,16.5567,0.0000,16.4479,8.8329,8.8329,0.0000,14.8391,32340.7501,NA
parkey.exe,39100,0x0,Other,-1,0,0,Composed: Copy with GPU GDI,32374.0122,NA,16.70540000000000,31.76730000000000,0.00000000000000,8.74760000000000,31.3629,32357.3068,16.7054,16.7054,0.0000,16.5735,8.8795,8.8795,0.0000,-15.2106,32357.3068,NA
parkey.exe,39100,0x0,Other,-1,0,0,Composed: Copy with GPU GDI,32391.0603,NA,17.04810000000000,16.68360000000000,0.00000000000000,7.71560000000000,30.9984,32374.0122,17.0481,17.0481,0.0000,16.8808,7.8829,7.8829,0.0000,0.0218,32374.0122,NA
parkey.exe,39100,0x0,Other,-1,0,0,Composed: Copy with GPU GDI,32407.4388,NA,16.37850000000000,16.68120000000000,0.00000000000000,8.27510000000000,31.3011,32391.0603,16.3785,16.3785,0.0000,16.2680,8.3856,8.3856,0.0000,0.3669,32391.0603,NA
parkey.exe,39100,0x0,Other,-1,0,0,Composed: Copy with GPU GDI,32424.3048,NA,16.86600000000000,16.67850000000000,0.00000000000000,8.29900000000000,31.1136,32407.4388,16.8660,16.8660,0.0000,16.7516,8.4134,8.4134,0.0000,-0.3000,32407.4388,NA
parkey.exe,39100,0x0,Other,-1,0,0,Composed: Copy with GPU GDI,32440.6445,NA,16.33970000000000,16.67550000000000,0.00000000000000,7.93350000000000,31.4494,32424.3048,16.3397,16.3397,0.0000,16.2108,8.0624,8.0624,0.0000,0.1905,32424.3048,NA
parkey.exe,39100,0x0,Other,-1,0,0,Composed: Copy with GPU GDI,32457.3150,NA,16.67050000000000,16.69830000000000,0.00000000000000,8.94170000000000,31.4772,32440.6445,16.6705,16.6705,0.0000,16.7221,8.8901,8.8901,0.0000,-0.3586,32440.6445,NA
parkey.exe,39100,0x0,Other,-1,0,0,Composed: Copy with GPU GDI,32474.0203,NA,16.70530000000000,16.67290000000000,0.00000000000000,8.09170000000000,31.4448,32457.3150,16.7053,16.7053,0.0000,16.5518,8.2452,8.2452,0.0000,-0.0024,32457.3150,NA
parkey.exe,39100,0x0,Other,-1,0,0,Composed: Copy with GPU GDI,32491.4124,NA,17.39210000000000,7.05990000000000,0.00000000000000,8.53520000000000,21.1126,32474.0203,17.3921,17.3921,0.0000,17.2075,8.7198,8.7198,0.0000,9.6454,32474.0203,NA
parkey.exe,39100,0x0,Other,-1,0,0,Composed: Copy with GPU GDI,32508.1183,NA,16.70590000000000,26.29610000000000,0.00000000000000,7.14300000000000,30.7028,32491.4124,16.7059,16.7059,0.0000,16.5139,7.3350,7.3350,0.0000,-8.9040,32491.4124,NA
parkey.exe,39100,0x0,Other,-1,0,0,Composed: Copy with GPU GDI,32524.5900,NA,16.47170000000000,8.41140000000000,0.00000000000000,8.58040000000000,22.6425,32508.1183,16.4717,16.4717,0.0000,16.3153,8.7368,8.7368,0.0000,8.2945,32508.1183,NA
parkey.exe,39100,0x0,Other,-1,0,0,Composed: Copy with GPU GDI,32541.0106,NA,16.42060000000000,24.95510000000000,0.00000000000000,8.50970000000000,31.1770,32524.5900,16.4206,16.4206,0.0000,16.1956,8.7347,8.7347,0.0000,-8.4834,32524.5900,NA
parkey.exe,39100,0x0,Other,-1,0,0,Composed: Copy with GPU GDI,32557.4998,NA,16.48920000000000,16.67570000000000,0.00000000000000,8.05190000000000,31.3635,32541.0106,16.4892,16.4892,0.0000,16.3633,8.1778,8.1778,0.0000,-0.2551,32541.0106,NA
parkey.exe,39100,0x0,Other,-1,0,0,Composed: Copy with GPU GDI,32574.4860,NA,16.98620000000000,6.99000000000000,0.00000000000000,8.74420000000000,21.3673,32557.4998,16.9862,16.9862,0.0000,16.8178,8.9126,8.9126,0.0000,9.4992,32557.4998,NA
parkey.exe,39100,0x0,Other,-1,0,0,Composed: Copy with GPU GDI,32591.0209,NA,16.53490000000000,26.36420000000000,0.00000000000000,7.54210000000000,31.1966,32574.4860,16.5349,16.5349,0.0000,16.3855,7.6915,7.6915,0.0000,-9.3780,32574.4860,NA
parkey.exe,39100,0x0,Other,-1,0,0,Composed: Copy with GPU GDI,32607.4549,NA,16.43400000000000,1.41780000000000,0.00000000000000,8.67170000000000,16.1804,32591.0209,16.4340,16.4340,0.0000,16.2943,8.8114,8.8114,0.0000,15.1171,32591.0209,NA
parkey.exe,39100,0x0,Other,-1,0,0,Composed: Copy with GPU GDI,32624.0101,NA,16.55520000000000,31.94080000000000,0.00000000000000,8.89540000000000,31.5660,32607.4549,16.5552,16.5552,0.0000,16.4287,9.0219,9.0219,0.0000,-15.5068,32607.4549,NA
parkey.exe,39100,0x0,Other,-1,0,0,Composed: Copy with GPU GDI,32640.7403,NA,16.73020000000000,16.75550000000000,0.00000000000000,7.90170000000000,31.5913,32624.0101,16.7302,16.7302,0.0000,16.6171,8.0148,8.0148,0.0000,-0.2003,32624.0101,NA
parkey.exe,39100,0x0,Other,-1,0,0,Composed: Copy with GPU GDI,32657.5253,NA,16.78500000000000,16.62520000000000,0.00000000000000,8.72920000000000,31.4315,32640.7403,16.7850,16.7850,0.0000,16.6292,8.8850,8.8850,0.0000,0.1050,32640.7403,NA
parkey.exe,39100,0x0,Other,-1,0,0,Composed: Copy with GPU GDI,32674.5565,NA,17.03120000000000,16.66580000000000,0.00000000000000,8.11040000000000,31.0661,32657.5253,17.0312,17.0312,0.0000,16.8589,8.2827,8.2827,0.0000,0.1192,32657.5253,NA
parkey.exe,39100,0x0,Other,-1,0,0,Composed: Copy with GPU GDI,32690.8224,NA,16.26590000000000,16.67600000000000,0.00000000000000,8.65960000000000,31.4762,32674.5565,16.2659,16.2659,0.0000,16.1356,8.7899,8.7899,0.0000,0.3552,32674.5565,NA
parkey.exe,39100,0x0,Other,-1,0,0,Composed: Copy with GPU GDI,32707.5765,NA,16.75410000000000,5.52850000000000,0.00000000000000,8.90570000000000,20.2506,32690.8224,16.7541,16.7541,0.0000,16.6517,9.0081,9.0081,0.0000,10.7374,32690.8224,NA
parkey.exe,39100,0x0,Other,-1,0,0,Composed: Copy with GPU GDI,32724.2402,NA,16.66370000000000,27.83210000000000,0.00000000000000,8.51520000000000,31.4190,32707.5765,16.6637,16.6637,0.0000,16.5099,8.6690,8.6690,0.0000,-11.0780,32707.5765,NA
parkey.exe,39100,0x0,Other,-1,0,0,Composed: Copy with GPU GDI,32740.8383,NA,16.59810000000000,16.68520000000000,0.00000000000000,8.01600000000000,31.5061,32724.2402,16.5981,16.5981,0.0000,16.4605,8.1536,8.1536,0.0000,-0.0215,32724.2402,NA
parkey.exe,39100,0x0,Other,-1,0,0,Composed: Copy with GPU GDI,32757.5133,NA,16.67500000000000,16.67960000000000,0.00000000000000,7.57450000000000,31.5107,32740.8383,16.6750,16.6750,0.0000,16.5474,7.7021,7.7021,0.0000,-0.0815,32740.8383,NA
parkey.exe,39100,0x0,Other,-1,0,0,Composed: Copy with GPU GDI,32774.1213,NA,16.60800000000000,1.30070000000000,0.00000000000000,8.78050000000000,16.2034,32757.5133,16.6080,16.6080,0.0000,16.4800,8.9085,8.9085,0.0000,15.3743,32757.5133,NA
parkey.exe,39100,0x0,Other,-1,0,0,Composed: Copy with GPU GDI,32790.8854,NA,16.76410000000000,20.84820000000000,0.00000000000000,8.62870000000000,20.2875,32774.1213,16.7641,16.7641,0.0000,16.6516,8.7412,8.7412,0.0000,-4.2402,32774.1213,NA
parkey.exe,39100,0x0,Other,-1,0,0,Composed: Copy with GPU GDI,32807.4608,NA,16.57540000000000,27.89970000000000,0.00000000000000,8.61280000000000,31.6118,32790.8854,16.5754,16.5754,0.0000,16.4386,8.7496,8.7496,0.0000,-11.1356,32790.8854,NA
parkey.exe,39100,0x0,Other,-1,0,0,Composed: Copy with GPU GDI,32824.0865,NA,16.62570000000000,6.83210000000000,0.00000000000000,8.86030000000000,21.8182,32807.4608,16.6257,16.6257,0.0000,16.4706,9.0154,9.0154,0.0000,9.7433,32807.4608,NA
parkey.exe,39100,0x0,Other,-1,0,0,Composed: Copy with GPU GDI,32841.0554,NA,16.96890000000000,13.88230000000000,0.00000000000000,6.21900000000000,18.7316,32824.0865,16.9689,16.9689,0.0000,16.8401,6.3478,6.3478,0.0000,2.7434,32824.0865,NA
parkey.exe,39100,0x0,Other,-1,0,0,Composed: Copy with GPU GDI,32857.5435,NA,16.48810000000000,13.88030000000000,0.00000000000000,8.70740000000000,16.1238,32841.0554,16.4881,16.4881,0.0000,16.3472,8.8483,8.8483,0.0000,3.0886,32841.0554,NA
parkey.exe,39100,0x0,Other,-1,0,0,Composed: Copy with GPU GDI,32874.1205,NA,16.57700000000000,20.85370000000000,0.00000000000000,9.06960000000000,20.4005,32857.5435,16.5770,16.5770,0.0000,16.5811,9.0655,9.0655,0.0000,-4.3656,32857.5435,NA
parkey.exe,39100,0x0,Other,-1,0,0,Composed: Copy with GPU GDI,32890.7380,NA,16.61750000000000,27.94040000000000,0.00000000000000,8.51350000000000,31.7234,32874.1205,16.6175,16.6175,0.0000,16.4954,8.6356,8.6356,0.0000,-11.3634,32874.1205,NA
parkey.exe,39100,0x0,Other,-1,0,0,Composed: Copy with GPU GDI,32907.5512,NA,16.81320000000000,6.78150000000000,0.00000000000000,8.74530000000000,21.6917,32890.7380,16.8132,16.8132,0.0000,16.6589,8.8996,8.8996,0.0000,9.8360,32890.7380,NA
parkey.exe,39100,0x0,Other,-1,0,0,Composed: Copy with GPU GDI,32924.0428,NA,16.49160000000000,26.58700000000000,0.00000000000000,8.67730000000000,31.7871,32907.5512,16.4916,16.4916,0.0000,16.3665,8.8024,8.8024,0.0000,-9.7738,32907.5512,NA
parkey.exe,39100,0x0,Other,-1,0,0,Composed: Copy with GPU GDI,32940.7350,NA,16.69220000000000,16.67380000000000,0.00000000000000,8.33350000000000,31.7687,32924.0428,16.6922,16.6922,0.0000,16.5736,8.4521,8.4521,0.0000,-0.1822,32924.0428,NA
parkey.exe,39100,0x0,Other,-1,0,0,Composed: Copy with GPU GDI,32957.3386,NA,16.60360000000000,5.36280000000000,0.00000000000000,8.96870000000000,20.5279,32940.7350,16.6036,16.6036,0.0000,16.4829,9.0894,9.0894,0.0000,11.3294,32940.7350,NA
parkey.exe,39100,0x0,Other,-1,0,0,Composed: Copy with GPU GDI,32973.9675,NA,16.62890000000000,13.87740000000000,0.00000000000000,8.65000000000000,17.7764,32957.3386,16.6289,16.6289,0.0000,16.5156,8.7633,8.7633,0.0000,2.7262,32957.3386,NA
parkey.exe,39100,0x0,Other,-1,0,0,Composed: Copy with GPU GDI,32990.7256,NA,16.75810000000000,20.84560000000000,0.00000000000000,8.86320000000000,21.8639,32973.9675,16.7581,16.7581,0.0000,16.6328,8.9885,8.9885,0.0000,-4.2167,32973.9675,NA
parkey.exe,39100,0x0,Other,-1,0,0,Composed: Copy with GPU GDI,33007.4269,NA,16.70130000000000,26.64180000000000,0.00000000000000,8.20050000000000,31.8044,32990.7256,16.7013,16.7013,0.0000,16.5777,8.3241,8.3241,0.0000,-9.8837,32990.7256,NA
parkey.exe,39100,0x0,Other,-1,0,0,Composed: Copy with GPU GDI,33024.4932,NA,17.06630000000000,8.09330000000000,0.00000000000000,8.79100000000000,22.8314,33007.4269,17.0663,17.0663,0.0000,16.8764,8.9809,8.9809,0.0000,8.6080,33007.4269,NA
parkey.exe,39100,0x0,Other,-1,0,0,Composed: Copy with GPU GDI,33041.0232,NA,16.53000000000000,25.25850000000000,0.00000000000000,8.56100000000000,31.5599,33024.4932,16.5300,16.5300,0.0000,16.3642,8.7268,8.7268,0.0000,-8.1922,33024.4932,NA
parkey.exe,39100,0x0,Other,-1,0,0,Composed: Copy with GPU GDI,33057.3469,NA,16.32370000000000,2.50930000000000,0.00000000000000,8.58580000000000,17.7455,33041.0232,16.3237,16.3237,0.0000,16.1928,8.7167,8.7167,0.0000,14.0207,33041.0232,NA
parkey.exe,39100,0x0,Other,-1,0,0,Composed: Copy with GPU GDI,33074.1821,NA,16.83520000000000,20.83450000000000,0.00000000000000,8.94040000000000,21.7448,33057.3469,16.8352,16.8352,0.0000,16.7111,9.0645,9.0645,0.0000,-4.5108,33057.3469,NA
parkey.exe,39100,0x0,Other,-1,0,0,Composed: Copy with GPU GDI,33090.7587,NA,16.57660000000000,26.70000000000000,0.00000000000000,8.60140000000000,31.8682,33074.1821,16.5766,16.5766,0.0000,16.4627,8.7153,8.7153,0.0000,-9.8648,33074.1821,NA
parkey.exe,39100,0x0,Other,-1,0,0,Composed: Copy with GPU GDI,33107.4653,NA,16.70660000000000,1.09440000000000,0.00000000000000,8.68000000000000,16.2560,33090.7587,16.7066,16.7066,0.0000,16.5602,8.8264,8.8264,0.0000,15.4822,33090.7587,NA
parkey.exe,39100,0x0,Other,-1,0,0,Composed: Copy with GPU GDI,33124.1163,NA,16.65100000000000,20.84650000000000,0.00000000000000,9.01650000000000,20.4515,33107.4653,16.6510,16.6510,0.0000,16.5275,9.1400,9.1400,0.0000,-4.1399,33107.4653,NA
parkey.exe,39100,0x0,Other,-1,0,0,Composed: Copy with GPU GDI,33140.8333,NA,16.71700000000000,28.10040000000000,0.00000000000000,7.82760000000000,31.8349,33124.1163,16.7170,16.7170,0.0000,16.5906,7.9540,7.9540,0.0000,-11.4494,33124.1163,NA
parkey.exe,39100,0x0,Other,-1,0,0,Composed: Copy with GPU GDI,33157.5094,NA,16.67610000000000,6.61910000000000,0.00000000000000,8.75700000000000,21.7779,33140.8333,16.6761,16.6761,0.0000,16.5491,8.8840,8.8840,0.0000,10.0979,33140.8333,NA
parkey.exe,39100,0x0,Other,-1,0,0,Composed: Copy with GPU GDI,33174.0307,NA,16.52130000000000,26.74480000000000,0.00000000000000,8.70620000000000,32.0014,33157.5094,16.5213,16.5213,0.0000,16.4021,8.8254,8.8254,0.0000,-10.0687,33157.5094,NA
parkey.exe,39100,0x0,Other,-1,0,0,Composed: Copy with GPU GDI,33190.7493,NA,16.71860000000000,1.03020000000000,0.00000000000000,8.78310000000000,16.3130,33174.0307,16.7186,16.7186,0.0000,16.5891,8.9126,8.9126,0.0000,15.4911,33174.0307,NA
parkey.exe,39100,0x0,Other,-1,0,0,Composed: Copy with GPU GDI,33207.3188,NA,16.56950000000000,20.84460000000000,0.00000000000000,9.12450000000000,20.5881,33190.7493,16.5695,16.5695,0.0000,16.4403,9.2537,9.2537,0.0000,-4.1260,33190.7493,NA
parkey.exe,39100,0x0,Other,-1,0,0,Composed: Copy with GPU GDI,33223.9848,NA,16.66600000000000,13.88750000000000,0.00000000000000,8.81860000000000,17.8096,33207.3188,16.6660,16.6660,0.0000,16.5230,8.9616,8.9616,0.0000,2.6820,33207.3188,NA
parkey.exe,39100,0x0,Other,-1,0,0,Composed: Copy with GPU GDI,33240.7192,NA,16.73440000000000,30.95430000000000,0.00000000000000,7.96530000000000,32.0295,33223.9848,16.7344,16.7344,0.0000,16.6221,8.0776,8.0776,0.0000,-14.2883,33223.9848,NA
parkey.exe,39100,0x0,Other,-1,0,0,Composed: Copy with GPU GDI,33257.2551,NA,16.53590000000000,16.68140000000000,0.00000000000000,8.99790000000000,32.1750,33240.7192,16.5359,16.5359,0.0000,16.4141,9.1197,9.1197,0.0000,0.0530,33240.7192,NA
parkey.exe,39100,0x0,Other,-1,0,0,Composed: Copy with GPU GDI,33274.0305,NA,16.77540000000000,0.97790000000000,0.00000000000000,8.76990000000000,16.3775,33257.2551,16.7754,16.7754,0.0000,16.6534,8.8919,8.8919,0.0000,15.5580,33257.2551,NA
parkey.exe,39100,0x0,Other,-1,0,0,Composed: Copy with GPU GDI,33290.8684,NA,16.83790000000000,20.84110000000000,0.00000000000000,8.93730000000000,20.3807,33274.0305,16.8379,16.8379,0.0000,16.6782,9.0970,9.0970,0.0000,-4.0657,33274.0305,NA
parkey.exe,39100,0x0,Other,-1,0,0,Composed: Copy with GPU GDI,33307.4345,NA,16.56610000000000,13.92310000000000,0.00000000000000,8.73440000000000,17.7377,33290.8684,16.5661,16.5661,0.0000,16.4380,8.8625,8.8625,0.0000,2.9148,33290.8684,NA
parkey.exe,39100,0x0,Other,-1,0,0,Composed: Copy with GPU GDI,33324.0442,NA,16.60970000000000,20.80870000000000,0.00000000000000,8.72740000000000,21.9367,33307.4345,16.6097,16.6097,0.0000,16.4900,8.8471,8.8471,0.0000,-4.2426,33307.4345,NA
parkey.exe,39100,0x0,Other,-1,0,0,Composed: Copy with GPU GDI,33340.8284,NA,16.78420000000000,26.85590000000000,0.00000000000000,6.06000000000000,32.0084,33324.0442,16.7842,16.7842,0.0000,16.6310,6.2132,6.2132,0.0000,-10.2462,33324.0442,NA
parkey.exe,39100,0x0,Other,-1,0,0,Composed: Copy with GPU GDI,33357.7485,NA,16.92010000000000,0.93070000000000,0.00000000000000,8.75510000000000,16.0190,33340.8284,16.9201,16.9201,0.0000,16.7811,8.8941,8.8941,0.0000,15.8535,33340.8284,NA
parkey.exe,39100,0x0,Other,-1,0,0,Composed: Copy with GPU GDI,33374.1961,NA,16.44760000000000,20.83930000000000,0.00000000000000,8.70760000000000,20.4107,33357.7485,16.4476,16.4476,0.0000,16.3158,8.8394,8.8394,0.0000,-3.9192,33357.7485,NA
parkey.exe,39100,0x0,Other,-1,0,0,Composed: Copy with GPU GDI,33390.8433,NA,16.64720000000000,13.88830000000000,0.00000000000000,8.79990000000000,17.6518,33374.1961,16.6472,16.6472,0.0000,16.5140,8.9331,8.9331,0.0000,2.5593,33374.1961,NA
parkey.exe,39100,0x0,Other,-1,0,0,Composed: Copy with GPU GDI,33407.4871,NA,16.64380000000000,20.83670000000000,0.00000000000000,8.88200000000000,21.8447,33390.8433,16.6438,16.6438,0.0000,16.5190,9.0068,9.0068,0.0000,-4.1895,33390.8433,NA
parkey.exe,39100,0x0,Other,-1,0,0,Composed: Copy with GPU GDI,33424.1461,NA,16.65900000000000,26.90330000000000,0.00000000000000,8.80360000000000,32.0890,33407.4871,16.6590,16.6590,0.0000,16.5358,8.9268,8.9268,0.0000,-10.2595,33407.4871,NA
parkey.exe,39100,0x0,Other,-1,0,0,Composed: Copy with GPU GDI,33440.8840,NA,16.73790000000000,16.67030000000000,0.00000000000000,7.94120000000000,32.0214,33424.1461,16.7379,16.7379,0.0000,16.5900,8.0891,8.0891,0.0000,-0.0113,33424.1461,NA
parkey.exe,39100,0x0,Other,-1,0,0,Composed: Copy with GPU GDI,33457.7190,NA,16.83500000000000,5.06820000000000,0.00000000000000,8.87800000000000,20.2546,33440.8840,16.8350,16.8350,0.0000,16.7762,8.9368,8.9368,0.0000,11.6697,33440.8840,NA
parkey.exe,39100,0x0,Other,-1,0,0,Composed: Copy with GPU GDI,33474.1268,NA,16.40780000000000,13.89110000000000,0.00000000000000,8.70060000000000,17.7379,33457.7190,16.4078,16.4078,0.0000,16.2457,8.8627,8.8627,0.0000,2.9439,33457.7190,NA
parkey.exe,39100,0x0,Other,-1,0,0,Composed: Copy with GPU GDI,33491.3825,NA,17.25570000000000,20.84220000000000,0.00000000000000,8.80120000000000,21.3244,33474.1268,17.2557,17.2557,0.0000,17.0535,9.0034,9.0034,0.0000,-4.4344,33474.1268,NA
parkey.exe,39100,0x0,Other,-1,0,0,Composed: Copy with GPU GDI,33508.0430,NA,16.66050000000000,26.92880000000000,0.00000000000000,8.61110000000000,31.5927,33491.3825,16.6605,16.6605,0.0000,16.4600,8.8116,8.8116,0.0000,-9.6731,33491.3825,NA
parkey.exe,39100,0x0,Other,-1,0,0,Composed: Copy with GPU GDI,33524.5371,NA,16.49410000000000,7.77340000000000,0.00000000000000,8.76470000000000,22.8720,33508.0430,16.4941,16.4941,0.0000,16.3277,8.9311,8.9311,0.0000,8.8871,33508.0430,NA
parkey.exe,39100,0x0,Other,-1,0,0,Composed: Copy with GPU GDI,33540.9820,NA,16.44490000000000,25.59070000000000,0.00000000000000,8.68490000000000,32.0178,33524.5371,16.4449,16.4449,0.0000,16.2784,8.8514,8.8514,0.0000,-9.0966,33524.5371,NA
parkey.exe,39100,0x0,Other,-1,0,0,Composed: Copy with GPU GDI,33557.3971,NA,16.41510000000000,2.20090000000000,0.00000000000000,8.69130000000000,17.8036,33540.9820,16.4151,16.4151,0.0000,16.2806,8.8258,8.8258,0.0000,14.2440,33540.9820,NA
parkey.exe,39100,0x0,Other,-1,0,0,Composed: Copy with GPU GDI,33574.1899,NA,16.79280000000000,20.82540000000000,0.00000000000000,8.75890000000000,21.8362,33557.3971,16.7928,16.7928,0.0000,16.6609,8.8908,8.8908,0.0000,-4.4103,33557.3971,NA
parkey.exe,39100,0x0,Other,-1,0,0,Composed: Copy with GPU GDI,33590.7827,NA,16.59280000000000,27.01070000000000,0.00000000000000,8.55730000000000,32.2541,33574.1899,16.5928,16.5928,0.0000,16.4599,8.6902,8.6902,0.0000,-10.2179,33574.1899,NA
parkey.exe,39100,0x0,Other,-1,0,0,Composed: Copy with GPU GDI,33607.3145,NA,16.53180000000000,0.76620000000000,0.00000000000000,8.82780000000000,16.4885,33590.7827,16.5318,16.5318,0.0000,16.4153,8.9443,8.9443,0.0000,15.8266,33590.7827,NA
parkey.exe,39100,0x0,Other,-1,0,0,Composed: Copy with GPU GDI,33624.0031,NA,16.68860000000000,20.84470000000000,0.00000000000000,8.70830000000000,20.6446,33607.3145,16.6886,16.6886,0.0000,16.5712,8.8257,8.8257,0.0000,-4.3129,33607.3145,NA
parkey.exe,39100,0x0,Other,-1,0,0,Composed: Copy with GPU GDI,33640.8668,NA,16.86370000000000,28.42590000000000,0.00000000000000,7.80880000000000,32.2068,33624.0031,16.8637,16.8637,0.0000,16.7191,7.9534,7.9534,0.0000,-11.7373,33624.0031,NA
parkey.exe,39100,0x0,Other,-1,0,0,Composed: Copy with GPU GDI,33657.3939,NA,16.52710000000000,6.30360000000000,0.00000000000000,8.72780000000000,21.9833,33640.8668,16.5271,16.5271,0.0000,16.4035,8.8514,8.8514,0.0000,10.5601,33640.8668,NA
parkey.exe,39100,0x0,Other,-1,0,0,Composed: Copy with GPU GDI,33674.2196,NA,16.82570000000000,13.89040000000000,0.00000000000000,8.76630000000000,19.0480,33657.3939,16.8257,16.8257,0.0000,16.6883,8.9037,8.9037,0.0000,2.6367,33657.3939,NA
parkey.exe,39100,0x0,Other,-1,0,0,Composed: Copy with GPU GDI,33690.6681,NA,16.44850000000000,13.89550000000000,0.00000000000000,8.78560000000000,16.4950,33674.2196,16.4485,16.4485,0.0000,16.3332,8.9009,8.9009,0.0000,2.9302,33674.2196,NA
parkey.exe,39100,0x0,Other,-1,0,0,Composed: Copy with GPU GDI,33707.3143,NA,16.64620000000000,20.82820000000000,0.00000000000000,8.94920000000000,20.6770,33690.6681,16.6462,16.6462,0.0000,16.5475,9.0479,9.0479,0.0000,-4.3797,33690.6681,NA
parkey.exe,39100,0x0,Other,-1,0,0,Composed: Copy with GPU GDI,33723.9428,NA,16.62850000000000,13.88350000000000,0.00000000000000,8.63500000000000,17.9320,33707.3143,16.6285,16.6285,0.0000,16.5123,8.7512,8.7512,0.0000,2.7627,33707.3143,NA
parkey.exe,39100,0x0,Other,-1,0,0,Composed: Copy with GPU GDI,33740.8335,NA,16.89070000000000,31.28160000000000,0.00000000000000,8.02510000000000,32.3229,33723.9428,16.8907,16.8907,0.0000,16.7611,8.1547,8.1547,0.0000,-14.6531,33723.9428,NA
parkey.exe,39100,0x0,Other,-1,0,0,Composed: Copy with GPU GDI,33757.2789,NA,16.44540000000000,3.44720000000000,0.00000000000000,8.77990000000000,19.3247,33740.8335,16.4454,16.4454,0.0000,16.3288,8.8965,8.8965,0.0000,13.4435,33740.8335,NA
parkey.exe,39100,0x0,Other,-1,0,0,Composed: Copy with GPU GDI,33774.0034,NA,16.72450000000000,13.90570000000000,0.00000000000000,8.84910000000000,16.5059,33757.2789,16.7245,16.7245,0.0000,16.6002,8.9734,8.9734,0.0000,2.5397,33757.2789,NA
parkey.exe,39100,0x0,Other,-1,0,0,Composed: Copy with GPU GDI,33790.7156,NA,16.71220000000000,20.85100000000000,0.00000000000000,8.66130000000000,20.6447,33774.0034,16.7122,16.7122,0.0000,16.5939,8.7796,8.7796,0.0000,-4.1265,33774.0034,NA
parkey.exe,39100,0x0,Other,-1,0,0,Composed: Copy with GPU GDI,33807.6223,NA,16.90670000000000,13.89210000000000,0.00000000000000,8.70940000000000,17.6301,33790.7156,16.9067,16.9067,0.0000,16.7422,8.8739,8.8739,0.0000,2.8201,33790.7156,NA
parkey.exe,39100,0x0,Other,-1,0,0,Composed: Copy with GPU GDI,33824.7215,NA,17.09920000000000,20.82330000000000,0.00000000000000,8.62910000000000,21.3542,33807.6223,17.0992,17.0992,0.0000,16.8907,8.8376,8.8376,0.0000,-3.9166,33807.6223,NA
parkey.exe,39100,0x0,Other,-1,0,0,Composed: Copy with GPU GDI,33841.0789,NA,16.35740000000000,27.16790000000000,0.00000000000000,7.66980000000000,32.1647,33824.7215,16.3574,16.3574,0.0000,16.2002,7.8270,7.8270,0.0000,-10.0687,33824.7215,NA
parkey.exe,39100,0x0,Other,-1,0,0,Composed: Copy with GPU GDI,33857.5950,NA,16.51610000000000,7.49700000000000,0.00000000000000,8.81100000000000,23.1456,33841.0789,16.5161,16.5161,0.0000,16.3671,8.9600,8.9600,0.0000,8.8604,33841.0789,NA
parkey.exe,39100,0x0,Other,-1,0,0,Composed: Copy with GPU GDI,33874.0913,NA,16.49630000000000,13.95460000000000,0.00000000000000,8.71350000000000,20.6039,33857.5950,16.4963,16.4963,0.0000,16.3722,8.8376,8.8376,0.0000,2.5615,33857.5950,NA
parkey.exe,39100,0x0,Other,-1,0,0,Composed: Copy with GPU GDI,33890.9139,NA,16.82260000000000,13.87010000000000,0.00000000000000,8.73170000000000,17.6514,33874.0913,16.8226,16.8226,0.0000,16.6804,8.8739,8.8739,0.0000,2.6262,33874.0913,NA
parkey.exe,39100,0x0,Other,-1,0,0,Composed: Copy with GPU GDI,33907.3713,NA,16.45740000000000,20.87660000000000,0.00000000000000,8.61820000000000,22.0706,33890.9139,16.4574,16.4574,0.0000,16.3321,8.7435,8.7435,0.0000,-4.0540,33890.9139,NA
parkey.exe,39100,0x0,Other,-1,0,0,Composed: Copy with GPU GDI,33924.5214,NA,17.15010000000000,13.88810000000000,0.00000000000000,7.70080000000000,18.8086,33907.3713,17.1501,17.1501,0.0000,16.9788,7.8721,7.8721,0.0000,2.5693,33907.3713,NA
parkey.exe,39100,0x0,Other,-1,0,0,Composed: Copy with GPU GDI,33940.9664,NA,16.44500000000000,13.86380000000000,0.00000000000000,8.67290000000000,16.2274,33924.5214,16.4450,16.4450,0.0000,16.2891,8.8288,8.8288,0.0000,3.2863,33924.5214,NA
parkey.exe,39100,0x0,Other,-1,0,0,Composed: Copy with GPU GDI,33957.7727,NA,16.80630000000000,20.85170000000000,0.00000000000000,9.17490000000000,20.2728,33940.9664,16.8063,16.8063,0.0000,16.8342,9.1470,9.1470,0.0000,-4.4067,33940.9664,NA
parkey.exe,39100,0x0,Other,-1,0,0,Composed: Copy with GPU GDI,33974.4719,NA,16.69920000000000,13.87420000000000,0.00000000000000,8.37480000000000,17.4478,33957.7727,16.6992,16.6992,0.0000,16.5232,8.5508,8.5508,0.0000,2.9321,33957.7727,NA
parkey.exe,39100,0x0,Other,-1,0,0,Composed: Copy with GPU GDI,33990.9945,NA,16.52260000000000,20.84110000000000,0.00000000000000,8.25400000000000,21.7663,33974.4719,16.5226,16.5226,0.0000,16.3425,8.4341,8.4341,0.0000,-4.1419,33974.4719,NA
parkey.exe,39100,0x0,Other,-1,0,0,Composed: Copy with GPU GDI,34007.6249,NA,16.63040000000000,13.88700000000000,0.00000000000000,8.78750000000000,19.0229,33990.9945,16.6304,16.6304,0.0000,16.4714,8.9465,8.9465,0.0000,2.6356,33990.9945,NA
parkey.exe,39100,0x0,Other,-1,0,0,Composed: Copy with GPU GDI,34024.3550,NA,16.73010000000000,20.79630000000000,0.00000000000000,8.80940000000000,23.0891,34007.6249,16.7301,16.7301,0.0000,16.5728,8.9667,8.9667,0.0000,-4.1659,34007.6249,NA
parkey.exe,39100,0x0,Other,-1,0,0,Composed: Copy with GPU GDI,34040.6210,NA,16.26600000000000,25.96110000000000,0.00000000000000,8.76610000000000,32.7842,34024.3550,16.2660,16.2660,0.0000,16.1442,8.8879,8.8879,0.0000,-9.2310,34024.3550,NA
parkey.exe,39100,0x0,Other,-1,0,0,Composed: Copy with GPU GDI,34057.7236,NA,17.10260000000000,1.88760000000000,0.00000000000000,8.75270000000000,17.5692,34040.6210,17.1026,17.1026,0.0000,16.9563,8.8990,8.8990,0.0000,14.3784,34040.6210,NA
parkey.exe,39100,0x0,Other,-1,0,0,Composed: Copy with GPU GDI,34074.2452,NA,16.52160000000000,20.82290000000000,0.00000000000000,8.96430000000000,21.8705,34057.7236,16.5216,16.5216,0.0000,16.3932,9.0927,9.0927,0.0000,-3.7203,34057.7236,NA
parkey.exe,39100,0x0,Other,-1,0,0,Composed: Copy with GPU GDI,34090.7287,NA,16.48350000000000,13.89060000000000,0.00000000000000,8.74210000000000,19.2776,34074.2452,16.4835,16.4835,0.0000,16.3640,8.8616,8.8616,0.0000,2.6310,34074.2452,NA
parkey.exe,39100,0x0,Other,-1,0,0,Composed: Copy with GPU GDI,34107.4107,NA,16.68200000000000,13.89420000000000,0.00000000000000,8.82360000000000,16.4898,34090.7287,16.6820,16.6820,0.0000,16.5594,8.9462,8.9462,0.0000,2.5893,34090.7287,NA
parkey.exe,39100,0x0,Other,-1,0,0,Composed: Copy with GPU GDI,34124.4412,NA,17.03050000000000,20.83540000000000,0.00000000000000,9.01960000000000,20.2947,34107.4107,17.0305,17.0305,0.0000,16.8608,9.1893,9.1893,0.0000,-4.1534,34107.4107,NA
parkey.exe,39100,0x0,Other,-1,0,0,Composed: Copy with GPU GDI,34141.2097,NA,16.76850000000000,28.74820000000000,0.00000000000000,7.82960000000000,32.2744,34124.4412,16.7685,16.7685,0.0000,16.5961,8.0020,8.0020,0.0000,-11.7177,34124.4412,NA
parkey.exe,39100,0x0,Other,-1,0,0,Composed: Copy with GPU GDI,34157.7081,NA,16.49840000000000,5.97990000000000,0.00000000000000,8.94800000000000,21.7559,34141.2097,16.4984,16.4984,0.0000,16.3331,9.1133,9.1133,0.0000,10.7886,34141.2097,NA
parkey.exe,39100,0x0,Other,-1,0,0,Composed: Copy with GPU GDI,34174.1637,NA,16.45560000000000,13.88860000000000,0.00000000000000,8.76220000000000,19.1889,34157.7081,16.4556,16.4556,0.0000,16.3261,8.8917,8.8917,0.0000,2.6098,34157.7081,NA
parkey.exe,39100,0x0,Other,-1,0,0,Composed: Copy with GPU GDI,34190.8047,NA,16.64100000000000,13.88350000000000,0.00000000000000,8.82050000000000,16.4314,34174.1637,16.6410,16.6410,0.0000,16.5099,8.9516,8.9516,0.0000,2.5721,34174.1637,NA
parkey.exe,39100,0x0,Other,-1,0,0,Composed: Copy with GPU GDI,34207.4035,NA,16.59880000000000,20.84470000000000,0.00000000000000,8.69570000000000,20.6773,34190.8047,16.5988,16.5988,0.0000,16.4799,8.8146,8.8146,0.0000,-4.2037,34190.8047,NA
parkey.exe,39100,0x0,Other,-1,0,0,Composed: Copy with GPU GDI,34224.0399,NA,16.63640000000000,13.89150000000000,0.00000000000000,8.66780000000000,17.9324,34207.4035,16.6364,16.6364,0.0000,16.4901,8.8141,8.8141,0.0000,2.7073,34207.4035,NA
parkey.exe,39100,0x0,Other,-1,0,0,Composed: Copy with GPU GDI,34240.6623,NA,16.62240000000000,31.58790000000000,0.00000000000000,7.96850000000000,32.8979,34224.0399,16.6224,16.6224,0.0000,16.5025,8.0884,8.0884,0.0000,-14.9515,34224.0399,NA
parkey.exe,39100,0x0,Other,-1,0,0,Composed: Copy with GPU GDI,34257.2721,NA,16.60980000000000,3.13860000000000,0.00000000000000,8.73670000000000,19.4267,34240.6623,16.6098,16.6098,0.0000,16.4894,8.8571,8.8571,0.0000,13.4838,34240.6623,NA
parkey.exe,39100,0x0,Other,-1,0,0,Composed: Copy with GPU GDI,34273.9542,NA,16.68210000000000,13.89300000000000,0.00000000000000,9.03630000000000,16.6376,34257.2721,16.6821,16.6821,0.0000,16.5616,9.1568,9.1568,0.0000,2.7168,34257.2721,NA
parkey.exe,39100,0x0,Other,-1,0,0,Composed: Copy with GPU GDI,34290.8404,NA,16.88620000000000,20.84750000000000,0.00000000000000,8.66610000000000,20.5989,34273.9542,16.8862,16.8862,0.0000,16.7524,8.7999,8.7999,0.0000,-4.1654,34273.9542,NA
parkey.exe,39100,0x0,Other,-1,0,0,Composed: Copy with GPU GDI,34307.6413,NA,16.80090000000000,13.87890000000000,0.00000000000000,8.73820000000000,17.6769,34290.8404,16.8009,16.8009,0.0000,16.6437,8.8954,8.8954,0.0000,3.0073,34290.8404,NA
parkey.exe,39100,0x0,Other,-1,0,0,Composed: Copy with GPU GDI,34324.1189,NA,16.47760000000000,20.84230000000000,0.00000000000000,8.70650000000000,22.0416,34307.6413,16.4776,16.4776,0.0000,16.3232,8.8609,8.8609,0.0000,-4.0414,34307.6413,NA
parkey.exe,39100,0x0,Other,-1,0,0,Composed: Copy with GPU GDI,34340.9484,NA,16.82950000000000,27.48460000000000,0.00000000000000,6.83090000000000,32.6967,34324.1189,16.8295,16.8295,0.0000,16.6920,6.9684,6.9684,0.0000,-11.0070,34324.1189,NA
parkey.exe,39100,0x0,Other,-1,0,0,Composed: Copy with GPU GDI,34357.1986,NA,16.25020000000000,0.30440000000000,0.00000000000000,9.02100000000000,16.7509,34340.9484,16.2502,16.2502,0.0000,16.1456,9.1256,9.1256,0.0000,16.5251,34340.9484,NA
parkey.exe,39100,0x0,Other,-1,0,0,Composed: Copy with GPU GDI,34373.9447,NA,16.74610000000000,20.83300000000000,0.00000000000000,8.71070000000000,20.8378,34357.1986,16.7461,16.7461,0.0000,16.6176,8.8392,8.8392,0.0000,-4.5828,34357.1986,NA
parkey.exe,39100,0x0,Other,-1,0,0,Composed: Copy with GPU GDI,34390.8653,NA,16.92060000000000,13.87900000000000,0.00000000000000,8.71040000000000,17.7962,34373.9447,16.9206,16.9206,0.0000,16.7793,8.8517,8.8517,0.0000,2.8671,34373.9447,NA
parkey.exe,39100,0x0,Other,-1,0,0,Composed: Copy with GPU GDI,34407.3547,NA,16.48940000000000,20.84360000000000,0.00000000000000,8.75350000000000,22.1504,34390.8653,16.4894,16.4894,0.0000,16.3806,8.8623,8.8623,0.0000,-3.9230,34390.8653,NA
parkey.exe,39100,0x0,Other,-1,0,0,Composed: Copy with GPU GDI,34424.1134,NA,16.75870000000000,13.89110000000000,0.00000000000000,8.72160000000000,19.2828,34407.3547,16.7587,16.7587,0.0000,16.6346,8.8457,8.8457,0.0000,2.5983,34407.3547,NA
parkey.exe,39100,0x0,Other,-1,0,0,Composed: Copy with GPU GDI,34440.6543,NA,16.54090000000000,30.32270000000000,0.00000000000000,7.94680000000000,33.0646,34424.1134,16.5409,16.5409,0.0000,16.4120,8.0757,8.0757,0.0000,-13.5640,34424.1134,NA
parkey.exe,39100,0x0,Other,-1,0,0,Composed: Copy with GPU GDI,34457.2197,NA,16.56540000000000,4.41260000000000,0.00000000000000,8.67170000000000,20.9118,34440.6543,16.5654,16.5654,0.0000,16.4539,8.7832,8.7832,0.0000,12.1283,34440.6543,NA
parkey.exe,39100,0x0,Other,-1,0,0,Composed: Copy with GPU GDI,34473.9272,NA,16.70750000000000,13.88040000000000,0.00000000000000,8.68590000000000,18.0847,34457.2197,16.7075,16.7075,0.0000,16.5750,8.8184,8.8184,0.0000,2.6850,34457.2197,NA
parkey.exe,39100,0x0,Other,-1,0,0,Composed: Copy with GPU GDI,34490.6353,NA,16.70810000000000,20.83840000000000,0.00000000000000,8.71730000000000,22.2150,34473.9272,16.7081,16.7081,0.0000,16.5612,8.8642,8.8642,0.0000,-4.1309,34473.9272,NA
parkey.exe,39100,0x0,Other,-1,0,0,Composed: Copy with GPU GDI,34507.4508,NA,16.81550000000000,13.91110000000000,0.00000000000000,8.74540000000000,19.3106,34490.6353,16.8155,16.8155,0.0000,16.6856,8.8753,8.8753,0.0000,2.7970,34490.6353,NA
parkey.exe,39100,0x0,Other,-1,0,0,Composed: Copy with GPU GDI,34524.0677,NA,16.61690000000000,13.86250000000000,0.00000000000000,9.00410000000000,16.5562,34507.4508,16.6169,16.6169,0.0000,16.4858,9.1352,9.1352,0.0000,2.9530,34507.4508,NA
parkey.exe,39100,0x0,Other,-1,0,0,Composed: Copy with GPU GDI,34540.7678,NA,16.70010000000000,33.18210000000000,0.00000000000000,8.12280000000000,33.0382,34524.0677,16.7001,16.7001,0.0000,16.6833,8.1396,8.1396,0.0000,-16.5652,34524.0677,NA
parkey.exe,39100,0x0,Other,-1,0,0,Composed: Copy with GPU GDI,34557.2673,NA,16.49950000000000,1.57470000000000,0.00000000000000,8.76780000000000,18.1134,34540.7678,16.4995,16.4995,0.0000,16.3870,8.8803,8.8803,0.0000,15.1254,34540.7678,NA
parkey.exe,39100,0x0,Other,-1,0,0,Composed: Copy with GPU GDI,34574.2944,NA,17.02710000000000,20.82700000000000,0.00000000000000,8.33400000000000,21.9133,34557.2673,17.0271,17.0271,0.0000,16.8676,8.4935,8.4935,0.0000,-4.3275,34557.2673,NA
parkey.exe,39100,0x0,Other,-1,0,0,Composed: Copy with GPU GDI,34591.2733,NA,16.97890000000000,13.88510000000000,0.00000000000000,8.66230000000000,18.8195,34574.2944,16.9789,16.9789,0.0000,16.7900,8.8512,8.8512,0.0000,3.1420,34574.2944,NA
parkey.exe,39100,0x0,Other,-1,0,0,Composed: Copy with GPU GDI,34607.3783,NA,16.10500000000000,13.88810000000000,0.00000000000000,9.00860000000000,16.6026,34591.2733,16.1050,16.1050,0.0000,15.9909,9.1227,9.1227,0.0000,3.0908,34591.2733,NA
parkey.exe,39100,0x0,Other,-1,0,0,Composed: Copy with GPU GDI,34623.9738,NA,16.59550000000000,20.84080000000000,0.00000000000000,8.73420000000000,20.8479,34607.3783,16.5955,16.5955,0.0000,16.4786,8.8511,8.8511,0.0000,-4.7358,34607.3783,NA
parkey.exe,39100,0x0,Other,-1,0,0,Composed: Copy with GPU GDI,34640.8134,NA,16.83960000000000,29.06330000000000,0.00000000000000,7.31380000000000,33.0716,34623.9738,16.8396,16.8396,0.0000,16.7178,7.4356,7.4356,0.0000,-12.4678,34623.9738,NA
parkey.exe,39100,0x0,Other,-1,0,0,Composed: Copy with GPU GDI,34657.2125,NA,16.39910000000000,5.66610000000000,0.00000000000000,8.76810000000000,22.3386,34640.8134,16.3991,16.3991,0.0000,16.2770,8.8902,8.8902,0.0000,11.1735,34640.8134,NA
parkey.exe,39100,0x0,Other,-1,0,0,Composed: Copy with GPU GDI,34673.8597,NA,16.64720000000000,13.89360000000000,0.00000000000000,8.58140000000000,19.5850,34657.2125,16.6472,16.6472,0.0000,16.5289,8.6997,8.6997,0.0000,2.5055,34657.2125,NA
parkey.exe,39100,0x0,Other,-1,0,0,Composed: Copy with GPU GDI,34690.8593,NA,16.99960000000000,13.91000000000000,0.00000000000000,8.80560000000000,16.4954,34673.8597,16.9996,16.9996,0.0000,16.8544,8.9508,8.9508,0.0000,2.7372,34673.8597,NA
parkey.exe,39100,0x0,Other,-1,0,0,Composed: Copy with GPU GDI,34707.4040,NA,16.54470000000000,20.81740000000000,0.00000000000000,8.66020000000000,20.7681,34690.8593,16.5447,16.5447,0.0000,16.4275,8.7774,8.7774,0.0000,-3.8178,34690.8593,NA
parkey.exe,39100,0x0,Other,-1,0,0,Composed: Copy with GPU GDI,34723.9029,NA,16.49890000000000,13.88240000000000,0.00000000000000,8.74020000000000,18.1516,34707.4040,16.4989,16.4989,0.0000,16.3912,8.8479,8.8479,0.0000,2.6623,34707.4040,NA
parkey.exe,39100,0x0,Other,-1,0,0,Composed: Copy with GPU GDI,34741.0351,NA,17.13220000000000,31.91310000000000,0.00000000000000,7.91240000000000,32.9325,34723.9029,17.1322,17.1322,0.0000,16.9425,8.1021,8.1021,0.0000,-15.4142,34723.9029,NA
parkey.exe,39100,0x0,Other,-1,0,0,Composed: Copy with GPU GDI,34757.4187,NA,16.38360000000000,2.81820000000000,0.00000000000000,8.76880000000000,19.3671,34741.0351,16.3836,16.3836,0.0000,16.2618,8.8906,8.8906,0.0000,14.3140,34741.0351,NA
parkey.exe,39100,0x0,Other,-1,0,0,Composed: Copy with GPU GDI,34774.0206,NA,16.60190000000000,13.90340000000000,0.00000000000000,8.35620000000000,16.6686,34757.4187,16.6019,16.6019,0.0000,16.4706,8.4875,8.4875,0.0000,2.4802,34757.4187,NA
parkey.exe,39100,0x0,Other,-1,0,0,Composed: Copy with GPU GDI,34790.8228,NA,16.80220000000000,20.83220000000000,0.00000000000000,8.55330000000000,20.6986,34774.0206,16.8022,16.8022,0.0000,16.5435,8.8120,8.8120,0.0000,-4.2303,34774.0206,NA
parkey.exe,39100,0x0,Other,-1,0,0,Composed: Copy with GPU GDI,34807.3745,NA,16.55170000000000,13.88170000000000,0.00000000000000,8.38140000000000,18.0286,34790.8228,16.5517,16.5517,0.0000,16.4237,8.5094,8.5094,0.0000,2.9205,34790.8228,NA
parkey.exe,39100,0x0,Other,-1,0,0,Composed: Copy with GPU GDI,34824.0396,NA,16.66510000000000,20.84630000000000,0.00000000000000,8.48570000000000,22.2098,34807.3745,16.6651,16.6651,0.0000,16.5243,8.6265,8.6265,0.0000,-4.2946,34807.3745,NA
parkey.exe,39100,0x0,Other,-1,0,0,Composed: Copy with GPU GDI,34841.6580,NA,17.61840000000000,NA,0.00000000000000,8.12190000000000,NA,34824.0396,17.6184,17.6184,0.0000,17.4449,8.2954,8.2954,0.0000,NA,NA,NA
parkey.exe,39100,0x0,Other,-1,0,0,Composed: Copy with GPU GDI,34857.5202,NA,15.86220000000000,27.76790000000000,0.00000000000000,8.78040000000000,16.4971,34841.6580,15.8622,15.8622,0.0000,15.7106,8.9320,8.9320,0.0000,6.5156,34841.6580,NA
parkey.exe,39100,0x0,Other,-1,0,0,Composed: Copy with GPU GDI,34874.1590,NA,16.63880000000000,20.85080000000000,0.00000000000000,8.69120000000000,20.7091,34857.5202,16.6388,16.6388,0.0000,16.4482,8.8818,8.8818,0.0000,-4.9886,34857.5202,NA
parkey.exe,39100,0x0,Other,-1,0,0,Composed: Copy with GPU GDI,34890.8797,NA,16.72070000000000,13.87910000000000,0.00000000000000,8.72270000000000,17.8675,34874.1590,16.7207,16.7207,0.0000,16.5670,8.8764,8.8764,0.0000,2.7597,34874.1590,NA
parkey.exe,39100,0x0,Other,-1,0,0,Composed: Copy with GPU GDI,34907.5557,NA,16.67600000000000,20.84470000000000,0.00000000000000,8.53760000000000,22.0362,34890.8797,16.6760,16.6760,0.0000,16.5263,8.6873,8.6873,0.0000,-4.1240,34890.8797,NA
parkey.exe,39100,0x0,Other,-1,0,0,Composed: Copy with GPU GDI,34924.2288,NA,16.67310000000000,13.88900000000000,0.00000000000000,8.76840000000000,19.2521,34907.5557,16.6731,16.6731,0.0000,16.5385,8.9030,8.9030,0.0000,2.7870,34907.5557,NA
parkey.exe,39100,0x0,Other,-1,0,0,Composed: Copy with GPU GDI,34940.7940,NA,16.56520000000000,30.65310000000000,0.00000000000000,7.95880000000000,33.3400,34924.2288,16.5652,16.5652,0.0000,16.4067,8.1173,8.1173,0.0000,-13.9800,34924.2288,NA
parkey.exe,39100,0x0,Other,-1,0,0,Composed: Copy with GPU GDI,34957.2087,NA,16.41470000000000,4.08110000000000,0.00000000000000,8.73700000000000,21.0064,34940.7940,16.4147,16.4147,0.0000,16.3074,8.8443,8.8443,0.0000,12.4841,34940.7940,NA
parkey.exe,39100,0x0,Other,-1,0,0,Composed: Copy with GPU GDI,34973.9435,NA,16.73480000000000,13.87750000000000,0.00000000000000,8.42200000000000,18.1491,34957.2087,16.7348,16.7348,0.0000,16.6217,8.5351,8.5351,0.0000,2.5372,34957.2087,NA
parkey.exe,39100,0x0,Other,-1,0,0,Composed: Copy with GPU GDI,34990.5821,NA,16.63860000000000,20.84030000000000,0.00000000000000,8.53270000000000,22.3508,34973.9435,16.6386,16.6386,0.0000,16.5180,8.6533,8.6533,0.0000,-4.1055,34973.9435,NA
parkey.exe,39100,0x0,Other,-1,0,0,Composed: Copy with GPU GDI,35007.3991,NA,16.81700000000000,13.89630000000000,0.00000000000000,8.80350000000000,19.4301,34990.5821,16.8170,16.8170,0.0000,16.6645,8.9560,8.9560,0.0000,2.7423,34990.5821,NA
parkey.exe,39100,0x0,Other,-1,0,0,Composed: Copy with GPU GDI,35024.2333,NA,16.83420000000000,13.88730000000000,0.00000000000000,8.35870000000000,16.4832,35007.3991,16.8342,16.8342,0.0000,16.6847,8.5082,8.5082,0.0000,2.9297,35007.3991,NA
parkey.exe,39100,0x0,Other,-1,0,0,Composed: Copy with GPU GDI,35040.8354,NA,16.60210000000000,33.53760000000000,0.00000000000000,7.88190000000000,33.4187,35024.2333,16.6021,16.6021,0.0000,16.3855,8.0985,8.0985,0.0000,-16.7034,35024.2333,NA
parkey.exe,39100,0x0,Other,-1,0,0,Composed: Copy with GPU GDI,35057.2119,NA,16.37650000000000,1.21150000000000,0.00000000000000,8.37550000000000,18.2537,35040.8354,16.3765,16.3765,0.0000,16.2704,8.4816,8.4816,0.0000,15.3906,35040.8354,NA
parkey.exe,39100,0x0,Other,-1,0,0,Composed: Copy with GPU GDI,35073.9674,NA,16.75550000000000,20.82790000000000,0.00000000000000,8.30100000000000,22.3261,35057.2119,16.7555,16.7555,0.0000,16.6387,8.4178,8.4178,0.0000,-4.4514,35057.2119,NA
parkey.exe,39100,0x0,Other,-1,0,0,Composed: Copy with GPU GDI,35090.9802,NA,17.01280000000000,13.88930000000000,0.00000000000000,8.46230000000000,19.2026,35073.9674,17.0128,17.0128,0.0000,16.8548,8.6203,8.6203,0.0000,2.8662,35073.9674,NA
parkey.exe,39100,0x0,Other,-1,0,0,Composed: Copy with GPU GDI,35107.3403,NA,16.36010000000000,13.89120000000000,0.00000000000000,8.34210000000000,16.7337,35090.9802,16.3601,16.3601,0.0000,16.2343,8.4679,8.4679,0.0000,3.1216,35090.9802,NA
parkey.exe,39100,0x0,Other,-1,0,0,Composed: Copy with GPU GDI,35123.8988,NA,16.55850000000000,20.83240000000000,0.00000000000000,8.68820000000000,21.0076,35107.3403,16.5585,16.5585,0.0000,16.4375,8.8092,8.8092,0.0000,-4.4723,35107.3403,NA
parkey.exe,39100,0x0,Other,-1,0,0,Composed: Copy with GPU GDI,35140.7087,NA,16.80990000000000,29.38390000000000,0.00000000000000,7.28910000000000,33.5816,35123.8988,16.8099,16.8099,0.0000,16.6756,7.4234,7.4234,0.0000,-12.8254,35123.8988,NA
parkey.exe,39100,0x0,Other,-1,0,0,Composed: Copy with GPU GDI,35157.5841,NA,16.87540000000000,5.34690000000000,0.00000000000000,8.37710000000000,22.0531,35140.7087,16.8754,16.8754,0.0000,16.7287,8.5238,8.5238,0.0000,11.4630,35140.7087,NA
parkey.exe,39100,0x0,Other,-1,0,0,Composed: Copy with GPU GDI,35174.2594,NA,16.67530000000000,13.88810000000000,0.00000000000000,8.30970000000000,19.2659,35157.5841,16.6753,16.6753,0.0000,16.5231,8.4619,8.4619,0.0000,2.9873,35157.5841,NA
parkey.exe,39100,0x0,Other,-1,0,0,Composed: Copy with GPU GDI,35190.7800,NA,16.52060000000000,13.88650000000000,0.00000000000000,8.38570000000000,16.6318,35174.2594,16.5206,16.5206,0.0000,16.3642,8.5421,8.5421,0.0000,2.7888,35174.2594,NA
parkey.exe,39100,0x0,Other,-1,0,0,Composed: Copy with GPU GDI,35207.3736,NA,16.59360000000000,20.84200000000000,0.00000000000000,8.66240000000000,20.8802,35190.7800,16.5936,16.5936,0.0000,16.4437,8.8123,8.8123,0.0000,-4.3214,35190.7800,NA
parkey.exe,39100,0x0,Other,-1,0,0,Composed: Copy with GPU GDI,35223.9148,NA,16.54120000000000,13.90090000000000,0.00000000000000,8.34730000000000,18.2399,35207.3736,16.5412,16.5412,0.0000,16.4230,8.4655,8.4655,0.0000,2.6927,35207.3736,NA
parkey.exe,39100,0x0,Other,-1,0,0,Composed: Copy with GPU GDI,35240.6396,NA,16.72480000000000,32.22010000000000,0.00000000000000,7.97870000000000,33.7352,35223.9148,16.7248,16.7248,0.0000,16.6075,8.0960,8.0960,0.0000,-15.6789,35223.9148,NA
parkey.exe,39100,0x0,Other,-1,0,0,Composed: Copy with GPU GDI,35257.1538,NA,16.51420000000000,2.51090000000000,0.00000000000000,8.37370000000000,19.7319,35240.6396,16.5142,16.5142,0.0000,16.3761,8.5118,8.5118,0.0000,14.2139,35240.6396,NA
parkey.exe,39100,0x0,Other,-1,0,0,Composed: Copy with GPU GDI,35273.9410,NA,16.78720000000000,13.87530000000000,0.00000000000000,8.39970000000000,16.8200,35257.1538,16.7872,16.7872,0.0000,16.6752,8.5117,8.5117,0.0000,2.6389,35257.1538,NA
parkey.exe,39100,0x0,Other,-1,0,0,Composed: Copy with GPU GDI,35290.6064,NA,16.66540000000000,20.85030000000000,0.00000000000000,8.78910000000000,21.0049,35273.9410,16.6654,16.6654,0.0000,16.5548,8.8997,8.8997,0.0000,-4.0631,35273.9410,NA
parkey.exe,39100,0x0,Other,-1,0,0,Composed: Copy with GPU GDI,35307.5331,NA,16.92670000000000,13.86990000000000,0.00000000000000,8.55090000000000,17.9481,35290.6064,16.9267,16.9267,0.0000,16.7808,8.6968,8.6968,0.0000,2.7955,35290.6064,NA
parkey.exe,39100,0x0,Other,-1,0,0,Composed: Copy with GPU GDI,35324.0883,NA,16.55520000000000,20.84620000000000,0.00000000000000,8.57610000000000,22.2391,35307.5331,16.5552,16.5552,0.0000,16.4224,8.7089,8.7089,0.0000,-3.9195,35307.5331,NA
parkey.exe,39100,0x0,Other,-1,0,0,Composed: Copy with GPU GDI,35340.8414,NA,16.75310000000000,NA,0.00000000000000,6.83530000000000,NA,35324.0883,16.7531,16.7531,0.0000,16.5985,6.9899,6.9899,0.0000,NA,NA,NA
parkey.exe,39100,0x0,Other,-1,0,0,Composed: Copy with GPU GDI,35357.2743,NA,16.43290000000000,27.79400000000000,0.00000000000000,8.40380000000000,16.8471,35340.8414,16.4329,16.4329,0.0000,16.3124,8.5243,8.5243,0.0000,5.5143,35340.8414,NA
parkey.exe,39100,0x0,Other,-1,0,0,Composed: Copy with GPU GDI,35374.0507,NA,16.77640000000000,20.83240000000000,0.00000000000000,8.74520000000000,20.9031,35357.2743,16.7764,16.7764,0.0000,16.6628,8.8588,8.8588,0.0000,-4.3995,35357.2743,NA
parkey.exe,39100,0x0,Other,-1,0,0,Composed: Copy with GPU GDI,35390.6885,NA,16.63780000000000,13.88380000000000,0.00000000000000,8.44890000000000,18.1491,35374.0507,16.6378,16.6378,0.0000,16.5084,8.5783,8.5783,0.0000,2.8926,35374.0507,NA
parkey.exe,39100,0x0,Other,-1,0,0,Composed: Copy with GPU GDI,35407.3609,NA,16.67240000000000,20.84290000000000,0.00000000000000,8.36940000000000,22.3196,35390.6885,16.6724,16.6724,0.0000,16.5406,8.5012,8.5012,0.0000,-4.2051,35390.6885,NA
parkey.exe,39100,0x0,Other,-1,0,0,Composed: Copy with GPU GDI,35424.0025,NA,16.64160000000000,13.88380000000000,0.00000000000000,8.28070000000000,19.5618,35407.3609,16.6416,16.6416,0.0000,16.5150,8.4073,8.4073,0.0000,2.7886,35407.3609,NA
parkey.exe,39100,0x0,Other,-1,0,0,Composed: Copy with GPU GDI,35441.0532,NA,17.05070000000000,30.97640000000000,0.00000000000000,7.87920000000000,33.4875,35424.0025,17.0507,17.0507,0.0000,16.8604,8.0695,8.0695,0.0000,-14.3348,35424.0025,NA
parkey.exe,39100,0x0,Other,-1,0,0,Composed: Copy with GPU GDI,35457.5626,NA,16.50940000000000,3.76700000000000,0.00000000000000,8.69210000000000,20.7451,35441.0532,16.5094,16.5094,0.0000,16.3507,8.8508,8.8508,0.0000,13.2837,35441.0532,NA
parkey.exe,39100,0x0,Other,-1,0,0,Composed: Copy with GPU GDI,35474.3163,NA,16.75370000000000,13.91590000000000,0.00000000000000,8.69780000000000,17.9073,35457.5626,16.7537,16.7537,0.0000,16.5878,8.8637,8.8637,0.0000,2.5935,35457.5626,NA
parkey.exe,39100,0x0,Other,-1,0,0,Composed: Copy with GPU GDI,35491.1393,NA,16.82300000000000,20.81590000000000,0.00000000000000,8.27490000000000,21.9002,35474.3163,16.8230,16.8230,0.0000,16.6330,8.4649,8.4649,0.0000,-4.0622,35474.3163,NA
parkey.exe,39100,0x0,Other,-1,0,0,Composed: Copy with GPU GDI,35507.7630,NA,16.62370000000000,13.87990000000000,0.00000000000000,8.30030000000000,19.1564,35491.1393,16.6237,16.6237,0.0000,16.4377,8.4863,8.4863,0.0000,2.9431,35491.1393,NA
parkey.exe,39100,0x0,Other,-1,0,0,Composed: Copy with GPU GDI,35524.4023,NA,16.63930000000000,13.88350000000000,0.00000000000000,8.38630000000000,16.4006,35507.7630,16.6393,16.6393,0.0000,16.4918,8.5338,8.5338,0.0000,2.7402,35507.7630,NA
parkey.exe,39100,0x0,Other,-1,0,0,Composed: Copy with GPU GDI,35540.9633,NA,16.56100000000000,33.81740000000000,0.00000000000000,7.87320000000000,33.6570,35524.4023,16.5610,16.5610,0.0000,16.3487,8.0855,8.0855,0.0000,-17.1781,35524.4023,NA
parkey.exe,39100,0x0,Other,-1,0,0,Composed: Copy with GPU GDI,35557.3189,NA,16.35560000000000,0.90720000000000,0.00000000000000,8.46210000000000,18.2086,35540.9633,16.3556,16.3556,0.0000,16.2300,8.5877,8.5877,0.0000,15.6538,35540.9633,NA
parkey.exe,39100,0x0,Other,-1,0,0,Composed: Copy with GPU GDI,35573.9651,NA,16.64620000000000,20.86250000000000,0.00000000000000,8.32280000000000,22.4249,35557.3189,16.6462,16.6462,0.0000,16.5295,8.4395,8.4395,0.0000,-4.5069,35557.3189,NA
parkey.exe,39100,0x0,Other,-1,0,0,Composed: Copy with GPU GDI,35590.9440,NA,16.97890000000000,13.88810000000000,0.00000000000000,8.35180000000000,19.3341,35573.9651,16.9789,16.9789,0.0000,16.8316,8.4991,8.4991,0.0000,2.7581,35573.9651,NA
parkey.exe,39100,0x0,Other,-1,0,0,Composed: Copy with GPU GDI,35607.3893,NA,16.44530000000000,13.88540000000000,0.00000000000000,8.37440000000000,16.7742,35590.9440,16.4453,16.4453,0.0000,16.3167,8.5030,8.5030,0.0000,3.0935,35590.9440,NA
parkey.exe,39100,0x0,Other,-1,0,0,Composed: Copy with GPU GDI,35623.9000,NA,16.51070000000000,20.82950000000000,0.00000000000000,8.73480000000000,21.0930,35607.3893,16.5107,16.5107,0.0000,16.3925,8.8530,8.8530,0.0000,-4.3842,35607.3893,NA
parkey.exe,39100,0x0,Other,-1,0,0,Composed: Copy with GPU GDI,35640.7032,NA,16.80320000000000,29.70100000000000,0.00000000000000,7.31160000000000,33.9908,35623.9000,16.8032,16.8032,0.0000,16.6733,7.4415,7.4415,0.0000,-13.1903,35623.9000,NA
parkey.exe,39100,0x0,Other,-1,0,0,Composed: Copy with GPU GDI,35657.2880,NA,16.58480000000000,5.03500000000000,0.00000000000000,8.41180000000000,22.4410,35640.7032,16.5848,16.5848,0.0000,16.4693,8.5273,8.5273,0.0000,11.7682,35640.7032,NA
parkey.exe,39100,0x0,Other,-1,0,0,Composed: Copy with GPU GDI,35674.0241,NA,16.73610000000000,13.87800000000000,0.00000000000000,8.25730000000000,19.5829,35657.2880,16.7361,16.7361,0.0000,16.6165,8.3769,8.3769,0.0000,2.7068,35657.2880,NA
parkey.exe,39100,0x0,Other,-1,0,0,Composed: Copy with GPU GDI,35690.5674,NA,16.54330000000000,13.89100000000000,0.00000000000000,8.35590000000000,16.9306,35674.0241,16.5433,16.5433,0.0000,16.4191,8.4801,8.4801,0.0000,2.8451,35674.0241,NA
parkey.exe,39100,0x0,Other,-1,0,0,Composed: Copy with GPU GDI,35707.2441,NA,16.67670000000000,20.84700000000000,0.00000000000000,8.70590000000000,21.1009,35690.5674,16.6767,16.6767,0.0000,16.5630,8.8196,8.8196,0.0000,-4.3037,35690.5674,NA
parkey.exe,39100,0x0,Other,-1,0,0,Composed: Copy with GPU GDI,35724.1365,NA,16.89240000000000,13.89040000000000,0.00000000000000,8.58280000000000,18.0989,35707.2441,16.8924,16.8924,0.0000,16.7548,8.7204,8.7204,0.0000,2.7863,35707.2441,NA
parkey.exe,39100,0x0,Other,-1,0,0,Composed: Copy with GPU GDI,35741.0359,NA,16.89940000000000,32.54580000000000,0.00000000000000,8.68570000000000,33.7453,35724.1365,16.8994,16.8994,0.0000,16.7513,8.8338,8.8338,0.0000,-15.6534,35724.1365,NA
parkey.exe,39100,0x0,Other,-1,0,0,Composed: Copy with GPU GDI,35757.2912,NA,16.25530000000000,2.17800000000000,0.00000000000000,8.35080000000000,19.6680,35741.0359,16.2553,16.2553,0.0000,16.1342,8.4719,8.4719,0.0000,14.7214,35741.0359,NA
parkey.exe,39100,0x0,Other,-1,0,0,Composed: Copy with GPU GDI,35773.9624,NA,16.67120000000000,13.90500000000000,0.00000000000000,8.33210000000000,16.9018,35757.2912,16.6712,16.6712,0.0000,16.5251,8.4782,8.4782,0.0000,2.3503,35757.2912,NA
parkey.exe,39100,0x0,Other,-1,0,0,Composed: Copy with GPU GDI,35790.8691,NA,16.90670000000000,20.83010000000000,0.00000000000000,8.74320000000000,20.8252,35773.9624,16.9067,16.9067,0.0000,16.7571,8.8928,8.8928,0.0000,-4.1589,35773.9624,NA
parkey.exe,39100,0x0,Other,-1,0,0,Composed: Copy with GPU GDI,35807.7920,NA,16.92290000000000,13.88030000000000,0.00000000000000,8.45570000000000,17.7826,35790.8691,16.9229,16.9229,0.0000,16.7791,8.5995,8.5995,0.0000,3.0264,35790.8691,NA
parkey.exe,39100,0x0,Other,-1,0,0,Composed: Copy with GPU GDI,35824.0520,NA,16.26000000000000,20.83870000000000,0.00000000000000,8.37990000000000,22.3613,35807.7920,16.2600,16.2600,0.0000,16.1395,8.5004,8.5004,0.0000,-3.9158,35807.7920,NA
parkey.exe,39100,0x0,Other,-1,0,0,Composed: Copy with GPU GDI,35840.9541,NA,16.90210000000000,NA,0.00000000000000,6.44460000000000,NA,35824.0520,16.9021,16.9021,0.0000,16.7343,6.6124,6.6124,0.0000,NA,NA,NA
parkey.exe,39100,0x0,Other,-1,0,0,Composed: Copy with GPU GDI,35857.3428,NA,16.38870000000000,27.78520000000000,0.00000000000000,8.41080000000000,16.8557,35840.9541,16.3887,16.3887,0.0000,16.2576,8.5419,8.5419,0.0000,5.3769,35840.9541,NA
parkey.exe,39100,0x0,Other,-1,0,0,Composed: Copy with GPU GDI,35873.9660,NA,16.62320000000000,20.84020000000000,0.00000000000000,8.38890000000000,21.0727,35857.3428,16.6232,16.6232,0.0000,16.5001,8.5120,8.5120,0.0000,-4.4515,35857.3428,NA
parkey.exe,39100,0x0,Other,-1,0,0,Composed: Copy with GPU GDI,35890.6234,NA,16.65740000000000,13.87190000000000,0.00000000000000,8.35650000000000,18.2872,35873.9660,16.6574,16.6574,0.0000,16.5308,8.4831,8.4831,0.0000,2.7513,35873.9660,NA
parkey.exe,39100,0x0,Other,-1,0,0,Composed: Copy with GPU GDI,35907.2580,NA,16.63460000000000,20.86450000000000,0.00000000000000,8.37450000000000,22.5171,35890.6234,16.6346,16.6346,0.0000,16.5142,8.4949,8.4949,0.0000,-4.2071,35890.6234,NA
parkey.exe,39100,0x0,Other,-1,0,0,Composed: Copy with GPU GDI,35924.2134,NA,16.95540000000000,13.87110000000000,0.00000000000000,8.38060000000000,19.4328,35907.2580,16.9554,16.9554,0.0000,16.8069,8.5291,8.5291,0.0000,2.7635,35907.2580,NA
parkey.exe,39100,0x0,Other,-1,0,0,Composed: Copy with GPU GDI,35940.7382,NA,16.52480000000000,31.29390000000000,0.00000000000000,7.97070000000000,34.2019,35924.2134,16.5248,16.5248,0.0000,16.3944,8.1011,8.1011,0.0000,-14.3385,35924.2134,NA
parkey.exe,39100,0x0,Other,-1,0,0,Composed: Copy with GPU GDI,35957.1383,NA,16.40010000000000,3.43750000000000,0.00000000000000,7.99170000000000,21.2393,35940.7382,16.4001,16.4001,0.0000,16.2883,8.1035,8.1035,0.0000,13.0873,35940.7382,NA
parkey.exe,39100,0x0,Other,-1,0,0,Composed: Copy with GPU GDI,35973.9862,NA,16.84790000000000,13.89900000000000,0.00000000000000,8.35050000000000,18.2904,35957.1383,16.8479,16.8479,0.0000,16.7207,8.4777,8.4777,0.0000,2.5011,35957.1383,NA
parkey.exe,39100,0x0,Other,-1,0,0,Composed: Copy with GPU GDI,35990.6320,NA,16.64580000000000,20.83630000000000,0.00000000000000,8.39840000000000,22.4809,35973.9862,16.6458,16.6458,0.0000,16.5324,8.5118,8.5118,0.0000,-3.9884,35973.9862,NA
parkey.exe,39100,0x0,Other,-1,0,0,Composed: Copy with GPU GDI,36007.2254,NA,16.59340000000000,13.88820000000000,0.00000000000000,8.23200000000000,19.7757,35990.6320,16.5934,16.5934,0.0000,16.4567,8.3687,8.3687,0.0000,2.7576,35990.6320,NA
parkey.exe,39100,0x0,Other,-1,0,0,Composed: Copy with GPU GDI,36024.0062,NA,16.78080000000000,13.89820000000000,0.00000000000000,8.54790000000000,16.8931,36007.2254,16.7808,16.7808,0.0000,16.6625,8.6662,8.6662,0.0000,2.6952,36007.2254,NA
parkey.exe,39100,0x0,Other,-1,0,0,Composed: Copy with GPU GDI,36040.6904,NA,16.68420000000000,17.44410000000000,0.00000000000000,6.19630000000000,17.6530,36024.0062,16.6842,16.6842,0.0000,16.5638,6.3167,6.3167,0.0000,-0.6633,36024.0062,NA
parkey.exe,39100,0x0,Other,-1,0,0,Composed: Copy with GPU GDI,36057.3354,NA,16.64500000000000,16.68130000000000,0.00000000000000,8.03800000000000,17.6893,36040.6904,16.6450,16.6450,0.0000,16.5210,8.1620,8.1620,0.0000,0.0029,36040.6904,NA
parkey.exe,39100,0x0,Other,-1,0,0,Composed: Copy with GPU GDI,36073.9747,NA,16.63930000000000,16.67760000000000,0.00000000000000,7.98200000000000,17.7276,36057.3354,16.6393,16.6393,0.0000,16.5198,8.1015,8.1015,0.0000,-0.0326,36057.3354,NA
parkey.exe,39100,0x0,Other,-1,0,0,Composed: Copy with GPU GDI,36090.6994,NA,16.72470000000000,NA,0.00000000000000,7.94230000000000,NA,36073.9747,16.7247,16.7247,0.0000,16.6045,8.0625,8.0625,0.0000,NA,NA,NA
parkey.exe,39100,0x0,Other,-1,0,0,Composed: Copy with GPU GDI,36107.4655,NA,16.76610000000000,32.53770000000000,0.00000000000000,8.49740000000000,16.7745,36090.6994,16.7661,16.7661,0.0000,16.6268,8.6367,8.6367,0.0000,0.8263,36090.6994,NA
parkey.exe,39100,0x0,Other,-1,0,0,Composed: Copy with GPU GDI,36124.1828,NA,16.71730000000000,20.84930000000000,0.00000000000000,8.30230000000000,20.9065,36107.4655,16.7173,16.7173,0.0000,16.5733,8.4463,8.4463,0.0000,-4.0832,36107.4655,NA
parkey.exe,39100,0x0,Other,-1,0,0,Composed: Copy with GPU GDI,36140.9812,NA,16.79840000000000,30.01430000000000,0.00000000000000,7.26560000000000,34.1224,36124.1828,16.7984,16.7984,0.0000,16.6522,7.4118,7.4118,0.0000,-13.2970,36124.1828,NA
parkey.exe,39100,0x0,Other,-1,0,0,Composed: Copy with GPU GDI,36157.6164,NA,16.63520000000000,4.70720000000000,0.00000000000000,8.56800000000000,22.1944,36140.9812,16.6352,16.6352,0.0000,16.4715,8.7317,8.7317,0.0000,12.0912,36140.9812,NA
parkey.exe,39100,0x0,Other,-1,0,0,Composed: Copy with GPU GDI,36174.0259,NA,16.40950000000000,13.89500000000000,0.00000000000000,8.19220000000000,19.6799,36157.6164,16.4095,16.4095,0.0000,16.2696,8.3321,8.3321,0.0000,2.7402,36157.6164,NA
parkey.exe,39100,0x0,Other,-1,0,0,Composed: Copy with GPU GDI,36190.6720,NA,16.64610000000000,13.89020000000000,0.00000000000000,7.74200000000000,16.9240,36174.0259,16.6461,16.6461,0.0000,16.4869,7.9012,7.9012,0.0000,2.5193,36174.0259,NA
parkey.exe,39100,0x0,Other,-1,0,0,Composed: Copy with GPU GDI,36207.4419,NA,16.76990000000000,20.83120000000000,0.00000000000000,8.32050000000000,20.9853,36190.6720,16.7699,16.7699,0.0000,16.6275,8.4629,8.4629,0.0000,-4.1851,36190.6720,NA
parkey.exe,39100,0x0,Other,-1,0,0,Composed: Copy with GPU GDI,36223.9500,NA,16.50810000000000,13.89330000000000,0.00000000000000,8.30210000000000,18.3705,36207.4419,16.5081,16.5081,0.0000,16.3817,8.4285,8.4285,0.0000,2.8766,36207.4419,NA
parkey.exe,39100,0x0,Other,-1,0,0,Composed: Copy with GPU GDI,36240.6315,NA,16.68150000000000,32.86350000000000,0.00000000000000,8.02360000000000,34.5525,36223.9500,16.6815,16.6815,0.0000,16.5681,8.1370,8.1370,0.0000,-16.3554,36223.9500,NA
parkey.exe,39100,0x0,Other,-1,0,0,Composed: Copy with GPU GDI,36257.1343,NA,16.50280000000000,1.84800000000000,0.00000000000000,7.92960000000000,19.8977,36240.6315,16.5028,16.5028,0.0000,16.3815,8.0509,8.0509,0.0000,14.8335,36240.6315,NA
parkey.exe,39100,0x0,Other,-1,0,0,Composed: Copy with GPU GDI,36273.8684,NA,16.73410000000000,13.90710000000000,0.00000000000000,8.28580000000000,17.0707,36257.1343,16.7341,16.7341,0.0000,16.6106,8.4093,8.4093,0.0000,2.5957,36257.1343,NA
parkey.exe,39100,0x0,Other,-1,0,0,Composed: Copy with GPU GDI,36290.5771,NA,16.70870000000000,20.85470000000000,0.00000000000000,8.40100000000000,21.2167,36273.8684,16.7087,16.7087,0.0000,16.5941,8.5156,8.5156,0.0000,-4.1206,36273.8684,NA
parkey.exe,39100,0x0,Other,-1,0,0,Composed: Copy with GPU GDI,36307.2996,NA,16.72250000000000,13.86750000000000,0.00000000000000,8.33960000000000,18.3617,36290.5771,16.7225,16.7225,0.0000,16.5919,8.4702,8.4702,0.0000,2.8412,36290.5771,NA
parkey.exe,39100,0x0,Other,-1,0,0,Composed: Copy with GPU GDI,36323.9243,NA,16.62470000000000,20.84180000000000,0.00000000000000,8.43280000000000,22.5788,36307.2996,16.6247,16.6247,0.0000,16.5055,8.5520,8.5520,0.0000,-4.1193,36307.2996,NA
parkey.exe,39100,0x0,Other,-1,0,0,Composed: Copy with GPU GDI,36340.5702,NA,16.64590000000000,NA,0.00000000000000,6.14960000000000,NA,36323.9243,16.6459,16.6459,0.0000,16.5193,6.2762,6.2762,0.0000,NA,NA,NA
parkey.exe,39100,0x0,Other,-1,0,0,Composed: Copy with GPU GDI,36357.1769,NA,16.60670000000000,27.77890000000000,0.00000000000000,8.36010000000000,17.1051,36340.5702,16.6067,16.6067,0.0000,16.4959,8.4709,8.4709,0.0000,5.4917,36340.5702,NA
parkey.exe,39100,0x0,Other,-1,0,0,Composed: Copy with GPU GDI,36373.8555,NA,16.67860000000000,20.84250000000000,0.00000000000000,8.36330000000000,21.2690,36357.1769,16.6786,16.6786,0.0000,16.5719,8.4700,8.4700,0.0000,-4.2358,36357.1769,NA
parkey.exe,39100,0x0,Other,-1,0,0,Composed: Copy with GPU GDI,36390.5953,NA,16.73980000000000,13.91460000000000,0.00000000000000,8.38760000000000,18.4438,36373.8555,16.7398,16.7398,0.0000,16.6153,8.5121,8.5121,0.0000,2.7640,36373.8555,NA
parkey.exe,39100,0x0,Other,-1,0,0,Composed: Copy with GPU GDI,36407.4009,NA,16.80560000000000,20.82170000000000,0.00000000000000,8.36440000000000,22.4599,36390.5953,16.8056,16.8056,0.0000,16.6813,8.4887,8.4887,0.0000,-4.0819,36390.5953,NA
parkey.exe,39100,0x0,Other,-1,0,0,Composed: Copy with GPU GDI,36423.9632,NA,16.56230000000000,13.87190000000000,0.00000000000000,8.22360000000000,19.7695,36407.4009,16.5623,16.5623,0.0000,16.4343,8.3516,8.3516,0.0000,2.9337,36407.4009,NA
parkey.exe,39100,0x0,Other,-1,0,0,Composed: Copy with GPU GDI,36440.7448,NA,16.78160000000000,31.61900000000000,0.00000000000000,8.10380000000000,34.6069,36423.9632,16.7816,16.7816,0.0000,16.6518,8.2336,8.2336,0.0000,-15.0567,36423.9632,NA
parkey.exe,39100,0x0,Other,-1,0,0,Composed: Copy with GPU GDI,36457.2923,NA,16.54750000000000,3.12500000000000,0.00000000000000,7.94150000000000,21.1844,36440.7448,16.5475,16.5475,0.0000,16.4172,8.0718,8.0718,0.0000,13.6566,36440.7448,NA
parkey.exe,39100,0x0,Other,-1,0,0,Composed: Copy with GPU GDI,36474.0420,NA,16.74970000000000,13.89840000000000,0.00000000000000,8.32630000000000,18.3331,36457.2923,16.7497,16.7497,0.0000,16.6199,8.4561,8.4561,0.0000,2.6491,36457.2923,NA
parkey.exe,39100,0x0,Other,-1,0,0,Composed: Copy with GPU GDI,36490.7864,NA,16.74440000000000,20.82960000000000,0.00000000000000,8.35390000000000,22.4183,36474.0420,16.7444,16.7444,0.0000,16.6056,8.4927,8.4927,0.0000,-4.0799,36474.0420,NA
parkey.exe,39100,0x0,Other,-1,0,0,Composed: Copy with GPU GDI,36507.3963,NA,16.60990000000000,13.87260000000000,0.00000000000000,8.17740000000000,19.6810,36490.7864,16.6099,16.6099,0.0000,16.4782,8.3091,8.3091,0.0000,2.8718,36490.7864,NA
parkey.exe,39100,0x0,Other,-1,0,0,Composed: Copy with GPU GDI,36524.0189,NA,16.62260000000000,13.90690000000000,0.00000000000000,8.28200000000000,16.9653,36507.3963,16.6226,16.6226,0.0000,16.4730,8.4316,8.4316,0.0000,2.7030,36507.3963,NA
parkey.exe,39100,0x0,Other,-1,0,0,Composed: Copy with GPU GDI,36540.7143,NA,16.69540000000000,17.76470000000000,0.00000000000000,6.20480000000000,18.0346,36524.0189,16.6954,16.6954,0.0000,16.5660,6.3342,6.3342,0.0000,-1.1421,36524.0189,NA
parkey.exe,39100,0x0,Other,-1,0,0,Composed: Copy with GPU GDI,36557.1868,NA,16.47250000000000,16.68350000000000,0.00000000000000,7.96920000000000,18.2456,36540.7143,16.4725,16.4725,0.0000,16.3593,8.0824,8.0824,0.0000,0.0119,36540.7143,NA
parkey.exe,39100,0x0,Other,-1,0,0,Composed: Copy with GPU GDI,36573.8182,NA,16.63140000000000,16.68050000000000,0.00000000000000,7.95510000000000,18.2947,36557.1868,16.6314,16.6314,0.0000,16.5160,8.0705,8.0705,0.0000,-0.2080,36557.1868,NA
parkey.exe,39100,0x0,Other,-1,0,0,Composed: Copy with GPU GDI,36590.5217,NA,16.70350000000000,NA,0.00000000000000,8.05290000000000,NA,36573.8182,16.7035,16.7035,0.0000,16.5933,8.1631,8.1631,0.0000,NA,NA,NA
parkey.exe,39100,0x0,Other,-1,0,0,Composed: Copy with GPU GDI,36607.2455,NA,16.72380000000000,32.22620000000000,0.00000000000000,8.26460000000000,17.0936,36590.5217,16.7238,16.7238,0.0000,16.6087,8.3797,8.3797,0.0000,1.1087,36590.5217,NA
parkey.exe,39100,0x0,Other,-1,0,0,Composed: Copy with GPU GDI,36624.2054,NA,16.95990000000000,20.83310000000000,0.00000000000000,8.24960000000000,20.9668,36607.2455,16.9599,16.9599,0.0000,16.8008,8.4087,8.4087,0.0000,-4.1093,36607.2455,NA
parkey.exe,39100,0x0,Other,-1,0,0,Composed: Copy with GPU GDI,36640.7439,NA,16.53850000000000,30.33890000000000,0.00000000000000,7.29590000000000,34.7672,36624.2054,16.5385,16.5385,0.0000,16.3995,7.4349,7.4349,0.0000,-13.3790,36624.2054,NA
parkey.exe,39100,0x0,Other,-1,0,0,Composed: Copy with GPU GDI,36657.1999,NA,16.45600000000000,4.41510000000000,0.00000000000000,8.53570000000000,22.7263,36640.7439,16.4560,16.4560,0.0000,16.3412,8.6505,8.6505,0.0000,12.1234,36640.7439,NA
parkey.exe,39100,0x0,Other,-1,0,0,Composed: Copy with GPU GDI,36673.8084,NA,16.60850000000000,13.86090000000000,0.00000000000000,8.17320000000000,19.9787,36657.1999,16.6085,16.6085,0.0000,16.4921,8.2896,8.2896,0.0000,2.5951,36657.1999,NA
parkey.exe,39100,0x0,Other,-1,0,0,Composed: Copy with GPU GDI,36690.5233,NA,16.71490000000000,13.88480000000000,0.00000000000000,8.18360000000000,17.1486,36673.8084,16.7149,16.7149,0.0000,16.6029,8.2956,8.2956,0.0000,2.7237,36673.8084,NA
parkey.exe,39100,0x0,Other,-1,0,0,Composed: Copy with GPU GDI,36707.2437,NA,16.72040000000000,20.84630000000000,0.00000000000000,8.29250000000000,21.2745,36690.5233,16.7204,16.7204,0.0000,16.6121,8.4008,8.4008,0.0000,-4.1314,36690.5233,NA
parkey.exe,39100,0x0,Other,-1,0,0,Composed: Copy with GPU GDI,36724.0655,NA,16.82180000000000,13.88920000000000,0.00000000000000,8.29630000000000,18.3419,36707.2437,16.8218,16.8218,0.0000,16.6815,8.4366,8.4366,0.0000,2.8312,36707.2437,NA
parkey.exe,39100,0x0,Other,-1,0,0,Composed: Copy with GPU GDI,36740.5832,NA,16.51770000000000,33.18710000000000,0.00000000000000,8.35910000000000,35.0113,36724.0655,16.5177,16.5177,0.0000,16.3982,8.4786,8.4786,0.0000,-16.3653,36724.0655,NA
parkey.exe,39100,0x0,Other,-1,0,0,Composed: Copy with GPU GDI,36757.3501,NA,16.76690000000000,1.54390000000000,0.00000000000000,8.36840000000000,19.7883,36740.5832,16.7669,16.7669,0.0000,16.6346,8.5007,8.5007,0.0000,14.9738,36740.5832,NA
parkey.exe,39100,0x0,Other,-1,0,0,Composed: Copy with GPU GDI,36773.8949,NA,16.54480000000000,13.88450000000000,0.00000000000000,8.26770000000000,17.1280,36757.3501,16.5448,16.5448,0.0000,16.3977,8.4148,8.4148,0.0000,2.8824,36757.3501,NA
parkey.exe,39100,0x0,Other,-1,0,0,Composed: Copy with GPU GDI,36790.5806,NA,16.68570000000000,20.84510000000000,0.00000000000000,8.31520000000000,21.2874,36773.8949,16.6857,16.6857,0.0000,16.5620,8.4389,8.4389,0.0000,-4.3003,36773.8949,NA
parkey.exe,39100,0x0,Other,-1,0,0,Composed: Copy with GPU GDI,36807.2009,NA,16.62030000000000,13.91700000000000,0.00000000000000,8.37740000000000,18.5841,36790.5806,16.6203,16.6203,0.0000,16.5066,8.4911,8.4911,0.0000,2.7687,36790.5806,NA
parkey.exe,39100,0x0,Other,-1,0,0,Composed: Copy with GPU GDI,36824.1805,NA,16.97960000000000,20.81680000000000,0.00000000000000,8.58280000000000,22.4213,36807.2009,16.9796,16.9796,0.0000,16.8302,8.7322,8.7322,0.0000,-4.1965,36807.2009,NA
parkey.exe,39100,0x0,Other,-1,0,0,Composed: Copy with GPU GDI,36840.6947,NA,16.51420000000000,NA,0.00000000000000,7.14770000000000,NA,36824.1805,16.5142,16.5142,0.0000,16.3748,7.2871,7.2871,0.0000,NA,NA,NA
parkey.exe,39100,0x0,Other,-1,0,0,Composed: Copy with GPU GDI,36857.6000,NA,16.90530000000000,27.77730000000000,0.00000000000000,8.55240000000000,16.7791,36840.6947,16.9053,16.9053,0.0000,16.7511,8.7066,8.7066,0.0000,5.7165,36840.6947,NA
parkey.exe,39100,0x0,Other,-1,0,0,Composed: Copy with GPU GDI,36873.9285,NA,16.32850000000000,20.83410000000000,0.00000000000000,8.33600000000000,21.2847,36857.6000,16.3285,16.3285,0.0000,16.1979,8.4666,8.4666,0.0000,-3.9288,36857.6000,NA
parkey.exe,39100,0x0,Other,-1,0,0,Composed: Copy with GPU GDI,36890.6432,NA,16.71470000000000,13.89670000000000,0.00000000000000,8.29090000000000,18.4667,36873.9285,16.7147,16.7147,0.0000,16.5808,8.4248,8.4248,0.0000,2.4318,36873.9285,NA
parkey.exe,39100,0x0,Other,-1,0,0,Composed: Copy with GPU GDI,36907.1904,NA,16.54720000000000,20.83240000000000,0.00000000000000,8.30810000000000,22.7519,36890.6432,16.5472,16.5472,0.0000,16.4417,8.4136,8.4136,0.0000,-4.1177,36890.6432,NA
parkey.exe,39100,0x0,Other,-1,0,0,Composed: Copy with GPU GDI,36923.9297,NA,16.73930000000000,13.88360000000000,0.00000000000000,8.33320000000000,19.8962,36907.1904,16.7393,16.7393,0.0000,16.6104,8.4621,8.4621,0.0000,2.6636,36907.1904,NA
parkey.exe,39100,0x0,Other,-1,0,0,Composed: Copy with GPU GDI,36940.6562,NA,16.72650000000000,31.92950000000000,0.00000000000000,7.85540000000000,35.0992,36923.9297,16.7265,16.7265,0.0000,16.6065,7.9754,7.9754,0.0000,-15.1902,36923.9297,NA
parkey.exe,39100,0x0,Other,-1,0,0,Composed: Copy with GPU GDI,36957.1694,NA,16.51320000000000,2.80290000000000,0.00000000000000,8.34350000000000,21.3889,36940.6562,16.5132,16.5132,0.0000,16.3922,8.4645,8.4645,0.0000,13.9236,36940.6562,NA
parkey.exe,39100,0x0,Other,-1,0,0,Composed: Copy with GPU GDI,36974.0275,NA,16.85810000000000,13.90960000000000,0.00000000000000,7.94440000000000,18.4404,36957.1694,16.8581,16.8581,0.0000,16.7155,8.0870,8.0870,0.0000,2.6036,36957.1694,NA
parkey.exe,39100,0x0,Other,-1,0,0,Composed: Copy with GPU GDI,36990.5562,NA,16.52870000000000,20.82820000000000,0.00000000000000,8.32810000000000,22.7399,36974.0275,16.5287,16.5287,0.0000,16.4003,8.4565,8.4565,0.0000,-3.9701,36974.0275,NA
parkey.exe,39100,0x0,Other,-1,0,0,Composed: Copy with GPU GDI,37007.2541,NA,16.69790000000000,13.95890000000000,0.00000000000000,8.75350000000000,20.0009,36990.5562,16.6979,16.6979,0.0000,16.5545,8.8969,8.8969,0.0000,2.5698,36990.5562,NA
parkey.exe,39100,0x0,Other,-1,0,0,Composed: Copy with GPU GDI,37024.2971,NA,17.04300000000000,13.81660000000000,0.00000000000000,7.95560000000000,16.7745,37007.2541,17.0430,17.0430,0.0000,16.8870,8.1116,8.1116,0.0000,2.8813,37007.2541,NA
parkey.exe,39100,0x0,Other,-1,0,0,Composed: Copy with GPU GDI,37040.6940,NA,16.39690000000000,18.09730000000000,0.00000000000000,6.21190000000000,18.4749,37024.2971,16.3969,16.3969,0.0000,16.2662,6.3426,6.3426,0.0000,-1.0543,37024.2971,NA
parkey.exe,39100,0x0,Other,-1,0,0,Composed: Copy with GPU GDI,37057.2450,NA,16.55100000000000,16.68420000000000,0.00000000000000,7.84440000000000,18.6081,37040.6940,16.5510,16.5510,0.0000,16.4043,7.9911,7.9911,0.0000,-0.2873,37040.6940,NA
parkey.exe,39100,0x0,Other,-1,0,0,Composed: Copy with GPU GDI,37074.4216,NA,17.17660000000000,16.66560000000000,0.00000000000000,7.77050000000000,18.0971,37057.2450,17.1766,17.1766,0.0000,17.0022,7.9449,7.9449,0.0000,-0.1146,37057.2450,NA
parkey.exe,39100,0x0,Other,-1,0,0,Composed: Copy with GPU GDI,37090.7212,NA,16.29960000000000,16.68410000000000,0.00000000000000,7.97400000000000,18.4816,37074.4216,16.2996,16.2996,0.0000,16.1628,8.1108,8.1108,0.0000,0.4925,37074.4216,NA
parkey.exe,39100,0x0,Other,-1,0,0,Composed: Copy with GPU GDI,37107.3014,NA,16.58020000000000,16.67080000000000,0.00000000000000,7.76590000000000,18.5722,37090.7212,16.5802,16.5802,0.0000,16.4444,7.9017,7.9017,0.0000,-0.3712,37090.7212,NA
parkey.exe,39100,0x0,Other,-1,0,0,Composed: Copy with GPU GDI,37124.1070,NA,16.80560000000000,33.38540000000000,0.00000000000000,7.81490000000000,35.1520,37107.3014,16.8056,16.8056,0.0000,16.6664,7.9541,7.9541,0.0000,-16.8052,37107.3014,NA
parkey.exe,39100,0x0,Other,-1,0,0,Composed: Copy with GPU GDI,37140.7448,NA,16.63780000000000,16.65830000000000,0.00000000000000,7.29530000000000,35.1725,37124.1070,16.6378,16.6378,0.0000,16.4986,7.4345,7.4345,0.0000,0.1473,37124.1070,NA
parkey.exe,39100,0x0,Other,-1,0,0,Composed: Copy with GPU GDI,37157.5133,NA,16.76850000000000,4.05940000000000,0.00000000000000,8.35190000000000,22.4634,37140.7448,16.7685,16.7685,0.0000,16.6107,8.5097,8.5097,0.0000,12.5784,37140.7448,NA
parkey.exe,39100,0x0,Other,-1,0,0,Composed: Copy with GPU GDI,37174.4278,NA,16.91450000000000,13.89540000000000,0.00000000000000,8.09990000000000,19.4443,37157.5133,16.9145,16.9145,0.0000,16.7399,8.2745,8.2745,0.0000,2.8731,37157.5133,NA
parkey.exe,39100,0x0,Other,-1,0,0,Composed: Copy with GPU GDI,37190.5740,NA,16.14620000000000,13.88600000000000,0.00000000000000,8.19640000000000,17.1841,37174.4278,16.1462,16.1462,0.0000,16.0192,8.3234,8.3234,0.0000,3.0285,37174.4278,NA
parkey.exe,39100,0x0,Other,-1,0,0,Composed: Copy with GPU GDI,37207.2332,NA,16.65920000000000,20.84140000000000,0.00000000000000,8.37260000000000,21.3663,37190.5740,16.6592,16.6592,0.0000,16.5427,8.4891,8.4891,0.0000,-4.6952,37190.5740,NA
parkey.exe,39100,0x0,Other,-1,0,0,Composed: Copy with GPU GDI,37223.8648,NA,16.63160000000000,13.89310000000000,0.00000000000000,8.30990000000000,18.6278,37207.2332,16.6316,16.6316,0.0000,16.5049,8.4366,8.4366,0.0000,2.7661,37207.2332,NA
parkey.exe,39100,0x0,Other,-1,0,0,Composed: Copy with GPU GDI,37240.5529,NA,16.68810000000000,33.52100000000000,0.00000000000000,8.16990000000000,35.4607,37223.8648,16.6881,16.6881,0.0000,16.5736,8.2844,8.2844,0.0000,-16.8894,37223.8648,NA
parkey.exe,39100,0x0,Other,-1,0,0,Composed: Copy with GPU GDI,37257.6366,NA,17.08370000000000,1.24490000000000,0.00000000000000,7.92180000000000,19.6219,37240.5529,17.0837,17.0837,0.0000,16.8971,8.1084,8.1084,0.0000,15.4432,37240.5529,NA
parkey.exe,39100,0x0,Other,-1,0,0,Composed: Copy with GPU GDI,37274.5541,NA,16.91750000000000,13.89030000000000,0.00000000000000,7.77420000000000,16.5947,37257.6366,16.9175,16.9175,0.0000,16.7179,7.9738,7.9738,0.0000,3.1934,37257.6366,NA
parkey.exe,39100,0x0,Other,-1,0,0,Composed: Copy with GPU GDI,37291.3442,NA,16.79010000000000,20.82740000000000,0.00000000000000,7.54330000000000,20.6320,37274.5541,16.7901,16.7901,0.0000,16.4182,7.9152,7.9152,0.0000,-3.9099,37274.5541,NA
parkey.exe,39100,0x0,Other,-1,0,0,Composed: Copy with GPU GDI,37307.8396,NA,16.49540000000000,13.90900000000000,0.00000000000000,7.72220000000000,18.0456,37291.3442,16.4954,16.4954,0.0000,16.2930,7.9246,7.9246,0.0000,2.8811,37291.3442,NA
parkey.exe,39100,0x0,Other,-1,0,0,Composed: Copy with GPU GDI,37324.6671,NA,16.82750000000000,20.83460000000000,0.00000000000000,8.22790000000000,22.0527,37307.8396,16.8275,16.8275,0.0000,16.5757,8.4797,8.4797,0.0000,-4.3392,37307.8396,NA
parkey.exe,39100,0x0,Other,-1,0,0,Composed: Copy with GPU GDI,37341.2956,NA,16.62850000000000,NA,0.00000000000000,7.08630000000000,NA,37324.6671,16.6285,16.6285,0.0000,16.4628,7.2520,7.2520,0.0000,NA,NA,NA
parkey.exe,39100,0x0,Other,-1,0,0,Composed: Copy with GPU GDI,37357.8771,NA,16.58150000000000,27.78950000000000,0.00000000000000,7.76700000000000,16.6322,37341.2956,16.5815,16.5815,0.0000,16.3819,7.9666,7.9666,0.0000,5.6665,37341.2956,NA
parkey.exe,39100,0x0,Other,-1,0,0,Composed: Copy with GPU GDI,37374.5207,NA,16.64360000000000,20.80380000000000,0.00000000000000,7.78550000000000,20.7924,37357.8771,16.6436,16.6436,0.0000,16.4432,7.9859,7.9859,0.0000,-4.2223,37357.8771,NA
parkey.exe,39100,0x0,Other,-1,0,0,Composed: Copy with GPU GDI,37391.1406,NA,16.61990000000000,13.89030000000000,0.00000000000000,7.59940000000000,18.0628,37374.5207,16.6199,16.6199,0.0000,16.4286,7.7907,7.7907,0.0000,2.7533,37374.5207,NA
parkey.exe,39100,0x0,Other,-1,0,0,Composed: Copy with GPU GDI,37407.6603,NA,16.51970000000000,20.83390000000000,0.00000000000000,8.31150000000000,22.3770,37391.1406,16.5197,16.5197,0.0000,16.3387,8.4925,8.4925,0.0000,-4.2140,37391.1406,NA
parkey.exe,39100,0x0,Other,-1,0,0,Composed: Copy with GPU GDI,37424.3123,NA,16.65200000000000,13.88740000000000,0.00000000000000,7.85720000000000,19.6124,37407.6603,16.6520,16.6520,0.0000,16.4747,8.0345,8.0345,0.0000,2.6323,37407.6603,NA
parkey.exe,39100,0x0,Other,-1,0,0,Composed: Copy with GPU GDI,37440.7994,NA,16.48710000000000,32.23590000000000,0.00000000000000,7.78810000000000,35.3612,37424.3123,16.4871,16.4871,0.0000,16.3358,7.9394,7.9394,0.0000,-15.5839,37424.3123,NA
parkey.exe,39100,0x0,Other,-1,0,0,Composed: Copy with GPU GDI,37457.5999,NA,16.80050000000000,2.47570000000000,0.00000000000000,8.36620000000000,21.0364,37440.7994,16.8005,16.8005,0.0000,16.6858,8.4809,8.4809,0.0000,14.0114,37440.7994,NA
parkey.exe,39100,0x0,Other,-1,0,0,Composed: Copy with GPU GDI,37474.2581,NA,16.65820000000000,13.96520000000000,0.00000000000000,7.63560000000000,18.3434,37457.5999,16.6582,16.6582,0.0000,16.4969,7.7969,7.7969,0.0000,2.8353,37457.5999,NA
parkey.exe,39100,0x0,Other,-1,0,0,Composed: Copy with GPU GDI,37491.3394,NA,17.08130000000000,20.81940000000000,0.00000000000000,8.40320000000000,22.0815,37474.2581,17.0813,17.0813,0.0000,16.8273,8.6572,8.6572,0.0000,-4.1612,37474.2581,NA
parkey.exe,39100,0x0,Other,-1,0,0,Composed: Copy with GPU GDI,37507.7676,NA,16.42820000000000,13.86500000000000,0.00000000000000,7.74210000000000,19.5183,37491.3394,16.4282,16.4282,0.0000,16.2261,7.9442,7.9442,0.0000,3.2163,37491.3394,NA
parkey.exe,39100,0x0,Other,-1,0,0,Composed: Copy with GPU GDI,37524.1403,NA,16.37270000000000,13.88500000000000,0.00000000000000,8.12240000000000,17.0306,37507.7676,16.3727,16.3727,0.0000,16.1894,8.3057,8.3057,0.0000,2.5432,37507.7676,NA
parkey.exe,39100,0x0,Other,-1,0,0,Composed: Copy with GPU GDI,37540.7978,NA,16.65750000000000,18.39800000000000,0.00000000000000,6.18470000000000,18.7711,37524.1403,16.6575,16.6575,0.0000,16.5051,6.3371,6.3371,0.0000,-2.0253,37524.1403,NA
parkey.exe,39100,0x0,Other,-1,0,0,Composed: Copy with GPU GDI,37557.6911,NA,16.89330000000000,16.67280000000000,0.00000000000000,7.90030000000000,18.5506,37540.7978,16.8933,16.8933,0.0000,16.7189,8.0747,8.0747,0.0000,-0.0153,37540.7978,NA
parkey.exe,39100,0x0,Other,-1,0,0,Composed: Copy with GPU GDI,37573.8588,NA,16.16770000000000,16.68660000000000,0.00000000000000,7.87360000000000,19.0695,37557.6911,16.1677,16.1677,0.0000,16.0561,7.9852,7.9852,0.0000,0.2067,37557.6911,NA
parkey.exe,39100,0x0,Other,-1,0,0,Composed: Copy with GPU GDI,37590.6015,NA,16.74270000000000,16.67600000000000,0.00000000000000,7.99940000000000,19.0028,37573.8588,16.7427,16.7427,0.0000,16.6227,8.1194,8.1194,0.0000,-0.5083,37573.8588,NA
parkey.exe,39100,0x0,Other,-1,0,0,Composed: Copy with GPU GDI,37607.0584,NA,16.45690000000000,16.67280000000000,0.00000000000000,8.00830000000000,19.2187,37590.6015,16.4569,16.4569,0.0000,16.3493,8.1159,8.1159,0.0000,0.0699,37590.6015,NA
parkey.exe,39100,0x0,Other,-1,0,0,Composed: Copy with GPU GDI,37623.8046,NA,16.74620000000000,33.36830000000000,0.00000000000000,7.96750000000000,35.8408,37607.0584,16.7462,16.7462,0.0000,16.6435,8.0702,8.0702,0.0000,-16.9114,37607.0584,NA
parkey.exe,39100,0x0,Other,-1,0,0,Composed: Copy with GPU GDI,37640.6147,NA,16.81010000000000,16.67510000000000,0.00000000000000,7.28310000000000,35.7058,37623.8046,16.8101,16.8101,0.0000,16.6728,7.4204,7.4204,0.0000,0.0711,37623.8046,NA
parkey.exe,39100,0x0,Other,-1,0,0,Composed: Copy with GPU GDI,37657.2138,NA,16.59910000000000,3.77500000000000,0.00000000000000,8.39370000000000,22.8817,37640.6147,16.5991,16.5991,0.0000,16.4821,8.5107,8.5107,0.0000,13.0351,37640.6147,NA
parkey.exe,39100,0x0,Other,-1,0,0,Composed: Copy with GPU GDI,37673.8655,NA,16.65170000000000,13.86830000000000,0.00000000000000,8.65160000000000,20.0983,37657.2138,16.6517,16.6517,0.0000,16.5458,8.7575,8.7575,0.0000,2.7308,37657.2138,NA
parkey.exe,39100,0x0,Other,-1,0,0,Composed: Copy with GPU GDI,37690.3701,NA,16.50460000000000,13.88290000000000,0.00000000000000,8.35330000000000,17.4766,37673.8655,16.5046,16.5046,0.0000,16.4038,8.4541,8.4541,0.0000,2.7688,37673.8655,NA
parkey.exe,39100,0x0,Other,-1,0,0,Composed: Copy with GPU GDI,37707.0814,NA,16.71130000000000,20.85150000000000,0.00000000000000,8.20320000000000,21.6168,37690.3701,16.7113,16.7113,0.0000,16.6102,8.3043,8.3043,0.0000,-4.3469,37690.3701,NA
parkey.exe,39100,0x0,Other,-1,0,0,Composed: Copy with GPU GDI,37723.7022,NA,16.62080000000000,13.88850000000000,0.00000000000000,7.89570000000000,18.8845,37707.0814,16.6208,16.6208,0.0000,16.5061,8.0104,8.0104,0.0000,2.8228,37707.0814,NA
parkey.exe,39100,0x0,Other,-1,0,0,Composed: Copy with GPU GDI,37740.7565,NA,17.05430000000000,33.82790000000000,0.00000000000000,8.03830000000000,35.6581,37723.7022,17.0543,17.0543,0.0000,16.9201,8.1725,8.1725,0.0000,-17.2071,37723.7022,NA
parkey.exe,39100,0x0,Other,-1,0,0,Composed: Copy with GPU GDI,37756.9824,NA,16.22590000000000,0.89070000000000,0.00000000000000,7.83790000000000,20.3229,37740.7565,16.2259,16.2259,0.0000,16.1291,7.9347,7.9347,0.0000,16.1636,37740.7565,NA
parkey.exe,39100,0x0,Other,-1,0,0,Composed: Copy with GPU GDI,37773.8443,NA,16.86190000000000,13.90470000000000,0.00000000000000,8.01080000000000,17.3657,37756.9824,16.8619,16.8619,0.0000,16.7249,8.1478,8.1478,0.0000,2.3212,37756.9824,NA
parkey.exe,39100,0x0,Other,-1,0,0,Composed: Copy with GPU GDI,37790.3783,NA,16.53400000000000,NA,0.00000000000000,7.90940000000000,NA,37773.8443,16.5340,16.5340,0.0000,16.4388,8.0046,8.0046,0.0000,NA,NA,NA
parkey.exe,39100,0x0,Other,-1,0,0,Composed: Copy with GPU GDI,37807.4974,NA,17.11910000000000,34.72970000000000,0.00000000000000,8.32430000000000,18.4423,37790.3783,17.1191,17.1191,0.0000,16.9672,8.4762,8.4762,0.0000,-1.3338,37790.3783,NA
parkey.exe,39100,0x0,Other,-1,0,0,Composed: Copy with GPU GDI,37824.3186,NA,16.82120000000000,20.82900000000000,0.00000000000000,8.52190000000000,22.4501,37807.4974,16.8212,16.8212,0.0000,16.6985,8.6446,8.6446,0.0000,-3.7099,37807.4974,NA
parkey.exe,39100,0x0,Other,-1,0,0,Composed: Copy with GPU GDI,37840.9142,NA,16.59560000000000,NA,0.00000000000000,6.15110000000000,NA,37824.3186,16.5956,16.5956,0.0000,16.4004,6.3463,6.3463,0.0000,NA,NA,NA
parkey.exe,39100,0x0,Other,-1,0,0,Composed: Copy with GPU GDI,37857.2255,NA,16.31130000000000,27.78210000000000,0.00000000000000,8.09250000000000,17.3253,37840.9142,16.3113,16.3113,0.0000,16.1880,8.2158,8.2158,0.0000,5.6347,37840.9142,NA
parkey.exe,39100,0x0,Other,-1,0,0,Composed: Copy with GPU GDI,37874.0102,NA,16.78470000000000,20.83470000000000,0.00000000000000,7.80180000000000,21.3753,37857.2255,16.7847,16.7847,0.0000,16.6140,7.9725,7.9725,0.0000,-4.5234,37857.2255,NA
parkey.exe,39100,0x0,Other,-1,0,0,Composed: Copy with GPU GDI,37890.6827,NA,16.67250000000000,13.88900000000000,0.00000000000000,8.37010000000000,18.5918,37874.0102,16.6725,16.6725,0.0000,16.5594,8.4832,8.4832,0.0000,2.8957,37874.0102,NA
parkey.exe,39100,0x0,Other,-1,0,0,Composed: Copy with GPU GDI,37907.0911,NA,16.40840000000000,13.87820000000000,0.00000000000000,8.40880000000000,16.0616,37890.6827,16.4084,16.4084,0.0000,16.3003,8.5169,8.5169,0.0000,2.7943,37890.6827,NA
parkey.exe,39100,0x0,Other,-1,0,0,Composed: Copy with GPU GDI,37923.8266,NA,16.73550000000000,20.84870000000000,0.00000000000000,7.77330000000000,20.1748,37907.0911,16.7355,16.7355,0.0000,16.6212,7.8876,7.8876,0.0000,-4.4403,37907.0911,NA
parkey.exe,39100,0x0,Other,-1,0,0,Composed: Copy with GPU GDI,37940.4214,NA,16.59480000000000,NA,0.00000000000000,7.83320000000000,NA,37923.8266,16.5948,16.5948,0.0000,16.4831,7.9449,7.9449,0.0000,NA,NA,NA
parkey.exe,39100,0x0,Other,-1,0,0,Composed: Copy with GPU GDI,37956.9494,NA,16.52800000000000,32.56700000000000,0.00000000000000,7.84470000000000,19.6190,37940.4214,16.5280,16.5280,0.0000,16.4294,7.9433,7.9433,0.0000,0.7633,37940.4214,NA
