Application,ProcessID,SwapChainAddress,PresentRuntime,SyncInterval,PresentFlags,AllowsTearing,PresentMode,TimeInMs,MsBetweenSimulationStart,MsBetweenPresents,MsBetweenDisplayChange,MsInPresentAPI,MsRenderPresentLatency,MsUntilDisplayed,CPUStartTimeInMs,MsBetweenAppStart,MsCPUBusy,MsCPUWait,MsGPULatency,MsGPUTime,MsGPUBusy,MsGPUWait,MsAnimationError,AnimationTime,MsFlipDelay
parkey.exe,39784,0x0,Other,-1,0,0,Composed: Copy with GPU GDI,8008.8203,NA,16.38060000000000,16.68420000000000,0.00000000000000,12.61570000000000,28.9784,7992.4397,16.3806,16.3806,0.0000,16.1970,12.7993,12.7993,0.0000,0.1588,7992.4397,NA
parkey.exe,39784,0x0,Other,-1,0,0,Composed: Copy with GPU GDI,8025.5276,NA,16.70730000000000,16.69210000000000,0.00000000000000,12.94900000000000,28.9632,8008.8203,16.7073,16.7073,0.0000,16.5084,13.1479,13.1479,0.0000,-0.3115,8008.8203,NA
parkey.exe,39784,0x0,Other,-1,0,0,Composed: Copy with GPU GDI,8042.0628,NA,16.53520000000000,16.67030000000000,0.00000000000000,12.13240000000000,29.0983,8025.5276,16.5352,16.5352,0.0000,16.3504,12.3172,12.3172,0.0000,0.0370,8025.5276,NA
parkey.exe,39784,0x0,Other,-1,0,0,Composed: Copy with GPU GDI,8058.8381,NA,16.77530000000000,16.67570000000000,0.00000000000000,13.04760000000000,28.9987,8042.0628,16.7753,16.7753,0.0000,16.5797,13.2432,13.2432,0.0000,-0.1405,8042.0628,NA
parkey.exe,39784,0x0,Other,-1,0,0,Composed: Copy with GPU GDI,8075.4630,NA,16.62490000000000,16.68660000000000,0.00000000000000,10.95420000000000,29.0604,8058.8381,16.6249,16.6249,0.0000,16.4407,11.1384,11.1384,0.0000,0.0887,8058.8381,NA
parkey.exe,39784,0x0,Other,-1,0,0,Composed: Copy with GPU GDI,8092.0304,NA,16.56740000000000,16.67820000000000,0.00000000000000,12.65610000000000,29.1712,8075.4630,16.5674,16.5674,0.0000,16.3887,12.8348,12.8348,0.0000,-0.0533,8075.4630,NA
parkey.exe,39784,0x0,Other,-1,0,0,Composed: Copy with GPU GDI,8109.0027,NA,16.97230000000000,16.67290000000000,0.00000000000000,13.25350000000000,28.8718,8092.0304,16.9723,16.9723,0.0000,16.7699,13.4559,13.4559,0.0000,-0.1055,8092.0304,NA
parkey.exe,39784,0x0,Other,-1,0,0,Composed: Copy with GPU GDI,8125.5068,NA,16.50410000000000,16.68770000000000,0.00000000000000,12.21290000000000,29.0554,8109.0027,16.5041,16.5041,0.0000,16.3165,12.4005,12.4005,0.0000,0.2846,8109.0027,NA
parkey.exe,39784,0x0,Other,-1,0,0,Composed: Copy with GPU GDI,8142.1073,NA,16.60050000000000,15.60200000000000,0.00000000000000,12.95930000000000,28.0569,8125.5068,16.6005,16.6005,0.0000,16.4135,13.1463,13.1463,0.0000,0.9021,8125.5068,NA
parkey.exe,39784,0x0,Other,-1,0,0,Composed: Copy with GPU GDI,8158.7831,NA,16.67580000000000,17.77460000000000,0.00000000000000,13.34320000000000,29.1557,8142.1073,16.6758,16.6758,0.0000,16.4897,13.5293,13.5293,0.0000,-1.1741,8142.1073,NA
parkey.exe,39784,0x0,Other,-1,0,0,Composed: Copy with GPU GDI,8175.3746,NA,16.59150000000000,16.67850000000000,0.00000000000000,12.54720000000000,29.2427,8158.7831,16.5915,16.5915,0.0000,16.3918,12.7469,12.7469,0.0000,-0.0027,8158.7831,NA
parkey.exe,39784,0x0,Other,-1,0,0,Composed: Copy with GPU GDI,8192.0549,NA,16.68030000000000,16.65800000000000,0.00000000000000,13.41640000000000,29.2204,8175.3746,16.6803,16.6803,0.0000,16.4909,13.6058,13.6058,0.0000,-0.0665,8175.3746,NA
parkey.exe,39784,0x0,Other,-1,0,0,Composed: Copy with GPU GDI,8208.7404,NA,16.68550000000000,16.69740000000000,0.00000000000000,12.11160000000000,29.2323,8192.0549,16.6855,16.6855,0.0000,16.4912,12.3059,12.3059,0.0000,-0.0171,8192.0549,NA
parkey.exe,39784,0x0,Other,-1,0,0,Composed: Copy with GPU GDI,8225.3140,NA,16.57360000000000,15.52700000000000,0.00000000000000,12.90010000000000,28.1857,8208.7404,16.5736,16.5736,0.0000,16.4078,13.0659,13.0659,0.0000,1.1585,8208.7404,NA
parkey.exe,39784,0x0,Other,-1,0,0,Composed: Copy with GPU GDI,8241.8256,NA,16.51160000000000,17.83140000000000,0.00000000000000,13.29620000000000,29.5055,8225.3140,16.5116,16.5116,0.0000,16.3379,13.4699,13.4699,0.0000,-1.2578,8225.3140,NA
parkey.exe,39784,0x0,Other,-1,0,0,Composed: Copy with GPU GDI,8258.4464,NA,16.62080000000000,16.66880000000000,0.00000000000000,12.70130000000000,29.5535,8241.8256,16.6208,16.6208,0.0000,16.4662,12.8559,12.8559,0.0000,-0.1572,8241.8256,NA
parkey.exe,39784,0x0,Other,-1,0,0,Composed: Copy with GPU GDI,8275.2513,NA,16.80490000000000,16.67870000000000,0.00000000000000,13.28830000000000,29.4273,8258.4464,16.8049,16.8049,0.0000,16.5557,13.5375,13.5375,0.0000,-0.0579,8258.4464,NA
parkey.exe,39784,0x0,Other,-1,0,0,Composed: Copy with GPU GDI,8292.0244,NA,16.77310000000000,16.68200000000000,0.00000000000000,12.25230000000000,29.3362,8275.2513,16.7731,16.7731,0.0000,16.5922,12.4332,12.4332,0.0000,0.1229,8275.2513,NA
parkey.exe,39784,0x0,Other,-1,0,0,Composed: Copy with GPU GDI,8308.7041,NA,16.67970000000000,15.48930000000000,0.00000000000000,12.95930000000000,28.1458,8292.0244,16.6797,16.6797,0.0000,16.4977,13.1413,13.1413,0.0000,1.2838,8292.0244,NA
parkey.exe,39784,0x0,Other,-1,0,0,Composed: Copy with GPU GDI,8325.1672,NA,16.46310000000000,17.87220000000000,0.00000000000000,12.09010000000000,29.5549,8308.7041,16.4631,16.4631,0.0000,16.3017,12.2515,12.2515,0.0000,-1.1925,8308.7041,NA
parkey.exe,39784,0x0,Other,-1,0,0,Composed: Copy with GPU GDI,8341.8751,NA,16.70790000000000,16.69310000000000,0.00000000000000,12.62400000000000,29.5401,8325.1672,16.7079,16.7079,0.0000,16.5379,12.7940,12.7940,0.0000,-0.2300,8325.1672,NA
parkey.exe,39784,0x0,Other,-1,0,0,Composed: Copy with GPU GDI,8358.4352,NA,16.56010000000000,16.65230000000000,0.00000000000000,13.44070000000000,29.6323,8341.8751,16.5601,16.5601,0.0000,16.4131,13.5877,13.5877,0.0000,0.0556,8341.8751,NA
parkey.exe,39784,0x0,Other,-1,0,0,Composed: Copy with GPU GDI,8374.9098,NA,16.47460000000000,16.69700000000000,0.00000000000000,12.24930000000000,29.8547,8358.4352,16.4746,16.4746,0.0000,16.3426,12.3813,12.3813,0.0000,-0.1369,8358.4352,NA
parkey.exe,39784,0x0,Other,-1,0,0,Composed: Copy with GPU GDI,8391.8657,NA,16.95590000000000,15.43750000000000,0.00000000000000,12.98850000000000,28.3363,8374.9098,16.9559,16.9559,0.0000,16.7885,13.1559,13.1559,0.0000,1.0371,8374.9098,NA
parkey.exe,39784,0x0,Other,-1,0,0,Composed: Copy with GPU GDI,8408.8420,NA,16.97630000000000,17.92150000000000,0.00000000000000,12.75390000000000,29.2815,8391.8657,16.9763,16.9763,0.0000,16.7602,12.9700,12.9700,0.0000,-0.9656,8391.8657,NA
parkey.exe,39784,0x0,Other,-1,0,0,Composed: Copy with GPU GDI,8425.3952,NA,16.55320000000000,16.69550000000000,0.00000000000000,12.58540000000000,29.4238,8408.8420,16.5532,16.5532,0.0000,16.3655,12.7731,12.7731,0.0000,0.2808,8408.8420,NA
parkey.exe,39784,0x0,Other,-1,0,0,Composed: Copy with GPU GDI,8442.2526,NA,16.85740000000000,16.75490000000000,0.00000000000000,13.25670000000000,29.3213,8425.3952,16.8574,16.8574,0.0000,16.6563,13.4578,13.4578,0.0000,-0.2017,8425.3952,NA
parkey.exe,39784,0x0,Other,-1,0,0,Composed: Copy with GPU GDI,8458.7249,NA,16.47230000000000,16.59310000000000,0.00000000000000,12.22020000000000,29.4421,8442.2526,16.4723,16.4723,0.0000,16.2846,12.4079,12.4079,0.0000,0.2643,8442.2526,NA
parkey.exe,39784,0x0,Other,-1,0,0,Composed: Copy with GPU GDI,8475.3448,NA,16.61990000000000,15.39570000000000,0.00000000000000,12.98680000000000,28.2179,8458.7249,16.6199,16.6199,0.0000,16.4360,13.1707,13.1707,0.0000,1.0766,8458.7249,NA
parkey.exe,39784,0x0,Other,-1,0,0,Composed: Copy with GPU GDI,8492.0633,NA,16.71850000000000,17.96110000000000,0.00000000000000,12.38650000000000,29.4605,8475.3448,16.7185,16.7185,0.0000,16.5274,12.5776,12.5776,0.0000,-1.3412,8475.3448,NA
parkey.exe,39784,0x0,Other,-1,0,0,Composed: Copy with GPU GDI,8508.6839,NA,16.62060000000000,16.68690000000000,0.00000000000000,12.62070000000000,29.5268,8492.0633,16.6206,16.6206,0.0000,16.4413,12.8000,12.8000,0.0000,0.0316,8492.0633,NA
parkey.exe,39784,0x0,Other,-1,0,0,Composed: Copy with GPU GDI,8525.5288,NA,16.84490000000000,16.71110000000000,0.00000000000000,13.27380000000000,29.3930,8508.6839,16.8449,16.8449,0.0000,16.6543,13.4644,13.4644,0.0000,-0.0905,8508.6839,NA
parkey.exe,39784,0x0,Other,-1,0,0,Composed: Copy with GPU GDI,8542.0638,NA,16.53500000000000,16.64320000000000,0.00000000000000,12.25100000000000,29.5012,8525.5288,16.5350,16.5350,0.0000,16.3723,12.4137,12.4137,0.0000,0.2017,8525.5288,NA
parkey.exe,39784,0x0,Other,-1,0,0,Composed: Copy with GPU GDI,8558.7452,NA,16.68140000000000,15.35130000000000,0.00000000000000,12.98750000000000,28.1711,8542.0638,16.6814,16.6814,0.0000,16.4962,13.1727,13.1727,0.0000,1.1837,8542.0638,NA
parkey.exe,39784,0x0,Other,-1,0,0,Composed: Copy with GPU GDI,8575.4745,NA,16.72930000000000,18.00440000000000,0.00000000000000,13.39260000000000,29.4462,8558.7452,16.7293,16.7293,0.0000,16.5330,13.5889,13.5889,0.0000,-1.3230,8558.7452,NA
parkey.exe,39784,0x0,Other,-1,0,0,Composed: Copy with GPU GDI,8592.0413,NA,16.56680000000000,16.70520000000000,0.00000000000000,12.59610000000000,29.5846,8575.4745,16.5668,16.5668,0.0000,16.3849,12.7780,12.7780,0.0000,0.0241,8575.4745,NA
parkey.exe,39784,0x0,Other,-1,0,0,Composed: Copy with GPU GDI,8608.7598,NA,16.71850000000000,16.67490000000000,0.00000000000000,13.59310000000000,29.5410,8592.0413,16.7185,16.7185,0.0000,16.5142,13.7974,13.7974,0.0000,-0.1081,8592.0413,NA
parkey.exe,39784,0x0,Other,-1,0,0,Composed: Copy with GPU GDI,8625.4567,NA,16.69690000000000,16.66040000000000,0.00000000000000,12.00850000000000,29.5045,8608.7598,16.6969,16.6969,0.0000,16.5010,12.2044,12.2044,0.0000,0.0581,8608.7598,NA
parkey.exe,39784,0x0,Other,-1,0,0,Composed: Copy with GPU GDI,8642.0948,NA,16.63810000000000,8.39950000000000,0.00000000000000,13.05670000000000,21.2659,8625.4567,16.6381,16.6381,0.0000,16.4544,13.2404,13.2404,0.0000,8.2974,8625.4567,NA
parkey.exe,39784,0x0,Other,-1,0,0,Composed: Copy with GPU GDI,8658.8613,NA,16.76650000000000,24.96670000000000,0.00000000000000,12.82610000000000,29.4661,8642.0948,16.7665,16.7665,0.0000,16.5792,13.0134,13.0134,0.0000,-8.3286,8642.0948,NA
parkey.exe,39784,0x0,Other,-1,0,0,Composed: Copy with GPU GDI,8675.4225,NA,16.56120000000000,16.65770000000000,0.00000000000000,12.64020000000000,29.5626,8658.8613,16.5612,16.5612,0.0000,16.3760,12.8254,12.8254,0.0000,0.1088,8658.8613,NA
parkey.exe,39784,0x0,Other,-1,0,0,Composed: Copy with GPU GDI,8692.3456,NA,16.92310000000000,13.94060000000000,0.00000000000000,13.44150000000000,26.5801,8675.4225,16.9231,16.9231,0.0000,16.7002,13.6644,13.6644,0.0000,2.6206,8675.4225,NA
parkey.exe,39784,0x0,Other,-1,0,0,Composed: Copy with GPU GDI,8708.7804,NA,16.43480000000000,19.44490000000000,0.00000000000000,12.15190000000000,29.5902,8692.3456,16.4348,16.4348,0.0000,16.2352,12.3515,12.3515,0.0000,-2.5218,8692.3456,NA
parkey.exe,39784,0x0,Other,-1,0,0,Composed: Copy with GPU GDI,8725.3637,NA,16.58330000000000,15.22090000000000,0.00000000000000,12.91720000000000,28.2278,8708.7804,16.5833,16.5833,0.0000,16.3941,13.1064,13.1064,0.0000,1.2139,8708.7804,NA
parkey.exe,39784,0x0,Other,-1,0,0,Composed: Copy with GPU GDI,8742.2401,NA,16.87640000000000,18.14690000000000,0.00000000000000,12.90780000000000,29.4983,8725.3637,16.8764,16.8764,0.0000,16.8320,12.9522,12.9522,0.0000,-1.5636,8725.3637,NA
parkey.exe,39784,0x0,Other,-1,0,0,Composed: Copy with GPU GDI,8758.9067,NA,16.66660000000000,16.58140000000000,0.00000000000000,12.60750000000000,29.4131,8742.2401,16.6666,16.6666,0.0000,16.4845,12.7896,12.7896,0.0000,0.2950,8742.2401,NA
parkey.exe,39784,0x0,Other,-1,0,0,Composed: Copy with GPU GDI,8775.5063,NA,16.59960000000000,13.89670000000000,0.00000000000000,13.47440000000000,26.7102,8758.9067,16.5996,16.5996,0.0000,16.3917,13.6823,13.6823,0.0000,2.7699,8758.9067,NA
parkey.exe,39784,0x0,Other,-1,0,0,Composed: Copy with GPU GDI,8792.0375,NA,16.53120000000000,19.54950000000000,0.00000000000000,12.20510000000000,29.7285,8775.5063,16.5312,16.5312,0.0000,16.3423,12.3940,12.3940,0.0000,-2.9499,8775.5063,NA
parkey.exe,39784,0x0,Other,-1,0,0,Composed: Copy with GPU GDI,8808.8741,NA,16.83660000000000,15.17030000000000,0.00000000000000,13.00520000000000,28.0622,8792.0375,16.8366,16.8366,0.0000,16.6477,13.1941,13.1941,0.0000,1.3609,8792.0375,NA
parkey.exe,39784,0x0,Other,-1,0,0,Composed: Copy with GPU GDI,8825.5570,NA,16.68290000000000,18.19610000000000,0.00000000000000,13.32870000000000,29.5754,8808.8741,16.6829,16.6829,0.0000,16.5217,13.4899,13.4899,0.0000,-1.3595,8808.8741,NA
parkey.exe,39784,0x0,Other,-1,0,0,Composed: Copy with GPU GDI,8842.0236,NA,16.46660000000000,16.52840000000000,0.00000000000000,12.73420000000000,29.6372,8825.5570,16.4666,16.4666,0.0000,16.2864,12.9144,12.9144,0.0000,0.1545,8825.5570,NA
parkey.exe,39784,0x0,Other,-1,0,0,Composed: Copy with GPU GDI,8858.7619,NA,16.73830000000000,13.97340000000000,0.00000000000000,13.45620000000000,26.8723,8842.0236,16.7383,16.7383,0.0000,16.5444,13.6501,13.6501,0.0000,2.4932,8842.0236,NA
parkey.exe,39784,0x0,Other,-1,0,0,Composed: Copy with GPU GDI,8875.3940,NA,16.63210000000000,19.56080000000000,0.00000000000000,12.27850000000000,29.8010,8858.7619,16.6321,16.6321,0.0000,16.4402,12.4704,12.4704,0.0000,-2.8225,8858.7619,NA
parkey.exe,39784,0x0,Other,-1,0,0,Composed: Copy with GPU GDI,8892.1674,NA,16.77340000000000,15.09550000000000,0.00000000000000,12.95290000000000,28.1231,8875.3940,16.7734,16.7734,0.0000,16.5804,13.1459,13.1459,0.0000,1.5366,8875.3940,NA
parkey.exe,39784,0x0,Other,-1,0,0,Composed: Copy with GPU GDI,8908.9082,NA,16.74080000000000,18.23800000000000,0.00000000000000,13.25870000000000,29.6203,8892.1674,16.7408,16.7408,0.0000,16.5414,13.4581,13.4581,0.0000,-1.4646,8892.1674,NA
parkey.exe,39784,0x0,Other,-1,0,0,Composed: Copy with GPU GDI,8925.5586,NA,16.65040000000000,16.48630000000000,0.00000000000000,12.56590000000000,29.4562,8908.9082,16.6504,16.6504,0.0000,16.4067,12.8096,12.8096,0.0000,0.2545,8908.9082,NA
parkey.exe,39784,0x0,Other,-1,0,0,Composed: Copy with GPU GDI,8942.0574,NA,16.49880000000000,16.88160000000000,0.00000000000000,13.30360000000000,29.8390,8925.5586,16.4988,16.4988,0.0000,16.2987,13.5037,13.5037,0.0000,-0.2312,8925.5586,NA
parkey.exe,39784,0x0,Other,-1,0,0,Composed: Copy with GPU GDI,8959.0260,NA,16.96860000000000,16.71010000000000,0.00000000000000,12.17540000000000,29.5805,8942.0574,16.9686,16.9686,0.0000,16.7823,12.3617,12.3617,0.0000,-0.2113,8942.0574,NA
parkey.exe,39784,0x0,Other,-1,0,0,Composed: Copy with GPU GDI,8975.4498,NA,16.42380000000000,15.03490000000000,0.00000000000000,12.85950000000000,28.1916,8959.0260,16.4238,16.4238,0.0000,16.2470,13.0363,13.0363,0.0000,1.9337,8959.0260,NA
parkey.exe,39784,0x0,Other,-1,0,0,Composed: Copy with GPU GDI,8992.1261,NA,16.67630000000000,18.30290000000000,0.00000000000000,13.33520000000000,29.8182,8975.4498,16.6763,16.6763,0.0000,16.4844,13.5271,13.5271,0.0000,-1.8791,8975.4498,NA
parkey.exe,39784,0x0,Other,-1,0,0,Composed: Copy with GPU GDI,9008.7962,NA,16.67010000000000,16.41920000000000,0.00000000000000,12.60590000000000,29.5673,8992.1261,16.6701,16.6701,0.0000,16.4789,12.7971,12.7971,0.0000,0.2571,8992.1261,NA
parkey.exe,39784,0x0,Other,-1,0,0,Composed: Copy with GPU GDI,9025.5124,NA,16.71620000000000,20.90860000000000,0.00000000000000,13.41020000000000,33.7597,9008.7962,16.7162,16.7162,0.0000,16.5209,13.6055,13.6055,0.0000,-4.2385,9008.7962,NA
parkey.exe,39784,0x0,Other,-1,0,0,Composed: Copy with GPU GDI,9042.0321,NA,16.51970000000000,12.71770000000000,0.00000000000000,12.02730000000000,29.9577,9025.5124,16.5197,16.5197,0.0000,16.3338,12.2132,12.2132,0.0000,3.9985,9025.5124,NA
parkey.exe,39784,0x0,Other,-1,0,0,Composed: Copy with GPU GDI,9058.6882,NA,16.65610000000000,14.99660000000000,0.00000000000000,13.00580000000000,28.2982,9042.0321,16.6561,16.6561,0.0000,16.4666,13.1953,13.1953,0.0000,1.5231,9042.0321,NA
parkey.exe,39784,0x0,Other,-1,0,0,Composed: Copy with GPU GDI,9075.4056,NA,16.71740000000000,18.34920000000000,0.00000000000000,13.10790000000000,29.9300,9058.6882,16.7174,16.7174,0.0000,16.5178,13.3075,13.3075,0.0000,-1.6931,9058.6882,NA
parkey.exe,39784,0x0,Other,-1,0,0,Composed: Copy with GPU GDI,9091.9982,NA,16.59260000000000,9.44110000000000,0.00000000000000,12.69820000000000,22.7785,9075.4056,16.5926,16.5926,0.0000,16.4177,12.8731,12.8731,0.0000,7.2763,9075.4056,NA
parkey.exe,39784,0x0,Other,-1,0,0,Composed: Copy with GPU GDI,9108.7005,NA,16.70230000000000,23.91230000000000,0.00000000000000,13.36390000000000,29.9885,9091.9982,16.7023,16.7023,0.0000,16.5107,13.5555,13.5555,0.0000,-7.3197,9091.9982,NA
parkey.exe,39784,0x0,Other,-1,0,0,Composed: Copy with GPU GDI,9125.4114,NA,16.71090000000000,16.71010000000000,0.00000000000000,11.82090000000000,29.9877,9108.7005,16.7109,16.7109,0.0000,16.5139,12.0179,12.0179,0.0000,-0.0078,9108.7005,NA
parkey.exe,39784,0x0,Other,-1,0,0,Composed: Copy with GPU GDI,9142.0013,NA,16.58990000000000,8.04210000000000,0.00000000000000,12.97200000000000,21.4399,9125.4114,16.5899,16.5899,0.0000,16.4062,13.1557,13.1557,0.0000,8.6688,9125.4114,NA
parkey.exe,39784,0x0,Other,-1,0,0,Composed: Copy with GPU GDI,9158.8198,NA,16.81850000000000,25.29470000000000,0.00000000000000,13.23310000000000,29.9161,9142.0013,16.8185,16.8185,0.0000,16.6188,13.4328,13.4328,0.0000,-8.7048,9142.0013,NA
parkey.exe,39784,0x0,Other,-1,0,0,Composed: Copy with GPU GDI,9175.5082,NA,16.68840000000000,16.32490000000000,0.00000000000000,12.61220000000000,29.5526,9158.8198,16.6884,16.6884,0.0000,16.4748,12.8258,12.8258,0.0000,0.4936,9158.8198,NA
parkey.exe,39784,0x0,Other,-1,0,0,Composed: Copy with GPU GDI,9192.1505,NA,16.64230000000000,13.96620000000000,0.00000000000000,13.51720000000000,26.8765,9175.5082,16.6423,16.6423,0.0000,16.4753,13.6842,13.6842,0.0000,2.7222,9175.5082,NA
parkey.exe,39784,0x0,Other,-1,0,0,Composed: Copy with GPU GDI,9209.0859,NA,16.93540000000000,19.76210000000000,0.00000000000000,12.19940000000000,29.7032,9192.1505,16.9354,16.9354,0.0000,16.7324,12.4024,12.4024,0.0000,-3.1198,9192.1505,NA
parkey.exe,39784,0x0,Other,-1,0,0,Composed: Copy with GPU GDI,9225.5188,NA,16.43290000000000,14.93880000000000,0.00000000000000,13.05830000000000,28.2091,9209.0859,16.4329,16.4329,0.0000,16.2347,13.2565,13.2565,0.0000,1.9966,9209.0859,NA
parkey.exe,39784,0x0,Other,-1,0,0,Composed: Copy with GPU GDI,9242.1354,NA,16.61660000000000,18.44150000000000,0.00000000000000,13.31490000000000,30.0340,9225.5188,16.6166,16.6166,0.0000,16.4144,13.5171,13.5171,0.0000,-2.0086,9225.5188,NA
parkey.exe,39784,0x0,Other,-1,0,0,Composed: Copy with GPU GDI,9258.7467,NA,16.61130000000000,16.23800000000000,0.00000000000000,12.55700000000000,29.6607,9242.1354,16.6113,16.6113,0.0000,16.4172,12.7511,12.7511,0.0000,0.3786,9242.1354,NA
parkey.exe,39784,0x0,Other,-1,0,0,Composed: Copy with GPU GDI,9276.0926,NA,17.34590000000000,13.97120000000000,0.00000000000000,13.38500000000000,26.2860,9258.7467,17.3459,17.3459,0.0000,17.1128,13.6181,13.6181,0.0000,2.6401,9258.7467,NA
parkey.exe,39784,0x0,Other,-1,0,0,Composed: Copy with GPU GDI,9292.0980,NA,16.00540000000000,19.79260000000000,0.00000000000000,12.24750000000000,30.0732,9276.0926,16.0054,16.0054,0.0000,15.8102,12.4427,12.4427,0.0000,-2.4467,9276.0926,NA
parkey.exe,39784,0x0,Other,-1,0,0,Composed: Copy with GPU GDI,9308.8618,NA,16.76380000000000,14.85770000000000,0.00000000000000,12.93120000000000,28.1671,9292.0980,16.7638,16.7638,0.0000,16.5740,13.1210,13.1210,0.0000,1.1477,9292.0980,NA
parkey.exe,39784,0x0,Other,-1,0,0,Composed: Copy with GPU GDI,9325.4190,NA,16.55720000000000,18.50290000000000,0.00000000000000,13.33390000000000,30.1128,9308.8618,16.5572,16.5572,0.0000,16.3570,13.5341,13.5341,0.0000,-1.7391,9308.8618,NA
parkey.exe,39784,0x0,Other,-1,0,0,Composed: Copy with GPU GDI,9342.0346,NA,16.61560000000000,16.22020000000000,0.00000000000000,12.63330000000000,29.7174,9325.4190,16.6156,16.6156,0.0000,16.4257,12.8232,12.8232,0.0000,0.3370,9325.4190,NA
parkey.exe,39784,0x0,Other,-1,0,0,Composed: Copy with GPU GDI,9358.7744,NA,16.73980000000000,17.14810000000000,0.00000000000000,13.46720000000000,30.1257,9342.0346,16.7398,16.7398,0.0000,16.5425,13.6645,13.6645,0.0000,-0.5325,9342.0346,NA
parkey.exe,39784,0x0,Other,-1,0,0,Composed: Copy with GPU GDI,9375.3601,NA,16.58570000000000,16.67020000000000,0.00000000000000,11.95410000000000,30.2102,9358.7744,16.5857,16.5857,0.0000,16.3948,12.1450,12.1450,0.0000,0.0696,9358.7744,NA
parkey.exe,39784,0x0,Other,-1,0,0,Composed: Copy with GPU GDI,9392.0405,NA,16.68040000000000,7.91890000000000,0.00000000000000,12.93280000000000,21.4487,9375.3601,16.6804,16.6804,0.0000,16.4884,13.1248,13.1248,0.0000,8.6668,9375.3601,NA
parkey.exe,39784,0x0,Other,-1,0,0,Composed: Copy with GPU GDI,9408.9743,NA,16.93380000000000,25.45960000000000,0.00000000000000,13.33080000000000,29.9745,9392.0405,16.9338,16.9338,0.0000,16.7548,13.5098,13.5098,0.0000,-8.7792,9392.0405,NA
parkey.exe,39784,0x0,Other,-1,0,0,Composed: Copy with GPU GDI,9425.4561,NA,16.48180000000000,9.20760000000000,0.00000000000000,12.69510000000000,22.7003,9408.9743,16.4818,16.4818,0.0000,16.2982,12.8787,12.8787,0.0000,7.7262,9408.9743,NA
parkey.exe,39784,0x0,Other,-1,0,0,Composed: Copy with GPU GDI,9442.0828,NA,16.62670000000000,24.14340000000000,0.00000000000000,12.70960000000000,30.2170,9425.4561,16.6267,16.6267,0.0000,16.4067,12.9296,12.9296,0.0000,-7.6616,9425.4561,NA
parkey.exe,39784,0x0,Other,-1,0,0,Composed: Copy with GPU GDI,9458.4539,NA,16.37110000000000,16.67850000000000,0.00000000000000,9.52250000000000,30.5244,9442.0828,16.3711,16.3711,0.0000,16.2140,9.6796,9.6796,0.0000,-0.0518,9442.0828,NA
parkey.exe,39784,0x0,Other,-1,0,0,Composed: Copy with GPU GDI,9474.8522,NA,16.39830000000000,16.68280000000000,0.00000000000000,11.32370000000000,30.8089,9458.4539,16.3983,16.3983,0.0000,16.2601,11.4619,11.4619,0.0000,-0.3117,9458.4539,NA
parkey.exe,39784,0x0,Other,-1,0,0,Composed: Copy with GPU GDI,9491.7556,NA,16.90340000000000,16.68180000000000,0.00000000000000,9.81580000000000,30.5873,9474.8522,16.9034,16.9034,0.0000,16.7500,9.9692,9.9692,0.0000,-0.2835,9474.8522,NA
parkey.exe,39784,0x0,Other,-1,0,0,Composed: Copy with GPU GDI,9508.4335,NA,16.67790000000000,16.09970000000000,0.00000000000000,12.74860000000000,30.0091,9491.7556,16.6779,16.6779,0.0000,16.5214,12.9051,12.9051,0.0000,0.8037,9491.7556,NA
parkey.exe,39784,0x0,Other,-1,0,0,Composed: Copy with GPU GDI,9524.8936,NA,16.46010000000000,17.25440000000000,0.00000000000000,13.08540000000000,30.8034,9508.4335,16.4601,16.4601,0.0000,16.3294,13.2161,13.2161,0.0000,-0.5765,9508.4335,NA
parkey.exe,39784,0x0,Other,-1,0,0,Composed: Copy with GPU GDI,9541.5772,NA,16.68360000000000,16.68070000000000,0.00000000000000,9.53700000000000,30.8005,9524.8936,16.6836,16.6836,0.0000,16.5451,9.6755,9.6755,0.0000,-0.2206,9524.8936,NA
parkey.exe,39784,0x0,Other,-1,0,0,Composed: Copy with GPU GDI,9558.3069,NA,16.72970000000000,16.68190000000000,0.00000000000000,11.41690000000000,30.7527,9541.5772,16.7297,16.7297,0.0000,16.5865,11.5601,11.5601,0.0000,0.0017,9541.5772,NA
parkey.exe,39784,0x0,Other,-1,0,0,Composed: Copy with GPU GDI,9574.8740,NA,16.56710000000000,16.68090000000000,0.00000000000000,9.38260000000000,30.8665,9558.3069,16.5671,16.5671,0.0000,16.4053,9.5444,9.5444,0.0000,0.0488,9558.3069,NA
parkey.exe,39784,0x0,Other,-1,0,0,Composed: Copy with GPU GDI,9591.7557,NA,16.88170000000000,9.12950000000000,0.00000000000000,12.25160000000000,23.1143,9574.8740,16.8817,16.8817,0.0000,16.7083,12.4250,12.4250,0.0000,7.4376,9574.8740,NA
parkey.exe,39784,0x0,Other,-1,0,0,Composed: Copy with GPU GDI,9608.7344,NA,16.97870000000000,24.22880000000000,0.00000000000000,13.41700000000000,30.3644,9591.7557,16.9787,16.9787,0.0000,16.7826,13.6131,13.6131,0.0000,-7.3471,9591.7557,NA
parkey.exe,39784,0x0,Other,-1,0,0,Composed: Copy with GPU GDI,9625.3876,NA,16.65320000000000,16.67740000000000,0.00000000000000,11.65110000000000,30.3886,9608.7344,16.6532,16.6532,0.0000,16.4578,11.8465,11.8465,0.0000,0.3013,9608.7344,NA
parkey.exe,39784,0x0,Other,-1,0,0,Composed: Copy with GPU GDI,9642.4893,NA,17.10170000000000,7.76640000000000,0.00000000000000,12.76640000000000,21.0533,9625.3876,17.1017,17.1017,0.0000,16.8418,13.0263,13.0263,0.0000,8.8868,9625.3876,NA
parkey.exe,39784,0x0,Other,-1,0,0,Composed: Copy with GPU GDI,9659.2120,NA,16.72270000000000,25.59770000000000,0.00000000000000,12.85260000000000,29.9283,9642.4893,16.7227,16.7227,0.0000,16.4952,13.0801,13.0801,0.0000,-8.4960,9642.4893,NA
parkey.exe,39784,0x0,Other,-1,0,0,Composed: Copy with GPU GDI,9675.6567,NA,16.44470000000000,16.00240000000000,0.00000000000000,12.59030000000000,29.4860,9659.2120,16.4447,16.4447,0.0000,16.2384,12.7966,12.7966,0.0000,0.7203,9659.2120,NA
parkey.exe,39784,0x0,Other,-1,0,0,Composed: Copy with GPU GDI,9692.2383,NA,16.58160000000000,17.35520000000000,0.00000000000000,13.28530000000000,30.2596,9675.6567,16.5816,16.5816,0.0000,16.3775,13.4894,13.4894,0.0000,-0.9105,9675.6567,NA
parkey.exe,39784,0x0,Other,-1,0,0,Composed: Copy with GPU GDI,9708.8792,NA,16.64090000000000,16.67410000000000,0.00000000000000,11.92130000000000,30.2928,9692.2383,16.6409,16.6409,0.0000,16.4286,12.1336,12.1336,0.0000,-0.0925,9692.2383,NA
parkey.exe,39784,0x0,Other,-1,0,0,Composed: Copy with GPU GDI,9725.4466,NA,16.56740000000000,7.70780000000000,0.00000000000000,12.94920000000000,21.4332,9708.8792,16.5674,16.5674,0.0000,16.3758,13.1408,13.1408,0.0000,8.9331,9708.8792,NA
parkey.exe,39784,0x0,Other,-1,0,0,Composed: Copy with GPU GDI,9742.1937,NA,16.74710000000000,25.65750000000000,0.00000000000000,12.99820000000000,30.3436,9725.4466,16.7471,16.7471,0.0000,16.5378,13.2075,13.2075,0.0000,-9.0901,9725.4466,NA
parkey.exe,39784,0x0,Other,-1,0,0,Composed: Copy with GPU GDI,9758.7845,NA,16.59080000000000,15.96820000000000,0.00000000000000,12.67600000000000,29.7210,9742.1937,16.5908,16.5908,0.0000,16.3997,12.8671,12.8671,0.0000,0.7789,9742.1937,NA
parkey.exe,39784,0x0,Other,-1,0,0,Composed: Copy with GPU GDI,9775.4308,NA,16.64630000000000,17.38930000000000,0.00000000000000,13.31770000000000,30.4640,9758.7845,16.6463,16.6463,0.0000,16.4476,13.5164,13.5164,0.0000,-0.7985,9758.7845,NA
parkey.exe,39784,0x0,Other,-1,0,0,Composed: Copy with GPU GDI,9792.0144,NA,16.58360000000000,16.69100000000000,0.00000000000000,11.66510000000000,30.5714,9775.4308,16.5836,16.5836,0.0000,16.3858,11.8629,11.8629,0.0000,-0.0447,9775.4308,NA
parkey.exe,39784,0x0,Other,-1,0,0,Composed: Copy with GPU GDI,9808.8171,NA,16.80270000000000,14.52570000000000,0.00000000000000,13.39230000000000,28.2944,9792.0144,16.8027,16.8027,0.0000,16.6025,13.5925,13.5925,0.0000,2.0579,9792.0144,NA
parkey.exe,39784,0x0,Other,-1,0,0,Composed: Copy with GPU GDI,9825.3324,NA,16.51530000000000,18.82380000000000,0.00000000000000,13.33120000000000,30.6029,9808.8171,16.5153,16.5153,0.0000,16.3256,13.5209,13.5209,0.0000,-2.0211,9808.8171,NA
parkey.exe,39784,0x0,Other,-1,0,0,Composed: Copy with GPU GDI,9841.8597,NA,16.52730000000000,15.90680000000000,0.00000000000000,12.60220000000000,29.9824,9825.3324,16.5273,16.5273,0.0000,16.3536,12.7759,12.7759,0.0000,0.6085,9825.3324,NA
parkey.exe,39784,0x0,Other,-1,0,0,Composed: Copy with GPU GDI,9858.8292,NA,16.96950000000000,17.45720000000000,0.00000000000000,13.35990000000000,30.4701,9841.8597,16.9695,16.9695,0.0000,16.7685,13.5609,13.5609,0.0000,-0.9299,9841.8597,NA
parkey.exe,39784,0x0,Other,-1,0,0,Composed: Copy with GPU GDI,9875.6918,NA,16.86260000000000,16.68290000000000,0.00000000000000,11.85700000000000,30.2904,9858.8292,16.8626,16.8626,0.0000,16.6636,12.0560,12.0560,0.0000,0.2866,9858.8292,NA
parkey.exe,39784,0x0,Other,-1,0,0,Composed: Copy with GPU GDI,9892.2838,NA,16.59200000000000,14.48880000000000,0.00000000000000,12.83320000000000,28.1872,9875.6918,16.5920,16.5920,0.0000,16.3945,13.0307,13.0307,0.0000,2.3738,9875.6918,NA
parkey.exe,39784,0x0,Other,-1,0,0,Composed: Copy with GPU GDI,9908.9098,NA,16.62600000000000,18.86920000000000,0.00000000000000,13.45170000000000,30.4304,9892.2838,16.6260,16.6260,0.0000,16.4316,13.6461,13.6461,0.0000,-2.2772,9892.2838,NA
parkey.exe,39784,0x0,Other,-1,0,0,Composed: Copy with GPU GDI,9925.5645,NA,16.65470000000000,15.84450000000000,0.00000000000000,12.54730000000000,29.6202,9908.9098,16.6547,16.6547,0.0000,16.4705,12.7315,12.7315,0.0000,0.7815,9908.9098,NA
parkey.exe,39784,0x0,Other,-1,0,0,Composed: Copy with GPU GDI,9942.1967,NA,16.63220000000000,17.51210000000000,0.00000000000000,13.35500000000000,30.5001,9925.5645,16.6322,16.6322,0.0000,16.4240,13.5632,13.5632,0.0000,-0.8574,9925.5645,NA
parkey.exe,39784,0x0,Other,-1,0,0,Composed: Copy with GPU GDI,9958.7485,NA,16.55180000000000,16.68170000000000,0.00000000000000,11.87640000000000,30.6300,9942.1967,16.5518,16.5518,0.0000,16.3406,12.0876,12.0876,0.0000,-0.0495,9942.1967,NA
parkey.exe,39784,0x0,Other,-1,0,0,Composed: Copy with GPU GDI,9975.5534,NA,16.80490000000000,14.43640000000000,0.00000000000000,13.45050000000000,28.2615,9958.7485,16.8049,16.8049,0.0000,16.5932,13.6622,13.6622,0.0000,2.1154,9958.7485,NA
parkey.exe,39784,0x0,Other,-1,0,0,Composed: Copy with GPU GDI,9992.0639,NA,16.51050000000000,18.91920000000000,0.00000000000000,13.71630000000000,30.6702,9975.5534,16.5105,16.5105,0.0000,16.3123,13.9145,13.9145,0.0000,-2.1143,9975.5534,NA
parkey.exe,39784,0x0,Other,-1,0,0,Composed: Copy with GPU GDI,10008.8280,NA,16.76410000000000,15.80820000000000,0.00000000000000,12.99550000000000,29.7143,9992.0639,16.7641,16.7641,0.0000,16.5625,13.1971,13.1971,0.0000,0.7023,9992.0639,NA
parkey.exe,39784,0x0,Other,-1,0,0,Composed: Copy with GPU GDI,10025.3466,NA,16.51860000000000,17.55640000000000,0.00000000000000,13.27920000000000,30.7521,10008.8280,16.5186,16.5186,0.0000,16.3306,13.4672,13.4672,0.0000,-0.7923,10008.8280,NA
parkey.exe,39784,0x0,Other,-1,0,0,Composed: Copy with GPU GDI,10042.1642,NA,16.81760000000000,16.72550000000000,0.00000000000000,11.55890000000000,30.6600,10025.3466,16.8176,16.8176,0.0000,16.6165,11.7600,11.7600,0.0000,-0.2069,10025.3466,NA
parkey.exe,39784,0x0,Other,-1,0,0,Composed: Copy with GPU GDI,10058.8386,NA,16.67440000000000,14.33420000000000,0.00000000000000,13.05490000000000,28.3198,10042.1642,16.6744,16.6744,0.0000,16.4736,13.2557,13.2557,0.0000,2.4834,10042.1642,NA
parkey.exe,39784,0x0,Other,-1,0,0,Composed: Copy with GPU GDI,10075.6031,NA,16.76450000000000,18.98530000000000,0.00000000000000,13.29870000000000,30.5406,10058.8386,16.7645,16.7645,0.0000,16.5651,13.4981,13.4981,0.0000,-2.3109,10058.8386,NA
parkey.exe,39784,0x0,Other,-1,0,0,Composed: Copy with GPU GDI,10092.1006,NA,16.49750000000000,15.74170000000000,0.00000000000000,12.56600000000000,29.7848,10075.6031,16.4975,16.4975,0.0000,16.3057,12.7578,12.7578,0.0000,1.0228,10075.6031,NA
parkey.exe,39784,0x0,Other,-1,0,0,Composed: Copy with GPU GDI,10108.8391,NA,16.73850000000000,17.61430000000000,0.00000000000000,13.35000000000000,30.6606,10092.1006,16.7385,16.7385,0.0000,16.5362,13.5523,13.5523,0.0000,-1.1168,10092.1006,NA
parkey.exe,39784,0x0,Other,-1,0,0,Composed: Copy with GPU GDI,10125.5104,NA,16.67130000000000,16.75170000000000,0.00000000000000,11.57130000000000,30.7410,10108.8391,16.6713,16.6713,0.0000,16.4760,11.7666,11.7666,0.0000,-0.0132,10108.8391,NA
parkey.exe,39784,0x0,Other,-1,0,0,Composed: Copy with GPU GDI,10142.3171,NA,16.80670000000000,14.25550000000000,0.00000000000000,12.86250000000000,28.1898,10125.5104,16.8067,16.8067,0.0000,16.6123,13.0569,13.0569,0.0000,2.4158,10125.5104,NA
parkey.exe,39784,0x0,Other,-1,0,0,Composed: Copy with GPU GDI,10158.9554,NA,16.63830000000000,19.03460000000000,0.00000000000000,13.17250000000000,30.5861,10142.3171,16.6383,16.6383,0.0000,16.4358,13.3750,13.3750,0.0000,-2.2279,10142.3171,NA
parkey.exe,39784,0x0,Other,-1,0,0,Composed: Copy with GPU GDI,10175.4927,NA,16.53730000000000,15.69610000000000,0.00000000000000,12.56690000000000,29.7449,10158.9554,16.5373,16.5373,0.0000,16.3436,12.7606,12.7606,0.0000,0.9422,10158.9554,NA
parkey.exe,39784,0x0,Other,-1,0,0,Composed: Copy with GPU GDI,10192.1295,NA,16.63680000000000,17.66480000000000,0.00000000000000,13.34670000000000,30.7729,10175.4927,16.6368,16.6368,0.0000,16.4260,13.5575,13.5575,0.0000,-1.1275,10175.4927,NA
parkey.exe,39784,0x0,Other,-1,0,0,Composed: Copy with GPU GDI,10208.7402,NA,16.61070000000000,16.67940000000000,0.00000000000000,11.47200000000000,30.8416,10192.1295,16.6107,16.6107,0.0000,16.4075,11.6752,11.6752,0.0000,-0.0426,10192.1295,NA
parkey.exe,39784,0x0,Other,-1,0,0,Composed: Copy with GPU GDI,10225.4872,NA,16.74700000000000,14.28750000000000,0.00000000000000,12.87260000000000,28.3821,10208.7402,16.7470,16.7470,0.0000,16.5504,13.0692,13.0692,0.0000,2.3232,10208.7402,NA
parkey.exe,39784,0x0,Other,-1,0,0,Composed: Copy with GPU GDI,10242.1906,NA,16.70340000000000,19.07090000000000,0.00000000000000,13.38520000000000,30.7496,10225.4872,16.7034,16.7034,0.0000,16.4948,13.5938,13.5938,0.0000,-2.3239,10225.4872,NA
parkey.exe,39784,0x0,Other,-1,0,0,Composed: Copy with GPU GDI,10258.8589,NA,16.66830000000000,8.71070000000000,0.00000000000000,12.87820000000000,22.7920,10242.1906,16.6683,16.6683,0.0000,16.4621,13.0844,13.0844,0.0000,7.9927,10242.1906,NA
parkey.exe,39784,0x0,Other,-1,0,0,Composed: Copy with GPU GDI,10275.4575,NA,16.59860000000000,24.65470000000000,0.00000000000000,13.36360000000000,30.8481,10258.8589,16.5986,16.5986,0.0000,16.4010,13.5612,13.5612,0.0000,-7.9864,10258.8589,NA
parkey.exe,39784,0x0,Other,-1,0,0,Composed: Copy with GPU GDI,10292.4591,NA,17.00160000000000,16.67740000000000,0.00000000000000,11.58770000000000,30.5239,10275.4575,17.0016,17.0016,0.0000,16.7758,11.8135,11.8135,0.0000,-0.0788,10275.4575,NA
parkey.exe,39784,0x0,Other,-1,0,0,Composed: Copy with GPU GDI,10308.8375,NA,16.37840000000000,7.33280000000000,0.00000000000000,12.87400000000000,21.4783,10292.4591,16.3784,16.3784,0.0000,16.1714,13.0810,13.0810,0.0000,9.6688,10292.4591,NA
parkey.exe,39784,0x0,Other,-1,0,0,Composed: Copy with GPU GDI,10325.4758,NA,16.63830000000000,26.02660000000000,0.00000000000000,11.77080000000000,30.8666,10308.8375,16.6383,16.6383,0.0000,16.6962,11.7129,11.7129,0.0000,-9.6482,10308.8375,NA
parkey.exe,39784,0x0,Other,-1,0,0,Composed: Copy with GPU GDI,10341.9934,NA,16.51760000000000,8.64840000000000,0.00000000000000,12.62050000000000,22.9974,10325.4758,16.5176,16.5176,0.0000,16.3303,12.8078,12.8078,0.0000,7.9899,10325.4758,NA
parkey.exe,39784,0x0,Other,-1,0,0,Composed: Copy with GPU GDI,10358.9779,NA,16.98450000000000,24.71870000000000,0.00000000000000,13.25170000000000,30.7316,10341.9934,16.9845,16.9845,0.0000,16.7732,13.4630,13.4630,0.0000,-8.2011,10341.9934,NA
parkey.exe,39784,0x0,Other,-1,0,0,Composed: Copy with GPU GDI,10375.5918,NA,16.61390000000000,16.67110000000000,0.00000000000000,11.52630000000000,30.7888,10358.9779,16.6139,16.6139,0.0000,16.4197,11.7205,11.7205,0.0000,0.3134,10358.9779,NA
parkey.exe,39784,0x0,Other,-1,0,0,Composed: Copy with GPU GDI,10392.0536,NA,16.46180000000000,7.28090000000000,0.00000000000000,12.80040000000000,21.6079,10375.5918,16.4618,16.4618,0.0000,16.2584,13.0038,13.0038,0.0000,9.3330,10375.5918,NA
parkey.exe,39784,0x0,Other,-1,0,0,Composed: Copy with GPU GDI,10408.7620,NA,16.70840000000000,26.09380000000000,0.00000000000000,13.08560000000000,30.9933,10392.0536,16.7084,16.7084,0.0000,16.5095,13.2845,13.2845,0.0000,-9.6320,10392.0536,NA
parkey.exe,39784,0x0,Other,-1,0,0,Composed: Copy with GPU GDI,10425.5248,NA,16.76280000000000,15.51760000000000,0.00000000000000,12.43170000000000,29.7481,10408.7620,16.7628,16.7628,0.0000,16.5639,12.6306,12.6306,0.0000,1.1908,10408.7620,NA
parkey.exe,39784,0x0,Other,-1,0,0,Composed: Copy with GPU GDI,10442.0480,NA,16.52320000000000,17.83830000000000,0.00000000000000,12.90230000000000,31.0632,10425.5248,16.5232,16.5232,0.0000,16.3208,13.1047,13.1047,0.0000,-1.0755,10425.5248,NA
parkey.exe,39784,0x0,Other,-1,0,0,Composed: Copy with GPU GDI,10458.6813,NA,16.63330000000000,16.67360000000000,0.00000000000000,11.50140000000000,31.1035,10442.0480,16.6333,16.6333,0.0000,16.4442,11.6905,11.6905,0.0000,-0.1504,10442.0480,NA
parkey.exe,39784,0x0,Other,-1,0,0,Composed: Copy with GPU GDI,10475.4441,NA,16.76280000000000,7.23290000000000,0.00000000000000,13.08020000000000,21.5736,10458.6813,16.7628,16.7628,0.0000,16.5474,13.2956,13.2956,0.0000,9.4004,10458.6813,NA
parkey.exe,39784,0x0,Other,-1,0,0,Composed: Copy with GPU GDI,10492.2204,NA,16.77630000000000,26.13260000000000,0.00000000000000,13.46090000000000,30.9299,10475.4441,16.7763,16.7763,0.0000,16.5842,13.6530,13.6530,0.0000,-9.3698,10475.4441,NA
parkey.exe,39784,0x0,Other,-1,0,0,Composed: Copy with GPU GDI,10508.8294,NA,16.60900000000000,15.47490000000000,0.00000000000000,12.48640000000000,29.7958,10492.2204,16.6090,16.6090,0.0000,16.4149,12.6805,12.6805,0.0000,1.3014,10492.2204,NA
parkey.exe,39784,0x0,Other,-1,0,0,Composed: Copy with GPU GDI,10525.3216,NA,16.49220000000000,17.88250000000000,0.00000000000000,13.24700000000000,31.1861,10508.8294,16.4922,16.4922,0.0000,16.2888,13.4504,13.4504,0.0000,-1.2735,10508.8294,NA
parkey.exe,39784,0x0,Other,-1,0,0,Composed: Copy with GPU GDI,10542.2839,NA,16.96230000000000,16.67820000000000,0.00000000000000,12.75600000000000,30.9020,10525.3216,16.9623,16.9623,0.0000,16.7206,12.9977,12.9977,0.0000,-0.1860,10525.3216,NA
parkey.exe,39784,0x0,Other,-1,0,0,Composed: Copy with GPU GDI,10558.6486,NA,16.36470000000000,7.19650000000000,0.00000000000000,13.02090000000000,21.7338,10542.2839,16.3647,16.3647,0.0000,16.1786,13.2070,13.2070,0.0000,9.7658,10542.2839,NA
parkey.exe,39784,0x0,Other,-1,0,0,Composed: Copy with GPU GDI,10575.8327,NA,17.18410000000000,26.17250000000000,0.00000000000000,12.67790000000000,30.7222,10558.6486,17.1841,17.1841,0.0000,17.0632,12.7988,12.7988,0.0000,-9.8078,10558.6486,NA
parkey.exe,39784,0x0,Other,-1,0,0,Composed: Copy with GPU GDI,10592.1409,NA,16.30820000000000,15.42890000000000,0.00000000000000,12.53830000000000,29.8429,10575.8327,16.3082,16.3082,0.0000,16.1094,12.7371,12.7371,0.0000,1.7552,10575.8327,NA
parkey.exe,39784,0x0,Other,-1,0,0,Composed: Copy with GPU GDI,10608.7530,NA,16.61210000000000,17.92240000000000,0.00000000000000,13.31250000000000,31.1532,10592.1409,16.6121,16.6121,0.0000,16.4085,13.5161,13.5161,0.0000,-1.6142,10592.1409,NA
parkey.exe,39784,0x0,Other,-1,0,0,Composed: Copy with GPU GDI,10625.6973,NA,16.94430000000000,16.68370000000000,0.00000000000000,11.62260000000000,30.8926,10608.7530,16.9443,16.9443,0.0000,16.7649,11.8020,11.8020,0.0000,-0.0716,10608.7530,NA
parkey.exe,39784,0x0,Other,-1,0,0,Composed: Copy with GPU GDI,10641.8272,NA,16.12990000000000,14.00350000000000,0.00000000000000,12.83860000000000,28.7662,10625.6973,16.1299,16.1299,0.0000,15.9803,12.9882,12.9882,0.0000,2.9408,10625.6973,NA
parkey.exe,39784,0x0,Other,-1,0,0,Composed: Copy with GPU GDI,10658.4103,NA,16.58310000000000,19.37360000000000,0.00000000000000,13.37200000000000,31.5567,10641.8272,16.5831,16.5831,0.0000,16.4246,13.5305,13.5305,0.0000,-3.2437,10641.8272,NA
parkey.exe,39784,0x0,Other,-1,0,0,Composed: Copy with GPU GDI,10675.0807,NA,16.67040000000000,15.39130000000000,0.00000000000000,12.02700000000000,30.2776,10658.4103,16.6704,16.6704,0.0000,16.5124,12.1850,12.1850,0.0000,1.1918,10658.4103,NA
parkey.exe,39784,0x0,Other,-1,0,0,Composed: Copy with GPU GDI,10691.7032,NA,16.62250000000000,13.86940000000000,0.00000000000000,13.37730000000000,27.5245,10675.0807,16.6225,16.6225,0.0000,16.4648,13.5350,13.5350,0.0000,2.8010,10675.0807,NA
parkey.exe,39784,0x0,Other,-1,0,0,Composed: Copy with GPU GDI,10708.8212,NA,17.11800000000000,20.76040000000000,0.00000000000000,13.18710000000000,31.1669,10691.7032,17.1180,17.1180,0.0000,16.9089,13.3962,13.3962,0.0000,-4.1379,10691.7032,NA
parkey.exe,39784,0x0,Other,-1,0,0,Composed: Copy with GPU GDI,10725.1583,NA,16.33710000000000,13.95230000000000,0.00000000000000,13.01070000000000,28.7821,10708.8212,16.3371,16.3371,0.0000,16.1863,13.1615,13.1615,0.0000,3.1657,10708.8212,NA
parkey.exe,39784,0x0,Other,-1,0,0,Composed: Copy with GPU GDI,10741.6677,NA,16.50940000000000,19.40710000000000,0.00000000000000,13.79040000000000,31.6798,10725.1583,16.5094,16.5094,0.0000,16.4896,13.8102,13.8102,0.0000,-3.0700,10725.1583,NA
parkey.exe,39784,0x0,Other,-1,0,0,Composed: Copy with GPU GDI,10758.3169,NA,16.64920000000000,8.37300000000000,0.00000000000000,13.43120000000000,23.4036,10741.6677,16.6492,16.6492,0.0000,16.4923,13.5881,13.5881,0.0000,8.1364,10741.6677,NA
parkey.exe,39784,0x0,Other,-1,0,0,Composed: Copy with GPU GDI,10775.0268,NA,16.70990000000000,24.99510000000000,0.00000000000000,13.29010000000000,31.6888,10758.3169,16.7099,16.7099,0.0000,16.5475,13.4525,13.4525,0.0000,-8.3459,10758.3169,NA
parkey.exe,39784,0x0,Other,-1,0,0,Composed: Copy with GPU GDI,10791.7492,NA,16.72240000000000,16.73970000000000,0.00000000000000,12.05590000000000,31.7061,10775.0268,16.7224,16.7224,0.0000,16.5617,12.2166,12.2166,0.0000,-0.0298,10775.0268,NA
parkey.exe,39784,0x0,Other,-1,0,0,Composed: Copy with GPU GDI,10808.7253,NA,16.97610000000000,13.83760000000000,0.00000000000000,13.38270000000000,28.5676,10791.7492,16.9761,16.9761,0.0000,16.7581,13.6007,13.6007,0.0000,2.8848,10791.7492,NA
parkey.exe,39784,0x0,Other,-1,0,0,Composed: Copy with GPU GDI,10825.6232,NA,16.89790000000000,19.45740000000000,0.00000000000000,13.52760000000000,31.1271,10808.7253,16.8979,16.8979,0.0000,16.7020,13.7235,13.7235,0.0000,-2.4813,10808.7253,NA
parkey.exe,39784,0x0,Other,-1,0,0,Composed: Copy with GPU GDI,10842.1876,NA,16.56440000000000,15.26950000000000,0.00000000000000,13.41930000000000,29.8322,10825.6232,16.5644,16.5644,0.0000,16.3714,13.6123,13.6123,0.0000,1.6284,10825.6232,NA
parkey.exe,39784,0x0,Other,-1,0,0,Composed: Copy with GPU GDI,10858.8197,NA,16.63210000000000,18.11100000000000,0.00000000000000,13.51380000000000,31.3111,10842.1876,16.6321,16.6321,0.0000,16.4456,13.7003,13.7003,0.0000,-1.5466,10842.1876,NA
parkey.exe,39784,0x0,Other,-1,0,0,Composed: Copy with GPU GDI,10875.4192,NA,16.59950000000000,16.60760000000000,0.00000000000000,13.44150000000000,31.3192,10858.8197,16.5995,16.5995,0.0000,16.3972,13.6438,13.6438,0.0000,0.0245,10858.8197,NA
parkey.exe,39784,0x0,Other,-1,0,0,Composed: Copy with GPU GDI,10892.2211,NA,16.80190000000000,7.04050000000000,0.00000000000000,13.41370000000000,21.5578,10875.4192,16.8019,16.8019,0.0000,16.6030,13.6126,13.6126,0.0000,9.5590,10875.4192,NA
parkey.exe,39784,0x0,Other,-1,0,0,Composed: Copy with GPU GDI,10908.8225,NA,16.60140000000000,26.37610000000000,0.00000000000000,12.99200000000000,31.3325,10892.2211,16.6014,16.6014,0.0000,16.3746,13.2188,13.2188,0.0000,-9.5742,10892.2211,NA
parkey.exe,39784,0x0,Other,-1,0,0,Composed: Copy with GPU GDI,10925.4933,NA,16.67080000000000,15.21870000000000,0.00000000000000,13.63990000000000,29.8804,10908.8225,16.6708,16.6708,0.0000,16.4773,13.8334,13.8334,0.0000,1.3827,10908.8225,NA
parkey.exe,39784,0x0,Other,-1,0,0,Composed: Copy with GPU GDI,10942.2059,NA,16.71260000000000,18.13970000000000,0.00000000000000,13.57870000000000,31.3075,10925.4933,16.7126,16.7126,0.0000,16.5038,13.7875,13.7875,0.0000,-1.4689,10925.4933,NA
parkey.exe,39784,0x0,Other,-1,0,0,Composed: Copy with GPU GDI,10958.7268,NA,16.52090000000000,16.57850000000000,0.00000000000000,12.72020000000000,31.3651,10942.2059,16.5209,16.5209,0.0000,16.2926,12.9485,12.9485,0.0000,0.1341,10942.2059,NA
parkey.exe,39784,0x0,Other,-1,0,0,Composed: Copy with GPU GDI,10975.3798,NA,16.65300000000000,7.02570000000000,0.00000000000000,13.21190000000000,21.7378,10958.7268,16.6530,16.6530,0.0000,16.4101,13.4548,13.4548,0.0000,9.4952,10958.7268,NA
parkey.exe,39784,0x0,Other,-1,0,0,Composed: Copy with GPU GDI,10992.1361,NA,16.75630000000000,26.44140000000000,0.00000000000000,13.44810000000000,31.4229,10975.3798,16.7563,16.7563,0.0000,16.5566,13.6478,13.6478,0.0000,-9.7884,10975.3798,NA
parkey.exe,39784,0x0,Other,-1,0,0,Composed: Copy with GPU GDI,11008.6796,NA,16.54350000000000,15.15560000000000,0.00000000000000,12.01480000000000,30.0350,10992.1361,16.5435,16.5435,0.0000,16.3427,12.2156,12.2156,0.0000,1.6007,10992.1361,NA
parkey.exe,39784,0x0,Other,-1,0,0,Composed: Copy with GPU GDI,11025.2874,NA,16.60780000000000,18.19900000000000,0.00000000000000,13.00810000000000,31.6262,11008.6796,16.6078,16.6078,0.0000,16.4099,13.2060,13.2060,0.0000,-1.6555,11008.6796,NA
parkey.exe,39784,0x0,Other,-1,0,0,Composed: Copy with GPU GDI,11042.0302,NA,16.74280000000000,16.52420000000000,0.00000000000000,13.41010000000000,31.4076,11025.2874,16.7428,16.7428,0.0000,16.5277,13.6252,13.6252,0.0000,0.0836,11025.2874,NA
parkey.exe,39784,0x0,Other,-1,0,0,Composed: Copy with GPU GDI,11058.6808,NA,16.65060000000000,7.02280000000000,0.00000000000000,12.64860000000000,21.7798,11042.0302,16.6506,16.6506,0.0000,16.4487,12.8505,12.8505,0.0000,9.7200,11042.0302,NA
parkey.exe,39784,0x0,Other,-1,0,0,Composed: Copy with GPU GDI,11075.8359,NA,17.15510000000000,26.49530000000000,0.00000000000000,12.79470000000000,31.1200,11058.6808,17.1551,17.1551,0.0000,16.5226,13.4272,13.4272,0.0000,-9.8447,11058.6808,NA
parkey.exe,39784,0x0,Other,-1,0,0,Composed: Copy with GPU GDI,11092.2069,NA,16.37100000000000,15.10520000000000,0.00000000000000,13.42940000000000,29.8542,11075.8359,16.3710,16.3710,0.0000,16.1423,13.6581,13.6581,0.0000,2.0499,11075.8359,NA
parkey.exe,39784,0x0,Other,-1,0,0,Composed: Copy with GPU GDI,11108.7491,NA,16.54220000000000,18.25820000000000,0.00000000000000,13.35510000000000,31.5702,11092.2069,16.5422,16.5422,0.0000,16.3376,13.5597,13.5597,0.0000,-1.8872,11092.2069,NA
parkey.exe,39784,0x0,Other,-1,0,0,Composed: Copy with GPU GDI,11125.3250,NA,16.57590000000000,16.46200000000000,0.00000000000000,11.89670000000000,31.4563,11108.7491,16.5759,16.5759,0.0000,16.3764,12.0962,12.0962,0.0000,0.0802,11108.7491,NA
parkey.exe,39784,0x0,Other,-1,0,0,Composed: Copy with GPU GDI,11142.0334,NA,16.70840000000000,7.03060000000000,0.00000000000000,13.30810000000000,21.7785,11125.3250,16.7084,16.7084,0.0000,16.5159,13.5006,13.5006,0.0000,9.5453,11125.3250,NA
parkey.exe,39784,0x0,Other,-1,0,0,Composed: Copy with GPU GDI,11158.7964,NA,16.76300000000000,26.54670000000000,0.00000000000000,13.30160000000000,31.5622,11142.0334,16.7630,16.7630,0.0000,16.5627,13.5019,13.5019,0.0000,-9.8383,11142.0334,NA
parkey.exe,39784,0x0,Other,-1,0,0,Composed: Copy with GPU GDI,11175.3723,NA,16.57590000000000,15.06750000000000,0.00000000000000,12.01930000000000,30.0538,11158.7964,16.5759,16.5759,0.0000,16.3824,12.2128,12.2128,0.0000,1.6955,11158.7964,NA
parkey.exe,39784,0x0,Other,-1,0,0,Composed: Copy with GPU GDI,11191.9200,NA,16.54770000000000,18.29720000000000,0.00000000000000,13.49490000000000,31.8033,11175.3723,16.5477,16.5477,0.0000,16.3971,13.6455,13.6455,0.0000,-1.7213,11175.3723,NA
parkey.exe,39784,0x0,Other,-1,0,0,Composed: Copy with GPU GDI,11208.7058,NA,16.78580000000000,16.41600000000000,0.00000000000000,13.18000000000000,31.4335,11191.9200,16.7858,16.7858,0.0000,16.6100,13.3558,13.3558,0.0000,0.1317,11191.9200,NA
parkey.exe,39784,0x0,Other,-1,0,0,Composed: Copy with GPU GDI,11225.4915,NA,16.78570000000000,7.01690000000000,0.00000000000000,12.50640000000000,21.6647,11208.7058,16.7857,16.7857,0.0000,16.5682,12.7239,12.7239,0.0000,9.7689,11208.7058,NA
parkey.exe,39784,0x0,Other,-1,0,0,Composed: Copy with GPU GDI,11242.1192,NA,16.62770000000000,26.62160000000000,0.00000000000000,13.40910000000000,31.6586,11225.4915,16.6277,16.6277,0.0000,16.4255,13.6113,13.6113,0.0000,-9.8359,11225.4915,NA
parkey.exe,39784,0x0,Other,-1,0,0,Composed: Copy with GPU GDI,11258.8391,NA,16.71990000000000,15.00640000000000,0.00000000000000,13.23540000000000,29.9451,11242.1192,16.7199,16.7199,0.0000,16.5700,13.3853,13.3853,0.0000,1.6213,11242.1192,NA
parkey.exe,39784,0x0,Other,-1,0,0,Composed: Copy with GPU GDI,11275.4396,NA,16.60050000000000,18.34430000000000,0.00000000000000,13.32830000000000,31.6889,11258.8391,16.6005,16.6005,0.0000,16.3992,13.5296,13.5296,0.0000,-1.6244,11258.8391,NA
parkey.exe,39784,0x0,Other,-1,0,0,Composed: Copy with GPU GDI,11292.3239,NA,16.88430000000000,16.34990000000000,0.00000000000000,11.50810000000000,31.1545,11275.4396,16.8843,16.8843,0.0000,16.7078,11.6846,11.6846,0.0000,0.2506,11275.4396,NA
parkey.exe,39784,0x0,Other,-1,0,0,Composed: Copy with GPU GDI,11308.7898,NA,16.46590000000000,7.01660000000000,0.00000000000000,13.28510000000000,21.7052,11292.3239,16.4659,16.4659,0.0000,16.2723,13.4787,13.4787,0.0000,9.8677,11292.3239,NA
parkey.exe,39784,0x0,Other,-1,0,0,Composed: Copy with GPU GDI,11325.4291,NA,16.63930000000000,26.66760000000000,0.00000000000000,13.59600000000000,31.7335,11308.7898,16.6393,16.6393,0.0000,16.6957,13.5396,13.5396,0.0000,-10.2017,11308.7898,NA
parkey.exe,39784,0x0,Other,-1,0,0,Composed: Copy with GPU GDI,11341.9654,NA,16.53630000000000,14.95680000000000,0.00000000000000,13.37530000000000,30.1540,11325.4291,16.5363,16.5363,0.0000,16.3436,13.5680,13.5680,0.0000,1.6825,11325.4291,NA
parkey.exe,39784,0x0,Other,-1,0,0,Composed: Copy with GPU GDI,11358.6828,NA,16.71740000000000,18.40190000000000,0.00000000000000,13.42520000000000,31.8385,11341.9654,16.7174,16.7174,0.0000,16.5090,13.6336,13.6336,0.0000,-1.8656,11341.9654,NA
parkey.exe,39784,0x0,Other,-1,0,0,Composed: Copy with GPU GDI,11375.3644,NA,16.68160000000000,16.30560000000000,0.00000000000000,13.26820000000000,31.4625,11358.6828,16.6816,16.6816,0.0000,16.4719,13.4779,13.4779,0.0000,0.4118,11358.6828,NA
parkey.exe,39784,0x0,Other,-1,0,0,Composed: Copy with GPU GDI,11391.9890,NA,16.62460000000000,7.03420000000000,0.00000000000000,13.46070000000000,21.8721,11375.3644,16.6246,16.6246,0.0000,16.4318,13.6535,13.6535,0.0000,9.6474,11375.3644,NA
parkey.exe,39784,0x0,Other,-1,0,0,Composed: Copy with GPU GDI,11408.8216,NA,16.83260000000000,26.70410000000000,0.00000000000000,13.17700000000000,31.7436,11391.9890,16.8326,16.8326,0.0000,16.5714,13.4382,13.4382,0.0000,-10.0795,11391.9890,NA
parkey.exe,39784,0x0,Other,-1,0,0,Composed: Copy with GPU GDI,11425.3612,NA,16.53960000000000,14.89150000000000,0.00000000000000,13.40740000000000,30.0955,11408.8216,16.5396,16.5396,0.0000,16.3414,13.6056,13.6056,0.0000,1.9411,11408.8216,NA
parkey.exe,39784,0x0,Other,-1,0,0,Composed: Copy with GPU GDI,11442.6335,NA,17.27230000000000,18.46390000000000,0.00000000000000,13.59460000000000,31.2871,11425.3612,17.2723,17.2723,0.0000,17.0320,13.8349,13.8349,0.0000,-1.9243,11425.3612,NA
parkey.exe,39784,0x0,Other,-1,0,0,Composed: Copy with GPU GDI,11458.6738,NA,16.04030000000000,16.26020000000000,0.00000000000000,13.27560000000000,31.5070,11442.6335,16.0403,16.0403,0.0000,15.8341,13.4818,13.4818,0.0000,1.0121,11442.6335,NA
parkey.exe,39784,0x0,Other,-1,0,0,Composed: Copy with GPU GDI,11475.3755,NA,16.70170000000000,13.89110000000000,0.00000000000000,13.33850000000000,28.6964,11458.6738,16.7017,16.7017,0.0000,16.4868,13.5534,13.5534,0.0000,2.1492,11458.6738,NA
parkey.exe,39784,0x0,Other,-1,0,0,Composed: Copy with GPU GDI,11492.4338,NA,17.05830000000000,19.88590000000000,0.00000000000000,13.06390000000000,31.5240,11475.3755,17.0583,17.0583,0.0000,16.8214,13.3008,13.3008,0.0000,-3.1842,11475.3755,NA
parkey.exe,39784,0x0,Other,-1,0,0,Composed: Copy with GPU GDI,11508.6497,NA,16.21590000000000,14.85630000000000,0.00000000000000,13.14220000000000,30.1644,11492.4338,16.2159,16.2159,0.0000,16.0076,13.3505,13.3505,0.0000,2.2020,11492.4338,NA
parkey.exe,39784,0x0,Other,-1,0,0,Composed: Copy with GPU GDI,11525.4273,NA,16.77760000000000,13.88080000000000,0.00000000000000,13.18220000000000,27.2676,11508.6497,16.7776,16.7776,0.0000,16.5930,13.3668,13.3668,0.0000,2.3351,11508.6497,NA
parkey.exe,39784,0x0,Other,-1,0,0,Composed: Copy with GPU GDI,11542.1170,NA,16.68970000000000,20.84010000000000,0.00000000000000,12.75220000000000,31.4180,11525.4273,16.6897,16.6897,0.0000,16.4976,12.9443,12.9443,0.0000,-4.0625,11525.4273,NA
parkey.exe,39784,0x0,Other,-1,0,0,Composed: Copy with GPU GDI,11558.6770,NA,16.56000000000000,13.89610000000000,0.00000000000000,13.55090000000000,28.7541,11542.1170,16.5600,16.5600,0.0000,16.3632,13.7477,13.7477,0.0000,2.7936,11542.1170,NA
parkey.exe,39784,0x0,Other,-1,0,0,Composed: Copy with GPU GDI,11575.3892,NA,16.71220000000000,19.92620000000000,0.00000000000000,13.17470000000000,31.9681,11558.6770,16.7122,16.7122,0.0000,16.5164,13.3705,13.3705,0.0000,-3.3662,11558.6770,NA
parkey.exe,39784,0x0,Other,-1,0,0,Composed: Copy with GPU GDI,11591.9506,NA,16.56140000000000,14.79320000000000,0.00000000000000,13.50290000000000,30.1999,11575.3892,16.5614,16.5614,0.0000,16.3573,13.7070,13.7070,0.0000,1.9190,11575.3892,NA
parkey.exe,39784,0x0,Other,-1,0,0,Composed: Copy with GPU GDI,11608.6557,NA,16.70510000000000,13.89290000000000,0.00000000000000,13.36090000000000,27.3877,11591.9506,16.7051,16.7051,0.0000,16.4953,13.5707,13.5707,0.0000,2.6685,11591.9506,NA
parkey.exe,39784,0x0,Other,-1,0,0,Composed: Copy with GPU GDI,11625.4446,NA,16.78890000000000,20.88020000000000,0.00000000000000,13.14130000000000,31.4790,11608.6557,16.7889,16.7889,0.0000,16.5555,13.3747,13.3747,0.0000,-4.1751,11608.6557,NA
parkey.exe,39784,0x0,Other,-1,0,0,Composed: Copy with GPU GDI,11642.0506,NA,16.60600000000000,13.84680000000000,0.00000000000000,13.48620000000000,28.7198,11625.4446,16.6060,16.6060,0.0000,16.3970,13.6952,13.6952,0.0000,2.9421,11625.4446,NA
parkey.exe,39784,0x0,Other,-1,0,0,Composed: Copy with GPU GDI,11658.6806,NA,16.63000000000000,19.99020000000000,0.00000000000000,13.69630000000000,32.0800,11642.0506,16.6300,16.6300,0.0000,16.5668,13.7595,13.7595,0.0000,-3.3842,11642.0506,NA
parkey.exe,39784,0x0,Other,-1,0,0,Composed: Copy with GPU GDI,11675.3205,NA,16.63990000000000,14.73530000000000,0.00000000000000,13.31280000000000,30.1754,11658.6806,16.6399,16.6399,0.0000,16.4292,13.5235,13.5235,0.0000,1.8947,11658.6806,NA
parkey.exe,39784,0x0,Other,-1,0,0,Composed: Copy with GPU GDI,11692.0881,NA,16.76760000000000,13.89330000000000,0.00000000000000,12.96770000000000,27.3011,11675.3205,16.7676,16.7676,0.0000,16.4993,13.2360,13.2360,0.0000,2.7466,11675.3205,NA
parkey.exe,39784,0x0,Other,-1,0,0,Composed: Copy with GPU GDI,11708.6979,NA,16.60980000000000,20.89020000000000,0.00000000000000,13.34530000000000,31.5815,11692.0881,16.6098,16.6098,0.0000,16.3788,13.5763,13.5763,0.0000,-4.1226,11692.0881,NA
parkey.exe,39784,0x0,Other,-1,0,0,Composed: Copy with GPU GDI,11725.3643,NA,16.66640000000000,13.84140000000000,0.00000000000000,13.33320000000000,28.7565,11708.6979,16.6664,16.6664,0.0000,16.4364,13.5632,13.5632,0.0000,2.7684,11708.6979,NA
parkey.exe,39784,0x0,Other,-1,0,0,Composed: Copy with GPU GDI,11742.3200,NA,16.95570000000000,20.04650000000000,0.00000000000000,13.27510000000000,31.8473,11725.3643,16.9557,16.9557,0.0000,16.7262,13.5046,13.5046,0.0000,-3.3801,11725.3643,NA
parkey.exe,39784,0x0,Other,-1,0,0,Composed: Copy with GPU GDI,11758.7587,NA,16.43870000000000,14.67530000000000,0.00000000000000,12.08250000000000,30.0839,11742.3200,16.4387,16.4387,0.0000,16.1863,12.3349,12.3349,0.0000,2.2804,11742.3200,NA
parkey.exe,39784,0x0,Other,-1,0,0,Composed: Copy with GPU GDI,11775.4392,NA,16.68050000000000,13.89640000000000,0.00000000000000,13.31660000000000,27.2998,11758.7587,16.6805,16.6805,0.0000,16.3835,13.6136,13.6136,0.0000,2.5423,11758.7587,NA
parkey.exe,39784,0x0,Other,-1,0,0,Composed: Copy with GPU GDI,11792.0218,NA,16.58260000000000,20.87870000000000,0.00000000000000,13.24730000000000,31.5959,11775.4392,16.5826,16.5826,0.0000,16.3588,13.4711,13.4711,0.0000,-4.1982,11775.4392,NA
parkey.exe,39784,0x0,Other,-1,0,0,Composed: Copy with GPU GDI,11808.6661,NA,16.64430000000000,13.84490000000000,0.00000000000000,13.57580000000000,28.7965,11792.0218,16.6443,16.6443,0.0000,16.4358,13.7843,13.7843,0.0000,2.7377,11792.0218,NA
parkey.exe,39784,0x0,Other,-1,0,0,Composed: Copy with GPU GDI,11825.5233,NA,16.85720000000000,20.10360000000000,0.00000000000000,13.09070000000000,32.0429,11808.6661,16.8572,16.8572,0.0000,16.6063,13.3416,13.3416,0.0000,-3.4593,11808.6661,NA
parkey.exe,39784,0x0,Other,-1,0,0,Composed: Copy with GPU GDI,11841.9547,NA,16.43140000000000,14.62210000000000,0.00000000000000,13.43050000000000,30.2336,11825.5233,16.4314,16.4314,0.0000,16.2482,13.6137,13.6137,0.0000,2.2351,11825.5233,NA
parkey.exe,39784,0x0,Other,-1,0,0,Composed: Copy with GPU GDI,11858.2974,NA,16.34270000000000,13.88970000000000,0.00000000000000,13.21920000000000,27.7806,11841.9547,16.3427,16.3427,0.0000,16.1890,13.3729,13.3729,0.0000,2.5417,11841.9547,NA
parkey.exe,39784,0x0,Other,-1,0,0,Composed: Copy with GPU GDI,11875.1311,NA,16.83370000000000,20.87830000000000,0.00000000000000,13.34600000000000,31.8252,11858.2974,16.8337,16.8337,0.0000,16.6520,13.5277,13.5277,0.0000,-4.5356,11858.2974,NA
parkey.exe,39784,0x0,Other,-1,0,0,Composed: Copy with GPU GDI,11891.6695,NA,16.53840000000000,13.85600000000000,0.00000000000000,13.47170000000000,29.1428,11875.1311,16.5384,16.5384,0.0000,16.3718,13.6383,13.6383,0.0000,2.9777,11875.1311,NA
parkey.exe,39784,0x0,Other,-1,0,0,Composed: Copy with GPU GDI,11908.4053,NA,16.73580000000000,20.15760000000000,0.00000000000000,13.65910000000000,32.5646,11891.6695,16.7358,16.7358,0.0000,16.5550,13.8399,13.8399,0.0000,-3.6192,11891.6695,NA
parkey.exe,39784,0x0,Other,-1,0,0,Composed: Copy with GPU GDI,11925.0345,NA,16.62920000000000,7.62600000000000,0.00000000000000,13.39020000000000,23.5614,11908.4053,16.6292,16.6292,0.0000,16.4451,13.5743,13.5743,0.0000,9.1098,11908.4053,NA
parkey.exe,39784,0x0,Other,-1,0,0,Composed: Copy with GPU GDI,11941.8569,NA,16.82240000000000,25.73360000000000,0.00000000000000,13.37570000000000,32.4726,11925.0345,16.8224,16.8224,0.0000,16.6246,13.5735,13.5735,0.0000,-9.1044,11925.0345,NA
parkey.exe,39784,0x0,Other,-1,0,0,Composed: Copy with GPU GDI,11958.4506,NA,16.59370000000000,16.68360000000000,0.00000000000000,12.60200000000000,32.5625,11941.8569,16.5937,16.5937,0.0000,16.4247,12.7710,12.7710,0.0000,0.1388,11941.8569,NA
parkey.exe,39784,0x0,Other,-1,0,0,Composed: Copy with GPU GDI,11974.8254,NA,16.37480000000000,6.26730000000000,0.00000000000000,12.39250000000000,22.4550,11958.4506,16.3748,16.3748,0.0000,16.2329,12.5344,12.5344,0.0000,10.3264,11958.4506,NA
parkey.exe,39784,0x0,Other,-1,0,0,Composed: Copy with GPU GDI,11991.7087,NA,16.88330000000000,27.08830000000000,0.00000000000000,13.60200000000000,32.6600,11974.8254,16.8833,16.8833,0.0000,16.6748,13.8105,13.8105,0.0000,-10.7135,11974.8254,NA
parkey.exe,39784,0x0,Other,-1,0,0,Composed: Copy with GPU GDI,12008.5870,NA,16.87830000000000,14.58530000000000,0.00000000000000,13.43380000000000,30.3670,11991.7087,16.8783,16.8783,0.0000,16.6759,13.6362,13.6362,0.0000,2.2980,11991.7087,NA
parkey.exe,39784,0x0,Other,-1,0,0,Composed: Copy with GPU GDI,12025.4614,NA,16.87440000000000,18.77350000000000,0.00000000000000,13.21030000000000,32.2661,12008.5870,16.8744,16.8744,0.0000,16.6425,13.4422,13.4422,0.0000,-1.8952,12008.5870,NA
parkey.exe,39784,0x0,Other,-1,0,0,Composed: Copy with GPU GDI,12041.9452,NA,16.48380000000000,15.89850000000000,0.00000000000000,13.34350000000000,31.6808,12025.4614,16.4838,16.4838,0.0000,16.2865,13.5408,13.5408,0.0000,0.9759,12025.4614,NA
parkey.exe,39784,0x0,Other,-1,0,0,Composed: Copy with GPU GDI,12058.7184,NA,16.77320000000000,6.99940000000000,0.00000000000000,13.19160000000000,21.9070,12041.9452,16.7732,16.7732,0.0000,16.5976,13.3672,13.3672,0.0000,9.4844,12041.9452,NA
parkey.exe,39784,0x0,Other,-1,0,0,Composed: Copy with GPU GDI,12075.3301,NA,16.61170000000000,27.15140000000000,0.00000000000000,13.62840000000000,32.4467,12058.7184,16.6117,16.6117,0.0000,16.4042,13.8359,13.8359,0.0000,-10.3782,12058.7184,NA
parkey.exe,39784,0x0,Other,-1,0,0,Composed: Copy with GPU GDI,12091.8920,NA,16.56190000000000,14.45740000000000,0.00000000000000,13.36790000000000,30.3422,12075.3301,16.5619,16.5619,0.0000,16.3695,13.5603,13.5603,0.0000,2.1543,12075.3301,NA
parkey.exe,39784,0x0,Other,-1,0,0,Composed: Copy with GPU GDI,12108.6561,NA,16.76410000000000,18.89610000000000,0.00000000000000,13.24670000000000,32.4742,12091.8920,16.7641,16.7641,0.0000,16.5550,13.4558,13.4558,0.0000,-2.3342,12091.8920,NA
parkey.exe,39784,0x0,Other,-1,0,0,Composed: Copy with GPU GDI,12125.3037,NA,16.64760000000000,15.82540000000000,0.00000000000000,13.19170000000000,31.6520,12108.6561,16.6476,16.6476,0.0000,16.4482,13.3911,13.3911,0.0000,0.9387,12108.6561,NA
parkey.exe,39784,0x0,Other,-1,0,0,Composed: Copy with GPU GDI,12141.8928,NA,16.58910000000000,7.02610000000000,0.00000000000000,13.30520000000000,22.0890,12125.3037,16.5891,16.5891,0.0000,16.3964,13.4979,13.4979,0.0000,9.6215,12125.3037,NA
parkey.exe,39784,0x0,Other,-1,0,0,Composed: Copy with GPU GDI,12158.6007,NA,16.70790000000000,27.18840000000000,0.00000000000000,13.31770000000000,32.5695,12141.8928,16.7079,16.7079,0.0000,16.4723,13.5533,13.5533,0.0000,-10.5993,12141.8928,NA
parkey.exe,39784,0x0,Other,-1,0,0,Composed: Copy with GPU GDI,12175.2671,NA,16.66640000000000,14.41680000000000,0.00000000000000,13.24600000000000,30.3199,12158.6007,16.6664,16.6664,0.0000,16.4800,13.4324,13.4324,0.0000,2.2911,12158.6007,NA
parkey.exe,39784,0x0,Other,-1,0,0,Composed: Copy with GPU GDI,12191.9745,NA,16.70740000000000,7.00900000000000,0.00000000000000,13.33370000000000,20.6215,12175.2671,16.7074,16.7074,0.0000,16.5265,13.5146,13.5146,0.0000,9.6574,12175.2671,NA
parkey.exe,39784,0x0,Other,-1,0,0,Composed: Copy with GPU GDI,12208.7346,NA,16.76010000000000,20.77330000000000,0.00000000000000,13.23960000000000,24.6347,12191.9745,16.7601,16.7601,0.0000,16.5433,13.4564,13.4564,0.0000,-4.0659,12191.9745,NA
parkey.exe,39784,0x0,Other,-1,0,0,Composed: Copy with GPU GDI,12225.0073,NA,16.27270000000000,13.98770000000000,0.00000000000000,13.42150000000000,22.3497,12208.7346,16.2727,16.2727,0.0000,16.0472,13.6470,13.6470,0.0000,2.7724,12208.7346,NA
parkey.exe,39784,0x0,Other,-1,0,0,Composed: Copy with GPU GDI,12241.8893,NA,16.88200000000000,27.21830000000000,0.00000000000000,13.62390000000000,32.6860,12225.0073,16.8820,16.8820,0.0000,16.6957,13.8102,13.8102,0.0000,-10.9456,12225.0073,NA
parkey.exe,39784,0x0,Other,-1,0,0,Composed: Copy with GPU GDI,12258.7155,NA,16.82620000000000,14.35610000000000,0.00000000000000,13.24090000000000,30.2159,12241.8893,16.8262,16.8262,0.0000,16.6207,13.4464,13.4464,0.0000,2.5259,12241.8893,NA
parkey.exe,39784,0x0,Other,-1,0,0,Composed: Copy with GPU GDI,12275.3371,NA,16.62160000000000,13.89550000000000,0.00000000000000,13.34940000000000,27.4898,12258.7155,16.6216,16.6216,0.0000,16.4113,13.5597,13.5597,0.0000,2.9307,12258.7155,NA
parkey.exe,39784,0x0,Other,-1,0,0,Composed: Copy with GPU GDI,12291.9802,NA,16.64310000000000,20.85020000000000,0.00000000000000,13.14680000000000,31.6969,12275.3371,16.6431,16.6431,0.0000,16.3949,13.3950,13.3950,0.0000,-4.2286,12275.3371,NA
parkey.exe,39784,0x0,Other,-1,0,0,Composed: Copy with GPU GDI,12309.6995,NA,17.71930000000000,13.88070000000000,0.00000000000000,13.37210000000000,27.8583,12291.9802,17.7193,17.7193,0.0000,17.4076,13.6838,13.6838,0.0000,2.7624,12291.9802,NA
parkey.exe,39784,0x0,Other,-1,0,0,Composed: Copy with GPU GDI,12325.5017,NA,15.80220000000000,20.41290000000000,0.00000000000000,13.51280000000000,32.4690,12309.6995,15.8022,15.8022,0.0000,15.7254,13.5896,13.5896,0.0000,-2.6936,12309.6995,NA
parkey.exe,39784,0x0,Other,-1,0,0,Composed: Copy with GPU GDI,12342.0698,NA,16.56810000000000,14.31090000000000,0.00000000000000,13.42490000000000,30.2118,12325.5017,16.5681,16.5681,0.0000,16.3666,13.6264,13.6264,0.0000,1.4913,12325.5017,NA
parkey.exe,39784,0x0,Other,-1,0,0,Composed: Copy with GPU GDI,12358.6573,NA,16.58750000000000,13.90240000000000,0.00000000000000,13.39470000000000,27.5267,12342.0698,16.5875,16.5875,0.0000,16.3893,13.5929,13.5929,0.0000,2.6657,12342.0698,NA
parkey.exe,39784,0x0,Other,-1,0,0,Composed: Copy with GPU GDI,12375.3222,NA,16.66490000000000,20.87230000000000,0.00000000000000,13.30440000000000,31.7341,12358.6573,16.6649,16.6649,0.0000,16.4332,13.5361,13.5361,0.0000,-4.2848,12358.6573,NA
parkey.exe,39784,0x0,Other,-1,0,0,Composed: Copy with GPU GDI,12391.9482,NA,16.62600000000000,13.85670000000000,0.00000000000000,13.22480000000000,28.9648,12375.3222,16.6260,16.6260,0.0000,16.4384,13.4124,13.4124,0.0000,2.8082,12375.3222,NA
parkey.exe,39784,0x0,Other,-1,0,0,Composed: Copy with GPU GDI,12408.6708,NA,16.72260000000000,20.45940000000000,0.00000000000000,13.49580000000000,32.7016,12391.9482,16.7226,16.7226,0.0000,16.6834,13.5350,13.5350,0.0000,-3.8334,12391.9482,NA
parkey.exe,39784,0x0,Other,-1,0,0,Composed: Copy with GPU GDI,12425.3213,NA,16.65050000000000,7.31070000000000,0.00000000000000,13.13580000000000,23.3618,12408.6708,16.6505,16.6505,0.0000,16.4368,13.3495,13.3495,0.0000,9.4119,12408.6708,NA
parkey.exe,39784,0x0,Other,-1,0,0,Composed: Copy with GPU GDI,12441.9644,NA,16.64310000000000,26.05130000000000,0.00000000000000,13.28410000000000,32.7700,12425.3213,16.6431,16.6431,0.0000,16.4329,13.4943,13.4943,0.0000,-9.4008,12425.3213,NA
parkey.exe,39784,0x0,Other,-1,0,0,Composed: Copy with GPU GDI,12458.6360,NA,16.67160000000000,15.62030000000000,0.00000000000000,13.32040000000000,31.7187,12441.9644,16.6716,16.6716,0.0000,16.4560,13.5360,13.5360,0.0000,1.0228,12441.9644,NA
parkey.exe,39784,0x0,Other,-1,0,0,Composed: Copy with GPU GDI,12475.2528,NA,16.61680000000000,7.01920000000000,0.00000000000000,13.21080000000000,22.1211,12458.6360,16.6168,16.6168,0.0000,16.3918,13.4358,13.4358,0.0000,9.6524,12458.6360,NA
parkey.exe,39784,0x0,Other,-1,0,0,Composed: Copy with GPU GDI,12491.9814,NA,16.72860000000000,27.40980000000000,0.00000000000000,13.46040000000000,32.8023,12475.2528,16.7286,16.7286,0.0000,16.5151,13.6739,13.6739,0.0000,-10.7930,12475.2528,NA
parkey.exe,39784,0x0,Other,-1,0,0,Composed: Copy with GPU GDI,12508.5314,NA,16.55000000000000,14.20940000000000,0.00000000000000,13.16550000000000,30.4617,12491.9814,16.5500,16.5500,0.0000,16.3554,13.3601,13.3601,0.0000,2.5192,12491.9814,NA
parkey.exe,39784,0x0,Other,-1,0,0,Composed: Copy with GPU GDI,12525.3546,NA,16.82320000000000,19.15320000000000,0.00000000000000,13.23620000000000,32.7917,12508.5314,16.8232,16.8232,0.0000,16.6292,13.4302,13.4302,0.0000,-2.6032,12508.5314,NA
parkey.exe,39784,0x0,Other,-1,0,0,Composed: Copy with GPU GDI,12541.9016,NA,16.54700000000000,15.54930000000000,0.00000000000000,13.31930000000000,31.7940,12525.3546,16.5470,16.5470,0.0000,16.3312,13.5351,13.5351,0.0000,1.2739,12525.3546,NA
parkey.exe,39784,0x0,Other,-1,0,0,Composed: Copy with GPU GDI,12558.6428,NA,16.74120000000000,7.02000000000000,0.00000000000000,13.23410000000000,22.0728,12541.9016,16.7412,16.7412,0.0000,16.5399,13.4354,13.4354,0.0000,9.5270,12541.9016,NA
parkey.exe,39784,0x0,Other,-1,0,0,Composed: Copy with GPU GDI,12575.3303,NA,16.68750000000000,27.46550000000000,0.00000000000000,13.45090000000000,32.8508,12558.6428,16.6875,16.6875,0.0000,16.4705,13.6679,13.6679,0.0000,-10.7243,12558.6428,NA
parkey.exe,39784,0x0,Other,-1,0,0,Composed: Copy with GPU GDI,12591.8216,NA,16.49130000000000,14.14160000000000,0.00000000000000,13.14080000000000,30.5011,12575.3303,16.4913,16.4913,0.0000,16.2859,13.3462,13.3462,0.0000,2.5459,12575.3303,NA
parkey.exe,39784,0x0,Other,-1,0,0,Composed: Copy with GPU GDI,12608.7958,NA,16.97420000000000,19.21830000000000,0.00000000000000,13.23410000000000,32.7452,12591.8216,16.9742,16.9742,0.0000,16.7705,13.4378,13.4378,0.0000,-2.7270,12591.8216,NA
parkey.exe,39784,0x0,Other,-1,0,0,Composed: Copy with GPU GDI,12625.4867,NA,16.69090000000000,15.50540000000000,0.00000000000000,13.14180000000000,31.5597,12608.7958,16.6909,16.6909,0.0000,16.4755,13.3572,13.3572,0.0000,1.4688,12608.7958,NA
parkey.exe,39784,0x0,Other,-1,0,0,Composed: Copy with GPU GDI,12642.0833,NA,16.59660000000000,7.04510000000000,0.00000000000000,13.17990000000000,22.0082,12625.4867,16.5966,16.5966,0.0000,16.3331,13.4434,13.4434,0.0000,9.6458,12625.4867,NA
parkey.exe,39784,0x0,Other,-1,0,0,Composed: Copy with GPU GDI,12658.5187,NA,16.43540000000000,27.49180000000000,0.00000000000000,13.33750000000000,33.0646,12642.0833,16.4354,16.4354,0.0000,16.2233,13.5496,13.5496,0.0000,-10.8952,12642.0833,NA
parkey.exe,39784,0x0,Other,-1,0,0,Composed: Copy with GPU GDI,12675.3217,NA,16.80300000000000,14.09260000000000,0.00000000000000,13.25670000000000,30.3542,12658.5187,16.8030,16.8030,0.0000,16.5760,13.4837,13.4837,0.0000,2.3428,12658.5187,NA
parkey.exe,39784,0x0,Other,-1,0,0,Composed: Copy with GPU GDI,12691.9139,NA,16.59220000000000,7.02250000000000,0.00000000000000,12.86070000000000,20.7845,12675.3217,16.5922,16.5922,0.0000,16.3794,13.0735,13.0735,0.0000,9.7805,12675.3217,NA
parkey.exe,39784,0x0,Other,-1,0,0,Composed: Copy with GPU GDI,12708.6130,NA,16.69910000000000,27.69690000000000,0.00000000000000,13.31780000000000,31.7823,12691.9139,16.6991,16.6991,0.0000,16.4862,13.5307,13.5307,0.0000,-11.1047,12691.9139,NA
parkey.exe,39784,0x0,Other,-1,0,0,Composed: Copy with GPU GDI,12725.3138,NA,16.70080000000000,7.02630000000000,0.00000000000000,13.47680000000000,22.1078,12708.6130,16.7008,16.7008,0.0000,16.4643,13.7133,13.7133,0.0000,9.6728,12708.6130,NA
parkey.exe,39784,0x0,Other,-1,0,0,Composed: Copy with GPU GDI,12741.9844,NA,16.67060000000000,27.56220000000000,0.00000000000000,13.26280000000000,32.9994,12725.3138,16.6706,16.6706,0.0000,16.4049,13.5285,13.5285,0.0000,-10.8614,12725.3138,NA
parkey.exe,39784,0x0,Other,-1,0,0,Composed: Copy with GPU GDI,12758.5132,NA,16.52880000000000,14.03100000000000,0.00000000000000,13.02380000000000,30.5016,12741.9844,16.5288,16.5288,0.0000,16.3570,13.1956,13.1956,0.0000,2.6396,12741.9844,NA
parkey.exe,39784,0x0,Other,-1,0,0,Composed: Copy with GPU GDI,12775.3894,NA,16.87620000000000,7.05430000000000,0.00000000000000,12.72930000000000,20.6797,12758.5132,16.8762,16.8762,0.0000,16.5671,13.0384,13.0384,0.0000,9.4745,12758.5132,NA
parkey.exe,39784,0x0,Other,-1,0,0,Composed: Copy with GPU GDI,12792.2950,NA,16.90560000000000,20.73810000000000,0.00000000000000,12.57120000000000,24.5122,12775.3894,16.9056,16.9056,0.0000,16.3673,13.1095,13.1095,0.0000,-3.8619,12775.3894,NA
parkey.exe,39784,0x0,Other,-1,0,0,Composed: Copy with GPU GDI,12808.7260,NA,16.43100000000000,13.96370000000000,0.00000000000000,13.39030000000000,22.0449,12792.2950,16.4310,16.4310,0.0000,16.2023,13.6190,13.6190,0.0000,2.9419,12792.2950,NA
parkey.exe,39784,0x0,Other,-1,0,0,Composed: Copy with GPU GDI,12825.4972,NA,16.77120000000000,27.61290000000000,0.00000000000000,13.29340000000000,32.8866,12808.7260,16.7712,16.7712,0.0000,16.5031,13.5615,13.5615,0.0000,-11.1819,12808.7260,NA
parkey.exe,39784,0x0,Other,-1,0,0,Composed: Copy with GPU GDI,12841.9635,NA,16.46630000000000,13.98870000000000,0.00000000000000,13.34620000000000,30.4090,12825.4972,16.4663,16.4663,0.0000,16.2465,13.5660,13.5660,0.0000,2.7825,12825.4972,NA
parkey.exe,39784,0x0,Other,-1,0,0,Composed: Copy with GPU GDI,12858.5692,NA,16.60570000000000,7.03520000000000,0.00000000000000,12.87870000000000,20.8385,12841.9635,16.6057,16.6057,0.0000,16.3575,13.1269,13.1269,0.0000,9.4311,12841.9635,NA
parkey.exe,39784,0x0,Other,-1,0,0,Composed: Copy with GPU GDI,12875.2614,NA,16.69220000000000,20.74980000000000,0.00000000000000,12.78050000000000,24.8961,12858.5692,16.6922,16.6922,0.0000,16.4370,13.0357,13.0357,0.0000,-4.1441,12858.5692,NA
parkey.exe,39784,0x0,Other,-1,0,0,Composed: Copy with GPU GDI,12892.0151,NA,16.75370000000000,13.97690000000000,0.00000000000000,13.28490000000000,22.1193,12875.2614,16.7537,16.7537,0.0000,16.5197,13.5189,13.5189,0.0000,2.7153,12875.2614,NA
parkey.exe,39784,0x0,Other,-1,0,0,Composed: Copy with GPU GDI,12908.6613,NA,16.64620000000000,27.65660000000000,0.00000000000000,13.40690000000000,33.1297,12892.0151,16.6462,16.6462,0.0000,16.4152,13.6379,13.6379,0.0000,-10.9029,12892.0151,NA
parkey.exe,39784,0x0,Other,-1,0,0,Composed: Copy with GPU GDI,12925.1979,NA,16.53660000000000,13.92220000000000,0.00000000000000,12.83990000000000,30.5153,12908.6613,16.5366,16.5366,0.0000,16.3333,13.0432,13.0432,0.0000,2.7240,12908.6613,NA
parkey.exe,39784,0x0,Other,-1,0,0,Composed: Copy with GPU GDI,12941.9822,NA,16.78430000000000,19.43380000000000,0.00000000000000,12.90530000000000,33.1648,12925.1979,16.7843,16.7843,0.0000,16.5279,13.1617,13.1617,0.0000,-2.8972,12925.1979,NA
parkey.exe,39784,0x0,Other,-1,0,0,Composed: Copy with GPU GDI,12958.6033,NA,16.62110000000000,15.29160000000000,0.00000000000000,13.22710000000000,31.8353,12941.9822,16.6211,16.6211,0.0000,16.4058,13.4424,13.4424,0.0000,1.4927,12941.9822,NA
parkey.exe,39784,0x0,Other,-1,0,0,Composed: Copy with GPU GDI,12975.1492,NA,16.54590000000000,7.03860000000000,0.00000000000000,12.88300000000000,22.3280,12958.6033,16.5459,16.5459,0.0000,16.3624,13.0665,13.0665,0.0000,9.5825,12958.6033,NA
parkey.exe,39784,0x0,Other,-1,0,0,Composed: Copy with GPU GDI,12991.8354,NA,16.68620000000000,20.75740000000000,0.00000000000000,13.39310000000000,26.3992,12975.1492,16.6862,16.6862,0.0000,16.4950,13.5843,13.5843,0.0000,-4.2115,12975.1492,NA
parkey.exe,39784,0x0,Other,-1,0,0,Composed: Copy with GPU GDI,13008.4803,NA,16.64490000000000,13.94090000000000,0.00000000000000,12.91370000000000,23.6952,12991.8354,16.6449,16.6449,0.0000,16.4402,13.1184,13.1184,0.0000,2.7453,12991.8354,NA
parkey.exe,39784,0x0,Other,-1,0,0,Composed: Copy with GPU GDI,13025.2087,NA,16.72840000000000,13.90100000000000,0.00000000000000,13.25380000000000,20.8678,13008.4803,16.7284,16.7284,0.0000,16.5356,13.4466,13.4466,0.0000,2.7439,13008.4803,NA
parkey.exe,39784,0x0,Other,-1,0,0,Composed: Copy with GPU GDI,13041.7809,NA,16.57220000000000,29.15100000000000,0.00000000000000,13.68590000000000,33.4466,13025.2087,16.5722,16.5722,0.0000,16.4373,13.8208,13.8208,0.0000,-12.4226,13025.2087,NA
parkey.exe,39784,0x0,Other,-1,0,0,Composed: Copy with GPU GDI,13058.0293,NA,16.24840000000000,16.68460000000000,0.00000000000000,13.10830000000000,33.8828,13041.7809,16.2484,16.2484,0.0000,16.1270,13.2297,13.2297,0.0000,-0.1124,13041.7809,NA
parkey.exe,39784,0x0,Other,-1,0,0,Composed: Copy with GPU GDI,13075.0851,NA,17.05580000000000,16.68850000000000,0.00000000000000,13.22400000000000,33.5155,13058.0293,17.0558,17.0558,0.0000,16.8786,13.4012,13.4012,0.0000,-0.4401,13058.0293,NA
parkey.exe,39784,0x0,Other,-1,0,0,Composed: Copy with GPU GDI,13091.4547,NA,16.36960000000000,16.66940000000000,0.00000000000000,13.11980000000000,33.8153,13075.0851,16.3696,16.3696,0.0000,16.2320,13.2574,13.2574,0.0000,0.3864,13075.0851,NA
parkey.exe,39784,0x0,Other,-1,0,0,Composed: Copy with GPU GDI,13108.0866,NA,16.63190000000000,16.68100000000000,0.00000000000000,13.43080000000000,33.8644,13091.4547,16.6319,16.6319,0.0000,16.4905,13.5722,13.5722,0.0000,-0.3114,13091.4547,NA
parkey.exe,39784,0x0,Other,-1,0,0,Composed: Copy with GPU GDI,13124.9226,NA,16.83600000000000,8.24710000000000,0.00000000000000,12.94870000000000,25.2755,13108.0866,16.8360,16.8360,0.0000,16.6826,13.1021,13.1021,0.0000,8.3848,13108.0866,NA
parkey.exe,39784,0x0,Other,-1,0,0,Composed: Copy with GPU GDI,13141.7128,NA,16.79020000000000,25.11160000000000,0.00000000000000,13.32290000000000,33.5969,13124.9226,16.7902,16.7902,0.0000,16.6279,13.4852,13.4852,0.0000,-8.2756,13124.9226,NA
parkey.exe,39784,0x0,Other,-1,0,0,Composed: Copy with GPU GDI,13158.0290,NA,16.31620000000000,16.67900000000000,0.00000000000000,13.16390000000000,33.9597,13141.7128,16.3162,16.3162,0.0000,16.1903,13.2898,13.2898,0.0000,0.1112,13141.7128,NA
parkey.exe,39784,0x0,Other,-1,0,0,Composed: Copy with GPU GDI,13174.8500,NA,16.82100000000000,16.67870000000000,0.00000000000000,13.27900000000000,33.8174,13158.0290,16.8210,16.8210,0.0000,16.6828,13.4172,13.4172,0.0000,-0.3625,13158.0290,NA
parkey.exe,39784,0x0,Other,-1,0,0,Composed: Copy with GPU GDI,13191.6114,NA,16.76140000000000,4.12740000000000,0.00000000000000,13.41460000000000,21.1834,13174.8500,16.7614,16.7614,0.0000,16.6125,13.5635,13.5635,0.0000,12.6936,13174.8500,NA
parkey.exe,39784,0x0,Other,-1,0,0,Composed: Copy with GPU GDI,13208.5117,NA,16.90030000000000,20.75050000000000,0.00000000000000,12.95090000000000,25.0336,13191.6114,16.9003,16.9003,0.0000,16.7121,13.1391,13.1391,0.0000,-3.9891,13191.6114,NA
parkey.exe,39784,0x0,Other,-1,0,0,Composed: Copy with GPU GDI,13225.0892,NA,16.57750000000000,13.97950000000000,0.00000000000000,13.01040000000000,22.4356,13208.5117,16.5775,16.5775,0.0000,16.3982,13.1897,13.1897,0.0000,2.9208,13208.5117,NA
parkey.exe,39784,0x0,Other,-1,0,0,Composed: Copy with GPU GDI,13241.9744,NA,16.88520000000000,20.76930000000000,0.00000000000000,13.04370000000000,26.3197,13225.0892,16.8852,16.8852,0.0000,16.7009,13.2280,13.2280,0.0000,-4.1918,13225.0892,NA
parkey.exe,39784,0x0,Other,-1,0,0,Composed: Copy with GPU GDI,13258.8671,NA,16.89270000000000,13.92620000000000,0.00000000000000,13.17120000000000,23.3532,13241.9744,16.8927,16.8927,0.0000,16.6600,13.4039,13.4039,0.0000,2.9590,13241.9744,NA
parkey.exe,39784,0x0,Other,-1,0,0,Composed: Copy with GPU GDI,13275.4720,NA,16.60490000000000,13.90170000000000,0.00000000000000,13.29800000000000,20.6500,13258.8671,16.6049,16.6049,0.0000,16.3721,13.5308,13.5308,0.0000,2.9910,13258.8671,NA
parkey.exe,39784,0x0,Other,-1,0,0,Composed: Copy with GPU GDI,13291.9247,NA,16.45270000000000,20.77030000000000,0.00000000000000,13.06040000000000,24.9676,13275.4720,16.4527,16.4527,0.0000,16.2629,13.2502,13.2502,0.0000,-4.1654,13275.4720,NA
parkey.exe,39784,0x0,Other,-1,0,0,Composed: Copy with GPU GDI,13308.4510,NA,16.52630000000000,13.95860000000000,0.00000000000000,12.87580000000000,22.3999,13291.9247,16.5263,16.5263,0.0000,16.3425,13.0596,13.0596,0.0000,2.4941,13291.9247,NA
parkey.exe,39784,0x0,Other,-1,0,0,Composed: Copy with GPU GDI,13325.2378,NA,16.78680000000000,20.77820000000000,0.00000000000000,13.48950000000000,26.3913,13308.4510,16.7868,16.7868,0.0000,16.6009,13.6754,13.6754,0.0000,-4.2519,13308.4510,NA
parkey.exe,39784,0x0,Other,-1,0,0,Composed: Copy with GPU GDI,13341.8423,NA,16.60450000000000,13.95850000000000,0.00000000000000,12.97140000000000,23.7453,13325.2378,16.6045,16.6045,0.0000,16.4158,13.1601,13.1601,0.0000,2.8283,13325.2378,NA
parkey.exe,39784,0x0,Other,-1,0,0,Composed: Copy with GPU GDI,13358.6127,NA,16.77040000000000,13.89290000000000,0.00000000000000,13.45320000000000,20.8678,13341.8423,16.7704,16.7704,0.0000,16.5747,13.6489,13.6489,0.0000,2.7116,13341.8423,NA
parkey.exe,39784,0x0,Other,-1,0,0,Composed: Copy with GPU GDI,13375.2096,NA,16.59690000000000,20.76000000000000,0.00000000000000,13.26120000000000,25.0309,13358.6127,16.5969,16.5969,0.0000,16.4277,13.4304,13.4304,0.0000,-3.9896,13358.6127,NA
parkey.exe,39784,0x0,Other,-1,0,0,Composed: Copy with GPU GDI,13391.7648,NA,16.55520000000000,13.97140000000000,0.00000000000000,12.87220000000000,22.4471,13375.2096,16.5552,16.5552,0.0000,16.3833,13.0441,13.0441,0.0000,2.6255,13375.2096,NA
parkey.exe,39784,0x0,Other,-1,0,0,Composed: Copy with GPU GDI,13408.4939,NA,16.72910000000000,20.75510000000000,0.00000000000000,12.81330000000000,26.4731,13391.7648,16.7291,16.7291,0.0000,16.5484,12.9940,12.9940,0.0000,-4.1999,13391.7648,NA
parkey.exe,39784,0x0,Other,-1,0,0,Composed: Copy with GPU GDI,13425.1565,NA,16.66260000000000,13.94810000000000,0.00000000000000,12.80210000000000,23.7586,13408.4939,16.6626,16.6626,0.0000,16.4817,12.9830,12.9830,0.0000,2.7810,13408.4939,NA
parkey.exe,39784,0x0,Other,-1,0,0,Composed: Copy with GPU GDI,13441.7933,NA,16.63680000000000,13.92070000000000,0.00000000000000,13.60600000000000,21.0425,13425.1565,16.6368,16.6368,0.0000,16.4569,13.7859,13.7859,0.0000,2.7419,13425.1565,NA
parkey.exe,39784,0x0,Other,-1,0,0,Composed: Copy with GPU GDI,13458.5162,NA,16.72290000000000,20.75150000000000,0.00000000000000,12.91880000000000,25.0711,13441.7933,16.7229,16.7229,0.0000,16.5282,13.1135,13.1135,0.0000,-4.1147,13441.7933,NA
parkey.exe,39784,0x0,Other,-1,0,0,Composed: Copy with GPU GDI,13475.3132,NA,16.79700000000000,13.95270000000000,0.00000000000000,12.91560000000000,22.2268,13458.5162,16.7970,16.7970,0.0000,16.5534,13.1592,13.1592,0.0000,2.7702,13458.5162,NA
parkey.exe,39784,0x0,Other,-1,0,0,Composed: Copy with GPU GDI,13491.9118,NA,16.59860000000000,20.78170000000000,0.00000000000000,12.74440000000000,26.4099,13475.3132,16.5986,16.5986,0.0000,16.3986,12.9444,12.9444,0.0000,-3.9847,13475.3132,NA
parkey.exe,39784,0x0,Other,-1,0,0,Composed: Copy with GPU GDI,13508.4411,NA,16.52930000000000,13.94120000000000,0.00000000000000,12.95730000000000,23.8218,13491.9118,16.5293,16.5293,0.0000,16.3540,13.1326,13.1326,0.0000,2.6574,13491.9118,NA
parkey.exe,39784,0x0,Other,-1,0,0,Composed: Copy with GPU GDI,13525.1338,NA,16.69270000000000,13.89090000000000,0.00000000000000,13.70730000000000,21.0200,13508.4411,16.6927,16.6927,0.0000,16.5102,13.8898,13.8898,0.0000,2.6384,13508.4411,NA
parkey.exe,39784,0x0,Other,-1,0,0,Composed: Copy with GPU GDI,13541.7722,NA,16.63840000000000,20.78180000000000,0.00000000000000,12.98290000000000,25.1634,13525.1338,16.6384,16.6384,0.0000,16.4510,13.1703,13.1703,0.0000,-4.0891,13525.1338,NA
parkey.exe,39784,0x0,Other,-1,0,0,Composed: Copy with GPU GDI,13558.4173,NA,16.64510000000000,13.95620000000000,0.00000000000000,12.83220000000000,22.4745,13541.7722,16.6451,16.6451,0.0000,16.4641,13.0132,13.0132,0.0000,2.6822,13541.7722,NA
parkey.exe,39784,0x0,Other,-1,0,0,Composed: Copy with GPU GDI,13575.2047,NA,16.78740000000000,20.77400000000000,0.00000000000000,13.01200000000000,26.4611,13558.4173,16.7874,16.7874,0.0000,16.6010,13.1984,13.1984,0.0000,-4.1289,13558.4173,NA
parkey.exe,39784,0x0,Other,-1,0,0,Composed: Copy with GPU GDI,13591.7589,NA,16.55420000000000,13.94730000000000,0.00000000000000,13.00360000000000,23.8542,13575.2047,16.5542,16.5542,0.0000,16.3853,13.1725,13.1725,0.0000,2.8401,13575.2047,NA
parkey.exe,39784,0x0,Other,-1,0,0,Composed: Copy with GPU GDI,13608.4057,NA,16.64680000000000,13.90680000000000,0.00000000000000,13.35930000000000,21.1142,13591.7589,16.6468,16.6468,0.0000,16.4745,13.5316,13.5316,0.0000,2.6474,13591.7589,NA
parkey.exe,39784,0x0,Other,-1,0,0,Composed: Copy with GPU GDI,13625.1807,NA,16.77500000000000,20.76430000000000,0.00000000000000,12.71260000000000,25.1035,13608.4057,16.7750,16.7750,0.0000,16.5878,12.8998,12.8998,0.0000,-4.1175,13608.4057,NA
parkey.exe,39784,0x0,Other,-1,0,0,Composed: Copy with GPU GDI,13641.8282,NA,16.64750000000000,13.95850000000000,0.00000000000000,13.03640000000000,22.4145,13625.1807,16.6475,16.6475,0.0000,16.4568,13.2271,13.2271,0.0000,2.8165,13625.1807,NA
parkey.exe,39784,0x0,Other,-1,0,0,Composed: Copy with GPU GDI,13658.4596,NA,16.63140000000000,20.78240000000000,0.00000000000000,12.86130000000000,26.5655,13641.8282,16.6314,16.6314,0.0000,16.4440,13.0487,13.0487,0.0000,-4.1349,13641.8282,NA
parkey.exe,39784,0x0,Other,-1,0,0,Composed: Copy with GPU GDI,13675.1163,NA,16.65670000000000,13.93590000000000,0.00000000000000,13.29240000000000,23.8447,13658.4596,16.6567,16.6567,0.0000,16.4884,13.4607,13.4607,0.0000,2.6955,13658.4596,NA
parkey.exe,39784,0x0,Other,-1,0,0,Composed: Copy with GPU GDI,13692.0467,NA,16.93040000000000,13.92440000000000,0.00000000000000,13.43760000000000,20.8387,13675.1163,16.9304,16.9304,0.0000,16.7571,13.6109,13.6109,0.0000,2.7323,13675.1163,NA
parkey.exe,39784,0x0,Other,-1,0,0,Composed: Copy with GPU GDI,13708.5769,NA,16.53020000000000,20.74770000000000,0.00000000000000,13.05660000000000,25.0562,13692.0467,16.5302,16.5302,0.0000,16.3515,13.2353,13.2353,0.0000,-3.8173,13692.0467,NA
parkey.exe,39784,0x0,Other,-1,0,0,Composed: Copy with GPU GDI,13725.2333,NA,16.65640000000000,13.95550000000000,0.00000000000000,12.94450000000000,22.3553,13708.5769,16.6564,16.6564,0.0000,16.4691,13.1318,13.1318,0.0000,2.5747,13708.5769,NA
parkey.exe,39784,0x0,Other,-1,0,0,Composed: Copy with GPU GDI,13741.8404,NA,16.60710000000000,20.77700000000000,0.00000000000000,13.17430000000000,26.5252,13725.2333,16.6071,16.6071,0.0000,16.4354,13.3460,13.3460,0.0000,-4.1206,13725.2333,NA
parkey.exe,39784,0x0,Other,-1,0,0,Composed: Copy with GPU GDI,13758.4194,NA,16.57900000000000,13.94080000000000,0.00000000000000,12.92190000000000,23.8870,13741.8404,16.5790,16.5790,0.0000,16.4000,13.1009,13.1009,0.0000,2.6663,13741.8404,NA
parkey.exe,39784,0x0,Other,-1,0,0,Composed: Copy with GPU GDI,13775.1626,NA,16.74320000000000,13.89840000000000,0.00000000000000,13.50130000000000,21.0422,13758.4194,16.7432,16.7432,0.0000,16.5378,13.7067,13.7067,0.0000,2.6806,13758.4194,NA
parkey.exe,39784,0x0,Other,-1,0,0,Composed: Copy with GPU GDI,13791.8039,NA,16.64130000000000,20.79280000000000,0.00000000000000,13.03140000000000,25.1937,13775.1626,16.6413,16.6413,0.0000,16.4560,13.2167,13.2167,0.0000,-4.0496,13775.1626,NA
parkey.exe,39784,0x0,Other,-1,0,0,Composed: Copy with GPU GDI,13808.5089,NA,16.70500000000000,13.93440000000000,0.00000000000000,12.94060000000000,22.4231,13791.8039,16.7050,16.7050,0.0000,16.5319,13.1137,13.1137,0.0000,2.7069,13791.8039,NA
parkey.exe,39784,0x0,Other,-1,0,0,Composed: Copy with GPU GDI,13825.1678,NA,16.65890000000000,20.78120000000000,0.00000000000000,12.85020000000000,26.5454,13808.5089,16.6589,16.6589,0.0000,16.4644,13.0447,13.0447,0.0000,-4.0762,13808.5089,NA
parkey.exe,39784,0x0,Other,-1,0,0,Composed: Copy with GPU GDI,13841.7925,NA,16.62470000000000,13.94530000000000,0.00000000000000,12.92840000000000,23.8660,13825.1678,16.6247,16.6247,0.0000,16.4443,13.1088,13.1088,0.0000,2.7136,13825.1678,NA
parkey.exe,39784,0x0,Other,-1,0,0,Composed: Copy with GPU GDI,13858.4744,NA,16.68190000000000,13.90070000000000,0.00000000000000,13.74490000000000,21.0848,13841.7925,16.6819,16.6819,0.0000,16.5030,13.9238,13.9238,0.0000,2.7240,13841.7925,NA
parkey.exe,39784,0x0,Other,-1,0,0,Composed: Copy with GPU GDI,13875.1534,NA,16.67900000000000,20.76950000000000,0.00000000000000,13.05960000000000,25.1753,13858.4744,16.6790,16.6790,0.0000,16.4890,13.2496,13.2496,0.0000,-4.0876,13858.4744,NA
parkey.exe,39784,0x0,Other,-1,0,0,Composed: Copy with GPU GDI,13891.7453,NA,16.59190000000000,13.96550000000000,0.00000000000000,13.01760000000000,22.5489,13875.1534,16.5919,16.5919,0.0000,16.4172,13.1923,13.1923,0.0000,2.7135,13875.1534,NA
parkey.exe,39784,0x0,Other,-1,0,0,Composed: Copy with GPU GDI,13908.3356,NA,16.59030000000000,20.76420000000000,0.00000000000000,13.02190000000000,26.7228,13891.7453,16.5903,16.5903,0.0000,16.4133,13.1989,13.1989,0.0000,-4.1723,13891.7453,NA
parkey.exe,39784,0x0,Other,-1,0,0,Composed: Copy with GPU GDI,13925.3159,NA,16.98030000000000,13.94740000000000,0.00000000000000,12.73260000000000,23.6899,13908.3356,16.9803,16.9803,0.0000,16.6051,13.1078,13.1078,0.0000,2.6429,13908.3356,NA
parkey.exe,39784,0x0,Other,-1,0,0,Composed: Copy with GPU GDI,13941.9359,NA,16.62000000000000,13.89240000000000,0.00000000000000,13.70890000000000,20.9623,13925.3159,16.6200,16.6200,0.0000,16.4315,13.8974,13.8974,0.0000,3.0879,13925.3159,NA
parkey.exe,39784,0x0,Other,-1,0,0,Composed: Copy with GPU GDI,13958.4503,NA,16.51440000000000,20.84750000000000,0.00000000000000,13.19240000000000,25.2954,13941.9359,16.5144,16.5144,0.0000,16.3298,13.3770,13.3770,0.0000,-4.2275,13941.9359,NA
parkey.exe,39784,0x0,Other,-1,0,0,Composed: Copy with GPU GDI,13975.0614,NA,16.61110000000000,13.88420000000000,0.00000000000000,13.06080000000000,22.5685,13958.4503,16.6111,16.6111,0.0000,16.4323,13.2396,13.2396,0.0000,2.6302,13958.4503,NA
parkey.exe,39784,0x0,Other,-1,0,0,Composed: Copy with GPU GDI,13991.8882,NA,16.82680000000000,20.77480000000000,0.00000000000000,12.89960000000000,26.5165,13975.0614,16.8268,16.8268,0.0000,16.6321,13.0943,13.0943,0.0000,-4.1637,13975.0614,NA
parkey.exe,39784,0x0,Other,-1,0,0,Composed: Copy with GPU GDI,14008.3859,NA,16.49770000000000,13.94790000000000,0.00000000000000,12.85870000000000,23.9667,13991.8882,16.4977,16.4977,0.0000,16.3044,13.0520,13.0520,0.0000,2.8789,13991.8882,NA
parkey.exe,39784,0x0,Other,-1,0,0,Composed: Copy with GPU GDI,14025.1256,NA,16.73970000000000,27.01390000000000,0.00000000000000,13.47240000000000,34.2409,14008.3859,16.7397,16.7397,0.0000,16.5634,13.6487,13.6487,0.0000,-10.5162,14008.3859,NA
parkey.exe,39784,0x0,Other,-1,0,0,Composed: Copy with GPU GDI,14041.7950,NA,16.66940000000000,14.61200000000000,0.00000000000000,13.11130000000000,32.1835,14025.1256,16.6694,16.6694,0.0000,16.4810,13.2997,13.2997,0.0000,2.1277,14025.1256,NA
parkey.exe,39784,0x0,Other,-1,0,0,Composed: Copy with GPU GDI,14058.6295,NA,16.83450000000000,7.01240000000000,0.00000000000000,12.43930000000000,22.3614,14041.7950,16.8345,16.8345,0.0000,16.6302,12.6436,12.6436,0.0000,9.6570,14041.7950,NA
parkey.exe,39784,0x0,Other,-1,0,0,Composed: Copy with GPU GDI,14075.2651,NA,16.63560000000000,20.75630000000000,0.00000000000000,12.90850000000000,26.4821,14058.6295,16.6356,16.6356,0.0000,16.4361,13.1080,13.1080,0.0000,-3.9218,14058.6295,NA
parkey.exe,39784,0x0,Other,-1,0,0,Composed: Copy with GPU GDI,14091.8380,NA,16.57290000000000,13.93800000000000,0.00000000000000,12.99520000000000,23.8472,14075.2651,16.5729,16.5729,0.0000,16.3881,13.1800,13.1800,0.0000,2.6976,14075.2651,NA
parkey.exe,39784,0x0,Other,-1,0,0,Composed: Copy with GPU GDI,14108.4041,NA,16.56610000000000,13.90860000000000,0.00000000000000,13.47090000000000,21.1897,14091.8380,16.5661,16.5661,0.0000,16.3875,13.6495,13.6495,0.0000,2.6643,14091.8380,NA
parkey.exe,39784,0x0,Other,-1,0,0,Composed: Copy with GPU GDI,14125.0332,NA,16.62910000000000,20.78740000000000,0.00000000000000,13.02570000000000,25.3480,14108.4041,16.6291,16.6291,0.0000,16.4425,13.2123,13.2123,0.0000,-4.2213,14108.4041,NA
parkey.exe,39784,0x0,Other,-1,0,0,Composed: Copy with GPU GDI,14141.8440,NA,16.81080000000000,13.94910000000000,0.00000000000000,12.94550000000000,22.4863,14125.0332,16.8108,16.8108,0.0000,16.6303,13.1260,13.1260,0.0000,2.6800,14125.0332,NA
parkey.exe,39784,0x0,Other,-1,0,0,Composed: Copy with GPU GDI,14158.5858,NA,16.74180000000000,20.78350000000000,0.00000000000000,12.89400000000000,26.5280,14141.8440,16.7418,16.7418,0.0000,16.5430,13.0928,13.0928,0.0000,-3.9727,14141.8440,NA
parkey.exe,39784,0x0,Other,-1,0,0,Composed: Copy with GPU GDI,14175.2207,NA,16.63490000000000,13.93790000000000,0.00000000000000,13.00940000000000,23.8310,14158.5858,16.6349,16.6349,0.0000,16.4478,13.1965,13.1965,0.0000,2.8039,14158.5858,NA
parkey.exe,39784,0x0,Other,-1,0,0,Composed: Copy with GPU GDI,14191.8361,NA,16.61540000000000,27.11350000000000,0.00000000000000,13.38230000000000,34.3291,14175.2207,16.6154,16.6154,0.0000,16.4128,13.5849,13.5849,0.0000,-10.4786,14175.2207,NA
parkey.exe,39784,0x0,Other,-1,0,0,Composed: Copy with GPU GDI,14208.4526,NA,16.61650000000000,14.49930000000000,0.00000000000000,12.89990000000000,32.2119,14191.8361,16.6165,16.6165,0.0000,16.4215,13.0949,13.0949,0.0000,2.1161,14191.8361,NA
parkey.exe,39784,0x0,Other,-1,0,0,Composed: Copy with GPU GDI,14225.0968,NA,16.64420000000000,6.99730000000000,0.00000000000000,12.83530000000000,22.5650,14208.4526,16.6442,16.6442,0.0000,16.4597,13.0198,13.0198,0.0000,9.6192,14208.4526,NA
parkey.exe,39784,0x0,Other,-1,0,0,Composed: Copy with GPU GDI,14241.6203,NA,16.52350000000000,28.53560000000000,0.00000000000000,13.65170000000000,34.5771,14225.0968,16.5235,16.5235,0.0000,16.3587,13.8165,13.8165,0.0000,-11.8914,14225.0968,NA
parkey.exe,39784,0x0,Other,-1,0,0,Composed: Copy with GPU GDI,14258.0554,NA,16.43510000000000,16.68460000000000,0.00000000000000,12.89070000000000,34.8266,14241.6203,16.4351,16.4351,0.0000,16.2911,13.0347,13.0347,0.0000,-0.1611,14241.6203,NA
parkey.exe,39784,0x0,Other,-1,0,0,Composed: Copy with GPU GDI,14274.6969,NA,16.64150000000000,16.68010000000000,0.00000000000000,13.10620000000000,34.8652,14258.0554,16.6415,16.6415,0.0000,16.5108,13.2369,13.2369,0.0000,-0.2450,14258.0554,NA
parkey.exe,39784,0x0,Other,-1,0,0,Composed: Copy with GPU GDI,14291.5551,NA,16.85820000000000,16.67970000000000,0.00000000000000,12.69240000000000,34.6867,14274.6969,16.8582,16.8582,0.0000,16.7238,12.8268,12.8268,0.0000,-0.0382,14274.6969,NA
parkey.exe,39784,0x0,Other,-1,0,0,Composed: Copy with GPU GDI,14308.3078,NA,16.75270000000000,16.68290000000000,0.00000000000000,12.61300000000000,34.6169,14291.5551,16.7527,16.7527,0.0000,16.5969,12.7688,12.7688,0.0000,0.1753,14291.5551,NA
parkey.exe,39784,0x0,Other,-1,0,0,Composed: Copy with GPU GDI,14324.9409,NA,16.63310000000000,8.87170000000000,0.00000000000000,12.84210000000000,26.8555,14308.3078,16.6331,16.6331,0.0000,16.4891,12.9861,12.9861,0.0000,7.8810,14308.3078,NA
parkey.exe,39784,0x0,Other,-1,0,0,Composed: Copy with GPU GDI,14341.6170,NA,16.67610000000000,24.48940000000000,0.00000000000000,12.51730000000000,34.6688,14324.9409,16.6761,16.6761,0.0000,16.5179,12.6755,12.6755,0.0000,-7.8563,14324.9409,NA
parkey.exe,39784,0x0,Other,-1,0,0,Composed: Copy with GPU GDI,14358.2259,NA,16.60890000000000,16.67570000000000,0.00000000000000,12.55470000000000,34.7356,14341.6170,16.6089,16.6089,0.0000,16.4760,12.6876,12.6876,0.0000,0.0004,14341.6170,NA
parkey.exe,39784,0x0,Other,-1,0,0,Composed: Copy with GPU GDI,14374.7201,NA,16.49420000000000,16.68160000000000,0.00000000000000,12.51200000000000,34.9230,14358.2259,16.4942,16.4942,0.0000,16.3521,12.6541,12.6541,0.0000,-0.0727,14358.2259,NA
parkey.exe,39784,0x0,Other,-1,0,0,Composed: Copy with GPU GDI,14391.4061,NA,16.68600000000000,4.73440000000000,0.00000000000000,12.51100000000000,22.9714,14374.7201,16.6860,16.6860,0.0000,16.4737,12.7233,12.7233,0.0000,11.7598,14374.7201,NA
parkey.exe,39784,0x0,Other,-1,0,0,Composed: Copy with GPU GDI,14408.6284,NA,17.22230000000000,20.77330000000000,0.00000000000000,12.80370000000000,26.5224,14391.4061,17.2223,17.2223,0.0000,17.0471,12.9789,12.9789,0.0000,-4.0873,14391.4061,NA
parkey.exe,39784,0x0,Other,-1,0,0,Composed: Copy with GPU GDI,14425.1457,NA,16.51730000000000,13.93530000000000,0.00000000000000,12.49590000000000,23.9404,14408.6284,16.5173,16.5173,0.0000,16.3349,12.6783,12.6783,0.0000,3.2870,14408.6284,NA
parkey.exe,39784,0x0,Other,-1,0,0,Composed: Copy with GPU GDI,14441.7690,NA,16.62330000000000,13.90620000000000,0.00000000000000,13.55480000000000,21.2233,14425.1457,16.6233,16.6233,0.0000,16.4446,13.7335,13.7335,0.0000,2.6111,14425.1457,NA
parkey.exe,39784,0x0,Other,-1,0,0,Composed: Copy with GPU GDI,14458.4047,NA,16.63570000000000,20.78710000000000,0.00000000000000,12.55770000000000,25.3747,14441.7690,16.6357,16.6357,0.0000,16.4600,12.7334,12.7334,0.0000,-4.1638,14441.7690,NA
parkey.exe,39784,0x0,Other,-1,0,0,Composed: Copy with GPU GDI,14475.0812,NA,16.67650000000000,13.95980000000000,0.00000000000000,12.97770000000000,22.6580,14458.4047,16.6765,16.6765,0.0000,16.4992,13.1550,13.1550,0.0000,2.6759,14458.4047,NA
parkey.exe,39784,0x0,Other,-1,0,0,Composed: Copy with GPU GDI,14491.9178,NA,16.83660000000000,20.76170000000000,0.00000000000000,13.06440000000000,26.5831,14475.0812,16.8366,16.8366,0.0000,16.6377,13.2633,13.2633,0.0000,-4.0852,14475.0812,NA
parkey.exe,39784,0x0,Other,-1,0,0,Composed: Copy with GPU GDI,14508.6424,NA,16.72460000000000,13.97810000000000,0.00000000000000,12.44310000000000,23.8366,14491.9178,16.7246,16.7246,0.0000,16.5061,12.6616,12.6616,0.0000,2.8585,14491.9178,NA
parkey.exe,39784,0x0,Other,-1,0,0,Composed: Copy with GPU GDI,14525.3345,NA,16.69210000000000,13.88960000000000,0.00000000000000,13.25200000000000,21.0341,14508.6424,16.6921,16.6921,0.0000,16.4401,13.5040,13.5040,0.0000,2.8350,14508.6424,NA
parkey.exe,39784,0x0,Other,-1,0,0,Composed: Copy with GPU GDI,14541.9765,NA,16.64200000000000,20.75030000000000,0.00000000000000,12.37160000000000,25.1424,14525.3345,16.6420,16.6420,0.0000,16.4351,12.5785,12.5785,0.0000,-4.0582,14525.3345,NA
parkey.exe,39784,0x0,Other,-1,0,0,Composed: Copy with GPU GDI,14558.6774,NA,16.70090000000000,13.95170000000000,0.00000000000000,12.59120000000000,22.3932,14541.9765,16.7009,16.7009,0.0000,16.4877,12.8044,12.8044,0.0000,2.6903,14541.9765,NA
parkey.exe,39784,0x0,Other,-1,0,0,Composed: Copy with GPU GDI,14575.2465,NA,16.56910000000000,20.77470000000000,0.00000000000000,13.52410000000000,26.5988,14558.6774,16.5691,16.5691,0.0000,16.3796,13.7136,13.7136,0.0000,-4.0738,14558.6774,NA
parkey.exe,39784,0x0,Other,-1,0,0,Composed: Copy with GPU GDI,14592.0050,NA,16.75850000000000,13.94870000000000,0.00000000000000,12.24820000000000,23.7890,14575.2465,16.7585,16.7585,0.0000,16.5473,12.4594,12.4594,0.0000,2.6204,14575.2465,NA
parkey.exe,39784,0x0,Other,-1,0,0,Composed: Copy with GPU GDI,14608.5774,NA,16.57240000000000,13.90390000000000,0.00000000000000,13.26970000000000,21.1205,14592.0050,16.5724,16.5724,0.0000,16.3773,13.4648,13.4648,0.0000,2.8546,14592.0050,NA
parkey.exe,39784,0x0,Other,-1,0,0,Composed: Copy with GPU GDI,14625.0307,NA,16.45330000000000,20.76370000000000,0.00000000000000,12.46810000000000,25.4309,14608.5774,16.4533,16.4533,0.0000,16.2866,12.6348,12.6348,0.0000,-4.1913,14608.5774,NA
parkey.exe,39784,0x0,Other,-1,0,0,Composed: Copy with GPU GDI,14641.7699,NA,16.73920000000000,13.95990000000000,0.00000000000000,12.47090000000000,22.6516,14625.0307,16.7392,16.7392,0.0000,16.5594,12.6507,12.6507,0.0000,2.4934,14625.0307,NA
parkey.exe,39784,0x0,Other,-1,0,0,Composed: Copy with GPU GDI,14658.4764,NA,16.70650000000000,20.76590000000000,0.00000000000000,13.25590000000000,26.7110,14641.7699,16.7065,16.7065,0.0000,16.5192,13.4432,13.4432,0.0000,-4.0267,14641.7699,NA
parkey.exe,39784,0x0,Other,-1,0,0,Composed: Copy with GPU GDI,14675.4073,NA,16.93090000000000,13.95410000000000,0.00000000000000,12.34880000000000,23.7342,14658.4764,16.9309,16.9309,0.0000,16.6112,12.6685,12.6685,0.0000,2.7524,14658.4764,NA
parkey.exe,39784,0x0,Other,-1,0,0,Composed: Copy with GPU GDI,14691.7954,NA,16.38810000000000,13.88750000000000,0.00000000000000,13.43530000000000,21.2336,14675.4073,16.3881,16.3881,0.0000,16.2169,13.6065,13.6065,0.0000,3.0434,14675.4073,NA
parkey.exe,39784,0x0,Other,-1,0,0,Composed: Copy with GPU GDI,14708.4710,NA,16.67560000000000,20.82990000000000,0.00000000000000,12.28610000000000,25.3879,14691.7954,16.6756,16.6756,0.0000,16.4896,12.4721,12.4721,0.0000,-4.4418,14691.7954,NA
parkey.exe,39784,0x0,Other,-1,0,0,Composed: Copy with GPU GDI,14725.1541,NA,16.68310000000000,13.90320000000000,0.00000000000000,13.11300000000000,22.6080,14708.4710,16.6831,16.6831,0.0000,16.4967,13.2994,13.2994,0.0000,2.7724,14708.4710,NA
parkey.exe,39784,0x0,Other,-1,0,0,Composed: Copy with GPU GDI,14741.8192,NA,16.66510000000000,20.77420000000000,0.00000000000000,13.63080000000000,26.7171,14725.1541,16.6651,16.6651,0.0000,16.4750,13.8209,13.8209,0.0000,-4.0911,14725.1541,NA
parkey.exe,39784,0x0,Other,-1,0,0,Composed: Copy with GPU GDI,14758.3930,NA,16.57380000000000,13.94860000000000,0.00000000000000,12.39300000000000,24.0919,14741.8192,16.5738,16.5738,0.0000,16.3909,12.5759,12.5759,0.0000,2.7165,14741.8192,NA
parkey.exe,39784,0x0,Other,-1,0,0,Composed: Copy with GPU GDI,14775.1161,NA,16.72310000000000,13.89190000000000,0.00000000000000,13.33680000000000,21.2607,14758.3930,16.7231,16.7231,0.0000,16.5209,13.5390,13.5390,0.0000,2.6819,14758.3930,NA
parkey.exe,39784,0x0,Other,-1,0,0,Composed: Copy with GPU GDI,14791.8218,NA,16.70570000000000,20.81760000000000,0.00000000000000,12.53060000000000,25.3726,14775.1161,16.7057,16.7057,0.0000,16.5102,12.7261,12.7261,0.0000,-4.0945,14775.1161,NA
parkey.exe,39784,0x0,Other,-1,0,0,Composed: Copy with GPU GDI,14808.3033,NA,16.48150000000000,13.92940000000000,0.00000000000000,12.63380000000000,22.8205,14791.8218,16.4815,16.4815,0.0000,16.3124,12.8029,12.8029,0.0000,2.7763,14791.8218,NA
parkey.exe,39784,0x0,Other,-1,0,0,Composed: Copy with GPU GDI,14825.2914,NA,16.98810000000000,20.76150000000000,0.00000000000000,12.95970000000000,26.5939,14808.3033,16.9881,16.9881,0.0000,16.7717,13.1761,13.1761,0.0000,-4.2800,14808.3033,NA
parkey.exe,39784,0x0,Other,-1,0,0,Composed: Copy with GPU GDI,14841.9057,NA,16.61430000000000,13.94420000000000,0.00000000000000,12.49290000000000,23.9238,14825.2914,16.6143,16.6143,0.0000,16.4255,12.6817,12.6817,0.0000,3.0439,14825.2914,NA
parkey.exe,39784,0x0,Other,-1,0,0,Composed: Copy with GPU GDI,14858.5347,NA,16.62900000000000,13.90760000000000,0.00000000000000,13.21850000000000,21.2024,14841.9057,16.6290,16.6290,0.0000,16.4376,13.4099,13.4099,0.0000,2.7067,14841.9057,NA
parkey.exe,39784,0x0,Other,-1,0,0,Composed: Copy with GPU GDI,14875.1299,NA,16.59520000000000,20.82290000000000,0.00000000000000,12.51730000000000,25.4301,14858.5347,16.5952,16.5952,0.0000,16.4138,12.6987,12.6987,0.0000,-4.1939,14858.5347,NA
parkey.exe,39784,0x0,Other,-1,0,0,Composed: Copy with GPU GDI,14891.8720,NA,16.74210000000000,13.90220000000000,0.00000000000000,13.10900000000000,22.5902,14875.1299,16.7421,16.7421,0.0000,16.5589,13.2922,13.2922,0.0000,2.6930,14875.1299,NA
parkey.exe,39784,0x0,Other,-1,0,0,Composed: Copy with GPU GDI,14908.4816,NA,16.60960000000000,20.77210000000000,0.00000000000000,12.99180000000000,26.7527,14891.8720,16.6096,16.6096,0.0000,16.4276,13.1738,13.1738,0.0000,-4.0300,14891.8720,NA
parkey.exe,39784,0x0,Other,-1,0,0,Composed: Copy with GPU GDI,14925.0495,NA,16.56790000000000,13.94760000000000,0.00000000000000,12.48920000000000,24.1324,14908.4816,16.5679,16.5679,0.0000,16.3946,12.6625,12.6625,0.0000,2.6620,14908.4816,NA
parkey.exe,39784,0x0,Other,-1,0,0,Composed: Copy with GPU GDI,14941.9478,NA,16.89830000000000,13.90370000000000,0.00000000000000,13.41200000000000,21.1378,14925.0495,16.8983,16.8983,0.0000,16.6934,13.6169,13.6169,0.0000,2.6642,14925.0495,NA
parkey.exe,39784,0x0,Other,-1,0,0,Composed: Copy with GPU GDI,14958.5128,NA,16.56500000000000,20.82680000000000,0.00000000000000,12.51990000000000,25.3996,14941.9478,16.5650,16.5650,0.0000,16.3760,12.7089,12.7089,0.0000,-3.9285,14941.9478,NA
parkey.exe,39784,0x0,Other,-1,0,0,Composed: Copy with GPU GDI,14975.1416,NA,16.62880000000000,13.89990000000000,0.00000000000000,13.12570000000000,22.6707,14958.5128,16.6288,16.6288,0.0000,16.4374,13.3171,13.3171,0.0000,2.6651,14958.5128,NA
parkey.exe,39784,0x0,Other,-1,0,0,Composed: Copy with GPU GDI,14991.7740,NA,16.63240000000000,20.76540000000000,0.00000000000000,13.49240000000000,26.8037,14975.1416,16.6324,16.6324,0.0000,16.4509,13.6739,13.6739,0.0000,-4.1366,14975.1416,NA
parkey.exe,39784,0x0,Other,-1,0,0,Composed: Copy with GPU GDI,15008.3803,NA,16.60630000000000,13.95450000000000,0.00000000000000,12.80880000000000,24.1519,14991.7740,16.6063,16.6063,0.0000,16.4302,12.9849,12.9849,0.0000,2.6779,14991.7740,NA
parkey.exe,39784,0x0,Other,-1,0,0,Composed: Copy with GPU GDI,15025.0780,NA,16.69770000000000,13.88080000000000,0.00000000000000,13.15280000000000,21.3350,15008.3803,16.6977,16.6977,0.0000,16.4974,13.3531,13.3531,0.0000,2.7255,15008.3803,NA
parkey.exe,39784,0x0,Other,-1,0,0,Composed: Copy with GPU GDI,15041.8122,NA,16.73420000000000,20.78840000000000,0.00000000000000,12.45920000000000,25.3892,15025.0780,16.7342,16.7342,0.0000,16.5528,12.6406,12.6406,0.0000,-4.0907,15025.0780,NA
parkey.exe,39784,0x0,Other,-1,0,0,Composed: Copy with GPU GDI,15058.3289,NA,16.51670000000000,13.95150000000000,0.00000000000000,12.58250000000000,22.8240,15041.8122,16.5167,16.5167,0.0000,16.3430,12.7562,12.7562,0.0000,2.7827,15041.8122,NA
parkey.exe,39784,0x0,Other,-1,0,0,Composed: Copy with GPU GDI,15075.1183,NA,16.78940000000000,20.77560000000000,0.00000000000000,12.94800000000000,26.8102,15058.3289,16.7894,16.7894,0.0000,16.6112,13.1262,13.1262,0.0000,-4.2589,15058.3289,NA
parkey.exe,39784,0x0,Other,-1,0,0,Composed: Copy with GPU GDI,15091.8716,NA,16.75330000000000,13.95680000000000,0.00000000000000,12.57520000000000,24.0137,15075.1183,16.7533,16.7533,0.0000,16.5571,12.7714,12.7714,0.0000,2.8326,15075.1183,NA
parkey.exe,39784,0x0,Other,-1,0,0,Composed: Copy with GPU GDI,15108.3768,NA,16.50520000000000,13.88700000000000,0.00000000000000,13.10340000000000,21.3955,15091.8716,16.5052,16.5052,0.0000,16.3246,13.2840,13.2840,0.0000,2.8663,15091.8716,NA
parkey.exe,39784,0x0,Other,-1,0,0,Composed: Copy with GPU GDI,15125.1733,NA,16.79650000000000,20.78420000000000,0.00000000000000,12.30400000000000,25.3832,15108.3768,16.7965,16.7965,0.0000,16.6136,12.4869,12.4869,0.0000,-4.2790,15108.3768,NA
parkey.exe,39784,0x0,Other,-1,0,0,Composed: Copy with GPU GDI,15141.7574,NA,16.58410000000000,13.94880000000000,0.00000000000000,12.57340000000000,22.7479,15125.1733,16.5841,16.5841,0.0000,16.4018,12.7557,12.7557,0.0000,2.8477,15125.1733,NA
parkey.exe,39784,0x0,Other,-1,0,0,Composed: Copy with GPU GDI,15158.8345,NA,17.07710000000000,20.77600000000000,0.00000000000000,12.75420000000000,26.4468,15141.7574,17.0771,17.0771,0.0000,16.8301,13.0012,13.0012,0.0000,-4.1919,15141.7574,NA
parkey.exe,39784,0x0,Other,-1,0,0,Composed: Copy with GPU GDI,15175.3116,NA,16.47710000000000,13.94630000000000,0.00000000000000,12.56600000000000,23.9160,15158.8345,16.4771,16.4771,0.0000,16.2867,12.7564,12.7564,0.0000,3.1308,15158.8345,NA
parkey.exe,39784,0x0,Other,-1,0,0,Composed: Copy with GPU GDI,15191.8325,NA,16.52090000000000,13.89210000000000,0.00000000000000,13.17780000000000,21.2872,15175.3116,16.5209,16.5209,0.0000,16.3338,13.3649,13.3649,0.0000,2.5850,15175.3116,NA
parkey.exe,39784,0x0,Other,-1,0,0,Composed: Copy with GPU GDI,15208.6086,NA,16.77610000000000,20.77650000000000,0.00000000000000,12.36820000000000,25.2876,15191.8325,16.7761,16.7761,0.0000,16.5868,12.5575,12.5575,0.0000,-4.2556,15191.8325,NA
parkey.exe,39784,0x0,Other,-1,0,0,Composed: Copy with GPU GDI,15225.1020,NA,16.49340000000000,13.96570000000000,0.00000000000000,12.53750000000000,22.7599,15208.6086,16.4934,16.4934,0.0000,16.2777,12.7532,12.7532,0.0000,2.8104,15208.6086,NA
parkey.exe,39784,0x0,Other,-1,0,0,Composed: Copy with GPU GDI,15241.8049,NA,16.70290000000000,20.75870000000000,0.00000000000000,13.08110000000000,26.8157,15225.1020,16.7029,16.7029,0.0000,16.5163,13.2677,13.2677,0.0000,-4.2653,15225.1020,NA
parkey.exe,39784,0x0,Other,-1,0,0,Composed: Copy with GPU GDI,15258.5157,NA,16.71080000000000,13.95460000000000,0.00000000000000,12.39090000000000,24.0595,15241.8049,16.7108,16.7108,0.0000,16.5112,12.5905,12.5905,0.0000,2.7483,15241.8049,NA
parkey.exe,39784,0x0,Other,-1,0,0,Composed: Copy with GPU GDI,15275.0964,NA,16.58070000000000,13.90550000000000,0.00000000000000,13.17180000000000,21.3843,15258.5157,16.5807,16.5807,0.0000,16.3980,13.3545,13.3545,0.0000,2.8053,15258.5157,NA
parkey.exe,39784,0x0,Other,-1,0,0,Composed: Copy with GPU GDI,15292.0283,NA,16.93190000000000,20.83350000000000,0.00000000000000,12.39420000000000,25.2859,15275.0964,16.9319,16.9319,0.0000,16.6725,12.6536,12.6536,0.0000,-4.2528,15275.0964,NA
parkey.exe,39784,0x0,Other,-1,0,0,Composed: Copy with GPU GDI,15308.8896,NA,16.86130000000000,13.94100000000000,0.00000000000000,12.98140000000000,22.3656,15292.0283,16.8613,16.8613,0.0000,16.6172,13.2255,13.2255,0.0000,2.9909,15292.0283,NA
parkey.exe,39784,0x0,Other,-1,0,0,Composed: Copy with GPU GDI,15325.0869,NA,16.19730000000000,20.71820000000000,0.00000000000000,13.01310000000000,26.8865,15308.8896,16.1973,16.1973,0.0000,16.0154,13.1950,13.1950,0.0000,-3.8569,15308.8896,NA
parkey.exe,39784,0x0,Other,-1,0,0,Composed: Copy with GPU GDI,15341.7656,NA,16.67870000000000,13.89400000000000,0.00000000000000,11.97750000000000,24.1018,15325.0869,16.6787,16.6787,0.0000,16.4930,12.1632,12.1632,0.0000,2.3033,15325.0869,NA
parkey.exe,39784,0x0,Other,-1,0,0,Composed: Copy with GPU GDI,15358.4646,NA,16.69900000000000,13.94910000000000,0.00000000000000,13.07800000000000,21.3519,15341.7656,16.6990,16.6990,0.0000,16.5203,13.2567,13.2567,0.0000,2.7296,15341.7656,NA
parkey.exe,39784,0x0,Other,-1,0,0,Composed: Copy with GPU GDI,15375.1766,NA,16.71200000000000,20.78290000000000,0.00000000000000,12.51100000000000,25.4228,15358.4646,16.7120,16.7120,0.0000,16.5292,12.6938,12.6938,0.0000,-4.0839,15358.4646,NA
parkey.exe,39784,0x0,Other,-1,0,0,Composed: Copy with GPU GDI,15391.6754,NA,16.49880000000000,13.96860000000000,0.00000000000000,12.78460000000000,22.8926,15375.1766,16.4988,16.4988,0.0000,16.3190,12.9644,12.9644,0.0000,2.7434,15375.1766,NA
parkey.exe,39784,0x0,Other,-1,0,0,Composed: Copy with GPU GDI,15408.4994,NA,16.82400000000000,20.75280000000000,0.00000000000000,12.86100000000000,26.8214,15391.6754,16.8240,16.8240,0.0000,16.5564,13.1286,13.1286,0.0000,-4.2540,15391.6754,NA
parkey.exe,39784,0x0,Other,-1,0,0,Composed: Copy with GPU GDI,15425.1620,NA,16.66260000000000,25.18590000000000,0.00000000000000,12.50630000000000,35.3447,15408.4994,16.6626,16.6626,0.0000,16.4797,12.6892,12.6892,0.0000,-8.3619,15408.4994,NA
parkey.exe,39784,0x0,Other,-1,0,0,Composed: Copy with GPU GDI,15441.5666,NA,16.40460000000000,16.66950000000000,0.00000000000000,12.61030000000000,35.6096,15425.1620,16.4046,16.4046,0.0000,16.2570,12.7579,12.7579,0.0000,-0.0069,15425.1620,NA
parkey.exe,39784,0x0,Other,-1,0,0,Composed: Copy with GPU GDI,15458.4991,NA,16.93250000000000,6.76550000000000,0.00000000000000,13.08690000000000,25.4426,15441.5666,16.9325,16.9325,0.0000,16.7746,13.2448,13.2448,0.0000,9.6391,15441.5666,NA
parkey.exe,39784,0x0,Other,-1,0,0,Composed: Copy with GPU GDI,15475.0171,NA,16.51800000000000,26.59490000000000,0.00000000000000,12.51800000000000,35.5195,15458.4991,16.5180,16.5180,0.0000,16.3461,12.6899,12.6899,0.0000,-9.6624,15458.4991,NA
parkey.exe,39784,0x0,Other,-1,0,0,Composed: Copy with GPU GDI,15491.3146,NA,16.29750000000000,1.25830000000000,0.00000000000000,12.20480000000000,20.4803,15475.0171,16.2975,16.2975,0.0000,16.1583,12.3440,12.3440,0.0000,15.2597,15475.0171,NA
parkey.exe,39784,0x0,Other,-1,0,0,Composed: Copy with GPU GDI,15508.1278,NA,16.81320000000000,32.10820000000000,0.00000000000000,12.21430000000000,35.7753,15491.3146,16.8132,16.8132,0.0000,16.6392,12.3883,12.3883,0.0000,-15.8107,15491.3146,NA
parkey.exe,39784,0x0,Other,-1,0,0,Composed: Copy with GPU GDI,15524.7419,NA,16.61410000000000,2.60810000000000,0.00000000000000,12.00350000000000,21.7693,15508.1278,16.6141,16.6141,0.0000,16.4415,12.1761,12.1761,0.0000,14.2051,15508.1278,NA
parkey.exe,39784,0x0,Other,-1,0,0,Composed: Copy with GPU GDI,15541.7686,NA,17.02670000000000,30.75050000000000,0.00000000000000,12.07020000000000,35.4931,15524.7419,17.0267,17.0267,0.0000,16.8410,12.2559,12.2559,0.0000,-14.1364,15524.7419,NA
parkey.exe,39784,0x0,Other,-1,0,0,Composed: Copy with GPU GDI,15558.1830,NA,16.41440000000000,16.68330000000000,0.00000000000000,12.82220000000000,35.7620,15541.7686,16.4144,16.4144,0.0000,16.2767,12.9599,12.9599,0.0000,0.3434,15541.7686,NA
parkey.exe,39784,0x0,Other,-1,0,0,Composed: Copy with GPU GDI,15574.6579,NA,16.47490000000000,1.24520000000000,0.00000000000000,12.31290000000000,20.5323,15558.1830,16.4749,16.4749,0.0000,16.3416,12.4462,12.4462,0.0000,15.1692,15558.1830,NA
parkey.exe,39784,0x0,Other,-1,0,0,Composed: Copy with GPU GDI,15591.2989,NA,16.64100000000000,20.79290000000000,0.00000000000000,12.19490000000000,24.6842,15574.6579,16.6410,16.6410,0.0000,16.5079,12.3280,12.3280,0.0000,-4.3180,15574.6579,NA
parkey.exe,39784,0x0,Other,-1,0,0,Composed: Copy with GPU GDI,15608.3861,NA,17.08720000000000,13.88370000000000,0.00000000000000,13.57960000000000,21.4807,15591.2989,17.0872,17.0872,0.0000,16.9056,13.7612,13.7612,0.0000,2.7573,15591.2989,NA
parkey.exe,39784,0x0,Other,-1,0,0,Composed: Copy with GPU GDI,15625.1454,NA,16.75930000000000,20.77670000000000,0.00000000000000,12.06720000000000,25.4981,15608.3861,16.7593,16.7593,0.0000,16.5722,12.2543,12.2543,0.0000,-3.6895,15608.3861,NA
parkey.exe,39784,0x0,Other,-1,0,0,Composed: Copy with GPU GDI,15641.8168,NA,16.67140000000000,13.94130000000000,0.00000000000000,12.56970000000000,22.7680,15625.1454,16.6714,16.6714,0.0000,16.4847,12.7564,12.7564,0.0000,2.8180,15625.1454,NA
parkey.exe,39784,0x0,Other,-1,0,0,Composed: Copy with GPU GDI,15658.4914,NA,16.67460000000000,20.78390000000000,0.00000000000000,12.60100000000000,26.8773,15641.8168,16.6746,16.6746,0.0000,16.5093,12.7663,12.7663,0.0000,-4.1125,15641.8168,NA
parkey.exe,39784,0x0,Other,-1,0,0,Composed: Copy with GPU GDI,15675.1281,NA,16.63670000000000,13.94450000000000,0.00000000000000,12.15810000000000,24.1851,15658.4914,16.6367,16.6367,0.0000,16.4539,12.3409,12.3409,0.0000,2.7301,15658.4914,NA
parkey.exe,39784,0x0,Other,-1,0,0,Composed: Copy with GPU GDI,15691.7093,NA,16.58120000000000,13.89030000000000,0.00000000000000,13.50100000000000,21.4942,15675.1281,16.5812,16.5812,0.0000,16.4039,13.6783,13.6783,0.0000,2.7464,15675.1281,NA
parkey.exe,39784,0x0,Other,-1,0,0,Composed: Copy with GPU GDI,15708.4377,NA,16.72840000000000,20.79200000000000,0.00000000000000,11.98780000000000,25.5578,15691.7093,16.7284,16.7284,0.0000,16.5502,12.1660,12.1660,0.0000,-4.2108,15691.7093,NA
parkey.exe,39784,0x0,Other,-1,0,0,Composed: Copy with GPU GDI,15725.1465,NA,16.70880000000000,13.94230000000000,0.00000000000000,12.58880000000000,22.7913,15708.4377,16.7088,16.7088,0.0000,16.5178,12.7798,12.7798,0.0000,2.7861,15708.4377,NA
parkey.exe,39784,0x0,Other,-1,0,0,Composed: Copy with GPU GDI,15741.8043,NA,16.65780000000000,20.83520000000000,0.00000000000000,13.49400000000000,26.9687,15725.1465,16.6578,16.6578,0.0000,16.4584,13.6934,13.6934,0.0000,-4.1264,15725.1465,NA
parkey.exe,39784,0x0,Other,-1,0,0,Composed: Copy with GPU GDI,15758.3823,NA,16.57800000000000,13.90430000000000,0.00000000000000,12.09550000000000,24.2950,15741.8043,16.5780,16.5780,0.0000,16.3898,12.2837,12.2837,0.0000,2.7535,15741.8043,NA
parkey.exe,39784,0x0,Other,-1,0,0,Composed: Copy with GPU GDI,15775.1518,NA,16.76950000000000,13.87360000000000,0.00000000000000,13.49400000000000,21.3991,15758.3823,16.7695,16.7695,0.0000,16.5627,13.7008,13.7008,0.0000,2.7044,15758.3823,NA
parkey.exe,39784,0x0,Other,-1,0,0,Composed: Copy with GPU GDI,15791.8484,NA,16.69660000000000,20.78570000000000,0.00000000000000,12.08690000000000,25.4882,15775.1518,16.6966,16.6966,0.0000,16.5019,12.2816,12.2816,0.0000,-4.0162,15775.1518,NA
parkey.exe,39784,0x0,Other,-1,0,0,Composed: Copy with GPU GDI,15808.4366,NA,16.58820000000000,13.98660000000000,0.00000000000000,12.56920000000000,22.8866,15791.8484,16.5882,16.5882,0.0000,16.4056,12.7518,12.7518,0.0000,2.7100,15791.8484,NA
parkey.exe,39784,0x0,Other,-1,0,0,Composed: Copy with GPU GDI,15825.2025,NA,16.76590000000000,20.73500000000000,0.00000000000000,12.97060000000000,26.8557,15808.4366,16.7659,16.7659,0.0000,16.5627,13.1738,13.1738,0.0000,-4.1468,15808.4366,NA
parkey.exe,39784,0x0,Other,-1,0,0,Composed: Copy with GPU GDI,15841.7754,NA,16.57290000000000,13.95570000000000,0.00000000000000,12.14600000000000,24.2385,15825.2025,16.5729,16.5729,0.0000,16.3828,12.3361,12.3361,0.0000,2.8102,15825.2025,NA
parkey.exe,39784,0x0,Other,-1,0,0,Composed: Copy with GPU GDI,15858.4418,NA,16.66640000000000,13.88810000000000,0.00000000000000,13.46590000000000,21.4602,15841.7754,16.6664,16.6664,0.0000,16.4740,13.6583,13.6583,0.0000,2.6848,15841.7754,NA
parkey.exe,39784,0x0,Other,-1,0,0,Composed: Copy with GPU GDI,15875.1949,NA,16.75310000000000,20.78620000000000,0.00000000000000,11.97280000000000,25.4933,15858.4418,16.7531,16.7531,0.0000,16.5636,12.1623,12.1623,0.0000,-4.1198,15858.4418,NA
parkey.exe,39784,0x0,Other,-1,0,0,Composed: Copy with GPU GDI,15891.8136,NA,16.61870000000000,13.95370000000000,0.00000000000000,12.64080000000000,22.8283,15875.1949,16.6187,16.6187,0.0000,16.4613,12.7982,12.7982,0.0000,2.7994,15875.1949,NA
parkey.exe,39784,0x0,Other,-1,0,0,Composed: Copy with GPU GDI,15908.4157,NA,16.60210000000000,20.76470000000000,0.00000000000000,13.39790000000000,26.9909,15891.8136,16.6021,16.6021,0.0000,16.4158,13.5842,13.5842,0.0000,-4.1460,15891.8136,NA
parkey.exe,39784,0x0,Other,-1,0,0,Composed: Copy with GPU GDI,15925.0495,NA,16.63380000000000,13.95120000000000,0.00000000000000,12.08170000000000,24.3083,15908.4157,16.6338,16.6338,0.0000,16.4528,12.2627,12.2627,0.0000,2.6509,15908.4157,NA
parkey.exe,39784,0x0,Other,-1,0,0,Composed: Copy with GPU GDI,15941.7375,NA,16.68800000000000,13.90280000000000,0.00000000000000,13.55560000000000,21.5231,15925.0495,16.6880,16.6880,0.0000,16.5044,13.7392,13.7392,0.0000,2.7310,15925.0495,NA
parkey.exe,39784,0x0,Other,-1,0,0,Composed: Copy with GPU GDI,15958.4157,NA,16.67820000000000,20.78000000000000,0.00000000000000,11.94380000000000,25.6249,15941.7375,16.6782,16.6782,0.0000,16.4972,12.1248,12.1248,0.0000,-4.0920,15941.7375,NA
parkey.exe,39784,0x0,Other,-1,0,0,Composed: Copy with GPU GDI,15975.0301,NA,16.61440000000000,13.92730000000000,0.00000000000000,12.58110000000000,22.9378,15958.4157,16.6144,16.6144,0.0000,16.4273,12.7682,12.7682,0.0000,2.7509,15958.4157,NA
parkey.exe,39784,0x0,Other,-1,0,0,Composed: Copy with GPU GDI,15991.7566,NA,16.72650000000000,20.84610000000000,0.00000000000000,13.40630000000000,27.0574,15975.0301,16.7265,16.7265,0.0000,16.5135,13.6193,13.6193,0.0000,-4.2317,15975.0301,NA
parkey.exe,39784,0x0,Other,-1,0,0,Composed: Copy with GPU GDI,16008.3876,NA,16.63100000000000,13.88950000000000,0.00000000000000,12.17590000000000,24.3159,15991.7566,16.6310,16.6310,0.0000,16.4518,12.3551,12.3551,0.0000,2.8370,15991.7566,NA
parkey.exe,39784,0x0,Other,-1,0,0,Composed: Copy with GPU GDI,16025.0067,NA,16.61910000000000,13.88580000000000,0.00000000000000,13.60770000000000,21.5826,16008.3876,16.6191,16.6191,0.0000,16.4342,13.7926,13.7926,0.0000,2.7452,16008.3876,NA
parkey.exe,39784,0x0,Other,-1,0,0,Composed: Copy with GPU GDI,16041.7916,NA,16.78490000000000,20.78740000000000,0.00000000000000,12.08330000000000,25.5851,16025.0067,16.7849,16.7849,0.0000,16.5729,12.2953,12.2953,0.0000,-4.1683,16025.0067,NA
parkey.exe,39784,0x0,Other,-1,0,0,Composed: Copy with GPU GDI,16058.3214,NA,16.52980000000000,13.94870000000000,0.00000000000000,12.69690000000000,23.0040,16041.7916,16.5298,16.5298,0.0000,16.3534,12.8733,12.8733,0.0000,2.8362,16041.7916,NA
parkey.exe,39784,0x0,Other,-1,0,0,Composed: Copy with GPU GDI,16075.0944,NA,16.77300000000000,20.77720000000000,0.00000000000000,13.40680000000000,27.0082,16058.3214,16.7730,16.7730,0.0000,16.5556,13.6242,13.6242,0.0000,-4.2474,16058.3214,NA
parkey.exe,39784,0x0,Other,-1,0,0,Composed: Copy with GPU GDI,16091.6587,NA,16.56430000000000,13.96290000000000,0.00000000000000,12.13430000000000,24.4068,16075.0944,16.5643,16.5643,0.0000,16.3845,12.3141,12.3141,0.0000,2.8101,16075.0944,NA
parkey.exe,39784,0x0,Other,-1,0,0,Composed: Copy with GPU GDI,16108.3692,NA,16.71050000000000,13.89290000000000,0.00000000000000,13.17420000000000,21.5892,16091.6587,16.7105,16.7105,0.0000,16.5150,13.3697,13.3697,0.0000,2.6714,16091.6587,NA
parkey.exe,39784,0x0,Other,-1,0,0,Composed: Copy with GPU GDI,16125.1976,NA,16.82840000000000,20.76560000000000,0.00000000000000,12.03680000000000,25.5264,16108.3692,16.8284,16.8284,0.0000,16.6402,12.2250,12.2250,0.0000,-4.0551,16108.3692,NA
parkey.exe,39784,0x0,Other,-1,0,0,Composed: Copy with GPU GDI,16141.7220,NA,16.52440000000000,13.94630000000000,0.00000000000000,12.60260000000000,22.9483,16125.1976,16.5244,16.5244,0.0000,16.3374,12.7896,12.7896,0.0000,2.8821,16125.1976,NA
parkey.exe,39784,0x0,Other,-1,0,0,Composed: Copy with GPU GDI,16158.4011,NA,16.67910000000000,20.78080000000000,0.00000000000000,13.34940000000000,27.0500,16141.7220,16.6791,16.6791,0.0000,16.4228,13.6057,13.6057,0.0000,-4.2564,16141.7220,NA
parkey.exe,39784,0x0,Other,-1,0,0,Composed: Copy with GPU GDI,16175.1417,NA,16.74060000000000,13.95020000000000,0.00000000000000,12.01040000000000,24.2596,16158.4011,16.7406,16.7406,0.0000,16.5531,12.1979,12.1979,0.0000,2.7289,16158.4011,NA
parkey.exe,39784,0x0,Other,-1,0,0,Composed: Copy with GPU GDI,16191.6946,NA,16.55290000000000,13.88580000000000,0.00000000000000,13.60180000000000,21.5925,16175.1417,16.5529,16.5529,0.0000,16.3736,13.7811,13.7811,0.0000,2.8548,16175.1417,NA
parkey.exe,39784,0x0,Other,-1,0,0,Composed: Copy with GPU GDI,16208.5718,NA,16.87720000000000,20.78580000000000,0.00000000000000,12.09140000000000,25.5011,16191.6946,16.8772,16.8772,0.0000,16.6653,12.3033,12.3033,0.0000,-4.2329,16191.6946,NA
parkey.exe,39784,0x0,Other,-1,0,0,Composed: Copy with GPU GDI,16225.0361,NA,16.46430000000000,13.95460000000000,0.00000000000000,12.65300000000000,22.9914,16208.5718,16.4643,16.4643,0.0000,16.2891,12.8282,12.8282,0.0000,2.9226,16208.5718,NA
parkey.exe,39784,0x0,Other,-1,0,0,Composed: Copy with GPU GDI,16241.7585,NA,16.72240000000000,20.76380000000000,0.00000000000000,13.54150000000000,27.0328,16225.0361,16.7224,16.7224,0.0000,16.5258,13.7381,13.7381,0.0000,-4.2995,16225.0361,NA
parkey.exe,39784,0x0,Other,-1,0,0,Composed: Copy with GPU GDI,16258.3819,NA,16.62340000000000,13.94930000000000,0.00000000000000,12.07310000000000,24.3587,16241.7585,16.6234,16.6234,0.0000,16.4443,12.2522,12.2522,0.0000,2.7731,16241.7585,NA
parkey.exe,39784,0x0,Other,-1,0,0,Composed: Copy with GPU GDI,16274.9882,NA,16.60630000000000,13.89440000000000,0.00000000000000,13.56170000000000,21.6468,16258.3819,16.6063,16.6063,0.0000,16.4299,13.7381,13.7381,0.0000,2.7290,16258.3819,NA
parkey.exe,39784,0x0,Other,-1,0,0,Composed: Copy with GPU GDI,16291.7878,NA,16.79960000000000,20.80230000000000,0.00000000000000,12.11670000000000,25.6495,16274.9882,16.7996,16.7996,0.0000,16.5989,12.3174,12.3174,0.0000,-4.1960,16274.9882,NA
parkey.exe,39784,0x0,Other,-1,0,0,Composed: Copy with GPU GDI,16308.6102,NA,16.82240000000000,13.94190000000000,0.00000000000000,12.61700000000000,22.7690,16291.7878,16.8224,16.8224,0.0000,16.5278,12.9116,12.9116,0.0000,2.8577,16291.7878,NA
parkey.exe,39784,0x0,Other,-1,0,0,Composed: Copy with GPU GDI,16325.0792,NA,16.46900000000000,20.76750000000000,0.00000000000000,13.41510000000000,27.0675,16308.6102,16.4690,16.4690,0.0000,16.2686,13.6155,13.6155,0.0000,-3.9451,16308.6102,NA
parkey.exe,39784,0x0,Other,-1,0,0,Composed: Copy with GPU GDI,16341.6617,NA,16.58250000000000,13.89090000000000,0.00000000000000,12.20870000000000,24.3759,16325.0792,16.5825,16.5825,0.0000,16.4046,12.3866,12.3866,0.0000,2.5781,16325.0792,NA
parkey.exe,39784,0x0,Other,-1,0,0,Composed: Copy with GPU GDI,16358.3604,NA,16.69870000000000,13.97180000000000,0.00000000000000,12.95370000000000,21.6490,16341.6617,16.6987,16.6987,0.0000,16.5134,13.1390,13.1390,0.0000,2.6107,16341.6617,NA
parkey.exe,39784,0x0,Other,-1,0,0,Composed: Copy with GPU GDI,16375.3061,NA,16.94570000000000,20.76190000000000,0.00000000000000,12.42250000000000,25.4652,16358.3604,16.9457,16.9457,0.0000,16.6069,12.7613,12.7613,0.0000,-4.0632,16358.3604,NA
parkey.exe,39784,0x0,Other,-1,0,0,Composed: Copy with GPU GDI,16391.7954,NA,16.48930000000000,13.94480000000000,0.00000000000000,13.12000000000000,22.9207,16375.3061,16.4893,16.4893,0.0000,16.3079,13.3014,13.3014,0.0000,3.0009,16375.3061,NA
parkey.exe,39784,0x0,Other,-1,0,0,Composed: Copy with GPU GDI,16408.4081,NA,16.61270000000000,20.77890000000000,0.00000000000000,13.76230000000000,27.0869,16391.7954,16.6127,16.6127,0.0000,16.4197,13.9553,13.9553,0.0000,-4.2896,16391.7954,NA
parkey.exe,39784,0x0,Other,-1,0,0,Composed: Copy with GPU GDI,16425.0663,NA,16.65820000000000,13.95330000000000,0.00000000000000,12.22270000000000,24.3820,16408.4081,16.6582,16.6582,0.0000,16.4662,12.4147,12.4147,0.0000,2.6594,16408.4081,NA
parkey.exe,39784,0x0,Other,-1,0,0,Composed: Copy with GPU GDI,16441.7496,NA,16.68330000000000,13.88590000000000,0.00000000000000,13.58930000000000,21.5846,16425.0663,16.6833,16.6833,0.0000,16.4902,13.7824,13.7824,0.0000,2.7723,16425.0663,NA
parkey.exe,39784,0x0,Other,-1,0,0,Composed: Copy with GPU GDI,16458.4160,NA,16.66640000000000,20.78440000000000,0.00000000000000,12.35170000000000,25.7026,16441.7496,16.6664,16.6664,0.0000,16.4913,12.5268,12.5268,0.0000,-4.1011,16441.7496,NA
parkey.exe,39784,0x0,Other,-1,0,0,Composed: Copy with GPU GDI,16474.9876,NA,16.57160000000000,13.94510000000000,0.00000000000000,12.66980000000000,23.0761,16458.4160,16.5716,16.5716,0.0000,16.3927,12.8487,12.8487,0.0000,2.7213,16458.4160,NA
parkey.exe,39784,0x0,Other,-1,0,0,Composed: Copy with GPU GDI,16491.6551,NA,16.66750000000000,20.77670000000000,0.00000000000000,13.37560000000000,27.1853,16474.9876,16.6675,16.6675,0.0000,16.4859,13.5572,13.5572,0.0000,-4.2051,16474.9876,NA
parkey.exe,39784,0x0,Other,-1,0,0,Composed: Copy with GPU GDI,16508.3827,NA,16.72760000000000,13.93860000000000,0.00000000000000,12.23240000000000,24.3963,16491.6551,16.7276,16.7276,0.0000,16.5481,12.4119,12.4119,0.0000,2.7289,16491.6551,NA
parkey.exe,39784,0x0,Other,-1,0,0,Composed: Copy with GPU GDI,16525.0971,NA,16.71440000000000,13.90050000000000,0.00000000000000,13.38960000000000,21.5824,16508.3827,16.7144,16.7144,0.0000,16.5208,13.5832,13.5832,0.0000,2.8271,16508.3827,NA
parkey.exe,39784,0x0,Other,-1,0,0,Composed: Copy with GPU GDI,16541.7540,NA,16.65690000000000,20.78420000000000,0.00000000000000,12.12950000000000,25.7097,16525.0971,16.6569,16.6569,0.0000,16.4671,12.3193,12.3193,0.0000,-4.0698,16525.0971,NA
parkey.exe,39784,0x0,Other,-1,0,0,Composed: Copy with GPU GDI,16558.4221,NA,16.66810000000000,13.94170000000000,0.00000000000000,12.70060000000000,22.9833,16541.7540,16.6681,16.6681,0.0000,16.4689,12.8998,12.8998,0.0000,2.7152,16541.7540,NA
parkey.exe,39784,0x0,Other,-1,0,0,Composed: Copy with GPU GDI,16575.0217,NA,16.59960000000000,20.78570000000000,0.00000000000000,13.29870000000000,27.1694,16558.4221,16.5996,16.5996,0.0000,16.4211,13.4772,13.4772,0.0000,-4.1176,16558.4221,NA
parkey.exe,39784,0x0,Other,-1,0,0,Composed: Copy with GPU GDI,16591.6661,NA,16.64440000000000,13.95490000000000,0.00000000000000,12.22260000000000,24.4799,16575.0217,16.6444,16.6444,0.0000,16.4680,12.3990,12.3990,0.0000,2.6447,16575.0217,NA
parkey.exe,39784,0x0,Other,-1,0,0,Composed: Copy with GPU GDI,16608.3970,NA,16.73090000000000,13.91390000000000,0.00000000000000,13.47870000000000,21.6629,16591.6661,16.7309,16.7309,0.0000,16.5365,13.6731,13.6731,0.0000,2.7305,16591.6661,NA
parkey.exe,39784,0x0,Other,-1,0,0,Composed: Copy with GPU GDI,16625.1260,NA,16.72900000000000,20.75190000000000,0.00000000000000,12.46250000000000,25.6858,16608.3970,16.7290,16.7290,0.0000,16.5308,12.6607,12.6607,0.0000,-4.0210,16608.3970,NA
parkey.exe,39784,0x0,Other,-1,0,0,Composed: Copy with GPU GDI,16641.6331,NA,16.50710000000000,13.96390000000000,0.00000000000000,12.69540000000000,23.1426,16625.1260,16.5071,16.5071,0.0000,16.3353,12.8672,12.8672,0.0000,2.7651,16625.1260,NA
parkey.exe,39784,0x0,Other,-1,0,0,Composed: Copy with GPU GDI,16658.2263,NA,16.59320000000000,30.05480000000000,0.00000000000000,13.41870000000000,36.6042,16641.6331,16.5932,16.5932,0.0000,16.3574,13.6545,13.6545,0.0000,-13.5477,16641.6331,NA
parkey.exe,39784,0x0,Other,-1,0,0,Composed: Copy with GPU GDI,16674.9131,NA,16.68680000000000,16.67980000000000,0.00000000000000,12.31780000000000,36.5972,16658.2263,16.6868,16.6868,0.0000,16.5520,12.4526,12.4526,0.0000,-0.0866,16658.2263,NA
parkey.exe,39784,0x0,Other,-1,0,0,Composed: Copy with GPU GDI,16691.2896,NA,16.37650000000000,1.86640000000000,0.00000000000000,11.63940000000000,22.0871,16674.9131,16.3765,16.3765,0.0000,16.2577,11.7582,11.7582,0.0000,14.8204,16674.9131,NA
parkey.exe,39784,0x0,Other,-1,0,0,Composed: Copy with GPU GDI,16708.1679,NA,16.87830000000000,31.49790000000000,0.00000000000000,11.91700000000000,36.7067,16691.2896,16.8783,16.8783,0.0000,16.6977,12.0976,12.0976,0.0000,-15.1214,16691.2896,NA
parkey.exe,39784,0x0,Other,-1,0,0,Composed: Copy with GPU GDI,16724.6968,NA,16.52890000000000,3.24830000000000,0.00000000000000,12.22050000000000,23.4261,16708.1679,16.5289,16.5289,0.0000,16.3857,12.3637,12.3637,0.0000,13.6300,16708.1679,NA
parkey.exe,39784,0x0,Other,-1,0,0,Composed: Copy with GPU GDI,16741.3893,NA,16.69250000000000,30.11190000000000,0.00000000000000,13.66110000000000,36.8455,16724.6968,16.6925,16.6925,0.0000,16.5420,13.8116,13.8116,0.0000,-13.5830,16724.6968,NA
parkey.exe,39784,0x0,Other,-1,0,0,Composed: Copy with GPU GDI,16758.0455,NA,16.65620000000000,16.68420000000000,0.00000000000000,12.60890000000000,36.8735,16741.3893,16.6562,16.6562,0.0000,16.5069,12.7582,12.7582,0.0000,0.0083,16741.3893,NA
parkey.exe,39784,0x0,Other,-1,0,0,Composed: Copy with GPU GDI,16774.9665,NA,16.92100000000000,1.80710000000000,0.00000000000000,12.03600000000000,21.7596,16758.0455,16.9210,16.9210,0.0000,16.7535,12.2035,12.2035,0.0000,14.8491,16758.0455,NA
parkey.exe,39784,0x0,Other,-1,0,0,Composed: Copy with GPU GDI,16791.3795,NA,16.41300000000000,20.78640000000000,0.00000000000000,12.65890000000000,26.1330,16774.9665,16.4130,16.4130,0.0000,16.2596,12.8123,12.8123,0.0000,-3.8654,16774.9665,NA
parkey.exe,39784,0x0,Other,-1,0,0,Composed: Copy with GPU GDI,16808.2463,NA,16.86680000000000,13.95590000000000,0.00000000000000,12.57840000000000,23.2221,16791.3795,16.8668,16.8668,0.0000,16.6905,12.7547,12.7547,0.0000,2.4571,16791.3795,NA
parkey.exe,39784,0x0,Other,-1,0,0,Composed: Copy with GPU GDI,16825.0226,NA,16.77630000000000,20.76770000000000,0.00000000000000,13.35400000000000,27.2135,16808.2463,16.7763,16.7763,0.0000,16.5929,13.5374,13.5374,0.0000,-3.9009,16808.2463,NA
parkey.exe,39784,0x0,Other,-1,0,0,Composed: Copy with GPU GDI,16841.7200,NA,16.69740000000000,13.94720000000000,0.00000000000000,12.09500000000000,24.4633,16825.0226,16.6974,16.6974,0.0000,16.5126,12.2798,12.2798,0.0000,2.8291,16825.0226,NA
parkey.exe,39784,0x0,Other,-1,0,0,Composed: Copy with GPU GDI,16858.4125,NA,16.69250000000000,13.92590000000000,0.00000000000000,13.34150000000000,21.6967,16841.7200,16.6925,16.6925,0.0000,16.5087,13.5253,13.5253,0.0000,2.7715,16841.7200,NA
parkey.exe,39784,0x0,Other,-1,0,0,Composed: Copy with GPU GDI,16875.0008,NA,16.58830000000000,20.75000000000000,0.00000000000000,12.43320000000000,25.8584,16858.4125,16.5883,16.5883,0.0000,16.4105,12.6110,12.6110,0.0000,-4.0575,16858.4125,NA
parkey.exe,39784,0x0,Other,-1,0,0,Composed: Copy with GPU GDI,16891.8551,NA,16.85430000000000,13.95680000000000,0.00000000000000,12.64600000000000,22.9609,16875.0008,16.8543,16.8543,0.0000,16.6534,12.8469,12.8469,0.0000,2.6315,16875.0008,NA
parkey.exe,39784,0x0,Other,-1,0,0,Composed: Copy with GPU GDI,16908.6118,NA,16.75670000000000,20.83940000000000,0.00000000000000,12.99310000000000,27.0436,16891.8551,16.7567,16.7567,0.0000,16.5924,13.1574,13.1574,0.0000,-3.9851,16891.8551,NA
parkey.exe,39784,0x0,Other,-1,0,0,Composed: Copy with GPU GDI,16925.0879,NA,16.47610000000000,13.87680000000000,0.00000000000000,12.23100000000000,24.4443,16908.6118,16.4761,16.4761,0.0000,16.2810,12.4261,12.4261,0.0000,2.8799,16908.6118,NA
parkey.exe,39784,0x0,Other,-1,0,0,Composed: Copy with GPU GDI,16941.7193,NA,16.63140000000000,13.90760000000000,0.00000000000000,13.06070000000000,21.7205,16925.0879,16.6314,16.6314,0.0000,16.4345,13.2576,13.2576,0.0000,2.5685,16925.0879,NA
parkey.exe,39784,0x0,Other,-1,0,0,Composed: Copy with GPU GDI,16958.3263,NA,16.60700000000000,20.77280000000000,0.00000000000000,12.31600000000000,25.8863,16941.7193,16.6070,16.6070,0.0000,16.4252,12.4978,12.4978,0.0000,-4.1414,16941.7193,NA
parkey.exe,39784,0x0,Other,-1,0,0,Composed: Copy with GPU GDI,16975.1116,NA,16.78530000000000,13.92850000000000,0.00000000000000,12.59360000000000,23.0295,16958.3263,16.7853,16.7853,0.0000,16.5955,12.7834,12.7834,0.0000,2.6785,16958.3263,NA
parkey.exe,39784,0x0,Other,-1,0,0,Composed: Copy with GPU GDI,16991.7856,NA,16.67400000000000,20.84940000000000,0.00000000000000,13.38350000000000,27.2049,16975.1116,16.6740,16.6740,0.0000,16.4831,13.5744,13.5744,0.0000,-4.0641,16975.1116,NA
parkey.exe,39784,0x0,Other,-1,0,0,Composed: Copy with GPU GDI,17008.3017,NA,16.51610000000000,26.12730000000000,0.00000000000000,12.20970000000000,36.8161,16991.7856,16.5161,16.5161,0.0000,16.3343,12.3915,12.3915,0.0000,-9.4533,16991.7856,NA
parkey.exe,39784,0x0,Other,-1,0,0,Composed: Copy with GPU GDI,17024.7385,NA,16.43680000000000,1.65390000000000,0.00000000000000,12.02060000000000,22.0332,17008.3017,16.4368,16.4368,0.0000,16.3022,12.1552,12.1552,0.0000,14.8622,17008.3017,NA
parkey.exe,39784,0x0,Other,-1,0,0,Composed: Copy with GPU GDI,17041.5114,NA,16.77290000000000,20.77790000000000,0.00000000000000,12.45870000000000,26.0382,17024.7385,16.7729,16.7729,0.0000,16.6234,12.6082,12.6082,0.0000,-4.3411,17024.7385,NA
parkey.exe,39784,0x0,Other,-1,0,0,Composed: Copy with GPU GDI,17058.2961,NA,16.78470000000000,13.94580000000000,0.00000000000000,12.61970000000000,23.1993,17041.5114,16.7847,16.7847,0.0000,16.6063,12.7981,12.7981,0.0000,2.8271,17041.5114,NA
parkey.exe,39784,0x0,Other,-1,0,0,Composed: Copy with GPU GDI,17075.0388,NA,16.74270000000000,20.83650000000000,0.00000000000000,13.40680000000000,27.2931,17058.2961,16.7427,16.7427,0.0000,16.5239,13.6256,13.6256,0.0000,-4.0518,17058.2961,NA
parkey.exe,39784,0x0,Other,-1,0,0,Composed: Copy with GPU GDI,17091.6287,NA,16.58990000000000,13.90270000000000,0.00000000000000,12.27980000000000,24.6059,17075.0388,16.5899,16.5899,0.0000,16.4124,12.4573,12.4573,0.0000,2.8400,17075.0388,NA
parkey.exe,39784,0x0,Other,-1,0,0,Composed: Copy with GPU GDI,17108.2521,NA,16.62340000000000,13.88010000000000,0.00000000000000,13.05620000000000,21.8626,17091.6287,16.6234,16.6234,0.0000,16.4453,13.2343,13.2343,0.0000,2.7098,17091.6287,NA
parkey.exe,39784,0x0,Other,-1,0,0,Composed: Copy with GPU GDI,17125.0423,NA,16.79020000000000,20.78800000000000,0.00000000000000,12.38900000000000,25.8604,17108.2521,16.7902,16.7902,0.0000,16.6043,12.5749,12.5749,0.0000,-4.1646,17108.2521,NA
parkey.exe,39784,0x0,Other,-1,0,0,Composed: Copy with GPU GDI,17141.7082,NA,16.66590000000000,13.95990000000000,0.00000000000000,12.54730000000000,23.1544,17125.0423,16.6659,16.6659,0.0000,16.4820,12.7312,12.7312,0.0000,2.8303,17125.0423,NA
parkey.exe,39784,0x0,Other,-1,0,0,Composed: Copy with GPU GDI,17158.2973,NA,16.58910000000000,20.81860000000000,0.00000000000000,13.34220000000000,27.3839,17141.7082,16.5891,16.5891,0.0000,16.3556,13.5757,13.5757,0.0000,-4.1527,17141.7082,NA
parkey.exe,39784,0x0,Other,-1,0,0,Composed: Copy with GPU GDI,17175.1494,NA,16.85210000000000,13.90830000000000,0.00000000000000,12.26690000000000,24.4401,17158.2973,16.8521,16.8521,0.0000,16.6650,12.4540,12.4540,0.0000,2.6808,17158.2973,NA
parkey.exe,39784,0x0,Other,-1,0,0,Composed: Copy with GPU GDI,17191.6771,NA,16.52770000000000,13.89340000000000,0.00000000000000,13.16130000000000,21.8058,17175.1494,16.5277,16.5277,0.0000,16.3400,13.3490,13.3490,0.0000,2.9587,17175.1494,NA
parkey.exe,39784,0x0,Other,-1,0,0,Composed: Copy with GPU GDI,17208.3099,NA,16.63280000000000,20.77170000000000,0.00000000000000,11.95320000000000,25.9447,17191.6771,16.6328,16.6328,0.0000,16.4517,12.1343,12.1343,0.0000,-4.2440,17191.6771,NA
parkey.exe,39784,0x0,Other,-1,0,0,Composed: Copy with GPU GDI,17224.9635,NA,16.65360000000000,13.94750000000000,0.00000000000000,12.53380000000000,23.2386,17208.3099,16.6536,16.6536,0.0000,16.4735,12.7139,12.7139,0.0000,2.6853,17208.3099,NA
parkey.exe,39784,0x0,Other,-1,0,0,Composed: Copy with GPU GDI,17241.6967,NA,16.73320000000000,20.84380000000000,0.00000000000000,13.55270000000000,27.3492,17224.9635,16.7332,16.7332,0.0000,16.5472,13.7387,13.7387,0.0000,-4.1902,17224.9635,NA
parkey.exe,39784,0x0,Other,-1,0,0,Composed: Copy with GPU GDI,17258.5725,NA,16.87580000000000,13.93710000000000,0.00000000000000,12.17170000000000,24.4105,17241.6967,16.8758,16.8758,0.0000,16.6526,12.3949,12.3949,0.0000,2.7961,17241.6967,NA
parkey.exe,39784,0x0,Other,-1,0,0,Composed: Copy with GPU GDI,17275.3294,NA,16.75690000000000,13.89090000000000,0.00000000000000,12.99200000000000,21.5445,17258.5725,16.7569,16.7569,0.0000,16.5234,13.2255,13.2255,0.0000,2.9849,17258.5725,NA
parkey.exe,39784,0x0,Other,-1,0,0,Composed: Copy with GPU GDI,17292.8849,NA,17.55550000000000,20.72460000000000,0.00000000000000,12.00660000000000,24.7136,17275.3294,17.5555,17.5555,0.0000,17.2699,12.2922,12.2922,0.0000,-3.9677,17275.3294,NA
parkey.exe,39784,0x0,Other,-1,0,0,Composed: Copy with GPU GDI,17308.3969,NA,15.51200000000000,13.93860000000000,0.00000000000000,12.60570000000000,23.1402,17292.8849,15.5120,15.5120,0.0000,15.3072,12.8105,12.8105,0.0000,3.6169,17292.8849,NA
parkey.exe,39784,0x0,Other,-1,0,0,Composed: Copy with GPU GDI,17325.0447,NA,16.64780000000000,20.84170000000000,0.00000000000000,13.52010000000000,27.3341,17308.3969,16.6478,16.6478,0.0000,16.4459,13.7220,13.7220,0.0000,-5.3297,17308.3969,NA
parkey.exe,39784,0x0,Other,-1,0,0,Composed: Copy with GPU GDI,17341.6545,NA,16.60980000000000,13.89980000000000,0.00000000000000,12.28400000000000,24.6241,17325.0447,16.6098,16.6098,0.0000,16.4247,12.4691,12.4691,0.0000,2.7480,17325.0447,NA
parkey.exe,39784,0x0,Other,-1,0,0,Composed: Copy with GPU GDI,17358.3084,NA,16.65390000000000,13.90250000000000,0.00000000000000,13.07940000000000,21.8727,17341.6545,16.6539,16.6539,0.0000,16.4708,13.2625,13.2625,0.0000,2.7073,17341.6545,NA
parkey.exe,39784,0x0,Other,-1,0,0,Composed: Copy with GPU GDI,17375.2447,NA,16.93630000000000,20.77340000000000,0.00000000000000,12.79800000000000,25.7098,17358.3084,16.9363,16.9363,0.0000,16.6707,13.0636,13.0636,0.0000,-4.1195,17358.3084,NA
parkey.exe,39784,0x0,Other,-1,0,0,Composed: Copy with GPU GDI,17391.7636,NA,16.51890000000000,13.95240000000000,0.00000000000000,12.67540000000000,23.1433,17375.2447,16.5189,16.5189,0.0000,16.3334,12.8609,12.8609,0.0000,2.9839,17375.2447,NA
parkey.exe,39784,0x0,Other,-1,0,0,Composed: Copy with GPU GDI,17408.3296,NA,16.56600000000000,20.82070000000000,0.00000000000000,13.37090000000000,27.3980,17391.7636,16.5660,16.5660,0.0000,16.3728,13.5641,13.5641,0.0000,-4.3018,17391.7636,NA
parkey.exe,39784,0x0,Other,-1,0,0,Composed: Copy with GPU GDI,17425.0394,NA,16.70980000000000,13.91130000000000,0.00000000000000,12.21300000000000,24.5995,17408.3296,16.7098,16.7098,0.0000,16.5264,12.3964,12.3964,0.0000,2.6547,17408.3296,NA
parkey.exe,39784,0x0,Other,-1,0,0,Composed: Copy with GPU GDI,17441.7002,NA,16.66080000000000,13.87930000000000,0.00000000000000,13.07920000000000,21.8180,17425.0394,16.6608,16.6608,0.0000,16.4690,13.2710,13.2710,0.0000,2.8305,17425.0394,NA
parkey.exe,39784,0x0,Other,-1,0,0,Composed: Copy with GPU GDI,17458.3797,NA,16.67950000000000,20.77780000000000,0.00000000000000,11.95590000000000,25.9163,17441.7002,16.6795,16.6795,0.0000,16.4956,12.1398,12.1398,0.0000,-4.1170,17441.7002,NA
parkey.exe,39784,0x0,Other,-1,0,0,Composed: Copy with GPU GDI,17475.0639,NA,16.68420000000000,13.94130000000000,0.00000000000000,12.53720000000000,23.1734,17458.3797,16.6842,16.6842,0.0000,16.4995,12.7219,12.7219,0.0000,2.7382,17458.3797,NA
parkey.exe,39784,0x0,Other,-1,0,0,Composed: Copy with GPU GDI,17491.5682,NA,16.50430000000000,20.84210000000000,0.00000000000000,13.42340000000000,27.5112,17475.0639,16.5043,16.5043,0.0000,16.3289,13.5988,13.5988,0.0000,-4.1579,17475.0639,NA
parkey.exe,39784,0x0,Other,-1,0,0,Composed: Copy with GPU GDI,17508.3213,NA,16.75310000000000,13.89330000000000,0.00000000000000,12.24380000000000,24.6514,17491.5682,16.7531,16.7531,0.0000,16.5701,12.4268,12.4268,0.0000,2.6110,17491.5682,NA
parkey.exe,39784,0x0,Other,-1,0,0,Composed: Copy with GPU GDI,17524.9831,NA,16.66180000000000,13.88070000000000,0.00000000000000,12.98910000000000,21.8703,17508.3213,16.6618,16.6618,0.0000,16.4739,13.1770,13.1770,0.0000,2.8724,17508.3213,NA
parkey.exe,39784,0x0,Other,-1,0,0,Composed: Copy with GPU GDI,17541.6719,NA,16.68880000000000,20.78740000000000,0.00000000000000,11.98270000000000,25.9689,17524.9831,16.6888,16.6888,0.0000,16.4966,12.1749,12.1749,0.0000,-4.1256,17524.9831,NA
parkey.exe,39784,0x0,Other,-1,0,0,Composed: Copy with GPU GDI,17558.4857,NA,16.81380000000000,13.95920000000000,0.00000000000000,12.58710000000000,23.1143,17541.6719,16.8138,16.8138,0.0000,16.5981,12.8028,12.8028,0.0000,2.7296,17541.6719,NA
parkey.exe,39784,0x0,Other,-1,0,0,Composed: Copy with GPU GDI,17575.0263,NA,16.54060000000000,20.80980000000000,0.00000000000000,13.44820000000000,27.3835,17558.4857,16.5406,16.5406,0.0000,16.3606,13.6282,13.6282,0.0000,-3.9960,17558.4857,NA
parkey.exe,39784,0x0,Other,-1,0,0,Composed: Copy with GPU GDI,17591.7268,NA,16.70050000000000,13.92650000000000,0.00000000000000,12.32160000000000,24.6095,17575.0263,16.7005,16.7005,0.0000,16.5289,12.4932,12.4932,0.0000,2.6141,17575.0263,NA
parkey.exe,39784,0x0,Other,-1,0,0,Composed: Copy with GPU GDI,17608.3572,NA,16.63040000000000,13.88940000000000,0.00000000000000,13.07550000000000,21.8685,17591.7268,16.6304,16.6304,0.0000,16.4494,13.2565,13.2565,0.0000,2.8111,17591.7268,NA
parkey.exe,39784,0x0,Other,-1,0,0,Composed: Copy with GPU GDI,17625.2879,NA,16.93070000000000,20.76640000000000,0.00000000000000,13.06020000000000,25.7042,17608.3572,16.9307,16.9307,0.0000,16.7446,13.2463,13.2463,0.0000,-4.1360,17608.3572,NA
parkey.exe,39784,0x0,Other,-1,0,0,Composed: Copy with GPU GDI,17641.7217,NA,16.43380000000000,13.96210000000000,0.00000000000000,12.62190000000000,23.2325,17625.2879,16.4338,16.4338,0.0000,16.2316,12.8241,12.8241,0.0000,2.9686,17625.2879,NA
parkey.exe,39784,0x0,Other,-1,0,0,Composed: Copy with GPU GDI,17658.3578,NA,16.63610000000000,20.82150000000000,0.00000000000000,13.33990000000000,27.4179,17641.7217,16.6361,16.6361,0.0000,16.4523,13.5237,13.5237,0.0000,-4.3877,17641.7217,NA
parkey.exe,39784,0x0,Other,-1,0,0,Composed: Copy with GPU GDI,17674.9908,NA,16.63300000000000,13.88130000000000,0.00000000000000,12.29170000000000,24.6662,17658.3578,16.6330,16.6330,0.0000,16.4520,12.4727,12.4727,0.0000,2.7548,17658.3578,NA
parkey.exe,39784,0x0,Other,-1,0,0,Composed: Copy with GPU GDI,17691.6781,NA,16.68730000000000,13.91750000000000,0.00000000000000,12.97910000000000,21.8964,17674.9908,16.6873,16.6873,0.0000,16.4992,13.1672,13.1672,0.0000,2.7155,17674.9908,NA
parkey.exe,39784,0x0,Other,-1,0,0,Composed: Copy with GPU GDI,17708.3845,NA,16.70640000000000,20.76430000000000,0.00000000000000,11.97130000000000,25.9543,17691.6781,16.7064,16.7064,0.0000,16.5181,12.1596,12.1596,0.0000,-4.0770,17691.6781,NA
parkey.exe,39784,0x0,Other,-1,0,0,Composed: Copy with GPU GDI,17725.0343,NA,16.64980000000000,13.95470000000000,0.00000000000000,12.52190000000000,23.2592,17708.3845,16.6498,16.6498,0.0000,16.4584,12.7133,12.7133,0.0000,2.7517,17708.3845,NA
parkey.exe,39784,0x0,Other,-1,0,0,Composed: Copy with GPU GDI,17741.6806,NA,16.64630000000000,20.82980000000000,0.00000000000000,13.48310000000000,27.4427,17725.0343,16.6463,16.6463,0.0000,16.4482,13.6812,13.6812,0.0000,-4.1800,17725.0343,NA
parkey.exe,39784,0x0,Other,-1,0,0,Composed: Copy with GPU GDI,17758.3173,NA,16.63670000000000,13.91500000000000,0.00000000000000,12.29380000000000,24.7210,17741.6806,16.6367,16.6367,0.0000,16.4654,12.4651,12.4651,0.0000,2.7313,17741.6806,NA
parkey.exe,39784,0x0,Other,-1,0,0,Composed: Copy with GPU GDI,17774.9170,NA,16.59970000000000,13.88190000000000,0.00000000000000,13.23010000000000,22.0032,17758.3173,16.5997,16.5997,0.0000,16.4249,13.4049,13.4049,0.0000,2.7548,17758.3173,NA
parkey.exe,39784,0x0,Other,-1,0,0,Composed: Copy with GPU GDI,17791.6546,NA,16.73760000000000,20.78620000000000,0.00000000000000,12.14360000000000,26.0518,17774.9170,16.7376,16.7376,0.0000,16.5509,12.3303,12.3303,0.0000,-4.1865,17774.9170,NA
parkey.exe,39784,0x0,Other,-1,0,0,Composed: Copy with GPU GDI,17808.3727,NA,16.71810000000000,13.95930000000000,0.00000000000000,12.54610000000000,23.2930,17791.6546,16.7181,16.7181,0.0000,16.5290,12.7352,12.7352,0.0000,2.7783,17791.6546,NA
parkey.exe,39784,0x0,Other,-1,0,0,Composed: Copy with GPU GDI,17825.0798,NA,16.70710000000000,20.79500000000000,0.00000000000000,13.31360000000000,27.3809,17808.3727,16.7071,16.7071,0.0000,16.4899,13.5308,13.5308,0.0000,-4.0769,17808.3727,NA
parkey.exe,39784,0x0,Other,-1,0,0,Composed: Copy with GPU GDI,17841.7673,NA,16.68750000000000,26.66850000000000,0.00000000000000,12.18270000000000,37.3619,17825.0798,16.6875,16.6875,0.0000,16.4870,12.3832,12.3832,0.0000,-9.9614,17825.0798,NA
parkey.exe,39784,0x0,Other,-1,0,0,Composed: Copy with GPU GDI,17858.1965,NA,16.42920000000000,1.11690000000000,0.00000000000000,11.99650000000000,22.0496,17841.7673,16.4292,16.4292,0.0000,16.2706,12.1551,12.1551,0.0000,15.5706,17841.7673,NA
parkey.exe,39784,0x0,Other,-1,0,0,Composed: Copy with GPU GDI,17874.7869,NA,16.59040000000000,32.24260000000000,0.00000000000000,13.00440000000000,37.7018,17858.1965,16.5904,16.5904,0.0000,16.4205,13.1743,13.1743,0.0000,-15.8134,17858.1965,NA
parkey.exe,39784,0x0,Other,-1,0,0,Composed: Copy with GPU GDI,17891.3978,NA,16.61090000000000,NA,0.00000000000000,12.07650000000000,NA,17874.7869,16.6109,16.6109,0.0000,16.4650,12.2224,12.2224,0.0000,NA,NA,NA
parkey.exe,39784,0x0,Other,-1,0,0,Composed: Copy with GPU GDI,17907.9369,NA,16.53910000000000,16.38200000000000,0.00000000000000,11.66510000000000,20.9338,17891.3978,16.5391,16.5391,0.0000,16.4046,11.7996,11.7996,0.0000,16.8193,17891.3978,NA
parkey.exe,39784,0x0,Other,-1,0,0,Composed: Copy with GPU GDI,17924.8449,NA,16.90800000000000,20.83510000000000,0.00000000000000,11.64100000000000,24.8609,17907.9369,16.9080,16.9080,0.0000,16.7418,11.8072,11.8072,0.0000,-4.2960,17907.9369,NA
parkey.exe,39784,0x0,Other,-1,0,0,Composed: Copy with GPU GDI,17941.4835,NA,16.63860000000000,13.88530000000000,0.00000000000000,13.18730000000000,22.1076,17924.8449,16.6386,16.6386,0.0000,16.4835,13.3424,13.3424,0.0000,3.0227,17924.8449,NA
parkey.exe,39784,0x0,Other,-1,0,0,Composed: Copy with GPU GDI,17958.0617,NA,16.57820000000000,32.29970000000000,0.00000000000000,12.22290000000000,37.8291,17941.4835,16.5782,16.5782,0.0000,16.3984,12.4027,12.4027,0.0000,-15.6611,17941.4835,NA
parkey.exe,39784,0x0,Other,-1,0,0,Composed: Copy with GPU GDI,17974.6583,NA,16.59660000000000,2.43720000000000,0.00000000000000,11.94060000000000,23.6697,17958.0617,16.5966,16.5966,0.0000,16.4613,12.0759,12.0759,0.0000,14.1410,17958.0617,NA
parkey.exe,39784,0x0,Other,-1,0,0,Composed: Copy with GPU GDI,17991.4744,NA,16.81610000000000,20.84030000000000,0.00000000000000,13.54650000000000,27.6939,17974.6583,16.8161,16.8161,0.0000,16.6528,13.7098,13.7098,0.0000,-4.2437,17974.6583,NA
parkey.exe,39784,0x0,Other,-1,0,0,Composed: Copy with GPU GDI,18008.2591,NA,16.78470000000000,13.90200000000000,0.00000000000000,12.13450000000000,24.8112,17991.4744,16.7847,16.7847,0.0000,16.5981,12.3211,12.3211,0.0000,2.9141,17991.4744,NA
parkey.exe,39784,0x0,Other,-1,0,0,Composed: Copy with GPU GDI,18024.9486,NA,16.68950000000000,13.89990000000000,0.00000000000000,13.10300000000000,22.0216,18008.2591,16.6895,16.6895,0.0000,16.5205,13.2720,13.2720,0.0000,2.8848,18008.2591,NA
parkey.exe,39784,0x0,Other,-1,0,0,Composed: Copy with GPU GDI,18041.7065,NA,16.75790000000000,20.75540000000000,0.00000000000000,12.44910000000000,26.0191,18024.9486,16.7579,16.7579,0.0000,16.5421,12.6649,12.6649,0.0000,-4.0659,18024.9486,NA
parkey.exe,39784,0x0,Other,-1,0,0,Composed: Copy with GPU GDI,18058.3200,NA,16.61350000000000,13.94410000000000,0.00000000000000,12.85330000000000,23.3497,18041.7065,16.6135,16.6135,0.0000,16.4280,13.0388,13.0388,0.0000,2.8138,18041.7065,NA
parkey.exe,39784,0x0,Other,-1,0,0,Composed: Copy with GPU GDI,18074.9834,NA,16.66340000000000,20.84340000000000,0.00000000000000,13.42210000000000,27.5297,18058.3200,16.6634,16.6634,0.0000,16.4564,13.6291,13.6291,0.0000,-4.2299,18058.3200,NA
parkey.exe,39784,0x0,Other,-1,0,0,Composed: Copy with GPU GDI,18091.6166,NA,16.63320000000000,13.89770000000000,0.00000000000000,12.30500000000000,24.7942,18074.9834,16.6332,16.6332,0.0000,16.4472,12.4910,12.4910,0.0000,2.7657,18074.9834,NA
parkey.exe,39784,0x0,Other,-1,0,0,Composed: Copy with GPU GDI,18108.2844,NA,16.66780000000000,13.88060000000000,0.00000000000000,13.08340000000000,22.0070,18091.6166,16.6678,16.6678,0.0000,16.4804,13.2708,13.2708,0.0000,2.7526,18091.6166,NA
parkey.exe,39784,0x0,Other,-1,0,0,Composed: Copy with GPU GDI,18125.2501,NA,16.96570000000000,20.78430000000000,0.00000000000000,12.34070000000000,25.8256,18108.2844,16.9657,16.9657,0.0000,16.8055,12.5009,12.5009,0.0000,-4.1165,18108.2844,NA
parkey.exe,39784,0x0,Other,-1,0,0,Composed: Copy with GPU GDI,18141.7911,NA,16.54100000000000,13.94560000000000,0.00000000000000,12.54460000000000,23.2302,18125.2501,16.5410,16.5410,0.0000,16.3631,12.7225,12.7225,0.0000,3.0201,18125.2501,NA
parkey.exe,39784,0x0,Other,-1,0,0,Composed: Copy with GPU GDI,18158.2557,NA,16.46460000000000,20.88290000000000,0.00000000000000,13.47810000000000,27.6485,18141.7911,16.4646,16.4646,0.0000,16.2850,13.6577,13.6577,0.0000,-4.3419,18141.7911,NA
parkey.exe,39784,0x0,Other,-1,0,0,Composed: Copy with GPU GDI,18175.0541,NA,16.79840000000000,26.82990000000000,0.00000000000000,12.29750000000000,37.6800,18158.2557,16.7984,16.7984,0.0000,16.6025,12.4934,12.4934,0.0000,-10.3653,18158.2557,NA
parkey.exe,39784,0x0,Other,-1,0,0,Composed: Copy with GPU GDI,18191.7362,NA,16.68210000000000,0.92390000000000,0.00000000000000,11.47090000000000,21.9218,18175.0541,16.6821,16.6821,0.0000,16.4855,11.6675,11.6675,0.0000,15.8745,18175.0541,NA
parkey.exe,39784,0x0,Other,-1,0,0,Composed: Copy with GPU GDI,18208.4243,NA,16.68810000000000,20.82460000000000,0.00000000000000,12.17360000000000,26.0583,18191.7362,16.6881,16.6881,0.0000,16.4915,12.3702,12.3702,0.0000,-4.1425,18191.7362,NA
parkey.exe,39784,0x0,Other,-1,0,0,Composed: Copy with GPU GDI,18224.9811,NA,16.55680000000000,13.93940000000000,0.00000000000000,12.58400000000000,23.4409,18208.4243,16.5568,16.5568,0.0000,16.3695,12.7713,12.7713,0.0000,2.7487,18208.4243,NA
parkey.exe,39784,0x0,Other,-1,0,0,Composed: Copy with GPU GDI,18241.6305,NA,16.64940000000000,20.79090000000000,0.00000000000000,13.63330000000000,27.5824,18224.9811,16.6494,16.6494,0.0000,16.4774,13.8053,13.8053,0.0000,-4.2341,18224.9811,NA
parkey.exe,39784,0x0,Other,-1,0,0,Composed: Copy with GPU GDI,18258.2938,NA,16.66330000000000,13.89000000000000,0.00000000000000,12.16980000000000,24.8091,18241.6305,16.6633,16.6633,0.0000,16.4852,12.3479,12.3479,0.0000,2.7594,18241.6305,NA
parkey.exe,39784,0x0,Other,-1,0,0,Composed: Copy with GPU GDI,18274.9903,NA,16.69650000000000,13.88540000000000,0.00000000000000,13.03160000000000,21.9980,18258.2938,16.6965,16.6965,0.0000,16.5133,13.2148,13.2148,0.0000,2.7779,18258.2938,NA
parkey.exe,39784,0x0,Other,-1,0,0,Composed: Copy with GPU GDI,18291.5952,NA,16.60490000000000,20.84390000000000,0.00000000000000,12.29660000000000,26.2370,18274.9903,16.6049,16.6049,0.0000,16.4153,12.4862,12.4862,0.0000,-4.1474,18274.9903,NA
parkey.exe,39784,0x0,Other,-1,0,0,Composed: Copy with GPU GDI,18308.3083,NA,16.71310000000000,13.89160000000000,0.00000000000000,12.55340000000000,23.4155,18291.5952,16.7131,16.7131,0.0000,16.5092,12.7573,12.7573,0.0000,2.7133,18291.5952,NA
parkey.exe,39784,0x0,Other,-1,0,0,Composed: Copy with GPU GDI,18325.0525,NA,16.74420000000000,20.83300000000000,0.00000000000000,13.44330000000000,27.5043,18308.3083,16.7442,16.7442,0.0000,16.5137,13.6738,13.6738,0.0000,-4.1199,18308.3083,NA
parkey.exe,39784,0x0,Other,-1,0,0,Composed: Copy with GPU GDI,18341.7441,NA,16.69160000000000,13.89900000000000,0.00000000000000,12.27960000000000,24.7117,18325.0525,16.6916,16.6916,0.0000,16.4922,12.4790,12.4790,0.0000,2.8452,18325.0525,NA
parkey.exe,39784,0x0,Other,-1,0,0,Composed: Copy with GPU GDI,18358.4315,NA,16.68740000000000,13.89210000000000,0.00000000000000,13.05130000000000,21.9164,18341.7441,16.6874,16.6874,0.0000,16.4996,13.2391,13.2391,0.0000,2.7995,18341.7441,NA
parkey.exe,39784,0x0,Other,-1,0,0,Composed: Copy with GPU GDI,18375.1634,NA,16.73190000000000,20.77060000000000,0.00000000000000,12.06250000000000,25.9551,18358.4315,16.7319,16.7319,0.0000,16.5420,12.2524,12.2524,0.0000,-4.0832,18358.4315,NA
parkey.exe,39784,0x0,Other,-1,0,0,Composed: Copy with GPU GDI,18391.6851,NA,16.52170000000000,13.94030000000000,0.00000000000000,12.19970000000000,23.3737,18375.1634,16.5217,16.5217,0.0000,16.3444,12.3770,12.3770,0.0000,2.7916,18375.1634,NA
parkey.exe,39784,0x0,Other,-1,0,0,Composed: Copy with GPU GDI,18408.3020,NA,16.61690000000000,20.86610000000000,0.00000000000000,13.44570000000000,27.6229,18391.6851,16.6169,16.6169,0.0000,16.4278,13.6348,13.6348,0.0000,-4.3444,18391.6851,NA
parkey.exe,39784,0x0,Other,-1,0,0,Composed: Copy with GPU GDI,18425.0507,NA,16.74870000000000,13.86930000000000,0.00000000000000,12.28270000000000,24.7435,18408.3020,16.7487,16.7487,0.0000,16.5546,12.4768,12.4768,0.0000,2.7476,18408.3020,NA
parkey.exe,39784,0x0,Other,-1,0,0,Composed: Copy with GPU GDI,18441.7065,NA,16.65580000000000,13.92280000000000,0.00000000000000,13.09170000000000,22.0105,18425.0507,16.6558,16.6558,0.0000,16.4657,13.2818,13.2818,0.0000,2.8259,18425.0507,NA
parkey.exe,39784,0x0,Other,-1,0,0,Composed: Copy with GPU GDI,18458.3130,NA,16.60650000000000,20.81860000000000,0.00000000000000,12.36770000000000,26.2226,18441.7065,16.6065,16.6065,0.0000,16.4394,12.5348,12.5348,0.0000,-4.1628,18441.7065,NA
parkey.exe,39784,0x0,Other,-1,0,0,Composed: Copy with GPU GDI,18475.0250,NA,16.71200000000000,13.87980000000000,0.00000000000000,12.52850000000000,23.3904,18458.3130,16.7120,16.7120,0.0000,16.5224,12.7181,12.7181,0.0000,2.7267,18458.3130,NA
parkey.exe,39784,0x0,Other,-1,0,0,Composed: Copy with GPU GDI,18491.7594,NA,16.73440000000000,20.84060000000000,0.00000000000000,13.48090000000000,27.4966,18475.0250,16.7344,16.7344,0.0000,16.5356,13.6797,13.6797,0.0000,-4.1286,18475.0250,NA
parkey.exe,39784,0x0,Other,-1,0,0,Composed: Copy with GPU GDI,18508.3282,NA,16.56880000000000,13.89200000000000,0.00000000000000,12.25900000000000,24.8198,18491.7594,16.5688,16.5688,0.0000,16.3731,12.4547,12.4547,0.0000,2.8424,18491.7594,NA
parkey.exe,39784,0x0,Other,-1,0,0,Composed: Copy with GPU GDI,18524.9300,NA,16.60180000000000,13.92040000000000,0.00000000000000,12.95250000000000,22.1384,18508.3282,16.6018,16.6018,0.0000,16.4187,13.1356,13.1356,0.0000,2.6484,18508.3282,NA
parkey.exe,39784,0x0,Other,-1,0,0,Composed: Copy with GPU GDI,18541.5733,NA,16.64330000000000,20.81040000000000,0.00000000000000,12.16170000000000,26.3055,18524.9300,16.6433,16.6433,0.0000,16.4616,12.3434,12.3434,0.0000,-4.2086,18524.9300,NA
parkey.exe,39784,0x0,Other,-1,0,0,Composed: Copy with GPU GDI,18558.2074,NA,16.63410000000000,13.88080000000000,0.00000000000000,12.61390000000000,23.5522,18541.5733,16.6341,16.6341,0.0000,16.4572,12.7908,12.7908,0.0000,2.7625,18541.5733,NA
parkey.exe,39784,0x0,Other,-1,0,0,Composed: Copy with GPU GDI,18574.9526,NA,16.74520000000000,13.89470000000000,0.00000000000000,13.05160000000000,20.7017,18558.2074,16.7452,16.7452,0.0000,16.5602,13.2366,13.2366,0.0000,2.7394,18558.2074,NA
parkey.exe,39784,0x0,Other,-1,0,0,Composed: Copy with GPU GDI,18591.8679,NA,16.91530000000000,20.85500000000000,0.00000000000000,12.29310000000000,24.6414,18574.9526,16.9153,16.9153,0.0000,16.6898,12.5186,12.5186,0.0000,-4.1098,18574.9526,NA
parkey.exe,39784,0x0,Other,-1,0,0,Composed: Copy with GPU GDI,18608.5429,NA,16.67500000000000,13.89430000000000,0.00000000000000,13.14420000000000,21.8607,18591.8679,16.6750,16.6750,0.0000,16.4834,13.3358,13.3358,0.0000,3.0210,18591.8679,NA
parkey.exe,39784,0x0,Other,-1,0,0,Composed: Copy with GPU GDI,18625.2979,NA,16.75500000000000,20.83290000000000,0.00000000000000,12.38390000000000,25.9386,18608.5429,16.7550,16.7550,0.0000,16.5403,12.5986,12.5986,0.0000,-4.1579,18608.5429,NA
parkey.exe,39784,0x0,Other,-1,0,0,Composed: Copy with GPU GDI,18641.7388,NA,16.44090000000000,13.88990000000000,0.00000000000000,12.47120000000000,23.3876,18625.2979,16.4409,16.4409,0.0000,16.2479,12.6642,12.6642,0.0000,2.8651,18625.2979,NA
parkey.exe,39784,0x0,Other,-1,0,0,Composed: Copy with GPU GDI,18658.2961,NA,16.55730000000000,13.87440000000000,0.00000000000000,12.76330000000000,20.7047,18641.7388,16.5573,16.5573,0.0000,16.3628,12.9578,12.9578,0.0000,2.5665,18641.7388,NA
parkey.exe,39784,0x0,Other,-1,0,0,Composed: Copy with GPU GDI,18675.0392,NA,16.74310000000000,20.85830000000000,0.00000000000000,11.45120000000000,24.8199,18658.2961,16.7431,16.7431,0.0000,16.5718,11.6225,11.6225,0.0000,-4.3010,18658.2961,NA
parkey.exe,39784,0x0,Other,-1,0,0,Composed: Copy with GPU GDI,18691.5971,NA,16.55790000000000,13.88020000000000,0.00000000000000,13.11080000000000,22.1422,18675.0392,16.5579,16.5579,0.0000,16.3807,13.2880,13.2880,0.0000,2.8629,18675.0392,NA
parkey.exe,39784,0x0,Other,-1,0,0,Composed: Copy with GPU GDI,18708.3798,NA,16.78270000000000,20.84160000000000,0.00000000000000,12.23930000000000,26.2011,18691.5971,16.7827,16.7827,0.0000,16.5734,12.4486,12.4486,0.0000,-4.2837,18691.5971,NA
parkey.exe,39784,0x0,Other,-1,0,0,Composed: Copy with GPU GDI,18724.9570,NA,16.57720000000000,13.86840000000000,0.00000000000000,12.55170000000000,23.4923,18708.3798,16.5772,16.5772,0.0000,16.3969,12.7320,12.7320,0.0000,2.9143,18708.3798,NA
parkey.exe,39784,0x0,Other,-1,0,0,Composed: Copy with GPU GDI,18741.7236,NA,16.76660000000000,20.79110000000000,0.00000000000000,13.62680000000000,27.5168,18724.9570,16.7666,16.7666,0.0000,16.5661,13.8273,13.8273,0.0000,-4.2139,18724.9570,NA
parkey.exe,39784,0x0,Other,-1,0,0,Composed: Copy with GPU GDI,18758.2612,NA,16.53760000000000,13.95170000000000,0.00000000000000,12.27720000000000,24.9309,18741.7236,16.5376,16.5376,0.0000,16.3727,12.4421,12.4421,0.0000,2.8149,18741.7236,NA
parkey.exe,39784,0x0,Other,-1,0,0,Composed: Copy with GPU GDI,18774.9245,NA,16.66330000000000,13.91330000000000,0.00000000000000,13.10610000000000,22.1809,18758.2612,16.6633,16.6633,0.0000,16.4764,13.2930,13.2930,0.0000,2.6243,18758.2612,NA
parkey.exe,39784,0x0,Other,-1,0,0,Composed: Copy with GPU GDI,18791.6366,NA,16.71210000000000,20.83870000000000,0.00000000000000,11.90080000000000,26.3075,18774.9245,16.7121,16.7121,0.0000,16.5354,12.0775,12.0775,0.0000,-4.1754,18774.9245,NA
parkey.exe,39784,0x0,Other,-1,0,0,Composed: Copy with GPU GDI,18808.3206,NA,16.68400000000000,13.85890000000000,0.00000000000000,12.57240000000000,23.4824,18791.6366,16.6840,16.6840,0.0000,16.4878,12.7686,12.7686,0.0000,2.8532,18791.6366,NA
parkey.exe,39784,0x0,Other,-1,0,0,Composed: Copy with GPU GDI,18825.0260,NA,16.70540000000000,13.89900000000000,0.00000000000000,12.93400000000000,20.6760,18808.3206,16.7054,16.7054,0.0000,16.4942,13.1452,13.1452,0.0000,2.7850,18808.3206,NA
parkey.exe,39784,0x0,Other,-1,0,0,Composed: Copy with GPU GDI,18841.9180,NA,16.89200000000000,20.84980000000000,0.00000000000000,11.44520000000000,24.6338,18825.0260,16.8920,16.8920,0.0000,16.6550,11.6822,11.6822,0.0000,-4.1444,18825.0260,NA
parkey.exe,39784,0x0,Other,-1,0,0,Composed: Copy with GPU GDI,18858.3567,NA,16.43870000000000,13.90260000000000,0.00000000000000,13.11640000000000,22.0977,18841.9180,16.4387,16.4387,0.0000,16.2568,13.2983,13.2983,0.0000,2.9894,18841.9180,NA
parkey.exe,39784,0x0,Other,-1,0,0,Composed: Copy with GPU GDI,18875.0469,NA,16.69020000000000,20.82430000000000,0.00000000000000,12.05640000000000,26.2318,18858.3567,16.6902,16.6902,0.0000,16.4982,12.2484,12.2484,0.0000,-4.3856,18858.3567,NA
parkey.exe,39784,0x0,Other,-1,0,0,Composed: Copy with GPU GDI,18891.6693,NA,16.62240000000000,13.88870000000000,0.00000000000000,12.57230000000000,23.4981,18875.0469,16.6224,16.6224,0.0000,16.4416,12.7531,12.7531,0.0000,2.8015,18875.0469,NA
parkey.exe,39784,0x0,Other,-1,0,0,Composed: Copy with GPU GDI,18908.3368,NA,16.66750000000000,20.79730000000000,0.00000000000000,13.00890000000000,27.6279,18891.6693,16.6675,16.6675,0.0000,16.4766,13.1998,13.1998,0.0000,-4.1749,18891.6693,NA
parkey.exe,39784,0x0,Other,-1,0,0,Composed: Copy with GPU GDI,18925.0132,NA,16.67640000000000,13.92600000000000,0.00000000000000,12.27620000000000,24.8775,18908.3368,16.6764,16.6764,0.0000,16.4831,12.4695,12.4695,0.0000,2.7415,18908.3368,NA
parkey.exe,39784,0x0,Other,-1,0,0,Composed: Copy with GPU GDI,18941.6876,NA,16.67440000000000,13.93480000000000,0.00000000000000,13.12710000000000,22.1379,18925.0132,16.6744,16.6744,0.0000,16.4702,13.3313,13.3313,0.0000,2.7416,18925.0132,NA
parkey.exe,39784,0x0,Other,-1,0,0,Composed: Copy with GPU GDI,18958.3285,NA,16.64090000000000,20.80470000000000,0.00000000000000,12.08720000000000,26.3017,18941.6876,16.6409,16.6409,0.0000,16.4568,12.2713,12.2713,0.0000,-4.1303,18941.6876,NA
parkey.exe,39784,0x0,Other,-1,0,0,Composed: Copy with GPU GDI,18974.9818,NA,16.65330000000000,13.87790000000000,0.00000000000000,12.54780000000000,23.5263,18958.3285,16.6533,16.6533,0.0000,16.4672,12.7339,12.7339,0.0000,2.7630,18958.3285,NA
parkey.exe,39784,0x0,Other,-1,0,0,Composed: Copy with GPU GDI,18991.5988,NA,16.61700000000000,13.87940000000000,0.00000000000000,13.01310000000000,20.7887,18974.9818,16.6170,16.6170,0.0000,16.4328,13.1973,13.1973,0.0000,2.7739,18974.9818,NA
parkey.exe,39784,0x0,Other,-1,0,0,Composed: Copy with GPU GDI,19008.2477,NA,16.64890000000000,20.84790000000000,0.00000000000000,11.66690000000000,24.9877,18991.5988,16.6489,16.6489,0.0000,16.4831,11.8327,11.8327,0.0000,-4.2309,18991.5988,NA
parkey.exe,39784,0x0,Other,-1,0,0,Composed: Copy with GPU GDI,19024.8779,NA,16.63020000000000,13.88370000000000,0.00000000000000,13.05730000000000,22.2412,19008.2477,16.6302,16.6302,0.0000,16.4565,13.2310,13.2310,0.0000,2.7652,19008.2477,NA
parkey.exe,39784,0x0,Other,-1,0,0,Composed: Copy with GPU GDI,19041.4033,NA,16.52540000000000,32.98430000000000,0.00000000000000,12.59790000000000,38.7001,19024.8779,16.5254,16.5254,0.0000,16.3445,12.7788,12.7788,0.0000,-16.3541,19024.8779,NA
parkey.exe,39784,0x0,Other,-1,0,0,Composed: Copy with GPU GDI,19057.9516,NA,16.54830000000000,1.73150000000000,0.00000000000000,11.41800000000000,23.8833,19041.4033,16.5483,16.5483,0.0000,16.4034,11.5629,11.5629,0.0000,14.7939,19041.4033,NA
parkey.exe,39784,0x0,Other,-1,0,0,Composed: Copy with GPU GDI,19074.5826,NA,16.63100000000000,13.90600000000000,0.00000000000000,13.26600000000000,21.1583,19057.9516,16.6310,16.6310,0.0000,16.4591,13.4379,13.4379,0.0000,2.6423,19057.9516,NA
parkey.exe,39784,0x0,Other,-1,0,0,Composed: Copy with GPU GDI,19091.2784,NA,16.69580000000000,17.72170000000000,0.00000000000000,10.78510000000000,22.1842,19074.5826,16.6958,16.6958,0.0000,16.5519,10.9290,10.9290,0.0000,-1.0907,19074.5826,NA
parkey.exe,39784,0x0,Other,-1,0,0,Composed: Copy with GPU GDI,19108.0449,NA,16.76650000000000,16.68260000000000,0.00000000000000,11.47670000000000,22.1003,19091.2784,16.7665,16.7665,0.0000,16.6347,11.6085,11.6085,0.0000,0.0132,19091.2784,NA
parkey.exe,39784,0x0,Other,-1,0,0,Composed: Copy with GPU GDI,19124.6544,NA,16.60950000000000,16.67650000000000,0.00000000000000,12.35880000000000,22.1673,19108.0449,16.6095,16.6095,0.0000,16.4720,12.4963,12.4963,0.0000,0.0900,19108.0449,NA
parkey.exe,39784,0x0,Other,-1,0,0,Composed: Copy with GPU GDI,19141.5664,NA,16.91200000000000,16.68200000000000,0.00000000000000,12.23150000000000,21.9373,19124.6544,16.9120,16.9120,0.0000,16.7555,12.3880,12.3880,0.0000,-0.0725,19124.6544,NA
parkey.exe,39784,0x0,Other,-1,0,0,Composed: Copy with GPU GDI,19157.8256,NA,16.25920000000000,16.67970000000000,0.00000000000000,11.06580000000000,22.3578,19141.5664,16.2592,16.2592,0.0000,16.1160,11.2090,11.2090,0.0000,0.2323,19141.5664,NA
parkey.exe,39784,0x0,Other,-1,0,0,Composed: Copy with GPU GDI,19174.5877,NA,16.76210000000000,16.68030000000000,0.00000000000000,10.74760000000000,22.2760,19157.8256,16.7621,16.7621,0.0000,16.6182,10.8915,10.8915,0.0000,-0.4211,19157.8256,NA
parkey.exe,39784,0x0,Other,-1,0,0,Composed: Copy with GPU GDI,19191.0749,NA,16.48720000000000,16.68550000000000,0.00000000000000,10.75500000000000,22.4743,19174.5877,16.4872,16.4872,0.0000,16.3616,10.8806,10.8806,0.0000,0.0766,19174.5877,NA
parkey.exe,39784,0x0,Other,-1,0,0,Composed: Copy with GPU GDI,19208.1632,NA,17.08830000000000,16.68770000000000,0.00000000000000,11.61280000000000,22.0737,19191.0749,17.0883,17.0883,0.0000,16.9088,11.7923,11.7923,0.0000,-0.2005,19191.0749,NA
parkey.exe,39784,0x0,Other,-1,0,0,Composed: Copy with GPU GDI,19224.8830,NA,16.71980000000000,16.65990000000000,0.00000000000000,12.65780000000000,22.0138,19208.1632,16.7198,16.7198,0.0000,16.5421,12.8355,12.8355,0.0000,0.4284,19208.1632,NA
parkey.exe,39784,0x0,Other,-1,0,0,Composed: Copy with GPU GDI,19241.6537,NA,16.77070000000000,16.68550000000000,0.00000000000000,12.21240000000000,21.9286,19224.8830,16.7707,16.7707,0.0000,16.5637,12.4194,12.4194,0.0000,0.0343,19224.8830,NA
parkey.exe,39784,0x0,Other,-1,0,0,Composed: Copy with GPU GDI,19258.2962,NA,16.64250000000000,16.68410000000000,0.00000000000000,11.60190000000000,21.9702,19241.6537,16.6425,16.6425,0.0000,16.4541,11.7903,11.7903,0.0000,0.0866,19241.6537,NA
parkey.exe,39784,0x0,Other,-1,0,0,Composed: Copy with GPU GDI,19274.9963,NA,16.70010000000000,16.68930000000000,0.00000000000000,12.94420000000000,21.9594,19258.2962,16.7001,16.7001,0.0000,16.5128,13.1315,13.1315,0.0000,-0.0468,19258.2962,NA
parkey.exe,39784,0x0,Other,-1,0,0,Composed: Copy with GPU GDI,19291.7317,NA,16.73540000000000,27.93560000000000,0.00000000000000,13.43400000000000,33.1596,19274.9963,16.7354,16.7354,0.0000,16.5141,13.6553,13.6553,0.0000,-11.2355,19274.9963,NA
parkey.exe,39784,0x0,Other,-1,0,0,Composed: Copy with GPU GDI,19308.4933,NA,16.76160000000000,7.00150000000000,0.00000000000000,12.20890000000000,23.3995,19291.7317,16.7616,16.7616,0.0000,16.4998,12.4707,12.4707,0.0000,9.7339,19291.7317,NA
parkey.exe,39784,0x0,Other,-1,0,0,Composed: Copy with GPU GDI,19325.0526,NA,16.55930000000000,13.89770000000000,0.00000000000000,12.98360000000000,20.7379,19308.4933,16.5593,16.5593,0.0000,16.3929,13.1500,13.1500,0.0000,2.8639,19308.4933,NA
parkey.exe,39784,0x0,Other,-1,0,0,Composed: Copy with GPU GDI,19341.7552,NA,16.70260000000000,20.82540000000000,0.00000000000000,12.37830000000000,24.8607,19325.0526,16.7026,16.7026,0.0000,16.4877,12.5932,12.5932,0.0000,-4.2661,19325.0526,NA
parkey.exe,39784,0x0,Other,-1,0,0,Composed: Copy with GPU GDI,19358.2322,NA,16.47700000000000,13.89890000000000,0.00000000000000,13.05380000000000,22.2826,19341.7552,16.4770,16.4770,0.0000,16.2939,13.2369,13.2369,0.0000,2.8037,19341.7552,NA
parkey.exe,39784,0x0,Other,-1,0,0,Composed: Copy with GPU GDI,19374.9758,NA,16.74360000000000,20.79560000000000,0.00000000000000,12.47800000000000,26.3346,19358.2322,16.7436,16.7436,0.0000,16.5513,12.6703,12.6703,0.0000,-4.3186,19358.2322,NA
parkey.exe,39784,0x0,Other,-1,0,0,Composed: Copy with GPU GDI,19391.5944,NA,16.61860000000000,13.92780000000000,0.00000000000000,12.01230000000000,23.6438,19374.9758,16.6186,16.6186,0.0000,16.4349,12.1960,12.1960,0.0000,2.8158,19374.9758,NA
parkey.exe,39784,0x0,Other,-1,0,0,Composed: Copy with GPU GDI,19408.3142,NA,16.71980000000000,13.89170000000000,0.00000000000000,12.72570000000000,20.8157,19391.5944,16.7198,16.7198,0.0000,16.5356,12.9099,12.9099,0.0000,2.7269,19391.5944,NA
parkey.exe,39784,0x0,Other,-1,0,0,Composed: Copy with GPU GDI,19424.7953,NA,16.48110000000000,17.93730000000000,0.00000000000000,10.80030000000000,22.2719,19408.3142,16.4811,16.4811,0.0000,16.3141,10.9673,10.9673,0.0000,-1.2175,19408.3142,NA
parkey.exe,39784,0x0,Other,-1,0,0,Composed: Copy with GPU GDI,19441.2485,NA,16.45320000000000,16.68420000000000,0.00000000000000,10.74790000000000,22.5029,19424.7953,16.4532,16.4532,0.0000,16.3255,10.8756,10.8756,0.0000,-0.2031,19424.7953,NA
parkey.exe,39784,0x0,Other,-1,0,0,Composed: Copy with GPU GDI,19458.2623,NA,17.01380000000000,16.68400000000000,0.00000000000000,13.16630000000000,22.1731,19441.2485,17.0138,17.0138,0.0000,16.8621,13.3180,13.3180,0.0000,-0.2308,19441.2485,NA
parkey.exe,39784,0x0,Other,-1,0,0,Composed: Copy with GPU GDI,19475.4266,NA,17.16430000000000,25.03520000000000,0.00000000000000,13.21400000000000,30.0440,19458.2623,17.1643,17.1643,0.0000,16.9569,13.4214,13.4214,0.0000,-8.0214,19458.2623,NA
parkey.exe,39784,0x0,Other,-1,0,0,Composed: Copy with GPU GDI,19491.8500,NA,16.42340000000000,13.95910000000000,0.00000000000000,13.49510000000000,27.5797,19475.4266,16.4234,16.4234,0.0000,16.2424,13.6761,13.6761,0.0000,3.2052,19475.4266,NA
parkey.exe,39784,0x0,Other,-1,0,0,Composed: Copy with GPU GDI,19508.3087,NA,16.45870000000000,13.89580000000000,0.00000000000000,11.63320000000000,25.0168,19491.8500,16.4587,16.4587,0.0000,16.2684,11.8235,11.8235,0.0000,2.5276,19491.8500,NA
parkey.exe,39784,0x0,Other,-1,0,0,Composed: Copy with GPU GDI,19524.9056,NA,16.59690000000000,13.89500000000000,0.00000000000000,13.04510000000000,22.3149,19508.3087,16.5969,16.5969,0.0000,16.4083,13.2337,13.2337,0.0000,2.5637,19508.3087,NA
parkey.exe,39784,0x0,Other,-1,0,0,Composed: Copy with GPU GDI,19541.7203,NA,16.81470000000000,20.82750000000000,0.00000000000000,11.92800000000000,26.3277,19524.9056,16.8147,16.8147,0.0000,16.6315,12.1112,12.1112,0.0000,-4.2306,19524.9056,NA
parkey.exe,39784,0x0,Other,-1,0,0,Composed: Copy with GPU GDI,19558.4102,NA,16.68990000000000,13.88550000000000,0.00000000000000,12.62410000000000,23.5233,19541.7203,16.6899,16.6899,0.0000,16.4978,12.8162,12.8162,0.0000,2.9292,19541.7203,NA
parkey.exe,39784,0x0,Other,-1,0,0,Composed: Copy with GPU GDI,19574.9773,NA,16.56710000000000,13.90000000000000,0.00000000000000,12.96610000000000,20.8562,19558.4102,16.5671,16.5671,0.0000,16.3793,13.1539,13.1539,0.0000,2.7899,19558.4102,NA
parkey.exe,39784,0x0,Other,-1,0,0,Composed: Copy with GPU GDI,19591.6972,NA,16.71990000000000,20.83910000000000,0.00000000000000,12.02580000000000,24.9754,19574.9773,16.7199,16.7199,0.0000,16.5350,12.2107,12.2107,0.0000,-4.2720,19574.9773,NA
parkey.exe,39784,0x0,Other,-1,0,0,Composed: Copy with GPU GDI,19608.2566,NA,16.55940000000000,13.87850000000000,0.00000000000000,12.88840000000000,22.2945,19591.6972,16.5594,16.5594,0.0000,16.3513,13.0965,13.0965,0.0000,2.8414,19591.6972,NA
parkey.exe,39784,0x0,Other,-1,0,0,Composed: Copy with GPU GDI,19624.9963,NA,16.73970000000000,20.83430000000000,0.00000000000000,12.29920000000000,26.3891,19608.2566,16.7397,16.7397,0.0000,16.5455,12.4934,12.4934,0.0000,-4.2749,19608.2566,NA
parkey.exe,39784,0x0,Other,-1,0,0,Composed: Copy with GPU GDI,19641.5797,NA,16.58340000000000,13.90370000000000,0.00000000000000,12.58100000000000,23.7094,19624.9963,16.5834,16.5834,0.0000,16.4011,12.7633,12.7633,0.0000,2.8360,19624.9963,NA
parkey.exe,39784,0x0,Other,-1,0,0,Composed: Copy with GPU GDI,19658.2682,NA,16.68850000000000,13.89300000000000,0.00000000000000,12.34970000000000,20.9139,19641.5797,16.6885,16.6885,0.0000,16.5123,12.5259,12.5259,0.0000,2.6904,19641.5797,NA
parkey.exe,39784,0x0,Other,-1,0,0,Composed: Copy with GPU GDI,19675.1160,NA,16.84780000000000,20.84500000000000,0.00000000000000,12.71670000000000,24.9111,19658.2682,16.8478,16.8478,0.0000,16.6281,12.9364,12.9364,0.0000,-4.1565,19658.2682,NA
parkey.exe,39784,0x0,Other,-1,0,0,Composed: Copy with GPU GDI,19691.6422,NA,16.52620000000000,13.88040000000000,0.00000000000000,13.24220000000000,22.2653,19675.1160,16.5262,16.5262,0.0000,16.3375,13.4309,13.4309,0.0000,2.9674,19675.1160,NA
parkey.exe,39784,0x0,Other,-1,0,0,Composed: Copy with GPU GDI,19708.3931,NA,16.75090000000000,27.71870000000000,0.00000000000000,13.62200000000000,33.2331,19691.6422,16.7509,16.7509,0.0000,16.7629,13.6100,13.6100,0.0000,-11.1925,19691.6422,NA
parkey.exe,39784,0x0,Other,-1,0,0,Composed: Copy with GPU GDI,19725.0651,NA,16.67200000000000,7.01870000000000,0.00000000000000,12.20060000000000,23.5798,19708.3931,16.6720,16.6720,0.0000,16.4876,12.3850,12.3850,0.0000,9.7322,19708.3931,NA
parkey.exe,39784,0x0,Other,-1,0,0,Composed: Copy with GPU GDI,19741.6134,NA,16.54830000000000,20.77040000000000,0.00000000000000,12.34200000000000,27.8019,19725.0651,16.5483,16.5483,0.0000,16.3564,12.5339,12.5339,0.0000,-4.0984,19725.0651,NA
parkey.exe,39784,0x0,Other,-1,0,0,Composed: Copy with GPU GDI,19758.4779,NA,16.86450000000000,13.94000000000000,0.00000000000000,12.39140000000000,24.8774,19741.6134,16.8645,16.8645,0.0000,16.6751,12.5808,12.5808,0.0000,2.6083,19741.6134,NA
parkey.exe,39784,0x0,Other,-1,0,0,Composed: Copy with GPU GDI,19775.0860,NA,16.60810000000000,20.84520000000000,0.00000000000000,12.12890000000000,29.1145,19758.4779,16.6081,16.6081,0.0000,16.3866,12.3504,12.3504,0.0000,-3.9807,19758.4779,NA
parkey.exe,39784,0x0,Other,-1,0,0,Composed: Copy with GPU GDI,19791.6842,NA,16.59820000000000,13.90220000000000,0.00000000000000,11.46980000000000,26.4185,19775.0860,16.5982,16.5982,0.0000,16.4163,11.6517,11.6517,0.0000,2.7059,19775.0860,NA
parkey.exe,39784,0x0,Other,-1,0,0,Composed: Copy with GPU GDI,19808.3212,NA,16.63700000000000,13.83190000000000,0.00000000000000,12.60410000000000,23.6134,19791.6842,16.6370,16.6370,0.0000,16.4203,12.8208,12.8208,0.0000,2.7663,19791.6842,NA
parkey.exe,39784,0x0,Other,-1,0,0,Composed: Copy with GPU GDI,19825.0886,NA,16.76740000000000,20.90940000000000,0.00000000000000,13.45580000000000,27.7554,19808.3212,16.7674,16.7674,0.0000,16.5701,13.6531,13.6531,0.0000,-4.2724,19808.3212,NA
parkey.exe,39784,0x0,Other,-1,0,0,Composed: Copy with GPU GDI,19841.7284,NA,16.63980000000000,13.82160000000000,0.00000000000000,11.93850000000000,24.9372,19825.0886,16.6398,16.6398,0.0000,16.4301,12.1482,12.1482,0.0000,2.9458,19825.0886,NA
parkey.exe,39784,0x0,Other,-1,0,0,Composed: Copy with GPU GDI,19858.2568,NA,16.52840000000000,13.93180000000000,0.00000000000000,13.31720000000000,22.3406,19841.7284,16.5284,16.5284,0.0000,16.3064,13.5392,13.5392,0.0000,2.7080,19841.7284,NA
parkey.exe,39784,0x0,Other,-1,0,0,Composed: Copy with GPU GDI,19874.9988,NA,16.74200000000000,33.51800000000000,0.00000000000000,12.36920000000000,39.1166,19858.2568,16.7420,16.7420,0.0000,16.5470,12.5642,12.5642,0.0000,-16.9896,19858.2568,NA
parkey.exe,39784,0x0,Other,-1,0,0,Composed: Copy with GPU GDI,19891.5942,NA,16.59540000000000,8.10400000000000,0.00000000000000,12.30020000000000,30.6252,19874.9988,16.5954,16.5954,0.0000,16.4052,12.4904,12.4904,0.0000,8.6380,19874.9988,NA
parkey.exe,39784,0x0,Other,-1,0,0,Composed: Copy with GPU GDI,19908.2715,NA,16.67730000000000,7.00890000000000,0.00000000000000,12.88830000000000,20.9568,19891.5942,16.6773,16.6773,0.0000,16.4855,13.0801,13.0801,0.0000,9.5865,19891.5942,NA
parkey.exe,39784,0x0,Other,-1,0,0,Composed: Copy with GPU GDI,19925.0973,NA,16.82580000000000,27.71880000000000,0.00000000000000,12.83390000000000,31.8498,19908.2715,16.8258,16.8258,0.0000,16.6212,13.0385,13.0385,0.0000,-11.0415,19908.2715,NA
parkey.exe,39784,0x0,Other,-1,0,0,Composed: Copy with GPU GDI,19941.6684,NA,16.57110000000000,7.00250000000000,0.00000000000000,12.48370000000000,22.2812,19925.0973,16.5711,16.5711,0.0000,16.3797,12.6751,12.6751,0.0000,9.8233,19925.0973,NA
parkey.exe,39784,0x0,Other,-1,0,0,Composed: Copy with GPU GDI,19958.5001,NA,16.83170000000000,20.84110000000000,0.00000000000000,13.39600000000000,26.2906,19941.6684,16.8317,16.8317,0.0000,16.7759,13.4518,13.4518,0.0000,-4.2700,19941.6684,NA
parkey.exe,39784,0x0,Other,-1,0,0,Composed: Copy with GPU GDI,19975.0018,NA,16.50170000000000,20.76100000000000,0.00000000000000,13.26280000000000,30.5499,19958.5001,16.5017,16.5017,0.0000,16.3066,13.4579,13.4579,0.0000,-3.9293,19958.5001,NA
parkey.exe,39784,0x0,Other,-1,0,0,Composed: Copy with GPU GDI,19991.6390,NA,16.63720000000000,13.90590000000000,0.00000000000000,13.41350000000000,27.8186,19975.0018,16.6372,16.6372,0.0000,16.4545,13.5962,13.5962,0.0000,2.5958,19975.0018,NA
parkey.exe,39784,0x0,Other,-1,0,0,Composed: Copy with GPU GDI,20008.6258,NA,16.98680000000000,13.93940000000000,0.00000000000000,12.95390000000000,24.7712,19991.6390,16.9868,16.9868,0.0000,16.7942,13.1465,13.1465,0.0000,2.6978,19991.6390,NA
parkey.exe,39784,0x0,Other,-1,0,0,Composed: Copy with GPU GDI,20024.9557,NA,16.32990000000000,13.89910000000000,0.00000000000000,13.17250000000000,22.3404,20008.6258,16.3299,16.3299,0.0000,16.1470,13.3554,13.3554,0.0000,3.0877,20008.6258,NA
parkey.exe,39784,0x0,Other,-1,0,0,Composed: Copy with GPU GDI,20041.6020,NA,16.64630000000000,20.78420000000000,0.00000000000000,13.28520000000000,26.4783,20024.9557,16.6463,16.6463,0.0000,16.4357,13.4958,13.4958,0.0000,-4.4543,20024.9557,NA
parkey.exe,39784,0x0,Other,-1,0,0,Composed: Copy with GPU GDI,20058.2981,NA,16.69610000000000,13.89330000000000,0.00000000000000,13.47320000000000,23.6755,20041.6020,16.6961,16.6961,0.0000,16.5026,13.6667,13.6667,0.0000,2.7530,20041.6020,NA
parkey.exe,39784,0x0,Other,-1,0,0,Composed: Copy with GPU GDI,20075.0206,NA,16.72250000000000,13.95150000000000,0.00000000000000,13.29790000000000,20.9045,20058.2981,16.7225,16.7225,0.0000,16.5301,13.4903,13.4903,0.0000,2.7446,20058.2981,NA
parkey.exe,39784,0x0,Other,-1,0,0,Composed: Copy with GPU GDI,20091.7001,NA,16.67950000000000,20.77750000000000,0.00000000000000,11.72410000000000,25.0025,20075.0206,16.6795,16.6795,0.0000,16.5027,11.9009,11.9009,0.0000,-4.0550,20075.0206,NA
parkey.exe,39784,0x0,Other,-1,0,0,Composed: Copy with GPU GDI,20108.2203,NA,16.52020000000000,13.93980000000000,0.00000000000000,13.50990000000000,22.4221,20091.7001,16.5202,16.5202,0.0000,16.3363,13.6938,13.6938,0.0000,2.7397,20091.7001,NA
parkey.exe,39784,0x0,Other,-1,0,0,Composed: Copy with GPU GDI,20125.0770,NA,16.85670000000000,20.81680000000000,0.00000000000000,12.29570000000000,26.3822,20108.2203,16.8567,16.8567,0.0000,16.6681,12.4843,12.4843,0.0000,-4.2966,20108.2203,NA
parkey.exe,39784,0x0,Other,-1,0,0,Composed: Copy with GPU GDI,20141.7044,NA,16.62740000000000,13.87740000000000,0.00000000000000,12.92200000000000,23.6322,20125.0770,16.6274,16.6274,0.0000,16.4295,13.1199,13.1199,0.0000,2.9793,20125.0770,NA
parkey.exe,39784,0x0,Other,-1,0,0,Composed: Copy with GPU GDI,20158.2385,NA,16.53410000000000,20.81810000000000,0.00000000000000,13.28810000000000,27.9162,20141.7044,16.5341,16.5341,0.0000,16.3424,13.4798,13.4798,0.0000,-4.1907,20141.7044,NA
parkey.exe,39784,0x0,Other,-1,0,0,Composed: Copy with GPU GDI,20175.0072,NA,16.76870000000000,13.96200000000000,0.00000000000000,13.90840000000000,25.1095,20158.2385,16.7687,16.7687,0.0000,16.5773,14.0998,14.0998,0.0000,2.5721,20158.2385,NA
parkey.exe,39784,0x0,Other,-1,0,0,Composed: Copy with GPU GDI,20191.6262,NA,16.61900000000000,13.86310000000000,0.00000000000000,12.89430000000000,22.3536,20175.0072,16.6190,16.6190,0.0000,16.4325,13.0808,13.0808,0.0000,2.9056,20175.0072,NA
parkey.exe,39784,0x0,Other,-1,0,0,Composed: Copy with GPU GDI,20208.3257,NA,16.69950000000000,33.73650000000000,0.00000000000000,12.42430000000000,39.3906,20191.6262,16.6995,16.6995,0.0000,16.4877,12.6361,12.6361,0.0000,-17.1175,20191.6262,NA
parkey.exe,39784,0x0,Other,-1,0,0,Composed: Copy with GPU GDI,20224.9507,NA,16.62500000000000,7.88320000000000,0.00000000000000,12.27900000000000,30.6488,20208.3257,16.6250,16.6250,0.0000,16.4258,12.4782,12.4782,0.0000,8.8163,20208.3257,NA
parkey.exe,39784,0x0,Other,-1,0,0,Composed: Copy with GPU GDI,20241.6266,NA,16.67590000000000,7.01400000000000,0.00000000000000,13.09630000000000,20.9869,20224.9507,16.6759,16.6759,0.0000,16.4941,13.2781,13.2781,0.0000,9.6110,20224.9507,NA
parkey.exe,39784,0x0,Other,-1,0,0,Composed: Copy with GPU GDI,20257.9918,NA,16.36520000000000,18.47360000000000,0.00000000000000,11.09640000000000,23.0953,20241.6266,16.3652,16.3652,0.0000,16.2018,11.2598,11.2598,0.0000,-1.7977,20241.6266,NA
parkey.exe,39784,0x0,Other,-1,0,0,Composed: Copy with GPU GDI,20274.9908,NA,16.99900000000000,16.67220000000000,0.00000000000000,11.04430000000000,22.7685,20257.9918,16.9990,16.9990,0.0000,16.8204,11.2229,11.2229,0.0000,-0.3070,20257.9918,NA
parkey.exe,39784,0x0,Other,-1,0,0,Composed: Copy with GPU GDI,20291.3091,NA,16.31830000000000,16.67980000000000,0.00000000000000,12.22640000000000,23.1300,20274.9908,16.3183,16.3183,0.0000,16.1436,12.4011,12.4011,0.0000,0.3192,20274.9908,NA
parkey.exe,39784,0x0,Other,-1,0,0,Composed: Copy with GPU GDI,20308.0159,NA,16.70680000000000,16.67930000000000,0.00000000000000,10.58980000000000,23.1025,20291.3091,16.7068,16.7068,0.0000,16.5681,10.7285,10.7285,0.0000,-0.3610,20291.3091,NA
parkey.exe,39784,0x0,Other,-1,0,0,Composed: Copy with GPU GDI,20324.3873,NA,16.37140000000000,16.68060000000000,0.00000000000000,13.34180000000000,23.4117,20308.0159,16.3714,16.3714,0.0000,16.2421,13.4711,13.4711,0.0000,0.0262,20308.0159,NA
parkey.exe,39784,0x0,Other,-1,0,0,Composed: Copy with GPU GDI,20341.2656,NA,16.87830000000000,16.68460000000000,0.00000000000000,11.09560000000000,23.2180,20324.3873,16.8783,16.8783,0.0000,16.7338,11.2401,11.2401,0.0000,-0.3132,20324.3873,NA
parkey.exe,39784,0x0,Other,-1,0,0,Composed: Copy with GPU GDI,20358.1672,NA,16.90160000000000,16.67500000000000,0.00000000000000,10.68330000000000,22.9914,20341.2656,16.9016,16.9016,0.0000,16.7224,10.8625,10.8625,0.0000,0.2033,20341.2656,NA
parkey.exe,39784,0x0,Other,-1,0,0,Composed: Copy with GPU GDI,20374.3835,NA,16.21630000000000,16.68410000000000,0.00000000000000,12.51280000000000,23.4592,20358.1672,16.2163,16.2163,0.0000,16.0599,12.6692,12.6692,0.0000,0.2175,20358.1672,NA
parkey.exe,39784,0x0,Other,-1,0,0,Composed: Copy with GPU GDI,20391.1213,NA,16.73780000000000,16.69050000000000,0.00000000000000,10.57940000000000,23.4119,20374.3835,16.7378,16.7378,0.0000,16.5886,10.7286,10.7286,0.0000,-0.4742,20374.3835,NA
parkey.exe,39784,0x0,Other,-1,0,0,Composed: Copy with GPU GDI,20408.2569,NA,17.13560000000000,16.66840000000000,0.00000000000000,12.85200000000000,22.9447,20391.1213,17.1356,17.1356,0.0000,16.9267,13.0609,13.0609,0.0000,0.0694,20391.1213,NA
parkey.exe,39784,0x0,Other,-1,0,0,Composed: Copy with GPU GDI,20425.0024,NA,16.74550000000000,16.67980000000000,0.00000000000000,13.42060000000000,22.8790,20408.2569,16.7455,16.7455,0.0000,16.5426,13.6235,13.6235,0.0000,0.4558,20408.2569,NA
parkey.exe,39784,0x0,Other,-1,0,0,Composed: Copy with GPU GDI,20441.5384,NA,16.53600000000000,16.67870000000000,0.00000000000000,11.69840000000000,23.0217,20425.0024,16.5360,16.5360,0.0000,16.3488,11.8856,11.8856,0.0000,0.0668,20425.0024,NA
parkey.exe,39784,0x0,Other,-1,0,0,Composed: Copy with GPU GDI,20458.3577,NA,16.81930000000000,16.68110000000000,0.00000000000000,13.97390000000000,22.8835,20441.5384,16.8193,16.8193,0.0000,16.6201,14.1731,14.1731,0.0000,-0.1451,20441.5384,NA
parkey.exe,39784,0x0,Other,-1,0,0,Composed: Copy with GPU GDI,20475.1293,NA,16.77160000000000,NA,0.00000000000000,12.93010000000000,NA,20458.3577,16.7716,16.7716,0.0000,16.5379,13.1638,13.1638,0.0000,NA,NA,NA
parkey.exe,39784,0x0,Other,-1,0,0,Composed: Copy with GPU GDI,20491.7563,NA,16.62700000000000,31.42980000000000,0.00000000000000,13.36350000000000,20.9147,20475.1293,16.6270,16.6270,0.0000,16.4298,13.5607,13.5607,0.0000,2.1611,20475.1293,NA
parkey.exe,39784,0x0,Other,-1,0,0,Composed: Copy with GPU GDI,20508.2979,NA,16.54160000000000,20.76220000000000,0.00000000000000,12.95090000000000,25.1353,20491.7563,16.5416,16.5416,0.0000,16.3574,13.1351,13.1351,0.0000,-4.1352,20491.7563,NA
parkey.exe,39784,0x0,Other,-1,0,0,Composed: Copy with GPU GDI,20524.9946,NA,16.69670000000000,13.89500000000000,0.00000000000000,13.32380000000000,22.3336,20508.2979,16.6967,16.6967,0.0000,16.5140,13.5065,13.5065,0.0000,2.6466,20508.2979,NA
parkey.exe,39784,0x0,Other,-1,0,0,Composed: Copy with GPU GDI,20541.7025,NA,16.70790000000000,20.86200000000000,0.00000000000000,13.60470000000000,26.4877,20524.9946,16.7079,16.7079,0.0000,16.5092,13.8034,13.8034,0.0000,-4.1653,20524.9946,NA
parkey.exe,39784,0x0,Other,-1,0,0,Composed: Copy with GPU GDI,20558.4977,NA,16.79520000000000,13.86950000000000,0.00000000000000,13.41050000000000,23.5620,20541.7025,16.7952,16.7952,0.0000,16.5987,13.6070,13.6070,0.0000,2.8384,20541.7025,NA
parkey.exe,39784,0x0,Other,-1,0,0,Composed: Copy with GPU GDI,20574.8801,NA,16.38240000000000,20.83610000000000,0.00000000000000,13.32890000000000,28.0157,20558.4977,16.3824,16.3824,0.0000,16.1995,13.5118,13.5118,0.0000,-4.0409,20558.4977,NA
parkey.exe,39784,0x0,Other,-1,0,0,Composed: Copy with GPU GDI,20591.7267,NA,16.84660000000000,20.82720000000000,0.00000000000000,13.44760000000000,31.9963,20574.8801,16.8466,16.8466,0.0000,16.6327,13.6615,13.6615,0.0000,-4.4448,20574.8801,NA
parkey.exe,39784,0x0,Other,-1,0,0,Composed: Copy with GPU GDI,20608.3374,NA,16.61070000000000,6.97100000000000,0.00000000000000,13.29870000000000,22.3566,20591.7267,16.6107,16.6107,0.0000,16.3972,13.5122,13.5122,0.0000,9.8756,20591.7267,NA
parkey.exe,39784,0x0,Other,-1,0,0,Composed: Copy with GPU GDI,20624.9592,NA,16.62180000000000,20.82550000000000,0.00000000000000,13.39310000000000,26.5603,20608.3374,16.6218,16.6218,0.0000,16.4224,13.5925,13.5925,0.0000,-4.2148,20608.3374,NA
parkey.exe,39784,0x0,Other,-1,0,0,Composed: Copy with GPU GDI,20641.6534,NA,16.69420000000000,13.88360000000000,0.00000000000000,13.42870000000000,23.7497,20624.9592,16.6942,16.6942,0.0000,16.5026,13.6203,13.6203,0.0000,2.7382,20624.9592,NA
parkey.exe,39784,0x0,Other,-1,0,0,Composed: Copy with GPU GDI,20658.3221,NA,16.66870000000000,20.84100000000000,0.00000000000000,13.34270000000000,27.9220,20641.6534,16.6687,16.6687,0.0000,16.4770,13.5344,13.5344,0.0000,-4.1468,20641.6534,NA
parkey.exe,39784,0x0,Other,-1,0,0,Composed: Copy with GPU GDI,20674.9609,NA,16.63880000000000,20.82600000000000,0.00000000000000,13.45990000000000,32.1092,20658.3221,16.6388,16.6388,0.0000,16.4397,13.6590,13.6590,0.0000,-4.1573,20658.3221,NA
parkey.exe,39784,0x0,Other,-1,0,0,Composed: Copy with GPU GDI,20691.6867,NA,16.72580000000000,6.99760000000000,0.00000000000000,13.52780000000000,22.3810,20674.9609,16.7258,16.7258,0.0000,16.5202,13.7334,13.7334,0.0000,9.6412,20674.9609,NA
parkey.exe,39784,0x0,Other,-1,0,0,Composed: Copy with GPU GDI,20708.4732,NA,16.78650000000000,27.74340000000000,0.00000000000000,13.44540000000000,33.3379,20691.6867,16.7865,16.7865,0.0000,16.5855,13.6464,13.6464,0.0000,-11.0176,20691.6867,NA
parkey.exe,39784,0x0,Other,-1,0,0,Composed: Copy with GPU GDI,20725.0140,NA,16.54080000000000,6.94080000000000,0.00000000000000,13.41240000000000,23.7379,20708.4732,16.5408,16.5408,0.0000,16.3416,13.6116,13.6116,0.0000,9.8457,20708.4732,NA
parkey.exe,39784,0x0,Other,-1,0,0,Composed: Copy with GPU GDI,20741.6081,NA,16.59410000000000,13.95370000000000,0.00000000000000,13.40510000000000,21.0975,20725.0140,16.5941,16.5941,0.0000,16.4218,13.5774,13.5774,0.0000,2.5871,20725.0140,NA
parkey.exe,39784,0x0,Other,-1,0,0,Composed: Copy with GPU GDI,20758.4307,NA,16.82260000000000,27.71750000000000,0.00000000000000,12.26250000000000,31.9924,20741.6081,16.8226,16.8226,0.0000,16.6194,12.4657,12.4657,0.0000,-11.1234,20741.6081,NA
parkey.exe,39784,0x0,Other,-1,0,0,Composed: Copy with GPU GDI,20774.9810,NA,16.55030000000000,6.94870000000000,0.00000000000000,13.45520000000000,22.3908,20758.4307,16.5503,16.5503,0.0000,16.3512,13.6543,13.6543,0.0000,9.8739,20758.4307,NA
parkey.exe,39784,0x0,Other,-1,0,0,Composed: Copy with GPU GDI,20791.6737,NA,16.69270000000000,20.84030000000000,0.00000000000000,13.43260000000000,26.5384,20774.9810,16.6927,16.6927,0.0000,16.5096,13.6157,13.6157,0.0000,-4.2900,20774.9810,NA
parkey.exe,39784,0x0,Other,-1,0,0,Composed: Copy with GPU GDI,20808.3136,NA,16.63990000000000,13.89560000000000,0.00000000000000,13.43800000000000,23.7941,20791.6737,16.6399,16.6399,0.0000,16.4429,13.6350,13.6350,0.0000,2.7971,20791.6737,NA
parkey.exe,39784,0x0,Other,-1,0,0,Composed: Copy with GPU GDI,20824.9372,NA,16.62360000000000,13.95380000000000,0.00000000000000,13.34420000000000,21.1243,20808.3136,16.6236,16.6236,0.0000,16.4315,13.5363,13.5363,0.0000,2.6861,20808.3136,NA
parkey.exe,39784,0x0,Other,-1,0,0,Composed: Copy with GPU GDI,20842.0573,NA,17.12010000000000,27.71010000000000,0.00000000000000,12.34120000000000,31.7143,20824.9372,17.1201,17.1201,0.0000,16.9142,12.5471,12.5471,0.0000,-11.0865,20824.9372,NA
parkey.exe,39784,0x0,Other,-1,0,0,Composed: Copy with GPU GDI,20858.3417,NA,16.28440000000000,7.00590000000000,0.00000000000000,13.60200000000000,22.4358,20842.0573,16.2844,16.2844,0.0000,16.0747,13.8117,13.8117,0.0000,10.1142,20842.0573,NA
parkey.exe,39784,0x0,Other,-1,0,0,Composed: Copy with GPU GDI,20875.0390,NA,16.69730000000000,27.73110000000000,0.00000000000000,13.42950000000000,33.4696,20858.3417,16.6973,16.6973,0.0000,16.4998,13.6270,13.6270,0.0000,-11.4467,20858.3417,NA
parkey.exe,39784,0x0,Other,-1,0,0,Composed: Copy with GPU GDI,20891.5933,NA,16.55430000000000,6.94480000000000,0.00000000000000,13.50200000000000,23.8601,20875.0390,16.5543,16.5543,0.0000,16.3676,13.6887,13.6887,0.0000,9.7525,20875.0390,NA
parkey.exe,39784,0x0,Other,-1,0,0,Composed: Copy with GPU GDI,20908.4004,NA,16.80710000000000,20.83320000000000,0.00000000000000,13.35460000000000,27.8862,20891.5933,16.8071,16.8071,0.0000,16.5977,13.5640,13.5640,0.0000,-4.2789,20891.5933,NA
parkey.exe,39784,0x0,Other,-1,0,0,Composed: Copy with GPU GDI,20925.3172,NA,16.91680000000000,20.83020000000000,0.00000000000000,13.53210000000000,31.7996,20908.4004,16.9168,16.9168,0.0000,16.6941,13.7548,13.7548,0.0000,-4.0231,20908.4004,NA
parkey.exe,39784,0x0,Other,-1,0,0,Composed: Copy with GPU GDI,20941.7053,NA,16.38810000000000,7.00910000000000,0.00000000000000,13.53910000000000,22.4206,20925.3172,16.3881,16.3881,0.0000,16.1945,13.7327,13.7327,0.0000,9.9077,20925.3172,NA
parkey.exe,39784,0x0,Other,-1,0,0,Composed: Copy with GPU GDI,20958.2101,NA,16.50480000000000,27.73700000000000,0.00000000000000,13.56320000000000,33.6528,20941.7053,16.5048,16.5048,0.0000,16.3155,13.7525,13.7525,0.0000,-11.3489,20941.7053,NA
parkey.exe,39784,0x0,Other,-1,0,0,Composed: Copy with GPU GDI,20975.1175,NA,16.90740000000000,6.94750000000000,0.00000000000000,13.55030000000000,23.6929,20958.2101,16.9074,16.9074,0.0000,16.6920,13.7657,13.7657,0.0000,9.5573,20958.2101,NA
parkey.exe,39784,0x0,Other,-1,0,0,Composed: Copy with GPU GDI,20991.8150,NA,16.69750000000000,13.93810000000000,0.00000000000000,13.34140000000000,20.9335,20975.1175,16.6975,16.6975,0.0000,16.4926,13.5463,13.5463,0.0000,2.9693,20975.1175,NA
parkey.exe,39784,0x0,Other,-1,0,0,Composed: Copy with GPU GDI,21008.3239,NA,16.50890000000000,27.71990000000000,0.00000000000000,13.16170000000000,32.1445,20991.8150,16.5089,16.5089,0.0000,16.3073,13.3633,13.3633,0.0000,-11.0224,20991.8150,NA
parkey.exe,39784,0x0,Other,-1,0,0,Composed: Copy with GPU GDI,21024.9924,NA,16.66850000000000,7.00390000000000,0.00000000000000,13.89090000000000,22.4799,21008.3239,16.6685,16.6685,0.0000,16.4737,14.0857,14.0857,0.0000,9.5050,21008.3239,NA
parkey.exe,39784,0x0,Other,-1,0,0,Composed: Copy with GPU GDI,21041.9462,NA,16.95380000000000,27.73250000000000,0.00000000000000,13.47090000000000,33.2586,21024.9924,16.9538,16.9538,0.0000,16.7540,13.6707,13.6707,0.0000,-11.0640,21024.9924,NA
parkey.exe,39784,0x0,Other,-1,0,0,Composed: Copy with GPU GDI,21058.2554,NA,16.30920000000000,6.94460000000000,0.00000000000000,13.62930000000000,23.8940,21041.9462,16.3092,16.3092,0.0000,16.1247,13.8138,13.8138,0.0000,10.0092,21041.9462,NA
parkey.exe,39784,0x0,Other,-1,0,0,Composed: Copy with GPU GDI,21074.9423,NA,16.68690000000000,20.83290000000000,0.00000000000000,13.40480000000000,28.0400,21058.2554,16.6869,16.6869,0.0000,16.5020,13.5897,13.5897,0.0000,-4.5237,21058.2554,NA
parkey.exe,39784,0x0,Other,-1,0,0,Composed: Copy with GPU GDI,21091.5849,NA,16.64260000000000,20.82990000000000,0.00000000000000,13.42130000000000,32.2273,21074.9423,16.6426,16.6426,0.0000,16.4547,13.6092,13.6092,0.0000,-4.1430,21074.9423,NA
parkey.exe,39784,0x0,Other,-1,0,0,Composed: Copy with GPU GDI,21108.2741,NA,16.68920000000000,7.01770000000000,0.00000000000000,13.43900000000000,22.5558,21091.5849,16.6892,16.6892,0.0000,16.5070,13.6212,13.6212,0.0000,9.6249,21091.5849,NA
parkey.exe,39784,0x0,Other,-1,0,0,Composed: Copy with GPU GDI,21125.0848,NA,16.81070000000000,27.72340000000000,0.00000000000000,13.33360000000000,33.4685,21108.2741,16.8107,16.8107,0.0000,16.5796,13.5647,13.5647,0.0000,-11.0342,21108.2741,NA
parkey.exe,39784,0x0,Other,-1,0,0,Composed: Copy with GPU GDI,21141.6719,NA,16.58710000000000,6.94320000000000,0.00000000000000,13.71990000000000,23.8246,21125.0848,16.5871,16.5871,0.0000,16.3922,13.9148,13.9148,0.0000,9.8675,21125.0848,NA
parkey.exe,39784,0x0,Other,-1,0,0,Composed: Copy with GPU GDI,21158.2008,NA,16.52890000000000,13.94050000000000,0.00000000000000,13.42670000000000,21.2362,21141.6719,16.5289,16.5289,0.0000,16.3425,13.6131,13.6131,0.0000,2.6466,21141.6719,NA
parkey.exe,39784,0x0,Other,-1,0,0,Composed: Copy with GPU GDI,21174.9904,NA,16.78960000000000,27.72200000000000,0.00000000000000,12.18660000000000,32.1686,21158.2008,16.7896,16.7896,0.0000,16.5905,12.3857,12.3857,0.0000,-11.1931,21158.2008,NA
parkey.exe,39784,0x0,Other,-1,0,0,Composed: Copy with GPU GDI,21191.6392,NA,16.64880000000000,7.00900000000000,0.00000000000000,13.94050000000000,22.5288,21174.9904,16.6488,16.6488,0.0000,16.4613,14.1280,14.1280,0.0000,9.7806,21174.9904,NA
parkey.exe,39784,0x0,Other,-1,0,0,Composed: Copy with GPU GDI,21208.5315,NA,16.89230000000000,27.73220000000000,0.00000000000000,13.40570000000000,33.3687,21191.6392,16.8923,16.8923,0.0000,16.6484,13.6496,13.6496,0.0000,-11.0834,21191.6392,NA
parkey.exe,39784,0x0,Other,-1,0,0,Composed: Copy with GPU GDI,21225.1139,NA,16.58240000000000,6.95370000000000,0.00000000000000,13.32160000000000,23.7400,21208.5315,16.5824,16.5824,0.0000,16.3738,13.5302,13.5302,0.0000,9.9386,21208.5315,NA
parkey.exe,39784,0x0,Other,-1,0,0,Composed: Copy with GPU GDI,21241.5972,NA,16.48330000000000,20.83160000000000,0.00000000000000,13.51920000000000,28.0883,21225.1139,16.4833,16.4833,0.0000,16.2893,13.7132,13.7132,0.0000,-4.2492,21225.1139,NA
parkey.exe,39784,0x0,Other,-1,0,0,Composed: Copy with GPU GDI,21258.4136,NA,16.81640000000000,20.83580000000000,0.00000000000000,13.39520000000000,32.1077,21241.5972,16.8164,16.8164,0.0000,16.5979,13.6137,13.6137,0.0000,-4.3525,21241.5972,NA
parkey.exe,39784,0x0,Other,-1,0,0,Composed: Copy with GPU GDI,21274.9805,NA,16.56690000000000,7.00140000000000,0.00000000000000,13.42200000000000,22.5422,21258.4136,16.5669,16.5669,0.0000,16.3644,13.6245,13.6245,0.0000,9.8150,21258.4136,NA
parkey.exe,39784,0x0,Other,-1,0,0,Composed: Copy with GPU GDI,21291.6932,NA,16.71270000000000,27.73010000000000,0.00000000000000,13.64550000000000,33.5596,21274.9805,16.7127,16.7127,0.0000,16.5193,13.8389,13.8389,0.0000,-11.1632,21274.9805,NA
parkey.exe,39784,0x0,Other,-1,0,0,Composed: Copy with GPU GDI,21308.6830,NA,16.98980000000000,6.95180000000000,0.00000000000000,12.92790000000000,23.5216,21291.6932,16.9898,16.9898,0.0000,16.7208,13.1969,13.1969,0.0000,9.7609,21291.6932,NA
parkey.exe,39784,0x0,Other,-1,0,0,Composed: Copy with GPU GDI,21325.2581,NA,16.57510000000000,13.93740000000000,0.00000000000000,13.25560000000000,20.8839,21308.6830,16.5751,16.5751,0.0000,16.3283,13.5024,13.5024,0.0000,3.0524,21308.6830,NA
parkey.exe,39784,0x0,Other,-1,0,0,Composed: Copy with GPU GDI,21341.7068,NA,16.44870000000000,27.71110000000000,0.00000000000000,13.49670000000000,32.1463,21325.2581,16.4487,16.4487,0.0000,16.2523,13.6931,13.6931,0.0000,-11.1360,21325.2581,NA
parkey.exe,39784,0x0,Other,-1,0,0,Composed: Copy with GPU GDI,21358.2520,NA,16.54520000000000,7.01160000000000,0.00000000000000,13.97770000000000,22.6127,21341.7068,16.5452,16.5452,0.0000,16.3553,14.1676,14.1676,0.0000,9.4371,21341.7068,NA
parkey.exe,39784,0x0,Other,-1,0,0,Composed: Copy with GPU GDI,21374.9193,NA,16.66730000000000,27.73280000000000,0.00000000000000,13.44090000000000,33.6782,21358.2520,16.6673,16.6673,0.0000,16.4535,13.6547,13.6547,0.0000,-11.1876,21358.2520,NA
parkey.exe,39784,0x0,Other,-1,0,0,Composed: Copy with GPU GDI,21391.5884,NA,16.66910000000000,6.95060000000000,0.00000000000000,13.37440000000000,23.9597,21374.9193,16.6691,16.6691,0.0000,16.4804,13.5631,13.5631,0.0000,9.7167,21374.9193,NA
parkey.exe,39784,0x0,Other,-1,0,0,Composed: Copy with GPU GDI,21408.1856,NA,16.59720000000000,13.95440000000000,0.00000000000000,13.33930000000000,21.3169,21391.5884,16.5972,16.5972,0.0000,16.4080,13.5285,13.5285,0.0000,2.7147,21391.5884,NA
parkey.exe,39784,0x0,Other,-1,0,0,Composed: Copy with GPU GDI,21424.9528,NA,16.76720000000000,27.70610000000000,0.00000000000000,13.45630000000000,32.2558,21408.1856,16.7672,16.7672,0.0000,16.5705,13.6530,13.6530,0.0000,-11.1089,21408.1856,NA
parkey.exe,39784,0x0,Other,-1,0,0,Composed: Copy with GPU GDI,21441.6109,NA,16.65810000000000,6.98370000000000,0.00000000000000,12.27690000000000,22.5814,21424.9528,16.6581,16.6581,0.0000,16.4693,12.4657,12.4657,0.0000,9.7835,21424.9528,NA
parkey.exe,39784,0x0,Other,-1,0,0,Composed: Copy with GPU GDI,21458.0340,NA,16.42310000000000,17.85770000000000,0.00000000000000,11.69060000000000,24.0160,21441.6109,16.4231,16.4231,0.0000,16.2778,11.8359,11.8359,0.0000,-1.1996,21441.6109,NA
parkey.exe,39784,0x0,Other,-1,0,0,Composed: Copy with GPU GDI,21474.6350,NA,16.60100000000000,NA,0.00000000000000,10.57410000000000,NA,21458.0340,16.6010,16.6010,0.0000,16.4402,10.7349,10.7349,0.0000,NA,NA,NA
parkey.exe,39784,0x0,Other,-1,0,0,Composed: Copy with GPU GDI,21491.6687,NA,17.03370000000000,30.78750000000000,0.00000000000000,13.45010000000000,21.1688,21474.6350,17.0337,17.0337,0.0000,16.7621,13.7217,13.7217,0.0000,2.2366,21474.6350,NA
parkey.exe,39784,0x0,Other,-1,0,0,Composed: Copy with GPU GDI,21508.2262,NA,16.55750000000000,19.25800000000000,0.00000000000000,10.62380000000000,23.8693,21491.6687,16.5575,16.5575,0.0000,16.4106,10.7707,10.7707,0.0000,-2.2243,21491.6687,NA
parkey.exe,39784,0x0,Other,-1,0,0,Composed: Copy with GPU GDI,21524.8586,NA,16.63240000000000,16.68440000000000,0.00000000000000,10.59260000000000,23.9213,21508.2262,16.6324,16.6324,0.0000,16.4584,10.7666,10.7666,0.0000,-0.1269,21508.2262,NA
parkey.exe,39784,0x0,Other,-1,0,0,Composed: Copy with GPU GDI,21541.3911,NA,16.53250000000000,16.67510000000000,0.00000000000000,12.25810000000000,24.0639,21524.8586,16.5325,16.5325,0.0000,16.3578,12.4328,12.4328,0.0000,-0.0427,21524.8586,NA
parkey.exe,39784,0x0,Other,-1,0,0,Composed: Copy with GPU GDI,21558.1757,NA,16.78460000000000,16.68540000000000,0.00000000000000,10.58930000000000,23.9647,21541.3911,16.7846,16.7846,0.0000,16.6254,10.7485,10.7485,0.0000,-0.1529,21541.3911,NA
parkey.exe,39784,0x0,Other,-1,0,0,Composed: Copy with GPU GDI,21574.5635,NA,16.38780000000000,16.67970000000000,0.00000000000000,12.43480000000000,24.2566,21558.1757,16.3878,16.3878,0.0000,16.2345,12.5881,12.5881,0.0000,0.1049,21558.1757,NA
parkey.exe,39784,0x0,Other,-1,0,0,Composed: Copy with GPU GDI,21591.2056,NA,16.64210000000000,16.68080000000000,0.00000000000000,10.54670000000000,24.2953,21574.5635,16.6421,16.6421,0.0000,16.4809,10.7079,10.7079,0.0000,-0.2930,21574.5635,NA
parkey.exe,39784,0x0,Other,-1,0,0,Composed: Copy with GPU GDI,21608.0277,NA,16.82210000000000,16.67460000000000,0.00000000000000,13.61040000000000,24.1478,21591.2056,16.8221,16.8221,0.0000,16.6167,13.8158,13.8158,0.0000,-0.0325,21591.2056,NA
parkey.exe,39784,0x0,Other,-1,0,0,Composed: Copy with GPU GDI,21624.9904,NA,16.96270000000000,19.51170000000000,0.00000000000000,13.49470000000000,26.6968,21608.0277,16.9627,16.9627,0.0000,16.7584,13.6990,13.6990,0.0000,-2.6896,21608.0277,NA
parkey.exe,39784,0x0,Other,-1,0,0,Composed: Copy with GPU GDI,21641.6509,NA,16.66050000000000,13.91040000000000,0.00000000000000,13.65400000000000,23.9467,21624.9904,16.6605,16.6605,0.0000,16.4446,13.8699,13.8699,0.0000,3.0523,21624.9904,NA
parkey.exe,39784,0x0,Other,-1,0,0,Composed: Copy with GPU GDI,21658.2141,NA,16.56320000000000,13.93900000000000,0.00000000000000,13.43660000000000,21.3225,21641.6509,16.5632,16.5632,0.0000,16.3641,13.6357,13.6357,0.0000,2.7215,21641.6509,NA
parkey.exe,39784,0x0,Other,-1,0,0,Composed: Copy with GPU GDI,21675.3272,NA,17.11310000000000,27.71040000000000,0.00000000000000,11.67900000000000,31.9198,21658.2141,17.1131,17.1131,0.0000,16.5990,12.1931,12.1931,0.0000,-11.1472,21658.2141,NA
parkey.exe,39784,0x0,Other,-1,0,0,Composed: Copy with GPU GDI,21691.5911,NA,16.26390000000000,7.00760000000000,0.00000000000000,13.46650000000000,22.6635,21675.3272,16.2639,16.2639,0.0000,16.0773,13.6531,13.6531,0.0000,10.1055,21675.3272,NA
parkey.exe,39784,0x0,Other,-1,0,0,Composed: Copy with GPU GDI,21708.2785,NA,16.68740000000000,27.72710000000000,0.00000000000000,13.38280000000000,33.7032,21691.5911,16.6874,16.6874,0.0000,16.4967,13.5735,13.5735,0.0000,-11.4632,21691.5911,NA
parkey.exe,39784,0x0,Other,-1,0,0,Composed: Copy with GPU GDI,21724.8055,NA,16.52700000000000,6.96720000000000,0.00000000000000,13.60960000000000,24.1434,21708.2785,16.5270,16.5270,0.0000,16.3561,13.7805,13.7805,0.0000,9.7202,21708.2785,NA
parkey.exe,39784,0x0,Other,-1,0,0,Composed: Copy with GPU GDI,21741.7771,NA,16.97160000000000,13.94450000000000,0.00000000000000,13.42480000000000,21.1163,21724.8055,16.9716,16.9716,0.0000,16.7785,13.6179,13.6179,0.0000,2.5825,21724.8055,NA
parkey.exe,39784,0x0,Other,-1,0,0,Composed: Copy with GPU GDI,21758.1472,NA,16.37010000000000,27.70480000000000,0.00000000000000,13.44800000000000,32.4510,21741.7771,16.3701,16.3701,0.0000,16.1730,13.6451,13.6451,0.0000,-10.7332,21741.7771,NA
parkey.exe,39784,0x0,Other,-1,0,0,Composed: Copy with GPU GDI,21774.8279,NA,16.68070000000000,7.00370000000000,0.00000000000000,12.97470000000000,22.7740,21758.1472,16.6807,16.6807,0.0000,16.4953,13.1601,13.1601,0.0000,9.3664,21758.1472,NA
parkey.exe,39784,0x0,Other,-1,0,0,Composed: Copy with GPU GDI,21791.5557,NA,16.72780000000000,27.72830000000000,0.00000000000000,13.22680000000000,33.7745,21774.8279,16.7278,16.7278,0.0000,16.5520,13.4026,13.4026,0.0000,-11.0476,21774.8279,NA
parkey.exe,39784,0x0,Other,-1,0,0,Composed: Copy with GPU GDI,21808.1874,NA,16.63170000000000,6.97820000000000,0.00000000000000,12.95770000000000,24.1210,21791.5557,16.6317,16.6317,0.0000,16.4386,13.1508,13.1508,0.0000,9.7496,21791.5557,NA
parkey.exe,39784,0x0,Other,-1,0,0,Composed: Copy with GPU GDI,21824.8190,NA,16.63160000000000,13.91710000000000,0.00000000000000,12.38440000000000,21.4065,21808.1874,16.6316,16.6316,0.0000,16.4543,12.5617,12.5617,0.0000,2.7146,21808.1874,NA
parkey.exe,39784,0x0,Other,-1,0,0,Composed: Copy with GPU GDI,21841.2555,NA,16.43650000000000,19.47590000000000,0.00000000000000,10.17520000000000,24.4459,21824.8190,16.4365,16.4365,0.0000,16.2825,10.3292,10.3292,0.0000,-2.8443,21824.8190,NA
parkey.exe,39784,0x0,Other,-1,0,0,Composed: Copy with GPU GDI,21858.2231,NA,16.96760000000000,16.68320000000000,0.00000000000000,13.37540000000000,24.1615,21841.2555,16.9676,16.9676,0.0000,16.7716,13.5714,13.5714,0.0000,-0.2467,21841.2555,NA
parkey.exe,39784,0x0,Other,-1,0,0,Composed: Copy with GPU GDI,21874.8381,NA,16.61500000000000,16.67080000000000,0.00000000000000,13.07470000000000,24.2173,21858.2231,16.6150,16.6150,0.0000,16.4316,13.2581,13.2581,0.0000,0.2968,21858.2231,NA
parkey.exe,39784,0x0,Other,-1,0,0,Composed: Copy with GPU GDI,21891.6425,NA,16.80440000000000,NA,0.00000000000000,11.76090000000000,NA,21874.8381,16.8044,16.8044,0.0000,16.5677,11.9976,11.9976,0.0000,NA,NA,NA
parkey.exe,39784,0x0,Other,-1,0,0,Composed: Copy with GPU GDI,21908.1609,NA,16.51840000000000,30.52710000000000,0.00000000000000,13.14970000000000,21.4216,21891.6425,16.5184,16.5184,0.0000,16.3268,13.3413,13.3413,0.0000,2.8923,21891.6425,NA
parkey.exe,39784,0x0,Other,-1,0,0,Composed: Copy with GPU GDI,21925.0639,NA,16.90300000000000,27.70950000000000,0.00000000000000,12.14320000000000,32.2281,21908.1609,16.9030,16.9030,0.0000,16.6323,12.4139,12.4139,0.0000,-11.1911,21908.1609,NA
parkey.exe,39784,0x0,Other,-1,0,0,Composed: Copy with GPU GDI,21941.6165,NA,16.55260000000000,7.00700000000000,0.00000000000000,13.66430000000000,22.6825,21925.0639,16.5526,16.5526,0.0000,16.3870,13.8299,13.8299,0.0000,9.8960,21925.0639,NA
parkey.exe,39784,0x0,Other,-1,0,0,Composed: Copy with GPU GDI,21958.2529,NA,16.63640000000000,27.73260000000000,0.00000000000000,13.20850000000000,33.7787,21941.6165,16.6364,16.6364,0.0000,16.4585,13.3864,13.3864,0.0000,-11.1800,21941.6165,NA
parkey.exe,39784,0x0,Other,-1,0,0,Composed: Copy with GPU GDI,21974.8780,NA,16.62510000000000,6.94030000000000,0.00000000000000,12.91870000000000,24.0939,21958.2529,16.6251,16.6251,0.0000,16.4258,13.1180,13.1180,0.0000,9.6961,21958.2529,NA
parkey.exe,39784,0x0,Other,-1,0,0,Composed: Copy with GPU GDI,21991.6144,NA,16.73640000000000,13.95460000000000,0.00000000000000,13.31450000000000,21.3121,21974.8780,16.7364,16.7364,0.0000,16.5334,13.5175,13.5175,0.0000,2.6705,21974.8780,NA
parkey.exe,39784,0x0,Other,-1,0,0,Composed: Copy with GPU GDI,22008.1850,NA,16.57060000000000,20.80940000000000,0.00000000000000,12.88710000000000,25.5509,21991.6144,16.5706,16.5706,0.0000,16.3740,13.0837,13.0837,0.0000,-4.0730,21991.6144,NA
parkey.exe,39784,0x0,Other,-1,0,0,Composed: Copy with GPU GDI,22024.9395,NA,16.75450000000000,13.91170000000000,0.00000000000000,13.32040000000000,22.7081,22008.1850,16.7545,16.7545,0.0000,16.5486,13.5263,13.5263,0.0000,2.6589,22008.1850,NA
parkey.exe,39784,0x0,Other,-1,0,0,Composed: Copy with GPU GDI,22041.6947,NA,16.75520000000000,27.73140000000000,0.00000000000000,13.30720000000000,33.6843,22024.9395,16.7552,16.7552,0.0000,16.4563,13.6061,13.6061,0.0000,-10.9769,22024.9395,NA
parkey.exe,39784,0x0,Other,-1,0,0,Composed: Copy with GPU GDI,22058.1389,NA,16.44420000000000,6.95470000000000,0.00000000000000,13.28810000000000,24.1948,22041.6947,16.4442,16.4442,0.0000,16.2615,13.4708,13.4708,0.0000,9.8005,22041.6947,NA
parkey.exe,39784,0x0,Other,-1,0,0,Composed: Copy with GPU GDI,22074.8698,NA,16.73090000000000,13.93740000000000,0.00000000000000,13.35920000000000,21.4013,22058.1389,16.7309,16.7309,0.0000,16.5476,13.5425,13.5425,0.0000,2.5068,22058.1389,NA
parkey.exe,39784,0x0,Other,-1,0,0,Composed: Copy with GPU GDI,22091.5048,NA,16.63500000000000,20.78400000000000,0.00000000000000,12.91920000000000,25.5503,22074.8698,16.6350,16.6350,0.0000,16.4410,13.1132,13.1132,0.0000,-4.0531,22074.8698,NA
parkey.exe,39784,0x0,Other,-1,0,0,Composed: Copy with GPU GDI,22108.3857,NA,16.88090000000000,13.93730000000000,0.00000000000000,13.43790000000000,22.6067,22091.5048,16.8809,16.8809,0.0000,16.6694,13.6494,13.6494,0.0000,2.6977,22091.5048,NA
parkey.exe,39784,0x0,Other,-1,0,0,Composed: Copy with GPU GDI,22124.8964,NA,16.51070000000000,27.73480000000000,0.00000000000000,13.35380000000000,33.8308,22108.3857,16.5107,16.5107,0.0000,16.2499,13.6146,13.6146,0.0000,-10.8539,22108.3857,NA
parkey.exe,39784,0x0,Other,-1,0,0,Composed: Copy with GPU GDI,22141.5396,NA,16.64320000000000,6.93880000000000,0.00000000000000,13.07670000000000,24.1264,22124.8964,16.6432,16.6432,0.0000,16.4456,13.2743,13.2743,0.0000,9.5719,22124.8964,NA
parkey.exe,39784,0x0,Other,-1,0,0,Composed: Copy with GPU GDI,22158.1987,NA,16.65910000000000,13.96130000000000,0.00000000000000,13.40270000000000,21.4286,22141.5396,16.6591,16.6591,0.0000,16.4498,13.6120,13.6120,0.0000,2.6819,22141.5396,NA
parkey.exe,39784,0x0,Other,-1,0,0,Composed: Copy with GPU GDI,22175.0810,NA,16.88230000000000,20.77440000000000,0.00000000000000,12.96790000000000,25.3207,22158.1987,16.8823,16.8823,0.0000,16.6801,13.1701,13.1701,0.0000,-4.1153,22158.1987,NA
parkey.exe,39784,0x0,Other,-1,0,0,Composed: Copy with GPU GDI,22191.6364,NA,16.55540000000000,13.94390000000000,0.00000000000000,13.51830000000000,22.7092,22175.0810,16.5554,16.5554,0.0000,16.3628,13.7109,13.7109,0.0000,2.9384,22175.0810,NA
parkey.exe,39784,0x0,Other,-1,0,0,Composed: Copy with GPU GDI,22208.3560,NA,16.71960000000000,27.72820000000000,0.00000000000000,13.33840000000000,33.7178,22191.6364,16.7196,16.7196,0.0000,16.5332,13.5248,13.5248,0.0000,-11.1728,22191.6364,NA
parkey.exe,39784,0x0,Other,-1,0,0,Composed: Copy with GPU GDI,22224.9264,NA,16.57040000000000,6.94070000000000,0.00000000000000,13.01030000000000,24.0881,22208.3560,16.5704,16.5704,0.0000,16.3759,13.2048,13.2048,0.0000,9.7789,22208.3560,NA
parkey.exe,39784,0x0,Other,-1,0,0,Composed: Copy with GPU GDI,22241.5622,NA,16.63580000000000,13.95300000000000,0.00000000000000,13.52350000000000,21.4053,22224.9264,16.6358,16.6358,0.0000,16.4382,13.7211,13.7211,0.0000,2.6174,22224.9264,NA
parkey.exe,39784,0x0,Other,-1,0,0,Composed: Copy with GPU GDI,22258.1951,NA,16.63290000000000,20.77490000000000,0.00000000000000,12.82120000000000,25.5473,22241.5622,16.6329,16.6329,0.0000,16.4348,13.0193,13.0193,0.0000,-4.1391,22241.5622,NA
parkey.exe,39784,0x0,Other,-1,0,0,Composed: Copy with GPU GDI,22274.8476,NA,16.65250000000000,13.94920000000000,0.00000000000000,13.14240000000000,22.8440,22258.1951,16.6525,16.6525,0.0000,16.4691,13.3258,13.3258,0.0000,2.6837,22258.1951,NA
parkey.exe,39784,0x0,Other,-1,0,0,Composed: Copy with GPU GDI,22291.4495,NA,16.60190000000000,27.73860000000000,0.00000000000000,13.52660000000000,33.9807,22274.8476,16.6019,16.6019,0.0000,16.4128,13.7157,13.7157,0.0000,-11.0861,22274.8476,NA
parkey.exe,39784,0x0,Other,-1,0,0,Composed: Copy with GPU GDI,22308.1917,NA,16.74220000000000,6.94090000000000,0.00000000000000,13.03990000000000,24.1794,22291.4495,16.7422,16.7422,0.0000,16.5484,13.2337,13.2337,0.0000,9.6610,22291.4495,NA
parkey.exe,39784,0x0,Other,-1,0,0,Composed: Copy with GPU GDI,22324.7697,NA,16.57800000000000,13.94320000000000,0.00000000000000,13.35510000000000,21.5446,22308.1917,16.5780,16.5780,0.0000,16.3866,13.5465,13.5465,0.0000,2.7990,22308.1917,NA
parkey.exe,39784,0x0,Other,-1,0,0,Composed: Copy with GPU GDI,22341.4514,NA,16.68170000000000,27.78350000000000,0.00000000000000,11.80950000000000,32.6464,22324.7697,16.6817,16.6817,0.0000,16.4868,12.0044,12.0044,0.0000,-11.2055,22324.7697,NA
parkey.exe,39784,0x0,Other,-1,0,0,Composed: Copy with GPU GDI,22358.0951,NA,16.64370000000000,13.84150000000000,0.00000000000000,11.74660000000000,29.8442,22341.4514,16.6437,16.6437,0.0000,16.4653,11.9250,11.9250,0.0000,2.8402,22341.4514,NA
parkey.exe,39784,0x0,Other,-1,0,0,Composed: Copy with GPU GDI,22374.8941,NA,16.79900000000000,13.88420000000000,0.00000000000000,13.45390000000000,26.9294,22358.0951,16.7990,16.7990,0.0000,16.5741,13.6788,13.6788,0.0000,2.7595,22358.0951,NA
parkey.exe,39784,0x0,Other,-1,0,0,Composed: Copy with GPU GDI,22391.5279,NA,16.63380000000000,13.88730000000000,0.00000000000000,13.17990000000000,24.1829,22374.8941,16.6338,16.6338,0.0000,16.4465,13.3672,13.3672,0.0000,2.9117,22374.8941,NA
parkey.exe,39784,0x0,Other,-1,0,0,Composed: Copy with GPU GDI,22408.4206,NA,16.89270000000000,13.95960000000000,0.00000000000000,13.31610000000000,21.2498,22391.5279,16.8927,16.8927,0.0000,16.6365,13.5723,13.5723,0.0000,2.6742,22391.5279,NA
parkey.exe,39784,0x0,Other,-1,0,0,Composed: Copy with GPU GDI,22425.0404,NA,16.61980000000000,20.78000000000000,0.00000000000000,12.90620000000000,25.4100,22408.4206,16.6198,16.6198,0.0000,16.4212,13.1048,13.1048,0.0000,-3.8873,22408.4206,NA
parkey.exe,39784,0x0,Other,-1,0,0,Composed: Copy with GPU GDI,22441.5741,NA,16.53370000000000,13.93680000000000,0.00000000000000,13.56920000000000,22.8131,22425.0404,16.5337,16.5337,0.0000,16.3500,13.7529,13.7529,0.0000,2.6830,22425.0404,NA
parkey.exe,39784,0x0,Other,-1,0,0,Composed: Copy with GPU GDI,22458.1955,NA,16.62140000000000,18.47940000000000,0.00000000000000,13.09100000000000,24.6711,22441.5741,16.6214,16.6214,0.0000,16.4258,13.2866,13.2866,0.0000,-1.9457,22441.5741,NA
parkey.exe,39784,0x0,Other,-1,0,0,Composed: Copy with GPU GDI,22474.8871,NA,16.69160000000000,16.68080000000000,0.00000000000000,13.08750000000000,24.6603,22458.1955,16.6916,16.6916,0.0000,16.5013,13.2778,13.2778,0.0000,-0.0594,22458.1955,NA
parkey.exe,39784,0x0,Other,-1,0,0,Composed: Copy with GPU GDI,22491.4885,NA,16.60140000000000,16.67990000000000,0.00000000000000,12.54680000000000,24.7388,22474.8871,16.6014,16.6014,0.0000,16.4263,12.7219,12.7219,0.0000,0.0117,22474.8871,NA
parkey.exe,39784,0x0,Other,-1,0,0,Composed: Copy with GPU GDI,22508.2924,NA,16.80390000000000,NA,0.00000000000000,13.38890000000000,NA,22491.4885,16.8039,16.8039,0.0000,16.6092,13.5836,13.5836,0.0000,NA,NA,NA
parkey.exe,39784,0x0,Other,-1,0,0,Composed: Copy with GPU GDI,22524.8398,NA,16.54740000000000,31.52700000000000,0.00000000000000,12.87760000000000,22.9145,22508.2924,16.5474,16.5474,0.0000,16.3612,13.0638,13.0638,0.0000,1.8783,22508.2924,NA
parkey.exe,39784,0x0,Other,-1,0,0,Composed: Copy with GPU GDI,22541.6198,NA,16.78000000000000,18.51530000000000,0.00000000000000,12.40530000000000,24.6498,22524.8398,16.7800,16.7800,0.0000,16.5810,12.6043,12.6043,0.0000,-1.9679,22524.8398,NA
parkey.exe,39784,0x0,Other,-1,0,0,Composed: Copy with GPU GDI,22558.1255,NA,16.50570000000000,16.68290000000000,0.00000000000000,12.91760000000000,24.8270,22541.6198,16.5057,16.5057,0.0000,16.3182,13.1051,13.1051,0.0000,0.0971,22541.6198,NA
parkey.exe,39784,0x0,Other,-1,0,0,Composed: Copy with GPU GDI,22574.7908,NA,16.66530000000000,16.67300000000000,0.00000000000000,12.63640000000000,24.8347,22558.1255,16.6653,16.6653,0.0000,16.4635,12.8382,12.8382,0.0000,-0.1673,22558.1255,NA
parkey.exe,39784,0x0,Other,-1,0,0,Composed: Copy with GPU GDI,22591.5577,NA,16.76690000000000,NA,0.00000000000000,13.48280000000000,NA,22574.7908,16.7669,16.7669,0.0000,16.5678,13.6819,13.6819,0.0000,NA,NA,NA
parkey.exe,39784,0x0,Other,-1,0,0,Composed: Copy with GPU GDI,22608.1185,NA,16.56080000000000,31.46490000000000,0.00000000000000,12.84290000000000,22.9719,22591.5577,16.5608,16.5608,0.0000,16.3717,13.0320,13.0320,0.0000,1.9673,22591.5577,NA
parkey.exe,39784,0x0,Other,-1,0,0,Composed: Copy with GPU GDI,22624.8619,NA,16.74340000000000,27.71850000000000,0.00000000000000,13.49500000000000,33.9470,22608.1185,16.7434,16.7434,0.0000,16.5377,13.7007,13.7007,0.0000,-11.1577,22608.1185,NA
parkey.exe,39784,0x0,Other,-1,0,0,Composed: Copy with GPU GDI,22641.6759,NA,16.81400000000000,6.99260000000000,0.00000000000000,11.90630000000000,24.1256,22624.8619,16.8140,16.8140,0.0000,16.4069,12.3134,12.3134,0.0000,9.7508,22624.8619,NA
parkey.exe,39784,0x0,Other,-1,0,0,Composed: Copy with GPU GDI,22658.0202,NA,16.34430000000000,13.89570000000000,0.00000000000000,12.44920000000000,21.6770,22641.6759,16.3443,16.3443,0.0000,16.1825,12.6110,12.6110,0.0000,2.9183,22641.6759,NA
parkey.exe,39784,0x0,Other,-1,0,0,Composed: Copy with GPU GDI,22674.6396,NA,16.61940000000000,20.01290000000000,0.00000000000000,10.11590000000000,25.0705,22658.0202,16.6194,16.6194,0.0000,16.4647,10.2706,10.2706,0.0000,-3.6686,22658.0202,NA
parkey.exe,39784,0x0,Other,-1,0,0,Composed: Copy with GPU GDI,22691.3948,NA,16.75520000000000,16.67890000000000,0.00000000000000,9.53650000000000,24.9942,22674.6396,16.7552,16.7552,0.0000,16.5955,9.6962,9.6962,0.0000,-0.0595,22674.6396,NA
parkey.exe,39784,0x0,Other,-1,0,0,Composed: Copy with GPU GDI,22707.8010,NA,16.40620000000000,16.68220000000000,0.00000000000000,9.50810000000000,25.2702,22691.3948,16.4062,16.4062,0.0000,16.2543,9.6600,9.6600,0.0000,0.0730,22691.3948,NA
parkey.exe,39784,0x0,Other,-1,0,0,Composed: Copy with GPU GDI,22724.4757,NA,16.67470000000000,16.68550000000000,0.00000000000000,9.54980000000000,25.2810,22707.8010,16.6747,16.6747,0.0000,16.5372,9.6873,9.6873,0.0000,-0.2793,22707.8010,NA
parkey.exe,39784,0x0,Other,-1,0,0,Composed: Copy with GPU GDI,22740.9499,NA,16.47420000000000,16.68710000000000,0.00000000000000,9.52640000000000,25.4939,22724.4757,16.4742,16.4742,0.0000,16.3619,9.6387,9.6387,0.0000,-0.0124,22724.4757,NA
parkey.exe,39784,0x0,Other,-1,0,0,Composed: Copy with GPU GDI,22757.6806,NA,16.73070000000000,16.67430000000000,0.00000000000000,9.52590000000000,25.4375,22740.9499,16.7307,16.7307,0.0000,16.5959,9.6607,9.6607,0.0000,-0.2001,22740.9499,NA
parkey.exe,39784,0x0,Other,-1,0,0,Composed: Copy with GPU GDI,22774.8334,NA,17.15280000000000,16.67250000000000,0.00000000000000,9.85210000000000,24.9572,22757.6806,17.1528,17.1528,0.0000,16.9636,10.0413,10.0413,0.0000,0.0582,22757.6806,NA
parkey.exe,39784,0x0,Other,-1,0,0,Composed: Copy with GPU GDI,22791.5061,NA,16.67270000000000,16.68720000000000,0.00000000000000,10.24300000000000,24.9717,22774.8334,16.6727,16.6727,0.0000,16.5072,10.4085,10.4085,0.0000,0.4656,22774.8334,NA
parkey.exe,39784,0x0,Other,-1,0,0,Composed: Copy with GPU GDI,22808.0004,NA,16.49430000000000,33.37200000000000,0.00000000000000,13.01670000000000,41.8494,22791.5061,16.4943,16.4943,0.0000,16.3118,13.1992,13.1992,0.0000,-16.6993,22791.5061,NA
parkey.exe,39784,0x0,Other,-1,0,0,Composed: Copy with GPU GDI,22824.8560,NA,16.85560000000000,3.45000000000000,0.00000000000000,12.91320000000000,28.4438,22808.0004,16.8556,16.8556,0.0000,16.6710,13.0978,13.0978,0.0000,13.0443,22808.0004,NA
parkey.exe,39784,0x0,Other,-1,0,0,Composed: Copy with GPU GDI,22841.8216,NA,16.96560000000000,20.82210000000000,0.00000000000000,11.91790000000000,32.3003,22824.8560,16.9656,16.9656,0.0000,16.7827,12.1008,12.1008,0.0000,-3.9665,22824.8560,NA
parkey.exe,39784,0x0,Other,-1,0,0,Composed: Copy with GPU GDI,22858.0826,NA,16.26100000000000,7.01790000000000,0.00000000000000,12.92650000000000,23.0572,22841.8216,16.2610,16.2610,0.0000,16.0771,13.1104,13.1104,0.0000,9.9477,22841.8216,NA
parkey.exe,39784,0x0,Other,-1,0,0,Composed: Copy with GPU GDI,22874.9110,NA,16.82840000000000,18.74550000000000,0.00000000000000,12.95320000000000,24.9743,22858.0826,16.8284,16.8284,0.0000,16.6336,13.1480,13.1480,0.0000,-2.4845,22858.0826,NA
parkey.exe,39784,0x0,Other,-1,0,0,Composed: Copy with GPU GDI,22891.7351,NA,16.82410000000000,NA,0.00000000000000,11.93090000000000,NA,22874.9110,16.8241,16.8241,0.0000,16.6071,12.1479,12.1479,0.0000,NA,NA,NA
parkey.exe,39784,0x0,Other,-1,0,0,Composed: Copy with GPU GDI,22908.2341,NA,16.49900000000000,29.86170000000000,0.00000000000000,12.91880000000000,21.5129,22891.7351,16.4990,16.4990,0.0000,16.2656,13.1522,13.1522,0.0000,3.7908,22891.7351,NA
parkey.exe,39784,0x0,Other,-1,0,0,Composed: Copy with GPU GDI,22924.8657,NA,16.63160000000000,20.17210000000000,0.00000000000000,11.88530000000000,25.0534,22908.2341,16.6316,16.6316,0.0000,16.4420,12.0749,12.0749,0.0000,-3.6731,22908.2341,NA
parkey.exe,39784,0x0,Other,-1,0,0,Composed: Copy with GPU GDI,22941.4980,NA,16.63230000000000,14.49920000000000,0.00000000000000,12.52570000000000,22.9203,22924.8657,16.6323,16.6323,0.0000,16.4626,12.6954,12.6954,0.0000,2.1324,22924.8657,NA
parkey.exe,39784,0x0,Other,-1,0,0,Composed: Copy with GPU GDI,22958.0659,NA,16.56790000000000,27.78600000000000,0.00000000000000,13.51230000000000,34.1384,22941.4980,16.5679,16.5679,0.0000,16.3898,13.6904,13.6904,0.0000,-11.1537,22941.4980,NA
parkey.exe,39784,0x0,Other,-1,0,0,Composed: Copy with GPU GDI,22974.8127,NA,16.74680000000000,6.95980000000000,0.00000000000000,12.58160000000000,24.3514,22958.0659,16.7468,16.7468,0.0000,16.5621,12.7663,12.7663,0.0000,9.6081,22958.0659,NA
parkey.exe,39784,0x0,Other,-1,0,0,Composed: Copy with GPU GDI,22991.5087,NA,16.69600000000000,17.47220000000000,0.00000000000000,13.31050000000000,25.1276,22974.8127,16.6960,16.6960,0.0000,16.5028,13.5037,13.5037,0.0000,-0.7254,22974.8127,NA
parkey.exe,39784,0x0,Other,-1,0,0,Composed: Copy with GPU GDI,23008.0902,NA,16.58150000000000,16.67960000000000,0.00000000000000,13.39500000000000,25.2257,22991.5087,16.5815,16.5815,0.0000,16.3964,13.5801,13.5801,0.0000,0.0164,22991.5087,NA
parkey.exe,39784,0x0,Other,-1,0,0,Composed: Copy with GPU GDI,23024.7955,NA,16.70530000000000,16.68150000000000,0.00000000000000,11.94160000000000,25.2019,23008.0902,16.7053,16.7053,0.0000,16.5219,12.1250,12.1250,0.0000,-0.1000,23008.0902,NA
parkey.exe,39784,0x0,Other,-1,0,0,Composed: Copy with GPU GDI,23041.4544,NA,16.65890000000000,16.67760000000000,0.00000000000000,13.53310000000000,25.2206,23024.7955,16.6589,16.6589,0.0000,16.4756,13.7164,13.7164,0.0000,0.0277,23024.7955,NA
parkey.exe,39784,0x0,Other,-1,0,0,Composed: Copy with GPU GDI,23058.1388,NA,16.68440000000000,16.68400000000000,0.00000000000000,12.57110000000000,25.2202,23041.4544,16.6844,16.6844,0.0000,16.4812,12.7743,12.7743,0.0000,-0.0251,23041.4544,NA
parkey.exe,39784,0x0,Other,-1,0,0,Composed: Copy with GPU GDI,23074.7648,NA,16.62600000000000,16.67750000000000,0.00000000000000,13.08210000000000,25.2717,23058.1388,16.6260,16.6260,0.0000,16.4430,13.2651,13.2651,0.0000,0.0069,23058.1388,NA
parkey.exe,39784,0x0,Other,-1,0,0,Composed: Copy with GPU GDI,23091.4338,NA,16.66900000000000,16.67870000000000,0.00000000000000,13.13810000000000,25.2814,23074.7648,16.6690,16.6690,0.0000,16.4962,13.3109,13.3109,0.0000,-0.0527,23074.7648,NA
parkey.exe,39784,0x0,Other,-1,0,0,Composed: Copy with GPU GDI,23108.1852,NA,16.75140000000000,16.68280000000000,0.00000000000000,11.90780000000000,25.2128,23091.4338,16.7514,16.7514,0.0000,16.5712,12.0880,12.0880,0.0000,-0.0138,23091.4338,NA
parkey.exe,39784,0x0,Other,-1,0,0,Composed: Copy with GPU GDI,23124.8969,NA,16.71170000000000,16.67930000000000,0.00000000000000,13.38480000000000,25.1804,23108.1852,16.7117,16.7117,0.0000,16.5218,13.5747,13.5747,0.0000,0.0721,23108.1852,NA
parkey.exe,39784,0x0,Other,-1,0,0,Composed: Copy with GPU GDI,23141.4902,NA,16.59330000000000,NA,0.00000000000000,13.15750000000000,NA,23124.8969,16.5933,16.5933,0.0000,16.4090,13.3418,13.3418,0.0000,NA,NA,NA
parkey.exe,39784,0x0,Other,-1,0,0,Composed: Copy with GPU GDI,23158.0869,NA,16.59670000000000,29.71560000000000,0.00000000000000,13.05240000000000,21.7060,23141.4902,16.5967,16.5967,0.0000,16.4216,13.2275,13.2275,0.0000,3.5894,23141.4902,NA
parkey.exe,39784,0x0,Other,-1,0,0,Composed: Copy with GPU GDI,23174.8222,NA,16.73530000000000,20.33240000000000,0.00000000000000,12.03530000000000,25.3031,23158.0869,16.7353,16.7353,0.0000,16.5553,12.2153,12.2153,0.0000,-3.7357,23158.0869,NA
parkey.exe,39784,0x0,Other,-1,0,0,Composed: Copy with GPU GDI,23191.4429,NA,16.62070000000000,14.34270000000000,0.00000000000000,12.21730000000000,23.0251,23174.8222,16.6207,16.6207,0.0000,16.4274,12.4106,12.4106,0.0000,2.3926,23174.8222,NA
parkey.exe,39784,0x0,Other,-1,0,0,Composed: Copy with GPU GDI,23208.1108,NA,16.66790000000000,19.01660000000000,0.00000000000000,13.29900000000000,25.3738,23191.4429,16.6679,16.6679,0.0000,16.4806,13.4863,13.4863,0.0000,-2.3959,23191.4429,NA
parkey.exe,39784,0x0,Other,-1,0,0,Composed: Copy with GPU GDI,23224.9371,NA,16.82630000000000,NA,0.00000000000000,11.84770000000000,NA,23208.1108,16.8263,16.8263,0.0000,16.6358,12.0382,12.0382,0.0000,NA,NA,NA
parkey.exe,39784,0x0,Other,-1,0,0,Composed: Copy with GPU GDI,23241.4713,NA,16.53420000000000,29.64710000000000,0.00000000000000,12.97700000000000,21.6604,23224.9371,16.5342,16.5342,0.0000,16.3447,13.1665,13.1665,0.0000,3.8471,23224.9371,NA
parkey.exe,39784,0x0,Other,-1,0,0,Composed: Copy with GPU GDI,23258.1781,NA,16.70680000000000,20.38900000000000,0.00000000000000,11.85950000000000,25.3426,23241.4713,16.7068,16.7068,0.0000,16.5088,12.0575,12.0575,0.0000,-3.8548,23241.4713,NA
parkey.exe,39784,0x0,Other,-1,0,0,Composed: Copy with GPU GDI,23274.8912,NA,16.71310000000000,16.67900000000000,0.00000000000000,12.02370000000000,25.3085,23258.1781,16.7131,16.7131,0.0000,16.5242,12.2126,12.2126,0.0000,0.0278,23258.1781,NA
parkey.exe,39784,0x0,Other,-1,0,0,Composed: Copy with GPU GDI,23291.6600,NA,16.76880000000000,16.74240000000000,0.00000000000000,13.34950000000000,25.2821,23274.8912,16.7688,16.7688,0.0000,16.5679,13.5504,13.5504,0.0000,-0.0293,23274.8912,NA
parkey.exe,39784,0x0,Other,-1,0,0,Composed: Copy with GPU GDI,23308.4292,NA,16.76920000000000,NA,0.00000000000000,13.00430000000000,NA,23291.6600,16.7692,16.7692,0.0000,16.5821,13.1914,13.1914,0.0000,NA,NA,NA
parkey.exe,39784,0x0,Other,-1,0,0,Composed: Copy with GPU GDI,23324.8877,NA,16.45850000000000,29.54840000000000,0.00000000000000,12.90220000000000,21.6028,23308.4292,16.4585,16.4585,0.0000,16.2727,13.0880,13.0880,0.0000,3.9896,23308.4292,NA
parkey.exe,39784,0x0,Other,-1,0,0,Composed: Copy with GPU GDI,23341.5017,NA,16.61400000000000,27.72480000000000,0.00000000000000,12.00850000000000,32.7136,23324.8877,16.6140,16.6140,0.0000,16.4299,12.1926,12.1926,0.0000,-11.2663,23324.8877,NA
parkey.exe,39784,0x0,Other,-1,0,0,Composed: Copy with GPU GDI,23358.1386,NA,16.63690000000000,7.00030000000000,0.00000000000000,12.97950000000000,23.0770,23341.5017,16.6369,16.6369,0.0000,16.4473,13.1691,13.1691,0.0000,9.6137,23341.5017,NA
parkey.exe,39784,0x0,Other,-1,0,0,Composed: Copy with GPU GDI,23374.9026,NA,16.76400000000000,19.06390000000000,0.00000000000000,12.99010000000000,25.3769,23358.1386,16.7640,16.7640,0.0000,16.5787,13.1754,13.1754,0.0000,-2.4270,23358.1386,NA
parkey.exe,39784,0x0,Other,-1,0,0,Composed: Copy with GPU GDI,23391.5541,NA,16.65150000000000,16.70260000000000,0.00000000000000,13.04040000000000,25.4280,23374.9026,16.6515,16.6515,0.0000,16.4490,13.2429,13.2429,0.0000,0.0614,23374.9026,NA
parkey.exe,39784,0x0,Other,-1,0,0,Composed: Copy with GPU GDI,23408.1612,NA,16.60710000000000,16.67440000000000,0.00000000000000,12.60900000000000,25.4953,23391.5541,16.6071,16.6071,0.0000,16.4051,12.8110,12.8110,0.0000,-0.0229,23391.5541,NA
parkey.exe,39784,0x0,Other,-1,0,0,Composed: Copy with GPU GDI,23424.8403,NA,16.67910000000000,NA,0.00000000000000,13.36240000000000,NA,23408.1612,16.6791,16.6791,0.0000,16.5554,13.4861,13.4861,0.0000,NA,NA,NA
parkey.exe,39784,0x0,Other,-1,0,0,Composed: Copy with GPU GDI,23441.4690,NA,16.62870000000000,30.84830000000000,0.00000000000000,12.50510000000000,23.0358,23424.8403,16.6287,16.6287,0.0000,16.4426,12.6912,12.6912,0.0000,2.4379,23424.8403,NA
parkey.exe,39784,0x0,Other,-1,0,0,Composed: Copy with GPU GDI,23458.0688,NA,16.59980000000000,19.19170000000000,0.00000000000000,13.38090000000000,25.6277,23441.4690,16.5998,16.5998,0.0000,16.4187,13.5620,13.5620,0.0000,-2.5630,23441.4690,NA
parkey.exe,39784,0x0,Other,-1,0,0,Composed: Copy with GPU GDI,23474.7824,NA,16.71360000000000,NA,0.00000000000000,11.85790000000000,NA,23458.0688,16.7136,16.7136,0.0000,16.5303,12.0412,12.0412,0.0000,NA,NA,NA
parkey.exe,39784,0x0,Other,-1,0,0,Composed: Copy with GPU GDI,23491.3805,NA,16.59810000000000,29.49870000000000,0.00000000000000,12.99330000000000,21.8147,23474.7824,16.5981,16.5981,0.0000,16.4202,13.1712,13.1712,0.0000,3.8147,23474.7824,NA
parkey.exe,39784,0x0,Other,-1,0,0,Composed: Copy with GPU GDI,23508.0655,NA,16.68500000000000,20.52630000000000,0.00000000000000,11.83240000000000,25.6560,23491.3805,16.6850,16.6850,0.0000,16.4967,12.0207,12.0207,0.0000,-3.9282,23491.3805,NA
parkey.exe,39784,0x0,Other,-1,0,0,Composed: Copy with GPU GDI,23524.8428,NA,16.77730000000000,16.68160000000000,0.00000000000000,12.01950000000000,25.5603,23508.0655,16.7773,16.7773,0.0000,16.5948,12.2020,12.2020,0.0000,0.0034,23508.0655,NA
parkey.exe,39784,0x0,Other,-1,0,0,Composed: Copy with GPU GDI,23541.9878,NA,17.14500000000000,16.68210000000000,0.00000000000000,13.20430000000000,25.0974,23524.8428,17.1450,17.1450,0.0000,16.9801,13.3692,13.3692,0.0000,0.0952,23524.8428,NA
parkey.exe,39784,0x0,Other,-1,0,0,Composed: Copy with GPU GDI,23558.2056,NA,16.21780000000000,16.67740000000000,0.00000000000000,12.18430000000000,25.5570,23541.9878,16.2178,16.2178,0.0000,16.0309,12.3712,12.3712,0.0000,0.4676,23541.9878,NA
parkey.exe,39784,0x0,Other,-1,0,0,Composed: Copy with GPU GDI,23574.7518,NA,16.54620000000000,16.68170000000000,0.00000000000000,13.01190000000000,25.6925,23558.2056,16.5462,16.5462,0.0000,16.3625,13.1956,13.1956,0.0000,-0.4639,23558.2056,NA
parkey.exe,39784,0x0,Other,-1,0,0,Composed: Copy with GPU GDI,23591.3423,NA,16.59050000000000,NA,0.00000000000000,13.34910000000000,NA,23574.7518,16.5905,16.5905,0.0000,16.4335,13.5061,13.5061,0.0000,NA,NA,NA
parkey.exe,39784,0x0,Other,-1,0,0,Composed: Copy with GPU GDI,23608.2791,NA,16.93680000000000,30.75480000000000,0.00000000000000,12.63020000000000,22.9200,23591.3423,16.9368,16.9368,0.0000,16.7285,12.8385,12.8385,0.0000,2.3819,23591.3423,NA
parkey.exe,39784,0x0,Other,-1,0,0,Composed: Copy with GPU GDI,23624.9577,NA,16.67860000000000,20.90830000000000,0.00000000000000,13.41650000000000,27.1497,23608.2791,16.6786,16.6786,0.0000,16.4630,13.6321,13.6321,0.0000,-3.9715,23608.2791,NA
parkey.exe,39784,0x0,Other,-1,0,0,Composed: Copy with GPU GDI,23641.3782,NA,16.42050000000000,13.88660000000000,0.00000000000000,11.85600000000000,24.6158,23624.9577,16.4205,16.4205,0.0000,16.2383,12.0382,12.0382,0.0000,2.7920,23624.9577,NA
parkey.exe,39784,0x0,Other,-1,0,0,Composed: Copy with GPU GDI,23658.1137,NA,16.73550000000000,17.85470000000000,0.00000000000000,11.63670000000000,25.7350,23641.3782,16.7355,16.7355,0.0000,16.5591,11.8131,11.8131,0.0000,-1.4342,23641.3782,NA
parkey.exe,39784,0x0,Other,-1,0,0,Composed: Copy with GPU GDI,23674.8436,NA,16.72990000000000,16.68040000000000,0.00000000000000,9.95390000000000,25.6855,23658.1137,16.7299,16.7299,0.0000,16.5209,10.1629,10.1629,0.0000,0.0551,23658.1137,NA
parkey.exe,39784,0x0,Other,-1,0,0,Composed: Copy with GPU GDI,23691.4887,NA,16.64510000000000,16.67440000000000,0.00000000000000,9.48920000000000,25.7148,23674.8436,16.6451,16.6451,0.0000,16.4375,9.6968,9.6968,0.0000,0.0555,23674.8436,NA
parkey.exe,39784,0x0,Other,-1,0,0,Composed: Copy with GPU GDI,23708.0787,NA,16.59000000000000,16.68180000000000,0.00000000000000,11.47170000000000,25.8066,23691.4887,16.5900,16.5900,0.0000,16.4060,11.6557,11.6557,0.0000,-0.0367,23691.4887,NA
parkey.exe,39784,0x0,Other,-1,0,0,Composed: Copy with GPU GDI,23724.7298,NA,16.65110000000000,16.67390000000000,0.00000000000000,9.47060000000000,25.8294,23708.0787,16.6511,16.6511,0.0000,16.4741,9.6476,9.6476,0.0000,-0.0839,23708.0787,NA
parkey.exe,39784,0x0,Other,-1,0,0,Composed: Copy with GPU GDI,23741.3846,NA,16.65480000000000,16.68500000000000,0.00000000000000,11.85250000000000,25.8596,23724.7298,16.6548,16.6548,0.0000,16.4751,12.0322,12.0322,0.0000,-0.0339,23724.7298,NA
parkey.exe,39784,0x0,Other,-1,0,0,Composed: Copy with GPU GDI,23758.0970,NA,16.71240000000000,16.68860000000000,0.00000000000000,9.36170000000000,25.8358,23741.3846,16.7124,16.7124,0.0000,16.5024,9.5717,9.5717,0.0000,-0.0338,23741.3846,NA
parkey.exe,39784,0x0,Other,-1,0,0,Composed: Copy with GPU GDI,23774.8410,NA,16.74400000000000,16.67710000000000,0.00000000000000,12.82290000000000,25.7689,23758.0970,16.7440,16.7440,0.0000,16.5467,13.0202,13.0202,0.0000,0.0353,23758.0970,NA
parkey.exe,39784,0x0,Other,-1,0,0,Composed: Copy with GPU GDI,23791.5580,NA,16.71700000000000,16.67750000000000,0.00000000000000,13.35950000000000,25.7294,23774.8410,16.7170,16.7170,0.0000,16.5155,13.5610,13.5610,0.0000,0.0665,23774.8410,NA
parkey.exe,39784,0x0,Other,-1,0,0,Composed: Copy with GPU GDI,23808.0611,NA,16.50310000000000,33.37210000000000,0.00000000000000,12.44190000000000,42.5984,23791.5580,16.5031,16.5031,0.0000,16.3655,12.5795,12.5795,0.0000,-16.6551,23791.5580,NA
parkey.exe,39784,0x0,Other,-1,0,0,Composed: Copy with GPU GDI,23824.8246,NA,16.76350000000000,2.80200000000000,0.00000000000000,12.87500000000000,28.6369,23808.0611,16.7635,16.7635,0.0000,16.5735,13.0650,13.0650,0.0000,13.7011,23808.0611,NA
parkey.exe,39784,0x0,Other,-1,0,0,Composed: Copy with GPU GDI,23841.4619,NA,16.63730000000000,13.89580000000000,0.00000000000000,9.35050000000000,25.8954,23824.8246,16.6373,16.6373,0.0000,16.4419,9.5459,9.5459,0.0000,2.8677,23824.8246,NA
parkey.exe,39784,0x0,Other,-1,0,0,Composed: Copy with GPU GDI,23858.0132,NA,16.55130000000000,16.65010000000000,0.00000000000000,9.48680000000000,25.9942,23841.4619,16.5513,16.5513,0.0000,16.3780,9.6601,9.6601,0.0000,-0.0128,23841.4619,NA
parkey.exe,39784,0x0,Other,-1,0,0,Composed: Copy with GPU GDI,23874.6908,NA,16.67760000000000,16.68960000000000,0.00000000000000,11.48750000000000,26.0062,23858.0132,16.6776,16.6776,0.0000,16.4849,11.6802,11.6802,0.0000,-0.1383,23858.0132,NA
parkey.exe,39784,0x0,Other,-1,0,0,Composed: Copy with GPU GDI,23891.1655,NA,16.47470000000000,16.66250000000000,0.00000000000000,9.52050000000000,26.1940,23874.6908,16.4747,16.4747,0.0000,16.3197,9.6755,9.6755,0.0000,0.0151,23874.6908,NA
parkey.exe,39784,0x0,Other,-1,0,0,Composed: Copy with GPU GDI,23907.6807,NA,16.51520000000000,16.68410000000000,0.00000000000000,9.52640000000000,26.3629,23891.1655,16.5152,16.5152,0.0000,16.3390,9.7026,9.7026,0.0000,-0.2094,23891.1655,NA
parkey.exe,39784,0x0,Other,-1,0,0,Composed: Copy with GPU GDI,23924.4153,NA,16.73460000000000,16.69200000000000,0.00000000000000,9.43320000000000,26.3203,23907.6807,16.7346,16.7346,0.0000,16.5893,9.5785,9.5785,0.0000,-0.1768,23907.6807,NA
parkey.exe,39784,0x0,Other,-1,0,0,Composed: Copy with GPU GDI,23941.1878,NA,16.77250000000000,16.66940000000000,0.00000000000000,9.52020000000000,26.2172,23924.4153,16.7725,16.7725,0.0000,16.6156,9.6771,9.6771,0.0000,0.0652,23924.4153,NA
parkey.exe,39784,0x0,Other,-1,0,0,Composed: Copy with GPU GDI,23957.6727,NA,16.48490000000000,16.68070000000000,0.00000000000000,9.54490000000000,26.4130,23941.1878,16.4849,16.4849,0.0000,16.3335,9.6963,9.6963,0.0000,0.0918,23941.1878,NA
parkey.exe,39784,0x0,Other,-1,0,0,Composed: Copy with GPU GDI,23974.7112,NA,17.03850000000000,16.67790000000000,0.00000000000000,9.49040000000000,26.0524,23957.6727,17.0385,17.0385,0.0000,16.8589,9.6700,9.6700,0.0000,-0.1930,23957.6727,NA
parkey.exe,39784,0x0,Other,-1,0,0,Composed: Copy with GPU GDI,23991.1519,NA,16.44070000000000,16.68740000000000,0.00000000000000,9.52470000000000,26.2991,23974.7112,16.4407,16.4407,0.0000,16.2797,9.6857,9.6857,0.0000,0.3511,23974.7112,NA
parkey.exe,39784,0x0,Other,-1,0,0,Composed: Copy with GPU GDI,24007.9084,NA,16.75650000000000,16.59750000000000,0.00000000000000,11.79350000000000,26.1401,23991.1519,16.7565,16.7565,0.0000,16.5384,12.0116,12.0116,0.0000,-0.1568,23991.1519,NA
parkey.exe,39784,0x0,Other,-1,0,0,Composed: Copy with GPU GDI,24025.0454,NA,17.13700000000000,16.76130000000000,0.00000000000000,11.97720000000000,25.7644,24007.9084,17.1370,17.1370,0.0000,16.6205,12.4937,12.4937,0.0000,-0.0048,24007.9084,NA
parkey.exe,39784,0x0,Other,-1,0,0,Composed: Copy with GPU GDI,24041.4371,NA,16.39170000000000,16.68630000000000,0.00000000000000,13.44770000000000,26.0590,24025.0454,16.3917,16.3917,0.0000,16.2256,13.6138,13.6138,0.0000,0.4507,24025.0454,NA
parkey.exe,39784,0x0,Other,-1,0,0,Composed: Copy with GPU GDI,24058.1602,NA,16.72310000000000,16.67040000000000,0.00000000000000,12.48760000000000,26.0063,24041.4371,16.7231,16.7231,0.0000,16.5256,12.6851,12.6851,0.0000,-0.2787,24041.4371,NA
parkey.exe,39784,0x0,Other,-1,0,0,Composed: Copy with GPU GDI,24074.8671,NA,16.70690000000000,16.68440000000000,0.00000000000000,12.99270000000000,25.9838,24058.1602,16.7069,16.7069,0.0000,16.5114,13.1882,13.1882,0.0000,0.0387,24058.1602,NA
parkey.exe,39784,0x0,Other,-1,0,0,Composed: Copy with GPU GDI,24091.4892,NA,16.62210000000000,NA,0.00000000000000,13.47370000000000,NA,24074.8671,16.6221,16.6221,0.0000,16.4761,13.6197,13.6197,0.0000,NA,NA,NA
parkey.exe,39784,0x0,Other,-1,0,0,Composed: Copy with GPU GDI,24108.0319,NA,16.54270000000000,30.51010000000000,0.00000000000000,12.60110000000000,23.3291,24091.4892,16.5427,16.5427,0.0000,16.3463,12.7975,12.7975,0.0000,2.8189,24091.4892,NA
parkey.exe,39784,0x0,Other,-1,0,0,Composed: Copy with GPU GDI,24124.7830,NA,16.75110000000000,19.53460000000000,0.00000000000000,13.44820000000000,26.1126,24108.0319,16.7511,16.7511,0.0000,16.5478,13.6515,13.6515,0.0000,-2.9919,24108.0319,NA
parkey.exe,39784,0x0,Other,-1,0,0,Composed: Copy with GPU GDI,24141.5222,NA,16.73920000000000,NA,0.00000000000000,11.70050000000000,NA,24124.7830,16.7392,16.7392,0.0000,16.5611,11.8786,11.8786,0.0000,NA,NA,NA
parkey.exe,39784,0x0,Other,-1,0,0,Composed: Copy with GPU GDI,24158.1219,NA,16.59970000000000,29.08230000000000,0.00000000000000,13.01040000000000,21.8560,24141.5222,16.5997,16.5997,0.0000,16.4015,13.2086,13.2086,0.0000,4.4080,24141.5222,NA
parkey.exe,39784,0x0,Other,-1,0,0,Composed: Copy with GPU GDI,24174.6894,NA,16.56750000000000,13.90550000000000,0.00000000000000,11.28520000000000,19.1940,24158.1219,16.5675,16.5675,0.0000,16.3869,11.4658,11.4658,0.0000,2.6942,24158.1219,NA
parkey.exe,39784,0x0,Other,-1,0,0,Composed: Copy with GPU GDI,24191.4382,NA,16.74880000000000,23.72850000000000,0.00000000000000,12.19960000000000,26.1737,24174.6894,16.7488,16.7488,0.0000,16.5668,12.3816,12.3816,0.0000,-7.1610,24174.6894,NA
parkey.exe,39784,0x0,Other,-1,0,0,Composed: Copy with GPU GDI,24208.0934,NA,16.65520000000000,16.67610000000000,0.00000000000000,12.13330000000000,26.1946,24191.4382,16.6552,16.6552,0.0000,16.4628,12.3257,12.3257,0.0000,0.0727,24191.4382,NA
parkey.exe,39784,0x0,Other,-1,0,0,Composed: Copy with GPU GDI,24224.7610,NA,16.66760000000000,16.68070000000000,0.00000000000000,9.45360000000000,26.2077,24208.0934,16.6676,16.6676,0.0000,16.4882,9.6330,9.6330,0.0000,-0.0255,24208.0934,NA
parkey.exe,39784,0x0,Other,-1,0,0,Composed: Copy with GPU GDI,24241.0113,NA,16.25030000000000,16.68890000000000,0.00000000000000,9.54120000000000,26.6463,24224.7610,16.2503,16.2503,0.0000,16.1140,9.6775,9.6775,0.0000,-0.0213,24224.7610,NA
parkey.exe,39784,0x0,Other,-1,0,0,Composed: Copy with GPU GDI,24257.9799,NA,16.96860000000000,16.67280000000000,0.00000000000000,12.42680000000000,26.3505,24241.0113,16.9686,16.9686,0.0000,16.7373,12.6581,12.6581,0.0000,-0.4225,24241.0113,NA
parkey.exe,39784,0x0,Other,-1,0,0,Composed: Copy with GPU GDI,24274.9605,NA,16.98060000000000,16.68290000000000,0.00000000000000,12.31080000000000,26.0528,24257.9799,16.9806,16.9806,0.0000,16.7870,12.5044,12.5044,0.0000,0.2857,24257.9799,NA
parkey.exe,39784,0x0,Other,-1,0,0,Composed: Copy with GPU GDI,24291.4513,NA,16.49080000000000,16.68040000000000,0.00000000000000,13.37360000000000,26.2424,24274.9605,16.4908,16.4908,0.0000,16.2987,13.5657,13.5657,0.0000,0.3002,24274.9605,NA
parkey.exe,39784,0x0,Other,-1,0,0,Composed: Copy with GPU GDI,24308.1212,NA,16.66990000000000,16.67990000000000,0.00000000000000,12.14120000000000,26.2524,24291.4513,16.6699,16.6699,0.0000,16.4853,12.3258,12.3258,0.0000,-0.1891,24291.4513,NA
parkey.exe,39784,0x0,Other,-1,0,0,Composed: Copy with GPU GDI,24324.7472,NA,16.62600000000000,16.68870000000000,0.00000000000000,12.14880000000000,26.3151,24308.1212,16.6260,16.6260,0.0000,16.4337,12.3411,12.3411,0.0000,-0.0188,24308.1212,NA
parkey.exe,39784,0x0,Other,-1,0,0,Composed: Copy with GPU GDI,24341.4093,NA,16.66210000000000,NA,0.00000000000000,13.53600000000000,NA,24324.7472,16.6621,16.6621,0.0000,16.4729,13.7252,13.7252,0.0000,NA,NA,NA
parkey.exe,39784,0x0,Other,-1,0,0,Composed: Copy with GPU GDI,24358.0167,NA,16.60740000000000,30.34340000000000,0.00000000000000,12.68500000000000,23.3890,24341.4093,16.6074,16.6074,0.0000,16.4373,12.8551,12.8551,0.0000,2.9447,24341.4093,NA
parkey.exe,39784,0x0,Other,-1,0,0,Composed: Copy with GPU GDI,24374.7620,NA,16.74530000000000,19.69130000000000,0.00000000000000,13.44770000000000,26.3350,24358.0167,16.7453,16.7453,0.0000,16.5561,13.6369,13.6369,0.0000,-3.0839,24358.0167,NA
parkey.exe,39784,0x0,Other,-1,0,0,Composed: Copy with GPU GDI,24391.4441,NA,16.68210000000000,NA,0.00000000000000,10.89200000000000,NA,24374.7620,16.6821,16.6821,0.0000,16.5024,11.0717,11.0717,0.0000,NA,NA,NA
parkey.exe,39784,0x0,Other,-1,0,0,Composed: Copy with GPU GDI,24408.0212,NA,16.57710000000000,28.95600000000000,0.00000000000000,12.90830000000000,22.0318,24391.4441,16.5771,16.5771,0.0000,16.4072,13.0782,13.0782,0.0000,4.4714,24391.4441,NA
parkey.exe,39784,0x0,Other,-1,0,0,Composed: Copy with GPU GDI,24424.7548,NA,16.73360000000000,13.87170000000000,0.00000000000000,10.80780000000000,19.1699,24408.0212,16.7336,16.7336,0.0000,16.5332,11.0082,11.0082,0.0000,2.7054,24408.0212,NA
parkey.exe,39784,0x0,Other,-1,0,0,Composed: Copy with GPU GDI,24441.4317,NA,16.67690000000000,23.89230000000000,0.00000000000000,12.62790000000000,26.3853,24424.7548,16.6769,16.6769,0.0000,16.4966,12.8082,12.8082,0.0000,-7.1587,24424.7548,NA
parkey.exe,39784,0x0,Other,-1,0,0,Composed: Copy with GPU GDI,24458.0246,NA,16.59290000000000,16.68750000000000,0.00000000000000,12.22010000000000,26.4799,24441.4317,16.5929,16.5929,0.0000,16.4099,12.4031,12.4031,0.0000,-0.0106,24441.4317,NA
parkey.exe,39784,0x0,Other,-1,0,0,Composed: Copy with GPU GDI,24474.7481,NA,16.72350000000000,16.67120000000000,0.00000000000000,12.18240000000000,26.4276,24458.0246,16.7235,16.7235,0.0000,16.5359,12.3700,12.3700,0.0000,-0.0783,24458.0246,NA
parkey.exe,39784,0x0,Other,-1,0,0,Composed: Copy with GPU GDI,24491.6435,NA,16.89540000000000,16.67870000000000,0.00000000000000,12.15340000000000,26.2109,24474.7481,16.8954,16.8954,0.0000,16.7051,12.3437,12.3437,0.0000,0.0448,24474.7481,NA
parkey.exe,39784,0x0,Other,-1,0,0,Composed: Copy with GPU GDI,24508.0243,NA,16.38080000000000,16.68130000000000,0.00000000000000,13.26890000000000,26.5114,24491.6435,16.3808,16.3808,0.0000,16.1936,13.4561,13.4561,0.0000,0.2141,24491.6435,NA
parkey.exe,39784,0x0,Other,-1,0,0,Composed: Copy with GPU GDI,24524.7474,NA,16.72310000000000,16.67890000000000,0.00000000000000,12.62150000000000,26.4672,24508.0243,16.7231,16.7231,0.0000,16.5417,12.8029,12.8029,0.0000,-0.2981,24508.0243,NA
parkey.exe,39784,0x0,Other,-1,0,0,Composed: Copy with GPU GDI,24541.2955,NA,16.54810000000000,16.68340000000000,0.00000000000000,13.58030000000000,26.6025,24524.7474,16.5481,16.5481,0.0000,16.3749,13.7535,13.7535,0.0000,0.0397,24524.7474,NA
parkey.exe,39784,0x0,Other,-1,0,0,Composed: Copy with GPU GDI,24557.9949,NA,16.69940000000000,NA,0.00000000000000,11.11060000000000,NA,24541.2955,16.6994,16.6994,0.0000,16.5137,11.2963,11.2963,0.0000,NA,NA,NA
parkey.exe,39784,0x0,Other,-1,0,0,Composed: Copy with GPU GDI,24574.7805,NA,16.78560000000000,28.81450000000000,0.00000000000000,12.95510000000000,21.9320,24557.9949,16.7856,16.7856,0.0000,16.6094,13.1313,13.1313,0.0000,4.4330,24557.9949,NA
parkey.exe,39784,0x0,Other,-1,0,0,Composed: Copy with GPU GDI,24591.3767,NA,16.59620000000000,13.89240000000000,0.00000000000000,11.09740000000000,19.2282,24574.7805,16.5962,16.5962,0.0000,16.4121,11.2815,11.2815,0.0000,2.8932,24574.7805,NA
parkey.exe,39784,0x0,Other,-1,0,0,Composed: Copy with GPU GDI,24608.0426,NA,16.66590000000000,24.04220000000000,0.00000000000000,12.24640000000000,26.6045,24591.3767,16.6659,16.6659,0.0000,16.4862,12.4261,12.4261,0.0000,-7.4460,24591.3767,NA
parkey.exe,39784,0x0,Other,-1,0,0,Composed: Copy with GPU GDI,24624.7810,NA,16.73840000000000,16.66320000000000,0.00000000000000,12.09370000000000,26.5293,24608.0426,16.7384,16.7384,0.0000,16.5385,12.2936,12.2936,0.0000,0.0027,24608.0426,NA
parkey.exe,39784,0x0,Other,-1,0,0,Composed: Copy with GPU GDI,24641.5509,NA,16.76990000000000,16.67600000000000,0.00000000000000,12.48190000000000,26.4354,24624.7810,16.7699,16.7699,0.0000,16.5626,12.6892,12.6892,0.0000,0.0624,24624.7810,NA
parkey.exe,39784,0x0,Other,-1,0,0,Composed: Copy with GPU GDI,24658.3846,NA,16.83370000000000,16.68150000000000,0.00000000000000,12.03140000000000,26.2832,24641.5509,16.8337,16.8337,0.0000,16.6229,12.2422,12.2422,0.0000,0.0884,24641.5509,NA
parkey.exe,39784,0x0,Other,-1,0,0,Composed: Copy with GPU GDI,24675.0778,NA,16.69320000000000,16.67350000000000,0.00000000000000,13.14850000000000,26.2635,24658.3846,16.6932,16.6932,0.0000,16.3434,13.4983,13.4983,0.0000,0.1602,24658.3846,NA
parkey.exe,39784,0x0,Other,-1,0,0,Composed: Copy with GPU GDI,24691.8640,NA,16.78620000000000,16.67820000000000,0.00000000000000,12.55380000000000,26.1555,24675.0778,16.7862,16.7862,0.0000,16.5767,12.7633,12.7633,0.0000,0.0150,24675.0778,NA
parkey.exe,39784,0x0,Other,-1,0,0,Composed: Copy with GPU GDI,24708.2591,NA,16.39510000000000,16.68340000000000,0.00000000000000,13.35300000000000,26.4438,24691.8640,16.3951,16.3951,0.0000,16.1851,13.5630,13.5630,0.0000,0.1028,24691.8640,NA
parkey.exe,39784,0x0,Other,-1,0,0,Composed: Copy with GPU GDI,24724.8294,NA,16.57030000000000,16.67430000000000,0.00000000000000,12.05280000000000,26.5478,24708.2591,16.5703,16.5703,0.0000,16.3626,12.2605,12.2605,0.0000,-0.2792,24708.2591,NA
parkey.exe,39784,0x0,Other,-1,0,0,Composed: Copy with GPU GDI,24741.3952,NA,16.56580000000000,16.69200000000000,0.00000000000000,13.00550000000000,26.6740,24724.8294,16.5658,16.5658,0.0000,16.3830,13.1883,13.1883,0.0000,-0.1217,24724.8294,NA
parkey.exe,39784,0x0,Other,-1,0,0,Composed: Copy with GPU GDI,24758.1946,NA,16.79940000000000,NA,0.00000000000000,13.41110000000000,NA,24741.3952,16.7994,16.7994,0.0000,16.5773,13.6332,13.6332,0.0000,NA,NA,NA
parkey.exe,39784,0x0,Other,-1,0,0,Composed: Copy with GPU GDI,24774.7752,NA,16.58060000000000,30.06700000000000,0.00000000000000,13.49130000000000,23.3610,24758.1946,16.5806,16.5806,0.0000,16.3776,13.6943,13.6943,0.0000,3.2982,24758.1946,NA
parkey.exe,39784,0x0,Other,-1,0,0,Composed: Copy with GPU GDI,24791.4503,NA,16.67510000000000,19.97080000000000,0.00000000000000,13.45080000000000,26.6567,24774.7752,16.6751,16.6751,0.0000,16.4957,13.6302,13.6302,0.0000,-3.3902,24774.7752,NA
parkey.exe,39784,0x0,Other,-1,0,0,Composed: Copy with GPU GDI,24807.9709,NA,16.52060000000000,16.67110000000000,0.00000000000000,12.16860000000000,26.8072,24791.4503,16.5206,16.5206,0.0000,16.3397,12.3495,12.3495,0.0000,0.0040,24791.4503,NA
parkey.exe,39784,0x0,Other,-1,0,0,Composed: Copy with GPU GDI,24824.7172,NA,16.74630000000000,16.69520000000000,0.00000000000000,12.20460000000000,26.7561,24807.9709,16.7463,16.7463,0.0000,16.5657,12.3852,12.3852,0.0000,-0.1746,24807.9709,NA
parkey.exe,39784,0x0,Other,-1,0,0,Composed: Copy with GPU GDI,24841.4371,NA,16.71990000000000,16.66660000000000,0.00000000000000,13.23220000000000,26.7028,24824.7172,16.7199,16.7199,0.0000,16.5361,13.4160,13.4160,0.0000,0.0797,24824.7172,NA
parkey.exe,39784,0x0,Other,-1,0,0,Composed: Copy with GPU GDI,24858.0576,NA,16.62050000000000,16.68030000000000,0.00000000000000,12.59750000000000,26.7626,24841.4371,16.6205,16.6205,0.0000,16.4350,12.7830,12.7830,0.0000,0.0396,24841.4371,NA
parkey.exe,39784,0x0,Other,-1,0,0,Composed: Copy with GPU GDI,24874.7367,NA,16.67910000000000,16.68280000000000,0.00000000000000,13.34090000000000,26.7663,24858.0576,16.6791,16.6791,0.0000,16.5036,13.5164,13.5164,0.0000,-0.0623,24858.0576,NA
parkey.exe,39784,0x0,Other,-1,0,0,Composed: Copy with GPU GDI,24891.4009,NA,16.66420000000000,16.67880000000000,0.00000000000000,12.33090000000000,26.7809,24874.7367,16.6642,16.6642,0.0000,16.4722,12.5229,12.5229,0.0000,0.0003,24874.7367,NA
parkey.exe,39784,0x0,Other,-1,0,0,Composed: Copy with GPU GDI,24908.1910,NA,16.79010000000000,16.67680000000000,0.00000000000000,12.93150000000000,26.6676,24891.4009,16.7901,16.7901,0.0000,16.5772,13.1444,13.1444,0.0000,-0.0126,24891.4009,NA
parkey.exe,39784,0x0,Other,-1,0,0,Composed: Copy with GPU GDI,24924.8725,NA,16.68150000000000,NA,0.00000000000000,13.43700000000000,NA,24908.1910,16.6815,16.6815,0.0000,16.4731,13.6454,13.6454,0.0000,NA,NA,NA
parkey.exe,39784,0x0,Other,-1,0,0,Composed: Copy with GPU GDI,24941.4952,NA,16.62270000000000,29.97660000000000,0.00000000000000,12.61970000000000,23.3400,24924.8725,16.6227,16.6227,0.0000,16.4315,12.8109,12.8109,0.0000,3.4950,24924.8725,NA
parkey.exe,39784,0x0,Other,-1,0,0,Composed: Copy with GPU GDI,24958.0176,NA,16.52240000000000,20.07630000000000,0.00000000000000,13.09530000000000,26.8939,24941.4952,16.5224,16.5224,0.0000,16.3414,13.2763,13.2763,0.0000,-3.4536,24941.4952,NA
parkey.exe,39784,0x0,Other,-1,0,0,Composed: Copy with GPU GDI,24974.7619,NA,16.74430000000000,16.66880000000000,0.00000000000000,12.02950000000000,26.8184,24958.0176,16.7443,16.7443,0.0000,16.5493,12.2245,12.2245,0.0000,-0.1464,24958.0176,NA
parkey.exe,39784,0x0,Other,-1,0,0,Composed: Copy with GPU GDI,24991.3445,NA,16.58260000000000,16.68080000000000,0.00000000000000,12.26080000000000,26.9166,24974.7619,16.5826,16.5826,0.0000,16.3997,12.4437,12.4437,0.0000,0.0635,24974.7619,NA
parkey.exe,39784,0x0,Other,-1,0,0,Composed: Copy with GPU GDI,25008.0168,NA,16.67230000000000,16.68760000000000,0.00000000000000,13.24540000000000,26.9319,24991.3445,16.6723,16.6723,0.0000,16.4855,13.4322,13.4322,0.0000,-0.1050,24991.3445,NA
parkey.exe,39784,0x0,Other,-1,0,0,Composed: Copy with GPU GDI,25024.7082,NA,16.69140000000000,16.67140000000000,0.00000000000000,12.65520000000000,26.9119,25008.0168,16.6914,16.6914,0.0000,16.5104,12.8362,12.8362,0.0000,0.0009,25008.0168,NA
parkey.exe,39784,0x0,Other,-1,0,0,Composed: Copy with GPU GDI,25041.2381,NA,16.52990000000000,16.67900000000000,0.00000000000000,13.49450000000000,27.0610,25024.7082,16.5299,16.5299,0.0000,16.3601,13.6643,13.6643,0.0000,0.0124,25024.7082,NA
parkey.exe,39784,0x0,Other,-1,0,0,Composed: Copy with GPU GDI,25057.5796,NA,16.34150000000000,16.69400000000000,0.00000000000000,9.51430000000000,27.4135,25041.2381,16.3415,16.3415,0.0000,16.2097,9.6461,9.6461,0.0000,-0.1641,25041.2381,NA
parkey.exe,39784,0x0,Other,-1,0,0,Composed: Copy with GPU GDI,25074.7607,NA,17.18110000000000,16.66880000000000,0.00000000000000,10.95980000000000,26.9012,25057.5796,17.1811,17.1811,0.0000,16.9927,11.1482,11.1482,0.0000,-0.3273,25057.5796,NA
parkey.exe,39784,0x0,Other,-1,0,0,Composed: Copy with GPU GDI,25091.7223,NA,16.96160000000000,16.68200000000000,0.00000000000000,9.35890000000000,26.6216,25074.7607,16.9616,16.9616,0.0000,16.7598,9.5607,9.5607,0.0000,0.4991,25074.7607,NA
parkey.exe,39784,0x0,Other,-1,0,0,Composed: Copy with GPU GDI,25108.0811,NA,16.35880000000000,16.68190000000000,0.00000000000000,9.48380000000000,26.9447,25091.7223,16.3588,16.3588,0.0000,16.1752,9.6674,9.6674,0.0000,0.2797,25091.7223,NA
parkey.exe,39784,0x0,Other,-1,0,0,Composed: Copy with GPU GDI,25124.3735,NA,16.29240000000000,16.67710000000000,0.00000000000000,11.25560000000000,27.3294,25108.0811,16.2924,16.2924,0.0000,16.1472,11.4008,11.4008,0.0000,-0.3183,25108.0811,NA
parkey.exe,39784,0x0,Other,-1,0,0,Composed: Copy with GPU GDI,25141.1520,NA,16.77850000000000,16.67770000000000,0.00000000000000,9.52790000000000,27.2286,25124.3735,16.7785,16.7785,0.0000,16.6355,9.6709,9.6709,0.0000,-0.3853,25124.3735,NA
parkey.exe,39784,0x0,Other,-1,0,0,Composed: Copy with GPU GDI,25157.5528,NA,16.40080000000000,16.68200000000000,0.00000000000000,9.51470000000000,27.5098,25141.1520,16.4008,16.4008,0.0000,16.2748,9.6407,9.6407,0.0000,0.0965,25141.1520,NA
parkey.exe,39784,0x0,Other,-1,0,0,Composed: Copy with GPU GDI,25174.5942,NA,17.04140000000000,16.67910000000000,0.00000000000000,11.87170000000000,27.1475,25157.5528,17.0414,17.0414,0.0000,16.8867,12.0264,12.0264,0.0000,-0.2783,25157.5528,NA
parkey.exe,39784,0x0,Other,-1,0,0,Composed: Copy with GPU GDI,25190.9411,NA,16.34690000000000,16.68730000000000,0.00000000000000,9.52610000000000,27.4879,25174.5942,16.3469,16.3469,0.0000,16.1940,9.6790,9.6790,0.0000,0.3541,25174.5942,NA
parkey.exe,39784,0x0,Other,-1,0,0,Composed: Copy with GPU GDI,25207.9024,NA,16.96130000000000,16.67580000000000,0.00000000000000,13.41280000000000,27.2024,25190.9411,16.9613,16.9613,0.0000,16.7987,13.5754,13.5754,0.0000,-0.3289,25190.9411,NA
parkey.exe,39784,0x0,Other,-1,0,0,Composed: Copy with GPU GDI,25224.5626,NA,16.66020000000000,7.55980000000000,0.00000000000000,11.11550000000000,18.1020,25207.9024,16.6602,16.6602,0.0000,16.4881,11.2876,11.2876,0.0000,9.4015,25207.9024,NA
parkey.exe,39784,0x0,Other,-1,0,0,Composed: Copy with GPU GDI,25241.4070,NA,16.84440000000000,25.80000000000000,0.00000000000000,12.95590000000000,27.0576,25224.5626,16.8444,16.8444,0.0000,16.6669,13.1334,13.1334,0.0000,-9.1398,25224.5626,NA
parkey.exe,39784,0x0,Other,-1,0,0,Composed: Copy with GPU GDI,25258.0731,NA,16.66610000000000,NA,0.00000000000000,13.35250000000000,NA,25241.4070,16.6661,16.6661,0.0000,16.5946,13.4240,13.4240,0.0000,NA,NA,NA
parkey.exe,39784,0x0,Other,-1,0,0,Composed: Copy with GPU GDI,25274.7701,NA,16.69700000000000,29.76090000000000,0.00000000000000,12.57580000000000,23.4554,25258.0731,16.6970,16.6970,0.0000,16.5031,12.7697,12.7697,0.0000,3.7496,25258.0731,NA
parkey.exe,39784,0x0,Other,-1,0,0,Composed: Copy with GPU GDI,25291.4322,NA,16.66210000000000,20.28190000000000,0.00000000000000,13.08410000000000,27.0752,25274.7701,16.6621,16.6621,0.0000,16.4669,13.2793,13.2793,0.0000,-3.5849,25274.7701,NA
parkey.exe,39784,0x0,Other,-1,0,0,Composed: Copy with GPU GDI,25308.5181,NA,17.08590000000000,16.67980000000000,0.00000000000000,11.90670000000000,26.6691,25291.4322,17.0859,17.0859,0.0000,16.8661,12.1265,12.1265,0.0000,-0.0177,25291.4322,NA
parkey.exe,39784,0x0,Other,-1,0,0,Composed: Copy with GPU GDI,25324.8555,NA,16.33740000000000,16.67760000000000,0.00000000000000,12.05230000000000,27.0093,25308.5181,16.3374,16.3374,0.0000,16.1296,12.2601,12.2601,0.0000,0.4083,25308.5181,NA
parkey.exe,39784,0x0,Other,-1,0,0,Composed: Copy with GPU GDI,25341.3711,NA,16.51560000000000,16.67620000000000,0.00000000000000,13.24710000000000,27.1699,25324.8555,16.5156,16.5156,0.0000,16.3078,13.4549,13.4549,0.0000,-0.3388,25324.8555,NA
parkey.exe,39784,0x0,Other,-1,0,0,Composed: Copy with GPU GDI,25358.1640,NA,16.79290000000000,16.68490000000000,0.00000000000000,12.62340000000000,27.0619,25341.3711,16.7929,16.7929,0.0000,16.6033,12.8130,12.8130,0.0000,-0.1693,25341.3711,NA
parkey.exe,39784,0x0,Other,-1,0,0,Composed: Copy with GPU GDI,25374.8405,NA,16.67650000000000,16.68400000000000,0.00000000000000,13.38800000000000,27.0694,25358.1640,16.6765,16.6765,0.0000,16.4896,13.5749,13.5749,0.0000,0.1089,25358.1640,NA
parkey.exe,39784,0x0,Other,-1,0,0,Composed: Copy with GPU GDI,25391.4468,NA,16.60630000000000,16.67500000000000,0.00000000000000,12.25190000000000,27.1381,25374.8405,16.6063,16.6063,0.0000,16.4086,12.4496,12.4496,0.0000,0.0015,25374.8405,NA
parkey.exe,39784,0x0,Other,-1,0,0,Composed: Copy with GPU GDI,25407.9764,NA,16.52960000000000,16.68590000000000,0.00000000000000,13.07850000000000,27.2944,25391.4468,16.5296,16.5296,0.0000,16.3524,13.2557,13.2557,0.0000,-0.0796,25391.4468,NA
parkey.exe,39784,0x0,Other,-1,0,0,Composed: Copy with GPU GDI,25424.7457,NA,16.76930000000000,NA,0.00000000000000,13.37720000000000,NA,25407.9764,16.7693,16.7693,0.0000,16.5580,13.5885,13.5885,0.0000,NA,NA,NA
parkey.exe,39784,0x0,Other,-1,0,0,Composed: Copy with GPU GDI,25441.3500,NA,16.60430000000000,29.64830000000000,0.00000000000000,12.21410000000000,23.5691,25424.7457,16.6043,16.6043,0.0000,16.4223,12.3961,12.3961,0.0000,3.6506,25424.7457,NA
parkey.exe,39784,0x0,Other,-1,0,0,Composed: Copy with GPU GDI,25457.9825,NA,16.63250000000000,20.39160000000000,0.00000000000000,13.41430000000000,27.3282,25441.3500,16.6325,16.6325,0.0000,16.4577,13.5891,13.5891,0.0000,-3.7873,25441.3500,NA
parkey.exe,39784,0x0,Other,-1,0,0,Composed: Copy with GPU GDI,25474.8045,NA,16.82200000000000,7.39300000000000,0.00000000000000,10.80900000000000,17.8992,25457.9825,16.8220,16.8220,0.0000,16.6370,10.9940,10.9940,0.0000,9.2395,25457.9825,NA
parkey.exe,39784,0x0,Other,-1,0,0,Composed: Copy with GPU GDI,25491.2994,NA,16.49490000000000,25.96430000000000,0.00000000000000,12.04000000000000,27.3686,25474.8045,16.4949,16.4949,0.0000,16.3166,12.2183,12.2183,0.0000,-9.1423,25474.8045,NA
parkey.exe,39784,0x0,Other,-1,0,0,Composed: Copy with GPU GDI,25508.0257,NA,16.72630000000000,16.67980000000000,0.00000000000000,13.36320000000000,27.3221,25491.2994,16.7263,16.7263,0.0000,16.5357,13.5538,13.5538,0.0000,-0.1849,25491.2994,NA
parkey.exe,39784,0x0,Other,-1,0,0,Composed: Copy with GPU GDI,25524.6781,NA,16.65240000000000,16.68320000000000,0.00000000000000,12.63490000000000,27.3529,25508.0257,16.6524,16.6524,0.0000,16.4690,12.8183,12.8183,0.0000,0.0431,25508.0257,NA
parkey.exe,39784,0x0,Other,-1,0,0,Composed: Copy with GPU GDI,25541.5452,NA,16.86710000000000,16.68060000000000,0.00000000000000,13.40680000000000,27.1664,25524.6781,16.8671,16.8671,0.0000,16.6749,13.5990,13.5990,0.0000,-0.0282,25524.6781,NA
parkey.exe,39784,0x0,Other,-1,0,0,Composed: Copy with GPU GDI,25558.4061,NA,16.86090000000000,16.67790000000000,0.00000000000000,11.55550000000000,26.9834,25541.5452,16.8609,16.8609,0.0000,16.4544,11.9620,11.9620,0.0000,0.1892,25541.5452,NA
parkey.exe,39784,0x0,Other,-1,0,0,Composed: Copy with GPU GDI,25574.7809,NA,16.37480000000000,16.69730000000000,0.00000000000000,12.96790000000000,27.3059,25558.4061,16.3748,16.3748,0.0000,16.1849,13.1578,13.1578,0.0000,0.1636,25558.4061,NA
parkey.exe,39784,0x0,Other,-1,0,0,Composed: Copy with GPU GDI,25591.8122,NA,17.03130000000000,NA,0.00000000000000,13.49960000000000,NA,25574.7809,17.0313,17.0313,0.0000,16.8228,13.7081,13.7081,0.0000,NA,NA,NA
parkey.exe,39784,0x0,Other,-1,0,0,Composed: Copy with GPU GDI,25608.1697,NA,16.35750000000000,29.54530000000000,0.00000000000000,12.06170000000000,23.4624,25591.8122,16.3575,16.3575,0.0000,16.1566,12.2626,12.2626,0.0000,3.8608,25591.8122,NA
parkey.exe,39784,0x0,Other,-1,0,0,Composed: Copy with GPU GDI,25624.9353,NA,16.76560000000000,20.48120000000000,0.00000000000000,13.13380000000000,27.1780,25608.1697,16.7656,16.7656,0.0000,16.5583,13.3411,13.3411,0.0000,-4.1237,25608.1697,NA
parkey.exe,39784,0x0,Other,-1,0,0,Composed: Copy with GPU GDI,25641.5166,NA,16.58130000000000,16.68320000000000,0.00000000000000,12.11900000000000,27.2799,25624.9353,16.5813,16.5813,0.0000,16.3861,12.3142,12.3142,0.0000,0.0824,25624.9353,NA
parkey.exe,39784,0x0,Other,-1,0,0,Composed: Copy with GPU GDI,25658.0815,NA,16.56490000000000,16.71200000000000,0.00000000000000,12.11380000000000,27.4270,25641.5166,16.5649,16.5649,0.0000,16.3737,12.3050,12.3050,0.0000,-0.1307,25641.5166,NA
parkey.exe,39784,0x0,Other,-1,0,0,Composed: Copy with GPU GDI,25675.0086,NA,16.92710000000000,16.63870000000000,0.00000000000000,13.41390000000000,27.1386,25658.0815,16.9271,16.9271,0.0000,16.6884,13.6526,13.6526,0.0000,-0.0738,25658.0815,NA
parkey.exe,39784,0x0,Other,-1,0,0,Composed: Copy with GPU GDI,25691.5620,NA,16.55340000000000,16.70110000000000,0.00000000000000,12.22220000000000,27.2863,25675.0086,16.5534,16.5534,0.0000,16.3590,12.4166,12.4166,0.0000,0.2260,25675.0086,NA
parkey.exe,39784,0x0,Other,-1,0,0,Composed: Copy with GPU GDI,25708.2487,NA,16.68670000000000,16.67320000000000,0.00000000000000,13.23610000000000,27.2728,25691.5620,16.6867,16.6867,0.0000,16.4933,13.4295,13.4295,0.0000,-0.1198,25691.5620,NA
parkey.exe,39784,0x0,Other,-1,0,0,Composed: Copy with GPU GDI,25724.8621,NA,16.61340000000000,16.67120000000000,0.00000000000000,12.05450000000000,27.3306,25708.2487,16.6134,16.6134,0.0000,16.4130,12.2549,12.2549,0.0000,0.0155,25708.2487,NA
parkey.exe,39784,0x0,Other,-1,0,0,Composed: Copy with GPU GDI,25741.4813,NA,16.61920000000000,16.69980000000000,0.00000000000000,12.92750000000000,27.4112,25724.8621,16.6192,16.6192,0.0000,16.4138,13.1329,13.1329,0.0000,-0.0864,25724.8621,NA
parkey.exe,39784,0x0,Other,-1,0,0,Composed: Copy with GPU GDI,25758.5564,NA,17.07510000000000,16.67300000000000,0.00000000000000,12.87160000000000,27.0091,25741.4813,17.0751,17.0751,0.0000,16.5661,13.3806,13.3806,0.0000,-0.0538,25741.4813,NA
parkey.exe,39784,0x0,Other,-1,0,0,Composed: Copy with GPU GDI,25774.8399,NA,16.28350000000000,16.67830000000000,0.00000000000000,12.94480000000000,27.4039,25758.5564,16.2835,16.2835,0.0000,16.0735,13.1548,13.1548,0.0000,0.3968,25758.5564,NA
parkey.exe,39784,0x0,Other,-1,0,0,Composed: Copy with GPU GDI,25791.6146,NA,16.77470000000000,16.70360000000000,0.00000000000000,13.70930000000000,27.3328,25774.8399,16.7747,16.7747,0.0000,16.5722,13.9118,13.9118,0.0000,-0.4201,25774.8399,NA
parkey.exe,39784,0x0,Other,-1,0,0,Composed: Copy with GPU GDI,25808.4218,NA,16.80720000000000,16.64260000000000,0.00000000000000,10.99300000000000,27.1682,25791.6146,16.8072,16.8072,0.0000,16.5544,11.2458,11.2186,0.0272,0.1321,25791.6146,NA
parkey.exe,39784,0x0,Other,-1,0,0,Composed: Copy with GPU GDI,25825.2163,NA,16.79450000000000,16.69450000000000,0.00000000000000,12.76450000000000,27.0682,25808.4218,16.7945,16.7945,0.0000,16.6002,12.9588,12.9588,0.0000,0.1127,25808.4218,NA
parkey.exe,39784,0x0,Other,-1,0,0,Composed: Copy with GPU GDI,25841.5913,NA,16.37500000000000,16.68740000000000,0.00000000000000,13.02750000000000,27.3806,25825.2163,16.3750,16.3750,0.0000,16.1664,13.2361,13.2361,0.0000,0.1071,25825.2163,NA
parkey.exe,39784,0x0,Other,-1,0,0,Composed: Copy with GPU GDI,25858.1387,NA,16.54740000000000,16.66710000000000,0.00000000000000,10.92530000000000,27.5003,25841.5913,16.5474,16.5474,0.0000,16.3531,11.1196,11.1196,0.0000,-0.2921,25841.5913,NA
parkey.exe,39784,0x0,Other,-1,0,0,Composed: Copy with GPU GDI,25874.7192,NA,16.58050000000000,16.67840000000000,0.00000000000000,13.40950000000000,27.5982,25858.1387,16.5805,16.5805,0.0000,16.3831,13.6069,13.6069,0.0000,-0.1310,25858.1387,NA
parkey.exe,39784,0x0,Other,-1,0,0,Composed: Copy with GPU GDI,25891.5333,NA,16.81410000000000,16.67690000000000,0.00000000000000,9.44600000000000,27.4610,25874.7192,16.8141,16.8141,0.0000,16.6135,9.6466,9.6466,0.0000,-0.0964,25874.7192,NA
parkey.exe,39784,0x0,Other,-1,0,0,Composed: Copy with GPU GDI,25908.0256,NA,16.49230000000000,16.68440000000000,0.00000000000000,10.78520000000000,27.6531,25891.5333,16.4923,16.4923,0.0000,16.3030,10.9745,10.9745,0.0000,0.1297,25891.5333,NA
parkey.exe,39784,0x0,Other,-1,0,0,Composed: Copy with GPU GDI,25924.9864,NA,16.96080000000000,16.68400000000000,0.00000000000000,12.75440000000000,27.3763,25908.0256,16.9608,16.9608,0.0000,16.7536,12.9616,12.9616,0.0000,-0.1917,25908.0256,NA
parkey.exe,39784,0x0,Other,-1,0,0,Composed: Copy with GPU GDI,25941.4806,NA,16.49420000000000,16.67470000000000,0.00000000000000,10.87090000000000,27.5568,25924.9864,16.4942,16.4942,0.0000,16.2331,11.1320,11.1320,0.0000,0.2861,25924.9864,NA
parkey.exe,39784,0x0,Other,-1,0,0,Composed: Copy with GPU GDI,25958.1170,NA,16.63640000000000,16.67350000000000,0.00000000000000,13.30780000000000,27.5939,25941.4806,16.6364,16.6364,0.0000,16.4307,13.5135,13.5135,0.0000,-0.1793,25941.4806,NA
parkey.exe,39784,0x0,Other,-1,0,0,Composed: Copy with GPU GDI,25974.8208,NA,16.70380000000000,16.69080000000000,0.00000000000000,9.44970000000000,27.5809,25958.1170,16.7038,16.7038,0.0000,16.5076,9.6459,9.6459,0.0000,-0.0544,25958.1170,NA
parkey.exe,39784,0x0,Other,-1,0,0,Composed: Copy with GPU GDI,25991.3418,NA,16.52100000000000,16.66980000000000,0.00000000000000,10.75710000000000,27.7297,25974.8208,16.5210,16.5210,0.0000,16.3326,10.9455,10.9455,0.0000,0.0340,25974.8208,NA
parkey.exe,39784,0x0,Other,-1,0,0,Composed: Copy with GPU GDI,26008.0446,NA,16.70280000000000,16.67540000000000,0.00000000000000,13.02590000000000,27.7023,25991.3418,16.7028,16.7028,0.0000,16.5174,13.2113,13.2113,0.0000,-0.1544,25991.3418,NA
parkey.exe,39784,0x0,Other,-1,0,0,Composed: Copy with GPU GDI,26024.6885,NA,16.64390000000000,16.69070000000000,0.00000000000000,10.90510000000000,27.7491,26008.0446,16.6439,16.6439,0.0000,16.4445,11.1045,11.1045,0.0000,0.0121,26008.0446,NA
parkey.exe,39784,0x0,Other,-1,0,0,Composed: Copy with GPU GDI,26041.4052,NA,16.71670000000000,16.74890000000000,0.00000000000000,13.23830000000000,27.7813,26024.6885,16.7167,16.7167,0.0000,16.4404,13.5146,13.5146,0.0000,-0.1050,26024.6885,NA
parkey.exe,39784,0x0,Other,-1,0,0,Composed: Copy with GPU GDI,26058.1605,NA,16.75530000000000,16.62850000000000,0.00000000000000,10.85650000000000,27.6545,26041.4052,16.7553,16.7553,0.0000,16.5646,11.0472,11.0472,0.0000,0.0882,26041.4052,NA
parkey.exe,39784,0x0,Other,-1,0,0,Composed: Copy with GPU GDI,26074.7454,NA,16.58490000000000,16.66690000000000,0.00000000000000,10.82980000000000,27.7365,26058.1605,16.5849,16.5849,0.0000,16.3944,11.0203,11.0203,0.0000,0.0884,26058.1605,NA
parkey.exe,39784,0x0,Other,-1,0,0,Composed: Copy with GPU GDI,26091.3751,NA,16.62970000000000,16.66730000000000,0.00000000000000,13.11240000000000,27.7741,26074.7454,16.6297,16.6297,0.0000,16.4394,13.3027,13.3027,0.0000,-0.0824,26074.7454,NA
parkey.exe,39784,0x0,Other,-1,0,0,Composed: Copy with GPU GDI,26107.9702,NA,16.59510000000000,16.69090000000000,0.00000000000000,10.90960000000000,27.8699,26091.3751,16.5951,16.5951,0.0000,16.4224,11.0823,11.0823,0.0000,-0.0612,26091.3751,NA
parkey.exe,39784,0x0,Other,-1,0,0,Composed: Copy with GPU GDI,26124.7779,NA,16.80770000000000,16.70880000000000,0.00000000000000,13.22370000000000,27.7710,26107.9702,16.8077,16.8077,0.0000,16.6015,13.4299,13.4299,0.0000,-0.1137,26107.9702,NA
parkey.exe,39784,0x0,Other,-1,0,0,Composed: Copy with GPU GDI,26141.3603,NA,16.58240000000000,16.65330000000000,0.00000000000000,10.90210000000000,27.8419,26124.7779,16.5824,16.5824,0.0000,16.3911,11.0934,11.0934,0.0000,0.1544,26124.7779,NA
parkey.exe,39784,0x0,Other,-1,0,0,Composed: Copy with GPU GDI,26158.0799,NA,16.71960000000000,16.67980000000000,0.00000000000000,10.74210000000000,27.8021,26141.3603,16.7196,16.7196,0.0000,16.5405,10.9212,10.9212,0.0000,-0.0974,26141.3603,NA
parkey.exe,39784,0x0,Other,-1,0,0,Composed: Copy with GPU GDI,26174.6114,NA,16.53150000000000,15.22200000000000,0.00000000000000,12.40940000000000,26.4926,26158.0799,16.5315,16.5315,0.0000,16.3484,12.5925,12.5925,0.0000,1.4976,26158.0799,NA
parkey.exe,39784,0x0,Other,-1,0,0,Composed: Copy with GPU GDI,26191.3556,NA,16.74420000000000,18.13630000000000,0.00000000000000,9.45730000000000,27.8847,26174.6114,16.7442,16.7442,0.0000,16.5645,9.6370,9.6370,0.0000,-1.6048,26174.6114,NA
parkey.exe,39784,0x0,Other,-1,0,0,Composed: Copy with GPU GDI,26207.9687,NA,16.61310000000000,16.71070000000000,0.00000000000000,13.25170000000000,27.9823,26191.3556,16.6131,16.6131,0.0000,16.4058,13.4590,13.4590,0.0000,0.0335,26191.3556,NA
parkey.exe,39784,0x0,Other,-1,0,0,Composed: Copy with GPU GDI,26224.7066,NA,16.73790000000000,16.64320000000000,0.00000000000000,10.94750000000000,27.8876,26207.9687,16.7379,16.7379,0.0000,16.5583,11.1271,11.1271,0.0000,-0.0301,26207.9687,NA
parkey.exe,39784,0x0,Other,-1,0,0,Composed: Copy with GPU GDI,26241.2161,NA,16.50950000000000,16.68130000000000,0.00000000000000,10.84850000000000,28.0594,26224.7066,16.5095,16.5095,0.0000,16.3393,11.0187,11.0187,0.0000,0.0566,26224.7066,NA
parkey.exe,39784,0x0,Other,-1,0,0,Composed: Copy with GPU GDI,26257.7595,NA,16.54340000000000,16.67800000000000,0.00000000000000,12.24150000000000,28.1940,26241.2161,16.5434,16.5434,0.0000,16.3825,12.4024,12.4024,0.0000,-0.1685,26241.2161,NA
parkey.exe,39784,0x0,Other,-1,0,0,Composed: Copy with GPU GDI,26274.3991,NA,16.63960000000000,16.68660000000000,0.00000000000000,9.49740000000000,28.2410,26257.7595,16.6396,16.6396,0.0000,16.4896,9.6474,9.6474,0.0000,-0.1432,26257.7595,NA
parkey.exe,39784,0x0,Other,-1,0,0,Composed: Copy with GPU GDI,26291.0822,NA,16.68310000000000,16.67450000000000,0.00000000000000,13.38090000000000,28.2324,26274.3991,16.6831,16.6831,0.0000,16.5260,13.5380,13.5380,0.0000,-0.0349,26274.3991,NA
parkey.exe,39784,0x0,Other,-1,0,0,Composed: Copy with GPU GDI,26307.8982,NA,16.81600000000000,16.69380000000000,0.00000000000000,9.48600000000000,28.1102,26291.0822,16.8160,16.8160,0.0000,16.6354,9.6666,9.6666,0.0000,-0.0107,26291.0822,NA
parkey.exe,39784,0x0,Other,-1,0,0,Composed: Copy with GPU GDI,26324.3479,NA,16.44970000000000,16.68280000000000,0.00000000000000,9.47570000000000,28.3433,26307.8982,16.4497,16.4497,0.0000,16.3027,9.6227,9.6227,0.0000,0.1332,26307.8982,NA
parkey.exe,39784,0x0,Other,-1,0,0,Composed: Copy with GPU GDI,26341.0934,NA,16.74550000000000,16.67900000000000,0.00000000000000,10.36890000000000,28.2768,26324.3479,16.7455,16.7455,0.0000,16.5826,10.5318,10.5318,0.0000,-0.2293,26324.3479,NA
parkey.exe,39784,0x0,Other,-1,0,0,Composed: Copy with GPU GDI,26358.0528,NA,16.95940000000000,16.67850000000000,0.00000000000000,9.47070000000000,27.9959,26341.0934,16.9594,16.9594,0.0000,16.7648,9.6653,9.6653,0.0000,0.0670,26341.0934,NA
parkey.exe,39784,0x0,Other,-1,0,0,Composed: Copy with GPU GDI,26374.8099,NA,16.75710000000000,9.59720000000000,0.00000000000000,11.13900000000000,20.8360,26358.0528,16.7571,16.7571,0.0000,16.5068,11.3893,11.3893,0.0000,7.3622,26358.0528,NA
parkey.exe,39784,0x0,Other,-1,0,0,Composed: Copy with GPU GDI,26391.7072,NA,16.89730000000000,23.83760000000000,0.00000000000000,9.42460000000000,27.7763,26374.8099,16.8973,16.8973,0.0000,16.6899,9.6320,9.6320,0.0000,-7.0805,26374.8099,NA
parkey.exe,39784,0x0,Other,-1,0,0,Composed: Copy with GPU GDI,26408.1122,NA,16.40500000000000,16.61590000000000,0.00000000000000,10.72560000000000,27.9872,26391.7072,16.4050,16.4050,0.0000,16.2013,10.9293,10.9293,0.0000,0.2814,26391.7072,NA
parkey.exe,39784,0x0,Other,-1,0,0,Composed: Copy with GPU GDI,26425.5585,NA,17.44630000000000,16.66420000000000,0.00000000000000,12.61750000000000,27.2051,26408.1122,17.4463,17.4463,0.0000,16.5953,13.4685,13.4685,0.0000,-0.2592,26408.1122,NA
parkey.exe,39784,0x0,Other,-1,0,0,Composed: Copy with GPU GDI,26441.5737,NA,16.01520000000000,16.67750000000000,0.00000000000000,12.41270000000000,27.8674,26425.5585,16.0152,16.0152,0.0000,15.8131,12.6148,12.6148,0.0000,0.7688,26425.5585,NA
parkey.exe,39784,0x0,Other,-1,0,0,Composed: Copy with GPU GDI,26458.1718,NA,16.59810000000000,9.54670000000000,0.00000000000000,13.35450000000000,20.8160,26441.5737,16.5981,16.5981,0.0000,16.3677,13.5849,13.5849,0.0000,6.4685,26441.5737,NA
parkey.exe,39784,0x0,Other,-1,0,0,Composed: Copy with GPU GDI,26474.7236,NA,16.55180000000000,23.81510000000000,0.00000000000000,12.43310000000000,28.0793,26458.1718,16.5518,16.5518,0.0000,16.3583,12.6266,12.6266,0.0000,-7.2170,26458.1718,NA
parkey.exe,39784,0x0,Other,-1,0,0,Composed: Copy with GPU GDI,26491.4541,NA,16.73050000000000,16.68050000000000,0.00000000000000,12.93770000000000,28.0293,26474.7236,16.7305,16.7305,0.0000,16.5219,13.1463,13.1463,0.0000,-0.1287,26474.7236,NA
parkey.exe,39784,0x0,Other,-1,0,0,Composed: Copy with GPU GDI,26508.1054,NA,16.65130000000000,16.68370000000000,0.00000000000000,13.39540000000000,28.0617,26491.4541,16.6513,16.6513,0.0000,16.4514,13.5953,13.5953,0.0000,0.0468,26491.4541,NA
parkey.exe,39784,0x0,Other,-1,0,0,Composed: Copy with GPU GDI,26525.3686,NA,17.26320000000000,16.67720000000000,0.00000000000000,12.55150000000000,27.4757,26508.1054,17.2632,17.2632,0.0000,17.0197,12.7950,12.7950,0.0000,-0.0259,26508.1054,NA
parkey.exe,39784,0x0,Other,-1,0,0,Composed: Copy with GPU GDI,26541.3519,NA,15.98330000000000,16.67910000000000,0.00000000000000,13.53120000000000,28.1715,26525.3686,15.9833,15.9833,0.0000,15.7945,13.7200,13.7200,0.0000,0.5841,26525.3686,NA
parkey.exe,39784,0x0,Other,-1,0,0,Composed: Copy with GPU GDI,26558.0103,NA,16.65840000000000,16.68630000000000,0.00000000000000,11.70900000000000,28.1994,26541.3519,16.6584,16.6584,0.0000,16.4632,11.9042,11.9042,0.0000,-0.7030,26541.3519,NA
parkey.exe,39784,0x0,Other,-1,0,0,Composed: Copy with GPU GDI,26574.6359,NA,16.62560000000000,16.68100000000000,0.00000000000000,12.93340000000000,28.2548,26558.0103,16.6256,16.6256,0.0000,16.4397,13.1193,13.1193,0.0000,-0.0226,26558.0103,NA
parkey.exe,39784,0x0,Other,-1,0,0,Composed: Copy with GPU GDI,26591.4277,NA,16.79180000000000,16.66910000000000,0.00000000000000,13.36080000000000,28.1321,26574.6359,16.7918,16.7918,0.0000,16.5989,13.5537,13.5537,0.0000,-0.0435,26574.6359,NA
parkey.exe,39784,0x0,Other,-1,0,0,Composed: Copy with GPU GDI,26608.0753,NA,16.64760000000000,16.68600000000000,0.00000000000000,10.93320000000000,28.1705,26591.4277,16.6476,16.6476,0.0000,16.4544,11.1264,11.1264,0.0000,0.1058,26591.4277,NA
parkey.exe,39784,0x0,Other,-1,0,0,Composed: Copy with GPU GDI,26624.6008,NA,16.52550000000000,16.68130000000000,0.00000000000000,13.34010000000000,28.3263,26608.0753,16.5255,16.5255,0.0000,16.3463,13.5193,13.5193,0.0000,-0.0337,26608.0753,NA
parkey.exe,39784,0x0,Other,-1,0,0,Composed: Copy with GPU GDI,26641.3690,NA,16.76820000000000,16.68270000000000,0.00000000000000,10.89390000000000,28.2408,26624.6008,16.7682,16.7682,0.0000,16.5783,11.0838,11.0838,0.0000,-0.1572,26624.6008,NA
parkey.exe,39784,0x0,Other,-1,0,0,Composed: Copy with GPU GDI,26657.9394,NA,16.57040000000000,16.67560000000000,0.00000000000000,11.90770000000000,28.3460,26641.3690,16.5704,16.5704,0.0000,16.4122,12.0659,12.0659,0.0000,0.0926,26641.3690,NA
parkey.exe,39784,0x0,Other,-1,0,0,Composed: Copy with GPU GDI,26674.7204,NA,16.78100000000000,16.67990000000000,0.00000000000000,13.29640000000000,28.2449,26657.9394,16.7810,16.7810,0.0000,16.5906,13.4868,13.4868,0.0000,-0.1095,26657.9394,NA
parkey.exe,39784,0x0,Other,-1,0,0,Composed: Copy with GPU GDI,26691.3207,NA,16.60030000000000,16.68080000000000,0.00000000000000,12.29030000000000,28.3254,26674.7204,16.6003,16.6003,0.0000,16.4020,12.4886,12.4886,0.0000,0.1002,26674.7204,NA
parkey.exe,39784,0x0,Other,-1,0,0,Composed: Copy with GPU GDI,26707.9681,NA,16.64740000000000,16.68570000000000,0.00000000000000,13.33340000000000,28.3637,26691.3207,16.6474,16.6474,0.0000,16.4690,13.5118,13.5118,0.0000,-0.0854,26691.3207,NA
parkey.exe,39784,0x0,Other,-1,0,0,Composed: Copy with GPU GDI,26724.6898,NA,16.72170000000000,16.69790000000000,0.00000000000000,11.63120000000000,28.3399,26707.9681,16.7217,16.7217,0.0000,16.5364,11.8165,11.8165,0.0000,-0.0505,26707.9681,NA
parkey.exe,39784,0x0,Other,-1,0,0,Composed: Copy with GPU GDI,26741.3014,NA,16.61160000000000,16.65840000000000,0.00000000000000,12.96180000000000,28.3867,26724.6898,16.6116,16.6116,0.0000,16.4289,13.1445,13.1445,0.0000,0.0633,26724.6898,NA
parkey.exe,39784,0x0,Other,-1,0,0,Composed: Copy with GPU GDI,26758.0099,NA,16.70850000000000,16.67210000000000,0.00000000000000,13.46420000000000,28.3503,26741.3014,16.7085,16.7085,0.0000,16.5189,13.6538,13.6538,0.0000,-0.0605,26741.3014,NA
parkey.exe,39784,0x0,Other,-1,0,0,Composed: Copy with GPU GDI,26774.6677,NA,16.65780000000000,16.68830000000000,0.00000000000000,12.24570000000000,28.3808,26758.0099,16.6578,16.6578,0.0000,16.4766,12.4269,12.4269,0.0000,0.0202,26758.0099,NA
parkey.exe,39784,0x0,Other,-1,0,0,Composed: Copy with GPU GDI,26791.3421,NA,16.67440000000000,16.24040000000000,0.00000000000000,13.33040000000000,27.9468,26774.6677,16.6744,16.6744,0.0000,16.4753,13.5295,13.5295,0.0000,0.4174,26774.6677,NA
parkey.exe,39784,0x0,Other,-1,0,0,Composed: Copy with GPU GDI,26808.2822,NA,16.94010000000000,17.11700000000000,0.00000000000000,10.62280000000000,28.1237,26791.3421,16.9401,16.9401,0.0000,16.7058,10.8571,10.8571,0.0000,-0.4426,26791.3421,NA
parkey.exe,39784,0x0,Other,-1,0,0,Composed: Copy with GPU GDI,26824.8015,NA,16.51930000000000,16.68840000000000,0.00000000000000,11.05420000000000,28.2928,26808.2822,16.5193,16.5193,0.0000,16.3221,11.2514,11.2514,0.0000,0.2517,26808.2822,NA
parkey.exe,39784,0x0,Other,-1,0,0,Composed: Copy with GPU GDI,26841.4267,NA,16.62520000000000,16.74920000000000,0.00000000000000,13.56150000000000,28.4168,26824.8015,16.6252,16.6252,0.0000,16.4239,13.7628,13.7628,0.0000,-0.2299,26824.8015,NA
parkey.exe,39784,0x0,Other,-1,0,0,Composed: Copy with GPU GDI,26858.0165,NA,16.58980000000000,16.60130000000000,0.00000000000000,11.94960000000000,28.4283,26841.4267,16.5898,16.5898,0.0000,16.4007,12.1387,12.1387,0.0000,0.0239,26841.4267,NA
parkey.exe,39784,0x0,Other,-1,0,0,Composed: Copy with GPU GDI,26875.1677,NA,17.15120000000000,9.27960000000000,0.00000000000000,13.23500000000000,20.5567,26858.0165,17.1512,17.1512,0.0000,16.8335,13.5527,13.5527,0.0000,7.3102,26858.0165,NA
parkey.exe,39784,0x0,Other,-1,0,0,Composed: Copy with GPU GDI,26891.5428,NA,16.37510000000000,13.88790000000000,0.00000000000000,10.59550000000000,18.0695,26875.1677,16.3751,16.3751,0.0000,16.1723,10.7983,10.7983,0.0000,3.2633,26875.1677,NA
parkey.exe,39784,0x0,Other,-1,0,0,Composed: Copy with GPU GDI,26908.0846,NA,16.54180000000000,26.87660000000000,0.00000000000000,10.71560000000000,28.4043,26891.5428,16.5418,16.5418,0.0000,16.3461,10.9113,10.9113,0.0000,-10.5015,26891.5428,NA
parkey.exe,39784,0x0,Other,-1,0,0,Composed: Copy with GPU GDI,26925.4325,NA,17.34790000000000,16.67720000000000,0.00000000000000,13.45200000000000,27.7336,26908.0846,17.3479,17.3479,0.0000,17.0855,13.7144,13.7144,0.0000,-0.1354,26908.0846,NA
parkey.exe,39784,0x0,Other,-1,0,0,Composed: Copy with GPU GDI,26941.6018,NA,16.16930000000000,16.71360000000000,0.00000000000000,12.28380000000000,28.2779,26925.4325,16.1693,16.1693,0.0000,15.9530,12.5001,12.5001,0.0000,0.6343,26925.4325,NA
parkey.exe,39784,0x0,Other,-1,0,0,Composed: Copy with GPU GDI,26958.1441,NA,16.54230000000000,16.64280000000000,0.00000000000000,13.38080000000000,28.3784,26941.6018,16.5423,16.5423,0.0000,16.3314,13.5917,13.5917,0.0000,-0.4735,26941.6018,NA
parkey.exe,39784,0x0,Other,-1,0,0,Composed: Copy with GPU GDI,26974.8005,NA,16.65640000000000,16.68690000000000,0.00000000000000,12.04110000000000,28.4089,26958.1441,16.6564,16.6564,0.0000,16.4019,12.2956,12.2956,0.0000,-0.1446,26958.1441,NA
parkey.exe,39784,0x0,Other,-1,0,0,Composed: Copy with GPU GDI,26991.3036,NA,16.50310000000000,16.68810000000000,0.00000000000000,13.09370000000000,28.5939,26974.8005,16.5031,16.5031,0.0000,16.3141,13.2827,13.2827,0.0000,-0.0317,26974.8005,NA
parkey.exe,39784,0x0,Other,-1,0,0,Composed: Copy with GPU GDI,27008.4708,NA,17.16720000000000,16.66350000000000,0.00000000000000,13.25670000000000,28.0902,26991.3036,17.1672,17.1672,0.0000,16.9593,13.4646,13.4646,0.0000,-0.1604,26991.3036,NA
parkey.exe,39784,0x0,Other,-1,0,0,Composed: Copy with GPU GDI,27024.6314,NA,16.16060000000000,16.71310000000000,0.00000000000000,12.23160000000000,28.6427,27008.4708,16.1606,16.1606,0.0000,15.9518,12.4404,12.4404,0.0000,0.4541,27008.4708,NA
parkey.exe,39784,0x0,Other,-1,0,0,Composed: Copy with GPU GDI,27041.3007,NA,16.66930000000000,16.04270000000000,0.00000000000000,13.49360000000000,28.0161,27024.6314,16.6693,16.6693,0.0000,16.4700,13.6929,13.6929,0.0000,0.1179,27024.6314,NA
parkey.exe,39784,0x0,Other,-1,0,0,Composed: Copy with GPU GDI,27057.9045,NA,16.60380000000000,17.29550000000000,0.00000000000000,10.63320000000000,28.7078,27041.3007,16.6038,16.6038,0.0000,16.4204,10.8166,10.8166,0.0000,-0.6262,27041.3007,NA
parkey.exe,39784,0x0,Other,-1,0,0,Composed: Copy with GPU GDI,27074.7954,NA,16.89090000000000,16.67690000000000,0.00000000000000,11.98040000000000,28.4938,27057.9045,16.8909,16.8909,0.0000,16.7019,12.1694,12.1694,0.0000,-0.0731,27057.9045,NA
parkey.exe,39784,0x0,Other,-1,0,0,Composed: Copy with GPU GDI,27091.4105,NA,16.61510000000000,16.69690000000000,0.00000000000000,13.48800000000000,28.5756,27074.7954,16.6151,16.6151,0.0000,16.4325,13.6706,13.6706,0.0000,0.1940,27074.7954,NA
parkey.exe,39784,0x0,Other,-1,0,0,Composed: Copy with GPU GDI,27107.9826,NA,16.57210000000000,16.66200000000000,0.00000000000000,12.25120000000000,28.6655,27091.4105,16.5721,16.5721,0.0000,16.3898,12.4335,12.4335,0.0000,-0.0469,27091.4105,NA
parkey.exe,39784,0x0,Other,-1,0,0,Composed: Copy with GPU GDI,27124.6541,NA,16.67150000000000,16.68010000000000,0.00000000000000,13.43590000000000,28.6741,27107.9826,16.6715,16.6715,0.0000,16.4754,13.6320,13.6320,0.0000,-0.1080,27107.9826,NA
parkey.exe,39784,0x0,Other,-1,0,0,Composed: Copy with GPU GDI,27141.4234,NA,16.76930000000000,16.69100000000000,0.00000000000000,11.56780000000000,28.5958,27124.6541,16.7693,16.7693,0.0000,16.5763,11.7608,11.7608,0.0000,-0.0195,27124.6541,NA
parkey.exe,39784,0x0,Other,-1,0,0,Composed: Copy with GPU GDI,27158.0827,NA,16.65930000000000,16.67280000000000,0.00000000000000,12.83090000000000,28.6093,27141.4234,16.6593,16.6593,0.0000,16.4552,13.0350,13.0350,0.0000,0.0965,27141.4234,NA
parkey.exe,39784,0x0,Other,-1,0,0,Composed: Copy with GPU GDI,27174.7743,NA,16.69160000000000,16.66980000000000,0.00000000000000,13.35250000000000,28.5875,27158.0827,16.6916,16.6916,0.0000,16.4902,13.5539,13.5539,0.0000,-0.0105,27158.0827,NA
parkey.exe,39784,0x0,Other,-1,0,0,Composed: Copy with GPU GDI,27191.3569,NA,16.58260000000000,16.69480000000000,0.00000000000000,12.12240000000000,28.6997,27174.7743,16.5826,16.5826,0.0000,16.3854,12.3196,12.3196,0.0000,-0.0032,27174.7743,NA
parkey.exe,39784,0x0,Other,-1,0,0,Composed: Copy with GPU GDI,27208.0586,NA,16.70170000000000,16.68220000000000,0.00000000000000,13.37630000000000,28.6802,27191.3569,16.7017,16.7017,0.0000,16.4964,13.5816,13.5816,0.0000,-0.0996,27191.3569,NA
parkey.exe,39784,0x0,Other,-1,0,0,Composed: Copy with GPU GDI,27224.8370,NA,16.77840000000000,16.67710000000000,0.00000000000000,11.63890000000000,28.5789,27208.0586,16.7784,16.7784,0.0000,16.5745,11.8428,11.8428,0.0000,0.0246,27208.0586,NA
parkey.exe,39784,0x0,Other,-1,0,0,Composed: Copy with GPU GDI,27241.3775,NA,16.54050000000000,16.68010000000000,0.00000000000000,12.99750000000000,28.7185,27224.8370,16.5405,16.5405,0.0000,16.3453,13.1927,13.1927,0.0000,0.0983,27224.8370,NA
parkey.exe,39784,0x0,Other,-1,0,0,Composed: Copy with GPU GDI,27258.2460,NA,16.86850000000000,16.71050000000000,0.00000000000000,13.41100000000000,28.5605,27241.3775,16.8685,16.8685,0.0000,16.6716,13.6079,13.6079,0.0000,-0.1700,27241.3775,NA
parkey.exe,39784,0x0,Other,-1,0,0,Composed: Copy with GPU GDI,27274.8953,NA,16.64930000000000,16.64630000000000,0.00000000000000,12.05860000000000,28.5575,27258.2460,16.6493,16.6493,0.0000,16.4358,12.2721,12.2721,0.0000,0.2222,27258.2460,NA
parkey.exe,39784,0x0,Other,-1,0,0,Composed: Copy with GPU GDI,27291.8540,NA,16.95870000000000,16.67710000000000,0.00000000000000,13.29410000000000,28.2759,27274.8953,16.9587,16.9587,0.0000,16.7248,13.5280,13.5280,0.0000,-0.0278,27274.8953,NA
parkey.exe,39784,0x0,Other,-1,0,0,Composed: Copy with GPU GDI,27308.3465,NA,16.49250000000000,16.68420000000000,0.00000000000000,12.11530000000000,28.4676,27291.8540,16.4925,16.4925,0.0000,16.3216,12.2862,12.2862,0.0000,0.2745,27291.8540,NA
parkey.exe,39784,0x0,Other,-1,0,0,Composed: Copy with GPU GDI,27324.6780,NA,16.33150000000000,16.67830000000000,0.00000000000000,12.93580000000000,28.8144,27308.3465,16.3315,16.3315,0.0000,16.1428,13.1245,13.1245,0.0000,-0.1858,27308.3465,NA
parkey.exe,39784,0x0,Other,-1,0,0,Composed: Copy with GPU GDI,27341.4282,NA,16.75020000000000,16.73140000000000,0.00000000000000,13.27450000000000,28.7956,27324.6780,16.7502,16.7502,0.0000,16.5673,13.4574,13.4574,0.0000,-0.3999,27324.6780,NA
parkey.exe,39784,0x0,Other,-1,0,0,Composed: Copy with GPU GDI,27358.0033,NA,16.57510000000000,16.62870000000000,0.00000000000000,12.13500000000000,28.8492,27341.4282,16.5751,16.5751,0.0000,16.3954,12.3147,12.3147,0.0000,0.1215,27341.4282,NA
parkey.exe,39784,0x0,Other,-1,0,0,Composed: Copy with GPU GDI,27374.5928,NA,16.58950000000000,15.84430000000000,0.00000000000000,13.29400000000000,28.1040,27358.0033,16.5895,16.5895,0.0000,16.4028,13.4807,13.4807,0.0000,0.7308,27358.0033,NA
parkey.exe,39784,0x0,Other,-1,0,0,Composed: Copy with GPU GDI,27391.3863,NA,16.79350000000000,17.53060000000000,0.00000000000000,11.44110000000000,28.8411,27374.5928,16.7935,16.7935,0.0000,16.5722,11.6624,11.6624,0.0000,-0.9411,27374.5928,NA
parkey.exe,39784,0x0,Other,-1,0,0,Composed: Copy with GPU GDI,27408.0307,NA,16.64440000000000,16.67260000000000,0.00000000000000,13.04680000000000,28.8693,27391.3863,16.6444,16.6444,0.0000,16.4334,13.2578,13.2578,0.0000,0.1209,27391.3863,NA
parkey.exe,39784,0x0,Other,-1,0,0,Composed: Copy with GPU GDI,27424.7283,NA,16.69760000000000,16.66760000000000,0.00000000000000,13.15050000000000,28.8393,27408.0307,16.6976,16.6976,0.0000,16.5042,13.3439,13.3439,0.0000,-0.0232,27408.0307,NA
parkey.exe,39784,0x0,Other,-1,0,0,Composed: Copy with GPU GDI,27441.2110,NA,16.48270000000000,16.67880000000000,0.00000000000000,11.07450000000000,29.0354,27424.7283,16.4827,16.4827,0.0000,16.3049,11.2523,11.2523,0.0000,0.0188,27424.7283,NA
parkey.exe,39784,0x0,Other,-1,0,0,Composed: Copy with GPU GDI,27457.7402,NA,16.52920000000000,16.69230000000000,0.00000000000000,11.22580000000000,29.1985,27441.2110,16.5292,16.5292,0.0000,16.3430,11.4120,11.4120,0.0000,-0.2096,27441.2110,NA
parkey.exe,39784,0x0,Other,-1,0,0,Composed: Copy with GPU GDI,27474.2545,NA,16.51430000000000,16.68920000000000,0.00000000000000,10.45790000000000,29.3734,27457.7402,16.5143,16.5143,0.0000,16.3654,10.6068,10.6068,0.0000,-0.1600,27457.7402,NA
parkey.exe,39784,0x0,Other,-1,0,0,Composed: Copy with GPU GDI,27491.0827,NA,16.82820000000000,16.66050000000000,0.00000000000000,11.48570000000000,29.2057,27474.2545,16.8282,16.8282,0.0000,16.6632,11.6507,11.6507,0.0000,-0.1462,27474.2545,NA
parkey.exe,39784,0x0,Other,-1,0,0,Composed: Copy with GPU GDI,27507.6975,NA,16.61480000000000,7.50520000000000,0.00000000000000,11.18330000000000,20.0961,27491.0827,16.6148,16.6148,0.0000,16.4626,11.3355,11.3355,0.0000,9.3230,27491.0827,NA
parkey.exe,39784,0x0,Other,-1,0,0,Composed: Copy with GPU GDI,27524.8709,NA,17.17340000000000,25.86910000000000,0.00000000000000,9.48950000000000,28.7918,27507.6975,17.1734,17.1734,0.0000,16.9789,9.6840,9.6840,0.0000,-9.2543,27507.6975,NA
parkey.exe,39784,0x0,Other,-1,0,0,Composed: Copy with GPU GDI,27541.0040,NA,16.13310000000000,16.66670000000000,0.00000000000000,11.31600000000000,29.3254,27524.8709,16.1331,16.1331,0.0000,15.9966,11.4525,11.4525,0.0000,0.5067,27524.8709,NA
parkey.exe,39784,0x0,Other,-1,0,0,Composed: Copy with GPU GDI,27557.7260,NA,16.72200000000000,16.68440000000000,0.00000000000000,9.47390000000000,29.2878,27541.0040,16.7220,16.7220,0.0000,16.5637,9.6322,9.6322,0.0000,-0.5513,27541.0040,NA
parkey.exe,39784,0x0,Other,-1,0,0,Composed: Copy with GPU GDI,27574.2429,NA,16.51690000000000,16.67980000000000,0.00000000000000,11.55200000000000,29.4507,27557.7260,16.5169,16.5169,0.0000,16.3734,11.6955,11.6955,0.0000,0.0422,27557.7260,NA
parkey.exe,39784,0x0,Other,-1,0,0,Composed: Copy with GPU GDI,27591.0759,NA,16.83300000000000,16.68680000000000,0.00000000000000,12.92890000000000,29.3045,27574.2429,16.8330,16.8330,0.0000,16.6809,13.0810,13.0810,0.0000,-0.1699,27574.2429,NA
parkey.exe,39784,0x0,Other,-1,0,0,Composed: Copy with GPU GDI,27607.9394,NA,16.86350000000000,16.68970000000000,0.00000000000000,11.09940000000000,29.1307,27591.0759,16.8635,16.8635,0.0000,16.6795,11.2834,11.2834,0.0000,0.1433,27591.0759,NA
parkey.exe,39784,0x0,Other,-1,0,0,Composed: Copy with GPU GDI,27624.6929,NA,16.75350000000000,8.77730000000000,0.00000000000000,13.04390000000000,21.1545,27607.9394,16.7535,16.7535,0.0000,16.5518,13.2456,13.2456,0.0000,8.0862,27607.9394,NA
parkey.exe,39784,0x0,Other,-1,0,0,Composed: Copy with GPU GDI,27641.4014,NA,16.70850000000000,13.93100000000000,0.00000000000000,11.34900000000000,18.3770,27624.6929,16.7085,16.7085,0.0000,16.5132,11.5443,11.5443,0.0000,2.8225,27624.6929,NA
parkey.exe,39784,0x0,Other,-1,0,0,Composed: Copy with GPU GDI,27658.0193,NA,16.61790000000000,27.32230000000000,0.00000000000000,12.54870000000000,29.0814,27641.4014,16.6179,16.6179,0.0000,16.4212,12.7454,12.7454,0.0000,-10.6138,27641.4014,NA
parkey.exe,39784,0x0,Other,-1,0,0,Composed: Copy with GPU GDI,27674.7701,NA,16.75080000000000,16.67400000000000,0.00000000000000,13.38740000000000,29.0046,27658.0193,16.7508,16.7508,0.0000,16.5788,13.5594,13.5594,0.0000,-0.0561,27658.0193,NA
parkey.exe,39784,0x0,Other,-1,0,0,Composed: Copy with GPU GDI,27691.3334,NA,16.56330000000000,16.69430000000000,0.00000000000000,12.31290000000000,29.1356,27674.7701,16.5633,16.5633,0.0000,16.3715,12.5047,12.5047,0.0000,0.0565,27674.7701,NA
parkey.exe,39784,0x0,Other,-1,0,0,Composed: Copy with GPU GDI,27707.9218,NA,16.58840000000000,15.61440000000000,0.00000000000000,13.21110000000000,28.1616,27691.3334,16.5884,16.5884,0.0000,16.3989,13.4006,13.4006,0.0000,0.9489,27691.3334,NA
parkey.exe,39784,0x0,Other,-1,0,0,Composed: Copy with GPU GDI,27724.6942,NA,16.77240000000000,7.02600000000000,0.00000000000000,10.49000000000000,18.4152,27707.9218,16.7724,16.7724,0.0000,16.5054,10.7570,10.7570,0.0000,9.5624,27707.9218,NA
parkey.exe,39784,0x0,Other,-1,0,0,Composed: Copy with GPU GDI,27741.2421,NA,16.54790000000000,27.39580000000000,0.00000000000000,12.63850000000000,29.2631,27724.6942,16.5479,16.5479,0.0000,16.3639,12.8225,12.8225,0.0000,-10.6234,27724.6942,NA
parkey.exe,39784,0x0,Other,-1,0,0,Composed: Copy with GPU GDI,27758.0456,NA,16.80350000000000,16.68400000000000,0.00000000000000,13.31420000000000,29.1436,27741.2421,16.8035,16.8035,0.0000,16.6285,13.4892,13.4892,0.0000,-0.1361,27741.2421,NA
parkey.exe,39784,0x0,Other,-1,0,0,Composed: Copy with GPU GDI,27774.8026,NA,16.75700000000000,16.67510000000000,0.00000000000000,13.08900000000000,29.0617,27758.0456,16.7570,16.7570,0.0000,16.5558,13.2902,13.2902,0.0000,0.1284,27758.0456,NA
parkey.exe,39784,0x0,Other,-1,0,0,Composed: Copy with GPU GDI,27791.4201,NA,16.61750000000000,15.57730000000000,0.00000000000000,13.22650000000000,28.0215,27774.8026,16.6175,16.6175,0.0000,16.4008,13.4432,13.4432,0.0000,1.1797,27774.8026,NA
parkey.exe,39784,0x0,Other,-1,0,0,Composed: Copy with GPU GDI,27808.0286,NA,16.60850000000000,17.78580000000000,0.00000000000000,13.00300000000000,29.1988,27791.4201,16.6085,16.6085,0.0000,16.5217,13.0898,13.0738,0.0160,-1.1683,27791.4201,NA
parkey.exe,39784,0x0,Other,-1,0,0,Composed: Copy with GPU GDI,27824.6406,NA,16.61200000000000,16.67340000000000,0.00000000000000,12.57610000000000,29.2602,27808.0286,16.6120,16.6120,0.0000,16.4250,12.7631,12.7631,0.0000,-0.0649,27808.0286,NA
parkey.exe,39784,0x0,Other,-1,0,0,Composed: Copy with GPU GDI,27841.3635,NA,16.72290000000000,16.70260000000000,0.00000000000000,13.32460000000000,29.2399,27824.6406,16.7229,16.7229,0.0000,16.5679,13.4796,13.4796,0.0000,-0.0906,27824.6406,NA
parkey.exe,39784,0x0,Other,-1,0,0,Composed: Copy with GPU GDI,27858.0417,NA,16.67820000000000,16.67190000000000,0.00000000000000,12.12540000000000,29.2336,27841.3635,16.6782,16.6782,0.0000,16.4798,12.3238,12.3238,0.0000,0.0510,27841.3635,NA
parkey.exe,39784,0x0,Other,-1,0,0,Composed: Copy with GPU GDI,27874.6932,NA,16.65150000000000,8.63220000000000,0.00000000000000,13.43510000000000,21.2143,27858.0417,16.6515,16.6515,0.0000,16.4619,13.6247,13.6247,0.0000,8.0460,27858.0417,NA
parkey.exe,39784,0x0,Other,-1,0,0,Composed: Copy with GPU GDI,27891.3918,NA,16.69860000000000,24.72120000000000,0.00000000000000,10.76650000000000,29.2369,27874.6932,16.6986,16.6986,0.0000,16.5056,10.9595,10.9595,0.0000,-8.0697,27874.6932,NA
parkey.exe,39784,0x0,Other,-1,0,0,Composed: Copy with GPU GDI,27907.9638,NA,16.57200000000000,16.67160000000000,0.00000000000000,12.65490000000000,29.3365,27891.3918,16.5720,16.5720,0.0000,16.3814,12.8455,12.8455,0.0000,0.0270,27891.3918,NA
parkey.exe,39784,0x0,Other,-1,0,0,Composed: Copy with GPU GDI,27924.5445,NA,16.58070000000000,16.69280000000000,0.00000000000000,13.07520000000000,29.4486,27907.9638,16.5807,16.5807,0.0000,16.3848,13.2711,13.2711,0.0000,-0.1208,27907.9638,NA
parkey.exe,39784,0x0,Other,-1,0,0,Composed: Copy with GPU GDI,27941.2763,NA,16.73180000000000,16.66720000000000,0.00000000000000,12.11940000000000,29.3840,27924.5445,16.7318,16.7318,0.0000,16.5504,12.3008,12.3008,0.0000,-0.0865,27924.5445,NA
parkey.exe,39784,0x0,Other,-1,0,0,Composed: Copy with GPU GDI,27957.9613,NA,16.68500000000000,15.46680000000000,0.00000000000000,13.46670000000000,28.1658,27941.2763,16.6850,16.6850,0.0000,16.4953,13.6564,13.6564,0.0000,1.2650,27941.2763,NA
