Application,ProcessID,SwapChainAddress,PresentRuntime,SyncInterval,PresentFlags,AllowsTearing,PresentMode,TimeInMs,MsBetweenSimulationStart,MsBetweenPresents,MsBetweenDisplayChange,MsInPresentAPI,MsRenderPresentLatency,MsUntilDisplayed,CPUStartTimeInMs,MsBetweenAppStart,MsCPUBusy,MsCPUWait,MsGPULatency,MsGPUTime,MsGPUBusy,MsGPUWait,MsAnimationError,AnimationTime,MsFlipDelay
parkey.exe,42044,0x1DBA23EDF50,DXGI,0,0,0,Composed: Flip,8027.9351,NA,16.49480000000000,33.34710000000000,0.13460000000000,13.71200000000000,42.1723,8011.5667,16.5030,16.3684,0.1346,16.2578,13.8226,13.8008,0.0218,-16.6451,8011.5667,NA
parkey.exe,42044,0x1DBA23EDF50,DXGI,0,0,0,Composed: Flip,8044.9307,NA,16.99560000000000,4.79290000000000,0.15540000000000,12.81140000000000,29.9696,8028.0697,17.0164,16.8610,0.1554,16.7181,12.9543,12.9341,0.0202,11.7101,8028.0697,NA
parkey.exe,42044,0x1DBA23EDF50,DXGI,0,0,0,Composed: Flip,8061.2885,NA,16.35780000000000,11.89320000000000,0.13390000000000,12.45780000000000,25.5050,8045.0861,16.3363,16.2024,0.1339,16.0872,12.5730,12.5506,0.0224,5.1232,8045.0861,NA
parkey.exe,42044,0x1DBA23EDF50,DXGI,0,0,0,Composed: Flip,8077.9718,NA,16.68330000000000,22.86430000000000,0.12040000000000,12.00960000000000,31.6860,8061.4224,16.6698,16.5494,0.1204,16.4363,12.1227,12.1037,0.0190,-6.5280,8061.4224,NA
parkey.exe,42044,0x1DBA23EDF50,DXGI,0,0,0,Composed: Flip,8094.8629,NA,16.89110000000000,10.49640000000000,0.16880000000000,13.43830000000000,25.2913,8078.0922,16.9395,16.7707,0.1688,16.6337,13.5753,13.5544,0.0209,6.1734,8078.0922,NA
parkey.exe,42044,0x1DBA23EDF50,DXGI,0,0,0,Composed: Flip,8111.4929,NA,16.63000000000000,24.26640000000000,0.14280000000000,13.93320000000000,32.9277,8095.0317,16.6040,16.4612,0.1428,16.3136,14.0808,14.0597,0.0211,-7.3269,8095.0317,NA
parkey.exe,42044,0x1DBA23EDF50,DXGI,0,0,0,Composed: Flip,8127.9379,NA,16.44500000000000,13.88380000000000,0.11360000000000,12.97300000000000,30.3665,8111.6357,16.4158,16.3022,0.1136,16.1990,13.0762,13.0595,0.0167,2.7202,8111.6357,NA
parkey.exe,42044,0x1DBA23EDF50,DXGI,0,0,0,Composed: Flip,8144.8725,NA,16.93460000000000,20.83500000000000,0.19190000000000,13.99610000000000,34.2669,8128.0515,17.0129,16.8210,0.1919,16.6576,14.1595,14.1380,0.0215,-4.4192,8128.0515,NA
parkey.exe,42044,0x1DBA23EDF50,DXGI,0,0,0,Composed: Flip,8161.6640,NA,16.79150000000000,13.90500000000000,0.14070000000000,12.56630000000000,31.3804,8145.0644,16.7403,16.5996,0.1407,16.4546,12.7113,12.6925,0.0188,3.1079,8145.0644,NA
parkey.exe,42044,0x1DBA23EDF50,DXGI,0,0,0,Composed: Flip,8178.4035,NA,16.73950000000000,27.20270000000000,0.16130000000000,13.42900000000000,41.8436,8161.8047,16.7601,16.5988,0.1613,16.4479,13.5799,13.5588,0.0211,-10.4624,8161.8047,NA
parkey.exe,42044,0x1DBA23EDF50,DXGI,0,0,0,Composed: Flip,8195.1314,NA,16.72790000000000,7.49950000000000,0.16580000000000,13.70300000000000,32.6152,8178.5648,16.7324,16.5666,0.1658,16.4029,13.8667,13.8436,0.0231,9.2606,8178.5648,NA
parkey.exe,42044,0x1DBA23EDF50,DXGI,0,0,0,Composed: Flip,8211.6874,NA,16.55600000000000,13.92130000000000,0.17590000000000,12.79090000000000,29.9805,8195.2972,16.5661,16.3902,0.1759,16.2328,12.9483,12.9315,0.0168,2.8111,8195.2972,NA
parkey.exe,42044,0x1DBA23EDF50,DXGI,0,0,0,Composed: Flip,8228.2278,NA,16.54040000000000,20.82270000000000,0.13440000000000,13.82440000000000,34.2628,8211.8633,16.4989,16.3645,0.1344,16.2151,13.9738,13.9521,0.0217,-4.2566,8211.8633,NA
parkey.exe,42044,0x1DBA23EDF50,DXGI,0,0,0,Composed: Flip,8244.7475,NA,16.51970000000000,13.87310000000000,0.13220000000000,12.47000000000000,31.6162,8228.3622,16.5175,16.3853,0.1322,16.2559,12.5994,12.5794,0.0200,2.6258,8228.3622,NA
parkey.exe,42044,0x1DBA23EDF50,DXGI,0,0,0,Composed: Flip,8261.4268,NA,16.67930000000000,10.59910000000000,0.13780000000000,13.53490000000000,25.5360,8244.8797,16.6849,16.5471,0.1378,16.4247,13.6573,13.6386,0.0187,5.9184,8244.8797,NA
parkey.exe,42044,0x1DBA23EDF50,DXGI,0,0,0,Composed: Flip,8278.0881,NA,16.66130000000000,24.13300000000000,0.16550000000000,13.97190000000000,33.0077,8261.5646,16.6890,16.5235,0.1655,16.3968,14.0986,14.0796,0.0190,-7.4481,8261.5646,NA
parkey.exe,42044,0x1DBA23EDF50,DXGI,0,0,0,Composed: Flip,8294.8114,NA,16.72330000000000,13.90300000000000,0.13010000000000,12.86500000000000,30.1874,8278.2536,16.6879,16.5578,0.1301,16.4301,12.9927,12.9744,0.0183,2.7860,8278.2536,NA
parkey.exe,42044,0x1DBA23EDF50,DXGI,0,0,0,Composed: Flip,8311.3933,NA,16.58190000000000,20.83260000000000,0.14090000000000,13.84410000000000,34.4381,8294.9415,16.5927,16.4518,0.1409,16.3178,13.9781,13.9592,0.0189,-4.1447,8294.9415,NA
parkey.exe,42044,0x1DBA23EDF50,DXGI,0,0,0,Composed: Flip,8328.1237,NA,16.73040000000000,13.88710000000000,0.14630000000000,12.02000000000000,31.5948,8311.5342,16.7358,16.5895,0.1463,16.4426,12.1669,12.1506,0.0163,2.7056,8311.5342,NA
parkey.exe,42044,0x1DBA23EDF50,DXGI,0,0,0,Composed: Flip,8344.7049,NA,16.58120000000000,10.64470000000000,0.15810000000000,13.50880000000000,25.6583,8328.2700,16.5930,16.4349,0.1581,16.3067,13.6370,13.6184,0.0186,6.0911,8328.2700,NA
parkey.exe,42044,0x1DBA23EDF50,DXGI,0,0,0,Composed: Flip,8361.4936,NA,16.78870000000000,24.07700000000000,0.14810000000000,13.77940000000000,32.9466,8344.8630,16.7787,16.6306,0.1481,16.4633,13.9467,13.9286,0.0181,-7.4840,8344.8630,NA
parkey.exe,42044,0x1DBA23EDF50,DXGI,0,0,0,Composed: Flip,8378.2593,NA,16.76570000000000,13.89680000000000,0.13770000000000,12.81070000000000,30.0777,8361.6417,16.7553,16.6176,0.1377,16.4771,12.9512,12.9323,0.0189,2.8819,8361.6417,NA
parkey.exe,42044,0x1DBA23EDF50,DXGI,0,0,0,Composed: Flip,8394.9698,NA,16.71050000000000,20.84090000000000,0.16460000000000,13.99710000000000,34.2081,8378.3970,16.7374,16.5728,0.1646,16.4297,14.1402,14.1084,0.0318,-4.0856,8378.3970,NA
parkey.exe,42044,0x1DBA23EDF50,DXGI,0,0,0,Composed: Flip,8411.9356,NA,16.96580000000000,13.88900000000000,0.17030000000000,13.90770000000000,31.1313,8395.1344,16.9715,16.8012,0.1703,16.6614,14.0475,14.0294,0.0181,2.8484,8395.1344,NA
parkey.exe,42044,0x1DBA23EDF50,DXGI,0,0,0,Composed: Flip,8428.4608,NA,16.52520000000000,10.69250000000000,0.15730000000000,13.19430000000000,25.2986,8412.1059,16.5122,16.3549,0.1573,16.1933,13.3559,13.3364,0.0195,6.2790,8412.1059,NA
parkey.exe,42044,0x1DBA23EDF50,DXGI,0,0,0,Composed: Flip,8445.0971,NA,16.63630000000000,24.04540000000000,0.17700000000000,13.86380000000000,32.7077,8428.6181,16.6560,16.4790,0.1770,16.3166,14.0262,14.0057,0.0205,-7.5332,8428.6181,NA
parkey.exe,42044,0x1DBA23EDF50,DXGI,0,0,0,Composed: Flip,8461.6964,NA,16.59930000000000,13.89340000000000,0.17820000000000,12.69590000000000,30.0018,8445.2741,16.6005,16.4223,0.1782,16.2532,12.8650,12.8480,0.0170,2.7626,8445.2741,NA
parkey.exe,42044,0x1DBA23EDF50,DXGI,0,0,0,Composed: Flip,8478.2004,NA,16.50400000000000,20.84400000000000,0.14990000000000,13.77440000000000,34.3418,8461.8746,16.4757,16.3258,0.1499,16.1866,13.9136,13.8949,0.0187,-4.2435,8461.8746,NA
parkey.exe,42044,0x1DBA23EDF50,DXGI,0,0,0,Composed: Flip,8494.9944,NA,16.79400000000000,13.86550000000000,0.13930000000000,12.09550000000000,31.4133,8478.3503,16.7834,16.6441,0.1393,16.5125,12.2271,12.2044,0.0227,2.6102,8478.3503,NA
parkey.exe,42044,0x1DBA23EDF50,DXGI,0,0,0,Composed: Flip,8511.7135,NA,16.71910000000000,10.74670000000000,0.17070000000000,13.43190000000000,25.4409,8495.1337,16.7505,16.5798,0.1707,16.4118,13.5999,13.5727,0.0272,6.0367,8495.1337,NA
parkey.exe,42044,0x1DBA23EDF50,DXGI,0,0,0,Composed: Flip,8528.2085,NA,16.49500000000000,23.99440000000000,0.15700000000000,13.97030000000000,32.9403,8511.8842,16.4813,16.3243,0.1570,16.1824,14.1122,14.0983,0.0139,-7.2439,8511.8842,NA
parkey.exe,42044,0x1DBA23EDF50,DXGI,0,0,0,Composed: Flip,8544.6864,NA,16.47790000000000,13.89660000000000,0.12420000000000,12.86520000000000,30.3590,8528.3655,16.4451,16.3209,0.1242,16.1975,12.9886,12.9702,0.0184,2.5847,8528.3655,NA
parkey.exe,42044,0x1DBA23EDF50,DXGI,0,0,0,Composed: Flip,8561.4494,NA,16.76300000000000,20.78230000000000,0.14210000000000,14.02150000000000,34.3783,8544.8106,16.7809,16.6388,0.1421,16.5170,14.1433,14.1218,0.0215,-4.3372,8544.8106,NA
parkey.exe,42044,0x1DBA23EDF50,DXGI,0,0,0,Composed: Flip,8578.2209,NA,16.77150000000000,6.99660000000000,0.13380000000000,12.52280000000000,24.6034,8561.5915,16.7632,16.6294,0.1338,16.4901,12.6621,12.6420,0.0201,9.7843,8561.5915,NA
parkey.exe,42044,0x1DBA23EDF50,DXGI,0,0,0,Composed: Flip,8594.6848,NA,16.46390000000000,17.73550000000000,0.15790000000000,12.09880000000000,25.8750,8578.3547,16.4880,16.3301,0.1579,16.2074,12.2215,12.2028,0.0187,-0.9723,8578.3547,NA
parkey.exe,42044,0x1DBA23EDF50,DXGI,0,0,0,Composed: Flip,8611.5118,NA,16.82700000000000,33.36090000000000,0.17380000000000,13.99460000000000,42.4089,8594.8427,16.8429,16.6691,0.1738,16.4803,14.1834,14.1646,0.0188,-16.8729,8594.8427,NA
parkey.exe,42044,0x1DBA23EDF50,DXGI,0,0,0,Composed: Flip,8628.1553,NA,16.64350000000000,4.40980000000000,0.12810000000000,12.79060000000000,30.1752,8611.6856,16.5978,16.4697,0.1281,16.3492,12.9111,12.8905,0.0206,12.4331,8611.6856,NA
parkey.exe,42044,0x1DBA23EDF50,DXGI,0,0,0,Composed: Flip,8644.7745,NA,16.61920000000000,12.27410000000000,0.17030000000000,12.83900000000000,25.8301,8628.2834,16.6614,16.4911,0.1703,16.3524,12.9777,12.9591,0.0186,4.3237,8628.2834,NA
parkey.exe,42044,0x1DBA23EDF50,DXGI,0,0,0,Composed: Flip,8661.6745,NA,16.90000000000000,8.61690000000000,0.15120000000000,9.73110000000000,17.5470,8644.9448,16.8809,16.7297,0.1512,16.5807,9.8801,9.8423,0.0378,8.0445,8644.9448,NA
parkey.exe,42044,0x1DBA23EDF50,DXGI,0,0,0,Composed: Flip,8678.2591,NA,16.58460000000000,24.74090000000000,0.14770000000000,9.82180000000000,25.7033,8661.8257,16.5811,16.4334,0.1477,16.2925,9.9627,9.9456,0.0171,-7.8600,8661.8257,NA
parkey.exe,42044,0x1DBA23EDF50,DXGI,0,0,0,Composed: Flip,8694.6218,NA,16.36270000000000,33.36140000000000,0.13770000000000,13.83420000000000,42.7020,8678.4068,16.3527,16.2150,0.1377,16.0982,13.9510,13.9309,0.0201,-16.7803,8678.4068,NA
parkey.exe,42044,0x1DBA23EDF50,DXGI,0,0,0,Composed: Flip,8711.3734,NA,16.75160000000000,4.35430000000000,0.14360000000000,12.79360000000000,30.3047,8694.7595,16.7575,16.6139,0.1436,16.4932,12.9143,12.8945,0.0198,11.9984,8694.7595,NA
parkey.exe,42044,0x1DBA23EDF50,DXGI,0,0,0,Composed: Flip,8728.2693,NA,16.89590000000000,12.32850000000000,0.15450000000000,12.84900000000000,25.7373,8711.5170,16.9068,16.7523,0.1545,16.5871,13.0142,12.9842,0.0300,4.4290,8711.5170,NA
parkey.exe,42044,0x1DBA23EDF50,DXGI,0,0,0,Composed: Flip,8744.8826,NA,16.61330000000000,8.57150000000000,0.13180000000000,10.27360000000000,17.6955,8728.4238,16.5906,16.4588,0.1318,16.3035,10.4289,10.3992,0.0297,8.3353,8728.4238,NA
parkey.exe,42044,0x1DBA23EDF50,DXGI,0,0,0,Composed: Flip,8761.4038,NA,16.52120000000000,24.78790000000000,0.13070000000000,9.84650000000000,25.9622,8745.0144,16.5201,16.3894,0.1307,16.2640,9.9719,9.9453,0.0266,-8.1973,8745.0144,NA
parkey.exe,42044,0x1DBA23EDF50,DXGI,0,0,0,Composed: Flip,8778.0640,NA,16.66020000000000,33.35640000000000,0.14450000000000,13.90390000000000,42.6584,8761.5345,16.6740,16.5295,0.1445,16.3901,14.0433,14.0239,0.0194,-16.8363,8761.5345,NA
parkey.exe,42044,0x1DBA23EDF50,DXGI,0,0,0,Composed: Flip,8794.7220,NA,16.65800000000000,4.30370000000000,0.14450000000000,12.80970000000000,30.3041,8778.2085,16.6580,16.5135,0.1445,16.3801,12.9431,12.9248,0.0183,12.3703,8778.2085,NA
parkey.exe,42044,0x1DBA23EDF50,DXGI,0,0,0,Composed: Flip,8811.4389,NA,16.71690000000000,12.37830000000000,0.14840000000000,12.88370000000000,25.9655,8794.8665,16.7208,16.5724,0.1484,16.4408,13.0153,12.9974,0.0179,4.2797,8794.8665,NA
parkey.exe,42044,0x1DBA23EDF50,DXGI,0,0,0,Composed: Flip,8828.2550,NA,16.81610000000000,8.55250000000000,0.14590000000000,9.69180000000000,17.7019,8811.5873,16.8136,16.6677,0.1459,16.5163,9.8432,9.8151,0.0281,8.1683,8811.5873,NA
parkey.exe,42044,0x1DBA23EDF50,DXGI,0,0,0,Composed: Flip,8845.4023,NA,17.14730000000000,24.80610000000000,0.22460000000000,12.24270000000000,25.3607,8828.4009,17.2260,17.0014,0.2246,16.8111,12.4330,12.4120,0.0210,-7.9925,8828.4009,NA
parkey.exe,42044,0x1DBA23EDF50,DXGI,0,0,0,Composed: Flip,8861.6885,NA,16.28620000000000,33.36170000000000,0.14800000000000,13.99930000000000,42.4362,8845.6269,16.2096,16.0616,0.1480,15.9171,14.1438,14.1270,0.0168,-16.1357,8845.6269,NA
parkey.exe,42044,0x1DBA23EDF50,DXGI,0,0,0,Composed: Flip,8878.1569,NA,16.46840000000000,4.25380000000000,0.14150000000000,12.70500000000000,30.2216,8861.8365,16.4619,16.3204,0.1415,16.1846,12.8408,12.8225,0.0183,11.9558,8861.8365,NA
parkey.exe,42044,0x1DBA23EDF50,DXGI,0,0,0,Composed: Flip,8894.9751,NA,16.81820000000000,12.43210000000000,0.18660000000000,12.85580000000000,25.8355,8878.2984,16.8633,16.6767,0.1866,16.5282,13.0043,12.9827,0.0216,4.0298,8878.2984,NA
parkey.exe,42044,0x1DBA23EDF50,DXGI,0,0,0,Composed: Flip,8911.7369,NA,16.76180000000000,22.33930000000000,0.14720000000000,12.05580000000000,31.4130,8895.1617,16.7224,16.5752,0.1472,16.4194,12.2116,11.9462,0.2654,-5.4760,8895.1617,NA
parkey.exe,42044,0x1DBA23EDF50,DXGI,0,0,0,Composed: Flip,8928.1183,NA,16.38140000000000,11.01190000000000,0.13070000000000,13.11370000000000,26.0435,8911.8841,16.3649,16.2342,0.1307,16.1068,13.2411,13.2256,0.0155,5.7105,8911.8841,NA
parkey.exe,42044,0x1DBA23EDF50,DXGI,0,0,0,Composed: Flip,8944.8012,NA,16.68290000000000,23.73080000000000,0.14980000000000,13.73650000000000,33.0914,8928.2490,16.7020,16.5522,0.1498,16.4035,13.8852,13.8686,0.0166,-7.3659,8928.2490,NA
parkey.exe,42044,0x1DBA23EDF50,DXGI,0,0,0,Composed: Flip,8961.5766,NA,16.77540000000000,13.89100000000000,0.15120000000000,12.86340000000000,30.2070,8944.9510,16.7768,16.6256,0.1512,16.4893,12.9997,12.9789,0.0208,2.8110,8944.9510,NA
parkey.exe,42044,0x1DBA23EDF50,DXGI,0,0,0,Composed: Flip,8978.0745,NA,16.49790000000000,20.83570000000000,0.14300000000000,13.84400000000000,34.5448,8961.7278,16.4897,16.3467,0.1430,16.1997,13.9910,13.9721,0.0189,-4.0589,8961.7278,NA
parkey.exe,42044,0x1DBA23EDF50,DXGI,0,0,0,Composed: Flip,8994.7322,NA,16.65770000000000,13.87580000000000,0.13130000000000,12.02220000000000,31.7629,8978.2175,16.6460,16.5147,0.1313,16.3830,12.1539,12.1342,0.0197,2.6139,8978.2175,NA
parkey.exe,42044,0x1DBA23EDF50,DXGI,0,0,0,Composed: Flip,9011.3302,NA,16.59800000000000,11.06630000000000,0.14560000000000,13.17090000000000,26.2312,8994.8635,16.6123,16.4667,0.1456,16.3512,13.2864,13.2654,0.0210,5.5797,8994.8635,NA
parkey.exe,42044,0x1DBA23EDF50,DXGI,0,0,0,Composed: Flip,9027.9788,NA,16.64860000000000,23.67720000000000,0.15980000000000,13.69250000000000,33.2598,9011.4758,16.6628,16.5030,0.1598,16.3654,13.8301,13.8106,0.0195,-7.0649,9011.4758,NA
parkey.exe,42044,0x1DBA23EDF50,DXGI,0,0,0,Composed: Flip,9044.9404,NA,16.96160000000000,13.89250000000000,0.15680000000000,12.80080000000000,30.1907,9028.1386,16.9586,16.8018,0.1568,16.6497,12.9529,12.9345,0.0184,2.7703,9028.1386,NA
parkey.exe,42044,0x1DBA23EDF50,DXGI,0,0,0,Composed: Flip,9061.3772,NA,16.43680000000000,20.78610000000000,0.12340000000000,13.96440000000000,34.5400,9045.0972,16.4034,16.2800,0.1234,16.1616,14.0828,14.0581,0.0247,-3.8275,9045.0972,NA
parkey.exe,42044,0x1DBA23EDF50,DXGI,0,0,0,Composed: Flip,9078.1933,NA,16.81610000000000,6.99220000000000,0.13620000000000,12.46800000000000,24.7161,9061.5006,16.8289,16.6927,0.1362,16.5525,12.6082,12.3327,0.2755,9.4112,9061.5006,NA
parkey.exe,42044,0x1DBA23EDF50,DXGI,0,0,0,Composed: Flip,9094.8801,NA,16.68680000000000,18.05730000000000,0.17300000000000,12.53590000000000,26.0866,9078.3295,16.7236,16.5506,0.1730,16.4091,12.6774,12.6387,0.0387,-1.2284,9078.3295,NA
parkey.exe,42044,0x1DBA23EDF50,DXGI,0,0,0,Composed: Flip,9111.3313,NA,16.45120000000000,33.37610000000000,0.12230000000000,13.65240000000000,43.0115,9095.0531,16.4005,16.2782,0.1223,16.1416,13.7890,13.7569,0.0321,-16.6525,9095.0531,NA
parkey.exe,42044,0x1DBA23EDF50,DXGI,0,0,0,Composed: Flip,9127.9518,NA,16.62050000000000,4.07540000000000,0.14600000000000,12.68060000000000,30.4664,9111.4536,16.6442,16.4982,0.1460,16.3812,12.7976,12.7768,0.0208,12.3251,9111.4536,NA
parkey.exe,42044,0x1DBA23EDF50,DXGI,0,0,0,Composed: Flip,9144.7399,NA,16.78810000000000,12.58690000000000,0.15110000000000,12.46010000000000,26.2652,9128.0978,16.7932,16.6421,0.1511,16.5063,12.5959,12.5785,0.0174,4.0573,9128.0978,NA
parkey.exe,42044,0x1DBA23EDF50,DXGI,0,0,0,Composed: Flip,9161.3724,NA,16.63250000000000,8.31200000000000,0.14760000000000,9.75940000000000,17.9447,9144.8910,16.6290,16.4814,0.1476,16.3517,9.8891,9.8714,0.0177,8.4812,9144.8910,NA
parkey.exe,42044,0x1DBA23EDF50,DXGI,0,0,0,Composed: Flip,9177.9231,NA,16.55070000000000,25.05470000000000,0.13470000000000,9.87780000000000,26.4487,9161.5200,16.5378,16.4031,0.1347,16.2876,9.9933,9.9752,0.0181,-8.4257,9161.5200,NA
parkey.exe,42044,0x1DBA23EDF50,DXGI,0,0,0,Composed: Flip,9194.9926,NA,17.06950000000000,33.35530000000000,0.15800000000000,13.76040000000000,42.7345,9178.0578,17.0928,16.9348,0.1580,16.7463,13.9489,13.9302,0.0187,-16.8175,9178.0578,NA
parkey.exe,42044,0x1DBA23EDF50,DXGI,0,0,0,Composed: Flip,9211.3937,NA,16.40110000000000,4.03920000000000,0.13200000000000,12.71280000000000,30.3726,9195.1506,16.3751,16.2431,0.1320,16.1097,12.8462,12.8290,0.0172,13.0536,9195.1506,NA
parkey.exe,42044,0x1DBA23EDF50,DXGI,0,0,0,Composed: Flip,9228.0679,NA,16.67420000000000,12.63610000000000,0.15310000000000,12.89990000000000,26.3345,9211.5257,16.6953,16.5422,0.1531,16.4213,13.0208,13.0047,0.0161,3.7390,9211.5257,NA
parkey.exe,42044,0x1DBA23EDF50,DXGI,0,0,0,Composed: Flip,9244.7929,NA,16.72500000000000,8.27840000000000,0.13290000000000,9.73400000000000,17.8879,9228.2210,16.7048,16.5719,0.1329,16.4446,9.8613,9.8352,0.0261,8.4169,9228.2210,NA
parkey.exe,42044,0x1DBA23EDF50,DXGI,0,0,0,Composed: Flip,9261.2389,NA,16.44600000000000,25.09080000000000,0.11990000000000,9.84820000000000,26.5327,9244.9258,16.4330,16.3131,0.1199,16.2025,9.9588,9.9385,0.0203,-8.3860,9244.9258,NA
parkey.exe,42044,0x1DBA23EDF50,DXGI,0,0,0,Composed: Flip,9278.1164,NA,16.87750000000000,33.36060000000001,0.23120000000000,13.65580000000000,43.0158,9261.3588,16.9888,16.7576,0.2312,16.6019,13.8115,13.7932,0.0183,-16.9276,9261.3588,NA
parkey.exe,42044,0x1DBA23EDF50,DXGI,0,0,0,Composed: Flip,9294.7285,NA,16.61210000000000,3.98350000000000,0.16510000000000,12.87900000000000,30.3872,9278.3476,16.5460,16.3809,0.1651,16.2594,13.0005,12.9791,0.0214,13.0053,9278.3476,NA
parkey.exe,42044,0x1DBA23EDF50,DXGI,0,0,0,Composed: Flip,9311.4071,NA,16.67860000000000,12.69120000000000,0.12470000000000,12.85510000000000,26.3998,9294.8936,16.6382,16.5135,0.1247,16.4010,12.9676,12.9523,0.0153,3.8548,9294.8936,NA
parkey.exe,42044,0x1DBA23EDF50,DXGI,0,0,0,Composed: Flip,9328.1258,NA,16.71870000000000,8.19950000000000,0.13000000000000,9.75930000000000,17.8806,9311.5318,16.7240,16.5940,0.1300,16.4504,9.9029,9.8822,0.0207,8.4387,9311.5318,NA
parkey.exe,42044,0x1DBA23EDF50,DXGI,0,0,0,Composed: Flip,9344.7934,NA,16.66760000000000,25.16480000000000,0.14370000000000,9.82850000000000,26.3778,9328.2558,16.6813,16.5376,0.1437,16.4076,9.9585,9.9385,0.0200,-8.4408,9328.2558,NA
parkey.exe,42044,0x1DBA23EDF50,DXGI,0,0,0,Composed: Flip,9361.1791,NA,16.38570000000000,33.36240000000000,0.15020000000000,13.83060000000000,43.3545,9344.9371,16.3922,16.2420,0.1502,16.3009,13.7717,13.7422,0.0295,-16.6811,9344.9371,NA
parkey.exe,42044,0x1DBA23EDF50,DXGI,0,0,0,Composed: Flip,9378.2858,NA,17.10670000000000,3.97750000000000,0.15030000000000,12.80110000000000,30.2253,9361.3293,17.1068,16.9565,0.1503,16.8124,12.9452,12.9255,0.0197,12.4147,9361.3293,NA
parkey.exe,42044,0x1DBA23EDF50,DXGI,0,0,0,Composed: Flip,9395.1515,NA,16.86570000000000,12.70680000000000,0.20270000000000,12.91430000000000,26.0664,9378.4361,16.9181,16.7154,0.2027,16.5364,13.0933,13.0676,0.0257,4.4000,9378.4361,NA
parkey.exe,42044,0x1DBA23EDF50,DXGI,0,0,0,Composed: Flip,9412.2345,NA,17.08300000000000,16.67500000000000,0.19150000000000,9.78430000000000,25.6584,9395.3542,17.0718,16.8803,0.1915,16.6834,9.9812,9.9459,0.0353,0.2431,9395.3542,NA
parkey.exe,42044,0x1DBA23EDF50,DXGI,0,0,0,Composed: Flip,9428.5166,NA,16.28210000000000,16.88460000000000,0.19100000000000,12.52100000000000,26.2609,9412.4260,16.2816,16.0906,0.1910,15.9155,12.6961,12.6765,0.0196,0.1872,9412.4260,NA
parkey.exe,42044,0x1DBA23EDF50,DXGI,0,0,0,Composed: Flip,9445.3041,NA,16.78750000000000,33.15710000000000,0.22550000000000,13.79260000000000,42.6305,9428.7076,16.8220,16.5965,0.2255,16.4133,13.9758,13.9556,0.0202,-16.8755,9428.7076,NA
parkey.exe,42044,0x1DBA23EDF50,DXGI,0,0,0,Composed: Flip,9461.8400,NA,16.53590000000000,3.89030000000000,0.18680000000000,12.66520000000000,29.9849,9445.5296,16.4972,16.3104,0.1868,16.1353,12.8403,12.8086,0.0317,12.9317,9445.5296,NA
parkey.exe,42044,0x1DBA23EDF50,DXGI,0,0,0,Composed: Flip,9478.7070,NA,16.86700000000000,12.80390000000000,0.23230000000000,12.98500000000000,25.9218,9462.0268,16.9125,16.6802,0.2323,16.4911,13.1741,13.1363,0.0378,3.6933,9462.0268,NA
parkey.exe,42044,0x1DBA23EDF50,DXGI,0,0,0,Composed: Flip,9495.7896,NA,17.08260000000000,33.34670000000000,0.37200000000000,11.97930000000000,42.1859,9478.9393,17.2223,16.8503,0.3720,16.5349,12.2947,12.2502,0.0445,-16.4342,9478.9393,NA
parkey.exe,42044,0x1DBA23EDF50,DXGI,0,0,0,Composed: Flip,9513.7074,NA,17.91780000000000,2.53110000000000,0.23720000000000,13.47090000000000,26.7992,9496.1616,17.7830,17.5458,0.2372,17.3149,13.7018,13.6808,0.0210,14.6912,9496.1616,NA
parkey.exe,42044,0x1DBA23EDF50,DXGI,0,0,0,Composed: Flip,9528.6971,NA,14.98970000000000,13.87520000000000,0.16580000000000,11.94960000000000,25.6847,9513.9446,14.9183,14.7525,0.1658,14.5931,12.1090,12.0869,0.0221,3.9078,9513.9446,NA
parkey.exe,42044,0x1DBA23EDF50,DXGI,0,0,0,Composed: Flip,9545.1340,NA,16.43690000000000,13.88550000000000,0.18900000000000,12.53440000000000,23.1333,9528.8629,16.4601,16.2711,0.1890,16.1060,12.6995,12.6797,0.0198,1.0328,9528.8629,NA
parkey.exe,42044,0x1DBA23EDF50,DXGI,0,0,0,Composed: Flip,9561.6660,NA,16.53200000000000,19.74940000000000,0.16520000000000,11.99530000000000,26.3507,9545.3230,16.5082,16.3430,0.1652,16.1914,12.1469,12.1260,0.0209,-3.2893,9545.3230,NA
parkey.exe,42044,0x1DBA23EDF50,DXGI,0,0,0,Composed: Flip,9578.1883,NA,16.52230000000000,16.68160000000000,0.13960000000000,9.82360000000000,26.5100,9561.8312,16.4967,16.3571,0.1396,16.2127,9.9680,9.9406,0.0274,-0.1734,9561.8312,NA
parkey.exe,42044,0x1DBA23EDF50,DXGI,0,0,0,Composed: Flip,9594.8395,NA,16.65120000000000,16.67200000000000,0.14700000000000,12.59960000000000,26.5308,9578.3279,16.6586,16.5116,0.1470,16.3792,12.7320,12.7154,0.0166,-0.1753,9578.3279,NA
parkey.exe,42044,0x1DBA23EDF50,DXGI,0,0,0,Composed: Flip,9611.5633,NA,16.72380000000000,33.36110000000000,0.17780000000000,13.75820000000000,43.1681,9594.9865,16.7546,16.5768,0.1778,16.4814,13.8536,13.8330,0.0206,-16.7025,9594.9865,NA
parkey.exe,42044,0x1DBA23EDF50,DXGI,0,0,0,Composed: Flip,9627.9323,NA,16.36900000000000,3.77830000000000,0.12070000000000,12.82370000000000,30.5774,9611.7411,16.3119,16.1912,0.1207,16.0832,12.9317,12.9149,0.0168,12.9763,9611.7411,NA
parkey.exe,42044,0x1DBA23EDF50,DXGI,0,0,0,Composed: Flip,9644.8036,NA,16.87130000000000,12.90500000000000,0.14780000000000,12.96910000000000,26.6111,9628.0530,16.8984,16.7506,0.1478,16.6261,13.0936,13.0778,0.0158,3.4069,9628.0530,NA
parkey.exe,42044,0x1DBA23EDF50,DXGI,0,0,0,Composed: Flip,9661.4908,NA,16.68720000000000,7.99040000000000,0.15380000000000,10.54610000000000,17.9143,9644.9514,16.6932,16.5394,0.1538,16.3957,10.6898,10.6669,0.0229,8.9080,9644.9514,NA
parkey.exe,42044,0x1DBA23EDF50,DXGI,0,0,0,Composed: Flip,9678.1777,NA,16.68690000000000,25.37170000000000,0.14940000000000,9.85200000000000,26.5991,9661.6446,16.6825,16.5331,0.1494,16.3914,9.9937,9.9731,0.0206,-8.6785,9661.6446,NA
parkey.exe,42044,0x1DBA23EDF50,DXGI,0,0,0,Composed: Flip,9694.6246,NA,16.44690000000000,33.36180000000000,0.12850000000000,13.92260000000000,43.5140,9678.3271,16.4260,16.2975,0.1285,16.1854,14.0347,14.0132,0.0215,-16.6793,9678.3271,NA
parkey.exe,42044,0x1DBA23EDF50,DXGI,0,0,0,Composed: Flip,9711.3402,NA,16.71560000000000,3.71520000000000,0.12850000000000,12.76990000000000,30.5136,9694.7531,16.7156,16.5871,0.1285,16.4673,12.8897,12.8708,0.0189,12.7108,9694.7531,NA
parkey.exe,42044,0x1DBA23EDF50,DXGI,0,0,0,Composed: Flip,9727.9163,NA,16.57610000000000,12.96600000000000,0.16800000000000,11.70460000000000,26.9035,9711.4687,16.6156,16.4476,0.1680,16.3384,11.8138,11.7821,0.0317,3.7496,9711.4687,NA
parkey.exe,42044,0x1DBA23EDF50,DXGI,0,0,0,Composed: Flip,9744.8581,NA,16.94180000000000,21.82960000000000,0.13800000000000,12.08540000000000,31.7913,9728.0843,16.9118,16.7738,0.1380,16.6304,12.2288,12.2070,0.0218,-5.2140,9728.0843,NA
parkey.exe,42044,0x1DBA23EDF50,DXGI,0,0,0,Composed: Flip,9761.9097,NA,17.05160000000000,11.52460000000000,0.17290000000000,13.14450000000000,26.2643,9744.9961,17.0865,16.9136,0.1729,16.7295,13.3286,13.3087,0.0199,5.3872,9744.9961,NA
parkey.exe,42044,0x1DBA23EDF50,DXGI,0,0,0,Composed: Flip,9778.6661,NA,16.75640000000000,23.20060000000000,0.18830000000000,13.81790000000000,32.7085,9762.0826,16.7718,16.5835,0.1883,16.3709,14.0305,14.0073,0.0232,-6.1141,9762.0826,NA
parkey.exe,42044,0x1DBA23EDF50,DXGI,0,0,0,Composed: Flip,9795.1357,NA,16.46960000000000,13.88380000000000,0.17280000000000,12.61290000000000,30.1227,9778.8544,16.4541,16.2813,0.1728,16.1098,12.7844,12.7685,0.0159,2.8880,9778.8544,NA
parkey.exe,42044,0x1DBA23EDF50,DXGI,0,0,0,Composed: Flip,9811.4928,NA,16.35710000000000,12.95450000000000,0.15070000000000,13.44740000000000,26.7201,9795.3085,16.3350,16.1843,0.1507,15.9555,13.6762,13.6581,0.0181,3.4996,9795.3085,NA
parkey.exe,42044,0x1DBA23EDF50,DXGI,0,0,0,Composed: Flip,9828.2730,NA,16.78020000000000,21.80630000000000,0.14180000000000,12.49640000000000,31.7462,9811.6435,16.7713,16.6295,0.1418,16.4741,12.6518,12.6347,0.0171,-5.4713,9811.6435,NA
parkey.exe,42044,0x1DBA23EDF50,DXGI,0,0,0,Composed: Flip,9844.6346,NA,16.36160000000000,11.57080000000000,0.14360000000000,13.17930000000000,26.9554,9828.4148,16.3634,16.2198,0.1436,16.0993,13.2998,13.2722,0.0276,5.2005,9828.4148,NA
parkey.exe,42044,0x1DBA23EDF50,DXGI,0,0,0,Composed: Flip,9862.0220,NA,17.38740000000000,23.12630000000000,0.23300000000000,13.85570000000000,32.6943,9844.7782,17.4768,17.2438,0.2330,17.0299,14.0696,14.0417,0.0279,-6.7629,9844.7782,NA
parkey.exe,42044,0x1DBA23EDF50,DXGI,0,0,0,Composed: Flip,9878.6503,NA,16.62830000000000,13.89180000000000,0.18200000000000,12.77260000000000,29.9578,9862.2550,16.5773,16.3953,0.1820,16.2144,12.9535,12.9242,0.0293,3.5850,9862.2550,NA
parkey.exe,42044,0x1DBA23EDF50,DXGI,0,0,0,Composed: Flip,9895.1062,NA,16.45590000000000,20.84570000000000,0.17770000000000,13.93180000000000,34.3476,9878.8323,16.4516,16.2739,0.1777,16.0964,14.1093,14.0921,0.0172,-4.2684,9878.8323,NA
parkey.exe,42044,0x1DBA23EDF50,DXGI,0,0,0,Composed: Flip,9911.5125,NA,16.40630000000000,13.87320000000000,0.15620000000000,12.50890000000000,31.8145,9895.2839,16.3848,16.2286,0.1562,16.0951,12.6424,12.6081,0.0343,2.5784,9895.2839,NA
parkey.exe,42044,0x1DBA23EDF50,DXGI,0,0,0,Composed: Flip,9928.3174,NA,16.80490000000000,11.65240000000000,0.17320000000000,13.28260000000000,26.6620,9911.6687,16.8219,16.6487,0.1732,16.4841,13.4472,13.4281,0.0191,4.7324,9911.6687,NA
parkey.exe,42044,0x1DBA23EDF50,DXGI,0,0,0,Composed: Flip,9944.6855,NA,16.36810000000000,23.09050000000000,0.14830000000000,13.90100000000000,33.3844,9928.4906,16.3432,16.1949,0.1483,16.0616,14.0343,14.0154,0.0189,-6.2686,9928.4906,NA
parkey.exe,42044,0x1DBA23EDF50,DXGI,0,0,0,Composed: Flip,9961.4166,NA,16.73110000000000,13.90300000000000,0.23430000000000,12.77930000000000,30.5563,9944.8338,16.8171,16.5828,0.2343,16.4474,12.9147,12.8989,0.0158,2.4402,9944.8338,NA
parkey.exe,42044,0x1DBA23EDF50,DXGI,0,0,0,Composed: Flip,9978.1887,NA,16.77210000000000,20.83020000000000,0.16590000000000,13.96640000000000,34.6144,9961.6509,16.7037,16.5378,0.1659,16.3033,14.2009,14.1807,0.0202,-4.0131,9961.6509,NA
parkey.exe,42044,0x1DBA23EDF50,DXGI,0,0,0,Composed: Flip,9994.8020,NA,16.61330000000000,13.87450000000000,0.13280000000000,12.01760000000000,31.8756,9978.3546,16.5802,16.4474,0.1328,16.3218,12.1432,12.1279,0.0153,2.8292,9978.3546,NA
parkey.exe,42044,0x1DBA23EDF50,DXGI,0,0,0,Composed: Flip,10011.4853,NA,16.68330000000000,11.69680000000000,0.14090000000000,13.17870000000000,26.8891,9994.9348,16.6914,16.5505,0.1409,16.4029,13.3263,13.3084,0.0179,4.8834,9994.9348,NA
parkey.exe,42044,0x1DBA23EDF50,DXGI,0,0,0,Composed: Flip,10028.1172,NA,16.63190000000000,23.05180000000000,0.13120000000000,13.81270000000000,33.3090,10011.6262,16.6222,16.4910,0.1312,16.4739,13.8298,13.8063,0.0235,-6.3604,10011.6262,NA
parkey.exe,42044,0x1DBA23EDF50,DXGI,0,0,0,Composed: Flip,10044.8231,NA,16.70590000000000,13.89710000000000,0.18060000000000,12.78440000000000,30.5002,10028.2484,16.7553,16.5747,0.1806,16.4247,12.9344,12.9148,0.0196,2.7251,10028.2484,NA
parkey.exe,42044,0x1DBA23EDF50,DXGI,0,0,0,Composed: Flip,10061.6012,NA,16.77810000000000,13.10510000000000,0.14000000000000,13.49680000000000,26.8272,10045.0037,16.7375,16.5975,0.1400,16.4547,13.6396,13.6224,0.0172,3.6502,10045.0037,NA
parkey.exe,42044,0x1DBA23EDF50,DXGI,0,0,0,Composed: Flip,10078.0969,NA,16.49570000000000,21.59640000000000,0.13430000000000,13.22730000000000,31.9279,10061.7412,16.4900,16.3557,0.1343,16.2183,13.3647,13.3380,0.0267,-4.8589,10061.7412,NA
parkey.exe,42044,0x1DBA23EDF50,DXGI,0,0,0,Composed: Flip,10094.9123,NA,16.81540000000000,11.75410000000000,0.15370000000000,13.10870000000000,26.8666,10078.2312,16.8348,16.6811,0.1537,16.5288,13.2610,13.2409,0.0201,4.7359,10078.2312,NA
parkey.exe,42044,0x1DBA23EDF50,DXGI,0,0,0,Composed: Flip,10111.3317,NA,16.41940000000000,22.98730000000000,0.29380000000000,13.83050000000000,33.4345,10095.0660,16.5595,16.2657,0.2938,16.1314,13.9648,13.9469,0.0179,-6.1525,10095.0660,NA
parkey.exe,42044,0x1DBA23EDF50,DXGI,0,0,0,Composed: Flip,10128.1695,NA,16.83780000000000,10.38150000000000,0.13600000000000,12.84550000000000,26.9782,10111.6255,16.6800,16.5440,0.1360,16.4055,12.9840,12.9624,0.0216,6.1780,10111.6255,NA
parkey.exe,42044,0x1DBA23EDF50,DXGI,0,0,0,Composed: Flip,10144.9164,NA,16.74690000000000,16.66910000000000,0.15120000000000,13.68730000000000,26.9004,10128.3055,16.7621,16.6109,0.1512,16.4688,13.8294,13.8109,0.0185,0.0109,10128.3055,NA
parkey.exe,42044,0x1DBA23EDF50,DXGI,0,0,0,Composed: Flip,10161.7106,NA,16.79420000000000,21.55320000000000,0.16750000000000,13.97390000000000,31.6594,10145.0676,16.8105,16.6430,0.1675,16.4761,14.1408,14.1194,0.0214,-4.7911,10145.0676,NA
parkey.exe,42044,0x1DBA23EDF50,DXGI,0,0,0,Composed: Flip,10178.2668,NA,16.55620000000000,11.81100000000000,0.15110000000000,13.13260000000000,26.9142,10161.8781,16.5398,16.3887,0.1511,16.2382,13.2831,13.2650,0.0181,4.9995,10161.8781,NA
parkey.exe,42044,0x1DBA23EDF50,DXGI,0,0,0,Composed: Flip,10194.8523,NA,16.58550000000000,22.92770000000000,0.15450000000000,13.83490000000000,33.2564,10178.4179,16.5889,16.4344,0.1545,16.4104,13.8589,13.8407,0.0182,-6.3879,10178.4179,NA
parkey.exe,42044,0x1DBA23EDF50,DXGI,0,0,0,Composed: Flip,10211.7497,NA,16.89740000000000,10.43090000000000,0.23110000000000,12.66030000000000,26.7899,10195.0068,16.9740,16.7429,0.2311,16.5258,12.8774,12.8616,0.0158,6.1580,10195.0068,NA
parkey.exe,42044,0x1DBA23EDF50,DXGI,0,0,0,Composed: Flip,10228.2619,NA,16.51220000000000,NA,0.15360000000000,13.84140000000000,NA,10211.9808,16.4347,16.2811,0.1536,16.1479,13.9746,13.9586,0.0160,NA,NA,NA
parkey.exe,42044,0x1DBA23EDF50,DXGI,0,0,0,Composed: Flip,10244.7133,NA,16.45140000000000,24.30260000000000,0.12760000000000,11.04980000000000,18.1289,10228.4155,16.4254,16.2978,0.1276,16.1552,11.1924,11.1629,0.0295,9.1061,10228.4155,NA
parkey.exe,42044,0x1DBA23EDF50,DXGI,0,0,0,Composed: Flip,10261.2706,NA,16.55730000000000,25.78580000000000,0.12680000000000,12.14860000000000,27.3574,10244.8409,16.5565,16.4297,0.1268,16.3076,12.2707,12.2286,0.0421,-9.3604,10244.8409,NA
parkey.exe,42044,0x1DBA23EDF50,DXGI,0,0,0,Composed: Flip,10278.0275,NA,16.75690000000000,33.31540000000000,0.14880000000000,13.87800000000000,43.9159,10261.3974,16.7789,16.6301,0.1488,16.6874,13.8207,13.8057,0.0150,-16.7589,10261.3974,NA
parkey.exe,42044,0x1DBA23EDF50,DXGI,0,0,0,Composed: Flip,10294.6997,NA,16.67220000000000,3.35010000000000,0.15910000000000,12.75390000000000,30.5938,10278.1763,16.6825,16.5234,0.1591,16.3963,12.8810,12.8593,0.0217,13.4288,10278.1763,NA
parkey.exe,42044,0x1DBA23EDF50,DXGI,0,0,0,Composed: Flip,10311.6778,NA,16.97810000000000,13.32970000000000,0.17760000000000,12.56560000000000,26.9454,10294.8588,16.9966,16.8190,0.1776,16.6484,12.7362,12.7137,0.0225,3.3528,10294.8588,NA
parkey.exe,42044,0x1DBA23EDF50,DXGI,0,0,0,Composed: Flip,10328.1661,NA,16.48830000000000,16.68060000000000,0.13860000000000,10.04510000000000,27.1377,10311.8554,16.4493,16.3107,0.1386,16.1708,10.1850,10.1638,0.0212,0.3160,10311.8554,NA
parkey.exe,42044,0x1DBA23EDF50,DXGI,0,0,0,Composed: Flip,10344.6846,NA,16.51850000000000,16.68060000000000,0.14420000000000,11.18800000000000,27.2998,10328.3047,16.5241,16.3799,0.1442,16.2510,11.3169,11.2905,0.0264,-0.2313,10328.3047,NA
parkey.exe,42044,0x1DBA23EDF50,DXGI,0,0,0,Composed: Flip,10361.2916,NA,16.60700000000000,16.67560000000000,0.14820000000000,13.98480000000000,27.3684,10344.8288,16.6110,16.4628,0.1482,16.3369,14.1107,14.0955,0.0152,-0.1515,10344.8288,NA
parkey.exe,42044,0x1DBA23EDF50,DXGI,0,0,0,Composed: Flip,10377.9114,NA,16.61980000000000,16.68380000000000,0.13970000000000,12.71200000000000,27.4324,10361.4398,16.6113,16.4716,0.1397,16.3517,12.8319,12.8133,0.0186,-0.0728,10361.4398,NA
parkey.exe,42044,0x1DBA23EDF50,DXGI,0,0,0,Composed: Flip,10394.5320,NA,16.62060000000000,16.67450000000000,0.14430000000000,13.60950000000000,27.4863,10378.0511,16.6252,16.4809,0.1443,16.3641,13.7263,13.7104,0.0159,-0.0632,10378.0511,NA
parkey.exe,42044,0x1DBA23EDF50,DXGI,0,0,0,Composed: Flip,10411.4639,NA,16.93190000000000,16.68610000000000,0.15390000000000,9.69850000000000,27.2405,10394.6763,16.9415,16.7876,0.1539,16.6438,9.8423,9.8220,0.0203,-0.0609,10394.6763,NA
parkey.exe,42044,0x1DBA23EDF50,DXGI,0,0,0,Composed: Flip,10428.0148,NA,16.55090000000000,16.69780000000000,0.14060000000000,11.28480000000000,27.3874,10411.6178,16.5376,16.3970,0.1406,16.2794,11.4024,11.3792,0.0232,0.2437,10411.6178,NA
parkey.exe,42044,0x1DBA23EDF50,DXGI,0,0,0,Composed: Flip,10445.2228,NA,17.20800000000000,33.34360000000000,0.14580000000000,13.76000000000000,43.5230,10428.1554,17.2132,17.0674,0.1458,16.9145,13.9129,13.8969,0.0160,-16.8060,10428.1554,NA
parkey.exe,42044,0x1DBA23EDF50,DXGI,0,0,0,Composed: Flip,10461.4001,NA,16.17730000000000,3.24030000000000,0.13020000000000,12.74310000000000,30.5860,10445.3686,16.1617,16.0315,0.1302,15.9005,12.8741,12.8569,0.0172,13.9729,10445.3686,NA
parkey.exe,42044,0x1DBA23EDF50,DXGI,0,0,0,Composed: Flip,10477.9524,NA,16.55230000000000,13.45260000000000,0.21970000000000,12.25820000000000,27.4863,10461.5303,16.6418,16.4221,0.2197,16.3105,12.3698,12.3435,0.0263,2.7091,10461.5303,NA
parkey.exe,42044,0x1DBA23EDF50,DXGI,0,0,0,Composed: Flip,10494.7061,NA,16.75370000000000,16.66590000000000,0.13110000000000,10.52390000000000,27.3985,10478.1721,16.6651,16.5340,0.1311,16.3951,10.6628,10.6426,0.0202,-0.0241,10478.1721,NA
parkey.exe,42044,0x1DBA23EDF50,DXGI,0,0,0,Composed: Flip,10511.4606,NA,16.75450000000000,16.67910000000000,0.14810000000000,11.19880000000000,27.3231,10494.8372,16.7715,16.6234,0.1481,16.4843,11.3379,11.3156,0.0223,-0.0140,10494.8372,NA
parkey.exe,42044,0x1DBA23EDF50,DXGI,0,0,0,Composed: Flip,10528.0399,NA,16.57930000000000,33.36310000000000,0.12290000000000,13.87680000000000,44.1069,10511.6087,16.5541,16.4312,0.1229,16.2929,14.0151,13.9984,0.0167,-16.5916,10511.6087,NA
parkey.exe,42044,0x1DBA23EDF50,DXGI,0,0,0,Composed: Flip,10544.9077,NA,16.86780000000000,3.18700000000000,0.14430000000000,12.81250000000000,30.4261,10528.1628,16.8892,16.7449,0.1443,16.6259,12.9315,12.9148,0.0167,13.3671,10528.1628,NA
parkey.exe,42044,0x1DBA23EDF50,DXGI,0,0,0,Composed: Flip,10561.3549,NA,16.44720000000000,13.49160000000000,0.22600000000000,12.03870000000000,27.4705,10545.0520,16.5289,16.3029,0.2260,16.1802,12.1614,12.1344,0.0270,3.3976,10545.0520,NA
parkey.exe,42044,0x1DBA23EDF50,DXGI,0,0,0,Composed: Flip,10578.0029,NA,16.64800000000000,21.29770000000000,0.13530000000000,13.75080000000000,32.1202,10561.5809,16.5573,16.4220,0.1353,16.2864,13.8864,13.8674,0.0190,-4.7688,10561.5809,NA
parkey.exe,42044,0x1DBA23EDF50,DXGI,0,0,0,Composed: Flip,10594.5198,NA,16.51690000000000,12.06060000000000,0.13090000000000,13.16720000000000,27.6639,10578.1382,16.5125,16.3816,0.1309,16.2715,13.2773,13.2576,0.0197,4.4967,10578.1382,NA
parkey.exe,42044,0x1DBA23EDF50,DXGI,0,0,0,Composed: Flip,10611.2686,NA,16.74880000000000,22.66780000000000,0.13960000000000,13.88940000000000,33.5829,10594.6507,16.7575,16.6179,0.1396,16.5139,13.9934,13.9744,0.0190,-6.1553,10594.6507,NA
parkey.exe,42044,0x1DBA23EDF50,DXGI,0,0,0,Composed: Flip,10628.0621,NA,16.79350000000000,10.69560000000000,0.13290000000000,12.82460000000000,27.4850,10611.4082,16.7868,16.6539,0.1329,16.5255,12.9530,12.9319,0.0211,6.0619,10611.4082,NA
parkey.exe,42044,0x1DBA23EDF50,DXGI,0,0,0,Composed: Flip,10644.7078,NA,16.64570000000000,16.68680000000000,0.20570000000000,13.41880000000000,27.5261,10628.1950,16.7185,16.5128,0.2057,16.3828,13.5488,13.5340,0.0148,0.1000,10628.1950,NA
parkey.exe,42044,0x1DBA23EDF50,DXGI,0,0,0,Composed: Flip,10661.3046,NA,16.59680000000000,21.24510000000000,0.14820000000000,11.53490000000000,32.1744,10644.9135,16.5393,16.3911,0.1482,16.2595,11.6665,11.6341,0.0324,-4.5266,10644.9135,NA
parkey.exe,42044,0x1DBA23EDF50,DXGI,0,0,0,Composed: Flip,10678.2082,NA,16.90360000000000,12.10740000000000,0.14600000000000,14.47070000000000,27.3782,10661.4528,16.9014,16.7554,0.1460,16.6224,14.6037,14.5864,0.0173,4.4319,10661.4528,NA
parkey.exe,42044,0x1DBA23EDF50,DXGI,0,0,0,Composed: Flip,10694.7950,NA,16.58680000000000,22.61760000000000,0.13600000000000,13.88830000000000,33.4090,10678.3542,16.5768,16.4408,0.1360,16.3094,14.0197,14.0049,0.0148,-5.7162,10678.3542,NA
parkey.exe,42044,0x1DBA23EDF50,DXGI,0,0,0,Composed: Flip,10711.2611,NA,16.46610000000000,10.74430000000000,0.12690000000000,12.73220000000000,27.6872,10694.9310,16.4570,16.3301,0.1269,16.2146,12.8477,12.8316,0.0161,5.8325,10694.9310,NA
parkey.exe,42044,0x1DBA23EDF50,DXGI,0,0,0,Composed: Flip,10727.9078,NA,16.64670000000000,16.68240000000000,0.13730000000000,13.55290000000000,27.7229,10711.3880,16.6571,16.5198,0.1373,16.4039,13.6688,13.6520,0.0168,-0.2254,10711.3880,NA
parkey.exe,42044,0x1DBA23EDF50,DXGI,0,0,0,Composed: Flip,10744.8222,NA,16.91440000000000,14.23690000000000,0.13630000000000,13.11890000000000,25.0454,10728.0451,16.9134,16.7771,0.1363,16.6242,13.2718,13.2465,0.0253,2.4202,10728.0451,NA
parkey.exe,42044,0x1DBA23EDF50,DXGI,0,0,0,Composed: Flip,10761.3241,NA,16.50190000000000,19.11610000000000,0.12840000000000,11.17180000000000,27.6596,10744.9585,16.4940,16.3656,0.1284,16.2225,11.3149,11.2961,0.0188,-2.2027,10744.9585,NA
parkey.exe,42044,0x1DBA23EDF50,DXGI,0,0,0,Composed: Flip,10777.8408,NA,16.51670000000000,33.37120000000000,0.13690000000000,13.93020000000000,44.5141,10761.4525,16.5252,16.3883,0.1369,16.2711,14.0474,14.0304,0.0170,-16.8772,10761.4525,NA
parkey.exe,42044,0x1DBA23EDF50,DXGI,0,0,0,Composed: Flip,10794.6807,NA,16.83990000000000,3.02700000000000,0.16710000000000,12.72230000000000,30.7012,10777.9777,16.8701,16.7030,0.1671,16.5692,12.8561,12.8233,0.0328,13.4982,10777.9777,NA
parkey.exe,42044,0x1DBA23EDF50,DXGI,0,0,0,Composed: Flip,10811.4208,NA,16.74010000000000,13.64250000000000,0.19650000000000,11.56760000000000,27.6036,10794.8478,16.7695,16.5730,0.1965,16.4418,11.6988,11.6755,0.0233,3.2276,10794.8478,NA
parkey.exe,42044,0x1DBA23EDF50,DXGI,0,0,0,Composed: Flip,10828.1516,NA,16.73080000000000,16.68350000000000,0.14050000000000,10.12440000000000,27.5563,10811.6173,16.6748,16.5343,0.1405,16.3917,10.2670,10.2450,0.0220,0.0860,10811.6173,NA
parkey.exe,42044,0x1DBA23EDF50,DXGI,0,0,0,Composed: Flip,10844.6694,NA,16.51780000000000,16.68500000000000,0.13590000000000,13.09530000000000,27.7235,10828.2921,16.5132,16.3773,0.1359,16.2530,13.2196,13.1850,0.0346,-0.0102,10828.2921,NA
parkey.exe,42044,0x1DBA23EDF50,DXGI,0,0,0,Composed: Flip,10861.4009,NA,16.73150000000000,33.35430000000000,0.15830000000000,14.02190000000000,44.3463,10844.8053,16.7539,16.5956,0.1583,16.4546,14.1629,14.1439,0.0190,-16.8411,10844.8053,NA
parkey.exe,42044,0x1DBA23EDF50,DXGI,0,0,0,Composed: Flip,10878.0609,NA,16.66000000000000,2.98280000000000,0.14520000000000,12.81440000000000,30.6691,10861.5592,16.6469,16.5017,0.1452,16.3715,12.9446,12.9175,0.0271,13.7711,10861.5592,NA
parkey.exe,42044,0x1DBA23EDF50,DXGI,0,0,0,Composed: Flip,10894.7098,NA,16.64890000000000,13.69650000000000,0.20090000000000,11.17670000000000,27.7167,10878.2061,16.7046,16.5037,0.2009,16.3548,11.3256,11.3027,0.0229,2.9504,10878.2061,NA
parkey.exe,42044,0x1DBA23EDF50,DXGI,0,0,0,Composed: Flip,10911.4776,NA,16.76780000000000,16.68040000000000,0.15730000000000,10.51590000000000,27.6293,10894.9107,16.7242,16.5669,0.1573,16.4215,10.6613,10.6373,0.0240,0.0242,10894.9107,NA
parkey.exe,42044,0x1DBA23EDF50,DXGI,0,0,0,Composed: Flip,10928.1267,NA,16.64910000000000,16.68670000000000,0.14060000000000,11.25270000000000,27.6669,10911.6349,16.6324,16.4918,0.1406,16.3660,11.3785,11.3549,0.0236,0.0375,10911.6349,NA
parkey.exe,42044,0x1DBA23EDF50,DXGI,0,0,0,Composed: Flip,10944.9043,NA,16.77760000000000,33.35710000000000,0.15860000000000,13.79810000000000,44.2464,10928.2673,16.7956,16.6370,0.1586,16.4864,13.9487,13.9319,0.0168,-16.7247,10928.2673,NA
parkey.exe,42044,0x1DBA23EDF50,DXGI,0,0,0,Composed: Flip,10961.3798,NA,16.47550000000000,2.92330000000000,0.13190000000000,12.68560000000000,30.6942,10945.0629,16.4488,16.3169,0.1319,16.1933,12.8092,12.7900,0.0192,13.8723,10945.0629,NA
parkey.exe,42044,0x1DBA23EDF50,DXGI,0,0,0,Composed: Flip,10977.9582,NA,16.57840000000000,13.76390000000000,0.15410000000000,11.68570000000000,27.8797,10961.5117,16.6006,16.4465,0.1541,16.3332,11.7990,11.7741,0.0249,2.6849,10961.5117,NA
parkey.exe,42044,0x1DBA23EDF50,DXGI,0,0,0,Composed: Flip,10994.7329,NA,16.77470000000000,16.67140000000000,0.12910000000000,10.85570000000000,27.7764,10978.1123,16.7497,16.6206,0.1291,16.4864,10.9899,10.9684,0.0215,-0.0708,10978.1123,NA
parkey.exe,42044,0x1DBA23EDF50,DXGI,0,0,0,Composed: Flip,11011.1586,NA,16.42570000000000,16.68560000000000,0.13670000000000,11.19000000000000,28.0363,10994.8620,16.4333,16.2966,0.1367,16.1721,11.3145,11.2954,0.0191,0.0641,10994.8620,NA
parkey.exe,42044,0x1DBA23EDF50,DXGI,0,0,0,Composed: Flip,11027.9649,NA,16.80630000000000,33.37550000000000,0.13330000000000,13.72970000000000,44.6055,11011.2953,16.8029,16.6696,0.1333,16.2967,14.1026,14.0586,0.0440,-16.9422,11011.2953,NA
parkey.exe,42044,0x1DBA23EDF50,DXGI,0,0,0,Composed: Flip,11044.8004,NA,16.83550000000000,2.85470000000000,0.17520000000000,12.74520000000000,30.6247,11028.0982,16.8774,16.7022,0.1752,16.5571,12.8903,12.8688,0.0215,13.9482,11028.0982,NA
parkey.exe,42044,0x1DBA23EDF50,DXGI,0,0,0,Composed: Flip,11061.2608,NA,16.46040000000000,13.80520000000000,0.13870000000000,11.76300000000000,27.9695,11044.9756,16.4239,16.2852,0.1387,16.1718,11.8764,11.7890,0.0874,3.0722,11044.9756,NA
parkey.exe,42044,0x1DBA23EDF50,DXGI,0,0,0,Composed: Flip,11078.1010,NA,16.84020000000000,16.68000000000000,0.15480000000000,10.84160000000000,27.8093,11061.3995,16.8563,16.7015,0.1548,16.5648,10.9783,10.9562,0.0221,-0.2561,11061.3995,NA
parkey.exe,42044,0x1DBA23EDF50,DXGI,0,0,0,Composed: Flip,11094.7196,NA,16.61860000000000,16.68640000000000,0.16140000000000,11.27090000000000,27.8771,11078.2558,16.6252,16.4638,0.1614,16.3241,11.4106,11.3889,0.0217,0.1699,11078.2558,NA
parkey.exe,42044,0x1DBA23EDF50,DXGI,0,0,0,Composed: Flip,11111.6555,NA,16.93590000000000,33.35070000000000,0.16770000000000,13.81020000000000,44.2919,11094.8810,16.9422,16.7745,0.1677,16.6281,13.9566,13.9387,0.0179,-16.7255,11094.8810,NA
parkey.exe,42044,0x1DBA23EDF50,DXGI,0,0,0,Composed: Flip,11128.1336,NA,16.47810000000000,2.82560000000000,0.13970000000000,12.76240000000000,30.6394,11111.8232,16.4501,16.3104,0.1397,16.1733,12.8995,12.8733,0.0262,14.1166,11111.8232,NA
parkey.exe,42044,0x1DBA23EDF50,DXGI,0,0,0,Composed: Flip,11144.6197,NA,16.48610000000000,13.85810000000000,0.15260000000000,11.69020000000000,28.0114,11128.2733,16.4990,16.3464,0.1526,16.1989,11.8377,11.8095,0.0282,2.5920,11128.2733,NA
parkey.exe,42044,0x1DBA23EDF50,DXGI,0,0,0,Composed: Flip,11161.4865,NA,16.86680000000000,16.68170000000000,0.15670000000000,10.55290000000000,27.8263,11144.7723,16.8709,16.7142,0.1567,16.5757,10.6914,10.6710,0.0204,-0.1827,11144.7723,NA
parkey.exe,42044,0x1DBA23EDF50,DXGI,0,0,0,Composed: Flip,11177.9752,NA,16.48870000000000,16.68260000000000,0.14510000000000,11.27400000000000,28.0202,11161.6432,16.4771,16.3320,0.1451,16.2108,11.3952,11.3744,0.0208,0.1883,11161.6432,NA
parkey.exe,42044,0x1DBA23EDF50,DXGI,0,0,0,Composed: Flip,11194.5724,NA,16.59720000000000,33.35000000000000,0.14540000000000,13.99720000000000,44.7730,11178.1203,16.5975,16.4521,0.1454,16.3233,14.1260,14.1002,0.0258,-16.8729,11178.1203,NA
parkey.exe,42044,0x1DBA23EDF50,DXGI,0,0,0,Composed: Flip,11211.6510,NA,17.07860000000000,2.77520000000000,0.17040000000000,12.76660000000000,30.4696,11194.7178,17.1036,16.9332,0.1704,16.7683,12.9315,12.8971,0.0344,13.8223,11194.7178,NA
parkey.exe,42044,0x1DBA23EDF50,DXGI,0,0,0,Composed: Flip,11228.0673,NA,16.41630000000000,7.00080000000000,0.15090000000000,11.63550000000000,21.0541,11211.8214,16.3968,16.2459,0.1509,16.1080,11.7734,11.7115,0.0619,10.1028,11211.8214,NA
parkey.exe,42044,0x1DBA23EDF50,DXGI,0,0,0,Composed: Flip,11244.6439,NA,16.57660000000000,23.60600000000000,0.14370000000000,10.58560000000000,28.0835,11228.2182,16.5694,16.4257,0.1437,16.2898,10.7215,10.7005,0.0210,-7.2092,11228.2182,NA
parkey.exe,42044,0x1DBA23EDF50,DXGI,0,0,0,Composed: Flip,11261.5042,NA,16.86030000000000,16.66900000000000,0.13560000000000,11.21270000000000,27.8922,11244.7876,16.8522,16.7166,0.1356,16.5898,11.3395,11.3154,0.0241,-0.0996,11244.7876,NA
parkey.exe,42044,0x1DBA23EDF50,DXGI,0,0,0,Composed: Flip,11277.9354,NA,16.43120000000000,33.35870000000000,0.14620000000000,13.97260000000000,44.8197,11261.6398,16.4418,16.2956,0.1462,16.1486,14.1196,14.0981,0.0215,-16.5065,11261.6398,NA
parkey.exe,42044,0x1DBA23EDF50,DXGI,0,0,0,Composed: Flip,11294.5015,NA,16.56610000000000,2.71280000000000,0.15140000000000,12.74750000000000,30.9664,11278.0816,16.5713,16.4199,0.1514,16.3057,12.8617,12.8295,0.0322,13.7290,11278.0816,NA
parkey.exe,42044,0x1DBA23EDF50,DXGI,0,0,0,Composed: Flip,11311.1153,NA,16.61380000000000,6.99630000000000,0.11700000000000,11.75150000000000,21.3489,11294.6529,16.5794,16.4624,0.1170,16.3561,11.8578,11.8344,0.0234,9.5750,11294.6529,NA
parkey.exe,42044,0x1DBA23EDF50,DXGI,0,0,0,Composed: Flip,11328.0084,NA,16.89310000000000,23.65550000000000,0.12970000000000,10.77080000000000,28.1113,11311.2323,16.9058,16.7761,0.1297,16.6262,10.9207,10.8997,0.0210,-7.0761,11311.2323,NA
parkey.exe,42044,0x1DBA23EDF50,DXGI,0,0,0,Composed: Flip,11344.5496,NA,16.54120000000000,16.67950000000000,0.13920000000000,11.28840000000000,28.2496,11328.1381,16.5507,16.4115,0.1392,16.2921,11.4078,11.3789,0.0289,0.2263,11328.1381,NA
parkey.exe,42044,0x1DBA23EDF50,DXGI,0,0,0,Composed: Flip,11361.1395,NA,16.58990000000000,33.35980000000000,0.14090000000000,13.89490000000000,45.0195,11344.6888,16.5916,16.4507,0.1409,16.3419,14.0037,13.9517,0.0520,-16.8091,11344.6888,NA
parkey.exe,42044,0x1DBA23EDF50,DXGI,0,0,0,Composed: Flip,11377.9447,NA,16.80520000000000,2.66670000000000,0.13070000000000,12.80140000000000,30.8810,11361.2804,16.7950,16.6643,0.1307,16.5409,12.9248,12.8962,0.0286,13.9249,11361.2804,NA
parkey.exe,42044,0x1DBA23EDF50,DXGI,0,0,0,Composed: Flip,11395.1667,NA,17.22200000000000,6.99340000000000,0.15620000000000,11.62800000000000,20.6524,11378.0754,17.2475,17.0913,0.1562,16.9490,11.7703,11.7382,0.0321,9.8016,11378.0754,NA
parkey.exe,42044,0x1DBA23EDF50,DXGI,0,0,0,Composed: Flip,11411.4234,NA,16.25670000000000,27.78560000000000,0.15350000000000,12.73840000000000,32.1813,11395.3229,16.2540,16.1005,0.1535,15.9506,12.8883,12.8503,0.0380,-10.5381,11395.3229,NA
parkey.exe,42044,0x1DBA23EDF50,DXGI,0,0,0,Composed: Flip,11428.0627,NA,16.63930000000000,12.60690000000000,0.13590000000000,13.12960000000000,28.1489,11411.5769,16.6217,16.4858,0.1359,16.3453,13.2701,13.2476,0.0225,3.6471,11411.5769,NA
parkey.exe,42044,0x1DBA23EDF50,DXGI,0,0,0,Composed: Flip,11444.6347,NA,16.57200000000000,22.16350000000000,0.15180000000000,13.82050000000000,33.7404,11428.1986,16.5879,16.4361,0.1518,16.3042,13.9524,13.9183,0.0341,-5.5418,11428.1986,NA
parkey.exe,42044,0x1DBA23EDF50,DXGI,0,0,0,Composed: Flip,11461.7438,NA,17.10910000000000,11.18800000000000,0.16510000000000,12.48640000000000,27.8193,11444.7865,17.1224,16.9573,0.1651,16.7874,12.6563,12.6349,0.0214,5.3999,11444.7865,NA
parkey.exe,42044,0x1DBA23EDF50,DXGI,0,0,0,Composed: Flip,11478.4594,NA,16.71560000000000,16.58750000000000,0.20850000000000,13.26090000000000,27.6912,11461.9089,16.7590,16.5505,0.2085,16.2895,13.5219,13.4776,0.0443,0.5349,11461.9089,NA
parkey.exe,42044,0x1DBA23EDF50,DXGI,0,0,0,Composed: Flip,11494.8877,NA,16.42830000000000,20.81930000000000,0.14410000000000,12.83850000000000,32.0822,11478.6679,16.3639,16.2198,0.1441,16.0665,12.9918,12.9602,0.0316,-4.0603,11478.6679,NA
parkey.exe,42044,0x1DBA23EDF50,DXGI,0,0,0,Composed: Flip,11511.6986,NA,16.81090000000000,12.62780000000000,0.15410000000000,13.14230000000000,27.8991,11495.0318,16.8209,16.6668,0.1541,16.4995,13.3096,13.2838,0.0258,3.7361,11495.0318,NA
parkey.exe,42044,0x1DBA23EDF50,DXGI,0,0,0,Composed: Flip,11528.2024,NA,16.50380000000000,22.09110000000000,0.13890000000000,13.75950000000000,33.4864,11511.8527,16.4886,16.3497,0.1389,16.1898,13.9194,13.8991,0.0203,-5.2702,11511.8527,NA
parkey.exe,42044,0x1DBA23EDF50,DXGI,0,0,0,Composed: Flip,11544.7240,NA,16.52160000000000,11.26840000000000,0.15000000000000,12.60390000000000,28.2332,11528.3413,16.5327,16.3827,0.1500,16.2498,12.7368,12.7131,0.0237,5.2202,11528.3413,NA
parkey.exe,42044,0x1DBA23EDF50,DXGI,0,0,0,Composed: Flip,11561.3776,NA,16.65360000000000,16.45150000000000,0.13180000000000,13.47910000000000,28.0311,11544.8740,16.6354,16.5036,0.1318,16.3712,13.6115,13.5904,0.0211,0.0812,11544.8740,NA
parkey.exe,42044,0x1DBA23EDF50,DXGI,0,0,0,Composed: Flip,11577.9986,NA,16.62100000000000,20.88030000000000,0.13240000000000,13.82970000000000,32.2904,11561.5094,16.6216,16.4892,0.1324,16.3529,13.9660,13.9436,0.0224,-4.2449,11561.5094,NA
parkey.exe,42044,0x1DBA23EDF50,DXGI,0,0,0,Composed: Flip,11594.6707,NA,16.67210000000000,12.71020000000000,0.14000000000000,13.18900000000000,28.3285,11578.1310,16.6797,16.5397,0.1400,16.4075,13.3212,13.2847,0.0365,3.9114,11578.1310,NA
parkey.exe,42044,0x1DBA23EDF50,DXGI,0,0,0,Composed: Flip,11611.4551,NA,16.78440000000000,22.04490000000000,0.31940000000000,13.75820000000000,33.5890,11594.8107,16.9638,16.6444,0.3194,16.5082,13.8944,13.8743,0.0201,-5.3652,11594.8107,NA
parkey.exe,42044,0x1DBA23EDF50,DXGI,0,0,0,Composed: Flip,11628.4821,NA,17.02700000000000,11.31370000000000,0.13970000000000,12.84190000000000,27.8757,11611.7745,16.8473,16.7076,0.1397,16.5686,12.9809,12.9474,0.0335,5.6501,11611.7745,NA
parkey.exe,42044,0x1DBA23EDF50,DXGI,0,0,0,Composed: Flip,11644.7560,NA,16.27390000000000,16.44740000000000,0.15320000000000,13.42790000000000,28.0492,11628.6218,16.2874,16.1342,0.1532,15.9919,13.5702,13.5535,0.0167,0.3999,11628.6218,NA
parkey.exe,42044,0x1DBA23EDF50,DXGI,0,0,0,Composed: Flip,11661.4526,NA,16.69660000000000,20.82880000000000,0.17390000000000,11.58980000000000,32.1814,11644.9092,16.7173,16.5434,0.1739,16.3952,11.7380,11.7198,0.0182,-4.5414,11644.9092,NA
parkey.exe,42044,0x1DBA23EDF50,DXGI,0,0,0,Composed: Flip,11677.9744,NA,16.52180000000000,12.76520000000000,0.14350000000000,13.11160000000000,28.4248,11661.6265,16.4914,16.3479,0.1435,16.2155,13.2440,13.2183,0.0257,3.9521,11661.6265,NA
parkey.exe,42044,0x1DBA23EDF50,DXGI,0,0,0,Composed: Flip,11694.6739,NA,16.69950000000000,21.98360000000000,0.14820000000000,14.02010000000000,33.7089,11678.1179,16.7042,16.5560,0.1482,16.4256,14.1505,14.1353,0.0152,-5.4922,11678.1179,NA
parkey.exe,42044,0x1DBA23EDF50,DXGI,0,0,0,Composed: Flip,11711.1626,NA,16.48870000000000,11.37710000000000,0.12010000000000,12.60050000000000,28.5973,11694.8221,16.4606,16.3405,0.1201,16.2341,12.7069,12.6901,0.0168,5.3271,11694.8221,NA
parkey.exe,42044,0x1DBA23EDF50,DXGI,0,0,0,Composed: Flip,11728.0407,NA,16.87810000000000,16.34470000000000,0.15290000000000,13.49800000000000,28.0639,11711.2827,16.9109,16.7580,0.1529,16.6178,13.6382,13.6103,0.0279,0.1159,11711.2827,NA
parkey.exe,42044,0x1DBA23EDF50,DXGI,0,0,0,Composed: Flip,11744.5955,NA,16.55480000000000,20.89140000000000,0.12910000000000,13.50210000000000,32.4005,11728.1936,16.5310,16.4019,0.1291,16.3437,13.5603,13.5347,0.0256,-3.9805,11728.1936,NA
parkey.exe,42044,0x1DBA23EDF50,DXGI,0,0,0,Composed: Flip,11761.3768,NA,16.78130000000000,12.80450000000000,0.13200000000000,13.23830000000000,28.4237,11744.7246,16.7842,16.6522,0.1320,16.5048,13.3857,13.3582,0.0275,3.7265,11744.7246,NA
parkey.exe,42044,0x1DBA23EDF50,DXGI,0,0,0,Composed: Flip,11777.9096,NA,16.53280000000000,21.93840000000000,0.15390000000000,13.80020000000000,33.8293,11761.5088,16.5547,16.4008,0.1539,16.2618,13.9392,13.9100,0.0292,-5.1542,11761.5088,NA
parkey.exe,42044,0x1DBA23EDF50,DXGI,0,0,0,Composed: Flip,11794.4837,NA,16.57410000000000,11.41910000000000,0.13320000000000,12.66100000000000,28.6743,11778.0635,16.5534,16.4202,0.1332,16.3100,12.7712,12.7534,0.0178,5.1356,11778.0635,NA
parkey.exe,42044,0x1DBA23EDF50,DXGI,0,0,0,Composed: Flip,11811.2374,NA,16.75370000000000,16.35920000000000,0.12710000000000,13.39180000000000,28.2798,11794.6169,16.7476,16.6205,0.1271,16.4901,13.5222,13.4957,0.0265,0.1942,11794.6169,NA
parkey.exe,42044,0x1DBA23EDF50,DXGI,0,0,0,Composed: Flip,11828.4062,NA,17.16880000000000,20.81540000000000,0.14720000000000,11.51580000000000,31.9264,11811.3645,17.1889,17.0417,0.1472,16.8947,11.6628,11.5940,0.0688,-4.0678,11811.3645,NA
parkey.exe,42044,0x1DBA23EDF50,DXGI,0,0,0,Composed: Flip,11844.8294,NA,16.42320000000000,12.86990000000000,0.15240000000000,14.02730000000000,28.3731,11828.5534,16.4284,16.2760,0.1524,16.1241,14.1792,14.1553,0.0239,4.3190,11828.5534,NA
parkey.exe,42044,0x1DBA23EDF50,DXGI,0,0,0,Composed: Flip,11861.4609,NA,16.63150000000000,21.87950000000000,0.16200000000000,13.90030000000000,33.6211,11844.9818,16.6411,16.4791,0.1620,16.3374,14.0420,14.0207,0.0213,-5.4511,11844.9818,NA
parkey.exe,42044,0x1DBA23EDF50,DXGI,0,0,0,Composed: Flip,11877.9812,NA,16.52030000000000,11.48480000000000,0.13730000000000,12.68460000000000,28.5856,11861.6229,16.4956,16.3583,0.1373,16.2341,12.8088,12.7923,0.0165,5.1563,11861.6229,NA
parkey.exe,42044,0x1DBA23EDF50,DXGI,0,0,0,Composed: Flip,11894.6771,NA,16.69590000000000,16.23000000000000,0.14790000000000,13.56180000000000,28.1197,11878.1185,16.7065,16.5586,0.1479,16.4250,13.6954,13.6642,0.0312,0.2656,11878.1185,NA
parkey.exe,42044,0x1DBA23EDF50,DXGI,0,0,0,Composed: Flip,11911.5570,NA,16.87990000000000,17.12710000000000,0.16450000000000,13.93070000000000,28.3669,11894.8250,16.8965,16.7320,0.1645,16.5804,14.0823,14.0664,0.0159,-0.4206,11894.8250,NA
parkey.exe,42044,0x1DBA23EDF50,DXGI,0,0,0,Composed: Flip,11927.8305,NA,16.27350000000000,16.67630000000000,0.13430000000000,12.93770000000000,28.7697,11911.7215,16.2433,16.1090,0.1343,15.9883,13.0584,13.0376,0.0208,0.2202,11911.7215,NA
parkey.exe,42044,0x1DBA23EDF50,DXGI,0,0,0,Composed: Flip,11944.6605,NA,16.83000000000000,16.68220000000000,0.17060000000000,14.00800000000000,28.6219,11927.9648,16.8663,16.6957,0.1706,16.5616,14.1421,14.1206,0.0215,-0.4389,11927.9648,NA
parkey.exe,42044,0x1DBA23EDF50,DXGI,0,0,0,Composed: Flip,11961.3057,NA,16.64520000000000,16.67950000000000,0.13190000000000,12.59340000000000,28.6562,11944.8311,16.6065,16.4746,0.1319,16.3510,12.7170,12.6964,0.0206,0.1868,11944.8311,NA
parkey.exe,42044,0x1DBA23EDF50,DXGI,0,0,0,Composed: Flip,11978.6330,NA,17.32730000000000,16.67390000000000,0.19820000000000,13.39890000000000,28.0028,11961.4376,17.3936,17.1954,0.1982,17.0179,13.5764,13.5567,0.0197,-0.0674,11961.4376,NA
parkey.exe,42044,0x1DBA23EDF50,DXGI,0,0,0,Composed: Flip,11994.5985,NA,15.96550000000000,16.68520000000000,0.13110000000000,11.23170000000000,28.7225,11978.8312,15.8984,15.7673,0.1311,15.6407,11.3583,11.3373,0.0210,0.7084,11978.8312,NA
parkey.exe,42044,0x1DBA23EDF50,DXGI,0,0,0,Composed: Flip,12011.2354,NA,16.63690000000000,16.68350000000000,0.13630000000000,11.30900000000000,28.7691,11994.7296,16.6421,16.5058,0.1363,16.3856,11.4292,11.4082,0.0210,-0.7851,11994.7296,NA
parkey.exe,42044,0x1DBA23EDF50,DXGI,0,0,0,Composed: Flip,12027.9693,NA,16.73390000000000,16.67930000000000,0.14440000000000,13.92690000000000,28.7145,12011.3717,16.7420,16.5976,0.1444,16.4601,14.0644,14.0369,0.0275,-0.0372,12011.3717,NA
parkey.exe,42044,0x1DBA23EDF50,DXGI,0,0,0,Composed: Flip,12044.6964,NA,16.72710000000000,16.68190000000000,0.16900000000000,12.76260000000000,28.6693,12028.1137,16.7517,16.5827,0.1690,16.4175,12.9278,12.9078,0.0200,0.0601,12028.1137,NA
parkey.exe,42044,0x1DBA23EDF50,DXGI,0,0,0,Composed: Flip,12061.1904,NA,16.49400000000000,9.23490000000000,0.37550000000000,13.50550000000000,21.4102,12044.8654,16.7005,16.3250,0.3755,16.2027,13.6278,13.6004,0.0274,7.5168,12044.8654,NA
parkey.exe,42044,0x1DBA23EDF50,DXGI,0,0,0,Composed: Flip,12078.2130,NA,17.02260000000000,24.11610000000000,0.13530000000000,10.51080000000000,28.5037,12061.5659,16.7824,16.6471,0.1353,16.5158,10.6421,10.6209,0.0212,-7.4156,12061.5659,NA
parkey.exe,42044,0x1DBA23EDF50,DXGI,0,0,0,Composed: Flip,12094.6005,NA,16.38750000000000,16.69110000000000,0.14350000000000,11.33320000000000,28.8073,12078.3483,16.3957,16.2522,0.1435,16.1228,11.4626,11.4415,0.0211,0.0913,12078.3483,NA
parkey.exe,42044,0x1DBA23EDF50,DXGI,0,0,0,Composed: Flip,12111.1921,NA,16.59160000000000,16.67690000000000,0.16220000000000,13.91850000000000,28.8926,12094.7440,16.6103,16.4481,0.1622,16.3168,14.0498,13.9334,0.1164,-0.2812,12094.7440,NA
parkey.exe,42044,0x1DBA23EDF50,DXGI,0,0,0,Composed: Flip,12127.8965,NA,16.70440000000000,16.68170000000000,0.12800000000000,12.11210000000000,28.8699,12111.3543,16.6702,16.5422,0.1280,16.4252,12.2291,12.2093,0.0198,-0.0714,12111.3543,NA
parkey.exe,42044,0x1DBA23EDF50,DXGI,0,0,0,Composed: Flip,12144.6798,NA,16.78330000000000,9.19490000000000,0.15030000000000,13.59480000000000,21.2815,12128.0245,16.8056,16.6553,0.1503,16.5146,13.7355,13.7082,0.0273,7.4753,12128.0245,NA
parkey.exe,42044,0x1DBA23EDF50,DXGI,0,0,0,Composed: Flip,12161.3305,NA,16.65070000000000,24.15660000000000,0.15100000000000,10.51370000000000,28.7874,12144.8301,16.6514,16.5004,0.1510,16.3599,10.6542,10.6302,0.0240,-7.3510,12144.8301,NA
parkey.exe,42044,0x1DBA23EDF50,DXGI,0,0,0,Composed: Flip,12177.7518,NA,16.42130000000000,16.69200000000000,0.12820000000000,11.28080000000000,29.0581,12161.4815,16.3985,16.2703,0.1282,16.1503,11.4008,11.3793,0.0215,-0.0406,12161.4815,NA
parkey.exe,42044,0x1DBA23EDF50,DXGI,0,0,0,Composed: Flip,12194.7327,NA,16.98090000000000,16.68020000000000,0.15970000000000,14.02770000000000,28.7574,12177.8800,17.0124,16.8527,0.1597,16.7026,14.1778,14.1505,0.0273,-0.2817,12177.8800,NA
parkey.exe,42044,0x1DBA23EDF50,DXGI,0,0,0,Composed: Flip,12211.5845,NA,16.85180000000000,16.69650000000000,0.16550000000000,12.71590000000000,28.6021,12194.8924,16.8576,16.6921,0.1655,16.5246,12.8834,12.8648,0.0186,0.3159,12194.8924,NA
parkey.exe,42044,0x1DBA23EDF50,DXGI,0,0,0,Composed: Flip,12228.0010,NA,16.41650000000000,9.10920000000000,0.18220000000000,13.54750000000000,21.2948,12211.7500,16.4332,16.2510,0.1822,16.1089,13.6896,13.6582,0.0314,7.7484,12211.7500,NA
parkey.exe,42044,0x1DBA23EDF50,DXGI,0,0,0,Composed: Flip,12244.9566,NA,16.95560000000000,27.79170000000000,0.15040000000000,12.80810000000000,32.1309,12228.1832,16.9238,16.7734,0.1504,16.6028,12.9787,12.9221,0.0566,-11.3585,12228.1832,NA
parkey.exe,42044,0x1DBA23EDF50,DXGI,0,0,0,Composed: Flip,12261.2100,NA,16.25340000000000,13.13030000000000,0.12520000000000,13.16850000000000,29.0078,12245.1070,16.2282,16.1030,0.1252,15.9859,13.2856,13.2630,0.0226,3.7935,12245.1070,NA
parkey.exe,42044,0x1DBA23EDF50,DXGI,0,0,0,Composed: Flip,12278.0096,NA,16.79960000000000,21.58670000000000,0.15260000000000,13.90630000000000,33.7949,12261.3352,16.8270,16.6744,0.1526,16.5195,14.0612,14.0324,0.0288,-5.3585,12261.3352,NA
parkey.exe,42044,0x1DBA23EDF50,DXGI,0,0,0,Composed: Flip,12294.6682,NA,16.65860000000000,11.76410000000000,0.15010000000000,12.60730000000000,28.9004,12278.1622,16.6561,16.5060,0.1501,16.3807,12.7326,12.7144,0.0182,5.0629,12278.1622,NA
parkey.exe,42044,0x1DBA23EDF50,DXGI,0,0,0,Composed: Flip,12311.2539,NA,16.58570000000000,16.01240000000000,0.11900000000000,13.49890000000000,28.3271,12294.8183,16.5546,16.4356,0.1190,16.3280,13.6065,13.5752,0.0313,0.6437,12294.8183,NA
parkey.exe,42044,0x1DBA23EDF50,DXGI,0,0,0,Composed: Flip,12328.3445,NA,17.09060000000000,17.35650000000000,0.13070000000000,11.66270000000000,28.5930,12311.3729,17.1023,16.9716,0.1307,16.8526,11.7817,11.7617,0.0200,-0.8019,12311.3729,NA
parkey.exe,42044,0x1DBA23EDF50,DXGI,0,0,0,Composed: Flip,12344.6620,NA,16.31750000000000,16.67120000000000,0.14850000000000,12.75510000000000,28.9467,12328.4752,16.3353,16.1868,0.1485,16.0490,12.8929,12.8703,0.0226,0.4311,12328.4752,NA
parkey.exe,42044,0x1DBA23EDF50,DXGI,0,0,0,Composed: Flip,12361.1703,NA,16.50830000000000,21.56570000000000,0.15420000000000,13.72700000000000,34.0041,12344.8105,16.5140,16.3598,0.1542,16.2374,13.8494,13.8164,0.0330,-5.2304,12344.8105,NA
parkey.exe,42044,0x1DBA23EDF50,DXGI,0,0,0,Composed: Flip,12378.2900,NA,17.11970000000000,11.79690000000000,0.16880000000000,12.06370000000000,28.6813,12361.3245,17.1343,16.9655,0.1688,16.7943,12.2349,12.2115,0.0234,4.7171,12361.3245,NA
parkey.exe,42044,0x1DBA23EDF50,DXGI,0,0,0,Composed: Flip,12394.8787,NA,16.58870000000000,15.91920000000000,0.14800000000000,13.58000000000000,28.0118,12378.4588,16.5679,16.4199,0.1480,16.2730,13.7269,13.7052,0.0217,1.2151,12378.4588,NA
parkey.exe,42044,0x1DBA23EDF50,DXGI,0,0,0,Composed: Flip,12411.6233,NA,16.74460000000000,17.44150000000000,0.17700000000000,13.94600000000000,28.7087,12395.0267,16.7736,16.5966,0.1770,16.4202,14.1224,14.0989,0.0235,-0.8736,12395.0267,NA
parkey.exe,42044,0x1DBA23EDF50,DXGI,0,0,0,Composed: Flip,12428.1688,NA,16.54550000000000,16.67910000000000,0.14170000000000,13.23540000000000,28.8423,12411.8003,16.5102,16.3685,0.1417,16.2265,13.3774,13.3450,0.0324,0.0945,12411.8003,NA
parkey.exe,42044,0x1DBA23EDF50,DXGI,0,0,0,Composed: Flip,12444.6808,NA,16.51200000000000,16.67670000000000,0.15210000000000,13.85130000000000,29.0070,12428.3105,16.5224,16.3703,0.1521,16.2396,13.9820,13.9525,0.0295,-0.1665,12428.3105,NA
parkey.exe,42044,0x1DBA23EDF50,DXGI,0,0,0,Composed: Flip,12461.4225,NA,16.74170000000000,16.68040000000000,0.13730000000000,12.11820000000000,28.9457,12444.8329,16.7269,16.5896,0.1373,16.4531,12.2547,12.2355,0.0192,-0.1580,12444.8329,NA
parkey.exe,42044,0x1DBA23EDF50,DXGI,0,0,0,Composed: Flip,12478.1466,NA,16.72410000000000,8.97370000000000,0.18440000000000,13.10890000000000,21.1953,12461.5598,16.7712,16.5868,0.1844,16.4324,13.2633,13.2373,0.0260,7.7532,12461.5598,NA
parkey.exe,42044,0x1DBA23EDF50,DXGI,0,0,0,Composed: Flip,12495.2298,NA,17.08320000000000,24.38200000000000,0.15370000000000,10.62630000000000,28.4941,12478.3310,17.0525,16.8988,0.1537,16.7350,10.7901,10.7676,0.0225,-7.6108,12478.3310,NA
parkey.exe,42044,0x1DBA23EDF50,DXGI,0,0,0,Composed: Flip,12511.5312,NA,16.30140000000000,16.68380000000000,0.12840000000000,13.06600000000000,28.8765,12495.3835,16.2761,16.1477,0.1284,16.0293,13.1844,13.1671,0.0173,0.3687,12495.3835,NA
parkey.exe,42044,0x1DBA23EDF50,DXGI,0,0,0,Composed: Flip,12528.2134,NA,16.68220000000000,16.67760000000000,0.15870000000000,13.72800000000000,28.8719,12511.6596,16.7125,16.5538,0.1587,16.3712,13.9106,13.8825,0.0281,-0.4015,12511.6596,NA
parkey.exe,42044,0x1DBA23EDF50,DXGI,0,0,0,Composed: Flip,12544.8802,NA,16.66680000000000,16.68580000000000,0.19030000000000,12.58760000000000,28.8909,12528.3721,16.6984,16.5081,0.1903,16.3609,12.7348,12.7178,0.0170,0.0267,12528.3721,NA
parkey.exe,42044,0x1DBA23EDF50,DXGI,0,0,0,Composed: Flip,12561.5796,NA,16.69940000000000,8.93110000000000,0.16380000000000,13.53740000000000,21.1226,12545.0705,16.6729,16.5091,0.1638,16.3515,13.6950,13.6624,0.0326,7.7673,12545.0705,NA
parkey.exe,42044,0x1DBA23EDF50,DXGI,0,0,0,Composed: Flip,12578.1338,NA,16.55420000000000,24.43790000000000,0.14400000000000,10.93050000000000,29.0063,12561.7434,16.5344,16.3904,0.1440,16.2387,11.0822,11.0633,0.0189,-7.7650,12561.7434,NA
parkey.exe,42044,0x1DBA23EDF50,DXGI,0,0,0,Composed: Flip,12594.6676,NA,16.53380000000000,16.67280000000000,0.14730000000000,13.11020000000000,29.1453,12578.2778,16.5371,16.3898,0.1473,16.2411,13.2589,13.2363,0.0226,-0.1384,12578.2778,NA
parkey.exe,42044,0x1DBA23EDF50,DXGI,0,0,0,Composed: Flip,12611.3424,NA,16.67480000000000,16.68550000000000,0.16850000000000,13.82180000000000,29.1560,12594.8149,16.6960,16.5275,0.1685,16.3954,13.9539,13.9256,0.0283,-0.1484,12594.8149,NA
parkey.exe,42044,0x1DBA23EDF50,DXGI,0,0,0,Composed: Flip,12627.9238,NA,16.58140000000000,16.67680000000000,0.15280000000000,12.14430000000000,29.2514,12611.5109,16.5657,16.4129,0.1528,16.2834,12.2738,12.2554,0.0184,0.0192,12611.5109,NA
parkey.exe,42044,0x1DBA23EDF50,DXGI,0,0,0,Composed: Flip,12644.6885,NA,16.76470000000000,8.85090000000000,0.14980000000000,13.14120000000000,21.3376,12628.0766,16.7617,16.6119,0.1498,16.4650,13.2881,13.2622,0.0259,7.7148,12628.0766,NA
parkey.exe,42044,0x1DBA23EDF50,DXGI,0,0,0,Composed: Flip,12661.3702,NA,16.68170000000000,24.50700000000000,0.15550000000000,10.63350000000000,29.1629,12644.8383,16.6874,16.5319,0.1555,16.3946,10.7708,10.7507,0.0201,-7.7453,12644.8383,NA
parkey.exe,42044,0x1DBA23EDF50,DXGI,0,0,0,Composed: Flip,12677.8843,NA,16.51410000000000,16.67820000000000,0.14100000000000,13.15080000000000,29.3270,12661.5257,16.4996,16.3586,0.1410,16.2326,13.2768,13.2539,0.0229,0.0092,12661.5257,NA
parkey.exe,42044,0x1DBA23EDF50,DXGI,0,0,0,Composed: Flip,12694.9522,NA,17.06790000000000,16.67650000000000,0.18140000000000,13.50150000000000,28.9356,12678.0253,17.1083,16.9269,0.1814,16.3609,14.0675,14.0159,0.0516,-0.1769,12678.0253,NA
parkey.exe,42044,0x1DBA23EDF50,DXGI,0,0,0,Composed: Flip,12711.3766,NA,16.42440000000000,16.69300000000000,0.13740000000000,12.72210000000000,29.2042,12695.1336,16.3804,16.2430,0.1374,16.1180,12.8471,12.8298,0.0173,0.4153,12695.1336,NA
parkey.exe,42044,0x1DBA23EDF50,DXGI,0,0,0,Composed: Flip,12727.8580,NA,16.48140000000000,8.80240000000000,0.13740000000000,13.18760000000000,21.5252,12711.5140,16.4814,16.3440,0.1374,16.2114,13.3202,13.2938,0.0264,7.5780,12711.5140,NA
parkey.exe,42044,0x1DBA23EDF50,DXGI,0,0,0,Composed: Flip,12744.6166,NA,16.75860000000000,24.54550000000000,0.13060000000000,10.95310000000000,29.3121,12727.9954,16.7518,16.6212,0.1306,16.4757,11.0986,11.0778,0.0208,-8.0641,12727.9954,NA
parkey.exe,42044,0x1DBA23EDF50,DXGI,0,0,0,Composed: Flip,12761.2493,NA,16.63270000000000,16.74400000000000,0.14510000000000,13.15640000000000,29.4234,12744.7472,16.6472,16.5021,0.1451,16.3806,13.2779,13.2598,0.0181,0.0078,12744.7472,NA
parkey.exe,42044,0x1DBA23EDF50,DXGI,0,0,0,Composed: Flip,12777.7846,NA,16.53530000000000,16.62200000000000,0.14140000000000,13.40550000000000,29.5101,12761.3944,16.5316,16.3902,0.1414,16.2671,13.5286,13.5039,0.0247,0.0252,12761.3944,NA
parkey.exe,42044,0x1DBA23EDF50,DXGI,0,0,0,Composed: Flip,12794.6224,NA,16.83780000000000,16.67650000000000,0.16790000000000,12.13690000000000,29.3488,12777.9260,16.8643,16.6964,0.1679,16.5413,12.2920,12.2690,0.0230,-0.1449,12777.9260,NA
parkey.exe,42044,0x1DBA23EDF50,DXGI,0,0,0,Composed: Flip,12811.1301,NA,16.50770000000000,8.77630000000000,0.12090000000000,13.11450000000000,21.6174,12794.7903,16.4607,16.3398,0.1209,16.2235,13.2308,13.2096,0.0212,8.0880,12794.7903,NA
parkey.exe,42044,0x1DBA23EDF50,DXGI,0,0,0,Composed: Flip,12828.2103,NA,17.08020000000000,24.58220000000000,0.14800000000000,10.06150000000000,29.1194,12811.2510,17.1073,16.9593,0.1480,16.8084,10.2124,10.1917,0.0207,-8.1215,12811.2510,NA
parkey.exe,42044,0x1DBA23EDF50,DXGI,0,0,0,Composed: Flip,12844.5355,NA,16.32520000000000,16.68460000000000,0.13830000000000,13.08820000000000,29.4788,12828.3583,16.3155,16.1772,0.1383,16.0530,13.2124,13.1919,0.0205,0.4227,12828.3583,NA
parkey.exe,42044,0x1DBA23EDF50,DXGI,0,0,0,Composed: Flip,12861.6171,NA,17.08160000000000,16.69680000000000,0.16930000000000,13.81650000000000,29.0940,12844.6738,17.1126,16.9433,0.1693,16.7869,13.9729,13.9208,0.0521,-0.3813,12844.6738,NA
parkey.exe,42044,0x1DBA23EDF50,DXGI,0,0,0,Composed: Flip,12878.2987,NA,16.68160000000000,NA,0.15980000000000,12.54620000000000,NA,12861.7864,16.6721,16.5123,0.1598,16.3438,12.7147,12.6794,0.0353,NA,NA,NA
parkey.exe,42044,0x1DBA23EDF50,DXGI,0,0,0,Composed: Flip,12895.2959,NA,16.99720000000000,32.32780000000000,0.18950000000000,14.27790000000000,27.7430,12878.4585,17.0269,16.8374,0.1895,16.5780,14.5373,14.5071,0.0302,1.4569,12878.4585,NA
parkey.exe,42044,0x1DBA23EDF50,DXGI,0,0,0,Composed: Flip,12911.7380,NA,16.44210000000000,17.69990000000000,0.17790000000000,11.70780000000000,29.0008,12895.4854,16.4305,16.2526,0.1779,16.0832,11.8772,11.8413,0.0359,-0.6730,12895.4854,NA
parkey.exe,42044,0x1DBA23EDF50,DXGI,0,0,0,Composed: Flip,12928.2128,NA,16.47480000000000,16.67150000000000,0.15650000000000,13.10810000000000,29.1975,12911.9159,16.4534,16.2969,0.1565,16.1506,13.2544,13.2290,0.0254,-0.2410,12911.9159,NA
parkey.exe,42044,0x1DBA23EDF50,DXGI,0,0,0,Composed: Flip,12944.6652,NA,16.45240000000000,16.68290000000000,0.15310000000000,13.79420000000000,29.4280,12928.3693,16.4490,16.2959,0.1531,16.1601,13.9300,13.8869,0.0431,-0.2295,12928.3693,NA
parkey.exe,42044,0x1DBA23EDF50,DXGI,0,0,0,Composed: Flip,12961.6418,NA,16.97660000000000,16.69430000000000,0.15290000000000,11.45700000000000,29.1457,12944.8183,16.9764,16.8235,0.1529,16.6794,11.6011,11.5821,0.0190,-0.2453,12944.8183,NA
parkey.exe,42044,0x1DBA23EDF50,DXGI,0,0,0,Composed: Flip,12977.7705,NA,16.12870000000000,15.52960000000000,0.16060000000000,13.00680000000000,28.5466,12961.7947,16.1364,15.9758,0.1606,15.8530,13.1296,13.1099,0.0197,1.4468,12961.7947,NA
parkey.exe,42044,0x1DBA23EDF50,DXGI,0,0,0,Composed: Flip,12994.9140,NA,17.14350000000000,17.82060000000000,0.15150000000000,11.01470000000000,29.2237,12977.9311,17.1344,16.9829,0.1515,16.8101,11.1875,11.1648,0.0227,-1.6842,12977.9311,NA
parkey.exe,42044,0x1DBA23EDF50,DXGI,0,0,0,Composed: Flip,13011.1131,NA,16.19910000000000,16.68230000000000,0.12620000000000,13.06270000000000,29.7069,12995.0655,16.1738,16.0476,0.1262,15.9386,13.1717,13.1510,0.0207,0.4521,12995.0655,NA
parkey.exe,42044,0x1DBA23EDF50,DXGI,0,0,0,Composed: Flip,13028.1000,NA,16.98690000000000,16.67480000000000,0.15070000000000,13.21930000000000,29.3948,13011.2393,17.0114,16.8607,0.1507,16.7071,13.3729,13.3405,0.0324,-0.5010,13011.2393,NA
parkey.exe,42044,0x1DBA23EDF50,DXGI,0,0,0,Composed: Flip,13044.7683,NA,16.66830000000000,16.68080000000000,0.15940000000000,11.40760000000000,29.4073,13028.2507,16.6770,16.5176,0.1594,16.3805,11.5447,11.5222,0.0225,0.3306,13028.2507,NA
parkey.exe,42044,0x1DBA23EDF50,DXGI,0,0,0,Composed: Flip,13061.2625,NA,16.49420000000000,16.67470000000000,0.12960000000000,13.13030000000000,29.5878,13044.9277,16.4644,16.3348,0.1296,16.1900,13.2751,13.2591,0.0160,0.0023,13044.9277,NA
parkey.exe,42044,0x1DBA23EDF50,DXGI,0,0,0,Composed: Flip,13077.8747,NA,16.61220000000000,16.68280000000000,0.13460000000000,11.28550000000000,29.6584,13061.3921,16.6172,16.4826,0.1346,16.3517,11.4164,11.3977,0.0187,-0.2184,13061.3921,NA
parkey.exe,42044,0x1DBA23EDF50,DXGI,0,0,0,Composed: Flip,13094.7585,NA,16.88380000000000,16.74150000000000,0.20720000000000,13.25830000000000,29.5161,13078.0093,16.9564,16.7492,0.2072,16.7921,13.2154,13.1934,0.0220,-0.1243,13078.0093,NA
parkey.exe,42044,0x1DBA23EDF50,DXGI,0,0,0,Composed: Flip,13111.4610,NA,16.70250000000000,16.63070000000000,0.17270000000000,13.33470000000000,29.4443,13094.9657,16.6680,16.4953,0.1727,16.3448,13.4852,13.4354,0.0498,0.3257,13094.9657,NA
parkey.exe,42044,0x1DBA23EDF50,DXGI,0,0,0,Composed: Flip,13128.3373,NA,16.87630000000000,16.66760000000000,0.14660000000000,13.80070000000000,29.2356,13111.6337,16.8502,16.7036,0.1466,16.5358,13.9685,13.9372,0.0313,0.0004,13111.6337,NA
parkey.exe,42044,0x1DBA23EDF50,DXGI,0,0,0,Composed: Flip,13144.7008,NA,16.36350000000000,15.43980000000000,0.15490000000000,13.00250000000000,28.3119,13128.4839,16.3718,16.2169,0.1549,16.0777,13.1417,13.1265,0.0152,1.4104,13128.4839,NA
parkey.exe,42044,0x1DBA23EDF50,DXGI,0,0,0,Composed: Flip,13161.4242,NA,16.72340000000000,17.91910000000000,0.16750000000000,10.53470000000000,29.5076,13144.8557,16.7360,16.5685,0.1675,16.4196,10.6836,10.6631,0.0205,-1.5473,13144.8557,NA
parkey.exe,42044,0x1DBA23EDF50,DXGI,0,0,0,Composed: Flip,13177.7613,NA,16.33710000000000,16.69840000000000,0.13230000000000,13.08610000000000,29.8689,13161.5917,16.3019,16.1696,0.1323,16.0628,13.1929,13.1692,0.0237,0.0376,13161.5917,NA
parkey.exe,42044,0x1DBA23EDF50,DXGI,0,0,0,Composed: Flip,13194.8419,NA,17.08060000000000,16.65840000000000,0.16300000000000,13.39180000000000,29.4467,13177.8936,17.1113,16.9483,0.1630,16.7917,13.5484,13.5226,0.0258,-0.3565,13177.8936,NA
parkey.exe,42044,0x1DBA23EDF50,DXGI,0,0,0,Composed: Flip,13211.4383,NA,16.59640000000000,16.68430000000000,0.14170000000000,11.38930000000000,29.5346,13195.0049,16.5751,16.4334,0.1417,16.2905,11.5322,11.5062,0.0260,0.4270,13195.0049,NA
parkey.exe,42044,0x1DBA23EDF50,DXGI,0,0,0,Composed: Flip,13227.8763,NA,16.43800000000000,15.38650000000000,0.15730000000000,13.09190000000000,28.4831,13211.5800,16.4536,16.2963,0.1573,16.1847,13.2035,13.1819,0.0216,1.1886,13211.5800,NA
parkey.exe,42044,0x1DBA23EDF50,DXGI,0,0,0,Composed: Flip,13244.6470,NA,16.77070000000000,17.97320000000000,0.13800000000000,11.10190000000000,29.6856,13228.0336,16.7514,16.6134,0.1380,16.4682,11.2471,11.2253,0.0218,-1.5196,13228.0336,NA
parkey.exe,42044,0x1DBA23EDF50,DXGI,0,0,0,Composed: Flip,13261.1923,NA,16.54530000000000,16.68380000000000,0.13670000000000,12.65960000000000,29.8241,13244.7850,16.5440,16.4073,0.1367,16.2856,12.7813,12.7617,0.0196,0.0676,13244.7850,NA
parkey.exe,42044,0x1DBA23EDF50,DXGI,0,0,0,Composed: Flip,13277.8443,NA,16.65200000000000,16.67830000000000,0.14180000000000,13.34130000000000,29.8504,13261.3290,16.6571,16.5153,0.1418,16.3881,13.4685,13.4475,0.0210,-0.1343,13261.3290,NA
parkey.exe,42044,0x1DBA23EDF50,DXGI,0,0,0,Composed: Flip,13294.6556,NA,16.81130000000000,16.68500000000000,0.17370000000000,11.36110000000000,29.7241,13277.9861,16.8432,16.6695,0.1737,16.5274,11.5032,11.4830,0.0202,-0.0279,13277.9861,NA
parkey.exe,42044,0x1DBA23EDF50,DXGI,0,0,0,Composed: Flip,13311.2396,NA,16.58400000000000,15.33200000000000,0.12790000000000,13.05650000000000,28.4721,13294.8293,16.5382,16.4103,0.1279,16.2652,13.2016,13.1832,0.0184,1.5112,13294.8293,NA
parkey.exe,42044,0x1DBA23EDF50,DXGI,0,0,0,Composed: Flip,13328.1982,NA,16.95860000000000,18.02750000000000,0.14700000000000,9.69460000000000,29.5410,13311.3675,16.9777,16.8307,0.1470,16.6689,9.8564,9.8343,0.0221,-1.4893,13311.3675,NA
parkey.exe,42044,0x1DBA23EDF50,DXGI,0,0,0,Composed: Flip,13344.7015,NA,16.50330000000000,16.69210000000000,0.15470000000000,12.95910000000000,29.7298,13328.3452,16.5110,16.3563,0.1547,16.2162,13.0992,13.0787,0.0205,0.2856,13328.3452,NA
parkey.exe,42044,0x1DBA23EDF50,DXGI,0,0,0,Composed: Flip,13361.4044,NA,16.70290000000000,16.66800000000000,0.18910000000000,13.85180000000000,29.6949,13344.8562,16.7373,16.5482,0.1891,16.3813,14.0187,14.0011,0.0176,-0.1570,13344.8562,NA
parkey.exe,42044,0x1DBA23EDF50,DXGI,0,0,0,Composed: Flip,13378.1448,NA,16.74040000000000,16.68810000000000,0.14380000000000,11.31630000000000,29.6426,13361.5935,16.6951,16.5513,0.1438,16.4102,11.4574,11.4391,0.0183,0.0492,13361.5935,NA
parkey.exe,42044,0x1DBA23EDF50,DXGI,0,0,0,Composed: Flip,13394.4643,NA,16.31950000000000,15.28690000000000,0.14410000000000,13.16730000000000,28.6100,13378.2886,16.3198,16.1757,0.1441,16.0582,13.2848,13.2580,0.0268,1.4082,13378.2886,NA
parkey.exe,42044,0x1DBA23EDF50,DXGI,0,0,0,Composed: Flip,13411.5667,NA,17.10240000000000,18.07440000000000,0.17010000000000,11.53000000000000,29.5820,13394.6084,17.1284,16.9583,0.1701,16.7617,11.7266,11.7043,0.0223,-1.7546,13394.6084,NA
parkey.exe,42044,0x1DBA23EDF50,DXGI,0,0,0,Composed: Flip,13427.9844,NA,16.41770000000000,16.65370000000000,0.13670000000000,13.16210000000000,29.8180,13411.7368,16.3843,16.2476,0.1367,16.1195,13.2902,13.2707,0.0195,0.4747,13411.7368,NA
parkey.exe,42044,0x1DBA23EDF50,DXGI,0,0,0,Composed: Flip,13444.5004,NA,16.51600000000000,16.70470000000000,0.14510000000000,13.36050000000000,30.0067,13428.1211,16.5244,16.3793,0.1451,16.4299,13.3099,13.2908,0.0191,-0.3204,13428.1211,NA
parkey.exe,42044,0x1DBA23EDF50,DXGI,0,0,0,Composed: Flip,13461.2634,NA,16.76300000000000,16.66760000000000,0.13010000000000,11.40690000000000,29.9113,13444.6455,16.7480,16.6179,0.1301,16.4858,11.5390,11.5200,0.0190,-0.1432,13444.6455,NA
parkey.exe,42044,0x1DBA23EDF50,DXGI,0,0,0,Composed: Flip,13478.1473,NA,16.88390000000000,15.23400000000000,0.18880000000000,12.96520000000000,28.2614,13461.3935,16.9426,16.7538,0.1888,16.6052,13.1138,13.0915,0.0223,1.5140,13461.3935,NA
parkey.exe,42044,0x1DBA23EDF50,DXGI,0,0,0,Composed: Flip,13494.4895,NA,16.34220000000000,18.13790000000000,0.12810000000000,10.60980000000000,30.0571,13478.3361,16.2815,16.1534,0.1281,16.0358,10.7274,10.7031,0.0243,-1.1953,13478.3361,NA
parkey.exe,42044,0x1DBA23EDF50,DXGI,0,0,0,Composed: Flip,13511.6320,NA,17.14250000000000,16.58940000000000,0.16020000000000,13.13000000000000,29.5040,13494.6176,17.1746,17.0144,0.1602,16.8506,13.2938,13.2731,0.0207,-0.3079,13494.6176,NA
parkey.exe,42044,0x1DBA23EDF50,DXGI,0,0,0,Composed: Flip,13528.3978,NA,16.76580000000000,16.76120000000000,0.29010000000000,12.80920000000000,29.4994,13511.7922,16.8957,16.6056,0.2901,16.3622,13.0526,13.0275,0.0251,0.4134,13511.7922,NA
parkey.exe,42044,0x1DBA23EDF50,DXGI,0,0,0,Composed: Flip,13545.0814,NA,16.68360000000000,16.67980000000000,0.19800000000000,11.29530000000000,29.4956,13528.6879,16.5915,16.3935,0.1980,16.2143,11.4745,11.4551,0.0194,0.2159,13528.6879,NA
parkey.exe,42044,0x1DBA23EDF50,DXGI,0,0,0,Composed: Flip,13561.3717,NA,16.29030000000000,15.18480000000000,0.17200000000000,13.05320000000000,28.3901,13545.2794,16.2643,16.0923,0.1720,15.9460,13.1995,13.1740,0.0255,1.4067,13545.2794,NA
parkey.exe,42044,0x1DBA23EDF50,DXGI,0,0,0,Composed: Flip,13578.4052,NA,17.03350000000000,18.17300000000000,0.15160000000000,9.68280000000000,29.5296,13561.5437,17.0131,16.8615,0.1516,16.6773,9.8670,9.8441,0.0229,-1.9087,13561.5437,NA
parkey.exe,42044,0x1DBA23EDF50,DXGI,0,0,0,Composed: Flip,13594.7036,NA,16.29840000000000,16.54300000000000,0.14760000000000,13.06760000000000,29.7742,13578.5568,16.2944,16.1468,0.1476,15.9997,13.2147,13.1905,0.0242,0.4701,13578.5568,NA
parkey.exe,42044,0x1DBA23EDF50,DXGI,0,0,0,Composed: Flip,13611.1511,NA,16.44750000000000,16.82320000000000,0.15970000000000,13.16050000000000,30.1499,13594.8512,16.4596,16.2999,0.1597,16.1679,13.2925,13.2691,0.0234,-0.5288,13594.8512,NA
parkey.exe,42044,0x1DBA23EDF50,DXGI,0,0,0,Composed: Flip,13627.8241,NA,16.67300000000000,16.68330000000000,0.12500000000000,11.43590000000000,30.1602,13611.3108,16.6383,16.5133,0.1250,16.4002,11.5490,11.5272,0.0218,-0.2237,13611.3108,NA
parkey.exe,42044,0x1DBA23EDF50,DXGI,0,0,0,Composed: Flip,13644.5534,NA,16.72930000000000,15.11690000000000,0.14020000000000,12.97620000000000,28.5478,13627.9491,16.7445,16.6043,0.1402,16.4709,13.1096,13.0870,0.0226,1.5214,13627.9491,NA
parkey.exe,42044,0x1DBA23EDF50,DXGI,0,0,0,Composed: Flip,13661.3961,NA,16.84270000000000,18.24240000000000,0.15560000000000,9.70060000000000,29.9475,13644.6936,16.8581,16.7025,0.1556,16.5575,9.8456,9.8216,0.0240,-1.4979,13644.6936,NA
parkey.exe,42044,0x1DBA23EDF50,DXGI,0,0,0,Composed: Flip,13677.7390,NA,16.34290000000000,16.48380000000000,0.12790000000000,12.97930000000000,30.0884,13661.5517,16.3152,16.1873,0.1279,16.0847,13.0819,13.0597,0.0222,0.3743,13661.5517,NA
parkey.exe,42044,0x1DBA23EDF50,DXGI,0,0,0,Composed: Flip,13695.1560,NA,17.41700000000000,16.87180000000000,0.16080000000000,13.88950000000000,29.5432,13677.8669,17.4499,17.2891,0.1608,17.1265,14.0521,14.0276,0.0245,-0.5566,13677.8669,NA
parkey.exe,42044,0x1DBA23EDF50,DXGI,0,0,0,Composed: Flip,13711.3336,NA,16.17760000000000,16.68600000000000,0.13720000000000,12.43580000000000,30.0516,13695.3168,16.1540,16.0168,0.1372,15.8838,12.5688,12.5506,0.0182,0.7639,13695.3168,NA
parkey.exe,42044,0x1DBA23EDF50,DXGI,0,0,0,Composed: Flip,13727.6927,NA,16.35910000000000,8.18180000000000,0.13670000000000,13.25750000000000,21.8743,13711.4708,16.3586,16.2219,0.1367,16.1190,13.3604,13.3381,0.0223,7.9722,13711.4708,NA
parkey.exe,42044,0x1DBA23EDF50,DXGI,0,0,0,Composed: Flip,13745.0056,NA,17.31290000000000,25.17170000000000,0.15780000000000,12.05070000000000,29.7331,13727.8294,17.3340,17.1762,0.1578,17.0006,12.2263,12.2045,0.0218,-8.8131,13727.8294,NA
parkey.exe,42044,0x1DBA23EDF50,DXGI,0,0,0,Composed: Flip,13761.4537,NA,16.44810000000000,16.45070000000000,0.15370000000000,12.96150000000000,29.7357,13745.1634,16.4440,16.2903,0.1537,16.1313,13.1205,13.1007,0.0198,0.8833,13745.1634,NA
parkey.exe,42044,0x1DBA23EDF50,DXGI,0,0,0,Composed: Flip,13777.7592,NA,16.30550000000000,16.91690000000000,0.13640000000000,13.19630000000000,30.3471,13761.6074,16.2882,16.1518,0.1364,16.0295,13.3186,13.2974,0.0212,-0.4729,13761.6074,NA
parkey.exe,42044,0x1DBA23EDF50,DXGI,0,0,0,Composed: Flip,13794.7790,NA,17.01980000000000,16.67810000000000,0.15960000000000,11.45560000000000,30.0054,13777.8956,17.0430,16.8834,0.1596,16.7362,11.6028,11.4936,0.1092,-0.3899,13777.8956,NA
parkey.exe,42044,0x1DBA23EDF50,DXGI,0,0,0,Composed: Flip,13810.9838,NA,16.20480000000000,15.02150000000000,0.13130000000000,13.15060000000000,28.8221,13794.9386,16.1765,16.0452,0.1313,15.9368,13.2590,13.2438,0.0152,2.0215,13794.9386,NA
parkey.exe,42044,0x1DBA23EDF50,DXGI,0,0,0,Composed: Flip,13827.9418,NA,16.95800000000000,18.34500000000000,0.13080000000000,9.64990000000000,30.2091,13811.1151,16.9575,16.8267,0.1308,16.6339,9.8427,9.8208,0.0219,-2.1685,13811.1151,NA
parkey.exe,42044,0x1DBA23EDF50,DXGI,0,0,0,Composed: Flip,13844.4391,NA,16.49730000000000,16.37870000000000,0.12430000000000,13.05100000000000,30.0905,13828.0726,16.4908,16.3665,0.1243,16.2468,13.1707,13.1525,0.0182,0.5788,13828.0726,NA
parkey.exe,42044,0x1DBA23EDF50,DXGI,0,0,0,Composed: Flip,13861.3470,NA,16.90790000000000,16.97250000000000,0.18410000000000,13.09580000000000,30.1551,13844.5634,16.9677,16.7836,0.1841,16.6354,13.2440,13.2225,0.0215,-0.4817,13844.5634,NA
parkey.exe,42044,0x1DBA23EDF50,DXGI,0,0,0,Composed: Flip,13877.9723,NA,16.62530000000000,16.68500000000000,0.13880000000000,11.46590000000000,30.2148,13861.5311,16.5800,16.4412,0.1388,16.3053,11.6018,11.5802,0.0216,0.2827,13861.5311,NA
parkey.exe,42044,0x1DBA23EDF50,DXGI,0,0,0,Composed: Flip,13894.8419,NA,16.86960000000000,16.67980000000000,0.15670000000000,13.21360000000000,30.0250,13878.1111,16.8875,16.7308,0.1567,16.5741,13.3703,13.3495,0.0208,-0.0998,13878.1111,NA
parkey.exe,42044,0x1DBA23EDF50,DXGI,0,0,0,Composed: Flip,13911.4083,NA,16.56640000000000,16.67410000000000,0.16270000000000,11.07380000000000,30.1327,13894.9986,16.5724,16.4097,0.1627,16.2677,11.2158,11.1947,0.0211,0.2134,13894.9986,NA
parkey.exe,42044,0x1DBA23EDF50,DXGI,0,0,0,Composed: Flip,13928.0889,NA,16.68060000000000,16.33880000000000,0.14880000000000,12.98310000000000,29.7909,13911.5710,16.6667,16.5179,0.1488,16.3726,13.1284,13.1114,0.0170,0.2336,13911.5710,NA
parkey.exe,42044,0x1DBA23EDF50,DXGI,0,0,0,Composed: Flip,13944.3985,NA,16.30960000000000,17.02700000000000,0.13700000000000,13.21590000000000,30.5083,13928.2377,16.2978,16.1608,0.1370,16.0464,13.3303,13.3095,0.0208,-0.3603,13928.2377,NA
parkey.exe,42044,0x1DBA23EDF50,DXGI,0,0,0,Composed: Flip,13961.0706,NA,16.67210000000000,16.67460000000000,0.13830000000000,11.43280000000000,30.5108,13944.5355,16.6734,16.5351,0.1383,16.4099,11.5580,11.5367,0.0213,-0.3768,13944.5355,NA
parkey.exe,42044,0x1DBA23EDF50,DXGI,0,0,0,Composed: Flip,13977.8473,NA,16.77670000000000,16.68630000000000,0.14700000000000,13.02260000000000,30.4204,13961.2089,16.7854,16.6384,0.1470,16.4937,13.1673,13.1471,0.0202,-0.0129,13961.2089,NA
parkey.exe,42044,0x1DBA23EDF50,DXGI,0,0,0,Composed: Flip,13994.4444,NA,16.59710000000000,16.67530000000000,0.13010000000000,10.93670000000000,30.4986,13977.9943,16.5802,16.4501,0.1301,16.3325,11.0543,11.0344,0.0199,0.1101,13977.9943,NA
parkey.exe,42044,0x1DBA23EDF50,DXGI,0,0,0,Composed: Flip,14011.1055,NA,16.66110000000000,16.28200000000000,0.12320000000000,12.70130000000000,30.1195,13994.5745,16.6542,16.5310,0.1232,16.4109,12.8214,12.7906,0.0308,0.2982,13994.5745,NA
parkey.exe,42044,0x1DBA23EDF50,DXGI,0,0,0,Composed: Flip,14027.9302,NA,16.82470000000000,17.08080000000000,0.15290000000000,13.28760000000000,30.3756,14011.2287,16.8544,16.7015,0.1529,16.7085,13.2806,13.2589,0.0217,-0.4266,14011.2287,NA
parkey.exe,42044,0x1DBA23EDF50,DXGI,0,0,0,Composed: Flip,14044.5803,NA,16.65010000000000,16.67840000000000,0.15240000000000,11.39270000000000,30.4039,14028.0831,16.6496,16.4972,0.1524,16.3744,11.5155,11.4905,0.0250,0.1760,14028.0831,NA
parkey.exe,42044,0x1DBA23EDF50,DXGI,0,0,0,Composed: Flip,14060.9851,NA,16.40480000000000,14.85480000000000,0.11310000000000,13.02120000000000,28.8539,14044.7327,16.3655,16.2524,0.1131,16.1276,13.1460,13.1261,0.0199,1.7948,14044.7327,NA
parkey.exe,42044,0x1DBA23EDF50,DXGI,0,0,0,Composed: Flip,14077.8166,NA,16.83150000000000,18.50350000000000,0.13120000000000,10.65940000000000,30.5259,14061.0982,16.8496,16.7184,0.1312,16.5708,10.8070,10.7849,0.0221,-2.1380,14061.0982,NA
parkey.exe,42044,0x1DBA23EDF50,DXGI,0,0,0,Composed: Flip,14094.4822,NA,16.66560000000000,16.22160000000000,0.12530000000000,13.13990000000000,30.0819,14077.9478,16.6597,16.5344,0.1253,16.4130,13.2613,13.2418,0.0195,0.6280,14077.9478,NA
parkey.exe,42044,0x1DBA23EDF50,DXGI,0,0,0,Composed: Flip,14110.9401,NA,16.45790000000000,17.14530000000000,0.15340000000000,13.38890000000000,30.7693,14094.6075,16.4860,16.3326,0.1534,16.2260,13.4955,13.4769,0.0186,-0.4856,14094.6075,NA
parkey.exe,42044,0x1DBA23EDF50,DXGI,0,0,0,Composed: Flip,14127.6413,NA,16.70120000000000,16.68090000000000,0.11660000000000,11.53510000000000,30.7490,14111.0935,16.6644,16.5478,0.1166,16.4397,11.6432,11.6235,0.0197,-0.1949,14111.0935,NA
parkey.exe,42044,0x1DBA23EDF50,DXGI,0,0,0,Composed: Flip,14144.6359,NA,16.99460000000000,16.67470000000000,0.12550000000000,13.17500000000000,30.4291,14127.7579,17.0035,16.8780,0.1255,16.7490,13.3040,13.2862,0.0178,-0.0103,14127.7579,NA
parkey.exe,42044,0x1DBA23EDF50,DXGI,0,0,0,Composed: Flip,14161.2014,NA,16.56550000000000,16.68100000000000,0.15450000000000,11.06490000000000,30.5446,14144.7614,16.5945,16.4400,0.1545,16.3102,11.1947,11.1674,0.0273,0.3225,14144.7614,NA
parkey.exe,42044,0x1DBA23EDF50,DXGI,0,0,0,Composed: Flip,14178.0589,NA,16.85750000000000,16.17280000000000,0.13980000000000,13.13920000000000,29.8599,14161.3559,16.8428,16.7030,0.1398,16.5378,13.3044,13.2833,0.0211,0.4217,14161.3559,NA
parkey.exe,42044,0x1DBA23EDF50,DXGI,0,0,0,Composed: Flip,14195.2733,NA,17.21440000000000,17.19900000000000,0.15390000000000,12.52410000000000,29.8445,14178.1987,17.2285,17.0746,0.1539,16.9134,12.6853,12.6606,0.0247,-0.3562,14178.1987,NA
parkey.exe,42044,0x1DBA23EDF50,DXGI,0,0,0,Composed: Flip,14211.3328,NA,16.05950000000000,16.67140000000000,0.13590000000000,11.25070000000000,30.4564,14195.4272,16.0415,15.9056,0.1359,15.7767,11.3796,11.3596,0.0200,0.5571,14195.4272,NA
parkey.exe,42044,0x1DBA23EDF50,DXGI,0,0,0,Composed: Flip,14227.6187,NA,16.28590000000000,16.72860000000000,0.13240000000000,13.00490000000000,30.8991,14211.4687,16.2824,16.1500,0.1324,16.0524,13.1025,13.0699,0.0326,-0.6871,14211.4687,NA
parkey.exe,42044,0x1DBA23EDF50,DXGI,0,0,0,Composed: Flip,14244.5745,NA,16.95580000000000,16.62760000000000,0.13180000000000,13.56340000000000,30.5709,14227.7511,16.9552,16.8234,0.1318,16.6978,13.6890,13.6661,0.0229,-0.3452,14227.7511,NA
parkey.exe,42044,0x1DBA23EDF50,DXGI,0,0,0,Composed: Flip,14261.1709,NA,16.59640000000000,16.11980000000000,0.11900000000000,12.82040000000000,30.0943,14244.7063,16.5836,16.4646,0.1190,16.3505,12.9345,12.9158,0.0187,0.8354,14244.7063,NA
parkey.exe,42044,0x1DBA23EDF50,DXGI,0,0,0,Composed: Flip,14277.5956,NA,16.42470000000000,17.24720000000000,0.12580000000000,13.35130000000000,30.9168,14261.2899,16.4315,16.3057,0.1258,16.2027,13.4543,13.4346,0.0197,-0.6636,14261.2899,NA
parkey.exe,42044,0x1DBA23EDF50,DXGI,0,0,0,Composed: Flip,14294.4518,NA,16.85620000000000,16.67740000000000,0.16040000000000,11.54570000000000,30.7380,14277.7214,16.8908,16.7304,0.1604,16.6014,11.6747,11.6549,0.0198,-0.2459,14277.7214,NA
parkey.exe,42044,0x1DBA23EDF50,DXGI,0,0,0,Composed: Flip,14311.0031,NA,16.55130000000000,16.67970000000000,0.12000000000000,13.09720000000000,30.8664,14294.6122,16.5109,16.3909,0.1200,16.2598,13.2283,13.2055,0.0228,0.2111,14294.6122,NA
parkey.exe,42044,0x1DBA23EDF50,DXGI,0,0,0,Composed: Flip,14327.8225,NA,16.81940000000000,16.67380000000000,0.12340000000000,12.66140000000000,30.7208,14311.1231,16.8228,16.6994,0.1234,16.5760,12.7848,12.7638,0.0210,-0.1629,14311.1231,NA
parkey.exe,42044,0x1DBA23EDF50,DXGI,0,0,0,Composed: Flip,14344.3275,NA,16.50500000000000,16.07240000000000,0.12990000000000,12.74860000000000,30.2882,14327.9459,16.5115,16.3816,0.1299,16.2735,12.8567,12.8382,0.0185,0.7504,14327.9459,NA
parkey.exe,42044,0x1DBA23EDF50,DXGI,0,0,0,Composed: Flip,14361.0392,NA,16.71170000000000,17.29660000000000,0.15940000000000,13.35580000000000,30.8731,14344.4574,16.7412,16.5818,0.1594,16.4642,13.4734,13.4538,0.0196,-0.7851,14344.4574,NA
parkey.exe,42044,0x1DBA23EDF50,DXGI,0,0,0,Composed: Flip,14377.8272,NA,16.78800000000000,16.68550000000000,0.15620000000000,11.29970000000000,30.7706,14361.1986,16.7848,16.6286,0.1562,16.4760,11.4523,11.4329,0.0194,0.0557,14361.1986,NA
parkey.exe,42044,0x1DBA23EDF50,DXGI,0,0,0,Composed: Flip,14394.4411,NA,16.61390000000000,16.68250000000000,0.12880000000000,13.14130000000000,30.8392,14377.9834,16.5865,16.4577,0.1288,16.3443,13.2547,13.2346,0.0201,0.1023,14377.9834,NA
parkey.exe,42044,0x1DBA23EDF50,DXGI,0,0,0,Composed: Flip,14411.0045,NA,16.56340000000000,16.67480000000000,0.14640000000000,11.22830000000000,30.9506,14394.5699,16.5810,16.4346,0.1464,16.3210,11.3419,11.3222,0.0197,-0.0883,14394.5699,NA
parkey.exe,42044,0x1DBA23EDF50,DXGI,0,0,0,Composed: Flip,14427.6262,NA,16.62170000000000,16.00280000000000,0.11710000000000,12.81120000000000,30.3317,14411.1509,16.5924,16.4753,0.1171,16.3680,12.9185,12.8966,0.0219,0.5782,14411.1509,NA
parkey.exe,42044,0x1DBA23EDF50,DXGI,0,0,0,Composed: Flip,14444.3843,NA,16.75810000000000,17.35690000000000,0.12350000000000,13.37440000000000,30.9305,14427.7433,16.7645,16.6410,0.1235,16.5254,13.4900,13.4703,0.0197,-0.7645,14427.7433,NA
parkey.exe,42044,0x1DBA23EDF50,DXGI,0,0,0,Composed: Flip,14461.2710,NA,16.88670000000000,16.67880000000000,0.14190000000000,11.33150000000000,30.7226,14444.5078,16.9051,16.7632,0.1419,16.6214,11.4733,11.4535,0.0198,0.0857,14444.5078,NA
parkey.exe,42044,0x1DBA23EDF50,DXGI,0,0,0,Composed: Flip,14477.8678,NA,16.59680000000000,16.68460000000000,0.16390000000000,13.11450000000000,30.8104,14461.4129,16.6188,16.4549,0.1639,16.3252,13.2442,13.2199,0.0243,0.2205,14461.4129,NA
parkey.exe,42044,0x1DBA23EDF50,DXGI,0,0,0,Composed: Flip,14494.5617,NA,16.69390000000000,16.67160000000000,0.14000000000000,13.79140000000000,30.7881,14478.0317,16.6700,16.5300,0.1400,16.3552,13.9662,13.9429,0.0233,-0.0528,14478.0317,NA
parkey.exe,42044,0x1DBA23EDF50,DXGI,0,0,0,Composed: Flip,14511.3840,NA,16.82230000000000,15.96110000000000,0.13540000000000,12.66320000000000,29.9269,14494.7017,16.8177,16.6823,0.1354,16.5524,12.7931,12.7734,0.0197,0.7089,14494.7017,NA
parkey.exe,42044,0x1DBA23EDF50,DXGI,0,0,0,Composed: Flip,14528.1073,NA,16.72330000000000,17.40070000000000,0.15660000000000,13.40010000000000,30.6043,14511.5194,16.7445,16.5879,0.1566,16.5457,13.4423,13.4235,0.0188,-0.5830,14511.5194,NA
parkey.exe,42044,0x1DBA23EDF50,DXGI,0,0,0,Composed: Flip,14544.8815,NA,16.77420000000000,16.67000000000000,0.17570000000000,12.46820000000000,30.5001,14528.2639,16.7933,16.6176,0.1757,16.4576,12.6282,12.6052,0.0230,0.0745,14528.2639,NA
parkey.exe,42044,0x1DBA23EDF50,DXGI,0,0,0,Composed: Flip,14561.2908,NA,16.40930000000000,16.68510000000000,0.15090000000000,13.00810000000000,30.7759,14545.0572,16.3845,16.2336,0.1509,16.0984,13.1433,13.1246,0.0187,0.1082,14545.0572,NA
parkey.exe,42044,0x1DBA23EDF50,DXGI,0,0,0,Composed: Flip,14578.0735,NA,16.78270000000000,16.69820000000000,0.14020000000000,13.20280000000000,30.6914,14561.4417,16.7720,16.6318,0.1402,16.4293,13.4053,13.3833,0.0220,-0.3137,14561.4417,NA
parkey.exe,42044,0x1DBA23EDF50,DXGI,0,0,0,Composed: Flip,14594.5280,NA,16.45450000000000,15.90560000000000,0.12690000000000,12.77210000000000,30.1425,14578.2137,16.4412,16.3143,0.1269,16.1903,12.8961,12.8772,0.0189,0.8664,14578.2137,NA
parkey.exe,42044,0x1DBA23EDF50,DXGI,0,0,0,Composed: Flip,14611.0265,NA,16.49850000000000,17.44860000000000,0.15250000000000,13.36770000000000,31.0926,14594.6549,16.5241,16.3716,0.1525,16.2597,13.4796,13.4610,0.0186,-1.0074,14594.6549,NA
parkey.exe,42044,0x1DBA23EDF50,DXGI,0,0,0,Composed: Flip,14627.9005,NA,16.87400000000000,16.67910000000000,0.13570000000000,12.07280000000000,30.8977,14611.1790,16.8572,16.7215,0.1357,16.5906,12.2037,12.1816,0.0221,-0.1550,14611.1790,NA
parkey.exe,42044,0x1DBA23EDF50,DXGI,0,0,0,Composed: Flip,14645.0265,NA,17.12600000000000,16.68430000000000,0.16010000000000,12.94650000000000,30.4560,14628.0362,17.1504,16.9903,0.1601,16.8267,13.1101,13.0878,0.0223,0.1729,14628.0362,NA
parkey.exe,42044,0x1DBA23EDF50,DXGI,0,0,0,Composed: Flip,14661.6939,NA,16.66740000000000,16.67100000000000,0.18180000000000,11.20230000000000,30.4596,14645.1866,16.6891,16.5073,0.1818,16.3349,11.3747,11.3501,0.0246,0.4794,14645.1866,NA
parkey.exe,42044,0x1DBA23EDF50,DXGI,0,0,0,Composed: Flip,14678.7087,NA,17.01480000000000,15.85240000000000,0.19600000000000,12.76150000000000,29.2972,14661.8757,17.0290,16.8330,0.1960,16.6320,12.9625,12.9374,0.0251,0.8367,14661.8757,NA
parkey.exe,42044,0x1DBA23EDF50,DXGI,0,0,0,Composed: Flip,14695.0143,NA,16.30560000000000,17.51260000000000,0.15570000000000,13.74090000000000,30.5042,14678.9047,16.2653,16.1096,0.1557,15.9386,13.9119,13.8948,0.0171,-0.4836,14678.9047,NA
parkey.exe,42044,0x1DBA23EDF50,DXGI,0,0,0,Composed: Flip,14711.2941,NA,16.27980000000000,16.67260000000000,0.13610000000000,11.96620000000000,30.8970,14695.1700,16.2602,16.1241,0.1361,15.9805,12.1098,12.0891,0.0207,-0.4073,14695.1700,NA
parkey.exe,42044,0x1DBA23EDF50,DXGI,0,0,0,Composed: Flip,14727.8902,NA,16.59610000000000,16.68990000000000,0.14970000000000,13.06870000000000,30.9908,14711.4302,16.6097,16.4600,0.1497,16.3372,13.1915,13.1719,0.0196,-0.4297,14711.4302,NA
parkey.exe,42044,0x1DBA23EDF50,DXGI,0,0,0,Composed: Flip,14744.3333,NA,16.44310000000000,16.67600000000000,0.14570000000000,11.26360000000000,31.2237,14728.0399,16.4391,16.2934,0.1457,16.1789,11.3781,11.3473,0.0308,-0.0663,14728.0399,NA
parkey.exe,42044,0x1DBA23EDF50,DXGI,0,0,0,Composed: Flip,14761.0684,NA,16.73510000000000,15.80630000000000,0.12540000000000,12.82540000000000,30.2949,14744.4790,16.7148,16.5894,0.1254,16.4593,12.9555,12.9370,0.0185,0.6328,14744.4790,NA
parkey.exe,42044,0x1DBA23EDF50,DXGI,0,0,0,Composed: Flip,14777.7232,NA,16.65480000000000,17.55510000000000,0.13490000000000,13.43480000000000,31.1952,14761.1938,16.6643,16.5294,0.1349,16.4147,13.5495,13.5276,0.0219,-0.8403,14761.1938,NA
parkey.exe,42044,0x1DBA23EDF50,DXGI,0,0,0,Composed: Flip,14794.3332,NA,16.61000000000000,16.69400000000000,0.15840000000000,12.10920000000000,31.2792,14777.8581,16.6335,16.4751,0.1584,16.3492,12.2351,12.2162,0.0189,-0.0297,14777.8581,NA
parkey.exe,42044,0x1DBA23EDF50,DXGI,0,0,0,Composed: Flip,14811.3707,NA,17.03750000000000,16.66280000000000,0.13750000000000,13.08450000000000,30.9045,14794.4916,17.0166,16.8791,0.1375,16.7354,13.2282,13.2105,0.0177,-0.0293,14794.4916,NA
parkey.exe,42044,0x1DBA23EDF50,DXGI,0,0,0,Composed: Flip,14827.9118,NA,16.54110000000000,16.68460000000000,0.13330000000000,13.75550000000000,31.0480,14811.5082,16.5369,16.4036,0.1333,16.2555,13.9036,13.8753,0.0283,0.3320,14811.5082,NA
parkey.exe,42044,0x1DBA23EDF50,DXGI,0,0,0,Composed: Flip,14844.9401,NA,17.02830000000000,15.74850000000000,0.17420000000000,12.65940000000000,29.7682,14828.0451,17.0692,16.8950,0.1742,16.7251,12.8293,12.8124,0.0169,0.7884,14828.0451,NA
parkey.exe,42044,0x1DBA23EDF50,DXGI,0,0,0,Composed: Flip,14861.2057,NA,16.26560000000000,17.60990000000000,0.14620000000000,13.49780000000000,31.1125,14845.1143,16.2376,16.0914,0.1462,15.9732,13.6160,13.5965,0.0195,-0.5407,14845.1143,NA
parkey.exe,42044,0x1DBA23EDF50,DXGI,0,0,0,Composed: Flip,14877.8249,NA,16.61920000000000,16.69720000000000,0.13180000000000,12.66060000000000,31.1905,14861.3519,16.6048,16.4730,0.1318,16.3459,12.7877,12.7683,0.0194,-0.4596,14861.3519,NA
parkey.exe,42044,0x1DBA23EDF50,DXGI,0,0,0,Composed: Flip,14894.7539,NA,16.92900000000000,16.67080000000000,0.14760000000000,13.07390000000000,30.9323,14877.9567,16.9448,16.7972,0.1476,16.6445,13.2266,13.2000,0.0266,-0.0660,14877.9567,NA
parkey.exe,42044,0x1DBA23EDF50,DXGI,0,0,0,Composed: Flip,14912.3266,NA,17.57270000000000,16.67850000000000,0.19050000000000,11.11070000000000,30.0381,14894.9015,17.6156,17.4251,0.1905,17.2375,11.2983,11.2687,0.0296,0.2663,14894.9015,NA
parkey.exe,42044,0x1DBA23EDF50,DXGI,0,0,0,Composed: Flip,14928.6421,NA,16.31550000000000,15.67900000000000,0.17360000000000,13.04450000000000,29.4016,14912.5171,16.2986,16.1250,0.1736,15.9517,13.2178,13.1917,0.0261,1.9366,14912.5171,NA
parkey.exe,42044,0x1DBA23EDF50,DXGI,0,0,0,Composed: Flip,14945.0005,NA,16.35840000000000,17.67700000000000,0.15440000000000,13.16360000000000,30.7202,14928.8157,16.3392,16.1848,0.1544,16.0261,13.3223,13.2926,0.0297,-1.3784,14928.8157,NA
parkey.exe,42044,0x1DBA23EDF50,DXGI,0,0,0,Composed: Flip,14961.0549,NA,16.05440000000000,16.68380000000000,0.12500000000000,12.13180000000000,31.3496,14945.1549,16.0250,15.9000,0.1250,15.7879,12.2439,12.2225,0.0214,-0.3446,14945.1549,NA
parkey.exe,42044,0x1DBA23EDF50,DXGI,0,0,0,Composed: Flip,14977.8133,NA,16.75840000000000,16.67090000000000,0.14560000000000,12.86950000000000,31.2621,14961.1799,16.7790,16.6334,0.1456,16.5055,12.9974,12.9781,0.0193,-0.6459,14961.1799,NA
parkey.exe,42044,0x1DBA23EDF50,DXGI,0,0,0,Composed: Flip,14994.4844,NA,16.67110000000000,16.68010000000000,0.12360000000000,13.64440000000000,31.2711,14977.9589,16.6491,16.5255,0.1236,16.4787,13.6912,13.6705,0.0207,0.0989,14977.9589,NA
parkey.exe,42044,0x1DBA23EDF50,DXGI,0,0,0,Composed: Flip,15011.0646,NA,16.58020000000000,15.63910000000000,0.11450000000000,12.68120000000000,30.3300,14994.6080,16.5711,16.4566,0.1145,16.3604,12.7774,12.7589,0.0185,1.0100,14994.6080,NA
parkey.exe,42044,0x1DBA23EDF50,DXGI,0,0,0,Composed: Flip,15027.8341,NA,16.76950000000000,17.73610000000000,0.14790000000000,13.17100000000000,31.2966,15011.1791,16.8029,16.6550,0.1479,16.4932,13.3328,13.3125,0.0203,-1.1650,15011.1791,NA
parkey.exe,42044,0x1DBA23EDF50,DXGI,0,0,0,Composed: Flip,15044.8765,NA,17.04240000000000,16.65700000000000,0.16850000000000,12.46480000000000,30.9112,15027.9820,17.0630,16.8945,0.1685,16.7413,12.6180,12.5988,0.0192,0.1459,15027.9820,NA
parkey.exe,42044,0x1DBA23EDF50,DXGI,0,0,0,Composed: Flip,15061.1732,NA,16.29670000000000,16.69920000000000,0.12850000000000,13.06180000000000,31.3137,15045.0450,16.2567,16.1282,0.1285,15.9927,13.1973,13.1789,0.0184,0.3638,15045.0450,NA
parkey.exe,42044,0x1DBA23EDF50,DXGI,0,0,0,Composed: Flip,15077.7405,NA,16.56730000000000,16.67570000000000,0.12120000000000,11.95990000000000,31.4221,15061.3017,16.5600,16.4388,0.1212,16.3214,12.0773,12.0578,0.0195,-0.4190,15061.3017,NA
parkey.exe,42044,0x1DBA23EDF50,DXGI,0,0,0,Composed: Flip,15094.4343,NA,16.69380000000000,15.58440000000000,0.12990000000000,13.74150000000000,30.3127,15077.8617,16.7025,16.5726,0.1299,16.4517,13.8624,13.8435,0.0189,0.9756,15077.8617,NA
parkey.exe,42044,0x1DBA23EDF50,DXGI,0,0,0,Composed: Flip,15111.0756,NA,16.64130000000000,17.77570000000000,0.15570000000000,13.50820000000000,31.4471,15094.5642,16.6671,16.5114,0.1557,16.4003,13.6193,13.6000,0.0193,-1.0732,15094.5642,NA
parkey.exe,42044,0x1DBA23EDF50,DXGI,0,0,0,Composed: Flip,15127.8927,NA,16.81710000000000,16.69020000000000,0.11880000000000,12.54290000000000,31.3202,15111.2313,16.7802,16.6614,0.1188,16.5411,12.6632,12.6427,0.0205,-0.0231,15111.2313,NA
parkey.exe,42044,0x1DBA23EDF50,DXGI,0,0,0,Composed: Flip,15144.4855,NA,16.59280000000000,16.66420000000000,0.12980000000000,13.20680000000000,31.3916,15128.0115,16.6038,16.4740,0.1298,16.3450,13.3358,13.3116,0.0242,0.1160,15128.0115,NA
parkey.exe,42044,0x1DBA23EDF50,DXGI,0,0,0,Composed: Flip,15161.2989,NA,16.81340000000000,16.68540000000000,0.15350000000000,13.63670000000000,31.2636,15144.6153,16.8371,16.6836,0.1535,16.5334,13.7869,13.7686,0.0183,-0.0816,15144.6153,NA
parkey.exe,42044,0x1DBA23EDF50,DXGI,0,0,0,Composed: Flip,15177.7143,NA,16.41540000000000,15.53240000000000,0.11390000000000,12.69440000000000,30.3806,15161.4524,16.3758,16.2619,0.1139,16.1573,12.7990,12.7754,0.0236,1.3047,15161.4524,NA
parkey.exe,42044,0x1DBA23EDF50,DXGI,0,0,0,Composed: Flip,15194.3576,NA,16.64330000000000,17.83020000000000,0.11720000000000,13.32370000000000,31.5675,15177.8282,16.6466,16.5294,0.1172,16.4285,13.4246,13.4030,0.0216,-1.4544,15177.8282,NA
parkey.exe,42044,0x1DBA23EDF50,DXGI,0,0,0,Composed: Flip,15211.1229,NA,16.76530000000000,16.67780000000000,0.13420000000000,12.07420000000000,31.4800,15194.4748,16.7823,16.6481,0.1342,16.5137,12.2086,12.1888,0.0198,-0.0312,15194.4748,NA
parkey.exe,42044,0x1DBA23EDF50,DXGI,0,0,0,Composed: Flip,15228.1443,NA,17.02140000000000,16.68700000000000,0.14440000000000,13.00270000000000,31.1456,15211.2571,17.0316,16.8872,0.1444,16.7574,13.1325,13.1145,0.0180,0.0953,15211.2571,NA
parkey.exe,42044,0x1DBA23EDF50,DXGI,0,0,0,Composed: Flip,15244.2520,NA,16.10770000000000,16.68160000000000,0.11840000000000,12.63500000000000,31.7195,15228.2887,16.0817,15.9633,0.1184,16.0315,12.5668,12.5454,0.0214,0.3500,15228.2887,NA
parkey.exe,42044,0x1DBA23EDF50,DXGI,0,0,0,Composed: Flip,15261.5968,NA,17.34480000000000,15.49270000000000,0.15730000000000,12.66580000000000,29.8674,15244.3704,17.3837,17.2264,0.1573,17.0543,12.8379,12.8137,0.0242,0.5890,15244.3704,NA
parkey.exe,42044,0x1DBA23EDF50,DXGI,0,0,0,Composed: Flip,15278.2718,NA,16.67500000000000,17.86350000000000,0.15750000000000,13.93700000000000,31.0559,15261.7541,16.6752,16.5177,0.1575,16.3562,14.0985,14.0612,0.0373,-0.4798,15261.7541,NA
parkey.exe,42044,0x1DBA23EDF50,DXGI,0,0,0,Composed: Flip,15294.8402,NA,16.56840000000000,16.68370000000000,0.19680000000000,12.10890000000000,31.1712,15278.4293,16.6077,16.4109,0.1968,16.2455,12.2743,12.2549,0.0194,-0.0085,15278.4293,NA
parkey.exe,42044,0x1DBA23EDF50,DXGI,0,0,0,Composed: Flip,15311.3830,NA,16.54280000000000,16.67090000000000,0.15060000000000,12.94930000000000,31.2993,15295.0370,16.4966,16.3460,0.1506,16.2028,13.0925,13.0732,0.0193,-0.0632,15295.0370,NA
parkey.exe,42044,0x1DBA23EDF50,DXGI,0,0,0,Composed: Flip,15328.4071,NA,17.02410000000000,16.68370000000000,0.15840000000000,13.27610000000000,30.9589,15311.5336,17.0319,16.8735,0.1584,16.6591,13.4905,13.4649,0.0256,-0.1871,15311.5336,NA
parkey.exe,42044,0x1DBA23EDF50,DXGI,0,0,0,Composed: Flip,15344.4477,NA,16.04060000000000,8.53410000000000,0.11950000000000,12.77730000000000,23.4524,15328.5655,16.0017,15.8822,0.1195,15.7564,12.9031,12.8826,0.0205,8.4978,15328.5655,NA
parkey.exe,42044,0x1DBA23EDF50,DXGI,0,0,0,Composed: Flip,15361.1207,NA,16.67300000000000,24.82620000000000,0.14210000000000,13.11470000000000,31.6056,15344.5672,16.6956,16.5535,0.1421,16.4351,13.2331,13.2112,0.0219,-8.8245,15344.5672,NA
parkey.exe,42044,0x1DBA23EDF50,DXGI,0,0,0,Composed: Flip,15378.0766,NA,16.95590000000000,16.67920000000000,0.14700000000000,11.91850000000000,31.3289,15361.2628,16.9608,16.8138,0.1470,16.6703,12.0620,12.0429,0.0191,0.0164,15361.2628,NA
parkey.exe,42044,0x1DBA23EDF50,DXGI,0,0,0,Composed: Flip,15394.4934,NA,16.41680000000000,16.68360000000000,0.12380000000000,12.89470000000000,31.5957,15378.2236,16.3936,16.2698,0.1238,16.1333,13.0312,13.0121,0.0191,0.2772,15378.2236,NA
parkey.exe,42044,0x1DBA23EDF50,DXGI,0,0,0,Composed: Flip,15411.0993,NA,16.60590000000000,16.67820000000000,0.14770000000000,14.03030000000000,31.6680,15394.6172,16.6298,16.4821,0.1477,16.3544,14.1580,14.1358,0.0222,-0.2846,15394.6172,NA
parkey.exe,42044,0x1DBA23EDF50,DXGI,0,0,0,Composed: Flip,15427.6628,NA,16.56350000000000,8.48270000000000,0.11710000000000,12.64530000000000,23.5872,15411.2470,16.5329,16.4158,0.1171,16.3027,12.7584,12.7346,0.0238,8.1471,15411.2470,NA
parkey.exe,42044,0x1DBA23EDF50,DXGI,0,0,0,Composed: Flip,15444.2959,NA,16.63310000000000,24.87950000000000,0.11280000000000,13.07950000000000,31.8336,15427.7799,16.6288,16.5160,0.1128,16.3746,13.2209,13.2006,0.0203,-8.3466,15427.7799,NA
parkey.exe,42044,0x1DBA23EDF50,DXGI,0,0,0,Composed: Flip,15461.1389,NA,16.84300000000000,16.69090000000000,0.13740000000000,13.53820000000000,31.6815,15444.4087,16.8676,16.7302,0.1374,16.5973,13.6711,13.6492,0.0219,-0.0621,15444.4087,NA
parkey.exe,42044,0x1DBA23EDF50,DXGI,0,0,0,Composed: Flip,15478.3843,NA,17.24540000000000,16.67210000000000,0.18550000000000,13.03180000000000,31.1082,15461.2763,17.2935,17.1080,0.1855,16.9437,13.1961,13.1736,0.0225,0.1955,15461.2763,NA
parkey.exe,42044,0x1DBA23EDF50,DXGI,0,0,0,Composed: Flip,15495.0392,NA,16.65490000000000,16.67630000000000,0.17360000000000,12.53870000000000,31.1296,15478.5698,16.6430,16.4694,0.1736,16.2863,12.7218,12.7001,0.0217,0.6172,15478.5698,NA
parkey.exe,42044,0x1DBA23EDF50,DXGI,0,0,0,Composed: Flip,15511.1842,NA,16.14500000000000,15.33170000000000,0.13070000000000,12.68630000000000,30.3163,15495.2128,16.1021,15.9714,0.1307,15.8495,12.8082,12.7890,0.0192,1.3113,15495.2128,NA
parkey.exe,42044,0x1DBA23EDF50,DXGI,0,0,0,Composed: Flip,15527.8213,NA,16.63710000000000,18.03000000000000,0.17800000000000,13.82250000000000,31.7092,15511.3149,16.6844,16.5064,0.1780,16.3705,13.9584,13.9375,0.0209,-1.9279,15511.3149,NA
parkey.exe,42044,0x1DBA23EDF50,DXGI,0,0,0,Composed: Flip,15544.6017,NA,16.78040000000000,16.69810000000000,0.15500000000000,12.11540000000000,31.6269,15527.9993,16.7574,16.6024,0.1550,16.4565,12.2613,12.2414,0.0199,-0.0137,15527.9993,NA
parkey.exe,42044,0x1DBA23EDF50,DXGI,0,0,0,Composed: Flip,15561.2126,NA,16.61090000000000,16.65450000000000,0.13100000000000,12.81330000000000,31.6705,15544.7567,16.5869,16.4559,0.1310,16.3268,12.9424,12.9235,0.0189,0.1029,15544.7567,NA
parkey.exe,42044,0x1DBA23EDF50,DXGI,0,0,0,Composed: Flip,15577.8495,NA,16.63690000000000,16.68960000000000,0.12370000000000,14.15420000000000,31.7232,15561.3436,16.6296,16.5059,0.1237,16.6732,13.9869,13.9706,0.0163,-0.1027,15561.3436,NA
parkey.exe,42044,0x1DBA23EDF50,DXGI,0,0,0,Composed: Flip,15594.3171,NA,16.46760000000000,8.32600000000000,0.11550000000000,12.76810000000000,23.5816,15577.9732,16.4594,16.3439,0.1155,16.2422,12.8698,12.8519,0.0179,8.3036,15577.9732,NA
parkey.exe,42044,0x1DBA23EDF50,DXGI,0,0,0,Composed: Flip,15610.9407,NA,16.62360000000000,25.03030000000000,0.15140000000000,13.85550000000000,31.9883,15594.4326,16.6595,16.5081,0.1514,16.3857,13.9779,13.9596,0.0183,-8.5709,15594.4326,NA
parkey.exe,42044,0x1DBA23EDF50,DXGI,0,0,0,Composed: Flip,15627.7436,NA,16.80290000000000,16.64060000000000,0.12600000000000,12.94150000000000,31.8260,15611.0921,16.7775,16.6515,0.1260,16.5290,13.0640,13.0454,0.0186,0.0189,15611.0921,NA
parkey.exe,42044,0x1DBA23EDF50,DXGI,0,0,0,Composed: Flip,15644.4353,NA,16.69170000000000,16.72710000000000,0.11900000000000,12.94550000000000,31.8614,15627.8696,16.6847,16.5657,0.1190,16.4471,13.0641,13.0439,0.0202,0.0504,15627.8696,NA
parkey.exe,42044,0x1DBA23EDF50,DXGI,0,0,0,Composed: Flip,15661.0452,NA,16.60990000000000,16.66360000000000,0.14410000000000,13.85860000000000,31.9151,15644.5543,16.6350,16.4909,0.1441,16.3535,13.9960,13.9737,0.0223,0.0211,15644.5543,NA
parkey.exe,42044,0x1DBA23EDF50,DXGI,0,0,0,Composed: Flip,15677.6577,NA,16.61250000000000,8.31350000000000,0.11870000000000,13.82890000000000,23.6161,15661.1893,16.5871,16.4684,0.1187,16.3605,13.9368,13.9174,0.0194,8.3215,15661.1893,NA
parkey.exe,42044,0x1DBA23EDF50,DXGI,0,0,0,Composed: Flip,15694.6384,NA,16.98070000000000,25.05600000000000,0.15280000000000,12.87330000000000,31.6914,15677.7764,17.0148,16.8620,0.1528,16.5421,13.1932,13.1718,0.0214,-8.4689,15677.7764,NA
parkey.exe,42044,0x1DBA23EDF50,DXGI,0,0,0,Composed: Flip,15710.9474,NA,16.30900000000000,16.57710000000000,0.12260000000000,12.84000000000000,31.9595,15694.7912,16.2788,16.1562,0.1226,16.0410,12.9552,12.9372,0.0180,0.4377,15694.7912,NA
parkey.exe,42044,0x1DBA23EDF50,DXGI,0,0,0,Composed: Flip,15727.8287,NA,16.88130000000000,16.78190000000000,0.15350000000000,13.91770000000000,31.8601,15711.0700,16.9122,16.7587,0.1535,16.6297,14.0467,14.0292,0.0175,-0.5031,15711.0700,NA
parkey.exe,42044,0x1DBA23EDF50,DXGI,0,0,0,Composed: Flip,15744.4311,NA,16.60240000000000,16.67970000000000,0.12710000000000,13.84160000000000,31.9374,15727.9822,16.5760,16.4489,0.1271,16.5758,13.7147,13.6819,0.0328,0.2325,15727.9822,NA
parkey.exe,42044,0x1DBA23EDF50,DXGI,0,0,0,Composed: Flip,15761.1757,NA,16.74460000000000,8.22060000000000,0.11980000000000,12.83270000000000,23.4134,15744.5582,16.7373,16.6175,0.1198,16.4863,12.9639,12.9432,0.0207,8.3554,15744.5582,NA
parkey.exe,42044,0x1DBA23EDF50,DXGI,0,0,0,Composed: Flip,15777.8206,NA,16.64490000000000,25.14300000000000,0.14420000000000,13.62810000000000,31.9115,15761.2955,16.6693,16.5251,0.1442,16.3821,13.7711,13.7521,0.0190,-8.4057,15761.2955,NA
parkey.exe,42044,0x1DBA23EDF50,DXGI,0,0,0,Composed: Flip,15794.3197,NA,16.49910000000000,16.52180000000000,0.15030000000000,12.53700000000000,31.9342,15777.9648,16.5052,16.3549,0.1503,16.2365,12.6554,12.6305,0.0249,0.1475,15777.9648,NA
parkey.exe,42044,0x1DBA23EDF50,DXGI,0,0,0,Composed: Flip,15811.1239,NA,16.80420000000000,16.83810000000000,0.13710000000000,13.69460000000000,31.9681,15794.4700,16.7910,16.6539,0.1371,16.5305,13.8180,13.8000,0.0180,-0.3329,15794.4700,NA
parkey.exe,42044,0x1DBA23EDF50,DXGI,0,0,0,Composed: Flip,15827.7687,NA,16.64480000000000,16.67990000000000,0.12470000000000,13.41640000000000,32.0032,15811.2610,16.6324,16.5077,0.1247,16.3579,13.5662,13.5471,0.0191,0.1111,15811.2610,NA
parkey.exe,42044,0x1DBA23EDF50,DXGI,0,0,0,Composed: Flip,15844.3575,NA,16.58880000000000,15.11310000000000,0.12940000000000,12.74150000000000,30.5275,15827.8934,16.5935,16.4641,0.1294,16.3164,12.8892,12.8681,0.0211,1.5193,15827.8934,NA
parkey.exe,42044,0x1DBA23EDF50,DXGI,0,0,0,Composed: Flip,15861.2271,NA,16.86960000000000,18.24670000000000,0.17280000000000,13.77880000000000,31.9046,15844.4869,16.9130,16.7402,0.1728,16.5993,13.9197,13.9030,0.0167,-1.6532,15844.4869,NA
parkey.exe,42044,0x1DBA23EDF50,DXGI,0,0,0,Composed: Flip,15877.7180,NA,16.49090000000000,16.47380000000000,0.13940000000000,13.95900000000000,31.8875,15861.3999,16.4575,16.3181,0.1394,16.1926,14.0845,14.0631,0.0214,0.4392,15861.3999,NA
parkey.exe,42044,0x1DBA23EDF50,DXGI,0,0,0,Composed: Flip,15894.4179,NA,16.69990000000000,16.88970000000000,0.13730000000000,13.15950000000000,32.0773,15877.8574,16.6978,16.5605,0.1373,16.4413,13.2787,13.2615,0.0172,-0.4322,15877.8574,NA
parkey.exe,42044,0x1DBA23EDF50,DXGI,0,0,0,Composed: Flip,15911.5688,NA,17.15090000000000,16.67070000000000,0.18600000000000,13.54310000000000,31.5971,15894.5552,17.1996,17.0136,0.1860,16.8483,13.7084,13.6898,0.0186,0.0271,15894.5552,NA
parkey.exe,42044,0x1DBA23EDF50,DXGI,0,0,0,Composed: Flip,15928.0430,NA,16.47420000000000,8.16490000000000,0.14200000000000,14.09750000000000,23.2878,15911.7548,16.4302,16.2882,0.1420,16.1492,14.2365,14.2168,0.0197,9.0347,15911.7548,NA
parkey.exe,42044,0x1DBA23EDF50,DXGI,0,0,0,Composed: Flip,15944.3872,NA,16.34420000000000,25.20370000000000,0.14040000000000,13.28830000000000,32.1473,15928.1850,16.3426,16.2022,0.1404,16.0685,13.4220,13.3996,0.0224,-8.7735,15928.1850,NA
parkey.exe,42044,0x1DBA23EDF50,DXGI,0,0,0,Composed: Flip,15961.0378,NA,16.65060000000000,16.41320000000000,0.12240000000000,12.46980000000000,31.9099,15944.5276,16.6326,16.5102,0.1224,16.3837,12.5963,12.5669,0.0294,-0.0706,15944.5276,NA
parkey.exe,42044,0x1DBA23EDF50,DXGI,0,0,0,Composed: Flip,15977.6348,NA,16.59700000000000,16.94130000000000,0.14950000000000,13.86370000000000,32.2542,15961.1602,16.6241,16.4746,0.1495,16.3448,13.9935,13.9756,0.0179,-0.3087,15961.1602,NA
parkey.exe,42044,0x1DBA23EDF50,DXGI,0,0,0,Composed: Flip,15994.3855,NA,16.75070000000000,16.68240000000000,0.17470000000000,14.04440000000000,32.1859,15977.7843,16.7759,16.6012,0.1747,16.4767,14.1689,14.1501,0.0188,-0.0583,15977.7843,NA
parkey.exe,42044,0x1DBA23EDF50,DXGI,0,0,0,Composed: Flip,16010.9048,NA,16.51930000000000,8.07740000000000,0.11170000000000,12.57250000000000,23.7440,15994.5602,16.4563,16.3446,0.1117,16.2358,12.6813,12.6628,0.0185,8.6985,15994.5602,NA
parkey.exe,42044,0x1DBA23EDF50,DXGI,0,0,0,Composed: Flip,16027.6318,NA,16.72700000000000,25.28750000000000,0.22610000000000,13.93330000000000,32.3045,16011.0165,16.8414,16.6153,0.2261,16.4964,14.0522,14.0288,0.0234,-8.8312,16011.0165,NA
parkey.exe,42044,0x1DBA23EDF50,DXGI,0,0,0,Composed: Flip,16044.7259,NA,17.09410000000000,16.36410000000000,0.16330000000000,14.03510000000000,31.5745,16027.8579,17.0313,16.8680,0.1633,16.7172,14.1859,14.1661,0.0198,0.4773,16027.8579,NA
parkey.exe,42044,0x1DBA23EDF50,DXGI,0,0,0,Composed: Flip,16061.2904,NA,16.56450000000000,16.99380000000000,0.14330000000000,14.07910000000000,32.0038,16044.8892,16.5445,16.4012,0.1433,16.2466,14.2337,14.2141,0.0196,0.0375,16044.8892,NA
parkey.exe,42044,0x1DBA23EDF50,DXGI,0,0,0,Composed: Flip,16077.8734,NA,16.58300000000000,16.68110000000000,0.12900000000000,13.87240000000000,32.1019,16061.4337,16.5687,16.4397,0.1290,16.2988,14.0133,13.9821,0.0312,-0.1366,16061.4337,NA
parkey.exe,42044,0x1DBA23EDF50,DXGI,0,0,0,Composed: Flip,16094.2815,NA,16.40810000000000,8.00430000000000,0.12240000000000,13.92980000000000,23.6981,16078.0024,16.4015,16.2791,0.1224,16.1455,14.0634,14.0428,0.0206,8.5644,16078.0024,NA
parkey.exe,42044,0x1DBA23EDF50,DXGI,0,0,0,Composed: Flip,16111.1821,NA,16.90060000000000,25.36560000000000,0.15480000000000,13.78360000000000,32.1631,16094.4039,16.9330,16.7782,0.1548,16.6427,13.9191,13.9014,0.0177,-8.9641,16094.4039,NA
parkey.exe,42044,0x1DBA23EDF50,DXGI,0,0,0,Composed: Flip,16127.6347,NA,16.45260000000000,16.30680000000000,0.13130000000000,12.41990000000000,32.0173,16111.3369,16.4291,16.2978,0.1313,16.1636,12.5541,12.5358,0.0183,0.6262,16111.3369,NA
parkey.exe,42044,0x1DBA23EDF50,DXGI,0,0,0,Composed: Flip,16144.6297,NA,16.99500000000000,17.04700000000000,0.14850000000000,13.63160000000000,32.0693,16127.7660,17.0122,16.8637,0.1485,16.7167,13.7786,13.7563,0.0223,-0.6179,16127.7660,NA
parkey.exe,42044,0x1DBA23EDF50,DXGI,0,0,0,Composed: Flip,16161.2298,NA,16.60010000000000,16.67900000000000,0.15420000000000,13.42020000000000,32.1482,16144.7782,16.6058,16.4516,0.1542,16.3153,13.5565,13.5411,0.0154,0.3332,16144.7782,NA
parkey.exe,42044,0x1DBA23EDF50,DXGI,0,0,0,Composed: Flip,16177.9942,NA,16.76440000000000,16.67340000000000,0.14660000000000,13.75950000000000,32.0572,16161.3840,16.7568,16.6102,0.1466,16.4562,13.9135,13.8820,0.0315,-0.0676,16161.3840,NA
parkey.exe,42044,0x1DBA23EDF50,DXGI,0,0,0,Composed: Flip,16194.8222,NA,16.82800000000000,16.68350000000000,0.18030000000000,13.52540000000000,31.9127,16178.1408,16.8617,16.6814,0.1803,16.4945,13.7123,13.6938,0.0185,0.0733,16178.1408,NA
parkey.exe,42044,0x1DBA23EDF50,DXGI,0,0,0,Composed: Flip,16211.2091,NA,16.38690000000000,16.68500000000000,0.13330000000000,13.85920000000000,32.2108,16195.0025,16.3399,16.2066,0.1333,16.0714,13.9944,13.9759,0.0185,0.1767,16195.0025,NA
parkey.exe,42044,0x1DBA23EDF50,DXGI,0,0,0,Composed: Flip,16227.7783,NA,16.56920000000000,16.67530000000000,0.16230000000000,13.79830000000000,32.3169,16211.3424,16.5982,16.4359,0.1623,16.3116,13.9226,13.9052,0.0174,-0.3354,16211.3424,NA
parkey.exe,42044,0x1DBA23EDF50,DXGI,0,0,0,Composed: Flip,16244.4005,NA,16.62220000000000,16.67820000000000,0.13240000000000,14.14910000000000,32.3729,16227.9406,16.5923,16.4599,0.1324,16.3342,14.2748,14.2522,0.0226,-0.0800,16227.9406,NA
parkey.exe,42044,0x1DBA23EDF50,DXGI,0,0,0,Composed: Flip,16261.0750,NA,16.67450000000000,14.84530000000000,0.13610000000000,13.74610000000000,30.5437,16244.5329,16.6782,16.5421,0.1361,16.3731,13.9151,13.8961,0.0190,1.7470,16244.5329,NA
parkey.exe,42044,0x1DBA23EDF50,DXGI,0,0,0,Composed: Flip,16277.6858,NA,16.61080000000000,7.00360000000000,0.14950000000000,13.85030000000000,20.9365,16261.2111,16.6242,16.4747,0.1495,16.3295,13.9955,13.9777,0.0178,9.6746,16261.2111,NA
parkey.exe,42044,0x1DBA23EDF50,DXGI,0,0,0,Composed: Flip,16294.2351,NA,16.54930000000000,28.19010000000000,0.14450000000000,12.97790000000000,32.5773,16277.8353,16.5443,16.3998,0.1445,16.2766,13.1011,13.0832,0.0179,-11.5659,16277.8353,NA
parkey.exe,42044,0x1DBA23EDF50,DXGI,0,0,0,Composed: Flip,16310.9097,NA,16.67460000000000,16.68380000000000,0.13690000000000,13.95890000000000,32.5865,16294.3796,16.6670,16.5301,0.1369,16.4177,14.0713,14.0534,0.0179,-0.1395,16294.3796,NA
parkey.exe,42044,0x1DBA23EDF50,DXGI,0,0,0,Composed: Flip,16327.7308,NA,16.82110000000000,16.69230000000000,0.11870000000000,13.59320000000000,32.4577,16311.0466,16.8029,16.6842,0.1187,16.5734,13.7040,13.6864,0.0176,-0.0253,16311.0466,NA
parkey.exe,42044,0x1DBA23EDF50,DXGI,0,0,0,Composed: Flip,16344.1848,NA,16.45400000000000,16.68250000000000,0.12660000000000,13.89420000000000,32.6862,16327.8495,16.4619,16.3353,0.1266,16.2195,14.0100,13.9883,0.0217,0.1204,16327.8495,NA
parkey.exe,42044,0x1DBA23EDF50,DXGI,0,0,0,Composed: Flip,16360.9808,NA,16.79600000000000,16.68120000000000,0.22480000000000,13.84340000000000,32.5714,16344.3114,16.8942,16.6694,0.2248,16.5183,13.9945,13.9755,0.0190,-0.2193,16344.3114,NA
parkey.exe,42044,0x1DBA23EDF50,DXGI,0,0,0,Composed: Flip,16377.6485,NA,16.66770000000000,16.66240000000000,0.14810000000000,13.40540000000000,32.5661,16361.2056,16.5910,16.4429,0.1481,16.2806,13.5677,13.5453,0.0224,0.2318,16361.2056,NA
parkey.exe,42044,0x1DBA23EDF50,DXGI,0,0,0,Composed: Flip,16394.4108,NA,16.76230000000000,16.68680000000000,0.12400000000000,13.89810000000000,32.4906,16377.7966,16.7382,16.6142,0.1240,16.4818,14.0305,14.0098,0.0207,-0.0958,16377.7966,NA
parkey.exe,42044,0x1DBA23EDF50,DXGI,0,0,0,Composed: Flip,16411.6699,NA,17.25910000000000,16.67640000000000,0.20990000000000,12.67970000000000,31.9079,16394.5348,17.3450,17.1351,0.2099,16.8530,12.9618,12.9374,0.0244,0.0618,16394.5348,NA
parkey.exe,42044,0x1DBA23EDF50,DXGI,0,0,0,Composed: Flip,16427.9708,NA,16.30090000000000,16.67840000000000,0.14580000000000,13.88720000000000,32.2854,16411.8798,16.2368,16.0910,0.1458,15.9519,14.0263,14.0085,0.0178,0.6666,16411.8798,NA
parkey.exe,42044,0x1DBA23EDF50,DXGI,0,0,0,Composed: Flip,16444.4050,NA,16.43420000000000,16.68420000000000,0.19320000000000,13.47340000000000,32.5354,16428.1166,16.4816,16.2884,0.1932,16.1613,13.6005,13.5844,0.0161,-0.4474,16428.1166,NA
parkey.exe,42044,0x1DBA23EDF50,DXGI,0,0,0,Composed: Flip,16460.9598,NA,16.55480000000000,16.69120000000000,0.14500000000000,13.89400000000000,32.6718,16444.5982,16.5066,16.3616,0.1450,16.2411,14.0145,13.9931,0.0214,-0.2096,16444.5982,NA
parkey.exe,42044,0x1DBA23EDF50,DXGI,0,0,0,Composed: Flip,16477.5917,NA,16.63190000000000,6.41970000000000,0.20560000000000,14.23130000000000,22.4596,16461.1048,16.6925,16.4869,0.2056,16.3657,14.3525,14.3340,0.0185,10.0869,16461.1048,NA
parkey.exe,42044,0x1DBA23EDF50,DXGI,0,0,0,Composed: Flip,16494.4706,NA,16.87890000000000,26.93870000000000,0.19420000000000,14.12200000000000,32.5194,16477.7973,16.8675,16.6733,0.1942,16.5039,14.2914,14.2733,0.0181,-10.2462,16477.7973,NA
parkey.exe,42044,0x1DBA23EDF50,DXGI,0,0,0,Composed: Flip,16511.1751,NA,16.70450000000000,14.67410000000000,0.14500000000000,13.97670000000000,30.4890,16494.6648,16.6553,16.5103,0.1450,16.3719,14.1151,14.0937,0.0214,2.1934,16494.6648,NA
parkey.exe,42044,0x1DBA23EDF50,DXGI,0,0,0,Composed: Flip,16527.9366,NA,16.76150000000000,18.68060000000000,0.14710000000000,13.75540000000000,32.4081,16511.3201,16.7636,16.6165,0.1471,16.3524,14.0195,14.0019,0.0176,-2.0253,16511.3201,NA
parkey.exe,42044,0x1DBA23EDF50,DXGI,0,0,0,Composed: Flip,16544.3537,NA,16.41710000000000,16.04090000000000,0.16750000000000,13.94230000000000,32.0319,16528.0837,16.4375,16.2700,0.1675,16.1416,14.0707,14.0498,0.0209,0.7227,16528.0837,NA
parkey.exe,42044,0x1DBA23EDF50,DXGI,0,0,0,Composed: Flip,16561.0236,NA,16.66990000000000,7.01580000000000,0.15680000000000,13.82790000000000,22.3778,16544.5212,16.6592,16.5024,0.1568,16.3665,13.9638,13.9446,0.0192,9.4217,16544.5212,NA
parkey.exe,42044,0x1DBA23EDF50,DXGI,0,0,0,Composed: Flip,16578.1279,NA,17.10430000000000,26.98170000000000,0.14980000000000,13.88380000000000,32.2552,16561.1804,17.0973,16.9475,0.1498,16.7830,14.0483,14.0315,0.0168,-10.3225,16561.1804,NA
parkey.exe,42044,0x1DBA23EDF50,DXGI,0,0,0,Composed: Flip,16594.4929,NA,16.36500000000000,16.68350000000000,0.15440000000000,13.77980000000000,32.5737,16578.2777,16.3696,16.2152,0.1544,16.0805,13.9145,13.8943,0.0202,0.4138,16578.2777,NA
parkey.exe,42044,0x1DBA23EDF50,DXGI,0,0,0,Composed: Flip,16610.9667,NA,16.47380000000000,16.67040000000000,0.14020000000000,13.56600000000000,32.7703,16594.6473,16.4596,16.3194,0.1402,16.1928,13.6926,13.6743,0.0183,-0.3008,16594.6473,NA
parkey.exe,42044,0x1DBA23EDF50,DXGI,0,0,0,Composed: Flip,16627.6624,NA,16.69570000000000,16.72080000000000,0.15590000000000,13.83080000000000,32.7954,16611.1069,16.7114,16.5555,0.1559,16.4178,13.9685,13.9519,0.0166,-0.2612,16611.1069,NA
parkey.exe,42044,0x1DBA23EDF50,DXGI,0,0,0,Composed: Flip,16644.4174,NA,16.75500000000000,6.28650000000000,0.15790000000000,13.86480000000000,22.3269,16627.8183,16.7570,16.5991,0.1579,16.4529,14.0110,13.9940,0.0170,10.4249,16627.8183,NA
parkey.exe,42044,0x1DBA23EDF50,DXGI,0,0,0,Composed: Flip,16661.1786,NA,16.76120000000000,27.03830000000000,0.14860000000000,14.06260000000000,32.6040,16644.5753,16.7519,16.6033,0.1486,16.4655,14.2004,14.1842,0.0162,-10.2813,16644.5753,NA
parkey.exe,42044,0x1DBA23EDF50,DXGI,0,0,0,Composed: Flip,16677.7167,NA,16.53810000000000,14.57170000000000,0.14160000000000,13.97130000000000,30.6376,16661.3272,16.5311,16.3895,0.1416,16.2655,14.0953,14.0783,0.0170,2.1802,16661.3272,NA
parkey.exe,42044,0x1DBA23EDF50,DXGI,0,0,0,Composed: Flip,16694.3133,NA,16.59660000000000,18.79090000000000,0.14430000000000,13.92400000000000,32.8319,16677.8583,16.5993,16.4550,0.1443,16.3300,14.0490,14.0272,0.0218,-2.2598,16677.8583,NA
parkey.exe,42044,0x1DBA23EDF50,DXGI,0,0,0,Composed: Flip,16710.9955,NA,16.68220000000000,15.93660000000000,0.13160000000000,13.94820000000000,32.0863,16694.4576,16.6695,16.5379,0.1316,16.4125,14.0736,14.0550,0.0186,0.6627,16694.4576,NA
parkey.exe,42044,0x1DBA23EDF50,DXGI,0,0,0,Composed: Flip,16727.6304,NA,16.63490000000000,7.00950000000000,0.16750000000000,13.87740000000000,22.4609,16711.1271,16.6708,16.5033,0.1675,16.3639,14.0168,13.9986,0.0182,9.6600,16711.1271,NA
parkey.exe,42044,0x1DBA23EDF50,DXGI,0,0,0,Composed: Flip,16744.4677,NA,16.83730000000000,27.10180000000000,0.14340000000000,13.64140000000000,32.7254,16727.7979,16.8132,16.6698,0.1434,16.5035,13.8077,13.7854,0.0223,-10.4310,16727.7979,NA
parkey.exe,42044,0x1DBA23EDF50,DXGI,0,0,0,Composed: Flip,16760.9818,NA,16.51410000000000,16.66630000000000,0.12520000000000,13.93900000000000,32.8776,16744.6111,16.4959,16.3707,0.1252,16.2497,14.0600,14.0250,0.0350,0.1469,16744.6111,NA
parkey.exe,42044,0x1DBA23EDF50,DXGI,0,0,0,Composed: Flip,16777.6345,NA,16.65270000000000,4.84550000000000,0.13120000000000,13.82610000000000,21.0704,16761.1070,16.6587,16.5275,0.1312,16.4237,13.9299,13.9112,0.0187,11.6504,16761.1070,NA
parkey.exe,42044,0x1DBA23EDF50,DXGI,0,0,0,Composed: Flip,16794.4703,NA,16.83580000000000,28.52780000000000,0.17670000000000,14.02370000000000,32.7624,16777.7657,16.8813,16.7046,0.1767,16.5656,14.1627,14.1440,0.0187,-11.8691,16777.7657,NA
parkey.exe,42044,0x1DBA23EDF50,DXGI,0,0,0,Composed: Flip,16811.0387,NA,16.56840000000000,16.67400000000000,0.14430000000000,13.59330000000000,32.8680,16794.6470,16.5360,16.3917,0.1443,16.2684,13.7166,13.6982,0.0184,0.2073,16794.6470,NA
parkey.exe,42044,0x1DBA23EDF50,DXGI,0,0,0,Composed: Flip,16827.9643,NA,16.92560000000000,16.69020000000000,0.14850000000000,13.76750000000000,32.6326,16811.1830,16.9298,16.7813,0.1485,16.5095,14.0393,14.0219,0.0174,-0.1542,16811.1830,NA
parkey.exe,42044,0x1DBA23EDF50,DXGI,0,0,0,Composed: Flip,16844.8343,NA,16.87000000000000,14.46740000000000,0.14220000000000,13.78600000000000,30.2300,16828.1128,16.8637,16.7215,0.1422,16.5479,13.9596,13.9402,0.0194,2.4624,16828.1128,NA
parkey.exe,42044,0x1DBA23EDF50,DXGI,0,0,0,Composed: Flip,16861.0525,NA,16.21820000000000,6.99770000000000,0.24700000000000,13.77290000000000,21.0095,16844.9765,16.3230,16.0760,0.2470,15.9453,13.9036,13.8888,0.0148,9.8660,16844.9765,NA
parkey.exe,42044,0x1DBA23EDF50,DXGI,0,0,0,Composed: Flip,16877.7573,NA,16.70480000000000,28.57430000000000,0.13810000000000,13.64800000000000,32.8790,16861.2995,16.5959,16.4578,0.1381,16.1188,13.9870,13.9653,0.0217,-12.2513,16861.2995,NA
parkey.exe,42044,0x1DBA23EDF50,DXGI,0,0,0,Composed: Flip,16894.4967,NA,16.73940000000000,6.15460000000000,0.14980000000000,13.95770000000000,22.2942,16877.8954,16.7511,16.6013,0.1498,16.4538,14.1052,14.0826,0.0226,10.4413,16877.8954,NA
parkey.exe,42044,0x1DBA23EDF50,DXGI,0,0,0,Composed: Flip,16911.1397,NA,16.64300000000000,27.19100000000000,0.18810000000000,13.88540000000000,32.8422,16894.6465,16.6813,16.4932,0.1881,16.3266,14.0520,14.0323,0.0197,-10.4399,16894.6465,NA
parkey.exe,42044,0x1DBA23EDF50,DXGI,0,0,0,Composed: Flip,16927.7832,NA,16.64350000000000,14.42370000000000,0.15440000000000,13.90810000000000,30.6224,16911.3278,16.6098,16.4554,0.1544,16.3342,14.0293,14.0104,0.0189,2.2576,16911.3278,NA
parkey.exe,42044,0x1DBA23EDF50,DXGI,0,0,0,Composed: Flip,16944.3728,NA,16.58960000000000,7.01430000000000,0.13230000000000,13.76930000000000,21.0471,16927.9376,16.5675,16.4352,0.1323,16.3198,13.8847,13.8662,0.0185,9.5955,16927.9376,NA
parkey.exe,42044,0x1DBA23EDF50,DXGI,0,0,0,Composed: Flip,16961.1537,NA,16.78090000000000,28.60340000000000,0.14380000000000,13.71160000000000,32.8696,16944.5051,16.7924,16.6486,0.1438,16.3707,13.9895,13.9728,0.0167,-12.0359,16944.5051,NA
parkey.exe,42044,0x1DBA23EDF50,DXGI,0,0,0,Composed: Flip,16977.6140,NA,16.46030000000000,6.12950000000000,0.15660000000000,13.99820000000000,22.5388,16961.2975,16.4731,16.3165,0.1566,16.1992,14.1155,14.0998,0.0157,10.6629,16961.2975,NA
parkey.exe,42044,0x1DBA23EDF50,DXGI,0,0,0,Composed: Flip,16994.4777,NA,16.86370000000000,27.24330000000000,0.14210000000000,13.85200000000000,32.9184,16977.7706,16.8492,16.7071,0.1421,16.3566,14.2025,14.1800,0.0225,-10.7702,16977.7706,NA
parkey.exe,42044,0x1DBA23EDF50,DXGI,0,0,0,Composed: Flip,17011.6729,NA,17.19520000000000,14.34940000000000,0.18090000000000,13.99590000000000,30.0726,16994.6198,17.2340,17.0531,0.1809,16.8520,14.1970,14.1771,0.0199,2.4998,16994.6198,NA
parkey.exe,42044,0x1DBA23EDF50,DXGI,0,0,0,Composed: Flip,17028.0576,NA,16.38470000000000,19.00800000000000,0.12730000000000,13.89390000000000,32.6959,17011.8538,16.3311,16.2038,0.1273,16.0917,14.0060,13.9880,0.0180,-1.7740,17011.8538,NA
parkey.exe,42044,0x1DBA23EDF50,DXGI,0,0,0,Composed: Flip,17044.3804,NA,16.32280000000000,15.72270000000000,0.17680000000000,13.90780000000000,32.0958,17028.1849,16.3723,16.1955,0.1768,16.0566,14.0467,14.0269,0.0198,0.6084,17028.1849,NA
parkey.exe,42044,0x1DBA23EDF50,DXGI,0,0,0,Composed: Flip,17060.8934,NA,16.51300000000000,7.02140000000000,0.13480000000000,13.86450000000000,22.6042,17044.5572,16.4710,16.3362,0.1348,16.2255,13.9752,13.9569,0.0183,9.3509,17044.5572,NA
parkey.exe,42044,0x1DBA23EDF50,DXGI,0,0,0,Composed: Flip,17077.8912,NA,16.99780000000000,27.29500000000000,0.16730000000000,14.16610000000000,32.9014,17061.0282,17.0303,16.8630,0.1673,16.7061,14.3230,14.3059,0.0171,-10.8240,17061.0282,NA
parkey.exe,42044,0x1DBA23EDF50,DXGI,0,0,0,Composed: Flip,17094.4742,NA,16.58300000000000,16.68010000000000,0.15420000000000,13.91180000000000,32.9985,17078.0585,16.5699,16.4157,0.1542,16.2797,14.0478,14.0225,0.0253,0.3502,17078.0585,NA
parkey.exe,42044,0x1DBA23EDF50,DXGI,0,0,0,Composed: Flip,17111.1595,NA,16.68530000000000,16.67110000000000,0.18260000000000,13.53500000000000,32.9843,17094.6284,16.7137,16.5311,0.1826,16.4064,13.6597,13.6406,0.0191,-0.1012,17094.6284,NA
parkey.exe,42044,0x1DBA23EDF50,DXGI,0,0,0,Composed: Flip,17127.5309,NA,16.37140000000000,16.68640000000000,0.12630000000000,13.75440000000000,33.2993,17111.3421,16.3151,16.1888,0.1263,16.0138,13.9294,13.9088,0.0206,0.0273,17111.3421,NA
parkey.exe,42044,0x1DBA23EDF50,DXGI,0,0,0,Composed: Flip,17144.3571,NA,16.82620000000000,6.00330000000000,0.14920000000000,13.93610000000000,22.4764,17127.6572,16.8491,16.6999,0.1492,16.5775,14.0585,14.0379,0.0206,10.3118,17127.6572,NA
parkey.exe,42044,0x1DBA23EDF50,DXGI,0,0,0,Composed: Flip,17161.0332,NA,16.67610000000000,27.35160000000000,0.18130000000000,13.94580000000000,33.1519,17144.5063,16.7082,16.5269,0.1813,16.3977,14.0750,14.0577,0.0173,-10.5025,17144.5063,NA
parkey.exe,42044,0x1DBA23EDF50,DXGI,0,0,0,Composed: Flip,17177.9656,NA,16.93240000000000,14.27730000000000,0.14100000000000,13.44140000000000,30.4968,17161.2145,16.8921,16.7511,0.1410,16.2395,13.9530,13.9309,0.0221,2.4309,17161.2145,NA
parkey.exe,42044,0x1DBA23EDF50,DXGI,0,0,0,Composed: Flip,17194.6958,NA,16.73020000000000,19.10110000000000,0.16950000000000,13.75020000000000,32.8677,17178.1066,16.7587,16.5892,0.1695,16.0876,14.2518,14.2309,0.0209,-2.2090,17178.1066,NA
parkey.exe,42044,0x1DBA23EDF50,DXGI,0,0,0,Composed: Flip,17211.1996,NA,16.50380000000000,15.60670000000000,0.15400000000000,13.91950000000000,31.9706,17194.8653,16.4883,16.3343,0.1540,16.1960,14.0578,14.0384,0.0194,1.1520,17194.8653,NA
parkey.exe,42044,0x1DBA23EDF50,DXGI,0,0,0,Composed: Flip,17227.5475,NA,16.34790000000000,7.01770000000000,0.15130000000000,13.80330000000000,22.6404,17211.3536,16.3452,16.1939,0.1513,16.0751,13.9221,13.8867,0.0354,9.4706,17211.3536,NA
parkey.exe,42044,0x1DBA23EDF50,DXGI,0,0,0,Composed: Flip,17244.6838,NA,17.13630000000000,27.40690000000000,0.14260000000000,12.92790000000000,32.9110,17227.6988,17.1276,16.9850,0.1426,16.5382,13.3747,13.3550,0.0197,-11.0617,17227.6988,NA
parkey.exe,42044,0x1DBA23EDF50,DXGI,0,0,0,Composed: Flip,17260.8315,NA,16.14770000000000,16.67730000000000,0.12500000000000,13.37140000000000,33.4406,17244.8264,16.1301,16.0051,0.1250,15.8928,13.4837,13.4643,0.0194,0.4503,17244.8264,NA
parkey.exe,42044,0x1DBA23EDF50,DXGI,0,0,0,Composed: Flip,17277.7718,NA,16.94030000000000,16.68220000000000,0.21060000000000,13.92710000000000,33.1825,17260.9565,17.0259,16.8153,0.2106,16.6486,14.0938,13.8238,0.2700,-0.5521,17260.9565,NA
parkey.exe,42044,0x1DBA23EDF50,DXGI,0,0,0,Composed: Flip,17294.2680,NA,16.49620000000000,16.70540000000000,0.15490000000000,13.91430000000000,33.3917,17277.9824,16.4405,16.2856,0.1549,16.1699,14.0300,14.0118,0.0182,0.3205,17277.9824,NA
parkey.exe,42044,0x1DBA23EDF50,DXGI,0,0,0,Composed: Flip,17310.9189,NA,16.65090000000000,16.65170000000000,0.14350000000000,13.97330000000000,33.3925,17294.4229,16.6395,16.4960,0.1435,16.3798,14.0895,14.0663,0.0232,-0.2112,17294.4229,NA
parkey.exe,42044,0x1DBA23EDF50,DXGI,0,0,0,Composed: Flip,17327.5238,NA,16.60490000000000,16.68790000000000,0.12110000000000,13.87600000000000,33.4755,17311.0624,16.5825,16.4614,0.1211,16.3577,13.9797,13.9639,0.0158,-0.0484,17311.0624,NA
parkey.exe,42044,0x1DBA23EDF50,DXGI,0,0,0,Composed: Flip,17344.2708,NA,16.74700000000000,7.19960000000000,0.13820000000000,13.86880000000000,23.9281,17327.6449,16.7641,16.6259,0.1382,16.5103,13.9844,13.9654,0.0190,9.3829,17327.6449,NA
parkey.exe,42044,0x1DBA23EDF50,DXGI,0,0,0,Composed: Flip,17360.8909,NA,16.62010000000000,13.94840000000000,0.15570000000000,13.72890000000000,21.2564,17344.4090,16.6376,16.4819,0.1557,16.3470,13.8638,13.8467,0.0171,2.8157,17344.4090,NA
parkey.exe,42044,0x1DBA23EDF50,DXGI,0,0,0,Composed: Flip,17377.5618,NA,16.67090000000000,28.89130000000000,0.13390000000000,13.85760000000000,33.4768,17361.0466,16.6491,16.5152,0.1339,16.3964,13.9764,13.9567,0.0197,-12.2537,17361.0466,NA
parkey.exe,42044,0x1DBA23EDF50,DXGI,0,0,0,Composed: Flip,17394.8523,NA,17.29050000000000,16.67860000000000,0.18510000000000,13.84780000000000,32.8649,17377.6957,17.3417,17.1566,0.1851,16.8983,14.1061,14.0819,0.0242,-0.0295,17377.6957,NA
parkey.exe,42044,0x1DBA23EDF50,DXGI,0,0,0,Composed: Flip,17411.5936,NA,16.74130000000000,16.67290000000000,0.22330000000000,13.40850000000000,32.7965,17395.0374,16.7795,16.5562,0.2233,16.3614,13.6033,13.5835,0.0198,0.6688,17395.0374,NA
parkey.exe,42044,0x1DBA23EDF50,DXGI,0,0,0,Composed: Flip,17428.0796,NA,16.48600000000000,7.16810000000000,0.15960000000000,13.77060000000000,23.4786,17411.8169,16.4223,16.2627,0.1596,16.1137,13.9196,13.9006,0.0190,9.6114,17411.8169,NA
parkey.exe,42044,0x1DBA23EDF50,DXGI,0,0,0,Composed: Flip,17444.5116,NA,16.43200000000000,13.94960000000000,0.15350000000000,13.87130000000000,20.9962,17428.2392,16.4259,16.2724,0.1535,16.1052,14.0385,14.0211,0.0174,2.4727,17428.2392,NA
parkey.exe,42044,0x1DBA23EDF50,DXGI,0,0,0,Composed: Flip,17461.1289,NA,16.61730000000000,28.96400000000000,0.13890000000000,13.80490000000000,33.3429,17444.6651,16.6027,16.4638,0.1389,16.2957,13.9730,13.9419,0.0311,-12.5381,17444.6651,NA
parkey.exe,42044,0x1DBA23EDF50,DXGI,0,0,0,Composed: Flip,17478.1300,NA,17.00110000000000,5.75890000000000,0.22180000000000,13.85650000000000,22.1007,17461.2678,17.0840,16.8622,0.2218,16.6732,14.0455,14.0252,0.0203,10.8438,17461.2678,NA
parkey.exe,42044,0x1DBA23EDF50,DXGI,0,0,0,Composed: Flip,17494.7116,NA,16.58160000000000,27.57070000000000,0.22620000000000,13.33190000000000,33.0898,17478.3518,16.5860,16.3598,0.2262,16.1855,13.5062,13.4850,0.0212,-10.4867,17478.3518,NA
parkey.exe,42044,0x1DBA23EDF50,DXGI,0,0,0,Composed: Flip,17511.4901,NA,16.77850000000000,16.67430000000000,0.17660000000000,13.75700000000000,32.9856,17494.9378,16.7289,16.5523,0.1766,16.3437,13.9656,13.9459,0.0197,-0.0883,17494.9378,NA
parkey.exe,42044,0x1DBA23EDF50,DXGI,0,0,0,Composed: Flip,17527.8712,NA,16.38110000000000,16.68570000000000,0.21030000000000,13.81260000000000,33.2902,17511.6667,16.4148,16.2045,0.2103,16.0249,13.9922,13.9705,0.0217,0.0432,17511.6667,NA
parkey.exe,42044,0x1DBA23EDF50,DXGI,0,0,0,Composed: Flip,17544.4294,NA,16.55820000000000,15.40010000000000,0.18420000000000,14.16510000000000,32.1321,17528.0815,16.5321,16.3479,0.1842,16.2108,14.3022,14.2848,0.0174,1.0147,17528.0815,NA
parkey.exe,42044,0x1DBA23EDF50,DXGI,0,0,0,Composed: Flip,17561.0544,NA,16.62500000000000,7.00020000000000,0.13160000000000,13.76430000000000,22.5073,17544.6136,16.5724,16.4408,0.1316,16.3157,13.8894,13.8750,0.0144,9.5319,17544.6136,NA
parkey.exe,42044,0x1DBA23EDF50,DXGI,0,0,0,Composed: Flip,17577.5645,NA,16.51010000000000,27.63950000000000,0.13430000000000,13.69830000000000,33.6367,17561.1860,16.5128,16.3785,0.1343,16.2599,13.8169,13.7842,0.0327,-11.0671,17561.1860,NA
parkey.exe,42044,0x1DBA23EDF50,DXGI,0,0,0,Composed: Flip,17594.4910,NA,16.92650000000000,7.09370000000000,0.15410000000000,13.82560000000000,23.8039,17577.6988,16.9463,16.7922,0.1541,16.6542,13.9636,13.9414,0.0222,9.4191,17577.6988,NA
parkey.exe,42044,0x1DBA23EDF50,DXGI,0,0,0,Composed: Flip,17611.1787,NA,16.68770000000000,26.26170000000000,0.18630000000000,13.87410000000000,33.3779,17594.6451,16.7199,16.5336,0.1863,16.3792,14.0285,14.0077,0.0208,-9.3154,17594.6451,NA
parkey.exe,42044,0x1DBA23EDF50,DXGI,0,0,0,Composed: Flip,17627.6674,NA,16.48870000000000,15.35710000000000,0.13790000000000,13.93780000000000,32.2463,17611.3650,16.4403,16.3024,0.1379,16.1742,14.0660,14.0480,0.0180,1.3628,17611.3650,NA
parkey.exe,42044,0x1DBA23EDF50,DXGI,0,0,0,Composed: Flip,17644.2641,NA,16.59670000000000,7.02530000000000,0.14570000000000,13.89160000000000,22.6749,17627.8053,16.6045,16.4588,0.1457,16.3392,14.0112,13.9914,0.0198,9.4150,17627.8053,NA
parkey.exe,42044,0x1DBA23EDF50,DXGI,0,0,0,Composed: Flip,17660.9215,NA,16.65740000000000,27.65690000000000,0.14230000000000,13.73690000000000,33.6744,17644.4098,16.6540,16.5117,0.1423,16.3901,13.8585,13.8319,0.0266,-11.0524,17644.4098,NA
parkey.exe,42044,0x1DBA23EDF50,DXGI,0,0,0,Composed: Flip,17677.5793,NA,16.65780000000000,6.99720000000000,0.13560000000000,13.93650000000000,24.0138,17661.0638,16.6511,16.5155,0.1356,16.3918,14.0602,14.0409,0.0193,9.6568,17661.0638,NA
parkey.exe,42044,0x1DBA23EDF50,DXGI,0,0,0,Composed: Flip,17694.2625,NA,16.68320000000000,13.95680000000000,0.13860000000000,13.89910000000000,21.2874,17677.7149,16.6862,16.5476,0.1386,16.4202,14.0265,14.0074,0.0191,2.6943,17677.7149,NA
parkey.exe,42044,0x1DBA23EDF50,DXGI,0,0,0,Composed: Flip,17710.9584,NA,16.69590000000000,29.09100000000000,0.13960000000000,13.83500000000000,33.6825,17694.4011,16.6969,16.5573,0.1396,16.4370,13.9553,13.9341,0.0212,-12.4048,17694.4011,NA
parkey.exe,42044,0x1DBA23EDF50,DXGI,0,0,0,Composed: Flip,17727.8401,NA,16.88170000000000,5.62640000000000,0.23660000000000,14.22930000000000,22.4272,17711.0980,16.9787,16.7421,0.2366,16.5775,14.3939,14.3758,0.0181,11.0705,17711.0980,NA
parkey.exe,42044,0x1DBA23EDF50,DXGI,0,0,0,Composed: Flip,17744.6221,NA,16.78200000000000,20.78160000000000,0.16080000000000,14.02980000000000,26.4268,17728.0767,16.7062,16.5454,0.1608,16.4035,14.1717,14.1512,0.0205,-3.8029,17728.0767,NA
parkey.exe,42044,0x1DBA23EDF50,DXGI,0,0,0,Composed: Flip,17761.0715,NA,16.44940000000000,13.94200000000000,0.13490000000000,13.85980000000000,23.9194,17744.7829,16.4235,16.2886,0.1349,16.1550,13.9934,13.9752,0.0182,2.7642,17744.7829,NA
parkey.exe,42044,0x1DBA23EDF50,DXGI,0,0,0,Composed: Flip,17777.5121,NA,16.44060000000000,13.89690000000000,0.13280000000000,13.93220000000000,21.3757,17761.2064,16.4385,16.3057,0.1328,16.1839,14.0540,14.0370,0.0170,2.5266,17761.2064,NA
parkey.exe,42044,0x1DBA23EDF50,DXGI,0,0,0,Composed: Flip,17794.8539,NA,17.34180000000000,29.15390000000000,0.18920000000000,13.84090000000000,33.1878,17777.6449,17.3982,17.2090,0.1892,17.0432,14.0067,13.9793,0.0274,-12.7154,17777.6449,NA
parkey.exe,42044,0x1DBA23EDF50,DXGI,0,0,0,Composed: Flip,17811.3434,NA,16.48950000000000,16.67660000000000,0.16210000000000,13.52720000000000,33.3749,17795.0431,16.4624,16.3003,0.1621,16.1501,13.6774,13.6587,0.0187,0.7216,17795.0431,NA
parkey.exe,42044,0x1DBA23EDF50,DXGI,0,0,0,Composed: Flip,17827.5831,NA,16.23970000000000,16.75100000000000,0.12300000000000,13.82760000000000,33.8862,17811.5055,16.2006,16.0776,0.1230,15.9742,13.9310,13.9054,0.0256,-0.2886,17811.5055,NA
parkey.exe,42044,0x1DBA23EDF50,DXGI,0,0,0,Composed: Flip,17844.3301,NA,16.74700000000000,16.60510000000000,0.15280000000000,14.00830000000000,33.7443,17827.7061,16.7768,16.6240,0.1528,16.4962,14.1361,14.1017,0.0344,-0.4045,17827.7061,NA
parkey.exe,42044,0x1DBA23EDF50,DXGI,0,0,0,Composed: Flip,17860.9617,NA,16.63160000000000,4.17250000000000,0.16370000000000,13.83710000000000,21.2852,17844.4829,16.6425,16.4788,0.1637,16.3621,13.9538,13.9359,0.0179,12.6043,17844.4829,NA
parkey.exe,42044,0x1DBA23EDF50,DXGI,0,0,0,Composed: Flip,17877.7286,NA,16.76690000000000,29.21970000000000,0.13480000000000,13.71570000000000,33.7380,17861.1254,16.7380,16.6032,0.1348,16.4632,13.8557,13.8387,0.0170,-12.5772,17861.1254,NA
parkey.exe,42044,0x1DBA23EDF50,DXGI,0,0,0,Composed: Flip,17894.3377,NA,16.60910000000000,5.50610000000000,0.13970000000000,13.95930000000000,22.6350,17877.8634,16.6140,16.4743,0.1397,16.3449,14.0887,14.0665,0.0222,11.2319,17877.8634,NA
parkey.exe,42044,0x1DBA23EDF50,DXGI,0,0,0,Composed: Flip,17911.1627,NA,16.82500000000000,20.77200000000000,0.25460000000000,14.18590000000000,26.5820,17894.4774,16.9399,16.6853,0.2546,16.5416,14.3296,14.3093,0.0203,-4.1580,17894.4774,NA
parkey.exe,42044,0x1DBA23EDF50,DXGI,0,0,0,Composed: Flip,17927.9562,NA,16.79350000000000,13.93700000000000,0.18340000000000,13.83940000000000,23.7255,17911.4173,16.7223,16.5389,0.1834,16.3550,14.0233,14.0039,0.0194,3.0029,17911.4173,NA
parkey.exe,42044,0x1DBA23EDF50,DXGI,0,0,0,Composed: Flip,17944.3895,NA,16.43330000000000,13.90150000000000,0.14750000000000,14.01960000000000,21.1937,17928.1396,16.3974,16.2499,0.1475,16.1329,14.1366,14.1174,0.0192,2.8208,17928.1396,NA
parkey.exe,42044,0x1DBA23EDF50,DXGI,0,0,0,Composed: Flip,17960.8653,NA,16.47580000000000,29.25190000000000,0.12470000000000,13.81920000000000,33.9698,17944.5370,16.4530,16.3283,0.1247,16.2228,13.9247,13.9077,0.0170,-12.8545,17944.5370,NA
parkey.exe,42044,0x1DBA23EDF50,DXGI,0,0,0,Composed: Flip,17977.7195,NA,16.85420000000000,5.45640000000000,0.15750000000000,13.93860000000000,22.5720,17960.9900,16.8870,16.7295,0.1575,16.5889,14.0792,14.0651,0.0141,10.9966,17960.9900,NA
parkey.exe,42044,0x1DBA23EDF50,DXGI,0,0,0,Composed: Flip,17994.2196,NA,16.50010000000000,20.80700000000000,0.13760000000000,14.06730000000000,26.8789,17977.8770,16.4802,16.3426,0.1376,16.2197,14.1902,14.1737,0.0165,-3.9200,17977.8770,NA
parkey.exe,42044,0x1DBA23EDF50,DXGI,0,0,0,Composed: Flip,18011.2308,NA,17.01120000000000,13.93610000000000,0.15280000000000,13.94790000000000,23.8038,17994.3572,17.0264,16.8736,0.1528,16.7341,14.0874,14.0713,0.0161,2.5441,17994.3572,NA
parkey.exe,42044,0x1DBA23EDF50,DXGI,0,0,0,Composed: Flip,18027.7246,NA,16.49380000000000,26.52750000000000,0.14100000000000,14.12230000000000,33.8375,18011.3836,16.4820,16.3410,0.1410,16.2168,14.2465,14.2209,0.0256,-9.5011,18011.3836,NA
parkey.exe,42044,0x1DBA23EDF50,DXGI,0,0,0,Composed: Flip,18044.4255,NA,16.70090000000000,15.09050000000000,0.17060000000000,13.83320000000000,32.2271,18027.8656,16.7305,16.5599,0.1706,16.4247,13.9684,13.9503,0.0181,1.3915,18027.8656,NA
parkey.exe,42044,0x1DBA23EDF50,DXGI,0,0,0,Composed: Flip,18060.9190,NA,16.49350000000000,7.00040000000000,0.14530000000000,13.86140000000000,22.7340,18044.5961,16.4682,16.3229,0.1453,16.2011,13.9832,13.9573,0.0259,9.7301,18044.5961,NA
parkey.exe,42044,0x1DBA23EDF50,DXGI,0,0,0,Composed: Flip,18077.5905,NA,16.67150000000000,27.94770000000000,0.12350000000000,13.20510000000000,34.0102,18061.0643,16.6497,16.5262,0.1235,16.4067,13.3246,13.3015,0.0231,-11.4795,18061.0643,NA
parkey.exe,42044,0x1DBA23EDF50,DXGI,0,0,0,Composed: Flip,18094.2652,NA,16.67470000000000,6.78880000000000,0.13170000000000,13.83830000000000,24.1243,18077.7140,16.6829,16.5512,0.1317,16.4360,13.9535,13.9330,0.0205,9.8609,18077.7140,NA
parkey.exe,42044,0x1DBA23EDF50,DXGI,0,0,0,Composed: Flip,18111.0818,NA,16.81660000000000,13.89090000000000,0.15830000000000,13.85990000000000,21.1986,18094.3969,16.8432,16.6849,0.1583,16.5457,13.9991,13.9797,0.0194,2.7920,18094.3969,NA
parkey.exe,42044,0x1DBA23EDF50,DXGI,0,0,0,Composed: Flip,18127.7031,NA,16.62130000000000,29.36130000000000,0.14420000000000,13.80090000000000,33.9386,18111.2401,16.6072,16.4630,0.1442,16.3163,13.9476,13.9261,0.0215,-12.5181,18111.2401,NA
parkey.exe,42044,0x1DBA23EDF50,DXGI,0,0,0,Composed: Flip,18144.2048,NA,16.50170000000000,5.36740000000000,0.12190000000000,13.63870000000000,22.8043,18127.8473,16.4794,16.3575,0.1219,16.2470,13.7492,13.7285,0.0207,11.2398,18127.8473,NA
parkey.exe,42044,0x1DBA23EDF50,DXGI,0,0,0,Composed: Flip,18161.1399,NA,16.93510000000000,20.78040000000000,0.15830000000000,13.92950000000000,26.6496,18144.3267,16.9715,16.8132,0.1583,16.6755,14.0672,14.0460,0.0212,-4.3010,18144.3267,NA
parkey.exe,42044,0x1DBA23EDF50,DXGI,0,0,0,Composed: Flip,18177.6422,NA,16.50230000000000,13.94320000000000,0.12810000000000,13.54360000000000,24.0905,18161.2982,16.4721,16.3440,0.1281,16.2277,13.6599,13.6414,0.0185,3.0283,18161.2982,NA
parkey.exe,42044,0x1DBA23EDF50,DXGI,0,0,0,Composed: Flip,18194.3434,NA,16.70120000000000,13.89740000000000,0.14610000000000,13.98240000000000,21.2867,18177.7703,16.7192,16.5731,0.1461,16.4351,14.1204,14.1000,0.0204,2.5747,18177.7703,NA
parkey.exe,42044,0x1DBA23EDF50,DXGI,0,0,0,Composed: Flip,18211.0063,NA,16.66290000000000,29.42160000000000,0.13400000000000,13.92720000000000,34.0454,18194.4895,16.6508,16.5168,0.1340,16.3930,14.0510,14.0311,0.0199,-12.7024,18194.4895,NA
parkey.exe,42044,0x1DBA23EDF50,DXGI,0,0,0,Composed: Flip,18227.8557,NA,16.84940000000000,5.30420000000000,0.18860000000000,13.93930000000000,22.5002,18211.1403,16.9040,16.7154,0.1886,16.5628,14.0919,14.0717,0.0202,11.3466,18211.1403,NA
parkey.exe,42044,0x1DBA23EDF50,DXGI,0,0,0,Composed: Flip,18244.6262,NA,16.77050000000000,20.77600000000000,0.16940000000000,14.11000000000000,26.5057,18228.0443,16.7513,16.5819,0.1694,16.4182,14.2737,14.2540,0.0197,-3.8720,18228.0443,NA
parkey.exe,42044,0x1DBA23EDF50,DXGI,0,0,0,Composed: Flip,18260.9032,NA,16.27700000000000,13.94640000000000,0.14500000000000,13.59240000000000,24.1751,18244.7956,16.2526,16.1076,0.1450,15.9938,13.7062,13.6866,0.0196,2.8049,18244.7956,NA
parkey.exe,42044,0x1DBA23EDF50,DXGI,0,0,0,Composed: Flip,18277.5398,NA,16.63660000000000,26.68980000000000,0.14270000000000,14.27770000000000,34.2283,18261.0482,16.6343,16.4916,0.1427,16.3735,14.3958,14.3778,0.0180,-10.4372,18261.0482,NA
parkey.exe,42044,0x1DBA23EDF50,DXGI,0,0,0,Composed: Flip,18294.2594,NA,16.71960000000000,7.98380000000000,0.14130000000000,13.40520000000000,25.4925,18277.6825,16.7182,16.5769,0.1413,16.4460,13.5361,13.5149,0.0212,8.6505,18277.6825,NA
parkey.exe,42044,0x1DBA23EDF50,DXGI,0,0,0,Composed: Flip,18310.9226,NA,16.66320000000000,13.93610000000000,0.13880000000000,13.38030000000000,22.7654,18294.4007,16.6607,16.5219,0.1388,16.4036,13.4986,13.4747,0.0239,2.7821,18294.4007,NA
parkey.exe,42044,0x1DBA23EDF50,DXGI,0,0,0,Composed: Flip,18327.5984,NA,16.67580000000000,28.11360000000000,0.13170000000000,13.69820000000000,34.2032,18311.0614,16.6687,16.5370,0.1317,16.4160,13.8192,13.7561,0.0631,-11.4529,18311.0614,NA
parkey.exe,42044,0x1DBA23EDF50,DXGI,0,0,0,Composed: Flip,18344.0742,NA,16.47580000000000,16.68500000000000,0.13460000000000,13.41200000000000,34.4124,18327.7301,16.4787,16.3441,0.1346,16.2364,13.5197,13.4993,0.0204,-0.0163,18327.7301,NA
parkey.exe,42044,0x1DBA23EDF50,DXGI,0,0,0,Composed: Flip,18361.1409,NA,17.06670000000000,3.84660000000000,0.17780000000000,13.80210000000000,21.1923,18344.2088,17.1099,16.9321,0.1778,16.7586,13.9756,13.9570,0.0186,12.6321,18344.2088,NA
parkey.exe,42044,0x1DBA23EDF50,DXGI,0,0,0,Composed: Flip,18377.8670,NA,16.72610000000000,20.77480000000000,0.16270000000000,13.60610000000000,25.2410,18361.3187,16.7110,16.5483,0.1627,16.3859,13.7685,13.7413,0.0272,-3.6649,18361.3187,NA
parkey.exe,42044,0x1DBA23EDF50,DXGI,0,0,0,Composed: Flip,18394.9017,NA,17.03470000000000,13.96680000000000,0.19550000000000,13.96750000000000,22.1731,18378.0297,17.0675,16.8720,0.1955,16.6867,14.1528,14.1339,0.0189,2.7442,18378.0297,NA
parkey.exe,42044,0x1DBA23EDF50,DXGI,0,0,0,Composed: Flip,18411.4999,NA,16.59820000000000,20.76410000000000,0.19850000000000,13.26810000000000,26.3390,18395.0972,16.6012,16.4027,0.1985,16.2240,13.4468,13.4119,0.0349,-3.6966,18395.0972,NA
parkey.exe,42044,0x1DBA23EDF50,DXGI,0,0,0,Composed: Flip,18428.2190,NA,16.71910000000000,13.95250000000000,0.21160000000000,13.44510000000000,23.5724,18411.6984,16.7322,16.5206,0.2116,16.3170,13.6487,13.6269,0.0218,2.6487,18411.6984,NA
parkey.exe,42044,0x1DBA23EDF50,DXGI,0,0,0,Composed: Flip,18444.9540,NA,16.73500000000000,26.78430000000000,0.31600000000000,13.92370000000000,33.6217,18428.4306,16.8394,16.5234,0.3160,16.2898,14.1573,14.1281,0.0292,-10.0521,18428.4306,NA
parkey.exe,42044,0x1DBA23EDF50,DXGI,0,0,0,Composed: Flip,18461.5904,NA,16.63640000000000,14.83070000000000,0.19580000000000,13.46350000000000,31.8160,18445.2700,16.5162,16.3204,0.1958,16.1474,13.6365,13.6133,0.0232,2.0087,18445.2700,NA
parkey.exe,42044,0x1DBA23EDF50,DXGI,0,0,0,Composed: Flip,18478.1642,NA,16.57380000000000,7.04810000000000,0.21280000000000,13.47190000000000,22.2903,18461.7862,16.5908,16.3780,0.2128,16.2031,13.6468,13.6219,0.0249,9.4681,18461.7862,NA
parkey.exe,42044,0x1DBA23EDF50,DXGI,0,0,0,Composed: Flip,18494.7980,NA,16.63380000000000,20.74340000000000,0.17540000000000,13.38730000000000,26.3999,18478.3770,16.5964,16.4210,0.1754,16.2494,13.5589,13.5202,0.0387,-4.1526,18478.3770,NA
parkey.exe,42044,0x1DBA23EDF50,DXGI,0,0,0,Composed: Flip,18511.4742,NA,16.67620000000000,13.94700000000000,0.17460000000000,13.36790000000000,23.6707,18494.9734,16.6754,16.5008,0.1746,16.3238,13.5449,13.5220,0.0229,2.6494,18494.9734,NA
parkey.exe,42044,0x1DBA23EDF50,DXGI,0,0,0,Composed: Flip,18528.0953,NA,16.62110000000000,13.90150000000000,0.18770000000000,13.78440000000000,20.9511,18511.6488,16.6342,16.4465,0.1877,16.2771,13.9538,13.9275,0.0263,2.7739,18511.6488,NA
parkey.exe,42044,0x1DBA23EDF50,DXGI,0,0,0,Composed: Flip,18544.8512,NA,16.75590000000000,20.76250000000000,0.19090000000000,13.40110000000000,24.9577,18528.2830,16.7591,16.5682,0.1909,16.3893,13.5800,13.5470,0.0330,-4.1283,18528.2830,NA
parkey.exe,42044,0x1DBA23EDF50,DXGI,0,0,0,Composed: Flip,18561.4935,NA,16.64230000000000,13.95210000000000,0.19920000000000,13.39540000000000,22.2675,18545.0421,16.6506,16.4514,0.1992,16.2716,13.5752,13.5530,0.0222,2.8070,18545.0421,NA
parkey.exe,42044,0x1DBA23EDF50,DXGI,0,0,0,Composed: Flip,18578.2514,NA,16.75790000000000,28.25410000000000,0.17950000000000,13.19760000000000,33.7637,18561.6927,16.7382,16.5587,0.1795,16.3790,13.3773,13.3553,0.0220,-11.6035,18561.6927,NA
parkey.exe,42044,0x1DBA23EDF50,DXGI,0,0,0,Composed: Flip,18594.7727,NA,16.52130000000000,16.68150000000000,0.17400000000000,13.41230000000000,33.9239,18578.4309,16.5158,16.3418,0.1740,16.1775,13.5766,13.5552,0.0214,0.0567,18578.4309,NA
parkey.exe,42044,0x1DBA23EDF50,DXGI,0,0,0,Composed: Flip,18611.6335,NA,16.86080000000000,3.70570000000000,0.20570000000000,13.41140000000000,20.7688,18594.9467,16.8925,16.6868,0.2057,16.3871,13.7111,13.6913,0.0198,12.8101,18594.9467,NA
parkey.exe,42044,0x1DBA23EDF50,DXGI,0,0,0,Composed: Flip,18628.1346,NA,16.50110000000000,20.74630000000000,0.16980000000000,13.39670000000000,25.0140,18611.8392,16.4652,16.2954,0.1698,16.1187,13.5734,13.5552,0.0182,-3.8538,18611.8392,NA
parkey.exe,42044,0x1DBA23EDF50,DXGI,0,0,0,Composed: Flip,18644.6279,NA,16.49330000000000,13.95410000000000,0.17230000000000,13.58070000000000,22.4748,18628.3044,16.4958,16.3235,0.1723,16.1488,13.7554,13.7374,0.0180,2.5111,18628.3044,NA
parkey.exe,42044,0x1DBA23EDF50,DXGI,0,0,0,Composed: Flip,18661.4198,NA,16.79190000000000,28.31240000000000,0.19040000000000,12.85560000000000,33.9953,18644.8002,16.8100,16.6196,0.1904,16.4475,13.0277,13.0013,0.0264,-11.8166,18644.8002,NA
parkey.exe,42044,0x1DBA23EDF50,DXGI,0,0,0,Composed: Flip,18678.0972,NA,16.67740000000000,6.41040000000000,0.16790000000000,13.51440000000000,23.7283,18661.6102,16.6549,16.4870,0.1679,16.3329,13.6685,13.6466,0.0219,10.3996,18661.6102,NA
parkey.exe,42044,0x1DBA23EDF50,DXGI,0,0,0,Composed: Flip,18694.7119,NA,16.61470000000000,13.89270000000000,0.19010000000000,13.89720000000000,21.0063,18678.2651,16.6369,16.4468,0.1901,16.2753,14.0687,14.0436,0.0251,2.7622,18678.2651,NA
parkey.exe,42044,0x1DBA23EDF50,DXGI,0,0,0,Composed: Flip,18711.2716,NA,16.55970000000000,29.73670000000000,0.15210000000000,13.09540000000000,34.1833,18694.9020,16.5217,16.3696,0.1521,16.2111,13.2539,13.2329,0.0210,-13.0998,18694.9020,NA
parkey.exe,42044,0x1DBA23EDF50,DXGI,0,0,0,Composed: Flip,18727.9320,NA,16.66040000000000,4.99940000000000,0.17560000000000,13.44570000000000,22.5223,18711.4237,16.6839,16.5083,0.1756,16.3592,13.5948,13.5714,0.0234,11.5223,18711.4237,NA
parkey.exe,42044,0x1DBA23EDF50,DXGI,0,0,0,Composed: Flip,18744.8621,NA,16.93010000000000,20.77450000000000,0.18570000000000,14.02660000000000,26.3667,18728.1076,16.9402,16.7545,0.1857,16.5193,14.2618,14.2433,0.0185,-4.0906,18728.1076,NA
parkey.exe,42044,0x1DBA23EDF50,DXGI,0,0,0,Composed: Flip,18761.3635,NA,16.50140000000000,13.93090000000000,0.16190000000000,13.46330000000000,23.7962,18745.0478,16.4776,16.3157,0.1619,16.1470,13.6320,13.6088,0.0232,3.0093,18745.0478,NA
parkey.exe,42044,0x1DBA23EDF50,DXGI,0,0,0,Composed: Flip,18778.0717,NA,16.70820000000000,13.92550000000000,0.19080000000000,13.78400000000000,21.0135,18761.5254,16.7371,16.5463,0.1908,16.3727,13.9576,13.9375,0.0201,2.5521,18761.5254,NA
parkey.exe,42044,0x1DBA23EDF50,DXGI,0,0,0,Composed: Flip,18794.6798,NA,16.60810000000000,20.76080000000000,0.20690000000000,12.93420000000000,25.1662,18778.2625,16.6242,16.4173,0.2069,16.2169,13.1346,13.1145,0.0201,-4.0237,18778.2625,NA
parkey.exe,42044,0x1DBA23EDF50,DXGI,0,0,0,Composed: Flip,18811.4381,NA,16.75830000000000,13.94360000000000,0.16810000000000,13.33530000000000,22.3515,18794.8867,16.7195,16.5514,0.1681,16.3791,13.5076,13.4871,0.0205,2.6806,18794.8867,NA
parkey.exe,42044,0x1DBA23EDF50,DXGI,0,0,0,Composed: Flip,18828.0646,NA,16.62650000000000,27.73160000000000,0.16260000000000,12.81450000000000,33.4566,18811.6062,16.6210,16.4584,0.1626,16.2996,12.9733,12.9520,0.0213,-11.0121,18811.6062,NA
parkey.exe,42044,0x1DBA23EDF50,DXGI,0,0,0,Composed: Flip,18844.6048,NA,16.54020000000000,6.99970000000000,0.15190000000000,13.40260000000000,23.9161,18828.2272,16.5295,16.3776,0.1519,16.2362,13.5440,13.5143,0.0297,9.6213,18828.2272,NA
parkey.exe,42044,0x1DBA23EDF50,DXGI,0,0,0,Composed: Flip,18861.2117,NA,16.60690000000000,27.06630000000000,0.17630000000000,14.19100000000000,34.3755,18844.7567,16.6313,16.4550,0.1763,16.3063,14.3397,14.3204,0.0193,-10.5368,18844.7567,NA
parkey.exe,42044,0x1DBA23EDF50,DXGI,0,0,0,Composed: Flip,18878.1653,NA,16.95360000000000,14.55270000000000,0.17490000000000,13.30940000000000,31.9746,18861.3880,16.9522,16.7773,0.1749,16.5885,13.4982,13.4568,0.0414,2.0786,18861.3880,NA
parkey.exe,42044,0x1DBA23EDF50,DXGI,0,0,0,Composed: Flip,18894.8305,NA,16.66520000000000,6.99850000000000,0.21650000000000,13.47070000000000,22.3079,18878.3402,16.7068,16.4903,0.2165,16.3133,13.6477,13.6283,0.0194,9.9537,18878.3402,NA
parkey.exe,42044,0x1DBA23EDF50,DXGI,0,0,0,Composed: Flip,18911.2767,NA,16.44620000000000,28.47390000000000,0.17600000000000,12.92610000000000,34.3356,18895.0470,16.4057,16.2297,0.1760,16.0732,13.0826,13.0591,0.0235,-11.7671,18895.0470,NA
parkey.exe,42044,0x1DBA23EDF50,DXGI,0,0,0,Composed: Flip,18927.6788,NA,16.40210000000000,6.24360000000000,0.14700000000000,13.39300000000000,24.1771,18911.4527,16.3731,16.2261,0.1470,16.0964,13.5227,13.5046,0.0181,10.1621,18911.4527,NA
parkey.exe,42044,0x1DBA23EDF50,DXGI,0,0,0,Composed: Flip,18944.3083,NA,16.62950000000000,13.90910000000000,0.14110000000000,13.77710000000000,21.4567,18927.8258,16.6236,16.4825,0.1411,16.3564,13.9032,13.8811,0.0221,2.4640,18927.8258,NA
parkey.exe,42044,0x1DBA23EDF50,DXGI,0,0,0,Composed: Flip,18960.9236,NA,16.61530000000000,20.77490000000000,0.12460000000000,13.50080000000000,25.6163,18944.4494,16.5988,16.4742,0.1246,16.3606,13.6144,13.5953,0.0191,-4.1513,18944.4494,NA
parkey.exe,42044,0x1DBA23EDF50,DXGI,0,0,0,Composed: Flip,18977.8764,NA,16.95280000000000,13.95800000000000,0.17680000000000,13.46750000000000,22.6215,18961.0482,17.0050,16.8282,0.1768,16.6653,13.6304,13.6124,0.0180,2.6408,18961.0482,NA
parkey.exe,42044,0x1DBA23EDF50,DXGI,0,0,0,Composed: Flip,18994.3248,NA,16.44840000000000,28.52350000000000,0.13510000000000,13.77940000000000,34.6966,18978.0532,16.4067,16.2716,0.1351,16.1471,13.9039,13.8718,0.0321,-11.5185,18978.0532,NA
parkey.exe,42044,0x1DBA23EDF50,DXGI,0,0,0,Composed: Flip,19010.9054,NA,16.58060000000000,6.19130000000000,0.13250000000000,13.49720000000000,24.3073,18994.4599,16.5780,16.4455,0.1325,16.3338,13.6089,13.5902,0.0187,10.2154,18994.4599,NA
parkey.exe,42044,0x1DBA23EDF50,DXGI,0,0,0,Composed: Flip,19027.5497,NA,16.64430000000000,13.89150000000000,0.17990000000000,13.74030000000000,21.5545,19011.0379,16.6917,16.5118,0.1799,16.3457,13.9064,13.8849,0.0215,2.6865,19011.0379,NA
parkey.exe,42044,0x1DBA23EDF50,DXGI,0,0,0,Composed: Flip,19044.4545,NA,16.90480000000000,29.96130000000000,0.15370000000000,13.59690000000000,34.6110,19027.7296,16.8786,16.7249,0.1537,16.5918,13.7300,13.7086,0.0214,-13.2696,19027.7296,NA
parkey.exe,42044,0x1DBA23EDF50,DXGI,0,0,0,Composed: Flip,19060.8981,NA,16.44360000000000,16.66600000000000,0.13760000000000,13.57540000000000,34.8334,19044.6082,16.4275,16.2899,0.1376,16.1648,13.7005,13.6755,0.0250,0.2126,19044.6082,NA
parkey.exe,42044,0x1DBA23EDF50,DXGI,0,0,0,Composed: Flip,19077.5803,NA,16.68220000000000,16.68640000000000,0.15180000000000,13.41220000000000,34.8376,19061.0357,16.6964,16.5446,0.1518,16.4200,13.5368,13.5181,0.0187,-0.2589,19061.0357,NA
parkey.exe,42044,0x1DBA23EDF50,DXGI,0,0,0,Composed: Flip,19094.3075,NA,16.72720000000000,16.68290000000000,0.14190000000000,13.62440000000000,34.7933,19077.7321,16.7173,16.5754,0.1419,16.4561,13.7437,13.7206,0.0231,0.0135,19077.7321,NA
parkey.exe,42044,0x1DBA23EDF50,DXGI,0,0,0,Composed: Flip,19110.9807,NA,16.67320000000000,16.67470000000000,0.13260000000000,12.49740000000000,34.7948,19094.4494,16.6639,16.5313,0.1326,16.4229,12.6058,12.5906,0.0152,0.0426,19094.4494,NA
parkey.exe,42044,0x1DBA23EDF50,DXGI,0,0,0,Composed: Flip,19127.7654,NA,16.78470000000000,7.45650000000000,0.16090000000000,13.33850000000000,25.4666,19111.1133,16.8130,16.6521,0.1609,16.4926,13.4980,13.4785,0.0195,9.2074,19111.1133,NA
parkey.exe,42044,0x1DBA23EDF50,DXGI,0,0,0,Composed: Flip,19144.3485,NA,16.58310000000000,13.97050000000000,0.13890000000000,12.94960000000000,22.8540,19127.9263,16.5611,16.4222,0.1389,16.2911,13.0807,13.0618,0.0189,2.8425,19127.9263,NA
parkey.exe,42044,0x1DBA23EDF50,DXGI,0,0,0,Composed: Flip,19160.8469,NA,16.49840000000000,28.62590000000000,0.15160000000000,13.73290000000000,34.9815,19144.4874,16.5111,16.3595,0.1516,16.1732,13.9192,13.8996,0.0196,-12.0648,19144.4874,NA
parkey.exe,42044,0x1DBA23EDF50,DXGI,0,0,0,Composed: Flip,19177.5395,NA,16.69260000000000,6.08760000000000,0.14130000000000,13.74520000000000,24.3765,19160.9985,16.6823,16.5410,0.1413,16.4077,13.8785,13.8582,0.0203,10.4235,19160.9985,NA
parkey.exe,42044,0x1DBA23EDF50,DXGI,0,0,0,Composed: Flip,19194.3270,NA,16.78750000000000,27.27940000000000,0.13780000000000,14.25550000000000,34.8684,19177.6808,16.7840,16.6462,0.1378,16.5243,14.3774,14.3513,0.0261,-10.5971,19177.6808,NA
parkey.exe,42044,0x1DBA23EDF50,DXGI,0,0,0,Composed: Flip,19211.2531,NA,16.92610000000000,14.32490000000000,0.16070000000000,13.23790000000000,32.2672,19194.4648,16.9490,16.7883,0.1607,16.6331,13.3931,13.3698,0.0233,2.4591,19194.4648,NA
parkey.exe,42044,0x1DBA23EDF50,DXGI,0,0,0,Composed: Flip,19228.0919,NA,16.83880000000000,7.01660000000000,0.19030000000000,13.40870000000000,22.4450,19211.4138,16.8684,16.6781,0.1903,16.5116,13.5752,13.5546,0.0206,9.9324,19211.4138,NA
parkey.exe,42044,0x1DBA23EDF50,DXGI,0,0,0,Composed: Flip,19244.7627,NA,16.67080000000000,28.68220000000000,0.15540000000000,12.89120000000000,34.4564,19228.2822,16.6359,16.4805,0.1554,16.3076,13.0641,13.0411,0.0230,-11.8138,19228.2822,NA
parkey.exe,42044,0x1DBA23EDF50,DXGI,0,0,0,Composed: Flip,19261.2933,NA,16.53060000000000,6.04150000000000,0.15910000000000,13.41500000000000,23.9673,19244.9181,16.5343,16.3752,0.1591,16.2253,13.5649,13.5457,0.0192,10.5944,19244.9181,NA
parkey.exe,42044,0x1DBA23EDF50,DXGI,0,0,0,Composed: Flip,19277.9833,NA,16.69000000000000,27.31780000000000,0.17940000000000,13.94130000000000,34.5951,19261.4524,16.7103,16.5309,0.1794,16.3643,14.1079,14.0883,0.0196,-10.7835,19261.4524,NA
parkey.exe,42044,0x1DBA23EDF50,DXGI,0,0,0,Composed: Flip,19294.3890,NA,16.40570000000000,14.29250000000000,0.16960000000000,13.37980000000000,32.4819,19278.1627,16.3959,16.2263,0.1696,16.0826,13.5235,13.4846,0.0389,2.4178,19278.1627,NA
parkey.exe,42044,0x1DBA23EDF50,DXGI,0,0,0,Composed: Flip,19310.7732,NA,16.38420000000000,7.00730000000000,0.13110000000000,13.17230000000000,23.1050,19294.5586,16.3457,16.2146,0.1311,16.1080,13.2789,13.2586,0.0203,9.3886,19294.5586,NA
parkey.exe,42044,0x1DBA23EDF50,DXGI,0,0,0,Composed: Flip,19327.6451,NA,16.87190000000000,20.77840000000000,0.14030000000000,13.66280000000000,27.0115,19310.9043,16.8811,16.7408,0.1403,16.5185,13.8851,13.8633,0.0218,-4.4327,19310.9043,NA
parkey.exe,42044,0x1DBA23EDF50,DXGI,0,0,0,Composed: Flip,19344.1677,NA,16.52260000000000,13.94780000000000,0.13300000000000,13.16780000000000,24.4367,19327.7854,16.5153,16.3823,0.1330,16.2580,13.2921,13.2676,0.0245,2.9333,19327.7854,NA
parkey.exe,42044,0x1DBA23EDF50,DXGI,0,0,0,Composed: Flip,19360.8443,NA,16.67660000000000,13.89400000000000,0.15510000000000,13.85040000000000,21.6541,19344.3007,16.6987,16.5436,0.1551,16.4244,13.9696,13.9489,0.0207,2.6213,19344.3007,NA
parkey.exe,42044,0x1DBA23EDF50,DXGI,0,0,0,Composed: Flip,19377.6894,NA,16.84510000000000,30.15710000000000,0.14240000000000,13.58520000000000,34.9661,19360.9994,16.8324,16.6900,0.1424,16.5655,13.7097,13.6710,0.0387,-13.4584,19360.9994,NA
parkey.exe,42044,0x1DBA23EDF50,DXGI,0,0,0,Composed: Flip,19394.1353,NA,16.44590000000000,4.58070000000000,0.12990000000000,13.05050000000000,23.1009,19377.8318,16.4334,16.3035,0.1299,16.1579,13.1961,13.1758,0.0203,12.2517,19377.8318,NA
parkey.exe,42044,0x1DBA23EDF50,DXGI,0,0,0,Composed: Flip,19411.3700,NA,17.23470000000000,28.79690000000000,0.16120000000000,13.55150000000000,34.6631,19394.2652,17.2660,17.1048,0.1612,16.9542,13.7021,13.6362,0.0659,-12.3635,19394.2652,NA
parkey.exe,42044,0x1DBA23EDF50,DXGI,0,0,0,Composed: Flip,19427.7849,NA,16.41490000000000,5.91790000000000,0.15380000000000,13.64810000000000,24.1661,19411.5312,16.4075,16.2537,0.1538,16.1095,13.7923,13.7673,0.0250,11.3481,19411.5312,NA
parkey.exe,42044,0x1DBA23EDF50,DXGI,0,0,0,Composed: Flip,19444.2708,NA,16.48590000000000,13.90830000000000,0.13780000000000,13.74680000000000,21.5885,19427.9387,16.4699,16.3321,0.1378,16.2069,13.8720,13.8496,0.0224,2.4992,19427.9387,NA
parkey.exe,42044,0x1DBA23EDF50,DXGI,0,0,0,Composed: Flip,19461.2494,NA,16.97860000000000,20.78150000000000,0.18730000000000,13.20310000000000,25.3914,19444.4086,17.0281,16.8408,0.1873,16.6687,13.3752,13.3577,0.0175,-4.3116,19444.4086,NA
parkey.exe,42044,0x1DBA23EDF50,DXGI,0,0,0,Composed: Flip,19477.9405,NA,16.69110000000000,13.94410000000000,0.18230000000000,13.39290000000000,22.6444,19461.4367,16.6861,16.5038,0.1823,16.3525,13.5442,13.5216,0.0226,3.0840,19461.4367,NA
parkey.exe,42044,0x1DBA23EDF50,DXGI,0,0,0,Composed: Flip,19494.7932,NA,16.85270000000000,28.84750000000000,0.17160000000000,13.55360000000000,34.6392,19478.1228,16.8420,16.6704,0.1716,16.4991,13.7249,13.6741,0.0508,-12.1614,19478.1228,NA
parkey.exe,42044,0x1DBA23EDF50,DXGI,0,0,0,Composed: Flip,19511.4557,NA,16.66250000000000,5.90310000000000,0.17190000000000,13.00200000000000,23.8798,19494.9648,16.6628,16.4909,0.1719,16.3130,13.1799,13.1575,0.0224,10.9389,19494.9648,NA
parkey.exe,42044,0x1DBA23EDF50,DXGI,0,0,0,Composed: Flip,19528.1093,NA,16.65360000000000,27.46420000000000,0.20440000000000,13.75610000000000,34.6904,19511.6276,16.6861,16.4817,0.2044,16.2944,13.9434,13.9237,0.0197,-10.8014,19511.6276,NA
parkey.exe,42044,0x1DBA23EDF50,DXGI,0,0,0,Composed: Flip,19544.8056,NA,16.69630000000000,14.12840000000000,0.21110000000000,13.38190000000000,32.1225,19528.3137,16.7030,16.4919,0.2111,16.3109,13.5629,13.5420,0.0209,2.5577,19528.3137,NA
parkey.exe,42044,0x1DBA23EDF50,DXGI,0,0,0,Composed: Flip,19561.4523,NA,16.64670000000000,7.02190000000000,0.20460000000000,12.98140000000000,22.4977,19545.0167,16.6402,16.4356,0.2046,16.2538,13.1632,13.1363,0.0269,9.6811,19545.0167,NA
parkey.exe,42044,0x1DBA23EDF50,DXGI,0,0,0,Composed: Flip,19578.1548,NA,16.70250000000000,20.76880000000000,0.17200000000000,13.67930000000000,26.5640,19561.6569,16.6699,16.4979,0.1720,16.3019,13.8753,13.8521,0.0232,-4.1286,19561.6569,NA
parkey.exe,42044,0x1DBA23EDF50,DXGI,0,0,0,Composed: Flip,19594.7485,NA,16.59370000000000,13.93540000000000,0.19170000000000,13.04850000000000,23.9057,19578.3268,16.6134,16.4217,0.1917,16.2433,13.2269,13.2038,0.0231,2.7345,19578.3268,NA
parkey.exe,42044,0x1DBA23EDF50,DXGI,0,0,0,Composed: Flip,19611.4586,NA,16.71010000000000,27.53680000000000,0.32680000000000,13.78870000000000,34.7324,19594.9402,16.8452,16.5184,0.3268,16.3129,13.9942,13.9725,0.0217,-10.9234,19594.9402,NA
parkey.exe,42044,0x1DBA23EDF50,DXGI,0,0,0,Composed: Flip,19628.0608,NA,16.60220000000000,14.07620000000000,0.17640000000000,12.94720000000000,32.2064,19611.7854,16.4518,16.2754,0.1764,16.1131,13.1095,13.0873,0.0222,2.7690,19611.7854,NA
parkey.exe,42044,0x1DBA23EDF50,DXGI,0,0,0,Composed: Flip,19644.6442,NA,16.58340000000000,7.00220000000000,0.17610000000000,13.26140000000000,22.6252,19628.2372,16.5831,16.4070,0.1761,16.2403,13.4281,13.4036,0.0245,9.4496,19628.2372,NA
parkey.exe,42044,0x1DBA23EDF50,DXGI,0,0,0,Composed: Flip,19661.2707,NA,16.62650000000000,28.95060000000000,0.19260000000000,13.53340000000000,34.9493,19644.8203,16.6430,16.4504,0.1926,16.2743,13.7095,13.6897,0.0198,-12.3675,19644.8203,NA
parkey.exe,42044,0x1DBA23EDF50,DXGI,0,0,0,Composed: Flip,19677.6396,NA,16.36890000000000,5.77830000000000,0.13940000000000,13.15510000000000,24.3587,19661.4633,16.3157,16.1763,0.1394,16.0701,13.2613,13.2429,0.0184,10.8647,19661.4633,NA
parkey.exe,42044,0x1DBA23EDF50,DXGI,0,0,0,Composed: Flip,19694.3044,NA,16.66480000000000,13.89490000000000,0.17000000000000,13.85380000000000,21.5888,19677.7790,16.6954,16.5254,0.1700,16.4052,13.9740,13.9523,0.0217,2.4208,19677.7790,NA
parkey.exe,42044,0x1DBA23EDF50,DXGI,0,0,0,Composed: Flip,19710.9504,NA,16.64600000000000,20.77740000000000,0.13690000000000,12.90490000000000,25.7202,19694.4744,16.6129,16.4760,0.1369,16.3474,13.0335,13.0158,0.0177,-4.0820,19694.4744,NA
parkey.exe,42044,0x1DBA23EDF50,DXGI,0,0,0,Composed: Flip,19727.6772,NA,16.72680000000000,13.89710000000000,0.16770000000000,13.14400000000000,22.8905,19711.0873,16.7576,16.5899,0.1677,16.4706,13.2633,13.2445,0.0188,2.7158,19711.0873,NA
parkey.exe,42044,0x1DBA23EDF50,DXGI,0,0,0,Composed: Flip,19744.3274,NA,16.65020000000000,20.83370000000000,0.15180000000000,13.95950000000000,27.0740,19727.8449,16.6343,16.4825,0.1518,16.3508,14.0912,14.0307,0.0605,-4.0761,19727.8449,NA
parkey.exe,42044,0x1DBA23EDF50,DXGI,0,0,0,Composed: Flip,19760.8874,NA,16.56000000000000,13.94430000000000,0.12700000000000,13.04130000000000,24.4583,19744.4792,16.5352,16.4082,0.1270,16.2920,13.1575,13.1418,0.0157,2.6900,19744.4792,NA
parkey.exe,42044,0x1DBA23EDF50,DXGI,0,0,0,Composed: Flip,19777.6378,NA,16.75040000000000,13.89370000000000,0.14960000000000,13.74810000000000,21.6016,19761.0144,16.7730,16.6234,0.1496,16.4935,13.8780,13.8571,0.0209,2.6415,19761.0144,NA
parkey.exe,42044,0x1DBA23EDF50,DXGI,0,0,0,Composed: Flip,19794.2351,NA,16.59730000000000,30.42070000000000,0.14720000000000,12.98940000000000,35.4250,19777.7874,16.5949,16.4477,0.1472,16.3229,13.1142,13.0900,0.0242,-13.6477,19777.7874,NA
parkey.exe,42044,0x1DBA23EDF50,DXGI,0,0,0,Composed: Flip,19810.8980,NA,16.66290000000000,4.30400000000000,0.12510000000000,13.09700000000000,23.0661,19794.3823,16.6408,16.5157,0.1251,16.4030,13.2097,13.1902,0.0195,12.2909,19794.3823,NA
parkey.exe,42044,0x1DBA23EDF50,DXGI,0,0,0,Composed: Flip,19828.0236,NA,17.12560000000000,29.06140000000000,0.15150000000000,13.55190000000000,35.0019,19811.0231,17.1520,17.0005,0.1515,16.5959,13.9565,13.8901,0.0664,-12.4206,19811.0231,NA
parkey.exe,42044,0x1DBA23EDF50,DXGI,0,0,0,Composed: Flip,19844.0836,NA,16.06000000000000,5.61470000000000,0.12960000000000,13.06400000000000,24.5566,19828.1751,16.0381,15.9085,0.1296,15.8008,13.1717,13.1550,0.0167,11.5373,19828.1751,NA
parkey.exe,42044,0x1DBA23EDF50,DXGI,0,0,0,Composed: Flip,19860.9733,NA,16.88970000000000,13.97620000000000,0.15470000000000,13.60580000000000,21.6431,19844.2132,16.9148,16.7601,0.1547,16.6297,13.7362,13.7117,0.0245,2.0619,19844.2132,NA
parkey.exe,42044,0x1DBA23EDF50,DXGI,0,0,0,Composed: Flip,19877.6455,NA,16.67220000000000,30.44950000000000,0.13030000000000,13.13770000000000,35.4204,19861.1280,16.6478,16.5175,0.1303,16.3914,13.2638,13.2430,0.0208,-13.5347,19861.1280,NA
parkey.exe,42044,0x1DBA23EDF50,DXGI,0,0,0,Composed: Flip,19894.2988,NA,16.65330000000000,4.25700000000000,0.15440000000000,13.07220000000000,23.0241,19877.7758,16.6774,16.5230,0.1544,16.3860,13.2092,13.1906,0.0186,12.3908,19877.7758,NA
parkey.exe,42044,0x1DBA23EDF50,DXGI,0,0,0,Composed: Flip,19911.1027,NA,16.80390000000000,29.11400000000000,0.16140000000000,13.92240000000000,35.3342,19894.4532,16.8109,16.6495,0.1614,16.5245,14.0474,14.0231,0.0243,-12.4366,19894.4532,NA
parkey.exe,42044,0x1DBA23EDF50,DXGI,0,0,0,Composed: Flip,19927.6843,NA,16.58160000000000,5.60050000000000,0.15610000000000,13.02300000000000,24.3531,19911.2641,16.5763,16.4202,0.1561,16.2886,13.1546,13.1349,0.0197,11.2104,19911.2641,NA
parkey.exe,42044,0x1DBA23EDF50,DXGI,0,0,0,Composed: Flip,19944.4105,NA,16.72620000000000,13.90250000000000,0.21650000000000,13.75290000000000,21.5294,19927.8404,16.7866,16.5701,0.2165,16.4271,13.8959,13.8782,0.0177,2.6738,19927.8404,NA
parkey.exe,42044,0x1DBA23EDF50,DXGI,0,0,0,Composed: Flip,19961.0491,NA,16.63860000000000,30.52820000000000,0.13280000000000,12.94620000000000,35.4190,19944.6270,16.5549,16.4221,0.1328,16.2878,13.0805,13.0606,0.0199,-13.7416,19944.6270,NA
parkey.exe,42044,0x1DBA23EDF50,DXGI,0,0,0,Composed: Flip,19977.7926,NA,16.74350000000000,4.19270000000000,0.16560000000000,13.00330000000000,22.8682,19961.1819,16.7763,16.6107,0.1656,16.4645,13.1495,13.1295,0.0200,12.3622,19961.1819,NA
parkey.exe,42044,0x1DBA23EDF50,DXGI,0,0,0,Composed: Flip,19994.1939,NA,16.40130000000000,29.16520000000000,0.17330000000000,14.10940000000000,35.6321,19977.9582,16.4090,16.2357,0.1733,16.1108,14.2343,14.2172,0.0171,-12.3889,19977.9582,NA
parkey.exe,42044,0x1DBA23EDF50,DXGI,0,0,0,Composed: Flip,20010.8251,NA,16.63120000000000,5.58300000000000,0.13310000000000,13.08050000000000,24.5839,19994.3672,16.5910,16.4579,0.1331,16.3469,13.1915,13.1742,0.0173,10.8260,19994.3672,NA
parkey.exe,42044,0x1DBA23EDF50,DXGI,0,0,0,Composed: Flip,20027.3737,NA,16.54860000000000,13.87170000000000,0.12390000000000,13.65230000000000,21.9070,20010.9582,16.5394,16.4155,0.1239,16.3140,13.7538,13.7355,0.0183,2.7193,20010.9582,NA
parkey.exe,42044,0x1DBA23EDF50,DXGI,0,0,0,Composed: Flip,20044.4160,NA,17.04230000000000,20.78090000000000,0.15090000000000,12.95430000000000,25.6456,20027.4976,17.0693,16.9184,0.1509,16.7790,13.0937,13.0748,0.0189,-4.2415,20027.4976,NA
parkey.exe,42044,0x1DBA23EDF50,DXGI,0,0,0,Composed: Flip,20060.9565,NA,16.54050000000000,13.95820000000000,0.13600000000000,13.12590000000000,23.0633,20044.5669,16.5256,16.3896,0.1360,16.2695,13.2460,13.2295,0.0165,3.1111,20044.5669,NA
parkey.exe,42044,0x1DBA23EDF50,DXGI,0,0,0,Composed: Flip,20077.7771,NA,16.82060000000000,29.21010000000000,0.14790000000000,13.92390000000000,35.4528,20061.0925,16.8325,16.6846,0.1479,16.5599,14.0486,13.9840,0.0646,-12.6845,20061.0925,NA
parkey.exe,42044,0x1DBA23EDF50,DXGI,0,0,0,Composed: Flip,20094.1401,NA,16.36300000000000,5.50740000000000,0.12630000000000,13.11530000000000,24.5972,20077.9250,16.3414,16.2151,0.1263,16.1064,13.2240,13.2050,0.0190,11.3251,20077.9250,NA
parkey.exe,42044,0x1DBA23EDF50,DXGI,0,0,0,Composed: Flip,20110.8159,NA,16.67580000000000,13.89900000000000,0.14150000000000,13.79950000000000,21.8204,20094.2664,16.6910,16.5495,0.1415,16.4445,13.9045,13.8861,0.0184,2.4424,20094.2664,NA
parkey.exe,42044,0x1DBA23EDF50,DXGI,0,0,0,Composed: Flip,20127.4543,NA,16.63840000000000,20.78160000000000,0.11820000000000,13.04150000000000,25.9636,20110.9574,16.6151,16.4969,0.1182,16.3866,13.1518,13.1330,0.0188,-4.0906,20110.9574,NA
parkey.exe,42044,0x1DBA23EDF50,DXGI,0,0,0,Composed: Flip,20144.2894,NA,16.83510000000000,13.96360000000000,0.17200000000000,13.09610000000000,23.0921,20127.5725,16.8889,16.7169,0.1720,16.5847,13.2283,13.2084,0.0199,2.6515,20127.5725,NA
parkey.exe,42044,0x1DBA23EDF50,DXGI,0,0,0,Composed: Flip,20161.3272,NA,17.03780000000000,29.26190000000000,0.18920000000000,13.30570000000000,35.3162,20144.4614,17.0550,16.8658,0.1892,16.7036,13.4679,13.4330,0.0349,-12.3730,20144.4614,NA
parkey.exe,42044,0x1DBA23EDF50,DXGI,0,0,0,Composed: Flip,20178.1106,NA,16.78340000000000,5.45170000000000,0.17060000000000,13.10580000000000,23.9845,20161.5164,16.7648,16.5942,0.1706,16.4188,13.2812,13.2583,0.0229,11.6033,20161.5164,NA
parkey.exe,42044,0x1DBA23EDF50,DXGI,0,0,0,Composed: Flip,20195.3504,NA,17.23980000000000,20.77640000000000,0.31790000000000,13.43230000000000,27.5211,20178.2812,17.3871,17.0692,0.3179,16.5011,14.0004,13.9833,0.0171,-4.0116,20178.2812,NA
parkey.exe,42044,0x1DBA23EDF50,DXGI,0,0,0,Composed: Flip,20211.3422,NA,15.99180000000000,13.89930000000000,0.15910000000000,12.86540000000000,25.4286,20195.6683,15.8330,15.6739,0.1591,15.5297,13.0096,12.9922,0.0174,3.4878,20195.6683,NA
parkey.exe,42044,0x1DBA23EDF50,DXGI,0,0,0,Composed: Flip,20227.5220,NA,16.17980000000000,13.93840000000000,0.14760000000000,12.96660000000000,23.1872,20211.5013,16.1683,16.0207,0.1476,15.9030,13.0843,13.0624,0.0219,1.8946,20211.5013,NA
parkey.exe,42044,0x1DBA23EDF50,DXGI,0,0,0,Composed: Flip,20244.4413,NA,16.91930000000000,20.77810000000000,0.14490000000000,13.65530000000000,27.0460,20227.6696,16.9166,16.7717,0.1449,16.5901,13.8369,13.8181,0.0188,-4.6098,20227.6696,NA
parkey.exe,42044,0x1DBA23EDF50,DXGI,0,0,0,Composed: Flip,20261.0629,NA,16.62160000000000,13.93800000000000,0.14440000000000,13.13890000000000,24.3624,20244.5862,16.6211,16.4767,0.1444,16.3495,13.2661,13.2500,0.0161,2.9786,20244.5862,NA
parkey.exe,42044,0x1DBA23EDF50,DXGI,0,0,0,Composed: Flip,20277.5804,NA,16.51750000000000,13.91600000000000,0.14860000000000,13.77080000000000,21.7609,20261.2073,16.5217,16.3731,0.1486,16.2410,13.9029,13.8836,0.0193,2.7051,20261.2073,NA
parkey.exe,42044,0x1DBA23EDF50,DXGI,0,0,0,Composed: Flip,20294.1549,NA,16.57450000000000,20.77710000000000,0.14100000000000,12.97630000000000,25.9635,20277.7290,16.5669,16.4259,0.1410,16.3074,13.0948,13.0759,0.0189,-4.2554,20277.7290,NA
parkey.exe,42044,0x1DBA23EDF50,DXGI,0,0,0,Composed: Flip,20310.8250,NA,16.67010000000000,13.95110000000000,0.11880000000000,13.09210000000000,23.2445,20294.2959,16.6479,16.5291,0.1188,16.4067,13.2145,13.1960,0.0185,2.6158,20294.2959,NA
parkey.exe,42044,0x1DBA23EDF50,DXGI,0,0,0,Composed: Flip,20327.4028,NA,16.57780000000000,20.76720000000000,0.14510000000000,13.90360000000000,27.4339,20310.9438,16.6041,16.4590,0.1451,16.3404,14.0222,14.0027,0.0195,-4.1193,20310.9438,NA
parkey.exe,42044,0x1DBA23EDF50,DXGI,0,0,0,Composed: Flip,20344.1720,NA,16.76920000000000,13.94060000000000,0.13470000000000,12.92880000000000,24.6053,20327.5479,16.7588,16.6241,0.1347,16.5053,13.0476,13.0297,0.0179,2.6635,20327.5479,NA
parkey.exe,42044,0x1DBA23EDF50,DXGI,0,0,0,Composed: Flip,20360.8556,NA,16.68360000000000,13.88640000000000,0.15120000000000,13.39440000000000,21.8081,20344.3067,16.7001,16.5489,0.1512,16.4240,13.5193,13.5015,0.0178,2.8724,20344.3067,NA
parkey.exe,42044,0x1DBA23EDF50,DXGI,0,0,0,Composed: Flip,20377.7004,NA,16.84480000000000,20.80470000000000,0.15450000000000,12.89880000000000,25.7680,20361.0068,16.8481,16.6936,0.1545,16.5450,13.0474,13.0292,0.0182,-4.1046,20361.0068,NA
parkey.exe,42044,0x1DBA23EDF50,DXGI,0,0,0,Composed: Flip,20394.2757,NA,16.57530000000000,13.93800000000000,0.13230000000000,13.10960000000000,23.1307,20377.8549,16.5531,16.4208,0.1323,16.2930,13.2374,13.1878,0.0496,2.9101,20377.8549,NA
parkey.exe,42044,0x1DBA23EDF50,DXGI,0,0,0,Composed: Flip,20411.3164,NA,17.04070000000000,29.44210000000000,0.19780000000000,13.62280000000000,35.5321,20394.4080,17.1062,16.9084,0.1978,16.7378,13.7934,13.7750,0.0184,-12.8890,20394.4080,NA
parkey.exe,42044,0x1DBA23EDF50,DXGI,0,0,0,Composed: Flip,20427.6987,NA,16.38230000000000,5.28000000000000,0.15480000000000,12.98740000000000,24.4298,20411.5142,16.3393,16.1845,0.1548,16.0263,13.1456,13.1231,0.0225,11.8262,20411.5142,NA
parkey.exe,42044,0x1DBA23EDF50,DXGI,0,0,0,Composed: Flip,20444.3551,NA,16.65640000000000,13.90720000000000,0.14970000000000,14.04560000000000,21.6806,20427.8535,16.6513,16.5016,0.1497,16.3539,14.1933,14.1769,0.0164,2.4321,20427.8535,NA
parkey.exe,42044,0x1DBA23EDF50,DXGI,0,0,0,Composed: Flip,20461.0066,NA,16.65150000000000,20.79610000000000,0.13460000000000,12.49980000000000,25.8252,20444.5048,16.6364,16.5018,0.1346,16.3655,12.6361,12.6204,0.0157,-4.1448,20444.5048,NA
parkey.exe,42044,0x1DBA23EDF50,DXGI,0,0,0,Composed: Flip,20477.7312,NA,16.72460000000000,13.91480000000000,0.16530000000000,13.05070000000000,23.0154,20461.1412,16.7553,16.5900,0.1653,16.4549,13.1858,13.1655,0.0203,2.7216,20461.1412,NA
parkey.exe,42044,0x1DBA23EDF50,DXGI,0,0,0,Composed: Flip,20494.4367,NA,16.70550000000000,29.48890000000000,0.15230000000000,13.90770000000000,35.7988,20477.8965,16.6925,16.5402,0.1523,16.3530,14.0949,14.0653,0.0296,-12.7336,20477.8965,NA
parkey.exe,42044,0x1DBA23EDF50,DXGI,0,0,0,Composed: Flip,20510.8877,NA,16.45100000000000,5.23670000000000,0.14530000000000,13.14770000000000,24.5845,20494.5890,16.4440,16.2987,0.1453,16.1764,13.2700,13.2498,0.0202,11.4558,20494.5890,NA
parkey.exe,42044,0x1DBA23EDF50,DXGI,0,0,0,Composed: Flip,20527.7312,NA,16.84350000000000,13.89980000000000,0.15540000000000,13.80560000000000,21.6408,20511.0330,16.8536,16.6982,0.1554,16.5504,13.9534,13.9350,0.0184,2.5442,20511.0330,NA
parkey.exe,42044,0x1DBA23EDF50,DXGI,0,0,0,Composed: Flip,20544.3340,NA,16.60280000000000,20.79130000000000,0.14890000000000,12.59610000000000,25.8293,20527.8866,16.5963,16.4474,0.1489,16.3159,12.7276,12.7046,0.0230,-3.9377,20527.8866,NA
parkey.exe,42044,0x1DBA23EDF50,DXGI,0,0,0,Composed: Flip,20560.8532,NA,16.51920000000000,13.95210000000000,0.13210000000000,13.10990000000000,23.2622,20544.4829,16.5024,16.3703,0.1321,16.2587,13.2215,13.2060,0.0155,2.6442,20544.4829,NA
parkey.exe,42044,0x1DBA23EDF50,DXGI,0,0,0,Composed: Flip,20577.4362,NA,16.58300000000000,20.76300000000000,0.13310000000000,13.97020000000000,27.4422,20560.9853,16.5840,16.4509,0.1331,16.3360,14.0851,14.0632,0.0219,-4.2606,20560.9853,NA
parkey.exe,42044,0x1DBA23EDF50,DXGI,0,0,0,Composed: Flip,20594.1957,NA,16.75950000000000,13.92830000000000,0.14130000000000,12.92050000000000,24.6110,20577.5693,16.7677,16.6264,0.1413,16.4993,13.0476,13.0258,0.0218,2.6557,20577.5693,NA
parkey.exe,42044,0x1DBA23EDF50,DXGI,0,0,0,Composed: Flip,20610.9761,NA,16.78040000000000,13.91070000000000,0.15640000000000,13.91730000000000,21.7413,20594.3370,16.7955,16.6391,0.1564,16.5095,14.0469,14.0293,0.0176,2.8570,20594.3370,NA
parkey.exe,42044,0x1DBA23EDF50,DXGI,0,0,0,Composed: Flip,20627.4240,NA,16.44790000000000,20.78070000000000,0.13280000000000,13.49750000000000,26.0741,20611.1325,16.4243,16.2915,0.1328,16.1779,13.6111,13.5919,0.0192,-3.9852,20611.1325,NA
parkey.exe,42044,0x1DBA23EDF50,DXGI,0,0,0,Composed: Flip,20644.2141,NA,16.79010000000000,13.95100000000000,0.14880000000000,13.14350000000000,23.2350,20627.5568,16.8061,16.6573,0.1488,16.5307,13.2701,13.2512,0.0189,2.4733,20627.5568,NA
parkey.exe,42044,0x1DBA23EDF50,DXGI,0,0,0,Composed: Flip,20661.1473,NA,16.93320000000000,29.59430000000000,0.15650000000000,13.77890000000000,35.8961,20644.3629,16.9409,16.7844,0.1565,16.5523,14.0110,13.9951,0.0159,-12.7882,20644.3629,NA
parkey.exe,42044,0x1DBA23EDF50,DXGI,0,0,0,Composed: Flip,20677.5186,NA,16.37130000000000,5.12810000000000,0.14000000000000,12.57990000000000,24.6529,20661.3038,16.3548,16.2148,0.1400,16.0910,12.7037,12.6822,0.0215,11.8128,20661.3038,NA
parkey.exe,42044,0x1DBA23EDF50,DXGI,0,0,0,Composed: Flip,20694.2851,NA,16.76650000000000,13.91010000000000,0.14240000000000,13.89520000000000,21.7965,20677.6586,16.7689,16.6265,0.1424,16.5084,14.0133,13.9967,0.0166,2.4447,20677.6586,NA
parkey.exe,42044,0x1DBA23EDF50,DXGI,0,0,0,Composed: Flip,20710.9871,NA,16.70200000000000,20.83790000000000,0.12900000000000,12.56790000000000,25.9324,20694.4275,16.6886,16.5596,0.1290,16.4379,12.6896,12.6716,0.0180,-4.0690,20694.4275,NA
parkey.exe,42044,0x1DBA23EDF50,DXGI,0,0,0,Composed: Flip,20727.4174,NA,16.43030000000000,13.87620000000000,0.13800000000000,13.06380000000000,23.3783,20711.1161,16.4393,16.3013,0.1380,16.1884,13.1767,13.1527,0.0240,2.8124,20711.1161,NA
parkey.exe,42044,0x1DBA23EDF50,DXGI,0,0,0,Composed: Flip,20744.2519,NA,16.83450000000000,20.77730000000000,0.14670000000000,14.17180000000000,27.3211,20727.5554,16.8432,16.6965,0.1467,16.5614,14.3069,14.2876,0.0193,-4.3380,20727.5554,NA
parkey.exe,42044,0x1DBA23EDF50,DXGI,0,0,0,Composed: Flip,20760.9835,NA,16.73160000000000,13.91030000000000,0.13770000000000,12.98380000000000,24.4998,20744.3986,16.7226,16.5849,0.1377,16.4669,13.1018,13.0856,0.0162,2.9329,20744.3986,NA
parkey.exe,42044,0x1DBA23EDF50,DXGI,0,0,0,Composed: Flip,20777.5155,NA,16.53200000000000,13.94820000000000,0.16850000000000,13.61900000000000,21.9160,20761.1212,16.5628,16.3943,0.1685,16.2765,13.7368,13.7181,0.0187,2.7744,20761.1212,NA
parkey.exe,42044,0x1DBA23EDF50,DXGI,0,0,0,Composed: Flip,20794.3514,NA,16.83590000000000,20.76990000000000,0.15080000000000,12.60950000000000,25.8500,20777.6840,16.8182,16.6674,0.1508,16.5359,12.7410,12.7220,0.0190,-4.2071,20777.6840,NA
parkey.exe,42044,0x1DBA23EDF50,DXGI,0,0,0,Composed: Flip,20811.0434,NA,16.69200000000000,13.94430000000000,0.12520000000000,13.12060000000000,23.1023,20794.5022,16.6664,16.5412,0.1252,16.4185,13.2433,13.2216,0.0217,2.8739,20794.5022,NA
parkey.exe,42044,0x1DBA23EDF50,DXGI,0,0,0,Composed: Flip,20828.0745,NA,17.03110000000000,29.69180000000000,0.18200000000000,13.59530000000000,35.7630,20811.1686,17.0879,16.9059,0.1820,16.7132,13.7880,13.7682,0.0198,-13.0254,20811.1686,NA
parkey.exe,42044,0x1DBA23EDF50,DXGI,0,0,0,Composed: Flip,20844.4229,NA,16.34840000000000,11.92470000000000,0.16990000000000,13.53800000000000,31.3393,20828.2565,16.3363,16.1664,0.1699,16.0621,13.6423,13.6237,0.0186,5.1632,20828.2565,NA
parkey.exe,42044,0x1DBA23EDF50,DXGI,0,0,0,Composed: Flip,20861.2033,NA,16.78040000000000,7.00840000000000,0.16390000000000,13.50420000000000,21.5673,20844.5928,16.7744,16.6105,0.1639,16.4737,13.6410,13.6221,0.0189,9.3279,20844.5928,NA
parkey.exe,42044,0x1DBA23EDF50,DXGI,0,0,0,Composed: Flip,20877.5826,NA,16.37930000000000,20.77590000000000,0.13060000000000,12.74780000000000,25.9639,20861.3672,16.3460,16.2154,0.1306,16.0938,12.8694,12.8503,0.0191,-4.0015,20861.3672,NA
parkey.exe,42044,0x1DBA23EDF50,DXGI,0,0,0,Composed: Flip,20894.2854,NA,16.70280000000000,13.93780000000000,0.14750000000000,13.07360000000000,23.1989,20877.7132,16.7197,16.5722,0.1475,16.4427,13.2031,13.1836,0.0195,2.4082,20877.7132,NA
parkey.exe,42044,0x1DBA23EDF50,DXGI,0,0,0,Composed: Flip,20911.0033,NA,16.71790000000000,20.79780000000000,0.23180000000000,13.94120000000000,27.2788,20894.4329,16.8022,16.5704,0.2318,16.3998,14.1118,14.0902,0.0216,-4.0781,20894.4329,NA
parkey.exe,42044,0x1DBA23EDF50,DXGI,0,0,0,Composed: Flip,20927.7608,NA,16.75750000000000,13.93560000000000,0.15810000000000,12.57570000000000,24.4569,20911.2351,16.6838,16.5257,0.1581,16.3797,12.7217,12.7047,0.0170,2.8666,20911.2351,NA
parkey.exe,42044,0x1DBA23EDF50,DXGI,0,0,0,Composed: Flip,20944.3330,NA,16.57220000000000,13.91520000000000,0.15210000000000,13.80670000000000,21.7999,20927.9189,16.5662,16.4141,0.1521,16.2767,13.9441,13.9276,0.0165,2.7686,20927.9189,NA
parkey.exe,42044,0x1DBA23EDF50,DXGI,0,0,0,Composed: Flip,20960.9903,NA,16.65730000000000,20.76350000000000,0.14260000000000,12.79920000000000,25.9061,20944.4851,16.6478,16.5052,0.1426,16.3574,12.9470,12.8807,0.0663,-4.1973,20944.4851,NA
parkey.exe,42044,0x1DBA23EDF50,DXGI,0,0,0,Composed: Flip,20977.6528,NA,16.66250000000000,13.95200000000000,0.16140000000000,13.06620000000000,23.1956,20961.1329,16.6813,16.5199,0.1614,16.4005,13.1856,13.1673,0.0183,2.6958,20961.1329,NA
parkey.exe,42044,0x1DBA23EDF50,DXGI,0,0,0,Composed: Flip,20994.0958,NA,16.44300000000000,20.76960000000000,0.14880000000000,14.00410000000000,27.5222,20977.8142,16.4304,16.2816,0.1488,16.1624,14.1233,14.1037,0.0196,-4.0883,20977.8142,NA
parkey.exe,42044,0x1DBA23EDF50,DXGI,0,0,0,Composed: Flip,21010.7972,NA,16.70140000000000,13.98380000000000,0.13810000000000,12.57490000000000,24.8046,20994.2446,16.6907,16.5526,0.1381,16.4309,12.6966,12.6788,0.0178,2.4466,20994.2446,NA
parkey.exe,42044,0x1DBA23EDF50,DXGI,0,0,0,Composed: Flip,21027.3414,NA,16.54420000000000,13.87520000000000,0.12960000000000,13.45990000000000,22.1356,21010.9353,16.5357,16.4061,0.1296,16.2948,13.5712,13.5513,0.0199,2.8155,21010.9353,NA
parkey.exe,42044,0x1DBA23EDF50,DXGI,0,0,0,Composed: Flip,21044.3544,NA,17.01300000000000,20.76600000000000,0.15800000000000,12.70270000000000,25.8886,21027.4710,17.0414,16.8834,0.1580,16.7451,12.8410,12.8217,0.0193,-4.2303,21027.4710,NA
parkey.exe,42044,0x1DBA23EDF50,DXGI,0,0,0,Composed: Flip,21060.9825,NA,16.62810000000000,13.95390000000000,0.14020000000000,13.16940000000000,23.2144,21044.5124,16.6103,16.4701,0.1402,16.3471,13.2924,13.2737,0.0187,3.0875,21044.5124,NA
parkey.exe,42044,0x1DBA23EDF50,DXGI,0,0,0,Composed: Flip,21077.5588,NA,16.57630000000000,20.77030000000000,0.15220000000000,13.85860000000000,27.4084,21061.1227,16.5883,16.4361,0.1522,16.3022,13.9925,13.9739,0.0186,-4.1600,21061.1227,NA
parkey.exe,42044,0x1DBA23EDF50,DXGI,0,0,0,Composed: Flip,21094.0033,NA,16.44450000000000,13.93990000000000,0.12820000000000,12.75260000000000,24.9038,21077.7110,16.4205,16.2923,0.1282,16.1820,12.8629,12.8436,0.0193,2.6484,21077.7110,NA
parkey.exe,42044,0x1DBA23EDF50,DXGI,0,0,0,Composed: Flip,21111.0135,NA,17.01020000000000,13.88520000000000,0.15050000000000,14.05550000000000,21.7788,21094.1315,17.0325,16.8820,0.1505,16.7557,14.1818,14.1639,0.0179,2.5353,21094.1315,NA
parkey.exe,42044,0x1DBA23EDF50,DXGI,0,0,0,Composed: Flip,21127.4907,NA,16.47720000000000,20.79710000000000,0.12380000000000,12.66600000000000,26.0987,21111.1640,16.4505,16.3267,0.1238,16.1884,12.8043,12.7857,0.0186,-3.7646,21111.1640,NA
parkey.exe,42044,0x1DBA23EDF50,DXGI,0,0,0,Composed: Flip,21144.2719,NA,16.78120000000000,13.94550000000000,0.13640000000000,13.15280000000000,23.2630,21127.6145,16.7938,16.6574,0.1364,16.5371,13.2731,13.2438,0.0293,2.5050,21127.6145,NA
parkey.exe,42044,0x1DBA23EDF50,DXGI,0,0,0,Composed: Flip,21160.9382,NA,16.66630000000000,20.77700000000000,0.16300000000000,13.88260000000000,27.3737,21144.4083,16.6929,16.5299,0.1630,16.3995,14.0130,13.9946,0.0184,-3.9832,21144.4083,NA
parkey.exe,42044,0x1DBA23EDF50,DXGI,0,0,0,Composed: Flip,21177.6783,NA,16.74010000000000,13.96780000000000,0.15320000000000,12.53010000000000,24.6014,21161.1012,16.7303,16.5771,0.1532,16.4253,12.6819,12.6609,0.0210,2.7251,21161.1012,NA
parkey.exe,42044,0x1DBA23EDF50,DXGI,0,0,0,Composed: Flip,21194.3389,NA,16.66060000000000,13.86650000000000,0.14280000000000,13.98020000000000,21.8073,21177.8315,16.6502,16.5074,0.1428,16.3695,14.1181,14.0971,0.0210,2.8638,21177.8315,NA
parkey.exe,42044,0x1DBA23EDF50,DXGI,0,0,0,Composed: Flip,21211.1276,NA,16.78870000000000,20.78870000000000,0.14750000000000,12.78070000000000,25.8073,21194.4817,16.7934,16.6459,0.1475,16.4805,12.9461,12.9094,0.0367,-4.1385,21194.4817,NA
parkey.exe,42044,0x1DBA23EDF50,DXGI,0,0,0,Composed: Flip,21227.6949,NA,16.56730000000000,13.94920000000000,0.15590000000000,13.25180000000000,23.1892,21211.2751,16.5757,16.4198,0.1559,16.2837,13.3879,13.3696,0.0183,2.8442,21211.2751,NA
parkey.exe,42044,0x1DBA23EDF50,DXGI,0,0,0,Composed: Flip,21244.1610,NA,16.46610000000000,20.77920000000000,0.13120000000000,13.98140000000000,27.5023,21227.8508,16.4414,16.3102,0.1312,16.2053,14.0863,14.0682,0.0181,-4.2035,21227.8508,NA
parkey.exe,42044,0x1DBA23EDF50,DXGI,0,0,0,Composed: Flip,21260.6174,NA,16.45640000000000,13.96200000000000,0.11360000000000,12.58110000000000,25.0079,21244.2922,16.4388,16.3252,0.1136,16.2223,12.6840,12.6644,0.0196,2.4794,21244.2922,NA
parkey.exe,42044,0x1DBA23EDF50,DXGI,0,0,0,Composed: Flip,21277.5102,NA,16.89280000000000,13.86480000000000,0.13420000000000,13.77470000000000,21.9799,21260.7310,16.9134,16.7792,0.1342,16.6552,13.8987,13.8802,0.0185,2.5740,21260.7310,NA
parkey.exe,42044,0x1DBA23EDF50,DXGI,0,0,0,Composed: Flip,21294.1137,NA,16.60350000000000,20.85450000000000,0.14070000000000,12.82060000000000,26.2309,21277.6444,16.6100,16.4693,0.1407,16.3489,12.9410,12.9189,0.0221,-3.9411,21277.6444,NA
parkey.exe,42044,0x1DBA23EDF50,DXGI,0,0,0,Composed: Flip,21310.7092,NA,16.59550000000000,13.88940000000000,0.11620000000000,13.10990000000000,23.5248,21294.2544,16.5710,16.4548,0.1162,16.3493,13.2154,13.1912,0.0242,2.7206,21294.2544,NA
parkey.exe,42044,0x1DBA23EDF50,DXGI,0,0,0,Composed: Flip,21327.5834,NA,16.87420000000000,20.77600000000000,0.14340000000000,13.69580000000000,27.4266,21310.8254,16.9014,16.7580,0.1434,16.4853,13.9685,13.9469,0.0216,-4.2050,21310.8254,NA
parkey.exe,42044,0x1DBA23EDF50,DXGI,0,0,0,Composed: Flip,21344.1729,NA,16.58950000000000,13.94730000000000,0.14450000000000,12.62440000000000,24.7844,21327.7268,16.5906,16.4461,0.1445,16.3200,12.7505,12.7283,0.0222,2.9541,21327.7268,NA
parkey.exe,42044,0x1DBA23EDF50,DXGI,0,0,0,Composed: Flip,21360.7673,NA,16.59440000000000,13.89150000000000,0.13840000000000,13.63300000000000,22.0815,21344.3174,16.5883,16.4499,0.1384,16.3307,13.7522,13.7102,0.0420,2.6991,21344.3174,NA
parkey.exe,42044,0x1DBA23EDF50,DXGI,0,0,0,Composed: Flip,21377.5921,NA,16.82480000000000,20.78920000000000,0.13810000000000,12.88120000000000,26.0459,21360.9057,16.8245,16.6864,0.1381,16.5509,13.0167,13.0013,0.0154,-4.2009,21360.9057,NA
parkey.exe,42044,0x1DBA23EDF50,DXGI,0,0,0,Composed: Flip,21394.3172,NA,16.72510000000000,13.93740000000000,0.14720000000000,13.34290000000000,23.2582,21377.7302,16.7342,16.5870,0.1472,16.4566,13.4733,13.4567,0.0166,2.8871,21377.7302,NA
parkey.exe,42044,0x1DBA23EDF50,DXGI,0,0,0,Composed: Flip,21411.0433,NA,16.72610000000000,20.78500000000000,0.18020000000000,14.42000000000000,27.3171,21394.4644,16.7591,16.5789,0.1802,16.4320,14.5669,14.5475,0.0194,-4.0508,21394.4644,NA
parkey.exe,42044,0x1DBA23EDF50,DXGI,0,0,0,Composed: Flip,21427.8508,NA,16.80750000000000,13.93680000000000,0.15570000000000,12.69550000000000,24.4464,21411.2235,16.7830,16.6273,0.1557,16.4614,12.8614,12.8447,0.0167,2.8223,21411.2235,NA
parkey.exe,42044,0x1DBA23EDF50,DXGI,0,0,0,Composed: Flip,21444.0608,NA,16.21000000000000,13.90840000000000,0.13860000000000,13.48900000000000,22.1448,21428.0065,16.1929,16.0543,0.1386,15.9410,13.6023,13.5824,0.0199,2.8746,21428.0065,NA
parkey.exe,42044,0x1DBA23EDF50,DXGI,0,0,0,Composed: Flip,21460.9007,NA,16.83990000000000,20.78680000000000,0.14810000000000,12.79530000000000,26.0917,21444.1994,16.8494,16.7013,0.1481,16.5689,12.9277,12.9054,0.0223,-4.5939,21444.1994,NA
parkey.exe,42044,0x1DBA23EDF50,DXGI,0,0,0,Composed: Flip,21477.8821,NA,16.98140000000000,13.94500000000000,0.19790000000000,13.12690000000000,23.0553,21461.0488,17.0312,16.8333,0.1979,16.6807,13.2795,13.2500,0.0295,2.9044,21461.0488,NA
parkey.exe,42044,0x1DBA23EDF50,DXGI,0,0,0,Composed: Flip,21494.6278,NA,16.74570000000000,30.11200000000000,0.22050000000000,14.12430000000000,36.4216,21478.0800,16.7683,16.5478,0.2205,16.3680,14.3041,14.2818,0.0223,-13.0808,21478.0800,NA
parkey.exe,42044,0x1DBA23EDF50,DXGI,0,0,0,Composed: Flip,21511.2082,NA,16.58040000000000,4.60510000000000,0.14230000000000,12.80320000000000,24.4463,21494.8483,16.5022,16.3599,0.1423,16.2091,12.9540,12.9357,0.0183,12.1632,21494.8483,NA
parkey.exe,42044,0x1DBA23EDF50,DXGI,0,0,0,Composed: Flip,21527.5138,NA,16.30560000000000,13.88200000000000,0.20810000000000,13.46850000000000,22.0227,21511.3505,16.3714,16.1633,0.2081,16.0251,13.6067,13.5855,0.0212,2.6202,21511.3505,NA
parkey.exe,42044,0x1DBA23EDF50,DXGI,0,0,0,Composed: Flip,21544.5919,NA,17.07810000000000,20.78950000000000,0.15720000000000,12.57190000000000,25.7341,21527.7219,17.0272,16.8700,0.1572,16.7138,12.7281,12.7099,0.0182,-4.4181,21527.7219,NA
parkey.exe,42044,0x1DBA23EDF50,DXGI,0,0,0,Composed: Flip,21560.9451,NA,16.35320000000000,13.96250000000000,0.14470000000000,13.11470000000000,23.3434,21544.7491,16.3407,16.1960,0.1447,16.0619,13.2488,13.2103,0.0385,3.0647,21544.7491,NA
parkey.exe,42044,0x1DBA23EDF50,DXGI,0,0,0,Composed: Flip,21577.6554,NA,16.71030000000000,20.76710000000000,0.13190000000000,13.75930000000000,27.4002,21561.0898,16.6975,16.5656,0.1319,16.4496,13.8753,13.8587,0.0166,-4.4264,21561.0898,NA
parkey.exe,42044,0x1DBA23EDF50,DXGI,0,0,0,Composed: Flip,21594.2163,NA,16.56090000000000,13.89210000000000,0.14810000000000,12.75370000000000,24.7314,21577.7873,16.5771,16.4290,0.1481,16.2968,12.8859,12.8704,0.0155,2.8054,21577.7873,NA
parkey.exe,42044,0x1DBA23EDF50,DXGI,0,0,0,Composed: Flip,21610.9136,NA,16.69730000000000,13.93980000000000,0.15260000000000,13.54980000000000,21.9739,21594.3644,16.7018,16.5492,0.1526,16.4277,13.6713,13.6527,0.0186,2.6373,21594.3644,NA
parkey.exe,42044,0x1DBA23EDF50,DXGI,0,0,0,Composed: Flip,21627.4871,NA,16.57350000000000,20.84170000000000,0.12160000000000,13.11890000000000,26.2421,21611.0662,16.5425,16.4209,0.1216,16.3102,13.2296,13.2107,0.0189,-4.1399,21611.0662,NA
parkey.exe,42044,0x1DBA23EDF50,DXGI,0,0,0,Composed: Flip,21644.1076,NA,16.62050000000000,13.93990000000000,0.12640000000000,13.21500000000000,23.5615,21627.6087,16.6253,16.4989,0.1264,16.3811,13.3328,13.3112,0.0216,2.6026,21627.6087,NA
parkey.exe,42044,0x1DBA23EDF50,DXGI,0,0,0,Composed: Flip,21660.9518,NA,16.84420000000000,20.73370000000000,0.15350000000000,14.01490000000000,27.4510,21644.2340,16.8713,16.7178,0.1535,16.5699,14.1628,14.1359,0.0269,-4.1084,21644.2340,NA
parkey.exe,42044,0x1DBA23EDF50,DXGI,0,0,0,Composed: Flip,21677.5127,NA,16.56090000000000,13.96040000000000,0.17030000000000,12.79760000000000,24.8505,21661.1053,16.5777,16.4074,0.1703,16.2802,12.9248,12.9043,0.0205,2.9109,21661.1053,NA
parkey.exe,42044,0x1DBA23EDF50,DXGI,0,0,0,Composed: Flip,21694.4528,NA,16.94010000000000,13.86980000000000,0.15240000000000,13.93810000000000,21.7802,21677.6830,16.9222,16.7698,0.1524,16.6165,14.0914,14.0721,0.0193,2.7079,21677.6830,NA
parkey.exe,42044,0x1DBA23EDF50,DXGI,0,0,0,Composed: Flip,21710.9319,NA,16.47910000000000,20.84330000000000,0.14060000000000,12.93840000000000,26.1444,21694.6052,16.4673,16.3267,0.1406,16.1960,13.0691,13.0506,0.0185,-3.9211,21694.6052,NA
parkey.exe,42044,0x1DBA23EDF50,DXGI,0,0,0,Composed: Flip,21727.4328,NA,16.50090000000000,13.89020000000000,0.15050000000000,13.21400000000000,23.5337,21711.0725,16.5108,16.3603,0.1505,16.2468,13.3275,13.3090,0.0185,2.5771,21711.0725,NA
parkey.exe,42044,0x1DBA23EDF50,DXGI,0,0,0,Composed: Flip,21744.1200,NA,16.68720000000000,20.78560000000000,0.13390000000000,14.00400000000000,27.6321,21727.5833,16.6706,16.5367,0.1339,16.4232,14.1175,14.0975,0.0200,-4.2748,21727.5833,NA
parkey.exe,42044,0x1DBA23EDF50,DXGI,0,0,0,Composed: Flip,21761.1171,NA,16.99710000000000,13.94120000000000,0.18030000000000,13.18230000000000,24.5762,21744.2539,17.0435,16.8632,0.1803,16.6732,13.3723,13.3531,0.0192,2.7294,21744.2539,NA
parkey.exe,42044,0x1DBA23EDF50,DXGI,0,0,0,Composed: Flip,21777.6752,NA,16.55810000000000,13.88350000000000,0.14630000000000,13.53440000000000,21.9016,21761.2974,16.5241,16.3778,0.1463,16.2421,13.6701,13.6522,0.0179,3.1600,21761.2974,NA
parkey.exe,42044,0x1DBA23EDF50,DXGI,0,0,0,Composed: Flip,21794.2082,NA,16.53300000000000,20.80860000000000,0.16100000000000,11.97740000000000,26.1772,21777.8215,16.5477,16.3867,0.1610,16.2503,12.1138,12.0962,0.0176,-4.2845,21777.8215,NA
parkey.exe,42044,0x1DBA23EDF50,DXGI,0,0,0,Composed: Flip,21810.8817,NA,16.67350000000000,13.93400000000000,0.11790000000000,13.24450000000000,23.4377,21794.3692,16.6304,16.5125,0.1179,16.4017,13.3553,13.3340,0.0213,2.6137,21794.3692,NA
parkey.exe,42044,0x1DBA23EDF50,DXGI,0,0,0,Composed: Flip,21827.5834,NA,16.70170000000000,20.77470000000000,0.14800000000000,13.93100000000000,27.5107,21810.9996,16.7318,16.5838,0.1480,16.4546,14.0602,14.0400,0.0202,-4.1443,21810.9996,NA
parkey.exe,42044,0x1DBA23EDF50,DXGI,0,0,0,Composed: Flip,21844.1885,NA,16.60510000000000,13.93100000000000,0.14650000000000,12.76380000000000,24.8366,21827.7314,16.6036,16.4571,0.1465,16.3303,12.8906,12.8712,0.0194,2.8008,21827.7314,NA
parkey.exe,42044,0x1DBA23EDF50,DXGI,0,0,0,Composed: Flip,21861.0004,NA,16.81190000000000,13.91550000000000,0.16470000000000,13.52160000000000,21.9402,21844.3350,16.8301,16.6654,0.1647,16.5407,13.6463,13.6280,0.0183,2.6881,21844.3350,NA
parkey.exe,42044,0x1DBA23EDF50,DXGI,0,0,0,Composed: Flip,21877.4299,NA,16.42950000000000,20.77780000000000,0.11970000000000,12.87180000000000,26.2885,21861.1651,16.3845,16.2648,0.1197,16.1577,12.9789,12.9594,0.0195,-3.9477,21861.1651,NA
parkey.exe,42044,0x1DBA23EDF50,DXGI,0,0,0,Composed: Flip,21894.3989,NA,16.96900000000000,13.93650000000000,0.15260000000000,13.24780000000000,23.2560,21877.5496,17.0019,16.8493,0.1526,16.7082,13.3889,13.3704,0.0185,2.4480,21877.5496,NA
parkey.exe,42044,0x1DBA23EDF50,DXGI,0,0,0,Composed: Flip,21910.8768,NA,16.47790000000000,20.79130000000000,0.17760000000000,13.93220000000000,27.5694,21894.5515,16.5029,16.3253,0.1776,16.1952,14.0623,14.0428,0.0195,-3.7894,21894.5515,NA
parkey.exe,42044,0x1DBA23EDF50,DXGI,0,0,0,Composed: Flip,21927.6131,NA,16.73630000000000,13.94610000000000,0.15330000000000,12.81370000000000,24.7792,21911.0544,16.7120,16.5587,0.1533,16.4197,12.9527,12.9308,0.0219,2.5568,21911.0544,NA
parkey.exe,42044,0x1DBA23EDF50,DXGI,0,0,0,Composed: Flip,21944.1927,NA,16.57960000000000,13.89360000000000,0.13990000000000,13.52800000000000,22.0932,21927.7664,16.5662,16.4263,0.1399,16.2742,13.6801,13.6576,0.0225,2.8184,21927.7664,NA
parkey.exe,42044,0x1DBA23EDF50,DXGI,0,0,0,Composed: Flip,21960.7374,NA,16.54470000000000,20.80470000000000,0.13190000000000,13.05370000000000,26.3532,21944.3326,16.5367,16.4048,0.1319,16.2940,13.1645,13.1464,0.0181,-4.2385,21944.3326,NA
parkey.exe,42044,0x1DBA23EDF50,DXGI,0,0,0,Composed: Flip,21977.6489,NA,16.91150000000000,13.92140000000000,0.15440000000000,13.13210000000000,23.3631,21960.8693,16.9340,16.7796,0.1544,16.6526,13.2591,13.2409,0.0182,2.6153,21960.8693,NA
parkey.exe,42044,0x1DBA23EDF50,DXGI,0,0,0,Composed: Flip,21994.2889,NA,16.64000000000000,30.44700000000000,0.15510000000000,14.23730000000000,37.1701,21977.8033,16.6407,16.4856,0.1551,16.3482,14.3747,14.3527,0.0220,-13.5130,21977.8033,NA
parkey.exe,42044,0x1DBA23EDF50,DXGI,0,0,0,Composed: Flip,22010.9618,NA,16.67290000000000,4.29680000000000,0.14410000000000,12.09770000000000,24.7940,21994.4440,16.6619,16.5178,0.1441,16.3892,12.2263,12.2081,0.0182,12.3439,21994.4440,NA
parkey.exe,42044,0x1DBA23EDF50,DXGI,0,0,0,Composed: Flip,22027.6569,NA,16.69510000000000,13.86760000000000,0.16720000000000,13.55160000000000,21.9665,22011.1059,16.7182,16.5510,0.1672,16.4118,13.6908,13.6687,0.0221,2.7943,22011.1059,NA
parkey.exe,42044,0x1DBA23EDF50,DXGI,0,0,0,Composed: Flip,22044.6749,NA,17.01800000000000,20.83370000000000,0.17550000000000,12.79880000000000,25.7822,22027.8241,17.0263,16.8508,0.1755,16.6704,12.9792,12.9590,0.0202,-4.1155,22027.8241,NA
parkey.exe,42044,0x1DBA23EDF50,DXGI,0,0,0,Composed: Flip,22060.8511,NA,16.17620000000000,13.90400000000000,0.13370000000000,13.17450000000000,23.5100,22044.8504,16.1344,16.0007,0.1337,15.8870,13.2882,13.2683,0.0199,3.1223,22044.8504,NA
parkey.exe,42044,0x1DBA23EDF50,DXGI,0,0,0,Composed: Flip,22077.4902,NA,16.63910000000000,20.83860000000000,0.13070000000000,13.93940000000000,27.7095,22060.9848,16.6361,16.5054,0.1307,16.3832,14.0616,14.0446,0.0170,-4.7042,22060.9848,NA
parkey.exe,42044,0x1DBA23EDF50,DXGI,0,0,0,Composed: Flip,22094.2350,NA,16.74480000000000,13.87430000000000,0.14120000000000,12.82030000000000,24.8390,22077.6209,16.7553,16.6141,0.1412,16.4818,12.9526,12.9328,0.0198,2.7618,22077.6209,NA
parkey.exe,42044,0x1DBA23EDF50,DXGI,0,0,0,Composed: Flip,22110.8890,NA,16.65400000000000,13.89310000000000,0.15820000000000,13.72840000000000,22.0781,22094.3762,16.6710,16.5128,0.1582,16.3934,13.8478,13.8262,0.0216,2.8622,22094.3762,NA
parkey.exe,42044,0x1DBA23EDF50,DXGI,0,0,0,Composed: Flip,22127.5783,NA,16.68930000000000,20.85940000000000,0.12600000000000,12.94180000000000,26.2482,22111.0472,16.6571,16.5311,0.1260,16.4208,13.0521,13.0320,0.0201,-4.1884,22111.0472,NA
parkey.exe,42044,0x1DBA23EDF50,DXGI,0,0,0,Composed: Flip,22144.2377,NA,16.65940000000000,13.89760000000000,0.13880000000000,13.13070000000000,23.4864,22127.7043,16.6722,16.5334,0.1388,16.4048,13.2593,13.2383,0.0210,2.7595,22127.7043,NA
parkey.exe,42044,0x1DBA23EDF50,DXGI,0,0,0,Composed: Flip,22161.0427,NA,16.80500000000000,20.82200000000000,0.17720000000000,13.99080000000000,27.5034,22144.3765,16.8434,16.6662,0.1772,16.5227,14.1343,14.1138,0.0205,-4.1498,22144.3765,NA
parkey.exe,42044,0x1DBA23EDF50,DXGI,0,0,0,Composed: Flip,22177.9006,NA,16.85790000000000,13.91240000000000,0.16750000000000,12.62130000000000,24.5579,22161.2199,16.8482,16.6807,0.1675,16.4964,12.8056,12.7810,0.0246,2.9310,22161.2199,NA
parkey.exe,42044,0x1DBA23EDF50,DXGI,0,0,0,Composed: Flip,22194.4345,NA,16.53390000000000,13.88640000000000,0.16470000000000,13.60420000000000,21.9104,22178.0681,16.5311,16.3664,0.1647,16.2033,13.7673,13.7409,0.0264,2.9618,22178.0681,NA
parkey.exe,42044,0x1DBA23EDF50,DXGI,0,0,0,Composed: Flip,22211.2337,NA,16.79920000000000,20.81360000000000,0.15560000000000,12.79490000000000,25.9248,22194.5992,16.7901,16.6345,0.1556,16.4780,12.9514,12.9264,0.0250,-4.2825,22194.5992,NA
parkey.exe,42044,0x1DBA23EDF50,DXGI,0,0,0,Composed: Flip,22227.6656,NA,16.43190000000000,13.89480000000000,0.15430000000000,13.11740000000000,23.3877,22211.3893,16.4306,16.2763,0.1543,16.1407,13.2530,13.2352,0.0178,2.8953,22211.3893,NA
parkey.exe,42044,0x1DBA23EDF50,DXGI,0,0,0,Composed: Flip,22244.2012,NA,16.53560000000000,20.83850000000000,0.11840000000000,13.98980000000000,27.6906,22227.8199,16.4997,16.3813,0.1184,16.2697,14.1014,14.0809,0.0205,-4.4079,22227.8199,NA
parkey.exe,42044,0x1DBA23EDF50,DXGI,0,0,0,Composed: Flip,22260.6905,NA,16.48930000000000,13.89070000000000,0.12970000000000,12.64060000000000,25.0920,22244.3196,16.5006,16.3709,0.1297,16.2605,12.7510,12.7310,0.0200,2.6090,22244.3196,NA
parkey.exe,42044,0x1DBA23EDF50,DXGI,0,0,0,Composed: Flip,22277.4714,NA,16.78090000000000,13.89930000000000,0.13710000000000,13.58580000000000,22.2104,22260.8202,16.7883,16.6512,0.1371,16.5299,13.7071,13.6776,0.0295,2.6013,22260.8202,NA
parkey.exe,42044,0x1DBA23EDF50,DXGI,0,0,0,Composed: Flip,22294.0641,NA,16.59270000000000,20.83730000000000,0.13620000000000,13.12890000000000,26.4550,22277.6085,16.5918,16.4556,0.1362,16.3324,13.2521,13.2290,0.0231,-4.0490,22277.6085,NA
parkey.exe,42044,0x1DBA23EDF50,DXGI,0,0,0,Composed: Flip,22310.7417,NA,16.67760000000000,13.88240000000000,0.12260000000000,13.28680000000000,23.6598,22294.2003,16.6640,16.5414,0.1226,16.4285,13.3997,13.3822,0.0175,2.7094,22294.2003,NA
parkey.exe,42044,0x1DBA23EDF50,DXGI,0,0,0,Composed: Flip,22327.2959,NA,16.55420000000000,20.83980000000000,0.13290000000000,13.95310000000000,27.9454,22310.8643,16.5645,16.4316,0.1329,16.3253,14.0594,14.0391,0.0203,-4.1758,22310.8643,NA
parkey.exe,42044,0x1DBA23EDF50,DXGI,0,0,0,Composed: Flip,22344.0755,NA,16.77960000000000,13.91070000000000,0.14080000000000,12.21640000000000,25.0765,22327.4288,16.7875,16.6467,0.1408,16.5044,12.3587,12.3382,0.0205,2.6538,22327.4288,NA
parkey.exe,42044,0x1DBA23EDF50,DXGI,0,0,0,Composed: Flip,22360.9247,NA,16.84920000000000,13.85610000000000,0.15600000000000,13.55530000000000,22.0834,22344.2163,16.8644,16.7084,0.1560,16.5846,13.6791,13.6605,0.0186,2.9314,22344.2163,NA
parkey.exe,42044,0x1DBA23EDF50,DXGI,0,0,0,Composed: Flip,22377.4386,NA,16.51390000000000,20.85070000000000,0.12240000000000,12.62880000000000,26.4202,22361.0807,16.4803,16.3579,0.1224,16.2403,12.7464,12.7284,0.0180,-3.9863,22361.0807,NA
parkey.exe,42044,0x1DBA23EDF50,DXGI,0,0,0,Composed: Flip,22394.0601,NA,16.62150000000000,13.89210000000000,0.12470000000000,13.14870000000000,23.6908,22377.5610,16.6238,16.4991,0.1247,16.3993,13.2485,13.2302,0.0183,2.5882,22377.5610,NA
parkey.exe,42044,0x1DBA23EDF50,DXGI,0,0,0,Composed: Flip,22410.5952,NA,16.53510000000000,20.79500000000000,0.13820000000000,14.13510000000000,27.9507,22394.1848,16.5486,16.4104,0.1382,16.3035,14.2420,14.2229,0.0191,-4.1712,22394.1848,NA
parkey.exe,42044,0x1DBA23EDF50,DXGI,0,0,0,Composed: Flip,22427.4844,NA,16.88920000000000,13.93960000000000,0.14330000000000,12.63360000000000,25.0011,22410.7334,16.8943,16.7510,0.1433,16.5974,12.7872,12.7677,0.0195,2.6090,22410.7334,NA
parkey.exe,42044,0x1DBA23EDF50,DXGI,0,0,0,Composed: Flip,22444.3707,NA,16.88630000000000,13.89800000000000,0.17720000000000,13.65290000000000,22.0128,22427.6277,16.9202,16.7430,0.1772,16.5939,13.8020,13.7762,0.0258,2.9963,22427.6277,NA
parkey.exe,42044,0x1DBA23EDF50,DXGI,0,0,0,Composed: Flip,22460.8924,NA,16.52170000000000,20.78450000000000,0.18420000000000,12.95450000000000,26.2756,22444.5479,16.5287,16.3445,0.1842,16.1925,13.1065,13.0870,0.0195,-3.8643,22444.5479,NA
parkey.exe,42044,0x1DBA23EDF50,DXGI,0,0,0,Composed: Flip,22477.7152,NA,16.82280000000000,13.92510000000000,0.15700000000000,13.13910000000000,23.3779,22461.0766,16.7956,16.6386,0.1570,16.5087,13.2690,13.2500,0.0190,2.6036,22461.0766,NA
parkey.exe,42044,0x1DBA23EDF50,DXGI,0,0,0,Composed: Flip,22494.2034,NA,16.48820000000000,20.84220000000000,0.16320000000000,13.86390000000000,27.7319,22477.8722,16.4944,16.3312,0.1632,16.1610,14.0341,14.0076,0.0265,-4.0466,22477.8722,NA
parkey.exe,42044,0x1DBA23EDF50,DXGI,0,0,0,Composed: Flip,22510.7055,NA,16.50210000000000,13.89230000000000,0.13810000000000,12.25400000000000,25.1221,22494.3666,16.4770,16.3389,0.1381,16.2189,12.3740,12.3369,0.0371,2.6021,22494.3666,NA
parkey.exe,42044,0x1DBA23EDF50,DXGI,0,0,0,Composed: Flip,22527.6414,NA,16.93590000000000,13.88500000000000,0.14880000000000,13.64780000000000,22.0712,22510.8436,16.9466,16.7978,0.1488,16.6552,13.7904,13.7632,0.0272,2.5920,22510.8436,NA
parkey.exe,42044,0x1DBA23EDF50,DXGI,0,0,0,Composed: Flip,22544.2227,NA,16.58130000000000,20.87620000000000,0.16810000000000,13.04780000000000,26.3661,22527.7902,16.6006,16.4325,0.1681,16.2991,13.1812,13.1579,0.0233,-3.9296,22527.7902,NA
parkey.exe,42044,0x1DBA23EDF50,DXGI,0,0,0,Composed: Flip,22560.7231,NA,16.50040000000000,13.85960000000000,0.13120000000000,13.17130000000000,23.7253,22544.3908,16.4635,16.3323,0.1312,16.2201,13.2835,13.2662,0.0173,2.7410,22544.3908,NA
parkey.exe,42044,0x1DBA23EDF50,DXGI,0,0,0,Composed: Flip,22577.3383,NA,16.61520000000000,20.83500000000000,0.16480000000000,13.90400000000000,27.9451,22560.8543,16.6488,16.4840,0.1648,16.3651,14.0229,14.0008,0.0221,-4.3715,22560.8543,NA
parkey.exe,42044,0x1DBA23EDF50,DXGI,0,0,0,Composed: Flip,22594.0802,NA,16.74190000000000,13.89210000000000,0.13890000000000,12.25090000000000,25.0953,22577.5031,16.7160,16.5771,0.1389,16.4517,12.3763,12.3535,0.0228,2.7567,22577.5031,NA
parkey.exe,42044,0x1DBA23EDF50,DXGI,0,0,0,Composed: Flip,22610.8359,NA,16.75570000000000,13.91130000000000,0.15290000000000,13.64750000000000,22.2509,22594.2191,16.7697,16.6168,0.1529,16.4982,13.7661,13.7370,0.0291,2.8047,22594.2191,NA
parkey.exe,42044,0x1DBA23EDF50,DXGI,0,0,0,Composed: Flip,22627.5308,NA,16.69490000000000,20.80940000000000,0.13050000000000,12.66260000000000,26.3654,22610.9888,16.6725,16.5420,0.1305,16.4292,12.7754,12.7576,0.0178,-4.0397,22610.9888,NA
parkey.exe,42044,0x1DBA23EDF50,DXGI,0,0,0,Composed: Flip,22644.1201,NA,16.58930000000000,13.89680000000000,0.14340000000000,13.18090000000000,23.6729,22627.6613,16.6022,16.4588,0.1434,16.3421,13.2976,13.2795,0.0181,2.7757,22627.6613,NA
parkey.exe,42044,0x1DBA23EDF50,DXGI,0,0,0,Composed: Flip,22660.8544,NA,16.73430000000000,20.83810000000000,0.16080000000000,13.91710000000000,27.7767,22644.2635,16.7517,16.5909,0.1608,16.4204,14.0876,14.0693,0.0183,-4.2359,22644.2635,NA
parkey.exe,42044,0x1DBA23EDF50,DXGI,0,0,0,Composed: Flip,22677.5016,NA,16.64720000000000,13.89200000000000,0.13480000000000,12.59290000000000,25.0215,22661.0152,16.6212,16.4864,0.1348,16.3686,12.7107,12.6822,0.0285,2.8597,22661.0152,NA
parkey.exe,42044,0x1DBA23EDF50,DXGI,0,0,0,Composed: Flip,22694.0457,NA,16.54410000000000,13.90430000000000,0.13370000000000,13.45890000000000,22.3817,22677.6364,16.5430,16.4093,0.1337,16.2812,13.5870,13.5675,0.0195,2.7169,22677.6364,NA
parkey.exe,42044,0x1DBA23EDF50,DXGI,0,0,0,Composed: Flip,22710.8427,NA,16.79700000000000,20.77040000000000,0.12140000000000,13.09380000000000,26.3551,22694.1794,16.7847,16.6633,0.1214,16.5504,13.2067,13.1902,0.0165,-4.2274,22694.1794,NA
parkey.exe,42044,0x1DBA23EDF50,DXGI,0,0,0,Composed: Flip,22727.9342,NA,17.09150000000000,13.96020000000000,0.18880000000000,13.07500000000000,23.2238,22710.9641,17.1589,16.9701,0.1888,16.8089,13.2362,13.2178,0.0184,2.8245,22710.9641,NA
parkey.exe,42044,0x1DBA23EDF50,DXGI,0,0,0,Composed: Flip,22744.2158,NA,16.28160000000000,20.81950000000000,0.14600000000000,13.83470000000000,27.7617,22728.1230,16.2388,16.0928,0.1460,15.9490,13.9785,13.9587,0.0198,-3.6606,22728.1230,NA
parkey.exe,42044,0x1DBA23EDF50,DXGI,0,0,0,Composed: Flip,22761.3287,NA,17.11290000000000,13.89510000000000,0.16020000000000,12.81120000000000,24.5439,22744.3618,17.1271,16.9669,0.1602,16.7987,12.9794,12.9587,0.0207,2.3437,22744.3618,NA
parkey.exe,42044,0x1DBA23EDF50,DXGI,0,0,0,Composed: Flip,22777.6291,NA,16.30040000000000,13.87410000000000,0.15510000000000,13.63010000000000,22.1176,22761.4889,16.2953,16.1402,0.1551,15.9977,13.7726,13.7504,0.0222,3.2530,22761.4889,NA
parkey.exe,42044,0x1DBA23EDF50,DXGI,0,0,0,Composed: Flip,22794.2411,NA,16.61200000000000,20.86610000000000,0.15230000000000,12.77890000000000,26.3717,22777.7842,16.6092,16.4569,0.1523,16.3365,12.8993,12.8844,0.0149,-4.5708,22777.7842,NA
parkey.exe,42044,0x1DBA23EDF50,DXGI,0,0,0,Composed: Flip,22810.8392,NA,16.59810000000000,13.87770000000000,0.13620000000000,13.19840000000000,23.6513,22794.3934,16.5820,16.4458,0.1362,16.3330,13.3112,13.2920,0.0192,2.7315,22794.3934,NA
parkey.exe,42044,0x1DBA23EDF50,DXGI,0,0,0,Composed: Flip,22827.6761,NA,16.83690000000000,20.82940000000000,0.15720000000000,13.85770000000000,27.6438,22810.9754,16.8579,16.7007,0.1572,16.5537,14.0047,13.9853,0.0194,-4.2474,22810.9754,NA
parkey.exe,42044,0x1DBA23EDF50,DXGI,0,0,0,Composed: Flip,22844.1848,NA,16.50870000000000,13.84520000000000,0.14730000000000,12.21540000000000,24.9803,22827.8333,16.4988,16.3515,0.1473,16.2169,12.3500,12.3279,0.0221,3.0127,22827.8333,NA
parkey.exe,42044,0x1DBA23EDF50,DXGI,0,0,0,Composed: Flip,22860.8102,NA,16.62540000000000,13.94690000000000,0.14480000000000,13.16350000000000,22.3018,22844.3321,16.6229,16.4781,0.1448,16.3533,13.2883,13.2696,0.0187,2.5519,22844.3321,NA
parkey.exe,42044,0x1DBA23EDF50,DXGI,0,0,0,Composed: Flip,22877.4074,NA,16.59720000000000,20.83620000000000,0.13670000000000,12.51100000000000,26.5408,22860.9550,16.5891,16.4524,0.1367,16.3374,12.6260,12.6074,0.0186,-4.2133,22860.9550,NA
parkey.exe,42044,0x1DBA23EDF50,DXGI,0,0,0,Composed: Flip,22894.2300,NA,16.82260000000000,13.89110000000000,0.14200000000000,13.21580000000000,23.6093,22877.5441,16.8279,16.6859,0.1420,16.5554,13.3463,13.3272,0.0191,2.6980,22877.5441,NA
parkey.exe,42044,0x1DBA23EDF50,DXGI,0,0,0,Composed: Flip,22910.8360,NA,16.60600000000000,20.84820000000000,0.13570000000000,14.08610000000000,27.8515,22894.3720,16.5997,16.4640,0.1357,16.3570,14.1931,14.1774,0.0157,-4.0203,22894.3720,NA
parkey.exe,42044,0x1DBA23EDF50,DXGI,0,0,0,Composed: Flip,22927.4308,NA,16.59480000000000,13.87980000000000,0.13770000000000,12.18200000000000,25.1365,22910.9717,16.5968,16.4591,0.1377,16.3386,12.3025,12.2438,0.0587,2.7199,22910.9717,NA
parkey.exe,42044,0x1DBA23EDF50,DXGI,0,0,0,Composed: Flip,22944.1961,NA,16.76530000000000,13.91760000000000,0.14700000000000,13.59500000000000,22.2888,22927.5685,16.7746,16.6276,0.1470,16.4934,13.7292,13.7021,0.0271,2.6792,22927.5685,NA
parkey.exe,42044,0x1DBA23EDF50,DXGI,0,0,0,Composed: Flip,22960.8324,NA,16.63630000000000,20.81990000000000,0.12660000000000,12.72310000000000,26.4724,22944.3431,16.6159,16.4893,0.1266,16.3485,12.8639,12.8447,0.0192,-4.0453,22944.3431,NA
parkey.exe,42044,0x1DBA23EDF50,DXGI,0,0,0,Composed: Flip,22977.4110,NA,16.57860000000000,13.87780000000000,0.16140000000000,12.96870000000000,23.7716,22960.9590,16.6134,16.4520,0.1614,16.3306,13.0901,13.0677,0.0224,2.7381,22960.9590,NA
parkey.exe,42044,0x1DBA23EDF50,DXGI,0,0,0,Composed: Flip,22994.0049,NA,16.59390000000000,20.85360000000000,0.13170000000000,13.82780000000000,28.0313,22977.5724,16.5642,16.4325,0.1317,16.3063,13.9540,13.9313,0.0227,-4.2402,22977.5724,NA
parkey.exe,42044,0x1DBA23EDF50,DXGI,0,0,0,Composed: Flip,23010.8284,NA,16.82350000000000,13.91100000000000,0.13420000000000,12.61690000000000,25.1188,22994.1366,16.8260,16.6918,0.1342,16.5606,12.7481,12.7313,0.0168,2.6532,22994.1366,NA
parkey.exe,42044,0x1DBA23EDF50,DXGI,0,0,0,Composed: Flip,23027.5157,NA,16.68730000000000,13.86380000000000,0.13870000000000,13.64330000000000,22.2953,23010.9626,16.6918,16.5531,0.1387,16.4358,13.7606,13.7391,0.0215,2.9622,23010.9626,NA
parkey.exe,42044,0x1DBA23EDF50,DXGI,0,0,0,Composed: Flip,23044.2844,NA,16.76870000000000,20.83400000000000,0.17660000000000,12.83520000000000,26.3606,23027.6544,16.8066,16.6300,0.1766,16.4734,12.9918,12.9728,0.0190,-4.1422,23027.6544,NA
parkey.exe,42044,0x1DBA23EDF50,DXGI,0,0,0,Composed: Flip,23060.7146,NA,16.43020000000000,13.87180000000000,0.13570000000000,13.24960000000000,23.8022,23044.4610,16.3893,16.2536,0.1357,16.1427,13.3605,13.3351,0.0254,2.9348,23044.4610,NA
parkey.exe,42044,0x1DBA23EDF50,DXGI,0,0,0,Composed: Flip,23077.3064,NA,16.59180000000000,20.85330000000000,0.13320000000000,13.94340000000000,28.0637,23060.8503,16.5893,16.4561,0.1332,16.3485,14.0510,14.0142,0.0368,-4.4640,23060.8503,NA
parkey.exe,42044,0x1DBA23EDF50,DXGI,0,0,0,Composed: Flip,23094.2269,NA,16.92050000000000,13.89330000000000,0.14140000000000,12.22220000000000,25.0365,23077.4396,16.9287,16.7873,0.1414,16.6552,12.3543,12.3343,0.0200,2.6960,23077.4396,NA
parkey.exe,42044,0x1DBA23EDF50,DXGI,0,0,0,Composed: Flip,23110.7400,NA,16.51310000000000,13.91210000000000,0.14800000000000,13.54120000000000,22.4355,23094.3683,16.5197,16.3717,0.1480,16.2568,13.6561,13.6387,0.0174,3.0166,23094.3683,NA
parkey.exe,42044,0x1DBA23EDF50,DXGI,0,0,0,Composed: Flip,23127.4605,NA,16.72050000000000,20.82020000000000,0.13330000000000,13.14270000000000,26.5352,23110.8880,16.7058,16.5725,0.1333,16.4625,13.2527,13.2363,0.0164,-4.3005,23110.8880,NA
parkey.exe,42044,0x1DBA23EDF50,DXGI,0,0,0,Composed: Flip,23144.0204,NA,16.55990000000000,13.87420000000000,0.13490000000000,13.18850000000000,23.8495,23127.5938,16.5615,16.4266,0.1349,16.3060,13.3091,13.2928,0.0163,2.8316,23127.5938,NA
parkey.exe,42044,0x1DBA23EDF50,DXGI,0,0,0,Composed: Flip,23160.8701,NA,16.84970000000000,20.84540000000000,0.16330000000000,13.99130000000000,27.8452,23144.1553,16.8781,16.7148,0.1633,16.5804,14.1257,14.1071,0.0186,-4.2839,23144.1553,NA
parkey.exe,42044,0x1DBA23EDF50,DXGI,0,0,0,Composed: Flip,23177.5468,NA,16.67670000000000,13.89290000000000,0.14700000000000,12.17830000000000,25.0614,23161.0334,16.6604,16.5134,0.1470,16.3821,12.3096,12.2767,0.0329,2.9852,23161.0334,NA
parkey.exe,42044,0x1DBA23EDF50,DXGI,0,0,0,Composed: Flip,23194.1758,NA,16.62900000000000,13.90160000000000,0.14030000000000,13.67210000000000,22.3340,23177.6938,16.6223,16.4820,0.1403,16.3665,13.7876,13.7680,0.0196,2.7588,23177.6938,NA
parkey.exe,42044,0x1DBA23EDF50,DXGI,0,0,0,Composed: Flip,23210.9064,NA,16.73060000000000,20.77560000000000,0.13440000000000,12.71080000000000,26.3790,23194.3161,16.7247,16.5903,0.1344,16.4492,12.8519,12.8315,0.0204,-4.1533,23194.3161,NA
parkey.exe,42044,0x1DBA23EDF50,DXGI,0,0,0,Composed: Flip,23227.8278,NA,16.92140000000000,13.92970000000000,0.16830000000000,13.09340000000000,23.3873,23211.0408,16.9553,16.7870,0.1683,16.6320,13.2484,13.2300,0.0184,2.7950,23211.0408,NA
parkey.exe,42044,0x1DBA23EDF50,DXGI,0,0,0,Composed: Flip,23244.2234,NA,16.39560000000000,20.85280000000000,0.15770000000000,13.96340000000000,27.8445,23227.9961,16.3850,16.2273,0.1577,16.0871,14.1036,14.0834,0.0202,-3.8975,23227.9961,NA
parkey.exe,42044,0x1DBA23EDF50,DXGI,0,0,0,Composed: Flip,23260.7372,NA,16.51380000000000,13.91750000000000,0.13960000000000,12.18330000000000,25.2482,23244.3811,16.4957,16.3561,0.1396,16.2476,12.2918,12.2426,0.0492,2.4675,23244.3811,NA
parkey.exe,42044,0x1DBA23EDF50,DXGI,0,0,0,Composed: Flip,23277.3468,NA,16.60960000000000,13.86890000000000,0.13320000000000,13.52170000000000,22.5075,23260.8768,16.6032,16.4700,0.1332,16.3587,13.6330,13.6144,0.0186,2.6268,23260.8768,NA
parkey.exe,42044,0x1DBA23EDF50,DXGI,0,0,0,Composed: Flip,23294.1875,NA,16.84070000000000,20.83580000000000,0.14100000000000,12.49730000000000,26.5026,23277.4800,16.8485,16.7075,0.1410,16.5739,12.6309,12.6132,0.0177,-4.2326,23277.4800,NA
parkey.exe,42044,0x1DBA23EDF50,DXGI,0,0,0,Composed: Flip,23310.7956,NA,16.60810000000000,13.88430000000000,0.13180000000000,12.68810000000000,23.7788,23294.3285,16.5989,16.4671,0.1318,16.3505,12.8047,12.7791,0.0256,2.9642,23294.3285,NA
parkey.exe,42044,0x1DBA23EDF50,DXGI,0,0,0,Composed: Flip,23327.3087,NA,16.51310000000000,20.85920000000000,0.15960000000000,13.78400000000000,28.1249,23310.9274,16.5409,16.3813,0.1596,16.2623,13.9030,13.8843,0.0187,-4.2603,23310.9274,NA
parkey.exe,42044,0x1DBA23EDF50,DXGI,0,0,0,Composed: Flip,23344.1210,NA,16.81230000000000,13.87180000000000,0.13690000000000,12.14750000000000,25.1844,23327.4683,16.7896,16.6527,0.1369,16.5156,12.2846,12.2126,0.0720,2.6691,23327.4683,NA
parkey.exe,42044,0x1DBA23EDF50,DXGI,0,0,0,Composed: Flip,23360.6233,NA,16.50230000000000,13.90570000000000,0.14440000000000,13.74500000000000,22.5878,23344.2579,16.5098,16.3654,0.1444,16.2585,13.8519,13.8317,0.0202,2.8839,23344.2579,NA
parkey.exe,42044,0x1DBA23EDF50,DXGI,0,0,0,Composed: Flip,23377.4684,NA,16.84510000000000,20.82790000000000,0.13010000000000,12.47650000000000,26.5706,23360.7677,16.8308,16.7007,0.1301,16.5816,12.5956,12.5798,0.0158,-4.3181,23360.7677,NA
parkey.exe,42044,0x1DBA23EDF50,DXGI,0,0,0,Composed: Flip,23394.0425,NA,16.57410000000000,13.87890000000000,0.15210000000000,13.16350000000000,23.8754,23377.5985,16.5961,16.4440,0.1521,16.3203,13.2872,13.2712,0.0160,2.9519,23377.5985,NA
parkey.exe,42044,0x1DBA23EDF50,DXGI,0,0,0,Composed: Flip,23411.0901,NA,17.04760000000000,20.84110000000000,0.18150000000000,13.92970000000000,27.6689,23394.1946,17.0770,16.8955,0.1815,16.7522,14.0730,14.0480,0.0250,-4.2450,23394.1946,NA
parkey.exe,42044,0x1DBA23EDF50,DXGI,0,0,0,Composed: Flip,23427.5831,NA,16.49300000000000,13.89820000000000,0.13440000000000,12.17310000000000,25.0741,23411.2716,16.4459,16.3115,0.1344,16.1879,12.2967,12.2726,0.0241,3.1788,23411.2716,NA
parkey.exe,42044,0x1DBA23EDF50,DXGI,0,0,0,Composed: Flip,23444.1811,NA,16.59800000000000,13.90170000000000,0.13310000000000,13.44940000000000,22.3778,23427.7175,16.5967,16.4636,0.1331,16.3237,13.5893,13.5705,0.0188,2.5442,23427.7175,NA
parkey.exe,42044,0x1DBA23EDF50,DXGI,0,0,0,Composed: Flip,23460.9979,NA,16.81680000000000,20.82530000000000,0.14480000000000,12.56240000000000,26.3863,23444.3142,16.8285,16.6837,0.1448,16.5300,12.7161,12.6674,0.0487,-4.2286,23444.3142,NA
parkey.exe,42044,0x1DBA23EDF50,DXGI,0,0,0,Composed: Flip,23477.6617,NA,16.66380000000000,13.88230000000000,0.18720000000000,13.13530000000000,23.6048,23461.1427,16.7062,16.5190,0.1872,16.3628,13.2915,13.2613,0.0302,2.9462,23461.1427,NA
parkey.exe,42044,0x1DBA23EDF50,DXGI,0,0,0,Composed: Flip,23494.5044,NA,16.84270000000000,20.88390000000000,0.16660000000000,13.95910000000000,27.6460,23477.8489,16.8221,16.6555,0.1666,16.4891,14.1255,14.0986,0.0269,-4.1777,23477.8489,NA
parkey.exe,42044,0x1DBA23EDF50,DXGI,0,0,0,Composed: Flip,23510.9568,NA,16.45240000000000,13.93170000000000,0.13120000000000,12.51310000000000,25.1253,23494.6710,16.4170,16.2858,0.1312,16.1567,12.6422,12.6119,0.0303,2.8904,23494.6710,NA
parkey.exe,42044,0x1DBA23EDF50,DXGI,0,0,0,Composed: Flip,23528.0197,NA,17.06290000000000,13.82660000000000,0.18080000000000,13.42900000000000,21.8890,23511.0880,17.1125,16.9317,0.1808,16.7619,13.5988,13.5722,0.0266,2.5904,23511.0880,NA
parkey.exe,42044,0x1DBA23EDF50,DXGI,0,0,0,Composed: Flip,23544.6052,NA,16.58550000000000,20.84240000000000,0.19730000000000,12.33470000000000,26.1459,23528.2005,16.6020,16.4047,0.1973,16.2049,12.5345,12.5077,0.0268,-3.7299,23528.2005,NA
parkey.exe,42044,0x1DBA23EDF50,DXGI,0,0,0,Composed: Flip,23561.1458,NA,16.54060000000000,13.86230000000000,0.15270000000000,13.11730000000000,23.4676,23544.8025,16.4960,16.3433,0.1527,16.1892,13.2714,13.2543,0.0171,2.7397,23544.8025,NA
parkey.exe,42044,0x1DBA23EDF50,DXGI,0,0,0,Composed: Flip,23577.7815,NA,16.63570000000000,20.84780000000000,0.17050000000000,13.89030000000000,27.6797,23561.2985,16.6535,16.4830,0.1705,16.3346,14.0387,14.0186,0.0201,-4.3518,23561.2985,NA
parkey.exe,42044,0x1DBA23EDF50,DXGI,0,0,0,Composed: Flip,23594.2456,NA,16.46410000000000,13.89600000000000,0.13220000000000,12.56730000000000,25.1116,23577.9520,16.4258,16.2936,0.1322,16.1649,12.6960,12.6782,0.0178,2.7575,23577.9520,NA
parkey.exe,42044,0x1DBA23EDF50,DXGI,0,0,0,Composed: Flip,23610.6824,NA,16.43680000000000,13.90990000000000,0.15970000000000,13.48710000000000,22.5847,23594.3778,16.4643,16.3046,0.1597,16.1928,13.5989,13.5809,0.0180,2.5159,23594.3778,NA
parkey.exe,42044,0x1DBA23EDF50,DXGI,0,0,0,Composed: Flip,23627.5593,NA,16.87690000000000,20.80990000000000,0.13040000000000,12.85150000000000,26.5177,23610.8421,16.8476,16.7172,0.1304,16.5971,12.9716,12.9521,0.0195,-4.3456,23610.8421,NA
parkey.exe,42044,0x1DBA23EDF50,DXGI,0,0,0,Composed: Flip,23644.1412,NA,16.58190000000000,13.87900000000000,0.13800000000000,13.19860000000000,23.8148,23627.6897,16.5895,16.4515,0.1380,16.3330,13.3171,13.3029,0.0142,2.9686,23627.6897,NA
parkey.exe,42044,0x1DBA23EDF50,DXGI,0,0,0,Composed: Flip,23660.9120,NA,16.77080000000000,20.85900000000000,0.15230000000000,13.83670000000000,27.9030,23644.2792,16.7851,16.6328,0.1523,16.4690,14.0005,13.9819,0.0186,-4.2695,23644.2792,NA
parkey.exe,42044,0x1DBA23EDF50,DXGI,0,0,0,Composed: Flip,23677.4741,NA,16.56210000000000,13.88500000000000,0.11210000000000,12.26580000000000,25.2259,23661.0643,16.5219,16.4098,0.1121,16.2907,12.3849,12.3022,0.0827,2.9001,23661.0643,NA
parkey.exe,42044,0x1DBA23EDF50,DXGI,0,0,0,Composed: Flip,23694.0664,NA,16.59230000000000,13.89150000000000,0.14030000000000,13.47480000000000,22.5251,23677.5862,16.6205,16.4802,0.1403,16.3451,13.6099,13.5892,0.0207,2.6304,23677.5862,NA
parkey.exe,42044,0x1DBA23EDF50,DXGI,0,0,0,Composed: Flip,23710.8725,NA,16.80610000000000,20.78610000000000,0.14920000000000,12.56990000000000,26.5051,23694.2067,16.8150,16.6658,0.1492,16.5329,12.7028,12.6698,0.0330,-4.1656,23694.2067,NA
parkey.exe,42044,0x1DBA23EDF50,DXGI,0,0,0,Composed: Flip,23727.2494,NA,16.37690000000000,13.93320000000000,0.14550000000000,12.66850000000000,24.0614,23711.0217,16.3732,16.2277,0.1455,16.1018,12.7944,12.7719,0.0225,2.8818,23711.0217,NA
parkey.exe,42044,0x1DBA23EDF50,DXGI,0,0,0,Composed: Flip,23744.4086,NA,17.15920000000000,20.82620000000000,0.15190000000000,13.92260000000000,27.7284,23727.3949,17.1656,17.0137,0.1519,16.8177,14.1186,14.0983,0.0203,-4.4530,23727.3949,NA
parkey.exe,42044,0x1DBA23EDF50,DXGI,0,0,0,Composed: Flip,23760.8921,NA,16.48350000000000,13.90770000000000,0.14850000000000,12.19450000000000,25.1526,23744.5605,16.4801,16.3316,0.1485,16.2017,12.3244,12.2993,0.0251,3.2579,23744.5605,NA
parkey.exe,42044,0x1DBA23EDF50,DXGI,0,0,0,Composed: Flip,23777.6855,NA,16.79340000000000,13.91080000000000,0.14800000000000,13.50310000000000,22.2700,23761.0406,16.7929,16.6449,0.1480,16.4925,13.6555,13.6346,0.0209,2.5693,23761.0406,NA
parkey.exe,42044,0x1DBA23EDF50,DXGI,0,0,0,Composed: Flip,23794.7472,NA,17.06170000000000,20.82690000000000,0.16160000000000,12.40920000000000,26.0352,23777.8335,17.0753,16.9137,0.1616,16.2561,13.0668,13.0481,0.0187,-4.0340,23777.8335,NA
parkey.exe,42044,0x1DBA23EDF50,DXGI,0,0,0,Composed: Flip,23810.7128,NA,15.96560000000000,13.87810000000000,0.13330000000000,13.48430000000000,23.9477,23794.9088,15.9373,15.8040,0.1333,15.6867,13.6016,13.5852,0.0164,3.1972,23794.9088,NA
parkey.exe,42044,0x1DBA23EDF50,DXGI,0,0,0,Composed: Flip,23827.4749,NA,16.76210000000000,20.85550000000000,0.12380000000000,13.52070000000000,28.0411,23810.8461,16.7526,16.6288,0.1238,16.5094,13.6401,13.6220,0.0181,-4.9182,23810.8461,NA
parkey.exe,42044,0x1DBA23EDF50,DXGI,0,0,0,Composed: Flip,23844.1796,NA,16.70470000000000,13.88200000000000,0.14220000000000,12.39320000000000,25.2184,23827.5987,16.7231,16.5809,0.1422,16.4420,12.5321,12.5062,0.0259,2.8706,23827.5987,NA
parkey.exe,42044,0x1DBA23EDF50,DXGI,0,0,0,Composed: Flip,23861.0924,NA,16.91280000000000,13.89420000000000,0.17470000000000,13.31560000000000,22.1998,23844.3218,16.9453,16.7706,0.1747,16.6182,13.4680,13.4484,0.0196,2.8289,23844.3218,NA
parkey.exe,42044,0x1DBA23EDF50,DXGI,0,0,0,Composed: Flip,23877.4776,NA,16.38520000000000,20.83690000000000,0.13530000000000,12.71870000000000,26.6515,23861.2671,16.3458,16.2105,0.1353,16.0814,12.8478,12.8208,0.0270,-3.8916,23861.2671,NA
parkey.exe,42044,0x1DBA23EDF50,DXGI,0,0,0,Composed: Flip,23894.1969,NA,16.71930000000000,13.87210000000000,0.14360000000000,13.33990000000000,23.8043,23877.6129,16.7276,16.5840,0.1436,16.4468,13.4771,13.4575,0.0196,2.4737,23877.6129,NA
parkey.exe,42044,0x1DBA23EDF50,DXGI,0,0,0,Composed: Flip,23911.1095,NA,16.91260000000000,20.79710000000000,0.17250000000000,13.88380000000000,27.6888,23894.3405,16.9415,16.7690,0.1725,16.5658,14.0870,14.0681,0.0189,-4.0695,23894.3405,NA
parkey.exe,42044,0x1DBA23EDF50,DXGI,0,0,0,Composed: Flip,23927.6812,NA,16.57170000000000,13.94540000000000,0.14070000000000,12.20680000000000,25.0625,23911.2820,16.5399,16.3992,0.1407,16.2728,12.3332,12.3134,0.0198,2.9961,23911.2820,NA
parkey.exe,42044,0x1DBA23EDF50,DXGI,0,0,0,Composed: Flip,23944.1549,NA,16.47370000000000,13.89650000000000,0.14730000000000,13.53330000000000,22.4853,23927.8219,16.4803,16.3330,0.1473,16.2023,13.6640,13.6297,0.0343,2.6434,23927.8219,NA
parkey.exe,42044,0x1DBA23EDF50,DXGI,0,0,0,Composed: Flip,23960.9956,NA,16.84070000000000,20.83680000000000,0.13000000000000,12.53590000000000,26.4814,23944.3022,16.8234,16.6934,0.1300,16.5559,12.6734,12.6547,0.0187,-4.3565,23944.3022,NA
parkey.exe,42044,0x1DBA23EDF50,DXGI,0,0,0,Composed: Flip,23977.5313,NA,16.53570000000000,13.87660000000000,0.16840000000000,13.10920000000000,23.8223,23961.1256,16.5741,16.4057,0.1684,16.2769,13.2380,13.2212,0.0168,2.9468,23961.1256,NA
parkey.exe,42044,0x1DBA23EDF50,DXGI,0,0,0,Composed: Flip,23994.0844,NA,16.55310000000000,13.90420000000000,0.15000000000000,13.43710000000000,21.1734,23977.6997,16.5347,16.3847,0.1500,16.2567,13.5651,13.5469,0.0182,2.6699,23977.6997,NA
parkey.exe,42044,0x1DBA23EDF50,DXGI,0,0,0,Composed: Flip,24010.6736,NA,16.58920000000000,34.50290000000000,0.13020000000000,12.01310000000000,39.0871,23994.2344,16.5694,16.4392,0.1302,16.3283,12.1240,12.1062,0.0178,-17.9682,23994.2344,NA
parkey.exe,42044,0x1DBA23EDF50,DXGI,0,0,0,Composed: Flip,24027.4553,NA,16.78170000000000,0.22690000000000,0.13120000000000,12.03400000000000,22.5323,24010.8038,16.7827,16.6515,0.1312,16.5296,12.1559,12.1350,0.0209,16.3425,24010.8038,NA
parkey.exe,42044,0x1DBA23EDF50,DXGI,0,0,0,Composed: Flip,24044.2400,NA,16.78470000000000,20.83370000000000,0.17510000000000,13.00040000000000,26.5813,24027.5865,16.8286,16.6535,0.1751,16.5133,13.1406,13.1229,0.0177,-4.0510,24027.5865,NA
parkey.exe,42044,0x1DBA23EDF50,DXGI,0,0,0,Composed: Flip,24060.8938,NA,16.65380000000000,13.89190000000000,0.11490000000000,12.66060000000000,23.8194,24044.4151,16.5936,16.4787,0.1149,16.3647,12.7746,12.7522,0.0224,2.9367,24044.4151,NA
parkey.exe,42044,0x1DBA23EDF50,DXGI,0,0,0,Composed: Flip,24077.4839,NA,16.59010000000000,20.83700000000000,0.13050000000000,13.49110000000000,28.0663,24061.0087,16.6057,16.4752,0.1305,16.3567,13.6096,13.5905,0.0191,-4.2434,24061.0087,NA
parkey.exe,42044,0x1DBA23EDF50,DXGI,0,0,0,Composed: Flip,24094.0143,NA,16.53040000000000,13.89250000000000,0.11660000000000,12.53890000000000,25.4284,24077.6144,16.5165,16.3999,0.1166,16.2894,12.6494,12.6299,0.0195,2.7132,24077.6144,NA
parkey.exe,42044,0x1DBA23EDF50,DXGI,0,0,0,Composed: Flip,24110.7253,NA,16.71100000000000,13.89490000000000,0.16330000000000,13.52120000000000,22.6123,24094.1309,16.7577,16.5944,0.1633,16.4734,13.6422,13.6235,0.0187,2.6216,24094.1309,NA
parkey.exe,42044,0x1DBA23EDF50,DXGI,0,0,0,Composed: Flip,24127.4597,NA,16.73440000000000,20.77520000000000,0.14330000000000,12.65520000000000,26.6531,24110.8886,16.7144,16.5711,0.1433,16.4268,12.7995,12.7811,0.0184,-4.0175,24110.8886,NA
parkey.exe,42044,0x1DBA23EDF50,DXGI,0,0,0,Composed: Flip,24144.1252,NA,16.66550000000000,13.94490000000000,0.15700000000000,12.73400000000000,23.9325,24127.6030,16.6792,16.5222,0.1570,16.3904,12.8658,12.8416,0.0242,2.7695,24127.6030,NA
parkey.exe,42044,0x1DBA23EDF50,DXGI,0,0,0,Composed: Flip,24160.9525,NA,16.82730000000000,20.78170000000000,0.15940000000000,13.52610000000000,27.8869,24144.2822,16.8297,16.6703,0.1594,16.5604,13.6360,13.6116,0.0244,-4.1025,24144.2822,NA
parkey.exe,42044,0x1DBA23EDF50,DXGI,0,0,0,Composed: Flip,24177.7948,NA,16.84230000000000,13.94820000000000,0.17170000000000,12.18520000000000,24.9928,24161.1119,16.8546,16.6829,0.1717,16.5208,12.3473,12.3265,0.0208,2.8815,24161.1119,NA
parkey.exe,42044,0x1DBA23EDF50,DXGI,0,0,0,Composed: Flip,24194.3580,NA,16.56320000000000,13.88750000000000,0.15960000000000,13.61110000000000,22.3171,24177.9665,16.5511,16.3915,0.1596,16.2380,13.7646,13.7431,0.0215,2.9671,24177.9665,NA
parkey.exe,42044,0x1DBA23EDF50,DXGI,0,0,0,Composed: Flip,24211.0137,NA,16.65570000000000,20.83560000000000,0.14660000000000,12.64930000000000,26.4970,24194.5176,16.6427,16.4961,0.1466,16.3284,12.8170,12.8014,0.0156,-4.2845,24194.5176,NA
parkey.exe,42044,0x1DBA23EDF50,DXGI,0,0,0,Composed: Flip,24227.5949,NA,16.58120000000000,13.88920000000000,0.15870000000000,13.34850000000000,23.8050,24211.1603,16.5933,16.4346,0.1587,16.3095,13.4736,13.4597,0.0139,2.7535,24211.1603,NA
parkey.exe,42044,0x1DBA23EDF50,DXGI,0,0,0,Composed: Flip,24244.1040,NA,16.50910000000000,13.91110000000000,0.13310000000000,13.47260000000000,21.2070,24227.7536,16.4835,16.3504,0.1331,16.2223,13.6007,13.5800,0.0207,2.6822,24227.7536,NA
parkey.exe,42044,0x1DBA23EDF50,DXGI,0,0,0,Composed: Flip,24261.0050,NA,16.90100000000000,17.97740000000000,0.15780000000000,11.05380000000000,22.2834,24244.2371,16.9257,16.7679,0.1578,16.6164,11.2053,11.1852,0.0201,-1.4939,24244.2371,NA
parkey.exe,42044,0x1DBA23EDF50,DXGI,0,0,0,Composed: Flip,24277.4793,NA,16.47430000000000,33.36580000000000,0.13020000000000,12.14620000000000,39.1749,24261.1628,16.4467,16.3165,0.1302,16.1941,12.2686,12.2485,0.0201,-16.4401,24261.1628,NA
parkey.exe,42044,0x1DBA23EDF50,DXGI,0,0,0,Composed: Flip,24294.0679,NA,16.58860000000000,16.67360000000000,0.16270000000000,14.10390000000000,39.2599,24277.6095,16.6211,16.4584,0.1627,16.3297,14.2326,14.2090,0.0236,-0.2269,24277.6095,NA
parkey.exe,42044,0x1DBA23EDF50,DXGI,0,0,0,Composed: Flip,24310.6435,NA,16.57560000000000,1.44200000000000,0.12690000000000,11.37520000000000,24.1263,24294.2306,16.5398,16.4129,0.1269,16.3061,11.4820,11.4603,0.0217,15.1791,24294.2306,NA
parkey.exe,42044,0x1DBA23EDF50,DXGI,0,0,0,Composed: Flip,24327.1257,NA,16.48220000000000,13.87630000000000,0.11450000000000,13.56780000000000,21.5204,24310.7704,16.4698,16.3553,0.1145,16.2581,13.6650,13.6466,0.0184,2.6635,24310.7704,NA
parkey.exe,42044,0x1DBA23EDF50,DXGI,0,0,0,Composed: Flip,24344.0798,NA,16.95410000000000,18.03970000000000,0.12730000000000,11.04370000000000,22.6060,24327.2402,16.9669,16.8396,0.1273,16.7111,11.1722,11.1520,0.0202,-1.5699,24327.2402,NA
parkey.exe,42044,0x1DBA23EDF50,DXGI,0,0,0,Composed: Flip,24360.6448,NA,16.56500000000000,33.36520000000000,0.15820000000000,11.50000000000000,39.4062,24344.2071,16.5959,16.4377,0.1582,16.3034,11.6343,11.6148,0.0195,-16.3983,24344.2071,NA
parkey.exe,42044,0x1DBA23EDF50,DXGI,0,0,0,Composed: Flip,24377.2958,NA,16.65100000000000,16.67660000000000,0.12850000000000,14.06220000000000,39.4318,24360.8030,16.6213,16.4928,0.1285,16.3818,14.1732,14.1505,0.0227,-0.0807,24360.8030,NA
parkey.exe,42044,0x1DBA23EDF50,DXGI,0,0,0,Composed: Flip,24394.2826,NA,16.98680000000000,1.36760000000000,0.13410000000000,11.64510000000000,23.8126,24377.4243,16.9924,16.8583,0.1341,16.7240,11.7794,11.7211,0.0583,15.2537,24377.4243,NA
parkey.exe,42044,0x1DBA23EDF50,DXGI,0,0,0,Composed: Flip,24411.0970,NA,16.81440000000000,20.86070000000000,0.18490000000000,13.84930000000000,27.8589,24394.4167,16.8652,16.6803,0.1849,16.5214,14.0082,13.9783,0.0299,-3.8683,24394.4167,NA
parkey.exe,42044,0x1DBA23EDF50,DXGI,0,0,0,Composed: Flip,24427.4560,NA,16.35900000000000,13.87300000000000,0.14170000000000,12.69710000000000,25.3729,24411.2819,16.3158,16.1741,0.1417,16.0535,12.8177,12.7979,0.0198,2.9922,24411.2819,NA
parkey.exe,42044,0x1DBA23EDF50,DXGI,0,0,0,Composed: Flip,24444.2358,NA,16.77980000000000,13.89490000000000,0.14390000000000,13.50300000000000,22.4880,24427.5977,16.7820,16.6381,0.1439,16.4958,13.6453,13.6277,0.0176,2.4209,24427.5977,NA
parkey.exe,42044,0x1DBA23EDF50,DXGI,0,0,0,Composed: Flip,24461.0985,NA,16.86270000000000,20.78190000000000,0.13420000000000,12.67590000000000,26.4072,24444.3797,16.8530,16.7188,0.1342,16.5845,12.8102,12.7913,0.0189,-3.9999,24444.3797,NA
parkey.exe,42044,0x1DBA23EDF50,DXGI,0,0,0,Composed: Flip,24477.3957,NA,16.29720000000000,14.06300000000000,0.15950000000000,13.23940000000000,24.1730,24461.2327,16.3225,16.1630,0.1595,16.0212,13.3812,13.0952,0.2860,2.7900,24461.2327,NA
parkey.exe,42044,0x1DBA23EDF50,DXGI,0,0,0,Composed: Flip,24494.3139,NA,16.91820000000000,20.68030000000000,0.15540000000000,13.73710000000000,27.9351,24477.5552,16.9141,16.7587,0.1554,16.6165,13.8793,13.8494,0.0299,-4.3578,24477.5552,NA
parkey.exe,42044,0x1DBA23EDF50,DXGI,0,0,0,Composed: Flip,24511.1933,NA,16.87940000000000,13.93600000000000,0.17250000000000,12.84160000000000,24.9917,24494.4693,16.8965,16.7240,0.1725,16.5640,13.0016,12.9837,0.0179,2.9781,24494.4693,NA
parkey.exe,42044,0x1DBA23EDF50,DXGI,0,0,0,Composed: Flip,24527.7962,NA,16.60290000000000,13.90110000000000,0.14880000000000,13.68380000000000,22.2899,24511.3658,16.5792,16.4304,0.1488,16.2791,13.8351,13.8155,0.0196,2.9954,24511.3658,NA
parkey.exe,42044,0x1DBA23EDF50,DXGI,0,0,0,Composed: Flip,24544.1853,NA,16.38910000000000,20.76990000000000,0.16700000000000,12.79850000000000,26.6707,24527.9450,16.4073,16.2403,0.1670,16.1138,12.9250,12.9020,0.0230,-4.1907,24527.9450,NA
parkey.exe,42044,0x1DBA23EDF50,DXGI,0,0,0,Composed: Flip,24560.9135,NA,16.72820000000000,13.95280000000000,0.13080000000000,12.84540000000000,23.8953,24544.3523,16.6920,16.5612,0.1308,16.4334,12.9732,12.9548,0.0184,2.4545,24544.3523,NA
parkey.exe,42044,0x1DBA23EDF50,DXGI,0,0,0,Composed: Flip,24577.6620,NA,16.74850000000000,20.83110000000000,0.15620000000000,13.64490000000000,27.9779,24561.0443,16.7739,16.6177,0.1562,16.4728,13.7898,13.7688,0.0210,-4.1391,24561.0443,NA
parkey.exe,42044,0x1DBA23EDF50,DXGI,0,0,0,Composed: Flip,24594.2106,NA,16.54860000000000,13.88510000000000,0.14690000000000,12.91820000000000,25.3144,24577.8182,16.5393,16.3924,0.1469,16.2585,13.0521,13.0306,0.0215,2.8888,24577.8182,NA
parkey.exe,42044,0x1DBA23EDF50,DXGI,0,0,0,Composed: Flip,24610.8438,NA,16.63320000000000,13.89630000000000,0.16830000000000,13.57920000000000,22.5775,24594.3575,16.6546,16.4863,0.1683,16.3521,13.7134,13.6946,0.0188,2.6430,24594.3575,NA
parkey.exe,42044,0x1DBA23EDF50,DXGI,0,0,0,Composed: Flip,24627.4841,NA,16.64030000000000,20.77950000000000,0.12640000000000,13.08230000000000,26.7167,24611.0121,16.5984,16.4720,0.1264,16.3454,13.2089,13.1891,0.0198,-4.1249,24611.0121,NA
parkey.exe,42044,0x1DBA23EDF50,DXGI,0,0,0,Composed: Flip,24644.0746,NA,16.59050000000000,13.94640000000000,0.14460000000000,12.77680000000000,24.0726,24627.6105,16.6087,16.4641,0.1446,16.3385,12.9024,12.8817,0.0207,2.6520,24627.6105,NA
parkey.exe,42044,0x1DBA23EDF50,DXGI,0,0,0,Composed: Flip,24660.6778,NA,16.60320000000000,13.89310000000000,0.15480000000000,13.65380000000000,21.3625,24644.2192,16.6134,16.4586,0.1548,16.3382,13.7742,13.7559,0.0183,2.7156,24644.2192,NA
parkey.exe,42044,0x1DBA23EDF50,DXGI,0,0,0,Composed: Flip,24677.4465,NA,16.76870000000000,20.82200000000000,0.12970000000000,11.73250000000000,25.4158,24660.8326,16.7436,16.6139,0.1297,16.4905,11.8559,11.8399,0.0160,-4.2086,24660.8326,NA
parkey.exe,42044,0x1DBA23EDF50,DXGI,0,0,0,Composed: Flip,24694.2882,NA,16.84170000000000,13.90050000000000,0.13710000000000,13.91330000000000,22.4746,24677.5762,16.8491,16.7120,0.1371,16.5873,14.0380,14.0195,0.0185,2.8431,24677.5762,NA
parkey.exe,42044,0x1DBA23EDF50,DXGI,0,0,0,Composed: Flip,24710.6298,NA,16.34160000000000,20.82440000000000,0.13440000000000,13.17980000000000,26.9574,24694.4253,16.3389,16.2045,0.1344,16.0866,13.2977,13.2790,0.0187,-3.9753,24694.4253,NA
parkey.exe,42044,0x1DBA23EDF50,DXGI,0,0,0,Composed: Flip,24727.1874,NA,16.55760000000000,13.90900000000000,0.14520000000000,12.87130000000000,24.3088,24710.7642,16.5684,16.4232,0.1452,16.2915,13.0030,12.9833,0.0197,2.4299,24710.7642,NA
parkey.exe,42044,0x1DBA23EDF50,DXGI,0,0,0,Composed: Flip,24743.9710,NA,16.78360000000000,13.89590000000000,0.13510000000000,13.69510000000000,21.4211,24727.3326,16.7735,16.6384,0.1351,16.5171,13.8164,13.7945,0.0219,2.6725,24727.3326,NA
parkey.exe,42044,0x1DBA23EDF50,DXGI,0,0,0,Composed: Flip,24760.8957,NA,16.92470000000000,20.83520000000000,0.14530000000000,11.93660000000000,25.3316,24744.1061,16.9349,16.7896,0.1453,16.6446,12.0816,12.0632,0.0184,-4.0617,24744.1061,NA
parkey.exe,42044,0x1DBA23EDF50,DXGI,0,0,0,Composed: Flip,24777.7232,NA,16.82750000000000,13.90890000000000,0.15660000000000,13.51080000000000,22.4130,24761.0410,16.8388,16.6822,0.1566,16.5285,13.6645,13.6427,0.0218,3.0260,24761.0410,NA
parkey.exe,42044,0x1DBA23EDF50,DXGI,0,0,0,Composed: Flip,24794.2251,NA,16.50190000000000,20.76160000000000,0.17380000000000,12.94150000000000,26.6727,24777.8798,16.5191,16.3453,0.1738,16.2026,13.0842,13.0661,0.0181,-3.9228,24777.8798,NA
parkey.exe,42044,0x1DBA23EDF50,DXGI,0,0,0,Composed: Flip,24810.9182,NA,16.69310000000000,13.95080000000000,0.14380000000000,12.78290000000000,23.9304,24794.3989,16.6631,16.5193,0.1438,16.3938,12.9084,12.8878,0.0206,2.5683,24794.3989,NA
parkey.exe,42044,0x1DBA23EDF50,DXGI,0,0,0,Composed: Flip,24827.3601,NA,16.44190000000000,13.89200000000000,0.17180000000000,13.68840000000000,21.3805,24811.0620,16.4699,16.2981,0.1718,16.1770,13.8095,13.7826,0.0269,2.7711,24811.0620,NA
parkey.exe,42044,0x1DBA23EDF50,DXGI,0,0,0,Composed: Flip,24844.1163,NA,16.75620000000000,18.35320000000000,0.14180000000000,11.50350000000000,22.9775,24827.5319,16.7262,16.5844,0.1418,16.4522,11.6357,11.6143,0.0214,-1.8833,24827.5319,NA
parkey.exe,42044,0x1DBA23EDF50,DXGI,0,0,0,Composed: Flip,24861.1180,NA,17.00170000000000,33.35970000000000,0.20270000000000,13.53420000000000,39.3355,24844.2581,17.0626,16.8599,0.2027,16.6614,13.7327,13.7098,0.0229,-16.6335,24844.2581,NA
parkey.exe,42044,0x1DBA23EDF50,DXGI,0,0,0,Composed: Flip,24877.5462,NA,16.42820000000000,16.67600000000000,0.14720000000000,13.96290000000000,39.5833,24861.3207,16.3727,16.2255,0.1472,16.2546,13.9338,13.9128,0.0210,0.3866,24861.3207,NA
parkey.exe,42044,0x1DBA23EDF50,DXGI,0,0,0,Composed: Flip,24894.2040,NA,16.65780000000000,1.08510000000000,0.16870000000000,11.63680000000000,24.0106,24877.6934,16.6793,16.5106,0.1687,16.3701,11.7773,11.7594,0.0179,15.2876,24877.6934,NA
parkey.exe,42044,0x1DBA23EDF50,DXGI,0,0,0,Composed: Flip,24911.0641,NA,16.86010000000000,20.80700000000000,0.17980000000000,13.66220000000000,27.9575,24894.3727,16.8712,16.6914,0.1798,16.5448,13.8088,13.7915,0.0173,-4.1277,24894.3727,NA
parkey.exe,42044,0x1DBA23EDF50,DXGI,0,0,0,Composed: Flip,24927.4660,NA,16.40190000000000,13.89300000000000,0.15270000000000,12.51910000000000,25.4486,24911.2439,16.3748,16.2221,0.1527,16.0852,12.6560,12.6406,0.0154,2.9782,24911.2439,NA
parkey.exe,42044,0x1DBA23EDF50,DXGI,0,0,0,Composed: Flip,24944.5540,NA,17.08800000000000,13.90730000000000,0.14650000000000,13.31370000000000,22.2679,24927.6187,17.0818,16.9353,0.1465,16.4599,13.7891,13.7685,0.0206,2.4675,24927.6187,NA
parkey.exe,42044,0x1DBA23EDF50,DXGI,0,0,0,Composed: Flip,24960.8055,NA,16.25150000000000,20.83110000000000,0.14250000000000,13.09690000000000,26.8475,24944.7005,16.2475,16.1050,0.1425,15.9742,13.2277,13.2080,0.0197,-3.7493,24944.7005,NA
parkey.exe,42044,0x1DBA23EDF50,DXGI,0,0,0,Composed: Flip,24977.4192,NA,16.61370000000000,13.91080000000000,0.15280000000000,12.92860000000000,24.1446,24960.9480,16.6240,16.4712,0.1528,16.3495,13.0503,13.0268,0.0235,2.3367,24960.9480,NA
parkey.exe,42044,0x1DBA23EDF50,DXGI,0,0,0,Composed: Flip,24994.1515,NA,16.73230000000000,13.87030000000000,0.13830000000000,13.12620000000000,21.2826,24977.5720,16.7178,16.5795,0.1383,16.4486,13.2571,13.2368,0.0203,2.7537,24977.5720,NA
parkey.exe,42044,0x1DBA23EDF50,DXGI,0,0,0,Composed: Flip,25010.7435,NA,16.59200000000000,18.46290000000000,0.14190000000000,11.11760000000000,23.1535,24994.2898,16.5956,16.4537,0.1419,16.3228,11.2485,11.2288,0.0197,-1.7451,24994.2898,NA
parkey.exe,42044,0x1DBA23EDF50,DXGI,0,0,0,Composed: Flip,25027.2818,NA,16.53830000000000,33.35860000000000,0.13130000000000,11.70410000000000,39.9738,25010.8854,16.5277,16.3964,0.1313,16.2924,11.8081,11.7871,0.0210,-16.7630,25010.8854,NA
parkey.exe,42044,0x1DBA23EDF50,DXGI,0,0,0,Composed: Flip,25044.1985,NA,16.91670000000000,16.67940000000000,0.17230000000000,13.99750000000000,39.7365,25027.4131,16.9577,16.7854,0.1723,16.6408,14.1421,14.1203,0.0218,-0.1517,25027.4131,NA
parkey.exe,42044,0x1DBA23EDF50,DXGI,0,0,0,Composed: Flip,25060.7715,NA,16.57300000000000,0.94680000000000,0.13570000000000,11.61070000000000,24.1103,25044.3708,16.5364,16.4007,0.1357,16.2739,11.7375,11.7170,0.0205,16.0109,25044.3708,NA
parkey.exe,42044,0x1DBA23EDF50,DXGI,0,0,0,Composed: Flip,25077.5380,NA,16.76650000000000,13.88390000000000,0.14610000000000,13.62020000000000,21.2277,25060.9072,16.7769,16.6308,0.1461,16.4835,13.7675,13.7465,0.0210,2.6525,25060.9072,NA
parkey.exe,42044,0x1DBA23EDF50,DXGI,0,0,0,Composed: Flip,25094.0755,NA,16.53750000000000,NA,0.12510000000000,11.75750000000000,NA,25077.6841,16.5165,16.3914,0.1251,16.2721,11.8768,11.8585,0.0183,NA,NA,NA
parkey.exe,42044,0x1DBA23EDF50,DXGI,0,0,0,Composed: Flip,25110.6701,NA,16.59460000000000,34.73970000000000,0.16020000000000,11.81300000000000,22.8353,25094.2006,16.6297,16.4695,0.1602,16.3431,11.9394,11.9239,0.0155,-1.4463,25094.2006,NA
parkey.exe,42044,0x1DBA23EDF50,DXGI,0,0,0,Composed: Flip,25127.4024,NA,16.73230000000000,20.84580000000000,0.13160000000000,13.00740000000000,26.9488,25110.8303,16.7037,16.5721,0.1316,16.4567,13.1228,13.0927,0.0301,-4.2161,25110.8303,NA
parkey.exe,42044,0x1DBA23EDF50,DXGI,0,0,0,Composed: Flip,25144.0784,NA,16.67600000000000,13.88660000000000,0.14150000000000,12.92150000000000,24.1594,25127.5340,16.6859,16.5444,0.1415,16.4191,13.0468,13.0293,0.0175,2.8171,25127.5340,NA
parkey.exe,42044,0x1DBA23EDF50,DXGI,0,0,0,Composed: Flip,25160.7296,NA,16.65120000000000,13.88440000000000,0.15940000000000,12.95270000000000,21.3926,25144.2199,16.6691,16.5097,0.1594,16.3854,13.0770,13.0582,0.0188,2.8015,25144.2199,NA
parkey.exe,42044,0x1DBA23EDF50,DXGI,0,0,0,Composed: Flip,25177.3396,NA,16.61000000000000,18.57480000000000,0.12870000000000,11.14100000000000,23.3574,25160.8890,16.5793,16.4506,0.1287,16.3349,11.2567,11.2367,0.0200,-1.9057,25160.8890,NA
parkey.exe,42044,0x1DBA23EDF50,DXGI,0,0,0,Composed: Flip,25194.1195,NA,16.77990000000000,33.36720000000000,0.15220000000000,11.65620000000000,39.9447,25177.4683,16.8034,16.6512,0.1522,16.5106,11.7968,11.7796,0.0172,-16.7879,25177.4683,NA
parkey.exe,42044,0x1DBA23EDF50,DXGI,0,0,0,Composed: Flip,25210.8776,NA,16.75810000000000,16.67440000000000,0.14890000000000,14.15350000000000,39.8610,25194.2717,16.7548,16.6059,0.1489,16.4648,14.2946,14.2722,0.0224,0.1290,25194.2717,NA
parkey.exe,42044,0x1DBA23EDF50,DXGI,0,0,0,Composed: Flip,25227.6519,NA,16.77430000000000,0.85570000000000,0.16740000000000,11.43720000000000,23.9424,25211.0265,16.7928,16.6254,0.1674,16.4748,11.5878,11.5694,0.0184,15.8991,25211.0265,NA
parkey.exe,42044,0x1DBA23EDF50,DXGI,0,0,0,Composed: Flip,25243.9599,NA,16.30800000000000,13.87870000000000,0.13580000000000,12.96110000000000,21.5131,25227.8193,16.2764,16.1406,0.1358,16.0092,13.0925,13.0666,0.0259,2.9141,25227.8193,NA
parkey.exe,42044,0x1DBA23EDF50,DXGI,0,0,0,Composed: Flip,25261.1658,NA,17.20590000000000,NA,0.16360000000000,11.60660000000000,NA,25244.0957,17.2337,17.0701,0.1636,16.9002,11.7765,11.7584,0.0181,NA,NA,NA
parkey.exe,42044,0x1DBA23EDF50,DXGI,0,0,0,Composed: Flip,25277.6732,NA,16.50740000000000,34.72680000000000,0.16070000000000,11.73750000000000,22.5266,25261.3294,16.5045,16.3438,0.1607,16.1973,11.8840,11.8694,0.0146,-1.2167,25261.3294,NA
parkey.exe,42044,0x1DBA23EDF50,DXGI,0,0,0,Composed: Flip,25294.2327,NA,16.55950000000000,20.83980000000000,0.23820000000000,12.91880000000000,26.8069,25277.8339,16.6370,16.3988,0.2382,16.2590,13.0586,13.0402,0.0184,-4.3353,25277.8339,NA
parkey.exe,42044,0x1DBA23EDF50,DXGI,0,0,0,Composed: Flip,25310.9691,NA,16.73640000000000,13.89740000000000,0.11910000000000,13.42840000000000,23.9679,25294.4709,16.6173,16.4982,0.1191,16.3850,13.5416,13.5214,0.0202,2.7396,25294.4709,NA
parkey.exe,42044,0x1DBA23EDF50,DXGI,0,0,0,Composed: Flip,25327.4030,NA,16.43390000000000,13.90430000000000,0.12560000000000,12.95800000000000,21.4383,25311.0882,16.4404,16.3148,0.1256,16.1954,13.0774,13.0585,0.0189,2.7130,25311.0882,NA
parkey.exe,42044,0x1DBA23EDF50,DXGI,0,0,0,Composed: Flip,25344.3998,NA,16.99680000000000,18.65580000000000,0.17160000000000,11.06020000000000,23.0973,25327.5286,17.0428,16.8712,0.1716,16.6866,11.2448,11.2236,0.0212,-2.2154,25327.5286,NA
parkey.exe,42044,0x1DBA23EDF50,DXGI,0,0,0,Composed: Flip,25360.7900,NA,16.39020000000000,16.68200000000000,0.16710000000000,11.50800000000000,23.3891,25344.5714,16.3857,16.2186,0.1671,16.0832,11.6434,11.6246,0.0188,0.3608,25344.5714,NA
parkey.exe,42044,0x1DBA23EDF50,DXGI,0,0,0,Composed: Flip,25377.2097,NA,16.41970000000000,20.24160000000000,0.13610000000000,14.13300000000000,27.2110,25360.9571,16.3887,16.2526,0.1361,16.1395,14.2461,14.2189,0.0272,-3.8559,25360.9571,NA
parkey.exe,42044,0x1DBA23EDF50,DXGI,0,0,0,Composed: Flip,25394.0758,NA,16.86610000000000,13.86860000000000,0.14370000000000,12.82710000000000,24.2135,25377.3458,16.8737,16.7300,0.1437,16.6017,12.9554,12.9363,0.0191,2.5201,25377.3458,NA
parkey.exe,42044,0x1DBA23EDF50,DXGI,0,0,0,Composed: Flip,25411.0103,NA,16.93450000000000,13.88070000000000,0.18120000000000,12.92660000000000,21.1597,25394.2195,16.9720,16.7908,0.1812,16.6267,13.0907,13.0715,0.0192,2.9930,25394.2195,NA
parkey.exe,42044,0x1DBA23EDF50,DXGI,0,0,0,Composed: Flip,25427.5022,NA,16.49190000000000,18.73200000000000,0.15250000000000,11.14790000000000,23.3998,25411.1915,16.4632,16.3107,0.1525,16.1677,11.2909,11.2731,0.0178,-1.7600,25411.1915,NA
parkey.exe,42044,0x1DBA23EDF50,DXGI,0,0,0,Composed: Flip,25443.9917,NA,16.48950000000000,16.67200000000000,0.13500000000000,11.64550000000000,23.5823,25427.6547,16.4720,16.3370,0.1350,16.2229,11.7596,11.7410,0.0186,-0.2088,25427.6547,NA
parkey.exe,42044,0x1DBA23EDF50,DXGI,0,0,0,Composed: Flip,25460.7870,NA,16.79530000000000,16.69180000000000,0.14990000000000,14.00830000000000,23.4788,25444.1267,16.8102,16.6603,0.1499,16.5222,14.1464,14.0828,0.0636,-0.2198,25444.1267,NA
parkey.exe,42044,0x1DBA23EDF50,DXGI,0,0,0,Composed: Flip,25477.5701,NA,16.78310000000000,33.35500000000000,0.17930000000000,11.61890000000000,40.0507,25460.9369,16.8125,16.6332,0.1793,16.4655,11.7866,11.7373,0.0493,-16.5448,25460.9369,NA
parkey.exe,42044,0x1DBA23EDF50,DXGI,0,0,0,Composed: Flip,25494.2264,NA,16.65630000000000,NA,0.14940000000000,13.49270000000000,NA,25477.7494,16.6264,16.4770,0.1494,16.3244,13.6453,13.6193,0.0260,NA,NA,NA
parkey.exe,42044,0x1DBA23EDF50,DXGI,0,0,0,Composed: Flip,25510.9679,NA,16.74150000000000,16.68220000000000,0.14370000000000,11.13400000000000,23.3351,25494.3758,16.7358,16.5921,0.1437,16.4519,11.2742,11.2509,0.0233,16.7567,25494.3758,NA
parkey.exe,42044,0x1DBA23EDF50,DXGI,0,0,0,Composed: Flip,25527.3491,NA,16.38120000000000,33.35900000000000,0.13340000000000,11.15990000000000,40.3129,25511.1116,16.3709,16.2375,0.1334,16.1218,11.2756,11.2561,0.0195,-16.6232,25511.1116,NA
parkey.exe,42044,0x1DBA23EDF50,DXGI,0,0,0,Composed: Flip,25544.2437,NA,16.89460000000000,16.68340000000000,0.19770000000000,14.10260000000000,40.1017,25527.4825,16.9589,16.7612,0.1977,16.6272,14.2366,14.2160,0.0206,-0.3125,25527.4825,NA
parkey.exe,42044,0x1DBA23EDF50,DXGI,0,0,0,Composed: Flip,25560.9837,NA,16.74000000000000,0.63990000000000,0.13950000000000,11.39750000000000,24.0016,25544.4414,16.6818,16.5423,0.1395,16.3989,11.5409,11.5217,0.0192,16.3190,25544.4414,NA
parkey.exe,42044,0x1DBA23EDF50,DXGI,0,0,0,Composed: Flip,25577.4538,NA,16.47010000000000,13.88350000000000,0.12060000000000,13.03180000000000,21.4150,25561.1232,16.4512,16.3306,0.1206,16.2218,13.1406,13.1208,0.0198,2.7983,25561.1232,NA
parkey.exe,42044,0x1DBA23EDF50,DXGI,0,0,0,Composed: Flip,25594.1220,NA,16.66820000000000,18.83310000000000,0.13500000000000,11.09290000000000,23.5799,25577.5744,16.6826,16.5476,0.1350,16.3944,11.2461,11.2259,0.0202,-2.3819,25577.5744,NA
parkey.exe,42044,0x1DBA23EDF50,DXGI,0,0,0,Composed: Flip,25610.6690,NA,16.54700000000000,16.67960000000000,0.15560000000000,11.26960000000000,23.7125,25594.2570,16.5676,16.4120,0.1556,16.2997,11.3819,11.3644,0.0175,0.0030,25594.2570,NA
parkey.exe,42044,0x1DBA23EDF50,DXGI,0,0,0,Composed: Flip,25627.3424,NA,16.67340000000000,16.67860000000000,0.13820000000000,12.17810000000000,23.7177,25610.8246,16.6560,16.5178,0.1382,16.2913,12.4046,12.3876,0.0170,-0.1110,25610.8246,NA
parkey.exe,42044,0x1DBA23EDF50,DXGI,0,0,0,Composed: Flip,25643.9875,NA,16.64510000000000,33.36780000000000,0.13650000000000,10.77960000000000,40.4404,25627.4806,16.6434,16.5069,0.1365,16.3889,10.8976,10.8792,0.0184,-16.7118,25627.4806,NA
parkey.exe,42044,0x1DBA23EDF50,DXGI,0,0,0,Composed: Flip,25660.4645,NA,16.47700000000000,NA,0.14260000000000,13.38870000000000,NA,25644.1240,16.4831,16.3405,0.1426,16.2347,13.4945,13.4697,0.0248,NA,NA,NA
parkey.exe,42044,0x1DBA23EDF50,DXGI,0,0,0,Composed: Flip,25677.1603,NA,16.69580000000000,16.67540000000000,0.12590000000000,11.24420000000000,23.9430,25660.6071,16.6791,16.5532,0.1259,16.4464,11.3510,11.3316,0.0194,16.4511,25660.6071,NA
parkey.exe,42044,0x1DBA23EDF50,DXGI,0,0,0,Composed: Flip,25693.9346,NA,16.77430000000000,16.67970000000000,0.13210000000000,10.80090000000000,23.8484,25677.2862,16.7805,16.6484,0.1321,16.5424,10.9069,10.8915,0.0154,-0.0006,25677.2862,NA
parkey.exe,42044,0x1DBA23EDF50,DXGI,0,0,0,Composed: Flip,25710.5002,NA,16.56560000000000,16.68330000000000,0.13310000000000,14.14240000000000,23.9661,25694.0667,16.5666,16.4335,0.1331,16.3239,14.2520,14.2329,0.0191,0.0972,25694.0667,NA
parkey.exe,42044,0x1DBA23EDF50,DXGI,0,0,0,Composed: Flip,25727.1765,NA,16.67630000000000,16.67800000000000,0.12440000000000,11.17930000000000,23.9678,25710.6333,16.6676,16.5432,0.1244,16.4044,11.3181,11.3025,0.0156,-0.1114,25710.6333,NA
parkey.exe,42044,0x1DBA23EDF50,DXGI,0,0,0,Composed: Flip,25743.9962,NA,16.81970000000000,16.67890000000000,0.13580000000000,12.87080000000000,23.8270,25727.3009,16.8311,16.6953,0.1358,16.5685,12.9976,12.9739,0.0237,-0.0113,25727.3009,NA
parkey.exe,42044,0x1DBA23EDF50,DXGI,0,0,0,Composed: Flip,25760.7490,NA,16.75280000000000,16.67660000000000,0.12660000000000,11.72690000000000,23.7508,25744.1320,16.7436,16.6170,0.1266,16.4959,11.8480,11.8194,0.0286,0.1545,25744.1320,NA
parkey.exe,42044,0x1DBA23EDF50,DXGI,0,0,0,Composed: Flip,25777.1746,NA,16.42560000000000,16.67890000000000,0.12970000000000,11.12880000000000,24.0041,25760.8756,16.4287,16.2990,0.1297,16.1921,11.2357,11.2178,0.0179,0.0647,25760.8756,NA
parkey.exe,42044,0x1DBA23EDF50,DXGI,0,0,0,Composed: Flip,25794.0324,NA,16.85780000000000,16.68710000000000,0.17950000000000,14.05800000000000,23.8334,25777.3043,16.9076,16.7281,0.1795,16.5921,14.1940,14.1580,0.0360,-0.2584,25777.3043,NA
parkey.exe,42044,0x1DBA23EDF50,DXGI,0,0,0,Composed: Flip,25811.3011,NA,17.26870000000000,33.35630000000000,0.15250000000000,11.90580000000000,39.9210,25794.2119,17.2417,17.0892,0.1525,16.9113,12.0837,12.0618,0.0219,-16.4487,25794.2119,NA
parkey.exe,42044,0x1DBA23EDF50,DXGI,0,0,0,Composed: Flip,25827.4431,NA,16.14200000000000,4.58380000000000,0.15060000000000,13.61470000000000,28.3628,25811.4536,16.1401,15.9895,0.1506,15.8565,13.7477,13.7232,0.0245,12.6579,25811.4536,NA
parkey.exe,42044,0x1DBA23EDF50,DXGI,0,0,0,Composed: Flip,25844.5163,NA,17.07320000000000,13.93180000000000,0.16090000000000,12.04920000000000,25.2214,25827.5937,17.0835,16.9226,0.1609,16.7482,12.2236,12.1965,0.0271,2.2083,25827.5937,NA
parkey.exe,42044,0x1DBA23EDF50,DXGI,0,0,0,Composed: Flip,25860.7813,NA,16.26500000000000,13.89550000000000,0.16370000000000,13.41020000000000,22.8519,25844.6772,16.2678,16.1041,0.1637,15.9766,13.5377,13.5118,0.0259,3.1880,25844.6772,NA
parkey.exe,42044,0x1DBA23EDF50,DXGI,0,0,0,Composed: Flip,25877.5081,NA,16.72680000000000,17.63210000000000,0.14000000000000,12.39800000000000,23.7572,25860.9450,16.7031,16.5631,0.1400,16.4188,12.5423,12.5253,0.0170,-1.3643,25860.9450,NA
parkey.exe,42044,0x1DBA23EDF50,DXGI,0,0,0,Composed: Flip,25894.2908,NA,16.78270000000000,33.36550000000000,0.15490000000000,10.77340000000000,40.3400,25877.6481,16.7976,16.6427,0.1549,16.4983,10.9178,10.8972,0.0206,-16.6624,25877.6481,NA
parkey.exe,42044,0x1DBA23EDF50,DXGI,0,0,0,Composed: Flip,25910.6175,NA,16.32670000000000,NA,0.15820000000000,13.40400000000000,NA,25894.4457,16.3300,16.1718,0.1582,16.0557,13.5201,13.4982,0.0219,NA,NA,NA
parkey.exe,42044,0x1DBA23EDF50,DXGI,0,0,0,Composed: Flip,25927.3934,NA,16.77590000000000,16.67940000000000,0.12250000000000,11.17700000000000,23.9168,25910.7757,16.7402,16.6177,0.1225,16.5012,11.2935,11.2772,0.0163,16.4482,25910.7757,NA
parkey.exe,42044,0x1DBA23EDF50,DXGI,0,0,0,Composed: Flip,25944.2559,NA,16.86250000000000,16.67190000000000,0.15140000000000,10.75100000000000,23.7262,25927.5159,16.8914,16.7400,0.1514,16.5836,10.9074,10.8861,0.0213,0.0683,25927.5159,NA
parkey.exe,42044,0x1DBA23EDF50,DXGI,0,0,0,Composed: Flip,25960.4683,NA,16.21240000000000,16.68860000000000,0.12870000000000,13.48170000000000,24.2024,25944.4073,16.1897,16.0610,0.1287,15.9467,13.5960,13.5744,0.0216,0.2028,25944.4073,NA
parkey.exe,42044,0x1DBA23EDF50,DXGI,0,0,0,Composed: Flip,25977.1603,NA,16.69200000000000,16.68610000000000,0.14720000000000,11.13300000000000,24.1965,25960.5970,16.7105,16.5633,0.1472,16.4537,11.2426,11.2185,0.0241,-0.4964,25960.5970,NA
parkey.exe,42044,0x1DBA23EDF50,DXGI,0,0,0,Composed: Flip,25994.5919,NA,17.43160000000000,16.67370000000000,0.16280000000000,10.69290000000000,23.4386,25977.3075,17.4472,17.2844,0.1628,17.1029,10.8744,10.8489,0.0255,0.0368,25977.3075,NA
parkey.exe,42044,0x1DBA23EDF50,DXGI,0,0,0,Composed: Flip,26011.3492,NA,16.75730000000000,16.67780000000000,0.22610000000000,10.54260000000000,23.3591,25994.7547,16.8206,16.5945,0.2261,16.3796,10.7575,10.7364,0.0211,0.7694,25994.7547,NA
parkey.exe,42044,0x1DBA23EDF50,DXGI,0,0,0,Composed: Flip,26027.7925,NA,16.44330000000000,16.67810000000000,0.14760000000000,11.67440000000000,23.5939,26011.5753,16.3648,16.2172,0.1476,16.0816,11.8100,11.7863,0.0237,0.1425,26011.5753,NA
parkey.exe,42044,0x1DBA23EDF50,DXGI,0,0,0,Composed: Flip,26044.1195,NA,16.32700000000000,16.67980000000000,0.17000000000000,13.91250000000000,23.9467,26027.9401,16.3494,16.1794,0.1700,16.0399,14.0520,13.9989,0.0531,-0.3150,26027.9401,NA
parkey.exe,42044,0x1DBA23EDF50,DXGI,0,0,0,Composed: Flip,26060.6952,NA,16.57570000000000,33.36030000000000,0.12530000000000,11.10470000000000,40.7313,26044.2895,16.5310,16.4057,0.1253,16.2768,11.2336,11.2144,0.0192,-17.0109,26044.2895,NA
parkey.exe,42044,0x1DBA23EDF50,DXGI,0,0,0,Composed: Flip,26077.2934,NA,16.59820000000000,NA,0.13130000000000,13.58740000000000,NA,26060.8205,16.6042,16.4729,0.1313,16.3622,13.6981,13.6754,0.0227,NA,NA,NA
parkey.exe,42044,0x1DBA23EDF50,DXGI,0,0,0,Composed: Flip,26093.9711,NA,16.67770000000000,16.68960000000000,0.14180000000000,11.16260000000000,24.1450,26077.4247,16.6882,16.5464,0.1418,16.4238,11.2852,11.2702,0.0150,16.4456,26077.4247,NA
parkey.exe,42044,0x1DBA23EDF50,DXGI,0,0,0,Composed: Flip,26110.5970,NA,16.62590000000000,16.66740000000000,0.14880000000000,11.15610000000000,24.1865,26094.1129,16.6329,16.4841,0.1488,16.3649,11.2753,11.2597,0.0156,0.0208,26094.1129,NA
parkey.exe,42044,0x1DBA23EDF50,DXGI,0,0,0,Composed: Flip,26127.2889,NA,16.69190000000000,16.68970000000000,0.14220000000000,13.47520000000000,24.1843,26110.7458,16.6853,16.5431,0.1422,16.4124,13.6059,13.5861,0.0198,-0.0568,26110.7458,NA
parkey.exe,42044,0x1DBA23EDF50,DXGI,0,0,0,Composed: Flip,26143.8442,NA,16.55530000000000,16.67880000000000,0.13110000000000,10.77880000000000,24.3078,26127.4311,16.5442,16.4131,0.1311,16.2987,10.8932,10.8727,0.0205,0.0065,26127.4311,NA
parkey.exe,42044,0x1DBA23EDF50,DXGI,0,0,0,Composed: Flip,26160.7853,NA,16.94110000000000,16.67610000000000,0.14610000000000,11.07710000000000,24.0428,26143.9753,16.9561,16.8100,0.1461,16.6646,11.2225,11.2068,0.0157,-0.1319,26143.9753,NA
parkey.exe,42044,0x1DBA23EDF50,DXGI,0,0,0,Composed: Flip,26177.8011,NA,17.01580000000000,16.68730000000000,0.15850000000000,11.01810000000000,23.7143,26160.9314,17.0282,16.8697,0.1585,16.7055,11.1823,11.1661,0.0162,0.2688,26160.9314,NA
parkey.exe,42044,0x1DBA23EDF50,DXGI,0,0,0,Composed: Flip,26194.1019,NA,16.30080000000000,16.67470000000000,0.19510000000000,10.72880000000000,24.0882,26177.9596,16.3374,16.1423,0.1951,16.0054,10.8657,10.8448,0.0209,0.3535,26177.9596,NA
parkey.exe,42044,0x1DBA23EDF50,DXGI,0,0,0,Composed: Flip,26211.2244,NA,17.12250000000000,16.67990000000000,0.19380000000000,14.01130000000000,23.6456,26194.2970,17.1212,16.9274,0.1938,16.7658,14.1729,14.1503,0.0226,-0.3425,26194.2970,NA
parkey.exe,42044,0x1DBA23EDF50,DXGI,0,0,0,Composed: Flip,26227.3738,NA,16.14940000000000,16.67970000000000,0.14150000000000,11.03190000000000,24.1759,26211.4182,16.0971,15.9556,0.1415,15.8468,11.1407,11.1261,0.0146,0.4415,26211.4182,NA
parkey.exe,42044,0x1DBA23EDF50,DXGI,0,0,0,Composed: Flip,26243.9283,NA,16.55450000000000,16.67850000000000,0.13700000000000,11.14480000000000,24.2999,26227.5153,16.5500,16.4130,0.1370,16.2870,11.2708,11.2558,0.0150,-0.5814,26227.5153,NA
parkey.exe,42044,0x1DBA23EDF50,DXGI,0,0,0,Composed: Flip,26260.7941,NA,16.86580000000000,16.68230000000000,0.13020000000000,10.77190000000000,24.1164,26244.0653,16.8590,16.7288,0.1302,16.5785,10.9222,10.9029,0.0193,-0.1323,26244.0653,NA
parkey.exe,42044,0x1DBA23EDF50,DXGI,0,0,0,Composed: Flip,26277.2298,NA,16.43570000000000,16.67430000000000,0.14050000000000,11.09600000000000,24.3550,26260.9243,16.4460,16.3055,0.1405,16.1835,11.2180,11.2034,0.0146,0.1847,26260.9243,NA
parkey.exe,42044,0x1DBA23EDF50,DXGI,0,0,0,Composed: Flip,26294.0018,NA,16.77200000000000,16.68620000000000,0.16040000000000,13.40960000000000,24.2692,26277.3703,16.7919,16.6315,0.1604,16.5083,13.5328,13.5116,0.0212,-0.2402,26277.3703,NA
parkey.exe,42044,0x1DBA23EDF50,DXGI,0,0,0,Composed: Flip,26310.7375,NA,16.73570000000000,33.35730000000000,0.14950000000000,11.11020000000000,40.8908,26294.1622,16.7248,16.5753,0.1495,16.4398,11.2457,11.2304,0.0153,-16.5654,26294.1622,NA
parkey.exe,42044,0x1DBA23EDF50,DXGI,0,0,0,Composed: Flip,26327.3335,NA,16.59600000000000,NA,0.13990000000000,13.39830000000000,NA,26310.8870,16.5864,16.4465,0.1399,16.3203,13.5245,13.5020,0.0225,NA,NA,NA
parkey.exe,42044,0x1DBA23EDF50,DXGI,0,0,0,Composed: Flip,26343.9187,NA,16.58520000000000,16.68310000000000,0.13060000000000,10.73500000000000,24.3927,26327.4734,16.5759,16.4453,0.1306,16.3365,10.8438,10.8244,0.0194,16.6281,26327.4734,NA
parkey.exe,42044,0x1DBA23EDF50,DXGI,0,0,0,Composed: Flip,26360.7006,NA,16.78190000000000,16.68010000000000,0.15920000000000,11.11650000000000,24.2909,26344.0493,16.8105,16.6513,0.1592,16.5380,11.2298,11.2163,0.0135,-0.1042,26344.0493,NA
parkey.exe,42044,0x1DBA23EDF50,DXGI,0,0,0,Composed: Flip,26377.1994,NA,16.49880000000000,16.67660000000000,0.13610000000000,13.57630000000000,24.4687,26360.8598,16.4757,16.3396,0.1361,16.2183,13.6976,13.6771,0.0205,0.1339,26360.8598,NA
parkey.exe,42044,0x1DBA23EDF50,DXGI,0,0,0,Composed: Flip,26393.8754,NA,16.67600000000000,33.36290000000000,0.11760000000000,10.74430000000000,41.1556,26377.3355,16.6575,16.5399,0.1176,16.4234,10.8608,10.8431,0.0177,-16.8872,26377.3355,NA
parkey.exe,42044,0x1DBA23EDF50,DXGI,0,0,0,Composed: Flip,26410.6223,NA,16.74690000000000,NA,0.14710000000000,13.74110000000000,NA,26393.9930,16.7764,16.6293,0.1471,16.5233,13.8471,13.8285,0.0186,NA,NA,NA
parkey.exe,42044,0x1DBA23EDF50,DXGI,0,0,0,Composed: Flip,26427.1266,NA,16.50430000000000,16.68080000000000,0.11480000000000,11.25790000000000,24.5852,26410.7694,16.4720,16.3572,0.1148,16.2532,11.3619,11.3476,0.0143,16.7531,26410.7694,NA
parkey.exe,42044,0x1DBA23EDF50,DXGI,0,0,0,Composed: Flip,26443.9793,NA,16.85270000000000,16.68210000000000,0.14170000000000,10.80000000000000,24.4146,26427.2414,16.8796,16.7379,0.1417,16.6135,10.9244,10.9050,0.0194,-0.2101,26427.2414,NA
parkey.exe,42044,0x1DBA23EDF50,DXGI,0,0,0,Composed: Flip,26460.4968,NA,16.51750000000000,16.68860000000000,0.12560000000000,13.47070000000000,24.5857,26444.1210,16.5014,16.3758,0.1256,16.2690,13.5775,13.5568,0.0207,0.1910,26444.1210,NA
parkey.exe,42044,0x1DBA23EDF50,DXGI,0,0,0,Composed: Flip,26477.4278,NA,16.93100000000000,33.35020000000000,0.16350000000000,11.12440000000000,41.0049,26460.6224,16.9689,16.8054,0.1635,16.6593,11.2705,11.2555,0.0150,-16.8488,26460.6224,NA
parkey.exe,42044,0x1DBA23EDF50,DXGI,0,0,0,Composed: Flip,26494.2612,NA,16.83340000000000,NA,0.15260000000000,13.66450000000000,NA,26477.5913,16.8225,16.6699,0.1526,16.5249,13.8095,13.7782,0.0313,NA,NA,NA
parkey.exe,42044,0x1DBA23EDF50,DXGI,0,0,0,Composed: Flip,26510.5756,NA,16.31440000000000,16.68050000000000,0.13460000000000,10.73170000000000,24.5376,26494.4138,16.2964,16.1618,0.1346,16.0285,10.8650,10.8464,0.0186,17.1109,26494.4138,NA
parkey.exe,42044,0x1DBA23EDF50,DXGI,0,0,0,Composed: Flip,26527.2895,NA,16.71390000000000,16.67470000000000,0.14480000000000,11.13770000000000,24.4984,26510.7102,16.7241,16.5793,0.1448,16.4492,11.2678,11.2478,0.0200,-0.3783,26510.7102,NA
parkey.exe,42044,0x1DBA23EDF50,DXGI,0,0,0,Composed: Flip,26544.0711,NA,16.78160000000000,16.69080000000000,0.14250000000000,13.55860000000000,24.4076,26527.4343,16.7793,16.6368,0.1425,16.5158,13.6796,13.6406,0.0390,0.0333,26527.4343,NA
parkey.exe,42044,0x1DBA23EDF50,DXGI,0,0,0,Composed: Flip,26560.7153,NA,16.64420000000000,33.36190000000000,0.13160000000000,11.11530000000000,41.1253,26544.2136,16.6333,16.5017,0.1316,16.3696,11.2474,11.2313,0.0161,-16.5826,26544.2136,NA
parkey.exe,42044,0x1DBA23EDF50,DXGI,0,0,0,Composed: Flip,26577.3081,NA,16.59280000000000,NA,0.13800000000000,13.70760000000000,NA,26560.8469,16.5992,16.4612,0.1380,16.3463,13.8225,13.7857,0.0368,NA,NA,NA
parkey.exe,42044,0x1DBA23EDF50,DXGI,0,0,0,Composed: Flip,26593.7895,NA,16.48140000000000,16.67730000000000,0.13740000000000,11.12670000000000,24.7284,26577.4461,16.4808,16.3434,0.1374,16.2340,11.2361,11.2208,0.0153,16.5552,26577.4461,NA
parkey.exe,42044,0x1DBA23EDF50,DXGI,0,0,0,Composed: Flip,26610.8306,NA,17.04110000000000,16.67140000000000,0.14570000000000,11.12300000000000,24.3587,26593.9269,17.0494,16.9037,0.1457,16.7749,11.2518,11.2370,0.0148,-0.1906,26593.9269,NA
parkey.exe,42044,0x1DBA23EDF50,DXGI,0,0,0,Composed: Flip,26627.3620,NA,16.53140000000000,16.68110000000000,0.15670000000000,13.69240000000000,24.5084,26610.9763,16.5424,16.3857,0.1567,16.2323,13.8458,13.8075,0.0383,0.3683,26610.9763,NA
parkey.exe,42044,0x1DBA23EDF50,DXGI,0,0,0,Composed: Flip,26643.8170,NA,16.45500000000000,16.68740000000000,0.12990000000000,10.72840000000000,24.7408,26627.5187,16.4282,16.2983,0.1299,16.1771,10.8496,10.8348,0.0148,-0.1450,26627.5187,NA
parkey.exe,42044,0x1DBA23EDF50,DXGI,0,0,0,Composed: Flip,26660.5704,NA,16.75340000000000,16.67690000000000,0.15170000000000,10.76260000000000,24.6643,26643.9469,16.7752,16.6235,0.1517,16.5004,10.8857,10.8695,0.0162,-0.2487,26643.9469,NA
parkey.exe,42044,0x1DBA23EDF50,DXGI,0,0,0,Composed: Flip,26677.3818,NA,16.81140000000000,16.68160000000000,0.15980000000000,11.89450000000000,24.5345,26660.7221,16.8195,16.6597,0.1598,16.5266,12.0276,12.0117,0.0159,0.0936,26660.7221,NA
parkey.exe,42044,0x1DBA23EDF50,DXGI,0,0,0,Composed: Flip,26694.0944,NA,16.71260000000000,16.67400000000000,0.14710000000000,11.09720000000000,24.4959,26677.5416,16.6999,16.5528,0.1471,16.4243,11.2257,11.2067,0.0190,0.1455,26677.5416,NA
parkey.exe,42044,0x1DBA23EDF50,DXGI,0,0,0,Composed: Flip,26710.5100,NA,16.41560000000000,16.68650000000000,0.13690000000000,13.57370000000000,24.7668,26694.2415,16.4054,16.2685,0.1369,16.1488,13.6934,13.6524,0.0410,0.0134,26694.2415,NA
parkey.exe,42044,0x1DBA23EDF50,DXGI,0,0,0,Composed: Flip,26727.1879,NA,16.67790000000000,16.67590000000000,0.15640000000000,10.80660000000000,24.7648,26710.6469,16.6974,16.5410,0.1564,16.4233,10.9243,10.9083,0.0160,-0.2705,26710.6469,NA
parkey.exe,42044,0x1DBA23EDF50,DXGI,0,0,0,Composed: Flip,26743.9517,NA,16.76380000000000,16.67820000000000,0.13820000000000,10.73430000000000,24.6792,26727.3443,16.7456,16.6074,0.1382,16.4767,10.8650,10.8515,0.0135,0.0192,26727.3443,NA
parkey.exe,42044,0x1DBA23EDF50,DXGI,0,0,0,Composed: Flip,26760.8377,NA,16.88600000000000,16.69380000000000,0.12720000000000,10.97450000000000,24.4870,26744.0899,16.8750,16.7478,0.1272,16.6089,11.1134,11.0974,0.0160,0.0518,26744.0899,NA
parkey.exe,42044,0x1DBA23EDF50,DXGI,0,0,0,Composed: Flip,26777.0816,NA,16.24390000000000,16.67650000000000,0.12620000000000,10.79080000000000,24.9196,26760.9649,16.2429,16.1167,0.1262,16.0116,10.8959,10.8791,0.0168,0.1985,26760.9649,NA
parkey.exe,42044,0x1DBA23EDF50,DXGI,0,0,0,Composed: Flip,26793.8490,NA,16.76740000000000,16.67690000000000,0.15270000000000,13.50310000000000,24.8291,26777.2078,16.7939,16.6412,0.1527,16.5203,13.6240,13.6038,0.0202,-0.4340,26777.2078,NA
parkey.exe,42044,0x1DBA23EDF50,DXGI,0,0,0,Composed: Flip,26811.0160,NA,17.16700000000000,33.36240000000000,0.14160000000000,11.60930000000000,41.0245,26794.0017,17.1559,17.0143,0.1416,16.8585,11.7651,11.7482,0.0169,-16.5685,26794.0017,NA
parkey.exe,42044,0x1DBA23EDF50,DXGI,0,0,0,Composed: Flip,26827.5786,NA,16.56260000000000,3.93630000000000,0.16810000000000,13.56800000000000,28.3982,26811.1576,16.5891,16.4210,0.1681,16.2686,13.7204,13.6936,0.0268,13.2196,26811.1576,NA
parkey.exe,42044,0x1DBA23EDF50,DXGI,0,0,0,Composed: Flip,26844.1926,NA,16.61400000000000,12.74080000000000,0.14850000000000,11.08560000000000,24.5250,26827.7467,16.5944,16.4459,0.1485,16.3050,11.2265,11.2097,0.0168,3.8483,26827.7467,NA
parkey.exe,42044,0x1DBA23EDF50,DXGI,0,0,0,Composed: Flip,26860.8419,NA,16.64930000000000,33.35700000000000,0.15700000000000,13.26900000000000,41.2327,26844.3411,16.6578,16.5008,0.1570,16.3549,13.4149,13.3950,0.0199,-16.7626,26844.3411,NA
parkey.exe,42044,0x1DBA23EDF50,DXGI,0,0,0,Composed: Flip,26877.2197,NA,16.37780000000000,2.56320000000000,0.13960000000000,14.09490000000000,27.4181,26860.9989,16.3604,16.2208,0.1396,16.0994,14.2163,14.1905,0.0258,14.0946,26860.9989,NA
parkey.exe,42044,0x1DBA23EDF50,DXGI,0,0,0,Composed: Flip,26894.0998,NA,16.88010000000000,13.88680000000000,0.14130000000000,12.73640000000000,24.4248,26877.3593,16.8818,16.7405,0.1413,16.5910,12.8859,12.8661,0.0198,2.4736,26877.3593,NA
parkey.exe,42044,0x1DBA23EDF50,DXGI,0,0,0,Composed: Flip,26910.7863,NA,16.68650000000000,13.92210000000000,0.15260000000000,12.98230000000000,21.6604,26894.2411,16.6978,16.5452,0.1526,16.4168,13.1107,13.0909,0.0198,2.9597,26894.2411,NA
parkey.exe,42044,0x1DBA23EDF50,DXGI,0,0,0,Composed: Flip,26927.5074,NA,16.72110000000000,19.67140000000000,0.13190000000000,11.10240000000000,24.6107,26910.9389,16.7004,16.5685,0.1319,16.4367,11.2342,11.2199,0.0143,-2.9736,26910.9389,NA
parkey.exe,42044,0x1DBA23EDF50,DXGI,0,0,0,Composed: Flip,26943.9577,NA,16.45030000000000,16.67590000000000,0.14060000000000,10.74320000000000,24.8363,26927.6393,16.4590,16.3184,0.1406,16.1857,10.8759,10.8560,0.0199,0.0245,26927.6393,NA
parkey.exe,42044,0x1DBA23EDF50,DXGI,0,0,0,Composed: Flip,26960.7420,NA,16.78430000000000,16.68520000000000,0.13190000000000,13.38060000000000,24.7372,26944.0983,16.7756,16.6437,0.1319,16.5187,13.5056,13.4864,0.0192,-0.2262,26944.0983,NA
parkey.exe,42044,0x1DBA23EDF50,DXGI,0,0,0,Composed: Flip,26977.1106,NA,16.36860000000000,16.67960000000000,0.13090000000000,10.78820000000000,25.0482,26960.8739,16.3676,16.2367,0.1309,16.1340,10.8909,10.8667,0.0242,0.0960,26960.8739,NA
parkey.exe,42044,0x1DBA23EDF50,DXGI,0,0,0,Composed: Flip,26994.0412,NA,16.93060000000000,16.68480000000000,0.14930000000000,10.73370000000000,24.8024,26977.2415,16.9490,16.7997,0.1493,16.6776,10.8558,10.8420,0.0138,-0.3172,26977.2415,NA
parkey.exe,42044,0x1DBA23EDF50,DXGI,0,0,0,Composed: Flip,27010.6914,NA,16.65020000000000,16.68290000000000,0.12140000000000,11.18650000000000,24.8351,26994.1905,16.6223,16.5009,0.1214,16.3886,11.2988,11.2784,0.0204,0.2661,26994.1905,NA
parkey.exe,42044,0x1DBA23EDF50,DXGI,0,0,0,Composed: Flip,27027.2818,NA,16.59040000000000,16.67020000000000,0.13360000000000,10.74820000000000,24.9149,27010.8128,16.6026,16.4690,0.1336,16.3361,10.8811,10.8670,0.0141,-0.0479,27010.8128,NA
parkey.exe,42044,0x1DBA23EDF50,DXGI,0,0,0,Composed: Flip,27044.0645,NA,16.78270000000000,16.69070000000000,0.17750000000000,13.38500000000000,24.8229,27027.4154,16.8266,16.6491,0.1775,16.5187,13.5154,13.4907,0.0247,-0.0881,27027.4154,NA
parkey.exe,42044,0x1DBA23EDF50,DXGI,0,0,0,Composed: Flip,27061.2567,NA,17.19220000000000,33.36330000000000,0.18740000000000,11.09500000000000,40.9940,27044.2420,17.2021,17.0147,0.1874,16.8361,11.2736,11.2526,0.0210,-16.5367,27044.2420,NA
parkey.exe,42044,0x1DBA23EDF50,DXGI,0,0,0,Composed: Flip,27077.6886,NA,16.43190000000000,NA,0.15280000000000,13.43630000000000,NA,27061.4441,16.3973,16.2445,0.1528,16.1014,13.5794,13.5540,0.0254,NA,NA,NA
parkey.exe,42044,0x1DBA23EDF50,DXGI,0,0,0,Composed: Flip,27094.1817,NA,16.49310000000000,16.66960000000000,0.18400000000000,10.74110000000000,24.7386,27077.8414,16.5243,16.3403,0.1840,16.1909,10.8905,10.8743,0.0162,16.9298,27077.8414,NA
parkey.exe,42044,0x1DBA23EDF50,DXGI,0,0,0,Composed: Flip,27111.3162,NA,17.13450000000000,16.68410000000000,0.20900000000000,11.11360000000000,24.2882,27094.3657,17.1595,16.9505,0.2090,16.7692,11.2949,11.2744,0.0205,-0.1598,27094.3657,NA
parkey.exe,42044,0x1DBA23EDF50,DXGI,0,0,0,Composed: Flip,27127.8136,NA,16.49740000000000,16.67990000000000,0.18960000000000,13.50990000000000,24.4707,27111.5252,16.4780,16.2884,0.1896,16.1285,13.6698,13.6375,0.0323,0.4796,27111.5252,NA
parkey.exe,42044,0x1DBA23EDF50,DXGI,0,0,0,Composed: Flip,27144.3164,NA,16.50280000000000,16.68020000000000,0.16130000000000,10.57730000000000,24.6481,27128.0032,16.4745,16.3132,0.1613,16.1687,10.7218,10.7045,0.0173,-0.2022,27128.0032,NA
parkey.exe,42044,0x1DBA23EDF50,DXGI,0,0,0,Composed: Flip,27160.8109,NA,16.49450000000000,16.67900000000000,0.15380000000000,13.35680000000000,24.8326,27144.4777,16.4870,16.3332,0.1538,16.2151,13.4749,13.4548,0.0201,-0.2045,27144.4777,NA
parkey.exe,42044,0x1DBA23EDF50,DXGI,0,0,0,Composed: Flip,27177.9444,NA,17.13350000000000,16.68500000000000,0.16230000000000,10.94110000000000,24.3841,27160.9647,17.1420,16.9797,0.1623,16.7709,11.1499,11.1341,0.0158,-0.1980,27160.9647,NA
parkey.exe,42044,0x1DBA23EDF50,DXGI,0,0,0,Composed: Flip,27194.3525,NA,16.40810000000000,16.67620000000000,0.17870000000000,10.74880000000000,24.6522,27178.1067,16.4245,16.2458,0.1787,16.0935,10.9011,10.8803,0.0208,0.4658,27178.1067,NA
parkey.exe,42044,0x1DBA23EDF50,DXGI,0,0,0,Composed: Flip,27211.0265,NA,16.67400000000000,16.67970000000000,0.17190000000000,13.65150000000000,24.6579,27194.5312,16.6672,16.4953,0.1719,16.3419,13.8049,13.7827,0.0222,-0.2552,27194.5312,NA
parkey.exe,42044,0x1DBA23EDF50,DXGI,0,0,0,Composed: Flip,27227.5654,NA,16.53890000000000,16.68930000000000,0.19280000000000,10.72520000000000,24.8083,27211.1984,16.5598,16.3670,0.1928,16.2084,10.8838,10.8612,0.0226,-0.0221,27211.1984,NA
parkey.exe,42044,0x1DBA23EDF50,DXGI,0,0,0,Composed: Flip,27244.1450,NA,16.57960000000000,16.67650000000000,0.16330000000000,13.59880000000000,24.9052,27227.7582,16.5501,16.3868,0.1633,16.2583,13.7273,13.6912,0.0361,-0.1167,27227.7582,NA
parkey.exe,42044,0x1DBA23EDF50,DXGI,0,0,0,Composed: Flip,27261.0007,NA,16.85570000000000,16.68070000000000,0.15560000000000,10.61630000000000,24.7302,27244.3083,16.8480,16.6924,0.1556,16.5407,10.7680,10.7516,0.0164,-0.1306,27244.3083,NA
parkey.exe,42044,0x1DBA23EDF50,DXGI,0,0,0,Composed: Flip,27277.6367,NA,16.63600000000000,16.72620000000000,0.16140000000000,10.73570000000000,24.8204,27261.1563,16.6418,16.4804,0.1614,16.3370,10.8791,10.8593,0.0198,0.1218,27261.1563,NA
parkey.exe,42044,0x1DBA23EDF50,DXGI,0,0,0,Composed: Flip,27294.0630,NA,16.42630000000000,16.63110000000000,0.17590000000000,13.01140000000000,25.0252,27277.7981,16.4408,16.2649,0.1759,16.1353,13.1410,13.1225,0.0185,0.0107,27277.7981,NA
parkey.exe,42044,0x1DBA23EDF50,DXGI,0,0,0,Composed: Flip,27311.0751,NA,17.01210000000000,16.67260000000000,0.15830000000000,10.73080000000000,24.6857,27294.2389,16.9945,16.8362,0.1583,16.6795,10.8875,10.8686,0.0189,-0.2318,27294.2389,NA
parkey.exe,42044,0x1DBA23EDF50,DXGI,0,0,0,Composed: Flip,27327.5187,NA,16.44360000000000,16.68160000000000,0.29880000000000,13.43690000000000,24.9237,27311.2334,16.5841,16.2853,0.2988,16.1392,13.5830,13.5596,0.0234,0.3129,27311.2334,NA
parkey.exe,42044,0x1DBA23EDF50,DXGI,0,0,0,Composed: Flip,27344.2112,NA,16.69250000000000,16.68130000000000,0.15880000000000,11.16110000000000,24.9125,27327.8175,16.5525,16.3937,0.1588,16.2355,11.3193,11.3040,0.0153,-0.0972,27327.8175,NA
parkey.exe,42044,0x1DBA23EDF50,DXGI,0,0,0,Composed: Flip,27360.9217,NA,16.71050000000000,16.67720000000000,0.16620000000000,10.77200000000000,24.8792,27344.3700,16.7179,16.5517,0.1662,16.4252,10.8985,10.8840,0.0145,-0.1247,27344.3700,NA
parkey.exe,42044,0x1DBA23EDF50,DXGI,0,0,0,Composed: Flip,27377.2404,NA,16.31870000000000,16.68280000000000,0.16190000000000,12.79600000000000,25.2433,27361.0879,16.3144,16.1525,0.1619,16.0317,12.9168,12.8969,0.0199,0.0351,27361.0879,NA
parkey.exe,42044,0x1DBA23EDF50,DXGI,0,0,0,Composed: Flip,27394.1086,NA,16.86820000000000,16.67880000000000,0.14200000000000,10.73960000000000,25.0539,27377.4023,16.8483,16.7063,0.1420,16.5713,10.8746,10.8613,0.0133,-0.3644,27377.4023,NA
parkey.exe,42044,0x1DBA23EDF50,DXGI,0,0,0,Composed: Flip,27410.6952,NA,16.58660000000000,16.67780000000000,0.15170000000000,13.61630000000000,25.1451,27394.2506,16.5963,16.4446,0.1517,16.3365,13.7244,13.7069,0.0175,0.1705,27394.2506,NA
parkey.exe,42044,0x1DBA23EDF50,DXGI,0,0,0,Composed: Flip,27427.4107,NA,16.71550000000000,16.68440000000000,0.12650000000000,10.65820000000000,25.1140,27410.8469,16.6903,16.5638,0.1265,16.4304,10.7916,10.7641,0.0275,-0.0881,27410.8469,NA
parkey.exe,42044,0x1DBA23EDF50,DXGI,0,0,0,Composed: Flip,27443.9594,NA,16.54870000000000,16.68070000000000,0.13860000000000,10.76960000000000,25.2460,27427.5372,16.5608,16.4222,0.1386,16.3011,10.8907,10.8773,0.0134,0.0096,27427.5372,NA
parkey.exe,42044,0x1DBA23EDF50,DXGI,0,0,0,Composed: Flip,27460.6867,NA,16.72730000000000,16.68130000000000,0.22800000000000,11.99630000000000,25.2000,27444.0980,16.8167,16.5887,0.2280,16.4494,12.1356,12.1195,0.0161,-0.1205,27444.0980,NA
parkey.exe,42044,0x1DBA23EDF50,DXGI,0,0,0,Composed: Flip,27477.5897,NA,16.90300000000000,16.67910000000000,0.16920000000000,11.08100000000000,24.9761,27460.9147,16.8442,16.6750,0.1692,16.5339,11.2221,10.8979,0.3242,0.1376,27460.9147,NA
parkey.exe,42044,0x1DBA23EDF50,DXGI,0,0,0,Composed: Flip,27494.3810,NA,16.79130000000000,16.68480000000000,0.16520000000000,10.75520000000000,24.8696,27477.7589,16.7873,16.6221,0.1652,16.4588,10.9185,10.8977,0.0208,0.1594,27477.7589,NA
parkey.exe,42044,0x1DBA23EDF50,DXGI,0,0,0,Composed: Flip,27511.0700,NA,16.68900000000000,16.68200000000000,0.15740000000000,10.69970000000000,24.8626,27494.5462,16.6812,16.5238,0.1574,16.3470,10.8765,10.8553,0.0212,0.1053,27494.5462,NA
parkey.exe,42044,0x1DBA23EDF50,DXGI,0,0,0,Composed: Flip,27527.3931,NA,16.32310000000000,16.67560000000000,0.15070000000000,10.72550000000000,25.2151,27511.2274,16.3164,16.1657,0.1507,16.0055,10.8857,10.8704,0.0153,0.0056,27511.2274,NA
parkey.exe,42044,0x1DBA23EDF50,DXGI,0,0,0,Composed: Flip,27544.1703,NA,16.77720000000000,16.67930000000000,0.16920000000000,13.03100000000000,25.1172,27527.5438,16.7957,16.6265,0.1692,16.4971,13.1604,13.1409,0.0195,-0.3629,27527.5438,NA
parkey.exe,42044,0x1DBA23EDF50,DXGI,0,0,0,Composed: Flip,27560.8206,NA,16.65030000000000,16.68010000000000,0.12970000000000,10.76320000000000,25.1470,27544.3395,16.6108,16.4811,0.1297,16.3574,10.8869,10.8728,0.0141,0.1156,27544.3395,NA
parkey.exe,42044,0x1DBA23EDF50,DXGI,0,0,0,Composed: Flip,27577.2995,NA,16.47890000000000,16.67470000000000,0.13060000000000,13.66130000000000,25.3428,27560.9503,16.4798,16.3492,0.1306,16.2389,13.7716,13.4806,0.2910,-0.0639,27560.9503,NA
parkey.exe,42044,0x1DBA23EDF50,DXGI,0,0,0,Composed: Flip,27594.0846,NA,16.78510000000000,16.68430000000000,0.12640000000000,10.65170000000000,25.2420,27577.4301,16.7809,16.6545,0.1264,16.5276,10.7786,10.7586,0.0200,-0.2045,27577.4301,NA
parkey.exe,42044,0x1DBA23EDF50,DXGI,0,0,0,Composed: Flip,27611.0372,NA,16.95260000000000,16.68800000000000,0.14370000000000,10.79420000000000,24.9774,27594.2110,16.9699,16.8262,0.1437,16.7155,10.9049,10.8907,0.0142,0.0929,27594.2110,NA
parkey.exe,42044,0x1DBA23EDF50,DXGI,0,0,0,Composed: Flip,27627.1788,NA,16.14160000000000,16.67390000000000,0.13500000000000,12.85040000000000,25.5097,27611.1809,16.1329,15.9979,0.1350,15.8870,12.9613,12.9390,0.0223,0.2960,27611.1809,NA
parkey.exe,42044,0x1DBA23EDF50,DXGI,0,0,0,Composed: Flip,27643.8852,NA,16.70640000000000,9.02600000000000,0.13800000000000,10.75540000000000,17.8293,27627.3138,16.7094,16.5714,0.1380,16.4396,10.8872,10.8658,0.0214,7.1069,27627.3138,NA
parkey.exe,42044,0x1DBA23EDF50,DXGI,0,0,0,Composed: Flip,27660.8814,NA,16.99620000000000,24.33210000000000,0.14080000000000,10.76750000000000,25.1652,27644.0232,16.9990,16.8582,0.1408,16.7408,10.8849,10.8716,0.0133,-7.6227,27644.0232,NA
parkey.exe,42044,0x1DBA23EDF50,DXGI,0,0,0,Composed: Flip,27677.2849,NA,16.40350000000000,16.69310000000000,0.10960000000000,11.70200000000000,25.4548,27661.0222,16.3723,16.2627,0.1096,16.1533,11.8114,11.7977,0.0137,0.3059,27661.0222,NA
parkey.exe,42044,0x1DBA23EDF50,DXGI,0,0,0,Composed: Flip,27693.8484,NA,16.56350000000000,16.67050000000000,0.13750000000000,10.27000000000000,25.5618,27677.3945,16.5914,16.4539,0.1375,16.3360,10.3879,10.3550,0.0329,-0.2982,27677.3945,NA
parkey.exe,42044,0x1DBA23EDF50,DXGI,0,0,0,Composed: Flip,27710.6717,NA,16.82330000000000,16.68180000000000,0.14830000000000,12.37650000000000,25.4203,27693.9859,16.8341,16.6858,0.1483,16.5499,12.5124,12.4923,0.0201,-0.0904,27693.9859,NA
parkey.exe,42044,0x1DBA23EDF50,DXGI,0,0,0,Composed: Flip,27727.2786,NA,16.60690000000000,8.97700000000000,0.15380000000000,10.38670000000000,17.7904,27710.8200,16.6124,16.4586,0.1538,16.3389,10.5064,10.4841,0.0223,7.8571,27710.8200,NA
parkey.exe,42044,0x1DBA23EDF50,DXGI,0,0,0,Composed: Flip,27743.8459,NA,16.56730000000000,24.37840000000000,0.14270000000000,10.25030000000000,25.6015,27727.4324,16.5562,16.4135,0.1427,16.3027,10.3611,10.3362,0.0249,-7.7660,27727.4324,NA
parkey.exe,42044,0x1DBA23EDF50,DXGI,0,0,0,Composed: Flip,27760.6812,NA,16.83530000000000,16.68160000000000,0.13430000000000,12.19880000000000,25.4478,27743.9886,16.8269,16.6926,0.1343,16.5668,12.3246,12.3083,0.0163,-0.1254,27743.9886,NA
parkey.exe,42044,0x1DBA23EDF50,DXGI,0,0,0,Composed: Flip,27777.3930,NA,16.71180000000000,16.67500000000000,0.13860000000000,10.34100000000000,25.4110,27760.8155,16.7161,16.5775,0.1386,16.4320,10.4865,10.4652,0.0213,0.1519,27760.8155,NA
parkey.exe,42044,0x1DBA23EDF50,DXGI,0,0,0,Composed: Flip,27793.8524,NA,16.45940000000000,16.68620000000000,0.15460000000000,11.95330000000000,25.6378,27777.5316,16.4754,16.3208,0.1546,16.1979,12.0762,12.0580,0.0182,0.0299,27777.5316,NA
parkey.exe,42044,0x1DBA23EDF50,DXGI,0,0,0,Composed: Flip,27810.5708,NA,16.71840000000000,8.93500000000000,0.13370000000000,10.41690000000000,17.8544,27794.0070,16.6975,16.5638,0.1337,16.4563,10.5244,10.5016,0.0228,7.5404,27794.0070,NA
parkey.exe,42044,0x1DBA23EDF50,DXGI,0,0,0,Composed: Flip,27827.6185,NA,17.04770000000000,24.42740000000000,0.14100000000000,11.89880000000000,25.2341,27810.7045,17.0550,16.9140,0.1410,16.7804,12.0324,12.0185,0.0139,-7.7299,27810.7045,NA
parkey.exe,42044,0x1DBA23EDF50,DXGI,0,0,0,Composed: Flip,27844.2280,NA,16.60950000000000,24.13540000000000,0.16080000000000,14.04410000000000,32.7600,27827.7595,16.6293,16.4685,0.1608,16.3199,14.1927,14.1579,0.0348,-7.0804,27827.7595,NA
parkey.exe,42044,0x1DBA23EDF50,DXGI,0,0,0,Composed: Flip,27860.7972,NA,16.56920000000000,6.99570000000000,0.16020000000000,12.84220000000000,23.1865,27844.3888,16.5686,16.4084,0.1602,16.2773,12.9733,12.9430,0.0303,9.6336,27844.3888,NA
parkey.exe,42044,0x1DBA23EDF50,DXGI,0,0,0,Composed: Flip,27877.1591,NA,16.36190000000000,18.90940000000000,0.13970000000000,12.46100000000000,25.7340,27860.9574,16.3414,16.2017,0.1397,16.0914,12.5713,12.5508,0.0205,-2.3408,27860.9574,NA
parkey.exe,42044,0x1DBA23EDF50,DXGI,0,0,0,Composed: Flip,27894.2764,NA,17.11730000000000,8.87780000000000,0.14240000000000,10.12870000000000,17.4945,27877.2988,17.1200,16.9776,0.1424,16.8330,10.2733,10.2466,0.0267,7.4636,27877.2988,NA
parkey.exe,42044,0x1DBA23EDF50,DXGI,0,0,0,Composed: Flip,27910.6751,NA,16.39870000000000,24.47500000000000,0.16370000000000,10.41990000000000,25.5708,27894.4188,16.4200,16.2563,0.1637,16.1263,10.5499,10.5225,0.0274,-7.3550,27894.4188,NA
parkey.exe,42044,0x1DBA23EDF50,DXGI,0,0,0,Composed: Flip,27927.3602,NA,16.68510000000000,16.68150000000000,0.11770000000000,14.15520000000000,25.5672,27910.8388,16.6391,16.5214,0.1177,16.3856,14.2910,14.2736,0.0174,-0.2615,27910.8388,NA
parkey.exe,42044,0x1DBA23EDF50,DXGI,0,0,0,Composed: Flip,27943.9490,NA,16.58880000000000,16.68400000000000,0.12760000000000,12.42530000000000,25.6624,27927.4779,16.5987,16.4711,0.1276,16.3506,12.5458,12.5247,0.0211,-0.0449,27927.4779,NA
parkey.exe,42044,0x1DBA23EDF50,DXGI,0,0,0,Composed: Flip,27960.5188,NA,16.56980000000000,16.68730000000000,0.14020000000000,12.97430000000000,25.7799,27944.0766,16.5824,16.4422,0.1402,16.3286,13.0879,13.0691,0.0188,-0.0886,27944.0766,NA
